S0110000637562657361745F54582E733337F1
S21400000000200020695900005FE701005FE701005B
S21400001091FE01005FE701005FE701005FE7010076
S2140000205FE701005FE701005FE701005FE70100AF
S2140000305FE70100A06202005FE701005FE70100E2
S2140000405FE70100CDA0010085C900005FE7010061
S214000050FD980100A12C02009D2C0200EDA00100DD
S214000060952C02002D660000956700005FE70100F2
S214000070B5560000A55600005FE701005FE70100E7
S2140000805FE70100B52C0000B56700005FE70100E0
S2140000905FE701005FE701005FE701005FE701003F
S2140000A05FE701005FE701005FE701005FE701002F
S2140000B021A10100992C0200ADB900005DA101004C
S2140000C05FE70100858401005FE701005FE701004C
S2140000D05FE701005FE701005FE701005FE70100FF
S2140000E05FE701005FE701005FE701005FE70100EF
S2140000F05FE701005FE701005FE701005FE70100DF
S2140001005FE701005FE701005FE701000000000015
S214000110013800D0FCE77047000000000000000037
S21400012001F0FF01102A2BDB10F0070F08D010F8A3
S214000130013B013A8B422DD010F0070F42B3F6D1A7
S214000140F0B441EA012141EA014122F007047FF0C0
S21400015000070023F0E80256083C85EA010586EA17
S214000160010685FA47F5A3FA87F586FA47F6A5FA53
S21400017087F68EB9EED1F0BC01F0FF0102F007025F
S21400018032B110F8013B013A83EA010313B1F8D10A
S2140001900020704701387047002D06BF35460338EB
S2140001A0073815F0010F07D1013015F4807F02BF24
S2140001B0013015F4C03F0130F0BC0138704700BF75
S2140001C02DE9F04F2DED028B91B082460C469346FA
S2140001D01D46DDE91C23104619461CF0F3FA0028DC
S2140001E000F007814FF0FF32B14BDDE91C011CF037
S2140001F011FB002840F0FD804FF0FF326FF48013B3
S214000200DDE91C011CF0E8FA002840F0F28000222C
S2140002100023DDE91C011CF0DFFA002840F0FE8018
S2140002209DED1C7B8DED067B209B13F480630F9366
S21400023001D106231E93DDE906010246C1F30A50EA
S214000240C1F31303904643F07F5949F44019A0F2D6
S214000250FF301BF0E5FF84A3D3E900231CF04AF827
S21400026083A3D3E900231BF08FFE06460F46002229
S214000270904B404649461BF085FE7FA3D3E90023FA
S2140002801CF038F802460B46304639461BF07CFE1A
S2140002901CF0CAFA06461BF0C3FF8046894678A3C0
S2140002A0D3E900231CF026F80022834B1BF06CFEDB
S2140002B01CF0BAFA074674A3D3E900234046494621
S2140002C01CF018F88046894638461BF0A9FF70A334
S2140002D0D3E900231CF00EF802460B46404649467A
S2140002E01BF050FE8046894602460B461CF002F87C
S2140002F0CDE90A0107F2FF3700210022CDE90812F6
S2140003003B0509930023089342464B464046494620
S2140003101BF03AFECDE90C0142464B4600204FF05A
S21400032080411BF02FFE804689460022634BDDE9A4
S2140003300A011CF009F90022614B1BF025FE02465B
S2140003400B46DDE90A011CF0FFF800225D4B1BF0AE
S2140003501BFE02460B46DDE90A011CF0F5F80246D4
S2140003600B46404649461BF00FFE02460B46DDE9AB
S2140003700C011CF0E9F80022534B1BF005FEDDE9EA
S21400038008231BF0B7FF8046894649EC188BDDE949
S21400039006231CF03FFA40B1013E0022484B40467F
S2140003A049461CF0D1F841EC180B06F16303C62B46
S2140003B03FD80427209B13F4006F44D036A3D3E91C
S2140003C00023DDE90689404649461CF019FA002854
S2140003D03FD033A3D3E90023404649461CF0FCF93E
S2140003E0002836D01E9BB34225DD9E1B731E1E932F
S2140003F023E0209B04931F9B03931E9B02939DED7B
S2140004001C7B8DED007B2B465A462146504600F05D
S214000410CFF811B0BDEC028BBDE8F08F9FED227BCC
S2140004208DED067B1C9B06931D9B03F100430793F3
S214000430FAE60527BEE700231E93209B43F480635D
S214000440209300273E461F9B9F423FD2A3EB070800
S2140004503EE01E9B002BF6D00F9B002BF3D01E9B7E
S214000460013B1E93EFE700BFFB799F501344D33F39
S214000470B3C8608B288AC63F61436F63A787D23FA5
S21400048071A379094F930A401655B5BBB16B02406C
S214000490EF39FAFE422EE63F2D431CEBE2361A3FBA
S2140004A00000000080842E410000000000000000D4
S2140004B0FFFFEF7F0000F83F0000E03F00002C4009
S2140004C000002440000018400000F03F4FF00008F5
S2140004D0209B13F0020902D00FB14FF000083EB186
S2140004E053EC182BDDE906011CF02EF8CDE90601C9
S2140004F000220023DDE91C011CF06EF900283DD126
S214000500209B23F400630493CDF80C801E9B02937B
S2140005109DED067B8DED007B2B465A4621465046C8
S21400052000F046F8002F3FF474AF209B13F0200F26
S2140005302CD04FF0450C00F101082B460246214610
S2140005406046D04786EAE672A2EBE672052305937C
S214000550013F0497002303930A230293F30F0193AA
S21400056000922B4642462146504620F073FDB9F1D4
S214000570000F3FF44EAF02461F9F10E0DDE9060174
S214000580024601F10043CDE90623B9E74FF0650CBA
S214000590D1E7561C2B4621462020D0473246A2EBF8
S2140005A00B03BB42F5D3104633E700BF0000000044
S2140005B02DE9F04F2DED028B95B007900A919246EB
S2140005C09B46DDE92089229D42464B4640464946E9
S2140005D01CF0F8F8002840D04FF0FF326FF480137C
S2140005E0404649461CF0F8F8002845D14FF0FF3247
S2140005F09F4B404649461CF00DF900284BD198A366
S214000600D3E90023404649461CF004F900285AD195
S21400061095A3D3E90023404649461CF0DDF80028A0
S21400062051D100220023404649461CF0D5F8002848
S21400063057D100230B93249B13F4806F5CD00024C7
S2140006401F2C5BD8092D59D904F150036B44302276
S21400065003F8202C013D0134F2E7249B0393239BEF
S214000660029303230193834B00935B4652460A99F9
S214000670079820F015FC2CE1249B0393239B029300
S214000680042301937C4B00935B4652460A990798D5
S21400069020F006FC1DE1249B13F004030FD0774ADC
S2140006A07BB104232499039123990291019300922C
S2140006B05B4652460A99079820F0F2FB09E1704A19
S2140006C0EEE70323EEE7249B0493239B0393029514
S2140006D0CDE900895B4652460A990798FFF770FDF8
S2140006E0F7E042464B46002000211BF04BFC8046BC
S2140006F0894601230B939EE70625A0E74046494618
S2140007001CF092F806461BF08BFD02460B46404650
S21400071049461BF037FC5B4B03EBC50393ED008BA0
S21400072053EC182B1BF0E6FD02460B46CDE90823DA
S2140007301CF0A2F807461BF063FD02460B46DDE9F7
S21400074008011BF01FFC02460B46CDE908230022D9
S2140007504D4B1CF05FF850B3013738461BF050FD88
S21400076002460B4651EC180B1CF040F808B1013657
S214000770002755BB30461BF053FD02460B4640464D
S21400078049461BF0FFFB0746884600223E4B1CF0FE
S21400079023F838B100223C4B384641461CF03AF864
S2140007A0002842D016F0010F3FD001363DE000226F
S2140007B0354BDDE908011CF00FF80028D9D117B138
S2140007C017F0010FD5D00137D3E71F2C17D8013DFE
S2140007D02E4BA3FB0723DB08194603EB8303A7EB8B
S2140007E04303621C303304F150000DEB000404F8A0
S2140007F0203C092F02D90F461446E6E714461F2C64
S2140008000AD86B1E45B104F150026A44302102F842
S214000810201C1D460134F2E71F2C06D804F15003B5
S2140008206B442E2203F8202C01341F2C33D8184A90
S21400083082FB0632F317C3EBA2031A4603EB8303CD
S214000840A6EB4303611C303304F150000DEB0004AB
S21400085004F8203C1646EAB10C46E6E7AFF3008003
S2140008600000000065CDCD410000000065CDCDC183
S214000870FFFFEF7FD8690200DC690200CC69020046
S214000880D4690200E86902000000E03FCDCCCCCC81
S214000890676666660C46249B03F00303012B1DD097
S2140008A01F2C09D80B9B002B35D004F150036B444A
S2140008B02D2203F8202C0134249B0393239B0293C0
S2140008C001940CAB00935B4652460A99079820F0B9
S2140008D0E7FA15B0BDEC028BBDE8F08F239BB3B1F1
S2140008E00B9B1BB9249B13F00C0F12D0239B013BD0
S2140008F02393194606E004F150036B44302203F8B4
S214000900202C01348C42CBD21F2CF4D9C8E7239973
S214000910F8E72399F6E7249B13F0040F07D004F1B9
S21400092050036B442B2203F8202C0134C4E7249B8D
S21400093013F0080FC0D004F150036B44202203F8D4
S214000940202C0134B8E700BF7FB54E6802A90446E4
S21400095021F08BFE9DF808300E2B19D1134BB3F9FE
S2140009600050134B9E4218D807F0E0FF034600687D
S21400097000909B88ADF804306946204621F062FE60
S21400098070B10C490C4840F21C620DF025F8FEE7E9
S214000990204615F06FF80546E3E707F0C3FFE5E7E6
S2140009A02946204621F063FE04B070BD4C4F00205F
S2140009B0FFC99A3B356D02005C6A020038B50446F2
S2140009C00D461DF0FFFF064A13889BB22DB1234348
S2140009D01380BDE838401DF0FBBF23EA0403F7E7A9
S2140009E0BC490020034B002201214FF480709A700E
S2140009F0E4E700BFBC4900207FB50023134C0393F7
S214000A00CDE90133FF238DF804301DF0DBFF22888B
S214000A1063880F4E9A4205460DD061887068218023
S214000A2001AA14F015FE58B10A490B4840F2976225
S214000A300CF0D2FFFEE7706821F0C6FC0128ECD06F
S214000A4028461DF0C5FF04B070BD00BFC8200020BA
S214000A50BC490020356D02005C6A020038B50F4CB8
S214000A60A56835B90E490F4840F27C720CF0B4FF09
S214000A70FEE720F0C4FB284410F020FC00F007003E
S214000A80032809D1A4680921204620F0D4FC205C64
S214000A90031F5842584138BD0020FCE7BC490020DF
S214000AA0356D02005C6A020010B5114CA378042B69
S214000AB006D01049104840F244520CF08DFFFEE775
S214000AC023881B0706D40B490B4840F245520CF00E
S214000AD083FFFEE700210820FFF770FF074B6068E2
S214000AE002221A7114F082FDBDE810401FF0EDBB23
S214000AF0BC490020356D02005C6A0200C820002058
S214000B0010B5084C606814F071FD606821F05CFC5C
S214000B10012806D0012260681146BDE8104021F089
S214000B2055BC10BDBC49002038B5194DAB7833B163
S214000B30184919484FF4DC620CF04EFFFEE71DF032
S214000B4041FF298811F00601044609D001214FF41F
S214000B508070FFF733FF2046BDE838401DF038BFF1
S214000B604FF48070FFF72AFF12F016F9012805D01F
S214000B7010F0FD0F05D1FFF73FFFECE7FFF7C0FFD2
S214000B80E9E70449044840F2F6620CF025FFFEE768
S214000B90BC490020356D02005C6A020070B5074D46
S214000BA095F90C600446FFF7BFFF11F0F5FFAA6841
S214000BB031462046BDE8704011F02CBEBC490020EE
S214000BC008B50A4B1B88DB0606D40949094840F2DB
S214000BD069520CF001FFFEE700211020FFF7EEFE41
S214000BE012F056F9BDE808401FF06FBBBC49002064
S214000BF0356D02005C6A02000D4B1B889B0710B522
S214000C00044613D500210220FFF7D8FE094B5A7977
S214000C10FF2A06D00849094840F29A420CF0DCFE4A
S214000C20FEE75C71BDE810401FF04FBB10BD00BF73
S214000C30BC490020C8200020356D02005C6A020016
S214000C407047704710B50E4CA37833B10D490E4867
S214000C5040F2C5120CF0C0FEFEE7A06019B1A17C00
S214000C60003918BF01212020FFF7A8FE074B0848CF
S214000C709B7923770223A370BDE810400FF088B954
S214000C80BC490020356D02005C6A0200C8200020C6
S214000C90DC49002008B50FF07DFF80F00100C0B2EF
S214000CA008BD0A4B9A780AB1062A0CD11B8803F4B1
S214000CB08B7343B9064B5A79FF2A04D11879FF384B
S214000CC018BF012070470120704700BFBC490020B4
S214000CD0C820002008B50FF04DFF0028FBD108BD46
S214000CE00C4B42881A8242789A740278DA748288A8
S214000CF09A82C288DA82C2689A61074A017A91713A
S214000D00028A198D914204D001214FF400701A8591
S214000D1054E67047BC490020C8200020094B1A8AB8
S214000D2042809A7C4270DA7C02709A8A8280DA8AE2
S214000D30C2809A69C260044A1B8D9279027203824D
S214000D40704700BFBC490020C82000204B1E012B66
S214000D5070B50C4606D91B491B484FF42A720CF096
S214000D603BFEFEE7194D0A460146686821F093FDF2
S214000D7030B11449144840F2AA220CF02DFEFEE7CA
S214000D806E680FF079F822460146304621F07DFD68
S214000D9030B10C490C4840F2AE220CF01DFEFEE7C6
S214000DA06D680FF075F822460146284621F079FD59
S214000DB030B10449044840F2B2220CF00DFEFEE7C2
S214000DC070BD00BF356D02005C6A0200BC490020A1
S214000DD0054BDB791B0913F00E0003D0052B8CBFE7
S214000DE000200120704700BFC8200020044BDB799C
S214000DF01B0913F00E0F0CBF01200020704700BF28
S214000E00C82000202DE9F04F16469A0591B081467D
S214000E101F4603D501218020FFF7D0FDF3014FF0D8
S214000E20000852D59A4C23889D074ED5994D6B796C
S214000E30FF2B06D09849994840F266420CF0CCFD4C
S214000E40FEE7A36833B99449944840F267420CF031
S214000E50C3FDFEE741460220FFF7B0FDA37885F804
S214000E600580042B03D101210820FFF7A7FD8C4A3B
S214000E706068002121F01AFC30B18749874840F2AB
S214000E8071420CF0A9FDFEE7FFF7A2FFA8B9D4F85F
S214000E90048020F0B4F90546A06820F0BBF92918B4
S214000EA07F4A89B2404621F012FC30B17A497B482D
S214000EB040F277420CF090FDFEE7A378032B02D1B8
S214000EC0606814F093FB1FF000FAB80702D5012003
S214000ED0FFF792FE16F0A84F02D00220FFF78CFE16
S214000EE0B10220D50021402005ACFFF767FD214662
S214000EF0484621F0FCFCB0B99DF81C30022B0AAA2B
S214000F0022D18DF83030BDF81430ADF828301046B8
S214000F1011F04AFE38B1484621F0E7FC18B9012125
S214000F204020FFF74BFD320752D5594D05AA686899
S214000F30032121F07BFC804688B95749574840F288
S214000F40B3420CF049FDFEE7032B05BFD4E90001D0
S214000F508DF830308DF83000C2E90001D7E79DF8F3
S214000F6014306868072B40F022810AAA414621F017
S214000F7061FC824630B14849484840F2B6420CF01F
S214000F802BFDFEE7FFF724FFBDF8161090B9FFF71C
S214000F902DFF68B10431686889B20AAA21F04CFCBA
S214000FA040B13D493D4840F2C7420CF015FDFEE712
S214000FB00231F0E7BDF816000730012180B20FF0CD
S214000FC033FD039000284AD101210C2012F02AFD9F
S214000FD0B10705D52E4B1B881A0701D5FFF764FD10
S214000FE0B3010AD500210420FFF7E8FC284B9A78C5
S214000FF0012A02D1586814F0F9FA16F0284F03D0E7
S21400100000210420FFF7DAFC7E060CD5204C23884E
S2140010101D0701D5FFF748FD2388580703D5002193
S2140010200420FFF7CBFCF90540F1CF80484621F0BD
S214001030C9F9022802D0032840F0C080144C238847
S2140010405A0703D500210420FFF7B8FC23889B0726
S21400105040F1BB80012011B0BDE8F04FCCE50FF0A9
S214001060B9FB4FF0000BCDF800B0BDF816300246C5
S21400107004464146686821F0F9FBBDF81630834205
S21400108010D0054905484FF49B620CF0A5FCFEE71E
S214001090BC490020C8200020356D02005C6A0200B2
S2140010A0E849002020F0ABF8204410F007F900F0E3
S2140010B00700022823D1AB78042B89D120F09FF8B3
S2140010C0434B20441B7882789A4281D159460820A7
S2140010D0FFF774FC20F093F8204410F0EFF83D4B37
S2140010E0C0F3001018719DF836302B73FFF7B6FC6E
S2140010F000287FF46DAF686814F078FA68E720F08F
S2140011007EF8204410F0DAF8830649D520F077F808
S214001110204410F0D3F800F00700032828D001215F
S2140011200420FFF74BFC21F0ABFB2863BDF816301C
S2140011309DF83620E254BDF816309DF8372023443B
S21400114001209A71BDF816100A9A0131214410F058
S214001150C3F8BDF8163003981C4484F805A00FF0B9
S214001160F7FC1D4B18780FF019F81FF0AEF82FE7B4
S2140011700921204620F05FF9205C04284FF0010189
S214001180CED1FFF71BFC21F07BFB28632B8858068B
S214001190CCD559464020FFF711FC4FF0010AC5E7B1
S2140011A0AB78012BC2D1686814F020FABEE721F0B4
S2140011B037FB6868414621F056FB09E707490848AF
S2140011C040F2B5520CF008FCFEE711B0BDE8F08F17
S2140011D0294A0020C82000202C490020356D020036
S2140011E05C6A020008B50246FFF7F2FD30B1072A36
S2140011F006D8044B002083F8342008BD7020FCE796
S2140012000220FAE7BC49002008B50246FFF7E0FDD9
S21400121028B1044B93F834301370002008BD7020BA
S214001220FCE700BFBC49002008B5074B014600227A
S214001230586821F030FB30B1044905484FF4377246
S2140012400CF0CAFBFEE708BDBC490020356D020065
S2140012505C6A020008B5074B01460022586821F078
S21400126014FB30B10449054840F2E2220CF0B4FB0E
S214001270FEE708BDBC490020356D02005C6A02002E
S21400128008B5074B0146586821F011FB30B10549F7
S21400129005484FF43A720CF09FFBFEE708BD00BF0E
S2140012A0BC490020356D02005C6A020008B5064B9A
S2140012B09B7833B10549064840F2F2220CF08CFBCD
S2140012C0FEE7BDE808402FE4BC490020356D02006B
S2140012D05C6A020008B5044B0146586821F0C7F95D
S2140012E0002818BF8B2008BDBC490020014B586859
S2140012F014F0C0BBBC490020014B5888704700BFA3
S214001300C82000207FB50123ADF80E3009484FF6FF
S214001310FE7300930DF10E02002304A9406821F02D
S21400132025F9012894BFBDF810004FF6FF7007B0EE
S2140013305DF804FBBC49002008B5044B014658681C
S21400134021F09AF8B0FA80F0400908BDBC490020A8
S21400135038B50B4DAB78012B04460DD8FFF7ECFFE4
S21400136060B1084B5C80AB781BB9FFF7DDFB002053
S21400137038BDFFF741FBFAE73E20F9E78A20F7E79A
S214001380BC490020C8200020024B9B780BB9FFF711
S214001390CBBB7047BC490020014BD874704700BFD8
S2140013A0BC49002008B5054B0121586821F031F8EA
S2140013B00028B8BF033040F3870008BDBC490020B2
S2140013C008B5044B586821F053F8034BB3FBF0F014
S2140013D080B208BDBC49002040420F0030B58DB039
S2140013E02C220446002101A821F0C9FF0123264D26
S2140013F08DF808304FF002326423CDE903230693BC
S2140014000B238DF82C302B8DADF80A30FFF7E0FC5F
S214001410A0B140F2F23307934FF47A7305930CB9F8
S214001420FFF76EFB686801A914F0F8FBB8B117491E
S214001430174840F269620CF0CFFAFEE7FFF7C0FFEC
S2140014400C234343902BA3F10A0207930592DCBFBB
S21400145091230793059B8B2BE1D88C23DEE7FFF7C0
S214001460C5FC60B101226868114621F02EFA30B141
S2140014700649074840F26C620CF0AEFAFEE70CB97B
S214001480FFF752FB0DB030BDBC490020356D0200A1
S2140014905C6A0200F8B5574C1DF094FA2388D9050B
S2140014A0064603D5A37843BBFFF73EFB524D6B7948
S2140014B0FF2B13D06B7903F0FF0723BBFF236B7161
S2140014C0A378032B0AD100233046A3701DF080FAC0
S2140014D03846FFF763FB1DF075FA0646A378042B23
S2140014E008D12B79FF2B05D02B79022B14D143483A
S2140014F00EF04EFDFF232B7128E000214FF4807084
S214001500FFF75CFAD2E76B79012B4FF0FF036B71A4
S21400151014BF89278D27D6E72B7913B12B79012B9A
S2140015201FD1FFF79BFA2B790022FF212971DBB22E
S21400153084F820200546002848D0012B0AD12F48E1
S214001540A37064210EF02FFDFFF756FA30461DF00B
S2140015503FFA06E03046A2701DF03AFA3120FFF757
S2140015601DFB23881A0608D500218020FFF726FADF
S214001570606821F0EFF811F06CFC23889B0507D516
S2140015804FF400700021FFF719FA0020FFF726FF3E
S2140015900FF0F0FAE08628B30FF01CF9012105469B
S2140015A0002012F03FFAA678012E15D1002684F806
S2140015B02060A670FFF7B8FA284611F065F8A37801
S2140015C0E6867BB9BDE8F84011F0E6BAA070304672
S2140015D01DF0FEF92846C2E72EB1284611F054F851
S2140015E00023E386F8BDFFF79FFA284611F04CF873
S2140015F0E686F7E7BC490020C8200020DC4900202A
S2140016007FB5794C2388DB0700F1E7800121774D11
S2140016100846FFF7D3F905237549A37005F10800BE
S21400162013F0B6FF606028B972497348F3220CF0D5
S214001630D3F9FEE7714820F008FF69A3D3E9002339
S214001640CDE900234FF0FF324FF0FF33606820F003
S2140016508BFF4FF48811606814F06AFA014630B1C7
S2140016606449654840F20B120CF0B6F9FEE7644B8D
S2140016701B78012B0ED1634A606814F0E5F96068A8
S21400168014F0FAFAE0B15B495B4840F217120CF02E
S214001690A3F9FEE75C4E316831B9564956484FF417
S2140016A08D720CF099F9FEE7564A606814F0CCF992
S2140016B033689B6823B1DB6913B15B7803B1EB71C8
S2140016C0FFF720FE514B68801B78C3EB431203EBF9
S2140016D08203DB0001202385FFF780FE65680EF09D
S2140016E0D7FB00220146284621F0DBF8054630B13C
S2140016F04049414840F22D120CF06EF9FEE740F2E8
S21400170003532382424B04261B78E374A674FFF728
S21400171057FE00EB80039B00A382FFF751FEC0003C
S214001720E08231466068A56120F0A0FE30B1314904
S21400173031484FF49E720CF04FF9FEE7606832466F
S21400174003A920F039FF042806D02A492A484FF476
S214001750A0720CF041F9FEE703A901200FF0CAFDC4
S2140017600BF034F9606808224FF0FF3120F006FFD6
S21400177030B12049204840F249120CF02DF9FEE71E
S21400178014F0E8FB30B11B491B4840F24F120CF036
S21400179023F9FEE7FFF71CFB68B11DF029FB0146A5
S2140017A0606820F04FFF30B11249134840F25312E0
S2140017B00CF012F9FEE76468FFF7A4FD154B01462E
S2140017C003F10C02204613F051FF30B109490A48D4
S2140017D04FF4AD720CF000F9FEE704B070BD00BF28
S2140017E00A0020FF42030000BC490020C820002059
S2140017F0E5090000356D02005C6A0200690345ECED
S2140018000E4A00204909000014200020CE210020A6
S214001810CD210020606D020008B5044B586820F00A
S21400182029FE034BB3FBF0F080B208BDBC49002094
S21400183040420F002DE9F043864D2B889B0787B06A
S21400184006D48549854840F201720CF0C5F8FEE7DB
S214001850AB78033B012B06D97F49804840F20372E0
S2140018600CF0BAF8FEE7AA6832B97B497B4840F22A
S21400187006720CF0B1F8FEE7794E2C88F77914F072
S214001880200418BF4FF47A744FEA1718FFF7A0FA2F
S214001890002872D0B8F1020F0AD0A8F10303022B79
S2140018A069D96D496D4840F21A720CF095F8FEE75A
S2140018B0032795F8343008EBC8089844694B03EBC7
S2140018C048031046B3F81C801FF0A4FC4FF4FA53EC
S2140018D043437822B3FBF8F37733B3FBF2F31F44AA
S2140018E0C7EB0717AB78FF00BFB204F5347417FADE
S2140018F084F4042BA4B203D107F6E8072744BCB24D
S214001900D5F808801FF07BFC0746A8681FF082FC0D
S21400191007441FF09AFCBFB23F1A1FF070FC404409
S2140019200FF0CCFC64238DF80C304F4BD5F80490A8
S214001930CDE90434C0F340141FF093FCBFB2034655
S21400194041463A46484620F06DFF2B887188318024
S21400195013F0200F03AB75D000936868434B224604
S21400196013F05AFE002872D03B493C4840F2D96238
S2140019700CF032F8FEE706279BE7FFF737FA002859
S21400198044D0384B07F00F0708EBC801394403EB87
S21400199041031046B3F81C901FF03CFCB8F1000F52
S2140019A02AD0B8F1010F2AD1400080B24FF00408C7
S2140019B0F3191B7E4BB10233034443449BB24FF4EE
S2140019C0FA525343B3FBF9F39CB2AB78042B97D18E
S2140019D03744FFF7F5FC3B7E053398448146FFF716
S2140019E01BFF0C2308FB00F003FB09F909EBC009F9
S2140019F0A1441FFA89F483E74FF00208D8E7164996
S214001A00164840F23B720BF0E7FFFEE7FFF704FFD5
S214001A100746A8681FF0FEFBAB780930784304EB56
S214001A20C000042B84B27FF46BAFFFF7C9FC0746F7
S214001A30FFF7F2FE602358430C2303FB0700204405
S214001A4084B25DE76868224613F0D8FD8AE707B0DF
S214001A50BDE8F083BC490020356D02005C6A0200D8
S214001A60C8200020606D020020A10700CC4900209D
S214001A70F8B5484C258815F0020506D04649474873
S214001A804FF4B3720BF0A8FFFEE784F820501CF06A
S214001A9099FF23885A0706460AD520F0F1FE236BE5
S214001AA0C01A238D984203D929460420FEF786FFE4
S214001AB030461CF08DFFA778022F37D11CF082FF2E
S214001AC0238813F00405064607D035480EF060FA62
S214001AD03046BDE8F8401CF07BBF1CF079FFA068DC
S214001AE011F092F820B1A570BDE8F840FFF756B89F
S214001AF01CF068FFA66805461FF081FB30440FF017
S214001B00DDFB10F0200F0CBF032304230121384611
S214001B10A370FEF753FFFFF78DFE28461CF058FF14
S214001B2001210846BDE8F84011F07CBF042F27D1FC
S214001B301C4B1B79FF2B2CD1237FF3B11CF042FFEB
S214001B4023885B07054604D515480EF021FA28467B
S214001B50BFE71CF03DFF237F013B23771CF032FFDD
S214001B60012104460220FEF729FFFFF763FE204608
S214001B701CF02EFF01210820D4E7A3704020B3E715
S214001B80012F06D160680023A37013F02FFD3120CB
S214001B90AAE7F8BDBC490020356D02005C6A020069
S214001BA0DC490020C820002038B50121044610205A
S214001BB0FEF704FF064B5D68FFF702FC054B00FBD3
S214001BC004F10122284620F005FC002038BD00BFA5
S214001BD0BC490020C10B000010B50A4C2388DB0668
S214001BE006D40949094840F275320BF0F5FEFEE7C7
S214001BF010200021FEF7E2FE6068BDE8104020F0ED
S214001C00F7BB00BFBC490020356D02005C6A0200CD
S214001C1038B50D4DE88E30B90C490D4840F2823289
S214001C200BF0DAFEFEE70EF0D5FD0446E88E0EF069
S214001C30EDFD811F214401200FF05CFB044620F0DF
S214001C401FFE001B38BD00BFBC490020356D0200DA
S214001C505C6A020010B5074CA36833B9064907480A
S214001C6040F291320BF0B8FEFEE720F009FEE36A80
S214001C70C01A10BDBC490020356D02005C6A020027
S214001C8038B50A4DE88E30B909490A4840F29B3209
S214001C900BF0A2FEFEE70EF09DFD0446E88E0EF069
S214001CA0B5FD044414F8020C38BD00BFBC49002042
S214001CB0356D02005C6A020038B50A4DE88E30B910
S214001CC009490A4840F2AA320BF086FEFEE70EF0FB
S214001CD081FD0446E88E0EF099FD044414F9070CC5
S214001CE038BD00BFBC490020356D02005C6A0200AA
S214001CF038B50A4DE88E30B909490A4840F2B9327B
S214001D000BF06AFEFEE70EF065FD0446E88E0EF068
S214001D107DFD044414F9010C38BD00BFBC49002009
S214001D20356D02005C6A0200024B1888C0F3C010D2
S214001D30704700BFBC49002030B50F4B05460FCB9F
S214001D4085B06C4684E80F000DB12B6800930B4BF2
S214001D5021465868002213F0A3FE044630B1084915
S214001D60084840F2D7320BF037FEFEE7FEF744FE97
S214001D70204605B030BD00BFE86D0200BC4900201B
S214001D80356D02005C6A020008B5074B01465868CC
S214001D9020F0E2FC30B10549054840F2E5320BF090
S214001DA01BFEFEE708BD00BFBC490020356D0200E3
S214001DB05C6A020008B5064B586820F0E4FC30B1B7
S214001DC0044905484FF47C720BF006FEFEE708BD9A
S214001DD0BC490020356D02005C6A0200024B0122FD
S214001DE05868114620F0F2BABC4900207047F8B592
S214001DF0054604200C461FF0E4F903061DD5104ED8
S214001E00B778D7B91DB1012D02D00220F8BD012741
S214001E102046FFF791FA0028F7D070683A46214628
S214001E2020F0EDFA30B1074907484FF486620BF010
S214001E30D3FDFEE70623B370E8E77020E6E700BFB1
S214001E40BC490020356D02005C6A020010B5042013
S214001E501FF0B7F9030610D5094CA378062B0CD152
S214001E60606820F0CFFA30B10649074840F2494290
S214001E700BF0B2FDFEE7A07010BD7020FCE700BFBF
S214001E80BC490020356D02005C6A020008B50349B3
S214001E90034840F261520BF09FFDFEE7356D0200ED
S214001EA05C6A02000348044B834202D0034B03B132
S214001EB018477047FC210020FC210020000000008D
S214001EC00548064B1B1AD90F01EBA301491002D097
S214001ED0034B03B118477047FC210020FC2100206B
S214001EE00000000010B5064C237843B9FFF7DAFF70
S214001EF0044B13B10448AFF300800123237010BDD8
S214001F00FC4F002000000000708E020008B5054B54
S214001F101BB105490548AFF30080BDE80840FFF750
S214001F20CFBF00BF0000000030240020708E0200EB
S214001F30A3F5803A704700BF174B002B08BF134B22
S214001F409D46FFF7F5FF00218B460F461348144ABF
S214001F50121A21F014FA0E4B002B00D098470D4BA6
S214001F60002B00D098470020002104000D000D48EB
S214001F70002802D00C48AFF300801AF0C9FF2000FA
S214001F8029001CF0DAFA1AF00FFE00BF0000080065
S214001F90000000000000000000200020FC210020BF
S214001FA05C5000200000000000000000BFF34F8FD0
S214001FB00549CA6802F4E062044B1343CB60BFF3E2
S214001FC04F8F00BFFDE700BF00ED00E00400FA05FC
S214001FD070B582B004468368C26853F822301E7813
S214001FE01EF016FA864222D300230093ADF8043082
S214001FF0204B1B88ADF80230A168E36851F8232017
S2140020001278ADF804206268D21A012A21DD013365
S21400201051F823301B88ADF8003068461EF0ECF906
S2140020200446032003F066FBC0B902B070BD054647
S214002030032003F05FFB0028F7D01CF04BFB1CF0DE
S2140020404AFB2B4632460C490C4800681DF086FCBD
S214002050EBE740F2FF13ADF80030DEE71CF03AFB8A
S2140020601CF039FB22460649044B18681DF076FC26
S214002070DBE700BF3A4F002000380200AC29002002
S2140020803838020010B582B08368C26853F8223030
S2140020901C780023019343689B1A012B0FDD01AACD
S2140020A001211CF041FF01469DF804001EF09CF93A
S2140020B020461EF0A5F9044620B902B010BD1EF059
S2140020C097F9F5E7032003F015FB0028F5D01CF080
S2140020D001FB1CF000FB22460249034B18681DF06A
S2140020E03DFCEAE748380200AC29002010B503465C
S2140020F08168C26851F82200B0F900001A4C2080AE
S2140021005B689B1A012B0FDD013251F8223093F9E0
S2140021100010003918BF01211EF017F9A0B90320DE
S21400212003F0E8FA10B910BD0021F5E71CF0D2FA6A
S2140021301CF0D1FA0D4B1C681EF00BF902460C4938
S21400214020461DF00BFCEEE7012003F0D3FA002832
S214002150E9D01CF0BFFA1CF0BEFA0649034B18681B
S2140021601DF0FCFBDFE700BF3A4F0020AC29002043
S214002170643802007838020010B584B0002300935B
S2140021808268C36852F8232012788DF80C20022A41
S21400219010D18268013352F823301B78ADF8043032
S2140021A001A81EF015F90446032003F0A3FA58B957
S2140021B004B010BD6A4601211CF0B6FE0146009A26
S2140021C001A821F015F8EBE71CF084FA1CF083FA5E
S2140021D022460349034B18681DF0C0FBE8E700BF22
S2140021E0DC380200AC2900202DE9F04186B01EF054
S2140021F0BCF80446894B1B7813F0020F2CD0884E8F
S21400220013F0010F2AD0864F13F0040F28D0DFF802
S2140022101082032003F06EFA28BB032003F06AFA4C
S21400222058BB032003F066FA002835D1032003F0DC
S21400223061FA00283ED1032003F05CFA002847D15B
S214002240032003F057FA00285ED1032003F052FA69
S214002250002867D1002471E0724ED1E7714FD3E7B2
S214002260DFF8C081D5E71CF035FA1CF034FA6E4969
S2140022706E4B18681DF072FBCFE71CF02BFA1CF0B3
S2140022802AFA6A4B1D6806F079F902460B46684939
S21400229028461DF063FBC4E71CF01CFA1CF01BFA72
S2140022A0624B1D681EF035F80246624928461DF04E
S2140022B055FBBBE71CF00EFA1CF00DFA5B4B1D68D5
S2140022C01EF05FF802465C4928461DF047FBB2E761
S2140022D01CF000FA1CF0FFF9E279A3796179207905
S2140022E0E57894F802C094F801E024780594CDF8D7
S2140022F010E0CDF80CC00295019000914F494B4874
S21400230000681DF02BFB9BE71CF0E4F91CF0E3F9DA
S214002310464B1C681EF02DF80246494920461DF023
S2140023201DFB92E71CF0D6F91CF0D5F945493F4B4A
S21400233018681DF013FB8DE70134E4B2072C12D8A1
S214002340032003F0D7F90028F6D01CF0C3F91CF0E0
S214002350C2F9364B1D681EF008F8025D3A49284659
S2140023601DF0FCFAE8E7032003F0C4F998B903204F
S21400237003F0C0F9C8B9032003F0BCF918BB03206A
S21400238003F0B8F968BB032003F0B4F9002836D18F
S21400239006B0BDE8F0811CF09DF91CF09CF92B49B5
S2140023A0224B18681DF0DAFAE1E71CF093F91CF0EE
S2140023B092F91E4B1C681DF0E0FF02462449204699
S2140023C01DF0CCFAD7E71CF085F91CF084F9174B02
S2140023D01C681DF0B6FF02461E4920461DF0BEFAD8
S2140023E0CDE71CF077F91CF076F9104B1C681DF051
S2140023F0B0FF0246184920461DF0B0FAC3E71CF0AD
S21400240069F91CF068F9CDF800803B46324613495E
S214002410064800681DF0A2FABAE700BFC2210020F5
S2140024209038020098380200F4380200AC290020E8
S214002430FC38020018390200343902005039020014
S2140024407439020090390200A4390200B068020014
S214002450AC390200C8390200E0390200F83902003F
S21400246010B58368C26853F8223018781DF065FFEF
S214002470044678B9032003F03DF900B910BD1CF0FE
S21400248029F91CF028F922460A490B4B18681DF05A
S21400249065FAF3E7012003F02DF90028EED01CF0D2
S2140024A019F91CF018F922460449034B18681DF068
S2140024B055FAE3E7303A0200AC290020543A02000D
S2140024C070B582B08368C26853F822301B78134A0E
S2140024D0137013F0020F0ED0114C13F0010F0CD036
S2140024E00F4D13F0040F0AD00D4E032003F002F92F
S2140024F038B902B070BD0B4CEFE70A4DF1E7094E54
S214002500F3E71CF0E7F81CF0E6F800962B462246A8
S2140025100549064800681DF021FAEAE7C2210020B6
S2140025209038020098380200A4380200AC29002037
S21400253070B58268C36852F823100C78013352F8DD
S21400254023301D78294620461DF04AFF80B9032017
S21400255003F0D0F800B970BD1CF0BCF81CF0BBF856
S2140025602B4622460B490C4800681DF0F7F9F2E7A7
S2140025700646012003F0BEF80028ECD01CF0AAF8AE
S2140025801CF0A9F832460549034B18681DF0E6F919
S214002590E1E700BF843A0200AC290020B43A02000A
S2140025A008B51DF0C2FE032003F0A4F800B908BD6C
S2140025B01CF090F81CF08FF80249034B18681DF0C9
S2140025C0CDF9F4E7E43A0200AC29002030B583B038
S2140025D08368C26853F822301C7801A920461DF093
S2140025E0A8FE88B9032003F085F808B903B030BD0B
S2140025F01CF070F81CF06FF8019B22460B490C4843
S21400260000681DF0ABF9F1E70546012003F072F80B
S2140026100028EBD01CF05EF81CF05DF82A46054951
S214002620034B18681DF09AF9E0E700BF043B020070
S214002630AC290020203B020010B58368C26853F81E
S21400264022301C78631EDBB2032B03D8204601F031
S214002650EDFF10BD012003F04DF80028F9D01CF066
S21400266039F81CF038F8042322460349034800686A
S2140026701DF074F9EDE700BF443B0200AC290020D2
S21400268030B595B004460D4668461BF0D1FE0DF1F8
S2140026902C0EEC46BCE80F00AEE80F00BCE80F00BE
S2140026A0AEE80F00DCF80030CEF800300BA9494B3E
S2140026B018681EF0F9F810F1880F4BD168461BF029
S2140026C0B7FE0DF12C0EEC46BCE80F00AEE80F008E
S2140026D0BCE80F00AEE80F00DCF80030CEF80030A3
S2140026E04FF410510BA81BF0C3FE8023ADF82E301C
S2140026F04FF440730A930AA81BF0ABFE0A9B0E9396
S214002700354B0F93334B1A680C9B0D9213F0FF0F4B
S21400271004D123F0FF0343F001030C9301230C9331
S2140027202C4B2A4621460BA81EF0E1F8044610BBA7
S214002730032002F0DFFF90B9264B18681DF0F1FD6C
S2140027400546002831D1032002F0D4FF044610BB12
S21400275001242FE01F4B18681EF08EF8AEE71BF022
S214002760B9FF1BF0B8FF1B4B1A681C491C4B1868B6
S2140027701DF0F4F8E0E7032002F0BCFF0028DBD0F1
S2140027801BF0A8FF1BF0A7FF22461649144B18683B
S2140027901DF0E4F8D0E71BF09DFF1BF09CFF1249EC
S2140027A00F4B18681DF0DAF804E0032002F0A2FFD1
S2140027B0044610B9204615B030BD1BF08BFF1BF049
S2140027C08AFF2A460949064B18681DF0C7F80024F8
S2140027D0F0E700BF48240020004440047C3B020091
S2140027E0AC290020AC3B0200D03B0200F03B0200CC
S2140027F000B583B00021019101AA1CF095FB019958
S21400280010290ED0032002F075FF60B11BF062FFA6
S2140028101BF061FF10220549054B18681DF09EF855
S21400282001E0FFF72DFF03B05DF804FB103C02004B
S214002830AC29002010B582B000240094ADF8044006
S2140028401DF0E6FDC0B2ADF804004FF6FF73ADF81C
S2140028500030ADF8024068461DF0CEFDB0B903204A
S21400286002F048FF20B9FF201DF0CAFD02B010BDDF
S2140028701BF030FF1BF02FFFBDF80030BDF8042022
S2140028800B490C4800681DF069F8ECE70446012087
S21400289002F030FF0028E9D01BF01CFF1BF01BFFE6
S2140028A022460549034B18681DF058F8DEE700BFBE
S2140028B0383C0200AC290020603C020010B582B013
S2140028C06946002003F058F960B9032002F012FFB1
S2140028D0C8B9184B00221A70032002F00BFFF0B99B
S2140028E002B010BD0446012002F004FF0028F7D015
S2140028F01BF0F0FE1BF0EFFE22460F490F4B186848
S2140029001DF02CF8ECE71BF0E5FE1BF0E4FE019B47
S214002910009A0B49094800681DF020F8D9E71BF01B
S214002920D9FE1BF0D8FE0749044B18681DF016F8B0
S214002930D6E700BFFE4F0020843C0200AC290020F2
S214002940A83C0200D83C020030B585B001212648DC
S21400295004F02EF80121254804F02AF801230B2262
S2140029600A21022005F0C0FA01230B22114602209C
S21400297005F0BAFA1E4C4FF46163A3640325656440
S2140029801C4BEC460FCB8CE80F0000238DF8003074
S2140029906146204605F03AFBE2236361FE23A3610D
S2140029A0154BE363236C43F4833343F0240323641F
S2140029B0124B4FF40032C3F880211A6001212046E2
S2140029C01CF002F9284602F095FE08B905B030BDA5
S2140029D01BF080FE1BF07FFE71220949094B186828
S2140029E01CF0BCFFF2E700BF00350A0000820400BE
S2140029F000C000403C3F0200FFFF070000E100E08F
S214002A00203D0200AC29002010B594B00AF040FB2F
S214002A10032002F06FFE002843D103F055F8044669
S214002A20002848D102F07EFB01248F4B1C600BA8C7
S214002A301BF03CFD0BA920461DF036FF10F1880F59
S214002A4049D00BA81DF0BEFF032002F053FE00285D
S214002A5040F0B380844B18681DF063FC1DF0BCFC8E
S214002A600446032002F046FE002840F0B080932C77
S214002A7000F0B880002C40F0B880032002F03AFE48
S214002A80002800F0B8801BF025FE1BF024FE774BD4
S214002A901C681DF06EFC0246754920461CF05EFF61
S214002AA0A9E01BF017FE1BF016FE72496F4B186864
S214002AB01CF054FFB1E7012002F01CFE0028B1D044
S214002AC01BF008FE1BF007FE22466B49674B186892
S214002AD01CF044FFA6E7032002F00CFE002851D1AC
S214002AE00BA81DF06FFF68461BF0E0FC0DF12C0CE8
S214002AF0EE46BEE80F00ACE80F00BEE80F00ACE8FC
S214002B000F00DEF80030CCF80030574B1A680C9BEC
S214002B100D9213F0FF0F04D123F0FF0343F00103DF
S214002B200C93564B0F934FF440730A930AA81BF06E
S214002B30CEFC0A9B0E934FF410510BA81BF0D6FC4C
S214002B408023ADF82E3001230C93474B10224C49BE
S214002B500BA81DF0CCFE04460BA81DF033FFDCB915
S214002B60032002F0C7FD00283FF474AF1BF0B2FD4F
S214002B701BF0B1FD3C4B1A6842493C4B18681CF0F0
S214002B80EDFE67E71BF0A6FD1BF0A5FD3E49374BA3
S214002B9018681CF0E3FEA3E7012002F0ABFD002856
S214002BA03FF458AF1BF096FD1BF095FD22463749C3
S214002BB02E4B18681CF0D2FE4CE71BF08BFD1BF06A
S214002BC08AFD3349294B18681CF0C8FE42E71BF003
S214002BD081FD1BF080FD22462E49244B18681CF010
S214002BE0BDFE44E7FFF726FE05E0012002F082FD69
S214002BF0D0B9FFF71FFE0023274A1370274A136039
S214002C00274A1360274B4FF6FF721A80FFF756FECF
S214002C10FFF79AFE032002F06DFD80B9032002F054
S214002C2069FDB0B914B010BD1BF054FD1BF053FD88
S214002C3022461D490D4B18681CF090FED9E71BF084
S214002C4049FD1BF048FD1949084B18681CF086FE24
S214002C50E4E71BF03FFD1BF03EFD1549034B1868EB
S214002C601CF07CFEDEE700BF48240020AC290020D4
S214002C707C3E0200643D02009C3D0200004440048D
S214002C8000200020FC3D0200D43D0200203E020051
S214002C90403E0200603E0200FE4F0020502400200E
S214002CA04C24002088210020A43E0200D83E0200CA
S214002CB0F03E0200394B596B11F4C06F0DD110B4C1
S214002CC083B011F0040F14D0344BDA69344A002074
S214002CD010800422DA635A600BE020225A60D9631F
S214002CE02F4B00221A8070472C4BDB692B4B04229B
S214002CF05A602A4BDB6813F4807F10D0284B1B8861
S214002D009BB2872BF0D8254BDA69254C23889BB2DB
S214002D10581C80B22080D2B22248C254E6E711F492
S214002D20803F30D000230193019B632B0ADC1B4BB2
S214002D30DB6813F4807F05D1019B01330193F3E731
S214002D40164BDB69154BDB6813F4807F10D0144BF1
S214002D501B889BB2872BF3D8104BDA69104C23885C
S214002D609BB2581C80B22080D2B20E48C254E9E70B
S214002D700A4B4FF48032DA63094B1B889BB213B1BF
S214002D80094B01221A7021F4803121F00401034B13
S214002D90D96303B05DF8044B704700BF00C0004025
S214002DA03C4F002054240020FD4F0020BFF34F8FDF
S214002DB00549CA6802F4E062044B1343CB60BFF3D4
S214002DC04F8F00BFFDE700BF00ED00E00400FA05EE
S214002DD0002301E00133DBB2032B10D81946094A61
S214002DE002EBC3021279002AF4D0064A12F8332006
S214002DF08242EFD1034B03EBC103588870474FF66E
S214002E00FF707047AC250020014B01221A707047F6
S214002E10095000200023184601E00133DBB2032BE3
S214002E2010D8094A02EBC3021279002AF5D0064AE6
S214002E3002EBC30251884FF6FF729142EDD001308B
S214002E40C0B2EAE7704700BFAC25002000B583B0EB
S214002E50032002F04FFC10B903B05DF804FB1BF032
S214002E6039FC1BF038FC084B1A78084B1B7801938A
S214002E70074B1B680093074B1B6807490748006809
S214002E801CF06CFDE8E700BFFE4F0020C1210020CB
S214002E90502400204C2400204C3F0200AC29002087
S214002EA010B582B00023019306E0002108326A4480
S214002EB002F8041C0133DBB2032B0AD81A46134966
S214002EC001EBC30109790029EFD0104911F833103E
S214002ED0ECE704230DEB030202210D48006811F015
S214002EE0BFFF044608B902B010BD012002F002FC84
S214002EF00028F8D01BF0EEFB1BF0EDFB2246054940
S214002F00054B18681CF02AFDEDE700BFAC25002035
S214002F1080200020803F0200AC29002070B582B0DF
S214002F200446431EDBB2032B03D80D464FF0000CBD
S214002F3034E0012002F0DEFB002800F087801BF062
S214002F40C9FB1BF0C8FB22464649474B18681CF0D5
S214002F5005FD7BE01BF0BEFB1BF0BDFB434B03EB0C
S214002F60C60300955B88224641493F4800681CF02E
S214002F70F5FC2CE0032002F0BDFB70B31BF0AAFBAF
S214002F801BF0A9FB2B4622463A49374800681CF03E
S214002F90E5FC22E00CF1010C5FFA8CFCBCF1030F9F
S214002FA021D86646314B03EBCC0E9EF80430002B3E
S214002FB0F0D02E4B13F83C30A342EBD1BEF80230D3
S214002FC0AB42D7D0032002F095FB0028C2D1274B96
S214002FD003EBC6035D80FFF763FF244B03EBC603DA
S214002FE001225A7132E04FF0000C10E01BF072FB29
S214002FF01BF071FB00962B4622461F491A480068B4
S2140030001CF0ACFC1BE00CF1010C5FFA8CFCBCF174
S214003010030F17D86646154B03EBCC031B79002B22
S214003020F1D1124B03F83C4003EBCC035D80012248
S2140030301A715A71032002F05DFB0028D6D1FFF703
S2140030402FFF03E0012002F055FB08B902B070BD67
S2140030501BF040FB1BF03FFB0849034B18681CF0B5
S2140030607DFCF3E7A83F0200AC290020AC25002039
S214003070D03F0200F83F0200244002005440020005
S21400308030B585B00446F0238DF80830184B1B7811
S2140030908DF80930174B1B688DF80A30C3F30722EA
S2140030A08DF80B20C3F307428DF80C201B0E8DF80D
S2140030B00D30114B1B78019302AB009306230022C0
S2140030C002211DF076F908B905B030BD054601208D
S2140030D002F010FB0028F7D01BF0FCFA1BF0FBFAFE
S2140030E02B4622460549064800681CF037FCEBE7ED
S2140030F0C021002050240020C2210020744002007D
S214003100AC2900200023032B70D830B585B029E009
S2140031101BF0E0FA1BF0DFFA364A02EBC4035B88CA
S21400312012F834203449354800681CF017FC50E08B
S214003130012002F0DFFA18B9314B00221A704FE076
S2140031401BF0C8FA1BF0C7FA2B462A4A12F834209E
S2140031502C492A4800681CF001FCEDE70133DBB27D
S214003160032B3FD8284A14781C4404F00304214A51
S21400317002EBC4021279002AF0D01E4A02EBC40207
S21400318050884FF6FF729042E8D0631C03F00303AA
S2140031901D4A1370174B03EBC40100224A7113F843
S2140031A034301A490B70B0218DF80C108DF80D30A4
S2140031B0174B1B78019303AB0093022319461DF0AF
S2140031C0F8F805460028B3D1032002F093FA002849
S2140031D09ED10B4B01221A701CF0C3FE0D4B1860DB
S2140031E005B030BD064B00221A70F9E7044B0022EA
S2140031F01A707047AC250020A0400200AC290020C1
S21400320001500020C0400200045000200250002060
S214003210C2210020A025002000B583B0032002F0C4
S21400322069FAA0B90023144A1360144A1370144AAA
S2140032301370144B1888FFF723FF1CF092FE124BF6
S2140032401860124B04221A7003B05DF804FB1BF0E2
S21400325041FA1BF040FA0E4B1B6801930D4B1B788E
S21400326000930D4B1B78074A12880C490C480068DF
S2140032701CF074FBD6E700BFA82500200A500020EB
S2140032800650002088210020F4250020FE4F002054
S21400329050240020C0210020C1210020E44002006C
S2140032A0AC29002000B583B00023154A1370154AD8
S2140032B01370154A1370FFF7ADFD38B1134B01229A
S2140032C01A70FFF71FFF03B05DF804FB032002F03F
S2140032D011FA48B90023019300930D4A41F2883150
S2140032E00C481BF00EF9EEE71BF0F4F91BF0F3F9AF
S2140032F041F288320849094B18681CF02FFBE9E7B1
S21400330004500020035000200150002000500020F0
S214003310A53200008025002018410200AC290020BC
S21400332030B583B0284B1B78DBB9284B1C780134AA
S214003330E4B21C70FFF76EFD054608B184423FD329
S214003340032002F0D7F958BB0023214A13700193DB
S2140033500093204A41F288311F481BF0D2F803B090
S21400336030BD1CF0FEFD1D4B1B68C01A08F0FEF8B1
S21400337040F2DB539842F2D9032002F0BBF918B9A9
S214003380114B00221A70D0E71BF0A4F91BF0A3F92A
S214003390134B1A781349144B18681CF0DFFAEFE742
S2140033A01BF098F91BF097F941F2883300932B46EF
S2140033B0064A12780D490C4800681CF0CFFAC3E79D
S2140033C0FFF7A0FECBE700BF01500020035000200F
S2140033D000500020A532000080250020A0250020F7
S2140033E00250002048410200AC290020644102003F
S2140033F030B583B00023019304230DEB03020221B2
S2140034003348006811F076FD08B9002423E0032055
S21400341002F070F908B903B030BD1BF05BF91BF081
S2140034205AF92C492C4B18681CF098FAF3E701332C
S214003430DBB2032B0BD8294A02EBC3021279002A0F
S214003440F5D0264911F83310A942F0D100E0002249
S214003450AAB10134E4B2032CDDD804F108036B44AE
S21400346013F8045C6B1EDBB2032BF2D82846FFF77A
S214003470AFFC4FF6FF739842EBD10023D9E7002349
S214003480032BE6D8154A02EBC302127912B10133B8
S214003490DBB2F5E7114A02F8335002EBC3034FF6EE
S2140034A0FF725A8001221A7100225A719A71032003
S2140034B002F020F90028CCD01BF00CF91BF00BF919
S2140034C02A460749044B18681CF048FAC1E700BFB3
S2140034D08020002098410200AC290020AC25002066
S2140034E0D0410200F0B585B00D46032940F2828037
S2140034F04678837846EA0326C778041D3B1D8B4230
S21400350000F288807B1E13F0800F40F09480994B69
S2140035101B78DBB2012B15D0974B1B68002B00F0F5
S2140035209A800023954A1360954A1380954BAA22E9
S2140035301A70904B01221A70032002F0DBF8002864
S21400354040F094804FF6FF739E4204D08C4B1B884D
S214003550B34240F09580884B1A682AB1874B1B68A7
S2140035603B449A42C0F09F803B4622468349096806
S214003570002002F03DFB0546002840F0AC803B46AC
S214003580814A7E490968002002F014FB38B93A46A1
S21400359021467D481FF0C9FE002840F0B280774AD9
S2140035A013683B44136076490A8801320A804FF656
S2140035B0FF72964200F0B980744BA3FB06231B09EA
S2140035C0322202FB13639BB2002B40F08B80032059
S2140035D002F090F8002800F085801BF07BF81BF0C6
S2140035E07AF8664B1B68324669496A4800681CF0E0
S2140035F0B5F977E0012002F07DF8002872D01BF0C4
S21400360069F81BF068F82A466349624B18681CF094
S214003610A5F967E0012002F06DF8002862D01BF0E3
S21400362059F81BF058F82B1F3A465C495948006871
S2140036301CF094F956E0012002F05CF8002851D006
S2140036401BF048F81BF047F83A465549514B1868A6
S2140036501CF084F946E002A9002002F08DFA00284A
S2140036607FF45FAF039A444B1A605AE71BF032F8B8
S2140036701BF031F84B49474B18681CF06FF961E7AF
S214003680022002F037F800283FF465AF1BF022F85E
S2140036901BF021F83A4B1B88324643493D480068E8
S2140036A01CF05CF957E7012002F024F818B9314BFA
S2140036B008221A7016E01BF00DF81BF00CF82E4BC3
S2140036C01B6800933B462D4A12683849314800680B
S2140036D01CF044F9EBE7012002F00CF820B9254B6A
S2140036E008221A7005B0F0BD1AF0F4FF1AF0F3FFC6
S2140036F02B46224A12682E49264800681CF02EF9EE
S214003700EDE7012001F0F6FF18B91A4B08221A70EF
S214003710E8E71AF0DFFF1AF0DEFF184B1A682549B3
S2140037201C4B18681CF01AF9EFE7234A1360114B7C
S21400373002221A70032001F0DDFF78B9032001F0A1
S214003740D9FF0028CED01AF0C5FF1AF0C4FF042215
S2140037501A49104B18681CF001F9C3E71AF0BAFFB3
S2140037601AF0B9FF144B1A6815490A4B18681CF072
S214003770F5F8E3E7FE4F0020A42500204C240020A7
S2140037803E4F0020C0210020DC2400201F85EB5186
S214003790C0430200AC290020104202002C42020066
S2140037A05C42020078420200A4420200D0420200BC
S2140037B0F84202001C430200502400207843020016
S2140037C04443020030B583B0012924D944786946C1
S2140037D0204602F0D1F900282DD114B9019A364BB3
S2140037E01A60032001F086FF002839D1204602F037
S2140037F01DFA054600283ED1032001F07BFF002875
S2140038004ED1002C3ED100232C4A13602C4A138044
S2140038102C4A137036E00C46012001F06BFF88B38B
S2140038201AF058FF1AF057FF22462749274B186808
S2140038301CF094F826E0022001F05CFF28B9002C6A
S214003840CFD11D4B00221A60CBE71AF043FF1AF0C7
S21400385042FF22461E491D4B18681CF07FF8EEE713
S2140038601AF038FF1AF037FF22461A49174B186825
S2140038701CF074F8BAE7012001F03CFF20B9114BA8
S21400388008221A7003B030BD1AF024FF1AF023FF86
S2140038902B46224610490D4800681CF05FF8EEE7FC
S2140038A01AF018FF1AF017FF22460C49074B186843
S2140038B01CF054F8A5E700BFA42500204C240020E7
S2140038C03E4F0020FE4F0020DC430200AC290020C3
S2140038D0FC430200384402005844020078440200C8
S2140038E038B5012922D94478614B1B78DBB2022B0C
S2140038F02BD1002C3AD0631EDBB2032B00F289805A
S2140039002046FFF765FA05464FF6FF73984200F02B
S2140039109180584B1C70584B1880032001F0EAFE2B
S214003920002840F09880FFF777FC38BD012001F0B2
S214003930E1FE0028F9D01AF0CDFE1AF0CCFE4F4971
S2140039404F4B18681CF00AF8EFE7012001F0D2FE92
S2140039500028EAD01AF0BEFE1AF0BDFE444B1A78D4
S2140039604849474B18681BF0F9FFDEE7032001F0D3
S214003970C1FE80B90021084602F0D0F9A8B900209F
S21400398002F072F968B3012001F0B4FEF8B9384BC2
S21400399002221A70C9E71AF09DFE1AF09CFE3A49F8
S2140039A0374B18681BF0DAFFE4E7012001F0A2FEAF
S2140039B018B92F4B02221A70B7E71AF08BFE1AF0CE
S2140039C08AFE32492E4B18681BF0C8FFF1E71AF042
S2140039D081FE1AF080FE2E49294B18681BF0BEFFA8
S2140039E0D5E701F075FC032001F084FE38B9294BB9
S2140039F01B6913F0200FFAD002F090F895E71AF042
S214003A0069FE1AF068FE24491D4B18681BF0A6FFD5
S214003A10EDE7012001F06EFE002886D01AF05AFE6F
S214003A201AF059FE042322461C49154800681BF06C
S214003A3095FF7AE7012001F05DFE00283FF475AFA0
S214003A401AF048FE1AF047FE224615490C4B186835
S214003A501BF084FF69E71AF03DFE1AF03CFE2B4689
S214003A6022461049064800681BF078FF5BE700BF57
S214003A70FE4F0020C1210020882100208C44020037
S214003A80AC290020B8440200F044020018450200A9
S214003A90584502000000014080450200B045020083
S214003AA0E04502001446020030B5A3B01D4B1C884A
S214003AB0A4B2882C00D9882422461B4968461FF0E9
S214003AC097FB64B19DF80050042D19D8DFE805F087
S214003AD00703090E130021466846FFF7B7F923B01F
S214003AE030BD21466846FFF7FDFCF8E721466846EC
S214003AF0FFF768FEF3E721466846FFF7F1FEEEE7BC
S214003B00012001F0F7FD0028E9D01AF0E3FD1AF0D5
S214003B10E2FD23462A460549054800681BF01EFFBD
S214003B20DDE700BF3C4F0020542400205C46020026
S214003B30AC29002010B59A4B1B78043B042B00F2EE
S214003B402381DFE813F005009200B300EF001501B3
S214003B50944B1B78002B40D0032001F0CBFDA8B976
S214003B60914B1A78914B1968914B188808F026FDEE
S214003B700446F8B9032001F0BDFD88B91CF0F1F940
S214003B808C4B1860864B05221A70FDE01AF0A2FDD9
S214003B901AF0A1FD8849894B18681BF0DFFEDFE7A5
S214003BA01AF098FD1AF097FD8549844B18681BF0AB
S214003BB0D5FEE3E7012001F09DFD18B9784B0822F9
S214003BC01A70E1E01AF086FD1AF085FD22467D495E
S214003BD07A4B18681BF0C2FEF0E71CF0C2F9754B72
S214003BE01B68C01A07F0C2FC42F21073984240F2FB
S214003BF0CB80754A13780133DBB21370032B1AD9C6
S214003C00012001F077FD50B9704BFF221A70684B07
S214003C104FF6FF721A80624B02221A70B4E01AF056
S214003C2059FD1AF058FD684B1A786949634B1868B5
S214003C301BF094FEE8E7012001F05CFD40B95C4B08
S214003C401888FFF71DFA1CF08CF95A4B18609BE099
S214003C501AF040FD1AF03FFD03235B4A12785D49D7
S214003C60564800681BF07AFEE9E71CF07AF9514BDB
S214003C701B68C01A07F07AFC0446574B984240F27D
S214003C808380012001F036FD28B908F009FD444B79
S214003C9008221A7078E01AF01DFD1AF01CFD224664
S214003CA04E49464B18681BF059FEEEE74C4B1B7806
S214003CB0002B69D04A4B00221A70032001F01AFD2F
S214003CC088B93B4B1A88384B19784FF4FA6008F0DD
S214003CD0B1FC044698B91CF044F9364B1860304BDA
S214003CE007221A7050E01AF0F5FC1AF0F4FC4FF4B4
S214003CF0FA623C49314B18681BF030FEE1E70120C0
S214003D0001F0F8FC18B9264B08221A703CE01AF0AD
S214003D10E1FC1AF0E0FC22463349284B18681BF0F9
S214003D201DFEF0E71CF01DF9224B1B68C01A07F0B9
S214003D301DFC044647F23053984225D9012001F075
S214003D40D9FC50B9214BFF221A70194B4FF6FF725F
S214003D501A80134B02221A7016E01AF0BBFC1AF0F7
S214003D60BAFC22462149154B18681BF0F7FDE9E717
S214003D70012001F0BFFC40B9144BFF221A7000234B
S214003D801B4A1380064A137010BD1AF0A3FC1AF0E3
S214003D90A2FC1849094B18681BF0E0FDECE700BFD1
S214003DA0FE4F00200A500020C02100205024002092
S214003DB088210020F425002080460200AC2900203F
S214003DC0B0460200D046020006500020C121002066
S214003DD0F046020030470200E09304005C47020011
S214003DE00950002088470200B4470200D847020066
S214003DF03E4F0020104802000279531EDBB2012B12
S214003E0000F24D812DE9F04184B00446C3884BB3DF
S214003E1080680178A02917D0B1296FD0F12900F069
S214003E20C680012A1ED19E4B1B7813F0010F03D0CB
S214003E30237813F0010F15D0032001F05BFC002857
S214003E4040F0C8800025D1E0012B0ED9618840786B
S214003E50FFF764F8E388092B17D8924B1B6913F019
S214003E60200FFAD004B0BDE8F081012001F042FC3A
S214003E700028F7D01AF02EFC1AF02DFC62888A492A
S214003E808A4B18681BF06AFDECE7032001F032FC51
S214003E9008B9022510E01AF01DFC1AF01CFCA368F5
S214003EA05A788349814B18681BF058FDF1E7814B1F
S214003EB081491BF053FD0135092D10DC032001F06C
S214003EC019FC0028F7D01AF005FC1AF004FC774B12
S214003ED01868A3685A5D082DE9DC784BE8E70320EC
S214003EE001F008FC0028B8D01AF0F4FB1AF0F3FB37
S214003EF073496E4B18681BF031FDAEE7022BB1D943
S214003F0045788678002301E00133DBB2032B11D815
S214003F1019466C4A02EBC3021279002AF4D0694AA9
S214003F2012F83320AA42EFD1664B03EBC1030122FD
S214003F305A719E71E388032B27D9A368DF78032084
S214003F4001F0D8FB18B9604B00221A708AE71AF005
S214003F50C1FB1AF0C0FB554B1868638817F0010FB9
S214003F600FD05A4A17F0040F0DD04221C7F340076E
S214003F7003970291019200962A4655491BF0EEFCE3
S214003F80E1E7544AEEE74121F0E7032001F0B2FBF7
S214003F900028D8D01AF09EFB1AF09DFB0096638886
S214003FA02A464D49414800681BF0D8FCCBE7032061
S214003FB001F0A0FB18B9494B01221A7052E71AF01B
S214003FC089FB1AF088FB62884549384B18681BF055
S214003FD0C5FCF0E71AF07EFB1AF07DFB62884149CB
S214003FE0324B18681BF0BAFC2CE70135E388AB426D
S214003FF010DD032001F07EFB0028F6D01AF06AFBE5
S2140040001AF069FBA3685A5D3749284B18681BF0FD
S214004010A5FCEAE7A16801200DF06CF90546A16849
S214004020043101200DF066F9002D34DB002685EA08
S214004030E572A2EBE5722D4B83FB0241D417C4EB6D
S214004040A1144FF47A7101FB142483FB0572ED175B
S214004050C5EBA215002DB8BF6D42A3FB00234FEAA7
S214004060931801FB18089F09032001F043FB002862
S2140040703FF4F8AE1AF02EFB1AF02DFB0B4B186827
S2140040805EB11B4ACDF80880019700942B4619496B
S2140040901BF064FCE6E60126C9E7174AF2E770471C
S2140040A0C22100200000014040480200AC29002048
S2140040B06448020004660200904802002C48020091
S2140040C09C480200AC250020015000203048020029
S2140040D0A048020034480200EC4802000A500020C3
S2140040E0204902004049020058490200D34D6210A0
S2140040F038480200604902003C48020000B9704798
S21400410010B50446032001F0F5FA00B910BD1AF008
S214004110E1FA1AF0E0FA22460249034B18681BF04F
S2140041201DFCF3E788490200AC29002030B583B0B7
S214004130902811D00446912835D0032001F0DAFAF1
S21400414008B31AF0C7FA1AF0C6FA22462049214BDD
S21400415018681BF003FC16E0032001F0CBFAA0B9A8
S214004160FF201CF04DF900241B4B1C701B4D2846ED
S21400417007F0ACF8019400942346194A40F6B8318B
S21400418028461AF0BEF903B030BD1AF0A3FA1AF0AA
S214004190A2FA104B1C681CF0ECF8024611492046A7
S2140041A01BF0DCFBDCE7032001F0A4FA30B90A4B75
S2140041B000221A70094807F089F8E4E71AF08AFA2C
S2140041C01AF089FA0849034B18681BF0C7FBEEE79C
S2140041D0C8490200AC29002000500020802500209D
S2140041E0A53200009C490200B849020038B50546D1
S2140041F00C46032001F07EFA00B938BD1AF06AFAC0
S2140042001AF069FA2B4622460249034800681BF05A
S214004210A5FBF2E7E0490200AC29002010B582B009
S21400422001F0FAF8574B1B78002B50D0564B1B78F2
S214004230002B5BD0554B1B78A3B91BF092FE0446AF
S2140042401CF06BF800285FD0514B1B680BB9504B25
S2140042501C604F4B1868201A07F088F943F697231E
S21400426098424BD81CF059F8002871D049481AF0EB
S21400427014FB1BF076FE04461CF04FF898B1464B34
S2140042801B7843B1454B1868201A07F06FF947F2C0
S2140042903053984207D9FF201CF0B2F83F4B1C6001
S2140042A03D4B01221A703E4B1B78002B54D13D4BE0
S2140042B01B78002B58D03B4B1B78DBB2032B5CD013
S2140042C0384B1B78DBB2022B4CD001234DE02D4B34
S2140042D001221A70FFF78CF8002301930093324AEC
S2140042E04FF4FA6131481BF048FE9FE71BF039FE99
S2140042F02F4B1860244B01221A709BE701F018F828
S214004300224B01221A70ADE7214B00221A6001F001
S2140043107BF80028A6D0264B1868201A07F026F946
S214004320244B98429ED9012001F0E4F930B9224B83
S2140043301B6913F0200FFAD0FEF738FD1AF0CAF901
S2140043401AF0C9F91D491E4B18681BF007FBEEE76B
S21400435010481AF0A7FA8CE7114B00221A70FFF7E4
S214004360A3FBA4E7002300E00023164A127802B15C
S2140043702BB1FFF7DFFB02B010BD0023F5E7FEF719
S214004380CFFFF6E705500020075000200850002019
S214004390CC2500206C620200FF4F00205C25002028
S2140043A0FD4F0020FE4F002001E5010060250020A3
S2140043B0D02500201FBF020000000140204A020056
S2140043C0AC2900200050002070B582B004460D468F
S2140043D01A460B1A01330146002001F0EBFBB0B978
S2140043E0214B1C68002C3CD06E1C642205FB02226C
S2140043F0B2FBF4F41D4AA2FB04311D4B1B68A2FB62
S2140044000323DB08B3EBD10F14D301202AE00646C2
S214004410012001F06FF908B9002023E01AF05AF9DC
S2140044201AF059F9334622461249134800681BF021
S21400443095FAF1E7032001F05DF918B90C4B1C6002
S21400444001200FE01AF046F91AF045F9064B1B68F2
S2140044500093334622460949074800681BF07EFA57
S214004460ECE7012002B070BD50240020CDCCCCCCAF
S214004470A8250020604A0200AC2900208C4A0200D1
S21400448010B582B0E8B9032001F034F978B90023FA
S214004490164A137001930093154A4FF4FA711548A3
S2140044A01AF02FF8144B06221A7002B010BD1AF03C
S2140044B011F91AF010F91149114B18681BF04EFA51
S2140044C0E5E70446012001F015F918B90A4B082261
S2140044D01A70EAE71AF0FEF81AF0FDF822460949C3
S2140044E0074B18681BF03AFAF0E700BF09500020A7
S2140044F0092E0000D4250020FE4F0020AC4A020002
S214004500AC290020EC4A020010B550BB032001F095
S214004510F1F870B9032001F0EDF8C0B9194BFF228D
S2140045201A70194B4FF6FF721A80184B02221A7037
S21400453010BD1AF0CFF81AF0CEF8124B1B78124ABC
S21400454012881349134800681BF008FAE2E71AF0CD
S214004550C1F81AF0C0F810490E4B18681BF0FEF9A7
S214004560DCE70446012001F0C5F80028D6D01AF092
S214004570B1F81AF0B0F822460849064B18681BF046
S214004580EDF9CBE7C121002088210020FE4F002056
S214004590184B0200AC2900204C4B0200804B020056
S2140045A010B580B10446012001F0A4F800B910BD92
S2140045B01AF090F81AF08FF822460A490A4B186843
S2140045C01BF0CCF9F3E7032001F094F80028EED0B6
S2140045D01AF080F81AF07FF80449034B18681BF0AD
S2140045E0BDF9E4E7B04B0200AC290020D04B020036
S2140045F0F0B583B004460D4616461F46032001F06C
S21400460079F808B903B0F0BD1AF064F81AF063F848
S214004610019700962B4622460249034800681BF085
S2140046209DF9EFE7E84B0200AC29002038B50546B7
S214004630FEF7CEFB4FF6FF7398420ED00446294B8A
S2140046401D70032001F056F830BB032001F052F82D
S214004650044668BB0124204638BD012001F04AF814
S21400466028B9032001F046F860B90024F3E71AF0F1
S21400467031F81AF030F82A461B491C4B18681BF014
S2140046806DF9EEE71AF026F81AF025F81849174BD8
S21400469018681BF063F9E8E71AF01CF81AF01BF824
S2140046A023462A461349114800681BF057F9CCE701
S2140046B01AF010F81AF00FF80C4B18680E4B1B780F
S2140046C0DBB2032B0BD00C4B1B78DBB2022B04D0D7
S2140046D00A4A0B491BF042F9BDE70A4AF9E7094ABC
S2140046E0F7E700BFC1210020284C0200AC290020BB
S2140046F0684C02009C4C0200FE4F00201C4C02003E
S214004700C84C0200144C020070B586B00446431E26
S214004710DBB2032B4BD86F4B1B7823B16D4B1B784A
S214004720DBB2022B56D12046FEF752FB05464FF66B
S214004730FF73984260D004A9002001F01DFA0028FB
S2140047406BD1002606F10803059A934275D8082314
S2140047500DEB03023146002001F02CFA002840F051
S21400476087809DF808109DF8093041EA03219DF8DE
S2140047700A3041EA03419DF80B3041EA03619DF897
S2140047800CC09DF80D304CEA032C9DF80E304CEA18
S214004790034C9DF80F304CEA036C059B634569D3C8
S2140047A0B4440CF108064C4B9942CBD146E00120AC
S2140047B000F0A0FF10B9002006B070BD19F08AFF07
S2140047C019F089FF042322464449454800681BF037
S2140047D0C5F8F0E7012000F08DFF08B90020EBE7F0
S2140047E019F078FF19F077FF3A4B1A783D493C4BA1
S2140047F018681BF0B3F8F1E7012000F07BFF08B95A
S2140048000020D9E719F066FF19F065FF2246364901
S214004810334B18681BF0A2F8F2E7012000F06AFF9D
S21400482008B90020C8E719F055FF19F054FF2F49C2
S2140048302B4B18681BF092F8F3E70026E6B1002130
S214004840084601F06BFA38BB294B1E60294BAA229A
S2140048501A70294B1C70294B1D801E4B02221A70A1
S214004860032000F047FF38BBFEF7D6FC0120A3E785
S2140048700026E3E70026E1E7012000F03BFF08B949
S214004880002099E719F026FF19F025FF1C49144B64
S21400489018681BF063F8F3E7012000F02BFF08B957
S2140048A0002089E719F016FF19F015FF15490C4B83
S2140048B018681BF053F8F3E719F00CFF19F00BFF1C
S2140048C00095234632461049054800681BF046F816
S2140048D0CAE700BFFE4F0020FC0404FCE84C0200C0
S2140048E0AC290020104D0200384D02006C4D02002D
S2140048F050240020C0210020C12100208821002053
S214004900944D0200D84D0200104E02002DE9F041F1
S21400491084B0032000F0EEFE50B9032000F0EAFE5B
S21400492080B9032000F0E6FEB0B9002425462DE04D
S21400493019F0D0FE19F0CFFE7149724B18681BF0C3
S2140049400DF8EAE719F0C6FE19F0C5FE6E496D4B84
S21400495018681BF003F8E4E719F0BCFE19F0BBFE7C
S2140049606A49684B18681AF0F9FFDEE72A271EE046
S214004970DFF8D88125E0664B3FE0032000F0BAFE62
S214004980002844D10135EDB20134E4B2032C50D8EE
S2140049902646604B03EBC4031B79002BF4D05D4B1B
S2140049A013F834205C4B1B789A42DFD02027594BF3
S2140049B003EBC6035B884FF6FF729342D8D0DFF84E
S2140049C090814FF6FF718B42D7D0032000F092FE05
S2140049D00028D7D019F07EFE19F07DFE494B1868E6
S2140049E03A464C4B13F8361003EBC6035F8893F831
S2140049F006C05B79002BBED0484B0393CDF808C0A9
S214004A0001970091334646491AF0A8FFBAE719F015
S214004A1061FE19F060FE3F4B13F83630CDF8048087
S214004A20009333463A463F49364800681AF096FFE8
S214004A30A8E7A5B1032000F05DFEF8B9032000F05A
S214004A4059FE28BB032000F055FE002830D1032075
S214004A5000F050FE002849D104B0BDE8F0810320E4
S214004A6000F048FE0028E5D019F034FE19F033FEB9
S214004A702D49244B18681AF071FFDBE719F02AFE5F
S214004A8019F029FE21491F4B18681AF067FFD5E771
S214004A9019F020FE19F01FFE1A4B18681E4B1A78E4
S214004AA0FF2A03D021491AF059FFCBE70022F9E785
S214004AB019F010FE19F00FFE124B18681C4B1B78ED
S214004AC0DBB2032B09D01A4B1B78DBB2022B09D0C2
S214004AD0174B1B7843B9174A00E0174A17491AF0D4
S214004AE03DFFB4E7164AF9E7164AF7E719F0F2FD74
S214004AF019F0F1FD1449034B18681AF02FFFABE7C5
S214004B00B44E0200AC290020544F0200904F020021
S214004B10784E0200AC250020C1210020704E020015
S214004B20305002006450020094500200D050020040
S214004B30FE4F00201C4C0200944E02000C51020056
S214004B40804E0200A84E0200285102005C4E020071
S214004B500466020010B584B00D4BEC460FCBACE8F3
S214004B6007008CF8003001238DF803308DF80430F0
S214004B7000238DF808300E238DF80930054C694661
S214004B8020461AF0E2F820461AF0D0F804B010BD1D
S214004B902858020000200540044B00221A605A6084
S214004BA09A60DA60024A1A60704700BFF825002053
S214004BB03152474610B58EB001A800F0C5FF059AE1
S214004BC00AB3D3680BB94FF4805329490B601469B4
S214004BD04CB3B4F5E01F26D3B4F5001F23D34FF42F
S214004BE0C012B2FBF3F203FB02F2B2F5C01F2CD1E7
S214004BF04FF4E012B2FBF3F202FB03F3B3F5E01F4F
S214004C0023D1012014E0012000F074FD08B9002033
S214004C100EE019F05FFD19F05EFD1649164B186898
S214004C201AF09CFEF3E7012000F064FD10B90020A6
S214004C300EB010BD19F04EFD19F04DFD22460F497D
S214004C400D4B18681AF08AFEF1E7012000F052FDBD
S214004C5008B90020ECE719F03DFD19F03CFD044BC7
S214004C601A680749044B18681AF078FEF1E700BF87
S214004C7010200020C8510200AC290020F851020084
S214004C804052020008B51023044A03210448006875
S214004C9010F0E6F8B0FA80F0400908BDF8250020CC
S214004CA08020002008B510230F4A03210F48006813
S214004CB010F020F920B90C4B1A680D4B9A4207D019
S214004CC0032000F017FD20B9FFF766FFFFF7DAFFB5
S214004CD008BD19F0FFFC19F0FEFC0649064B1868E3
S214004CE01AF03CFEF0E700BFF825002080200020E8
S214004CF03152474688520200AC2900202DE9F04187
S214004D00ADF5007D674BD979674A52F821809E68D9
S214004D10731EB3F5802F33D2002000F087FF0028E3
S214004D2042D1033626F003060024B4427FD2351B58
S214004D30B5F5807F28BF4FF4807504EB08072A4638
S214004D4040A9384601F014F800283DD12B4640AA69
S214004D502146002000F04CFF002846D12B466A462C
S214004D602146002000F026FF00284FD12A4669463B
S214004D7040A81EF0DAFA002848D104F58074D4E77B
S214004D80012000F0B7FC20B900200DF5007DBDE83D
S214004D90F08119F09FFC19F09EFC32464349444BC3
S214004DA018681AF0DBFDEFE7012000F0A3FC08B955
S214004DB00020EAE719F08EFC19F08DFC3D493C4BCB
S214004DC018681AF0CBFDF3E7012000F093FC08B951
S214004DD00020DAE719F07EFC19F07DFC3A463649E9
S214004DE0334B18681AF0BAFDF2E7012000F082FC97
S214004DF008B90020C9E719F06DFC19F06CFC2246D2
S214004E002E492B4B18681AF0A9FDF2E7012000F096
S214004E1071FC08B90020B8E719F05CFC19F05BFCDF
S214004E2022462749224B18681AF098FDF2E700211F
S214004E30084600F073FF58B9002000F015FFB8B917
S214004E40032000F057FC18BB00F068FE01209CE72A
S214004E50012000F04FFC08B9002096E719F03AFC54
S214004E6019F039FC1749124B18681AF077FDF3E76A
S214004E70012000F03FFC08B9002086E719F02AFC64
S214004E8019F029FC10490A4B18681AF067FDF3E779
S214004E9019F020FC19F01FFC0C49054B18681AF095
S214004EA05DFDD1E7F825002020580200B852020028
S214004EB0AC290020DC520200FC5202002053020003
S214004EC0405302006853020090530200B45302009D
S214004ED02DE9F047ADF5047D0021084600F01EFFE1
S214004EE000283AD182A9002000F046FE002847D1CB
S214004EF0002404F10803839A934251D808236A4693
S214004F002146002000F056FE002840F090809DF8D4
S214004F1000309DF8012043EA02239DF8022043EA70
S214004F2002439DF8032043EA02629DF804309DF890
S214004F30051043EA01239DF8061043EA01439DF855
S214004F40071043EA01638399994272D3234403F11D
S214004F500804694B9A42CCD123E0012000F0CAFB3A
S214004F6020B900200DF5047DBDE8F08719F0B2FBEE
S214004F7019F0B1FB6149624B18681AF0EFFCF0E7D4
S214004F80012000F0B7FB08B90020EBE719F0A2FB00
S214004F9019F0A1FB5B495A4B18681AF0DFFCF3E7DF
S214004FA00024631EB3F5802F45D2574B93F807A015
S214004FB0BAFA8AFA4FEA5A1A544B53F82A904FF420
S214004FC08021484600F010FF002847D104F103086E
S214004FD028F003080026464580F08480A8EB0605E6
S214004FE0B5F5807F28BF4FF480752B4642AA314620
S214004FF0002000F0DFFD002841D106EB09072A4615
S21400500042A9384600F0D2FE002849D12A4602A915
S214005010384600F0ADFE002853D12A4602A942A821
S2140050201EF083F900284CD106F58076D3E70024DD
S214005030B7E70024B5E7012000F05CFB08B90020C4
S21400504090E719F047FB19F046FB4FF48023224601
S2140050502F492B4800681AF081FCF0E7012000F089
S21400506049FB08B900207DE719F034FB19F033FB43
S2140050704A462849224B18681AF070FCF2E70120CD
S21400508000F038FB08B900206CE719F023FB19F094
S21400509022FB324620491A4B18681AF05FFCF2E7EA
S2140050A0012000F027FB08B900205BE719F012FB8F
S2140050B019F011FB3A461949114B18681AF04EFCC4
S2140050C0F2E7012000F016FB08B900204AE719F0C5
S2140050D001FB19F000FB3A461149094B18681AF013
S2140050E03DFCF2E7084B83F807A09C6001221A7388
S2140050F0FFF7C8FD36E700BFFC0404FCE8530200D7
S214005100AC29002020540200F82500202058020078
S214005110445402007C540200A4540200C45402000A
S214005120E854020010B584B0FFF714FDFFF7BAFD8F
S214005130FFF740FD5B4B1870032000F0DBFA20B948
S214005140594B9B79BBB904B010BD19F0C3FA19F0DE
S214005150C2FA554AD379117B9068524C247803944E
S21400516002900191009393889279504950480068C4
S2140051701AF0F4FBE4E74C4A938801339380FFF778
S21400518081FD08B3032000F0B5FA60BB464B9B8850
S214005190042BD8D9434B1B781BB1434B1B7B002BEE
S2140051A042D1012000F0A6FA50BB012000F0A2FA7E
S2140051B000282FD13C4B9B88052BC4D93A4B05229F
S2140051C09A80FFF75FFDBEE7012000F093FA002803
S2140051D0D8D019F07FFA19F07EFA3649344B1868A1
S2140051E01AF0BCFBCEE719F075FA19F074FA05232D
S2140051F02D4A928830492E4800681AF0AFFBC5E762
S21400520019F068FA19F067FA2C49294B18681AF051
S214005210A5FBCAE719F05EFA19F05DFA2849244B97
S21400522018681AF09BFBC5E7032000F063FAC8B9BC
S2140052301D4B00229A8001229A71FFF723FDFFF78B
S2140052405DFDF8B1012000F055FA00283FF47BAF71
S21400525019F040FA19F03FFA1A49154B18681AF077
S2140052607DFB70E719F036FA19F035FA104B18681E
S2140052700D4BDB7923B1422213491AF06FFBD7E7B7
S2140052804122F9E7012000F035FA00283FF45BAF31
S21400529019F020FA19F01FFA0C49054B18681AF095
S2140052A05DFB50E70B500020F82500201455020047
S2140052B0AC2900206055020094550200B455020047
S2140052C0FC550200645602003C5602009C56020042
S2140052D008B5134B01229A7100229A80FFF7D2FC80
S2140052E070B9012000F006FA00B908BD19F0F2F90D
S2140052F019F0F1F90B490C4B18681AF02FFBF4E77C
S214005300032000F0F7F90028EFD019F0E3F919F0C0
S214005310E2F90649044B18681AF020FBE5E700BFDF
S214005320F8250020D4560200AC29002010570200B1
S21400533008B52E4B9B792BB92C4A127B12B12B4AFF
S21400534092887AB113B12A4B1B7863B9274B002297
S2140053509A719A80FFF796FC002837D1012000F05A
S214005360C9F948BB08BDFFF7B3FDB0B1032000F094
S214005370C1F90028EAD019F0ADF919F0ACF91D4BC7
S21400538018681A4BDB7933B14222184B9B681A49CE
S2140053901AF0E4FADAE74122F7E7012000F0AAF96A
S2140053A00028D3D019F096F919F095F91349114B46
S2140053B018681AF0D3FAC9E719F08CF919F08BF9C6
S2140053C00F490C4B18681AF0C9FACBE7032000F017
S2140053D091F90028C6D019F07DF919F07CF9094931
S2140053E0044B18681AF0BAFABCE700BFF82500208C
S2140053F00B500020AC2900204857020088570200B6
S214005400C4570200F0570200024B9879003818BFC4
S21400541001207047F825002008B5024819F086FCE0
S21400542008BD00BF0020054008B5024B1B6803B14D
S214005430984708BD3826002008B5024B5B6803B1C4
S214005440984708BD3826002008B5024B9B6803B174
S214005450984708BD3826002008B5024BDB6803B124
S214005460984708BD3826002008B5024B1B6903B1D3
S214005470984708BD3826002008B5024B5B6903B183
S214005480984708BD3826002030B585B0094C2268FC
S214005490094B1A60094D0A4B2B600A4B019304F026
S2140054A063FE02902B68039301A9206819F05EFD45
S2140054B005B030BD302000207C3400207834002039
S2140054C0242000201862020008B5024B186819F064
S2140054D061FD08BD3020002038B504F045FE0446C6
S2140054E0064D2B68D3F8B00204F032FE286819F097
S2140054F06BFD204604F02CFE38BD00BF3020002097
S21400550038B501F083FE01210D4801F051FA012261
S2140055101146002001F0BEFD0A4C0225C4F880505A
S21400552001221146002001F0B5FDC4F88450012286
S2140055301146002001F0AEFDC4F88850002038BDAA
S21400554030253E0000400E4008B5164B01225A6436
S21400555003F01CF8024668B9134B4AF6E851C3F844
S2140055609011D3F8981141F00401C3F89811002166
S214005570C3F89011012A0DD90C4A136A23F4441378
S21400558043F488131362A2F58042136843F48073D1
S214005590136008BD044AD2F8643143F40053C2F8DD
S2140055A06431E9E700000E4000300E4000400E4037
S2140055B0012900D9704708B5034B1B68186808B165
S2140055C0436A984708BD00BF3420002030B599B024
S2140055D0284D11ACAC46BCE80F000FC49CE8070091
S2140055E084E8070000240B940C940D940E940F94FA
S2140055F01094214B0B93214B0C9301228DF83720EE
S21400560002238DF8393003238DF83B301E238DF8A6
S2140056103F308DF8403009AB1C3595E8030083E831
S21400562003000DF10C0C039404940594069407945F
S21400563008948CE803000C238DF814300D238DF8A5
S21400564015300F4B0693202307938DF820208DF8F6
S21400565021200C4B00930BAB11AA61460A4804F0BC
S2140056605BFF054621464FF4E13019F066F8284600
S21400567019B030BD30620200000001400042040054
S2140056800C2900202C2900208029002008B5034979
S214005690034805F0A9FAFFF799FF08BD3820002057
S2140056A0A429002008B502481AF06CFB08BD00BF0C
S2140056B08029002008B502481AF064FB08BD00BF28
S2140056C08029002008B5024B1A6A1868904708BD62
S2140056D08029002008B5024819F093F808BD00BFDD
S2140056E05462020008B5024819F0D2F808BD00BF9F
S2140056F06C62020003460B4A107828B10A4A1278F8
S2140057009A4202D2002000E00120084A12783AB1FC
S214005710074A127842FA03F313F0010F00D1002073
S214005720704700BFC5210020C42100200C50002077
S214005730C321002008B5084B01221A70074B00222F
S2140057401A70074B04221A70064B1F221A7004F0B8
S2140057500BFD054B186008BDC52100200C5000202D
S214005760C4210020C3210020AC29002008B5012157
S214005770034801F01DF918F00EFF00F075F808BD9B
S21400578000350A0008B50121014801F011F908BDED
S21400579000350A002DE9F04180460F4601F1090563
S2140057A00026344604E05B21082000F06BFC013440
S2140057B0AC4233D2052C1BD801A353F824F000BF0B
S2140057C0A7570000D95700000D580000E157000009
S2140057D0E5570000E9570000FBB20433D9B2E3E70F
S2140057E08021E1E70021DFE7731C3146DEB2DBE70C
S2140057F0BB1DA3420CD0FB1DA3420BD007F1080330
S214005800A34209D0A31F18F80310CDE7D121CBE798
S2140058105A21C9E75A21C7E75D21C5E70020BDE840
S214005820F08100BF00B583B00022009201920221F1
S2140058308DF80010054818F06AFF019008216846A8
S214005840FFF7A8FF03B05DF804FB00BF006A18006E
S214005850014B1022DA60704700A00044014B102272
S214005860DA60704700A0004670B588B00DF1040CF1
S214005870374C0FCCACE80F0094E807008CE8070024
S2140058800121344801F094F8334E0121304601F0EE
S2140058908FF801258DF81250304B0393304C01A938
S2140058A0204619F0E7F92B4604220621022002F0D2
S2140058B01BFB00232A460721022002F015FB2B467D
S2140058C004220821022002F00FFB2B460422114678
S2140058D0002002F009FB234BA3670B2363674FF4FA
S2140058E0487006F079FBFFF7B3FF142006F074FB50
S2140058F0FFF7B4FF232006F06FFBFFF7A9FFB921DF
S214005900204619F001FAFFF7A9FF00231A460621E0
S214005910022002F0E9FA00231A460721022002F0CC
S214005920E3FA2B4600220821022002F0DDFA2B467D
S21400593000220421104602F0D7FA204602F080FE2C
S2140059400021A1676167304601F032F808B070BDEB
S2140059508462020000350A000052040000127A0039
S214005960000401400B0B000B08B500F087F8124A44
S2140059700AE01068516850F8230041F8230001330C
S21400598091688B42F5D30C320C4B9A4201D200231D
S214005990F6E70B4A08E01168002041F823000133BF
S2140059A051688B42F7D30832064B9A4201D2002345
S2140059B0F6E7FCF7C1FA00BF788E0200848E02007C
S2140059C0848E0200848E02000048704700F0490270
S2140059D0114BD3F8943003F00703023B032B0DD88A
S2140059E0DFE803F0050F02080C4B18680BE00C4BC1
S2140059F0186808E00B4B1868400804E0094B186864
S214005A0001E04FF40040044BD3F80031C3F3042305
S214005A100133B0FBF3F0704700400E4054200020E6
S214005A20582000204C20002008B5FFF7D1FF054B7A
S214005A30D3F80831C3F308230133B0FBF3F0024B6D
S214005A40186008BD00400E4050200020014B18682A
S214005A50704700BF5820002008B5064B1860064B5C
S214005A60D3F8943003F00703022B00D008BDFFF7ED
S214005A70DBFFFBE75820002000400E40044B054AA1
S214005A809A60D3F8882042F47002C3F888207047E2
S214005A9000ED00E000000000014B1868704700BFF2
S214005AA054200020BFF34F8F0549CA6802F4E06215
S214005AB0044B1343CB60BFF34F8F00BFFDE700BF1F
S214005AC000ED00E00400FA0508B5114BD3F82828CD
S214005AD0A2F17E63A3F58433B3F5104F11D211689B
S214005AE00C4B994210D10C4B1B781BB1022B01D0EA
S214005AF0002008E0D369984728B9074B01221A709E
S214005B0001E04FF4817008BD4FF48170FBE700BFE1
S214005B100000E10F07B0CD5E0D50002008B54FF035
S214005B20005340F202221A804FF20F025A80054AB2
S214005B3001239360136823F4E06343F480631360E7
S214005B40FFF7B0FF00500E4008B50A4BD3F82828E0
S214005B50A2F17E63A3F58433B3F5104F09D2126B1E
S214005B60A2F17E63A3F58433B3F5104F01D25368D8
S214005B70984708BD0000E10F08B50D4BD3F828285C
S214005B80A2F17E63A3F58433B3F5104F0AD2126BED
S214005B90A2F17E63A3F58433B3F5104F05D2936864
S214005BA0984701E04FF4817008BD4FF48170FBE721
S214005BB00000E10F38B50D4CD4F82848A4F17E6CEF
S214005BC0ACF5843CBCF5104F0AD2256BA5F17E647B
S214005BD0A4F58434B4F5104F05D2EC68A04701E074
S214005BE04FF4817038BD4FF48170FBE70000E10F81
S214005BF038B50D4CD4F82848A4F17E6CACF5843C3E
S214005C00BCF5104F0AD2256BA5F17E64A4F584344A
S214005C10B4F5104F05D22C69A04701E04FF481700F
S214005C2038BD4FF48170FBE70000E10F08B50D4B5F
S214005C30D3F82828A2F17E63A3F58433B3F5104F7A
S214005C400AD2126BA2F17E63A3F58433B3F5104F2C
S214005C5005D25369984701E04FF4817008BD4FF4B0
S214005C608170FBE70000E10F00B583B001900F4B99
S214005C70D3F82828A2F17E63A3F58433B3F5104F3A
S214005C800CD2126BA2F17E63A3F58433B3F5104FEA
S214005C9009D29369012101A8984701E04FF4817069
S214005CA003B05DF804FB4FF48170F9E70000E10FE4
S214005CB010B50A4BD3F82848A4F17E63A3F58433C5
S214005CC0B3F5104F04D2236B2BB15B6A984701E003
S214005CD04FF4017010BD4FF40170FBE70000E10FB8
S214005CE008B50D4BD3F82828A2F17E63A3F58433BC
S214005CF0B3F5104F0AD2126BA2F17E63A3F584337C
S214005D00B3F5104F05D2936A984701E04FF401703F
S214005D1008BD4FF40170FBE70000E10F30B5E1B0BD
S214005D20124BD3F82838A3F17E63A3F58433B3F57A
S214005D30104F15D20C464FF4C0726946FFF7B8FFF5
S214005D40054678B921466846FFF7CAFF40F20123A8
S214005D509842F7D040F20323984203D0054601E06C
S214005D604FF40175284661B030BD00BF0000E10F5A
S214005D7010B50D4BD3F82848A4F17E63A3F5843301
S214005D80B3F5104F0AD2246BA4F17E63A3F58433D7
S214005D90B3F5104F05D2636B984701E040F201104F
S214005DA010BD40F20110FBE70000E10F10B50D4BEF
S214005DB0D3F82848A4F17E63A3F58433B3F5104FD7
S214005DC00AD2246BA4F17E63A3F58433B3F5104F97
S214005DD005D2A36B984701E040F2011010BD40F2D7
S214005DE00110FBE70000E10F08B50D4BD3F828289B
S214005DF0A2F17E63A3F58433B3F5104F0AD2126B7B
S214005E00A2F17E63A3F58433B3F5104F05D2D36BAE
S214005E10984701E040F2011008BD40F20110FBE790
S214005E200000E10FF0B18446F1B110B409E004F1CE
S214005E3020000FE02033C01A18D1BCB10CF1010CC1
S214005E4001319CF800400B4B1B5D03F00303012B54
S214005E50EDD020460B78074AD25C02F00302012AF6
S214005E60E9D1E7E701207047012070475DF8044B51
S214005E70704700BF138D02000346064A10680344AD
S214005E80054A934202D8034A136070474FF0FF302A
S214005E90704700BF5C200020000004200B681A78C2
S214005EA0022A00D1704710B508461A79597902EBD4
S214005EB042021201064C144401EBC402920012681E
S214005EC0B2FA82F252091A7018F0A2FC10BD00BF96
S214005ED01CA0100230B583B005460468012117489F
S214005EE000F066FD002301226179207901F0FCFFB5
S214005EF02379627903EB43031B011149194402EB32
S214005F00C1039B001B68B3FA83F35B092370A37974
S214005F10022B02D0002003B030BD00F0E7FB2A467B
S214005F200849607900F00AFC02466179207901236D
S214005F300193009301F082FFECE700BF00350A00F2
S214005F401CA010029D5E000002681378022B15D07C
S214005F501379517903EB43031B011548184401EBF1
S214005F60C0039B0019680B1E18BF012390790128F7
S214005F7005D018B9B1FA81F14909117070475188F6
S214005F80490089B20B4343F47F4343F0C0034FF606
S214005F90E0718B4205D04FF6DF718B4204D0538000
S214005FA0704701211170FAE700211170F7E700BF72
S214005FB01CA0100208B50121294800F0F9FC0123B5
S214005FC004220221052001F08FFF002001F02AFFA5
S214005FD00121244BC3F810180A46042001F05AF891
S214005FE0214800F0A3FE214BD3F8F02042F0010236
S214005FF0C3F8F020D3F8FC2042F08072C3F8FC20EF
S214006000A3F55D431A4A1A6000F5D52000F2FC405D
S214006010C008184BA3FB0030800A0138164B1861E5
S2140060200222C3F8F0204FF48072C3F804234FF026
S2140060306043124AC3F8B02F114AC3F8802ED3F833
S214006040002E42F48072C3F8002EFF2283F8202030
S214006050D3F8002E22F48072C3F8002E002008BD6C
S21400606000350A000080144206000E0000ED00E035
S214006070FF03004017916502000004E055CEACC552
S214006080090001004FF06043D3F8803E13F0010F83
S21400609001D1112070470E4AD2F8FC3043F08073CD
S2140060A0C2F8FC304FF06043D3F8002E4FF0010CDE
S2140060B00CFA00FC42EA0C02C3F8002E53F820301B
S2140060C0002BE8D04FF0604303F820100020704704
S2140060D000ED00E010B504460121094800F068FC18
S2140060E00121084800F064FCA378B3FA83F35B0947
S2140060F004226178207801F0F7FE002010BD00BF72
S2140061004041050000350A0083784BB90378427891
S21400611003EB43031B0101219140064AD15070470F
S2140061200378427803EB43031B0101219140024AA6
S214006130D15070470CA000440CA0004683784BB9A1
S2140061400378427803EB43031B0101219140064A82
S214006150D15070470378427803EB43031B010121BB
S2140061609140024AD15070470CA000460CA0004453
S21400617002460378417803EB43031B0106481844A4
S21400618001EBC0039B001868C0B2937813B9B0FA4D
S21400619080F04009704700BF0CA01002F0B585B033
S2140061A00C4694469DF83410664A1278002A00F091
S2140061B0BD800546BCF1070F00F2BA800A9A002A95
S2140061C000F0B8800B9A002A00F0B6800E9AB2F55E
S2140061D0006F00F3B38001285BD05B4A02EB0C1221
S2140061E0127B002A00F0AC800022009201920292FC
S2140061F00392564A02EB4C1E002C4FD14FEA4C1627
S21400620000209051CEF80400CEF80800CEF80C001E
S2140062109EF8020040F010008EF802009EF8030080
S21400622040F030008EF8030021B9C1B241F00301FE
S2140062308EF8031000930E9B013B444A4FEA4C1025
S21400624002EB4C11165A63F30E1616520A9B8B601D
S2140062500B9B4B60CB789DF83C2062F38303CB709E
S214006260012D36D0109B002B56D0374A4FEA0C1122
S21400627002EB0C1310985050119A5A6000249C6040
S2140062805D7372466946604601F02AFF204605B0F7
S214006290F0BD0C9A002AA0D12D48F8E72B4F4FEA04
S2140062A04C1607EB4C120020B85150609060D0603E
S2140062B0907840F010009070D07840F00300D070D6
S2140062C00029B7D107EB4C12C1B241F03001D170B2
S2140062D0B0E70E460A7B42F001020A73D2B242F0E1
S2140062E002020A73CA68042161F39F02F26006F193
S2140062F0100796E80F0087E80F00F2696FF00301B9
S21400630061F39F02F2610C9B7361012CAAD10B9A78
S214006310B2610C9A7260A5E7002DA6D10B4B03EB79
S2140063204C139A786FF304129A709EE70948AEE70A
S2140063300748ACE70648AAE70548A8E70448A6E7E2
S2140063400548A4E70E500020B02A0020B0290020FF
S214006350018000F0028000F0078000F0134B1B78ED
S214006360FBB110B50446F0B118F02CFB0023072B48
S21400637013D80F4A02EB0312127B0AB10133F6E779
S21400638023600B4A190102EB031301241C7300243B
S214006390545018F01DFB204602E018F019FB054883
S2140063A010BD054870470548FAE700BF0E500020AC
S2140063B0B02A0020048000F0028000F0018000F087
S2140063C038B518F0FFFA04460023072B06DC0C4A03
S2140063D002EB0312127B12B90133F6E7002222B158
S2140063E0204618F0F5FA074838BD01F02DFE0025C6
S2140063F0054B1D70204618F0EBFA2846F4E700BF60
S214006400B02A0020058000F00E5000200F4B1B78AD
S214006410BBB110B50446072815D818F0D3FA0C4BB4
S21400642003EB04131B7B1BB918F0D2FA09480BE0E8
S214006430074B03EB041300241C7318F0C9FA20461C
S21400644002E005487047054810BD00BF0E5000200A
S214006450B02A0020068000F0028000F0018000F0E4
S21400646000B583B0144B1B68019300238DF80430ED
S21400647018F0A8FA114B1B7833B9104B01221A708A
S21400648018F0A6FA002309E018F0A2FA0C480FE06C
S2140064900C4A02EB0312002111730133072BF7DDC0
S2140064A004238DF807300DEB030001F0EFFD00200C
S2140064B003B05DF804FB00BFF06202000E5000203F
S2140064C0038000F0B02A002008B50A4B1B785BB1A9
S2140064D007280BD8084B03EB00131B7B43B10021A6
S2140064E001F0CAFD002008BD0448FCE70448FAE7AE
S2140064F00448F8E70E500020B02A0020028000F082
S214006500018000F0078000F008B50A4B1B785BB1ED
S21400651007280BD8084B03EB00131B7B43B1012164
S21400652001F0AAFD002008BD0448FCE70448FAE78D
S2140065300448F8E70E500020B02A0020028000F041
S214006540018000F0078000F008B50A4B1B7853B1B5
S21400655007280AD8084B03EB00131B7B3BB101F05E
S21400656013FE002008BD0548FCE70548FAE7054885
S214006570F8E700BF0E500020B02A0020028000F08E
S214006580018000F0078000F0104B1B78ABB10728A5
S21400659015D8B1B10E4B03EB00131B7B9BB10D4B13
S2140065A01B6E0122824013EA020003D001230B7007
S2140065B00020704700230B70704707487047074855
S2140065C07047064870470648704700BF0E500020C8
S2140065D0B02A002000200E40028000F0018000F06B
S2140065E0078000F00C4B1B7873B110B50C460728DB
S2140065F00CD869B1094B03EB00131B7B53B101F0B8
S214006600D7FD2070002010BD054870470548FAE702
S2140066100448F8E70448F6E70E500020B02A0020A9
S214006620028000F0018000F0078000F0F8B5194BFA
S2140066301F6EDB6E1F4002D40125002402E0FEE739
S21400664001346D00072C24D83D42F9D0114B9D66CD
S2140066502301114AD358002BF2D002EB0416B1687E
S2140066600131B16072682046984780F00100C0B2E0
S214006670737B012BE4D10028E2D0084B03EB4413D4
S2140066801A7B6FF341021A731A7F6FF341021A776F
S214006690D6E7F8BD00200E40B02A0020B029002022
S2140066A010B5044602E0202007E09047DCB194FADB
S2140066B0A4F00028F7D0B0FA80F00123834024EA43
S2140066C00304094B03EB00135A68002AEED0064B6E
S2140066D003EB00131B7B002BE7D0034B03EB0013ED
S2140066E099689047E2E710BD302B002008B51220CD
S2140066F000F046FE28B1084B4FF48022C3F88021F4
S2140067001A600A2000F03CFE28B1034B4FF480626A
S214006710C3F880211A6008BD00E100E038B50546E0
S2140067200C4618F04FF9044B03EB05135C6000228F
S2140067301A7318F04DF938BD302B0020F8B5054611
S2140067400F46164618F03EF905F0FC0C0F4BD3F832
S21400675028140023032B0BD85C1904F003046444AC
S21400676021FA04F212F0010F03D00133DBB2F1E795
S214006770FF24FF2C06D0064B03EB04135F609E60DD
S21400678001221A7318F024F92046F8BD00A0004034
S214006790302B002008B5064BD3F82804D3F81C2469
S2140067A0104000F05530C3F82404FFF779FF08BD09
S2140067B000A0004008B5064BD3F82804D3F81C24E4
S2140067C0104000F0AA30C3F82404FFF769FF08BDA4
S2140067D000A0004008B5034B1968034B18680EF07C
S2140067E065FA08BD6020002080200020B0F1FF3F41
S2140067F001D010B97047024870470248704700BF82
S21400680021E000F024E000F0F8B505460E469400BE
S214006810224618F0E0F9FFF7E9FF074628B92246B6
S214006820314628461CF081FD08B93846F8BD014FB0
S214006830FBE700BF10E000F038B5044601F08CFD21
S214006840FFF7D4FF054608B1284638BD01F0A6FE7E
S2140068500146204618F053F80028F5D1004DF3E71E
S2140068600EE000F008B518F09EF8014B186008BD61
S2140068702034002008B5024B186818F098F808BDB8
S21400688020340020074BDB6B13F0400F04D1064B7F
S214006890D3F8C830002BFAD1024B5868C0F3014039
S2140068A0704700BF00300E400000C6430C4B9842B5
S2140068B005D90C4B984210D801210A4601E0002168
S2140068C00A46094B1A64094AD2F8003123F080734D
S2140068D043EA0163C2F80031704702210122F0E763
S2140068E00048E8010090D0030000C84300400E4076
S2140068F0014B1868704700BF84200020114B5B686E
S214006900002300E00133042B0CD80F4A02EBC3022D
S21400691092F804C0CAB29445F4D10B4A52F8332018
S2140069208242EFD3052B0BD0074A02EBC3035979FB
S214006930044A536823F0407343EA01635360704788
S2140069400321F5E700000E401863020008B5FFF7C4
S2140069503FF8044BD3F80031C3F3042303FB0000D5
S21400696008BD00BF00400E4010B5084B1C6CA4B21A
S21400697041F671321A64FFF727F80021FFF7BEFFD1
S21400698014B1024B00221A6410BD00BF00000E4076
S21400699010B5064B1C6CA4B241F671321A64FFF7B0
S2140069A0ADFF14B1014B00221A6410BD00000E406A
S2140069B010B4C0F30323013B092B21D8DFE803F012
S2140069C00508202030232620292D0024164A01E021
S2140069D00024164AC0F3043054B1134BD3F84431A4
S2140069E013F0010F04D1104BD3F840311C42FAD1FA
S2140069F002F1424303F5801300EBC3008000016000
S214006A005DF8044B70470124094AE3E71024094A5D
S214006A10E0E74FF48034084ADCE70024074AD9E769
S214006A200024074AD6E700BF00400E40C0400E4094
S214006A30E0400E40E8400E40F0400E4050410E4010
S214006A40B0400E40C0F30313013B092B6BD8DFE8C0
S214006A5003F0050B111B6A6A2127415F334BD3F8FD
S214006A600001C0F304207047304BD3F81401C0F384
S214006A70042070472D4BD3F80031C3F30063013375
S214006A800120984001387047284BD3F80C01C0F31A
S214006A9008207047254BD3F80801C0F3082070473C
S214006AA0234B984204D0234B98420AD000207047CC
S214006AB01E4BD3F8203103F00F0301209840013815
S214006AC070471A4BD3F82031C3F3011301209840C6
S214006AD001387047184B984207D003F5B01303F5FA
S214006AE0805398420AD000207047104BD3F82831C4
S214006AF0C3F3011301209840013870470B4BD3F8BD
S214006B002831C3F30123043301209840013870472D
S214006B100A4B984201D000207047044BD3F830014E
S214006B2000F0030070470020704700BF00400E4092
S214006B308006160080162E0090171A00A009140072
S214006B4000F00F000138072865D8DFE800F0041BC6
S214006B502A643E4D64553B4BD3F8943003F007034C
S214006B60023B052B0CD8DFE803F0055803070B099A
S214006B7002207047042070470B2070470C20704797
S214006B80052070472F4BD3F8803003F00703022B05
S214006B9045D0042B45D0012B01D00120704703209F
S214006BA07047284BD3F8843003F00703013B032BD0
S214006BB009D8DFE803F002380604032070470A20ED
S214006BC0704706207047012070471E4BD3F8883068
S214006BD003F00703022B28D0042B28D0012B01D06A
S214006BE00120704703207047164B1B6F13F00103FC
S214006BF01FD003B309207047124BD3F85C3103F063
S214006C003003202B19D0302B19D0102B01D00120A7
S214006C107047072070470020704703207047022007
S214006C2070470A20704702207047022070470A20EB
S214006C3070470720704701207047042070470820DF
S214006C40704700BF00400E4010B50446FFF778FFBF
S214006C501B4B9C4212D01B4B9C4215D01A4B9C429D
S214006C6006D00138032828D8DFE800F014171D1ACC
S214006C70164BD3F8800000F00700F2E7134BD3F86A
S214006C80840000F00700ECE7104BD3F8880000F013
S214006C900700E6E717F064FD10BDFEF7FDFEFBE714
S214006CA017F061FDF8E7FEF793FE084BD3F80031C6
S214006CB0C3F300630133D840EEE70020ECE700BFE3
S214006CC0030020000500240002001E0000400E40C5
S214006CD008B50748FFF734FF072804D0092805D170
S214006CE0FEF776FE03E0FFF703FE00E0002008BD97
S214006CF006000E0008B10020704710B504460A488A
S214006D00FFF71EFF072805D0082809D0042804D05E
S214006D10204610BDFFF7ECFDFBE7FEF797FEF8E711
S214006D20FFF714FEF5E700BFB800320038B500F4F0
S214006D307813B3F5B01F00F0938005463BD8B3F543
S214006D40402F00F0828010D9B3F5801F00F0AA8093
S214006D50B3F5A01F27D15748FFF776FF564BD3F859
S214006D60303103F00303D8401CE0B3F5802F61D028
S214006D7005D9B3F5202F14D1FEF72AFE12E0002B1A
S214006D8055D0B3F5003F0AD1FEF722FE4A4BD3F8A2
S214006D900831C3F308230133B0FBF3F002E0002010
S214006DA000E0002038BDB3F5602F02D1FFF790FF5A
S214006DB0F8E70020F6E7B3F5381F5BD00ED9B3F539
S214006DC0481F72D0B3F5781F21D1FEF701FE0446A6
S214006DD0284617F0E3FDB4FBF0F0E3E7B3F5001F39
S214006DE052D006D9B3F5101F0FD13248FFF72CFF4B
S214006DF0D8E7B3F5D01F4BD0B3F5F01F03D12F481B
S214006E00FFF722FFCEE70020CCE70020CAE7B3F565
S214006E10401F0AD12A48FFF717FF274BD3F828311F
S214006E20C3F301230433D840BCE70020BAE7FEF7DB
S214006E30CFFDB7E7FEF7CCFD1F4BD3F80C31C3F3FD
S214006E4008230133B0FBF3F0ACE7FEF7C1FD1A4BA5
S214006E50D3F81431C3F304230133B0FBF3F0A1E7F6
S214006E601648FFF7F1FE144BD3F8203103F00F035A
S214006E70D84097E71148FFF7E7FE0F4BD3F82031CD
S214006E80C3F30113D8408DE70D48FFF7DDFE89E711
S214006E900B48FFF7D9FE084BD3F82831C3F301138C
S214006EA0D8407FE7FFF724FD7CE70020FFF722FFAE
S214006EB078E700BF0500240000400E4002001E00D8
S214006EC00300200010B5FFF74FFD084B07225A6756
S214006ED0FEF77EFDFFF7EAFCFEF7A6FD0446FFF789
S214006EE0D1FC01462046FFF753FD10BD00400E4082
S214006EF0014B1880704700BF8C210020014B188082
S214006F00704700BF8A21002004281ED8DFE800F062
S214006F10180312080D000E4B186AC0F308007047DD
S214006F200B4B186900F07F007047094B986900F01A
S214006F307F007047064BD3F89C00C0F30A007047EA
S214006F40034B986B00F07F0070470020704700BF2F
S214006F5000400E4038B50C46042813D8DFE800F091
S214006F6043032F132100C1F30804274BD3F86838D6
S214006F70002BFAD1254A136A23F4FF7323F001038A
S214006F802343136238BD01F07F041F4BD3F86038EB
S214006F90002BFAD11D4A136923F07F0323431361A4
S214006FA0F0E701F07F04184BD3F86438002BFAD1D1
S214006FB0164A936923F07F0323439361E2E7134D58
S214006FC0D5F890306B6A23F0300343F010036B6201
S214006FD0C1F3C31017F0DCFC2A6B0D4B13402343A0
S214006FE003432B63CEE74F2928BF4F24064BD3F825
S214006FF07438002BFAD1054A936B23F07F03E4B272
S2140070001C439463BEE700BF0020C84300400E4008
S21400701000F8FF0F134B5B6A13F0300F09D02029DE
S21400702014D0302915D009B10F4A04E04FF44002BD
S21400703001E04FF440020B4BD3F8903032EA0303E2
S214007040F9D112F4800F07D1012070474FF40002E7
S214007050F1E74FF44002EEE7024BD3F8A000C0F38E
S2140070608020704700400E40FF33E107022801D021
S2140070700120704710B529B1054B4FF48064C3F862
S214007080A84059660AB9012010BDFFF7C3FFFBE709
S21400709000400E4070B5042800F28580DFE800F05E
S2140070A0484250033C00022301250024AC46002938
S2140070B067D002284AD000213B4B1D663B4B234439
S2140070C09B001B68002BF9D0002A6CD0374C644418
S2140070D0A4002368002BF9D0022864D1002962D0CE
S2140070E0314B5B6A13F0010F46D001222021FFF7D7
S2140070F0BDFF0220FFF708FF0646012200210220FE
S214007100FFF7C8FF31460220FFF724FF264B1D6617
S2140071102368002BFCD046E02023102504244FF0E3
S214007120050CC4E78023402506244FF0070CBEE775
S2140071304FF400734FF4807508244FF0090CB6E73F
S2140071400823042502244FF0030CB0E7164B5B6AB5
S21400715013F0300F0ED1164BDB6B134B5B6A13F03C
S214007160010FA9D0104E736A23F0300343F01003CA
S2140071707362A1E700219FE700210220FFF74AFF84
S214007180B7E709490B66084BD3F890100123A340D4
S2140071901942F8D13AB1044BD3F89020012303FAF0
S2140071A00CF31A42F7D170BD00400E408004F21076
S2140071B000300E4010B50446A8B1012818D0FFF7DD
S2140071C0D3FBDCB9104B04225A67FEF701FCFFF72D
S2140071D06DFBFEF729FC0446FFF754FB01462046EC
S2140071E0FFF7D6FB10BD01221146FFF753FFE6E777
S2140071F0012211461046FFF74DFFE0E7012CE4D1CF
S214007200014B03225A67E0E700400E4038B5FEF710
S2140072101DFC0446002100F0B5FB1648FFF746FBB0
S214007220012211460220FFF735FFFFF79DFB4CB108
S214007230114BDB6B13F0400F04D1104BD3F8C83062
S214007240002BFAD10E4B02225A67FEF7C1FBFFF75E
S2140072502DFBFEF7E9FB0546FFF714FB0146284623
S214007260FFF796FB04B138BD0121002000F08AFB31
S214007270F9E700BF0148E80100300E400000C643B1
S21400728000400E4010B5012211460320FFF702FF12
S214007290FFF76AFB084B05225A67FEF799FBFFF7D4
S2140072A005FBFEF7C1FB0446FFF7ECFA0146204655
S2140072B0FFF76EFB10BD00BF00400E4070B50446E1
S2140072C01120FFF73DFC012200210220FFF7E2FE1D
S2140072D0237C022B2AD00022154E736A23F001036A
S2140072E0134373622278134BC3F8A024A288637AF0
S2140072F043EAC223F362356B05F07F65E38845EA0F
S214007300C325A37A1D43207A45EAC01517F040FB33
S21400731005433563627BA37B1B0143EA0233E27BB2
S2140073201343227B43EA0243736370BD0122D3E713
S21400733000400E400000C84338B505461120FFF750
S214007340FFFB0D4A916B0D4C0C4029780C436B7873
S21400735044EAC324AB7844EA0364EB7844EA0324A3
S214007360936BA34200D138BD012200210846FFF7E7
S21400737091FE014B9C63F6E700400E4080E4FFF868
S2140073804209064B53F8223000F01F0023FA00F0A3
S21400739080F0010000F00100704700BF00E100E04F
S2140073A0074BDB6B13F0400F04D1064BD3F8C83005
S2140073B0002BFAD1024B5868C0F30140704700BF5B
S2140073C000300E400000C643114BDB6B13F0400F3D
S2140073D01DD10F4BDB6B13F0400F04D10D4BD3F8D0
S2140073E0C830002BFAD10A4B1A68C2F301225B6838
S2140073F0C3F301439A4205D9054A136843F01003C4
S21400740013607047024A136823F010031360704736
S21400741000300E400000C643074B1B6813F0100FE9
S21400742005D0064B1B69C3F30443082B00D07047F6
S214007430034B044A1A60FAE700300E4000400E4044
S2140074404C200020C0EA21011A48C26CC2F3032275
S214007450194B1B8803F1280103EB51032833013233
S21400746002EB8201B3FBF1F3013B072B28BF072396
S214007470C16C21F0EE6141EA036343F48013C364F8
S2140074800E4BB3F90030002B13DB9BB203F128013F
S21400749003EB51032833510801EB4202B3FBF2F32E
S2140074A0072B28BF0723026D22F0700242EA03135F
S2140074B00365704700300E40444F0020404F0020C8
S2140074C0024B1880024B1980704700BF444F0020C3
S2140074D0404F002010B1012804D07047034B044AE7
S2140074E09A657047014B034A9A65704700300E4014
S2140074F077402057372110B71A4BD3F8303203297C
S21400750029D8DFE801F002121518DBB24AB91B03CE
S21400751033F4704121D11448C16E21F470411943EF
S214007520C166012A09D001207047C3F30723EDE79F
S214007530C3F30743EAE71B0EE8E71B0333F4704286
S2140075400DD10949D1F8EC2022F470421343C1F85A
S214007550EC30012070470020704700207047002064
S214007560704700BF0081E00F00300E401B02A2B142
S21400757001221343B3F5007F4DD022D8B3F5807FA8
S21400758042D00CD940F20112934215D1294BD3F8C0
S21400759024321A0EC3F3074310E00022E9E763B370
S2140075A0012B06D1234BD3F82432C3F30722DBB2D8
S2140075B004E00022134601E00022134603600A603E
S2140075C07047B3F5407F2DD040F20132934206D18A
S2140075D0184BD3F828321A0EC3F30743EEE740F2EF
S2140075E00122934206D1134BD3F82832C3F3072265
S2140075F0DBB2E3E700221346E0E70E4BD3F81C327B
S214007600C3F30722DBB2D9E70A4BD3F81C321A0EB3
S214007610C3F30743D2E7074BD3F82032C3F307225E
S214007620DBB2CBE7034BD3F820321A0EC3F3074383
S214007630C4E700BF0081E00F38B5002850D04B4BA0
S214007640DB6B13F0400F07D1494B1A78C2F10202E8
S21400765010239340454A1361464AD2F8804104F00D
S214007660010445F60E03C2F88031434B1B6803F055
S214007670010103F01000014303F04000084303F04B
S2140076800401014303F480730B431366374BDB6B33
S21400769013F0400F04D1394BD3F8C830002BFAD181
S2140076A0324B1B6813F0100F0DD0324BD3F840311D
S2140076B013F0807FF9D1324B1A682E4B1A61314B8A
S2140076C01B78052B2BD02F4B1B78023B0A2B32D86E
S2140076D0DFE803F02E3F4331313131313146490086
S2140076E0244BD3F89020244B1A601120FFF728FA79
S2140076F0244B18701D4BDB6B13F0400F04D11F4B4F
S214007700D3F8C830002BFAD1184B5B68C3F301439B
S214007710174A1370174B1A69194B1A6018E01A4B60
S2140077201D68FFF73DFE01462846FFF731F9CAE718
S2140077300020FFF73FFD104B1B6813F0010F02D12E
S2140077400C4B02221A661CB10A4B0022C3F8802199
S21400775038BD0120FFF72EFDEDE7FFF757FDEAE7FE
S214007760FFF790FDE7E7FFF7ADFBE4E700300E40DC
S2140077700F50002000400E40283400200000C64372
S21400778024340020105000204C200020074A1368A4
S21400779023F44073417843EA012313604378022BB5
S2140077A000D07047024B5B6AFBE700BF00300E401C
S2140077B000400E4038B50446F8B9FFF705FE184AF3
S2140077C0136943F00403136117F0D5F917F0D4F9E1
S2140077D0144B154AC3F8242403F559231B6813F0E9
S2140077E0100F0ED130BF17F0C8F903F0BBFB8CB1F9
S2140077F00120FFF721FF84B138BD0020FFF71CFFF2
S214007800DBE717F0D0F805461BF0E6FF284617F032
S214007810CEF8E8E7FFF700FEEDE7FEF705F9EBE741
S21400782000ED00E000A000400000FFFF38B5044671
S21400783050BBFFF7C9FD1E4BD3F8802145F60E015D
S214007840C3F880114FF42071196612F0010F02D0B0
S2140078500022C3F88021174A136943F0040313611A
S214007860154B164AC3F8242417F085F9144B1B68E9
S21400787013F0100F0CD130BF03F074FB8CB1012055
S214007880FFF7DAFE84B138BD0020FFF7D5FED0E75B
S21400789017F089F805461BF09FFF284617F087F873
S2140078A0EAE7FFF7B9FDEDE7FEF7BEF8EBE700BF46
S2140078B000400E4000ED00E000A000400000FFFF8A
S2140078C000300E40134B9A6922F03F020378D3B182
S2140078D004234178C9B102210B438178B9B108214C
S2140078E00B43C178012900D000210B4301790B43DB
S2140078F01343084A9361136823F44033417943EAFB
S2140079000143136070470023E3E70021E4E700210A
S214007910E6E700BF00300E40174BDB6B13F0400F5E
S21400792029D170B504460D46FFF73AFDA04218D09F
S214007930124BD3F80031FEF74BF80646022C11D056
S214007940C4F10202102393400B4A136145B1D36B76
S21400795013F0400F04D10A4BD3F8C830002BFAD1ED
S21400796024B170BD0221FFF713F8E9E70021304685
S214007970FFF70EF8F5E7704700300E4000400E4067
S2140079800000C64338B5114BDB6B13F0400F0BD12C
S2140079900C4650B10E4B1B7813B10E4B98420FD9C4
S2140079A021460020FFF7B8FF38BD0B4BD3F8005137
S2140079B0C5F304250135FEF70BF805FB00F0E9E7F3
S2140079C021460220FFF7A8FFEEE700BF00300E407A
S2140079D02C340020002D310100400E4008B50278FE
S2140079E0034B1A7001210020FFF7CCFF08BD00BF33
S2140079F02C34002010B42C4B5A6B4AF6E8515963CD
S214007A00294B9B6F13F0010FFAD1274B1B6C13F019
S214007A10030303D025490124C1F8B44AD9B28142F0
S214007A2021D0032B00D01BB9431EDBB2012B21D97A
S214007A301D4B9B6F13F0010FFAD11B490B6C23F003
S214007A40030303430B64184B9B6F13F0010FFAD12B
S214007A50003818BF0120154BC3F8B40A012A1FD0FE
S214007A605DF8044B70470028FAD1104B0022C3F88B
S214007A70B42AF5E70C4B4FF40021D9620A4B9B6FF2
S214007A8013F0010FFAD108490B6C23F0030343F0FF
S214007A9001030B64044B5B6A13F4002FFAD0C7E7AC
S214007AA0014B00225A63DBE700300E400000C6435D
S214007AB02DE9F04F8DB000910192002309930A93AF
S214007AC00B93069307930893039304930593654AD1
S214007AD01288ADF808208DF80A30A0F5E163B3F5FA
S214007AE0966F00F2AE800646B0F5E16F8CBF4FF0A1
S214007AF001094FF000096DD94FF4966A4FF4E1641E
S214007B00B6F5E16F6BD9584BD3F8183208931A0EB6
S214007B100592C3F307430893544DEF6CC7F3017700
S214007B208DF808703B464A4603A906A8FFF71EFDD7
S214007B30D5F8EC30C3F301288DF8098043464A4651
S214007B4004A907A8FFF712FD321B089B0599C91A5E
S214007B5002FB01F1B1FBFAF10B9119440B91DDF830
S214007B600CB0DDF818C0ABEB0C0502FB05F5B5FB59
S214007B70FAF5099565440995DDF810E00798AEEB2F
S214007B80000404FB02F2B2FBFAF20A9284180A948A
S214007B90059A8A4259D38B4259D8A64559D3A04252
S214007BA059D8AB4559D3AC4559D8019B73B12F4B27
S214007BB0DB6D23F4FE4323F0020343EA0123B6F50C
S214007BC0E16F16D902221343284AD365009B93B966
S214007BD0012037E04FF4167A4FF4966490E7224B74
S214007BE0D3F818320893C3F307220592DBB2089342
S214007BF092E70022E7E7002239464846FFF77CFC7A
S214007C0000B3012241464846FFF776FCD0B1A542B4
S214007C1038BF25460995E72D28BFE7250995134B5C
S214007C205B6E23F4FF7323F0010343EA4503B6F5C6
S214007C30E16F04D9012213430C4A536602E0002286
S214007C40F9E700200DB0BDE8F08F0020FAE700202D
S214007C50F8E70020F6E70020F4E70020F2E700202F
S214007C60F0E700BF406302000081E00F00300E40E6
S214007C7008B5214B1A6FDB6C13F0010F09D012F018
S214007C80060F06D013281FD9143813281ED8082329
S214007C9023E0194BDB6C13F0010F09D112F0060F2D
S214007CA006D1092814D90A38092813D8082314E05D
S214007CB0114BDB6C13F001030FD012F0060F0BD143
S214007CC0272817D8082308E0042306E0102304E03A
S214007CD0042302E0102300E00023013B1A0342EADB
S214007CE003220549CB6C23F47F431343CB64FFF791
S214007CF0ABFB08BD1023F0E700300E4008B5074B7D
S214007D00D3F88039064A136F23F00703034313673B
S214007D10044B1888FFF7ACFF08BD00BF0000C64341
S214007D2000300E40424F002008B5084AD36E43F09C
S214007D308073D366064BD3F880391BB10420FFF757
S214007D40DDFF08BD0020FFF7D9FFFAE700300E4040
S214007D500000C64338B5304B02229A639B6B03F093
S214007D600F03934254D10446B0F90C10C3884A2B33
S214007D7009D9B3F5FA7F41D340F6C312934240D8EF
S214007D804FF0005200E00022234BDB6C23F0405300
S214007D9023F00103002937DB01210A4313431E4A5F
S214007DA0D364D2F8EC3043F44073C2F8EC30A288C7
S214007DB01A4B1A80FFF7B8FFB4F90C102089FFF7AA
S214007DC07FFBA088FFF754FFA07BFFF783FB012211
S214007DD011466088FFF76CFE0546D0B10E4AD36B9D
S214007DE043F48063D3636078FFF704FEA37A202B06
S214007DF00CD000220A4BC3F894270AE04FF08052BA
S214007E00C2E74FF04052BFE70021C6E70122F1E784
S214007E100025284638BD00BF00300E40424F0020E7
S214007E200000C643044AD2F8443423F00303034355
S214007E30C2F84434704700BF00A00040F8B50D46B5
S214007E4014461E46072A2AD8930000FA03F20F218A
S214007E5099401D4816F09CFE0027072C2AD8A10042
S214007E6005F003028A40032303FA01F1174816F0CF
S214007E708FFE174A224492001660164B23449B003E
S214007E809DF818201A600123A340134AC2F8243430
S214007E90124B23449B009DF81C201A60F8BDA2F1EB
S214007EA00807BB0000FA03F20F2199400C4816F0B1
S214007EB06FFED2E7BF0005F00302BA400321B940C7
S214007EC0084816F065FED4E700A4004008A4004069
S214007ED080208510A020851000A00040402185103D
S214007EE004A400400CA40040F8B504460D461E4607
S214007EF017463AB1FBB100EB400109010122AA4046
S214007F001D4B5A50072D1ED8A90004EB44031B0135
S214007F1007FA01F20F2000FA01F11848184416F08B
S214007F2037FE3FB9FEB104EB440424010122AA4007
S214007F30114B1A51F8BD00EB400109010122AA407D
S214007F400F4B5A50DEE7A5F108039B0004EB440CE8
S214007F504FEA0C1C07FA03F20F21994009486044C7
S214007F6016F016FEDDE704EB440424010122AA40C5
S214007F70034B1A51DEE700BF0CA0004604A00040E9
S214007F800CA0004408A0004002B97047F8B50446AB
S214007F900E46174603F00305036823F44073036098
S214007FA02A024FF4407116F001FE2EB9124B9C4285
S214007FB017D0124B9C4219D02368114B5A5D07FB11
S214007FC002F26AB1A6EBC7031344013BB3FBF2F31C
S214007FD0013B226812F0020F01D003B9012323618E
S214007FE0F8BD0848FEF7A2FE0646E5E70648FEF797
S214007FF09DFE0646E0E700BF00C0004000C400400B
S21400800044630200008204000092040038B505466E
S2140080100C46002303640B4BC3634A7882F00102CC
S21400802000F1424303F58013DB0001339B001A6026
S2140080300B7B8A684968FFF7A7FF2178284616F069
S214008040C3FD38BDFFFF070008B5094B4FF40072AB
S214008050C3F88020BFF34F8FBFF36F8F054B00210F
S214008060D96619624FF4AA40FEF7A2FC08BD00BF0D
S21400807000E100E000200E4081F00101024B0344C5
S2140080809B001960704700BFA001F11010B50446B0
S21400809001214FF4AA40FEF78BFC23786178A27882
S2140080A042EA012242EA03620B4B1A6000221A627D
S2140080B0DA625A634FF00042DA664FF0FF329A6691
S2140080C0064A4FF40071C2F88011E3785B01DBB218
S2140080D082F80933116010BD00200E4000E100E078
S2140080E070B50C46C3B201259D40254EB5660B689B
S2140080F000EB400106EB0111C1F88030637BC1F84C
S214008100883094F80AC0E37A1B0543EA0C4394F8D7
S2140081100CC043EA4C53C1F8843022F00302C1F885
S214008120982016F04FFCF36E2B43F366237A13B1B8
S214008130736B2B437363637A1BB1114AD36A2B4369
S214008140D3620F4B1B68227922B1D243120262F42B
S2140081507F42134062790AB143EA0223A2791AB138
S214008160D24362F0FF021340E27902B11343044A9D
S2140081701360044B9D62D56316F02AFC70BD00BFE9
S21400818000200E4000200E4410B5C0B201248440EA
S21400819016F018FC044AD36E23EA0403D366034B96
S2140081A01C6216F015FC10BD00200E4000200E4488
S2140081B010B5C0B20124844016F004FC084B1B6ABC
S2140081C0234205D1064B9B6A9C4306D0002400E060
S2140081D0002416F0FDFB204610BD0124F9E700BF81
S2140081E000200E40054B5A685B68054B41F671321D
S2140081F01A649A6822F001029A60704700300E40B6
S21400820000000E40034B9A6822F001029A6000229A
S2140082101A64704700000E400C4B0D4AD26912F0EB
S214008220010F02D00BB1013BF7E74BB1084B1861C9
S2140082300122DA60DB6913F0040F04D100207047D6
S2140082406FF0020070474FF0FF307047809698003E
S21400825000000E408C46E9B900207047013B124AE8
S214008260D26912F0010F04D0002BF7D16FF0020094
S21400827070479BB10C4BDB6913F0020F11D16145BF
S2140082800AD250F8042B084B9A6101310822DA60B2
S214008290064BE4E70021F2E7002070476FF002008B
S2140082A070476FF00100704700000E4080969800FF
S2140082B02DE9F04780460E46254B196C1FFA81F9CA
S2140082C041F671311964234948684968996841F054
S2140082D001019960970800231D4614E01C498A682E
S2140082E022F001028A60B9F1000F2DD00A46002163
S2140082F0116429E051463046FFF7ACFF0346C0B98B
S214008300554406EB8A06BD4213D208EB8504204688
S214008310FFF782FF03460028E0D1C4F30A04C4F541
S2140083200064A308A7EB050ABAEB940FE2D39A46BB
S214008330E0E707498A6822F001028A60B9F1000F77
S21400834002D00A46002111641846BDE8F08700BF37
S21400835000000E4000300E4010B42B4B196C89B252
S21400836041F671321A64294A546852689A6842F093
S21400837001029A6018610122DA60DB6913F0040FCB
S2140083800BD1214B0222DA60214B1F4AD26912F030
S214008390010F0ED06BB1013BF7E71B4A936823F041
S2140083A00103936011B1134600221A644FF0FF30A8
S2140083B00DE0154AD26912F0020F0BD1B3B1124A82
S2140083C0936823F001039360E1B1002010645DF828
S2140083D0044B70470C4A936823F00103936011B175
S2140083E0134600221A646FF00100F0E7064A93680D
S2140083F023F00103936011B1134600221A646FF054
S2140084000200E4E70020E2E700000E4000300E40E5
S21400841080969800014B01229A60704700500E40EB
S21400842010B4184B5C68002318460BE0B2F5803F8A
S21400843021D0154A52F83320224202D0214200D1E0
S21400844010430133082B19D80F4A02EBC3025168B8
S2140084500E4AD2F8E82112F0040FEAD10A4A52F87E
S2140084603320B2F5006F06D0E0D8B2F5007F02D018
S214008470B2F5806FDDD141F48071DAE75DF8044B28
S214008480704700BF00500E40486302000040E00FF7
S2140084904A790B7891F801C043EA8C0391F802C040
S2140084A043EA8C1391F803C043EA0C1391F804C016
S2140084B043EACC2343EA02338A7943EA4243043050
S2140084C00001014A1350704700200440014B186019
S2140084D0704700BF00008442037813B3012342783C
S2140084E00AB3042213438278FAB110221343C278E7
S2140084F0EAB120221343027943EA0223427943EA8F
S21400850002338279AAB14FF400421343C27943EA98
S2140085100243027A7AB14FF400321343074A1360DB
S21400852070470023DBE70022DCE70022DEE70022BC
S214008530E0E70022E9E70022EFE700BF0020044062
S2140085400D4AD2F8E4309B0003F03C03D2F8E0106A
S214008550C1F381110B438370D2F8E03003F03F0380
S2140085604370D2F8E83003F0F003D2F8EC20C2F300
S214008570031213430370704700FF0FE0024BD3F85B
S214008580F000D3F8F41070470081E00F024BD3F8E8
S214008590FC00000E704700BF0081E00F044BD3F8CC
S2140085A0E4301B0E0A3303F01F0301209840704787
S2140085B00081E00F70B5054616461C460846D1B148
S2140085C0402C20D01BD804B3202C13D1082306FB44
S2140085D003F2530803EB4013B3FBF2F3203B0C4AC1
S2140085E002EAC3032A6822F060022A602A6814435B
S2140085F02C606B6170BD0748FEF798FBE0E7602CC7
S214008600F8D10423E3E70623E1E71023DFE700BF02
S214008610F8FF7F004041050038B5054614460B4676
S21400862031B1013B6400B3FBF4F31B026B6138BD50
S2140086300248FEF77BFB0346F3E700BF4041050018
S21400864040F6AA63C3600023036041F2050242605D
S21400865083604361C364134A826403664367836727
S214008660C367114B98420BD003F58063984207D03E
S21400867003F58063984203D003F58063984201D1E6
S214008680002303650023836503F1804303F58233EB
S214008690984203D003F50063984201D10023C365D6
S2140086A0704700BFF9FF01000000014038B50446DE
S2140086B019F0D9FF054DA446BCE80F000FC59CE88D
S2140086C00F0085E80F00002038BD00BF30340020C2
S2140086D047F6FF739A4200F08480062900F28380F2
S2140086E070B5444B13F801E0BEF1020F7DD8424B43
S2140086F003EBCE0191F802C0BCF1010F38BF4FF07A
S214008700010C604613F83E30012B26D03A4B03EBA3
S214008710CE035C68002C6AD0B4F90030934204DBC8
S214008720B4F90230934200DC1346A288FF2A2CD00C
S21400873000212826C8221D46D21A92FBF6F20A44C9
S21400874012B22D4B03EBCE0393F801E0964501DD04
S214008750002A2FDA0EF1FF322CE0CB78A3EB0C03C5
S21400876000249C420ED2191BA3EB5101224800EBB9
S214008770CE00406830F91100904201DC0C46F0E76C
S2140087804B1EEEE76344D8B230E0B4F90620B4F9E5
S21400879008600121CFE75C331849A1FB03139B094E
S2140087A0013212B2164696450FDD04EBC2018988E7
S2140087B099420AD304EBC2018B68B1F9061001FB9B
S2140087C00533002BE7DA0023E5E7013E04EBC60499
S2140087D0A2889A4200D31A46624500D31046C0B219
S2140087E004E0FF20704700207047002070BD002086
S2140087F0FCE700BF9063020030340020D34D6210C7
S214008800062975D83E4B5B5C022B73D83D4911F8A0
S2140088103310012923D0002A6ED010B4394901EB59
S214008820C3014C68002C69D0201D364901EBC301FA
S214008830897891422FD2334901EBC301C97891421E
S2140088402ED9304901EBC30393F801C00CF1FF3C6D
S2140088505FFA8CFCA388FF2B25D0002327E029494C
S21400886001EBC301C978914200D20A46254800EBC5
S214008870C300807801282CBF121A02F1FF32D2B250
S214008880091A8A4200DD00221E4901EBC3035B6819
S21400889033F912007047B4F902005DF8044B7047D4
S2140088A0B4F90000F9E7012301E00133DBB26345C8
S2140088B004D2591C30F831109142F6D24FF47A7136
S2140088C001FB02F200EBC3004368D31AB0F90220A2
S2140088D002EBD27103EB610393FBF2F3B4F90000F1
S2140088E09842DADBB4F902009842D6DC18B2D4E734
S2140088F00548704704487047044870470248CCE76C
S21400890090630200303400200080FFFF0CFEFFFF63
S21400891008B50348FFF7CAFE012019F0ECFE08BDB3
S2140089209863020000487047902000200048704777
S2140089308820002000B587B000230193029303939C
S2140089400493059302238DF804300D4B0293062200
S2140089508DF80C2001238DF80D300C218DF80E10AB
S2140089608DF812208DF813300D238DF8143001A9E0
S2140089704FF0FF3019F081FF07B05DF804FB00BF31
S214008980006A1800024B0122C3F80026014870470F
S2140089900010C84300000F400A4B984206D003F56B
S2140089A08063984200D07047012200E00022064B08
S2140089B003EBC2035A68054B13449B0000221A605F
S2140089C0F1E700BF00000F40506402008005F2107F
S2140089D000F01F0201239340A0F50620A0F550608A
S2140089E04009074951F820201A4341F8202005493C
S2140089F051F8202022EA030241F82020704700BFE9
S214008A00643400205034002000F01F0CA0F506202F
S214008A10A0F5506040090F4951F82030012202FAB3
S214008A200CF2134341F8203000231A4604E00A49AA
S214008A3051F823100A440133042BF8D902B17047C9
S214008A40042A05D8034B002143F822100132F7E729
S214008A50704700BF503400206434002000F01F0C24
S214008A60A0F50620A0F550604009054951F82030D1
S214008A70012202FA0CF2534041F82030704700BF42
S214008A80643400202DE9F041A2B0402422460021A3
S214008A9012A81AF074FC2246002102A81AF06FFCF5
S214008AA0214F23E0DFF88C8029E022AB03EB840320
S214008AB053F8400CFFF78CFF0134AC42F5D3CDF8E9
S214008AC000803B46102202A91848006819F0E7FA11
S214008AD00546002407E022AB03EB840353F8800C22
S214008AE0FFF792FF0134AC42F5D33746104B9F4256
S214008AF013D807F110060F4B9E42D3D8B04608F1A4
S214008B00FF38CDF800803B46102212A907480068BF
S214008B1019F0BCFA05460024CFE7074B01221A706D
S214008B2022B0BDE8F08100BF006D08008020002064
S214008B30FF70080000710800115000202DE9F04178
S214008B4084B006460D461C4617460AB1002313603D
S214008B500CB1002323601023009300232A463146DD
S214008B60114800680CF014FA8046C8B90FB11023FB
S214008B703B602A680D4B9A4210D18FB184B12346D0
S214008B8003AA3146084800680CF026FB20B9236883
S214008B903A689B1A236003E0804601E0DFF8108005
S214008BA0404604B0BDE8F08180200020105D175ECE
S214008BB0FFDF00F02DE9F0478046894617461E463F
S214008BC016F01DF9524CA4FB0034E40804EBC41460
S214008BD0041B04F5062404F550644E4B1B7813B1B1
S214008BE00025AA464EE0FDF7F5FD00287DD1FFF7EB
S214008BF049FFF5E7BAF1000F00D1A246A4F5062416
S214008C00A4F6FF44424BA3FB0423DB0803EBC31389
S214008C10E31A03F5062404F5506432E00A9B1C6050
S214008C2000204FE0099B089A31462046FFF786FF52
S214008C30394B984209D01233984206D060B1374B70
S214008C40984209D06FF091003CE02146344B1868FA
S214008C500CF006FB00284ED1B268F3684B4508BFFF
S214008C60424531D0A4F50624A4F6FF44284BA3FBC6
S214008C700423DB0803EBC313E31A03F5062404F509
S214008C8050640135802D27D8A4F5062CACF5506C21
S214008C904FEA5C1C234B53F82C3004F01F02D340E1
S214008CA013F0010FBED1204B53F82C30D34013F0F5
S214008CB0010F9FD1E7B1BAF1000FAFD00A9BC3F8FE
S214008CC000A00020BDE8F08717B17368012B15D00F
S214008CD00A9B1C600020F5E79FB1BAF1000F13D085
S214008CE00A9BC3F800A00020ECE76FF09100E9E7CC
S214008CF06FF08B00E6E76FF08B00E3E76FF0840021
S214008D00E0E76FF08B00DDE76FF08B00DAE700BF7F
S214008D10813FE00F11500020FFDF00F0FEDF00F083
S214008D208020002064340020503400202DE9F04FCD
S214008D3087B006460D469846DDF840A091462AB113
S214008D40002B52D040F26C739A4251D8BAF1010F00
S214008D5051D80023059309F110073946012017F072
S214008D6076FB0446002849D03A4600211AF007FB55
S214008D7005AB02930023019300932346012230465D
S214008D802946FFF717FF8346F0B91E4B2360A660FF
S214008D90E560C4F804A0B9F1000F1BD13B4622469B
S214008DA00599194800680CF05BF8D0B16FF0910B8C
S214008DB03A46002120461AF0E2FA204617F057FB02
S214008DC0584607B0BDE8F08F10F18C0FF0D16FF069
S214008DD08D0BEDE74A46414604F110001AF008FAFA
S214008DE0DCE70598FFF7F4FDE2E76FF0860BE7E7B0
S214008DF06FF0910BE4E76FF0850BE1E76FF08C0BFB
S214008E00DEE700BF105D175E802000202DE9F041F0
S214008E108CB01446129D139F1E4663B1002F44D09B
S214008E20002D45D0B5F1005F45D3C3F1005303F5DF
S214008E3080239D4242D80022089209920A920B9201
S214008E400792069205AB029307AB019306AB00931D
S214008E5008ABFFF7AFFE8046D8B9079B36B1A342F2
S214008E6006D8E3B924B16FF0860812E0A34219D3FE
S214008E701B1BB34211D23B603B680093069B234406
S214008E802A4605990F4800680CF082F808B16FF082
S214008E90910840460CB0BDE8F0813E60ECE76FF00C
S214008EA08608F6E76FF08608F3E76FF08608F0E7C7
S214008EB06FF08608EDE76FF08608EAE76FF0860841
S214008EC0E7E700BF8020002010B58CB00022089293
S214008ED009920A920B920792069205AB029307AB91
S214008EE0019306AB009308ABFFF764FE044670B927
S214008EF0099B012B0ED00599094B18680CF0B0F9A8
S214008F0058B90598FFF7AAFD0598FFF77DFD20469E
S214008F100CB010BD6FF08404F9E76FF09104F6E72B
S214008F2080200020074B5B685BB182B0054BD3F80E
S214008F3000310193019B034B5B68002BF6D102B016
S214008F407047704700D00140144B5B6810F0030F69
S214008F5006D018E0114BD3F8003140F8043B043932
S214008F600329F7D8C1B10D4BD3F8003112E00B4BF3
S214008F70D3F8003103701A0A42701A0C82701B0E66
S214008F80C370043904300329F1D8EBE700F8013B3D
S214008F901B0A01390029F9D1704700BF00D00140F3
S214008FA010B5002403E0124B5B68FBB90134092CB2
S214008FB014D80F4A136843F48071116023F4807349
S214008FC013600C48FDF7B2FE800A0023084A526878
S214008FD0002AE8D18342E6D20133F7E7044A136851
S214008FE023F0010313606FF0920010BD0020FCE731
S214008FF000D001407000020008B50D4B40F27162CF
S2140090001A60FFF7CDFF90B9094B5B68032BFBD9BD
S214009010074BD3F800211A61D3F800215A61D3F820
S21400902000219A61D3F80021DA61FFF7B9FF08BD85
S21400903000D0014010B50E4B1C6B14F45C7F11D0B1
S21400904014F4807F06D1FFF7ABFF10B914F41C7F31
S2140090500AD110BD24F480741C63FFF763FF6FF021
S2140090609300F6E70020F4E76FF09300F1E700BF07
S21400907000D001402DE9F04F83B001900F46914695
S21400908015F0ECFE0446002856D1344AD2F8C0301B
S21400909043F40033C2F8C030314B1B6813F0010FA5
S2140090A007D0DDF804A03E464FF0000B4FF00A084C
S2140090B02BE0FFF7A1FF04460028F2D03CE0294849
S2140090C0FDF734FEC00A844204D2254B5B680BB918
S2140090D00134F8E7224B5B68E3B9D84637466FF0B1
S2140090E0930423E0DDF804A03E464FF0000B0CE0AE
S2140090F01B4B5D68AD00B54228BF35462946504635
S214009100FFF722FFAA44AB44761BCEB1144B5C6833
S214009110A400D4D0FFF78EFF044610F1930F12D0B0
S21400912010F1940FE4D1B8F10108DBD114B114F1B9
S214009130940F0BD1C9F80080204603B0BDE8F08F2D
S214009140D8463746F2E7D8463746EFE73A46002194
S21400915001981AF014F94FF00008EBE700400E40B3
S21400916000D00140700002002DE9F04F8FB004904F
S21400917005919346DDF868A0DDF86C901C464BB16F
S2140091801B68009300250A950B950C950D95574680
S214009190A246AEE000230093F4E7FFF7F3FB044695
S2140091A0002343604FF44043036015F0FCFB064683
S2140091B0059B102B19D010220499204615F0A2FC0E
S2140091C004F1840301931899184615F045FC3046BF
S2140091D015F0EDFBABEB05031B09DDF80080CDF8C1
S2140091E008B0CDF80CA09A460CE00822E4E70AA9DD
S2140091F004F1800015F04EFC304615F0D8FB103513
S21400920008F10108D04520D215F0CDFB0646464BA6
S2140092102365236913F0010FFBD1791904F1A0002F
S21400922015F01AFC0F2DE2D9A5F1100B09EB0B0E69
S2140092300DF1280CBCE80F0049F80B00CEF804101E
S214009240CEF80820CEF80C30D1E7DDF808B0DDF80F
S2140092500CA07B1906AE785959689A68DB680FC669
S2140092600F2D34D9A5F1100E09EB0E0C0FCE49F8D0
S2140092700E00CCF80410CCF80820CCF80C30009E79
S214009280DDF864800DE006F138036B4413F8203CEB
S21400929018F80620534009F80530013606F00F0688
S2140092A001355D4517D0002EEDD115F07CFB009002
S2140092B01D4B2365236913F0010FFBD1414604F1D2
S2140092C0800015F0E7FB009815F071FBDBE7009EC9
S2140092D0DDF86480E5E7009615F065FB064618990C
S2140092E0019815F0D7FB304615F061FB2046FFF7D6
S2140092F053FB5D450FD2009900293FF44EAF7B5DCE
S214009300199A525C534009F805304E1C06F00F03BC
S21400931000930135EDE7544614B1009BCAF80030BF
S21400932000200FB0BDE8F08F480503012DE9F04599
S2140093308DB0DDF85880179F189E002900F0E18058
S21400934005461C468A46002A00F0DE80B8F1000F6B
S21400935016D0D6B11A9B002B00F0D980734B9C42D6
S21400936020D018D9724B9C421CD003F580739C42C7
S21400937018D0A3F500739C4214D06FF0850040E02F
S214009380002FE6D06FF086003BE0199B002BE1D063
S2140093906FF0860035E0674B9C4203D003F54073C0
S2140093A09C4231D12B88B3F5105F40F0B3806B88B8
S2140093B0B2EBD30FC0F0B180802B03D0B3F5807F23
S2140093C040F0AE803FB3B0450DD208EB0703B34282
S2140093D009D9199B9F4200F2A6803A46414630467C
S2140093E019F0B3FFB0466D88ED08504B9C4233D061
S2140093F003F540739C422FD04F4B9C420FD06FF02A
S21400940085000DB0BDE8F085A3F580639C42C9D009
S2140094106FF08500F5E700201A9B1860F1E7199BAE
S2140094209F4257D817F00F0457D16FF09203BC42F3
S2140094300CD23319009308EB040301222946504648
S21400944015F00EFD034618B91034F0E71A9A1760A7
S214009450002B4BD10020D4E7199B9F4240D8374BB6
S2140094609C421AD0159B102B3DD108AC149B186853
S21400947059689A68DB680FC40396CDF8088004AB79
S214009480019308AB009300233A4629465046FFF75F
S2140094906BFE58BB1A9B1F60DCE7159B0D2B02D09A
S2140094A06FF08600ADE701238DF82030149A10681F
S2140094B051689268CDF82100CDF82510CDF8292006
S2140094C0149A127B8DF82D2000228DF82E208DF810
S2140094D02F30D1E76FF0860093E76FF0860090E7B5
S2140094E06FF086008DE76FF086008AE7199A0021F4
S2140094F0304619F044FF00231A9A13606FF092006A
S2140095007FE76FF086007CE76FF0860079E76FF004
S214009510860076E76FF0850073E76FF0850070E7EA
S2140095206FF085006DE76FF086006AE70010C004F4
S2140095300012C00400414004004440040013C0046C
S2140095402D2822D8DFE800F0172121212121212112
S21400955021212121212121212121212121212121F6
S2140095602121212121211B212123212121211D21EE
S2140095702121211F211907487047074870470748CF
S21400958070470748704707487047074870470748BE
S214009590704700BF04660200886402009C640200F4
S2140095A0C4640200DC640200FC6402006064020022
S2140095B010B504464FF42F72002119F0E0FE802308
S2140095C0C4F88C30054BC4F88430012384F8883006
S2140095D004F19C0015F0CAF810BD00BF0C6502002F
S2140095E010B503460846D3F8A0202AB1D3F8A41035
S2140095F090470024204610BD184615F040FF04464C
S2140096000028F7D0FFF79CFF0146024816F0A1F8A5
S214009610F0E700BF2C3A02002DE9F04190F8806098
S2140096201EB100263046BDE8F081054615F07AFCEE
S2140096300028F7D1012385F8803095F888300BB9DB
S214009640B0461BE0002385F88830D5F884101F4804
S21400965016F07FF8F4E716F060F8044617E02846A0
S21400966015F05DFC3946284600F0E4FB064601E0AE
S2140096704FF00108B4F1FF3F12D08EB9D5F8B442CE
S214009680B4F1FF3FE7D04FF0FF33C5F8B432B4F182
S214009690FF3FEDD014F0FF07E1D14FF00108E9E7F6
S2140096A026B9002385F880304646BBE7284615F0E5
S2140096B04BFC95F88830002BF3D0D5F8841003487F
S2140096C016F047F8002385F88830EAE710650200B0
S2140096D0F8B506460D4617460B78302B0DD04FF0E2
S2140096E0000C15F80C30002B4AD0364CE35C13F017
S2140096F0040F65D00CF1010CF3E74B78782B04D0FF
S214009700582B0CD04FF0000CEBE70222AB5C43B1B9
S2140097102C49CB5C13F0440F50D00132F6E70222FE
S214009720F4E7724206F0030302F0030258BF534206
S214009730032B16D1284619F07BFD0238013608D4D3
S214009740B310B0EBA60F06D09842ACBF00200120A5
S21400975037E00336F4E7A87837288CBF00200120CE
S2140097602FE0284619F064FD831E3246002E05DBE6
S214009770B3EBA20FD4BF0120002022E0F21CF7E7D3
S2140097800A220021284613F0B9FB02460C46202E7A
S21400979010D027B1084302D0013A61F1000401233A
S2140097A0B340013B1340002C08BF93420CBF01207E
S2140097B0002006E0B1FA81F0400902E0002000E057
S2140097C00020F8BD138D020003787B2B1CD14FF0D0
S2140097D0000C0122835C7D2B0ED00E49C95C11F073
S2140097E0440F03D00CF1010C0132F3E7202B01D01B
S2140097F0002070470132EDE71044437833B91CF07F
S214009800010F05D1012070470020704700207047E7
S21400981000207047138D0200212816D821283AD838
S214009820DFE800F0113B191B1D1F21233939393998
S214009830393939392527292B2D2F313339393939FB
S21400984039393939353718487047FE2827D0FF2868
S21400985027D116487047164870471648704716486E
S214009860704716487047164870471648704716489F
S214009870704716487047164870471648704716488F
S214009880704716487047164870471648704716487F
S214009890704716487047164870471648704716486F
S2140098A070471348704700BFCC650200C8650200C9
S2140098B0246502002C650200346502003C65020047
S2140098C0446502004C650200506502005C650200BB
S2140098D068650200746502007C6502008865020007
S2140098E094650200A0650200A8650200B465020047
S2140098F0146502001C650200C065020070B50646CD
S2140099000D4619F095FC0446304615F022FF03E09C
S214009910034815F01EFF0134AC42F9D370BD00BFFA
S214009920D46502002DE9F84F044602213248FFF7BD
S214009930E5FF1E212068FFF7E1FF6368586815F011
S21400994008FF2E4815F005FF63681A7BFD2A51D8DC
S21400995003F10C09D3F808A0504619F069FC8046BC
S2140099604FF0FF34002510E02B2015F0E6FE36E021
S21400997015F0E3FE01341AF804001F2801D0444510
S214009980F6DB1E4815F0E5FE0135AB4619F8056016
S214009990FF2E2FD03046FFF73FFF0746B8F1000FE7
S2140099A000DD0134202EEFD0134E02213046FFF7A3
S2140099B0A5FF1E213046FFF7A1FF114815F0C9FE8E
S2140099C01049384619F00AFC00B90F4F39460F48BF
S2140099D015F0BFFECB449BF80130202BC4D00C48BA
S2140099E015F0B7FEB8F1000FCBDD1AF804301F2BC8
S2140099F0C7D0C0E7BDE8F88F04660200B068020072
S214009A00DC650200B4650200D8650200106502003D
S214009A10E06502002DE9F04F93B08146069107926B
S214009A201C4603931C9E19F003FC8046002323600B
S214009A3033600AAA09A9484615F0B3FE002840F08C
S214009A40C4800A9819F0F4FB2060D9F89C500023D3
S214009A501C4605939A460495A7E000242AE00134A4
S214009A6028E0099B013B534551D00F6834680298A3
S214009A7019F0DEFB04440134346001E00133336046
S214009A80336819F80320002AF8D00AF1010A019C6D
S214009A9010E0059B013305932A46DDF81CB05946B5
S214009AA0069D284614F09AFE4B4A5946284614F05E
S214009AB095FE013404EB440307EB830B57F8233081
S214009AC0002B37D0099B534534DB9BF80830002B1E
S214009AD0C5D1D9F894203368D21A039B1A6012AB0A
S214009AE003EB8A0353F8203C0293DBF80050294628
S214009AF0184619F08BFB01900028DAD1284619F099
S214009B0097FB0090DBF804100A7BFE2AA9D0D9F850
S214009B10943030681B1A009883420EDC069819F0C1
S214009B2087FB009B03447B2BB3D92C4A07990698E6
S214009B3014F054FE4B4642462CE0FE2AB9D1099B4F
S214009B40013B5345B5D10F680094CDF808A0019CA1
S214009B50059DDDF818A0DDF81CB004EB440357F8AB
S214009B6023205AB15946504614F038FE1A4A594630
S214009B70504614F033FE01350134EEE7009CDDF864
S214009B8008A00595C6F800800023039A1360D1E765
S214009B900133013A002A05DD19780029F8D1202181
S214009BA01970F5E7049B1B680493049B7BB1049B28
S214009BB09F68002FF6D019F80430202B7FF44DAFA5
S214009BC03368013333600134F5E7002305930598C5
S214009BD013B0BDE8F08F00BFD4650200E465020054
S214009BE02DE9F04786B004460F4616461D46DDF8BA
S214009BF03890DDF83C8000238DF817302B6089F80C
S214009C00003088F800302B6852F82310164815F0FC
S214009C10B0FB40B92B6801332B604FF0010AD4F833
S214009C209C40002003E04FF0000AF8E7246894B157
S214009C30A0680028FAD0CDF80C80CDF808900195E1
S214009C4000963B460DF11702002115F096FB9DF895
S214009C501730002BEAD0BAF1000F02D0012388F8A3
S214009C60003006B0BDE8F087EC65020070B5ADF5D3
S214009C70447D04460021A4917C22A5A819F07FFB10
S214009C80A3AB0093A2AB8022A4A92046FFF7C2FE96
S214009C90012804D0012840DC0DF5447D70BDA4A841
S214009CA019F0C6FA0546A299431AA39A0A44224412
S214009CB0A4A8014404E011F8010B02F8010B013BD3
S214009CC0002BF8DC00231370D4F890600AE0D4F878
S214009CD09010204615F077FCD4F890300133C4F885
S214009CE090300136A29AA39B1344B342EFDCD4F81B
S214009CF09430AD1A2B44C4F89430D4F890302B44EA
S214009D00C4F89030A4AB9C1804E014F8010B15F0CE
S214009D1014FD013D002DF8DCBEE78022002102A8DC
S214009D2019F02DFB4FF40072002122A819F027FB32
S214009D300125002300E0013303F544726A4412F85B
S214009D40802C3AB1202AF6D15A1C22A941F82520A7
S214009D500135F0E722AA42F82530A4A819F068FADF
S214009D60002115E0013222AB53F82230834209D09D
S214009D700B4403F544736B4413F8803C6345F1D001
S214009D80002300E0012363B102AB03F801C00131F8
S214009D908D4209DB01F544736B4413F880CC002236
S214009DA0E1E702AB00225A54D4F890500AE0D4F807
S214009DB09010204615F007FCD4F890300133C4F814
S214009DC090300135A29BAB42F1DC2346174AA4A98A
S214009DD0174815F0BEFC02A819F02AFAA29AA39B0F
S214009DE01344E11802AB9D18821A0EE015F8013BE9
S214009DF001F8013BD4F890300133C4F89030D4F821
S214009E0094300133C4F89430013A002AEEDC002383
S214009E100B70A29C02AB1D19041B04E015F8010B85
S214009E2015F08BFC013C002CF8DC35E70C650200D5
S214009E30F46502002DE9F04104460D46D0F8907016
S214009E40D0F8946090F89830012B0AD0012B0ED9E8
S214009E50022B00F0BC80032B00F0C8800020BDE879
S214009E60F0810A29F2D1002084F89800F7E71B2D2C
S214009E7026D00D2D29D0002384F89830082D28D020
S214009E807F2D60D00D2D7ED00A2D7CD0092D00F0C0
S214009E908780D4F88C30013BB34240F3DA80B74277
S214009EA0C0F28380E5550137C4F89070D4F894303A
S214009EB00133C4F89430284615F03FFC0020CEE766
S214009EC0022384F898300020C9E7012384F89830EC
S214009ED0D6E79F4203DDB7420AD0B74216DB002F13
S214009EE000F0B580C4F89070C4F894600020B6E71F
S214009EF0082015F022FC202015F01FFC082015F085
S214009F001CFC013F0023E355013EEBE707F1FF3859
S214009F10082015F012FC04EB0805A6EB0802E11970
S214009F20284619F012FA0023A35529464B4815F087
S214009F3010FC013E354602E015F04AFB013D454562
S214009F40FADC4746CEE7002E01DDB74201DB0020F3
S214009F5085E7E519791CF21B2144284619F0F5F926
S214009F600023A35529463E4815F0F3FB03E00820DE
S214009F7015F0E3FB013EBE42F9DCD4F89430013B19
S214009F80C4F89430E3E70D2015F0D7FB0A2015F04F
S214009F90D4FB0023C4F89030C4F8943001205EE768
S214009FA02046FFF763FE002059E7781C04EB0708FD
S214009FB0F21B4146204419F0C8F9404615F0C9FB8B
S214009FC002E015F005FB013EBE42FADA6AE75B2DB9
S214009FD004D1032384F89830002040E7002384F857
S214009FE0983029462046FFF725FF38E7002384F8F7
S214009FF09830413D032D2ED8DFE805F002080F1EED
S21400A0000121204615F039FB002028E74FF0FF31EC
S21400A010204615F032FB002021E7B74201DB002086
S21400A0201DE73946204615F0CEFAD4F890300133B5
S21400A030C4F89030002012E7002F01DC00200EE765
S21400A040013FC4F8907015F0C3FA002007E700201F
S21400A05005E7002003E7002001E700BF00660200D6
S21400A0600866020000B585B0054BEC460FCB8CE8C1
S21400A0700F006046FDF76EFE002005B05DF804FB9D
S21400A0800C66020010B586B00DF1040C144C0FCC13
S21400A090ACE80F002368ACF80030124BD3F8B430AD
S21400A0A013F4002F08D0104B1B884FF6FF72934214
S21400A0B007D140F2431304E00A4BD3F8B830C3F399
S21400A0C00803ADF80A300948FBF7C6FC01A8FDF7FF
S21400A0D0F5F83220FCF712FF002006B010BD00BFD6
S21400A0E01C6602000081E00F0001E00F00F049024C
S21400A0F000B583B0074B1B68019320238DF804300E
S21400A10001A8FDF719F93220FCF7F2FE002003B093
S21400A1105DF804FB306602006FF0040307E003F00E
S21400A1200F010A4A0A44A021117601335BB2322B92
S21400A13009DC002BF3DB03F1604202F56142A0214B
S21400A14082F80013F1E70020704700BFFCEC00E047
S21400A15010B5044614F027FC024B1C6014F027FCD4
S21400A160002010BD8034002010B514F01CFC034BFA
S21400A1701C6814F01CFC204610BD00BF8034002074
S21400A18038B50C461546014640B12B4622460648D1
S21400A19003F048FC002805DD002038BDFFF7E4FF8B
S21400A1A00146F2E73720F8E743F9010008B5044B0B
S21400A1B01868002302221946806813F04BF808BD81
S21400A1C02C210020002807DB00F01F024009012395
S21400A1D09340024A42F82030704700BF00E100E09A
S21400A1E000280CDB00F01F024009012393402030BA
S21400A1F0034A42F82030BFF34F8FBFF36F8F70478C
S21400A20000E100E010B586B01446137A03EB430372
S21400A2101B0103F1804303F56223D3F89420E16821
S21400A22023690B449A4216D06169914215D38B1A62
S21400A230ABB90123637694F82D304BB1002384F834
S21400A2403530E369132120469847636A20469847CD
S21400A250002006B010BD0A46E6E79B1AE8E704941D
S21400A260054903910021029101930123009363683D
S21400A270216814F029FBEBE705A2000038B5044678
S21400A2800568FFF771FF844233D095F93630002B0E
S21400A29008DB03F01F015B0901228A40603317497F
S21400A2A041F8232095F93600FFF79AFF95F93730E5
S21400A2B0002B08DB03F01F015B0901228A40603394
S21400A2C00E4941F8232095F93700FFF789FF287AD1
S21400A2D0FCF73AF9287AFCF799F8FCF771F80023AE
S21400A2E023606360A36023616361AB6A2846984776
S21400A2F038BD0020FFF72CFFC7E700BF00E100E0F5
S21400A30030B589B0044600234376007AFCF7DCF8C3
S21400A310207A00EB40031B0103F1804303F5622320
S21400A320D3F89420E56823692B449A4219D06369D0
S21400A330934218D0012323760DF11F01FCF752F942
S21400A3409DF81F3043B30DF11E01207AFCF71CF96F
S21400A3509DF81E3003BB22460021207AFFF752FFED
S21400A3601AE02A46E3E700232376656194F82D3049
S21400A37003B12563636A2046984723690494094A13
S21400A38003920022029201930123009363682A46F7
S21400A3902168207A14F098FA207AFCF7B5F809B00C
S21400A3A030BD00BF05A20000F0B587B006460C46DB
S21400A3B015461F4640220021204618F0E0FF95E88B
S21400A3C0030084E8030000232376EB68E3602A6931
S21400A3D0226163612A7D84F82C20AA7D84F82D20D2
S21400A3E02363012384F8343084F83530E7610C9B0E
S21400A3F023620D9B63620E9BA36295F9083084F876
S21400A400363095F9093084F837303460374B73604E
S21400A410374BB360374B3361374B7361374BF36061
S21400A420FCF71EF810B1364A904259D1002104F1CB
S21400A4300800FBF793FF002854D1324B3362012308
S21400A44084F83C30304AB261304AF2619DF84020D0
S21400A45084F83B209DF83C2084F83A20002284F8BB
S21400A460392084F83830697D204615F0FBFB95F9D5
S21400A4700930002B08DB03F01F015B0901228A402C
S21400A4806033234941F8232095F90900FFF79AFE27
S21400A490236904941F4A0392002202920193012327
S21400A4A000936368E2682168207A14F00DFA044687
S21400A4B0D0B995F90830002B08DB03F01F015B09C3
S21400A4C001228A406033124941F8232095F908009A
S21400A4D0FFF778FE3046FFF73BFE204607B0F0BD9C
S21400A4E01024FAE71024F8E71024F6E741FC0100F0
S21400A4F05DFB0100F9F90100FFF901007DA20000F3
S21400A500038000F0C7F9010065FC010005FA0100B0
S21400A51000E100E005A200002DE9F04186B01646F5
S21400A5201C460C9D012304930393584B0293584BEF
S21400A5300193584B0093584B0A462946FFF734FFC1
S21400A540074618B1384606B0BDE8F08123682B648C
S21400A55063686B64637A85F84930237A85F84830F7
S21400A560E37A85F84B30A37A85F84A30637B85F822
S21400A5704D30237B85F84C30E37B85F84F30A37B4A
S21400A58085F84E3001214548FCF712FA012144486F
S21400A590FCF70EFA01230422617A207AFDF7A4FC68
S21400A5A001230222E17AA07AFDF79EFC0121606871
S21400A5B0FCF7FEF94FF0000886F800803146206868
S21400A5C014F018FB2268536F43F0030353672268A6
S21400A5D0936F23F4F85323F01F03617C43EA0123AF
S21400A5E0A17C0B439367236803225A6785F8508043
S21400A5F0737E202B31D027D8002B33D0102B21D1BF
S21400A600012385F85030002600230222617B207B40
S21400A610FDF76AFCE27C2368DA672268536E43F033
S21400A620040353662268536F43F010035367DEB982
S21400A6302A6CD36C43F00403D3640521206814F01D
S21400A640D2FA7FE723277DE7302B04D1032385F852
S21400A65050300126D8E7232774E7022385F85030C8
S21400A6600126E4E70026E2E700230422E17BA07B44
S21400A670FDF73AFC2268D36F217D43EA0123D367B6
S21400A6802268536F43F020035367D1E7EBFC0100C9
S21400A690BFFC0100CBFC010079FD01004041050034
S21400A6A000350A00BFF34F8F0549CA6802F4E0621E
S21400A6B0044B1343CB60BFF34F8F00BFFDE700BFD3
S21400A6C000ED00E00400FA05BFF35F8F074B5A6AFF
S21400A6D022F480325A62D3F8942022F00102C3F8A2
S21400A6E09420BFF34F8FBFF36F8F704700ED00E0ED
S21400A6F070B586B0002305930493FFF7E5FF4FF08F
S21400A700005015F0B9FB36490B68400000F03E00DB
S21400A71040F0985040F00110324AC2F898304FF09E
S21400A7200054C2F89C40C2F8A00001330B602E4DC6
S21400A7302E4CA54213D1BFF35F8F2A4B0522C3F8D8
S21400A74094205A6A42F480325A62BFF34F8FBFF3A6
S21400A7506F8FBFF34F8FBFF36F8F06B070BD03AB25
S21400A760019304AB009305AB2A1B2946204615F03F
S21400A77067FB0398C208072800D82022049B5B1BAF
S21400A780B3FBF2F3012101FA03F3DBB2013BDBB2C8
S21400A790059E013DAD1BB5FBF2F50D44AB40DBB2AB
S21400A7A0A41BB4FBF2F401FA04F4013CE4B21C432B
S21400A7B015F062FB0A4D2A68430003F03E0343EAA5
S21400A7C0042343F0407343F001130649C1F8982070
S21400A7D0C1F89C60C1F8A03001322A60ABE700BF28
S21400A7E08434002000ED00E0F4210020DC2100206D
S21400A7F070B586B004460D461646002305930493AE
S21400A800FFF762FF03AB019304AB009305AB324640
S21400A8102946204615F014FB0398C208072800D8DE
S21400A8202022049B5B1B1344013BB3FBF2F3012184
S21400A83001FA03F3DBB2013BDBB2059EAD1B013D23
S21400A840B5FBF2F5AB40DBB2A41B1444013CB4FBF1
S21400A850F2F401FA04F4013CE4B21C43FF2C29D0C4
S21400A86015F00AFB144D2968430003F03E0343EA43
S21400A870042343F0985343F00113104AC2F898108B
S21400A880C2F89C60C2F8A03001312960BFF35F8F28
S21400A8900523C2F89430536A43F480335362BFF3FF
S21400A8A04F8FBFF36F8FBFF34F8FBFF36F8F0020B5
S21400A8B006B070BD2820FBE78434002000ED00E0E1
S21400A8C0012000E00130022804D8431E024AD35C6F
S21400A8D0002BF7D0C0B27047B0340020F8B506465B
S21400A8E00F46032903D8DFE801F00A04060800250E
S21400A8F006E0042504E0102502E0402500E00125DE
S21400A900032E05D8DFE806F002070A0D45F002051B
S21400A9100B4B1C6809E045F00805F9E745F02005F3
S21400A920F6E745F08005F3E7246844B163681A68E3
S21400A9302A42F9D05B68394630469847F4E7F8BDB6
S21400A940B8340020134B1B7813B310B5124B1B788A
S21400A9505BB9002015F0B8FA68B9104B01221A70DE
S21400A9600F4B1A780F4B1A7010BD15F0ACFA0A4B45
S21400A97000221A70EDE700F017FB064B00221A7053
S21400A980074C01212078FFF7A9FF01232370EBE78E
S21400A990704700BF175000201550002018500020A8
S21400A9A01B5000201950002008B50B4B1B780246A0
S21400A9B060B101210B4408490B7032B1074B1B787C
S21400A9C0012B02D9064B1B7813B108BDFF21F1E716
S21400A9D0FFF7B8FFF9E700BFB03400201B50002097
S21400A9E01850002010B513F0DEFF0446054B1B7808
S21400A9F02BB9FFF7A7FF204613F0D9FF10BD13F0C1
S21400AA00D6FFFBE71450002010B513F0CCFF044629
S21400AA10164B1B78D3B1164B1B782BB9144B01225F
S21400AA201A70144B00221A70134B1B7893B92046E9
S21400AA3013F0BDFF012015F047FA13F0B4FF0446EB
S21400AA400B4B1B7863B9094B00221A70204613F093
S21400AA50AEFF10BD15F037FA074B00221A70E6E776
S21400AA6000F0A2FA024B00221A70ECE71750002002
S21400AA7014500020185000201550002010B584B047
S21400AA80A0B1831EDBB2012B13D803A9002000F06F
S21400AA90AFFC70B91C4B1B68039A9A4212D801206F
S21400AAA0FFF782FF194B01221A7002E0174B1B7842
S21400AAB00BB904B010BD0020FFF776FF134B002241
S21400AAC01A70F6E7124B1C6800F0B4FA0444039BB5
S21400AAD09C4206D30120FFF767FF0C4B01221A7039
S21400AAE0E7E700F0D1FA60B9002343F002030193D0
S21400AAF000230093074A0399091B074815F0ECF951
S21400AB00D7E70423F1E700BF8C340020165000205E
S21400AB1088340020E5A900009034002038B513F0F2
S21400AB2042FF0446134B1B788BB900F093FB054697
S21400AB30E0B9AFF30080104813F018FE00F05CFF99
S21400AB400E4B00221A6000F0B5FC0D4B186000F0AA
S21400AB5085F915F0BBF90B4B1860064B01221A70ED
S21400AB60204613F024FF0025284638BD204613F063
S21400AB701EFFF9E71C500020B8340020883400205F
S21400AB80B43400208C34002038B50138144B1B5CDC
S21400AB900A46A1B101210B4411490B5472B1114B65
S21400ABA01D78012D0AD9FFF78BFE0446012808D927
S21400ABB0032D09D00B4B1878A0420AD138BDFF21CF
S21400ABC0E9E7FFF721FFF5E70228F3D100F040FAA6
S21400ABD0F0E72146FFF782FE024B1C70EEE700BF4F
S21400ABE0B03400201B50002038B50446416013F0F6
S21400ABF0DAFE05462146034813F0BBFD284613F04F
S21400AC00D6FE38BDB8340020014B1868704700BF28
S21400AC108834002038B513F0C6FE0546094B1B786D
S21400AC20012B0AD9FFF7F0FF044600F003FA0444AC
S21400AC30284613F0BCFE204638BD13F0B8FE0024AC
S21400AC40F9E700BF1B500020064B1B6803FB00F013
S21400AC5000F5742000F23F20034BA3FB0030800C6D
S21400AC60704700BFB434002083DE1B4338B515F0B0
S21400AC7013F90546AFF3008013F0F1FC00283CD131
S21400AC80AFF30080284615F00BF998E00020FFF798
S21400AC908BFE4B4B00221A7033E015F00FF93DE0A7
S21400ACA02146FFF71BFE41E0464B01221A70464B39
S21400ACB0187800F0A5F9454B1B781BB1444B1A7861
S21400ACC0414B1A70AFF30080284615F0E9F815F0EE
S21400ACD0E3F805463F4B1B7843B13E4B00221A7003
S21400ACE0394B1B783A4A1078834231D03A4800F004
S21400ACF0EDFA13F0C7FC002830D0314B1B78002B40
S21400AD00C4D1FFF7DDFDFFF7B9FEFFF7D9FD044616
S21400AD10012803D92B4B1B78002BBED02A4B187862
S21400AD20A04205D0294B1B78002BB9D0264B1C70AF
S21400AD30012CBCD9234B1B78002BB8D1274B1B7892
S21400AD40002BB1D115F0BEF8254B01221A70ABE7E7
S21400AD5001211D4B1970FFF7C1FDC7E7194B1B7882
S21400AD60F3B11A4B00221A701D4B1B7873B115F005
S21400AD70AAF81B4B00221A7008E0012000F040F9E8
S21400AD80284615F08DF815F087F80546002015F0D2
S21400AD909BF80028F1D000F007F90A4B00221A7041
S21400ADA00020FFF76BFE084C00212078FFF796FD89
S21400ADB000232370AFF30080284615F071F838BDE5
S21400ADC016500020175000201B500020185000205E
S21400ADD01950002012500020903400201A500020F5
S21400ADE01550002010B513F0DEFD054B1C78002230
S21400ADF01A7013F0DCFD00F0FFFC2043C0B210BD5B
S21400AE0013500020134B1B78834222D010B582B01B
S21400AE10044600238DF804308DF8053010B902235F
S21400AE208DF8053001A8FCF7B1FC54B11E20FFF7E1
S21400AE300BFF094A13681B1A1360064B1C7002B0FE
S21400AE4010BD1E20FFF700FF034A1368034413607B
S21400AE50F3E77047C6210020C034002030B583B029
S21400AE60394C636A636A00258DF8045001A8FCF724
S21400AE70B5FD2846FFF7C6FFD4F89030C3F380032D
S21400AE80324A1370D4F89020C2F3003230490A7068
S21400AE90D3B92F4B1B78F3B92E4B1B68C3F3032390
S21400AEA001209840C0F1010000EB80006430FFF7FD
S21400AEB0CBFE294A136803441360234BD3F8902033
S21400AEC0264B1A6003B030BD4FF41670FFF7BCFE79
S21400AED0234B1860DDE71120FBF728FF1A4BD3F849
S21400AEE00031C3F3042303FB0002002AD4D0164B20
S21400AEF05B6CC3F30B43013303EB8303D90E58019A
S21400AF00C01A61F10001490241EAD0514002C0185E
S21400AF1041F100018D0145EA90658401201A65EB38
S21400AF200101C01841F10001531EC0184FF0000384
S21400AF3041F1000111F0C0FCFFF786FE064A1368D7
S21400AF4003441360A8E700BF00400E401F500020D7
S21400AF501D50002000200440C0340020BC340020D7
S21400AF60C834002008B50D4B1B7803B908BD022075
S21400AF7000F00CFD0028F9D000F06CFA0028F5D09F
S21400AF80002201210220FCF785F814F0EAFF044BAA
S21400AF901860044B01221A70E8E700BF1F5000201B
S21400AFA0C43400201E50002008B5104B1B7813B97F
S21400AFB00F4B1B78ABB913F0E6FD0D4B1B787BB13E
S21400AFC00C4BD3F8903013F0080FF9D014F0C9FFEB
S21400AFD0094B1B68C01A094B1860044B00221A70F4
S21400AFE008BD14F0BEFF044B1860E4E71E500020B6
S21400AFF01F50002000400E40C4340020C8340020FB
S21400B00008B502280BD003280DD0012800D008BDB3
S21400B010074A136923F00403136130BFF7E70020E3
S21400B020FCF7C8FBF3E70020FCF700FCEFE700BFE7
S21400B03000ED00E0044B1B680BB103EBD303034A9F
S21400B04010681844704700BFC8340020C034002081
S21400B0500B4AD2F8800145F60E03C2F88031094B40
S21400B0601B6803F0400103F480730B43136610F073
S21400B070010F03D013460022C3F88021704700BF9B
S21400B08000400E40BC340020014B1878704700BFCB
S21400B0901F5000200E4B1B68002201E01A469B68DA
S21400B0A00BB18342FAD183420ED14AB183689360D2
S21400B0B083685BB15A6941690A445A610020704747
S21400B0C08268034B1A60F3E702207047002070473F
S21400B0D0D43400200A4B1B6800220A490A7005E097
S21400B0E0084B01221A70704759690A44012A06D88B
S21400B0F0D98811F0020FF3D19B68002BF4D170476A
S21400B100D43400202150002008B500F0C5FB0B4BBE
S21400B1101B680B4A1268821A03E0521A0021596112
S21400B1209B683BB132B159699142F6D3891A59618D
S21400B1300022F5E7024B186008BD00BFD43400209B
S21400B140D034002070B505460C46C3882BB16C6120
S21400B150134B1B68FBB100210CE0FFF75BFD0646B6
S21400B1608442F4D214F09FFE3446F0E7A41A6C61D1
S21400B17019469B6823B15A69A242F7D9002AF5D02E
S21400B18031B18D60AB6013B15A69121B5A6170BD44
S21400B190034A1560F6E7024B1D600023AB60F6E736
S21400B1A0D434002010B50B4B1B685B695BB10A4AB0
S21400B1B014681C44022000F07BFB204600F08AFB4B
S21400B1C0FFF788FF10BD022000F072FB022000F09F
S21400B1D0D3FBF5E7D4340020D034002070B5044605
S21400B1E00E4615469DF814200271049A026000224D
S21400B1F082600561C360BDF81830C380F5B900F001
S21400B2004BFB3044A061F6B900236361E36813B1D9
S21400B2102168204698477DB113F0C5FB0646FFF728
S21400B22073FF29462046FFF78DFF094B1B68A34294
S21400B2300BD0304613F0BBFB002070BD00F02CFB9B
S21400B2402844A061DFE73546E6E7FFF7ABFFF0E707
S21400B250D434002010B513F0B5FB0446144B1B780D
S21400B260DBB9144A1360144A1360144A138000F0C2
S21400B270CFFA012000F01CFB00F0B6FB0246104B94
S21400B280186078B100230F4840F2E73111F014FB44
S21400B2900D4B1860064B01221A70204613F098FBDF
S21400B2A0002010BD204613F093FB2320F9E700BFD3
S21400B2B022500020D4340020D0340020464F0020F6
S21400B2C0D834002018FCFFFFCC34002070B540B303
S21400B2D0054613F068FB0446FFF716FF124B1B6883
S21400B2E0AB420CD000262846FFF7D4FE054640B9F0
S21400B2F05EB10D4B1B6843B1FFF754FF08E0012613
S21400B300F1E7204613F053FB05E0074B1B6823B11B
S21400B310204613F04CFB284670BD022000F00EFBC2
S21400B320F6E72225F7E700BFD4340020B8B138B5D9
S21400B3300C460546A9B100230B7013F043FB0A4BDD
S21400B3401B6801E0012222702BB122781AB9AB42A9
S21400B350F8D09B68F8E713F03BFB002038BD2220AE
S21400B36070472220FAE700BFD4340020002836D0E9
S21400B37070B50C460546002933D013F023FB06466D
S21400B380FFF7C2FE6B692360174B1B6804E0226858
S21400B39059690A4422609B68AB4201D0002BF6D163
S21400B3A0AB420ED1256800F077FA104B1B68C01A26
S21400B3B085420BD800232360304613F009FB00209B
S21400B3C070BD304613F004FB0320F9E700F064FA82
S21400B3D0064B1B6822681B1A13442360ECE72220E6
S21400B3E070472220ECE700BFD4340020D034002081
S21400B3F0F8B504460F4613F0E5FA0646134B1B68ED
S21400B400002507E000F048FA114B1B681B1A2B4476
S21400B41010E09B68A3B15A691544DA88A24201D0AD
S21400B420FF2CF6D100F038FA094B1B68C01AA84268
S21400B430E8D300233B60304613F0CAFA0020F8BD7C
S21400B440304613F0C5FA1B20F9E700BFD4340020BD
S21400B450D034002010B5074B1C780CB9204610BD20
S21400B46014F07FFD044B1B689B69C01A0228F5D9AF
S21400B4700024F3E721500020D434002070B513F0E8
S21400B480A1FA064600F008FA0446094B1D88ADB23C
S21400B490012000F07BFA28B9304613F099FA2046CE
S21400B4A0294670BD00F0F8F904460135F4E700BF00
S21400B4B0464F0020014B1868704700BFD834002064
S21400B4C00C4B1B68834213D310B50C460A4B196805
S21400B4D0A1FB000140F2E733C0184FF47A724FF038
S21400B4E0000341F1000111F0E7F92060002010BDD3
S21400B4F021207047CC340020D834002090B3F0B51B
S21400B50087B00F4614461D46064605A93846FFF77F
S21400B510D7FF10BBFFF7CEFF07FB00F1124BA3FBD4
S21400B52001239B094FF47A7202FB1311511A89B258
S21400B530B183914213D00023F3833046FFF7C6FE53
S21400B5400599BDF8343002939DF83030019300958C
S21400B55023460A463046FFF741FE07B0F0BD0023FB
S21400B560B383E8E722207047D34D621008B5034640
S21400B5701D4A106800B3421E10421ED1D90E5A0151
S21400B580D21A61F10001890041EA92719200D21844
S21400B59041F10003DB0043EA5273D200B0FA80F0B8
S21400B5A0C0F11F0C411CC04322FA0CF203FA01F151
S21400B5B00A4323FA00F0104308BDDA0E5901C91AEF
S21400B5C062F10002920042EA91728900C91842F1C3
S21400B5D000024FEAC20C02460023C8004CEA517132
S21400B5E011F06AF9E8E700BFD83400202D4B8342FB
S21400B5F02D4B8B4152D370B5844614462B4B1A689C
S21400B600002A4DD0501E10402AD14D0145EADC6577
S21400B6104FEA4C1EBEEB0C0E65EB0105AD0045EA8D
S21400B6209E754FEA8E0E1EEB0C0E41EB050C4FEA94
S21400B630CC0C4CEA5E7C4FEACE0EB2FA82F2C2F135
S21400B6401F05531CD2432EFA05F10CFA03F31943D7
S21400B6502CFA02F211432CFA05F52160656070BDE4
S21400B660480140EADC604FEA4C13B3EB0C0360EB96
S21400B6700100800040EA93709B0013EB0C0C41EB3A
S21400B6800001C900002633464FEACC0041EA5C714F
S21400B69011F012F9C4E900013046E0E721207047B6
S21400B6A02120DCE7EFA7C64B37894100D8340020BD
S21400B6B02DE9F843044610F0010F04D114F0020FF0
S21400B6C010D1BDE8F883494A13889BB201339BB278
S21400B6D01380FFF719FD464B1B68002BEED0FFF7D3
S21400B6E061FDEBE713F06EF90546FFF70DFD002749
S21400B6F03E4643E09B683BB15A692AB921791A79DC
S21400B7009142F7D91C46F5E7284613F061F92569FA
S21400B710002D3AD10025A8462F46002D46D0236995
S21400B72003B3FDB9B8EB0707A38B6BB1E28B1344E9
S21400B7309BB2E383B3F57A7F06D3A3F57A73E383EC
S21400B740013FA369013BA36113F03CF90546394666
S21400B7502046FFF7F7FCA36922691344A361284635
S21400B76013F036F9E7880136E36813B121682046FE
S21400B770984713F027F90546FFF7C6FC1C4B1C68D4
S21400B780F4B16369E3B92346B5E7A84600F084F848
S21400B790A369C71AFA17AF4272F1000204DB2269E6
S21400B7A01344A3610125B8E70025B6E713F00AF9AC
S21400B7B081462046FFF76EFC484613F009F9AEE7CF
S21400B7C00C4B00221A70012E06D05CB1FFF7EAFC83
S21400B7D0284613F0FDF874E717F0020FF5D00122A3
S21400B7E01A70F2E7022000F0A9F8F1E7464F0020B1
S21400B7F0D43400202050002010B513F0E3F8034B9B
S21400B8001C7813F0E5F8204610BD00BF205000203D
S21400B81010B586B01C4B0DF10C0C93E80700ACE895
S21400B82003008CF800200C3393E803000190ADF879
S21400B8300810090C8DF80A1001211448FBF7B8F817
S21400B84000248DF80C408DF8104003A8FCF744FE49
S21400B8508DF8044001A90120FCF71AFE0C4A536A31
S21400B86023F4FF6323F00703536240F2FF7313626F
S21400B87094600120FCF72AFE064B4FF08042C3F886
S21400B88080211A6006B010BD34660200A0091400BC
S21400B8900020044000E100E0014B9868704700BFBC
S21400B8A000200440014B586D704700BF0020044044
S21400B8B010F0010F0AD1002310F0020F01D043F060
S21400B8C00403034A516A0B43536270470123F3E7AC
S21400B8D00020044070B5044613F065F80646FFF7EE
S21400B8E0DBFF0546FFF7DEFF124B9B6913F0040FE4
S21400B8F004D1431B032B01D885420CD1631B022BBA
S21400B90000D8EC1CB4F1FF3F38BF013C094B5C6526
S21400B9100220FFF7CDFF304613F049F8064B1B78A0
S21400B9203BB1044A136D43F002031365024B002239
S21400B9301A7070BD00200440C721002010F0010FCF
S21400B94013D1002110F0020F09D041F00401084B7A
S21400B95001221A70074A136D23F003031365054A84
S21400B960536A23EA0103536270470121EAE700BFE6
S21400B970C72100200020044010F0020F02D0024B26
S21400B9800422DA61704700BF00200440064B9B6922
S21400B990012804D0022805D1C3F38000704703F0C5
S21400B9A001007047002070470020044010B513F0D7
S21400B9B009F804460B4B9B6913F0010F0FD10020CA
S21400B9C013F0040F01D040F0020003F00703054A0D
S21400B9D01362FFF76DFE204612F0FAFF10BD01203D
S21400B9E0EEE700BF0020044008B50248FBF79EF9CA
S21400B9F008BD00BFA009140008B5064BD3F8883070
S21400BA0003F00703013B012B00D908BD022014F008
S21400BA10F2FAFAE700400E4000B583B0044B0093FC
S21400BA2000231A46194616F031FB03B05DF804FBF6
S21400BA30FFFF0F0038B50546082801D8284638BD50
S21400BA400024084B1868FFF7E7FFA042F6D9082C39
S21400BA50F4D8054B53F82430AB4201D00134F0E75C
S21400BA602546EBE780200020E06602002DE9F04343
S21400BA7087B06C4B19686C4B186809F017F981464B
S21400BA80002831D0674C23689A691268596818688C
S21400BA90904723689B699B686846984723689B691C
S21400BAA0DB6802209847002407E093691B6910684A
S21400BAB001FB040098470134E4B25A4B1A685368F5
S21400BAC00199B3FBF1F39C42EFD39369DB68002046
S21400BAD09847544C23689B695B6898472168524B8B
S21400BAE0186809F0E3F881464FF000083CE0002BA8
S21400BAF02AD14E4B9B5D4E4A52F8262029464A488C
S21400BB00006809F0ADF9814630BB0134E4B2494B18
S21400BB109F5DA74220D9484B53F82650254405ABD5
S21400BB2004AA29464048006809F056FB434B984251
S21400BB30DFD00028E9D1049B002BD8D13B4A915D89
S21400BB40059A9142D3D1E0E72946374B186809F0A9
S21400BB5087FBCEE70024DAE7394B9B5D002B31D11B
S21400BB6008F101085FFA88F8B8F1080F45D8B9F16E
S21400BB70000FF5D14646334B13F80830002BE9D0BA
S21400BB802D4B53F8284005AB04AA214626480068EA
S21400BB9009F022FB294B984209D00028E0D1049BEB
S21400BBA0012BDDD02146204B186809F059FB204BAD
S21400BBB053F826301A6821461B4B186809F03CFAE1
S21400BBC08146CDE77E2FCBD81B4B53F826403C440E
S21400BBD005AB04AA21461448006809F0FDFA174B85
S21400BBE09842BDD02146104B186809F039FB8146B3
S21400BBF00028B5D10137FFB2E4E7B9FA89F35B094B
S21400BC00114A1370084B1B681B7C1BB9484607B0CB
S21400BC10BDE8F0830D4B0E4A4FF48B710D4811F0C2
S21400BC2045FA00BF6020002080200020BC6602008D
S21400BC3048660200B0660200E06602000BE000F014
S21400BC40C8660200D4660200235000200467020083
S21400BC50B86702002867020070B50E4615461C46F7
S21400BC60FFF7E8FE082825D81C4B1B78002B33D09E
S21400BC701B4B1B5C93B97F2E1AD0F1B2194B53F8AD
S21400BC80200023462A4601441748006809F032F986
S21400BC900446C4B1204614F0D1F914E02A46114BEC
S21400BCA053F82010104B186809F012FA0446F0E713
S21400BCB00021E3E7FF2808D92346F2B281B22846DE
S21400BCC014F0AAFB0024204670BD084B084A4FF427
S21400BCD0A671084811F0EAF90024F4E72350002082
S21400BCE0D4660200E066020080200020886702001A
S21400BCF0A46702002867020070B50E4615461C466B
S21400BD00FFF798FE082825D81C4B1B78002B32D04E
S21400BD101B4B1B5C93B97F2E1AD0F1B2194B53F80C
S21400BD20200023462A4601441748006809F098F880
S21400BD300446BCB1204614F081F913E02A68114B82
S21400BD4053F82010104B186809F076F90446F0E70F
S21400BD500021E3E7FF2807D92246294680B214F0DF
S21400BD6063FB0024204670BD084B094A4FF4C3719C
S21400BD70084811F09BF90024F4E700BF2350002088
S21400BD80D4660200E0660200802000208867020079
S21400BD90906702002867020010B5FFF74BFE0A4BBB
S21400BDA01B7813B90024204610BD0022074B53F819
S21400BDB02010074B186809F0C9F904460028F2D08D
S21400BDC014F03CF9EFE700BF23500020E0660200C5
S21400BDD08020002010B582B004467F2A14D04BF293
S21400BDE03460814212D041F2F010814228D001F432
S21400BDF07040B0F5805F3ED0B0F5005F46D0B0F53D
S21400BE00405F43D002B010BD0022E8E708237F223F
S21400BE1041F20201684614F0FFFA082222496846F9
S21400BE2017F083FA20B16B4603CB20606160E9E728
S21400BE3008237F2241F2F011684614F0EDFAF2E78B
S21400BE401A4AD2F8F000D2F8F420002104E0605438
S21400BE50000A013B0131C9B2032907D8002BF6D1ED
S21400BE6004E06254120A013B0131C9B20729C9D85D
S21400BE70002BF6D1C6E7C1F30B0103FB02111A46ED
S21400BE8001F17E61204617F0B3F9BBE7C1F30B0161
S21400BE9003FB02111A4601F17E6101F5804120463E
S21400BEA017F0A6F9AEE700BF306802000081E00F89
S21400BEB00BB370B50D4614461E464BF234639842DB
S21400BEC011D1082E00D9082633467F2241F20201FE
S21400BED02046FFF77FFF32460949204617F025FA2D
S21400BEE058B941F2F0103346EAB281B22046FFF765
S21400BEF071FF002070BD212070470020FAE700BFC8
S21400BF00306802002DE9F04104460F46154610F051
S21400BF10010F16D115F0010F19D104F47043B3F5D3
S21400BF20805F1AD0B3F5005F02D0B3F5405F27D12B
S21400BF30C4F30B0404F17E6606F58046B046002482
S21400BF4028E040F2D311224800F034FDE2E74FF437
S21400BF50EA711F4800F02EFDDFE7C4F30B0404F17E
S21400BF607E66B046B6F17E6F04D3AB19013B194A24
S21400BF709342E4D940F2D911154800F01BFDDEE7E4
S21400BF804FF4F071124800F015FD6FF00F08002610
S21400BF90D5E70134AC4209D218F80430FF2BF8D0AC
S21400BFA04FF4F5710A4800F005FDF2E715B90020D8
S21400BFB0BDE8F0816A083946304614F05BF8002880
S21400BFC0F5D04FF40271024800F0F4FCEFE700BF32
S21400BFD0C8670200FF07E00F10B50446F9F724FD16
S21400BFE00C4BA3FB0023B0F57A7F0FD39B090A4ABC
S21400BFF0B2FBF3F2094B984208D84FF47A7304FB6D
S21400C00003F3B3FBF2F39808032B00D810BDF4F744
S21400C0107FF8FBE7D34D621040420F00E7CD9A3B16
S21400C02008B5FCF7FDF9094B1860FCF7F3F9012099
S21400C030074B186104F0BCF814F0B7F900B908BD56
S21400C0404F220449044801F0C7FCFEE7DC34002018
S21400C05000300E403C680200A068020008B50848A0
S21400C06004F034F8074B18700021074BB3F90000B2
S21400C07014F06BF912F069FAF6F7C6FC08BD00BFBB
S21400C08038580200245000204C4F002008B5F8F71E
S21400C090C5F812F05BFA024B187803F0FCFF08BDF7
S21400C0A02450002008B507490748FEF79DFD0220EA
S21400C0B014F053F8012014F050F8044B01221A70C3
S21400C0C008BD00BF98200020003500202550002025
S21400C0D030B583B012F06EFC14F03FF968B9344BFB
S21400C0E01B78002B32D0324B1B78002B35D199228F
S21400C0F03049314801F070FCFEE714F032F990B197
S21400C1004FF0FF312D4803F095FF044604280ED863
S21400C110274B1B78002BE6D1012014F01EF8244B89
S21400C12001221A70DFE703F081FC0146EAE7204BA4
S21400C1301B7823B9002CD6D012F040FC18E0012062
S21400C14014F018F81A4B00221A70F3E7012014F0C6
S21400C15004F8174B01221A70C5E7002014F01DF9E9
S21400C1600146164803F066FF044612F027FCDCB1D1
S21400C1700F4B1878214680F0010013F0DFFF0546CC
S21400C18098B194B1B4F1FF3F0FD000230193009310
S21400C1900B4A21460B4813F0FAFF30B1AB22054993
S21400C1A0054801F019FCFEE70025284603B030BD1F
S21400C1B025500020B4680200A0680200385802002B
S21400C1C041010200E0340020064B1A680648A0FB36
S21400C1D00230800900EB40014B019A4200D001304A
S21400C1E0704700BF08350020ABAAAAAA08B50023EE
S21400C1F0034A1370034A1370F8F742F908BD00BFEC
S21400C200143500202950002008B50023034A137077
S21400C210034A1370F8F778F908BD00BF14350020FC
S21400C2202950002008B52D4B1B78013B0A2B4ED811
S21400C230DFE803F0064D1B4D4D4D4D4D064D3D00C0
S21400C240274B1B78072B08D8264B1B78032B08D8C0
S21400C2503221254803F0A7FE08BD0420FFF7C6FFDD
S21400C260FAE70920FFF7C2FFF6E740B1FFF7ACFF99
S21400C2701E4B1B6898420DD901331C4A1360174B9E
S21400C28001221A70174B1B78032B0BD90920FFF7D6
S21400C290ADFFE1E70023154A1360114A1370114AF7
S21400C2A01370D9E73221104803F07DFED4E70D4B1A
S21400C2B01B78032B03D90920FFF798FFCCE7074B21
S21400C2C009221A703221084803F06DFEC4E74FF4C5
S21400C2D008720749074801F07FFBFEE72950002057
S21400C2E02850002027500020143500200C35002050
S21400C2F018690200A068020008B583681B78C3F3BB
S21400C3000213012B05D0032B0ED10820FFF76EFF7A
S21400C31008BD074B1960074B00221A700120064B18
S21400C3201870FFF77FFFF3E70620FFF75FFFEFE7E2
S21400C3300C350020275000202950002008B58168C1
S21400C3400B78C3F30213052B05D0032B07D0012B64
S21400C35009D0EBB108BD0620FFF748FFFAE7082032
S21400C360FFF744FFF6E70231012004F0C3FF0A4B53
S21400C3701B68834203D00620FFF738FFEAE7002356
S21400C380064A1370064A13700120FFF74BFFE1E7D9
S21400C3900020FFF72BFFDDE7103500202750002098
S21400C3A01435002008B51A4B1B78053BDBB2022B70
S21400C3B00BD8184B1B78072B0ED8C8B181B10329B0
S21400C3C012D00620FFF720FF1DE040F26A22124935
S21400C3D0124801F001FBFEE70420FFF715FF12E00C
S21400C3E00020FFF711FF0EE00820FFF70DFF0AE020
S21400C3F00B4B1B78032B07D8054B05221A703221EE
S21400C400084803F0D0FD08BD0920FFF7FDFEFAE757
S21400C410295000202850002018690200A068020059
S21400C420275000201435002000B585B014238DF861
S21400C4300830124B1B788DF80930114B1A680DF135
S21400C4400A01012004F048FF0323019302AB009386
S21400C450062300220D210B48008813F0AAFF28B9F6
S21400C460094B0A221A7005B05DF804FB074A1378D8
S21400C470013313700020FFF7D5FEF4E726500020A6
S21400C480083500208E21002029500020285000204A
S21400C49000B585B013F07DFF174B1A68831AB3F109
S21400C4A0004F1ED9121A12238DF80830134B1B7832
S21400C4B08DF809300DF10A01012004F00DFF032369
S21400C4C0019302AB0093062300220D210C4800883E
S21400C4D013F06FFF38B90B4B06221A7005B05DF8E3
S21400C4E004FB0022DFE7084A137801331370FF21AC
S21400C4F00020FFF757FFF1E7083500202650002000
S21400C5008E210020295000202850002030B59DB0F4
S21400C510234B1C6804EB4404640104F15F05214BC3
S21400C5201B68AB4200D85D1E0DF10E031E4A127842
S21400C53029462046F7F748FF20B90320FFF756FEA6
S21400C5401DB030BD10238DF80830174B1B788DF8C2
S21400C5500930134B1A680DF10A01012004F0BCFEE5
S21400C5602B1B9BB207330322019202AA00929BB2B6
S21400C57000220D210D48008813F01BFF38B90C4B24
S21400C58002221A70064B1A680A4B1A60D8E70A4A43
S21400C5901378013313700020FFF744FED0E700BF86
S21400C5A00C35002008350020265000208E21002063
S21400C5B029500020103500202850002010B5144BBC
S21400C5C01C78ECB94FF6FF7398421CD0E9B1114BBA
S21400C5D0994201D9012414E00F4B19600F4B1A70D1
S21400C5E00F4B188000230F4A13600F4A13700F4A30
S21400C5F01370074B09221A700D4803F0C9FC00E0BF
S21400C6000224204610BD0124FBE70124F9E700BF01
S21400C6102950002040FF5F000835002026500020EB
S21400C6208E2100200C3500202850002027500020A6
S21400C6301435002038B5124B1D78E5B904464FF680
S21400C640FF739A4219D00F4B1A8000230E4A1360CC
S21400C6500E4A13700E4A13700E4B197013F099FEA3
S21400C66020440D4B1860064B05221A700B4803F049
S21400C6708FFC284638BD0225FBE70125F9E700BFF9
S21400C680295000208E2100200C3500202850002044
S21400C69027500020265000200835002014350020A2
S21400C6A008B50B4B1B785A1ED2B2022A05D9053B99
S21400C6B0DBB2022B06D9012008BD0720FFF796FD46
S21400C6C00020F9E70720FFF79FFD0020F4E700BFF2
S21400C6D02950002003790D2B56D110B50446037857
S21400C6E013F0010F14D04288284B1B889A420FD1B2
S21400C6F08268117801F00F03013B052B08D8DFE8AC
S21400C70003F0240736070312214B1B780B2B00D0AF
S21400C71010BD52781F4B1B789A42F9D10021204653
S21400C720FFF7EAFDF4E71A4B1B780B2BF0D1517894
S21400C730184B1B789942EBD1911C012004F0DAFDCE
S21400C74001462046FFF7D8FDE2E7114B1B78023B77
S21400C750DBB2012BDCD852780E4B1B789A42D7D12D
S21400C7600B4B03221A702046FFF7E8FDD0E7084B74
S21400C7701B78072BCCD1E388032BC9D1C1F3021158
S21400C7800120FFF70FFEC3E7704700BF8E21002091
S21400C790295000202650002008B50B790D2B08D113
S21400C7A08B681B7803F00F03022B4DD0042B01D0AF
S21400C7B02BB308BD364B1B780A2BFAD160B1402844
S21400C7C015D0344A137801331370314B09221A708E
S21400C7D00020FFF727FDECE72E4B00221A702C4BAB
S21400C7E00B221A70FA212C4803F0DDFBE1E72B4AF6
S21400C7F0137801331370274B00221A70E5E7244B99
S21400C8001B78022BD5D160B1402815D0214A137869
S21400C810013313701E4B01221A700020FFF702FD31
S21400C820C7E71C4B00221A70194B03221A70FA2114
S21400C830194803F0B8FBBCE7184A137801331370A5
S21400C840144B00221A70E5E7114B1B78062BB0D16B
S21400C85050B1402813D00F4A137801331370FF21CC
S21400C8600020FFF79FFDA4E7094B07221A70FA2164
S21400C870094803F098FB074B00221A7099E7074A0D
S21400C880137801331370034B00221A70E7E700BFDA
S21400C8902950002028500020143500202750002062
S21400C8A008B5154B00221A70144B1B78013B0A2B57
S21400C8B009D8DFE803F009080C081408170806086A
S21400C8C00C00FFF7B1FD08BDFFF720FEFBE70C4AA2
S21400C8D01378013313700020FFF7A4FCF3E7FFF78B
S21400C8E0D7FDF0E7064A137801331370FF210020C6
S21400C8F0FFF758FDE7E700BF143500202950002059
S21400C9002750002008B5074B1B7833B1064B197823
S21400C9100902064803F047FB08BD054B1988890243
S21400C920F7E700BF2A500020C82100201C35002051
S21400C9309021002010B513F02CFD04460F4B00226A
S21400C9401A7013F0EAFC00B910BD13F01AFD0328A4
S21400C95003D013F016FD042806D1094B1C60FFF720
S21400C960D1FF13F031FDEFE713F00BFD0628F4D0EE
S21400C97013F007FD0728E7D1EFE700BF1C350020BE
S21400C98024350020014BDA695A62704700200540C2
S21400C990BFF34F8F0549CA6802F4E062044B1343A5
S21400C9A0CB60BFF34F8F00BFFDE700BF00ED00E098
S21400C9B00400FA0508B502460B460349002012F0AB
S21400C9C0CDFFFFF7E5FF00BFB069020083B2074A5C
S21400C9D013801BB913464BF6EF621A80000C044B0B
S21400C9E0188010B94FF6CE221A807047A221002078
S21400C9F0A021002010B56221054813F01DFD044655
S21400CA0041F20B01034813F017FD604080B210BDE1
S21400CA10A2210020A021002039B110B504460A4604
S21400CA20024B1B680021984710BD7047C0200020AD
S21400CA30114B0340B3F1607F0FD0B3F1707F14D178
S21400CA4001F4E043B3F5005F12D1C1F302210123E4
S21400CA508B40012B06D900207047B1F5885FECD1DA
S21400CA60002070476FF0860070476FF086007047B2
S21400CA706FF08600704700BF0000C07F8A4200F05B
S21400CA8071812DE9F04106460C46154622F0FF035B
S21400CA90B64A934214D002F58052934210D0A2F5C3
S21400CAA0885293420CD025F4FF7222F00102B2F1B4
S21400CAB0062F05D0AE498B4202D0AE4B9A4221D10A
S21400CAC024F0FF03A94A934214D002F58052934201
S21400CAD010D0A2F5885293420CD024F4FF7222F0B4
S21400CAE00102B2F1062F05D0A1498B4202D0A14B1C
S21400CAF09A4207D114F0FF0304D043F000739E4A15
S21400CB0093420ED004F0FE47B7F1A06F10D0B7F1F5
S21400CB10407F23D0B7F1106F00F00F810020BDE8F2
S21400CB20F08185EA0400FF288CBF00200120F6E78C
S21400CB3005F0FE43B3F1A06FE9D185EA040333F4B0
S21400CB407E13E4D114F4004FE1D0C4F30540C5F3DE
S21400CB500545A8428CBF00200120E0E705F0FE4313
S21400CB60B3F1407FD6D185EA040333F47E18D1D1E1
S21400CB7031462046FFF75CFF002840F0F58015F4AC
S21400CB807C101ED0C5F305407C4B2B40B3F1607F74
S21400CB9070D0B3F1707F00F0B980C4F3054314F48D
S21400CBA07C1F00F0C58015F47C1F02D1434500F0C1
S21400CBB0EB8014F4004FADD083428CBF00200120E0
S21400CBC0ADE76E4B2B40B3F1607F0CD0B3F1707FB6
S21400CBD0DAD106F4E043B3F5005FD5D1C6F30223FD
S21400CBE001209840D0E7EBB243F00073644A9342CA
S21400CBF03CD003F17E43043B0F2BC5D801A252F86C
S21400CC0023F000BF71CC000071CC000089CB00007F
S21400CC1089CB000045CC000049CC00004DCC00007C
S21400CC2051CC000055CC000059CC000089CB000048
S21400CC3089CB00005DCC000061CC000065CC000014
S21400CC4069CC00001C209FE720209DE730209BE752
S21400CC50402099E71C2097E7202095E71C2093E7C3
S21400CC60202091E730208FE740208DE710208BE7CB
S21400CC70142089E7EBB243F00073414A934251D047
S21400CC8003F17E43043B0F2B87D801A252F823F012
S21400CC902BCD00002BCD00009BCB00009BCB0000D3
S21400CCA0D1CC0000D7CC0000DDCC0000E3CC0000E7
S21400CCB0E9CC0000EFCC00009BCB00009BCB000033
S21400CCC0F5CC0000FBCC000001CD000007CD000035
S21400CCD04FF01C0861E74FF020085EE74FF0300881
S21400CCE05BE74FF0400858E74FF01C0855E74FF059
S21400CCF0200852E74FF01C084FE74FF020084CE79B
S21400CD004FF0300849E74FF0400846E706F4E043A6
S21400CD10B3F5005F7FF441AFC6F30226012303FAA2
S21400CD2006F83AE74FF0100837E74FF0140834E7F4
S21400CD30404514BF00200120F1E624F01F6323F4D1
S21400CD4070231BBB05F0FE43B3F1106F01D000202B
S21400CD50E5E60C48284040F01060A04214BF0020D2
S21400CD600120DCE6012070470020D8E6000300061C
S21400CD700009000600040006FF0000020000C07F55
S21400CD80030000020000FFF60120C8E60020C6E609
S21400CD90F8B5002A64D006460D46144622F0FF0376
S21400CDA0354A934233D002F5805293422FD0A2F5F3
S21400CDB0885293422BD024F4FF7222F00102B2F183
S21400CDC0062F24D02D498B4221D0A1F5A0618A429E
S21400CDD01DD004F0FE43B3F1407F3BD0B3F1A06F0B
S21400CDE03BD0274B9C4214BF00230123002B3AD193
S21400CDF0224671682846FFF741FE0746B0BB22462A
S21400CE00B1682846FFF73AFE90B33846F8BD14F0EE
S21400CE10FF02DED018498B4214D001F580518B42B8
S21400CE2010D0A1F588518B420CD024F4FF7121F06C
S21400CE300101B1F1062F05D01048834202D0114BF4
S21400CE409942D5D142F000720D4B9A42D0D16FF084
S21400CE508607DAE7C4F3C033C8E7C4F3C033C5E7D0
S21400CE606FF08607D1E76FF08607CEE70027CCE79E
S21400CE706FF08407C9E700BF00030006000900063C
S21400CE80FF000002000400060C4B1B7883B110B5AF
S21400CE9082B00C460023019301AB0A4601460848BF
S21400CEA012F01DF810B9019BA34204D102B010BDC8
S21400CEB06FF0880070476FF09300F7E7CC470020CC
S21400CEC0D04700202DE9F0439FB01F46DDF8A08034
S21400CED00023169301F0FE43B3F1806F18D04FF095
S21400CEE000096FF08605169813F039FE0446002DEB
S21400CEF040F0AA80002840F0A680B9F1000F40F06C
S21400CF009C80D8F800304B44C8F8003025469EE098
S21400CF100C4616460B464FF4807216A913F0F8FA24
S21400CF200546002840F08680DDF8589017ADCC46C0
S21400CF30BCE80F000FC59CE8070085E80700242220
S21400CF4000210DEB020016F01AFA09AD0DF15C0C8B
S21400CF50BCE80F000FC59CE8070085E80700B9F895
S21400CF60003003F4E042B2F5005F11D042F2040252
S21400CF70934232D0384B9C4235D04FF00009B9F17D
S21400CF80000F3BD0279B994530D96FF08905AAE75B
S21400CF90C3F302224FF0010909FA02F9B9F1010FB1
S21400CFA0E4D92E4A944212D002F5807294420ED0F2
S21400CFB002F5807294420AD0294A944207D0A2F51C
S21400CFC03F42944203D002F580729442CED1B9F12A
S21400CFD0100FD4D96FF0830585E7224B9C42C9D148
S21400CFE04FF00C09CBE74FF00D09C8E7494612A8E9
S21400CFF0FFF74AFF054600287FF475AF169B596A6F
S21400D0009A6A269BA3B103EB0900CDF81880279BEC
S21400D010A3EB09030593049003970296CDF80490BA
S21400D02012AB0093234609A813F012FB05465AE7F5
S21400D0302698EAE74FF0000955E74A4612A92698CF
S21400D04016F0D6F85DE705460023C8F800302846F7
S21400D0501FB0BDE8F08300BF0013C0040010C0047A
S21400D06000FF40040001800408B500F06FF8064B8E
S21400D0705B7823B90C210448FFF7CEFC08BD0348B3
S21400D08013F03EFAF6E700BFCC470020D04700205A
S21400D09070B5124B1B7813B10024204670BD11F0FA
S21400D0A01CFF044660B90D4C0126A670251D2846B7
S21400D0B013F02AFA6670284613F020FA044610B1D8
S21400D0C0FFF7D2FFE9E72B1F02225A7000F036F86E
S21400D0D004460028F4D12B1F1E70DEE7CC47002044
S21400D0E038B504460D4600F100420532042A09D838
S21400D0F02C21114B01FB02339A68824215D12B601A
S21400D100002038BD012113F09BFC88B100231A468D
S21400D110042A08D82C21084B01FB02339968A14247
S21400D12001D00132F4E7042AE9D96FF08B00E8E772
S21400D1306FF08700E5E700BFD8470020024B0122CA
S21400D14083F8DC2000207047D847002038B500253B
S21400D1500BE02C23084C03FB05440421204613F067
S21400D16084FC204613F043FB0135042DF1D9024B15
S21400D170002283F8DC2038BDD847002070B504466E
S21400D1800D46204B93F8DC30002B34D00026324678
S21400D19000E00132042A0FD82C211A4B01FB02337F
S21400D1A093F8201049B1002EF3D118790028F0D05A
S21400D1B00229EED11E46ECE7002363B1114A9A1A03
S21400D1C09210114901FB02F202F10042053A226078
S21400D1D02B60002070BD4EB10421304613F045FC94
S21400D1E00028F7D1304613F002FB3346002BE5D17A
S21400D1F06FF08C0001E06FF0880000232B60236046
S21400D200E8E700BFD8470020A38B2EBAF0B583B05E
S21400D21000230B60294B93F8DC30002B4AD00546E0
S21400D2200C461746FFF75CFF064668B93FB1012F6C
S21400D2300DD10521206813F018FC064607E020688B
S21400D24013F077FC064602E010F18C0F02D0304651
S21400D25003B0F0BD214601A8FFF790FF0646002860
S21400D260F5D123689D60236801225A60206813F078
S21400D2703FFC064660B10421206813F0F6FB2068E8
S21400D28013F0B5FA16F18C0FE1D16FF08706DEE7E2
S21400D29020680C3013F0C5FB3FB1012FD7D1052114
S21400D2A0206813F0E2FB0646D1E7206813F041FC45
S21400D2B00646CCE76FF08806C9E700BFD8470020CF
S21400D2C008B50822034916F030F800B908BD6FF01B
S21400D2D09800FBE7C469020010B586468C460D4CE4
S21400D2E003CC18605960002199605168D960118894
S21400D2F0198251885982D1685961116999615269B8
S21400D300DA61C3F820C06246714603F1240015F0C6
S21400D3106FFF10BDC46902002DE9F04F91B0804642
S21400D32017460F938946002900F0448300260F9B7A
S21400D3301878002800F04183252809D0741C3B4645
S21400D34032464946C0470F9B01330F932646EEE709
S21400D35001330F9300251FE045F0010501320F92BF
S21400D360012318E045F0020501320F92012312E076
S21400D37045F0040501320F9201230CE045F0080544
S21400D38001320F92012306E045F0100501320F929C
S21400D390012300E000234BB30F9A1378203B102B99
S21400D3A0F8D801A151F823F07DD3000095D30000F2
S21400D3B095D3000089D3000095D3000095D30000D4
S21400D3C095D3000095D3000095D3000095D30000B8
S21400D3D095D3000071D3000095D3000065D30000FC
S21400D3E095D3000095D3000059D300000B930F9BF4
S21400D3F01A78A2F13003DBB2092B18D92A2A1BD0DF
S21400D400DDF82CB00F9B1A782E2A25D00F9A1378A9
S21400D410683B122B5CD8DFE803F0495BAA5B3B5BFA
S21400D4205B5B5B5B5B5B575B5B5B5B5BAF000FA851
S21400D43013F023FD8346E5E71A9B1A1D1A921B6814
S21400D440002B04DB9B460F9B01330F93DAE745F076
S21400D4500205C3F1000BF6E745F480655A1C0F92EF
S21400D4605A78A2F13003DBB2092B0CD92A2ACDD187
S21400D4701A9B1A1D1A921C6824EAE4730B930F9BDE
S21400D48001330F93C2E70FA813F0F7FC0B90BDE72C
S21400D49045F48071531C0F9353786C2B01D00D46C6
S21400D4A016E045F4407502320F9211E045F0800117
S21400D4B0531C0F935378682B01D00D4608E045F0B7
S21400D4C0C00502320F9203E045F4807501320F92D8
S21400D4D00F9B1878672854D8252867D3A0F1250312
S21400D4E0422B63D8DFE813F05B0262006200620042
S21400D4F06200620062006200620062006200620017
S21400D5006200620062006200620062006200620006
S21400D51062006200620062006200620062006200F6
S21400D52062006200620062008201620182016200A3
S21400D53062006200620062006200620062006200D6
S21400D54062006200620062006200620062006C00BC
S21400D55062006200620062006200620062006200B6
S21400D56062006C00A9016C0082016201820145F430
S21400D570007501320F92ABE745F4807501320F92C9
S21400D580A6E7782812D8692810D3A0F16902D2B28B
S21400D5900123934049F24102134211D113F0800F48
S21400D5A040F0E28113F4806F40F07981741C3B46B2
S21400D5B032464946C0470F9B01330F932646B6E6D0
S21400D5C0782809D062283AD06F283AD058283AD01E
S21400D5D025F010050A2300E01023582835D06928C6
S21400D5E003D0642801D025F00C0515F4806F01D017
S21400D5F025F0010569282BD0642829D015F4007F72
S21400D60040F0968015F4807F40F0AE8015F0400F15
S21400D61000F0BF801A9A111D1A9112780595CDF860
S21400D62010B00B99039102930023019300923B469E
S21400D63032464946404613F00DFD064629E00223D1
S21400D640CBE70823C9E71023C7E745F02005C6E760
S21400D65015F4007F21D115F4807F42D115F0400FDC
S21400D66058D01A9A111D1A91127882EAE271A1EB2B
S21400D670E2710595CDF810B00B9803900293D20F87
S21400D680019200913B4632464946404613F0E2FC82
S21400D69006460F9B01330F9349E61A9A073222F08B
S21400D6A0070202F108011A9151681268084600291B
S21400D6B013DB0895CDF81CB00B9C0694049300234E
S21400D6C00593C90F0291009201903B4632464946A7
S21400D6D0404613F009FD0646DBE7524261EB410087
S21400D6E0E7E71A9A111D1A91126882EAE271A1EB15
S21400D6F0E2710595CDF810B00B9803900293D20F07
S21400D700019200913B4632464946404613F0A2FC41
S21400D7100646BEE715F0800F05D01A9A111D1A911D
S21400D720B2F90020A1E71A9A111D1A9112689CE717
S21400D7301A9A073222F0070202F108011A91089598
S21400D740CDF81CB00B990691002104930591029127
S21400D750D2E90023CDE900233B46324649464046FF
S21400D76013F0C2FC064694E71A9A111D1A91059505
S21400D770CDF810B00B990391029300230193136820
S21400D78000933B4632464946404613F063FC064645
S21400D7907FE715F0800F04D01A9A111D1A9112888F
S21400D7A03CE71A9A111D1A91126837E746281AD0D4
S21400D7B01A9B073323F0070303F108021A92049515
S21400D7C0CDF80CB00B9A0292D3E90023CDE90023E2
S21400D7D03B46324649464046F2F7EAFE06460F9B6F
S21400D7E001330F93A3E545F02005E1E7672801D054
S21400D7F0472801D145F40065452801D0472801D1C6
S21400D80045F020051A9B073323F0070303F10802AF
S21400D8101A920495CDF80CB00B9A0292D3E9002325
S21400D820CDE900233B46324649464046F2F7C8FC5F
S21400D83006460F9B01330F9379E515F002051DD0C0
S21400D84001241A98031D1A9306F1010A3B46324634
S21400D85049460078C047A5B90F9B01330F9356463B
S21400D86065E502F1010A3B4649462020C0472346AB
S21400D87052465C1C9B45F4D81646E2E70123324626
S21400D880F7E7524606E0561C3B4649462020C0476E
S21400D8902C463246651CA345F5D89246DCE71A9B13
S21400D8A01A1D1A92D3F800A00B9BFBB94FF0FF325B
S21400D8B0534601E001330A46197811B1511E002A79
S21400D8C0F8D1A3EB0A0315F480620C9203D00B9AEE
S21400D8D0934228BF134615F0020409D00D94CDF8E4
S21400D8E038B00B9D32460C9E9B461FE00B9ADFE736
S21400D8F03246264606E0541C3B4649462020C04792
S21400D9002B4622465D1C9B45F5D834462B460D9487
S21400D910CDF838B00B9D0C9E9B4607E01D460AF1DD
S21400D920010A541C3B464946C04722469AF8000066
S21400D93020B1002EF3D06B1E002DEFD10D9C1646A5
S21400D9405B46DDF838B054B90F9B01330F93EEE415
S21400D950551C3B4649462020C04723462A465C1CA9
S21400D9609B45F5D81646EFE745F021051A9B1A1D8C
S21400D9701A921B680595082204920B9A03921022AD
S21400D98002920022019200933B46324649464046A8
S21400D99013F060FB06460F9B01330F93C7E4741C1D
S21400D9A03B46324649462520C0470F9B01330F931E
S21400D9B02646BCE4DFF81C80B8E4BE4208D37A1ED4
S21400D9C03B4649460020C047304611B0BDE8F08FC0
S21400D9D03246F5E76B0E02000FB400B585B006AA16
S21400D9E052F8043B039200924FF0FF3202A904481B
S21400D9F0FFF792FC05B05DF804EB04B0704700BF7B
S21400DA00AB11020000B585B0034600914FF0FF321F
S21400DA1003A90348FFF780FC05B05DF804FB00BFD0
S21400DA20AB11020000B585B0029003910093134637
S21400DA304FF0FF3202A90348FFF76EFC05B05DF811
S21400DA4004FB00BF6D0E020010B58AB00446242207
S21400DA50002101A815F093FC01A9204612F024FF2E
S21400DA60BDF80430B3F5105F10D1BDF80630802B3A
S21400DA700CD1049B13F4407F08D0031E18BF01236B
S21400DA8058002BB9034B1C600AB010BDBD20FBE745
S21400DA900220F9E7B8480020014B002018607047C4
S21400DAA0B8480020014B1868704700BFB8480020EF
S21400DAB0014B1868704700BFB84800200B4B0C4A53
S21400DAC01B8830B51488014600209C4200D230BD29
S21400DAD0DA0803F007058A5C2A41D20748BF421CD1
S21400DAE003F1010348BF90B29BB2EEE7484F002017
S21400DAF09E21002038B50A4D2888F3F71DFC08B98A
S21400DB00002038BD074C2088F3F716FC0028F7D015
S21400DB102888238898422CBF00200120F1E700BF08
S21400DB20484F00209E21002010B50C4A0C4C0023C4
S21400DB3013700C4A23804FF6FF7104F10C006380CB
S21400DB4023716371A371A36011805180FDF7BEFB42
S21400DB5004F12C00BDE81040FDF7B8BB4849002092
S21400DB60BC480020A4210020194B002210B5044612
S21400DB701A7081B91748F3F7B3F805F013F901F0F6
S21400DB80BFFF40B1144B1B78042B01D0072B02D1EA
S21400DB90012005F0A4F8002C104B0CBF0322002235
S21400DBA01A719A79D10707D522F001029A71204698
S21400DBB0BDE8104012F081BB9B68204698472CB108
S21400DBC0204612F000FBBDE81040ADE710BD00BFD8
S21400DBD048490020084900202E490020BC48002063
S21400DBE03C4B3D4A1B881288B3EB420F2DE9F041AF
S21400DBF006DC3A493A4840F2FF12FFF7EDFEFEE730
S21400DC00384C394B61881B88384E2366002938D13A
S21400DC1033880833C3F3C707384602F005FF608031
S21400DC2002F0D8FD3A46FF21054615F0A8FB284627
S21400DC30FFF744FF0021A4F8640002F0F5FE208000
S21400DC4002F0C8FD2A4B1B880022318899421DD25B
S21400DC502088284E02F0BEFD0021D4F860E0451E64
S21400DC600A4643F23907B4F86430884603F1FF3CAD
S21400DC70E04501F1010118DB0AB1C4F860E0BDE837
S21400DC80F081084602F0A6FD0546D0E7D90803F065
S21400DC900707695C3941C90744BF8354013203F161
S21400DCA0010348BF92B29BB2CFE7A3EB08035A1E0C
S21400DCB0BEFBF2F302FB13E30B449BB206FB0E7CA7
S21400DCC0C25C15F801EF00F803E02A702CF0004E55
S21400DCD00122C8E79C2100209A210020386A020011
S21400DCE05C6A0200BC4800204A4F00209E210020AB
S21400DCF0484F00206D4EC64110B5084CA379024629
S21400DD0013F0040008D1064B198805F006FC18B974
S21400DD10A37943F00403A37110BD00BFBC480020E4
S21400DD204A4F002010B5264C2379022B06D02549F1
S21400DD30254840F24322FFF74FFEFEE794F8663090
S21400DD4094F8672083B9B4F86430013B84F86630F1
S21400DD50531C84F8673094F86730052B08D90021E7
S21400DD603320BDE81040FFE6013B84F86630F2E75A
S21400DD70208830B91349144840F25522FFF72CFE8C
S21400DD80FEE702F043FDB4F86430834206D00D4946
S21400DD900D4840F25622FFF71FFEFEE7208802F0ED
S21400DDA019FD94F86630C05C05F004F8074B0022B5
S21400DDB05988188805F074FB08B10021D1E710BD1A
S21400DDC0BC480020386A02005C6A0200A4210020D9
S21400DDD0F0B51D4C2379013B012B87B0054606D9CB
S21400DDE01A491B484FF41B72FFF7F6FDFEE728B1F1
S21400DDF00121084607B0BDE8F040B5E604F14C0046
S21400DE0004F14C07F2F78AFF0FCF01AE0FC63B684E
S21400DE10336028468DF805508DF80C5004F05FFFEF
S21400DE2001A8F2F75DFF2379022B07D184F866502C
S21400DE3084F86750FFF776FF07B0F0BDA37943F08C
S21400DE400803A371F8E700BFBC480020386A020048
S21400DE505C6A020030B585B00446084603A915463C
S21400DE60FDF72EFB38B9CDE90000034603992A4694
S21400DE70204612F031F805B030BD174B1B8810B5A0
S21400DE8033B91649164840F26232FFF7A5FDFEE7A1
S21400DE90144C6279511E012906D91049104840F2E7
S21400DEA06332FFF799FDFEE7012A10D10E4A11886A
S21400DEB00E4AA1EB430104F12C00FFF7CBFF48B15B
S21400DEC00649074840F26732FFF786FDFEE7032360
S21400DED0637110BD0223FBE79A210020386A020016
S21400DEE05C6A0200BC4800209C2100207BDE00000B
S21400DEF037B5334C94F868309BB10023CDE9003336
S21400DF003049314A098804F10C00FDF7F7FA30B1C0
S21400DF102E492F4840F22932FFF75EFDFEE784F8CF
S21400DF206800208802F056FC6379023B012B054608
S21400DF3006D9264926484FF44D72FFF74DFDFEE7F9
S21400DF40244B198859B1244A2448FFF783FF68B345
S21400DF501E491F484FF44E72FFF73EFDFEE70223B0
S21400DF60637194F86630B4F864200133DBB29A42E9
S21400DF7084F8663004BF002384F866302379052BC6
S21400DF8004D094F86630E85C04F014FF2379042B80
S21400DF900ED1A37913F0020F10D00A4B104819883F
S21400DFA0490803B0BDE8304001F0FDBF0123D7E7C4
S21400DFB0012B03D1A37913F0080FEDE703B030BDB2
S21400DFC0BC4800209C210020F1DE0000386A0200D8
S21400DFD05C6A02009A2100207BDE0000E8480020F0
S21400DFE048490020F8B5374C074620880E4602F010
S21400DFF0F1FB054604F12C00FDF768F904F10C006E
S21400E000FDF764F9237984F86670052B24D0E85D63
S21400E01004F0D0FE4FF47A73B6FBF3F503FB1566F7
S21400E020B6F5FA7F05D3284A12886B1C934218BFB0
S21400E0301D46264B1988A9421ED9491B0123244A8E
S21400E04024486371FFF706FF10B32349234840F2C4
S21400E0500D32FFF7C1FCFEE7B4F86430013BDBB2DB
S21400E0600127E85C84F8693084F86A7004F0A2FE40
S21400E0703846FFF741FECDE7134B1B88591AA942D5
S21400E08002D9491B0223DAE7AB4213D90323637193
S21400E090012384F868300C4B114A19881148491B33
S21400E0A0FFF7D8FE68B10C490C4840F21A32FFF769
S21400E0B093FCFEE70849094840F20932FFF78CFC5A
S21400E0C0FEE7F8BDBC4800209C2100209A210020D5
S21400E0D07BDE0000E8480020386A02005C6A020026
S21400E0E0F1DE0000C8480020144B2DE9F0411D88E1
S21400E0F00835C5F3C7050F46E1B185421AD8104E5C
S21400E1000846FFF7DBFC34798046ACB9A0B17388CB
S21400E11023B92146284602F087FC7080708802F0FA
S21400E12059FB2A46394615F063F8A6F8648020465F
S21400E130BDE8F0810224FAE77024F8E79E2100206B
S21400E140BC48002038B501F0DBFC10B9702420462E
S21400E15038BD0D4D2C79002CF8D1FFF7CBFC0028EC
S21400E160F4D001F08FFE012808D1FFF739FD002119
S21400E170052308462B71FFF735FFE8E701F082FE1E
S21400E1800528F2D0E2E700BFBC480020F8B5184BDF
S21400E1901B78063B012B07460E4602D870252846FC
S21400E1A0F8BD144C2579002DF8D1FFF7A3FC002804
S21400E1B0F4D04FF6FF739F4218D09E4216D0FFF75A
S21400E1C00FFD0D4B1F805E80A37943F00103A37102
S21400E1D004F10C0002232371FDF778F804F12C00FB
S21400E1E0FDF774F8054804F0ADFCD8E70225D6E73D
S21400E1F02E490020BC480020A4210020D1DD0000CC
S21400E20008B5044B1B791BB1FFF78EFC002008BD38
S21400E2107020FCE7BC48002080207047014B18881F
S21400E22002F0D8BABC480020014B93F8660070474D
S21400E230BC48002007B5094801A9FDF797F80198E2
S21400E240FDF794F9064B1B88181A4FF47A73584357
S21400E25000F5167003B05DF804FB00BFC848002048
S21400E2609C210020024B1879003818BF0120704707
S21400E270BC48002010B5044C204602F0C3F8A01C91
S21400E280BDE8104002F0BEB8BC480020064B1A7924
S21400E290033A012A06D85A79022A03D09879C0F39D
S21400E2A08000704701207047BC48002010B52D4BF9
S21400E2B02D4C00221A702379013B032B4AD8DFE845
S21400E2C003F01623022F01F0D9FB284B1B884FF6CC
S21400E2D0FF72934223D0E26E1344C01AB0F1004F8F
S21400E2E01DD8332011F06FFFBDE810401CE4A37961
S21400E2F023F008021907A27109D402232371002310
S21400E30084F8663084F86730BDE810400AE5184B9C
S21400E31000225988188805F0C3F80028EDD110BDF2
S21400E320A3799A0712D523F002030020A371FFF702
S21400E330E3FC104B0B481B884FF47A7253430E4A8B
S21400E3401188BDE81040591A01F02DBE43F00203B3
S21400E350A371E4E709490A4840F24312FFF73CFB81
S21400E360FEE700BF48490020BC480020942100205A
S21400E370A4210020982100209C210020386A020059
S21400E3805C6A0200034B1B79042B01D10120B3E425
S21400E390704700BFBC4800200C4B1A79511E01295B
S21400E3A012D818B90A48322101F0FDBD012A0AD157
S21400E3B002221A719A7922F008029A71002283F8D2
S21400E3C0662083F86720ADE4704700BFBC48002095
S21400E3D0484900202DE9F0412A4F9DF81840079D36
S21400E3E01E463B79013B022B49D8274B1A888242AE
S21400E3F045D15B888B4242D1DFF8A080F3F708FC5A
S21400E400B8F80030B34211D1204B1B884FF47A7213
S21400E4105343B7F864200544013AAB4227D301F0D2
S21400E4202DFB2946F8662046FFF7DCFD3B79013BCD
S21400E430012B08D8B8F800000021B04214BF3420E1
S21400E4400846FFF791FB124B1B78042B17D0072BBF
S21400E45015D0B8F80030B34211D10E4B0E481B88C9
S21400E4604FF47A71BDE8F041594301F09CBD013488
S21400E47094FBF2F102FB1144ED1AE4B2CDE7BDE8DD
S21400E480F08100BFBC480020A42100209C21002071
S21400E4902E49002094210020484900204A4F0020A1
S21400E4A070B5204CA37923F00403A3712379052BC0
S21400E4B036D1208802F08EF994F86950064655B198
S21400E4C0013DEDB284F86950405D04F073FCBDE890
S21400E4D07040002010E4144A94F86A3012789A4289
S21400E4E00AD9013384F86A30B4F86430013BDBB2F1
S21400E4F084F86930C05CE8E7042323710B4B0C48B2
S21400E5001B884FF47A7253430A4A1188591A01F04D
S21400E5104AFD94F86630F05CBDE8704004F04ABCF2
S21400E52070BD00BFBC480020CC21002098210020F0
S21400E530484900209C21002038B50C4D2B79044614
S21400E5400BB9002038BD01F099FAEB6EC01A084BE3
S21400E5501B884FF47A7253439842F2D3AC60054856
S21400E56001242C7104F0EEFA2046EBE7BC480020AC
S21400E57096210020D1DD0000802070472DE9F04F65
S21400E58087B083460D461046002114461E469DF869
S21400E5904080BDF84490DDF848A09DF84C7000F02F
S21400E5A029FE3A4B1A78531E012B05D938493948AB
S21400E5B06A22FFF711FAFEE7374B1978FB070DD5ED
S21400E5C0884231D2354A03B2126803EB830302EB6A
S21400E5D083039B7CD90603D4382022E0884223D2CA
S21400E5E000B200EB8000DFF8B4B083000593DBF8E0
S21400E5F0003003EB80039A7C52071ED5CDE90197C5
S21400E600CDF800A0434632462146284600F038FCA6
S21400E61038B9059ADBF8003013449A7C42F00802B9
S21400E6209A7407B0BDE8F08F4FF6FF718C422AD07F
S21400E630022A13D1E4B9002204E04FF6FF72944296
S21400E64021D01A89334621462846CDE912A7CDE9BE
S21400E650108907B0BDE8F04F03F002B9204601F07C
S21400E66053F94FF6FF7188420246EBD13720D8E7C0
S21400E6708B45E0D00021584600F0BCFD064B1B78C9
S21400E6808342D8D8F2E72246DCE700BF2E490020B6
S21400E6906E6A02005C6A0200CA210020B4200020D4
S21400E6A010B50E4C92B00023237001F029FA98B1F1
S21400E6B00B4B1B78022B0FD10DF1070102A800F0BF
S21400E6C0D3FE9DF8071002A813F015F9054B19683C
S21400E6D02046890201F067FC12B010BD40490020B8
S21400E6E02E490020A020002010B50D4B1B78022BD1
S21400E6F0044613D1002012F064FD020601D5E3079C
S21400E7000CD5FEF777F96423B0FBF3F202FB130196
S21400E710BDE81040034889B201F045BC10BD00BFFB
S21400E7202E4900204049002038B50C4605460021F9
S21400E730204600F05FFDFF2805D10B490B48DE227E
S21400E740FFF74AF9FEE745B1094B00B21B6800EB3C
S21400E750800003EB8003DB7C2BB920460021BDE85C
S21400E760384000F051BE38BD6E6A02005C6A020096
S21400E770B420002038B50D460021044600F03AFDCE
S21400E780FF2811D0094A03B2126803EB830302EB99
S21400E79083039B7CDA0601D5EB0705D520460021CE
S21400E7A0BDE8384000F030BE38BD00BFB4200020C1
S21400E7B00346FF2B70B5084605D118491848F922BC
S21400E7C0FFF70AF9FEE7174D2A6803EB830302EB0F
S21400E7D083029C0092F91210937C00291CDA5907D8
S21400E7E000D570B1D17C168991B113F0100001D01C
S21400E7F00FF014FC00F00101304613F08AF808B15F
S21400E800012070BD2B682344DA7C013ADA74F7E7FE
S21400E810304600F0F9FDF3E70020F2E76E6A0200EA
S21400E8205C6A0200B420002010B5044601F068F9C6
S21400E83008B9702010BD204B1B785A1E012A06D836
S21400E8401CB1237A9A1E012A13D90220F2E7063B4E
S21400E850012BEED8002CF8D0237A9A1E012AF4D881
S21400E860032B20880CBF21460021BDE8104000F095
S21400E870CBBD022B0BBF2088214600214FF6FE7031
S21400E88000F0B8FCFF280446D3D003B203EB8302A3
S21400E8900A4B0B481B6803EB82039A7C62F07F02EC
S21400E8A09A740822DA7401F073FB00212046FFF701
S21400E8B07FFF0020BEE700BF2E490020B4200020C6
S21400E8C030490020014B1888704700BFB221002055
S21400E8D010B50E4A127803460846511E012906D97D
S21400E8E00B490C4840F22112FFF776F8FEE7012AA2
S21400E8F0094C03D100F00CFF208010BD4FF6FF72CC
S21400E90022801946BDE8104012F0C2BF2E490020F2
S21400E9106E6A02005C6A0200B221002038B5084B1D
S21400E9201B78022B04460D4608D1002012F049FC45
S21400E930020601D5EB0701D5024B1C8038BD00BF8F
S21400E9402E490020B2210020044B187828B9044B29
S21400E9501B689B880BB1034B187870472B50002020
S21400E960B0200020C921002070B593795B068EB0D8
S21400E9700646144622D5908801F02CFFA37903F0B2
S21400E9800F038DF8043000230993E3788DF82030C8
S21400E990054612F060FE0921ADF82800284612F060
S21400E9A04AFD28440B9029460DF1060012F014FE8D
S21400E9B001A9304611F031FC0EB070BD0D8801F093
S21400E9C04FFA8542F8D1A3798DF80430A0882388C1
S21400E9D0ADF8063001F01AFFADF80A00A08801F085
S21400E9E0F9FE6388039001A93046ADF8083011F0AF
S21400E9F002FCE1E72DE9F84F0546FFF7A5FF0026E4
S21400EA00DFF8A480DFF8A49007463446F3B29F42AE
S21400EA1001D8FF243EE0D8F8003003EBC40221B250
S21400EA209079400639D5908801F0D4FE95F808B064
S21400EA30824612F0E4FB504402F040FCC0F3812012
S21400EA4083450AD099F800300134E4B2B4FBF3F2FF
S21400EA5003FB1244E4B20136D8E72B7A022B0ED021
S21400EA602B7A032BEED10421504612F0E4FC082248
S21400EA702946504414F059FC0028E3D10AE004214A
S21400EA805046B5F800B012F0D6FC504402F016FC22
S21400EA908345E5D12046BDE8F88F33F831202B8832
S21400EAA09A42CFD1F6E700BFB0200020C92100204F
S21400EAB02DE9F047FFF748FF0546002400F0DEFF8B
S21400EAC035B9214B1D70214BFF221A70BDE8F08727
S21400EAD01F4BD3F800E01F4B1A681F4BA2EB000831
S21400EAE093F800C0274626464FF0FF3123465EF8CF
S21400EAF02390A0EB090A524517D9C144894518D37B
S21400EB000133DBB20137B3FBFCF90CFB19335FFAB8
S21400EB1087F94D45DBB2EAD80EB10C4B1C7061B9D3
S21400EB20BDE8F047084801F033BA1C46012600212C
S21400EB30E6E71C4649460126E2E78A42C6D3BDE818
S21400EB40F047014801F02FBA38490020CF210020B5
S21400EB50A8200020A4200020C92100202DE9F04F85
S21400EB60484B494F1A683C78DFF838A1DFF838B1CF
S21400EB7002EBC40387B09E7916F04003009301BFF2
S21400EB8002238DF8143032F83030ADF80C303F4B9D
S21400EB901D780130691EC9B2B0FBF5F305FB1303FF
S21400EBA0DBB201919C4225D1002C58D1013DECB23C
S21400EBB002EBC40200239380354B3C701B78063B67
S21400EBC0012B5AD9009B002B57D103A8FFF712FF41
S21400EBD0FF2852D10099BDF80C0000F00BFB2D4B1E
S21400EBE01B7883423ED82C492C484FF4AC72FEF773
S21400EBF0F3FEFEE783BB019852F8331042F830105C
S21400EC0002EBC30E02EBC00CDEF80410CCF80410C6
S21400EC10DAF8001003EB830C00EB800901EB4C08DC
S21400EC2051F81CC041F819C001EB490ED8F804C0D1
S21400EC30CEF804C0B8F80810AEF80810DBF80010DC
S21400EC4051F8236041F820600133DBB2B3FBF5F1E5
S21400EC5005FB1133DBB2A5E7581EC0B2CCE7013C7A
S21400EC60E4B2A5E70E4B00B21B6800EB800003EB96
S21400EC7080039A7C22F008029A7407B0BDE8F04F31
S21400EC8016E700BFB02000202B500020C92100202E
S21400EC902E490020CA210020936A02005C6A020006
S21400ECA0B4200020AC200020A820002038B50D4657
S21400ECB01446FFF79FFEFF281AD00E4A03B21268CA
S21400ECC002EBC30152F833202A604A686A600A4A97
S21400ECD003EB8303116801EB430251F81330236002
S21400ECE05368636013892381FFF738FF012038BD1E
S21400ECF00020FCE7B0200020AC20002038B5074CF0
S21400ED00074DFFF721FE00B938BD2268296842206A
S21400ED10FFF72AFE0020FFF721FFF2E7B0200020D1
S21400ED20AC200020B0F1004F9DBF024B18600020C1
S21400ED3002207047A420002010B5074B1878074B18
S21400ED401A68002304321C46D9B2884200D810BD87
S21400ED5022F833400133F7E7C9210020B020002015
S21400ED6010B5114B114C00221A70114A23781278F4
S21400ED709A4206D90F4A126802EBC30219B2938868
S21400ED802BB90D490D485A22FEF726FEFEE70C4B1E
S21400ED901B6801EB8101412003EB4101FFF7E4FD15
S21400EDA02078BDE81040D9E638490020CF21002061
S21400EDB0C9210020B0200020936A02005C6A02008D
S21400EDC0AC20002030B52D4B1B78063B012B8DB0B8
S21400EDD0044629D8214606A812F0A8FB09AA04A9C9
S21400EDE006A8FFF763FFC0B3BDF81450284601F02D
S21400EDF0F1FC0446284601F009FD9DF816209DF812
S21400EE00131042F00403520629D5CDE9014300232E
S21400EE1000901A464FF6FF7003F0C6FDE8B104AA4C
S21400EE2009A9FFF7A1FD18E012F0E9F9204402F065
S21400EE3045FA80130228CDD10621204612F0FBFAAF
S21400EE40204402F03BFA002100F0D4F9FF2804D059
S21400EE500121FFF7ADFC0028BCD00DB030BDBDF8D9
S21400EE601020CDE90010CDE90243BDF824009DF83E
S21400EE701230114602F0F4FCD0E700BF2E49002005
S21400EE802DE9F84FDFF8B8A09DF830B01E460546CD
S21400EE90FFF75AFD9AF8003083428846174643D05B
S21400EEA0234B244C1A6821780A9802EBC109BDF856
S21400EEB02C10002201F03AFE1D4BA9F804001A6837
S21400EEC094F8009002EBC903998879B322F8398048
S21400EED09F70DE7083F806B0174B1E6800F0CEFDFC
S21400EEE0164B46F8290020781B681BF0400F00EBF5
S21400EEF0800012D00A9903EB400012F017FB23782B
S21400EF009AF800200133B3FBF2F102FB11332370B1
S21400EF10FFF7CEFD0020BDE8F88F03EB400202218C
S21400EF20117223F81050EAE73920F4E71820F2E7C8
S21400EF30B02000202B500020A8200020AC2000206D
S21400EF40C921002008B5FFF755FDFF3818BF01207E
S21400EF5008BD10B5044686B003AA01A92046FFF7EF
S21400EF60A5FE08B906B010BD01AA03A94220FFF706
S21400EF70FBFCF1E7054B1B7833B9054B1B689888FB
S21400EF80B0FA80F040097047002070472B500020F0
S21400EF90B020002070B5084D084E00242A78E3B251
S21400EFA09A4200D870BD306800EBC300043001F010
S21400EFB029FA0134F2E700BFC9210020B020002062
S21400EFC01FB50E4B1B6800EB800203EB8203044662
S21400EFD01A89D3F80A00D3F80E109B7CADF80C20E3
S21400EFE023F0080301AA03C28DF80E3001AA0C23F1
S21400EFF021460520FCF780FE04B010BDB42000209A
S21400F0002DE9FF41134F3B6800EB800203EB8203C0
S21400F0104FEA820802228DF80C209E7C1B89ADF8F0
S21400F0200430044601A80D46FFF793FF3B684344AF
S21400F03006F002069A7C22F001029A742046FFF738
S21400F040BFFF1EB115B1204600F0A2FB04B0BDE81C
S21400F050F08100BFB420002038B50A4D0A4B2A784C
S21400F060186802EB82029200002114F088F900244E
S21400F0702B78E0B2834200D838BDFFF7A1FF0134F9
S21400F080F6E700BFCA210020B4200020F8B500F043
S21400F090F5FC194B1F78194B1C684FF47A735C43C8
S21400F0A0174B1A6800254FF0FF31EBB29F4206D887
S21400F0B04B1C1CD0BDE8F840124800F074BF937C8F
S21400F0C0DE070BD55E0609D41E0607D41668A0EB2D
S21400F0D0060C644505D843F040039374013514329A
S21400F0E0E3E7231A3344994228BF1946F6E7054B4F
S21400F0F000221A70F8BD00BFCA210020B8200020E8
S21400F100B4200020304900202DE9FF41194F1A4E47
S21400F11000253B78ECB2A34205D8184804B0BDE8F9
S21400F120F04100F035BF0C2301AA21460520FCF76C
S21400F13093FD9DF80E20D30719D5D6F80080BDF8AC
S21400F1400C1014235C4308EB040322F00802198118
S21400F1509A7401AA03CAC3F80A00C3F80E1000F096
S21400F1608DFC336848F80400234400225A600135B9
S21400F170CFE700BFCA210020B4200020304900207D
S21400F180F8B51A4E1A4D3268297800231232142028
S21400F190DCB2A14210D800F071FC00222D78336852
S21400F1A01746FF24D6B2AE420ED3A5420AD9002196
S21400F1B02046FFF725FF05E000FB03F70133D75D88
S21400F1C0FF07E5D42046F8BD93F912C0997CBCF140
S21400F1D0000F01DB490605D51968411AB94284BFFC
S21400F1E00F46344601321433DCE700BFB42000205B
S21400F1F0CA2100202DE9F843104B93F80090104BDD
S21400F2001C6880460D460A340027FEB2B14501D878
S21400F210FF2609E0237ADB070DD545B108222146F3
S21400F220284614F082F830B93046BDE8F88334F842
S21400F230023C4345F8D001371434E6E7CA210020E3
S21400F240B42000202DE9F041344B93F8008008F1FB
S21400F250FF33012B06460C46174603D9A8F10603D2
S21400F260012B57D8002E57D0337A9A1E012A53D82E
S21400F270032B0CBF314600213088FFF7BBFFB8F1E7
S21400F280010F054604D0FF2D09D1B620BDE8F08158
S21400F290404611F096FF0306F5D5FF2D0CD014BBA3
S21400F2A0DFB11F4B2DB21B6805EB850503EB85030D
S21400F2B09B7C03F03E030FE0337A022BE5D100255A
S21400F2C03188E8B200F0F6FA48B11CB1002323609A
S21400F2D0636023810FB120233B700020D6E7013501
S21400F2E0202DEDD1D1E72BB203EB83020C4B1B682C
S21400F2F003EB8203327A022A09BFD3F80A201B895D
S21400F3002260D3F80E2015BF2380032302236260F9
S21400F3102372C5E77020B9E70220B7E72E49002020
S21400F320B42000200A4608B50021FFF78BFF00280E
S21400F33018BF702008BD2DE9FF4707464FF6FE7040
S21400F3400E461546FFF756FFFF28044643D1FFF743
S21400F35017FF0446294B1B78A3424DD9DFF8A4902B
S21400F36085F00801AA10D9F800A0C1F3C00123B2A5
S21400F37002F0100242EA810203EB830305F0020565
S21400F3804FEA83082A430AEB830342F001029A7489
S21400F3901F813268C3F80A207268C3F80E2000F096
S21400F3A06DFBD9F800304AF80800434400225A6042
S21400F3B02046FFF705FED9F8003043449B7C9B07A8
S21400F3C002D5204600F0E4F90D4800F0E1FD0020EB
S21400F3D004B0BDE8F0870B4A02238DF80C301268A3
S21400F3E003B203EB830302EB830301A81B89ADF88A
S21400F3F00430FFF7AEFDADE7B420E9E7CA210020F0
S21400F40030490020B420002008B5FFF7F3FE074B74
S21400F4101B78834207D90121FFF7F2FD044800F06C
S21400F420B7FD002008BD7020FCE700BFCA21002001
S21400F4303049002008B5FFF7DDFE094B1B788342F4
S21400F4400CD9084B00B21B6800EB800003EB80036E
S21400F450987C030754BFC009012008BD0020FCE7C4
S21400F460CA210020B42000202DE9F8430024144FC0
S21400F470DFF858800C7006460D464FF014093B78AE
S21400F4802878E2B2934208D8402816D90D490E488B
S21400F4904FF4AF72FEF7A0FAFEE7D8F8003009FB8B
S21400F4A002339A7CD20706D51989304401F00CFF46
S21400F4B02B7802332B700134E1E7BDE8F88300BFF8
S21400F4C0CA210020B86A02005C6A0200B42000204C
S21400F4D073B50446002944D011F091FE204401F093
S21400F4E0EDFE801302280CD10621204611F0A3FF62
S21400F4F0204401F0E3FE4FF6FF73984209D0002146
S21400F5000AE011F07CFE204401F0D8FE80130328A8
S21400F5101DD04FF6FF706946FFF76CFE1D4B1B783B
S21400F520834234D91C4D00B200EB800084002E6864
S21400F53000F0A4FA2B683051234418489A7C22F035
S21400F54040029A7402B0BDE8704000F021BD06216A
S21400F550204611F070FF2218205851686B4603C3EE
S21400F560D7E711F04CFE204401F0A8FEC0F381203E
S21400F570022801D10421B8E711F041FE204401F031
S21400F5809DFEC0F381200328C3D10421E0E702B02A
S21400F59070BD00BFCA210020B420002030490020E2
S21400F5A010B50C460021FFF725FE0A4B1B78834258
S21400F5B00DD9094B00B21B6800EB800003EB8003FB
S21400F5C05A68A24203D801345C60012010BD0020B6
S21400F5D0FCE700BFCA210020B4200020034B1B68B4
S21400F5E000EB800003EB800318897047B4200020EE
S21400F5F00E49096870B500EB80020D4C01EB8201E4
S21400F600034600224FF6FF7514F82200FF2807D0A5
S21400F610D0B2834208D0FF2B02D00E89AE4203D070
S21400F6200132202AF0D1FF2070BD00BFB420002098
S21400F6304E4F00202DE9F84306460F4615469846DD
S21400F640FFF7D6FFFF28DFF8909033D1002419F893
S21400F6502430FF2B2BD00134202CF8D1BDE8F883C2
S21400F66001F0D4F82844414680B201F0DDF90446A2
S21400F6700028F3D001F0AEF88046708801F0AAF8B2
S21400F6808146708801F0C2F849460246404613F0AB
S21400F690AFFD204601F09EF88046708801F0B6F86F
S21400F6A02A463946404413F0A3FD7480D6E709F88D
S21400F6B02460E0B28400B8F1000F04D109EB040620
S21400F6C070880028CCD100222946384601F02EFA50
S21400F6D04C446080C2E700BF4E4F00200023054A1E
S21400F6E0FF2019460133202B1070518002F10402CE
S21400F6F0F8D170474E4F002038B5044D0024281925
S21400F700043400F07FFE802CF9D138BD504F002025
S21400F7104FF6FF73984213B5044618D102230DF135
S21400F720060200210420FCF797FABDF806304FF6D3
S21400F730FC7293420BD80133ADF806300DF1060289
S21400F740022300210420FCF7D7FABDF80640204625
S21400F75002B010BD0B4B1B8807B52BB90A490B48E6
S21400F7605C22FEF739F9FEE7013BADF806300DF1F5
S21400F7700602022300210420FCF7BEFA03B05DF85F
S21400F78004FB00BF92210020DA6A02005C6A0200D5
S21400F79010B50446FFF72CFF144A126804EB8401E8
S21400F7A002EB81020346927C12F001020BD0FF2886
S21400F7B00F4A13D1002312F82310FF290DD001336E
S21400F7C0202BF8D110BDFF28FCD0094BFF2103F8F1
S21400F7D0201003EB80035A80F4E7DBB202F82340E4
S21400F7E002EB830200235380ECE700BFB420002026
S21400F7F04E4F00202DE9F0410F46002115461E46CB
S21400F800FFF7F8FCFF2813D00A4B04B21B6804EB82
S21400F810840403EB84039B7C990709D5DA0601D59B
S21400F820FB0705D5324629460123BDE8F04101E72E
S21400F830BDE8F081B42000202DE9F7430C460021F6
S21400F84006461F46FFF7D6FCFF2805462DD0DFF8F4
S21400F850609002B2D9F8003002EB820203EB82031A
S21400F8604FEA82089B7C99071FD5DA0601D5FB076D
S21400F8701BD52046FFF74CFF4FF6FF739842044611
S21400F88013D0014601A801F01FFD0023022201A9A2
S21400F8902846FFF7CFFED9F80030434421469A7C2D
S21400F8A03046C2F3001212F00CF803B0BDE8F08345
S21400F8B0B4200020F8B5134C14F82030FF2B0F4668
S21400F8C001D10020F8BD04EB800460880028F8D041
S21400F8D000F080FF00250646608800F097FFEAB239
S21400F8E0C0F34F008242ECD206EB42030135597852
S21400F8F016F8123003EB01239BB2BB42ECD1012079
S21400F900E0E700BF4E4F002038B500210446FFF761
S21400F91071FCFF280FD100252146E8B2FFF7CAFF89
S21400F92058B1094B094A13F82530126803EB8303D4
S21400F93002EB83031C89204638BD0135202DEBD110
S21400F9404FF6FF74F7E700BF4E4F0020B4200020AC
S21400F95010B50FF033F8FCF789F810F0FF0415D156
S21400F9600B4800F0B3FB0B4B187000F027FC00F0C0
S21400F970F1FC0EF075FCFFF7DFF9FFF7AFFE012094
S21400F98003F0D6F902F0FEFC04F044F8204610BD61
S21400F990206B02002C49002038B50B4D01F082FC8C
S21400F9A0F1F778FD287800F076FB0FF00BF80446A8
S21400F9B0F1F770F910B9287800F0B8FB2046BDE8DA
S21400F9C038400FF005B800BF2C49002010B50EF0E7
S21400F9D0E5FCE0B1F1F765F9044603F0DDF9C0B9DE
S21400F9E044F00404A4B2F1F755F910B144F002044F
S21400F9F0A4B202F097FC10B144F00804A4B2094B7C
S21400FA001B7813B144F01004A4B2204610BD0124A4
S21400FA10E3E703F0C1F90228E2D0034B1B78062B7C
S21400FA20E1D1DDE7364A0020BE49002008B5F1F7EF
S21400FA3031F930B9BDE8084003484FF0FF3100F017
S21400FA40F9BA002008BD00BF206B020013B50446BB
S21400FA5008B90DF10604FFF7B9FF8307208007D128
S21400FA6005484FF0FF3102B0BDE8104000F0E2BAA2
S21400FA70002002B010BD00BF206B020007B5FBF7E8
S21400FA80FDFC6A46FBF7B2FD28B105490548D122C0
S21400FA90FDF7A2FFFEE7009803B05DF804FB00BF89
S21400FAA0046B02005C6A0200014B187803F032B95E
S21400FAB0A821002008B50A4B1B782BB109490A4833
S21400FAC0E122FDF789FFFEE703F066F9074B1870A1
S21400FAD0012003F004F9BDE80840F1F7FBB800BFC9
S21400FAE0BE490020046B02005C6A0200A8210020C8
S21400FAF0024B587800F00F00704700BF2C490020DA
S21400FB00034B587800F00F00831E58425841704748
S21400FB102C4900202DE9FF4BDDF830909DF834B0DD
S21400FB2004460D4690461E46FFF7EAFF002843D0DF
S21400FB30224FBB78063B012B3ED91EB9022004B0EB
S21400FB40BDE8F08BB9F1000FF8D00F29F6D81BF0FE
S21400FB50010F17D1BB781A4F013B012B0BF00F0B8F
S21400FB601AD8012011F02DFB030615D5CDE9029B0E
S21400FB70CDE900862B46798822464FF6FF70FEF7C1
S21400FB80FDFCDCE70EF026FB0528D7D10EF046FA82
S21400FB900028DFD13820D2E7BA88CDE9029BCDE92C
S21400FBA000864FF6FF718A4208BF224678882B46A9
S21400FBB0214601F055FEC2E77020C0E72C49002020
S21400FBC0A821002008B50246FFF79AFF48B1064B69
S21400FBD09B78052B05D182F0010003F080F8002009
S21400FBE008BD7020FCE700BF2C4900202DE9F84333
S21400FBF01E460D469046074611F033FB044611F0AC
S21400FC00FEFA814611F021FB214B81449B78A4EB40
S21400FC100904A4B2002B39D0063B012B33D8631F4E
S21400FC209BB2BFB9AA1E012A30D8B8F1000F01D086
S21400FC30073CA3B2022D0CBF023B083B9CB236B178
S21400FC400EF0C8FA052814BF053C093CA4B22046AD
S21400FC50BDE8F883022F0BD0032F17D1AA1E012A66
S21400FC6014D8B8F1000F01D0073CA3B2083B08E057
S21400FC70AA1E012A0AD8B8F1000F01D0073CA3B289
S21400FC80023B9BB2D6E70E3CA4B2D8E7FF24DEE7E1
S21400FC902C4900202DE9F04F89B005469DF84860B4
S21400FCA006938B461746F1F793F8C0B14FF4006001
S21400FCB00DF052F90446002800F0A080FFF720FF60
S21400FCC0002800F09D80504B9B78063B012B00F2ED
S21400FCD0978055B90225284609B0BDE8F08FF1F7A0
S21400FCE085F80028E2D18020E2E7002FF2D0069BBC
S21400FCF0002BEFD0AB7C002BECD006F00103F10715
S21400FD0007934FD416F0080804D0012011F059FAD2
S21400FD100306DFD52B7E002B55D0B5F814A06B7EDE
S21400FD20002B54D0B5F81690079BA97C287ABAEB1E
S21400FD30090218BF0122FFF759FFB84262D3CDE986
S21400FD40019506F00F060A350023012231462046AB
S21400FD50CDE903A7009511F0BBFA0921204611F062
S21400FD606AFB06993A46204413F042FA46F04006EB
S21400FD70B8F1000F2FD011F042FA0546204611F0D8
S21400FD8049FA0544ADB24FF6FF71CDE9004502963B
S21400FD905B46FF220846FFF773F8054620460DF03F
S21400FDA0E3F898E72B7A002B94D016F0080804D0D6
S21400FDB0012011F006FA02068CD50EF02FF9002865
S21400FDC0A8D1382587E7114BB3F806A0A7E70F4B55
S21400FDD0B3F80690A8E711F012FA0546204611F08F
S21400FDE019FA0544ADB2CDE90146009543464246B0
S21400FDF059464FF6FF7002F0D7FDCEE718256AE7A2
S21400FE00702568E7742566E72C490020A8210020A5
S21400FE1008B5FFF7DBFD10F0070F0CBF0120002030
S21400FE2008BD08B5FFF7D2FDB0FA80F0400908BD5E
S21400FE3010B5044600F0CEF908220146204613F01D
S21400FE4074FAB0FA80F0400910BD014B187A70477A
S21400FE50A8210020014B187200207047A82100201E
S21400FE60014B5888704700BFA8210020014B988896
S21400FE70704700BFA8210020014BD888704700BFFC
S21400FE80A8210020014B9878704700BF2C4900201D
S21400FE9000F0A0B9014B5880F1F7C6B9A8210020A0
S21400FEA0014BD880F1F7D6B9A8210020064B0128CF
S21400FEB0987004D0062806BF044B1878002000F07F
S21400FEC00100F1F7DDB900BF2C490020B149002040
S21400FED008B5064B0228587006D1FEF7E1FB9020C5
S21400FEE0BDE8084010F06FB99120F9E72C490020D2
S21400FEF010B51A4B86B05A88ADF81420DA889B885D
S21400FF00ADF81630164BADF80C209B788DF81230F5
S21400FF10062B044605D1134B1B7813B186238DF8A8
S21400FF20123002F0BAFAADF8100002F0B4FA0C2360
S21400FF30ADF80E000DEB030200210320FBF7DCFEFC
S21400FF404CB12068616801AB03C3082301AA0021F5
S21400FF501846FBF7D1FE06B010BD00BFA821002052
S21400FF602C490020B149002038B5447845680EF089
S21400FF7029FD0C2363430549CA58521BB2F1004FB2
S21400FF8098BFCD50BDE838400EF022BDA8470020EF
S21400FF9010B50446FFF772FD042323706060204608
S21400FFA0BDE81040E0E738B504460D46FFF766FDAD
S21400FFB001232844237060602046BDE83840D3E71C
S21400FFC010B50378044663B1042B01D1002010BDA0
S21400FFD0FFF754FD6368C21AB2F1004FF6D9181A3B
S21400FFE0F5E74FF0FF30F2E7F8B50C460646154643
S21400FFF0FFF744FD01460DB1FF232B70204600227B
S21401000056F8323033B11F7887B1042FD4B202D1FB
S21401001075B90020F8BD5B68CF1AB7F1004FF7D964
S2140100205B1A984202D905B12C7018460132E7E7EF
S2140100302C70EEE70022FFF7D7BF70B50446FFF736
S2140100401DFD06460EF0BEFC6FF0004105466068D9
S214010050FFF7F0FF304420602846BDE870400EF000
S214010060B7BC70B50446FFF709FD083405460426FB
S21401007054F8080C70B1037853B1042B04D04368CC
S214010080EB1AB3F1004F03D8067054F8043C9847B6
S2140100900834EDE770BD38B50446FFF7EFFC0C23D6
S2140100A0094D6343EA18EB58C01AB0F1004F09D85E
S2140100B0506804EB4404FFF7D4FF05EB8400BDE869
S2140100C03840BAE738BD00BFA847002010B5124A2D
S2140100D0124914780978A142034605D810491148F7
S2140100E0EC22FDF779FCFEE7611C11700E4A0C212B
S2140100F004EB440002EB800001FB04220121536063
S2140101001172083353F8082C08330AB15470F9E712
S214010110FFF793FF204610BD2C500020AC6902006B
S214010120806B02005C6A0200A847002070B5174E7B
S2140101307378054623B90EF041FC0024204670BDB5
S2140101400EF049FC044630B9114912484FF4927238
S214010150FDF742FCFEE7FFF791FC0F4B0C2202FB7A
S214010160053500222A723578D1B28D42E6D9196852
S214010170461AB6F1004FDED91E7A002EDBD1884230
S21401018002F1010203F10C03EED1D4E72C5000205A
S214010190806B02005C6A0200A8470020034B0C2219
S2140101A002FB003301221A72704700BFA8470020E5
S2140101B0014B5870704700BF2C5000200348044A7A
S2140101C0008808230021FBF773BE00BF38680200D1
S2140101D02E500020004870472E50002028B1034BB7
S2140101E01B68C01A4010013080B270475449002085
S2140101F030B1044B00F100401B68013803EB4000AE
S214010200704700BF544900204088C0F30C000330FB
S214010210800840000430704710B50346FFF7F4FF2E
S214010220074A03EB400354684FF6FF729C42184698
S21401023004D90188914203F10203F7D010BD00BF33
S214010240544900202DE9F8431E4F3B8905468BB3E0
S214010250B0F90230002B2DDBDFF874801A49D8F88C
S214010260000012F0BBFF20B9184840F2CD11FCF790
S214010270A1FBDFF8589000263A89B3B29A4204D817
S21401028040F2CF114846FCF795FBFB68D8F8001002
S214010290B2B203EBC20453F8320068B943F8321025
S2140102A0A3880133A3802846FFF7AEFFE38803EB5C
S2140102B04003E380BDE8F88312F090FF0136002882
S2140102C0DAD1EDE754490020A66B0200B06B0200BC
S2140102D0C4200020034BD3E90030C01AC0F34F00FE
S2140102E0704700BF54490020024A136803EB4003DD
S2140102F05360704754490020704710B5084CD4E944
S21401030000329A4204D207484FF48071FCF752FB40
S214010310D4E90030C01A20F0010080B210BD00BF41
S21401032054490020B06B020010B5084C626823697E
S2140103309A4204D906484FF48371FCF73BFB2069C7
S2140103406368C01A20F0010080B210BD5449002035
S214010350B06B020008B50A4B0A491B680A4A23F02B
S21401036001030B44116013615160FFF7DDFF642840
S21401037005D8BDE808400548F021FCF71BBB08BDC1
S214010380A86902000838002054490020B06B02001A
S21401039010B5084C226823699A4204D306484FF4E4
S2140103A08671FCF707FB20692368C01A20F001005C
S2140103B080B210BD54490020B06B0200054B1A688C
S2140103C0824205D85B68834294BF002001207047B3
S2140103D0002070475449002008B520B1FFF7EEFF12
S2140103E000F0010008BD0120FAE7014B18607047D4
S2140103F0C4200020014B024A1A607047C420002026
S214010400A66B02002DE9F0411D4B1B7D012B044616
S21401041024D10088FFF7ECFE0546D8B1DFF86480EA
S21401042004262C460EF0CEFA07462046FFF70AFFB2
S214010430638843EA08036380A05BFFF7D9FE04469E
S21401044038460EF0C5FA1CB1B4F90230002BE9DAD1
S214010450062E01D1BDE8F0810626E2E7022BF9D18E
S2140104600EF0B0FA02462088FFF7C2FE18B10388E4
S214010470C3F30E032380BDE8F04110460EF0A8BA80
S214010480544900200080FFFF2DE9F04FAF4D95B095
S21401049000240646EC820EF095FA01232B752B8B71
S2140104A0ADF80E30D5F804802C830EF091FA2A8927
S2140104B0E868D200214612F062FF0DF10E00FFF748
S2140104C0A1FF002E36D1D5F8009000244FF0010A86
S2140104D0C14536D3002C36D1BAF1000FF3D02F68C0
S2140104E0A4F50044B9463A46424569D302230DF1C4
S2140104F00E002B75FFF786FF002E40F083802C68D8
S21401050022464A4580F096809088FFF771FE18B122
S2140105100388C3F30E039380D088FFF769FE18B1F2
S2140105200388C3F30E03D3801046FFF775FE024619
S214010530E7E79847E3B2013456F82330002BF8D1A9
S214010540C1E7002C36D0013CE4B214AB03EB8403C4
S21401055053F8407CB7F902207B88002AB8DA5A049F
S214010560B6D4BB4643F480432BF8023F06373BF82C
S214010570020FFFF73DFED0B1B0F902C04188BCF1D1
S214010580000F14DB6FEA41416FEA5141418001904F
S214010590FFF758FE0F2C9FBF14AB03EB8401019BA2
S2140105A041F8403C9ABF0134E4B24FF0000ABB4523
S2140105B0DDD18DE74846FFF72FFE4F468146C9E756
S2140105C01046FFF721FEB2F902301188002B824651
S2140105D001EA040108DA3846FFF700FE014389B252
S2140105E007EB4A0702EB4A0911801046FFF714FE93
S2140105F0024679E79847E3B2013456F82330002BD8
S214010600F8D17CE70024F6E72046FFF705FE804692
S2140106107CB1B4F902306188002B0ADA2088C0F375
S2140106200E00FFF7E5FD844203462CD1C1F30D0110
S214010630618044464C45E7D3DFF814810EF0C2F9D9
S21401064000210646404600F074FCFFF7D1FD044643
S21401065000286FD030460EF0BBF92046FFF7D4FDD8
S21401066006463846FFF7BAFD7600814632462146F1
S214010670384612F06AFE002249460DF10E0000F0DF
S214010680ECFB3744DAE71BD92046FFF7BDFDC1F383
S2140106900D014200618092B22146184612F055FEC5
S2140106A0C7E74046FFF7B8FD4646814503D9B0F98E
S2140106B00230002B01DA804603E0FFF7ADFDF4E7D8
S2140106C02646C14507D9B8F80000C0F30E00FFF76B
S2140106D08FFD8045E5D35EB33088C0F30E00FFF78B
S2140106E087FD034638B9A246B346564511D8A642F9
S2140106F09FD05E46EFE73046FFF786FD7288C2F36D
S2140107000D027280420092B23146184612F01DFE6A
S214010710E9E75046FFF780FDD346814503D9B0F996
S2140107200230002B01DA8246DFE7FFF775FDF4E7BA
S214010730B346DEE7BDF80E30287530462B836F6072
S2140107400EF046F915B0BDE8F08F00BF5449002001
S2140107506C49002070B51A4C14230846A8B02381B2
S214010760C4F80CD0FFF790FEE2682089002302EB64
S214010770C0001946824213D103EBC103D4E900122B
S214010780521A9BB222F00102934204D00D4840F265
S2140107900221FCF70FF90023E360238128B070BD26
S2140107A052F8085B002DE7D032F8046C32F8025C90
S2140107B0A5EBC60531442B4489B29BB2DAE700BFEC
S2140107C054490020B06B020008B5FFF711FDBDE8E3
S2140107D0084001E610B5044608B9002010BDFFF731
S2140107E0F3FF20B9084840F2C441FCF7E3F820467D
S2140107F0FFF7FEFC0028F0D00388DB0B14BFD0F80F
S2140108000A000830EAE700BFB06B020010B508B96D
S214010810002010BDFFF7ECFC0446FFF7DDFD20B914
S214010820074840F2DE41FCF7C5F8002CF0D02388DB
S214010830DB0B0ABF60882089C0F30C00E9E700BF24
S214010840B06B02002DE9F0410546FFF7D1FC0F46DB
S2140108500446D8B1FFF7C0FD20B9214840F2F14166
S214010860FCF7A8F82846FFF7D1FF05462046FFF714
S214010870D3FCBD42064609D004D8194840F2F941D6
S214010880FCF798F82588ED0B02D02781BDE8F081AA
S21401089067802046FFF7B8FC074604EB40080EF0D9
S2140108A091F8104B5A68B2420AD1C3F804800EF090
S2140108B08FF82A464046FF21BDE8F04112F05FBDA1
S2140108C0A6EB0806B5B20EF083F8072DF1D9002382
S2140108D0083D44F81730C8F80430A8F80250D5E7A8
S2140108E0B06B020054490020F8B50746FFF780FCBC
S2140108F0064638460D46FFF789FFA842044611D042
S21401090004D80F4840F22351FCF754F856B1338807
S214010910641BDB0BA4B206D0D6F80A30358123441B
S214010920C6F80A30F8BD3846FFF754FF2A460119C3
S21401093012F00BFD29463846BDE8F840FFF782BFA6
S214010940B06B020038B5FFF753FC0D46044650B1B4
S214010950FFF742FD20B9044840F23651FCF72AF869
S214010960023534F8150038BDB06B020070B5FFF7DC
S2140109703FFC0C4616460546B0B1FFF72DFD20B9E3
S2140109800D4840F24151FCF715F83046FFF730FCB0
S214010990FFF722FD20B9084840F24251FCF70AF859
S2140109A0023425F8146070BDBDE87040024840F27C
S2140109B04651FBF7FFBF00BFB06B020070B504469F
S2140109C00E4600250CB9284670BD2046FFF71EFFCF
S2140109D0314605442046FFF7B5FFADB20446F1E7C0
S2140109E038B50C4DC41CEB69A408640023B10A4851
S2140109F040F25B51FBF7DEFF2A696B68D31AC3F33B
S214010A004F03A34283BFA2EB4402EA610120002008
S214010A1038BD00BF54490020B06B0200014B0022D4
S214010A20DA617047544900202DE9F047C41CA40838
S214010A30DFF8A8A064000434B0F5005FDAF81060AF
S214010A4081460F46A4B204D3234840F27251FBF705
S214010A50B1FF0DF0B7FFDAF81C3080467BB9DAF843
S214010A600450761BC6F34F06B44224D900254046EF
S214010A700DF0AEFF2846BDE8F047FFF7AFBB87B1E4
S214010A80DAF804505A1BC2F34F029442EED86200C1
S214010A9005EB4404CAF804408FB91344CAF81C3065
S214010AA00DE0F61AC6F34F0686B90B4840F283519D
S214010AB0FBF780FFDAE705EB4404CAF8044000239D
S214010AC0A5F80290AB80EB802B80D0E7B442CDD85E
S214010AD0DAF80450DBE700BFB06B0200544900208F
S214010AE0F8B506460D460A2000211746FFF79CFF7B
S214010AF00446FFF77DFB60B1038807816FEA434335
S214010B006FEA5343C0F80A600380C0F80E502046CF
S214010B10F8BD0446FBE708B5FFF76AFB28B1038872
S214010B20DB0B14BFD0F80E00184608BD70B50E4694
S214010B30054611463046FFF777FF044635B128B122
S214010B40FFF748FE3246294612F0FFFB204670BDED
S214010B5038B505460DF036FF2946044600220448FE
S214010B6000F07BF92046BDE838400DF031BF00BFEC
S214010B706C49002038B50DF025FF002105460448D4
S214010B8000F0D7F9044628460DF022FF204638BD6E
S214010B906C490020024B188BB0FA80F04009704770
S214010BA054490020014B00221A8370475449002003
S214010BB010B5044648B112F03BFB411C002220460A
S214010BC089B2BDE81040FFF7B1BF10BD08B50146B8
S214010BD0FFF7F4FB28B1BDE80840A1F10800FFF7D4
S214010BE0FDBA08BD08B5FFF703FB034638B1FFF7AA
S214010BF00BFB03EB4000BDE80840FFF7EFBA08BD6A
S214010C0038B50246FFF7F4FA0546C0B10846FFF7C5
S214010C10EFFAFFF7F9FA6C88C4F30C04013424F0F8
S214010C20010404EB40041046FFF7DCFF8842A4B23F
S214010C3004D0034840F28D61FBF7BCFE6C8038BDE2
S214010C40B06B0200F8B5FFF7D3FA0E46074668B355
S214010C504588C5F30C056C1C4B1C24F0010423F0DD
S214010C600103E41AA4B2FFF7B7FBC0B18D421BD251
S214010C700F484FF4D561FBF79DFE082C16D9F31CDF
S214010C809B08023307EB830000227E8047F823206F
S214010C90083C42604480BDE8F840FFF79FBA04482C
S214010CA04FF4D561FBF786FEB542E6D10020F8BDCC
S214010CB0B06B020037B505460068FFF787FFADF851
S214010CC00600E8B1FFF794FAD0B10388DB0B04D035
S214010CD00C4840F2C461FBF76DFE0DF10600FFF70C
S214010CE091FBBDF80600FFF783FA0446FFF774FB95
S214010CF020B9044840F2CA61FBF75CFE08342C6058
S214010D0003B030BDB06B02002DE9F74F04460088F2
S214010D101F46FFF76DFA884615460646FFF75CFB49
S214010D2020B9404840F2DA61FBF744FE3388DB0B1A
S214010D30009306D033892B443381002003B0BDE8ED
S214010D40F08F2088DFF8E0B0FFF760FD824630467E
S214010D50FFF762FA01900DF035FEDBF80420019BE7
S214010D609A4281461DD1FFF7DFFA854204D94846EB
S214010D700DF02EFE1A20E1E705EB0A0373803FB162
S214010D802088FFF727FD2A464146504412F030FAE4
S214010D903046FFF741FACBF8040048460DF018FE3E
S214010DA0CBE70DF015FE2088FFF730FD28440099AB
S214010DB080B2FFF739FE06460028DBD0FFF70AFDB2
S214010DC081462088FFF706FD82462088FFF71EFD34
S214010DD051460246484612F00BFA3046AFB1FFF7CD
S214010DE0F9FC07462088FFF711FD2A46414638449C
S214010DF012F0FEF901212088FFF7A4FD0121024629
S214010E003046FFF7B3FD268097E7FFF7E3FC804601
S214010E102088FFF7FBFC2A463946404412F0AFFA19
S214010E20E8E700BFB06B0200544900200021FFF73D
S214010E30FBBDFFF7E7BAFFF7CDBCFFF7E7BCFFF74F
S214010E4073BA70470088B0FA80F04009704700888E
S214010E5010B1C9B2FFF776BD70472DE9F041B0F881
S214010E60008006460C46D5B2B8F1000F11D02946CF
S214010E704046FFF767FD2246074629464046FFF7EC
S214010E8075FD3A4629462046FFF770FD3480BDE8D9
S214010E90F0810F46F5E738B5058800220446FFF7CE
S214010EA0DCFF05B1258038BDF8B507460D4600883C
S214010EB000211646FFF746FDB042044605D12946F5
S214010EC03846BDE8F840FFF7E6BF00212046FFF7A9
S214010ED039FDB04205D020460021FFF733FD044618
S214010EE0F3E72A4620460021FFF740FD3246284612
S214010EF00021BDE8F840FFF739BD034608461B88C8
S214010F008B4202D00021FFF71DBD0020704738B587
S214010F10044638B10021FFF79AFF002301465D1C05
S214010F2009B998B238BD2046FFF7E7FF2B460146C0
S214010F30F5E7F8B5058807467DB1CCB221462846C7
S214010F40FFF700FD8542064609D100233B800022BB
S214010F5021463046FFF70AFD35462846F8BD2146AC
S214010F60FFF7F0FC214602462846FFF7FFFCEEE7B6
S214010F702DE9F04707888246884614465FB338460F
S214010F80FFF744FC3D460646E4B221462846FFF7F5
S214010F90D9FC4045814616D12146FFF7D3FC2146B0
S214010FA002462846FFF7E2FC474504D1454508BFFF
S214010FB00025AAF80050002221464046FFF7D6FC3D
S214010FC03046BDE8F0878742FAD0FFF71FFC304471
S214010FD086B24D46D9E73E46F2E72DE9F843074685
S214010FE00E4690460C46BCB13B88B3B141463846E6
S214010FF0FFF72DFF8146FFF709FC8442054606D31D
S21401100041463846641BFFF794FFA4B2EBE7051B85
S214011010A9B24846FFF768FC0024301B80B2BDE841
S214011020F8832DE9F843B0F8009017460D4649B30A
S214011030B9F1000F05D1144B144AF92114480CF0EC
S21401104035F84E465FFA83F841463046FFF77AFC9C
S2140110500646FFF7DBFBA84228BF284684B2304687
S214011060FFF7B8FB22460146384627442C1BA5B29B
S21401107012F06BF935B1B145E6D1064B034A4FF490
S2140110808371DBE7BDE8F883FD6B0200666C020046
S214011090116C0200596C020070B50688054696B9B7
S2140110A070BD20460121FFF74DFC04460121204674
S2140110B0FFF748FC0028F4D1324601212046FFF70D
S2140110C055FC2C80ECE73446F0E770B506880446FC
S2140110D056B101213046FFF735FC002205460121B5
S2140110E03046FFF743FC258070BD2DE9F84F894651
S2140110F00021074692469846FFF7A9FE00260446B9
S2140111000CB9254622E02046FFF764FB054620463B
S214011110FFF77CFB05EB000B5D450AD321463846FD
S214011120FFF7EBFE0446EBE77B8801361D44B6B2BB
S214011130F2E7BB88B342F1D951462846C847002892
S214011140F2D0B8F1000F01D0A8F800602846BDE83B
S214011150F88F2DE9F84F8946002180469246FFF721
S21401116076FE00260446374614B93046BDE8F88FA9
S2140111702046FFF72FFB05462046FFF747FB05EB0A
S214011180000B5D4505D321464046FFF7B6FE0446F3
S214011190EAE7B8F80430BB42F5D951462846C847B5
S2140111A008B10136B6B2B8F8023001371D44BFB2F5
S2140111B0E7E7F8B583888B4206460F4601D800203C
S2140111C0F8BD0021FFF743FE748814FB07F40546BB
S2140111D0A4B2002DF3D02846FFF718FB844204D2B0
S2140111E02846FFF7F7FA2044EAE7241A294630464C
S2140111F0FFF783FEA4B20546EBE72DE9F0410F4663
S21401120000210646FFF723FE4FF00008054615B9F4
S2140112104FF6FF7011E02846FFF7DCFA0446284631
S214011220FFF7F4FABC420AD823189F4207D2381BAC
S21401123073884044B0FBF3F080B2BDE8F0814044CF
S21401124029461FFA80F83046FFF757FE0546DEE7C7
S214011250F8B5C68804460D4646B18188013E4B1C4A
S2140112608380C680BDE8F840FFF7A3BF408810FB27
S21401127001F080B23146FFF7D7FB074670B1324620
S21401128001462046FFF7E9FDA388013D0133A3800F
S214011290E5803846BDE8F840FFF79CBAF8BD00BFC8
S2140112A07047704708B5FFF7FBFF0348FFF7ECF8F8
S2140112B0FFF7F7FF08BD00BF986C02000088704773
S2140112C0008840BA80B270470170090A41707047C1
S2140112D00B0A03704170704710B50024E3B210B9D1
S2140112E0C3F10303DBB20134042CCA544FEA1222C1
S2140112F0F4D110BD10B50B784C788A78C97828B926
S21401130010462246044608461946034642EA01208C
S21401131043EA042343EA004010BD0144884201D158
S2140113200120704710F8013B9342F7D00020704728
S214011330013A0A44013801398A4200D1704712F84D
S214011340013900F8013FF7E708B588B10023C25C10
S2140113504AB10133B3F5803FF9D106490648672201
S214011360FCF73AFBFEE798B24FF6FF739842F4D0CB
S21401137008BD00BFC06C02005C6A020010F8013BA9
S21401138011F8012B13B9524250B270479342F5D06F
S214011390981A40B270478B42F0B528BF0B460446F8
S2140113A00020C11D99421546264602DB98420BD302
S2140113B0F0BD377829788F4204F1010402F1010269
S2140113C0F4D1083080B2ECE7327829784A40D2432B
S2140113D0D2B280242242EBD0013080B283424FEA5F
S2140113E05404F7D1E4E7F8B5C2F3C70402F00707DF
S2140113F0224605460E4611F0A8FF47B1325D295D2B
S214011400FF233B4122EA03020B4013432B55F8BD51
S21401141038B50A4C2378013B2370FEF727FD0546B5
S2140114200CF0FCFD0146284610F07DFA28B1201D7F
S214011430C821BDE83840FEF7B6BD38BD7449002066
S2140114401FB50C2301AA00210320FAF705FCBDF8FD
S2140114500C004FF6FF7398423BD0FEF71BFDBDF81C
S21401146004001D4CFEF71CFD1C4BBDF80E20BDF8FC
S21401147008001A8001F09EFCBDF9060001F0E7FCA9
S2140114809DF80A00164AC30900F00F001370FEF714
S2140114900DFD0CF0DBFDFDF737FE2078042816D095
S2140114A0C21F5042504101F01AFC0220FEF710FD07
S2140114B02078012808D10FF084FE030604D5002108
S2140114C04FF6FF7010F00DFA002004B010BD012099
S2140114D0E9E79320F9E700BF2E490020AC21002060
S2140114E0B14900201FB5002101AA0C234FF0FF349B
S2140114F00320CDE901440394FAF7FEFB002000F037
S214011500F8FA0020FEF7D2FC4FF6FE70FEF7C2FC9A
S2140115104FF6FF70FEF7C4FC044B01201C8001F05F
S214011520DEFB0020FEF7D4FC04B010BDAC21002089
S21401153008B5FEF7E5FA58B1064B1B78023B022BBD
S21401154006D8054B08221A70FFF762FF002008BD77
S2140115507020FCE72E490020744900202DE9F04157
S21401156086B01C468846174606460FF048FE2044BD
S214011570FFF7A4FE05460FF042FE2044FFF79EFE4D
S214011580C5F3C005C0F3401045EA400520468DF876
S214011590045010F060F8042805D8294929488F22FC
S2140115A0FCF71AFAFEE7092120460FF044FF235CF8
S2140115B0DB0706D52146304610F04AF906B0BDE8ED
S2140115C0F0810B2120460FF036FF2044FFF776FE10
S2140115D00546FEF745FC8542F0D10A2120460FF06C
S2140115E02AFF2044FFF76AFE0921ADF806002046CF
S2140115F00FF021FF235C20461B118DF8083010F0F8
S2140116002AF805380C21ADF80A0020460FF013FF22
S214011610044403948DF809808DF81070FEF72EFAB5
S2140116200446F0F717FB4FF47A7300F5FA7001A938
S214011630B0FBF3F0241A304605940EF0DCFDBDE74E
S214011640E76C02005C6A02002DE9F04F06218BB0C0
S21401165004460FF0F0FE2044FFF730FE80460FF000
S214011660CEFD2044FFF72AFE05460FF0C8FD2044B4
S214011670FFF724FE8346204610F097F9002870D025
S2140116800B2120460FF0D7FE2044FFF717FE0A2154
S214011690814620460FF0CFFE2044FFF70FFE594F3C
S2140116A00646092120460FF0C6FE3B7814F800A036
S2140116B0013B012B4AD9092120460FF0BCFE235CD1
S2140116C0CBF3401BC5F3C005DA0745EA4B054BD4FF
S2140116D0204610F072F9002843D0FEF7C1FBB04255
S2140116E04FEA1A1A49D1FEF7C1FB404570D1204690
S2140116F08DF81450ADF816908DF818A00FF0ABFFCA
S21401170005380C21ADF81A0020460FF094FE20444F
S2140117100790F0F7D1FA8DF81900F0F7E9FA8DF88D
S2140117202400FEF7ABF90446F0F772FA4FF47A7329
S214011730012100F5FA70B0FBF3F0241A102008948A
S21401174002F070F905A80EF060FD0AE0002140469F
S214011750FDF750FDFF28AED00021FDF729F800283F
S214011760A9D00BB0BDE8F08F2B463246494620463D
S2140117700BB0BDE8F04F10F007B84FF6FF739E426E
S214011780B1D03B78052B04D1304600F003FE00288B
S214011790A9D13B78013B012B17D820460FF05BFF00
S2140117A00C21074620460FF046FE053F0444002361
S2140117B0BFB20093039502940197534632464946B9
S2140117C04046FCF7DBFE0028CBD00121122013E0B7
S2140117D03B78052B8BD0013B012B0BD801200FF05A
S2140117E0F0FC030683D500214046FDF703FDFF28E4
S2140117F07FF47DAF012111200BB0BDE8F04F02F060
S21401180011B900BF2E49002038B50A4B1B78023BA0
S214011810022B05460C460CD8FEF728FBA84208D139
S2140118200CF0FCFB08B1E30703D5BDE83840FFF731
S21401183059BE38BD2E490020034B00221A711B7871
S21401184003B1E5E5FFF74EBE7449002018B1034B1E
S2140118501B7803B1DCE5FFF745BE00BF74490020E5
S2140118602DE9F04387B089469DF84470BDF83C6089
S2140118700221804614461D46002207F00103084651
S214011880FEF7B4F9B0421ED32A464346012104A806
S214011890CDF800900FF0BCFD0C4B10991B78029709
S2140118A0063B012B98BF0022CDE9006198BF134685
S2140118B09DF8381084BF052204AB204601F074F869
S2140118C007B0BDE8F0837420FAE700BF2E49002078
S2140118D010B50446FCF7C6FC28B1B4F90200BDE811
S2140118E0104001F0B4BAA088EFF732FD0028F4D01A
S2140118F010BDF7B51D46184B089C0F46164600222C
S2140119001A701A72FEF7D2FA3846FEF7C3FA304654
S214011910FEF7C6FA114B1D8024B94FF0FF33CDE90F
S21401192000336C462046FEF7E3FAFDF713FFFDF79A
S21401193093FB0CF05FFB0A4B1878042809D0C31FF1
S2140119405842584101F0CBF90220FEF7C1FA03B024
S214011950F0BD0120F6E700BF80490020AC21002041
S2140119602E49002010B50A4A0023137082F8283049
S2140119701372084A04464FF6FF701370FEF790FA8A
S214011980012001F0ACF92046BDE810400EF01BBC6A
S214011990804900202D4900202DE9F84F06468A4649
S2140119A001464FF6FE7099461746DDF828B01E4CE4
S2140119B0FDF720FC8046608DFEF728FF84F824A002
S2140119C03368E36173682362184B1B78063B012B6F
S2140119D0054604F11C0A04D8042384F82830BDE81F
S2140119E0F88F60B1484501D90723F6E7608DFEF709
S2140119F0F1FE2A46594611F098FC0028F4D1B8F1B8
S214011A00FF0F0ED1FDF7BCFBFF2801D10623E4E74B
S214011A10032384F8283039465046BDE8F84FFCF7D2
S214011A2057BF0523D9E700BF804900202E49002073
S214011A3037B5114B114A1B7812781343054615D159
S214011A4001200FF0BEFB030612D59DB12846FFF715
S214011A503FFF044638B9009001462A884FF6FF73C7
S214011A600120FFF746FF204603B030BD7024FAE799
S214011A70B524F8E70224F6E72D490020364A00206F
S214011A802DE9F3411746174A1278831F05460E467D
S214011A90DBB222B17024204602B0BDE8F081012BF2
S214011AA00BD90528F6D14FF6FE739942F2D04FF6C0
S214011AB0FF78464506D10224EDE7FCF7D3FB002864
S214011AC0F5D0E7E7002FF6D03846FFF701FF0446CA
S214011AD00028E0D100903A88434631462846FFF771
S214011AE008FFD8E72D490020024600210620FFF70F
S214011AF0C7BF08B5104B00221A70104A1278022A86
S214011B0018D10F4A1278511E012902D9063A012A24
S214011B1010D818B983F82C00002008BD0121FF2831
S214011B2083F82C10F8D001EB800109020248FEF779
S214011B303AFAF1E77020F0E7804900202D490020AD
S214011B402E49002038B505460C4679B110280DD827
S214011B500021FEF769FF074AD08548B1FEF73AFE35
S214011B602A46214611F044FB002038BD0220FCE73E
S214011B701820FAE78049002038B505460C4679B1A9
S214011B8032280DD80021FEF74FFF074A508548B18D
S214011B90FEF720FE2A46214611F02AFB002038BD1A
S214011BA00220FCE71820FAE780490020014B0020BC
S214011BB0588570478049002008B501F0CBFD18B95B
S214011BC0024B022283F8302008BD00BF8049002066
S214011BD008B5084A1278062A09D1074A82F8310060
S214011BE0EFF74EFB0020FEF783F9002008BD7020BA
S214011BF0FCE700BF2E490020804900201FB5194C84
S214011C000023237294F82830012B21D103238DF869
S214011C100C30FEF73DF9024600685168628B01AB55
S214011C2003C304F1100101A801F006FCEFF7C8FB9D
S214011C304FF4F04358434FF47A71B0FBF1F104F1DD
S214011C400800FEF7B0F9022384F8283004B010BD6E
S214011C50054B1B78012BF9D1962004B0BDE8104046
S214011C6080E600BF804900202D4900200020FFF7B4
S214011C7040BF2DE9F341504C94F83050FDF740FF3A
S214011C8030B14E4B187804280ED0C21F5042504136
S214011C9001F025F894F8303043B94949494840F2F3
S214011CA08912FBF799FEFEE70120F1E7002315F004
S214011CB0020584F8303004D002B0BDE8F0410EF0E1
S214011CC0E8BA237E002B71D03C4EE38C317884F841
S214011CD024508A1F012A0BD84FF6FE729B1A18BF92
S214011CE0012307294FEAC3134ED184F8243009E0B3
S214011CF04FF6FF704A1E8342D2B23FD0012A41D925
S214011D00042945D100200FF05CFA030648BF94F879
S214011D102430608B44BF43F0400384F82430FEF740
S214011D20BFF83378063B012B37D9608DFEF76EFD81
S214011D3010B194F8293023B9E28C4FF6FD739A421C
S214011D402BD894F82900668B94F82470B4F8268072
S214011D5048B1608DFEF75AFDC5B294F8290010B15E
S214011D60608DFEF737FDCDE90050434616483A46EA
S214011D70314601F0C3FA02B0BDE8F081802384F851
S214011D802430BBE794F8243043F0020384F824306F
S214011D9094F8243043F00803A7E794F82420618BD5
S214011DA0094802B0BDE8F04101F070BAAB2002B0BC
S214011DB0BDE8F041D6E500BF804900202E4900204D
S214011DC0056D02005C6A0200904900202DE9F84387
S214011DD0DFF8E4801646364A98F800301278134346
S214011DE005460F4603D070242046BDE8F883841FBD
S214011DF0E4B2FCF737FA58B1022DF4D0012CF2D92F
S214011E0026B1AB1E052B01D8052D4CD10224EBE7DC
S214011E10002EFBD0AB1E052BF8D8052DF6D0012CD5
S214011E200CD94FF6FE739F42F0D0022D0AD1012045
S214011E300FF0C7F9030605D4B524D5E74FF6FD73B1
S214011E409F42E3D93046FFF743FD04460028CBD135
S214011E5000F045FFEFF768FF18BB4FF00109284671
S214011E60144D88F80090FEF721F833886B832C76A2
S214011E70EF8485F83090FCF7F5F928B102232B762C
S214011E802C82FFF7F6FEAFE7B08801F063FC06464A
S214011E900028A9D0922085F83040FFF763FD34462C
S214011EA0A2E78E24A0E74FF6FE739F42AED0C9E7A5
S214011EB0364A0020804900202D4900200A464FF668
S214011EC0FF71FFF783BF2DE9F04F09218BB0044660
S214011ED00FF0B1FA04EB000920460FF0BCFB052118
S214011EE0054620460FF0A7FA2044FFF7E7F980469B
S214011EF04846FFF7E3F90DF11B01074620460FF0B0
S214011F00E4FB064648B3214607A80FF00FFB354B06
S214011F101B78A3F1060B5FFA8BFBBBF1010F0FFADF
S214011F2087FA1DD8304A92F8302091072FD59DF8B0
S214011F301B4000231E44EFF7BFFE9DF81B30CDF873
S214011F400490ED1AEDB20246CDE9024600954FEA3D
S214011F50DA7307A940460EF072F90BB0BDE8F08FB0
S214011F609DF81B4005930D2CF7D920480E223146CB
S214011F7011F0DBF90028F0D11B4A059B92F83020BE
S214011F8012F0020F03D00E3CE4B20E23D2E7D207C2
S214011F90E3D5174A1278012ADFD1134A518B4145FE
S214011FA0DBD1BAF1000FD8DA9DF82410022902D14C
S214011FB0BDF81C1029B1033B012B0ED8137E002B54
S214011FC0CBD107AB03CB0B4C1B881061C7F3403753
S214011FD06160238182F82970BFE7BBF1010FF0D958
S214011FE0BBE700BF2E49002080490020276D020074
S214011FF02D4900209049002070B50C4E0C4CF08DF8
S214012000002386F834300B4B1B78063B012B98BF18
S2140120100024FEF7DFFB0546F08DFEF7F7FB2946A9
S214012020C2B22046BDE8704001F086B88049002063
S214012030276D02002E49002010B5FDF761FDF8B1AD
S214012040104B1B785A1E012A02D9063B012B17D8C2
S214012050FDF706FF4FF6FF73984211D00A4C94F82D
S21401206034306BB9FAF7C6FC3223B0FBF3F202FB4D
S214012070130189B204F13400BDE81040FDF793BFA7
S21401208010BD00BF2E4900208049002037B50D4BFA
S2140120901B785A1E012A04460D4602D9063B012B1F
S2140120A00ED8FDF72DFD58B1074B93F82C303BB1F8
S2140120B0002300934FF6FF7229462046FFF76CFC7B
S2140120C003B030BD2E490020804900202DE9F0479D
S2140120D01E46124B9DF820701B78BDF82480DDF853
S2140120E02890013B012B0446154615D8FDF708FD3F
S2140120F090B10B4B93F82C3043B1CDF8209043466A
S214012100324629462046BDE8F04745E40BF086FFF7
S2140121100028F2D0002FF0D1BDE8F0872E4900202C
S2140121208049002008B590B90B4B1B78063B012B64
S21401213007D80A48FDF72CFF094B012283F828200F
S21401214008BD06484FF4FA71FDF72DFFF4E7BDE828
S2140121500840962006E400BF2E490020884900204A
S21401216080490020FFF7DEBF73B5124B1B78012BA9
S21401217006460C460CD1B1B90F4DFDF783FE297EFC
S2140121806A8B022906D12B8A00943146FFF7B1FBF0
S21401219002B070BD032905F110054FF6FE730CBFA2
S2140121A02C460024F0E7952002B0BDE87040FFF70A
S2140121B0D9BB00BF2D4900208049002008B5074B38
S2140121C0014693F8280038B1082203F11C0011F0EB
S2140121D0ACF8B0FA80F0400908BD00BF8049002085
S2140121E02DE9F34104460FF00AF82044FFF766F89C
S2140121F08013032804D00027384602B0BDE8F081DA
S214012200062120460FF017F92218205851686B4610
S21401221003C36846FFF7D2FF07460028EBD03C4EC3
S21401222096F82830072B4DD0032B20D1FCF74AFB1C
S2140122304FF6FF739842044644D096F8242006F1E0
S2140122401C01FDF778F8051E18BF0125314B96F8DD
S21401225024201B789107A3F10603DBB23CD5012BA2
S21401226088BF4FF0020898BF4FF006083CE0042BE9
S2140122700CD196F92430002B28DA4FF6FD75FAF7C3
S214012280B9FBA8420446FAD80025DFE7052B21D181
S21401229069464FF6FE70FCF7ADFFFF2812D0FDF73A
S2140122A09DF996F8242006F11C010446FDF743F833
S2140122B005460028CAD01849184840F2DB22FBF729
S2140122C08BFBFEE702254FF6FF74BFE700254FF6AE
S2140122D0FE74BBE70125F6E7120713D4022B34BFC1
S2140122E04FF007084FF004080D482A46214601F032
S2140122F05BF81DB9214640460DF06DFF002386F8B8
S214012300283079E7012B88BF4FF00308ABE700BF01
S214012310804900202E490020056D02005C6A0200FB
S2140123209C490020024B1878431E5842584170477A
S2140123302D49002010B5054C04F12E00FEF762F879
S21401234004F12A00BDE81040FEF75CB88049002081
S214012350012908B508D8054A22F811000131C9B289
S214012360EEF7F4FC002008BD0220FCE7CE4F00206B
S21401237001289ABF024B33F810004FF6FF707047E2
S214012380CE4F0020024B4FF6FF721A805A807047DC
S214012390CE4F0020054B1A88824204D05B881B1A58
S2140123A05842584170470120704700BFCE4F002069
S2140123B00148FDF7EDBD00BF004A00202DE9F04FB2
S2140123C08FB092469DF86440DDF860902B4D4FF635
S2140123D0FF721F46904204F0400380460E4608BF37
S2140123E004F0FD047BB1A8683A46494610F000FFA8
S2140123F084F02001A8682C73C1F340110FB0BDE82A
S214012400F04FEEF71FBC4FF0020B07938DF828B084
S214012410FDF726FD8DF834B0ADF82C80D5F808B060
S214012420ADF82000FDF728FD8046FDF725FDF219E1
S21401243092B2CDE9030208AACDE901820BAA009265
S214012440079B0122214658460EF042FF56B1D5F8A9
S2140124500880092140460EF0EEFF324651464044C0
S21401246010F0C6FED5F80880092140460EF0E3FFBD
S21401247030443A4649464044B8E700BF004A002087
S21401248038B50D46EEF726FF044610B90DB1FDF737
S2140124902FFD204638BDEEF729BFEEF72DBFEEF72C
S2140124A031BF0128034604D8044A507B18B99373F8
S2140124B07047022070477020704700BF004A002016
S2140124C00B4B1B78063B012B0DD870B1037A023BF0
S2140124D0012B0AD8074B02681A6142685A610289C1
S2140124E01A8300207047702070470220704700BF93
S2140124F02E490020004A002010B5134CA47E86B059
S214012500FCB98DF80730BDF82030ADF80830BDF8BD
S2140125102430ADF80A309DF828308DF80C300B9B2E
S2140125208DF80400049301A8BDF830308DF805102D
S2140125308DF80620ADF81430EEF7D2FB204606B033
S21401254010BD3E20FBE700BF004A002013B5174B25
S2140125501B78063B012B044624D828B3FDF786FCDE
S2140125604FF6FF73984204D100232372002002B075
S21401257010BDFDF77BFC4FF6FE7398420CD1082385
S214012580002118466A46F9F767FB032323726B4658
S21401259003CB20606160E9E702232372FDF766FC46
S2140125A02080E3E77020E2E70220E0E72E490020E2
S2140125B010B58AB0FDF7A4FA10B970200AB010BDA4
S2140125C0254C2378DA1E012A26D8FDF749FC4FF65A
S2140125D0FE7398422DD103238DF80C30FDF758FC7D
S2140125E002460068516801AB03C32378063B012B02
S2140125F029D89DF8243023B307AA10685168128998
S21401260004AB03C31A80FDF737FC04A9024601A8F0
S21401261000F012FF0020D1E7063B012BCDD807A81A
S214012620FFF794FF0D4B9DF824201B7E1343CCD15E
S214012630C3E702238DF80C30FDF712FCADF8040059
S214012640D3E7074AD9E702238DF81830FDF70EFCC9
S214012650ADF81000D7E700BF2E490020004A002041
S214012660104A00200346084601B10B60EFF764BB31
S2140126700020EFF761BBEFF787BBEFF79BBB014B82
S214012680D8697047004A002070B58CB004460EF039
S214012690B6FD2044FEF712FE00F007060EF0AFFD71
S2140126A02044FEF70BFEC0F38120022837D1042117
S2140126B020460EF0C0FE2044FEF700FE4FF6FF73E4
S2140126C098422CD10121032001F0ACF90EF097FDC0
S2140126D02044FEF7F3FD030726D5072120460EF01A
S2140126E0AAFE235C03F00703052B04D0484B1B7896
S2140126F0063B012B18D8012E14D1454B1978063903
S214012700012994BF0021012120460BF0B1FC58B1EC
S21401271001210E200CB0BDE8704001F083B9012103
S2140127200220D1E70021EFE701212046FCF7D0FE89
S214012730012E58D1FDF7E4F900284CD0344B1B7814
S214012740063B012B49D80EF05AFD2044FEF7B6FD94
S21401275000F008050EF053FD2044FEF7AFFD2B1EDA
S21401276018BF0123C0F3401043EA40038DF8003040
S214012770EFF7A2FA8DF81C00EFF7BAFA8DF81D00F4
S21401278045B1082120460EF056FE21183046FEF7C8
S214012790B1FD05460895FDF771F90546EFF738FADC
S2140127A04FF47A7300F5FA70B0FBF3F02D1A204659
S2140127B00B950EF050FF0921ADF8240020460EF0CF
S2140127C03AFE20440A9021460DF102000EF004FF65
S2140127D068460DF02CFD0CB070BD20460CB0BDE86F
S2140127E07040FEF731BF032E0AD120460FF0A5F840
S2140127F00028F0D020460CB0BDE8704000F060BB69
S214012800002EE8D120460CB0BDE87040FFF75BBB58
S2140128102E4900202DE9F0438FB014460F46054699
S2140128200EF0EDFC2044FEF749FD00F007080EF01F
S214012830E6FC2044FEF742FD81460EF0E0FC204413
S214012840FEF73CFDC0F38120022820D1042120465A
S2140128500EF0F1FD2044FEF731FD4FF6FF73C21A6C
S214012860564256410EF0CBFC2044FEF727FD0307E7
S2140128700FD5352D1BD0002120460BF0F9FB40B1BA
S214012880454946484FF4DD72FBF7A6F8FEE70026F9
S214012890E8E709F02000002D4DD100285AD001218B
S2140128A0052001F0BFF829462046FCF711FEB8F1D5
S2140128B0010F66D13A4B3B4E1B78063B012B56D88F
S2140128C0337B03F00F0213F001008DF8042007D0CC
S2140128D0082120460EF0AFFD21184046FEF70AFDFE
S2140128E0099020460EF0B7FE0921ADF828002046D3
S2140128F00EF0A1FD96F820308DF8203020440B9084
S2140129008DF83070FDF7BAF80646EFF7A3F94FF4E5
S2140129107A73214600F5FA70B0FBF3F0361A0DF122
S21401292006000D960EF058FE01A928460DF075FC1E
S2140129300FB0BDE8F083312D06D08D2D10D0402D7F
S214012940B5D10121062002E020B10121052001F0C8
S21401295069F8ACE701210EB10920F8E70420F6E793
S214012960002E4FF001010CBF07200A20EFE796F872
S214012970201023463A4628460FB0BDE8F043FEF73E
S214012980EDBDB8F1030FD3D1214628460FB0BDE8FF
S214012990F04300F061BB00BFF86D02005C6A020004
S2140129A02E490020004A00202DE9FF470446022058
S2140129B01F46BDF83090DDF834A09DF838800D46EE
S2140129C016460EF0FEFB030602D518F0800F11D056
S2140129D0114B1B78F3B9114B3A4683F82050314618
S2140129E0CDE900A84B462046FFF7E8FC002004B0DE
S2140129F0BDE8F087CDE901A8CDF800903B46324608
S214012A00294620460BF040FC0028F0D10348FDF78C
S214012A10BFFAEBE78C20EAE7BE490020004A002017
S214012A2010B53D4B1B7888B0002B6BD1FBF72EFC05
S214012A3028B93A4808B0BDE81040FDF7A9BA374CA6
S214012A4094F82130DB0709D5354B1878EEF72EFCC4
S214012A5094F8213023F0010384F8213094F82130D2
S214012A60980714D594F82200EEF772FC94F82130FA
S214012A7023F00202190784F8212008D50020FDF76B
S214012A8037FA94F8213023F0080384F8213094F8BB
S214012A9021305A070BD523F0040384F82130012393
S214012AA0A376636A002008B0BDE810401847A37EED
S214012AB043BB0BF073FC38BB1A4B1B78042B01D0BD
S214012AC0072B03D11848FBF737FDD8B903A80BF03D
S214012AD079FC30B9154916484FF41A72FAF77CFF9B
S214012AE0FEE79DF8113084F820309DF80C300193F4
S214012AF00022059B0093BDF80E00BDF8123011466A
S214012B00FFF75CFC08B010BDA37E002BFAD108B01D
S214012B10BDE81040EEF738BCBE490020004A002050
S214012B20D02100202E490020B1230100F86D0200BB
S214012B305C6A0200024B00221A70FFF771BF00BFE9
S214012B40004A002002461248837E10B51BB990F851
S214012B502130590703D501209047002008E00D4990
S214012B60097831B95BB90124847618469047204626
S214012B7010BD43F00403426280F82130EDE743F0D4
S214012B800403426280F82130FDF702FAE5E700BF50
S214012B90004A0020BE4900200248837E0BB9FDF79B
S214012BA0F7B97047004A002010B5164A037A127822
S214012BB0063A012A04460ED8032B08D1FFF7FEFA7F
S214012BC0E0B92046FCF7BEF900F0010010BDBDE8F3
S214012BD01040FCF7B7B9022B05D1BDE810400088BC
S214012BE00021FCF727BC032B0AD1FFF7E7FA28B927
S214012BF021464FF6FE70FCF71DFCE5E70120E3E7F2
S214012C000020E3E72E490020F0B585B004460EF01B
S214012C10F6FA2044FEF752FB00F007070EF0EFFA33
S214012C202044FEF74BFB274B06461FBB93F8285064
S214012C300135EDB283F828500EF0E1FA2044857094
S214012C4001A821460EF09CFC01A8FFF7ADFF38B1A4
S214012C500EF0D5FA46F0100189B22044FEF734FB97
S214012C600EF0CDFA2044FEF729FB030712D400200C
S214012C7005B0F0BD93F829500135EDB283F829501F
S214012C800EF0BDFA2044032F8570D9D1204600F0FE
S214012C9009FAD5E7072120460EF0CDFB451C0BF0BF
S214012CA0C5F92544024629460120FEF715FB2046B4
S214012CB00BF0DCF90028DAD00B20012100F0B2FE7F
S214012CC03520D5E7004A00201FB5014601A80EF0C1
S214012CD02DFC01A8FFF768FF05B05DF804FB0A4A62
S214012CE0117881420ED0094B10701B780BB9EEF7A4
S214012CF0DDBA074890F8213043F0010380F821300F
S214012D00FDF746B9704700BFD0210020BE4900201C
S214012D10004A002010B5044B00241C70FFF7DFFFAB
S214012D20024B1C7010BD00BF004A0020BE490020A7
S214012D3038B5164C002323760546EEF761FCF9F705
S214012D4059FE84F82900F9F755FE84F8280028462C
S214012D50FFF7E0FFA368ABB9EEF73AF860B14FF4BE
S214012D6000600AF0F9F8A06060B90949094840F224
S214012D706912FAF731FEFEE7EEF738F80028EED1D1
S214012D808020EEE701236373002038BD004A00204F
S214012D90F86D02005C6A0200014B1878704700BFAC
S214012DA0D0210020024800238376FDF7F1B800BF4A
S214012DB0004A002038B50E4D2B78044623B920462C
S214012DC0EEF7C6FA012038BDFBF74CFA10B12B78A6
S214012DD0012BF4D0074890F8213080F8224043F0C8
S214012DE0020380F82130FDF7D3F80020EBE700BF9F
S214012DF0BE490020004A0020F8B5124EB37E0546B3
S214012E000F46C3B9FBF72EFA0446B0B92846EEF7CB
S214012E1093FAA0B12846FFF7CDFF1FB120B1204697
S214012E20FDF766F80020F8BD96F8213043F0080358
S214012E3086F82130F6E73E20F5E77020F3E78A2092
S214012E40F1E700BF004A00200121FFF7D5BFEEF7EA
S214012E5041BA024BD8610DF0C8B900BF004A002044
S214012E6038B5064CE56A034608462DB9E362EEF727
S214012E709BFE00B1E56238BD7020FCE7004A0020E9
S214012E80024B0022DA62EEF7A7BE00BF004A00201E
S214012E90084A08B5D36A33B9074908484FF4477258
S214012EA0FAF79AFDFEE70021D1629847BDE808408F
S214012EB00DF00BBA004A0020F86D02005C6A0200B1
S214012EC02DE9F043092187B004460EF0B4FA265CDA
S214012ED0012E04EB00052CD1062120460EF0ABFA9C
S214012EE022182058516804AB012E03C33AD07D2E18
S214012EF041D120460EF0AFFB461FE81C95F8018035
S214012F0095F80290FEF7DAF907460EF078F92044B4
S214012F10FEF7D4F9B6B2C0F3C00056B3053500903B
S214012F20CDE901653B464A46414604A8FFF7CEF87F
S214012F301CE07D2ED0D0042E40F08B800EF05FF981
S214012F402044FEF7BBF980130328C5D0EEF798FEA0
S214012F50C1070BD52046FFF743F938B92046FBF7E2
S214012F6031FF03E0697804A8FFF790F807B0BDE8E1
S214012F70F0833546D3E7022E06D1681CFEF79EF98C
S214012F80E978FFF7F1F8F1E7042EDFD0072E02D13A
S214012F90FFF752F8EAE77E2E26D1062120460EF0EC
S214012FA04AFA2044FEF78AF906460EF028F920442C
S214012FB0FEF784F9800B13D00EF021F92044FEF7BA
S214012FC07DF942060CD4052120460EF034FA204441
S214012FD0FEF774F96A7801463046FBF7D3F9C5E780
S214012FE00321F1E7032118E07F2EBFD106212046F9
S214012FF00EF021FA2044FEF761F906460EF0FFF8BE
S2140130002044FEF75BF9800BECD00EF0F8F8204474
S214013010FEF754F94306E5D4052120460EF00BFAD7
S2140130202044FEF74BF90446A81C95F80180FEF7EC
S21401303045F9691D0746012095F80490FEF75AF9EF
S2140130403B46CDE90090424621463046FBF7C2F9A1
S2140130508CE7022E9AD190E738B50D460446092131
S21401306028460EF0E8F92B5C7E2B16D004D8012BEF
S21401307009D07D2B0CD038BD7F2BFCD12046BDE876
S2140130803840FBF70DBA2046BDE83840FFF74AB88E
S2140130902046BDE83840FFF765B82046BDE8384011
S2140130A0FBF77AB938B5092104460EF0C4F9235C5A
S2140130B07F2B04EB00050BD1FBF7B6F82871FBF765
S2140130C0B9F8691D0246BDE838400120FEF704B98B
S2140130D038BD70B590B0022300248DF82C30012342
S2140130E04FF6FF75CDE9034306AB0CAECDE90153B0
S2140130F009AB009303222346304680218DF82040F9
S214013100ADF824500EF0E4F8092130460EF093F99C
S21401311000F140030DEB0300072300F8103CC02329
S214013120CDE901630E230093224623462146284615
S214013130FFF73AFC10B070BD2DE9F047051E9AB0B6
S21401314014BF0E26002688469146FCF789FE4FF6E8
S214013150FE73984206AC66D103238DF82030FCF747
S21401316097FE024600685168234603C34FF0000AE3
S2140131708DF82CA0FCF780FE4E44331DCDE90303E9
S2140131800CAF09AB0093524653460421CDE901A486
S21401319038460EF09DF83A4B1A783A4B012A1978C0
S2140131A052D0062A5AD1384B1B78002B43D140F611
S2140131B0FF7348F6FF7251450CBF1C4614460921A1
S2140131C038460EF038F907EB000A50462146FEF75E
S2140131D07BF800238AF802300AF104008AF80330EB
S2140131E05DB105F10C0355F8042B40F8042B9D4204
S2140131F0F9D12B8803800AF11200B8F1000F03D031
S2140132004A4641460FF0F4FF4423CDE901733736B1
S214013210002300961A4619464FF6FF70FFF7C4FBC7
S2140132201AB0BDE8F08702238DF82030FCF718FEAF
S214013230ADF818009AE74CF6FF7344F6FF720029C2
S21401324014BF1C461446BAE744F6FF734CF6FF72E9
S214013250002918BF134643F40054B0E748F6FF733D
S21401326040F6FF70002908BF0346042A02D143F442
S2140132708053F0E7072AEED143F480549FE700BF5E
S2140132802E490020AC490020B14900202DE9F0412B
S21401329092B04FF003080F46154606468DF8248077
S2140132A0FCF7F6FD04460068616807AB03C34FF6FA
S2140132B0FF740223CDE9034307AB4246CDE9017310
S2140132C00AA80023009606210EF002F809210AA892
S2140132D00EF0B1F80AAB0AA9034401220A545D7044
S2140132E0462302931F230093002301911A46194691
S2140132F02046FFF759FB12B0BDE8F0812DE9F04FEB
S214013300A1B08A4690461F469DF8A84081460AF01D
S21401331085FE4FF0030B851D8DF820B0FCF7B8FD38
S21401332003460068596806AE631D03C604934FF64C
S214013330FF730393EDB206AB5A46CDE901A32946C6
S214013340002309A8CDF800900DF0C2FF092109A8B5
S2140133500EF071F809AB09AA1E187D231354022337
S214013360737086F80280394606EB0B00FDF7ACFF5A
S21401337024B12B992246701D0FF03AFF0AF04EFE3B
S21401338080B1273409ABCDE9004345F04005002361
S21401339002951A4619464FF6FF70FFF705FB21B056
S2140133A0BDE8F08F2234EDE72DE9F04194B04FF0FF
S2140133B00308164604460F468DF82080FCF768FD84
S2140133C00546006869688DF82C8006AB03C3616802
S2140133D0206809AB03C3FCF74FFD0446FCF74CFD20
S2140133E00423CDE9030306ABCDE9014309AB42460D
S2140133F000930CA8002306210DF06AFF09210CA8F2
S2140134000EF019F80CAA0CAB1C18022313543946FB
S214013410601CFDF759FF4623E67002930CAB01933F
S2140134201F23009300231A4619464FF6FF70FFF735
S214013430BBFA14B0BDE8F081F0B58FB00C46164665
S2140134400746FCF719FD07AD01230322CDE9030367
S214013450009400232846CDE9016706210DF038FFC8
S214013460092128460DF0E7FF00F138030DEB0300B4
S214013470042300F81C3C0DF0C2FE044628460DF05D
S214013480C9FE46230444CDE90153A4B200230094A7
S2140134901A4619464FF6FF70FFF786FA0FB0F0BDD1
S2140134A0F0B593B002260C46154607468DF8246003
S2140134B0FCF7D6FC8DF83060ADF81C00ADF828702E
S2140134C0FCF7DAFC07ABCDE901430AABCDE903060D
S2140134D00093032200230DA8A2210DF0F9FE092175
S2140134E00DA80DF0A8FF0DAB0DA903447E220A54CA
S2140134F05D70FCF7C1FCE223A04214BF132011202B
S21401350002930DABCDE9000300231A4619464FF688
S214013510FF70FFF749FA13B0F0BD2DE9F04194B002
S214013520002A4FF002050CBF202424240E4607462D
S2140135308DF82450FCF794FC8DF830504FF6FF754B
S214013540ADF81C00ADF82850FCF796FC07ABCDE9AA
S21401355001534FF009080AABCDE903080093032293
S214013560002321460DA80DF0B3FE41460DA80DF02F
S21401357062FF0DAB03440DA97F220A545F703146EA
S214013580981CFDF7A1FE0DAB01931A23009344F09E
S2140135904004002302941A4619462846FFF704FA07
S2140135A014B0BDE8F08100BF38B50A4C2078FFF7AB
S2140135B096FB6088FFF7FEFB0025A088FCF770FCF1
S2140135C0A571FFF7EFFB044B1D70BDE83840FFF710
S2140135D0E3BA00BF304A0020BE49002010B5FEF70E
S2140135E05CFF044C6080FCF747FCA080FFF7D4FB2F
S2140135F0207010BD304A00200148FCF7C9BC00BF4E
S214013600384A002010B5104B9A795C88012A05D0FB
S2140136100E490F48C122FAF7DFF9FEE703229A7135
S214013620FFF7DCFFE0B2FFF7C5FB0220FFF757FB11
S21401363008480821FFF714FC28B104490448CC22A5
S214013640FAF7CAF9FEE710BD304A0020146E0200F0
S2140136505C6A0200F93501002DE9F041394FBB796A
S2140136600024022B3C7205D1FFF79EFFBDE8F04116
S214013670FEF7FFBA032B63D1EDF794FE0546388AB1
S21401368028B931493148D722FAF7A6F9FEE7FDF7FE
S214013690A1F8437803449D70437802780133DBB286
S2140136A09A4243700BD92A480821FFF7D9FB002814
S2140136B046D025492548E322FAF78EF9FEE7388AEF
S2140136C0FDF788F810F8011B23460546A046264656
S2140136D0DAB291421BD894FBF1F4002264B213468D
S2140136E0D5B2A94225D8012989BF01F1FF310025AC
S2140136F093FBF1F39DB200233B82FFF755FF2B4668
S214013700424631462046BDE8F0410CF0C8BD15F9E9
S214013710012F002B04BF164690469642A8BF1646B8
S21401372042451444B8BF424676B24FFA82F8013396
S214013730CEE710F9015F2D1B05FB05330132CFE7FC
S214013740BDE8F081304A0020146E02005C6A020077
S214013750F935010070B50546FAF784FD70B90A4ED1
S214013760B4796CB92846EDF7E7FD58B1012307484F
S214013770B3717580FFF7E6F9204670BD7024FBE74C
S2140137803D24F9E78A24F7E7304A0020C5370100CF
S214013790014B188000207047B421002008B5084B63
S2140137A018884FF6FF73984209D1EDF709FE47F6E0
S2140137B0C03358434FF47A73B0FBF3F080B208BDC0
S2140137C0B421002038B5124CA3796588012B05D0A9
S2140137D0104911484922FAF7FFF8FEE70223A371C0
S2140137E0FFF7FCFE0020FFF77AFA4FF6FF70FCF7B2
S2140137F057FBE8B2FFF7DEFAFFF76BFCFFF7CEFFE9
S214013800014604F10800BDE83840FCF7CCBB00BF18
S214013810304A0020146E02005C6A02000148FCF780
S214013820F1BD00BF404A0020F8B507460D46FAF73D
S21401383019FD10BB1DB3164EB47914BB3846EDF70F
S2140138407BFD00B3338A33B11249134840F20312A9
S214013850FAF7C2F8FEE72146A81CFDF7E5F8308224
S21401386098B17780FCF7B6FF0123B37144700570F9
S2140138700A48FFF767F92046F8BD7024FBE70224E3
S214013880F9E73D24F7E78A24F5E71824F3E700BFB4
S214013890304A0020146E02005C6A02000536010000
S2140138A02DE9F04F054685B00C469A469046D2B1B2
S2140138B028B92C492C482C22FAF78EF8FEE701B9D4
S2140138C002ACDFF8A8900027CB4639F8020B002897
S2140138D042D0FCF79BFF0A2811D0224922483E22FB
S2140138E0FAF77AF8FEE729B91E491F483122FAF796
S2140138F073F8FEE70028E4D10DF10605E1E739F893
S214013900020CFCF767FF0646B8F1000F14D0FDF76E
S214013910D5FC2B8883421FD1D6F802302360D6F817
S21401392006306360BAF1000F02D000232BF817307F
S214013930012005B0BDE8F08F811C082220460FF05B
S214013940F4FC48B93046FDF7B9FC2880BAF1000FFF
S214013950EED02BF81780EBE701370A2FB5D1002000
S214013960E7E700BF2B6E02005C6A0200D24F002020
S2140139702DE9F3411E4BADF806001B78063B012BE3
S2140139800D4630D801231A4600210DF10600FFF737
S21401399087FF0022012329461046FFF781FF154BBA
S2140139A00026984633F8024B34B101360A2EF9D177
S2140139B0B42002B0BDE8F08121460A20BDF80670A9
S2140139C0FDF732F828F8160078B1FCF703FF394600
S2140139D00646FDF779FC2B68C6F802306B68C6F818
S2140139E006302046E5E77020E3E71820E1E700BF50
S2140139F02E490020D24F00200248142200210FF049
S214013A00BEBC00BFD24F002008B5FFF7F5FF00206F
S214013A1008BD00BF0248902200210FF0B0BC00BFD5
S214013A20444A0020232808B505D90649064821221C
S214013A30F9F7D2FFFEE7054A52F820300B4442F868
S214013A40203008BD5F6E02005C6A0200444A002016
S214013A5023289FBF034B53F820300B60002088BFFC
S214013A6070207047444A00202DE9F04F14469B46CB
S214013A70C36B87B005465B6960680E46012202A9E2
S214013A809847EB6B01225B6903A93046984702A869
S214013A900EF089FB074648B10023A37563754FF006
S214013AA0FF33A360002007B0BDE8F08F03A80EF037
S214013AB087FB0123A375237E04EBC303DE611F840A
S214013AC06368B3420ED1206003A80EF09BFB4FF053
S214013AD0FF332075A360237D043B022B25D80023EA
S214013AE0A375DFE723681A1A53425341A37503A847
S214013AF00EF088FB237D834218BFA77503A80EF03E
S214013B0063FB074602A80EF05FFB87421CBF00233B
S214013B10A37503A80EF060FB074602A80EF05CFB37
S214013B2087421CBF0023A375D5E703A80EF04CFB04
S214013B3080B1EB6B02225B6904A93046984704A862
S214013B400EF051FB0346207D032839D8DFE800F04C
S214013B503838040903A8F3E7237E04EBC303CC2219
S214013B601A8401F08BFC109B1870277E03A80EF0B8
S214013B701FFB04EBC70787F82200237E04EBC30371
S214013B8003A8B3F8209093F822700EF01DFB804630
S214013B9003A80EF021FB8246B8F1000F15D0EB6B9F
S214013BA002225B6904A93046984704A80EF0E0FAA1
S214013BB06075637D6BB90023A3754FF0000838E08C
S214013BC0227E04EBC2021384CBE703A80EF0BBFAF5
S214013BD0EEE794F81680B8F1000FEED0B9F1000FB9
S214013BE009D1DFB10123E375637E002B4FD1012F8D
S214013BF042D1677614E06B6C06EB0A02594286EAFC
S214013C00020008421CBF0021A175591E0A409B1ADA
S214013C109945D0D8A37D002BE3D1CEE7E37D43B908
S214013C204FF000084B465246314628460EF035F80E
S214013C30A060A27D12B123694B4423611949237EFA
S214013C40097899422AD901332376BBF1000F27D090
S214013C5032B3E37D23B3B8F1000F21D1032F1FD078
S214013C60A1684B1C1CD0109B0093224601232846BA
S214013C70FFF7FAFEA07513E095F8343063B9EB6AE6
S214013C800133CFD1032FCDD10123A376C8E7012F6E
S214013C90CFD0032FC4D1F7E79846C3E70023A37517
S214013CA0A07D00E7146302002DE9F04F8BB00E46AD
S214013CB0044698464FF0FF310023104617468DF80C
S214013CC0133001F0C5FBB6F5801F3BD3B21C53D1B0
S214013CD0E56A6B1C57D1616A20460DF024FF054644
S214013CE0B31C18BF0123DFF814910193636A626C59
S214013CF00293236802FB053AE36B05A95B6905227B
S214013D005046984705A80EF007FB0EF02AFB5046D2
S214013D100EF032FB4FF0000B824601464B1C05D0DD
S214013D20636C81EA0A025B42134232D0294620467E
S214013D300DF0F9FE029BAB424DD0BBF1000F4DD109
S214013D400546D3E7314605AA04F108000EF0E0F96E
S214013D500146481C10D0384601F07AFB0DF11303DA
S214013D600122394620460EF013F828B19DF813308B
S214013D7088F80030002003E0237C002BA8D11D48E2
S214013D800BB0BDE8F08F2368ED1A636CB5FBF3F555
S214013D90A6E7484601F05CFB0DF11303019A49467C
S214013DA020460DF0F5FF034690B1B21C03D0D9F8BA
S214013DB00020B2420CD103930F4B9DF8132088F8D4
S214013DC0002049461A6838460FF012FA039B9B46B4
S214013DD0D9F80810A2E7BBF1000FD0D0B6F5801FC6
S214013DE0C8D298F800307A68314604F1080001F02C
S214013DF073FABFE70BE000F0106302009C3300206B
S214013E002DE9F3410E461B4D816A04461746984636
S214013E10E36A8B422AD04B1C18E0284601F018FBB7
S214013E200DF107030122294620460DF0B1FF30B1FE
S214013E309DF80720434629462046B847B0B1A968F1
S214013E404A1C05D0012E0AD0E36A9942E5D10DE05D
S214013E50696820460DF0F4FE012E0146D8D16B6844
S214013E6081EA0302636C5B421A42D1D002B0BDE81C
S214013E70F08100BF703300202DE9F041036B076825
S214013E809046826B9A4288BF8363426C436A02FB08
S214013E900377C36B90B05B690E46052201A9044601
S214013EA03846984701A80EF037FA012801463070C7
S214013EB057D0656CE26B2368606AD2F814C005FBC4
S214013EC00030052206A9E04706A80EF025FA0128CB
S214013ED04FF0000523D0D4E90A3201219342CDE9FF
S214013EE00B458DF834800E958DF83C102AD1194675
S214013EF020460DF0A5FE236B626CE06214339B1A1C
S214013F0023630C9B53B99DF83C303BB1626A616CEC
S214013F102368E06B01FB02310EF0B6F90C9DE36BF2
S214013F2005225B6901A93846984701A80EF0F4F905
S214013F303070236BA26B28469A4288BFA36310B0E9
S214013F40BDE8F081237C33B91C490BAA04F10800B3
S214013F5001F012FAD5E71A4A0BAB2046FFF750FFDD
S214013F60CFE7237C23BB1749224604F1080001F062
S214013F7003FA616A20460DF0F7FD616A421C20468D
S214013F800DF0C0FD054620B9236B626C1344143B4B
S214013F902363A16A20460DF053FE2368A062C01A6F
S214013FA0636CB0FBF3F0606220460DF08CFEB6E762
S214013FB0054A00232046FFF723FFDAE77949010087
S214013FC0F5480100191E0200B51D020073B50D4625
S214013FD0D11E4A421C461B7E4A419A4226D1296876
S214013FE02368994222D3636899421FD8114E0DF176
S214013FF007033246FFF758FEC0B972686B689A42EB
S21401400014D19DF80730DA1E53425341227E934263
S2140140100CD1636901336361D4E90323934205D26A
S214014020A268296842F8231001332361012002B0F7
S21401403070BD00BFC83300202DE9F04F8BB0DFF80C
S21401404058B19A469DF850300293DBF8103053452C
S21401405080460D461646C0F09980DBF80430019381
S214014060D146B9F1000F00F08D80D8F83C300198A8
S2140140705B69012207A9984707A80EF0A1F8DBF8AB
S2140140800030984240F0858007A80EF0A5F8042875
S214014090074614D107A80EF0A6F8019B029A04461B
S2140140A03B44002A3FD1864212D9361A144601995A
S2140140B040460DF0C5FDA9EB04090190D1E7D8F8FB
S2140140C03C3001985B69022208A9984708A8E2E7F4
S2140140D0841B544528BF5446032C03EB0607AAEB62
S2140140E0040A4FEA94021CD9D8F83C3029465B6989
S2140140F03846984724F0030304F003061F441D4482
S214014100002ED4D0D8F83C3001225B6908A9384685
S21401411098473246284608A935440FF069F8002624
S214014120C5E72646ECE700F00302039203442A188B
S214014130074604920593049BDD1B059BD81B039B36
S2140141409F420FD1002FB2D0D8F83C30012208A9E7
S2140141505B6998473A4608A928460FF0E6F878B909
S2140141603D44A4E7D8F83C30012208A95B6998478A
S214014170042208A928460FF0D8F808B9043FDAE760
S214014180DFF8189048460BB0BDE8F08FDFF81090C6
S214014190F8E7DFF81090F5E7F433002012E000F0BE
S2140141A011E000F022E000F02DE9F0410F4688B062
S2140141B016469846044660B390F83450FDB1012186
S2140141C00DF076FC0E9BCDF80480CDE902379DF804
S2140141D03C308DF81C30237C04960021CDE9051176
S2140141E08BB90D4901AA04F1080001F0C5F8DDE913
S2140141F00553E06B002E08BF1D460DF01BFE28463A
S21401420008B0BDE8F081054A01AB2046FFF7F8FD8E
S214014210EDE70546F3E700BFE31D0200CD3F0100D1
S2140142207FB590F84260019204460DF10B030A46F1
S214014230304612490DF006FE012EE36B054619D1F4
S2140142405B69324603A998479DF80B10039B019AB8
S21401425059B19BB243EA02430393E36B9B69012284
S21401426003A92846984704B070BD1B0C1B0492B2E4
S2140142701343F1E79B69012201A9F3E7F433002018
S2140142802DE9F04F99B00F4609920A69416C0E93D9
S2140142901439D31DB3FBF1F3013302EBC302036BF5
S2140142A093420446C0F00D820023DFF820940D935C
S2140142B0E36A07931946484601F0CAF8D7E9033678
S2140142C004930E9B022B4ED1CC2E40F08A81099B83
S2140142D0002B42D0394620460DF00BFE656C079A3E
S2140142E014906B1E1340ED1AE36B78685B6901222C
S2140142F016A9984716A80DF067FF00280CBF0423DF
S2140143000823782E06933DD90123002505934FF007
S214014310080A3B6805990E98C9F80030C9F810607C
S2140143200DF074FF4FEA9A031093DDF81CB089F87C
S214014330140000230B930F9308930C93616C4A1E91
S2140143400BEA02028B1A002E38D05544AB4240D8F5
S214014350236B5B1A13442363ABE0049B1B68149323
S21401436008230693D0E7656C079A6B1E1340782ED8
S214014370A5EB030516D8FB7D7BB9099B002BB3D1B2
S21401438004230693331DAB4210D9A6B1082DBBD822
S214014390042500230593AA46BBE7099B002BA3D15E
S2140143A00823EEE7099B002B9ED1D9E7002505954A
S2140143B04FF0040AADE704250596F9E75345C7D340
S2140143C00BEB0A030393B046089B002B18BF03238D
S2140143D013E0A3EB0A039E42B0460BEB0A0228BF8A
S2140143E098469E420392EFD9D9F8102001239642AF
S2140143F089F8173071D1C9F804B0089399F81730C5
S214014400002B6CD099F818200899D31C09EBC3032C
S2140144100132C3F804B0A3F80880997289F818200D
S214014420B8F1000F14D00E9B022B5BD10B9B7BB90E
S2140144300F9B4344032B0BD9E36B03989B69012223
S21401444014A998470546002840F03D8101230B93A7
S214014450089B0193059B009399F8142039684346FD
S21401446016A800F0ABFFE36B109A9B6916A9584695
S2140144709847051E0D9B18BF5B460D935246434653
S214014480594620460DF009FC236BC9F8080008F1CF
S2140144900302A3EB0A0322F003029B1A2363002DF7
S2140144A040F011810F9BDDF80CB04344A6EB0806E3
S2140144B00F93594620460DF0C3FB00258346002E78
S2140144C07FF43CAF814A39689368E36252680E9B79
S2140144D004F1080000F000FFDEE002238DE7C9F8D2
S2140144E004B09DE7099B002B30D1049BB8F1030F64
S2140144F043440A9327D9E36BDDE903019B694FEA3D
S214014500980298470546002865D118F003025FD047
S214014510049B28F003052B440493039B1D444FF092
S214014520FF330499159315A80EF062FEE36B284637
S2140145309B69012215A998470A9B04930546002DFD
S21401454086D0039B99E7039D4246E8E7039B0A93BF
S21401455007F120031193FB7D78689BB13D7E0C9A91
S2140145600023D9B28D4211D9119931F833109142F5
S21401457003F1010C26D907EBC3030699D8690A444F
S214014580104403E00C9B069A13441844E36B012283
S2140145905B6915A99847159B13930C9B0A980433DE
S2140145A00C93E36B01229B6913A99847039B0A9A14
S2140145B043449B1A042B054607D978B9134604339E
S2140145C00A93C8E7521A6346CBE70A9B0393B6E7FA
S2140145D00A9B04933CE70A9B0493B2E70A9B039366
S2140145E0AFE73B4E04F1080303932368079A606C18
S2140145F0A2EB030ABAFBF0FA00FB0A300DF0BCFE90
S214014600E16A804620460DF01BFBA26A82424AD030
S214014610626CD9F808302568E062511E0B40216BA8
S214014620891A0B4423630D9B5D1BB5FBF2F5AA4566
S21401463036D1079BB3EB080A12D0E36B4FEA9A0216
S2140146409B6941469847E36A079A5344E362236BA2
S2140146509B1A43448346236303980DF029FDDA46EB
S2140146602368616CE06B01FB05310DF0FAFD204615
S2140146700DF029FA20460DF026FB2063BAF1000F53
S21401468011D03A69616CD31D1439B3FBF1F30133D0
S21401469002EBC3029042A8D2304619B0BDE8F08FB3
S2140146A04FF0000ADCE73A69616CD31D1439B3FB9D
S2140146B0F1F3013302EBC302236B9342BFF4F8AD6F
S2140146C0EAE7044EE8E72E468CE700BF9C3300205D
S2140146D023E000F006E000F02DE9F3471E464369AB
S2140146E09DF82890B3420446884617463DD30025D8
S2140146F08DF8075020460DF0B2F9D4F830A0824567
S2140147000AD2236AB5EB430F06D200220DF1070148
S2140147102046FFF7B1FB30B39DF80730012B05D1DA
S21401472000220DF107012046FFF7A6FBB9F1030FA2
S21401473006D0314620460DF07DF9256B854218D30B
S2140147400D4D4FF0FF31284600F082FE4B46002209
S21401475029462046C5E90376C5F8008002B0BDE8C3
S214014760F047FFF78DBD0135C4E7044802B0BDE848
S214014770F0870348FAE700BFC83300200FE000F0D7
S21401478006E000F02DE9F04790F8426086B0012E71
S21401479005460391A1EB020715D1B7F5807F28BF27
S2140147A003264FF06408DFF848A100244FF6FF798E
S2140147B095F84230012B14BF322364239C420AD35E
S2140147C05FFA88F415E0B7F5803F34BF012602266C
S2140147D04FF03208E7E705AB2246514628460DF072
S2140147E066FB95F84230012B059B34D14B452DD104
S2140147F0E4B295F84230012B0CBF64223222121B20
S214014800B24217D3012E39D10022012B05978DF81C
S214014810132027D1082205A90DF113000DF003FD81
S2140148209DF81330059A42EA032221462846FFF7EF
S214014830F7FC40B102232E4900930968CC2303AA52
S2140148402846FFF749FF06B0BDE8F087DBB203B99B
S21401485002340134ACE7591CCAD09BB2002BF8D104
S2140148600134F6E7102205A90DF113000DF0DBFC6B
S2140148709DF81330059A42EA0342D6E7039A059259
S214014880012B23D10823202205A90DF113008DF851
S21401489013300DF0C8FC9DF813201202214628465D
S2140148A0FFF7BEFC95F84230611C012BC9B21AD144
S2140148B00028BFD1BDF814202846FFF7B1FC002818
S2140148C0B8D10234BDF81620E1B2AFE7102320229A
S2140148D005A90DF113008DF813300DF0A4FC9DF819
S2140148E013201204DAE70028A4D1059A9EE700BF38
S2140148F0F4330020032A2DE9F34106460D461746F8
S2140149001C4606D1237A012B23D0012002B0BDE834
S214014910F081DFF8608009680DF107034246FFF772
S214014920C3F960600028EDD19DF80720237A032A99
S214014930E8D0D8F804106A689142E3D1012B2969BE
S214014940D4F80CC007D172690CEB0103934202D96B
S2140149502074207CDAE708316144E1603B4601229D
S21401496029463046FFF78CFC60600028CAD000203C
S214014970CCE700BFC83300202DE9F341089C032A89
S2140149802668174606D1237A012B24D0012002B0CF
S214014990BDE8F081DFF890800DF10703424630460E
S2140149A0FFF782F960600028EDD12568D8F8040089
S2140149B0A96AD5F844C0227A4840CCF100031840D1
S2140149C0E1D1012A09D1E268D8F81030134472699E
S2140149D0934202D92074207CD9E72868EB6A1B1A17
S2140149E0081AB3FBFCF3B0FBFCF083420BD1706CEE
S2140149F0F36A421E1340326B121A1344336328467D
S214014A000DF01EF9E862D8F81020E3680649206820
S214014A1008321344E36001223B46FFF731FC606035
S214014A200028B0D00020B2E7C83300202DE9F04FAF
S214014A304FF0FF334FF6FF72002500F10806C0E97C
S214014A40092387B00446C3620562056330460F46F4
S214014A500DF02EFB20460DF036F828BB20463946D1
S214014A600DF0B1F820460DF02EF828BB8A4D2046F1
S214014A700DF05CF9ECE0E26B2368606CD2F814C0D0
S214014A8001A9052200FB0530E04701A80DF044FC12
S214014A90012828D1294620460DF066F8421C2946F1
S214014AA020460DF02FF80135E3699D42E3D32046F9
S214014AB00DF009F80028D1D000254FF6FF73C4E9A0
S214014AC008534FF0FF39CA46A846E369984514D300
S214014AD0A5EB0905012D37D8636A4FF6FF7293429D
S214014AE047D16E4DC3E70DF041FC0028DBD02946C7
S214014AF020460DF039F80246D1E72368E26B606C78
S214014B00576901A9052200FB0830B84701A80DF036
S214014B1003FC834601A80DF0D6FB074658460DF068
S214014B2020FC70B15745236A38BFC4F82480B945C4
S214014B3003F1010328BFB946BD42236238BF3D4693
S214014B40BA4608F10108C0E74FF6FF736362002515
S214014B50E3699D42C0D2676C2068E36B05225B69FE
S214014B6001A907FB0500984701A80DF0ACFB01352C
S214014B70EEE7E26B676C2068556901A9052207FB21
S214014B800300A84701A80DF09EFB626A2368606CCB
S214014B90434D00FB02300DF0EFFB4FF0FF33A062F8
S214014BA0E3622A460DF103036FF001012046FFF789
S214014BB07BF8002850D1AD68E562294620460CF006
S214014BC05EFF206320B9E16A20460DF039F8E06205
S214014BD0294620460DF034F80546A36A9D423DD18C
S214014BE06569626CE91C143A2046B1FBF2F105EBEB
S214014BF0C1050335B5FBF2F50DF098F80235A8426C
S214014C0080463DD2616A20460CF08DFF002706469D
S214014C1004F1400A474512D3626C236802FB063949
S214014C20E36B05225B6901A94846984701A80DF088
S214014C304AFB534602464946E06B0DF09FFB314660
S214014C4020460CF070FF0137AF420646E2D3154D01
S214014C50284607B0BDE8F08FA56AADE7294620468D
S214014C600CF00DFF236B03442946074623632046B9
S214014C700CF0E6FF0546002FAFD1C4E90B07ACE701
S214014C8030460DF015FA0023074A19462046FFF76D
S214014C90B7F80025EBE600BF03E000F016E000F0F1
S214014CA0C833002013E000F07F1D0200634A002392
S214014CB02DE9F041176813600E46044618B9604D99
S214014CC02846BDE8F08190F834500DB309680268B3
S214014CD0914240F0AA8071684268914240F0A580F6
S214014CE0B1688268914240F0A080F168C268914242
S214014CF040F09B8031694269914240F09680B169EB
S214014D00C26B914240F09180726982611D46D7E77D
S214014D1050222946D0F838800EF031FB33682360E4
S214014D2073686360336963617369A361D6E90212CC
S214014D3004F10800C4F838800DF0CCF9B369E363D8
S214014D4004F140009B68984794F8432020B1E56140
S214014D50002AB4D03B4DB3E7656C002DF7D06668EA
S214014D60B6FBF5F3E361002AA9D0B542F2D8226872
S214014D70B2FBF5F105FB1122002A58D105FB13639E
S214014D80002B54D120460CF06AFEA3690433034479
S214014D909E424ED3636940F63472CC3B93424AD866
S214014DA0B5F5007FD6D3032120460CF081FEE36BD8
S214014DB0D4E900011B689847E36B0546DB680220CF
S214014DC098471DB1002384F834301EE0394620464A
S214014DD0FFF72CFE1C4B9842054604D13946204667
S214014DE0FFF724FE0546636C143B002DEAD1226AC8
S214014DF0204602FB03F60CF032FEA369043303449B
S214014E009E4206D284F83450104DE06B0DF012F835
S214014E1056E70F4A012384F834301368D4E90001B9
S214014E200133136009F0ADFDEFE70A4D48E70A4D7F
S214014E3046E7064D44E7094D42E700BFD84A002041
S214014E4009E000F004E000F013E000F002E000F0FA
S214014E50D44A002008E000F001E000F005E000F090
S214014E602DE9FF410F4690461E46054698B390F839
S214014E70343093B3B1F5801F31D21A4C02210CF0B5
S214014E8017FE22460DF10F0339462846FEF70CFFA2
S214014E90024678B1012300934246334639462846F6
S214014EA0FFF71AFC0446E86B0CF0C4FF204604B07A
S214014EB0BDE8F0819DF80F30012BEBD12169B1429D
S214014EC0E8D10093414633462846FFF7B5F8044635
S214014ED00028DFD1E7E7044CE8E7044CE6E7044C9A
S214014EE0E4E700BFF433002009E000F007E000F03B
S214014EF00AE000F02DE9FF410C4616461F4605461E
S214014F0088B390F8343083B3B1F5801F2FD2DFF821
S214014F107C8001210CF0CCFD21460DF10F034246A9
S214014F202846FEF7C1FE044670B99DF80F30012BE6
S214014F3011D1D8F81030BB4213D100900246314649
S214014F402846FFF779F80446E86B0CF073FF204615
S214014F5004B0BDE8F081074C074A022B08BF14468F
S214014F60F2E7064CF0E7064CF1E7064CEFE7064C95
S214014F70EDE700BF0BE000F00CE000F011E000F000
S214014F8009E000F007E000F00AE000F0F43300204A
S214014F902DE9F04385B00C46DDF8308017461E46F5
S214014FA00546A0B390F834309BB3B1F5801F32D2DA
S214014FB0DFF8809001210CF07BFD21460DF10F03F7
S214014FC04A462846FEF770FE044688B99DF80F301B
S214014FD0012B14D1D9F8102006EB08039A4214D3FA
S214014FE000904346324639462846FFF725F80446E0
S214014FF0E86B0CF01FFF204605B0BDE8F083074CB8
S214015000074A022B08BF1446F2E7064CF0E7064CA7
S214015010F1E7064CEFE7064CEDE700BF0BE000F0CA
S2140150200CE000F011E000F009E000F007E000F00D
S2140150300AE000F0F433002070B586B00E46039205
S2140150400546A0B390F834309BB3B1F5801F32D239
S21401505002210CF02DFD194A0DF1170331462846A1
S214015060FEF722FE044618B99DF81730032B0ED121
S2140150700223009303AACC2331462846FFF72CFBD4
S2140150800446E86B0CF0D6FE204606B070BD022B37
S2140150900BD10A4928460CF02CFF0399814202469F
S2140150A0EFD02846FFF76EFBEAE7054CE9E7054C2B
S2140150B0EAE7054CE8E7054CE6E700BFF4330020D5
S2140150C00DE000F009E000F007E000F00AE000F073
S2140150D073B50C461646054630B390F834302BB3FC
S2140150E0B1F5801F24D201210CF0E2FC2146114AC1
S2140150F00DF107032846FEF7D7FD044680B99DF853
S2140151000730032B0CD0022B0CD10A4928460CF091
S214015110F0FE3060E86B0CF08DFE204602B070BDEC
S214015120054CF7E7054CF5E7054CF6E7054CF4E7C3
S214015130054CF2E7F43300200BE000F00DE000F040
S21401514009E000F007E000F00AE000F0F7B50C46D1
S2140151501646054668B390F8343063B3B1F5801F40
S2140151602BD202210CF0A4FC154A0DF107032146AF
S2140151702846FEF799FDC0B99DF80730032B14D0D9
S214015180022B14D10E4928460CF0B3FE471C0246EA
S21401519039462846FFF7F6FA044606B13760E86B4B
S2140151A00CF048FE204603B0F0BD064CF7E7064C6F
S2140151B0F5E7064CF6E7064CF4E7064CF2E700BFC7
S2140151C0F43300200BE000F00DE000F009E000F001
S2140151D007E000F00AE000F02DE9F3411F46002346
S2140151E00C4616463B60054650B390F834304BB338
S2140151F0B1F5801F28D2DFF8648001210CF058FC3D
S21401520021460DF1070342462846FEF74DFD0446AA
S214015210A0B99DF80730032B10D0022B0AD1012329
S214015220336004233B60E86B0CF004FE204602B0BA
S214015230BDE8F081D8F810303060F3E7034CF2E7B0
S214015240034CF3E7034CF1E7034CEFE70BE000F008
S21401525009E000F007E000F00AE000F0F433002077
S21401526030B50C4685B0054628B390F8343023B3E4
S214015270B1F5801F23D202210CF01AFC0DF10F03A9
S214015280104A21462846FEF70FFD034688B99DF8C9
S2140152900F20032A0DD003220092214602462846FB
S2140152A0FFF71AFA0446E86B0CF0C4FD204605B079
S2140152B030BD054CF7E7054CF8E7054CF6E7054C1D
S2140152C0F4E700BFF43300200BE000F009E000F043
S2140152D007E000F00AE000F02DE9F04346688EB3DF
S2140152E0056898464FF0000CA946AE4655F83C4076
S2140152F0C4F3130701340CF1010C01D0B94218D0E4
S21401530066450EF1080EF1D12F46002403E0A642B1
S21401531007F1080713D055F83430013304F10104BE
S214015320F5D1C1F3130141EA0851C7E90012BDE8FE
S214015330F08341EA0851CEE90012BDE8F083B8F1E6
S214015340030F03D101230372BDE8F083002303E0BA
S2140153509E4209F10809F5D055F83340C4F30754C5
S214015360032C03F10103F3D1C1F3130343EA0853FA
S214015370C9E90032BDE8F0832DE9F043476883B000
S214015380CFB10646884691460024336853F8345018
S214015390C5F30752C5F31301013503EBC4033046C9
S2140153A004F1010405D05B68CDF80090C04710B148
S2140153B07768BC42E9D303B0BDE8F08373B5044611
S2140153C022489DF81850012A00EAC11123F07C40BA
S2140153D007D9961E012E28D9073303F07F031943F8
S2140153E008E09DF81C30DB060A4303F0C053134364
S2140153F043F060410023C4E900108DF80730B5B1D1
S214015400202221460DF107000CF00DFF1A220DF1A6
S2140154100700211D0CF007FF63689DF8072043EA8B
S21401542082636360082002B070BD1143E2E71B226D
S2140154300DF1070021460CF0F6FE23689DF80720C3
S21401544043EAC26323600420EDE700BF80FFFF0745
S21401545038B5094B04461A680D4600210DF08FFF3A
S21401546000234FF0FF322383C4E900252361A260A5
S214015470E382A37638BD00BF106302000138C0B2D4
S21401548005289ABF014B185C01207047806E020008
S2140154902DE9F0410E46596888B007461546490A77
S2140154A00024012922464FEA510104F10104F8D8EB
S2140154B0DC7899781B882403C90201F4006104F49E
S2140154C080540C43C3F30A035203234492B29C183C
S2140154D0284B03934FF0000825F0784302A90DF1FD
S2140154E007001B2202938DF807800CF09CFE9DF8A6
S2140154F00720029B8DF80780ED4343EAC26302A9A9
S2140155000DF1070025F078451B22049302950CF057
S2140155108AFE9DF80720029B6FEA044443EAC263B1
S21401552005936FEA14444FF0FF3306930794BB6963
S21401553007A9012206F110009847BB6905A9044690
S214015540012206F108009847BB69404518BF04468A
S21401555004A90122301D9847BB69404518BF04467F
S214015560012203A930469847404508BF204608B0A7
S214015570BDE8F08101009AB2034B1868034B00287E
S21401558008BF1846704700BFDC4A0020886E02003C
S214015590F8B50D4610B900242046F8BD0E4F3E68FA
S2140155A0002EF8D100F07CF804460028F3D03860CD
S2140155B000F0C2F820460CF04FFF38B130463E608E
S2140155C000F0BAF820460CF042FFE4E7002DE3D0E5
S2140155D02046A847E0E700BFE04A0020024B1868D3
S2140155E0003818BF01207047E04A0020024B002116
S2140155F05B680846184700BFF820002010B50DF07C
S214015600BEFC044618B9034B01215B689847204647
S21401561010BD00BFF820002010B505F0B9FF044604
S21401562018B9034B01215B689847204610BD00BF9F
S214015630F820002010B50CF0CFFF044618B9034B34
S21401564001215B689847204610BD00BFF820002066
S21401565010B50CF095FF044620B9034B01215B6899
S21401566008469847204610BDF820002010B50CF0DB
S21401567094FF20B9024BBDE810401B68184710BDC7
S214015680F8200020431E033306D8044B984228BF57
S2140156901846642838BF6420704700BF40420F0098
S2140156A0F8B5054609F07FF90F4B1E68074626B97F
S2140156B0384609F07CF9344611E0B4688CB194F8A8
S2140156C010C01CF0010F0CD195E80F004CF0010C36
S2140156D084E80F0084F810C0384609F068F92046BF
S2140156E0F8BD3668E3E700BFF020002038B5054670
S2140156F00C4641B10B6833B11B68013303D0CB684C
S2140157000BB18B684BB90DF0F4F9BDE838404FF496
S21401571092724121002000F02FBA084601F046FBA4
S2140157200023044A85F8DC30C5E92343C2E9003387
S21401573038BD00BF5022002010B5044618B9054BED
S214015740054A136010BD04F01BFFD4F89830002BF7
S214015750F6D1F4E737240200EC200020014B18684C
S214015760704700BF5022002010B50C4604F046FFDB
S214015770054B00215B68032098471CB105F0E6FF46
S2140157800128FBD110BD00BFF820002008B5024655
S2140157900868FFF777FF08604868FFF773FF4860FF
S2140157A08868FFF76FFF8860C868FFF76BFF0B69B3
S2140157B0C860581C03D00B48834228BF03460B61C0
S2140157C04B69581C03D00748834228BF03468869A3
S2140157D04B61FFF757FFBDE808408861104605F0AA
S2140157E021BD00BF40420F002DE9F84FD0F89030A0
S2140157F006460F4613B1038B8B4244D0D6F88CB0C5
S214015800BBF1000F42D0DBF80830002B3ED0DBF8AE
S2140158100C1000293AD0D6F8A0A0BAF1000F38D063
S2140158204FF000094D46C84601E0DBF8083005EBAD
S214015830C50203EB82040135E389BB4214D8238AEF
S214015840BB42304610D3B4F91220B6F92430934245
S214015850A04653DD96F8D010F2F73AFF337D834227
S21401586081464BD9DBF80C108D42DED3B8F1000F20
S2140158703ED00023424619463046D0473783C6F805
S214015880908086F8D9900020BDE8F88F0320BDE807
S214015890F88FD1465446524647F6FF7504EBC408C6
S2140158A003EB8808B8F80E30BB421BD8B8F81030A6
S2140158B0BB4217D3B8F91220AA4207D14FF0FF090D
S2140158C03783C6F8908086F8D990DCE796F8D01032
S2140158D03046F2F7FDFE337D834281464246EFD9DC
S2140158E0DBF80C100134A14204D9DBF80830D5E707
S2140158F00120C9E7002AFBD09046E1E7A046B8E7B9
S2140159002DE9F04782B004468946164605F0DEFECC
S2140159103B4D08B100236B602B68D4F88CA0D4F8FB
S21401592090700BB153454BD04FF00008C5F8089066
S21401593005F00CFF012836D12B68DAF800103A681A
S21401594013B11868884246D020460DF0F4FAC5E92E
S21401595000A7D4F8A0508DF80760002D42D0002291
S2140159600DF1070311462046A847204605F048F9E1
S2140159700546B8F1000F00D08EB1B5FA85F040F2B9
S214015980DE324009332100F0F7F83146204605F0B3
S21401599007FB1C4B05461B68394620469847284698
S2140159A002B0BDE8F087012004F028FE164B002166
S2140159B05B680320984705F0C9FE0128FBD1BBE7C9
S2140159C06B68002BB0D0BB42AED1AB68994514D002
S2140159D04FF00108AAE7696811B109689142B6D08B
S2140159E05968B1E7217D94F8D930994228BF194604
S2140159F03246204605F0D8F8B7E70025CFE700BFC6
S214015A0050220020EC200020F8200020F8B50546A2
S214015A100E4608F0C8FF314607462846FFF7E4FE63
S214015A20044620B1384608F0C2FF2046F8BD05F00E
S214015A3035FE224631462846FFF762FF04463846C1
S214015A4008F0B5FF2046F8BD084B10B4002A14BF75
S214015A5014461C46064B1C6019B15DF8044B0CF04D
S214015A6022BD08465DF8044B704700BF372402008C
S214015A70EC20002013B5044669460CF0F6FD2046DE
S214015A800DF0D1F9FF28024606D09DF800102046F9
S214015A90F2F7B6FE02B010BD0048FBE70080FFFF3C
S214015AA02DE9FF4105460F4690460AB9D0F82C80ED
S214015AB0414628460CF03FFE18F0010F02D028465A
S214015AC002F0E8FE0DF086F8184B04460FCB6E4642
S214015AD086E80F0037B104AB03EB840357F82420A4
S214015AE043F8102C18F4803F10D122463146284640
S214015AF00CF0C2FF38B937B104AB03EB840353F89B
S214015B00103C47F8243004B0BDE8F08104AB03EB49
S214015B108403224653F8103C01333146284602D00E
S214015B200CF0B9FFE6E70CF077FCE3E7BC6E020089
S214015B3008B50B46024919400CF0DFFD002008BDF0
S214015B400700110007B54FF400730A49ADF8063097
S214015B500DF106020CF068FEBDF80630B3F5007FC5
S214015B6005D1022808BF002003B05DF804FB012020
S214015B70FAE700BFE44A002008B550B90548064BCD
S214015B8001601A60054B1A68054B1A601868ECF735
S214015B907DF908BDF4200020E84C0020E04A0020F2
S214015BA0E44C00202DE9F0411B4A8AB001AC0546C1
S214015BB00B4602F1200C274610685168264603C69C
S214015BC0083262453446F7D1002B08BF3B461068C1
S214015BD03060002703F10C061C46384690B95FFA80
S214015BE087F82188424628460DF04AFA50B9E188DE
S214015BF0424628460DF055FA20B942463146284617
S214015C000DF061FA0137032F06F1080604F10204CC
S214015C10E4D10AB0BDE8F081D46E0200F0B589B0D7
S214015C2005460E460DF066FA044600BB06F10C0763
S214015C300FCF01AC0FC497E8070084E8070001A95D
S214015C402846FFF7A3FD311D28460CF0A6FD0446A5
S214015C5048B90849284605F0A7FA044618B928465F
S214015C6005F0ECFD044631682846FFF79BFF204609
S214015C7009B0F0BDCC6E020001490CF005BE00BFB4
S214015C802DB8010070B5164E0328337804460D462C
S214015C901ED023FA04F202F00102AA421DD053B12B
S214015CA00122A24023EA0203A5402B43DBB2337054
S214015CB04BB1012070BD2DB10A4B01201B689847DE
S214015CC03378EDE73570074B00201B689847F0E7FF
S214015CD09A07DED003F0FC03E9E7002070BD00BFA1
S214015CE036500020284D002038B504460D46FFF7F3
S214015CF075FC60B105F0F8FC48B9012D07D8012004
S214015D000DF099F90D4B1B6823B15B6898470C4B56
S214015D101C7038BD0AF025F90A4B1A68801A1860FB
S214015D20F5F724FC084B1B684FF47A7202FB00302F
S214015D300CF0A8FD012005F0DFFCE8E7E04D0020AF
S214015D40D2210020204D0020244D0020F8B5124F0E
S214015D5005460C4608F027FE3B78064633B1012D72
S214015D6004D01CB90D48F5F7B1FA3C702146284617
S214015D70FFF788FF0A4B1B7804463BB93B782BB9E3
S214015D800DF0FBF810B1074B1B689847304608F03A
S214015D900EFE2046F8BD00BF37500020FC4C002008
S214015DA036500020F8200020054A0B46117831B104
S214015DB000211170034A1878526801211047704774
S214015DC037500020F8200020124B0239012910B567
S214015DD018701ED8FFF702FCD8B105F085FCC0B1DB
S214015DE005F080FAA8B90C4B1C6834B123689847B3
S214015DF0BDE8104000200DF01EB90CF041FD074B28
S214015E0018600AF0AEF8064B1860204605F074FCE0
S214015E10EEE710BDD2210020E04D0020244D0020E9
S214015E20204D002038B5044680B108F0BCFD0121A4
S214015E3004460846F4F7A8FE012108460A4A0AF075
S214015E403CF82046BDE8384008F0B1BD08F0ABFD8F
S214015E50214605460120F4F797FE0120024A214615
S214015E600AF02BF82846EDE7F86E0200F0B5324D41
S214015E7085B008F098FD2B78044623B12F48F5F736
S214015E8025FA00284AD1F5F715FB02AA03A90DF059
S214015E905EF80346002832D00DF06DF8029B98425A
S214015EA01ED10020264B03991B68264E994230705E
S214015EB021D9C91A00270123CDE900771F482B7085
S214015EC0214A33460AF027F800282FD11F4A1378B3
S214015ED0D90717D4204608F06AFD002005B0F0BDAA
S214015EE00DF047F8029B98421ED0154B154A1B68C9
S214015EF00393002010700121FFF7C4FEEAE7204655
S214015F002B70E8E731780029E4D103F0FE03137023
S214015F10002BDFD10E4B1B689847DBE7204608F0C5
S214015F2046FD032005B0F0BD0220BBE70323204653
S214015F302F703370F3E700BF37500020FC4C002071
S214015F401C4D0020D1210020A95D01003650002003
S214015F50284D002038B5134D08F025FD2B78044652
S214015F60C3B9114A11491370114B124A1A601248EB
S214015F70124A5A60F4F738FE11491248F4F734FE13
S214015F80114B124A1A60124B1B68124B02221A60FE
S214015F9001232B70AFF30080204608F008FD002097
S214015FA038BD00BF3850002037500020006F020077
S214015FB0F82000206D5E0100EC4C00204D5D0100D4
S214015FC0086F0200F44C0020284D0020255E0100D9
S214015FD000300E401C4D00200D4BD3F8E020D203BC
S214015FE014D50C494FF48032C3F8E820C1F8EC20F0
S214015FF09A6BD1B2C2F3072299679A6704229A670D
S21401600000229A679A679A679A679A67704700BFED
S2140160100010084000100846F8B50C4C0D4617460F
S214016020064608F0C0FC0123A362042327606660CD
S214016030A560C4F8E830064B4FF48072C3F880219F
S21401604008F0B5FC0DB10223A362F8BD00100840AC
S21401605000E100E0054B1860054B01229A6540F609
S214016060FF72196358635A65704700BF304D0020B0
S214016070001008402DE9F04F042A83B0054639D9AF
S2140160800B7883614B7883618B788361CB788361EE
S2140160900068D5F808B06E6800F0070001230630E6
S2140160A003FA00F808F1FF3909EA0B07A2F1040A1E
S2140160B0A8EB0702924501F1040446F000560DD8FC
S2140160C0F019214652460DF093F80AEB0B0248EA06
S2140160D009031A40AA6003B0BDE8F08F2146F01903
S2140160E001920DF085F8019AA118AAEB0802304634
S2140160F03A44E8E7013A032AEDD8DFE802F00B0854
S214016100050211F8013B836111F8013BAB6111F8FF
S214016110013BAB610B78AB6103B0BDE8F08F00BF0C
S21401612038B50C46104B1546014668B10122C3F836
S214016130B8200E482246FFF79DFF1DB10A4B0422E8
S214016140C3F8B820002038BD64B1D3F89C20A24221
S21401615084BF0122C3F8B820C3F898400222C3F8CE
S214016160B820EAE70122FAE700100840901008403C
S21401617010B508F018FC184B184901229A65C3F8A7
S21401618088201A66164A5A660722C3F884200A80AF
S214016190144900220A804FF4A021C3F8E81003F145
S2140161A0C0630446C3F8EC100F4B1A600F4BD3F8CC
S2140161B088305B020AD50E4B18680E4B4FF48002EE
S2140161C0C3F88820416BA43002F05EF82046BDE893
S2140161D0104008F0ECBB00BF00100840E84F00205C
S2140161E0A8230020E64F00202C4D00200040084048
S2140161F0E04A0020004008440D4B07221A800D4B50
S21401620000221A800C4B0121C3F8B810C3F8902065
S2140162104FF40052C3F89400C3F8B420074BF022A1
S2140162201A6403F10073A0221A64FFF7A1BF00BF2E
S214016230E84F0020E64F0020001008400000084408
S2140162402DE9F041044688B1394E3A4F08F0ABFBD0
S2140162503388394A03F07801032C054603F07F0C96
S214016260114453D13C6824B908F0A1FB0320BDE8D2
S214016270F08124F00104386820F00100A0424AD1E0
S21401628000223A6022886FEA42426FEA52428C420A
S214016290228036D1294CDFF8B8C02788ACF18008B7
S2140162A03A46083A92B201F10800604528BF4046D6
S2140162B0082A04D9B0F900E0BEF1000F36DB2280CF
S2140162C03B440C8888781E499B1ADBB2C4F30C0445
S2140162D0CC6300F007003380CB66C1F88420FFF75B
S2140162E07BFE04280DD1174BD3F88830164B18685F
S2140162F0164B4FF48002C3F88820416BA43001F09E
S214016300C3FF284608F053FB0020B0E7601E0128B3
S21401631098BF0C46AFE7094862440088A21A48BFF6
S214016320803208389042ADDC28469DE70146B8E742
S214016330E64F00202C4D0020A8230020E84F002027
S2140163400010084000400840E04A00200040084491
S214016350282400200E490F4B0A881B880E48134438
S214016360073B03F0780303440832987892B20A8018
S21401637000F0070009490428C1F8842004D101F57A
S21401638040514A681203FCD4054A1360704700BFA7
S214016390E84F0020E64F0020A82300200010084008
S2140163A02C4D002010B5054C206828B1C30701D438
S2140163B0FFF746FF0023236010BD00BF2C4D0020D1
S2140163C0084B4FF48032C3F8EC2003F17C43C3F84A
S2140163D0E420D3F88030C3F30C03782B01D8FFF701
S2140163E0FBBD7047001008442DE9F84304460E46ED
S2140163F008F0D9FA504B514D1A882D8881465048DD
S21401640002F07801032C02F07F03014417D14D4CB2
S21401641024688CB92A44073A02F0780284180344A7
S214016420E31A48BF8033AB4210DB484608F0BFFA98
S21401643000242046BDE8F88324F00104EFE7012C90
S21401644002D0022CEBD1083D0C46E8E7002E41D0E5
S2140164508C423D4942D1D1F83C800A6B02F00702DA
S214016460063201279740D1F88020C2F30C029A42E7
S21401647047DDB4F900302588002BD6DBA378C5F3B9
S2140164800C0503F007037A1EA5EB08053A43052B16
S214016490337005EA02052CD82DB2E84340F23642A5
S2140164A00421C00FFFF768FB7580E378274A337431
S2140164B012687B1E03EA0803D118B160A9B213FA69
S2140164C085F5BD4289BFFF1A0023B780F2609CBFE5
S2140164D0B180F360484608F06AFAAAE7A4F1080218
S2140164E0824238BF04F17802B2F80080C8F30C0883
S2140164F0B3E7174BDB6C003B18BF0123A5EBC305C5
S214016500CAE78B6B7A1EA3EB08033A431A40114B7A
S21401651015B25B686AB9C3F30363D91E4B424B419C
S214016520DB0033700B4B7280D3F89030C3F3072334
S214016530BCE70823F5E700BFE64F0020E84F002040
S214016540A82300202C4D002000100840304D0020CC
S214016550000008400040084000284CD00378112B6A
S21401656049D9294B42781A7082785A70C2789A7043
S2140165700279DA7042791A718279003A18BF0122DB
S2140165805A71C279003A18BF01229A71027A003A0A
S21401659018BF0122DA71427A1A721C4A0021117060
S2140165A00278172A18D9827C521A18BF01225A7209
S2140165B0C27C9A72027DDA72B0F815209A81B0F820
S2140165C01720DA81427C1A740278182A8CBF427E20
S2140165D000225A7400207047827A003A18BF0122BE
S2140165E05A72C27A9A72027BDA72B0F80D209A81D8
S2140165F0B0F80F20E5E7064AD2F83C311B0C1B0425
S214016600C2F83C3101207047EA4F00203950002083
S214016610004008400346032823D8DFE800F00213B1
S214016620171B114A137A012B02D15079A8B970476A
S214016630022B02D1907980B97047032B11D1D07902
S21401664058B97047084A507938B97047064A907960
S21401665018B97047044AD07920B1044A0120137052
S21401666070470020704700BFEA4F002039500020D5
S21401667008B503490878FFF7CDFF087808BD00BFC5
S21401668039500020431C08D0044AD2F83C311B0C78
S2140166901B0480B20343C2F83C31704700400840F7
S2140166A02DE9F041FFF764FD3B4B3C4E1C683C4B2B
S2140166B0DFF80C811A6E3B4A1B6B15683A4F0121B5
S2140166C0084640F22322FFF757FA384BD3F8102139
S2140166D02260D3F8F82062607269A260B26AE26052
S2140166E0B26C2261F26C6261B26FA261D8F880204E
S2140166F0E261D8F8182022627A686262D3F818211B
S214016700A262D3F81C21E262D3F820212263D3F8D7
S21401671024216263D3F85021A263D8F8B820E2633B
S214016720033525F003059B6B2B60B3696B60D8F8C6
S2140167308430AB6001F0C8FFE860FB6F1C4C2B6136
S214016740D4F8BC3E6B613B6AAB61002001F02EFAC7
S2140167500023C8F88430174B4FF40072C3F8882022
S214016760D4F8BC3E23F40063C4F8BC3E2023C8F82A
S2140167701032114B01221A6403F580434022DA607D
S2140167800E4BB2691B7C1B0203F4706322F4706229
S2140167901343B361BDE8F081106F0200007008403A
S2140167A000100840304D002000000840004008401E
S2140167B0001000210040084400000846EA4F00206F
S2140167C00060084013B5044601F084FF104B1B6BB4
S2140167D0400013F4801F0F4B14BF201A0019002429
S2140167E0CDE90004186801F07BFF21468DF806000C
S2140167F0684601F0D1FF40B1074AD2F83C311B0C84
S2140168001B04C2F83C314FF0FF3002B010BD00BF90
S21401681000300840E04A0020004008400C4B4FF48E
S214016820001210B59A6103F17E430122094CC3F8A8
S214016830F820636813F0706FFBD1FFF799FC064BE5
S21401684008221A606368C3F30363022BFAD110BDF2
S2140168500060084600400840004008460B4BFF22F7
S21401686010B51A6008F09FF80E210446032001F0C7
S2140168700DFC074B40F201225A62204608F097F8B9
S214016880044A536813F0706FFBD110BD00400844F2
S21401689000000840004008400A4A0B4B916A0B4032
S2140168A043F0804343F418439362084B4FF480024D
S2140168B05A61A3F540534FF40022C3F81021C3F8E0
S2140168C0F820704700700840FF01108000700846ED
S2140168D0694A936C23F47F5323F03F0343F46053D8
S2140168E043F03E0373B59364D36C644C644D654EBC
S2140168F01B0D1B0543F4165343F03C03D364936FFF
S21401690003F07F4343F4DB0343F490639367936A96
S21401691023F0BF0343F0A70393625B4B4FF480025F
S2140169205A615A4B0022C3F8802003F180634FF46A
S214016930E0729A6103F100734FF480729A61544ACF
S214016940536823F0070343F005035360514A4FF49D
S2140169500023C2F81031D4F8183123F0404343F035
S2140169608043C4F818314FF44043C2F81C31C5F8CF
S2140169701C31D4F82011484B0B4043F4886343F094
S2140169800503C4F82031D4F8243123F0370343F04B
S2140169902003C4F82431D4F8243123F4472323F404
S2140169A0E06343F4042343F4A063C4F824314FF4B2
S2140169B0F873C2F850310823C5F818314FF4803304
S2140169C0C5F8103114200CF0FAF8D4F8183123F475
S2140169D07F5343F04003C4F818314FF40033C5F831
S2140169E0103114200CF0EBF8D4F81831334043F092
S2140169F0807343F48043C4F8183114200CF0DFF898
S214016A004FF48023C5F8103114200CF0D8F8092370
S214016A10AB63224D14200CF0D2F8687CC8B101AAF1
S214016A2069460CF08BF8D4F81831019A23F47F5399
S214016A3043EA8213C4F81831D4F81831334043EAD4
S214016A408233009A43EA0263C4F8183114200CF02A
S214016A50B6F80E4AA978D2F8B830C3F3160343EA5B
S214016A60016343F400031420C2F8B83002B0BDE855
S214016A7070400CF0A4B800BF007008400040084009
S214016A8000400846FF3FC0E000700846006008402E
S214016A90000008400040084432F33FFFEA4F002060
S214016AA010B50446FFF7DAFEFFF7FAFD022C15D102
S214016AB0114BD978104A2046537812780CF04AFBCD
S214016AC0431C0DD0FFF77EFE013009D0FFF7A6FE6E
S214016AD0022C0BD1FFF7E0FE002003E0032C02D0CE
S214016AE04FF0FF3010BD044B1979E3E7032CF7D1C3
S214016AF0FFF7EEFEF0E700BFEA4F00202DE9F84F62
S214016B000E2A0546BDF828701646184658D82E4B4C
S214016B10DFF8C4A0D3F83C41DFF8C08024F4FE447B
S214016B2024F07F047F2994BF0C4344F07F047F2D1B
S214016B3028BF7F2544EA0524C3F83C410CF03FF802
S214016B40224B4FF0010909FA06F9D3F800B00026E6
S214016B503546344638460CF032F89AF80930ABB967
S214016B601B49D8F83C202023CB63C8F838300123D2
S214016B7002F02002C8F84030D8F830309B06FBD52A
S214016B802023CAB1134AC8F83830D3639AF80B30B9
S214016B90B34206D84FF0FF31584601F0CFFA01351F
S214016BA0044401364E45D5D1002D08BF012594FB7E
S214016BB0F5F000B2BDE8F88FCB63C8F83830E5E7EA
S214016BC047F6FF70F6E700BF00400840E04A0020A5
S214016BD00070084400700846EA4F00200070084024
S214016BE0344B73B51C68344B1D68FFF737FE04F051
S214016BF093FF324B2268C3F810216268C3F8F8206D
S214016C002F4AA1685161E1689162216991646169C5
S214016C10D164A16991672B49E069C1F88000206AB7
S214016C2088612948666A4660A06AC3F81801E06A66
S214016C30C3F81C01206BC3F82001606BC3F8240164
S214016C40A06BC3F85001033525F00305E06BC1F8CE
S214016C50B800286898636B689361AB68C1F88430A4
S214016C60EB680093194B00241868019401F038FD75
S214016C70AB698DF8060021466846ADF8043001F090
S214016C808BFD2B699B0702D0012000F08FFF104B74
S214016C906A69C3F8BC2EFFF76BFA0E4B01221A6421
S214016CA003F580434022DA60074B4FF0FF329A66C5
S214016CB002B070BD106F0200304D00200040084049
S214016CC0007008400060084000000840E04A0020CC
S214016CD0001000210000084408B501F0F5FC30B1B1
S214016CE0044BD3F8C000431C00D080B208BD4FF05F
S214016CF0FF30FBE70081E00F2DE9F04104460E4628
S214016D00174698460BF045FF012C05460FD0A31EEB
S214016D10012B06D82046FFF7C3FE013023D1FFF72B
S214016D205FFF0BF036FF4FF0FF30BDE8F081FFF755
S214016D30D3FF0446FFF71CFA0BF02BFF0F4B401B4B
S214016D4098423BBF4FF6FE714FF47A730021B0FBB9
S214016D50F3F038BF0140631CE5D02046FFF792FCF4
S214016D6044EA0140E1E7BDF818304246394630466C
S214016D700BF061FE0446FFF733FFDDE718FCE7037F
S214016D8007B5FFF775FCFF280AD0074AD389009399
S214016D909389927A0221FFF7AFFF03B05DF804FBF7
S214016DA04FF0FF30F9E700BFEA4F0020054BD3F85C
S214016DB0B400431C14BFC0F380700120A622312109
S214016DC0FEF7DABE0081E00F034B1A689B8802606B
S214016DD083800020704700BFB62100200F4B062895
S214016DE0D3F8883104D183F40013C3F340507047BD
S214016DF0022805D113F4400F0CBF01200020704774
S214016E0050B9074AD2F8D40010F0010005D083F437
S214016E108003C3F3805070470020704700400E4047
S214016E200081E00F0C4A5288B2F5E16F94BFC82288
S214016E305A2210B594BF7824502490428CBF172252
S214016E4010220A70054A0346107818B19C422CBFDE
S214016E500020012010BD00BFB6210020D621002051
S214016E6013B5234B1B780E2B04463ED00DF10701BC
S214016E70FFF7D8FF1E2C8CBF1E4C1F4C9DF8073009
S214016E804FF001028CBF01210021C4F8082170B126
S214016E90194A4DF60174C2F804411B0202F1007250
S214016EA043F44043C2F80431144AA2F8D430134ADA
S214016EB0134C92F8D83023F00103034323F0020366
S214016EC043EA4103DBB282F8D83024786CB923F068
S214016ED0040343EA800323F00803B2F8D440A2F87F
S214016EE0D64043EAC10382F8D83002B010BD00BFD5
S214016EF0B62100200040084600400844001F00213B
S214016F003C500020084B094AD3F88831DB4303F490
S214016F10FE1343F40053B3FA83F30E33A3EB431388
S214016F20013B1370704700BF00400E40D521002082
S214016F3002280CD0062802D020B100207047054B4D
S214016F4018787047034B18780430C0B27047072092
S214016F50704700BFD52100202DE9F7433A4E3B4F3D
S214016F6096F8009015463A4AD2F8C820B9F1020FB1
S214016F700446884607EA02071AD147EA006788F8F6
S214016F800000002372882B60B2F5E16F94BFC8221F
S214016F905A2227F47F57944227F008079ABF380AE7
S214016FA000F47F5043F6C870384303B0BDE8F08361
S214016FB0284A1278904228BF144604EB83030B70CC
S214016FC0F4B1013CE4B24FF030632B606A4601A98C
S214016FD020460BF0B3FDDDE9002347EA03671E4BAD
S214016FE098F800101B7847EA823747F47F5747F036
S214016FF008073BB90029194B18BF4FF07F43C1E77B
S214017000164BE2E7164B1748B9F1060F08BF0346C1
S2140170102AB90029114B18BF4FF07F43B2E7B2FAE5
S21401702082F2C2F11F02D2B29B5CDBB239B15A1EA8
S214017030D2B2FD2A05D81B0643F00403A2E7074B8C
S214017040A0E74FF07F439DE7B62100203F00C0E058
S214017050001F0021D52100203D5000200400000B18
S214017060B883E00FB083E00F2DE9F3410446C82052
S214017070FFF7F6FE2B4B2C4E18780E2801D0FF2C6E
S21401708005D1FF243470204602B0BDE8F081022805
S2140170902DD1072C204628BF072001284FF00003DA
S2140170A001AA0DF1030138BF0120FFF755FF054680
S2140170B01E4B1F4FDDF80480C3F85881C7F8C8502F
S2140170C09DF8034034702046FFF7CAFE194A4FEA7E
S2140170D0082303F4E063127843EA1863A7F8D03074
S2140170E0002AD0D1C7F8CC50A7F8D230CBE7A0B948
S2140170F0052C32BF002701270420201A3B4601AA8F
S2140171000DF10301C0B2FFF727FF4FF480030546D8
S21401711037B1094AC2F80831CAE700273846ECE712
S214017120064AF7E7B6210020D72100200040084094
S214017130001F00213C500020004008460040084443
S21401714008B501F0E1FA094B094A002818BF1A46AA
S214017150136823F47F115B0803F4FE130B431360DB
S214017160044B4FF00072DA6108BD00BF00410840D1
S214017170184108400040084008B501F0C5FA064B22
S2140171804FF4001228B1C3F800214FF000621A62D2
S21401719008BDC3F81821F8E700400844014B1868F9
S2140171A0704700BF344D0020436C012B38BF0123CC
S2140171B02DE9F0479A46464B464F9B69464E474D4A
S2140171C003F4E073A3F5C07280464548514251412D
S2140171D002685245434A0FD114788C420CD198F874
S2140171E0D0C03C78A44507D198F815C03478A4459A
S2140171F002D1A888BDE8F087B3F5C07FC0F800A02B
S21401720011704AD1D8F8944024B12368082B58D974
S21401721094F838400F2120460BF072FCBAFA8AF334
S214017220002852D0B0FA80F29B1A002BC6BFD84075
S214017230C3F10F094FF00F09504501D909F1FF3984
S214017240234B2004C3F8BC0003F1806340F6FF72B1
S214017250C3F8B82003F100734FEA0921C3F8B81048
S2140172600BF07FFCA88000F08DFE09F01F094FF49B
S214017270FA7304FA09F45C4341F66A03B0FBF3F0CF
S2140172800A23B4FBF0F45C43174B1C6098F8D0302B
S2140172903B7098F815303370ABE798F8D030062B72
S2140172A006D1124B1B78002B0CBF9624C824B1E7DD
S2140172B0022B08D00D4B1B78002B0CBFB424F024F6
S2140172C0A8E70024A6E73224A4E74FF00F09B7E7A2
S2140172D000600840D4210020D3210020B6210020E0
S2140172E0002100203F500020344D00203D5000205A
S2140172F0FF290DD00F4B1048C3F850010B040905A8
S21401730001F0F87103F4E0230B430C49C1F8503146
S214017310FF2A0DD0074B40F2F711C3F850111301A5
S21401732003F4F87302F007021343044AC2F850311B
S21401733000207047004008440000F701004008465E
S214017340F8B5134B134E1F68134D384601F0C8F9B4
S2140173503378C4B2A34201D12B78A3B1092C14D837
S2140173600E4B012C195D05D10D4B1B78022B01D15B
S21401737041F0400101F00F0238460909FFF7B8FF56
S214017380002334702B700020F8BD0024FA21F1E7A9
S214017390E04A00203B5000203A500020146F0200C3
S2140173A0B621002038B5044600F094FD14220021D1
S2140173B02E480BF0E4FF2E4B25781A782D49521BE8
S2140173C018BF01220A7022681A60C820A2889A8013
S2140173D0FFF746FD284BD3F8C820284BFF2119702C
S2140173E0274B2849062D03EA0203274A1AD14FF4F0
S2140173F0EE40C2F824014FF48A42C1F8242101224A
S21401740043F08043C1F820211B4AC2F8C8301E4B06
S2140174100322C3F85821FFF793FF1C4B01221A7071
S214017420002038BD022D4FF007000ED1C2F80C0126
S2140174300620C1F80C011649C2F808114FF4404164
S21401744043F00303C2F80411DEE7C2F80C0105207D
S214017450C1F80C01C020C2F8080143F08043812224
S21401746043F00403C1F80821CEE700BFC81F00217E
S214017470B62100203A500020001F0021D72100200D
S2140174802800C0A000400846004008443E500020A6
S214017490C1004000014B1870704700BF3D500020EE
S2140174A02DE9F0472D4C2E4B236000F06BFD4FF479
S2140174B0FA7307464FF47A76B0FBF6F629482A4A5D
S2140174C07343190E1B02181841F10001002305F041
S2140174D0F3F9A0F580730546A36220B966222B2135
S2140174E0FEF74AFB01254FF47A726A434FF0000A11
S2140174F053465008310205F0DFF91C4B19601C4B4E
S214017500B7F57A7F4FEA05688946044618604FEA60
S214017510152505D276222B215046FEF72DFB012696
S2140175204FF47A73A8FB030103FB05117308C01817
S21401753041F100010023324605F0BEF90D4B02343D
S21401754019600D4B49F10009A408186044EA8974D2
S214017550024B013C1C63BDE8F08700BF00500840A9
S2140175600211010020A1070040420F00444D0020F7
S214017570404D00203C4D0020384D0020044B4FF07C
S2140175800052C3F880211A60024B01225A607047EC
S21401759000E100E000500840074B4FF00052C3F8EE
S2140175A08021C3F88020BFF34F8FBFF36F8F034B4B
S2140175B004225A60704700BF00E100E00050084016
S2140175C010B50446A242A2EB0000A3EB010104D2CF
S2140175D0034B1B6B01331844013901F0030110BD45
S2140175E00050084038B502010A4B01259D500A4A51
S2140175F04FF4807383405366044607F0D4F9074A74
S2140176001378A54023EA05031370BDE8384007F058
S214017610CEB900BF00510844005008404050002039
S2140176202DE9F0471546044688461E4607F0BBF985
S214017630022D00F0B880074607F0C4F96C4B6D4A7E
S214017640D3F8189092F815A0DA6D5FFA8AFA520705
S21401765044BFD3F818900AF1010A07F0B9F9664B4E
S214017660664A1B6811684FEA8A7CA3FB093213F14C
S214017670004301FB09CCD8F800304CEB020C012D7D
S21401768004BF01336344ACEB030C08BFC8F80030F9
S214017690BCF1804F0AF0030AC0F09880584AD2F82D
S2140176A000C0584AD2F800E0514A23F04041106B1E
S2140176B04FF000480022ECFB01820EFB01228242C1
S2140176C04FEA937381BF01330130121A03F00303AB
S2140176D0A3EB0A03914588BF4549DFF848C184BF3B
S2140176E0096B03F1FF3303F003030CF80430A2EB3C
S2140176F00900A3B1F10742BF434B41F61F71D9669A
S214017700B30742BF404B4149D966710742BF384B68
S21401771000211967330742BF354B00211965344BE9
S21401772004F1100103EB041E0901CEF80C2111220D
S2140177305A5037499A694FF0010EA2EB090A0EFA20
S21401774004F8D3F85C900A785FFA88F848EA0202EF
S21401775082450A7026D34FF48072A24019EA020FBE
S21401776020D11CF8040000283FD10DB3F0071A669B
S21401777008D5254B274941F61F7240F20110DA66FB
S214017780C866DA66B10706D51F4B22491F4A22484A
S214017790DA66C866DA66720742BF204B01229A6033
S2140177A0330719D4384607F002F90120BDE8F087FF
S2140177B01B48240140F804E05A6607F0F4F814491F
S2140177C00B7823EA08030B7007F0F1F8384607F048
S2140177D0EEF80020BDE8F087212000F0B9FA044B4E
S2140177E04FF480325A603846DDE71A663846DAE7E3
S2140177F000500840AC4D0020384D00203C4D002084
S214017800404D0020444D00200050084400001F1F3A
S214017810405000200050084600000101004008408A
S2140178200051084441500020024B1878003818BF18
S21401783001207047405000201030034B00011858BB
S21401784000F00100704700BF005008401030044BA4
S21401785001F46001000141F003011950704700BFB7
S2140178600050084038B507F0ADF8084B084A9D6946
S214017870547DDA6D520748BF9D69E4B248BF0134B2
S21401788007F0A6F8284604F0030138BD005008406A
S214017890AC4D002038B50B4B03EB00121030000145
S2140178A0D2F80C411D58FFF7DDFFAB0706D5844221
S2140178B000D90139204601F0030138BD844238BFA2
S2140178C00131F7E70050084070B5184CE66B26BB4F
S2140178D0202000F03DFA164B10251D6002F006FC34
S2140178E0144B8022C3F8802101F002FD38B13246E4
S2140178F00020082102F068FD0F4B65669D660F4A61
S214017900536803F07063B3F1807FF9D9074B0C4AD3
S214017910DA6641F201421A6770BD01F0E9FC0028FF
S214017920F4D0054A074B63669366EFE700500840BC
S2140179300040084600E100E00050084600400840CC
S214017940011B01181000000208B5212000F000FA02
S214017950024B4FF480325A6008BD00BF0050084009
S21401796008B5222000F0F4F9024B4FF480225A6049
S21401797008BD00BF00500840064B1B68434303EB9D
S2140179808171054B1B68A3FB003013F1004341EBEB
S214017990000070473C4D0020384D00200D4A10B5C0
S2140179A0146820F0404301464FF000420020E4FBFB
S2140179B00320094A126802FB0300084B1B6B98421E
S2140179C04FEA917104D901330131C01A01F0030164
S2140179D010BD00BF404D0020444D0020005008401F
S2140179E0F8B5064603F080FE044608B1FFF7D4FD5D
S2140179F0084D094F00232B6130466B61AB617B75E7
S214017A00FFF7CCFFC9B27975A8610CB1FFF7B6FDD7
S214017A100020F8BD00500840AC4D00202DE9F04193
S214017A20224F0646386820F4700040F4A000386003
S214017A309DF81C401D1E9DF818304FEA042444EAA8
S214017A40036444EA021408BF002144EA05440C43D7
S214017A50FC64D7F82C80B8F5803F40F2B5224FF091
S214017A6018012CBF00200120FEF786F8C7F83880E1
S214017A70CDB10F4BB468D3F88030412C38BF4124C8
S214017A805B0606D500F014FB18B10A4BB3FBF0F306
S214017A901C442046FFF782FF01308045034B3ABF66
S214017AA00022DA63D863BDE8F08100BF00500840C9
S214017AB00070084000093D00F8B5184DAB691B047D
S214017AC0044626D500F0B0FBAB6913F0787FA0FB27
S214017AD004464FEA9367C3F34450C3F3044505D104
S214017AE040F25E422B21FEF747F80120AD01B5FBBF
S214017AF0F0F010EB871005D140F263422B21FEF720
S214017B003BF80120024600232046314604F0D4FE0D
S214017B10F8BD00F0CDFAA0FB0401F9E700700840BB
S214017B2030B50C4C02460120A0F12003C0F120051F
S214017B3024FA05F504FA03F32B4304FA00F59542FB
S214017B408B4100D330BD0F2801D00130ECE7FF2078
S214017B50F8E700BF40420F0010B50C46FFF7ACFF38
S214017B60C30943EA4163C01A61EBD111FFF7D8FF9D
S214017B70FF2814D00C4B0F22C3F8802003F10073AA
S214017B8040F01000C3F8800003F17A439B69DBB232
S214017B90802B06D02046BDE8104000F031BB012006
S214017BA010BD0220FCE700BF007008443B4B0822D2
S214017BB070B501210546C3F8C8203948394CEEF79F
S214017BC0F7FE394B1D702378013B012B0CD8237C23
S214017BD0E07B01229A400C21302313FB001303F1B2
S214017BE0884303F520431A60304B00225A677DB95B
S214017BF02F4A4FF6FF71D16702F10072F821D16763
S214017C005D672C4B4FF08042C3F89420002070BD76
S214017C10636853B300F0B6F9626800EB5203B3FB36
S214017C20F2F3013B1B0243F0F80326782049224A6F
S214017C30022E1CD0032E1D484FF6FF7521D0012EB3
S214017C4027D143F00203CD67D36707234367237C1D
S214017C50E07B01229A400C21302313FB001303F131
S214017C608C4303F520431A6011E0F823DDE743F067
S214017C7001034FF6FF70C867D3670C4B05225A679E
S214017C80E5E743F00503CD67D367012343670B4B55
S214017C90B8E7CD67D3670023F8E700BF00400E467C
S214017CA000350A00484D00204650002000000840DC
S214017CB0000008440040084400000846004008460A
S214017CC0F8B5064604460FCE1C4F3D460FC5336831
S214017CD02B601B4B1B480822C3F8C8200121EEF776
S214017CE067FE194A00235367A37BE17A1B0443EA24
S214017CF00123217A0B4393673B78032B1BD8DFE8DC
S214017D0003F01402080E617B207B00230422F0F7A7
S214017D10EBF8217CE07B00230422F0F7E5F8A17A5A
S214017D20607A01230422F0F7DFF8084B1878BDE8E3
S214017D30F840FFF73BBF0120F8BD00BF484D0020CB
S214017D4000400E4600350A0000000840465000205C
S214017D50044BD3F89430002BBCBF034BC3F8800010
S214017D60704700BF004008400000084008B5064BB9
S214017D7006491A684FF0045092000BF039FABDE834
S214017D80084000F0BDBF00BF486F02004C6F020004
S214017D9070B50C68651C15D0C4F302669E42C4F328
S214017DA0074530D1A4B294422DD804EB8506B242E1
S214017DB029D2141BA50824F003040E59340F04D04D
S214017DC0012C09D00022012303E06B1C51F823206B
S214017DD000230260037170BD0D4C34F8133042EA83
S214017DE003431A686B1C51F8234001EB83012240C0
S214017DF04B685E4036F07044EAD11B0F032B04BF7C
S214017E008B681A43E4E7013501EB8501C1E700BF42
S214017E10266F020007B501A8F0F792FB134B144A30
S214017E20C3F8442148F2E672C3F838214FF40862D9
S214017E30C3F834210F4AC3F8A0200F4A4AF63F413F
S214017E40916002F580424FF0C07191620022C3F842
S214017E50FC200A4AC3F89C20094B7F225A6203F190
S214017E60007323225A6203B05DF804FB0040084009
S214017E70C0E653517A27000F00300840806D630337
S214017E80003008440F4B002210B5C3F88820C3F811
S214017E908C20C3F890200C4A0121D1605A6812F058
S214017EA0706FFBD14FF00452DA67012402F5FD52E0
S214017EB0C3F880401A66054B1B689847044BDC6084
S214017EC010BD00BF004008400040084604210020C5
S214017ED000400844034BFD22C3F8C8200122C3F822
S214017EE0CC20704700400E4638B5FFF7F3FF1B4B1A
S214017EF01B481C4C1C490222C3F8C8201B4B1A689D
S214017F0042B102EA0005A54204BF5D681560083368
S214017F108B42F4D1164B0222C3F8C820154B164AE1
S214017F20D3F83C111160154AC3F8942000F08AFC7E
S214017F30FFF770FF124B0322C3F8D820A3F50053B6
S214017F400122C3F894204FF46072DA604FF0407259
S214017F50C3F8F820C3F8102138BD00BF00400E4614
S214017F600000FFFF00000840B081E00F0080E00F36
S214017F7000400E4400400840082100200048F00060
S214017F800060084608B5EDF723FD044BD3F8103121
S214017F90C3F308230133B0FBF3F008BD00400E40E5
S214017FA070B5044618B1284D2268531C00D170BD27
S214017FB0C2F30063110C35F8130011F0FE0F93B2F3
S214017FC043EA0043606818D00434CAB2022A216822
S214017FD008D9D4E90160033AC3E9001698600C3465
S214017FE00C33F3E704D16268C3E900120834DBE717
S214017FF0012AD9D104341960D6E7120F072AF5D819
S214018000DFE802F00704090D1013181DC04303F141
S21401801080631860EAE71A6842401A60E6E703F1EF
S214018020C063F6E70AF0CBFDE0E70122824003F1E8
S214018030C063F2E70122824003F18063EDE71A682C
S21401804030EA0202FBD1D1E7266F0200024B012281
S214018050C3F89420704700BF00400846024B012237
S214018060C3F89420704700BF00400844024B4022EA
S214018070C3F89420704700BF00400844024B4022DA
S214018080C3F89420704700BF00400846064B5B6863
S214018090C3F30363984206D1044A936B23F0F003BB
S2140180A043EA01119163704700400840001F002118
S2140180B01F4B1B68D3F8943070B52BB11A680A2A87
S2140180C002D91C6C204670BD1A4DAA6D6B6DC2F3A9
S2140180D04544C2F3CD010134C3F3441601FB044405
S2140180E0C3F3822103F01F0306FB01335C4302F056
S2140180F00702114B9B5C5C43640004D0FFF742FF10
S2140181007043B0FBF4F4D5F8E430190505D513F047
S214018110FF021CBFE401B4FBF2F41A01D2D5C3F38B
S2140181200A43002BCED0A402B4FBF3F4CAE700BF87
S214018130E04A0020006008401E6F02002DE9F0476B
S2140181400E460AF026FDDFF8B090DFF8B0A08046B4
S214018150002506F028FCD9F80430C3F30363012B8D
S21401816007460BD1711C1AD00AF013FDA0EB0805C7
S214018170384606F01CFCAE42EBD80DE0052BF1D0DC
S2140181800B2BEFD0023B012B0CD9013602D00AF0A3
S21401819000FD384606F00BFC1648BDE8F08706F0F1
S2140181A006FCD6E7DAF808301A04C3F389140FD4AC
S2140181B0013602D00AF0EDFC384606F0F8FB24B290
S2140181C0A4F1C8006FF4FF739842B8BF1846E4E7FD
S2140181D0731C03D00AF0DDFCA0EB08056FEA84549B
S2140181E06FEA9454384606F0E2FB14F5007FC2D0DD
S2140181F0E6E700BF00FEFFFF0040084000700840B1
S21401820010F1800F04D04D28DABF323040B27F2003
S214018210044BFF229A6103F10073C0B298610020FB
S214018220704700BF007008440B4B0C499A6D70B53F
S21401823002F007029E6D8C5C9D6DFFF7A3FEC6F3F0
S214018240CD0606FB0444C5F3454505FB0444800101
S214018250B0FBF4F070BD00BF006008401E6F020066
S214018260084910B5D1F8703140B11C464A68D1F8BA
S21401827070319C42F9D1C2F30362027003F00F0021
S21401828010BD00BF00400840094BD3F8883001F00C
S214018290800103F480030B4309D1064B4FF400120F
S2140182A09A61837F1BB1044B0122C3F8F820704703
S2140182B0004008400060084400600846144B1978E6
S2140182C029BB144A90695860D2F880009860D26D34
S2140182D0DA60114A50681861506B5861D2F8A000F4
S2140182E09861D2F8A400D861906A1862D06A586280
S2140182F0126B9A62094AD2F8B820DA6201221A7021
S214018300074B084AD3F8BC0E1060C3F8BC1E704772
S214018310604D002000600840000008400040084012
S214018320001000215C4D0020184B1A78002A2CD032
S214018330174A596891619968C2F88010D968D16561
S214018340A2F5C04219695160596951639969C2F829
S214018350A010D969C2F8A410196A9162596AD1624B
S214018360996A116302F58042D96AC2F8B810094ABF
S2140183700121116402F100721021D16700221A70E6
S214018380054B1A68054BC3F8BC2E7047604D00209C
S21401839000600840000008445C4D002000100021E9
S2140183A020B9144B4FF47002C3F8B820124A9369EF
S2140183B003F4E071C02913D003F0C003802B15D15C
S2140183C00E4B0F4ADA6503F17E433022DA650D4B18
S2140183D005225A600C4A012313640C4A93607047C5
S2140183E023F4E07343F080039361E9E70023C2F8C6
S2140183F08030E5E700400844006008400060084619
S2140184000F00FFFF0000084000000846004008403B
S214018410012801D0042823D1154BD3F8A02022F43B
S2140184208042C3F8A020D3F8A42022F48042C3F8E7
S214018430A42001225A6324229A624FF48072DA62DF
S2140184404FF49C721A6303F180631022DA67084BBB
S21401845005225A60074A01231364074A936070474E
S214018460064B3F22DA6503F10073054ADA65EEE74B
S214018470000008400000084600400840006008442C
S2140184801200FFFF10B506F08EFA084B1B68044673
S2140184903BB1984728B1002200204FF4806100F0DC
S2140184A061FD2046BDE8104006F081BA904D0020DF
S2140184B02DE9F0411F4CDFF89080069F0646A2FB8F
S2140184C003502C1960F1000E9C46A0454FF00003A6
S2140184D073EB0E0E07D24FF4B4720E211846FDF759
S2140184E04BFB02201BE00029FBD0C6F3130601EB71
S2140184F05C04B4FBFCF4A4FB0646E40C44EA4634F4
S2140185000D4E34600D4C22600D4A914209D10D4A40
S214018510A5FB025302FB00339B093B600020BDE82C
S214018520F081C4040A46E80444EA553104F0C4F96B
S2140185303860F3E700C9E876944D0020984D002096
S21401854000F049020A3BB2DF0046C32338B5164D98
S2140185502B780C4623B9154B1B6D03F03F032B708C
S214018560134BD3F894305B051CD5124BB0FBF3F0DC
S21401857040F24D534343A3F546430C3B584300F5A5
S214018580C91000F5556028B940F21B322B21FDF7C2
S214018590F3FA01202B78084A5343B3FBF0F300208B
S2140185A0236038BD0220FCE74A5000200030084016
S2140185B00040084000366E018096980070B5374C32
S2140185C0374B256B374C1B682468ED024CBF1B19D3
S2140185D01B1BB3F1804F04D8002B3AD1324E1C46F8
S2140185E00AE0B3FA83F4314EC4F10204E340304D9D
S2140185F0AB4201D901345B0803EB5605B5FBF6F532
S2140186002C4EB34234BF002601262403013D44EA22
S21401861086242C430C60D8B1B3FBF0F1642400FB34
S21401862011336343984288BF01F1FF31480801388E
S21401863001390728204D214C4FEA510311D9002159
S21401864029700621C4F894101B0243EA0013136034
S21401865070BDB3FA83F4D4F10204134EC6D50024D8
S214018660C5E71029EBD068B1012129700621C4F8AD
S2140186709410134909780029E6D012490224C1F85A
S2140186809440E1E7012914BF0121002129704FF030
S2140186900601C4F89410ECD1D6E700BF00300840BC
S2140186A0984D0020944D0020E0673500C0CF6A0049
S2140186B03FBE4025401B5F13475000200040084442
S2140186C04850002000400846014B1868704700BF1C
S2140186D0984D0020014B1868704700BF944D00204C
S2140186E0084B5B6B03F00700C3F3C20213F0380FAD
S2140186F018BF5043C3F3821213F4E07F18BF5043F0
S214018700704700BF00300840034BD3F8380180F0B3
S2140187101000C0F30010704700400840174B4FF49C
S214018720002210B5C3F89420154C164BB0F1804FBB
S21401873088BF1C46144BDA6CD2071DD51B6F134A33
S21401874004F5F42404F59074B4FBF2F4033CE4B2AB
S21401875003F00703A34202D02046EFF7CFFA0C4BF3
S2140187601B784BB10B4B4FF47022C3F8942003F1E6
S21401877000732404C3F8944010BD00BF00400846AF
S214018780E0673500C0CF6A0000300E4040420F005F
S21401879049500020004008447FB50446EDF756F9DD
S2140187A01C4B06462C3358680093A3792268314641
S2140187B0FFF77EFE054648BBA379012B14BF164979
S2140187C016491022C1F83821206815495843FFF789
S2140187D0BDFE03AA02A93046FFF7F0FE0F4A43F694
S2140187E0FF53C2F8A4300C4B0299C3F8A4104FF4FF
S2140187F0EE611163039A1A632068FFF78FFF094B36
S214018800A2881A6203F5405300229A63284604B0F0
S21401881070BD00BF003008400040084600400844D4
S214018820503008400000084008B5044B01221A7079
S214018830034B1868FFF772FF002008BD495000205F
S214018840984D0020024B4FF48062C3F89420704785
S214018850004008460D4BD3F80421D3F8B030D2B20D
S214018860FF2A03D043F30743591C01D19022192351
S214018870074903EBD37302EB6302022381F8463008
S214018880232381F8472081F8453070470081E00FA7
S214018890001F0021044A5368C3F30363022B04BF7D
S2140188A080239360002070470040084040B1036871
S2140188B0012B05D90069034B002808BF18467047ED
S2140188C0004870472C6F020038B5054614480C4620
S2140188D0FFF764F82DB1C30103EB5503B3FBF5F3C2
S2140188E02360104A5368D80217D40F4B1B68D2F87E
S2140188F0A810C3F3810311F4806203F10103C9B226
S21401890018BFDA00FF2906D00649D1F8AC10490590
S21401891001D502EBC302626038BD0022FBE700BF4F
S21401892040420F000000084000200840084B1A682B
S214018930C117A2FB000310F1807002FB013343F163
S2140189400003400E40EAC310803820EAE07070470A
S214018950A04D0020174B072270B5C3F88420FFF7FF
S21401896011FB154B154A164EC408010B0546E005CA
S214018970C01841F10001002303F09EFF114B18605F
S2140189804EF66020FFF7D2FF4042C6F89C000E4824
S214018990FFF704F8024658B1E301500818184FEAE9
S2140189A015714FF0000341F1000103F085FF706778
S2140189B070BD00BF00400840B2E60E0065CD1D0048
S2140189C0001F0021A04D002040420F002DE9F84372
S2140189D0054608469846FFF769FF16460746002DE6
S2140189E000F0A98018F0050F5DD02C69002C00F06E
S2140189F0A480FEF7D3FB4FF47A735C43201A7B689E
S214018A00A0F6AC50C01AFFF791FFAC8B3062002C79
S214018A1000F09680FEF7C2FB4FF47A735C43201A8F
S214018A207B68A0F6AC50C01AFFF780FF70614A4B16
S214018A30EC68D3F80090002C00F08580FEF7AEFBC2
S214018A404FF47A735C43241A7B68A4F6AC54E41A98
S214018A503B68E41A414B1A68E117A2FB044314F180
S214018A60807402FB013343F10003640E44EAC3142D
S214018A70803C3B4BB4613B4CD3F88430F3612368B4
S214018A804BB148460AF0F9FA28B12368D9F84800EC
S214018A90324639469847AC69FEF780FB01462046C8
S214018AA00AF0ECF8F06218F0020F29D06B684FF468
S214018AB07A7058435BB13B6803F51C531033184476
S214018AC0AB7F002B46F2A81308BF00231844FFF71C
S214018AD02DFF6B69B062002B38D078684FF47A723C
S214018AE002FB0300AB7FA0F50350002BA0F11000A2
S214018AF046F2A81308BF0023C01AFFF717FF7062DB
S214018B0018F0040F17D0A86818B34FF47A735843B7
S214018B10A0F503501038FFF709FFF0602B684FF4FB
S214018B207A70584323B13B6803F51C53103318443D
S214018B30FFF7FCFE3061BDE8F8834CF2503062E787
S214018B404CF2503070E74CF2503483E747F2305025
S214018B50D3E747F23050DEE7E04A0020A04D002080
S214018B60001F00219C4D002010B508461C460AF047
S214018B7017F8094B0246D3F8F800FFF797FE03688B
S214018B80A018002B054AA8BF4FF4FA721A44044BEA
S214018B9092FBF3F2104410BD001F00210CFEFFFFF4
S214018BA018FCFFFF094B10B50246D3F8F800FFF793
S214018BB07DFE0446104609F0F3FF63684FF47A72AF
S214018BC003F5FA7393FBF2F3184410BD001F00215E
S214018BD02DE9F04F384C0A4685B00D4600218146F6
S214018BE00AF0CDFBD4F8C83043F06C029A4204D0A8
S214018BF00025284605B0BDE8F08F304BDB68D90765
S214018C00F6D4FCF7ABFD0028F2D0D4F81061C6F319
S214018C100826002EECD12A4C2A4BD3F81880D4F81B
S214018C2084300193284B4FF060529A6103F1007330
S214018C304FF000629A612423C4F88430234B042247
S214018C401A604FF4804A4FF48053C4F868A0B346C4
S214018C506362AB4512D31E4B04221A60184A019B6D
S214018C60C2F88430184B4FF06051996108EA01034D
S214018C7018498B614FF480439366BAE7226E52041B
S214018C80FCD52268D305F9D5C4F868A00136D4F816
S214018C9088200392012EDCD9A5EB0B07042FA8BF71
S214018CA004273A4609EB0B0003A95F440AF0A0FA31
S214018CB01FFA87FBCDE700BF00400E40004008408A
S214018CC00000084000600840006008440040084674
S214018CD00040084400600846074BD3F8D8304FF6EA
S214018CE004014FF605029BB28B4208BF1346034AA6
S214018CF001209365704700BF0081E00F00500840D7
S214018D0070B5194C0FCC86B001AD0FC5C8222368CB
S214018D1016482B6000210AF032FB7C220021144801
S214018D200AF02DFB134B144AC3F8F020FFF792FD0F
S214018D30124B1B782BB101AD0FCD0B4E0FC62B6816
S214018D4023600F4B0F4AC3F8DC2F0F4AC3F8E02FFE
S214018D500E4AC3F8E42F02F1957202F27112C3F8BB
S214018D60E82F06B070BD00BFC81F0021381F0021C4
S214018D70BC1E0021001F00213F0037003E5000208E
S214018D80001000210200620209C805780708DC0607
S214018D900A4B197801F0FF0229B100211970084920
S214018DA09202C1F8A020597801F0FF0229B10021F2
S214018DB059709302024AC2F8A43070474B50002003
S214018DC000000846074BD3F8E40E074BD3F88C3067
S214018DD01A0103D4054B1B6E1B0401D500F58070E8
S214018DE0704700BF00100021004008400000084006
S214018DF008B505F0D8FD0F4B1A78B2B90E4A1268BD
S214018E0012F4843F11D10D4A1021C2F894101B7838
S214018E106BB9094B1B68DB0509D4084B2022C3F844
S214018E209420BDE8084005F0C2BD054AECE7044BB6
S214018E30F4E700BF4F5000202824002000400844DB
S214018E400040084610B505F0AEFD0E21044603208D
S214018E50FFF71CF9044B40F2012220465A62BDE896
S214018E60104005F0A4BD00BF00000840044B0022DE
S214018E701A70044B197811B11A70FFF7B9BF704711
S214018E804E5000204F50002008B505F08CFD244BB5
S214018E904FF08052C3F88020BFF34F8FBFF36F8F20
S214018EA04FF48072C3F88020BFF34F8FBFF36F8FEC
S214018EB00222C3F88020BFF34F8FBFF36F8F1022BB
S214018EC0C3F88020BFF34F8FBFF36F8F2022C3F804
S214018ED08020BFF34F8FBFF36F8F4FF00052C3F860
S214018EE08020BFF34F8FBFF36F8F8022C3F880209F
S214018EF0BFF34F8FBFF36F8F4022C3F88020BFF3BD
S214018F004F8FBFF36F8F4FF00042C3F88020BFF33F
S214018F104F8FBFF36F8FBDE8084005F048BD00BF17
S214018F2000E100E008B505F03EFD0D4B4FF0805224
S214018F301A604FF480721A6002221A60002283F8C7
S214018F40012310221A6020221A604FF000521A6084
S214018F5080221A6040221A60BDE8084005F027BD4D
S214018F6000E100E070B5084C01232370074B1E6832
S214018F70074BD3E9005332401940284001F024FA48
S214018F800023237070BD00BF4D500020A84D002067
S214018F90282400202DE9F047DDF820A003EA010887
S214018FA0099B06460D4602EA000703EA0A09BAF1DA
S214018FB0000F40F04981031F0B4300F00F81052885
S214018FC071F1000380F0E38050EA010300F05C8158
S214018FD0431E0B4300F01D81FFF756FFAB4AD2E953
S214018FE0004323EA050324EA06043C4343EA080750
S214018FF0A74BA84D1E68DFF8EC8226EA0A0646EA69
S21401900009061E60C2E90047FFF7F2FE14F02A4F78
S21401901014BF48F202034FF40043B0079E48C26EE5
S21401902048BF43F4005383EA020122EA0302EA66D8
S2140190309A4A81660B40D366C4F380421203210329
S21401904048BF42F48072E30648BF42F40052A506C8
S21401905048BF42F4007260069148924DD0F80C3237
S21401906048BF42F48062210648BF42F4006282EAA9
S214019070030123EA0203C5F80C328B4BC0F8081231
S2140190800A40C7F34025AD04C3F80C22E20448BFEA
S21401909045F48035A30348BF45F48015A00748BFB3
S2140190A045F4001514F4001F06D0D8F800000AF0A5
S2140190B04FF808B945F40025E1027C497C4848BFD1
S2140190C045F40035FA0648BF45F480050A6A730779
S2140190D048BF45F0040585EA020323F001031A4060
S2140190E002621D40CB61734B73481D62734B744A19
S2140190F016F0010F18BF1A46836E7D0748BF42F46B
S2140191000012704D82EA030123EA0203AB666E4B3E
S21401911041660A4000F500509A66C16B04F00103EF
S21401912005F5005581EA030221EA0301E96382633A
S2140191301A40664BDA63D8F80020200248BF644B19
S21401914092F8E92058BF634B610748BF43F4806338
S21401915022B114F4C06F18BF43F480735E485F4CAD
S214019160D0F8EC10320748BF43F0004383EA01020F
S21401917022F4A0221140C4F8EC101340C0F8E820F5
S214019180574ABDE8F047C2F8EC30FFF7CBBEA0F572
S21401919080630B4306D020F48063A3F500730B4372
S2140191A07FF41AAF05F0FFFB3849D1E9003223EA14
S2140191B0060322EA050242EA08023B43C1E90032FD
S2140191C0484A126892F8E9200AB313F4C06F1ED019
S2140191D0434B4FF48072C3F8EC2014E005F0E3FB38
S2140191E02A4AD2E9003123F004033B4341EA08014D
S2140191F057EA0807C2E9003114BF394A374A4FF423
S2140192008063C2F8EC30BDE8F04705F0D0BB334BC5
S214019210DFE705F0C8FB1D4AD2E9003123F0010360
S2140192203B4341EA0801C2E900312F4A57EA0807E1
S2140192304FF0010315BF93632C4902F1C062CB6363
S21401924014BFD3639363DEE750EA01037FF4C4AE31
S214019250BAF1010F7FF4C0AE05F0A5FB0C4A136806
S21401926023F0010343EA09031360134A4FF48063B2
S214019270B9F1000F04D0536602F1C0629366C2E7EB
S21401928010498B665366BEE7BDE8F08728240020A8
S214019290A84D0020000008440000084000000846D1
S2140192A0006008400060084400600846004008402E
S2140192B0004008440040084600500840041C500086
S2140192C00418500000500844005008460070084634
S2140192D00D0A0A09090A0A09001008400010084484
S2140192E000100846E04A002000700840007008445C
S2140192F0024B5868C0F3C000704700BF2824002006
S214019300024B186800F00100704700BF28240020B7
S214019310024B5868C0F3C030704700BF28240020B5
S21401932010B50446FEF7E0FDFFF7AEFD04F14C0074
S214019330FCF762FFFEF7A6FDFEF7B2F8FEF71EF990
S214019340FFF708FB1049114AD1F8F810072304F17A
S214019350A400FFF73BFB4FF440010020FEF776FA2E
S2140193604FF400110120FEF771FAFFF7B5FC20B9A2
S21401937040F2E7221421FCF7FFFBFFF755FABDE8A0
S21401938010400120FEF712BC001F00216C1F0021B7
S214019390084B8022C3F8882003F17E430822C3F8D5
S2140193A08820054AD2F8BC3E23F02003C2F8BC3E12
S2140193B0704700BF004008460010002108B505F0C0
S2140193C0F2FAFFF7E5FF034B01229A60BDE8084079
S2140193D005F0EDBA00400840F0B583B006461446E5
S2140193E002F082F9002800F09B80514BDD6815F0F1
S2140193F0060540F0958005F0D6FA23790095022BF4
S21401940007463ED1237B022B35D00320FEF714FA04
S21401941018B9484B5B685B047FD5A37B257B46491F
S214019420A2680192003B18BF0123012D0B705DD08D
S214019430424A434C002313702278002A61D13C4EE5
S2140194400420FEF7CFF8F36E23F0F85323F4F81355
S21401945043F0506343F48033F3662A46022301A99E
S2140194600420FEF7DDF8002852D0364B01213022C9
S2140194702170C3F89420384605F099FA002003B00D
S214019480F0BD0320FEF7D8F9002846D12279D6F898
S214019490AC30012A226838D0D51A254B2A4A0095C5
S2140194A0DA6600221A67627B284B002A0CBF01226B
S2140194B000221A70264B264AD3F8BC3E0CBF43F056
S2140194C0200323F02003C2F8BC3E0320FEF78AF8EF
S2140194D0174B204ADA662279012369460320FEF7F4
S2140194E09FF8F8B11C4B01221A708BE72379022BE7
S2140194F09ED0009BD6F8AC100B4413440025019374
S21401950096E72370FFF774FC99E79A42C5D3C3E741
S2140195100320FEF767F80C4BF366384605F047FA6A
S2140195200320ACE7384605F042FA0120A7E700BF62
S2140195300050084000400840515000204E50002086
S2140195404F50002000400846000001015050002006
S21401955000100021010C010052500020F8B5194CF2
S21401956005462078B0FA80F040F206423E214009D6
S214019570FCF702FB55B96078B0FA80F0BDE8F84018
S21401958040F206423E214009FCF7F6BA0E4F0F4D57
S214019590D7F8A0304FF44066C3F381232370C5F893
S2140195A0A0606078B0FA80F040F206423E214009A1
S2140195B0FCF7E2FAD7F8A430C3F381236370C5F849
S2140195C0A460F8BD4B50002000000840000008448D
S2140195D0F8B50B4C0B4DD4F888300B4F0423C5F867
S2140195E08830D4F888305B0300D4F8BD0426C7F869
S2140195F08860022009F0E3FAC5F88860F1E700BF49
S2140196000040084000400846004008441C4B70B526
S214019610D3F888601B4D03F18063A822C3F8882025
S21401962010221A60184A194B93666B66FFF7B0FB57
S214019630174B1B7813B90320FDF7D4FF00242C67C2
S214019640FFF7C6FF134A144BD2F8E41E0B40C2F8CC
S214019650E43E124B0422C3F88820114BB206C3F82D
S214019660C44008D503F580739B6CB3F5817F22BF98
S214019670034B80229A60BDE8704001F051BE00BFE6
S2140196800040084000500840005008441000000206
S2140196905250002000100021DF0000FF0040084467
S2140196A0001E002110B549B918B3144A53681B0EA1
S2140196B013F00E0F1DD113689A061AD4FFF7C2FBDA
S2140196C00E4C0020FEF7CCFD032801D0092806D158
S2140196D0D4F88C30DB03F4D4636F0C2BF1D9FFF78D
S2140196E077FF074B0122DA6003F17E430422C3F8B9
S2140196F08820044B4FF4C0625A6210BD00400840F7
S214019700004008460060084408B503210920FEF71A
S214019710BDFC024B20229A6008BD00BF00400840F5
S21401972038B5054605F03FF90446FCF721FD35B18D
S214019730FFF79CFB2046BDE8384005F038B9084BDA
S2140197401B78002BF6D0074B1D78002DF2D1FFF7C2
S2140197508DFB2A464FF480400021FFF703FCE9E722
S2140197604E5000204D5000202DE9F84F564B06462E
S214019770D3F888300D461446002A40F0A28013F034
S214019780A00F14BF4FF001094FF00009DFF8548114
S2140197904E4F01F0C5FDA023C8F888300320FDF721
S2140197A021FF0420FDF71EFF4FF0000AFFF75EFBC6
S2140197B0474BFB66C7F870A0FFF70AFF454BD3F887
S2140197C0BC2E42F02002C3F8BC2EFF22C8F80020AF
S2140197D03D4A4FF480719160D3F8E42E3E494FF034
S2140197E0040B1140C3F8E41EC8F888B0C3F8C4AE31
S2140197F0FB6813F0060F04D0FEF7B2F85846FDF7E3
S214019800F1FEB9F1000F08D0344B4FF40062C3F8F3
S2140198108820334B4FF400425A6666B1304B5B6C7E
S214019820180701D4FFF70EFBFFF76EFF0420FDF7C4
S214019830D9FEFFF7ADFA244BDA68D1073FD55A684F
S21401984012F0706FFBD1274B274AC3F88820274AAE
S214019850936B23F0F003936315B12046FFF760FF87
S214019860234BD3F8B4305A1C01D05B0002D51D4BF4
S2140198700122DA601CB31A4BDA6E9A66124A136A30
S21401988023F00103D3611B4BD3F80C22C3F8082243
S214019890A3F54053DA6F9A67A3F50053D3F8EC208B
S2140198A0C3F8E82003F5C043DA6B9A63A3F50053C7
S2140198B0114A5A660B4B4FF60842C3F88820BDE89A
S2140198C0F88F4FF0000961E700400840005008405B
S2140198D00000010100100021DF0000FF00400846E3
S2140198E0000008400040084410003000001F00211E
S2140198F00081E00F006008405000F0029A4B196E9C
S214019900DA6E2DE9F04F01EA0209C3F8689003F513
S214019910805385B0D3F8E060D3F8EC201640C3F846
S214019920E86003F5A043D3F80012D3F80C2201EA4D
S214019930020AC3F808A2A3F5005359691A6A01EA94
S21401994002088A4A08EA0202DA61894BD3F8002241
S214019950910006D4D3F800319A00C3F3407740F162
S214019960E18005F020F8834BDA68DF6D12F0060F10
S2140199709A6E07EA020727F4800222F4006214BFF7
S2140199804FF0010B4FF0000B5A667B0704D57A4A5D
S214019990537D0133DBB2537505F009F8B9F1000FB9
S2140199A000F0DF8019F4004427D004F0FCFF0146E4
S2140199B0FFF708FA6F4D0446AA69AB699A42FCD0D4
S2140199C0AA699342FCD0FFF7FDF9A04240F0AC80B3
S2140199D0084604F0ECFF694B1C60694BD3F88850CD
S2140199E015F4E05240F0A28024F07F4424F0DF0416
S2140199F00CB9FFF70BFE4FF0807419F0020F4FF011
S214019A00000516D05E4B5F49D3F8883003F46042F8
S214019A10C1F88820002A00F09E801D0400F19E8077
S214019A2013F4005F0CBF4FF000534FF000631C436C
S214019A300025C9F340394FEA4909534B3340002BFF
S214019A404AD016F4206F0AD040F60F0206210020F5
S214019A50FCF792F80020FFF763FE26F48026F00557
S214019A6006D5484BFF221A6044F4C064FFF7EAF9B2
S214019A7016F0090F0AD040F6240208210020FCF750
S214019A807BF8FFF741FE414B01229A6216F0106FF8
S214019A900CD040F62D0209210020FCF76DF8FFF7E7
S214019AA033FE002211461046FCF73AFB16F4202F2F
S214019AB00AD040F6350207210020FCF75DF80020A9
S214019AC0FFF72EFE26F48026F10301D5FCF778FC7D
S214019AD0002EB8BF49F0080972070DD52B4B5B6AFB
S214019AE013F4005F14BF2A4A2A4A4FF400531ABFE0
S214019AF0536244F400045362730548BF44F00404FF
S214019B0016F4802600F0AA80FCF724FC013806280B
S214019B1042D8DFE810F021012401210127012A01A2
S214019B202D012D01BB4639E7044645E70192FFF7B3
S214019B306DFD144B019AC3F8882015F4805307D1A4
S214019B4015F4806F0CBF4FF080544FF0806454E7DB
S214019B504FF0804451E74FF0007368E74FF0004341
S214019B6065E74C464D4668E7000008400000F7FFF1
S214019B7000E100E000500840AC4D0020A44D00205C
S214019B800040084000400844090B0B8900100840BB
S214019B90001008440010084640F666020321002023
S214019BA0FBF7EAFF7C4A136ED2F8800003F0070346
S214019BB00633012101FA03F3C0F30C001B1A9BB212
S214019BC0072B13D9754BD3F8883058020ED4744836
S214019BD0136B126DC06C58B103F00703063399403E
S214019BE0C2F30C03C91A89B2072901D844F40074D8
S214019BF06C4B1B78002B31D0674BD3F8E03013F455
S214019C00A02F2BD1684B694A1B7893B9FB0410D45B
S214019C10137873B1E308664943EA457383F0010399
S214019C20D1F8E41E03F001035B0021FA03F3980761
S214019C3014D10420FDF7D6FC5E4B5F49D966FFF7C9
S214019C4015F95A4A13782BB95C4B5D4A1B682340B9
S214019C50134201D144F4804427F48057BAF1000F2F
S214019C601DD01AF4805F18BF44F480241AF4807F54
S214019C7018BF44F400241AF4005F18BF44F010041F
S214019C801AF4007F18BF44F020041AF4806F18BF3E
S214019C9044F040041AF4006F18BF44F08004B8F191
S214019CA0000F3BD018F4802F18BF45F4007518F448
S214019CB0803F18BF44F4805418F4801F18BF44F442
S214019CC0003418F4001F18BF44F0020418F4003FD3
S214019CD018BF44F4801418F4800F18BF45F010051F
S214019CE018F4002F1AD0324BD3F8BC3E13F0C00F35
S214019CF014D02A4B5A68C2F30362032A01D0072AFA
S214019D0007D1D3F88C20D10603D4D3F890201207BC
S214019D1031D54FF40022DA6128F40028002F00F034
S214019D200D81380540F18180264ADFF888A0D37876
S214019D30002B4DD0013B4FF40061DBB2CAF8641032
S214019D40D37033B9204B1B78C3B1204B40F6014288
S214019D50DA660023002266E044F4803422E744F405
S214019D6000641FE744F480641CE744F4807419E738
S214019D7044F0080416E744F40014CFE7DAF870302C
S214019D8013F4A05F15BF4FF4807340F60143CAF881
S214019D905030CAF87030DCE7001008400040084038
S214019DA0000008404F5000204E5000205050002028
S214019DB00010002100500840000001012824002066
S214019DC0088D0100415000205250002000500846E6
S214019DD00320FDF707FCDAF80C30A848A84913F071
S214019DE0060F02BFA74B41F61F72DA664FF40063F7
S214019DF0CAF86430DAF80C3013F0060308BFCAF864
S214019E007030C38A13F4006260D023F40063C38207
S214019E100B7803F0FF0A002B5CD1FDF7A1FDFFF7DD
S214019E20F5FB534620221C431543B9010BD52E20C2
S214019E30FDF78EFF934A4FF00073936602F17C4262
S214019E4045F008055366FA0608D52B20FDF780FF76
S214019E508C4A1023936602F17C42536617F4E00F96
S214019E6005D1FB045ED5BBF1000F00F0AC80B80253
S214019E7010D52920FDF76CFFFFF73AFA40B1824969
S214019E80824A834B53668B6682494968490424D4C7
S214019E9045F0040517F4800BDFF8F0A129D0042063
S214019EA0FDF7A0FB2720FDF753FFFFF7AFFB4FF4AD
S214019EB08003CAF86430784BD3F8E42E50067CD47D
S214019EC0764B02221A6045F0020528E00B784FF423
S214019ED00053A8E74FF400433CE76A4920208B660D
S214019EE05366FDF735FF2D2045F00C05FDF730FFD5
S214019EF0D0E7FA024CD50420FDF774FB2820FDF7C5
S214019F0027FFDAF87030002B3FD1FFF77FFB5D4A61
S214019F105F4B936602F17C4245F0010553665B4B4D
S214019F2000221A657B0509D55D4A9378002B00F05F
S214019F309880013B9370002349EA03094A4620466C
S214019F402946FFF70FF80EB1FCF72CFA18F4002F8C
S214019F5000F08C804F4B4FF40022DA6118F0206F2E
S214019F6000F0888018F0007F01D0FDF7E9F818F0BE
S214019F70006F01D0FDF700F9002200204FF40061C8
S214019F8005B0BDE8F04FFEF7EDBFCAF870B0BEE70A
S214019F90FB04C4D50420FDF725FB424BCAF86C3000
S214019FA0FDF7DEFCDAF85C3013F4A00FB7D12A20F7
S214019FB0FDF7CEFEFFF72AFB7DE7D3F8BC3E9906F8
S214019FC081D4394B7DE7364A13794BB1013BDBB27D
S214019FD0137113B92C4B354ADA6600231C43A1E7EB
S214019FE00420FDF7FFFA0320FDF7FCFA274B2D4A64
S214019FF0DA6604F0D8FC82460DF10F00FEF730F960
S21401A0002B4B1B7883460BB1FEF71CFFBBF1030FEE
S21401A0100ED1DFF880B00020FEF722F9032807D121
S21401A020DBF88C30DA03F6D4DBF874300C2BF2D97B
S21401A0309DF80F30032B06D11E4B012250461A7095
S21401A04004F0B5FCC9E71C4BD3F8E03013F4A02F9D
S21401A050F2D1FEF70BFF504604F0A9FC4FF4804303
S21401A060BCE70220FDF7BEFA012365E7B8F1000F51
S21401A0707FF474AF05B0BDE8F08F00BFAC4D002093
S21401A0805250002000500844005008460050084036
S21401A0901000000200400840001000210040084463
S21401A0A04150002000000101004008460000010D5B
S21401A0B0515000204E50002000100840014B024A2B
S21401A0C01A60704718210020A5BC0100014B1B68CF
S21401A0D0184700BF18210020034A0123136202F12A
S21401A0E07C42D361704700BF004008440B4B10B55B
S21401A0F05C691A6A1440A2B2DA61E20704D55868AC
S21401A100C0F30360FFF7E8FF630706D5BDE810401C
S21401A110042200200021FEF725BF10BD00400840A4
S21401A1200C4A08B5136BD16B0B409363DB070FD555
S21401A130094B187840F6AC22122100F00100FBF71B
S21401A1401BFDBDE80840002201200021FEF70ABFE2
S21401A15008BD00BF0070084028240020044BDA6FB9
S21401A160D207FCD41A6FD96F0A409A67704700BFAE
S21401A1700030084070B50D46144604F014FC064B3A
S21401A180D3F8BC6E74402C407440C3F8BC4E04F047
S21401A1900EFC05EA060070BD00100021034BD3F843
S21401A1A0BC3E99430CBF01200020704700100021DF
S21401A1B02DE9F04117460A43012A9DF818409DF8FB
S21401A1C01C60DDF820801D4629D8B44227D2082E0F
S21401A1D025D8032B23D8B8F1000F20D00A4600213A
S21401A1E001F006F8EB00FF219940DFF838C0C943BB
S21401A1F008F1FF38FF00E2B2964202D80020BDE81F
S21401A200F0813D190CEB850518F8010FD5F8EC2007
S21401A21098400A401043C5F8EC000134EBE70120F2
S21401A220EDE700BF001E00210A4A5368C3F303632B
S21401A230032B01D0072B0AD1D2F88C30DB0606D4CB
S21401A240D2F8900080F00800C0F3C00070470020EC
S21401A250704700BF004008402DE9F7438E780F2E67
S21401A26080460C4603D9012003B0BDE8F08326B929
S21401A27001232E4A00201370F6E70D7891F801901D
S21401A280002D3BD1B9F1000FEDD194F90310E08810
S21401A290FDF762FC0128E6D055EA0903A088244FA1
S21401A2A032D1FDF77BFB23498A6D4FF6040583B255
S21401A2B092B24FF60500AA4208BF02463A80082528
S21401A2C0802201278F658A672A461A4903B1013B16
S21401A2D0013ECB62F6B20023019300960123294684
S21401A2E008F1A400FDF79AFB1FB1134B4FF480123F
S21401A2F0DA64124BA2681A600223BAE7082DB2D8B4
S21401A300B9F1080FAFD8C0E7FDF748FB3A884FF61A
S21401A31004039A421EBF07498A653B80A9454A46FF
S21401A32083B238BF2A460027CFE700BF535000202C
S21401A330BC2100200050084000500846C84D0020AF
S21401A3400C4BD0F8C42010B5C3F8C020027C0446DC
S21401A350120202F400624FF40061FFF70BFF237C48
S21401A36013F0080F14BF044A044A4FF40073C2F8EE
S21401A370883010BD001E00210040084600400844F9
S21401A380431C07D0044B6FF0FF029A6103F1007380
S21401A39010409861704700BF0070084400F0180331
S21401A3A0182B0AD003070AD410F0100040F201134C
S21401A3B018BF1846034BD86470470020FAE70120FF
S21401A3C0F8E700BF001F0021344B2DE9F7431E6854
S21401A3D001F4007900F00103174653EA0902054625
S21401A3E00C462ED04FF0000803B3002300220120B4
S21401A3F00021CDE90088FEF7CDFD41463046FDF748
S21401A4009DFE414670830120FBF7AEF9716B06F1A4
S21401A410A400FDF739FF22490868FFF7B1FF4FF0A6
S21401A420FF330B60337C43F004033374B9F1000F40
S21401A43007D00121304608F06CF924F40074054376
S21401A4400C43D6E93E232A40234052EA030103D0B7
S21401A4501449304609688847FB070FD51249134A45
S21401A4600868136800211160114A0121117003B1B7
S21401A4709847104B00215B680220984717F00E0F93
S21401A48008D040F2F3123B21002003B0BDE8F043B0
S21401A490FBF772BB03B0BDE8F08300BFE04A0020C3
S21401A4A01C21002020210020D84D0020DC4D00205A
S21401A4B056500020F820002070B50446D0B10E4E4C
S21401A4C0007BD6E9372300280CBF10461846FEF756
S21401A4D069FB0623A371237B2060054643B9D6F8A2
S21401A4E0D8000130FEF75EFB2D1AA560002070BD76
S21401A4F00025FAE70120FAE7001E0021F7B5044619
S21401A500D4E93EC71046DDE908268CEA020587EA4B
S21401A51006010540194085EA0C057940C4E93E511B
S21401A52023F4004106EA010320F00100002543F46C
S21401A5300073024043F00203CDE90055FEF72AFD01
S21401A540237C9A0717D5D4F8FC309B0513D54FF416
S21401A5508811204608F0DDF8237C65F34103237457
S21401A560D4E93E2302400B4052EA030103D00349DB
S21401A570204609688847002003B0F0BD202100204E
S21401A58038B10368044A002B08BF1346034A136018
S21401A5907047014BFAE700BFA52C020020210020DE
S21401A5A0024B986B00F00F00704700BF001F0021A0
S21401A5B00F2938B505460C460ED801F0C7F8012814
S21401A5C00CD1074A936B23F00F032343936328466A
S21401A5D008F09FFD002038BD0120FCE70220FAE7C5
S21401A5E0001F0021014BD86B704700BF001F0021E0
S21401A5F0014B0020D9637047001F002103282DE975
S21401A600F7434CD8274B13F80080274B1E5C274B8B
S21401A61013F8009004F0C7F90746FEF771FE0546E9
S21401A62040B10023CDE900330022002301200021A0
S21401A630FEF7B0FCFEF76CFE48B10023CDE900330F
S21401A6400022002300204FF40041FEF7A3FC26B3AE
S21401A650174B5C6C04F00804164B31465C644046AC
S21401A660FFF720F84A4631464046FFF77DF8124B81
S21401A6705C6465B1114B1868416BA430FDF704FEAC
S21401A6800F490868FFF77CFE4FF0FF330B60384632
S21401A69003B0BDE8F04304F08AB93446DCE703B002
S21401A6A0BDE8F0833C6F0200386F0200346F020091
S21401A6B0000008400000084400000846E04A002068
S21401A6C01C210020104AD2F8883013F0A00F16D1B2
S21401A6D0D2F88C0010F0040013D10C4BD3F8E43EF2
S21401A6E023F07F4323F0FF035BB15368C3F3036298
S21401A6F0092A07D0B2F10C0018BF012070470020CC
S21401A70070470120704700BF00400840001000213C
S21401A71070B50D46064620B9194B1B68A3B1032038
S21401A72011E001F013F8012828D1164B93F90040E7
S21401A730C4F11C04641BC4F11C03002BB8BF5B42AC
S21401A740232B0CDD012070BD81EAE173A3EBE173DD
S21401A750DBB2232BF6D80B4B19700020F3E7B57448
S21401A76004F021F9084A5369E40223F4FF2304F4B0
S21401A770FF241C43546104F01AF9EEE70220E2E7D5
S21401A780E04A0020545000200070084008B5FFF74A
S21401A790D7FD04F008F9074AD2F8BC3E23F020039F
S21401A7A0C2F8BC3E04F003F9034B02221A600020F3
S21401A7B008BD00BF001000210040084690F8C230D6
S21401A7C053B9074BDA69920208D49B6F13F4706F82
S21401A7D014BF0120002070470020704701207047F9
S21401A7E000600840F8B5436B02EA010523EA01035D
S21401A7F02B434363344A01F00B030C4623EA05015D
S21401A800516402F100722B4061070646536411D56C
S21401A8100121FFF7D3FF68B1FEF7DAFE15F0040F4A
S21401A82014BF2A4A2A4A4FF40073D361294B0422E3
S21401A830C3F88820E20606D515F0100F264B14BF84
S21401A84000221B22DA6423061DD52F0616D51F4BC0
S21401A8504FF400129A6103F17E430122C3F8F820F7
S21401A86004F0A1F80E2107460320FDF70FFC1A4B52
S21401A87040F201225A62384604F099F8294606F158
S21401A880A400FDF701FDE00503D5E90516D5FDF7A2
S21401A890E5FBA20503D5AB0513D5FDF7EFFB14F0D9
S21401A8A0600F09D0D6F89410304608F0FCF90B4B2F
S21401A8B098640B4B80229A600020F8BDFDF7C6FB1A
S21401A8C0E7E7FDF7D3FBEAE7000008440060084627
S21401A8D0006008440040084400000840001F0021B2
S21401A8E000400840014B1868704700BFD44D002057
S21401A8F037B5012300240022CDE900340023104699
S21401A9001946FEF747FB0220FCF76CFE054D064B89
S21401A91021461C6002206B6898472B6803B0BDE88F
S21401A92030401847F8200020DC4D00202DE9FF417B
S21401A930022903900C461546984605D1FFF7D8FF25
S21401A940002004B0BDE8F081194E04F02CF83368FD
S21401A95007463BB1AB4205D004F029F8002333602B
S21401A9600120EEE7134B3560C3F800800123002277
S21401A970CDE90033002310461946FEF70BFB0E4BBC
S21401A980002502201D70FCF72DFE22462B4603A94A
S21401A9900220FCF745FE094B039A1A60084B1B6818
S21401A9A004469847384604F002F8002CC8D1D5E78B
S21401A9B0DC4D0020D84D002056500020D44D0020FC
S21401A9C0F8200020044BDB6D5B055ABF034B18785B
S21401A9D0012000F00100704700500840565000204A
S21401A9E010B50C4608F0D5F9A288D30080B1B3F5AE
S21401A9F0803F0DD80749430901FB0233226800094D
S21401AA00B3FBF0F3D21A05232260A371002010BD18
S21401AA100220FCE720A1070070B50E4603F0C3FF35
S21401AA20054600F0B7FE044620B1284603F0BFFFF6
S21401AA30204670BDFEF7CCFD114B3278D3F8E43ECC
S21401AA40022A23F0F00316D0101F42424241520060
S21401AA5043EA02137278022A0FD0111F4A424A4172
S21401AA60520043EA8213064AC2F8E43E054B04222A
S21401AA70C3F88820D9E70122EAE70122F1E700BFFF
S21401AA80001000210040084470B50E4603F08BFF0D
S21401AA90054600F097FE044620B1284603F087FFDE
S21401AAA0204670BDFEF794FD104B3278D3F8E43E95
S21401AAB0022A23F00F0315D0101F424242415200D2
S21401AAC013437278022A0FD0111F4A424A4152009C
S21401AAD043EA8203054AC2F8E43E054B0422C3F862
S21401AAE08820DAE70122EBE70122F1E700100021D6
S21401AAF000400844F8B50E7890F8D0700446304609
S21401AB000D46FCF76BF9002844D094F8D030B342D8
S21401AB1008D1AA88636C9A4204D16A88B4F8D23004
S21401AB209A4235D084F8D060AB88A4F8D4306B88CC
S21401AB30A4F8D230AB886364FF236375304607F010
S21401AB40EFFF04F1D00520752846FCF72BFC10BB5F
S21401AB502846FCF739F9F0B9D4F8903053B194F897
S21401AB60D010B94206D0B3F912202046EDF7B0FD59
S21401AB7084F8D9002046FCF717FB0949A4F8D4004D
S21401AB80084AD1F8F810012304F1A400FDF71EFFCE
S21401AB900020F8BD01200E2384F8D030F9E700BF6D
S21401ABA0001F00216C1F002170B5054690F8D000EB
S21401ABB00E280C461DD0FF291DD01AB10F4B4FF0A1
S21401ABC0FF321A6007F0ACFF064695F8D000FCF796
S21401ABD0AFF9844228BF0446E4B2B44238BF3446D3
S21401ABE0E0B26875FCF740FAA0F1FF0358425841FD
S21401ABF070BD0220FCE70120FAE700BF002100201B
S21401AC00C36B012B01D10020704770B5364BD0F8CD
S21401AC109060D3F8F830C0F8943086B03146058B92
S21401AC20044608F012F8B3898DF80600D6E901212A
S21401AC30EB1A9BB201FB032268460021ADF80430F3
S21401AC400092FDF7A9FD38B9284B228BDA63FCF791
S21401AC5077FB20B106B070BD022006B070BD227C25
S21401AC6060F34102227407F0B5FFD4F890305969B9
S21401AC70431EDBB209680291FD2B02460BD9CD1C9F
S21401AC8009D91B4B01311B680CD0D81C07D802A967
S21401AC902046029301E002A9204607F0FCFE0020B0
S21401ACA006B070BDD91C04D802A92046029307F04D
S21401ACB0F2FED4F8FC309B0504D4237C43F0020357
S21401ACC02374ECE74FF48031204607F022FDD4E9E7
S21401ACD03E2302400B4052EA0301E0D005492046DC
S21401ACE009688847DBE700BF001F002100300840E5
S21401ACF0082100202021002038B505460C4641B128
S21401AD0008F0BBF928B14FF400312846FFF746FAA0
S21401AD1004342046FCF742FE024B4042C3F8D40EF0
S21401AD20002038BD0010002170B54C30814214BFA0
S21401AD300C460024164603F036FE0D494A684FF4C9
S21401AD409C53C2F30362D340DA07054603D5D1F814
S21401AD5088309B030AD4204601223146FBF7E0F9EE
S21401AD600446284603F023FE204670BD0324F8E778
S21401AD700040084010B503F016FE0146FFF754FAEE
S21401AD8078B1094BD3F8884014F4003409D103F1A3
S21401AD90C0632022C3F89020084603F008FE204630
S21401ADA010BD0224F8E700BF004008402DE9F74F28
S21401ADB006461546084619B9012003B0BDE8F08FCE
S21401ADC0002AF9D0032904D80021FBF70DFB00283F
S21401ADD0F2D082780488037990F805B0C788B0F974
S21401ADE00000002802F00701C0F2D180A1F1070C93
S21401ADF0DCF1000040EB0C00052928738CBFC2F380
S21401AE0000100020C2F3801C6873900985F810C0FA
S21401AE1000F00200C2F3C00C40EA0C00C2F340127C
S21401AE206874AA74AF820BB996F8CA30013BDBB2DC
S21401AE30EB74736BD80600F196800639012900F28F
S21401AE409280544BDB6C544B5A6B1B6B03F007031D
S21401AE5006334FF0010909FA03F909F1FF39083CF5
S21401AE6042F0005804EA0904002318F804A0AB6075
S21401AE70013404EA0904631D03EA09035A1C02EAC1
S21401AE80090218F8037018F80220BAF1800F47EA91
S21401AE900227727C18BFAAF1320A3BB214BF4FFADE
S21401AEA08AFA6FF07F0AC7F30B079AB30020D6F829
S21401AEB09C300BB151469847631C03EA0903E873BB
S21401AEC085F80EA018F80310013303EA090318F8F1
S21401AED00320013303EA090341EA022118F803209B
S21401AEE0013303EA090341EA024118F803006A7CC8
S21401AEF0002341EA00613046FDF736FE2860737C88
S21401AF00042B03D1022FDCBF013028600423AB7170
S21401AF10002052E7D90422D5D6F894209AB11368B6
S21401AF20022B10D992F82400FB0008B1B3FBF0F312
S21401AF309B45BBD8002BB9D0CBEB0B20B0FBF3F075
S21401AF40C043C0B2B3E7304607F023FF0190304656
S21401AF5007F00FFF019BB3FBF0F0C0B2E4E718F86F
S21401AF6004004000EDE70023EB730C4BDA68C2F3F4
S21401AF700723120448BF63F0FF035AB212F1800F91
S21401AF801CBF323B5AB20023AA732B60BFE70220D4
S21401AF9013E700BF0000084000100840007008409A
S21401AFA0F8B504460E4641B9037C5A0641BF4FF632
S21401AFB0FF7261F38613828303743C4BD4F894705A
S21401AFC01B680BB120469847394BA18BD3F88420D8
S21401AFD012F4E05F04BF2022C3F810224FF6FF737D
S21401AFE0994204D0334B1B680BB120469847324D2B
S21401AFF0D4F894102A68914207D0204607F053FEF1
S21401B0002E4B98642E4B80209860974245D02D4B4E
S21401B0101B684BB11FB13A68002A40D0BF68394659
S21401B02020469847D4F89410084607F054FE30B3EB
S21401B0302549FDF749FC07272046FCF7B5F816B366
S21401B040224B94F9122093F900302149D4F8940048
S21401B050C3F11C039B1A4A69DB0222F4FF2203F4A4
S21401B060FF2313431B4A4B611B4B286006211167C4
S21401B070204601221A7008F04CF80020F8BD204640
S21401B08003F086FAD4E70D4B0F4AD3F8F81004F113
S21401B090A4003B46FDF79AFCD2E70127CCE717460A
S21401B0A0394620469847D4F89410BDE7E44D002071
S21401B0B000600840D04D0020C44D0020001F002134
S21401B0C000400840CC4D00206C1F00215450002049
S21401B0D000700840000008445550002002484822ED
S21401B0E0002108F04CB900BFE81E0021002373B50B
S21401B0F083746423C0E92C33C0E92E334FF0FF3547
S21401B100C0F8AC30A0F8C0300E264FF6FF73C0E989
S21401B110075580F8D0604564858283750446112002
S21401B120EBF70EFD042834D11B4B5B6813F4403F4C
S21401B1302FD12046FEF7F4F82046FFF7CFFF94F90B
S21401B14012102046FFF7E4FA144A6023536402F50E
S21401B150805240F6FF7151625165114A5364114B9A
S21401B1604022C3F88820626B29462046FFF73AFB47
S21401B170002240F2022310461946CDE90066FDF78B
S21401B18009FFFBF7BFFE204602B0BDE87040FAF7A4
S21401B190D9BC022002B070BD00300E40000008404D
S21401B1A0000008460040084410B50C46FFF796FF1D
S21401B1B0BCB1A378082B16D8E278082A13D843EA3C
S21401B1C0021313F0FF03094A14BF61681946C2F857
S21401B1D0E810217882F82C11617882F82D1182F816
S21401B1E02F31002010BD0120FCE700BF001E00210A
S21401B1F0012A10B512D8032B10D803EB8202084C93
S21401B2000123934094F82E01DBB221B1034384F865
S21401B2102E31002010BD20EA0303F8E70120F9E7EC
S21401B220001E002170B50C68B0F8D4208D68034666
S21401B230013404BFD3F8AC400C604C68013404BF41
S21401B240D3F8B8404C606E1C00F1A40038D1D3F896
S21401B250B440CE688C60751C38D1D3F8B0500E69F6
S21401B260CD60013604BFD3F8A4600E614E69013685
S21401B27004BFD3F8A8604E618E69013604BFD3F8C7
S21401B280BC608E618E693EB34132B24238BF3246EF
S21401B2900E688A61C3F8B4404C68C3E92E420A6955
S21401B2A0C3F8A4204A690D49C3F8A820C3E92B6551
S21401B2B00B4AD1F8F8100723FDF788FB002070BD74
S21401B2C002F14104AC4238BF2C46C2E702F16405E4
S21401B2D0B54238BF3546C2E76422D9E7001F0021D0
S21401B2E06C1F002170B503F05EFB0C4E054600F0A6
S21401B2F02DFA012804D0284603F059FB022070BD20
S21401B300736813F0706FC3F30364F0D1F36BDB065D
S21401B310EDD5284603F04BFB2046F0E700400840F9
S21401B32038B503F040FB0B4A13884FF6FF718B428A
S21401B33003D103F03CFB032038BD074C074DE56500
S21401B34004F100741B04E365118003F030FB002058
S21401B350F2E700BFBE210020006008440000FFFFA6
S21401B3602DE9F34105460F461446FFF7ABF980B1C8
S21401B370DFF81882D8F80C30DE0740F1EA8003F0D7
S21401B38012FB06460320FCF757FA38B1304603F0A5
S21401B3900EFB0226304602B0BDE8F081D8F80C302C
S21401B3A013F0060FF2D1304603F001FB6A4B4FF45F
S21401B3B000612846D3F8E48ED3F8C46EFEF7EEFE9D
S21401B3C040B1664B4FF400720121C3F8882008464D
S21401B3D0FAF7CAF939462846FAF718FB5E4BC3F85E
S21401B3E0C46EC3F8E48E06460028D3D12B7CD8065B
S21401B3F001D4002C66D0C4F34000FEF7AFF814F475
S21401B400807F14BF564A554A4FF002031BBFC2F84D
S21401B4108830544AC2F8883000211CBFD16093623C
S21401B4204D4BD3F8BC7EFEF7D3F84F4A14F0040F09
S21401B43007EA02034FF480616BD04C489342C16126
S21401B44006D14B4A92F8D03043F0020382F8D0304E
S21401B450424B042214F0400FC3F8882014BF454A1B
S21401B460454A40232046C2F88030FEF797FF28461B
S21401B47007F010FD40B114F0010F14BF384A374AE7
S21401B4804FF48073C2F88830A1064CD56B8C4FF60A
S21401B490FF7293420FD0394A3949D26D100CC2F36C
S21401B4A00112088001323749B3FBF2F32F4A3648BE
S21401B4B0C8651B04D3652B7C003C18BF012464F3CC
S21401B4C004132B74284607F0D8FDF0B1284607F080
S21401B4D0E1FCD0B14FF400312846FEF75FFE431C75
S21401B4E09BB203221F4801A907F03CFA9DF80420ED
S21401B4F002F00703052B9DF805301DD1120715D460
S21401B50043F480731A4AC2F8CC30002007F0F4FAEC
S21401B51040E71C489342C1619AD1154A92F8D0304F
S21401B52023F0020392E7FFF7FBFEC4E713F0040FD4
S21401B53009D19DF80630E3E703F03002202A05D151
S21401B54013F0010FF4E74FF48073DBE79DF8063044
S21401B550D8E703261EE700BF00100021004008447C
S21401B5600040084600100840800000400060084681
S21401B570001E002100700846007008440060084064
S21401B580BE210020006008440000FFFF0050084074
S21401B5902DE9F3410646884615461F4603F003FA91
S21401B5A004460320FCF748F938B1204603F0FFF9BA
S21401B5B00324204602B0BDE8F0810420FCF73CF9E4
S21401B5C00028F2D1204603F0F2F92A4641463046D9
S21401B5D0FFF7C6FE04460028EBD1DFF8BC80002F3B
S21401B5E038D088F8000039463046FEF735FE002888
S21401B5F045D198F80030012B29D0224B2022C3F8E0
S21401B6008820214B9B6CB3F5817F2BD2012007F05C
S21401B610D6FA03F0C8F91D4B1B68019306464BB1D9
S21401B6200420FBF7DFFF0023012201A90420FBF71A
S21401B630F7FF00B3FCF748F92B0617D5144B002289
S21401B6401A67FCF781F9304603F0B1F9B1E7FDF767
S21401B650B5FEAEE798F80030012BF8D0002BCCD120
S21401B6600124A6E70B4B80229A60CFE7FCF76CF922
S21401B670FDF78EFEE7E7FDF7C9FF0124E3E7044681
S21401B68097E700BF00400846001F0021C84D002074
S21401B69000500840004008405350002008B5094BB0
S21401B6A0D3F8B4305A1C0BD05B0009D40320FEF744
S21401B6B0A5FF054B4FF08062C3F894200122DA60A3
S21401B6C008BD00BF0081E00F00400846054BD3F8D7
S21401B6D0880003F180634FF40022C3F88820C0F38A
S21401B6E0C040704700400840024BD86800F0010097
S21401B6F0704700BF00500840084BDA68D10707D5ED
S21401B70008B9FBF749BFDB68DA0706D4FBF736BF93
S21401B710DB68DB0701D40028F8D1704700500840E9
S21401B720084A4FF0807330B1936602F1C062D36667
S21401B7300123D365704704490120C865CB6693662B
S21401B740704700BF00000840000008440F4B5B68CC
S21401B750C3F30363013B0B2B0FD8DFE803F00606A8
S21401B7600C06060606080A08080802207047042088
S21401B77070470520704703207047054BDB6813F0C0
S21401B780060F0CBF01200420704700BF0040084090
S21401B790005008400A4A5368C3F303630B2B08D0D2
S21401B7A06FF49050184100F0010080F00100400055
S21401B7B07047D2F8880010F48030ECD1704700BF93
S21401B7C0004008400C4A5368C3F30363062B07D8AE
S21401B7D0042BD8B20CD8C31E5842584140007047BB
S21401B7E0072B07D1D2F8440110F00050EBD1704777
S21401B7F00220704700207047004008400A4A5368FC
S21401B800C3F30363032B01D0072B0AD1D2F88C3084
S21401B810DB0606D4D2F8900080F00800C0F3C00022
S21401B82070470020704700BF00400840024B0022CE
S21401B830196807F001BC00BF048A020010B5FF2298
S21401B8404FF6FF71044607F01BFC68B9FF224FF65E
S21401B850FF71204607F025FC30B920460349BDE8B4
S21401B8601040FF2207F02FBC10BD00BF406F020042
S21401B87010B55B0743EA02439DF80820520543EAE8
S21401B880C16302F0BC621A43084942F4C872044616
S21401B890FEF770FC064B1B680BB12046984700224A
S21401B8A011462046FFF740FA002010BD9007E12D13
S21401B8B0E84D002008B507F0E0FB20B1024B586DBB
S21401B8C0003818BF012008BD0000084038B50546FD
S21401B8D0FFF7F0FF044628B103494FF480322846AB
S21401B8E0FEF748FC204638BD1001010008B5114B93
S21401B8F0D3F8BC3E1A061AD50F4A134217D0FFF7E3
S21401B900E5FFA0B10D4B0E495A6B91F8D03002F409
S21401B9104062B2F5806F0CBF43F0010303F0FE03F3
S21401B92081F8D0300120BDE80840FFF7F9BE0020BD
S21401B930F9E700BF001000210000024000000840A7
S21401B940001E00212DE9F04104460F461546FFF77B
S21401B950FDFE012806465FD1F80717D52F4B5B6819
S21401B96015F0010803F007033CD0022B37D9204617
S21401B970FEF738FE40F080012046FEF739FE4FF410
S21401B98000324FF400312046FEF7F4FBB9071AD512
S21401B99015F0020832D0224B1A6E02B35A6EF2B17B
S21401B9A0DB699A051BD54FF0804211462046FEF70B
S21401B9B0E1FB7B0707D515F0040210D14FF00041DB
S21401B9C02046FEF7D7FB174B174A1A60FEF776FBA1
S21401B9D0164B174A1A602046FFF788FF00263046A6
S21401B9E0BDE8F081022BFAD82046FEF7FBFD20F0D9
S21401B9F080012046FEF7FCFD4246C2E742464FF074
S21401BA0080412046FEF7B6FB0A49204607F0E4F8D7
S21401BA10024B42465863D1E70226E0E700000840A1
S21401BA2000600840E44D0020EDB80100E84D00201C
S21401BA30CDB801003400084008B5FFF7DFFEA8B115
S21401BA400B4B5A69110311D5D3F8882092030DD4F4
S21401BA50D3F8903013F0100F4FF0100304D1054ABD
S21401BA60C2F89030002008BD034AF9E70220FAE741
S21401BA7000400840004008460040084438B50446E7
S21401BA8008B3134A53691B031FD5D2F88C50114BC8
S21401BA90C5F38115032DB3F8C8300ED1083B9BB210
S21401BAA008220D48214606F05DFF094B2572D3F8A2
S21401BAB090301B0A6372002038BD022D05D1023B6F
S21401BAC09BB22A46EDE70120F6E70220F4E700BF25
S21401BAD000400840001E002130100840064AD2F8F7
S21401BAE0C03043F04073C2F8C030044B4FF0806260
S21401BAF0C3F81421704700BF0040084000400846C4
S21401BB00044A0423C2F8BC3002F10072C2F8C43001
S21401BB10704700BF00400844074B084AC3F8C020DE
S21401BB200122C3F8C4204FF08062C3F81421042216
S21401BB30C3F8C420704700BF00400844CA0780000D
S21401BB40023816289ABF024B185C0020704700BFC7
S21401BB50EC8902002DE9F047344F354D4FF00108CE
S21401BB60C7F8C480D5F8C04024F47E0424F030041D
S21401BB7044F4680444F03004C5F8C0402D4C064631
S21401BB800846D4F834A09946FFF7DAFF2AF47C1A5F
S21401BB904AEA00406063D5F8C01021F4FF3121F471
S21401BBA0807141EAC92141EA0222C5F8C020A36D8D
S21401BBB023F07F033343A3651F4B4A22C3F8C020FB
S21401BBC080254FF40002C3F8C480C3F8C050C3F800
S21401BBD0C0201A4A1021D1650822C7F8C020184A89
S21401BBE0C3F8C0204FF47A7006F0E9FF4FF4807274
S21401BBF06560626023681905FCD423685B04F7D48A
S21401BC000D4B0822C3F8C0200E4B1022DA65084AF5
S21401BC1040236360D2F8C03023F4000323F004030A
S21401BC2043F40003C2F8C030BDE8F0870040084482
S21401BC3000400840003008400040084600300846F2
S21401BC40040080000030084410F0080F0A4B0AD1A7
S21401BC5041F20E721A604FF0FF321A61074A9A617A
S21401BC6001229A60704741F204721A6000221A613A
S21401BC7048F20842F3E700BF002008402083B8EDF1
S21401BC80064B10225A63064A92F8D020D2074CBFC0
S21401BC904FF480624FF440625A63704700000846D2
S21401BCA0001E002170B5704D2B6EE96E1940CB0158
S21401BCB001F07F444AD56D4BD3F8BC3E1E0642D5F3
S21401BCC06B4A13423FD06B48066E426E6D6D03F0B1
S21401BCD08043002D00F085809BB90AB1964224D19D
S21401BCE0614B5B6B13F4406F00F089805E4B44F24E
S21401BCF00D02DA65604A4FF0007393661A44D36604
S21401BD0021E00368D8066FD4002A6DD096426BD026
S21401BD105A4A92F8D13023F0010382F8D130564BBB
S21401BD204FF443625A63FFF7ABFF4F4B48F20522CD
S21401BD30DA6503F180634FF090529A6603F100735F
S21401BD404FF08052DA66484B02225A62CA0001F06E
S21401BD50007513D5454B444AD3F8BC6ED36BD2F865
S21401BD60901003EB810303F100534349588C4FF0C5
S21401BD708053CB66C30747D5002E63DA002D2DD03E
S21401BD803A4B3D4ED3F8BC1E374BD3F88C504FF090
S21401BD900072F266EA0762D4354A114261D0A8B24F
S21401BDA0FFF752FF354A92F8D130072003F0FD0322
S21401BDB082F8D1307063E8060AD511F0804F304919
S21401BDC014BF0320012043F00203486382F8D130F8
S21401BDD0254B40F20C425A620122DA65264B9C66DC
S21401BDE070BD002B3FF47CAF244A92F8D13043F06B
S21401BDF0010382F8D130204B4FF443625A63204B43
S21401BE004FF440625A6371E7194B1E421AD0FFF78E
S21401BE101BFF1A4A07234B6392F8D130C60603F07C
S21401BE20FD0382F8D13006D51549032043F00203FD
S21401BE30486382F8D1300C4B40F214425A62012218
S21401BE40DA659BE714235362002D99D1092103205B
S21401BE50FCF71CF9044B40F201225A62BEE70029A6
S21401BE60BCDB0C225A62F1E70000084000100021FA
S21401BE70000002400060084000000844001E002147
S21401BE80000008462DE9F74FDFF8ECB08146DBF8F5
S21401BE9000A00F46FBF7E6FC4FF0FF35CDE90001A9
S21401BEA000202C46064606F110031B015BF8033002
S21401BEB003F00308B8F1010F15D13046FBF7EAFC91
S21401BEC002460B46DDE90001FBF77AFBDBF85C3046
S21401BED006F10802D340DB0737D5002F3ED00025F8
S21401BEE03E602C4640460136052EDCD150B3224F2B
S21401BEF0396B0131A4FB014164190AF4403341F165
S21401BF000001B3F5003F4FF000022FD1FB6A0AF49F
S21401BF10405A013342F10006BAF5805F21D1BD6A6D
S21401BF2015F5807542F100026E4303FB0266A5FB20
S21401BF3003323244594304FB0212A3FB0434144473
S21401BF40C9E9003403B0BDE8F08FA84271EB0403E1
S21401BF50C8D207B13E6005460C46C3E73D463C469F
S21401BF60C0E7320242EA13621B02E3E7BB6A13F53B
S21401BF70807342F10002DDE70050084081F0004185
S21401BF8002E000BF83F0004330B54FEA41044FEAB8
S21401BF90430594EA050F08BF90EA020F1FBF54EA53
S21401BFA0000C55EA020C7FEA645C7FEA655C00F0EF
S21401BFB0E2804FEA5454D4EB5555B8BF6D420CDDC0
S21401BFC02C4480EA020281EA030382EA000083EA43
S21401BFD0010180EA020281EA0303362D88BF30BDE3
S21401BFE011F0004F4FEA01314FF4801C4CEA113139
S21401BFF002D0404261EB410113F0004F4FEA033398
S21401C0004CEA133302D0524263EB430394EA050F22
S21401C01000F0A780A4F10104D5F1200E0DDB02FA91
S21401C0200EFC22FA05F2801841F1000103FA0EF225
S21401C030801843FA05F359410EE0A5F120050EF1EB
S21401C040200E012A03FA0EFC28BF4CF0020C43FA1C
S21401C05005F3C01851EBE37101F0004507D54FF029
S21401C060000EDCF1000C7EEB00006EEB0101B1F579
S21401C070801F1BD3B1F5001F0CD349085FEA3000BF
S21401C0804FEA3C0C04F101044FEA445212F5800FCA
S21401C09080F09A80BCF1004F08BF5FEA500C50F167
S21401C0A0000041EB045141EA050130BD5FEA4C0C4A
S21401C0B0404141EB0101013C28BFB1F5801FE9D2A7
S21401C0C091F0000F04BF01460020B1FA81F308BFCA
S21401C0D02033A3F10B03B3F120020CDA0C3208DD96
S21401C0E002F1140CC2F10C0201FA0CF021FA02F171
S21401C0F00CE002F11402D8BFC2F1200C01FA02F1E1
S21401C10020FA0CFCDCBF41EA0C019040E41AA2BF05
S21401C11001EB0451294330BD6FEA04041F3C1CDACD
S21401C1200C340EDC04F11404C4F1200220FA04F0ED
S21401C13001FA02F340EA030021FA04F345EA030197
S21401C14030BDC4F10C04C4F1200220FA02F001FA59
S21401C15004F340EA0300294630BD21FA04F02946DB
S21401C16030BD94F0000F83F4801306BF81F4801174
S21401C1700134013D4EE77FEA645C18BF7FEA655CE7
S21401C18029D094EA050F08BF90EA020F05D054EAB9
S21401C190000C04BF1946104630BD91EA030F1EBFBE
S21401C1A00021002030BD5FEA545C05D140004941C2
S21401C1B028BF41F0004130BD14F580043CBF01F5B5
S21401C1C0801130BD01F0004545F0FE4141F470019B
S21401C1D04FF0000030BD7FEA645C1ABF1946104676
S21401C1E07FEA655C1CBF0B46024650EA013406BF77
S21401C1F052EA033591EA030F41F4002130BD00BF36
S21401C20090F0000F04BF0021704730B54FF48064F2
S21401C21004F132044FF000054FF0000150E700BF73
S21401C22090F0000F04BF0021704730B54FF48064D2
S21401C23004F1320410F0004548BF40424FF00001BF
S21401C2403EE700BF42004FEAE2014FEA31014FEA02
S21401C25002701FBF12F07F4393F07F4F81F0605151
S21401C260704732F07F4208BF704793F07F4F04BF9C
S21401C27041F40021704730B54FF4607401F0004579
S21401C28021F000411CE700BF50EA010208BF7047D9
S21401C29030B54FF000050AE050EA010208BF7047CA
S21401C2A030B511F0004502D5404261EB41014FF433
S21401C2B0806404F132045FEA915C3FF4D8AE4FF03B
S21401C2C003025FEADC0C18BF03325FEADC0C18BF1E
S21401C2D0033202EBDC02C2F1200300FA03FC20FA6F
S21401C2E002F001FA03FE40EA0E0021FA02F11444BC
S21401C2F0BDE600BF70B54FF0FF0C4CF4E06C1CEAD5
S21401C30011541DBF1CEA135594EA0C0F95EA0C0F45
S21401C31000F0DEF82C4481EA030621EA4C5123EAB8
S21401C3204C5350EA013518BF52EA033541F48011E7
S21401C33043F4801338D0A0FB02CE4FF00005E1FB9A
S21401C34002E506F00042E0FB03E54FF00006E1FBE4
S21401C35003569CF0000F18BF4EF0010EA4F1FF0427
S21401C360B6F5007F64F5407404D25FEA4E0E6D4167
S21401C37046EB060642EAC62141EA55514FEAC52078
S21401C38040EA5E504FEACE2EB4F1FD0C88BFBCF5F4
S21401C390E06F1ED8BEF1004F08BF5FEA500E50F1A5
S21401C3A0000041EB045170BD06F0004646EA01016B
S21401C3B040EA020081EA0301B4EB5C04C2BFD4EB9D
S21401C3C00C0541EA045170BD41F480114FF0000E96
S21401C3D0013C00F3AB8014F1360FDEBF002001F004
S21401C3E0004170BDC4F10004203C35DA0C341BDC7E
S21401C3F004F11404C4F1200500FA05F320FA04F050
S21401C40001FA05F240EA020001F0004221F0004183
S21401C41010EBD37021FA04F642EB06015EEA430EF6
S21401C42008BF20EAD37070BDC4F10C04C4F1200526
S21401C43000FA04F320FA05F001FA04F240EA0200D9
S21401C44001F0004110EBD37041F100015EEA430EAA
S21401C45008BF20EAD37070BDC4F1200500FA05F2CA
S21401C4604EEA020E20FA04F301FA05F243EA020349
S21401C47021FA04F001F0004121FA04F220EA020058
S21401C48000EBD3705EEA430E08BF20EAD37070BD9E
S21401C49094F0000F0FD101F00046400041EB01017E
S21401C4A011F4801F08BF013CF7D041EA060195F060
S21401C4B0000F18BF704703F00046520043EB03031A
S21401C4C013F4801F08BF013DF7D043EA0603704707
S21401C4D094EA0C0F0CEA135518BF95EA0C0F0CD012
S21401C4E050EA410618BF52EA4306D1D181EA030158
S21401C4F001F000414FF0000070BD50EA410606BF52
S21401C5001046194652EA430619D094EA0C0F02D196
S21401C51050EA013613D195EA0C0F05D152EA0336DB
S21401C5201CBF104619460AD181EA030101F00041F9
S21401C53041F0FE4141F470014FF0000070BD41F042
S21401C540FE4141F4780170BD70B54FF0FF0C4CF41C
S21401C550E06C1CEA11541DBF1CEA135594EA0C0F3B
S21401C56095EA0C0F00F0A7F8A4EB050481EA030E88
S21401C57052EA03354FEA013100F088804FEA03336F
S21401C5804FF0805545EA131343EA12634FEA02223D
S21401C59045EA111545EA10654FEA00260EF00041FE
S21401C5A09D4208BF964244F1FD0404F5407402D250
S21401C5B05B084FEA3202B61A65EB03055B084FEAE1
S21401C5C032024FF480104FF4002CB6EB020E75EBDE
S21401C5D0030E22BFB61A754640EA0C005B084FEA06
S21401C5E03202B6EB020E75EB030E22BFB61A754683
S21401C5F040EA5C005B084FEA3202B6EB020E75EBCE
S21401C600030E22BFB61A754640EA9C005B084FEA45
S21401C6103202B6EB020E75EB030E22BFB61A754652
S21401C62040EADC0055EA060E18D04FEA051545EA41
S21401C63016754FEA06164FEAC30343EA52734FEAEA
S21401C640C2025FEA1C1CC0D111F4801F0BD141EA63
S21401C65000014FF000004FF0004CB6E711F4801FC8
S21401C66004BF01430020B4F1FD0C88BFBCF5E06FA8
S21401C6703FF6AFAEB5EB030C04BFB6EB020C5FEAB8
S21401C680500C50F1000041EB045170BD0EF0004E0D
S21401C6904EEA113114EB5C04C2BFD4EB0C0541EA3F
S21401C6A0045170BD41F480114FF0000E013C90E63C
S21401C6B045EA060E8DE60CEA135594EA0C0F08BF00
S21401C6C095EA0C0F3FF43BAF94EA0C0F0AD150EAFF
S21401C6D001347FF434AF95EA0C0F7FF425AF104692
S21401C6E019462CE795EA0C0F06D152EA03353FF4BA
S21401C6F0FDAE1046194622E750EA410618BF52EA37
S21401C70043067FF4C5AE50EA41047FF40DAF52EA0A
S21401C71043057FF4EBAE12E74FF0FF3C06E000BFA7
S21401C7204FF0010C02E000BF4FF0010C4DF804CDB4
S21401C7304FEA410C7FEA6C5C4FEA430C18BF7FEA74
S21401C7406C5C1BD001B050EA410C0CBF52EA430CA2
S21401C75091EA030F02BF90EA020F0020704710F122
S21401C760000F91EA030F58BF994208BF90422CBFB1
S21401C770D8176FEAE37040F0010070474FEA410CAA
S21401C7807FEA6C5C02D150EA013C07D14FEA430CC8
S21401C7907FEA6C5CD6D152EA033CD3D05DF8040B39
S21401C7A0704700BF8446104662468C46194663466B
S21401C7B000E000BF01B5FFF7B7FF002848BF10F142
S21401C7C0000F01BD4DF808EDFFF7F4FF0CBF012087
S21401C7D000205DF808FB00BF4DF808EDFFF7EAFF03
S21401C7E034BF012000205DF808FB00BF4DF808EDBE
S21401C7F0FFF7E0FF94BF012000205DF808FB00BFB3
S21401C8004DF808EDFFF7CEFF94BF012000205DF83C
S21401C81008FB00BF4DF808EDFFF7C4FF34BF012049
S21401C82000205DF808FB00BF4FEA410212F5001236
S21401C83015D211D56FF47873B3EB625212D94FEA61
S21401C840C12343F0004343EA505311F0004F23FA4B
S21401C85002F018BF404270474FF00000704750EAA0
S21401C860013005D111F0004008BF6FF0004070475D
S21401C8704FF00000704700BF4A0011D212F50012B7
S21401C88011D20DD56FF47873B3EB62520ED44FEA22
S21401C890C12343F0004343EA505323FA02F07047A2
S21401C8A04FF00000704750EA013002D14FF0FF30E0
S21401C8B070474FF00000704753B94AB9002908BFC6
S21401C8C000281CBF4FF0FF314FF0FF3000F06AB96F
S21401C8D0ADF1080C6DE904CE00F006F8DDF804E0D1
S21401C8E0DDE9022304B070472DE9F047089D0C46A8
S21401C8F0002B4ED194468C458646B2FA82F262D916
S21401C9004AB1C2F12003914020FA03F30CFA02FC6B
S21401C910194300FA02FE4FEA1C471FFA8CF6B1FBD8
S21401C920F7F44FEA1E4307FB141143EA014304FBE5
S21401C93006F199420AD91CEB030304F1FF3080F09B
S21401C9401381994240F21081023C6344591A1FFA3E
S21401C9508EF3B1FBF7F007FB101143EA014300FB2E
S21401C96006F69E420AD91CEB030300F1FF3180F064
S21401C970FD809E4240F2FA80634402389B1B40EAE7
S21401C980044000211DB1D3400022C5E90032BDE8B4
S21401C990F0878B4205D90DB1C5E900010021084693
S21401C9A0F5E7B3FA83F1002946D1A34202D39042B8
S21401C9B0C0F0F180861A64EB03030120002DE6D057
S21401C9C0C5E90063E3E7002A40F09180A1EB0C047F
S21401C9D04FEA1C481FFA8CF70121B4FBF8F64FEA20
S21401C9E01E4308FB164443EA044307FB06F098423D
S21401C9F008D91CEB030306F1FF3402D2984200F279
S21401CA00CE8026461C1A1FFA8EF3B4FBF8F008FBFC
S21401CA10104443EA044300FB07F79F4208D91CEB86
S21401CA20030300F1FF3402D29F4200F2B180204698
S21401CA30DB1B40EA0640A5E7C1F120068B4022FA3F
S21401CA4006F71F4320FA06FC04FA01F343EA0C0337
S21401CA50F44000FA01F8380C4FEA1349B4FBF0FE33
S21401CA601FFA87FC00FB1E4449EA04440EFB0CF93E
S21401CA70A14502FA01F20AD93C190EF1FF3A80F0FB
S21401CA808580A14540F28280AEF1020E3C44A4EBC3
S21401CA9009041FFA83F9B4FBF0F300FB134449EAD7
S21401CAA0044403FB0CFCA44507D93C1903F1FF30F1
S21401CAB068D2A44566D9023B3C4443EA0E40A0FB3B
S21401CAC00293A4EB0C049C42CE469C4652D34FD014
S21401CAD055B1B8EB0E0364EB0C0404FA06F6CB4032
S21401CAE0CC401E43C5E900640021BDE8F087C2F1D1
S21401CAF0200320FA03F10CFA02FC24FA03F3944013
S21401CB000C434FEA1C4800FA02FE1FFA8CF7B3FBEF
S21401CB10F8F008FB1031230C43EA014300FB07F150
S21401CB20994208D91CEB030300F1FF362CD2994237
S21401CB302AD9023863445B1AA4B2B3FBF8F108FBA6
S21401CB40113344EA034401FB07F3A34208D91CEB63
S21401CB50040401F1FF3613D2A34211D90239644409
S21401CB60E41A41EA004138E70446EFE6084605E7DD
S21401CB70C845ADD2B9EB020E63EB070C0138A7E747
S21401CB803146EDE7034698E73046D4E7D6467EE7DA
S21401CB90634402384CE70646234608460EE7023E43
S21401CBA063442FE7704700BF08B5064B044613B130
S21401CBB00021AFF30080044B1B6803B19847204661
S21401CBC002F0DCFE000000002C4F0020242B2DE993
S21401CBD0F0478646904601D8012B06D100F024FC8A
S21401CBE0162303600020BDE8F08736480D462A4626
S21401CBF015F8014B065D16F00806F8D12D2C24D148
S21401CC002C780126951C2BBB302C30D00A2306F13C
S21401CC10004C0CF1FF3C0022BCFBF3F9104603FB71
S21401CC2019CAA4F13007092F28D83C46A34234DD9F
S21401CC30571C07D081452DD301D1A2452ADB00FB25
S21401CC400340012215F8014BEBE72B2C04BF2C788F
S21401CC50951CD8E7102BDAD1302CD8D12A7802F0DF
S21401CC60DF02582AD3D16C7810230235CFE72B7810
S21401CC7003F0DF03582BF6D00823C8E7A4F14107D9
S21401CC80192F01D8373CD1E7A4F16107192F04D831
S21401CC90573CCBE74FF0FF32D4E7531C08D1222391
S21401CCA0CEF800306046B8F1000F9CD0691E06E051
S21401CCB006B14042B8F1000F95D0002AF6D1C8F867
S21401CCC0001090E7138D020013460A4601460248FB
S21401CCD00068FFF77BBF00BF2C2100202DE9F04341
S21401CCE0364E86460D46284615F8014B375D17F039
S21401CCF00807F8D12D2C26D12C780127851C3BBBA3
S21401CD00302C32D00A234FF0FF380026B8FBF3F858
S21401CD1003FB08F96FEA09093046A4F1300CBCF1AF
S21401CD20090F29D86446A34237DDB6F1FF3F07D085
S21401CD3080452FD301D1A1452CDB00FB0340012602
S21401CD4015F8014BE9E72B2C04BF2C78851CD6E798
S21401CD50102BD8D1302CD6D1287800F0DF005828F7
S21401CD60D1D16C7810230235CDE72B7803F0DF03A1
S21401CD70582BF6D00823C6E7A4F1410CBCF1190FD5
S21401CD8001D8373CCFE7A4F1610CBCF1190F04D8E8
S21401CD90573CC8E74FF0FF36D2E7731C06D1222373
S21401CDA0CEF80030304632B9BDE8F08307B14042D4
S21401CDB0002AF9D006B1691E1160F5E7138D02004D
S21401CDC013460A46014602480068FFF787BF00BFC0
S21401CDD02C2100202DE9F04F85B09046464A02905E
S21401CDE089461E460D462B4615F8014B175D17F072
S21401CDF00807F8D12D2C41D12C7801279D1C002E37
S21401CE0041D1302C4CD00A2607F1004A07F1FF3BEE
S21401CE100AF1FF3AF3173246584651460393FFF795
S21401CE204BFD019200228E46844611461046A4F11F
S21401CE303003092B05D9A4F14103192B37D8A4F1E6
S21401CE4037039E423DDD541C15D084457EEB01021E
S21401CE5034D38E4508BF844502D1019A9A422DDB10
S21401CE60039A714300FB0211A6FB00020A4418183C
S21401CE7042EBE371012215F8014BD8E72B2C04BFD6
S21401CE802C789D1CBBE7102EBED1302CBCD12B7844
S21401CE9003F0DF03582BB7D16C7810260235B3E7C1
S21401CEA02B7803F0DF03582BF6D00826ACE7A4F165
S21401CEB06103192B05D8A4F15703C2E74FF0FF32DF
S21401CEC0D9E7531C0AD1029A2223136058465146C9
S21401CED0B8F1000F0AD105B0BDE8F08F17B1404296
S21401CEE061EB4101B8F1000FF5D00AB105F1FF3948
S21401CEF0C8F80090EFE700BF138D020013460A46FC
S21401CF00014602480068FFF765BF00BF2C210020DC
S21401CF1070B50D4D0D4C641BA4100026A64209D118
S21401CF200B4D0C4C06F04CFC641BA4100026A642CC
S21401CF3005D170BD55F8043B98470136EEE755F824
S21401CF40043B98470136F2E7F4210020F421002043
S21401CF50F4210020F8210020024B0146186800F059
S21401CF602DB800BF2C210020024B0146186800F0A6
S21401CF7061BA00BF2C21002070B50F4E0C463168F7
S21401CF80054611B900F02EFA30602146284600F019
S21401CF9029FA431C03D14FF0FF34204670BDC41C50
S21401CFA024F00304A042F8D0211A284600F01AFA09
S21401CFB00130F2D1EFE700BFEC4D00202DE9F04142
S21401CFC0CD1C25F0030508350C2D38BF0C25002D8A
S21401CFD0064601DBA94204D90C2333600020BDE8D4
S21401CFE0F081314F00F0EAF93B681C4644BB294604
S21401CFF03046FFF7C1FF431C044650D13C6821462A
S21401D000002941D1002C44D02368304604EB0308A4
S21401D01000F0E8F980453CD121686D1A2946304672
S21401D020FFF7AAFF013034D023682B4423603B6806
S21401D030002B36D05A68A24229D100225A600EE04F
S21401D0402268521B1DD40B2A16D96119A3422560EA
S21401D05018BF5960636808BF396062514B6030463B
S21401D06000F0B2F904F10B00231D20F00700C21AEC
S21401D070B5D01B1AA350B2E7A3426268DED13A606C
S21401D080EDE723466468B1E70C464968B8E71346FE
S21401D090CEE70C233360304600F096F99EE7056034
S21401D0A0DDE75B60FFDE00BFF04D00201FB51446D4
S21401D0B01A46094B1B680546D86854B9074B1C46E7
S21401D0C0CDE9013400912B46054900F0B1F806F090
S21401D0D043FB044BF4E700BF2C2100206D6A0200DD
S21401D0E0E38C0200D68C0200002310B50446C0E98A
S21401D0F00033C0E90433836081814366C281836162
S21401D100194608225C3006F03AF90D4B63620D4B66
S21401D110A3620D4BE3620D4B23630D4B24629C42CD
S21401D12006D003F16802944202D0D0339C4205D166
S21401D13004F15800BDE8104006F029B910BD00BF43
S21401D14041320200633202009B320200BF3202000B
S21401D150F44D0020024A0349034806F0C8B800BF50
S21401D1607C210020093702003021002041680C4B49
S21401D170994210B5044601D006F0C6FAA168094BDB
S21401D180994202D0204606F0BFFAE168064B994262
S21401D19004D02046BDE8104006F0B6BA10BD00BF68
S21401D1A0F44D00205C4E0020C44E002010B50B4B01
S21401D1B00B4C0C4A1A60204600220421FFF794FF0C
S21401D1C004F1680001220921FFF78EFF04F1D00067
S21401D1D00222BDE810401221FFF786BF2C4F002027
S21401D1E0F44D002055D10100014806F0D1B800BF2A
S21401D1F058500020014806F0CCB800BF5850002017
S21401D20010B50446FFF7F0FF236A1BB1BDE81040D6
S21401D210FFF7F0BF044B2362044B1B68002BF5D1CC
S21401D220FFF7C4FFF2E700BF6DD101002C4F0020CD
S21401D2300EB403B5014603AB054853F8042B00684A
S21401D240019300F041F902B05DF804EB03B07047BA
S21401D2502C2100202DE9F7431D46574B1F68044635
S21401D2600E46904627B13B6A13B93846FFF7C8FF0A
S21401D270B8F1020F06D0B8F1010F00F29A80002D26
S21401D280C0F29780636ED90705D4A3899A0502D4A4
S21401D290A06D06F07DF82146384606F035FA616B3A
S21401D2A041B104F14403994202D0384600F0C2F875
S21401D2B0002363630023A3616360A3891B0603D570
S21401D2C02169384600F0B6F8A38923F44A6323F0AF
S21401D2D00303B8F1020FA38161D001AB6A46214670
S21401D2E0384606F057F8A3891843A0812DBB009D48
S21401D2F02846FFF731FE0646002852D1DDF8009099
S21401D300A94540D14FF0FF35B4F90C3043F0020285
S21401D310A2810022A26004F147022260226101225A
S21401D3206261626ED60704D4980502D4A06D06F039
S21401D33030F8284603B0BDE8F083002ED8D03B6A0B
S21401D34013B93846FFF75CFFB8F1010F08BFA38990
S21401D350266004BF43F00103A381B4F90C3013F037
S21401D3600802C4E904651ED0D90741BF00226D42F8
S21401D370A260A56158BFA560626ED20701D49B0565
S21401D38013D50025D5E74846FFF7E6FD06460028F3
S21401D390B8D0A38943F08003A3814D46CFE700258B
S21401D3A0B2E7A946F5E7A260E6E7A06D05F0F1FF52
S21401D3B0E7E74FF0FF35BCE72C210020014805F0D8
S21401D3C0E7BF00BF57500020014805F0E2BF00BF8D
S21401D3D057500020024B0A460146186805F073BFF5
S21401D3E02C21002038B5064D0023044608462B6044
S21401D3F0E8F742FD431C02D12B6803B1236038BD18
S21401D400304F002038B5074D044608461146002225
S21401D4102A601A4602F0D0FA431C02D12B6803B1E7
S21401D420236038BD304F0020014B1868704700BF9D
S21401D4302C21002038B50546002941D051F8043C7E
S21401D4400C1F002BB8BFE418FFF7B8FF1D4A13687E
S21401D45033B9636014602846BDE83840FFF7B4BFAF
S21401D460A34208D9206821188B4201BF19685B685E
S21401D47009182160EDE71A465B680BB1A342FAD999
S21401D48011685018A0420BD12068014450188342FD
S21401D4901160E0D118685B68536008441060DAE7F1
S21401D4A002D90C232B60D6E7206821188B4204BFD3
S21401D4B019685B68636004BF091821605460CAE795
S21401D4C038BD00BFF04D00202DE9F04F0D469DB050
S21401D4D014469846064618B1036A0BB9FFF790FE44
S21401D4E06B6ED90705D4AB899A0502D4A86D05F0F1
S21401D4F04FFFAB891B0701D52B699BB929463046DF
S21401D50000F0FAF870B16B6EDC0704D54FF0FF300F
S21401D5101DB0BDE8F08FAB899805F7D4A86D05F06E
S21401D52038FFF3E70023099320238DF82930CDF83F
S21401D5300C803023DFF8AC818DF82A304FF00109DA
S21401D54023469A4613F8012B0AB1252AF9D1BAEBDC
S21401D550040B0BD05B4622462946304605F093FF66
S21401D560013000F0A780099A5A4409929AF80030CF
S21401D570002B00F09F8000234FF0FF32CDE90523FA
S21401D5800AF1010A049307938DF853301A9354460F
S21401D590052214F8011B5348E2F7C2FD049AD8B9D4
S21401D5A0D10644BF20238DF85330130744BF2B23E5
S21401D5B08DF853309AF800302A2B15D0079A544626
S21401D5C000204FF00A0C214611F8013B303B092B95
S21401D5D04BD9B0B1079214E0A0EB080309FA03F3A4
S21401D5E013430493A246D2E7039B191D1B680391BC
S21401D5F0002BBBBF5B4242F0020207930793B8BF02
S21401D600049223782E2B0AD163782A2B32D1039BDE
S21401D6101A1D1B68039243EAE37302340593DFF88D
S21401D620D4A0217803225046E2F77AFD38B1049B54
S21401D630A0EB0A004022824013430134049314F8FD
S21401D640011B29488DF828100622E2F769FD0028FB
S21401D6503FD0264B1BBB039B073323F0070308333E
S21401D6600393099B3B4409936AE70CFB02320C4681
S21401D6700120A8E700230134059319464FF00A0C50
S21401D680204610F8012B303A092A03D9002BC6D0C0
S21401D6900591C4E70CFB012104460123F0E703AB27
S21401D6A000932A46124B04A93046AFF30080074682
S21401D6B0781CD6D16B6ED90705D4AB899A0502D4EE
S21401D6C0A86D05F066FEAB895B063FF51FAF0998AE
S21401D6D01EE703AB00932A46054B04A9304600F02B
S21401D6E061F8E4E7138E02001D8E020000000000C0
S21401D6F087340200198E020038B5294B0546186892
S21401D7000C4618B1036A0BB9FFF77AFDB4F90C3071
S21401D710190722D4DA0607D409222A6043F0400307
S21401D720A3814FF0FF3033E0580712D5616B41B14A
S21401D73004F14403994202D02846FFF77BFE0023FA
S21401D7406363A38923F02403A38100236360236911
S21401D7502360A38943F00803A38123694BB9A389F6
S21401D76003F42073B3F5007F03D02146284605F065
S21401D77037FEB4F90C3013F001020AD00022A26081
S21401D78062695242A261226942B913F08000C5D192
S21401D79038BD990758BF6269A260F4E70020F7E731
S21401D7A02C2100202DE9FF470F7E0C9E782F9146F5
S21401D7B080460C469A4601F1430207D8622F0AD8E2
S21401D7C0002F00F0DD80582F00F0C38004F14206E0
S21401D7D084F842703AE0A7F16303152BF6D801A14D
S21401D7E051F823F03DD8010051D80100CDD70100F2
S21401D7F0CDD70100CDD70100CDD7010051D801000A
S21401D800CDD70100CDD70100CDD70100CDD701007E
S21401D81067D90100DFD801001FD90100CDD701006B
S21401D820CDD7010089D90100CDD70100DFD801008D
S21401D830CDD70100CDD7010027D9010033681A1DC5
S21401D8401B68326004F1420684F842300123A8E0E6
S21401D85031682368081D30601E0601D50D6803E097
S21401D8605D06FBD5B1F900506168002D78DA2D20F0
S21401D870002984F84300A1602DDA5E486D420A2330
S21401D8801646B5FBF3F103FB1157C75D06F8017D9C
S21401D8902F46BB420D46F4D9082B0BD12368DF0770
S21401D8A008D5236961689942DEBF302306F8013C3A
S21401D8B006F1FF36921B2261CDF800A04B4603AA63
S21401D8C02146404605F02FFE01306FD14FF0FF3064
S21401D8D004B0BDE8F08723F004032360CDE7216898
S21401D8E03368080653F8045B02D4490648BFADB254
S21401D8F06F2F4048336014BF0A230823002184F8A1
S21401D90043106668A660002EBADB216821F0040188
S21401D9102160002DB4D1002EB2D11646BCE7236893
S21401D92043F0200323603448782784F84570236841
S21401D93031681F0651F8045B02D45F0648BFADB2DA
S21401D9403160D90744BF43F0200323601DB1102383
S21401D950D4E72848E9E7236823F020032360F6E7A5
S21401D96024480A23CDE7336825686169181D3060AD
S21401D9702E061B6801D5196002E06806FBD51980E2
S21401D98000232361164697E733681A1D32601E6826
S21401D990626800213046E2F7C3FB08B1801B606075
S21401D9A063682361002384F8433085E723693246A0
S21401D9B049464046D047013088D023689B0714D497
S21401D9C0E068039B9842B8BF184681E701233246B8
S21401D9D049464046D04701303FF478AF0135E36809
S21401D9E003995B1AAB42F1DCEAE7002504F119065C
S21401D9F0F5E700BF248E0200358E020038B5064DCD
S21401DA000023044608462B6001F0B6FF431C02D1F2
S21401DA102B6803B1236038BD304F002038B5074D61
S21401DA2000230446084611462B6001F0A8FF431C5C
S21401DA3002D12B6803B1236038BD00BF304F0020F0
S21401DA4038B5064D0023044608462B6001F09EFFBC
S21401DA50431C02D12B6803B1236038BD304F002030
S21401DA6038B5074D04460846114600222A601A4674
S21401DA7001F091FF431C02D12B6803B1236038BD2E
S21401DA80304F002038B5074D04460846114600229F
S21401DA902A601A4601F081FF431C02D12B6803B1AC
S21401DAA0236038BD304F0020024B0146186805F050
S21401DAB05ABE00BF2C21002038B5074D002304466E
S21401DAC0084611462B6001F063FF431C02D12B6808
S21401DAD003B1236038BD00BF304F0020F7B51022D8
S21401DAE00C460021054605F04AFC03F088FB20445D
S21401DAF0F3F7E4FB800B02D1002003B0F0BD03F086
S21401DB007EFB2044F3F7DAFB0307F5D52B4B1B7896
S21401DB10063B012B35D803F072FB2044F3F7CEFB0E
S21401DB20801303284FF00601204614D103F083FC2E
S21401DB3021180822681CF3F7FBFB0821204603F096
S21401DB407AFC0422211805F10900F3F7F1FB0523FD
S21401DB506B730120D1E703F06EFC2044F3F7AEFBB4
S21401DB600646F2F77DF9B04203D1F2F791F9014684
S21401DB70DFE76946304600F03DFB0028BCD0694629
S21401DB80D7E70621204603F056FC271803F037FB9B
S21401DB902044F3F793FB8013022805F1010614BF16
S21401DBA0082202223946304605F022FB082120468B
S21401DBB003F041FC2358C5F80930C8E72E49002078
S21401DBC02DE9F04385B00746FE180C98C91A9B1A32
S21401DBD0DCB21744431C8DB2A0460DF101020D3094
S21401DBE053F8041B42F8041B8342F9D11B781370C7
S21401DBF049238DF8003068466BBAADF80E3000F058
S21401DC001BFB9DF801305C408DF801400224224642
S21401DC104FF000091BE0C2F11003A8EB09019BB20B
S21401DC2089B28B4228BF0B4600201FFA80FC1118D0
S21401DC306345C9B219D81A44D2B21F44102A4B44BC
S21401DC401FFA83F903D1684600F0F6FA0022C845A8
S21401DC50E1D812B1684600F0EFFA012C4FF000024D
S21401DC600DD00124A8463746D2E717F800C01DF8A4
S21401DC7001E08CEA0E0C0DF801C00130D5E70D9BD2
S21401DC80009A1A6005B0BDE8F0832DE9F0478EB022
S21401DC9004460AA8894603F0C4FE09210746204621
S21401DCA003F0C9FB0646204603F0D5FC0546002FC7
S21401DCB066D10AA800F0BFFA0F2239460DF1190005
S21401DCC005F05DFB01238DF8183003F098FA204427
S21401DCD0F3F7F4FA801302283FD00621204603F01A
S21401DCE0AAFB082221180DF11900F3F721FB4A4679
S21401DCF00DF121010020F3F7EFFA042326448DF8F5
S21401DD00253002AC0DF11808D5B39DF82730013344
S21401DD108DF8273098E80F00102DA94628BF4FF040
S21401DD2010091FFA89FA84E80F00A5EB0A052046B8
S21401DD3000F082FA5FFA89F9ADB2721E204600231E
S21401DD4012F801CF10F8011B0133DBB281EA0C0196
S21401DD5099451170F4D85644D6E70621204603F0BB
S21401DD606AFB2044F3F7AAFA8046F2F779F84045B1
S21401DD70B3D06946404600F03DFA0028ADD1702781
S21401DD8038460EB0BDE8F0872DE9FF4706460D463A
S21401DD9014461F4603F10D094FF0010A15B904B0E8
S21401DDA0BDE8F087102DA84607F1010228BF4FF005
S21401DDB010080DF1010352F8041B43F8041B4A45F1
S21401DDC0F9D199F800201A70684663BA01348DF8C3
S21401DDD000A0ADF80E30A4B200F02EFA6A4606EBAB
S21401DDE00801304610F8016B12F8013B884283EABD
S21401DDF0060300F8013CF5D1A5EB080806465FFAD4
S21401DE0088F5CBE78020704700F014BA2DE9F0477B
S21401DE108CB00446EFF746FE002860D000F0DAF931
S21401DE20052840D108A803F0FCFD0D210546204633
S21401DE3003F001FB064695BB08A80DF1100800F09B
S21401DE40FAF921464046FFF749FE002847D001214E
S21401DE50204603F0F0FA09218146204603F0EBFA4A
S21401DE600DF10C0AC7B23B465FFA89F231462046ED
S21401DE70CDE9008AFFF7A4FE43462A460421504610
S21401DE80FFF782FFF11B43460122C9B2E019FFF7F3
S21401DE907BFF0D21204603F0CEFA039B2350284634
S21401DEA00CB0BDE8F08700F095F9042819D10821D7
S21401DEB0204603F0C0FA21180120F3F71BFA0721C8
S21401DEC00546204603F0B7FA2A4621180020F3F744
S21401DED003FA294620460CB0BDE8F047D5E63525BD
S21401DEE0DDE77025DBE72DE9F0478CB00446EFF758
S21401DEF0D9FDF8B100F06EF905284FD1072120466B
S21401DF0003F099FA235C03F00703052B46D108A812
S21401DF1003F087FD0D210546204603F08CFA804666
S21401DF20C5BB08A804AF00F086F921463846FFF7BE
S21401DF30D5FD08B935252DE00121204603F07BFAF1
S21401DF4009218246204603F076FAC6B2A8EB0601FE
S21401DF500DF10C093B460122C9B2A019FFF714FFC7
S21401DF6033465FFA8AF241462046CDE90079FFF74B
S21401DF7027FE2A463B4604214846FFF705FF0D21AA
S21401DF80204603F058FA04222118484605F0CDF938
S21401DF900028CFD128460CB0BDE8F08700F01AF96A
S21401DFA004281CD10721204603F045FA0721204604
S21401DFB003F041FA21180020F3F79CF907210546E2
S21401DFC0204603F038FA411C21442A460120F3F783
S21401DFD083F9294620460CB0BDE8F04755E6702582
S21401DFE0D8E710B5044600F0F5F8042808BF00206D
S21401DFF0207010BD38B5084C00250423224629465A
S21401E00006202560EDF778FEA580F5F7F5FCBDE85E
S21401E0103840FFF7F9BE00BF344F002008B5002096
S21401E02003F0CFF8003818BF012008BD38B5064CFC
S21401E0302568C5F30D0313B90620EDF7ADFE236879
S21401E04001332360284638BD344F002010B5054CF7
S21401E0500423224600210620EDF7FEFD23689B03DC
S21401E060236010BD344F0020FFF7BBBFFFF7CEBEC5
S21401E0702DE9F04704460E46FFF735FF0546002812
S21401E08040F08B80002E00F08880012003F099F884
S21401E090064603F0B4F82044F3F710F9020705D456
S21401E0A048494948EB22EFF797FCFEE703F0A7F84B
S21401E0B02044F3F703F980130228F1D10621204604
S21401E0C003F0B9F92044F3F7F9F80821074620468A
S21401E0D003F0B1F921180120F3F70CF98046F1F7A6
S21401E0E0C5FE874204D0394B1B78053B022B36D838
S21401E0F0374E2C46B088F2F789FB8442B08836D377
S21401E100F2F784FB0630002180B2F2F78DFC8146DF
S21401E11000283DD0B38873B1F2F75CFB0446B088A3
S21401E120F2F758FB8246B088F2F770FB514602467A
S21401E130204605F05DF84846F2F74CFB0446B088E9
S21401E140F2F764FB044439462046F3F7BDF842462D
S21401E150A11C0120F3F7C0F8A6F804901DE03306D1
S21401E160C6D541463846F1F71BFAB0B910E0F2F7CA
S21401E17031FB00EB04094846F3F7A0F809F1020168
S21401E18082460120F3F7B6F8574517D1804507D8E0
S21401E19001210D20F5F746FC35252846BDE8F08718
S21401E1A0B088F2F717FB044439462046F3F78CF89B
S21401E1B04246A11C0120F3F78FF8EEE70634A4B21D
S21401E1C098E700BF468E02005C6A02002E490020D6
S21401E1D0344F0020014B1878704700BFD82100202B
S21401E1E0031F012B9DBF024B187000207020704743
S21401E1F0D821002007B50023ADF8060001220DF155
S21401E2000600F5F74DFB03B05DF804FB38B5074D86
S21401E210002428460134F2F7F5F80A2C05F1020528
S21401E220F7D1BDE838400248F2F7ECB8D24F0020EB
S21401E230384F00207047704710B586B00446EFF798
S21401E24031FC05AB02931023CDE900430249224677
S21401E250EEF738FE06B010BD00444004802070473B
S21401E26010B5074B1878074B1A68002304321C4672
S21401E270D9B2884200D810BD22F833400133F7E7FF
S21401E280CB210020BC2000202DE9F74F354CBDF8EE
S21401E29030B09DF838A015461F46627823789A421A
S21401E2A08146884606D1304B1B6803EBC2039B8828
S21401E2B0002B52D105EB0B00002180B2F2F7B4FB24
S21401E2C0ADF800900646ADF804008DF806A08DF86E
S21401E2D00380002843D0F2F77DFA2A46394604F037
S21401E2E087FF3046F2F776FA0D99204E5A462844B3
S21401E2F004F07EFF1AF0040F1B482CD025786378B3
S21401E30002683178AB4213D16B46026803CB63785F
S21401E31042F8350002EBC507327879600133B3FB6A
S21401E320F2F102FB11336370002003B0BDE8F08FF9
S21401E3300FFA83FC02EBC3075BB1013B52F83310C3
S21401E34042F83C1002EBC30EDBB2DEF80410796033
S21401E350D6E74B1EF2E76578D6E73920E5E71820C1
S21401E360E3E700BF59500020BC200020CB2100204D
S21401E37070B5084D084E00242A78E3B29A4200D8B8
S21401E38070BD306800EBC3000430F2F73BF801348F
S21401E390F2E700BFCB210020BC200020074B1978F4
S21401E3A05A788A4201BF064B1B6803EBC203988862
S21401E3B006BFB0FA80F0400900207047595000208F
S21401E3C0BC200020F8B50446FFF7E8FF064638BB38
S21401E3D0144D154F29783A6802EBC10398792070DD
S21401E3E0D878607132F8312098886280F2F70EFA98
S21401E3F02A783B68E08003EBC2039888F2F7EAF9D3
S21401E4002B783A68A06002EBC30201339680074A74
S21401E4101278B3FBF2F102FB11332B700120F8BD29
S21401E4200020FCE759500020BC200020CB21002012
S21401E43030B58BB0044624252A46002101A804F0F5
S21401E4409EFF2A460021204604F099FF20460BB085
S21401E45030BD036813F4805F02D043F48063036029
S21401E460036813F4005F02D043F40063036070474F
S21401E47008B5C36923B100231A4602F0AEFA08BDF7
S21401E4800180FCE708B501F0BFFF08BD08B5E3F75A
S21401E4908DFD08B58368C26853F822301878E6F710
S21401E4A033F908BD08B5E6F731FA08BD30B58BB0CB
S21401E4B0044624252A46002101A804F060FF2A46C6
S21401E4C00021204604F05BFF20460BB030BD0368F8
S21401E4D013F4805F02D043F480630360036813F48F
S21401E4E0005F02D043F400630360704708B5C36958
S21401E4F023B100231A4602F070FA08BD0180FCE73A
S21401E500704770B584B00646084615461C4603A9F2
S21401E510ECF7D6FF034610B1184604B070BDBDF83F
S21401E520243001939DF82030009323462A46039910
S21401E530304601F0F0FC0346EEE708B501F068FD51
S21401E54001F072FDECF792FBFAE77047704708B5E9
S21401E55001F0C5FE08BD70477047704708B5EEF775
S21401E5601BF908BD704708B5EEF7B4F808BD70474B
S21401E57070477047704770477047704770477047DD
S21401E5807047704708B501F000FF08BD00207047CE
S21401E59000207047704708B500F0ABF808BD08B515
S21401E5A0E6F7D2FFEBF7B8FDE7F7ECF8EBF75AFD25
S21401E5B0EBF79EFDEBF766FDE6F7A2FF01F072F9B9
S21401E5C0E7F7D4F8E7F780FAE8F704F9ECF7A6FAE4
S21401E5D008BD08B5E7F7EEFCE8F788F8E7F77AF83C
S21401E5E0E7F780F800F09FF808BD08B5EAF790F95C
S21401E5F000F000FCEAF79EF9EDF712FDEDF72EFDAF
S21401E600EDF750FD08BD08B5E7F794F808BD70476B
S21401E61008B5E6F761FF08BD08B501F08BFDEDF71B
S21401E62035FD08BD704708B5E7F730F808BD08B5F1
S21401E63000F05BF8ECF70EFE01F06AFEEBF7B6FDB4
S21401E64000F0DCFBECF754F8EEF722FDFFF7EBFFEA
S21401E650E6F71AFF08BD012070470120704738B55C
S21401E660E6F732FF0446EDF733FD054600B12546D1
S21401E67001F0DEFE044600B12C46FFF7ECFF00B1C8
S21401E680204638BD38B5ECF7ADFB044601F0D2FEA6
S21401E690042811D0022811D00025E7F713F8042822
S21401E6A00FD002280FD0FFF7D8FF04280FD002287A
S21401E6B00BD06DB100240BE00125EEE70025012407
S21401E6C0EBE70125EFE70124EDE70124F1E700245C
S21401E6D0204638BD7047704708B50123042205213E
S21401E6E00020E9F701FC002008BD08B5FFF7F4FF9C
S21401E6F008BD08B50023042205211846E9F7F4FBF6
S21401E700002008BD20F07F4040EA81707047012953
S21401E71007D0022320F07F4040EAC36040EA8270BF
S21401E72070470323F6E708B5082000F09AF8E7F7E4
S21401E73079F8082000F0A0F808BD00B583B00023E2
S21401E7400093019301238DF80030FFF7DBFF019062
S21401E75008216846E7F71EF803B05DF804FBFEE7FC
S21401E7604FF4004070474FF47A70704700230360FF
S21401E770704703680B6001607047D0B18446C2B130
S21401E780B9B10020137883B100B501F1FF3E86458B
S21401E79006D90CF8013B013201301378002BF4D175
S21401E7A000238CF800305DF804FB00238CF8003061
S21401E7B070477047034648B1002001E0013301303D
S21401E7C0884204D21A78002AF8D170470020704790
S21401E7D008B54FF0FF31FFF7EDFF08BD80B170B50A
S21401E7E00C461546064622B119B1FFF7F1FF8442E1
S21401E7F000D870BD2A46211A3044FFF7BEFFF8E75D
S21401E800704708B543680BB1984708BD2220FCE75E
S21401E810704703681878704708B503681A78022AA3
S21401E82000D008BD00225A80E7F754FBF9E710B57F
S21401E83082B004682378022B04D0A379022B03D07C
S21401E8400223237002B010BD00216079E7F766FF4E
S21401E850617920790023019300930A46E9F7EEFADD
S21401E860EEE74FF06041D1F8003E012282401343AB
S21401E870C1F8003E002070474FF06041D1F8003EDD
S21401E8800122824023EA0203C1F8003E00207047BD
S21401E89008B543680068984708BD08B583680068EE
S21401E8A0984708BD08B5C3680068984708BD03784F
S21401E8B0417801228A4003EB43031B0103F18043A5
S21401E8C003F520439A61704700B589B084460E98D7
S21401E8D007900D9806909DF8300005900B980490CF
S21401E8E09DF82800039000200290019300920B46A9
S21401E8F062460121E7F752FC09B05DF804FB89087E
S21401E900002301E0043001338B4205D20268B2F1E4
S21401E910FF3FF7D00020704701207047704708B5C9
S21401E9200346084613F0030F02D111F0030F0AD075
S21401E9309200194604F05CFC002008BD53F8041B45
S21401E94040F8041B013A002AF8D1F5E710B582B069
S21401E950044601A8E9F7F4FD9DF80630238001235B
S21401E960E370A370E9F71AFE6060002002B010BDE4
S21401E97008B5E9F747FC08BD08B5E9F733FC002000
S21401E98008BD08B50A4641180139EBF731FF08BD45
S21401E99003300F2828BF0F200007704708B5E8F797
S21401E9A051F8013008BDEFF3108072B6704700B918
S21401E9B062B67047602383F311887047002383F3A0
S21401E9C011887047EFF31180602383F31188704735
S21401E9D080F311887047EFF3108313F0010F05D110
S21401E9E0EFF311835F2B03D8002070470120704797
S21401E9F00120704784B00B6803934B6802938B68C1
S21401EA000193CB680093039B0360029B0360019B09
S21401EA100360009B0360002303930293019300931A
S21401EA2004B0704730B40D684C688A68CB680560DE
S21401EA3004600260036030BC704730B40568046847
S21401EA40026803680D604C608A60CB6030BC70471A
S21401EA5008B5FFF7E7FF08BD00B585B084460B464D
S21401EA6011F0030F0DD0EE46086849689A68DB6816
S21401EA70AEE80F0069466046FFF7EAFF05B05DF8AD
S21401EA8004FB00910099FFF7E3FFF7E708B5FFF7EE
S21401EA90D4FF08BD10B584B00C4611F0030F0BD09F
S21401EAA06946FFF7F3FFEC46BCE80F0020606160A3
S21401EAB0A260E36004B010BD00910099FFF7E6FF85
S21401EAC0F8E738B50D46102A0AD000F1424303F59F
S21401EAD080135B0100221A602430FFF78BFF38BDDC
S21401EAE000F1424303F580135B0101221A6000F531
S21401EAF088742046FFF77EFF05F110012046FFF7D8
S21401EB0079FFECE730B589B086460C46154611F01C
S21401EB10030F2BD0082A16D0EC4608684968A2686D
S21401EB20E368ACE80F0020696169A269E369ACE8B3
S21401EB300F002A4669467046FFF7C3FF082D0AD024
S21401EB4008226B460DE0EC4608684968A268E3684F
S21401EB50ACE80F00EDE70422F3E7002243F8042BAC
S21401EB600A46511E002AF8D109B030BD009100991D
S21401EB70FFF7A7FFF8E770477047704708B5002012
S21401EB80E8F75AFD08BD08B50120E8F755FD08BDB0
S21401EB9070B505460E461446FFF705FF2B685C4028
S21401EBA034405C402C60FFF702FF70BD70B505462F
S21401EBB00E461446FFF7F7FE2B685C4034405C4077
S21401EBC02C60FFF7F4FE70BD00F1424000F58010A6
S21401EBD040010160704708B5E9F76AFB08BD41F0DE
S21401EBE0800181657047CB435B0003F00A03C36075
S21401EBF0C160704738B505460C46E9F721FDA37C90
S21401EC001BB12B6843F080432B60E37C002B2CD197
S21401EC10637B228A1343E28913436B60237BA268DA
S21401EC2061682846E9F7C6FC637D1BB12B6843F48F
S21401EC3080332B60A37D1BB12B6843F400432B600C
S21401EC40E37D1B0703F0E043227E120502F4E00297
S21401EC5013432B666B6F23F030036B676B6F627E1B
S21401EC6013436B672378EB6038BD217D2846FFF799
S21401EC70B6FFCDE738B505460C46E9F7E1FC2A684C
S21401EC80238A43F00103A17B002934D04FF480612D
S21401EC900B4313432B602B68227D002A2DD04FF0A7
S21401ECA0005213432B60A37C4BBB237B43F480535E
S21401ECB06B60A26861682846E9F7AEFC637B0BB11E
S21401ECC01023EB60637D1BB12B6843F480332B600C
S21401ECD0A37D1BB12B6843F400432B60E37D1B0728
S21401ECE003F0E043227E120502F4E00213432B6692
S21401ECF02378EB6038BD0021CAE70022D1E7E17C2A
S21401ED002846FFF76CFFD0E7036913F0400FFBD0EE
S21401ED104163036913F0200FFBD0C069C0B270478E
S21401ED20036913F0400FFBD041637047036813F08B
S21401ED30010F09D0836813F0020F05D1836813F021
S21401ED40010FFBD10123436070470B78002B3BD0AA
S21401ED5001234A78002A39D0022213438A78002AEE
S21401ED6036D04FF080421343CA789AB30422134335
S21401ED700A798AB3082213434A797AB320221343C5
S21401ED808A796AB340221343CA795AB310221343CD
S21401ED900A7A43EA02334A7A43EA02230A7B1AB31F
S21401EDA04FF0004213438A7A43EA0243CA7A43EA9F
S21401EDB002610023826812F0010F17D047F22F522A
S21401EDC0934213DC0133F5E70023C2E70022C4E7D0
S21401EDD00022C8E70022CAE70022CCE70022CEE7DD
S21401EDE00022D0E70022D2E70022DBE7016070476D
S21401EDF00020704708B5F7F7ADF808BD70474140E9
S21401EE00012201E018440132032A08D8D30021FA6E
S21401EE1003F34B4013F0030FF4D09B00F2E7704767
S21401EE20CAB110B58CB014460022089209920A9213
S21401EE300B920792069205AB029307AB019306ABC2
S21401EE40009308ABE9F7B6FE18B9099B6360079B08
S21401EE5023600CB010BD6FF086007047002070472D
S21401EE602DE9F8438046894615461F46E9F78AFD8F
S21401EE700446002343600360FFF795FD0646B9F19B
S21401EE80100F25D0102241462046FFF73BFE04F125
S21401EE90800839464046FFF7DFFD3046FFF787FD1D
S21401EEA0012D17D00623A360236913F0020FFBD1AF
S21401EEB0FFF779FD054608994046FFF7EBFD284622
S21401EEC0FFF775FD2046E9F767FD0020BDE8F883EA
S21401EED00822D8E70523A360E6E7002070472DE95E
S21401EEE0F0410F4616461C460023236005256FF0A9
S21401EEF0960000E0013D85B178B1D4F80080224645
S21401EF00A6EB080107EB0800EAF7B4F823684344C8
S21401EF102360B342EED30020ECE7BDE8F0817047F2
S21401EF20002070470020704710B48468C3680B4403
S21401EF3054F82310084610F8023B497803EB0123E6
S21401EF4013605DF8044B7047012380F8883003781E
S21401EF5003B9704710B5044600F04CFB2146204625
S21401EF60EAF73EFB204600F038FB10BD38B50446F4
S21401EF700D46EAF71DFB6B68C4F8B032A968204657
S21401EF8000F06EFA4FF0FF33C4F8B4322046FFF7B4
S21401EF90C7FF38BD10B50446D0F8B432B3F1FF3F11
S21401EFA009D0D4F8B432B3F1FF3F09D194F8B8329E
S21401EFB043B9012005E000F0B0FBC4F8B402F0E765
S21401EFC0002010BD0020FCE708B5EAF725FB08BDC8
S21401EFD01038072801D80120704700207047A0F19B
S21401EFE01003072B00D8D8B2704708B50B782D2B25
S21401EFF004D000220138EAF76BFB08BD0122114458
S21401F0000138EAF765FBF8E708B5072826D8DFE8F0
S21401F01000F0060B1015191D0421012008BD002261
S21401F0200820EAF755FBF9E700221020EAF750FB23
S21401F030F4E700222020EAF74BFBEFE70820FFF772
S21401F040D4FFEBE71020FFF7D0FFE7E72020FFF71C
S21401F050CCFFE3E70846EAF7B7FBDFE70020DDE78A
S21401F0602DE9F04383B00C4617461D460A9EDDF88F
S21401F0702C8021282BD8DFE800F0112D445A718806
S21401F0809EA22A2A2A2A2A2A2A2A2A2A2A2A2A2AEE
S21401F0902A2A2A2A2A2A2A2A2A2A2AD30022114650
S21401F0A02046FDF78DFED8F80030C0B245F82300A3
S21401F0B0D8F80030326805EB830347F82230D8F8D9
S21401F0C000300133C8F8003033680133336003B0D1
S21401F0D0BDE8F083002211462046FDF771FED8F800
S21401F0E0003080B245F82300D8F80030326805EBCE
S21401F0F0830347F82230D8F800300133C8F80030CF
S21401F100E2E7002211462046FDF75AFED8F8003005
S21401F11045F82300D8F80030326805EB830347F83A
S21401F1202230D8F800300133C8F80030CCE700228E
S21401F13011462046FDF7C8FD40B2D8F8003045F824
S21401F1402300D8F80030326805EB830347F82230F5
S21401F150D8F800300133C8F80030B5E70022114670
S21401F1602046FDF7B1FD00B2D8F8003045F823007F
S21401F170D8F80030326805EB830347F82230D8F818
S21401F18000300133C8F800309EE7002211462046C1
S21401F190FDF79AFDD8F8003045F82300D8F800208E
S21401F1A0336805EB820547F82350D8F80030013361
S21401F1B0C8F8003088E7336847F8231084E74FF033
S21401F1C000098DF80690C846012512E0013510E0C9
S21401F1D08DF8053008F101081022002101A8FDF77D
S21401F1E073FD09F10203E05409F101091FFA89F9D7
S21401F1F00135635D7D2B09D0202BE7D018F0010F78
S21401F200E6D18DF8043008F10108F1E784F80090A2
S21401F2104FEA192984F80190336847F8234053E7E9
S21401F220336847F823104FE72DE9F04F87B09B4628
S21401F2300023059304938B4500F38D8007468A4689
S21401F24016461C461D46984602E04FF0010801345A
S21401F250385DFF280CD02028F7D0212805D0FFF7ED
S21401F260B7FE0028F3D00546F1E74FF00108EEE7B8
S21401F27081465C44B8F1000F08D0013C54456CDC73
S21401F280002402943B462746984645E045B1013C9A
S21401F290544564DC002402943B46474698463BE0CE
S21401F2A0A2455ED1002402943B462F46984633E0A1
S21401F2B043445B78FF2B0FD02B2049E0039B43444C
S21401F2C05B78FF2B4FD1012706E0029B01330293A7
S21401F2D0A94601E04FF0060997B956F824104846AA
S21401F2E0FFF792FE002842D004AB019305AB0093D2
S21401F2F0119B109A56F824104846FFF7B1FE0AE013
S21401F30004AB019305AB0093119B109A56F8241099
S21401F3102120FFF7A5FE0134544518DA5C45D9DBF8
S21401F320029B039318F80350202DC1D0212DC5D080
S21401F3302846FFF74DFE0028C7D0039B43445B7861
S21401F340FF2B12D12846FFF74AFE8146C4E700206C
S21401F35007B0BDE8F08F2120FAE72B20F8E72B2035
S21401F360F6E72B20F4E72B20F2E72B20F0E7262008
S21401F370EEE708B5E6F756FD08BD2DE9F04784B07F
S21401F38081468A4690461D460C9F0D9E04460EE019
S21401F39018680F9B03930E9B0293019600972B46CA
S21401F3A042460121FFF7E9FF044618E00C342068C5
S21401F3B0A8B133682A68934211DA57F82310FFF789
S21401F3C0D8FF0028F2D133680133336063681A7BB3
S21401F3D0FE2ADDD001230E9A137088F8003098F8C3
S21401F3E000305BB90F9B1B7843B9BAF1000F09D007
S21401F3F001230F9A137088F800304C46204604B05B
S21401F400BDE8F0870024F9E738B50546002402E098
S21401F410EAF788FA013404EB440305EB830055F858
S21401F420233023B1037A002BF2D00134F3E738BD41
S21401F43010B539B1084612B1EAF774FA10BDFFF7F4
S21401F440E3FFFBE7D0F89C4000E02468002CF5D0F1
S21401F450A0680028F9D0FFF7D7FFF6E77047704796
S21401F46059B10A790AB10020704710B501240C7110
S21401F4709C30FFF77EF9204610BD00207047F0B59E
S21401F480A3B0054608461AAA19A900F08AF9044647
S21401F49010B1204623B0F0BD00238DF80B300DF1DE
S21401F4A00B0301930DF10A03009303AB1AAA19A9E2
S21401F4B02846EAF795FB9DF80B3013BB40B3466828
S21401F4C006F10C0711AB019309AB0093039B1AAA33
S21401F4D019993846FFF7A8FE04460028D9D10495A5
S21401F4E0199B059309AB0693039B0793089704A8FA
S21401F4F0FFF7B4FF336804A8984704A8FFF7AFFFE7
S21401F500C7E79DF80A2001462846FFF791FFC0E7A6
S21401F5102D24BEE700230B601360D0F8AC32B3B3E2
S21401F520944690F8AC30A3B300B54FF0010E00231B
S21401F53013E00133B3F5007F0DD20A6801320A6089
S21401F540DCF800200132CCF80020C21892F8AC207A
S21401F5500A2AEED101330EF1010ED0F8AC22724523
S21401F560E8D805E0DCF800200132CCF800200133B1
S21401F570B3F5007F08D2C21892F8AC200A2A0AD046
S21401F580002AEFD1012000E001205DF804FB0020F5
S21401F5907047002070470120F7E770B50546002444
S21401F5A0264600E0013405F1AC0003F041FEA0421E
S21401F5B007D92B1993F8AC301BB10A2BF2D10136BF
S21401F5C0F0E7304670BD08B5405C00F0B6F808BDFF
S21401F5D008B5082000F0B1F808BD10B50446D0F80B
S21401F5E08C20002103F0CBFE0023C4F89030C4F831
S21401F5F0943010BD70B582B004460EE02046FFF789
S21401F600CCFFC4F8AC0201AA69462046FFF782FF88
S21401F610009B2344002283F8AC2080212046FFF77C
S21401F620C9F8451C04F1AC064FF400713046FFF7EB
S21401F630C1F8C0F500708542E0D8204603F0F8FD19
S21401F640451C304603F0F4FD421C3146701903F0A8
S21401F6507CFE204603F0ECFD02462146304603F0D0
S21401F660C7FD204603F0E4FD20440A2380F8AC30B1
S21401F6700023C4F8AC3202B070BD30B583B0044686
S21401F6800D46FFF78AFFB5F1FF3F13D0012D0FD1CD
S21401F690D4F8AC3283420BD20133C4F8AC32012326
S21401F6A0D4F8AC2202B901230BBBD4F8AC3203BBAD
S21401F6B003B030BDD4F8AC3223B1013BC4F8AC3250
S21401F6C00123EDE70023EBE7082000F036F82020C1
S21401F6D000F033F8082000F030F80135204603F03A
S21401F6E0A7FDA842F0D82046FFF777FFDDE7002503
S21401F6F0F4E701AA69462046FFF70CFF0028D7D099
S21401F700009D06E0631993F8AC102046EAF792FBD9
S21401F7100135019BAB42F5D8CAE700B583B00DF1C0
S21401F7200701002000F014F920B99DF8070003B086
S21401F7305DF804FB4FF0FF30F9E710B50446C1B29F
S21401F740002000F0F2F808B9204610BD4FF0FF3057
S21401F750FBE70FB400B583B004A951F8040B01917F
S21401F760EEF750F9002003B05DF804EB04B07047E3
S21401F77008B50B4601F1010C00EB0C0110F80CC0AA
S21401F780BCF1220F07D0BCF17B0F04D0BCF15C0F9B
S21401F79001D0002004E0D21A184403F0D6FD01205F
S21401F7A008BD2DE9F84305468846914603F040FD1D
S21401F7B00646002400E001342A192B5D202BFAD0DE
S21401F7C0C9F800200123C8F8003030E07B2B14D0A4
S21401F7D0D8F8003003F18043013B621C2A4449F803
S21401F7E023202227012C06D92B1913F8013C202BA4
S21401F7F001D0002B49D1013404E07D27F2E7013422
S21401F800A64246D928192B5DBB4209D05C2BF6D1FE
S21401F810324621462846FFF7ABFFC0B3013EEEE76E
S21401F8204378202B00D0BBBB222F21D00134A64227
S21401F83029D92A192B5D7B2BC8D0222BC6D05C2B4D
S21401F84019D0202BF2D100231370631CB342EDD2E2
S21401F850EA18EB5C202BE9D0D8F80030072B1FDC28
S21401F86049F82320D8F800300133C8F80030DDE726
S21401F87000230370DAE7324621462846FFF778FF71
S21401F88060B1013ED2E7002004E0212002E0212001
S21401F89000E02120BDE8F8832120FBE72120F9E7DD
S21401F8A01E20F7E710B582B000240094ADF804409E
S21401F8B002238DF805306846E8F704F8204602B0C2
S21401F8C010BD70B50C461546034630B15E684EB1A4
S21401F8D02A4621461868B04770BDEAF745FC03463C
S21401F8E00028F3D12320F7E72DE9F04182B00E4638
S21401F8F017461C46054670B18CB195B1D5F80880FF
S21401F900B8F1000F0FD023463A4631462868C04763
S21401F91002B0BDE8F081EAF727FC0546ECE701AC4A
S21401F920EBE72320F4E72320F2E700B583B08DF858
S21401F930071001220DF10701FFF7C3FF03B05DF8C1
S21401F94004FB08B50B4601461846FFF7EEFF08BD57
S21401F95008B500230122FFF7C7FF08BD0EB400B5A6
S21401F96082B003AA52F8041B0192EAF709FC02B01E
S21401F9705DF804EB03B0704700207047FEE74FF4D4
S21401F98000534B60002070470120704701207047EC
S21401F9904FF0FF3070470020704700B583B000205D
S21401F9A0019001ABFFF7A0FF019810B103B05DF81D
S21401F9B004FB4FF0FF30F9E710B514460020FFF7BF
S21401F9C080FF204610BD0346A0B190F838201AB13A
S21401F9D090F83C00022805D093F83C00042805D096
S21401F9E001207047012283F83C207047012283F8EA
S21401F9F03C2070470120704780F82C10704790F823
S21401FA002C00704790F839007047037E73B330B40A
S21401FA10037A03EB43031B0103F1804303F56223DF
S21401FA20D3F89440C16805694B199C4213D0013C38
S21401FA308C4201D26C1E0C442346026B9A4212D0B1
S21401FA401A78112A09D0132A07D0013B8B42F4D227
S21401FA506B1E0B44F1E70C46E9E7112A14BF00229E
S21401FA60012280F83420046330BC704770472DE9CA
S21401FA70F0411646002A5ED004460D46037E002B52
S21401FA806AD0037A03EB43031B0103F1804303F5BA
S21401FA906223D3F89430C16802690A44934212D0B3
S21401FAA067699F4211D09F4211D2DF1BB74228BF20
S21401FAB03746FEF787FF804694F82D30002B3FD05F
S21401FAC03E46002210E00B46EAE7617EEBE7D71BD5
S21401FAD0ECE7206B814212D0013E6369216B8B42B9
S21401FAE014D0013363610132BA4212D261690B78D4
S21401FAF0112BEED0132BECD005F8013BEDE7112BC3
S21401FB0014BF0023012384F83430E5E70131216373
S21401FB10E7E7216BE2682369134499420ED06169D5
S21401FB20E26823691344994214D02046EAF7E8FBB9
S21401FB304046FEF74DFF3046BDE8F0812263EEE712
S21401FB403A466169284603F053FB63693B446361A7
S21401FB503E46E4E76261E8E70026ECE72DE9F0417E
S21401FB6006460F4690461C46FEF72CFF05464246C3
S21401FB7039463046FFF77BFF20602846FEF728FF10
S21401FB80236813B10020BDE8F0811B20FBE738B5E0
S21401FB900546FEF708FF044601212846EAF7F4FF6A
S21401FBA02046FEF704FF38BD2DE9F04704460F4610
S21401FBB0154690F82C90FEF705FF94F838302BB9CF
S21401FBC0FEF706FF00264FF001080EE0FEF700FFE5
S21401FBD094F83B00FFF7DBFFFEF7F4FE002384F802
S21401FBE03830EDE794F834307BB9AE4221D294F840
S21401FBF02D30002BF6D0FEF7E5FE82462046FFF7B5
S21401FC0004FF5046FEF7E4FEECE7B9F1000F02D020
S21401FC103B780A2B08D0E369397820469847804616
S21401FC2058B901370136E0E7E3690D2120469847C8
S21401FC30F1E7236A0121204698474046BDE8F08750
S21401FC4008B5FFF7B1FF002008BD38B50546FEF739
S21401FC50AAFE044600212846EAF796FF2046FEF74C
S21401FC60A6FE38BD10B5044690F8393049B103B147
S21401FC7010BD90F83A00FFF78AFF012384F8393067
S21401FC80F6E7002BF4D090F83A00FFF7DEFF0023EA
S21401FC9084F83930ECE790F838307BB910B5044673
S21401FCA0036A00219847012384F8383094F83B0012
S21401FCB0FFF7CBFF022384F83C3010BD7047026C7F
S21401FCC0D36C43F00403D364704729B1026CD36C40
S21401FCD043F00103D3647047026CD36C23F0010335
S21401FCE0D364036C01229A64704710B50446236CF2
S21401FCF01B6913F0400FFAD000231A4694F84910F6
S21401FD0094F84800E8F7F0F800231A4694F84B10E8
S21401FD1094F84A00E8F7E8F894F8503013F0010F29
S21401FD2018D194F8503013F0020F1CD1226CD36C0A
S21401FD3023F00103D364226CD36C23F00403D36451
S21401FD400021206CFEF74FFF0021606CE6F730FEC5
S21401FD50002010BD00231A4694F84D1094F84C006C
S21401FD60E8F7C2F8DDE700231A4694F84F1094F836
S21401FD704E00E8F7B9F8D9E708B5006CFEF7D0FFF2
S21401FD80002008BD10B50468206C036C13F0010F49
S21401FD900ED1042384F83C30237EA3B1637E13B1D5
S21401FDA094F82D30B3B9C36C23F00403C36410BDBB
S21401FDB001238364236C1B6913F0200FF7D02046C0
S21401FDC0FFF769FFF3E7C36C23F00403C364012361
S21401FDD02376ECE7002384F835301321FEF7A0FFE5
S21401FDE0226CD36C43F00403D364236CDB69DBB26F
S21401FDF0112B04D0132B12D0132BD8D102E00123E0
S21401FE0084F83430237A03EB43031B0103F1804368
S21401FE1003F56223D3F89430013B2363C7E700223E
S21401FE2084F83420E8E7013840EA500040EA9000C0
S21401FE3040EA101040EA102040EA104001307047B6
S21401FE4070B504460D461E461046FFF7ECFFB0F5AA
S21401FE50807F38BF4FF4807042422240831803E00F
S21401FE604000424222408318AB42F9D33260049AE2
S21401FE701360059B186070BD28B1B0FA80F0C0F120
S21401FE801E00C0B270472020F9E708B5EAF70AFC61
S21401FE9008B5FFF7FAFF08BDEFF3108072B670479A
S21401FEA000B962B6704710B5FEF77DFD0446EAF765
S21401FEB049FD2046FEF77BFD10BD704708B5FEF7ED
S21401FEC05DFE08BD704770470120704708B54FF4C6
S21401FED01670EAF7B9FE08BDD8B12DE9F04184B035
S21401FEE0884617461D46044600268683C683EBF7DA
S21401FEF0EDF9BDF82C3002939DF82830019300955A
S21401FF003B46324641462046EBF768F904B0BDE869
S21401FF10F08122207047F0B587B00D4600218DF89C
S21401FF201710D0B117461E4604468183C1830DF1D2
S21401FF301701EBF7FBF99DF8173083B9BDF834309C
S21401FF4002939DF83030019300963B4600222946E5
S21401FF502046EBF743F907B0F0BD2220FBE703206C
S21401FF60F9E738B5FEF72EFD0546EBF795FC044696
S21401FF702846FEF72DFD204638BDF0B587B01E4653
S21401FF8000238DF8173090B30C46154607460DF141
S21401FF901701EBF7CBF99DF8173053BB04A92046A0
S21401FFA0EBF78EFAF0B9EBF785FA4FF47A72002385
S21401FFB0A4FB0001FCF780FCC2F57A7292B2BA8308
S21401FFC0B2F57A7F10D00023FB830499BDF8343054
S21401FFD002939DF83030019300962B460A46384628
S21401FFE0EBF7FCF807B0F0BD0023BB83EBE722205C
S21401FFF0F8E70220F6E738B50546FEF7D4FC0446D6
S21402000001212846EAF7C0FD2046FEF7D0FC38BD9F
S21402001008B5FEF7C4FAFEF7DCFAFEF708FBFEF7B1
S214020020E4FAFEF7F0FA08BD08B5FEF7F0FAFEF7B6
S214020030EFFAFEF7F1FAFEF7F5FA08BD704700B5DB
S21402004083B0034620F0030013F0020F0CD04FF6E5
S214020050FF7343EA0143019304220DEB0201FEF70C
S214020060BAFD03B05DF804FB6FEA01416FEA114185
S2140200700191F1E711F0010F55D12DE9F041064645
S2140200800C46174610F0010F4FD1002A50D0844676
S214020090531C8E4603E00CF1020C0EF1020E013BDD
S2140200A00BD0BCF800504FF6FF718D42F3D0BEF86D
S2140200B00020002AEFD04B2038E0E8F793F8012F13
S2140200C002D016F0020F07D021883046FFF7B7FF9E
S2140200D070B902360234013F012F0DD827B12188AC
S2140200E03046FFF7ACFFD0B9E8F78CF800201DE0E9
S2140200F0E8F788F84B2019E027F001084FEA480590
S2140201002A4621463046FEF766FD20B92E442C4488
S214020110A7EB0807E2E7E8F775F84B2006E0E8F7F2
S21402012071F84B2002E0012070470120BDE8F08103
S2140201300020FBE708B500F034F908BD012070473F
S214020140704708B5022802D0022903D008BDEFF78F
S214020150ABFCFBE7EFF7AEFCF8E738B50546FEF773
S21402016022FC044601212846EAF70EFD2046FEF749
S2140201701EFC38BD38B50546FEF715FC04460021C0
S2140201802846EAF701FD2046FEF711FC38BD70B599
S21402019084B00646084615461C4603A9EBF790F9B6
S2140201A0034610B1184604B070BDBDF82430019362
S2140201B09DF82030009323462A4603993046FFF7DF
S2140201C08BFE0346EEE710B50446FEF7C0F920465E
S2140201D0E3F7ACFF10BD38B504460D46FEF7BBF993
S2140201E029462046E4F702F838BD08B5FEF7B4F90A
S2140201F0FEF7C8F908BD38B504460D46FEF7AEF957
S21402020029462046E3F77AFF38BD10B50446FEF7C6
S214020210AAF92046E3F7F0FD10BD38B504460D46B0
S214020220FEF7A0F929462046FEF7A8F938BD10B514
S2140202300446FEF79CF92046FEF79FF910BD2DE90D
S214020240F04F85B004460D4616461F469DF8388088
S214020250DDF83C909DF840A0DDF844B0CDF80CB037
S214020260CDF808A0CDF80490CDF80080FEF780F90E
S214020270CDF80CB0CDF808A0CDF80490CDF80080EB
S2140202803B46324629462046FEF77BF905B0BDE8D6
S214020290F08F08B5FEF76DF9FEF771F908BDF8B5EF
S2140202A004460D4616461F46FEF764F93B4632469E
S2140202B029462046E4F79CF9F8BD10B50446FEF739
S2140202C05BF92046E4F76CF910BD08B5FEF745F970
S2140202D008BD08B5FEF74FF9FEF752F908BD08B596
S2140202E000F01BF800B908BD00F04BF8032803D055
S2140202F000F047F8042802D1ECF704FBF3E700F01D
S21402030040F80628F8D000F03CF80728EBD1F3E7CF
S214020310704708B5EFF7ECFB08BD08B5EFF7F0FB42
S21402032008BD08B5EDF790FB08BD08B5EDF7B4FBC0
S21402033008BD08B5F3F78CFB08BD08B5F2F784FDD7
S21402034008BD08B5F2F7A9F808BD08B5F2F798F89F
S21402035008BD08B5F2F79FF808BD08B5EFF758FDD7
S21402036008BD08B5EFF75DFD08BD08B5EFF790FDCF
S21402037008BD08B5EFF774FD08BD08B5EFF77CFDBC
S21402038008BD08B5EFF77EFD08BD08B5F2F770F9AF
S21402039008BD08B5EFF772FB08BD08B5EFF756FBC8
S2140203A008BD08B5EFF7F8FA08BD08B5EFF7D0FABA
S2140203B008BD10B582B09DF814400194049C0094C8
S2140203C0EFF7A8FB02B010BD08B5F2F7F1F808BDCA
S2140203D008B5EEF729FA08BD08B5F1F731F808BDF9
S2140203E008B5F3F721FA08BD08B5F1F7C5FB08BD55
S2140203F008B5F1F7DBFB08BD08B5F1F719FB08BD38
S21402040008B5F1F776FB08BD08B5F1F76BF808BD3D
S21402041008B5F2F744F808BD08B584460846114602
S2140204206246EBF745FD08BD08B5EBF76BFD08BD68
S214020430012070470420704703460088B3F9002065
S214020440002A02DB42001A8070474840FAE770B57D
S21402045004460E46FEF7A7FA054631462046FCF746
S214020460B9FF04462846FEF7A2FA204670BD38B504
S2140204700546FEF798FA04462846FCF775FD204620
S214020480FEF795FA38BD10B5044608B1ECF7C4FA83
S2140204902046FFF7ECFF10BD00F4E040B0F5805FA9
S2140204A006D0B0F5005F01D00020704701207047EB
S2140204B001207047036823F47F4323F003030BB93C
S2140204C0002070476FF0860070470B8813B10288D1
S2140204D0934208D10B6A4BB94B8853B14288934278
S2140204E009D1002070476FF0860070476FF08600D3
S2140204F07047002070476FF08600704700207047F4
S2140205000023036043607047002303604360704724
S2140205102DE9F041884614461F460022ECF776FE87
S2140205200646F8B9D8F80050298801F4E043B3F536
S214020530804F0CD0EB6834EA03030BD197B13A46EE
S21402054005F10C00ECF724FC064658B104E024F052
S2140205500104EFE76FF084060023C8F8003028464F
S21402056000F0FDFA3046BDE8F08170B504464568F5
S2140205708668284600F01FFB00B170BD284600F0D2
S2140205801CFB0028F9D115F0FF0F11D1CEB904F1EA
S2140205900C00FFF78FFF0028EFD162884FF6F87342
S2140205A09A4211D8238B012BE7D96FF08600E4E735
S2140205B00021A06800F044FA0028E8D16FF0860017
S2140205C0DBE76FF08600D8E76FF08500D5E7F0B579
S2140205D083B00C461546194600230B602046FFF7EB
S2140205E0C4FF064610B1304603B0F0BD294601A846
S2140205F0ECF7C4FD06460028F5D12F683D46A44612
S214020600BCE80F000FC59CE8070085E807003B79A9
S2140206100BB9019BBB603B8B23F001033B8301219B
S214020620384600F022FADEE738B504461546037966
S21402063023B1826A416A00F0A5FB40B9A3682B6029
S2140206400221204600F011FA08B100232B6038BDC3
S21402065010B588B044685FEA142C11D1109C069439
S2140206600F9C05940E9C04940D9C03940C9C02947F
S2140206700B9C01940A9C0094E8F758FE08B010BD43
S2140206806FF08600FAE741F2052398420BD9B0F5DF
S214020690105F25D1802926D0C02926D0B1F5807FCB
S2140206A025D100207047B0F5905F09D241F20103D0
S2140206B0984210D0B0F5885F0DD06FF08500704775
S2140206C0A0F5905080B22923C34013F0010F02D147
S2140206D06FF08500704711F0070F0BD100207047AE
S2140206E06FF08500704700207047002070476FF05B
S2140206F0860070476FF08600704738B5436A4BB97C
S21402070004460D460120FFF7A2FE606228B1A562EC
S214020710002038BD6FF08A00FBE76FF08C00F8E728
S214020720F8B505460E4614461146FFF7E6FF07469D
S21402073008B13846F8BD22463146686A02F058FDCE
S214020740F7E72DE9F84304460A9E00882AB388464E
S2140207501F469146FFF7A0FE10B3336813B94FEA5F
S214020760C9033360356829462088FFF78CFF0446A4
S21402077080B90735EA08B9EBD50F14D1089B9A421F
S21402078014D84146384602F033FD33680733DB0897
S214020790099A13602046BDE8F8836FF08504F9E7EE
S2140207A06FF08504F6E76FF08604F3E76FF08904CE
S2140207B0F0E710B584B044685FEA142C09D1089CAF
S2140207C00294079C0194069C0094FFF7BAFF04B0BB
S2140207D010BD6FF08600FAE710B50446406A10B105
S2140207E0A16AFFF750FE00206062A06210BD38B515
S2140207F00446FFF7F1FF94F82030043BDBB2012BEE
S21402080009D80546E3694BB92C220021204602F09E
S214020810B6FD284638BD6FF09605F5E76FF09605EB
S214020820F2E740B110B50446042100F01EF9204656
S214020830FFF7DDFF10BD704738B590F82030052B66
S21402084017D104460379FF2B07D06BB90025204643
S214020850FFF7CDFF00B9284638BDFFF7C8FF0028CE
S214020860FAD16FF08400F7E7806800F022FA0546B6
S214020870EDE76FF08800EFE708B90020704700B593
S21402088083B0012201A9ECF7C1FC10B103B05DF8F8
S21402089004FB019800F05DF918B10198FFF7CCFF50
S2140208A0F4E76FF09900F1E730B583B005460C46E1
S2140208B0084600F087F800231A4601A92846FFF7E3
S2140208C027FE08B103B030BDA446DDF804E0BEE85A
S2140208D00F00ACE80F009EE807008CE80700238BA9
S2140208E003F001032383019800F039F9EAE72DE9C2
S2140208F0F04188B01D460023079306932B60002A1A
S2140209005AD004460E469046B2F1005F57D206AB66
S21402091007AA01460020FFF75AFE0746002833D1F1
S2140209200798436A5BB3079A53880593536A05A9E7
S214020930029102F128010191926A009242463146E2
S2140209402046FFF736FF0746F0B9079A538853BB8F
S214020950BDF814305380059A4FF6F8739A4228D899
S214020960079E21463046FFF7B0FD074660B92A4685
S21402097006993046FFF758FE074648B104E063681A
S2140209801B0A09D06FF0860706990798FFF749FFFA
S214020990384608B0BDE8F0814146FFF7AEFE07468E
S2140209A00028C0D0F0E7059A9342D4D06FF08607AD
S2140209B0EAE76FF08507E7E76FF08607E8E76FF08C
S2140209C08507E5E710B50446C069FFF750FD242207
S2140209D00021204602F0D3FC10BD2DE9F04104466A
S2140209E088461E4673B90027E06920B1FFF73FFD2F
S2140209F00023E3612362E7612662A4F800800020F8
S214020A00BDE8F081154619460120FFF720FD07468E
S214020A1020B13246294602F0EBFBE5E76FF08C0088
S214020A20EEE7036813F4805F02D043F4806303604A
S214020A30036813F4005F02D043F400630360704758
S214020A40421E6FF040439A4207D341B1B0F1804F45
S214020A5007D3002807DA00207047012070470846AF
S214020A607047002070470120704790F82030052B11
S214020A7030D8DFE803F0030C151E332E4B1EDBB214
S214020A80012B27D9042925D06FF087007047022949
S214020A9020D005291ED004291CD06FF0880070478C
S214020AA0032917D0052915D0042913D06FF0880022
S214020AB07047022908D005290CD004290AD0032938
S214020AC008D06FF088007047C3691BB16FF08800CA
S214020AD0704751B980F82010002070470529F9D0D8
S214020AE00029F7D06FF0880070476FF088007047D3
S214020AF030B583B005460023019300936A4601A9E8
S214020B0000F075F9044638B10099019800F06BF9C7
S214020B104CB1204603B030BD009A01992846FFF733
S214020B20FFFD0446F0E702212846FFF79EFF044633
S214020B30EFE710B504460321FFF797FF28B9E369EC
S214020B40B3F1FF3F02D00133E36110BD6FF09600B0
S214020B50FBE7C3690BB1002070470120704710B352
S214020B6038B5044690F82050032D03D0052D01D049
S214020B70042D1AD1E369DBB1013BE3612046FFF79E
S214020B80E8FF38B1052D06D0042D08D002212046F4
S214020B90FFF76BFF38BD2046FFF74EFEFAE720460A
S214020BA0FFF725FEF6E7002070476FF08800F1E7B2
S214020BB06FF09600EEE70020704710F0FF0006D0B8
S214020BC0FF2801D0002070476FF086007047002093
S214020BD070470021704710B582B00C46FFF7F9FF48
S214020BE06A46FEF71DF908B9009B236002B010BDE5
S214020BF0F0B587B00E461446FFF7EBFF07460D46E4
S214020C000023039304AAFEF70BF908B107B0F0BD60
S214020C1003AB019300962346002238462946E8F79E
S214020C20F5F8039BA342F1D06FF09800EEE700B50B
S214020C3083B0FFF7CEFF6A46FEF7F2F810F18C0F8C
S214020C4003D0012003B05DF804FB0020FAE72DE98B
S214020C50F04184B0054688461746FFF7BAFF0646B7
S214020C600C462846FFF7E3FF01281CD0002300931A
S214020C7043463A4630462146E8F758F8B0B902AA43
S214020C8030462146FEF7CCF8054620B9029BBB4209
S214020C9005D06FF0980530462146E8F715F9284644
S214020CA004B0BDE8F0816FF08A05F8E76FF09805AA
S214020CB0F5E770B582B0FFF78CFF05460C466A462C
S214020CC0FEF7AEF810F18C0F10D028462146E8F752
S214020CD0FBF8064660B96A4628462146FEF7A0F8A3
S214020CE010F18C0F07D1304602B070BD0026FAE72D
S214020CF06FF09806F7E76FF09806F4E72DE9F843E9
S214020D00089E23292FD904460D4690461F46ECF727
S214020D10D7FA8146C0B9A36843BB216A3960243D2D
S214020D208D4226D3B1F5005F26D281B9C8F80030CD
S214020D30E3687360238A3380638A73806369F3602F
S214020D40A3693361E36973614846BDE8F88301200D
S214020D50FFF77DFBC8F8000088B13A6804F1240169
S214020D6002F046FAE4E76FF09809EDE76FF09809AB
S214020D70EAE76FF09809E7E76FF09809E4E76FF0A3
S214020D808C09E1E72DE9F04109B305461446884689
S214020D9002B3B2F5005F20D202F1240631460120EA
S214020DA0FFF755FB0746D8B103462A46214640467A
S214020DB0ECF792FA32463946A868FFF748FF04462F
S214020DC031463846FFF75FFB2046BDE8F0816FF0FC
S214020DD08604F9E76FF08604F6E76FF08D04F3E712
S214020DE06FF08C04F0E708B5FFF74DFB08BD2DE960
S214020DF0F04385B004468846174600200390A6684E
S214020E0003A93046FFF7E7FE054618B1284605B0A7
S214020E10BDE8F08303990120FFF719FB814608B36A
S214020E20039A01463046FFF7E3FE054620B10399D2
S214020E304846FFF728FBE9E700943B4642460399FB
S214020E404846FFF75BFF05460028F0D1D8F8003089
S214020E502BB13B68002BEAD16FF09105E7E76FF004
S214020E609105E4E76FF08C05D0E7704720B108B52E
S214020E700A684968904708BD70470146002008E0A6
S214020E8000EB8000531C0B60137803EB4003A3F1C6
S214020E9030000A681378303BDBB2092BF0D9704772
S214020EA02DE9F04F83B005460E4693461F46DDF801
S214020EB030A00D9CDDF838900F9B13F0030F19D16C
S214020EC0A0460192C84509D202F1010B3B463146C3
S214020ED02020A84708F101085A46F3E7DDF804B0D7
S214020EE008E0013C02F101083B4631461AF80400CC
S214020EF0A8474246002CF4D10F9B13F0020F03D1F1
S214020F00104603B0BDE8F08FA2EB0B034B45F7D2B9
S214020F10541C3B4631462020A8472246F4E72DE9DA
S214020F20F04385B099460C9D0D9C9DF83880DDF8FF
S214020F3040E0119F129E16F0020F21D17FB116F0EB
S214020F40010F0CD0B8F1000F02D116F00C0F06D02C
S214020F50013F04E04FF0300C05F804C0013474453C
S214020F6001D21F2CF6D916F0010F09D0BC4207D2C7
S214020F701F2C05D84FF0300C05F804C00134F2E7F8
S214020F8016F0100F14D016F4806F04D11CB17445FD
S214020F9022D0BC4220D00F9B102B36D00F9B022BA8
S214020FA03ED01F2C0ED84FF0300C05F804C001348A
S214020FB01F2C07D8B8F1000F3AD04FF02D0C05F8C9
S214020FC004C0013403960297019400954B46FFF73E
S214020FD067FF05B0BDE8F083B4F1010C13D00F9B98
S214020FE0102B0ED064460F9B102BD7D116F0200F75
S214020FF0D4D01F2CD2D84FF0580C05F804C00134B8
S214021000CFE7023CC7E76446C5E716F0200FEAD1F1
S2140210101F2CE8D84FF0780C05F804C00134C0E75E
S2140210201F2CCFD84FF0620C05F804C00134B8E785
S21402103016F0040F05D04FF02B0C05F804C001344F
S214021040C0E716F0080FBDD04FF0200C05F804C01C
S2140210500134B7E7F0B591B0169C189D1B9E0CB9EB
S21402106026F0100616F4806E16D064B34FF0000E0B
S21402107012E00CF1300C5FFA8CFC0EF101070EF157
S214021080400EEE440EF820CCB4FBF5FCAC421BD36B
S2140210901F2F19D8BE466446B4FBF5FC05FB1C4C54
S2140210A05FFA8CFCBCF1090FE3D916F0200F08D0CA
S2140210B04127BC445FFA8CFCACF10A0C5FFA8CFC4C
S2140210C0DBE76127F5E7274606961A9C0594199CE6
S2140210D0049403959DF85C400294019708AC009432
S2140210E0FFF71DFF11B0F0BD2DE9F04F95B0099046
S2140210F00A910B929846DDF878B0DDF87C90229D36
S214021100239F269E5BEA090201D126F0100616F4FA
S21402111080641ED05BEA09022FD0002419E0303228
S214021120D3B204F1010A04F150020DEB020404F8F2
S214021130203C2A463B4658464946FBF7BDFBAB4594
S21402114079EB07091BD3BAF11F0F18D8544683460A
S21402115089462A463B4658464946FBF7ADFBD2B27D
S214021160092ADCD916F0200F05D041231344DBB23E
S2140211700A3BDBB2D5E76123F8E74FF0000A069692
S214021180259B0593249B049303959DF88030029338
S214021190CDF804A00CAB009343460B9A0A99099823
S2140211A0FFF7BDFE15B0BDE8F08F00B9704708B571
S2140211B000F001F808BD08B501460020FEF7B5FBB1
S2140211C008BD03280DD8022809D0032803D0012819
S2140211D003D0FCF717BEEDF71FB8EDF7CDB9FDF754
S2140211E03DB8FF20704743081F220BB99040704756
S2140211F003F0010141EA4000013A5B08F5E708B551
S214021200DFF7E6FD20B9DFF7F1FD0130C0B208BD19
S2140212100420FCE710B50446DFF7DAFD40B12146AC
S2140212200120F0F767F8FFF7DEFFC0F3CA1010BD23
S214021230DFF7DCFD38B12046F0F740F8FFF7D3FFC2
S214021240C0F30A40F3E72078F1E708B5DFF7C0FD00
S21402125008B1042008BDDFF7C9FD0028F9D1022035
S214021260F8E708B5DFF7B4FD10B14FF4006008BD2B
S214021270DFF7BCFD0028F8D18020F8E737B5054631
S2140212800C46DFF7A5FD88B10DF10700DFF7BCFFBE
S2140212909DF80700E40144EAC040FFF7A4FF294690
S2140212A002460120F0F718F803B030BDDFF79EFDC6
S2140212B060B1C4F30A0444F40060FFF794FF010C23
S2140212C0284603B0BDE83040EFF7FEBF2C70EBE7D0
S2140212D02DE9F74F0C9D0E9E019304469346BDF8EA
S2140212E034A0BDF83C90BDF840700091FFF787FF30
S2140212F004EB0008307A95F808C0019B4BEA80326E
S21402130042EA8C2212B20BB142F01002009B9907FD
S214021310009B48BF42F0200213F0010318BF42F0C0
S2140213200802CA45019391B203D110B142F04002BD
S21402133091B24046EFF7C8FF2A7A08F1030B2AB1AA
S21402134058465146EFF7C0FF08F1050B2A7A022AE3
S2140213503ED158462988EFF7B7FF0BF1020B337AD6
S2140213603BB1CA4505D058464946EFF7ADFF0BF1EB
S214021370020B337A022B36D158463188EFF7A4FF98
S2140213800BF1020B019BABEB0406B6B2B3B33946C4
S214021390009A5846FCF768FEFCF71CFF05378046A5
S2140213A0FFF753FF3E44B6B28519FFF728FFA8F1B0
S2140213B00503ADB2D3F1000848EB0308291A01EB86
S2140213C0880189B2204603B0BDE8F04FFFF756BF4A
S2140213D0032AC4D12A68CBF800206A68CBF8042016
S2140213E00BF1080BBBE7032BCCD13368CBF80030EC
S2140213F07368CBF804300BF1080BC3E7FFF725FF41
S2140214003E44B6B28519FFF7FAFEADB2291AD8E7FE
S21402141038B581F0010141EA02120446BDF8101007
S21402142000F8012B1D46EFF74FFF2946E01CBDE8EA
S2140214303840EFF749BF73B500230C468DF80430E9
S2140214400646FFF7DCFE8DF80500FFF7D8FE0230F1
S2140214508DF80600FFF7D3FEC51CEDB2032C8DF8FF
S214021460075007D804F108030DEB030414F8040C24
S21402147002B070BD0D2C0DD1FFF7C1FE04463046FA
S214021480FFF7C8FE0546FFF7E0FE043D2C44241A8B
S214021490A0B2EDE7FFF7B3FE3044EFF70FFF10F40C
S2140214A0406F0246C0F3812310D1042C2846DFD0B9
S2140214B0052CDDD0C2F38F31A9B9062CD8D0072C63
S2140214C0D6D0082C1FD1013080B2D1E7042C05F10A
S2140214D00200CDD0022B01D1281DE9E7032B08BF5D
S2140214E005F10A00E4E755065CBF831C98B2062C99
S2140214F0BED0022902D1831C98B2E0E70329DED1CE
S21402150000F10803F8E7130744BF053080B2092C40
S214021510AED00A2CD7D00B2C01D10330D4E70C2C3A
S21402152001D10530D0E74FF6FF70A1E738B50C467B
S2140215300546FFF764FE2044EFF7C0FE80131DD079
S214021540FFF75DFE2044EFF7B9FE8013022809D1AB
S214021550287206212046FFF76EFF2044EFF7AEFE04
S214021560288038BD06212046FFF765FF23582B60EA
S214021570221853686B6003232B72F2E72872F0E797
S21402158038B50C460546FFF73AFE2044EFF796FEBE
S21402159010F4406FC0F381231CD0FFF730FE2044C6
S2140215A0EFF78CFEC0F38120022809D128720421AD
S2140215B02046FFF740FF2044EFF780FE288038BD24
S2140215C004212046FFF737FF23582B602218536862
S2140215D06B6003232B72F2E738B50C460546FFF71D
S2140215E00EFE2044EFF76AFE800B2FD0FFF707FEB1
S2140215F02044EFF763FE430628D401232B76052109
S2140216002046FFF718FF2044EFF758FEA882FFF7A0
S214021610F6FD2044EFF752FE10F4406FC0F381232C
S21402162017D001236B7603212046FFF704FF2044E0
S214021630EFF744FEE88221462846FFF777FF214669
S21402164005F10A00BDE83840FFF79ABF00232B7663
S214021650DDE76B76EFE770B50546FFF7D0FD284469
S214021660EFF72CFE02071ED5FFF7C9FD06462846F1
S214021670FFF7D0FD092104462846FFF7DCFE0721C6
S214021680361A2846FFF7D7FE2D5C05F007056B1FB6
S2140216905D425D41FFF7D9FD3444A4B2AD00201A85
S2140216A0401B80B270BDFFF7AAFD06462846FFF72C
S2140216B0B1FD092104462846FFF7BDFE361AFFF79C
S2140216C0C4FD3444A4B2201AEBE7F8B50D4609214E
S2140216D00646FFF7B0FE34183046FFF7BCFF032875
S2140216E026D9E31CA47814F004041FD004EB4402A9
S2140216F0053282421CD8032101FB0434631C1C7889
S21402170004F00401241104F0040401EB84072144CC
S21402171008294FEA470602EB470209D0824207D859
S2140217200DB1801A2870721C9818F8BD0422E6E7DC
S2140217300020FAE7F0B587B00C46054616461F4667
S214021740EEF78EFB22464FF6FF7403460095002105
S21402175004A8A5420CBF04240624FFF759FE34430E
S21402176066B99DF830300093CDE9017404AB0522CA
S21402177000212846F1F718F907B0F0BDFCF74EFC39
S2140217800028EED13820F7E72DE9F7430D460C2165
S21402179091461E460746FFF74EFE04463846FFF7BA
S2140217A05AFF8046EEF75CFB484522D1384600F0E9
S2140217B00CF9F0B109213846FFF73DFE3A5C1211EA
S2140217C0013A3C44052A14D8DFE802F00316212920
S2140217D0343B2046EFF772FDD4F806100746D4F8DD
S2140217E002006B4603C36A46334639462846EEF77E
S2140217F023F803B0BDE8F083002DFAD12046EFF7B8
S2140218005DFD314603B0BDE8F043EDF787B8002D25
S214021810EFD1304603B0BDE8F043ECF765BFA8F160
S2140218200503DBB222463146284603B0BDE8F04344
S214021830EDF7E0BF3146284603B0BDE8F043EFF7C8
S214021840E3BF3146284603B0BDE8F043ECF792BF4B
S21402185038B50C46054609212046FFF7ECFD235C09
S2140218601B11052B02D0062B0DD038BD0A212046AF
S214021870FFF7E1FD2044EFF721FD01462846BDE8CB
S2140218803840ECF751BF2846BDE83840EFF7DEBFD8
S21402189010B50C4686B0014603A8EFF715FD23687F
S2140218A0CDF80E306368CDF81230FCF7B7FB0A238A
S2140218B002460093012103AB0020FFF73BFF06B070
S2140218C010BD30B585B0044603A81546EFF7FCFCFC
S2140218D00221009103AB2A462046FFF72BFF05B0F4
S2140218E030BD07B500230A4600930321FFF722FF07
S2140218F003B05DF804FB37B50D460446FCF78EFBD5
S21402190000950246234604210020FFF713FF03B08A
S21402191030BD07B500230A4600930521FFF70AFFEC
S21402192003B05DF804FB07B500230A4600930621C0
S214021930FFF700FF03B05DF804FB38B50921044643
S214021940FFF779FD05462046FFF785FE024690B171
S214021950605D072809D8E0B1431E062B0BD8DFE8E6
S21402196003F00C1C0A1E0A0A1E007E2819D07F28C5
S21402197019D07D280ED000200BE0022AFBD1FFF7FB
S2140219803EFC2044EFF79AFC8013032814BF002085
S214021990012038BD042AEED9F1E7042AF6E7012A27
S2140219A0F4E7022AF2E7092AF0E708B5FFF753FE42
S2140219B0042894BF0020012008BD08B5FFF74BFE9F
S2140219C0052894BF0020012008BD38B50546FFF75C
S2140219D042FE0538C4B209212846FFF72CFD2B5CCF
S2140219E01B11013B052B11D8DFE803F0050A030C97
S2140219F00303012038BD0A2C14BF00200120F9E79A
S214021A00022CF9E7E04300F00100F3E70020F1E7DB
S214021A1008B50246102300210120EAF76DF90020DE
S214021A2008BD08B50246102300210120EAF714F982
S214021A30002008BD4369406CDA1C1438B2FBF0F291
S214021A4003EBC203CA1DB2FBF0F2013201EBC20184
S214021A500333B3FBF0F3023300FB0310704738B5D1
S214021A60446905462146FFF7E5FF6A6CE31D143A12
S214021A70B3FBF2F3013304EBC304204438BD73B561
S214021A8006460D460024F36B01225B6901A928195C
S214021A909847019B013309D1736C043462196A407A
S214021AA05B421A42EFD0204602B070BD0024FAE72D
S214021AB070B505460C46E4F7D5FEEB6B2046DB68B0
S214021AC0BDE87040184770B5002586B0044605622A
S214021AD0E369AB4202D8206A06B070BD666C206825
S214021AE0E36B05225B6901A906FB0500984701A87E
S214021AF000F012FC00F035FC10B1236A01332362B9
S214021B000135E5E738B50446456C006804F1400344
S214021B1005FB0101E06B00F031FC05462046FFF7AD
S214021B20D2FF284638BDF0B5054687B00026EC69D8
S214021B30013CB44203D80C46204607B0F0BD01B1C2
S214021B404C1E6F6C2868EB6B05225B6901A907FBCC
S214021B500400984701A800F0DFFB00F002FC002812
S214021B60EAD101362146E2E7F0B50446466CE36B5D
S214021B7000685B6987B00D46052201A906FB0500D1
S214021B80984701A800F0C8FB00F0EBFB20B101A8C3
S214021B9000F099FB07B0F0BD29462046FFF7C3FFC9
S214021BA0676CE36B064620685B69052201A907FBA2
S214021BB00600984701A800F086FB431CEAD0B5420F
S214021BC038BF0130E6E72DE9F043D0F824804FF61F
S214021BD0FF7987B004460E46C84514BF4546002521
S214021BE00027E369BB4202D807B0BDE8F083E26B88
S214021BF02368606CD2F814C001A9052200FB0530E8
S214021C00E04701A800F088FB022806D0C8450CD1A0
S214021C10721C29462046FFF775FFE3690135013736
S214021C20B5FBF3F203FB1255DBE729462046FFF726
S214021C309BFFB0F1FF3F14BF024632460132E8E78F
S214021C40F0B5036887B006460025CC1A436CB4FB91
S214021C50F3F4F3693768706C5A1E954208D3706CB9
S214021C60336800FB043007B0BDE8F04000F084BBE8
S214021C700134B4FBF3F203FB1244F36B05225B69F7
S214021C8001A900FB0470984701A800F045FB00F08C
S214021C9068FB0028E3D10135DBE710B423F0030428
S214021CA022449B070A44436C18BF04325B4282EA12
S214021CB00104234203D05DF8044BFFF7C1BF104670
S214021CC05DF8044B70472DE9F041D0E90A369E4292
S214021CD086B0044628D1C3694568142202FB135510
S214021CE0284606B0BDE8F0812068676CE26B331ABE
S214021CF0D2F81480B3FBF7F3052201A907FB030011
S214021D00C04701A800F008FB012804D0636C1D44FC
S214021D10013B3340ED1A31462046FFF791FF064657
S214021D20A36AB342E0D1DBE70025F9E7F0B5002568
S214021D3087B004462E46E369B34202D8284607B067
S214021D40F0BD636C276803FB0677E36B05225B69CD
S214021D5001A93846984701A800F0DEFA00F001FB18
S214021D6058B1384600F008FB01462046FFF787FECA
S214021D70636C143B834208BF01350136DBE708B5C6
S214021D8008301346D1E90012F3F7A6FA012008BD7F
S214021D9013B50C460021217600936168134622464D
S214021DA0F1F762FE18B1E37D03B1A07EA075A07DB7
S214021DB002B010BD73B500F1080516460C460DF1CB
S214021DC007020968284600F0A3F9032E06D16368C5
S214021DD0834203D12168284600F080F9012002B030
S214021DE070BDD01E009B42424241187E824211D1F3
S214021DF01A688A420ED85A688A420BD35A69013246
S214021E005A61D3E9030282423FBF986840F8221023
S214021E1001321A610120704710B5032A029C07D1CD
S214021E20A26A5340626C5242134201D100F056F944
S214021E30012010BD08B5C36800209847BDE80840D9
S214021E40E4F718BD70B5002401281C7014BF0420E6
S214021E500220CC7D4243101D02F002024CB91AB198
S214021E60012220F003001A7000F1080348681844A3
S214021E7070BD1AB1012220F003001A700C7E0023F6
S214021E8001F12005DAB2944201D80020F0E735F8D5
S214021E903320824203F1010606D901EBC30300F1A7
S214021EA00802D8691044E3E7801A3346EAE773B5B6
S214021EB090F8426005461C4630460DF10303FFF7D4
S214021EC0C1FFEB6B012E5B690DD1324601A9984723
S214021ED09DF8033013B1BDF806300193BDF8043007
S214021EE0236002B070BD0122214602B0BDE87040F8
S214021EF01847F0B5054687B04868EB6B00245B6967
S214021F0002940E46012202A908309847274695F801
S214021F104230012B40F08480632C02D9029807B02D
S214021F20F0BD612C08D805AB224631462846FFF79D
S214021F30BEFF9DF814301BB305AB22463146284639
S214021F408DF81070FFF7B3FF95F84230012B059B12
S214021F5055D14FF6FF72934200F09680082205A9EB
S214021F6004A800F060F9059B9DF81010C3F3072241
S214021F70914240F08980DBB2029A1A44029283E0D0
S214021F8095F84230012B30D103AB22463146284623
S214021F90FFF78DFF04AB621C31462846FFF787FF2A
S214021FA005ABA21C31462846FFF781FF1022082304
S214021FB00DEB02010DF107008DF8073000F033F942
S214021FC0102205A90DF1070000F02DF9039BDAB2E5
S214021FD0002A52D19DF80720B2EB132F4DD1DDE92E
S214021FE0043203EB0243029347E0302C2BD944E041
S214021FF09DF80720B2EB134F3FD1049BF3E7013362
S21402200042D0102205A90DEB020000F00CF9059B48
S2140220109DF81010C3F30742914235D19BB2ABE74D
S214022020312C3FF67BAF87D005AB22463146284699
S214022030FFF73DFFBDF81430002B7FF47DAF95F817
S2140220404230012BA0D003AB224631462846FFF78A
S2140220502EFF04AB621C31462846FFF728FF1023EA
S21402206020220DEB03010DF107008DF8073000F07A
S214022070DAF8039B9AB2002ABAD095F84230012BBE
S21402208014BF012302231C44013440E713B5002485
S2140220900194049C0094F2F787F802B010BD13B5C1
S2140220A001240194049C0094F2F77EF802B010BD5D
S2140220B030B5446800234FF0FF329C4202D1002321
S2140220C0037230BD016801EBC30541F833206A6034
S2140220D00133F2E7C0E90012FFF7EABFF0B5456840
S2140220E000239D4211D0046854F83320B2F1FF3F1A
S2140220F04FEAC30704EBC30608D0C2F313029142A9
S21402210004D14FF0FF33E3517360F0BD0133E8E7CB
S214022110F0B5456800239D4202D14FF0FF300FE034
S214022120046854F83340671C4FEAC30609D0C4F368
S2140221301307B94205D1240D147003683344586856
S214022140F0BD0133E7E713B50446002301461B2220
S2140221500DF107008DF8073000F065F822689DF84B
S2140221600730B3EBD26F0CBF0120002002B010BDC7
S21402217013B500230446014620220DF107008DF810
S214022180073000F050F80DF107001A22211D00F06A
S2140221904AF862689DF80730B3EB926F0CBF0120D5
S2140221A0002002B010BD0068431C584258417047D8
S2140221B0006810F07E0F0CBFC0F3C16000207047AD
S2140221C00068C0F3D3107047006800F07F00012853
S2140221D08CBF002001207047036813F07E0F14BFE7
S2140221E0042008207047036813F07E0F03D140686E
S2140221F020F07C40704713F078001CBF03F07F038A
S214022200D81F7047006800F07F007047032809D087
S214022210022803D1C1F10201C8B2704700290CBFDF
S2140222200720002070471F2A0B689EBF4FF0FF3121
S21402223091408B43590801F055315B1A03F0333154
S2140222409B0803F033330B44017803EB13130A4461
S21402225003F00F334FF001314B43A2EB13620270CF
S214022260704737B501F10C044369054669460122F9
S21402227020469847BDF8003001930122AB6901A9B8
S2140222802046984703B030BD37B501F10C044369C8
S21402229001226946054620469847009B4FF6FF7284
S2140222A099B291420DD11B0C1B0443F4254343F013
S2140222B0A50301930122AB6901A92046984703B002
S2140222C030BD0020FBE737B504461B22011D002562
S2140222D00DF107008DF80750FFF7A5FF60689DF81F
S2140222E00720B2EBD06F03D120F0784003B030BDA8
S2140222F00DF107001B2204F108018DF80750FFF7C5
S21402230092FFA0689DF80730B3EBD06F01D1C043AF
S214022310EAE74FF0FF30E9E703684BF29A22B2EBA6
S214022320134F10B5044613D19BB2012B13D1FFF7FE
S214022330CAFF01300CD0E0684FF6FF72B2EB104FC6
S2140223404FEA104309D180B2C01A18BF012010BD4F
S2140223502368013303D00420F9E70220F7E70320BD
S214022360F5E701288CBF00200120704703380128BA
S2140223708CBF002001207047143070472DE9F041D1
S21402238005469846036908460E4617469847044689
S21402239038B943463A4631462846F3F779F80446B2
S2140223A018B131462846FFF75CFF2046BDE8F081AB
S2140223B002207047002070470120704700207047B7
S2140223C00020704701207047F9F7C0B90846114649
S2140223D0F3F7CAB970B505460C4611461A46F3F726
S2140223E0CBF806682B462046B446BDE870406047E8
S2140223F010B5F3F7C1F8BDE810408368184700230C
S214022400F3F718B908B500F015FD002008BDF5F77A
S21402241095BE4942FFF7FBBF70B504460D46164609
S2140224204FF4881100F087F9324629462046BDE867
S214022430704000F044BB7047431E012B03D9031FB4
S2140224405842584170470120704700F054BB4FF481
S214022450A472002100F093BF10B500210446FCF7D9
S21402246099F82046BDE81040F8F740BEF8F7A0B845
S21402247000F07FBC00F08DBCD0F88C0070B5C4684C
S214022480002324259C4201D1012070BD826805FBF1
S2140224900322D6898E4202D8128A8A4201D2013398
S2140224A0F0E70020F1E7F8B505460E46F3F71EF909
S2140224B0D5F88C307BB15B696BB1F5F763FDD5F867
S2140224C08C305B691B1A584240F26B124FF0420185
S2140224D05841F3F751FBF76800224FF6FF734FF0AF
S2140224E0240CD0B2B84208D31C4621462846F3F73D
S2140224F08DFA00F003FB2046F8BDB1680CFB001114
S214022500CC899C4202D2002CEFD023460132E8E767
S214022510008B70470A7838B505461046FFF78CFFE1
S21402252060B14C782046FFF787FF38B12243530745
S21402253004D42846BDE83840F8F76EBA012038BD04
S21402254010B504460878FFF777FF58B14A78104668
S214022550FFF772FF30B1042A04D02046BDE81040CF
S214022560F8F792BA012010BDF7F7C8BF10B4BDF84D
S214022570044001945DF8044B00F00ABDF8F732B946
S21402258038B504460D46F3F741FA28B929462046DF
S214022590BDE83840F8F7FAB838BD70B504460D46BF
S2140225A01646F3F733FA30B9324629462046BDE8D6
S2140225B07040F6F711BF70BD70B516460C46FCF7B4
S2140225C0F2F9314605462046F6F702FB044628464F
S2140225D0FCF7EDF9204670BD052A2DE9F0410646C6
S2140225E00C4615461F462BD8FFF792FF214680461B
S2140225F03046F3F70BFA044638B9F8F763F838B9F9
S21402260041463046F3F702FA02242046BDE8F0813E
S21402261001210846F3F7A8F8204600F06DFAF5F710
S2140226204DFE3846F7F7BAFE6FF029032B41DB075B
S214022630284602D4F5F7B4FEE7E7F5F7E9FEE4E745
S2140226400124E2E738B5044648880D4600F054FAFD
S214022650D4F8A0302BB929462046BDE83840F8F712
S21402266049BA022038BD00F048BA00F0D3BB73B5B1
S214022670044600200D4600F03FFAD4F8A0606946F2
S2140226802046FFF7F2FF5EB99DF800102A46204664
S214022690E6F71EF80146204600F088FB02B070BD41
S2140226A000231A4629462046B047F7E71FB50023FF
S2140226B00393CDE9013368461368009314468DF8F8
S2140226C00C10F7F7F9FE009B236004B010BD1FB58F
S2140226D00023CDF80630CDF80A30ADF80E30ADF84E
S2140226E004101368009369461446F8F779F9009BBC
S2140226F0236004B010BDF4F7CDBE38B504460D46CF
S214022700FCF751F900232563E362BDE83840FCF785
S2140227104EB938B505460C46FCF745F92B6B1C40FE
S214022720EB6A2343EB62FCF742F9211E18BF012134
S2140227300020490238BD38B504460D46FCF733F989
S214022740236B1D40E36A23EA0505E562FCF72FF9D1
S214022750284638BDC06A70477FB504460E4600F06C
S21402276039FA431EDBB2FD2B05464FF4881120468C
S21402277088BF0096FFF7DFFF2A466946204600F02C
S2140227808AF904B070BD10B501210446FFF7D3FFE5
S2140227902046BDE81040F6F77DB873B50D780646BC
S2140227A00C4635B304238DF8043023798DF80530B2
S2140227B001A93046FFF7C4FE0546B8B92278A379C8
S2140227C052BB8DF80430E3798DF8053001A9304606
S2140227D0FFF7A0FE054648B923783BB1618830462C
S2140227E0F8F78AFA0121304600F02BFB284602B0A1
S2140227F070BD294600F025FB2946304600F04EFB08
S2140228002946304600F04FFB2378002BCAD12379A5
S2140228108DF804306379C9E702228DF80420D3E7E5
S214022820F8F7A8BA00F048BB00F067BB08461146A6
S214022830F3F7DABDF8F7BABA70B5144686B00546AD
S2140228400E46122200210DF1060000F098FD2368C4
S214022850009369462846ADF8046000F029FB009B09
S214022860236006B070BD0846F3F7EABC0846114678
S2140228701A46BDF8003000F041BA0846F5F720BA0D
S21402288000F087B9F5F7ACB80847022A01D800F07D
S214022890F7BB01207047022A01D800F002BC0120D3
S2140228A07047022A01D800F00EBC0120704738B5E6
S2140228B004460D4600F0E1FB28B129462046BDE855
S2140228C0384000F00FBC022038BD70B504460D46F5
S2140228D0164600F0D2FB30B1324629462046BDE805
S2140228E07040F9F72FB8022070BDF9F7A5B8084670
S2140228F0F9F7C4B800207047002070472DE9F74F5B
S2140229001C469DF830300193036803F00703063334
S21402291001259D400646174605F1FF380B46A1B134
S214022920416804EA080BA5EB0B0A41F00059524530
S21402293009EB0B0114D95246184600F059FC7A1BD3
S2140229405A444946504400F053FC019B2BB13C4488
S21402295048EA050804EA0804F46003B0BDE8F08F0C
S2140229601846F0E737B5002500951446FFF7C6FF70
S214022970204603B030BD2DE9F04F85B00646BDF8BF
S21402298038A08946174698460525002447F6FF7B59
S2140229903F2D9ABFC5F14000C0B22846CDF800A030
S2140229A043463A46B9F1000F1CD03146F4F7A6F872
S2140229B05845B8BF2C4605F10A05EDB2B8BF8346A6
S2140229C0872DE5D1631F621DDBB2002547F6FF7B2C
S2140229D00392039A93420BD93F2D28D9284605B075
S2140229E0BDE8F08F01463046E0E70146304614E087
S2140229F01A06F1D4012B38BF01233F2B98BFC3F12F
S214022A0040001C468CBF1846C0B2CDF800A0434614
S214022A103A46B9F1000FE8D03146F4F76FF8584558
S214022A20ACBF584625460134E3B28346D1E7C5F12A
S214022A304005EDB2D2E70228F7B50D4616461F4608
S214022A4017D10093002013460A460121FFF793FF91
S214022A5033462A4600210097FFF78DFF009733463C
S214022A602A4601210446FFF786FF44EA002003B007
S214022A70F0BD4FF0FF30FAE7D0F890304BB15B690B
S214022A803BB11B689A1C08BF4FF0FF330B60002057
S214022A9070470120704738B50D6804462846F3F79C
S214022AA0F1FDD4F8903043B15B6933B1013504BF10
S214022AB06FF001020A600A681A60002038BD7FB50E
S214022AC0D0F8943005460C46164623B11A6812B161
S214022AD0D868F3F741FDF4F753F932460090694699
S214022AE02846FFF7D8FF0CB1009B2360002004B0F5
S214022AF070BDF8F7D3BD7047704770477047704790
S214022B0038B50D460446F5F73DFAAC4042F210736E
S214022B1064095C436423B0FBF3F0B4FBF0F038BD09
S214022B20022807D0062807D0003818BF01204042E6
S214022B30C0B27047012070470020704730B51F238F
S214022B40B0FBF3F35D1CEDB24FF0FF34C3EB43135F
S214022B50AC40C01AE4430130E4B2C0B2146008606C
S214022B6030BD70B505460E46C0B201F00F01FFF744
S214022B70C7FFC6F303110446C5F30720FFF7C0FFDD
S214022B80C6F303210444C5F30740FFF7B9FF204408
S214022B9070BD08B5F4F766FEBDE80840F4F7ECBE73
S214022BA010B50446F4F75EFE844288BF01F1FF3199
S214022BB0204601F00301BDE81040F4F7DDBE38B54B
S214022BC00446FFF7E6FF0546FFF7E3FF431BA34273
S214022BD0FAD338BD00207047F7B544F20802B2EBCC
S214022BE0114F05460C468FB24FEA11430ED0B3F58D
S214022BF0045F14BF02260126D5F890300BB119687F
S214022C0031B9D5F88C307BB920680BE00026F3E7A3
S214022C10334668463A46F5F7BBF89DF80430009806
S214022C20002BEED103B0F0BD19680029ECD0334674
S214022C3068463A46F5F7ACF89DF804300098002B43
S214022C40E2D1EFE70320F7F7D9BC10B5044651B13D
S214022C500B6843B15B6833B11A68032A03D99C6ACE
S214022C60640E204610BDFBF79EFE01462046F5F791
S214022C7037FD04460846FBF79AFEF2E738B14FF4F2
S214022C807A735843A0F6AC50401AF5F74FBE4CF292
S214022C905030FAE7F6F732BEF6F730BEF6F72EBE3B
S214022CA0F6F72CBE7047436B03F06003402B0DD043
S214022CB0602B03D0203B58425841704749B10B68FD
S214022CC0012B06D9486940F00100704740F2011016
S214022CD0704700207047034670B10268022A0BD97B
S214022CE0426A12F47F4FC2F3072006D01B6AD2B2A2
S214022CF05A43B2FBF0F0704700207047F0B5144616
S214022D0087B01E460F4619B90024204607B0F0BD0C
S214022D10002AF9D00028F7D001A9F3F765FB0028AE
S214022D20F2D0BDF80630BDF80850A2199A42C4BFC8
S214022D309B1B9CB2B54212D90399AD1BADB231446E
S214022D40A5420391ADF808500DD22A46384600F047
S214022D504FFA0499621B781900F04AFAD5E70499EB
S214022D60761B3144049122463846F5E70220F4F7F2
S214022D7063BDD0F894304BB11A68022A06D993F88C
S214022D80250028B11B6AB3FBF0F07047FBF7FEBBC9
S214022D90704708B50146D0F89400FFF79CFF20B9AB
S214022DA0BDE808400846FBF7F3BB08BD10B590F82F
S214022DB0D0300E2B04462BD00175D0F8900020B3ED
S214022DC0D4F8A0304BB994F8D9308B420BD32046B6
S214022DD00022BDE81040F7F7E7BEB4F92420B0F9A8
S214022DE012309A42F3DD94F8D91000222046F7F703
S214022DF0DBFE60B9C4F890002046FFF789FB014667
S214022E002046BDE81040F2F701BEFF23637510BDF1
S214022E100220FCE70346D0F8D0000860B3F8D430AE
S214022E208B800020704790F8D0300E2B14BF407D68
S214022E30FF20704708B5FFF705FFBDE80840F5F725
S214022E4073BA38B505460C46F8F734FD88B10CB1AE
S214022E50002038BD4FF400612846F7F79FF900229C
S214022E604FF480712846F7F785F9003818BF01201D
S214022E70EFE74FF400612846F7F790F940B1002CCF
S214022E80EDD095F8CA30002BE2D14FF48072E7E716
S214022E902202E5E74FF48071F7F780B94A024FF451
S214022EA00071F7F767B98A024FF48061F7F762B9E3
S214022EB004238B71002070473F2B084610B511463D
S214022EC019D9B3FA83F3C3F11902D2B2062A01D88A
S214022ED0192B0ED0062A28BF0622931DDBB2012428
S214022EE09C40A4B2A14228BF2146F3F795F820469B
S214022EF010BD0022F1E70024F9E713883F2B10B536
S214022F00084616D9B3FA83F3C3F11901C9B20629E2
S214022F1001D8192B0BD0062928BF06218C1DE4B236
S214022F200123A3401380F3F795F8002010BD00217B
S214022F30F4E70120FAE710B5084614460121F5F732
S214022F402FF820460121BDE81040F5F729B8F8B55C
S214022F5004460E461746FBF726FD3A460546314618
S214022F60204600F01BF904462846FBF720FD2046C3
S214022F70F8BD0220704703207047F4F755BC10B521
S214022F80F8F7EEF9044608B9F6F718FA204610BD27
S214022F902DE9F04F85B0D0F88CC00293BDF83830DA
S214022FA00393BCF1000F44D0DCF80C3001930025EB
S214022FB028464FF02409A1F1080A019BAB4204D12E
S214022FC01080002005B0BDE8F08FDCF8084009FB51
S214022FD00544B4F80E80238A00934346009E9E4220
S214022FE001D20135E9E7029EB34210D3039EB342F3
S214022FF00DD80026B7B2B84204D81688864209D140
S2140230000120DFE701363AF836709F42F2D10133EB
S2140230109BB2E3E7D4E9016701EBC00BA3EB080E12
S21402302021F8303007FB0E660130CBF8046080B220
S214023030EDE70220C6E7704770B505460E46144611
S214023040FFF75DFD31462846FFF72DFAFFF757FDDD
S21402305004F00903082B04D10C2C1CBF24F008042E
S214023060A4B221462846F7F7C3FA00224FF40031ED
S2140230702846F7F77FF8002070BD8021F7F78EB854
S2140230807FB5531C05AAADF8141002920221002245
S214023090CDE90021DBB21146F7F78AF807B05DF8F2
S2140230A004FB7FB5531C05AAADF814100292042146
S2140230B00222CDE90021DBB200220121F7F778F8DF
S2140230C007B05DF804FB1FB5531C029100220821CD
S2140230D0CDE900210122DBB21146F7F769F805B007
S2140230E05DF804FB08B5CA064FF00061F7F742F830
S2140230F0002008BD07B591F82830009391F82B30D0
S21402310091F8292091F82A10F8F7B2FB03B05DF87F
S21402311004FB38B50546F7F765FA04462846F7F77E
S2140231203FFA072811D1D5F89030DB6924F47F41A5
S21402313021F0080103B15B7841EA032141F0200146
S2140231402846BDE83840F7F753BA24F02001F7E7DF
S214023150002070472DE9F0411F4616460546884670
S214023160E2F774FCB0FBF7F47443631C13D04346D7
S2140231702A4639463046F8F7EDFC022D04D1F8F718
S214023180ADFC2046BDE8F081032D02D1F8F7B8FC6D
S214023190F7E7F8F7C1FC4FF0FF34F2E7F7B505465C
S2140231A00F4668461146F8F76DFE064698B197B187
S2140231B0DDE900311B0A43EA0163A5FB0343090A62
S2140231C005FB0135F4F7DEFE0023024629462046BB
S2140231D0F9F772FB3860304603B0F0BD10F8012BE9
S2140231E011F8013B012A28BF9A42F7D0D01A70473D
S2140231F00A44914200F1FF3300D1704710B511F82E
S214023200014B03F8014F9142F9D110BD10B56AB1D6
S2140232100139841810F8012B11F8013F9A4203D1A4
S214023220A04201D0002AF5D1D01A10BD1046FCE704
S214023230034613F8012B002AFBD1181A01387047EF
S21402324010B50C46B1F90E10FAF71CFC0028ABBFFD
S214023250636DA3891B1823F48053ACBF6365A381F7
S21402326010BD2DE9F0411F468B89DB0505460C464D
S214023270164605D5B1F90E1002230022FAF7F0FB26
S214023280A389B4F90E1023F48053A38132463B4639
S2140232902846BDE8F041FAF7B5B810B50C46B1F9C4
S2140232A00E10FAF7DDFB431CA38915BF606523F4F5
S2140232B0805343F48053A38118BFA38110BDB1F994
S2140232C00E10FAF79BBB70B5A1FB02543CB9294617
S2140232D0F9F774FE064628B90026304670BD0C2261
S2140232E00260F9E72A46214600F049F8F5E72DE99B
S2140232F0F8430746884614460026D4E90195B9F1F4
S214023300010905D52468002CF7D13046BDE8F883BC
S214023310AB89012B07D9B5F90E30013303D0294604
S2140233203846C04706436835E9E710B50139024416
S214023330904201D1002005E0037811F8014FA34224
S21402334001D0181B10BD0130F2E7884210B501EB20
S214023350020402D98442234607D8431EA14208D05B
S21402336011F8012B03F8012FF8E7024401468A42BE
S21402337000D110BD13F8014D02F8014DF7E70244E3
S2140233800346934200D1704703F8011BF9E77047E2
S2140233907047704770B50C46B1F90E10002996B00A
S2140233A015461E460DDAA38913F0800F4FF0000172
S2140233B014BF40234FF48063002031602B6016B0A8
S2140233C070BD6A46FAF72AFB0028ECDB019901F485
S2140233D07041A1F50053594259414FF48063EBE71F
S2140233E08B89F7B59D0706460C4607D504F14703B9
S2140233F0236023610123636103B0F0BD01AB6A461B
S214023400FFF7C8FF009F054639463046F9F7D6FD56
S21402341048B9B4F90C309A05EED423F0030343F00E
S2140234200203A381E2E7A389206043F08003A3811D
S214023430019BC4E904075BB1B4F90E103046FAF7F3
S214023440FFFA28B1A38923F0030343F00103A38103
S214023450A3891D43A581CFE79368013B002B10B4D7
S214023460936008DA9469A34201DB0A2903D15DF866
S214023470044B00F01AB81368581C106019700846FE
S2140234805DF8044B7047F8B506460F461446D51845
S214023490AC4201D1002007E014F8011B3A46304640
S2140234A0FFF7DAFF431CF3D1F8BDF8B50E46144613
S2140234B0054618B1036A0BB9F9F7A2FEA369A36021
S2140234C0A3891A0701D5236943B921462846FAF784
S2140234D013F918B14FF0FF373846F8BD2368226952
S2140234E0981A6369F6B28342374605DC21462846B7
S2140234F000F00AF90028EDD1A368013BA360236817
S2140235005A1C22601E706269431C9A4204D0A38928
S214023510DB07E1D50A2EDFD12146284600F0F4F873
S2140235200028D9D0D6E72DE9F047164698468A688D
S2140235300B69DDF820909342B8BF1346336091F8CA
S214023540432007460C460AB10133336023689906C6
S21402355042BF336802333360256815F0060506D18C
S21402356004F1190AE36832689B1AAB4226DC94F827
S21402357043302268003B18BF012392062BD404F185
S214023580430241463846C84701301ED023682269A6
S21402359003F00603042B02BFE5683368ED1AA3683E
S2140235A00CBF25EAE57500259342C4BF9B1AED18A9
S2140235B000261A34B5421AD1002008E001235246EA
S2140235C041463846C847013003D14FF0FF30BDE8C8
S2140235D0F0870135C6E7E1185A1C302081F843000F
S2140235E0224494F8451082F843100233C7E70123B9
S2140235F0224641463846C8470130E6D00136D9E76A
S214023600B1F90C202DE9F041170705460C4656D4B1
S2140236104B68002B02DC0B6C002B3DDDE66A002EAD
S2140236203AD0002312F480522F68216A2B6025D0EC
S214023630626DA389580705D56368D21A636B0BB10E
S214023640236CD21A216AE66A00232846B047411C38
S21402365024D00023636023692360A389DA0400D59B
S2140236606065616B2F60B9B104F14403994202D0E0
S2140236702846F9F7DFFE002363630DE001232846A0
S214023680B047461C0246D4D12B68002BD1D01D2B46
S21402369001D0162B2BD12F6000202FE02A68B4F918
S2140236A00C3042B11D2A01D0162A22D100236360B3
S2140236B023692360D5E7626022692260CEE70F693C
S2140236C0002FE9D093070E6808BF4B690F6018BF3A
S2140236D00023A6EB07088B60B8F1000FDCDD216A39
S2140236E0A66A43463A462846B047002808DCB4F99C
S2140236F00C3043F04003A3814FF0FF30BDE8F08169
S2140237000744A8EB0008E7E738B50B6905460C4600
S21402371013B90025284638BD18B1036A0BB9F9F764
S2140237206FFDB4F90C30002BF3D0626ED00704D4D0
S214023730990502D4A06DFFF72BFE28462146FFF717
S2140237405FFF636EDA070546E4D4A3899B05E1D4DE
S214023750A06DFFF71EFEDDE708B50620FAF7A4F90E
S2140237600120FCF70BF91F2938B505460C4604D98B
S214023770162303604FF0FF3038BDC26B12B152F809
S21402378021304BB9284600F016F822460146284654
S214023790BDE83840FAF790B9012B0AD0591C03D17C
S2140237A0162303600120E7E7002142F82410204692
S2140237B098470020E0E7FCF7E7B8000000000000AA
S2140237C0F8B500BFF8BC08BC9E467047F8B500BF07
S2140237D0F8BC08BC9E4670475FF800F0DD2100206A
S2140237E000000000000000000000000000000000D2
S2140237F000000000000000000000000000000000C2
S2140238004368616E6E656C20256420697320696E5C
S21402381076616C69642C20746865206669727374BC
S2140238202076616C6964206368616E6E656C2069DF
S21402383073202564210A0000666F726D2030782599
S2140238403032580A000000005065726D6974206AB2
S2140238506F696E207374617475733A203078253000
S21402386032580000545820706F7765722073657462
S2140238703A2025640A000000545820706F7765725B
S21402388020736574206661696C65640A0000000036
S214023890656E61626C65640064697361626C65641E
S2140238A0000000005458206F7074696F6E732073A6
S2140238B065743A204D41432061636B732025732C57
S2140238C02073656375726974792025732C20707273
S2140238D0696F726974792025730A00004368696CFF
S2140238E0642072656D6F76616C20307825303258B0
S2140238F00A000000496E666F3A0A00002020202067
S21402390020202020204D43552049643A2030782537
S2140239103031366C6C580A0020204E6574776F7210
S2140239206B2073746174653A203078253032580AF9
S214023930000000002020202020204E6F64652074A6
S2140239407970653A203078253032580A0000000037
S2140239502020202020202020202065756936343A39
S214023960203E2578257825782578257825782578A7
S21402397025780A0020202020202020204E6F646513
S2140239802069643A203078253034580A0000000056
S2140239902020204E6F6465206C6F6E672069643A43
S2140239A020307800253032580000000020202020E9
S2140239B0202020202050616E2069643A203078252D
S2140239C03034580A0000000020202020202020202A
S2140239D04368616E6E656C3A2025640A000000003A
S2140239E020202020202020202020506F7765723A49
S2140239F02025640A000000002020202020545820A1
S214023A006F7074696F6E733A204D41432061636B29
S214023A10732025732C20736563757269747920256B
S214023A20732C207072696F726974792025730A008C
S214023A30526164696F206368616E6E656C2073659F
S214023A40742C207374617475733D30782530325847
S214023A500A00000053657474696E672072616469B7
S214023A606F206368616E6E656C206661696C656462
S214023A702C207374617475733D3078253032580A81
S214023A8000000000537461727420656E6572677977
S214023A90207363616E6E696E673A206368616E6E4C
S214023AA0656C2025642C2073616D706C657320250F
S214023AB0640A0000537461727420656E65726779D9
S214023AC0207363616E6E696E67206661696C6564F9
S214023AD02C207374617475733D3078253032580A21
S214023AE0000000005365637572697479206B65790E
S214023AF020756E736574207375636365737366757C
S214023B006C0A0000436F756E746572207479706576
S214023B103D3078253032583A20256C640A00000081
S214023B2047657420636F756E746572206661696C92
S214023B3065642C207374617475733D307825303259
S214023B40580A00006F74615F7461726765743A2088
S214023B50696E76616C6964206465766963655F691F
S214023B60643D2564202876616C69642072616E6704
S214023B70653A20317E2564290A0000005365637584
S214023B8072697479206B657920696D706F72742022
S214023B907375636365737366756C2C206B65792029
S214023BA069643A20256C750A000000005365637547
S214023BB072697479204B657920696D706F72742012
S214023BC06661696C65643A20256C640A0000000030
S214023BD05365637572697479206B657920736574B1
S214023BE0207375636365737366756C0A0000000064
S214023BF05365637572697479206B65792073657491
S214023C00206661696C6564203078253032580A0077
S214023C105365637572697479206B6579206C656E7D
S214023C20677468206D7573742062653A2025642077
S214023C3062797465730A00004E6574776F726B2042
S214023C40464F524D4544206F6E2063683D25642CD6
S214023C502050414E3D3078253034580A000000008E
S214023C60656D626572466F726D4E6574776F726BC4
S214023C70204641494C45443A203078253032580A8D
S214023C800000000067657453746F72616765536C59
S214023C906F74496E666F204641494C45443A20305F
S214023CA078256C580A00000053746F7261676520AD
S214023CB0736C6F7420303A20616464723D307825EC
S214023CC030386C582C206C656E3D256C75206279F8
S214023CD07465730A000000004F54412072656164E7
S214023CE0792E2057616974696E6720666F7220416B
S214023CF0505F4F42432049324320636F6D6D616EC1
S214023D00647320286572617365E2869273747265C5
S214023D10616DE286927374617274292E0A00000045
S214023D2049324320536C61766520696E6974696115
S214023D306C697A65642061742030782530325820A8
S214023D40285344413D504331302F4C4F4331362C9B
S214023D502053434C3D504331312F4C4F433134298D
S214023D600A0000000A3D3D3D204D617374657220D5
S214023D702853696E6B202F204F544120536572766C
S214023D8065722920E28094204175746F6D617465B6
S214023D9064204F5441203D3D3D0A0000626F6F741F
S214023DA06C6F616465725F696E6974204641494C46
S214023DB045443A203078256C582028726F6C6C6225
S214023DC061636B206775617264206C696D697465E6
S214023DD064290A004E6F2050534120414553206B00
S214023DE0657920666F756E642C20637265617469EE
S214023DF06E67206F6E652E0A0000000053656375BD
S214023E0072697479206B657920696D706F7274209F
S214023E104F4B2C2069643A20256C750A000000007E
S214023E205365637572697479206B657920696D7064
S214023E306F7274204641494C3A20256C640A000091
S214023E4050534120414553206B657920657869734C
S214023E5074732C2072657573696E672E0A000000F3
S214023E60656D6265724E6574776F726B496E6974C2
S214023E703A203078253032580A00000052657375B1
S214023E806D696E67207361766564206E6574776F00
S214023E90726B2E204E6F646549443D30782530346F
S214023EA0580A0000656D6265724E6574776F726BB4
S214023EB0496E6974206572723A203078253032581D
S214023EC02E20466F726D696E67206E6577206E656E
S214023ED074776F726B2E0A004D6173746572206977
S214023EE06E697420636F6D706C6574652E0A0000CF
S214023EF04F5441207669612041505F4F424320492A
S214023F0032433A206572617365283078303329204F
S214023F10E286922073747265616D28307830322999
S214023F2020E2869220535441525428307830342C62
S214023F30746172676574292E0A0000000101000090
S214023F400000000060670100000000004F424320AE
S214023F50444154413A2073746174653D25642C20B3
S214023F606F66667365743D256C752F256C752C20FF
S214023F707461726765745F6465763D25640A000045
S214023F804E564D3320736C6176655F7461626C6564
S214023F902073617665204641494C45443A20307884
S214023FA0256C580A000000007265676973746572B2
S214023FB05F736C6176653A20696E76616C6964201F
S214023FC06465766963655F69643D25640A0000007E
S214023FD0536C6176652069643D25643A206E6F6491
S214023FE0655F69642030782530345820E286922056
S214023FF03078253034580A00536C6176652069643F
S2140240003D256420286E6F64653D3078253034582F
S214024010292072652D616E6E6F756E6365642E0A59
S21402402000000000536C61766520726567697374E0
S214024030657265643A2069643D25642C206E6F645F
S214024040653D3078253034582028736C6F742025EF
S21402405064290A0072656769737465725F736C61BE
S21402406076653A207461626C652066756C6C210A0E
S214024070000000004F544120505245504152452006
S2140240806D736720746F203078253034582046418F
S214024090494C45443A203078253032580A00000010
S2140240A05B504F4C4C5D20E286922069643D25644D
S2140240B020286E6F64653D307825303458290A0012
S2140240C05B504F4C4C5D2053656E64206661696C94
S2140240D020746F2069643D25643A2030782530329A
S2140240E0580A00004F544120E28692206E6F6465A3
S2140240F03D3078253034582C2069643D25642C20C8
S2140241007461673D3078253032582C2073697A65A1
S2140241103D256C750A0000005B504F4C4C5D204EEE
S2140241206F20706F6C6C61626C6520736C61766573
S21402413073207965742E20526574727920696E2018
S21402414025756D732E0A00005B504F4C4C5D205453
S214024150696D656F757420666F722069643D2564AB
S2140241602E0A00005B504F4C4C5D204379636C6511
S21402417020646F6E65202825752F257520736C6167
S214024180766573292E204E65787420696E20257513
S2140241906D732E0A000000004E564D3320736C617C
S2140241A076655F7461626C653A206E6F7420666F26
S2140241B0756E642028666972737420626F6F74204D
S2140241C06F7220636C6561726564292E0A000000B6
S2140241D04E564D333A20526573746F72656420737F
S2140241E06C617665206465766963655F69643D2502
S2140241F06420286E6F64655F69642070656E64690A
S2140242006E672072656A6F696E292E0A00000000CA
S214024210465720706B7420746F6F2073686F7274C9
S21402422020286C656E3D2564290A000046572070DA
S2140242306B74207472756E63617465643A2064618F
S21402424074615F6C656E3D257520627574206F6EB5
S2140242506C792025642072780A0000004657207088
S2140242606B7420696E76616C696420646174615F48
S2140242706C656E3D25750A0046572073747265613B
S2140242806D2053544152542028736C6F74206D7500
S2140242907374206265207072652D65726173656441
S2140242A0292E0A00465720706B7423206A756D709B
S2140242B03A20676F742025752C20657870656374C4
S2140242C06564202575202864726F703F290A0000F5
S2140242D04657206F766572666C6F7720256C752B55
S2140242E02575203E20736C6F7420256C752E204138
S2140242F0424F52542E0A0000465720777269746560
S21402430053746F72616765204641494C2061742080
S214024310256C753A203078256C580A00465720726C
S2140243206561646261636B204D49534D4154434855
S21402433020617420256C752E2041424F52542E0A5D
S2140243400000000046572073747265616D20434F6B
S2140243504D504C4554452E2073697A653D256C7543
S2140243602062797465732E20284F54415F46575F4A
S2140243705245414459290A002020E28692204150A3
S2140243805F4F42433A2073656E6420535441525441
S214024390283078303429205B7461726765745D203A
S2140243A028303D54582073656C662C20317E256477
S2140243B03D5258206465766963655F6964290A0020
S2140243C046572072783A20706B742325752C202568
S2140243D06C752062797465730A0000004F424320B0
S2140243E045524153453A20746F6F2073686F72745A
S2140243F020286C656E3D2564290A0000455241530B
S214024400453A2067657453746F72616765536C6FC3
S21402441074496E666F28257529206661696C656425
S2140244202E20426F756E647320636865636B206F1F
S21402443066662E0A000000004F4243204552415352
S214024440453A2065726173696E6720736C6F7420DB
S21402445025752E2E2E0A0000536C6F7420257520AB
S2140244606572617365204641494C45443A2030786E
S214024470256C580A00000000536C6F7420257520C6
S2140244806572617365642E0A000000004F42432085
S21402449053544152543A20746F6F2073686F72748B
S2140244A020286E656564205B63635D5B746172677A
S2140244B065745D290A0000004F424320535441525E
S2140244C0543A204657206E6F7420726561647920D4
S2140244D02873746174653D2564292E2053747265B1
S2140244E0616D2046572066697273742E0A000000BA
S2140244F04F42432053544152543A20545820534575
S2140245004C462D55504441544520696E7374616C77
S2140245106C2E2E2E0A00000053656C662D75706494
S21402452061746520766572696679496D6167652092
S2140245304641494C454420E280942061626F727481
S21402454020286B6565702063757272656E742066CE
S21402455077292E0A0000000053656C662D7570647C
S21402456061746520736574496D616765546F426F47
S2140245706F746C6F6164204641494C45442E0A00B4
S21402458053656C662D757064617465207665726914
S214024590666965642E205265626F6F74696E672065
S2140245A0746F20696E7374616C6C2E2E2E0A000076
S2140245B04F42432053544152543A20696E76616CFE
S2140245C06964207461726765743D25752028303DE4
S2140245D073656C662C317E25643D5258290A0000AC
S2140245E04F42432053544152543A206465766963DD
S2140245F0655F69643D2575206E6F74207265676914
S2140246007374657265642F6F6E6C696E652079656A
S214024610742E0A004F42432053544152543A204FBC
S214024620544120E28692206465766963655F696418
S2140246303D257520286E6F64653D307825303458E8
S214024640292E204175746F2D6469737472696275C0
S21402465074696E672E2E2E0A000000004F42433AFF
S21402466020556E6B6E6F776E20434D442030782552
S21402467030325820286C656E3D2564290A000000F9
S214024680536C6176652072656164792E20496E6985
S21402469074696174696E67204F544120646973744B
S2140246A07269627574696F6E2E2E2E0A0000000003
S2140246B04F544120646973747269627574696F6ECF
S2140246C020696E697469617465642E0A00000000D0
S2140246D04F544120696E6974696174652046414988
S2140246E04C45443A203078253032580A0000000003
S2140246F0536C61766520707265706172653A2052FD
S2140247005820756E726561636861626C6520282543
S214024710752072657472696573292E2041626F7204
S2140247207420746F2046575F52454144592E0A0042
S214024730536C6176652070726570617265205449AB
S2140247404D454F5554202825752F2575292E205264
S21402475065747279696E672E2E2E0A004F544120B8
S214024760646973747269627574652074696D656FC5
S21402477075742028256C756D73292E2041626F7220
S21402478074696E672E0A00004F54413A20526571D2
S21402479075657374696E6720626F6F746C6F61649F
S2140247A0202864656C61793D25646D73292E2E2E52
S2140247B00A000000426F6F746C6F6164207265714C
S2140247C075657374204641494C45443A2030782535
S2140247D03032580A000000004F544120626F6F7456
S2140247E06C6F61642D776169742074696D656F758D
S2140247F0742028256C756D73292E204261636B2008
S214024800746F2046575F52454144592E0A000000F5
S2140248103D3D3D204F5441204552524F5220E286A4
S214024820922049444C45203D3D3D0A002C20000084
S214024830590000004E0000002D0000002B00000072
S21402484049445F414E4E4F554E43453A20746F6F72
S2140248502073686F72742066726F6D203078253010
S21402486034580A00202052582069643D25642045A9
S2140248705549363420286D6170206F726465722C3B
S214024880204C5342206669727374293A207B0000DA
S2140248903078253032582573000000007D0A00006B
S2140248A05B504F4C4C5D2052582069643D25642075
S2140248B0286E6F64653D30782530345829206F6E37
S2140248C06C696E652E2066773D307825303258202A
S2140248D07C20676F6C64656E3D25732825632920EE
S2140248E070726F623D25640A000000005B504F4CF8
S2140248F04C5D2052582069643D256420286E6F6402
S214024900653D30782530345829206F6E6C696E65A7
S2140249102E2066773D3078253032580A0000000097
S214024920536C61766520307825303458204F5441D8
S21402493020707265706172652041434B2E0A00003A
S214024940525820646174612066726F6D203078253B
S2140249503034583A0000000020253032580000005B
S2140249602054656D703A202573256C642E253033ED
S2140249706C64432048756D3A20256C752E253033BD
S2140249806C7525250A0000005458206661696C3A49
S214024990203078253032580A000000004E657477C1
S2140249A06F726B2055502E204E6F646549443D3021
S2140249B078253034580A00004E6574776F726B2083
S2140249C0444F574E2E0A0000537461636B20737473
S2140249D0617475733A203078253032580A00000028
S2140249E04E6F6465206A6F696E65643A206E6F6406
S2140249F06549443D3078253034582C2074797065EA
S214024A003D30782530325820287761697420666FE9
S214024A10722049445F414E4E4F554E4345290A0087
S214024A205B47554152445D20426F6F742068656152
S214024A306C74682074696D656F757420E2809420CA
S214024A4073656C662D7265736574202870726F626A
S214024A506174696F6E20636F756E74292E0A00008A
S214024A604F54413A207265616453746F7261676590
S214024A70206661696C20617420256C752C20657235
S214024A80723D3078256C580A000000004F544120D1
S214024A9054583A20256C7525252028256C752F2517
S214024AA06C75206279746573290A00004F54413A86
S214024AB020446973747269627574696F6E20535507
S214024AC043434553532E2053656E64696E672062D6
S214024AD06F6F746C6F61642072657120696E203529
S214024AE030306D732E2E2E0A000000004F54413ACD
S214024AF020446973747269627574696F6E204641E8
S214024B00494C45442C207374617475733D30782586
S214024B103032580A000000003D3D3D204F544120EF
S214024B20444F4E4520666F72206E6F646520307863
S214024B302530345820286465766963655F69643D6C
S214024B40256429203D3D3D0A00000000525820728F
S214024B5065626F6F747320262072656A6F696E7362
S214024B60206175746F6D61746963616C6C792E2057
S214024B7054582073746179732075702E0A000000F1
S214024B804F54413A20426F6F746C6F6164207265B5
S214024B907175657374204641494C45442C207374E4
S214024BA0617475733D3078253032580A0000000073
S214024BB0464820436C69656E742073796E6320667E
S214024BC061696C65643A203078253032580A0000F4
S214024BD0464820436C69656E742053796E63205391
S214024BE07563636573730A00456E65726779207331
S214024BF063616E3A206D65616E3D2564206D696E57
S214024C003D2564206D61783D2564207661723D25E0
S214024C10640A000052656164790000004E6F7420D9
S214024C206C6F6164656400006F74615F74617267C3
S214024C3065743A206465766963655F69643D2564D8
S214024C40206E6F742072656769737465726564207E
S214024C506F72206E6F64655F696420756E6B6E6F2F
S214024C60776E2E0A000000002020436865636B20E2
S214024C7027736C6176655F6C697374272E20536C9C
S214024C80617665206D6179206E65656420746F209B
S214024C9072656A6F696E2E0A000000004F5441204A
S214024CA07461726765743A206465766963655F69E4
S214024CB0643D256420E28692206E6F64653D3078FE
S214024CC0253034580A00000047424C3A202573200B
S214024CD07C2050726573732042544E3020746F20CD
S214024CE073746172742E0A006F74615F73746172FA
S214024CF0743A20696E76616C6964206465766963CD
S214024D00655F69643D25642028317E2564290A0092
S214024D106F74615F73746172743A2062757379207E
S214024D202873746174653D2564292E205472792097
S214024D306C617465722E0A006F74615F73746172BF
S214024D40743A206465766963655F69643D2564200C
S214024D506E6F7420726567697374657265642F6F0F
S214024D606E6C696E65207965742E0A006F74615FD9
S214024D7073746172743A2067657453746F726167F4
S214024D8065536C6F74496E666F206661696C656404
S214024D902E0A00006F74615F73746172743A206E3B
S214024DA06F2076616C69642047424C20696E2053FE
S214024DB04C4F543020E28094206C6F6164206974FA
S214024DC02076696120436F6D6D616E646572206640
S214024DD0697273742E0A00006F74615F7374617275
S214024DE0743A20534C4F543020766572696679497E
S214024DF06D616765204641494C45442028626164DE
S214024E002F7061727469616C2047424C292E0A0029
S214024E106F74615F73746172743A20534C4F5430EE
S214024E202047424C3D256C75204220E28692206443
S214024E3065766963655F69643D256420286E6F64E4
S214024E40653D307825303458292E204469737472B3
S214024E5069627574696E672E2E2E0A0030783F3F9F
S214024E603F3F202872656A6F696E696E6729000087
S214024E705B4F4E4C5D0000005B4F46465D000000F7
S214024E80526561647920285370616365206D6F6492
S214024E90652900005265616479202847726F756E35
S214024EA064206D6F64652900496E2070726F6772A8
S214024EB065737300E29594E29590E29590E2959080
S214024EC0E29590E29590E29590E29590E29590E2D6
S214024ED09590E29590E29590E29590E29590E29513
S214024EE090E29590E29590E29590E29590E2959008
S214024EF0E29590E29590E29590E29590E29590E2A6
S214024F009590E29590E29590E29590E29590E295E2
S214024F1090E29590E29590E29590E29590E29590D7
S214024F20E29590E29590E29590E29590E29590E275
S214024F309590E29590E29590E29590E29590E295B2
S214024F4090E29590E29590E29590E29590E29597A0
S214024F500A000000E2959120202020202020202018
S214024F60205265676973746572656420536C617656
S214024F7065204C69737420202020202020202020C9
S214024F80202020202020202020E295910A000000E8
S214024F90E295A0E29590E29590E29590E29590E2F5
S214024FA09590E29590E29590E29590E29590E29542
S214024FB090E29590E29590E29590E29590E2959037
S214024FC0E29590E29590E29590E29590E29590E2D5
S214024FD09590E29590E29590E29590E29590E29512
S214024FE090E29590E29590E29590E29590E2959007
S214024FF0E29590E29590E29590E29590E29590E2A5
S2140250009590E29590E29590E29590E29590E295E1
S21402501090E29590E29590E29590E29590E29590D6
S214025020E29590E29590E29590E295A30A00000040
S214025030E29591202563205B25645D2069643D2509
S2140250402D3264206E6F64653D30782530345820EA
S21402505066773D307825303258202573202020E2AE
S21402506095910A00E29591202563205B25645D20D8
S21402507069643D252D3264206E6F64653D252D31B1
S21402508038732020202020202020202020E2959106
S2140250900A000000E295912020284E6F20736C6172
S2140250A076657320726567697374657265642079C4
S2140250B06574292020202020202020202020202047
S2140250C0202020202020202020E295910A000000A7
S2140250D0E29591204F544120746172676574203ABC
S2140250E0206465766963655F69643D252D326420B8
S2140250F020202020202020202020202020202020A9
S21402510020202020202020E295910A00E29591207E
S21402511047424C20737461746520203A20252D3353
S214025120367320E295910A00E2959AE29590E2950E
S21402513090E29590E29590E29590E29590E29590B5
S214025140E29590E29590E29590E29590E29590E253
S2140251509590E29590E29590E29590E29590E29590
S21402516090E29590E29590E29590E29590E2959085
S214025170E29590E29590E29590E29590E29590E223
S2140251809590E29590E29590E29590E29590E29560
S21402519090E29590E29590E29590E29590E2959055
S2140251A0E29590E29590E29590E29590E29590E2F3
S2140251B09590E29590E29590E29590E29590E29530
S2140251C090E2959D0A0000005B47554152445D20DF
S2140251D04E6F2073746F7261676520696E666F200A
S2140251E0E2809420726F6C6C6261636B2044495358
S2140251F041424C45442E0A005B47554152445D20CD
S214025200676F6C64656E20726567696F6E2065787D
S214025210636565647320666C6173682028706172CA
S214025220743D256C752920E2809420726F6C6C6246
S21402523061636B2044495341424C45442E0A0000A8
S2140252405B47554152445D20676F6C64656E206112
S214025250646472206E6F7420706167652D616C697C
S214025260676E65642028706167653D256C75292028
S214025270E2809420726F6C6C6261636B20444953C7
S21402528041424C45442E0A005B47554152445D203C
S2140252904E6F2076616C6964207374617465206950
S2140252A06E204E564D3320E280942064656661750A
S2140252B06C74732E0A0000005B47554152445D2011
S2140252C0696E76616C696420676F6C64656E2073C4
S2140252D0697A6520256C752E0A0000005B475541E9
S2140252E052445D20534C4F543020657261736520E2
S2140252F06661696C65642E0A000000005B475541D2
S21402530052445D20676F6C64656E2072656164202E
S2140253106661696C20403078256C582E0A000000C1
S2140253205B47554152445D20534C4F5430207772B0
S214025330697465206661696C2040256C752E0A00CA
S2140253405B47554152445D20534C4F5430207265A2
S21402535061646261636B206D69736D61746368205A
S21402536040256C752E0A00005B47554152445D206D
S214025370726573746F72656420676F6C64656E2005
S214025380766572696679204641494C45442E0A0084
S2140253905B47554152445D20736574496D6167658C
S2140253A0546F426F6F746C6F6164206661696C65DE
S2140253B0642E0A005B47554152445D20676F6C6459
S2140253C0656E20726573746F72656420746F205305
S2140253D04C4F54302C20696E7374616C6C696E6726
S2140253E02E2E2E0A000000005B47554152445D20D7
S2140253F0534C4F543020766572696679206661692F
S2140254006C656420E2809420736B697020676F6C11
S21402541064656E20636170747572652E0A00000002
S2140254205B47554152445D2067657453746F7261E1
S2140254306765536C6F74496E666F206661696C654A
S214025440642E0A005B47554152445D206261642027
S21402545047424C2073697A6520256C7520286D6159
S2140254607820256C752920E2809420736B69702061
S214025470636170747572652E0A0000005B475541C1
S21402548052445D20676F6C64656E20657261736559
S214025490206661696C656420403078256C582E0A57
S2140254A0000000005B47554152445D20534C4F5468
S2140254B0302072656164206661696C2040256C75D7
S2140254C02E0A00005B47554152445D20676F6C64AC
S2140254D0656E207772697465206661696C2040305B
S2140254E078256C582E0A00005B47554152445D20D1
S2140254F0676F6C64656E20726561646261636B20BF
S2140255006D69736D6174636820403078256C582E1F
S2140255100A0000005B47554152445D20696E69747B
S2140255203A2070656E64696E673D257520617474F5
S214025530656D7074733D257520676F6C64656E3D8E
S21402554025752876616C69643D25752C73697A65C4
S2140255503D256C75292072623D25750A0000000003
S2140255605B47554152445D204E564D33207361765B
S21402557065206661696C656420647572696E672071
S21402558070726F626174696F6E20636F756E742ECF
S2140255900A0000005B47554152445D2050524F427C
S2140255A04154494F4E20626F6F742025752F257522
S2140255B00A0000005B47554152445D2054687265FC
S2140255C073686F6C642072656163686564206275D7
S2140255D074206E6F2076616C696420676F6C6465F8
S2140255E06E20E280942063616E6E6F7420726F6C20
S2140255F06C206261636B2E0A000000005B47554117
S21402560052445D2053746179696E67206F6E206321
S214025610757272656E7420696D6167653B20636F93
S214025620756E7465722066726F7A656E206174207C
S2140256307468726573686F6C642E0A005B47554126
S21402564052445D203D3D3D20524F4C4C4241434B1F
S21402565020746F20676F6C64656E202563203D3D65
S2140256603D0A00005B47554152445D207265626FF9
S2140256706F74416E64496E7374616C6C20726574EB
S21402568075726E656420E2809420696E7374616C34
S2140256906C206661696C65642E0A00005B475541A2
S2140256A052445D20526F6C6C6261636B207265734C
S2140256B0746F7265206661696C65642E2057696C2A
S2140256C06C207265747279206E65787420626F6FD2
S2140256D0742E0A005B47554152445D2061726D5F2D
S2140256E070656E64696E67204E564D332073617620
S2140256F065204641494C454420E280942061626F11
S214025700727420696E7374616C6C210A000000006A
S2140257105B47554152445D2041726D656420706559
S2140257206E64696E672D636F6D6D69742E204E65AB
S214025730787420626F6F742069732070726F626172
S21402574074696F6E2E0A00005B47554152445D2015
S214025750476F6C64656E2063617074757265642051
S214025760E28692202563202873697A653D256C754A
S214025770292E20436F6E6669726D656420686561C6
S2140257806C7468792E0A00005B47554152445D20CE
S214025790476F6C64656E206361707475726520462F
S2140257A041494C454420E28094206B656570207028
S2140257B0726576696F757320676F6C64656E2E0A04
S2140257C0000000005B47554152445D20636F6E66E1
S2140257D069726D5F6865616C746879204E564D33E8
S2140257E02073617665204641494C45442E0A0000E6
S2140257F05B47554152445D204865616C7468792068
S214025800636F6E6669726D65642E20436F756E7483
S21402581065727320636C65617265642E0A0000000F
S2140258200000180000001C0001000000000000003C
S214025830010F00000000000014350020A1C800007F
S2140258401C35002035C900003026002029540000EF
S2140258502826002039540000202600204954000043
S2140258601826002059540000102600206954000013
S2140258700826002079540000000000000000000006
S214025880BC58020000000000985802000100000008
S2140258900000000000F0490200000000C0CA89367D
S2140258A0801A0600000000001400FF7F1C20002063
S2140258B0000000000000000000000000DC1F0401E1
S2140258C000000000000000000000000000000000D1
S2140258D0F01F04013F003F0000000000C05A020013
S2140258E00000000004000200017015007F000000A6
S2140258F01800020000000000000000002800070058
S2140259000000000008010000000000000100000086
S2140259100000000000000000A00700004800010090
S214025920000000005400020000000000000000001A
S214025930A000040000400000FF4C000000410000F0
S214025940FF4D0000002001000407000010200100A7
S2140259500000000018200100088400000830010042
S21402596013AC000130300200705510000300000036
S2140259704030010000000000A0400100AA27000FEE
S214025980B840010000C08300F4400100201000006F
S2140259903441020080080000F68700004041020001
S2140259A083008800C1E6524D6041040000000000FA
S2140259B00000000006000000060000001460080058
S2140259C010000000000000040F400200005000001B
S2140259D000500A0000000003000000000000000063
S2140259E0506006009009FF00410C00001200000003
S2140259F012001400B42B00000000000078600C00B7
S214025A001F08E00800000000F2032A000000000061
S214025A1000000000040A142232414A4F000000002F
S214025A20000000000000000000000000000000006F
S214025A30E46007008108A18B00000000640483076D
S214025A408813C83A9C20060000612000B7568520BD
S214025A5004610300D5E310002030000088BB00007C
S214025A6020610100000000001470011000F8070019
S214025A7014700130FE00000018700110FF000000D4
S214025A8018700130001300001C7005006000AA8424
S214025A90000000008200000000000000D5000000A8
S214025AA0487002003E380000BC25000070700300FB
S214025AB0030112001A30080080846D00FFFFFFFF0A
S214025AC0100000006666660000000000185B020018
S214025AD0105B020000000000C0A39B0080DE800274
S214025AE020A107000101000070550006000000001A
S214025AF0000000000000000000000000000000009F
S214025B0010A10700000000000000000000000000D6
S214025B100000000000000000194703060410000100
S214025B200103010600102700000A00000000000022
S214025B3000000000696E666F000000007265736503
S214025B4074000000636F756E746572007365745F2F
S214025B506368616E6E656C006C6561766500000058
S214025B607365745F74785F6F7074696F6E7300002C
S214025B7073746172745F656E657267795F73636171
S214025B806E0000007365745F6B657900756E7365F1
S214025B90745F6B6579000000666F726D000000002E
S214025BA07365745F74785F706F77657200000000CB
S214025BB0706A6F696E00000072656D6F76655F636E
S214025BC068696C64000000006F74615F74617267DC
S214025BD065740000736C6176655F6C6973740000AF
S214025BE06F74615F73746172740000005B54455396
S214025BF0545D205374617274204F544120746F2098
S214025C006465766963655F6964202847424C206D47
S214025C10757374206265207072652D6C6F616465A1
S214025C206420696E20534C4F5430290064657669AF
S214025C3063655F69642028312D34291F0000000047
S214025C405072696E742072656769737465726564F2
S214025C5020736C617665206C6973740053656C659D
S214025C606374204F544120746172676574206279B0
S214025C70206465766963655F6964000052656D6FCE
S214025C807665206120737065636966696320736553
S214025C906E736F72206368696C642066726F6D2023
S214025CA0746865206C697374000000004D6F64654B
S214025CB01F53686F72742041646472657373206F39
S214025CC06620746865206368696C6420746F20724D
S214025CD0656D6F76652E204E6F7420757365642031
S214025CE06966206C6F6E67206164647265737320E8
S214025CF0697320676976656E1F4C6F6E6720416414
S214025D006472657373206F662074686520636869C1
S214025D106C6420746F2072656D6F76651F000000DC
S214025D205065726D6974206A6F696E20666F7220A4
S214025D306120676976656E2074696D65207065728C
S214025D40696F642077697468206F7074696F6E611A
S214025D506C2073656C656374697665207061796C16
S214025D606F6164004475726174696F6E1F4F707460
S214025D70696F6E616C204A6F696E207061796C6F14
S214025D8061641F00536574732074686520616E74C5
S214025D90656E6E61206F757470757420706F7765AE
S214025DA0722E20546865207365636F6E64206F7070
S214025DB074696F6E616C20706172616D6574657274
S214025DC02063616E206265207573656420746F209F
S214025DD0736176652074686520545820706F776505
S214025DE0722061732064656661756C740000000041
S214025DF0545820706F7765722076616C75652069DD
S214025E006E20302E312064426D2073746570731FCD
S214025E1031202D20545820706F776572207065727D
S214025E2073697374656E742028736176656420697D
S214025E306E20746F6B656E292C2030202D205458EE
S214025E4020706F77657220766F6C6174696C651F5F
S214025E5000000000466F726D732061206E657477D5
S214025E606F726B004368616E6E656C1F4F7074696B
S214025E706F6E616C2050414E2049441F00000000A6
S214025E80556E7365742063757272656E74207365E1
S214025E90637572697479206B6579000053657420A6
S214025EA07365637572697479206B6579000000000A
S214025EB05365637572697479206B657920287369F6
S214025EC07A653A454D4245525F454E4352595054C3
S214025ED0494F4E5F4B45595F53495A45291F0000AB
S214025EE05363616E2074686520656E6572677920FB
S214025EF06C6576656C206F6E2074686520676976BF
S214025F00656E206368616E6E656C00004368616E44
S214025F106E656C2049441F4E756D626572206F6611
S214025F202073616D706C65731F00000053657420EA
S214025F305478206F7074696F6E73000053656375D2
S214025F4072697479283078303129204D41432041D6
S214025F50636B28307830322920486967682050728F
S214025F60696F2830783034291F000000466F726748
S214025F706574207468652063757272656E74206E2F
S214025F806574776F726B20616E64207265766572D7
S214025F907420746F20454D4245525F4E4F5F4E450A
S214025FA054574F524B00000053657420436F6E6E79
S214025FB0656374206368616E6E656C004368616E2B
S214025FC06E656C2049441F005072696E74206F75AE
S214025FD074207468652070617373656420737461DD
S214025FE0636B20636F756E7465720000436F756E27
S214025FF074657220747970651F00000052657365BF
S2140260007420746865206861726477617265000046
S2140260104D43552049442C204E6574776F726B2091
S21402602073746174652C204E6F64652049442C207D
S21402603050414E2049442C204368616E6E656C20A8
S21402604049442C206574632E00000000345B020075
S21402605008620200000000003C5B0200F8610200D9
S21402606000000000445B0200E8610200000000003D
S2140260704C5B0200D861020000000000585B020080
S214026080C861020000000000605B0200B861020006
S21402609000000000705B0200A86102000000000021
S2140260A0845B020098610200000000008C5B020024
S2140260B08861020000000000985B0200786102001E
S2140260C000000000A05B0200686102000000000001
S2140260D0B05B02005861020000000000B85B0200DC
S2140260E04861020000000000C85B0200386102003E
S2140260F000000000D45B02002861020000000000DD
S214026100E05B0200186102000000000000000000D0
S214026110000000000000000093E40100EC5B0200B7
S2140261202C5C020000FF0000A5E40100405C0200B7
S21402613004660200FF000000392600005C5C0200D4
S2140261402C5C020000FF0000792100007C5C02004B
S214026150AC5C0200000117FF85200000205D0200F3
S214026160645D02000016FF00ED200000845D020060
S214026170F05D02000410FF00D11F0000545E020012
S214026180645E02000011FF00A1250000805E02008E
S21402619004660200FF000000F12700009C5E020079
S2140261A0B05E020007FF000031250000E05E02003C
S2140261B00C5F02000000FF00C12400002C5F0200FA
S2140261C03C5F020000FF000085E401006C5F0200F5
S2140261D004660200FF00000061240000A85F0200BF
S2140261E0BC5F020000FF0000CD250000C85F020071
S2140261F0EC5F020000FF00008DE40100FC5F02007D
S21402620004660200FF000000E921000010600200A0
S21402621004660200FF000000434C4920696E737456
S214026220616E6365206578616D706C6500000000C4
S214026230050000000000000000C20100000500008A
S21402624000100000000000000000000000000C002B
S2140262501C00014040200020D55E0000495F00007F
S21402626019E801002FE8010013E801004820002089
S214026270D5600000096100003D610000AFE8010042
S21402628071610000050000000000000040420F009F
S21402629005010000000000000000000000000000F1
S2140262A013B779FAC925DDB7ADF3CFE0F1B614B866
S2140262B00102000000000000FFFFFFFF04000000D4
S2140262C001000000000000000000000000000000C6
S2140262D000000000000000000000000000000000B7
S2140262E000000000000000000000000000000000A7
S2140262F00700000379E9010071E901004DE9010098
S2140263001DE90100396800001FE901000968000064
S2140263102C0000000200000040787D010000000012
S214026320005A620200010000C0CF6A0002000000AC
S214026330809FD50002010000002D310102020000FC
S214026340000000000809110801000000000000001B
S2140263500400000001000000080000000100000028
S2140263601000000001000000000100000100000013
S214026370000800001D000000000200001D000000D2
S214026380000400001D000000000001001D000000C7
S2140263900003010303030200000800FC0C64020071
S2140263A001000107B8630200000800F8C863020093
S2140263B0000000000000000083FFBFFFE2FFF1FFC5
S2140263C0F9FFFEFF00000000C800FCFEF800C50A48
S2140263D0571EFBFF7B0095047C02FFFF4A00B602B5
S2140263E046DFFFFF2D00AD01412F00001C00070114
S2140263F0854700001200A700974600000B006700C2
S2140264001A3C00000600220068230000C800FCFEBA
S214026410FC00D80A066CFBFF8800370518E2FEFF70
S21402642053000403F5E3FFFF3200B9019D43000069
S21402643029005701F85700001600D10058570000EF
S2140264400E007C00D0490000070028001729000033
S21402645000000F400000000000040F400100000092
S21402646054686520617267756D656E742069732065
S2140264706E6F7420666F726D617474656420636FEC
S21402648072726563746C79004E6F20636F6D6D6116
S2140264906E6420666F756E64000000004D61786958
S2140264A06D756D206E756D626572206F6620617205
S2140264B067756D656E74732065786365656465647B
S2140264C000000000496E636F727265637420617229
S2140264D067756D656E74207479706500496E636FBA
S2140264E07272656374206E756D626572206F6620C7
S2140264F0617267756D656E7473000000556E6B6E23
S2140265006F776E206572726F720000003E20000088
S21402651025730000756E6B6E6F776E0075696E740C
S2140265203136000075696E7433320000696E743855
S21402653000000000696E743136000000696E743324
S21402654032000000737472696E6700006865780036
S21402655075696E74386F70740000000075696E7429
S21402656031366F707400000075696E7433326F7066
S21402657074000000696E74386F707400696E74314E
S214026580366F707400000000696E7433326F707478
S21402659000000000737472696E676F70740000000A
S2140265A06865786F707400006164646974696F6E00
S2140265B0616C000077696C646361726400000000BD
S2140265C067726F7570000000656E640075696E74A0
S2140265D038000000200000002A0000005B000000D7
S2140265E05D2000002E2E2E200000000068656C70D4
S2140265F0000000000A25730A2573257300000000B8
S21402660025732008000000002573200000010807FB
S2140266100F000A00C8002000A000010000000000D1
S214026620A00068010A200706020A0407000000000C
S2140266300002070001000000050000000000000044
S2140266400200000300000000AC6602009C66020026
S214026650986602008C660200886602007C6602006B
S21402666078660200746602006C660200FFFFFFFF97
S214026670FFFFFFFF00000000000000000000000017
S214026680000000000000000000000000FFFF000005
S214026690FF00FF00FFFFFFFF0000000000000000F9
S2140266A0000000000000000000000000FC030000E4
S2140266B00101010101100101010000000210040C99
S2140266C0020C0404080000000000000000010000A4
S2140266D000000000000000000000010100000000B1
S2140266E001000300040003009A00030003000300F5
S2140266F09000030010000300050003009100030051
S21402670092000300216E766D335F64656661756C78
S2140267107448616E646C652D3E63616368652E6FB6
S214026720766572666C6F77002F686F6D652F6C6D7D
S214026730682F53696D706C696369747953747564F4
S214026740696F2F53444B732F6765636B6F5F736478
S2140267506B2F706C6174666F726D2F7365727669DB
S21402676063652F746F6B656E5F6D616E61676572D0
S2140267702F7372632F736C5F746F6B656E5F6D61E0
S2140267806E616765722E630066616C736500000059
S214026790736C5F746F6B656E5F7365745F64617450
S2140267A061000000736C5F746F6B656E5F67657483
S2140267B05F64617461000000736C5F746F6B656E7A
S2140267C05F696E69740000002F686F6D652F6C6DCF
S2140267D0682F53696D706C69636974795374756454
S2140267E0696F2F53444B732F6765636B6F5F7364D8
S2140267F06B2F706C6174666F726D2F73657276693B
S21402680063652F746F6B656E5F6D616E616765722F
S2140268102F7372632F736C5F746F6B656E5F6D613F
S2140268206E75666163747572696E672E630000002A
S214026830FFFFFFFFFFFFFFFF34B600002F686F6DFC
S214026840652F6C6D682F53696D706C696369747916
S21402685053747564696F2F53444B732F6765636B6C
S2140268606F5F73646B2F70726F746F636F6C2F66DB
S2140268706C65782F6170702D6672616D65776F72C8
S2140268806B2D636F6D6D6F6E2F6170705F667261D8
S2140268906D65776F726B5F636F6D6D6F6E2E6300E3
S2140268A041535345525420696E2025733A25640D90
S2140268B00A0000002F686F6D652F6C6D682F536994
S2140268C06D706C696369747953747564696F2F535C
S2140268D0444B732F6765636B6F5F73646B2F7072C5
S2140268E06F746F636F6C2F666C65782F6170702D96
S2140268F06672616D65776F726B2D636F6D6D6F6E0D
S2140269002F6170705F6672616D65776F726B5F7311
S2140269106C6565702E6300002F686F6D652F6C6D59
S214026920682F53696D706C69636974795374756402
S214026930696F2F53444B732F6765636B6F5F736486
S2140269406B2F70726F746F636F6C2F666C65782F27
S2140269506F74612D756E69636173742D626F6F74E7
S2140269606C6F616465722F6F74612D756E696361F9
S21402697073742D626F6F746C6F616465722D7365CC
S214026980727665722F6F74612D756E6963617374AA
S2140269902D626F6F746C6F616465722D73657276AB
S2140269A065722E6300000000A00F000003000000C6
S2140269B00D0A5B4153534552543A25733A25645D9A
S2140269C00D0A0000505341004B455900666E692B74
S2140269D000000000666E69006E616E00666E692DCC
S2140269E00000000000000000000000000000F03F71
S2140269F00000000000002440000000000000594093
S214026A000000000000408F40000000000088C340E5
S214026A1000000000006AF8400000000080842E415A
S214026A2000000000D01263410000000084D79741A6
S214026A300000000065CDCD412E2E2F2E2E2F737412
S214026A4061636B2F6D61632F6672657175656E6328
S214026A50792D686F7070696E672E630041535345D7
S214026A60525420696E2025733A25640D0A002E2E94
S214026A702F2E2E2F737461636B2F6E6574776F7271
S214026A806B2F706172656E742D737570706F727491
S214026A902E63002E2E2F2E2E2F737461636B2F6E95
S214026AA06574776F726B2F696E6469726563742D95
S214026AB071756575652E63002E2E2F2E2E2F73741C
S214026AC061636B2F6E6574776F726B2F6368696C88
S214026AD0642D7461626C652E63002E2E2F2E2E2F6F
S214026AE0737461636B2F6E6574776F726B2F636F4F
S214026AF06F7264696E61746F722D737570706F72E7
S214026B00742E63002E2E2F2E2E2F737461636B2F1E
S214026B10636F72652F737461636B2E6300000000EF
S214026B20DC490020711A0000004A0020352B0100C3
S214026B30384A002059360100804900206D1C0100A9
S214026B4088490020FD1B0100B4490020F91F0100FE
S214026B5078490020391801003849002061ED00000C
S214026B6040490020A1E60000304900208DF00000D8
S214026B7048490020ADE200000000000000000000CE
S214026B802E2E2F2E2E2F737461636B2F6672616DFD
S214026B9065776F726B2F6576656E742D636F6E7494
S214026BA0726F6C2E6300756E636C61696D6564004E
S214026BB02E2E2F2E2E2F2E2E2F2E2E2F7574696CE4
S214026BC02F73696C69636F6E5F6C6162732F736992
S214026BD06C6162735F636F72652F6275666665725B
S214026BE05F6D616E616765722F6275666665722D8E
S214026BF06D616E6167656D656E742E6300746169A2
S214026C006C20213D204E554C4C5F4255464645521F
S214026C10002E2E2F2E2E2F2E2E2F2E2E2F757469EF
S214026C206C2F73696C69636F6E5F6C6162732F732E
S214026C30696C6162735F636F72652F627566666503
S214026C40725F6D616E616765722F627566666572E8
S214026C502D71756575652E63006E65787420213D0D
S214026C60207461696C00736C695F6C656761637937
S214026C705F6275666665725F6D616E616765725F9B
S214026C80636F70795F66726F6D5F67656E65726956
S214026C90635F717565756500ED1D000071E30100A7
S214026CA075E2000095EF0000F9F600000DE2010023
S214026CB01D38010035230100D30202000000000047
S214026CC02E2E2F2E2E2F737461636B2F6672616DBC
S214026CD065776F726B2F627974652D7574696C694E
S214026CE0746965732E63002E2E2F2E2E2F737461F9
S214026CF0636B2F6E6574776F726B2F6E6574776F2A
S214026D00726B2E63002E2E2F2E2E2F737461636BE2
S214026D102F6E6574776F726B2F6173736F63696121
S214026D2074696F6E2E630073696C6162732D636F94
S214026D306E6E6563742E2E2F2E2E2F737461636B08
S214026D402F6D61632F6C6F7765722D6D61632D7287
S214026D5061696C2D3830322E31352E342E630000A8
S214026D60000000006400000019000000000000009F
S214026D70010000000A0000000100000000003200CE
S214026D803200640064009600C800C8002C010000AF
S214026D9032003200640064009600C800C8002C016D
S214026DA06400C80090012003B00440066009100E7B
S214026DB0000032006400C800900158022003B004AC
S214026DC008070000190032006400C8002C01900178
S214026DD05802840300000D00190032006400960079
S214026DE0C8002C01C2010000FFFFFFFFFFFFFFFFEC
S214026DF0FFFFFFFFFFFFFFFF2E2E2F2E2E2F737497
S214026E0061636B2F6D61632F75707065722D6D6196
S214026E10632E63002E2E2F2E2E2F737461636B2F1C
S214026E206D61632F7363616E2E63002E2E2F2E2EDE
S214026E302F737461636B2F73656375726974792F30
S214026E4073656375726974792D6170692D61646406
S214026E50726573732D6D617070696E672E63002E96
S214026E602E2F2E2E2F737461636B2F6672616D65E3
S214026E70776F726B2F636F756E746572732E630015
S214026E8002020300000000002DA90100E5A801008F
S214026E90F1A80100C5A901006D2D0200B123020070
S214026EA0B5230200C1230200B9230200BD2302005B
S214026EB0000000004801000060220020FFFFFFFFE4
S214026EC0FFFFFFFFFFFFFFFFFFFFFFFF00000208BD
S214026ED000000000FFFFFFFFFFFFFFFFFFFFFFFFB7
S214026EE0000000000000000000000000000000009B
S214026EF000000000000000005241494C0000000063
S214026F00A0000000E95C010050000000C95D01001D
S214026F10A8230020FA04FA000033330A0A0A0304FC
S214026F2004080808080808400021000000000000C5
S214026F300000000000000001000001010001010144
S214026F400000000000000000A806000048704C0D7B
S214026F504470D80C307064123C70AE163870340D23
S214026F6034705A0D30700A0F2C700A0F2870DC101D
S214026F702470F41020703E0D1C7080111870F211EF
S214026F8014703A0DB110076001D80A7108B87F78FC
S214026F90020C7E78641000C6A01F00218CB87078A0
S214026FA001B007680F305CB30F330111C048069872
S214026FB04A022FB006D80C7109DD087100B853A832
S214026FC009BB111007680168214807600410011206
S214026FD0FF32215007605148076000880698441324
S214026FE000C4401F002103DD087214BA281400A052
S214026FF000BA03DF107109DF0672029860058CB8CA
S214027000507800A04413281441158110076002D856
S2140270101471108806982E1800C00C700840069846
S2140270207C1A0091069860020060B83020D806717B
S21402703090BC637C784D5412F03240DE04724048B5
S21402704004DB08720DDD0C72044BEF301448069810
S214027050FC0600C4E01008404412076201322140D8
S214027060084C287C811140D91C72B1123032CF4AAA
S214027070013AB1DA107208D8067104D80871B04C19
S214027080237C4070684C4412FF328722047580B815
S214027090D84C81D8327140D90472237C084B0698AA
S2140270A0FC0604BA88B9767900C1186008403579BA
S2140270B0E049007906B904A901D86E72227CBC4C5C
S2140270C0307C0298320208D83C7100C14C0008405D
S2140270D0141110D93071104C00C11400084014115C
S2140270E01814076100C5206008405415FF35047166
S2140270F010491814A84C441207620132067102980D
S2140271001201B84C08D80C7107BA24D8047106BA12
S214027110187004D80C7101BA40D80E7102BA0A70FF
S21402712005BA20D8047203BA227C604C4411404C43
S2140271301814076118149111383111429111076918
S21402714010D90472EF3200C10060084014111031E9
S214027150016911422814A111076118140698621ACF
S214027160181400C10060084014110769FF31181492
S21402717000C13C30084014111814076118143088F6
S21402718002480698C005009308DB047101F800A0C7
S2140271905CB00F3000A01088B111076980D90A715F
S2140271A000C1800008400811009100A000C4000140
S2140271B00840441000A000C020300E400411041005
S2140271C01050F47200A05415504512710698060726
S2140271D00698960618B8707800B841780698400364
S2140271E090BA5B7A5C7A5D7A00C218500840241224
S2140271F000C1501F002128110698381820880088E0
S21402720000C5441F002154155112FF350762FF3294
S21402721006986A02015951290475115900902129CC
S2140272202075069886040698A2040698FA0200922A
S21402723003D80C728111076102D90472FF0FBA706B
S21402724018B8727800F804D842710088308800C0F6
S214027250FC1F0021041000C1501F00211412012A35
S214027260215A00C3185008403413312A1A7500C038
S2140272700060084004100730FE200C76381108B86B
S2140272807F78020C7E780093009000A000C0F41F66
S2140272900021041000BB1DB400A000C1DC1F0021A9
S2140272A014111088FF3100C5FFFF0000311207627B
S2140272B00762513A513B0E720698720C115901122E
S2140272C001131E703114008831100698720C115981
S2140272D0415C41280698740C513801130090012B2A
S2140272E000902088076001140760FF30215D41127C
S2140272F007620762312D0876FF34415C4128015D42
S21402730031100698740CFF303088011300C0E01F5D
S21402731000210410512B0C76076801150768FF350B
S2140273206070315BFF32212B0C7507600115076018
S214027330FF354E7000C5E41F00215415076507652A
S2140273405112FF35FF30012B08752110076032708D
S21402735021100768FF30012B0A75211007600760AD
S214027360207000C2E81F0021241221100760076067
S214027370FF30012B08752110076806702110076080
S214027380FF300093009200C10060084014142C499C
S2140273900734FE242A761415F0BC076C513C0768A5
S2140273A003680154107100C4FF0FFFFF513C0144F3
S2140273B04811311200C5E81F00215415FF35076237
S2140273C007622143544914122155FF3551522811A0
S2140273D000A001D81871008800C00470084004108C
S2140273E08020FF30067106984E03009000A002D857
S2140273F0047200A00088069896061DB428B9112CBF
S214027400408800C3EC1F0021341440445A714413D0
S21402741006982005411500C0006008400410073099
S214027420FD20447500C20870084024100760FF3033
S21402743080DC34710698AE0C01591C4A2410076091
S2140274400260FF300698AE0C0158B2200129541390
S21402745031100698AE0C11280A75042554155045AD
S214027460EE72069820050094009000A07FB906618F
S21402747000C01C60084006984A1304155153113B7D
S2140274803155581002984413EBBD00C0401F00212E
S2140274900411113D10D91271FF33076B00C19040E1
S2140274A00846381118B97479581000A00698600278
S2140274B08024E4240D300472044800C11C510840A4
S2140274C0141100C3DC1E0021911504351A7218131C
S2140274D088BB08D804716C7B04D804716A7B8CBBA9
S2140274E02F7C5B7B16703C4B181388BB08D8047144
S2140274F06F7B04D804716D7B217C0C30016006988A
S21402750082060698680B0698320700B8B11107691A
S21402751040D906720298660601BC00C200600840A6
S21402752000DC0A7124150165604A0A701C4A24159B
S21402753007657C4A043508D920712024512A241272
S21402754000C180000840320C281107622811076229
S214027550281107622811500C00C1381F002114128E
S21402756000DC1A7120D8067101B80C70F0DA0C72C1
S2140275700CDB087102B806988A06482404491411DE
S21402758000C380000840FFB8012011410871014184
S21402759018130824014200C12000084014110141BA
S2140275A0036D514191152035016D51411813281371
S2140275B0481300C37C000840341003D80C7107300F
S2140275C005DC0671084B227B8CB8507800B800C1E7
S2140275D0381F0021141203682150F030015228117E
S2140275E000A04024066400C0FFFF0100013C1DB05D
S2140275F002200158402806751EAC01EC00A0208827
S21402760000C01850084004121DB421130412305250
S214027610F871066C402400C3741F00213410141144
S2140276200698C00C0669009211592129067600BBFD
S21402763011590698960C80B80158013A0662313BF9
S2140276400472215A412A00A000C200010840317A81
S21402765000A0308880B9076900C30000C0FF31105F
S214027660312800BC002D0C7511541EAC01EC312DD6
S214027670F470066C51134155312C009300A000C0E3
S21402768028400E400413315107610C31076911532B
S214027690381000A006984A0800C0F41F0021041102
S2140276A006983207217A237A00C300001000069853
S2140276B0720700C0581F00211DB1181000A000C09C
S2140276C0541F00211DB1181000C09C1F0021041079
S2140276D0002D067500B826A80698060700C09C1F4F
S2140276E000210410012C06750698960628B010B9DB
S2140276F0115911380EB9114028A880B800C144307B
S2140277000840081100C1F01F00211410303B06711A
S2140277100760076000C40830084044111150FF306B
S214027720015118146FB8076826A8217A050C211093
S2140277302048267800C063EF0000314026A8050CDA
S21402774020ECB11140D90872247A20EC217A18482C
S21402775026A828B00AB901510F31115028A8050CE5
S214027760207A20EC0F0C98B84678417806986A0280
S21402777000C2441F002124100151FF31115008128B
S21402778000A006984A0800B826A800C05C1F002180
S2140277901DB1181000A030B840780DB101D9FC72A6
S2140277A0427800C074300E4004114CBA407A181069
S2140277B0144804115C7A1810A4BB707B4E7B4F7B76
S2140277C000C20430084000A006984A08217A227AAD
S2140277D000BB0698720700C0681F00211DB1181072
S2140277E0A4BB00C040300E40041103310149287288
S2140277F0B112076207623048041121510F31187224
S2140278006E7B6F7B104804114CBA7C7A18101448B1
S2140278100411607A1810B11002D81071707B30B85B
S214027820627860780DB001D8FC7100C0F86008403C
S214027830041101D90C7100C01800084002B91810D2
S21402784008B86E780EB84EB110D90C723EA8140C59
S2140278500FB83EA8107044A8140C01B800C1B0308E
S2140278600E40081100C077801F003DB201423DAABB
S21402787000C0FFFFFFFC013A3DAA140C00C077E0EF
S2140278801F0001423DAAFFB845207D7808B87E78E1
S21402789000C124600840141107610631087100B95E
S2140278A006985A1006984A13B11101D90E71069815
S2140278B0881A02D906720698AE0B0698441351141B
S2140278C006989606F4B845780A0C00C0641F002194
S2140278D01DB1181002983410FFB845205D7803B821
S2140278E0076044A83EA800C1B0300E40081110B888
S2140278F007683DB101393DA908B86F7800A046A8CF
S21402790000C0FFFF0000013B076356AB94BA437A00
S21402791001D91471013C47B300C0FE20FFFF013BB2
S214027920314447AC637AFFB82120407802D904710B
S214027930607800A0C8BC066C415C512C067506989F
S214027940960606986E0DB110076805D8347140BACF
S21402795006981A1308B86578911004D8187188B872
S2140279606E78577800C06400084021780698821026
S21402797001400A728CB84278069856130298400B59
S21402798008B86C7820B859785B7800C0F440084094
S2140279907878797800C1C81F0021141040A81849C9
S2140279A014130449408814140C4914118112076AEE
S2140279B0006A01DA187188B8577800C0CC1F002117
S2140279C00410016107630763076407640698B20937
S2140279D000944EB010D842724DB161B801581138B9
S2140279E040B102D90A72604804BB4154087020486C
S2140279F002BB02BC4DA8F8B87078190C3EB14141E2
S214027A003EA9F4B973797378717800C4F8400840D7
S214027A1000C200410840227000C20000010044AAD1
S214027A20230C00C200000B0044AA00C41041084008
S214027A3000C21841084004BB587C050C597C0C2433
S214027A400F0C2FAB050CB11008D81471647A657A46
S214027A501CB879787B7820B879787B78607CF424B7
S214027A6041130698FC06511440440675069896067D
S214027A70727BFFB84D20050C687840EC00C0601F92
S214027A8000211DB11810911004D8147100C0BC1E3C
S214027A900021041080D806711CB8737800F818B854
S214027AA000C1D81E002100C2185008402412281116
S214027AB0767800F800C0B8600840041107610761D4
S214027AC080D9047240EC00C4F84008404EB010D88A
S214027AD00471182441130C23527C407B11512FA9A8
S214027AE0050C797C0A0C00C0000001020814787CA0
S214027AF0050C507C08B86D7800A000C028700840BD
S214027B000411108800C100180040181044480411DF
S214027B10108878480411108800884CBA757A1810B4
S214027B203DB11088F4B842784420727828487378B9
S214027B30F8B873784FB200C4FFFF8080413A4FAA6C
S214027B4001BC01644113076300C06C70084003B9AE
S214027B5018100110011001B91810011001100110BF
S214027B60011068480411076101B80160003A047107
S214027B70044904D9047241520760003A0471084964
S214027B8008D9047231520460003B0E72006300642E
S214027B90314241424FAAB2704FAAF8B85378182021
S214027BA053782848527800913DA900900091181009
S214027BB000917848181000914448181000A01159F6
S214027BC010D906710760076008D90471076004D9E6
S214027BD00471036002D90471016001D90471006066
S214027BE000A000BA01D806710148112A0069006097
S214027BF001D8F6720138F67200A08020FF30FF48E6
S214027C00812000A000C218500840241211592129D0
S214027C10127300210E7100C2305008402412012156
S214027C20212900A006984A0888B8577800C57C1F04
S214027C3000215088044D88BC00C0C81E0021811156
S214027C4001D91E71407C00950115044D50881C4DCB
S214027C50FFBB076B315B04110698B80C3129F87527
S214027C600698761954150698881A01D90872069845
S214027C707C0806700698DE0888BB547B009500F8E0
S214027C8006988C090E700698680B06988C0906985A
S214027C906011069836089112211900C02460084027
S214027CA00A78097800F810B901BA069810130698EF
S214027CB0341000C57C1F002100F89112033288B9E7
S214027CC000C3BC1E0021341300C4A81008408CB8A0
S214027CD04278707903DE067144786E707179A1106D
S214027CE020D806710298160F80DB507102D84C72AB
S214027CF005B830880763076302DB2A7100C3AC004D
S214027D0008403413066380DB0472804800C31020E8
S214027D1008403413315B047240483128312802602F
S214027D200814076800930814A110103002480814BB
S214027D3000B808149110076008148CB86278A11075
S214027D4000DC0676517900BA80DB587100C000006C
S214027D500200003B4E7150884110344803DE047125
S214027D609048041508200411F82058101C20217889
S214027D700698AE0E00C0A40008400E7810D91C71FA
S214027D8051451A7100C53400084407B8081500C5E5
S214027D903400084604B8081504702E78069874163F
S214027DA00095911120310269911004D80E7200C11B
S214027DB04C1F0021141101D90A71208806985A1006
S214027DC0009200C1180008400533054B1872184C83
S214027DD003DE0471904C441400C3FF1F0000413BB5
S214027DE0FF233811B849076A0698A20E0449087993
S214027DF0097914102140081100A000C5540008405B
S214027E00541551455071108800C13400084407B813
S214027E10081101B83088076B40DB247100C0370CAC
S214027E2000000811364800C5D01E0021541102D9A0
S214027E300E72104801D9087100C01104000000C17A
S214027E4034000846081100C13400084014153035C5
S214027E500093009100A000BD0698440210B903DC0E
S214027E60047100B901BA0698101302D906710040CF
S214027E704E7201B107690F3106988210FFD8287238
S214027E80811008D8187106DD0A710698440203DCD0
S214027E900C720698C810069856130C7006DD107100
S214027EA00698CE10487020B802A806DD1072069812
S214027EB08C090698360801F840B802A800F800C0F7
S214027EC0BC1E00210413076301DB2271911001110D
S214027ED0076911388CB910D8087144790298160FC0
S214027EE002DBFA72A11328DBF47203BD069828108F
S214027EF006988C098CBA7F7A0698FC0600C5801F05
S214027F0000210698440200BA03DC3272044DA11026
S214027F1002D804710C4D00C0140008400410026818
S214027F2000C3701F002134111128FC233411069857
S214027F30960C00C10C5108400698B2065415212D25
S214027F4000C0F8600840041101D9227100C03C1F2D
S214027F5000210410033001DC147200C01400084033
S214027F600411FD21087602BA076A212D06984807F1
S214027F700298E8099110015503355150011900A0E5
S214027F8000C1481F0021141001D842710148076041
S214027F90FE200E75811020D8087100C14C1F0021EA
S214027FA0141101D9287100C024600840041221511E
S214027FB007610F3107691152281000C0006008409F
S214027FC004119112215120311152211900A081135E
S214027FD080DB067201B800A000C30C5008403410C3
S214027FE0063030727C4B34122C4B3410076007601C
S214027FF040302072811080D8DC713410014A07624A
S2140280000360803021508C480A717F235523341038
S214028010013000A000BD0698281088B84778457839
S214028020437800B8447800A006988C090698C810D1
S21402803000C58C1F00215415069848070298E809C7
S21402804000C374000840027B06984A1350BA06988A
S2140280501A1306988210FFD84A71911004D84872F3
S214028060811007601CD8407220D938721112FF3274
S2140280702151347180218021111400C0E41E002198
S2140280800413FFBA3151113A215111538CB93810E9
S2140280907B7940440E7200B900C2C41E0021181239
S2140280A0067008B860780698441300F800B900C253
S2140280B09C1008401812244A0AB9181288BA507A34
S2140280C0517A577A8CB942795F7900A006984402B1
S2140280D007DC1072911000200A750698601102984B
S2140280E0660D0698360801B9911004D8047100B9D5
S2140280F010BA0698101300BA00402A7100C0BC1EBF
S21402810000210411076101D9127104D9E2728110AB
S214028110076001D8DA718CB8647800C11C51084037
S2140281200698B2060698601100C5901F00215415E5
S214028130212D06987C0800C5941F002100F800BC7B
S214028140811108D9167280D9207201B910BA069820
S214028150101300400E7101BC10700698C8100698E5
S214028160561320B802A800F8069860118111023151
S214028170127100B900C20C1008401812244A02B943
S21402818018120698C81000C5981F002154150698A4
S214028190001A0298E80904110121147188BA737A48
S2140281A0042004122811042004110121F47200A0F4
S2140281B00698FC0601F8911010D834710698400310
S2140281C0069886040698A20400C51C51084054115D
S2140281D00698B80C00C5D41E002154155129E27524
S2140281E018B875788CB8447801B802A800F8B110AF
S2140281F0076810D82E7100C04810084000C300005F
S21402820008403114884C44113411076101D9FA71BF
S21402821044122810076228100762281007622810E6
S214028220E87000C1BC1E0021141080D82C7100C159
S2140282305400084014111141207100C10000024090
S2140282401038167100C03400084407B9181000C070
S2140282503400084601B9181002987A02069860029D
S21402826011380472016A00BB00C1E41E0021141119
S21402827020390C72911210DA0672417B00A0069821
S2140282804A1300C2BC1E0021241220DA0472617B4B
S21402829088BA527A00A088BA727A811204DAFC721C
S2140282A000A088B86B78577800C0640008402F7822
S2140282B000A006986E100763076390B9637900B949
S2140282C002DB36713112076240DA2E7200C25400A7
S2140282D0084024100140227202EC00C909B801D9F4
S2140282E0507200C2AC0008400E7A10D904722E7A80
S2140282F006987416E031076102EC00CD114502ECD7
S21402830000CC01DB087100BB0298CA1703B8411102
S2140283100731FA211C760621911210DA087102DD65
S21402832010721E7020B80698720C3038147208B894
S2140283300698820600C0240008402978207800F8B3
S214028340046020D8067102982C1502EC00CA05B803
S21402835023DA187104DBDA7120DAD67110DAD272F7
S21402836090B8617800B801DA067202EC00C8911182
S21402837010D9267100C1CC1E002114111150FF30F5
S2140283800C720661A110115002300A7180DB0A726B
S2140283900AB89E708CB97C79076891111140211138
S2140283A0C0311140011990B8411108D9047166789C
S2140283B020D904726578A11002D80672C0DA1E713E
S2140283C090B8273123DD087210DB1072607825DD45
S2140283D00A7121DD087208DB0471627803B8411164
S2140283E007310872A1152035AA7102DD3272A11179
S2140283F020D9A07102D92872CCDA9872411140D9DC
S214028400927206B802DB1071046500C110200840A3
S2140284101411112D112D054D5C720298BA132111FB
S2140284204049C0D94E71A0314115403501655141D0
S2140284300361076308DA1E7204DA38721049A1155E
S2140284400235067110DB0E7201340A7108DB2471E4
S21402845090B86778CC3211101A300ADC0872CCDE7B
S2140284600471FD3100C00D0F0C0D0698740C01D876
S214028470607207B80298E41300BA411108D90C7169
S21402848002EC00CA05B830DAEC720734F031026149
S21402849001DA0471014900C0F300A3E30698740CE4
S2140284A001D8D07100C0981440680698740C403009
S2140284B0014440DA0471204C04320162204A111051
S2140284C0063000680142183102691142029802140D
S2140284D0204A00C0051708500698740C1130014255
S2140284E02088FFBB0DDA507100C1DE1B250180BC5F
S2140284F004DA107208DA0A7200C120841000E0243E
S214028500A02407634143016401DA06711E49024B47
S21402851000C02C1F002107633810BC2002DA12713B
S21402852001B91159A11380DB087100C100FCFF01DB
S21402853018100298561700C4BC1E0021441080D89A
S2140285407C710092D0DA06710DDA0C7190BD437D13
S214028550EFBD06983E0503620DDA8672A11105D9B3
S2140285605C7100C23810084024120C24281401D969
S214028570067202D9327140D91E7102EC00CA21106D
S21402858018320471FA2220D804720822FE220875D4
S21402859002EC00C8F87001D90E7102EC00C802D9CC
S2140285A0067204DC187200C0BC1E002104100268A9
S2140285B001D8067190B8647818B873780298CA170A
S2140285C000C50020084000C00417000008D9047245
S2140285D00A480815104D00B808D90472FF2008157D
S2140285E0084D00C00884000008D9087200C0208325
S2140285F0B8ED0815104D207D00A000B8011A00C085
S21402860074000840027891101030011905BA0698D5
S2140286101A1302D9067101B802A800C0BC1E0021B6
S214028620041380DB0671029866138CBA7C7A01DB2F
S2140286306C7100C2301F002124111114FF3402ECA9
S21402864000C8FF24FA7607610698820C0361113887
S2140286500F3003611114011141100698820C01D8E3
S214028660087203B80298E413044A02DB2471241049
S214028670112811280412023006710762076200C030
S214028680FFFF0000213800C218000840FF20081231
S214028690411007600698820C01D87C7120BC10330A
S2140286A0767100BB00C12C1F00211415C021112CAD
S2140286B05112076A0F320E71408851140698FA1743
S2140286C04143009451120765036A0F320E7141113D
S2140286D051140698FA17036C41430765513B00C1D3
S2140286E0E81E00211411111231100F30127100BA57
S2140286F0046101D80471114200600FD8F47231107F
S21402870002601E30047201B8003A087204B8029879
S214028710E4130298EA1500C0381F002104110F3135
S21402872003DD1A7200C000600840041007D80E72FB
S21402873000C01040084004B9181000F806986E10E1
S21402874006983C0500F830885088FF34087102EC21
S214028750FF24F87002EC00CD141001BB5150FFD874
S214028760047131440760006B10DBF2710421FF22B2
S214028770E4720F4C0095009300A000C1C01E0021B9
S214028780141100A030880698381A8111076102D9A0
S21402879006720298141988BB557B076120D90671A8
S2140287A0029804190088A110076806982E18082156
S2140287B01415FC2590BB5C7B5D7B00C10060084005
S2140287C014110731FE21307608D82A725113FC2381
S2140287D0341304DB2071076BFF33315B00C1087072
S2140287E008401411076180490C71FF313029547515
S2140287F090BB7B7B10707B7B7C7B00DD04717D7B7A
S21402880001BB3815EC25541300DF5471042505DF2F
S21402881054715415211120880698B80C00925129DB
S2140288203E7500C100600840141102DB0C7107316E
S214028830315B31292A760C7004DF0872006180D918
S2140288401E7206982E1800C00870084006987C1AF9
S21402885006982E181411FFD9607202985A190090C1
S214028860009300A05415A111076910D9A672082515
S21402887008D8A071082510D89A7120882111069868
S214028880B80CFC255412112AF82554110C2520D8B0
S2140288900871F0255411102520290476215918153F
S2140288A000920298C61818B97179811010D80A7108
S2140288B088B8447800B8417888B9747908B9677975
S2140288C000F88110A0D8087188B9497900A007601D
S2140288D002D8FA7106982E18108806984A1307626C
S2140288E0076210DA087108211415F025541100C227
S2140288F00020FEFF202912750698881A01D90A72EE
S21402890006988C090698360800941CBB41100C2069
S21402891006984A1241110821141006984A12312864
S214028920441111120761FF31FF32012210521072F8
S2140289300769181404244413042438140C700769B5
S2140289402141181408240814029844134044147150
S21402895000C1C41E002114155113036B0FDB0C72E9
S214028960066D06980607411500A006983608069872
S2140289704A1308BB51140698C0194415FC25541511
S2140289800298480788B900C3BC1E00213413076347
S21402899008DB1A718113A0DB0671497910706979B8
S2140289A0076302DB087208B9677900F800A0811134
S2140289B0076102D9107188B9757906982E181411B4
S2140289C0FF3100A0FFB900A0041008211411F42101
S2140289D0081100A081110761076110310E71069817
S2140289E02E1808211411F821141100A00102030008
S2140289F00600070A00000E0000000F001A00000022
S214028A0000001B00088A0200C48A02000000000060
S214028A10208A0200010000000000000000000000A2
S214028A20448A02004063598F404B4C000B000B00F7
S214028A301A00FF7F24210020000000000000000032
S214028A4000000000F81F0101688C0200DC1F040110
S214028A500200620609C805780704DC0678070607DE
S214028A60F41F010101000000FC1F010100000000CC
S214028A703800020000000000000000002C60020027
S214028A800050010F40B80040786001005063820B2E
S214028A90E8600100590B00001470011000F807008E
S214028AA014700130F5000000187001000018000074
S214028AB070700300030101000F9C030006E04900EA
S214028AC0FFFFFFFFF01F01013F0037000400020016
S214028AD0018014007F000000180002000000000061
S214028AE00000000028000400000000000000000053
S214028AF0000000000000000040000100A007000087
S214028B0048000100000000005400020000000000BF
S214028B1000000000A000040000400000FF4C00001F
S214028B2000410000FF4D0000002001000407000085
S214028B301020010000000000182001000884000038
S214028B400830010013AC0001303002002449100046
S214028B50010000004030010000000000A0400100BB
S214028B607A27000FB840010000C0A300F4400100BD
S214028B70201000003441020080080000E687000052
S214028B80404102006D008800C0E6524D604104007C
S214028B9000000000000000000600000006000000C2
S214028BA0146006001000000020F913040B00720087
S214028BB060700000008000000000000350600600A5
S214028BC0FC0069004108000001000000B007070031
S214028BD0700A0000000000007C600B009BC34A7411
S214028BE0F003000003800000BE0A000001011030FE
S214028BF050707F7F000000000000000000000000B0
S214028C000000000000000000E46001008000D78B36
S214028C10EC600500640483078813C83A9C200600AB
S214028C2000612000B756852004610300383E12001A
S214028C302030000088BB000020610100001E0000FA
S214028C401C70050060000505030050AB82000000A2
S214028C5000008001D5000000487002003C3D000084
S214028C60BC190000FFFFFFFF0D000000D7540300F1
S214028C7000000000BC8C0200B48C02000000000061
S214028C80001A9A00005A620280841E000420000025
S214028C90244900020000000000000000000000005E
S214028CA00000000000000000D1841E00000000004A
S214028CB000000000ED17000000000000193F01064A
S214028CC00410010000010106001027000009000040
S214028CD00000000000002C2066756E6374696F6EDB
S214028CE03A2000617373657274696F6E2022257371
S214028CF022206661696C65643A2066696C6520228A
S214028D002573222C206C696E6520256425732573D5
S214028D100A00002020202020202020202828282882
S214028D202820202020202020202020202020202034
S214028D302020208810101010101010101010101084
S214028D401010100404040404040404040410101094
S214028D501010101041414141414101010101010140
S214028D6001010101010101010101010101011010CE
S214028D701010101042424242424202020202020214
S214028D8002020202020202020202020202021010A0
S214028D90101020000000000000000000000000008C
S214028DA000000000000000000000000000000000BC
S214028DB000000000000000000000000000000000AC
S214028DC0000000000000000000000000000000009C
S214028DD0000000000000000000000000000000008C
S214028DE0000000000000000000000000000000007C
S214028DF0000000000000000000000000000000006C
S214028E00000000000000000000000000000000005B
S214028E10000000232D302B2000686C4C006566672E
S214028E2045464700303132333435363738394142D9
S214028E3043444546003031323334353637383961AB
S214028E406263646566002E2E2F2E2E2F7374616366
S214028E506B2F73656375726974792F7365637572A8
S214028E606974792D636F6D6D6F6E2E63000000005E
S20C028E70C090FD7F0100000026
S210028E78848E0200002000207F00000014
S214028E84AAAAAAAAAAAAAAAAAAAAAAAAAAAAAAAA37
S214028E94001000008058020000000000FFFFFFFFE1
S214028EA40000000000000000000000004C60020009
S214028EB4502600208029002002000000B155000040
S214028EC4000000000506020005040100C0EA2101B4
S214028ED4C0EA21010080000000F049026050002030
S214028EE46420002000700F0000900000302D002047
S214028EF4C8000000FE00000000000000F462020049
S214028F0400220020C0EA21010600E40C0A00000048
S214028F140000E40C0A0000003F00000043010200C7
S214028F243C000000401F0000C83500202835002001
S214028F340836002088360020100E0000C8370020AD
S214028F447F330200A66B0200FFFFFFFFFFFF03FF53
S214028F54050E000000000000F84900200000000092
S214028F6400080808080C0C0C18000000372402003D
S214028F74B06E0200FFFFFFFFF9280200F528020088
S214028F84FFFFFFFF6D7D0100FFFFFFFFFFFFFFFFF7
S214028F94FFFFFFFFFFFFFFFFFD980100FFFFFFFF3C
S214028FA4A52C0200FFFFFFFF000000003021002076
S214028FB400000000F44D00205C4E0020C44E002049
S214028FC40000000000000000000000000000000096
S214028FD40000000000000000000000000000000086
S214028FE40000000000000000000000000000000076
S214028FF40000000000000000000000000000000066
S21402900403000000F44D0020FFFFFFFFFFFFFFFFF9
S2140290145802010064003C000F001400900109008D
S214029024CEFAEFBEFFFFFFFF0100FEFFFFFFFFFFCA
S2140290340100FFFFFFFF0E000000000004F8FFFF20
S214029044AAFF031F040101010410100803BF19FF3D
S214029054010301FF0EFE01FF0500000030BF42239C
S214029064013BFDD1024B5B6813F0805FFAD1704777
S21002907400300E400D1F0000E51E00003C
S80400596939
