S0160000637562657361745F54585F495753422E73333758
S21400000000200020597B0000A50C0200A50C020071
S214000010D7230200A50C0200A50C0200A50C0200C6
S214000020A50C0200A50C0200A50C0200A50C0200FF
S214000030A50C0200049A0200A50C0200A50C020002
S214000040A50C020079C30100F5EB0000A50C020028
S214000050A9BB0100155202001152020099C301000B
S2140000600952020075880000DD890000A50C020018
S214000070F1370000A50C0200A50C0200A50C02003A
S214000080A50C020095380000FD890000A50C0200B2
S214000090A50C0200A50C0200A50C0200A50C02008F
S2140000A0A50C0200A50C0200A50C0200A50C02007F
S2140000B0CDC301000D5202001DDC000009C4010082
S2140000C0A50C02001DA70100A50C0200A50C02004D
S2140000D0A50C0200A50C0200A50C0200A50C02004F
S2140000E0A578000095780000A50C0200A50C02007B
S2140000F0A50C0200A50C0200A50C0200A50C02002F
S214000100A50C0200A50C0200A50C020000000000D1
S214000110013800D0FCE77047000000000000000037
S21400012001F0FF01102A2BDB10F0070F08D010F8A3
S214000130013B013A8B422DD010F0070F42B3F6D1A7
S214000140F0B441EA012141EA014122F007047FF0C0
S21400015000070023F0E80256083C85EA010586EA17
S214000160010685FA47F5A3FA87F586FA47F6A5FA53
S21400017087F68EB9EED1F0BC01F0FF0102F007025F
S21400018032B110F8013B013A83EA010313B1F8D10A
S2140001900020704701387047002D06BF35460338EB
S2140001A0073815F0010F07D1013015F4807F02BF24
S2140001B0013015F4C03F0130F0BC0138704700BF75
S2140001C02DE9F04F2DED028B91B082460C469346FA
S2140001D01D46DDE91C23104619461EF027FD0028A3
S2140001E000F007814FF0FF32B14BDDE91C011EF035
S2140001F045FD002840F0FD804FF0FF326FF480137D
S214000200DDE91C011EF01CFD002840F0F2800022F3
S2140002100023DDE91C011EF013FD002840F0FE80DF
S2140002209DED1C7B8DED067B209B13F480630F9366
S21400023001D106231E93DDE906010246C1F30A50EA
S214000240C1F31303904643F07F5949F44019A0F2D6
S214000250FF301EF019FA84A3D3E900231EF07EFABD
S21400026083A3D3E900231EF0C3F806460F460022F8
S214000270904B404649461EF0B9F87FA3D3E90023C9
S2140002801EF06CFA02460B46304639461EF0B0F8B1
S2140002901EF0FEFC06461EF0F7F98046894678A357
S2140002A0D3E900231EF05AFA0022834B1EF0A0F872
S2140002B01EF0EEFC074674A3D3E9002340464946E9
S2140002C01EF04CFA8046894638461EF0DDF970A3CB
S2140002D0D3E900231EF042FA02460B464046494642
S2140002E01EF084F88046894602460B461EF036FA13
S2140002F0CDE90A0107F2FF3700210022CDE90812F6
S2140003003B0509930023089342464B464046494620
S2140003101EF06EF8CDE90C0142464B4600204FF029
S21400032080411EF063F8804689460022634BDDE973
S2140003300A011EF03DFB0022614B1EF059F80246F2
S2140003400B46DDE90A011EF033FB00225D4B1EF072
S2140003504FF802460B46DDE90A011EF029FB02466D
S2140003600B46404649461EF043F802460B46DDE97A
S2140003700C011EF01DFB0022534B1EF039F8DDE980
S21400038008231EF0EBF98046894649EC188BDDE918
S21400039006231EF073FC40B1013E0022484B404647
S2140003A049461EF005FB41EC180B06F16303C62B0D
S2140003B03FD80427209B13F4006F44D036A3D3E91C
S2140003C00023DDE90689404649461EF04DFC00281C
S2140003D03FD033A3D3E90023404649461EF030FC05
S2140003E0002836D01E9BB34225DD9E1B731E1E932F
S2140003F023E0209B04931F9B03931E9B02939DED7B
S2140004001C7B8DED007B2B465A462146504600F05D
S214000410CFF811B0BDEC028BBDE8F08F9FED227BCC
S2140004208DED067B1C9B06931D9B03F100430793F3
S214000430FAE60527BEE700231E93209B43F480635D
S214000440209300273E461F9B9F423FD2A3EB070800
S2140004503EE01E9B002BF6D00F9B002BF3D01E9B7E
S214000460013B1E93EFE700BFFB799F501344D33F39
S214000470B3C8608B288AC63F61436F63A787D23FA5
S21400048071A379094F930A401655B5BBB16B02406C
S214000490EF39FAFE422EE63F2D431CEBE2361A3FBA
S2140004A00000000080842E410000000000000000D4
S2140004B0FFFFEF7F0000F83F0000E03F00002C4009
S2140004C000002440000018400000F03F4FF00008F5
S2140004D0209B13F0020902D00FB14FF000083EB186
S2140004E053EC182BDDE906011EF062FACDE9060191
S2140004F000220023DDE91C011EF0A2FB00283DD1EE
S214000500209B23F400630493CDF80C801E9B02937B
S2140005109DED067B8DED007B2B465A4621465046C8
S21400052000F046F8002F3FF474AF209B13F0200F26
S2140005302CD04FF0450C00F101082B460246214610
S2140005406046D04786EAE672A2EBE672052305937C
S214000550013F0497002303930A230293F30F0193AA
S21400056000922B4642462146504623F01AF8B9F12F
S214000570000F3FF44EAF02461F9F10E0DDE9060174
S214000580024601F10043CDE90623B9E74FF0650CBA
S214000590D1E7561C2B4621462020D0473246A2EBF8
S2140005A00B03BB42F5D3104633E700BF0000000044
S2140005B02DE9F04F2DED028B95B007900A919246EB
S2140005C09B46DDE92089229D42464B4640464946E9
S2140005D01EF02CFB002840D04FF0FF326FF4801343
S2140005E0404649461EF02CFB002845D14FF0FF320E
S2140005F09F4B404649461EF041FB00284BD198A32E
S214000600D3E90023404649461EF038FB00285AD15D
S21400061095A3D3E90023404649461EF011FB002867
S21400062051D100220023404649461EF009FB00280F
S21400063057D100230B93249B13F4806F5CD00024C7
S2140006401F2C5BD8092D59D904F150036B44302276
S21400065003F8202C013D0134F2E7249B0393239BEF
S214000660029303230193834B00935B4652460A99F9
S214000670079822F0BCFE2CE1249B0393239B029355
S214000680042301937C4B00935B4652460A990798D5
S21400069022F0ADFE1DE1249B13F004030FD0774A31
S2140006A07BB104232499039123990291019300922C
S2140006B05B4652460A99079822F099FE09E1704A6D
S2140006C0EEE70323EEE7249B0493239B0393029514
S2140006D0CDE900895B4652460A990798FFF770FDF8
S2140006E0F7E042464B46002000211DF07FFE804684
S2140006F0894601230B939EE70625A0E74046494618
S2140007001EF0C6FA06461DF0BFFF02460B464046E0
S21400071049461DF06BFE5B4B03EBC50393ED008B68
S21400072053EC182B1EF01AF802460B46CDE90823A8
S2140007301EF0D6FA07461DF097FF02460B46DDE987
S21400074008011DF053FE02460B46CDE908230022A1
S2140007504D4B1EF093FA50B3013738461DF084FF18
S21400076002460B4651EC180B1EF074FA08B101361F
S214000770002755BB30461DF087FF02460B46404615
S21400078049461DF033FE0746884600223E4B1EF0C3
S21400079057FA38B100223C4B384641461EF06EFAF6
S2140007A0002842D016F0010F3FD001363DE000226F
S2140007B0354BDDE908011EF043FA0028D9D117B100
S2140007C017F0010FD5D00137D3E71F2C17D8013DFE
S2140007D02E4BA3FB0723DB08194603EB8303A7EB8B
S2140007E04303621C303304F150000DEB000404F8A0
S2140007F0203C092F02D90F461446E6E714461F2C64
S2140008000AD86B1E45B104F150026A44302102F842
S214000810201C1D460134F2E71F2C06D804F15003B5
S2140008206B442E2203F8202C01341F2C33D8184A90
S21400083082FB0632F317C3EBA2031A4603EB8303CD
S214000840A6EB4303611C303304F150000DEB0004AB
S21400085004F8203C1646EAB10C46E6E7AFF3008003
S2140008600000000065CDCD410000000065CDCDC183
S214000870FFFFEF7F3CA1020040A1020030A1020072
S21400088038A1020048A102000000E03FCDCCCCCC4D
S214000890676666660C46249B03F00303012B1DD097
S2140008A01F2C09D80B9B002B35D004F150036B444A
S2140008B02D2203F8202C0134249B0393239B0293C0
S2140008C001940CAB00935B4652460A99079822F0B7
S2140008D08EFD15B0BDEC028BBDE8F08F239BB3B147
S2140008E00B9B1BB9249B13F00C0F12D0239B013BD0
S2140008F02393194606E004F150036B44302203F8B4
S214000900202C01348C42CBD21F2CF4D9C8E7239973
S214000910F8E72399F6E7249B13F0040F07D004F1B9
S21400092050036B442B2203F8202C0134C4E7249B8D
S21400093013F0080FC0D004F150036B44202203F8D4
S214000940202C0134B8E700BF7FB54E6802A90446E4
S21400095024F032F99DF808300E2B19D1134BB3F959
S2140009600050134B9E4218D80AF004F9034600685C
S21400097000909B88ADF804306946204624F009F9BB
S21400098070B10C490C4840F21C620FF05DF9FEE7AE
S214000990204617F0A7F90546E3E70AF0E7F8E5E78B
S2140009A02946204624F00AF904B070BDAC5B01204D
S2140009B0FFC99A3B95A40200BCA1020038B50446C4
S2140009C00D4620F0A2FA064A13889BB22DB12343A7
S2140009D01380BDE8384020F09EBA23EA0403F7E708
S2140009E008580120034B002201214FF480709A70B2
S2140009F0E4E700BF085801207FB50023134C03939B
S214000A00CDE90133FF238DF8043020F07EFA2288EA
S214000A1063880F4E9A4205460DD061887068218023
S214000A2001AA16F04DFF58B10A490B4840F29762EA
S214000A300FF00AF9FEE7706823F06DFF0128ECD08E
S214000A40284620F068FA04B070BD00BFD020002011
S214000A500858012095A40200BCA1020038B50F4C2E
S214000A60A56835B90E490F4840F27C720FF0ECF8D5
S214000A70FEE722F06BFE284412F058FD00F0070057
S214000A80032809D1A4680921204622F07BFF205CB8
S214000A90031F5842584138BD0020FCE70858012083
S214000AA095A40200BCA1020010B5114CA378042B3B
S214000AB006D01049104840F244520FF0C5F8FEE741
S214000AC023881B0706D40B490B4840F245520FF00B
S214000AD0BBF8FEE700210820FFF770FF074B6068B1
S214000AE002221A7116F0BAFEBDE8104021F090BE40
S214000AF00858012095A40200BCA10200D0200020C6
S214000B0010B5084C606816F0A9FE606823F003FF75
S214000B10012806D0012260681146BDE8104023F087
S214000B20FCBE10BD0858012038B5194DAB7833B15E
S214000B30184919484FF4DC620FF086F8FEE720F0FB
S214000B40E4F9298811F00601044609D001214FF482
S214000B508070FFF733FF2046BDE8384020F0DBB951
S214000B604FF48070FFF72AFF14F04EFA012805D0E4
S214000B7010F0FD0F05D1FFF73FFFECE7FFF7C0FFD2
S214000B80E9E70449044840F2F6620FF05DF8FEE734
S214000B900858012095A40200BCA1020070B5074DBC
S214000BA095F90C600446FFF7BFFF14F02DF9AA680C
S214000BB031462046BDE8704013F064BF0858012057
S214000BC008B50A4B1B88DB0606D40949094840F2DB
S214000BD069520FF039F8FEE700211020FFF7EEFE0D
S214000BE014F08EFABDE8084021F012BE0858012025
S214000BF095A40200BCA102000D4B1B889B0710B5F4
S214000C00044613D500210220FFF7D8FE094B5A7977
S214000C10FF2A06D00849094840F29A420FF014F815
S214000C20FEE75C71BDE8104021F0F2BD10BD00BFCC
S214000C3008580120D020002095A40200BCA1020084
S214000C407047704710B50E4CA37833B10D490E4867
S214000C5040F2C5120EF0F8FFFEE7A06019B1A17CC5
S214000C60003918BF01212020FFF7A8FE074B0848CF
S214000C709B7923770223A370BDE8104011F0C0BA19
S214000C800858012095A40200BCA10200D020002034
S214000C902858012008B512F0B5F880F00100C0B25F
S214000CA008BD0A4B9A780AB1062A0CD11B8803F4B1
S214000CB08B7343B9064B5A79FF2A04D11879FF384B
S214000CC018BF012070470120704700BF0858012058
S214000CD0D020002008B512F085F80028FBD108BD0A
S214000CE00C4B42881A8242789A740278DA748288A8
S214000CF09A82C288DA82C2689A61074A017A91713A
S214000D00028A198D914204D001214FF400701A8591
S214000D1054E6704708580120D0200020094B1A8A54
S214000D2042809A7C4270DA7C02709A8A8280DA8AE2
S214000D30C2809A69C260044A1B8D9279027203824D
S214000D40704700BF08580120D02000204B1E012B02
S214000D5070B50C4606D91B491B484FF42A720EF094
S214000D6073FFFEE7194D0A460146686824F04DF801
S214000D7030B11449144840F2AA220EF065FFFEE78F
S214000D806E6811F0B1F922460146304624F037F875
S214000D9030B10C490C4840F2AE220EF055FFFEE78B
S214000DA06D6811F0ADF922460146284624F033F866
S214000DB030B10449044840F2B2220EF045FFFEE787
S214000DC070BD00BF95A40200BCA102000858012017
S214000DD0054BDB791B0913F00E0003D0052B8CBFE7
S214000DE000200120704700BFD0200020044BDB7994
S214000DF01B0913F00E0F0CBF01200020704700BF28
S214000E00D02000202DE9F04F16469A0591B0814675
S214000E101F4603D501218020FFF7D0FDF3014FF0D8
S214000E20000852D59A4C23889D074ED5994D6B796C
S214000E30FF2B06D09849994840F266420EF004FF10
S214000E40FEE7A36833B99449944840F267420EF02F
S214000E50FBFEFEE741460220FFF7B0FDA37885F8CB
S214000E600580042B03D101210820FFF7A7FD8C4A3B
S214000E706068002123F0C1FE30B18749874840F200
S214000E8071420EF0E1FEFEE7FFF7A2FFA8B9D4F824
S214000E90048022F05BFC0546A06822F062FC29185C
S214000EA07F4A89B2404623F0B9FE30B17A497B4882
S214000EB040F277420EF0C8FEFEE7A378032B02D17D
S214000EC0606816F0CBFC21F0A3FCB80702D5012021
S214000ED0FFF792FE16F0A84F02D00220FFF78CFE16
S214000EE0B10220D50021402005ACFFF767FD214662
S214000EF0484623F0B6FFB0B99DF81C30022B0AAA6C
S214000F0022D18DF83030BDF81430ADF828301046B8
S214000F1013F082FF38B1484623F0A1FF18B901212B
S214000F204020FFF74BFD320752D5594D05AA686899
S214000F30032123F026FF804688B95749574840F2D8
S214000F40B3420EF081FEFEE7032B05BFD4E9000195
S214000F508DF830308DF83000C2E90001D7E79DF8F3
S214000F6014306868072B40F022810AAA414623F015
S214000F700CFF824630B14849484840F2B6420EF06F
S214000F8063FEFEE7FFF724FFBDF8161090B9FFF7E3
S214000F902DFF68B10431686889B20AAA23F0F7FE0B
S214000FA040B13D493D4840F2C7420EF04DFEFEE7D7
S214000FB00231F0E7BDF816000730012180B211F0CB
S214000FC06BFE039000284AD101210C2014F062FE2B
S214000FD0B10705D52E4B1B881A0701D5FFF764FD10
S214000FE0B3010AD500210420FFF7E8FC284B9A78C5
S214000FF0012A02D1586816F031FC16F0284F03D0AB
S21400100000210420FFF7DAFC7E060CD5204C23884E
S2140010101D0701D5FFF748FD2388580703D5002193
S2140010200420FFF7CBFCF90540F1CF80484623F0BB
S21400103070FC022802D0032840F0C080144C23889D
S2140010405A0703D500210420FFF7B8FC23889B0726
S21400105040F1BB80012011B0BDE8F04FCCE511F0A7
S214001060F1FC4FF0000BCDF800B0BDF8163002468C
S21400107004464146686823F0B3FEBDF81630834246
S21400108010D0054905484FF49B620EF0DDFDFEE7E3
S21400109008580120D020002095A40200BCA1020020
S2140010A03458012022F052FB204412F03FFA00F0A0
S2140010B00700022823D1AB78042B89D122F046FB07
S2140010C0434B20441B7882789A4281D159460820A7
S2140010D0FFF774FC22F03AFB204412F027FA3D4B4F
S2140010E0C0F3001018719DF836302B73FFF7B6FC6E
S2140010F000287FF46DAF686816F0B0FB68E722F052
S21400110025FB204412F012FA830649D522F01EFB76
S214001110204412F00BFA00F00700032828D0012123
S2140011200420FFF74BFC23F065FE2863BDF816305D
S2140011309DF83620E254BDF816309DF8372023443B
S21400114001209A71BDF816100A9A0131214412F056
S214001150FBF9BDF8163003981C4484F805A011F07E
S2140011602FFE1D4B187811F051F921F051FB2FE797
S2140011700921204622F006FC205C04284FF00101DD
S214001180CED1FFF71BFC23F035FE28632B885806CC
S214001190CCD559464020FFF711FC4FF0010AC5E7B1
S2140011A0AB78012BC2D1686816F058FBBEE723F077
S2140011B0DEFD6868414623F001FE09E70749084856
S2140011C040F2B5520EF040FDFEE711B0BDE8F08FDC
S2140011D075580120D02000207857012095A40200E1
S2140011E0BCA1020008B50246FFF7F2FD30B1072A9F
S2140011F006D8044B002083F8342008BD7020FCE796
S2140012000220FAE70858012008B50246FFF7E0FD7D
S21400121028B1044B93F834301370002008BD7020BA
S214001220FCE700BF0858012008B5074B014600221E
S214001230586823F0EAFD30B1044905484FF4377288
S2140012400EF002FDFEE708BD0858012095A4020036
S214001250BCA1020008B5074B01460022586823F0DF
S214001260CEFD30B10449054840F2E2220EF0ECFC17
S214001270FEE708BD0858012095A40200BCA10200A4
S21400128008B5074B0146586823F0CBFD30B1054939
S21400129005484FF43A720EF0D7FCFEE708BD00BFD3
S2140012A00858012095A40200BCA1020008B5064B10
S2140012B09B7833B10549064840F2F2220EF0C4FC92
S2140012C0FEE7BDE808402FE40858012095A4020078
S2140012D0BCA1020008B5044B0146586823F06EFC1A
S2140012E0002818BF8B2008BD08580120014B5868FD
S2140012F016F0F8BC08580120014B5888704700BF0C
S214001300D02000207FB50123ADF80E3009484FF6F7
S214001310FE7300930DF10E02002304A9406823F02B
S214001320CCFB012894BFBDF810004FF6FF7007B045
S2140013305DF804FB0858012008B5044B01465868C0
S21400134023F041FBB0FA80F0400908BD08580120A0
S21400135038B50B4DAB78012B04460DD8FFF7ECFFE4
S21400136060B1084B5C80AB781BB9FFF7DDFB002053
S21400137038BDFFF741FBFAE73E20F9E78A20F7E79A
S21400138008580120D0200020024B9B780BB9FFF7AD
S214001390CBBB704708580120014BD874704700BF7C
S2140013A00858012008B5054B0121586823F0D8FAE3
S2140013B00028B8BF033040F3870008BD0858012056
S2140013C008B5044B586823F0FAFA034BB3FBF0F069
S2140013D080B208BD0858012040420F0030B58DB0DD
S2140013E02C220446002101A824F09CFA0123264D55
S2140013F08DF808304FF002326423CDE903230693BC
S2140014000B238DF82C302B8DADF80A30FFF7E0FC5F
S214001410A0B140F2F23307934FF47A7305930CB9F8
S214001420FFF76EFB686801A916F016FDB8B11749FC
S214001430174840F269620EF007FCFEE7FFF7C0FFB0
S2140014400C234343902BA3F10A0207930592DCBFBB
S21400145091230793059B8B2BE1D88C23DEE7FFF7C0
S214001460C5FC60B101226868114623F0E8FC30B183
S2140014700649074840F26C620EF0E6FBFEE70CB940
S214001480FFF752FB0DB030BD0858012095A40200AE
S214001490BCA10200F8B5574C1FF037FD2388D905CC
S2140014A0064603D5A37843BBFFF73EFB524D6B7948
S2140014B0FF2B13D06B7903F0FF0723BBFF236B7161
S2140014C0A378032B0AD100233046A3701FF023FD18
S2140014D03846FFF763FB1FF018FD0646A378042B7B
S2140014E008D12B79FF2B05D02B79022B14D143483A
S2140014F010F086FEFF232B7128E000214FF4807049
S214001500FFF75CFAD2E76B79012B4FF0FF036B71A4
S21400151014BF89278D27D6E72B7913B12B79012B9A
S2140015201FD1FFF79BFA2B790022FF212971DBB22E
S21400153084F820200546002848D0012B0AD12F48E1
S214001540A370642110F067FEFFF756FA30461FF0CE
S214001550E2FC06E03046A2701FF0DDFC3120FFF70B
S2140015601DFB23881A0608D500218020FFF726FADF
S214001570606823F096FB13F0A4FD23889B0507D52F
S2140015804FF400700021FFF719FA0020FFF726FF3E
S21400159011F028FCE08628B311F054FA0121054624
S2140015A0002014F077FBA678012E15D1002684F8CB
S2140015B02060A670FFF7B8FA284613F09DF9A378C6
S2140015C0E6867BB9BDE8F84013F01EBCA070304636
S2140015D01FF0A1FC2846C2E72EB1284613F08CF96E
S2140015E00023E386F8BDFFF79FFA284613F084F938
S2140015F0E686F7E708580120D0200020285801206A
S2140016007FB5794C2388DB0700F1E7800121774D11
S2140016100846FFF7D3F905237549A37005F10800BE
S21400162016F0EEF8606028B972497348F3220EF09F
S2140016300BFBFEE7714823F0AFF969A3D3E900235B
S214001640CDE900234FF0FF324FF0FF33606823F000
S21400165032FA4FF48811606816F0A2FB014630B1EA
S2140016606449654840F20B120EF0EEFAFEE7644B52
S2140016701B78012B0ED1634A606816F01DFB60686C
S21400168016F018FCE0B15B495B4840F217120EF00A
S214001690DBFAFEE75C4E316831B9564956484FF4DE
S2140016A08D720EF0D1FAFEE7564A606816F004FB1B
S2140016B033689B6823B1DB6913B15B7803B1EB71C8
S2140016C0FFF720FE514B68801B78C3EB431203EBF9
S2140016D08203DB0001202385FFF780FE656810F09B
S2140016E00FFD00220146284623F095FB054630B143
S2140016F04049414840F22D120EF0A6FAFEE740F2AD
S21400170003532382424B04261B78E374A674FFF728
S21400171057FE00EB80039B00A382FFF751FEC0003C
S214001720E08231466068A56123F047F930B131495F
S21400173031484FF49E720EF087FAFEE76068324634
S21400174003A923F0E0F9042806D02A492A484FF4D2
S214001750A0720EF079FAFEE703A9012011F002FF4D
S2140017600DF06CFA606808224FF0FF3123F0ADF9F7
S21400177030B12049204840F249120EF065FAFEE7E3
S21400178016F006FD30B11B491B4840F24F120EF012
S2140017905BFAFEE7FFF71CFB68B11FF0CCFD0146C5
S2140017A0606823F0F6F930B11249134840F253123C
S2140017B00EF04AFAFEE76468FFF7A4FD154B0146F3
S2140017C003F10C02204616F089F830B109490A48A0
S2140017D04FF4AD720EF038FAFEE704B070BD00BFED
S2140017E00A0020FF4203000008580120D0200020F5
S2140017F0E509000095A40200BCA10200690345ECBF
S2140018005A580120490900001C200020D921002038
S214001810D8210020C0A4020008B5044B586823F065
S214001820D0F8034BB3FBF0F080B208BD0858012097
S21400183040420F002DE9F043864D2B889B0787B06A
S21400184006D48549854840F201720EF0FDF9FEE7A0
S214001850AB78033B012B06D97F49804840F20372E0
S2140018600EF0F2F9FEE7AA6832B97B497B4840F2EF
S21400187006720EF0E9F9FEE7794E2C88F77914F037
S214001880200418BF4FF47A744FEA1718FFF7A0FA2F
S214001890002872D0B8F1020F0AD0A8F10303022B79
S2140018A069D96D496D4840F21A720EF0CDF9FEE71F
S2140018B0032795F8343008EBC8089844694B03EBC7
S2140018C048031046B3F81C8021F04BFF4FF4FA5340
S2140018D043437822B3FBF8F37733B3FBF2F31F44AA
S2140018E0C7EB0717AB78FF00BFB204F5347417FADE
S2140018F084F4042BA4B203D107F6E8072744BCB24D
S214001900D5F8088021F022FF0746A86821F029FFB5
S214001910074421F041FFBFB23F1A21F017FF4044B1
S21400192011F004FE64238DF80C304F4BD5F804906C
S214001930CDE90434C0F3401421F03AFFBFB20346A9
S21400194041463A46484623F016FA2B88718831807D
S21400195013F0200F03AB75D000936868434B224604
S21400196015F092FF002872D03B493C4840F2D962FD
S2140019700EF06AF9FEE706279BE7FFF737FA00281E
S21400198044D0384B07F00F0708EBC801394403EB87
S21400199041031046B3F81C9021F0E3FEB8F1000FA7
S2140019A02AD0B8F1010F2AD1400080B24FF00408C7
S2140019B0F3191B7E4BB10233034443449BB24FF4EE
S2140019C0FA525343B3FBF9F39CB2AB78042B97D18E
S2140019D03744FFF7F5FC3B7E053398448146FFF716
S2140019E01BFF0C2308FB00F003FB09F909EBC009F9
S2140019F0A1441FFA89F483E74FF00208D8E7164996
S214001A00164840F23B720EF01FF9FEE7FFF704FFA0
S214001A100746A86821F0A5FEAB780930784304EBAA
S214001A20C000042B84B27FF46BAFFFF7C9FC0746F7
S214001A30FFF7F2FE602358430C2303FB0700204405
S214001A4084B25DE76868224615F010FF8AE707B0A3
S214001A50BDE8F0830858012095A40200BCA102004E
S214001A60D0200020C0A4020020A1070018580120A2
S214001A70F8B5484C258815F0020506D04649474873
S214001A804FF4B3720EF0E0F8FEE784F820501FF033
S214001A903CFA23885A0706460AD523F0ABF9236B8F
S214001AA0C01A238D984203D929460420FEF786FFE4
S214001AB030461FF030FAA778022F37D11FF025FAEC
S214001AC0238813F00405064607D0354810F098FB27
S214001AD03046BDE8F8401FF01EBA1FF01CFAA0689A
S214001AE013F0CAF920B1A570BDE8F840FFF756B864
S214001AF01FF00BFAA668054621F028FE304411F0C8
S214001B0015FD10F0200F0CBF0323042301213846D7
S214001B10A370FEF753FFFFF78DFE28461FF0FBF974
S214001B2001210846BDE8F84014F0B4B8042F27D1C8
S214001B301C4B1B79FF2B2CD1237FF3B11FF0E5F94B
S214001B4023885B07054604D5154810F059FB284640
S214001B50BFE71FF0E0F9237F013B23771FF0D5F99D
S214001B60012104460220FEF729FFFFF763FE204608
S214001B701FF0D1F901210820D4E7A3704020B3E775
S214001B80012F06D160680023A37015F067FE312090
S214001B90AAE7F8BD0858012095A40200BCA10200DF
S214001BA028580120D020002038B5012104461020F6
S214001BB0FEF704FF064B5D68FFF702FC054B00FBD3
S214001BC004F10122284622F0ACFE002038BD00BFFA
S214001BD008580120C10B000010B50A4C2388DB060C
S214001BE006D40949094840F275320EF02DF8FEE792
S214001BF010200021FEF7E2FE6068BDE8104022F0EB
S214001C009EBE00BF0858012095A40200BCA1020099
S214001C1038B50D4DE88E30B90C490D4840F2823289
S214001C200EF012F8FEE710F00DFF0446E88E10F0F6
S214001C3025FF811F2144012011F094FC044623F067
S214001C40D9F8001B38BD00BF0858012095A4020033
S214001C50BCA1020010B5074CA36833B90649074873
S214001C6040F291320DF0F0FFFEE723F0C3F8E36A8E
S214001C70C01A10BD0858012095A40200BCA102009D
S214001C8038B50A4DE88E30B909490A4840F29B3209
S214001C900DF0DAFFFEE710F0D5FE0446E88E10F0F1
S214001CA0EDFE044414F8020C38BD00BF08580120AD
S214001CB095A40200BCA1020038B50A4DE88E30B9E2
S214001CC009490A4840F2AA320DF0BEFFFEE710F0BE
S214001CD0B9FE0446E88E10F0D1FE044414F9070C51
S214001CE038BD00BF0858012095A40200BCA1020020
S214001CF038B50A4DE88E30B909490A4840F2B9327B
S214001D000DF0A2FFFEE710F09DFE0446E88E10F0F0
S214001D10B5FE044414F9010C38BD00BF0858012074
S214001D2095A40200BCA10200024B1888C0F3C010A4
S214001D30704700BF0858012030B50F4B05460FCB43
S214001D4085B06C4684E80F000DB12B6800930B4BF2
S214001D5021465868002215F0DBFF044630B10849DA
S214001D60084840F2D7320DF06FFFFEE7FEF744FE5C
S214001D70204605B030BD00BF48A502000858012027
S214001D8095A40200BCA1020008B5074B014658689E
S214001D9022F089FF30B10549054840F2E5320DF0E2
S214001DA053FFFEE708BD00BF0858012095A40200B7
S214001DB0BCA1020008B5064B586822F08BFF30B174
S214001DC0044905484FF47C720DF03EFFFEE708BD5F
S214001DD00858012095A40200BCA10200024B012273
S214001DE05868114622F099BD085801207047F8B58A
S214001DF0054604200C4621F08BFC03061DD5104E2C
S214001E00B778D7B91DB1012D02D00220F8BD012741
S214001E102046FFF791FA0028F7D070683A46214628
S214001E2022F094FD30B1074907484FF486620DF062
S214001E300BFFFEE70623B370E8E77020E6E700BF77
S214001E400858012095A40200BCA1020010B5042089
S214001E5021F05EFC030610D5094CA378062B0CD1A6
S214001E60606822F076FD30B10649074840F24942E4
S214001E700DF0EAFEFEE7A07010BD7020FCE700BF84
S214001E800858012095A40200BCA1020008B5034929
S214001E90034840F261520DF0D7FEFEE795A402001B
S214001EA0BCA102000348044B834202D0034B03B19B
S214001EB0184770470422002004220020000000007B
S214001EC00548064B1B1AD90F01EBA301491002D097
S214001ED0034B03B118477047042200200422002059
S214001EE00000000010B5064C237843B9FFF7DAFF70
S214001EF0044B13B10448AFF300800123237010BDD8
S214001F005C5C012000000000E0C5020008B5054B3F
S214001F101BB105490548AFF30080BDE80840FFF750
S214001F20CFBF00BF0000000038240020E0C502003C
S214001F30A3F5803A704700BF174B002B08BF134B22
S214001F409D46FFF7F5FF00218B460F461348144ABF
S214001F50121A23F0E7FC0E4B002B00D098470D4BCF
S214001F60002B00D098470020002104000D000D48EB
S214001F70002802D00C48AFF300801DF0FDF92000C9
S214001F8029001EF07DFD1DF043F800BF000008008C
S214001F9000000000000000000020002004220020B6
S214001FA0DC5C01200000000000000000BFF34F8F43
S214001FB00549CA6802F4E062044B1343CB60BFF3E2
S214001FC04F8F00BFFDE700BF00ED00E00400FA05FC
S214001FD070B582B004468368C26853F822301E7813
S214001FE020F0BDFC864222D300230093ADF80430D7
S214001FF0204B1B88ADF80230A168E36851F8232017
S2140020001278ADF804206268D21A012A21DD013365
S21400201051F823301B88ADF80030684620F093FC5A
S2140020200446032005F05EFCC0B902B070BD05464C
S214002030032005F057FC0028F7D01EF0EEFD1EF03A
S214002040EDFD2B4632460C490C4800681FF029FF70
S214002050EBE740F2FF13ADF80030DEE71EF0DDFDE3
S2140020601EF0DCFD22460649044B18681FF019FFD7
S214002070DBE700BF865B0120A05D0200F837012089
S214002080D85D020010B582B08368C26853F822306B
S2140020901C780023019343689B1A012B0FDD01AACD
S2140020A001211FF0E4F901469DF8040020F043FCEE
S2140020B0204620F04CFC044620B902B010BD20F0AB
S2140020C03EFCF5E7032005F00DFC0028F5D01EF0D9
S2140020D0A4FD1EF0A3FD22460249034B18681FF01C
S2140020E0E0FEEAE7E85D0200F837012010B5034697
S2140020F08168C26851F82200B0F900001A4C2080AE
S2140021005B689B1A012B0FDD013251F8223093F9E0
S2140021100010003918BF012120F0BEFBA0B9032033
S21400212005F0E0FB10B910BD0021F5E71EF075FDC7
S2140021301EF074FD0D4B1C6820F0B2FB02460C49E5
S21400214020461FF0AEFEEEE7012005F0CBFB002890
S214002150E9D01EF062FD1EF061FD0649034B1868CB
S2140021601FF09FFEDFE700BF865B0120F8370120E7
S214002170045E0200185E020010B584B000230093CF
S2140021808268C36852F8232012788DF80C20022A41
S21400219010D18268013352F823301B78ADF8043032
S2140021A001A820F0BCFB0446032005F09BFB58B9B1
S2140021B004B010BD6A4601211FF059F90146009A85
S2140021C001A823F0E8FAEBE71EF027FD1EF026FD37
S2140021D022460349034B18681FF063FEE8E700BF7A
S2140021E07C5E0200F83701202DE9F04186B020F031
S2140021F063FB0446894B1B7813F0020F2CD0884EE5
S21400220013F0010F2AD0864F13F0040F28D0DFF802
S2140022101082032005F066FB28BB032005F062FB56
S21400222058BB032005F05EFB002835D1032005F0DF
S21400223059FB00283ED1032005F054FB002847D167
S214002240032005F04FFB00285ED1032005F04AFB73
S214002250002867D1002471E0724ED1E7714FD3E7B2
S214002260DFF8C081D5E71EF0D8FC1EF0D7FC6E491B
S2140022706E4B18681FF015FECFE71EF0CEFC1EF062
S214002280CDFC6A4B1D6808F09DFA02460B4668496D
S21400229028461FF006FEC4E71EF0BFFC1EF0BEFC7C
S2140022A0624B1D6820F0D8FA0246624928461FF0A5
S2140022B0F8FDBBE71EF0B1FC1EF0B0FC5B4B1D68E2
S2140022C020F006FB02465C4928461FF0EAFDB2E70E
S2140022D01EF0A3FC1EF0A2FCE279A37961792079B6
S2140022E0E57894F802C094F801E024780594CDF8D7
S2140022F010E0CDF80CC00295019000914F494B4874
S21400230000681FF0CEFD9BE71EF087FC1EF086FCE3
S214002310464B1C6820F0D4FA0246494920461FF076
S214002320C0FD92E71EF079FC1EF078FC45493F4B55
S21400233018681FF0B6FD8DE70134E4B2072C12D8FA
S214002340032005F0CFFA0028F6D01EF066FC1EF03B
S21400235065FC364B1D6820F0AFFA025D3A49284608
S2140023601FF09FFDE8E7032005F0BCFA98B90320AC
S21400237005F0B8FAC8B9032005F0B4FA18BB032074
S21400238005F0B0FA68BB032005F0ACFA002836D199
S21400239006B0BDE8F0811EF040FC1EF03FFC2B4965
S2140023A0224B18681FF07DFDE1E71EF036FC1EF09C
S2140023B035FC1E4B1C6820F087FA0246244920464E
S2140023C01FF06FFDD7E71EF028FC1EF027FC174B0A
S2140023D01C6820F05DFA02461E4920461FF061FD8B
S2140023E0CDE71EF01AFC1EF019FC104B1C6820F0FE
S2140023F057FA0246184920461FF053FDC3E71EF061
S2140024000CFC1EF00BFCCDF800803B463246134910
S214002410064800681FF045FDBAE700BFCD21002042
S214002420305E0200385E0200945E0200F83701203B
S2140024309C5E0200B85E0200D45E0200F05E0200FF
S214002440145F0200305F0200445F020014A0020026
S2140024504C5F0200685F0200805F0200985F020027
S21400246010B58368C26853F82230187820F00CFA4A
S214002470044678B9032005F035FA00B910BD1EF001
S214002480CCFB1EF0CBFB22460A490B4B18681FF00C
S21400249008FDF3E7012005F025FA0028EED01EF02F
S2140024A0BCFB1EF0BBFB22460449034B18681FF01A
S2140024B0F8FCE3E7D05F0200F8370120F45F020083
S2140024C070B582B08368C26853F822301B78134A0E
S2140024D0137013F0020F0ED0114C13F0010F0CD036
S2140024E00F4D13F0040F0AD00D4E032005F0FAF935
S2140024F038B902B070BD0B4CEFE70A4DF1E7094E54
S214002500F3E71EF08AFB1EF089FB00962B46224658
S2140025100549064800681FF0C4FCEAE7CD21002004
S214002520305E0200385E0200445E0200F83701208A
S21400253070B58268C36852F823100C78013352F8DD
S21400254023301D782946204620F0F1F980B9032073
S21400255005F0C8F900B970BD1EF05FFB1EF05EFB0B
S2140025602B4622460B490C4800681FF09AFCF2E7FF
S2140025700646012005F0B6F90028ECD01EF04DFB0B
S2140025801EF04CFB32460549034B18681FF089FCC9
S214002590E1E700BF68600200F8370120986002009B
S2140025A008B520F065F9032005F09CF900B908BDD0
S2140025B01EF033FB1EF032FB0249034B18681FF077
S2140025C070FCF4E7C8600200F837012030B583B02D
S2140025D08368C26853F822301C7801A9204620F090
S2140025E04BF988B9032005F07DF908B903B030BD72
S2140025F01EF013FB1EF012FB019B22460B490C48F3
S21400260000681FF04EFCF1E70546012005F06AF968
S2140026100028EBD01EF001FB1EF000FB2A46054901
S214002620034B18681FF03DFCE0E700BFE8600200BF
S214002630F83701200461020010B58368C26853F8B9
S21400264022301C78631EDBB2032B03D8204603F02F
S21400265063FD10BD012005F045F90028F9D01EF0F5
S214002660DCFA1EF0DBFA042322460349034800681E
S2140026701FF017FCEDE700BF28610200F8370120C5
S21400268008B503F0DDFF032005F02CF900B908BDFE
S2140026901EF0C3FA1EF0C2FA0249034B18681FF078
S2140026A000FCF4E760610200F837012008B502F08C
S2140026B03BFE10B902F040FE08BD032005F012F9FB
S2140026C00028F9D01EF0A9FA1EF0A8FA0249034B1A
S2140026D018681FF0E6FBEFE784610200F837012078
S2140026E070B582B0032005F0FDF808B902B070BDE1
S2140026F01EF093FA1EF092FA084B1E6802F0A2FB38
S214002700044602F011FE054602F0A2FB00902B469E
S2140027102246034930461FF0C4FBE7E7F83701209E
S214002720A061020008B502F0B7FC032005F0DAF855
S21400273000B908BD1EF071FA1EF070FA0249034B8C
S21400274018681FF0AEFBF4E7C8610200F8370120F6
S21400275010B50179C368DAB2914204D1032005F0BE
S214002760C1F850B910BD826852F823301878003886
S21400277018BF012002F090FEF0E71EF04EFA1EF0A1
S2140027804DFA054B1C6802F093FE02461E230349D1
S21400279020461FF086FBE5E7F8370120E0610200DF
S2140027A0F0B585B0032005F09DF808B905B0F0BD7A
S2140027B01EF033FA1EF032FA0B4B1F6802F08AFE48
S2140027C0044602F091FE054602F094FE06461EF010
S2140027D04AF902900196642300932B462246034949
S2140027E038461FF05EFBE1E7F8370120FC61020087
S2140027F010B54268C3689A420DD0826852F82330FA
S2140028001C78201E18BF012002F058FE032005F099
S21400281069F8B0B910BD032005F064F80028F9D0B7
S2140028201EF0FBF91EF0FAF90D4B1C6802F04CFE88
S21400283028B10C4A0C4920461FF033FBEAE70B4A46
S214002840F8E71EF0EAF91EF0E9F9054B186824B11E
S214002850074A05491FF025FBDCE7044AF9E700BFF5
S214002860F8370120246002004C6202002860020053
S21400287038620200F0B591B008A800F0A1FD032070
S21400288005F030F8002834D1032005F02BF8002896
S21400289040D1032005F026F8002849D1032005F092
S2140028A021F8002855D1032005F01CF800285FD138
S2140028B00023ADF81E300DF11E0000F077FD044633
S2140028C018B1BDF81E30072B60D8089B13B9099ABB
S2140028D0002A78D0002B00F08580099B002B40F062
S2140028E09B80032004F0FEFF002840F08B8011B090
S2140028F0F0BD1EF092F91EF091F99DF83E3000935F
S2140029009DF83D309DF83C204B494C4800681FF030
S214002910C8FAB9E71EF081F91EF080F90A9B009309
S214002920099B089A4649454800681FF0BAFAB0E77E
S2140029301EF073F91EF072F9BDF830300093BDF842
S2140029402C309DF82E203F493C4800681FF0A9FA1D
S214002950A4E71EF062F91EF061F9384B18680D9A6C
S21400296022B9394B39491FF09CFA9CE7384BF9E7F6
S2140029701EF053F91EF052F9BDF83A30BDF8382073
S21400298034492E4800681FF08CFA91E7032004F0C3
S214002990A9FF002899D01EF040F91EF03FF92278D2
S2140029A06378A178E07825796679A779E479059443
S2140029B00497039602950190009127491F480068E6
S2140029C01FF06FFA81E7032004F08CFF00288ED0FA
S2140029D01EF023F91EF022F92049184B18681FF044
S2140029E060FA84E7032004F07DFF00283FF47FAF01
S2140029F01EF013F91EF012F91949104B18681FF053
S214002A0050FA74E71EF009F91EF008F915490B4B49
S214002A1018681FF046FA6AE7032004F063FF0028F0
S214002A203FF465AF1EF0F9F81EF0F8F80E49034BB8
S214002A3018681FF036FA5AE7A8620200F837012035
S214002A40F46202002463020064620200586302001B
S214002A50706202007063020094630200F863020072
S214002A60546402009C640200EC64020008B500F0A6
S214002A70E3FC032004F036FF00B908BD1EF0CDF8D5
S214002A801EF0CCF80249034B18681FF00AFAF4E768
S214002A9044650200F837012010B584B04268C36868
S214002AA09A4219D0816851F8230000788DF80C00FE
S214002AB0D21A012A1FDD013351F823301B788DF816
S214002AC00D300224032004F00DFFB0B9214603A800
S214002AD000F0D2FC04B010BD012004F003FF002873
S214002AE0F8D01EF09AF81EF099F80D490D4B1868AC
S214002AF01FF0D7F9EEE70124E4E71EF08EF81EF08B
S214002B008DF8084B18689DF80C20022C05D0064B53
S214002B10009406491FF0C5F9D8E7054BF8E700BF53
S214002B2060650200F8370120689D02008865020093
S214002B305C6502002DE9F04F8FB002F0F5FB00BB9C
S214002B4000F0B6FC0023ADF836300DF1360000F08C
S214002B502DFC8146A0B3BDF836308BB30378A52B89
S214002B603DD0012004F0BEFE98B11EF056F81EF0CF
S214002B7055F899F800205749574B18681FF091F9F7
S214002B8007E0012004F0AEFE30B9032004F0AAFEF0
S214002B9060B90FB0BDE8F08F1EF03FF81EF03EF8AB
S214002BA04E494D4B18681FF07CF9EEE71EF035F8DD
S214002BB01EF034F84A49484B18681FF072F9E8E7E7
S214002BC0032004F08FFE0028E3D01EF026F81EF047
S214002BD025F84449404B18681FF063F9D9E7457952
S214002BE0032004F07FFE38B9032004F07BFEC0B952
S214002BF0002608220B9552E01EF00FF81EF00EF885
S214002C0099F8012099F8023099F8031099F8040011
S214002C1002950190009134492F4800681FF041F951
S214002C20E2E71DF0FAFF1DF0F9FF30492A4B18685D
S214002C301FF037F9DCE70134E4B2444526D20AEB4C
S214002C408403053309EB030219F8035053781B027B
S214002C501BB21D439678D3781B021BB21E4303207B
S214002C6004F040FE0028E6D01DF0D7FF1DF0D6FF8A
S214002C700496039502940197089B00935B46079A77
S214002C801B49154800681FF00CF9D4E7099A0A9EFC
S214002C9002F2051292B206F1010C5FFA8CF60B9B5B
S214002CA09E4214D2924619F802300793531C19F824
S214002CB003B0931C19F803300893D31C19F803705B
S214002CC0131D19F80380002409920A96B5E702F04E
S214002CD09FFC5EE770660200F8370120B0650200D0
S214002CE0F46502005866020088660200C4660200A8
S214002CF0EC66020030B595B004460D4668461DF0F9
S214002D00CBFD0DF12C0EEC46BCE80F00AEE80F0034
S214002D10BCE80F00AEE80F00DCF80030CEF800305C
S214002D200BA9494B186820F066F810F1880F4BD1B4
S214002D3068461DF0B1FD0DF12C0EEC46BCE80F0008
S214002D40AEE80F00BCE80F00AEE80F00DCF800307D
S214002D50CEF800304FF410510BA81DF0BDFD8023B7
S214002D60ADF82E304FF440730A930AA81DF0A5FD67
S214002D700A9B0E93354B0F93334B1A680C9B0D92A0
S214002D8013F0FF0F04D123F0FF0343F001030C936D
S214002D9001230C932C4B2A4621460BA820F04EF814
S214002DA0044610BB032004F09DFD90B9264B18681E
S214002DB01FF05AFD0546002831D1032004F092FD8D
S214002DC0044610BB01242FE01F4B18681FF0FBFFC2
S214002DD0AEE71DF022FF1DF021FF1B4B1A681C49B1
S214002DE01C4B18681FF05DF8E0E7032004F07AFD3E
S214002DF00028DBD01DF011FF1DF010FF22461649FB
S214002E00144B18681FF04DF8D0E71DF006FF1DF0B4
S214002E1005FF12490F4B18681FF043F804E0032023
S214002E2004F060FD044610B9204615B030BD1DF014
S214002E30F4FE1DF0F3FE2A460949064B18681FF0FB
S214002E4030F80024F0E700BF50240020004440047F
S214002E5004670200F8370120346702005867020052
S214002E607867020000B583B00021019101AA1EF028
S214002E70FEFA019910290ED0032004F033FD60B14C
S214002E801DF0CBFE1DF0CAFE10220549054B186842
S214002E901FF007F801E0FFF72DFF03B05DF804FB15
S214002EA098670200F8370120044B1B889BB213B1C9
S214002EB0034B01221A700120704700BF8E5B012071
S214002EC0605C01200F4B1B889BB2CBB110B402464E
S214002ED003889BB20C48C05CC0B213889BB2013317
S214002EE09BB21380074CB4F800C01FFA8CFC6345F5
S214002EF003D301230B70002313805DF8044B704747
S214002F005A2070478E5B012088250020074B1B78CF
S214002F1003B1704710B5064C4FF48063E360054973
S214002F200548FFF7CFFF606310BD00BF5D5C012062
S214002F3000000140605C01208A5B012008B5144A4D
S214002F40136801331360134B1B889BB26BB1114B94
S214002F501B889BB2104A1380104B1B78DBB2104ABA
S214002F601370104A1368013313600A4B1B889BB218
S214002F703BB1084B1B889BB20B4A13800B4B0122BC
S214002F801A70044B00221A80FFF7C0FF08BD00BF6E
S214002F9080250020945B0120885B012014A7002078
S214002FA05E5C01207C250020925B0120625C012093
S214002FB0254B1B78002B45D02DE9F04182B0054605
S214002FC00E46174611B902B0BDE8F081DFF89080D2
S214002FD0D8F8000005F0DCFB1C4B00241C605C608D
S214002FE09C60DC601A4A1A60711E1A4B1C605C609A
S214002FF09C60DC601A8861F30E121A809A7842F0A0
S21400300010029A70DA7842F03002DA705D60124A86
S2140030109A601A7B42F001021A73D2B242F00202A0
S2140030201A739A7867F304129A70D8F800003FB1C2
S2140030300A4B00220092074A044905F03DFBC2E70E
S2140030400023F6E7704700BF5D5C01205425002092
S21400305001000C006425002034000140A92E000069
S2140030607425002008B5002303E0064A5A21D154EF
S2140030700133FF2BF9D900224FF480710148FFF786
S21400308097FF08BD5424002010B582B00024009499
S214003090ADF804401FF063FCC0B2ADF804004FF674
S2140030A0FF73ADF80030ADF8024068461FF04BFCE9
S2140030B0B0B9032004F016FC20B9FF201FF047FC2F
S2140030C002B010BD1DF0A9FD1DF0A8FDBDF8003032
S2140030D0BDF804200B490C4800681EF0E2FEECE741
S2140030E00446012004F0FEFB0028E9D01DF095FD03
S2140030F01DF094FD22460549034B18681EF0D1FECC
S214003100DEE700BFC0670200F8370120E86702006C
S21400311010B582B06946002004F026FE60B9032090
S21400312004F0E0FBC8B9184B00221A70032004F024
S214003130D9FBF0B902B010BD0446012004F0D2FB62
S2140031400028F7D01DF069FD1DF068FD22460F49E6
S2140031500F4B18681EF0A5FEECE71DF05EFD1DF097
S2140031605DFD019B009A0B49094800681EF099FE18
S214003170D9E71DF052FD1DF051FD0749044B1868B4
S2140031801EF08FFED6E700BF635C01200C680200CD
S214003190F8370120306802006068020030B585B05C
S2140031A00121264805F028FD0121254805F024FDCB
S2140031B001230B220A21022006F0BAFF01230B226C
S2140031C01146022006F0B4FF1E4C4FF46163A36460
S2140031D0032565641C4BEC460FCB8CE80F000023E0
S2140031E08DF800306146204607F034F8E22363612C
S2140031F0FE23A361154BE363236C43F4833343F050
S214003200E4032364124B4FF40032C3F880211A60A3
S214003210012120461DF07BFF284604F063FB08B919
S21400322005B030BD1DF0F9FC1DF0F8FC712209490F
S214003230094B18681EF035FEF2E700BF00350A009D
S2140032400082040000C00040546B0200FFFF07002D
S21400325000E100E0A8680200F837012030B58BB026
S2140032600121454805F0C8FC0121444805F0C4FC8E
S214003270002301221946184606F05AFF00230422AE
S2140032800121184606F054FF002302221146184674
S21400329006F04EFF012302220321002006F048FF1D
S2140032A00DF10C0C364C0FCCACE80F0094E8070080
S2140032B08CE8070000258DF81950324B0593012342
S2140032C08DF81A308DF80C502F4C03A920461DF0AF
S2140032D074FFA5670F2363672C4BA364E36C43F06E
S2140032E01403E3642A4B4FF48052C3F880211A601B
S2140032F0052120461DF01AFF05F0AAF920B9294637
S214003300244805F023F9E0B1234B00221A7001206F
S21400331004F0E8FAD8B9FFF7F9FD05F00BFB1F49F2
S214003320032005F01FFB01230193002000900322D9
S214003330114606F0A7FE032004F0D4FA88B90BB0B5
S21400334030BD154B01221A70FFF78CFEE5E71DF025
S21400335064FC1DF063FC1249124B18681EF0A1FDB8
S214003360D9E71DF05AFC1DF059FC00220E490D4B02
S21400337018681EF096FDE2E700350A0000420400D9
S214003380646B020080841E0000000140FFFF010005
S21400339000E100E0742500205D5C01203D2F000068
S2140033A0EC680200F83701203469020010B1024AC6
S2140033B01288028001487047905B01208825002013
S2140033C020B3134A12680260124A12684260124A18
S2140033D012688260114A12888281114A12788273BA
S2140033E0104A12880282104A126842610F4A1288F6
S2140033F002830F4A128842830E4AD2F88C13017752
S214003400D2F888134177D2F880238277704700BFBE
S21400341084250020802500207C250020885B012054
S2140034205E5C01209021002078250020905B012022
S2140034308A5B0120000014420023084A1360084AF1
S2140034401360084A1360084A1380084A1370084A33
S2140034504FF6FF711180074A1360704784250020DD
S214003460802500207C250020885B01205E5C0120F2
S2140034709021002078250020844690B189B18829C3
S21400348000D98821002305E01CF80300054AD05423
S21400349001339BB29942F7D8034B1980034B0122A4
S2140034A01A70704714A70020925B0120625C01200E
S2140034B008B548F283111A4802F026F8034608B900
S2140034C048F2831317490B80154B5B7903EB831285
S2140034D003EB82039BB208339BB2134A1380128815
S2140034E092B20B889BB29A4203D90B889BB20E4AC3
S2140034F0138000230D4A13800D4A13700D4A138063
S2140035000D4A13700D4B1B783BB1074B19880122EF
S21400351089B20348FFF74CFD08BDFFF7F7FCFBE751
S21400352088250020905B01208E5B01208C5B0120AB
S214003530615C01208A5B0120605C01205D5C0120EB
S21400354010B594B00BF0DCFE032004F0CBF9002895
S21400355043D104F0B1FB0446002848D103F04EFDE9
S2140035600124904B1C600BA81DF0DCF90BA920462B
S2140035701FF041FC10F1880F49D00BA81FF0C9FCC2
S214003580032004F0AFF9002840F0B380854B18689C
S2140035901FF06AF91FF0C7F90446032004F0A2F9E9
S2140035A0002840F0B080932C00F0B880002C40F04B
S2140035B0B880032004F096F9002800F0B8801DF0CB
S2140035C02CFB1DF02BFB784B1C681FF079F902468C
S2140035D0764920461EF065FCA9E01DF01EFB1DF096
S2140035E01DFB7349704B18681EF05BFCB1E70120A9
S2140035F004F078F90028B1D01DF00FFB1DF00EFB8B
S21400360022466C49684B18681EF04BFCA6E7032060
S21400361004F068F9002851D10BA81FF07AFC684620
S2140036201DF080F90DF12C0CEE46BEE80F00ACE85C
S2140036300F00BEE80F00ACE80F00DEF80030CCF854
S2140036400030584B1A680C9B0D9213F0FF0F04D1F4
S21400365023F0FF0343F001030C93574B0F934FF4F3
S21400366040730A930AA81DF06EF90A9B0E934FF456
S21400367010510BA81DF076F98023ADF82E300123EB
S2140036800C93484B10224D490BA81FF0D7FB04465D
S2140036900BA81FF03EFCDCB9032004F023F9002839
S2140036A03FF474AF1DF0B9FA1DF0B8FA3D4B1A6836
S2140036B043493D4B18681EF0F4FB67E71DF0ADFA72
S2140036C01DF0ACFA3F49384B18681EF0EAFBA3E73A
S2140036D0012004F007F900283FF458AF1DF09DFACA
S2140036E01DF09CFA224638492F4B18681EF0D9FB6D
S2140036F04CE71DF092FA1DF091FA34492A4B1868EF
S2140037001EF0CFFB42E71DF088FA1DF087FA22462E
S2140037102F49254B18681EF0C4FB44E7FFF7B4FC9E
S21400372005E0012004F0DEF8E0B9FFF7ADFC002369
S214003730284A1370284A1360284A1360284B4FF60D
S214003740FF721A80FFF7E4FCFFF728FDFFF786FDFF
S214003750032004F0C7F880B9032004F0C3F8B0B91A
S21400376014B010BD1DF059FA1DF058FA22461D4936
S2140037700D4B18681EF095FBD7E71DF04EFA1DF0AE
S2140037804DFA1949084B18681EF08BFBE4E71DF04C
S21400379044FA1DF043FA1549034B18681EF081FBE6
S2140037A0DEE700BF50240020F8370120946A0200AC
S2140037B07C690200B4690200004440040020002036
S2140037C0146A0200EC690200386A0200586A0200B5
S2140037D0786A0200635C012010A700200CA7002076
S2140037E092210020BC6A0200F06A0200086B020008
S2140037F010B51F4B1C6C14F0100F0DD01D4A13682B
S214003800013313601A4B10229A6405E01A4B198094
S21400381015E01A4B1B7803B3154B1B6913F0800F8A
S21400382022D0134BD969C9B2154A13680133136005
S214003830114B1B889BB24FF6FF729342E6D0114B9A
S2140038401B889BB2872BE4D80E4803889BB25A1C71
S21400385092B202800C4AD154DBE70C490C48FFF7C1
S21400386031FB034B5863D7E7014B9C6410BD00BF88
S2140038700000014078250020902100205D5C01209A
S21400388084250020945B012014A70020605C0120A2
S2140038908A5B012010B582B0504B5C6B14F4C06F8D
S2140038A022D114F0040F0FD04C49CB6903F001036A
S2140038B04B4A13700423CB634A4B002119801378BC
S2140038C0DBB9464B04225A6014F0400F05D0434B38
S2140038D04022DA63424B1B78BBB914F0800F20D02D
S2140038E03E4B8022DA631CE020225A60DC63002311
S2140038F03C4A13803A4A13706EE03B4801803B49CD
S214003900FFF7E0FA354BD862DBE738493648FFF771
S214003910D9FA324BD862E0E7304BDB692F4B0422F2
S2140039205A602E4BDB6813F4807F10D02D4B1B881B
S2140039309BB2872BF0D8294BDA692A4803889BB2BA
S214003940591C89B20180D2B22949CA54E6E714F458
S214003950803F3BD0224B1B78002B30D10193019B3C
S214003960632B0ADC1D4BDB6813F4807F05D1019BBB
S21400397001330193F3E7194BDB69184BDB6813F44B
S214003980807F10D0174B1B889BB2872BF3D8134B26
S214003990DA69144803889BB2591C89B20180D2B2F6
S2140039A01349CA54E9E70F4B1B889BB23BB10D4B3A
S2140039B01B889BB20F4A13800F4B01221A70074BCD
S2140039C04FF48032DA63064B00221A7024F48034F7
S2140039D024F0C404014BDC6302B010BD00C00040FC
S2140039E05F5C0120945B01208C5B0120615C012000
S2140039F014A70020925B0120625C0120BFF34F8F6A
S214003A000549CA6802F4E062044B1343CB60BFF377
S214003A104F8F00BFFDE700BF00ED00E00400FA0591
S214003A20034B1878034B1B78C01A00F07F007047D2
S214003A306A5C0120695C012010B501460F4C2378B2
S214003A4003EB831203EB820340F205120C48184482
S214003A5021F0A1FE2378013303F07F032370227840
S214003A60D2B2084B1B78DBB29A4200D010BD054A92
S214003A701378013303F07F031370F7E76A5C0120C5
S214003A8074AD0020695C0120072940F298802DE97A
S214003A90F84304794379857990F807C0042C00F23E
S214003AA08580072B00F28280002D7FD0082D7DD8E0
S214003AB00CF10202B1EB820F78D304EB841E04EB08
S214003AC08E0E3F4A9644A3B9877804EB841104EB24
S214003AD0810157548EF80140C1788EF80210417863
S214003AE08EF8031000218EF80410364A1155364A17
S214003AF0155504EB841104EB8101314A0A44D17850
S214003B004278914252D1304A125DAA424ED103EB1E
S214003B1083084FEA880800221AE0911C00EB810611
S214003B2010F82170717847EA012704EB841104EB42
S214003B30810101EB8901DFF888904944A1F80570FE
S214003B40B778F67847EA0626A1F807600132D2B2BF
S214003B50624504D208EB0209B9F13F0FDDD9C4442F
S214003B60BCF1400F01D94FF0400C04EB841104EB7C
S214003B708101134A0A441279624507D204EB841184
S214003B8004EB81010E4A0A4482F804C00D48015D28
S214003B90012202FA03F3DBB21943015502FA05F3D8
S214003BA0DBB2013BDAB20B40934201D0BDE8F883AA
S214003BB07046FFF741FF034B00221A55F6E77047A1
S214003BC058A8002050A8002048A80020C388032B2F
S214003BD003D9104B1B78032B00D070478368997865
S214003BE00D4A12789142F8D1DB780C4A127853408D
S214003BF013F07F0FF1D190F90510094A13680B44B2
S214003C00136090F91020074B1A70074A1388013387
S214003C101380E2E77B5C01207A5C0120795C01205E
S214003C20BC310120755C01209A5B01200A4B1B7891
S214003C306BB1094B1B78DBB2032B0AD0064B1B7803
S214003C40DBB2022B01D00120704700207047002015
S214003C5070470020704700BF635C0120002301E02E
S214003C600133DBB2032B10D81946094A02EBC30214
S214003C701279002AF4D0064A12F833208242EFD195
S214003C80034B03EBC103588870474FF6FF7070472D
S214003C90F4310120014B01221A707047865C012026
S214003CA00023184601E00133DBB2032B10D8094A83
S214003CB002EBC3021279002AF5D0064A02EBC302D1
S214003CC051884FF6FF729142EDD00130C0B2EAE75C
S214003CD0704700BFF431012000B583B0032003F025
S214003CE001FE10B903B05DF804FB1CF096FF1CF053
S214003CF095FF084B1A78084B1B780193074B1B68F7
S214003D000093074B1B680749074800681EF0C9F870
S214003D10E8E700BF635C0120CC21002010A700204C
S214003D200CA70020806B0200F837012030B583B066
S214003D300023019304230DEB03020221334800689D
S214003D4013F010FA08B9002423E0032003F0CAFD9C
S214003D5008B903B030BD1CF060FF1CF05FFF2C49B3
S214003D602C4B18681EF09DF8F3E70133DBB2032BEB
S214003D700BD8294A02EBC3021279002AF5D026494D
S214003D8011F83310A942F0D100E00022AAB10134A4
S214003D90E4B2032CDDD804F108036B4413F8045C8A
S214003DA06B1EDBB2032BF2D82846FFF757FF4FF601
S214003DB0FF739842EBD10023D9E70023032BE6D804
S214003DC0154A02EBC302127912B10133DBB2F5E7F2
S214003DD0114A02F8335002EBC3034FF6FF725A80C3
S214003DE001221A7100225A719A71032003F07AFD9B
S214003DF00028CCD01CF011FF1CF010FF2A46074903
S214003E00044B18681EF04DF8C1E700BF882000205C
S214003E10B46B0200F8370120F4310120EC6B02008D
S214003E2010B582B00023019306E0002108326A44F0
S214003E3002F8041C0133DBB2032B0AD81A461349D6
S214003E4001EBC30109790029EFD0104911F83310AE
S214003E50ECE704230DEB030202210D48006813F083
S214003E6037F9044608B902B010BD012003F03AFD48
S214003E700028F8D01CF0D1FE1CF0D0FE22460549E2
S214003E80054B18681EF00DF8EDE700BFF431012071
S214003E90882000202C6C0200F837012070B582B014
S214003EA00446431EDBB2032B03D80D464FF0000C2E
S214003EB034E0012003F016FD002800F087801CF097
S214003EC0ACFE1CF0ABFE22464649474B18681DF078
S214003ED0E8FF7BE01CF0A1FE1CF0A0FE434B03EBCA
S214003EE0C60300955B88224641493F4800681DF09E
S214003EF0D8FF2CE0032003F0F5FC70B31CF08DFE19
S214003F001CF08CFE2B4622463A49374800681DF0C6
S214003F10C8FF22E00CF1010C5FFA8CFCBCF1030F29
S214003F2021D86646314B03EBCC0E9EF80430002BAE
S214003F30F0D02E4B13F83C30A342EBD1BEF8023043
S214003F40AB42D7D0032003F0CDFC0028C2D1274BCC
S214003F5003EBC6035D80FFF763FF244B03EBC6034A
S214003F6001225A7132E04FF0000C10E01CF055FEB2
S214003F701CF054FE00962B4622461F491A4800683D
S214003F801DF08FFF1BE00CF1010C5FFA8CFCBCF1FE
S214003F90030F17D86646154B03EBCC031B79002B93
S214003FA0F1D1124B03F83C4003EBCC035D800122B9
S214003FB01A715A71032003F095FC0028D6D1FFF73A
S214003FC02FFF03E0012003F08DFC08B902B070BD9E
S214003FD01CF023FE1CF022FE0849034B18681DF057
S214003FE060FFF3E7546C0200F8370120F43101203B
S214003FF07C6C0200A46C0200D06C0200006D020013
S21400400000B583B0A0B1114B1B7813B103B05DF8B7
S21400401004FB01201CF0DEFC0023019300930C4AF5
S2140040200A210C481EF04CFA084B01221A70EDE7E4
S214004030064B1B78002BE9D0064809F06BFA0120E6
S2140040401CF0D5FC014B00221A70DFE76E5C0120E5
S214004050790902007430012008B50C4B1B781BB997
S2140040600B4B1B783BB908BD0A4809F053FA074BBF
S21400407000221A70F4E7084B187800F07F0003F06F
S214004080EFF9034B00221A70EDE700BF725C0120C7
S214004090735C01209C300120795C012008B5114B2F
S2140040A01B7803B908BDFFF7D7FF00210E4B188811
S2140040B01EF0E6FB00200B4B1870FFF7A1FF1EF06A
S2140040C0F3F90A4B1860032003F00CFC0028E9D033
S2140040D01CF0A3FD1CF0A2FD0549064B18681DF058
S2140040E0E0FEDFE77B5C01209C5B0120983001202E
S2140040F0206D0200F837012008B51EF0D5F909F04A
S2140041006DFB034BA3FB0030C0F38F1008BD00BF50
S214004110D34D621070B5114C2478013404F00F04AE
S2140041200F4D2D78EDB2A54216D00C4E96F800C075
S2140041305FFA8CFC0B4D05F83C0005EBCC0569706E
S214004140AA70EB709DF810302B719DF814306B71CF
S214004150FFF7D2FFE880347070BD00BF6D5C0120B1
S2140041606C5C0120F42F01200023032B70D830B59F
S21400417085B029E01CF051FD1CF050FD364A02EBDC
S214004180C4035B8812F834203449354800681DF0B3
S21400419088FE50E0012003F0A5FB18B9314B002241
S2140041A01A704FE01CF039FD1CF038FD2B462A4AE9
S2140041B012F834202C492A4800681DF072FEEDE7FC
S2140041C00133DBB2032B3FD8284A14781C4404F092
S2140041D00304214A02EBC4021279002AF0D01E4AD8
S2140041E002EBC40250884FF6FF729042E8D0631C80
S2140041F003F003031D4A1370174B03EBC4010022A0
S2140042004A7113F834301A490B70B0218DF80C102F
S2140042108DF80D30174B1B78019303AB00930223E8
S21400422019461EF06DFB05460028B3D1032003F0A7
S21400423059FB00289ED10B4B01221A701EF034F950
S2140042400D4B186005B030BD064B00221A70F9E71A
S214004250044B00221A707047F4310120546D02009E
S214004260F83701207E5C0120746D0200815C01201D
S2140042707F5C0120CD210020E831012030B585B0DB
S2140042800446F0238DF80830184B1B788DF809305B
S214004290174B1B688DF80A30C3F307228DF80B20E6
S2140042A0C3F307428DF80C201B0E8DF80D30114B12
S2140042B01B78019302AB00930623002202211EF016
S2140042C01FFB08B905B030BD0546012003F00AFB08
S2140042D00028F7D01CF0A1FC1CF0A0FC2B462246C0
S2140042E00549064800681DF0DCFDEBE7CA21002002
S2140042F010A70020CD210020986D0200F83701207D
S21400430000B583B0032003F0EDFAA0B90023144AE9
S2140043101360144A1370144A1370144B1888FFF76E
S214004320ADFF1EF0C1F8124B1860124B04221A7033
S21400433003B05DF804FB1CF070FC1CF06FFC0E4B29
S2140043401B6801930D4B1B7800930D4B1B78074A97
S21400435012880C490C4800681DF0A3FDD6E700BF84
S214004360F0310120875C0120835C0120922100202F
S2140043703C320120635C012010A70020CA210020E7
S214004380CC210020C46D0200F837012000B585B0AE
S214004390C0238DF808300E4B1B788DF809300D4B76
S2140043A01B788DF80A300C4B1B788DF80B300423E5
S2140043B08DF80C300022019202AB009305230221F7
S2140043C04FF6FF701EF09CFA05B05DF804FB00BFC8
S2140043D0775C01207A5C0120795C012000B583B00F
S2140043E00023154A1370154A1370154A1370FFF709
S2140043F057FC38B1134B01221A70FFF7B5FE03B015
S2140044005DF804FB032003F06DFA48B9002301931E
S21400441000930D4A41F288310C481CF008FBEEE789
S2140044201CF0FBFB1CF0FAFB41F288320849094BF2
S21400443018681DF036FDE9E7815C0120805C0120EC
S2140044407E5C01207D5C0120DD430000C831012038
S214004450F86D0200F837012030B583B0284B1B7882
S214004460DBB9284B1C780134E4B21C70FFF718FC4B
S214004470054608B184423FD3032003F033FA58BB05
S2140044800023214A137001930093204A41F2883199
S2140044901F481CF0CCFA03B030BD1EF005F81D4BCB
S2140044A01B68C01A09F09AF940F2DB539842F2D919
S2140044B0032003F017FA18B9114B00221A70D0E740
S2140044C01CF0ABFB1CF0AAFB134B1A781349144BD9
S2140044D018681DF0E6FCEFE71CF09FFB1CF09EFB47
S2140044E041F2883300932B46064A12780D490C4851
S2140044F000681DF0D6FCC3E7FFF736FECBE700BF2B
S2140045007E5C0120805C01207D5C0120DD43000094
S214004510C8310120E83101207F5C0120286E0200AE
S214004520F8370120446E0200F0B585B00D46032929
S21400453040F282804678837846EA0326C778041DD0
S2140045403B1D8B4200F288807B1E13F0800F40F0EC
S2140045509480994B1B78DBB2012B15D0974B1B68C8
S214004560002B00F09A800023954A1360954A13802A
S214004570954BAA221A70904B01221A70032003F062
S214004580B1F9002840F094804FF6FF739E4204D0A5
S2140045908C4B1B88B34240F09580884B1A682AB132
S2140045A0874B1B683B449A42C0F09F803B4622469E
S2140045B083490968002003F013FC0546002840F0F4
S2140045C0AC803B46814A7E490968002003F0EAFB3E
S2140045D038B93A4621467D4821F07AF9002840F05D
S2140045E0B280774A13683B44136076490A880132E2
S2140045F00A804FF6FF72964200F0B980744BA3FB18
S21400460006231B09322202FB13639BB2002B40F0E9
S2140046108B80032003F066F9002800F085801CF0EC
S214004620FCFA1CF0FBFA664B1B68324669496A487E
S21400463000681DF036FC77E0012003F053F90028EF
S21400464072D01CF0EAFA1CF0E9FA2A466349624B7B
S21400465018681DF026FC67E0012003F043F90028E7
S21400466062D01CF0DAFA1CF0D9FA2B1F3A465C49E5
S214004670594800681DF015FC56E0012003F032F999
S214004680002851D01CF0C9FA1CF0C8FA3A46554921
S214004690514B18681DF005FC46E002A9002003F007
S2140046A063FB00287FF45FAF039A444B1A605AE717
S2140046B01CF0B3FA1CF0B2FA4B49474B18681DF0D1
S2140046C0F0FB61E7022003F00DF900283FF465AF28
S2140046D01CF0A3FA1CF0A2FA3A4B1B883246434958
S2140046E03D4800681DF0DDFB57E7012003F0FAF8AF
S2140046F018B9314B08221A7016E01CF08EFA1CF01E
S2140047008DFA2E4B1B6800933B462D4A126838499B
S214004710314800681DF0C5FBEBE7012003F0E2F826
S21400472020B9254B08221A7005B0F0BD1CF075FAAA
S2140047301CF074FA2B46224A12682E492648006856
S2140047401DF0AFFBEDE7012003F0CCF818B91A4BCB
S21400475008221A70E8E71CF060FA1CF05FFA184BA3
S2140047601A6825491C4B18681DF09BFBEFE7234A87
S2140047701360114B02221A70032003F0B3F878B9C5
S214004780032003F0AFF80028CED01CF046FA1CF049
S21400479045FA04221A49104B18681DF082FBC3E73D
S2140047A01CF03BFA1CF03AFA144B1A6815490A4BEF
S2140047B018681DF076FBE3E7635C0120EC3101200E
S2140047C00CA700209E5B0120CA2100209CA7002089
S2140047D01F85EB5128700200F8370120786E020022
S2140047E0946E0200C46E0200E06E02000C6F0200BF
S2140047F0386F0200606F0200846F020010A700206E
S214004800E06F0200AC6F020030B583B0012924D9F6
S21400481044786946204603F0A7FA00282DD114B93B
S214004820019A364B1A60032003F05CF8002839D151
S214004830204603F0F3FA054600283ED1032003F095
S21400484051F800284ED1002C3ED100232C4A13608C
S2140048502C4A13802C4A137036E00C46012003F0D5
S21400486041F888B31CF0D9F91CF0D8F9224627493C
S214004870274B18681DF015FB26E0022003F032F8DF
S21400488028B9002CCFD11D4B00221A60CBE71CF0B4
S214004890C4F91CF0C3F922461E491D4B18681DF0CA
S2140048A000FBEEE71CF0B9F91CF0B8F922461A49ED
S2140048B0174B18681DF0F5FABAE7012003F012F856
S2140048C020B9114B08221A7003B030BD1CF0A5F9B0
S2140048D01CF0A4F92B46224610490D4800681DF02E
S2140048E0E0FAEEE71CF099F91CF098F922460C491C
S2140048F0074B18681DF0D5FAA5E700BFEC3101207C
S2140049000CA700209E5B0120635C0120447002001F
S214004910F837012064700200A0700200C070020028
S214004920E070020038B5012922D94478644B1B7820
S214004930DBB2022B2BD1002C3AD0631EDBB2032B4A
S21400494000F28F802046FFF789F905464FF6FF7381
S214004950984200F097805B4B1C705B4B18800320DE
S21400496002F0C0FF002840F09E80FFF7C9FC38BD6B
S214004970012002F0B7FF0028F9D01CF04EF91CF019
S2140049804DF95249524B18681DF08BFAEFE701209B
S21400499002F0A8FF0028EAD01CF03FF91CF03EF910
S2140049A0474B1A784B494A4B18681DF07AFADEE7EF
S2140049B0032002F097FF80B90021084603F0A6FA0C
S2140049C0A8B9002003F048FA68B3012002F08AFF75
S2140049D0F8B93B4B02221A70C9E71CF01EF91CF00E
S2140049E01DF93D493A4B18681DF05BFAE4E70120D3
S2140049F002F078FF18B9324B02221A70B7E71CF0A3
S214004A000CF91CF00BF93549314B18681DF049FAC2
S214004A10F1E71CF002F91CF001F931492C4B18683B
S214004A201DF03FFAD5E702F0BFFB032002F05AFF65
S214004A3050B900232B4A934210D82B4A126912F021
S214004A40200F0BD10133F5E71CF0E7F81CF0E6F871
S214004A5026491F4B18681DF024FAEAE703F056F9BA
S214004A6085E7012002F03EFF002880D01CF0D5F834
S214004A701CF0D4F8042322461D49154800681DF092
S214004A8010FA74E7012002F02DFF00283FF46FAF04
S214004A901CF0C3F81CF0C2F8224616490C4B1868E6
S214004AA01DF0FFF963E71CF0B8F81CF0B7F82B46CA
S214004AB022461149064800681DF0F3F955E700BF85
S214004AC0635C0120CC21002092210020F4700200BB
S214004AD0F837012020710200587102008071020030
S214004AE0C07102009F86010000080140E8710200C4
S214004AF018720200487202007C720200154B1B7886
S214004B0003B1704710B582B0044602F087FC80B14E
S214004B10104B01221A700023019300930E4A4FF4A3
S214004B20C8710E481BF083FF38B90D4B01221A706E
S214004B3003E0012002F0D6FE08B902B010BD1CF05A
S214004B406CF81CF06BF822460649074B18681DF0F7
S214004B50A8F9F2E7735C01206D4B00009C30012041
S214004B60725C0120C4720200F837012008B502F01A
S214004B706DFC024B01221A7008BD00BF715C01205B
S214004B8010B59A4B1B78043B042B00F22381DFE818
S214004B9013F005009200B300EF001501944B1B784C
S214004BA0002B40D0032002F09DFEA8B9914B1A7846
S214004BB0914B1968914B188809F038FE0446F8B9ED
S214004BC0032002F08FFE88B91DF06EFC8C4B186037
S214004BD0864B05221A70FDE01CF01FF81CF01EF82C
S214004BE08849894B18681DF05CF9DFE71CF015F85A
S214004BF01CF014F88549844B18681DF052F9E3E759
S214004C00012002F06FFE18B9784B08221A70E1E016
S214004C101CF003F81CF002F822467D497A4B18680F
S214004C201DF03FF9F0E71DF03FFC754B1B68C01AFE
S214004C3008F0D4FD42F21073984240F2CB80754AD9
S214004C4013780133DBB21370032B1AD9012002F05C
S214004C5049FE50B9704BFF221A70684B4FF6FF7230
S214004C601A80624B02221A70B4E01BF0D6FF1BF0CB
S214004C70D5FF684B1A786949634B18681DF011F91F
S214004C80E8E7012002F02EFE40B95C4B1888FFF7DB
S214004C90F5FA1DF009FC5A4B18609BE01BF0BDFFAF
S214004CA01BF0BCFF03235B4A12785D495648006838
S214004CB01DF0F7F8E9E71DF0F7FB514B1B68C01A2B
S214004CC008F08CFD0446574B984240F28380012042
S214004CD002F008FE28B909F01BFE444B08221A70A1
S214004CE078E01BF09AFF1BF099FF22464E49464B90
S214004CF018681DF0D6F8EEE74C4B1B78002B69D0F1
S214004D004A4B00221A70032002F0ECFD88B93B4B98
S214004D101A88384B19784FF4FA6009F0C3FD044638
S214004D2098B91DF0C1FB364B1860304B07221A703D
S214004D3050E01BF072FF1BF071FF4FF4FA623C4923
S214004D40314B18681DF0ADF8E1E7012002F0CAFD0E
S214004D5018B9264B08221A703CE01BF05EFF1BF0C9
S214004D605DFF22463349284B18681DF09AF8F0E795
S214004D701DF09AFB224B1B68C01A08F02FFD044654
S214004D8047F23053984225D9012002F0ABFD50B9C6
S214004D90214BFF221A70194B4FF6FF721A80134BE5
S214004DA002221A7016E01BF038FF1BF037FF22466F
S214004DB02149154B18681DF074F8E9E7012002F048
S214004DC091FD40B9144BFF221A7000231B4A138032
S214004DD0064A137010BD1BF020FF1BF01FFF18497A
S214004DE0094B18681DF05DF8ECE700BF635C012016
S214004DF0875C0120CA21002010A7002092210020F5
S214004E003C320120EC720200F83701201C730200CD
S214004E103C730200835C0120CC2100205C730200FE
S214004E209C730200E0930400C8730200865C0120B5
S214004E30F473020020740200447402009E5B01209A
S214004E407C740200014B1878704700BF7C5C012020
S214004E50054B1B782BB1054B1868A0F50010C00851
S214004E6070470020704700BF7C5C012014200020A3
S214004E7070B590B03D4B00221A7003A802F05CFF9C
S214004E80079A9AB1D3680BB94FF4805338490B6030
S214004E901469B4F5800F18D313B113F0070F30D090
S214004EA0012002F01FFD00BB10B070BD012002F013
S214004EB019FD0028F8D01BF0B0FE1BF0AFFE2D4900
S214004EC02D4B18681CF0EDFFEEE7012002F00AFDFE
S214004ED00028E9D01BF0A1FE1BF0A0FE22462749C1
S214004EE0254B18681CF0DDFFDEE71BF096FE1BF076
S214004EF095FE1F4B1A6822491F4B18681CF0D1FFFD
S214004F00D2E74FF400130293042302AA10211D488F
S214004F10006812F027F948B9029BB3F5001F05D3C5
S214004F20B3F5800F02D813F0070F02D04FF400132A
S214004F300293154B029A1A600C4B01221A7003203A
S214004F4002F0D0FC0028AFD01BF067FE1BF066FE18
S214004F50094B1D68064B1E68FFF77AFF0090234634
S214004F6032460A4928461CF09CFF9DE77C5C0120DF
S214004F701020002098740200F8370120C874020040
S214004F8004750200882000201420002044750200CA
S214004F9038B5294B1C7824B30546002847D0274B44
S214004FA0186800F10803B3F5800F42D8244B19683F
S214004FB0B0FBF1F301FB130313B903F00DF890B93E
S214004FC0082229461D4B186802F0E8FFE8B91B4A7C
S214004FD0136808331360042310211A48006812F07F
S214004FE077F8204638BD012002F07CFC08B9002482
S214004FF0F7E71BF012FE1BF011FE104B1A68124961
S214005000124B18681CF04DFFF1E7012002F06AFC15
S21400501008B90024E5E71BF000FE1BF0FFFD074B78
S2140050201A680B49094B18681CF03BFFF1E700248F
S214005030D7E70024D5E700BF7C5C012014200020C1
S214005040102000208820002074750200F837012008
S2140050509075020038B502230CE00C4D28780C4BF6
S21400506003EBC000FFF794FF2B78013303F00F0328
S2140050702B7023465C1EE4B23BB1044B1A78D2B2C6
S214005080044B1B78DBB29A42E7D138BD6C5C01203A
S214005090F42F01206D5C012008B5054A4FF400137B
S2140050A01360042310210348006812F011F808BDAD
S2140050B01420002088200020024B1B78DBB2024A16
S2140050C0137070476A5C0120695C01201F4B1B78D7
S2140050D05A1C042A12D8D3B21C4A13701C4AD25C3B
S2140050E01C4B1A701C4A1378013313701B4B1B7829
S2140050F0042B0DD81A4B01221A7070470023134A4E
S2140051001370144A1370154A137801331370E9E7C5
S21400511010B50020124B1870FEF772FF1DF0C4F990
S214005120104B1860032002F0DDFB00B910BD1BF029
S21400513074FD1BF073FD0C4B1C681BF094FC0246C0
S2140051400A4920461CF0ADFEF0E700BF785C01205F
S214005150F0830200795C0120775C01207A5C0120F4
S2140051607B5C012098300120F8370120AC750200E6
S21400517030B5C5B0FFF76EFF1DF096F904465B4BE1
S2140051801B78013B032B1BD8DFE803F0021C36A478
S214005190FFF7FCF81DF07CFB554B18800023554AA2
S2140051A01360554A1380554A1370554A1370554A72
S2140051B01380554A1370554B1C604C4B02221A70D4
S2140051C045B030BD514B1868201A08F007FB1D2863
S2140051D0F6D94F4B1878002100F07F001DF050FBE9
S2140051E038B94A4B1C604B4B1C60404B03221A706C
S2140051F0E6E7FFF76BFFE3E7444B1868201A08F072
S214005200EDFA0546444B1B784BB9444B1B781BB94B
S214005210132801D9E5283ED90BB1E52D42D83E4BDF
S2140052201B7843B1384B1B782BB94F2DC8D902F0E9
S214005230CDF8002839D1F92DC2D9FEF70DFF00218F
S2140052402B4B18881DF01CFB334B1B78EBB12D4AFB
S2140052501288D2B18DF8083000238DF809302C4B17
S2140052601B788DF80A302E4B1B788DF80B30402AB1
S2140052702ED8D2B28DF80C2092002A490DF10D00DE
S21400528020F089FA02A8FEF7D7FB204B1C60174BCC
S21400529004221A7094E71E4B187800F07F00FFF780
S2140052A02DFCBCE7FEF7D8FEB9E7194B187800F0DE
S2140052B07F0078230193082300934023194A014670
S2140052C002F0DCF80F4B18800F4B01221A70B2E781
S2140052D04022CFE70D4B1868201A08F07FFAB0F589
S2140052E0FA7FFFF46DAFFFF7F1FE69E77B5C012004
S2140052F09C5B0120BC3101209A5B0120755C01207B
S214005300765C0120985B0120745C0120C43101208A
S214005310795C0120C03101207A5C0120735C012099
S214005320775C0120BC300120024B1878003818BF8B
S214005330012070477B5C012008B5254B1B7803B124
S21400534008BDFEF773FC28BB02F040F8002830D0FA
S2140053500023204A1370204A1370204A1370204AF4
S2140053601378013313700120FEF74AFE184B012212
S2140053701A70032002F0B6FA0028E1D01BF04DFCAC
S2140053801BF04CFC052304221649174800681CF045
S21400539088FDD5E7032002F0A5FA0028D0D01BF040
S2140053A03CFC1BF03BFC11490F4B18681CF079FDC8
S2140053B0C6E7012002F096FA0028C1D01BF02DFCAB
S2140053C01BF02CFC0A49084B18681CF06AFDB7E76E
S2140053D07B5C01207A5C0120785C0120795C0120EE
S2140053E0775C012040760200F8370120D475020071
S2140053F0FC75020038B504461DF032FA10B90025D7
S214005400284638BDFEF712FC0028F8D101F0DEFF72
S2140054100028F4D0FFF790FFFFF786FF0546002828
S214005420EED04EF6602008F06FF92044044B18606A
S214005430044B01221A70044B00221A70E0E700BFEA
S214005440943001206F5C0120665C012008B50F4B8C
S2140054501B7813B1FFF768FF00B108BD1DF000FA16
S2140054600028FAD01DF020F8094B1B7843B9094BE9
S2140054701B68C01A08F0B2F947F22F539842ECD9CD
S214005480034B00221A70FFF757FFE6E7705C012017
S214005490CB21002098300120034B187010B1034B2D
S2140054A001221A70704700BF705C0120CB210020DB
S2140054B0014B1878704700BF705C0120014B1870D4
S2140054C0704700BF655C0120014B1878704700BF2D
S2140054D0655C0120034B1B780BB101207047002050
S2140054E0704700BF685C0120014B1888704700BFFA
S2140054F0965B0120034B1B780BB101207047002000
S214005500704700BF675C0120002879D02DE9F04184
S214005510044648F28213994202D80020BDE8F08182
S21400552048F28312002120F0FDF9A5232370FFF72F
S214005530D1FF6070FFF7D8FFA0706423E370FFF719
S214005540D9FF20710825002626E008EB83000530E9
S21400555004EB000C0EEB8E110EEB810101EB8301C8
S214005560284A0A44B2F905102154B2F80510090A6F
S2140055708CF80110B2F907108CF80210B2F8072068
S214005580120A8CF803200133DBB2BB42DDD305F2EE
S2140055900515ADB20136F6B2FEF742FA20B37E2EFE
S2140055A022D819490B785FFA83FE0A78013202F096
S2140055B07F020A70134903EB831203EB8203CA18B7
S2140055C01779402F28BF4027A846CB5C63556B1C35
S2140055D05178E154AB1C9178E154EB1CD278E2543C
S2140055E02B1DE7540023D0E76671084A1378013371
S2140055F0DBB21370A3710023E37148F283108DE7CA
S2140056000020704774AD0020695C01206B5C0120AF
S214005610014B00221A707047675C012010B5FFF737
S21400562069FF30B1032002F05DF988B9FFF7F0FF9B
S21400563010BD032002F056F90028F9D01BF0EDFA51
S2140056401BF0ECFA09490A4B18681CF02AFCEFE735
S2140056501BF0E3FA1BF0E2FA054B1C68FFF744FF69
S2140056600246044920461CF01CFCDFE77076020068
S214005670F83701209C760200824B1B7823B9824BB8
S2140056801B78002B00F0FC8070B582B01CF00CFF7D
S2140056900446FFF749FE00282CD17A4B1B78002BD6
S2140056A049D1794B1B781BB3784B1B781BB1784BD1
S2140056B01B78002B65D1754B1B78002B75D1754B6D
S2140056C01B88632B00F28F802046FFF793FE00288E
S2140056D040F09D80704B1B78002B00F09B806F4B3A
S2140056E01868201A08F07AF86D4B984200F2B280DB
S2140056F002B070BD634B1B78002BF9D0694B1B685A
S214005700E31A002BF4DBFEF7C9FC5E4B00221A708E
S214005710012002F0E7F80028EAD01BF07EFA1BF022
S2140057207DFA614B1C681BF09EF902465F492046D5
S2140057301CF0B7FBDCE7534B00221A70554A13885F
S214005740013313801BF08FF90546FDF7B1FE4F4B72
S21400575001221A70564B1C60504B1C60032002F04E
S214005760C1F800289DD01BF058FA1BF057FA009598
S2140057706423484A12884F494B4800681CF091FB46
S2140057808FE7032002F0AEF810B9FFF741FF92E76B
S2140057901BF043FA1BF042FA64233E4A128846493D
S2140057A0414800681CF07DFBEFE7414B1868201A63
S2140057B008F014F847F22F53984299D9012002F0C6
S2140057C091F828B9FFF778FC304B00221A7076E77C
S2140057D01BF023FA1BF022FA1E223849324B1868B7
S2140057E01CF05FFBEEE7284B00221A70032002F045
S2140057F079F800283FF47CAF1BF00FFA1BF00EFA86
S21400580064222F49284B18681CF04BFB70E7234B8B
S2140058101C606DE7032002F065F818B91E4B0122E4
S2140058201A705CE71BF0F9F91BF0F8F91E4B1D68BF
S2140058301DF016F850B10126FEF7F8F940B1012325
S2140058403246204928461CF02CFBE7E70026F3E703
S2140058500023F5E70C4B00221A70012002F042F8F4
S21400586000283FF445AF1BF0D8F91BF0D7F9094BD9
S2140058701B88B42214490C4800681CF012FB37E75A
S214005880704700BF6F5C0120685C0120675C0120E8
S214005890655C0120965B0120665C012040A8002024
S2140058A01FBF020094300120F8370120D076020096
S2140058B044A80020087702003C7702005C770200CC
S2140058C09C770200C4770200FC77020038B5384B9C
S2140058D01B78EBB91BF0C7F8044658BB1CF0E4FD78
S2140058E00446334B01221A700023324A1380324A90
S2140058F01370324A1370324A1060324A1370032013
S21400590001F0F0FF40BB2046FFF774FD78B338BDCA
S214005910032001F0E7FF0028F9D01BF07EF91BF00A
S2140059207DF96423234A12882749284800681CF01A
S214005930B8FAECE7012001F0D5FF10B9FFF7BCFB81
S214005940CCE71BF06AF91BF069F9224620491F4B89
S21400595018681CF0A6FAF1E71BF05FF91BF05EF979
S21400596064221C49194B18681CF09BFACBE70320ED
S21400597001F0B8FF18B9134B01221A70C7E71BF0E5
S2140059804CF91BF04BF9114B1C681CF069FF50B129
S2140059900125FEF74BF940B101232A460E49204661
S2140059A01CF07FFAE7E70025F3E70023F5E700BFE2
S2140059B0685C0120965B0120675C01206F5C01201B
S2140059C040A80020665C012048780200F8370120D5
S2140059D070780200AC780200E478020008B50E4B3E
S2140059E01B7803B908BD00230B4A13700B4A1370CB
S2140059F0FEF754FB032001F075FF0028F2D01BF0E1
S214005A000CF91BF00BF9064B1A880649064B18686A
S214005A101CF047FAE6E700BF685C01206F5C0120D7
S214005A20965B012030790200F83701200279531E78
S214005A30DBB2012B00F27D812DE9F04184B00446F3
S214005A40C188002900F0E98080680378A02B1DD06B
S214005A50C32B7BD8B12BC0F0F680B13B122B00F2E3
S214005A60F280DFE813F07E00F000F000F000F000B7
S214005A70F000F000F000F000F000F000F000F000A1
S214005A80F000F000F000D700DD00E100012913D996
S214005A9061884078FEF702FAE388092B1DD80023B8
S214005AA0A44A934200F2B980A34A126912F0200F6A
S214005AB040F0B3800133F3E7012001F013FF002824
S214005AC000F0AB801BF0A9F81BF0A8F862889B4991
S214005AD09B4B18681CF0E5F99FE0032001F002FFDD
S214005AE008B9022510E01BF098F81BF097F8A36899
S214005AF05A789449924B18681CF0D3F9F1E7924B08
S214005B0092491CF0CEF90135092D10DC032001F076
S214005B10E9FE0028F7D01BF080F81BF07FF8884BD2
S214005B201868A3685A5D082DE9DC894BE8E703206E
S214005B3001F0D8FE0028B2D01BF06FF81BF06EF80C
S214005B4084497F4B18681CF0ACF9A8E7F12B7AD192
S214005B50032001F0C7FE00286AD17F4B01221A708D
S214005B605BE0022959D945788678002301E00133A5
S214005B70DBB2032B11D81946784A02EBC30212791E
S214005B80002AF4D0754A12F83320AA42EFD1734B9C
S214005B9003EBC10301225A719E71E388032B27D9B8
S214005BA0A368DF78032001F09DFE18B96C4B002235
S214005BB01A7032E01BF031F81BF030F8604B1868B2
S214005BC0638817F0010F0FD0664A17F0040F0DD048
S214005BD04221C7F3400703970291019200962A4696
S214005BE061491CF05EF9E1E7604AEEE74121F0E723
S214005BF0032001F077FE0028D8D01BF00EF81BF02B
S214005C000DF8009663882A4659494D4800681CF0EE
S214005C1048F9CBE72046FDF7D9FF04B0BDE8F08190
S214005C20C9B21AF0F1FEF8E7C9B2FDF72DFFF4E7A6
S214005C301AF0F3FF1AF0F2FF62884E49404B1868DC
S214005C401CF02FF989E7012AE7D14B4B1B7813F09C
S214005C50010F03D0237813F0010FDED0032001F0EC
S214005C6041FE08B900250BE01AF0D7FF1AF0D6FF60
S214005C7062884249324B18681CF013F9F2E7013586
S214005C80E388AB4210DD032001F02CFE0028F6D09E
S214005C901AF0C3FF1AF0C2FFA3685A5D3849284BB2
S214005CA018681CF0FEF8EAE7A16801200DF05AFC1F
S214005CB00546A168043101200DF054FC002D34DBAC
S214005CC0002785EAE573A3EBE5732E4A82FB0341C2
S214005CD0DE17C6EBA1164FF47A7101FB163682FB6F
S214005CE00534EB17C3EBA41383EAE374A4EBE37465
S214005CF0A2FB00324FEA921801FB18089509032010
S214005D0001F0F0FD002888D01AF087FF1AF086FF11
S214005D100B4B18685FB11C4ACDF8088001950096B9
S214005D2023461A491CF0BDF877E70127C9E7184A49
S214005D30F2E770479F86010000080140687902007C
S214005D40F83701208C790200689D0200B8790200BD
S214005D5054790200C4790200875C0120F4310120E6
S214005D607E5C012058790200C87902005C79020046
S214005D70147A0200487A0200CD210020687A0200D8
S214005D80807A0200D34D621060790200887A0200A1
S214005D906479020000B9704710B50446032001F08C
S214005DA0A1FD00B910BD1AF038FF1AF037FF2246E1
S214005DB00249034B18681CF074F8F3E7B07A020047
S214005DC0F837012030B583B0902811D004469128CA
S214005DD035D0032001F086FD08B31AF01EFF1AF036
S214005DE01DFF22462049214B18681CF05AF816E081
S214005DF0032001F077FDA0B9FF201CF0A8FD0024C9
S214005E001B4B1C701B4D284607F084FB0194009426
S214005E102346194A40F6B83128461AF008FE03B061
S214005E2030BD1AF0FAFE1AF0F9FE104B1C681CF092
S214005E3047FD0246114920461CF033F8DCE70320F4
S214005E4001F050FD30B90A4B00221A70094807F0DD
S214005E5061FBE4E71AF0E1FE1AF0E0FE0849034BA6
S214005E6018681CF01EF8EEE7F07A0200F8370120FA
S214005E707D5C0120C8310120DD430000C47A0200A9
S214005E80E07A020038B505460C46032001F02AFDEC
S214005E9000B938BD1AF0C1FE1AF0C0FE2B462246E5
S214005EA00249034800681BF0FCFFF2E7087B02008B
S214005EB0F837012070B582B004460D461A460B1A14
S214005EC001330146002001F06DFFB0B9214B1C687C
S214005ED0002C3CD06E1C642205FB0222B2FBF4F4BC
S214005EE01D4AA2FB04311D4B1B68A2FB0323DB08E3
S214005EF0B3EBD10F14D301202AE00646012001F0AF
S214005F00F1FC08B9002023E01AF087FE1AF086FE9E
S214005F10334622461249134800681BF0C2FFF1E7D9
S214005F20032001F0DFFC18B90C4B1C6001200FE0C9
S214005F301AF073FE1AF072FE064B1B680093334687
S214005F4022460949074800681BF0ABFFECE7012032
S214005F5002B070BD10A70020CDCCCCCCF031012013
S214005F60487B0200F8370120747B020010B582B02F
S214005F70E8B9032001F0B6FC78B90023164A13707E
S214005F8001930093154A4FF4FA7115481AF04FFD25
S214005F90144B06221A7002B010BD1AF03EFE1AF01C
S214005FA03DFE1149114B18681BF07BFFE5E70446E0
S214005FB0012001F097FC18B90A4B08221A70EAE78C
S214005FC01AF02BFE1AF02AFE22460949074B1868DB
S214005FD01BF067FFF0E700BF865C0120953C0000E1
S214005FE01C320120635C0120947B0200F8370120FC
S214005FF0D47B020010B550BB032001F073FC70B9CF
S214006000032001F06FFCC0B9194BFF221A70194B20
S2140060104FF6FF721A80184B02221A7010BD1AF043
S214006020FCFD1AF0FBFD124B1B78124A128813492E
S214006030134800681BF035FFE2E71AF0EEFD1AF091
S214006040EDFD10490E4B18681BF02BFFDCE70446ED
S214006050012001F047FC0028D6D01AF0DEFD1AF029
S214006060DDFD22460849064B18681BF01AFFCBE7F1
S214006070CC21002092210020635C0120007C0200DD
S214006080F8370120347C0200687C020010B580B12D
S2140060900446012001F026FC00B910BD1AF0BDFD33
S2140060A01AF0BCFD22460A490A4B18681BF0F9FE96
S2140060B0F3E7032001F016FC0028EED01AF0ADFD41
S2140060C01AF0ACFD0449034B18681BF0EAFEE4E73F
S2140060D0987C0200F8370120B87C0200F0B583B047
S2140060E004460D4616461F46032001F0FBFB08B982
S2140060F003B0F0BD1AF091FD1AF090FD01970096DE
S2140061002B4622460249034800681BF0CAFEEFE70A
S214006110D07C0200F837012038B50546FDF79EFD15
S2140061204FF6FF7398420ED00446294B1D7003208D
S21400613001F0D8FB30BB032001F0D4FB044668BB5B
S2140061400124204638BD012001F0CCFB28B90320ED
S21400615001F0C8FB60B90024F3E71AF05EFD1AF000
S2140061605DFD2A461B491C4B18681BF09AFEEEE79D
S2140061701AF053FD1AF052FD1849174B18681BF019
S21400618090FEE8E71AF049FD1AF048FD23462A4635
S2140061901349114800681BF084FECCE71AF03DFD59
S2140061A01AF03CFD0C4B18680E4B1B78DBB2032B29
S2140061B00BD00C4B1B78DBB2022B04D00A4A0B49DF
S2140061C01BF06FFEBDE70A4AF9E7094AF7E700BF8A
S2140061D0CC210020107D0200F8370120507D0200FF
S2140061E0847D0200635C0120047D0200B07D020015
S2140061F0FC7C020070B586B00446431EDBB2032B5F
S2140062004BD86F4B1B7823B16D4B1B78DBB2022B40
S21400621056D12046FDF722FD05464FF6FF739842FD
S21400622060D004A9002001F09FFD00286BD1002655
S21400623006F10803059A934275D808230DEB03026E
S2140062403146002001F0AEFD002840F087809DF822
S21400625008109DF8093041EA03219DF80A3041EA0A
S21400626003419DF80B3041EA03619DF80CC09DF890
S2140062700D304CEA032C9DF80E304CEA034C9DF88A
S2140062800F304CEA036C059B634569D3B4440CF1AC
S21400629008064C4B9942CBD146E0012001F022FB88
S2140062A010B9002006B070BD1AF0B7FC1AF0B6FCA4
S2140062B0042322464449454800681BF0F2FDF0E7F7
S2140062C0012001F00FFB08B90020EBE71AF0A5FC4F
S2140062D01AF0A4FC3A4B1A783D493C4B18681BF060
S2140062E0E0FDF1E7012001F0FDFA08B90020D9E74A
S2140062F01AF093FC1AF092FC22463649334B186883
S2140063001BF0CFFDF2E7012001F0ECFA08B90020FF
S214006310C8E71AF082FC1AF081FC2F492B4B18684C
S2140063201BF0BFFDF3E70026E6B10021084601F0AA
S214006330EDFD38BB294B1E60294BAA221A70294B4B
S2140063401C70294B1D801E4B02221A70032001F080
S214006350C9FA38BBFDF7D4FF0120A3E70026E3E720
S2140063600026E1E7012001F0BDFA08B9002099E710
S2140063701AF053FC1AF052FC1C49144B18681BF018
S21400638090FDF3E7012001F0ADFA08B9002089E797
S2140063901AF043FC1AF042FC15490C4B18681BF027
S2140063A080FDF3E71AF039FC1AF038FC0095234616
S2140063B032461049054800681BF073FDCAE700BF67
S2140063C0635C0120FC0404FCD07D0200F837012049
S2140063D0F87D0200207E0200547E020010A70020F6
S2140063E0CA210020CC210020922100207C7E0200C1
S2140063F0C07E0200F87E02002DE9F04184B0032042
S21400640001F070FA50B9032001F06CFA80B903204D
S21400641001F068FAB0B9002425462DE01AF0FDFB1D
S2140064201AF0FCFB7149724B18681BF03AFDEAE75C
S2140064301AF0F3FB1AF0F2FB6E496D4B18681BF06E
S21400644030FDE4E71AF0E9FB1AF0E8FB6A49684B0E
S21400645018681BF026FDDEE72A271EE0DFF8D88145
S21400646025E0664B3FE0032001F03CFA002844D1CB
S2140064700135EDB20134E4B2032C50D82646604B09
S21400648003EBC4031B79002BF4D05D4B13F83420C8
S2140064905C4B1B789A42DFD02027594B03EBC60390
S2140064A05B884FF6FF729342D8D0DFF890814FF6A4
S2140064B0FF718B42D7D0032001F014FA0028D7D002
S2140064C01AF0ABFB1AF0AAFB494B18683A464C4B3D
S2140064D013F8361003EBC6035F8893F806C05B79A3
S2140064E0002BBED0484B0393CDF808C0019700910F
S2140064F0334646491BF0D5FCBAE71AF08EFB1AF075
S2140065008DFB3F4B13F83630CDF8048000933346AE
S2140065103A463F49364800681BF0C3FCA8E7A5B1D9
S214006520032001F0DFF9F8B9032001F0DBF928BBFE
S214006530032001F0D7F9002830D1032001F0D2F96A
S214006540002849D104B0BDE8F081032001F0CAF963
S2140065500028E5D01AF061FB1AF060FB2D49244BA9
S21400656018681BF09EFCDBE71AF057FB1AF056FB88
S21400657021491F4B18681BF094FCD5E71AF04DFB19
S2140065801AF04CFB1A4B18681E4B1A78FF2A03D0D9
S21400659021491BF086FCCBE70022F9E71AF03DFB09
S2140065A01AF03CFB124B18681C4B1B78DBB2032B13
S2140065B009D01A4B1B78DBB2022B09D0174B1B787D
S2140065C043B9174A00E0174A17491BF06AFCB4E7BC
S2140065D0164AF9E7164AF7E71AF01FFB1AF01EFBF1
S2140065E01449034B18681BF05CFCABE79C7F020069
S2140065F0F83701203C80020078800200607F0200AD
S214006600F4310120CC210020587F020018810200BE
S2140066104C8102007C810200B8810200635C01208C
S214006620047D02007C7F0200F4810200687F020085
S214006630907F020010820200447F0200689D0200E4
S21400664000B583B01F4806F065FF00231E4A13708E
S2140066501E4A13701E4A13701E4A1370032001F060
S21400666041F950B9FDF71CFB88B11A4B01221A708C
S214006670FDF77AFD03B05DF804FB1AF0CEFA1AF0C7
S214006680CDFA1549154B18681BF00BFCEAE70320FA
S21400669001F028F948B9002301930093104A41F20B
S2140066A0883108481AF0C3F9E4E71AF0B6FA1AF087
S2140066B0B5FA41F288320B49084B18681BF0F1FB1B
S2140066C0E9E700BFC8310120815C0120805C012021
S2140066D07E5C01207D5C0120B0820200F83701203C
S2140066E0DD430000C482020070B5A2B02D4B1C88AA
S2140066F0A4B2882C00D9882422462B4968461FF06D
S2140067004AF894B19DF80050214628461AF036F90A
S21400671038B1062D35D8DFE805F008161B20252AE7
S2140067202F00012001F0DEF808B922B070BD1AF083
S21400673074FA1AF073FA23462A461C491C48006865
S2140067401BF0AFFBF1E721466846FDF7C5FAECE71C
S21400675021466846FDF7E8FEE7E721466846FEF76D
S21400676053F8E2E721466846FEF7DCF8DDE7214607
S21400677068461AF081F9D8E721466846FEF74EFFCC
S214006780D3E7012001F0AEF80028CED01AF045FA83
S2140067901AF044FA23462A460649054800681BF0C4
S2140067A080FBC2E7925B012014A70020048302004E
S2140067B0F83701202C83020010B582B000F098FD57
S2140067C0834B1B78002B5DD0824B1B78002B6AD046
S2140067D0814B1B78A3B91BF067FE04461CF040F8FB
S2140067E000286ED07D4B1B680BB97C4B1C607B4B26
S2140067F01868201A06F0F2FF43F6972398425AD8F4
S2140068001CF02EF8002800F0868075481AF0E8FA8A
S2140068101BF04AFE04461CF023F898B1714B1B7817
S21400682043B1714B1868201A06F0D8FF47F2305370
S214006830984207D9FF201CF08AF86B4B1C60694B06
S21400684001221A70694B1B78002B68D100F0C6FD38
S21400685000287CD1664B1B78002B40F08D80654B62
S2140068601B78002B00F09080624B1B78DBB2032B6A
S21400687000F092805F4B1B78DBB2022B00F0828028
S214006880012482E0524B01221A70FDF74FFAFEF700
S214006890EFFA002301930093574A4FF4FA615748E2
S2140068A01BF00EFE90E71BF0FFFD554B1860494BA2
S2140068B001221A708CE700F0A7FC474B01221A70E1
S2140068C09EE7464B00221A6000F00AFD002897D08B
S2140068D04B4B1868201A06F081FF4A4B98428FD916
S2140068E0012000F0FFFF50B90023474A934210D81A
S2140068F0464A126912F0200F0BD10133F5E71AF061
S2140069008CF91AF08BF94249424B18681BF0C9FA09
S214006910EAE7FDF773F832481AF067FA78E70023DB
S214006920324A13703C4A13703C4A1370012000F040
S214006930D9FF10B9FDF7B2FB88E71AF06EF91AF026
S2140069406DF93749334B18681BF0ABFAF2E700F0E5
S2140069504BFD00283FF47EAF032000F0C3FF002865
S2140069603FF478AF1AF059F91AF058F92D49294B27
S21400697018681BF096FA6DE71D4B00221A70FFF799
S214006980B3FE6CE7002400E00024FEF7CDFC50B117
S21400699024B1FDF783FB07E00024F6E7FEF7E8FBEB
S2140069A0FEF76AFE00E01CB1FEF7EAF802B010BD82
S2140069B0FEF762FEFEF74AFDFEF7B6FC0028F3D1AE
S2140069C0194B1B78002BEFD0FDF746FDECE700BF18
S2140069D0825C0120845C0120855C01201432012049
S2140069E0D0990200645C01201CA80020715C012084
S2140069F0625C0120635C01207B09020020A8002065
S214006A00183201201FBF02009F86010000080140C7
S214006A1050830200F8370120725C0120735C01206D
S214006A2090830200D48302007D5C012010B584B000
S214006A300D4BEC460FCBACE807008CF8003001237A
S214006A408DF803308DF8043000238DF808300E23BF
S214006A508DF80930054C694620461AF019FC204688
S214006A601AF007FC04B010BD588A0200002005404A
S214006A70044B00221A605A609A60DA60024A1A6072
S214006A80704700BF403201203152474610B58EB0E5
S214006A9001A801F051F9059A0AB3D3680BB94FF46F
S214006AA0805329490B6014694CB3B4F5E01F26D314
S214006AB0B4F5001F23D34FF4C012B2FBF3F203FB6E
S214006AC002F2B2F5C01F2CD14FF4E012B2FBF3F283
S214006AD002FB03F3B3F5E01F23D1012014E00120ED
S214006AE000F000FF08B900200EE01AF096F81AF041
S214006AF095F81649164B18681BF0D3F9F3E70120F2
S214006B0000F0F0FE10B900200EB010BD1AF085F8A7
S214006B101AF084F822460F490D4B18681BF0C1F98D
S214006B20F1E7012000F0DEFE08B90020ECE71AF0DD
S214006B3074F81AF073F8044B1A680749044B18687F
S214006B401BF0AFF9F1E700BF18200020F883020021
S214006B50F8370120288402007084020008B510234C
S214006B60044A03210448006810F0B2FAB0FA80F034
S214006B70400908BD403201208820002008B51023B7
S214006B800F4A03210F48006810F0ECFA20B90C4BAE
S214006B901A680D4B9A4207D0032000F0A3FE20B9D6
S214006BA0FFF766FFFFF7DAFF08BD1AF036F81AF0AF
S214006BB035F80649064B18681BF073F9F0E700BF76
S214006BC0403201208820002031524746B884020017
S214006BD0F83701202DE9F041ADF5007D674BD979F6
S214006BE0674A52F821809E68731EB3F5802F33D211
S214006BF0002001F013F9002842D1033626F00306E0
S214006C000024B4427FD2351BB5F5807F28BF4FF4F1
S214006C10807504EB08072A4640A9384601F0A0F91B
S214006C2000283DD12B4640AA2146002001F0D8F886
S214006C30002846D12B466A462146002001F0B2F8CD
S214006C4000284FD12A46694640A81EF041FE00287B
S214006C5048D104F58074D4E7012000F043FE20B943
S214006C6000200DF5007DBDE8F08119F0D6FF19F083
S214006C70D5FF32464349444B18681BF012F9EFE73C
S214006C80012000F02FFE08B90020EAE719F0C5FF42
S214006C9019F0C4FF3D493C4B18681BF002F9F3E7B6
S214006CA0012000F01FFE08B90020DAE719F0B5FF52
S214006CB019F0B4FF3A463649334B18681BF0F1F822
S214006CC0F2E7012000F00EFE08B90020C9E719F02F
S214006CD0A4FF19F0A3FF22462E492B4B18681BF081
S214006CE0E0F8F2E7012000F0FDFD08B90020B8E763
S214006CF019F093FF19F092FF22462749224B186895
S214006D001BF0CFF8F2E70021084601F0FFF858B96B
S214006D10002001F0A1F8B8B9032000F0E3FD18BB8D
S214006D2000F0F4FF01209CE7012000F0DBFD08B92D
S214006D30002096E719F071FF19F070FF1749124B03
S214006D4018681BF0AEF8F3E7012000F0CBFD08B999
S214006D50002086E719F061FF19F060FF10490A4B22
S214006D6018681BF09EF8F3E719F057FF19F056FF66
S214006D700C49054B18681BF094F8D1E74032012007
S214006D80508A0200E8840200F83701200C850200D1
S214006D902C8502005085020070850200988502004E
S214006DA0C0850200E48502002DE9F047ADF5047DBC
S214006DB00021084601F0AAF800283AD182A900204E
S214006DC000F0D2FF002847D1002404F10803839A7C
S214006DD0934251D808236A462146002000F0E2FF7D
S214006DE0002840F090809DF800309DF8012043EA8E
S214006DF002239DF8022043EA02439DF8032043EA5B
S214006E0002629DF804309DF8051043EA01239DF8C0
S214006E10061043EA01439DF8071043EA016383998D
S214006E20994272D3234403F10804694B9A42CCD1A9
S214006E3023E0012000F056FD20B900200DF5047D6A
S214006E40BDE8F08719F0E9FE19F0E8FE6149624BEB
S214006E5018681BF026F8F0E7012000F043FD08B99B
S214006E600020EBE719F0D9FE19F0D8FE5B495A4B23
S214006E7018681BF016F8F3E70024631EB3F5802F9E
S214006E8045D2574B93F807A0BAFA8AFA4FEA5A1A2D
S214006E90544B53F82A904FF48021484601F09CF852
S214006EA0002847D104F1030828F0030800264645C9
S214006EB080F08480A8EB0605B5F5807F28BF4FF4E8
S214006EC080752B4642AA3146002000F06BFF002852
S214006ED041D106EB09072A4642A9384601F05EF87A
S214006EE0002849D12A4602A9384601F039F8002878
S214006EF053D12A4602A942A81EF0EAFC00284CD12B
S214006F0006F58076D3E70024B7E70024B5E701202E
S214006F1000F0E8FC08B9002090E719F07EFE19F0B2
S214006F207DFE4FF4802322462F492B4800681AF036
S214006F30B8FFF0E7012000F0D5FC08B900207DE797
S214006F4019F06BFE19F06AFE4A462849224B18686B
S214006F501AF0A7FFF2E7012000F0C4FC08B90020F1
S214006F606CE719F05AFE19F059FE324620491A4BC2
S214006F7018681AF096FFF2E7012000F0B3FC08B993
S214006F8000205BE719F049FE19F048FE3A46194919
S214006F90114B18681AF085FFF2E7012000F0A2FCFA
S214006FA008B900204AE719F038FE19F037FE3A46CD
S214006FB01149094B18681AF074FFF2E7084B83F87A
S214006FC007A09C6001221A73FFF7C8FD36E700BFD2
S214006FD0FC0404FC18860200F837012050860200E4
S214006FE040320120508A020074860200AC860200FD
S214006FF0D4860200F48602001887020010B584B01A
S214007000FFF714FDFFF7BAFDFFF740FD5B4B187066
S214007010032000F067FC20B9594B9B79BBB904B03C
S21400702010BD19F0FAFD19F0F9FD554AD379117B18
S2140070309068524C247803940290019100939388B0
S21400704092795049504800681AF02BFFE4E74C4A02
S214007050938801339380FFF781FD08B3032000F087
S21400706041FC60BB464B9B88042BD8D9434B1B780E
S2140070701BB1434B1B7B002B42D1012000F032FC9E
S21400708050BB012000F02EFC00282FD13C4B9B88E3
S214007090052BC4D93A4B05229A80FFF75FFDBEE761
S2140070A0012000F01FFC0028D8D019F0B6FD19F01A
S2140070B0B5FD3649344B18681AF0F3FECEE719F0E2
S2140070C0ACFD19F0ABFD05232D4A928830492E48B9
S2140070D000681AF0E6FEC5E719F09FFD19F09EFD60
S2140070E02C49294B18681AF0DCFECAE719F095FD02
S2140070F019F094FD2849244B18681AF0D2FEC5E70B
S214007100032000F0EFFBC8B91D4B00229A80012235
S2140071109A71FFF723FDFFF75DFDF8B1012000F03F
S214007120E1FB00283FF47BAF19F077FD19F076FD00
S2140071301A49154B18681AF0B4FE70E719F06DFD81
S21400714019F06CFD104B18680D4BDB7923B1422209
S21400715013491AF0A6FED7E74122F9E7012000F00E
S214007160C1FB00283FF45BAF19F057FD19F056FD40
S2140071700C49054B18681AF094FE50E7885C01200D
S2140071804032012044870200F83701209087020031
S214007190C4870200E48702002C880200948802005C
S2140071A06C880200CC88020008B5134B01229A7145
S2140071B000229A80FFF7D2FC70B9012000F092FB03
S2140071C000B908BD19F029FD19F028FD0B490C4B34
S2140071D018681AF066FEF4E7032000F083FB002828
S2140071E0EFD019F01AFD19F019FD0649044B18687E
S2140071F01AF057FEE5E700BF40320120048902007E
S214007200F83701204089020008B52E4B9B792BB930
S2140072102C4A127B12B12B4A92887AB113B12A4BB0
S2140072201B7863B9274B00229A719A80FFF796FC69
S214007230002837D1012000F055FB48BB08BDFFF7FA
S214007240B3FDB0B1032000F04DFB0028EAD019F0E2
S214007250E4FC19F0E3FC1D4B18681A4BDB7933B1DC
S2140072604222184B9B681A491AF01BFEDAE74122A5
S214007270F7E7012000F036FB0028D3D019F0CDFC4C
S21400728019F0CCFC1349114B18681AF00AFEC9E72E
S21400729019F0C3FC19F0C2FC0F490C4B18681AF021
S2140072A000FECBE7032000F01DFB0028C6D019F037
S2140072B0B4FC19F0B3FC0949044B18681AF0F1FD48
S2140072C0BCE700BF40320120885C0120F83701206F
S2140072D078890200B8890200F4890200208A020038
S2140072E0024B9879003818BF0120704740320120C1
S2140072F008B5024819F0BDFF08BD00BF00200540D4
S21400730038B50546164C0122114620681DF005FBCF
S214007310144920681DF02DFD0122002120681DF073
S21400732052FD00222946206810F0CAFA08B901204A
S21400733038BD0122022120681DF0EFFA09492068B5
S2140073401DF017FD0122002120681DF03CFD0022E3
S2140073502946206810F0B4FAB0FA80F04009E7E752
S214007360503401206C8A020010B50446FFF7C8FFAF
S21400737028B9054B01221A70044B1C7010BD024B35
S21400738000221A70FAE700BF8A5C0120895C01209F
S21400739000B583B00B4B18604FF40073ADF80630A1
S2140073A00DF1060208491DF0E8FCBDF80630B3F5FD
S2140073B0007F03D1022802D1002000E0012003B0A4
S2140073C05DF804FB5034012050320120024B18684F
S2140073D0003818BF0120704750340120014B187840
S2140073E0704700BF8A5C012008B5094B1B786BB15B
S2140073F003F0FF00074B1B684BB1074B1878FFF7ED
S2140074007FFF20B1024B00221A7000E0012008BD69
S2140074108A5C012050340120895C012010B50446A6
S214007420094B186868B1012211461DF076FA012250
S2140074302146054B18681DF089FAB0FA80F040091D
S21400744010BD0020FCE700BF5034012008B5034BF8
S214007450186808B11DF07DFA08BD00BF5034012041
S21400746010B50446044B186820B11DF072FA204689
S214007470FFF77AFF10BD00BF503401202DE9F04F12
S21400748083B004461E465E4B1868002800F0B480A1
S21400749088461546002A00F0B18026B934462046B4
S2140074A003B0BDE8F08F012211461DF036FA5549AB
S2140074B0534B18681DF05DFC002838D1504F012250
S2140074C0002138681DF07FFC00222146386810F045
S2140074D0F7F988BB802E00D9802606F130039BB2D0
S2140074E0802B2ED9C6F18007BFB206EB070A1FFA1B
S2140074F08AFA4FEA8A04A4B21AF0D6FF83460D9B96
S2140075004EF66020984228BF184680B206F0FCF877
S21400751081460020A04216D21AF0C6FFA0EB0B0050
S214007520484510D8364B18681DF04BFCF2E740462D
S214007530FFF71AFF0024B2E74046FFF715FF0024C6
S214007540ADE73027D1E7DFF8B89001220021D9F85F
S21400755000001DF0E2F9D9F800001DF032FC84426C
S21400756028BF0446A0B220F003091FFA89F9830851
S214007570BAEB900F03D99E4210D29B1B9FB20024F9
S214007580A7420DD904220DEB02011D4B18681DF011
S214007590F6FB042804D10134A4B2F1E70027EEE795
S2140075A00024A64224D907EB040C4FEA8C0C1FFAE1
S2140075B08CFCCC451CD204220DEB0201104B186843
S2140075C01DF0DDFB042813D19DF804309DF805104E
S2140075D005EB840243EA012325F824309DF80630A3
S2140075E09DF8071043EA012353800134A4B2D8E77C
S2140075F04046FFF7B9FE52E7002450E700244EE766
S21400760050340120688A020008B5024B1B6803B19B
S214007610984708BD8434012008B5024B5B6803B167
S214007620984708BD8434012008B5024B9B6803B117
S214007630984708BD8434012008B5024BDB6803B1C7
S214007640984708BD8434012008B5024B1B6903B176
S214007650984708BD8434012008B5024B5B6903B126
S214007660984708BD8434012030B585B0094C22689F
S214007670094B1A60094D0A4B2B600A4B019304F024
S21400768097FE02902B68039301A9206819F011FF5A
S21400769005B030BD38200020C8420120C442012079
S2140076A02C2000207C99020008B5024B186819F0BF
S2140076B014FF08BD3820002038B504F079FE0446D3
S2140076C0064D2B68D3F8B00204F066FE286819F061
S2140076D01EFF204604F060FE38BD00BF38200020A4
S2140076E038B501F0B7FE01210D4801F085FA0122F8
S2140076F01146002001F0F2FD0A4C0225C4F8805025
S21400770001221146002001F0E9FDC4F88450012250
S2140077101146002001F0E2FDC4F88850002038BD74
S21400772030253E0000400E4008B5164B01225A6434
S21400773003F050F8024668B9134B4AF6E851C3F80E
S2140077409011D3F8981141F00401C3F89811002164
S214007750C3F89011012A0DD90C4A136A23F4441376
S21400776043F488131362A2F58042136843F48073CF
S214007770136008BD044AD2F8643143F40053C2F8DB
S2140077806431E9E700000E4000300E4000400E4035
S214007790012900D9704708B5034B1B68186808B163
S2140077A0436A984708BD00BF3C20002030B599B01A
S2140077B02C4D11ACAC46BCE80F000FC49CE807008B
S2140077C084E8070000240B940C940D940E940F94F8
S2140077D01094254B0B93254B0C9306238DF83530D0
S2140077E007238DF8373008238DF8393009238DF8B4
S2140077F03B3001238DF83D308DF83E301E228DF84B
S2140078003F208DF8402009AA1C3595E8030082E841
S21400781003000DF10C0C039404940594069407944D
S21400782008948CE8030028228DF8142029228DF86D
S21400783015200F4A0692202207928DF820308DF8E8
S21400784021300C4B00930BAB11AA61460A4804F09A
S21400785087FF054621464FF4E13019F011FA284615
S21400786019B030BD9499020000080140006204007F
S2140078705837012078370120CC37012008B5034956
S214007880034805F0D5FAFFF791FF08BD4020002019
S214007890F037012008B502481AF017FD08BD00BFF2
S2140078A0CC37012008B502481AF00FFD08BD00BF0E
S2140078B0CC37012008B5024B1A6A1868904708BDF5
S2140078C0CC37012008B5024819F03EFA08BD00BFC3
S2140078D0B899020008B5024819F07DFA08BD00BF45
S2140078E0D099020003460B4A107828B10A4A12784B
S2140078F09A4202D2002000E00120084A12783AB1EB
S214007900074A127842FA03F313F0010F00D1002061
S214007910704700BFD0210020CF2100208B5C0120C3
S214007920CE21002008B5084B01221A70074B002212
S2140079301A70074B04221A70064B1F221A7004F0A6
S21400794037FD054B186008BDD02100208B5C012058
S214007950CF210020CE210020F837012008B50121D4
S214007960034801F049F919F0B9F800F075F808BDB8
S21400797000350A0008B50121014801F03DF908BDAF
S21400798000350A002DE9F04180460F4601F1090551
S2140079900026344604E05B21082000F06BFC01342E
S2140079A0AC4233D2052C1BD801A353F824F000BFF9
S2140079B097790000C9790000FD790000D1790000B0
S2140079C0D5790000D9790000FBB20433D9B2E3E7D9
S2140079D08021E1E70021DFE7731C3146DEB2DBE7FA
S2140079E0BB1DA3420CD0FB1DA3420BD007F108031E
S2140079F0A34209D0A31F18F80310CDE7D121CBE787
S214007A005A21C9E75A21C7E75D21C5E70020BDE82E
S214007A10F08100BF00B583B00022009201920221DF
S214007A208DF80010054819F015F9019008216846F0
S214007A30FFF7A8FF03B05DF804FB00BF006A18005C
S214007A40014B1022DA60704700A00044014B102260
S214007A50DA60704700A0004670B588B00DF1040CDF
S214007A60374C0FCCACE80F0094E807008CE8070012
S214007A700121344801F0C0F8334E0121304601F0B0
S214007A80BBF801258DF81250304B0393304C01A9FA
S214007A90204619F092FB2B4604220621022002F013
S214007AA047FB00232A460721022002F041FB2B4613
S214007AB004220821022002F03BFB2B46042211463A
S214007AC0002002F035FB234BA3670B2363674FF4BC
S214007AD0487006F0B9FBFFF7B3FF142006F0B4FBBE
S214007AE0FFF7B4FF232006F0AFFBFFF7A9FFB9218D
S214007AF0204619F0ACFBFFF7A9FF00231A46062123
S214007B00022002F015FB00231A460721022002F08D
S214007B100FFB2B4600220821022002F009FB2B4611
S214007B2000220421104602F003FB204602F0ACFEC1
S214007B300021A1676167304601F05EF808B070BDAD
S214007B40E899020000350A000052040000127A008C
S214007B50000401400B0B000B08B500F087F8124A32
S214007B600AE01068516850F8230041F823000133FA
S214007B7091688B42F5D30C320C4B9A4201D200230B
S214007B80F6E70B4A08E01168002041F823000133AD
S214007B9051688B42F7D30832064B9A4201D2002333
S214007BA0F6E7FAF7C9F900BFE8C50200F4C5020017
S214007BB0F4C50200F4C502000048704700F0490210
S214007BC0114BD3F8943003F00703023B032B0DD878
S214007BD0DFE803F0050F02080C4B18680BE00C4BAF
S214007BE0186808E00B4B1868400804E0094B186852
S214007BF001E04FF40040044BD3F80031C3F30423F4
S214007C000133B0FBF3F0704700400E405C200020CC
S214007C10602000205420002008B5FFF7D1FF054B58
S214007C20D3F80831C3F308230133B0FBF3F0024B5B
S214007C30186008BD00400E4058200020014B186810
S214007C40704700BF6020002008B5064B1860064B42
S214007C50D3F8943003F00703022B00D008BDFFF7DB
S214007C60DBFFFBE76020002000400E40044B054A87
S214007C709A60D3F8882042F47002C3F888207047D0
S214007C8000ED00E000000000014B1868704700BFE0
S214007C905C200020BFF34F8F0549CA6802F4E062FB
S214007CA0044B1343CB60BFF34F8F00BFFDE700BF0D
S214007CB000ED00E00400FA0508B5114BD3F82828BB
S214007CC0A2F17E63A3F58433B3F5104F11D2116889
S214007CD00C4B994210D10C4B1B781BB1022B01D0D8
S214007CE0002008E0D369984728B9074B01221A708C
S214007CF001E04FF4817008BD4FF48170FBE700BFD0
S214007D000000E10F07B0CD5E8C5C012008B54FF097
S214007D10005340F202221A804FF20F025A80054AA0
S214007D2001239360136823F4E06343F480631360D5
S214007D30FFF7B0FF00500E4008B50A4BD3F82828CE
S214007D40A2F17E63A3F58433B3F5104F09D2126B0C
S214007D50A2F17E63A3F58433B3F5104F01D25368C6
S214007D60984708BD0000E10F08B50D4BD3F828284A
S214007D70A2F17E63A3F58433B3F5104F0AD2126BDB
S214007D80A2F17E63A3F58433B3F5104F05D2936852
S214007D90984701E04FF4817008BD4FF48170FBE70F
S214007DA00000E10F38B50D4CD4F82848A4F17E6CDD
S214007DB0ACF5843CBCF5104F0AD2256BA5F17E6469
S214007DC0A4F58434B4F5104F05D2EC68A04701E062
S214007DD04FF4817038BD4FF48170FBE70000E10F6F
S214007DE038B50D4CD4F82848A4F17E6CACF5843C2C
S214007DF0BCF5104F0AD2256BA5F17E64A4F5843439
S214007E00B4F5104F05D22C69A04701E04FF48170FD
S214007E1038BD4FF48170FBE70000E10F08B50D4B4D
S214007E20D3F82828A2F17E63A3F58433B3F5104F68
S214007E300AD2126BA2F17E63A3F58433B3F5104F1A
S214007E4005D25369984701E04FF4817008BD4FF49E
S214007E508170FBE70000E10F00B583B001900F4B87
S214007E60D3F82828A2F17E63A3F58433B3F5104F28
S214007E700CD2126BA2F17E63A3F58433B3F5104FD8
S214007E8009D29369012101A8984701E04FF4817057
S214007E9003B05DF804FB4FF48170F9E70000E10FD2
S214007EA010B50A4BD3F82848A4F17E63A3F58433B3
S214007EB0B3F5104F04D2236B2BB15B6A984701E0F1
S214007EC04FF4017010BD4FF40170FBE70000E10FA6
S214007ED008B50D4BD3F82828A2F17E63A3F58433AA
S214007EE0B3F5104F0AD2126BA2F17E63A3F584336A
S214007EF0B3F5104F05D2936A984701E04FF401702E
S214007F0008BD4FF40170FBE70000E10F30B5E1B0AB
S214007F10124BD3F82838A3F17E63A3F58433B3F568
S214007F20104F15D20C464FF4C0726946FFF7B8FFE3
S214007F30054678B921466846FFF7CAFF40F2012396
S214007F409842F7D040F20323984203D0054601E05A
S214007F504FF40175284661B030BD00BF0000E10F48
S214007F6010B50D4BD3F82848A4F17E63A3F58433EF
S214007F70B3F5104F0AD2246BA4F17E63A3F58433C5
S214007F80B3F5104F05D2636B984701E040F201103D
S214007F9010BD40F20110FBE70000E10F10B50D4BDD
S214007FA0D3F82848A4F17E63A3F58433B3F5104FC5
S214007FB00AD2246BA4F17E63A3F58433B3F5104F85
S214007FC005D2A36B984701E040F2011010BD40F2C5
S214007FD00110FBE70000E10F08B50D4BD3F8282889
S214007FE0A2F17E63A3F58433B3F5104F0AD2126B69
S214007FF0A2F17E63A3F58433B3F5104F05D2D36B9D
S214008000984701E040F2011008BD40F20110FBE77E
S2140080100000E10FF0B18446F1B110B409E004F1BC
S21400802020000FE02033C01A18D1BCB10CF1010CAF
S21400803001319CF800400B4B1B5D03F00303012B42
S214008040EDD020460B78074AD25C02F00302012AE4
S214008050E9D1E7E701207047012070475DF8044B3F
S214008060704700BF83C402000346064A10680344F4
S214008070054A934202D8034A136070474FF0FF3018
S214008080704700BF64200020000004200B681A78A8
S214008090022A00D1704710B508461A79597902EBC2
S2140080A042021201064C144401EBC402920012680C
S2140080B0B2FA82F252091A7018F04DFE10BD00BFD7
S2140080C01CA0100230B583B005460468012117488D
S2140080D000F092FD002301226179207902F028F851
S2140080E02379627903EB43031B011149194402EB20
S2140080F0C1039B001B68B3FA83F35B092370A37963
S214008100022B02D0002003B030BD00F013FC2A463C
S2140081100849607900F036FC02466179207901232F
S2140081200193009301F0AEFFECE700BF00350A00B4
S2140081301CA010028D80000002681378022B15D058
S2140081401379517903EB43031B011548184401EBDF
S214008150C0039B0019680B1E18BF012390790128E5
S21400816005D018B9B1FA81F14909117070475188E4
S214008170490089B20B4343F47F4343F0C0034FF6F4
S214008180E0718B4205D04FF6DF718B4204D05380EE
S214008190704701211170FAE700211170F7E700BF60
S2140081A01CA0100208B50121294800F025FD012376
S2140081B004220221052001F0BBFF002001F056FF3B
S2140081C00121244BC3F810180A46042001F086F853
S2140081D0214800F0CFFE214BD3F8F02042F00102F8
S2140081E0C3F8F020D3F8FC2042F08072C3F8FC20DD
S2140081F0A3F55D431A4A1A6000F5D52000F2FC404C
S214008200C008184BA3FB0030800A0138164B1861D3
S2140082100222C3F8F0204FF48072C3F804234FF014
S2140082206043124AC3F8B02F114AC3F8802ED3F821
S214008230002E42F48072C3F8002EFF2283F820201E
S214008240D3F8002E22F48072C3F8002E002008BD5A
S21400825000350A000080144206000E0000ED00E023
S214008260FF03004017916502000004E055CEACC540
S214008270090001004FF06043D3F8803E13F0010F71
S21400828001D1112070470E4AD2F8FC3043F08073BB
S214008290C2F8FC304FF06043D3F8002E4FF0010CCC
S2140082A00CFA00FC42EA0C02C3F8002E53F8203009
S2140082B0002BE8D04FF0604303F8201000207047F2
S2140082C000ED00E010B504460121094800F094FCDA
S2140082D00121084800F090FCA378B3FA83F35B0909
S2140082E004226178207801F023FF002010BD00BF33
S2140082F04041050000350A0083784BB90378427880
S21400830003EB43031B0101219140064AD1507047FD
S2140083100378427803EB43031B0101219140024A94
S214008320D15070470CA000440CA0004683784BB98F
S2140083300378427803EB43031B0101219140064A70
S214008340D15070470378427803EB43031B010121A9
S2140083509140024AD15070470CA000460CA0004441
S21400836002460378417803EB43031B010648184492
S21400837001EBC0039B001868C0B2937813B9B0FA3B
S21400838080F04009704700BF0CA01002F0B585B021
S2140083900C4694469DF83410664A1278002A00F07F
S2140083A0BD800546BCF1070F00F2BA800A9A002A83
S2140083B000F0B8800B9A002A00F0B6800E9AB2F54C
S2140083C0006F00F3B38001285BD05B4A02EB0C120F
S2140083D0127B002A00F0AC800022009201920292EA
S2140083E00392564A02EB4C1E002C4FD14FEA4C1615
S2140083F000209051CEF80400CEF80800CEF80C000D
S2140084009EF8020040F010008EF802009EF803006E
S21400841040F030008EF8030021B9C1B241F00301EC
S2140084208EF8031000930E9B013B444A4FEA4C1013
S21400843002EB4C11165A63F30E1616520A9B8B600B
S2140084400B9B4B60CB789DF83C2062F38303CB708C
S214008450012D36D0109B002B56D0374A4FEA0C1110
S21400846002EB0C1310985050119A5A6000249C602E
S2140084705D7372466946604601F056FF204605B0B9
S214008480F0BD0C9A002AA0D12D48F8E72B4F4FEAF2
S2140084904C1607EB4C120020B85150609060D0602C
S2140084A0907840F010009070D07840F00300D070C4
S2140084B00029B7D107EB4C12C1B241F03001D170A0
S2140084C0B0E70E460A7B42F001020A73D2B242F0CF
S2140084D002020A73CA68042161F39F02F26006F181
S2140084E0100796E80F0087E80F00F2696FF00301A7
S2140084F061F39F02F2610C9B7361012CAAD10B9A67
S214008500B2610C9A7260A5E7002DA6D10B4B03EB67
S2140085104C139A786FF304129A709EE70948AEE7F8
S2140085200748ACE70648AAE70548A8E70448A6E7D0
S2140085300548A4E78D5C0120FC380120FC370120AB
S214008540018000F0028000F0078000F0134B1B78DB
S214008550FBB110B50446F0B118F0D7FC0023072B8A
S21400856013D80F4A02EB0312127B0AB10133F6E767
S21400857023600B4A190102EB031301241C73002429
S214008580545018F0C8FC204602E018F0C4FC054819
S21400859010BD054870470548FAE700BF8D5C01200E
S2140085A0FC380120048000F0028000F0018000F01A
S2140085B038B518F0AAFC04460023072B06DC0C4A44
S2140085C002EB0312127B12B90133F6E7002222B146
S2140085D0204618F0A0FC074838BD01F059FE0025DB
S2140085E0054B1D70204618F096FC2846F4E700BFA1
S2140085F0FC380120058000F08D5C01200F4B1B78B5
S214008600BBB110B50446072815D818F07EFC0C4BF5
S21400861003EB04131B7B1BB918F07DFC09480BE029
S214008620074B03EB041300241C7318F074FC20465D
S21400863002E005487047054810BD00BF8D5C01206C
S214008640FC380120068000F0028000F0018000F077
S21400865000B583B0144B1B68019300238DF80430DB
S21400866018F053FC114B1B7833B9104B01221A70CB
S21400867018F051FC002309E018F04DFC0C480FE000
S2140086800C4A02EB0312002111730133072BF7DDAE
S21400869004238DF807300DEB030001F01BFE0020CD
S2140086A003B05DF804FB00BF549A02008D5C012005
S2140086B0038000F0FC38012010B5104C2478BCB1C3
S2140086C0072817DC0E4C04EB0014247BA4B10C4CDA
S2140086D04FEA001E04EB001C44F80E30029BCCF858
S2140086E004300024CCF8084001F01EFE204610BDE1
S2140086F00448FCE70448FAE70448F8E78D5C0120E4
S214008700FC380120028000F0018000F0078000F0B5
S21400871008B50A4B1B785BB107280BD8084B03EB50
S21400872000131B7B43B1002101F0CAFD002008BDE9
S2140087300448FCE70448FAE70448F8E78D5C0120A3
S214008740FC380120028000F0018000F0078000F075
S21400875008B50A4B1B785BB107280BD8084B03EB10
S21400876000131B7B43B1012101F0AAFD002008BDC8
S2140087700448FCE70448FAE70448F8E78D5C012063
S214008780FC380120028000F0018000F0078000F035
S21400879008B50A4B1B7853B107280AD8084B03EBD9
S2140087A000131B7B3BB101F013FE002008BD0548FB
S2140087B0FCE70548FAE70548F8E700BF8D5C0120AE
S2140087C0FC380120028000F0018000F0078000F0F5
S2140087D0104B1B78ABB1072815D8B1B10E4B03EB85
S2140087E000131B7B9BB10D4B1B6E0122824013EACC
S2140087F0020003D001230B700020704700230B708B
S214008800704707487047074870470648704706484D
S214008810704700BF8D5C0120FC38012000200E4010
S214008820028000F0018000F0078000F00C4B1B78FF
S21400883073B110B50C4607280CD869B1094B03EB89
S21400884000131B7B53B101F0D7FD2070002010BD34
S214008850054870470548FAE70448F8E70448F6E78D
S2140088608D5C0120FC380120028000F0018000F0C1
S214008870078000F0F8B5194B1F6EDB6E1F4002D460
S2140088800125002402E0FEE701346D00072C24D801
S2140088903D42F9D0114B9D662301114AD358002B57
S2140088A0F2D002EB0416B1680131B160726820465E
S2140088B0984780F00100C0B2737B012BE4D10028FA
S2140088C0E2D0084B03EB44131A7B6FF341021A7392
S2140088D01A7F6FF341021A77D6E7F8BD00200E40E4
S2140088E0FC380120FC37012010B5044602E02020A9
S2140088F007E09047DCB194FAA4F00028F7D0B0FA6D
S21400890080F00123834024EA0304094B03EB0013A1
S2140089105A68002AEED0064B03EB00131B7B002B95
S214008920E7D0034B03EB001399689047E2E710BDCE
S2140089307C39012008B5122000F046FE28B1084B0D
S2140089404FF48022C3F880211A600A2000F03CFE13
S21400895028B1034B4FF48062C3F880211A6008BD2B
S21400896000E100E038B505460C4618F0CEFA044B98
S21400897003EB05135C6000221A7318F0CCFA38BDBE
S2140089807C390120F8B505460F46164618F0BDFAA4
S21400899005F0FC0C0F4BD3F828140023032B0BD840
S2140089A05C1904F00304644421FA04F212F0010F87
S2140089B003D00133DBB2F1E7FF24FF2C06D0064BD1
S2140089C003EB04135F609E6001221A7318F0A3FA8B
S2140089D02046F8BD00A000407C39012008B5064BB3
S2140089E0D3F82804D3F81C24104000F05530C3F800
S2140089F02404FFF779FF08BD00A0004008B5064B29
S214008A00D3F82804D3F81C24104000F0AA30C3F88A
S214008A102404FFF769FF08BD00A0004008B5034B1B
S214008A201968034B18680EF079FA08BD6820002014
S214008A3088200020B0F1FF3F01D010B970470248EF
S214008A4070470248704700BF21E000F024E000F0C5
S214008A50F8B505460E469400224618F05FFBFFF771
S214008A60E9FF074628B92246314628461CF030FF63
S214008A7008B93846F8BD014FFBE700BF10E000F02C
S214008A8038B5044601F08CFDFFF7D4FF054608B163
S214008A90284638BD01F0A6FE0146204618F0D2F959
S214008AA00028F5D1004DF3E70EE000F008B518F009
S214008AB01DFA014B186008BD6C42012008B5024B38
S214008AC0186818F017FA08BD6C420120074BDB6BDC
S214008AD013F0400F04D1064BD3F8C830002BFAD160
S214008AE0024B5868C0F30140704700BF00300E408C
S214008AF00000C6430C4B984205D90C4B984210D840
S214008B0001210A4601E000210A46094B1A64094A77
S214008B10D2F8003123F0807343EA0163C2F80031D3
S214008B20704702210122F0E70048E8010090D003D8
S214008B300000C84300400E40014B1868704700BF55
S214008B408C200020114B5B68002300E00133042BCF
S214008B500CD80F4A02EBC30292F804C0CAB294457E
S214008B60F4D10B4A52F833208242EFD3052B0BD0B8
S214008B70074A02EBC3035979044A536823F040734B
S214008B8043EA0163536070470321F5E700000E4097
S214008B907C9A020008B5FFF713F8044BD3F80031AF
S214008BA0C3F3042303FB000008BD00BF00400E40D3
S214008BB010B5084B1C6CA4B241F671321A64FEF76D
S214008BC0FBFF0021FFF7BEFF14B1024B00221A6420
S214008BD010BD00BF00000E4010B5064B1C6CA4B2C2
S214008BE041F671321A64FFF7ADFF14B1014B002253
S214008BF01A6410BD00000E4010B4C0F30323013BFE
S214008C00092B21D8DFE803F0050820203023262092
S214008C10292D0024164A01E00024164AC0F3043029
S214008C2054B1134BD3F8443113F0010F04D1104B59
S214008C30D3F840311C42FAD102F1424303F58013C7
S214008C4000EBC300800001605DF8044B7047012410
S214008C50094AE3E71024094AE0E74FF48034084A5B
S214008C60DCE70024074AD9E70024074AD6E700BF16
S214008C7000400E40C0400E40E0400E40E8400E402F
S214008C80F0400E4050410E40B0400E40C0F303137B
S214008C90013B092B6BD8DFE803F0050B111B6A6A52
S214008CA02127415F334BD3F80001C0F304207047FF
S214008CB0304BD3F81401C0F3042070472D4BD3F883
S214008CC00031C3F300630133012098400138704738
S214008CD0284BD3F80C01C0F308207047254BD3F877
S214008CE00801C0F308207047234B984204D0234B5A
S214008CF098420AD0002070471E4BD3F8203103F06C
S214008D000F0301209840013870471A4BD3F82031E2
S214008D10C3F301130120984001387047184B98425E
S214008D2007D003F5B01303F5805398420AD000200D
S214008D307047104BD3F82831C3F301130120984035
S214008D40013870470B4BD3F82831C3F301230433A3
S214008D5001209840013870470A4B984201D0002005
S214008D607047044BD3F8300100F003007047002032
S214008D70704700BF00400E408006160080162E008A
S214008D8090171A00A009140000F00F0001380728F9
S214008D9065D8DFE800F0041B2A643E4D64553B4B63
S214008DA0D3F8943003F00703023B052B0CD8DFE81A
S214008DB003F0055803070B0902207047042070478C
S214008DC00B2070470C207047052070472F4BD3F8B8
S214008DD0803003F00703022B45D0042B45D0012B2F
S214008DE001D00120704703207047284BD3F8843009
S214008DF003F00703013B032B09D8DFE803F0023832
S214008E000604032070470A2070470620704701209A
S214008E1070471E4BD3F8883003F00703022B28D088
S214008E20042B28D0012B01D0012070470320704767
S214008E30164B1B6F13F001031FD003B309207047B6
S214008E40124BD3F85C3103F03003202B19D0302BB3
S214008E5019D0102B01D00120704707207047002042
S214008E60704703207047022070470A207047022090
S214008E707047022070470A2070470720704701207D
S214008E807047042070470820704700BF00400E401F
S214008E9010B50446FFF778FF1B4B9C4212D01B4BC5
S214008EA09C4215D01A4B9C4206D00138032828D87D
S214008EB0DFE800F014171D1A164BD3F8800000F0F8
S214008EC00700F2E7134BD3F8840000F00700ECE746
S214008ED0104BD3F8880000F00700E6E717F0E3FE33
S214008EE010BDFEF7D1FEFBE717F0E0FEF8E7FEF751
S214008EF067FE084BD3F80031C3F300630133D84054
S214008F00EEE70020ECE700BF030020000500240089
S214008F1002001E0000400E4008B50748FFF734FF69
S214008F20072804D0092805D1FEF74AFE03E0FFF71C
S214008F3003FE00E0002008BD06000E0008B1002079
S214008F40704710B504460A48FFF71EFF072805D0ED
S214008F50082809D0042804D0204610BDFFF7ECFDF1
S214008F60FBE7FEF76BFEF8E7FFF714FEF5E700BF3A
S214008F70B800320038B500F47813B3F5B01F00F02F
S214008F80938005463BD8B3F5402F00F0828010D979
S214008F90B3F5801F00F0AA80B3F5A01F27D157486D
S214008FA0FFF776FF564BD3F8303103F00303D84073
S214008FB01CE0B3F5802F61D005D9B3F5202F14D16E
S214008FC0FEF7FEFD12E0002B55D0B3F5003F0AD1A8
S214008FD0FEF7F6FD4A4BD3F80831C3F308230133F6
S214008FE0B0FBF3F002E0002000E0002038BDB3F54F
S214008FF0602F02D1FFF790FFF8E70020F6E7B3F501
S214009000381F5BD00ED9B3F5481F72D0B3F5781F62
S21400901021D1FEF7D5FD0446284617F062FFB4FBC3
S214009020F0F0E3E7B3F5001F52D006D9B3F5101FF2
S2140090300FD13248FFF72CFFD8E7B3F5D01F4BD03F
S214009040B3F5F01F03D12F48FFF722FFCEE700202D
S214009050CCE70020CAE7B3F5401F0AD12A48FFF73D
S21400906017FF274BD3F82831C3F301230433D84026
S214009070BCE70020BAE7FEF7A3FDB7E7FEF7A0FDC2
S2140090801F4BD3F80C31C3F308230133B0FBF3F0C6
S214009090ACE7FEF795FD1A4BD3F81431C3F304235F
S2140090A00133B0FBF3F0A1E71648FFF7F1FE144BCF
S2140090B0D3F8203103F00F03D84097E71148FFF7A5
S2140090C0E7FE0F4BD3F82031C3F30113D8408DE7EA
S2140090D00D48FFF7DDFE89E70B48FFF7D9FE084B82
S2140090E0D3F82831C3F30113D8407FE7FFF724FDF8
S2140090F07CE70020FFF722FF78E700BF050024008A
S21400910000400E4002001E000300200010B5FFF7CE
S2140091104FFD084B07225A67FEF752FDFFF7EAFCA1
S214009120FEF77AFD0446FFF7D1FC01462046FFF71E
S21400913053FD10BD00400E40014B1880704700BF25
S21400914096210020014B1880704700BF9421002014
S21400915004281ED8DFE800F0180312080D000E4B96
S214009160186AC0F3080070470B4B186900F07F00C0
S2140091707047094B986900F07F007047064BD3F89C
S2140091809C00C0F30A007047034B986B00F07F000A
S21400919070470020704700BF00400E4038B50C46B0
S2140091A0042813D8DFE800F043032F132100C1F38F
S2140091B00804274BD3F86838002BFAD1254A136ADF
S2140091C023F4FF7323F001032343136238BD01F039
S2140091D07F041F4BD3F86038002BFAD11D4A136961
S2140091E023F07F0323431361F0E701F07F04184B5D
S2140091F0D3F86438002BFAD1164A936923F07F031C
S21400920023439361E2E7134DD5F890306B6A23F061
S214009210300343F010036B62C1F3C31017F05BFE1C
S2140092202A6B0D4B1340234303432B63CEE74F2992
S21400923028BF4F24064BD3F87438002BFAD1054AC2
S214009240936B23F07F03E4B21C439463BEE700BF36
S2140092500020C84300400E4000F8FF0F134B5B6A27
S21400926013F0300F09D0202914D0302915D009B1B9
S2140092700F4A04E04FF4400201E04FF440020B4B6B
S214009280D3F8903032EA0303F9D112F4800F07D1F5
S214009290012070474FF40002F1E74FF44002EEE77A
S2140092A0024BD3F8A000C0F38020704700400E4069
S2140092B0FF33E107022801D00120704710B529B11D
S2140092C0054B4FF48064C3F8A84059660AB90120DC
S2140092D010BDFFF7C3FFFBE700400E4070B5042843
S2140092E000F28580DFE800F0484250033C0002238D
S2140092F001250024AC46002967D002284AD0002168
S2140093003B4B1D663B4B23449B001B68002BF9D050
S214009310002A6CD0374C6444A4002368002BF9D094
S214009320022864D1002962D0314B5B6A13F0010F2A
S21400933046D001222021FFF7BDFF0220FFF708FFDD
S2140093400646012200210220FFF7C8FF3146022010
S214009350FFF724FF264B1D662368002BFCD046E053
S2140093602023102504244FF0050CC4E78023402555
S21400937006244FF0070CBEE74FF400734FF48075D9
S21400938008244FF0090CB6E70823042502244FF002
S214009390030CB0E7164B5B6A13F0300F0ED1164B7A
S2140093A0DB6B134B5B6A13F0010FA9D0104E736A88
S2140093B023F0300343F010037362A1E700219FE718
S2140093C000210220FFF74AFFB7E709490B66084B62
S2140093D0D3F890100123A3401942F8D13AB1044BB8
S2140093E0D3F89020012303FA0CF31A42F7D170BD8C
S2140093F000400E408004F21000300E4010B50446C7
S214009400A8B1012818D0FFF7D3FBDCB9104B042213
S2140094105A67FEF7D5FBFFF76DFBFEF7FDFB04462C
S214009420FFF754FB01462046FFF7D6FB10BD01228E
S2140094301146FFF753FFE6E7012211461046FFF7F5
S2140094404DFFE0E7012CE4D1014B03225A67E0E729
S21400945000400E4038B5FEF7F1FB0446002100F050
S214009460B5FB1648FFF746FB012211460220FFF720
S21400947035FFFFF79DFB4CB1114BDB6B13F0400F34
S21400948004D1104BD3F8C830002BFAD10E4B022271
S2140094905A67FEF795FBFFF72DFBFEF7BDFB05466B
S2140094A0FFF714FB01462846FFF796FB04B138BDCC
S2140094B00121002000F08AFBF9E700BF0148E8011F
S2140094C000300E400000C64300400E4010B501229A
S2140094D011460320FFF702FFFFF76AFB084B052241
S2140094E05A67FEF76DFBFFF705FBFEF795FB044694
S2140094F0FFF7ECFA01462046FFF76EFB10BD00BFF3
S21400950000400E4070B504461120FFF73DFC0122D6
S21400951000210220FFF7E2FE237C022B2AD0002245
S214009520154E736A23F00103134373622278134BBC
S214009530C3F8A024A288637A43EAC223F362356B99
S21400954005F07F65E38845EAC325A37A1D43207AA4
S21400955045EAC01517F0BFFC05433563627BA37B65
S2140095601B0143EA0233E27B1343227B43EA0243B6
S214009570736370BD0122D3E700400E400000C8436D
S21400958038B505461120FFF7FFFB0D4A916B0D4CD1
S2140095900C4029780C436B7844EAC324AB7844EA41
S2140095A00364EB7844EA0324936BA34200D138BDEE
S2140095B0012200210846FFF791FE014B9C63F6E767
S2140095C000400E4080E4FFF84209064B53F8223074
S2140095D000F01F0023FA00F080F0010000F0010008
S2140095E0704700BF00E100E0074BDB6B13F0400F55
S2140095F004D1064BD3F8C830002BFAD1024B58687A
S214009600C0F30140704700BF00300E400000C64364
S214009610114BDB6B13F0400F1DD10F4BDB6B13F0C0
S214009620400F04D10D4BD3F8C830002BFAD10A4BAB
S2140096301A68C2F301225B68C3F301439A4205D954
S214009640054A136843F0100313607047024A136814
S21400965023F010031360704700300E400000C6432E
S214009660074B1B6813F0100F05D0064B1B69C3F39E
S2140096700443082B00D07047034B044A1A60FAE7ED
S21400968000300E4000400E4054200020C0EA210169
S2140096901A48C26CC2F30322194B1B8803F1280137
S2140096A003EB51032833013202EB8201B3FBF1F3E3
S2140096B0013B072B28BF0723C16C21F0EE6141EA6E
S2140096C0036343F48013C3640E4BB3F90030002BDE
S2140096D013DB9BB203F1280103EB51032833510837
S2140096E001EB4202B3FBF2F3072B28BF0723026D00
S2140096F022F0700242EA03130365704700300E4002
S214009700A45B0120A05B0120024B1880024B19804D
S214009710704700BFA45B0120A05B012010B10128A8
S21400972004D07047034B044A9A657047014B034ABE
S2140097309A65704700300E4077402057372110B7A3
S2140097401A4BD3F83032032929D8DFE801F0021289
S2140097501518DBB24AB91B0333F4704121D1144803
S214009760C16E21F470411943C166012A09D0012057
S2140097707047C3F30723EDE7C3F30743EAE71B0E7F
S214009780E8E71B0333F470420DD10949D1F8EC2009
S21400979022F470421343C1F8EC30012070470020D9
S2140097A07047002070470020704700BF0081E00F20
S2140097B000300E401B02A2B101221343B3F5007F16
S2140097C04DD022D8B3F5807F42D00CD940F201129A
S2140097D0934215D1294BD3F824321A0EC3F307430C
S2140097E010E00022E9E763B3012B06D1234BD3F840
S2140097F02432C3F30722DBB204E00022134601E062
S2140098000022134603600A607047B3F5407F2DD0F0
S21400981040F20132934206D1184BD3F828321A0E82
S214009820C3F30743EEE740F20122934206D1134BFF
S214009830D3F82832C3F30722DBB2E3E7002213464D
S214009840E0E70E4BD3F81C32C3F30722DBB2D9E7AE
S2140098500A4BD3F81C321A0EC3F30743D2E7074B62
S214009860D3F82032C3F30722DBB2CBE7034BD3F89F
S21400987020321A0EC3F30743C4E700BF0081E00F8F
S21400988038B5002850D04B4BDB6B13F0400F07D198
S214009890494B1A78C2F1020210239340454A1361DD
S2140098A0464AD2F8804104F0010445F60E03C2F899
S2140098B08031434B1B6803F0010103F010000143A5
S2140098C003F04000084303F00401014303F48073EF
S2140098D00B431366374BDB6B13F0400F04D1394B49
S2140098E0D3F8C830002BFAD1324B1B6813F0100F98
S2140098F00DD0324BD3F8403113F0807FF9D1324B84
S2140099001A682E4B1A61314B1B78052B2BD02F4B28
S2140099101B78023B0A2B32D8DFE803F02E3F433198
S2140099203131313131464900244BD3F89020244B55
S2140099301A601120FFF728FA244B18701D4BDB6BBA
S21400994013F0400F04D11F4BD3F8C830002BFAD1C8
S214009950184B5B68C3F30143174A1370174B1A6919
S214009960194B1A6018E01A4B1D68FFF73DFE0146BA
S2140099702846FFF731F9CAE70020FFF73FFD104BF6
S2140099801B6813F0010F02D10C4B02221A661CB1A1
S2140099900A4B0022C3F8802138BD0120FFF72EFDB8
S2140099A0EDE7FFF757FDEAE7FFF790FDE7E7FFF77C
S2140099B0ADFBE4E700300E408E5C012000400E4018
S2140099C0744201200000C643704201208F5C0120D3
S2140099D054200020074A136823F44073417843EA72
S2140099E0012313604378022B00D07047024B5B6A5A
S2140099F0FBE700BF00300E4000400E4038B504467E
S214009A00F8B9FFF705FE184A136943F0040313611B
S214009A1017F054FB17F053FB144B154AC3F82424D5
S214009A2003F559231B6813F0100F0ED130BF17F043
S214009A3047FB03F0BBFB8CB10120FFF721FF84B18D
S214009A4038BD0020FFF71CFFDBE717F04FFA05468E
S214009A501CF092F9284617F04DFAE8E7FFF700FEEB
S214009A60EDE7FEF7D9F8EBE700ED00E000A00040D8
S214009A700000FFFF38B5044650BBFFF7C9FD1E4B7C
S214009A80D3F8802145F60E01C3F880114FF42071FB
S214009A90196612F0010F02D00022C3F88021174A7F
S214009AA0136943F004031361154B164AC3F82424C4
S214009AB017F004FB144B1B6813F0100F0CD130BFCB
S214009AC003F074FB8CB10120FFF7DAFE84B138BDD9
S214009AD00020FFF7D5FED0E717F008FA05461CF081
S214009AE04BF9284617F006FAEAE7FFF7B9FDEDE767
S214009AF0FEF792F8EBE700BF00400E4000ED00E0F6
S214009B0000A000400000FFFF00300E40134B9A6993
S214009B1022F03F020378D3B104234178C9B1022171
S214009B200B438178B9B108210B43C178012900D0D5
S214009B3000210B4301790B431343084A93611368D2
S214009B4023F44033417943EA01431360704700230E
S214009B50E3E70021E4E70021E6E700BF00300E401F
S214009B60174BDB6B13F0400F29D170B504460D463A
S214009B70FFF73AFDA04218D0124BD3F80031FEF79B
S214009B801FF80646022C11D0C4F10202102393409F
S214009B900B4A136145B1D36B13F0400F04D10A4B47
S214009BA0D3F8C830002BFAD124B170BD0221FFF7DC
S214009BB013F8E9E700213046FFF70EF8F5E770479F
S214009BC000300E4000400E400000C64338B5114B32
S214009BD0DB6B13F0400F0BD10C4650B10E4B1B78CD
S214009BE013B10E4B98420FD921460020FFF7B8FF5D
S214009BF038BD0B4BD3F80051C5F304250135FDF7EE
S214009C00DFFF05FB00F0E9E721460220FFF7A8FF8B
S214009C10EEE700BF00300E4078420120002D3101F3
S214009C2000400E4008B50278034B1A700121002050
S214009C30FFF7CCFF08BD00BF7842012010B42C4BC4
S214009C405A6B4AF6E8515963294B9B6F13F0010F84
S214009C50FAD1274B1B6C13F0030303D025490124CC
S214009C60C1F8B44AD9B2814221D0032B00D01BB927
S214009C70431EDBB2012B21D91D4B9B6F13F0010F46
S214009C80FAD11B490B6C23F0030303430B64184BF8
S214009C909B6F13F0010FFAD1003818BF0120154B47
S214009CA0C3F8B40A012A1FD05DF8044B7047002899
S214009CB0FAD1104B0022C3F8B42AF5E70C4B4FF448
S214009CC00021D9620A4B9B6F13F0010FFAD10849A5
S214009CD00B6C23F0030343F001030B64044B5B6A35
S214009CE013F4002FFAD0C7E7014B00225A63DBE7D4
S214009CF000300E400000C6432DE9F04F8DB00091B5
S214009D000192002309930A930B93069307930893F3
S214009D10039304930593654A1288ADF808208DF8DE
S214009D200A30A0F5E163B3F5966F00F2AE80064602
S214009D30B0F5E16F8CBF4FF001094FF000096DD907
S214009D404FF4966A4FF4E164B6F5E16F6BD9584B61
S214009D50D3F8183208931A0E0592C3F307430893F4
S214009D60544DEF6CC7F301778DF808703B464A46B2
S214009D7003A906A8FFF71EFDD5F8EC30C3F30128AB
S214009D808DF8098043464A4604A907A8FFF712FD46
S214009D90321B089B0599C91A02FB01F1B1FBFAF1C7
S214009DA00B9119440B91DDF80CB0DDF818C0ABEB45
S214009DB00C0502FB05F5B5FBFAF509956544099512
S214009DC0DDF810E00798AEEB000404FB02F2B2FBED
S214009DD0FAF20A9284180A94059A8A4259D38B4258
S214009DE059D8A64559D3A04259D8AB4559D3AC4506
S214009DF059D8019B73B12F4BDB6D23F4FE4323F040
S214009E00020343EA0123B6F5E16F16D90222134393
S214009E10284AD365009B93B9012037E04FF4167AA1
S214009E204FF4966490E7224BD3F818320893C3F3A6
S214009E3007220592DBB2089392E70022E7E70022AA
S214009E4039464846FFF77CFC00B3012241464846A7
S214009E50FFF776FCD0B1A54238BF25460995E72D19
S214009E6028BFE7250995134B5B6E23F4FF7323F099
S214009E70010343EA4503B6F5E16F04D90122134313
S214009E800C4A536602E00022F9E700200DB0BDE858
S214009E90F08F0020FAE70020F8E70020F6E7002021
S214009EA0F4E70020F2E70020F0E700BFA49A0200E3
S214009EB00081E00F00300E4008B5214B1A6FDB6CB6
S214009EC013F0010F09D012F0060F06D013281FD981
S214009ED0143813281ED8082323E0194BDB6C13F024
S214009EE0010F09D112F0060F06D1092814D90A3835
S214009EF0092813D8082314E0114BDB6C13F0010378
S214009F000FD012F0060F0BD1272817D8082308E029
S214009F10042306E0102304E0042302E0102300E0FC
S214009F200023013B1A0342EA03220549CB6C23F4C3
S214009F307F431343CB64FFF7ABFB08BD1023F0E76A
S214009F4000300E4008B5074BD3F88039064A136F29
S214009F5023F0070303431367044B1888FFF7ACFF8F
S214009F6008BD00BF0000C64300300E40A25B0120C3
S214009F7008B5084AD36E43F08073D366064BD3F811
S214009F8080391BB10420FFF7DDFF08BD0020FFF776
S214009F90D9FFFAE700300E400000C64338B5304B14
S214009FA002229A639B6B03F00F03934254D104463C
S214009FB0B0F90C10C3884A2B09D9B3F5FA7F41D300
S214009FC040F6C312934240D84FF0005200E0002201
S214009FD0234BDB6C23F0405323F00103002937DBCF
S214009FE001210A4313431E4AD364D2F8EC3043F4EB
S214009FF04073C2F8EC30A2881A4B1A80FFF7B8FFFD
S21400A000B4F90C102089FFF77FFBA088FFF754FFF8
S21400A010A07BFFF783FB012211466088FFF76CFEEA
S21400A0200546D0B10E4AD36B43F48063D3636078A1
S21400A030FFF704FEA37A202B0CD000220A4BC3F8AD
S21400A04094270AE04FF08052C2E74FF04052BFE735
S21400A0500021C6E70122F1E70025284638BD00BFEB
S21400A06000300E40A25B01200000C643044AD2F82E
S21400A070443423F003030343C2F84434704700BF5C
S21400A08000A00040F8B50D4614461E46072A2AD8FA
S21400A090930000FA03F20F2199401D4817F01BF8B1
S21400A0A00027072C2AD8A10005F003028A400323C4
S21400A0B003FA01F1174817F00EF8174A22449200E7
S21400A0C01660164B23449B009DF818201A60012347
S21400A0D0A340134AC2F82434124B23449B009DF835
S21400A0E01C201A60F8BDA2F10807BB0000FA03F2B4
S21400A0F00F2199400C4816F0EEFFD2E7BF0005F09E
S21400A1000302BA400321B940084816F0E4FFD4E73A
S21400A11000A4004008A4004080208510A0208510E0
S21400A12000A000404021851004A400400CA400407C
S21400A130F8B504460D461E4617463AB1FBB100EB8D
S21400A140400109010122AA401D4B5A50072D1ED876
S21400A150A90004EB44031B0107FA01F20F2000FAE2
S21400A16001F11848184416F0B6FF3FB9FEB104EBEB
S21400A170440424010122AA40114B1A51F8BD00EBF9
S21400A180400109010122AA400F4B5A50DEE7A5F113
S21400A19008039B0004EB440C4FEA0C1C07FA03F27E
S21400A1A00F2199400948604416F095FFDDE704EB5F
S21400A1B0440424010122AA40034B1A51DEE700BFE3
S21400A1C00CA0004604A000400CA0004408A00040DC
S21400A1D002B97047F8B504460E46174603F0030565
S21400A1E0036823F4407303602A024FF4407116F0AC
S21400A1F080FF2EB9124B9C4217D0124B9C4219D0AE
S21400A2002368114B5A5D07FB02F26AB1A6EBC7033F
S21400A2101344013BB3FBF2F3013B226812F0020F3A
S21400A22001D003B901232361F8BD0848FEF7A2FE5A
S21400A2300646E5E70648FEF79DFE0646E0E700BF51
S21400A24000C0004000C40040A89A0200008204003B
S21400A2500092040038B505460C46002303640B4BF9
S21400A260C3634A7882F0010200F1424303F580138B
S21400A270DB0001339B001A600B7B8A684968FFF796
S21400A280A7FF2178284616F042FF38BDFFFF0700DB
S21400A29008B5094B4FF40072C3F88020BFF34F8F08
S21400A2A0BFF36F8F054B0021D96619624FF4AA40A1
S21400A2B0FEF7A2FC08BD00BF00E100E000200E4053
S21400A2C081F00101024B03449B001960704700BFF8
S21400A2D0A001F11010B5044601214FF4AA40FEF784
S21400A2E08BFC23786178A27842EA012242EA036274
S21400A2F00B4B1A6000221A62DA625A634FF0004271
S21400A300DA664FF0FF329A66064A4FF40071C2F8DA
S21400A3108011E3785B01DBB282F80933116010BD6F
S21400A32000200E4000E100E070B50C46C3B20125E7
S21400A3309D40254EB5660B6800EB400106EB01110B
S21400A340C1F88030637BC1F8883094F80AC0E37A9D
S21400A3501B0543EA0C4394F80CC043EA4C53C1F87F
S21400A360843022F00302C1F8982016F0CEFDF36E7A
S21400A3702B43F366237A13B1736B2B437363637AB1
S21400A3801BB1114AD36A2B43D3620F4B1B68227949
S21400A39022B1D243120262F47F42134062790AB1BC
S21400A3A043EA0223A2791AB1D24362F0FF021340B5
S21400A3B0E27902B11343044A1360044B9D62D563ED
S21400A3C016F0A9FD70BD00BF00200E4000200E4410
S21400A3D010B5C0B20124844016F097FD044AD36E2F
S21400A3E023EA0403D366034B1C6216F094FD10BDEB
S21400A3F000200E4000200E4410B5C0B20124844058
S21400A40016F083FD084B1B6A234205D1064B9B6A58
S21400A4109C4306D0002400E0002416F07CFD204675
S21400A42010BD0124F9E700BF00200E40054B5A6816
S21400A4305B68054B41F671321A649A6822F0010295
S21400A4409A60704700300E4000000E40034B9A683A
S21400A45022F001029A6000221A64704700000E4043
S21400A4600C4B0D4AD26912F0010F02D00BB1013B22
S21400A470F7E74BB1084B18610122DA60DB6913F08D
S21400A480040F04D1002070476FF0020070474FF0B1
S21400A490FF3070478096980000000E408C46E9B961
S21400A4A000207047013B124AD26912F0010F04D017
S21400A4B0002BF7D16FF0020070479BB10C4BDB69A5
S21400A4C013F0020F11D161450AD250F8042B084B45
S21400A4D09A6101310822DA60064BE4E70021F2E7D0
S21400A4E0002070476FF0020070476FF00100704761
S21400A4F000000E40809698002DE9F04780460E46F4
S21400A500254B196C1FFA81F941F6713119642349FC
S21400A51048684968996841F00101996097080023E6
S21400A5201D4614E01C498A6822F001028A60B9F1CF
S21400A530000F2DD00A460021116429E0514630460E
S21400A540FFF7ACFF0346C0B9554406EB8A06BD428A
S21400A55013D208EB85042046FFF782FF0346002847
S21400A560E0D1C4F30A04C4F50064A308A7EB050A07
S21400A570BAEB940FE2D39A46E0E707498A6822F0DE
S21400A58001028A60B9F1000F02D00A460021116468
S21400A5901846BDE8F08700BF00000E4000300E40B1
S21400A5A010B42B4B196C89B241F671321A64294AE1
S21400A5B0546852689A6842F001029A601861012253
S21400A5C0DA60DB6913F0040F0BD1214B0222DA604C
S21400A5D0214B1F4AD26912F0010F0ED06BB1013B1E
S21400A5E0F7E71B4A936823F00103936011B1134603
S21400A5F000221A644FF0FF300DE0154AD26912F0BF
S21400A600020F0BD1B3B1124A936823F00103936093
S21400A610E1B1002010645DF8044B70470C4A936863
S21400A62023F00103936011B1134600221A646FF001
S21400A6300100F0E7064A936823F00103936011B126
S21400A640134600221A646FF00200E4E70020E2E7F7
S21400A65000000E4000300E4080969800014B01220C
S21400A6609A60704700500E4010B4184B5C68002388
S21400A67018460BE0B2F5803F21D0154A52F8332039
S21400A680224202D0214200D110430133082B19D8B0
S21400A6900F4A02EBC30251680E4AD2F8E82112F0C4
S21400A6A0040FEAD10A4A52F83320B2F5006F06D0FA
S21400A6B0E0D8B2F5007F02D0B2F5806FDDD141F46C
S21400A6C08071DAE75DF8044B704700BF00500E401B
S21400A6D0AC9A02000040E00F4A790B7891F801C06E
S21400A6E043EA8C0391F802C043EA8C1391F803C046
S21400A6F043EA0C1391F804C043EACC2343EA02333E
S21400A7008A7943EA424304300001014A13507047F5
S21400A71000200440014B1860704700BF00008442D0
S21400A720037813B3012342780AB3042213438278D2
S21400A730FAB110221343C278EAB1202213430279F9
S21400A74043EA0223427943EA02338279AAB14FF4FC
S21400A75000421343C27943EA0243027A7AB14FF4C5
S21400A76000321343074A136070470023DBE70022DA
S21400A770DCE70022DEE70022E0E70022E9E700222D
S21400A780EFE700BF002004400D4AD2F8E4309B00FB
S21400A79003F03C03D2F8E010C1F381110B43837041
S21400A7A0D2F8E03003F03F034370D2F8E83003F00D
S21400A7B0F003D2F8EC20C2F3031213430370704781
S21400A7C000FF0FE0024BD3F8F000D3F8F410704708
S21400A7D00081E00F024BD3F8FC00000E704700BF6C
S21400A7E00081E00F044BD3F8E4301B0E0A3303F06D
S21400A7F01F030120984070470081E00F70B50546A2
S21400A80016461C460846D1B1402C20D01BD804B3AF
S21400A810202C13D1082306FB03F2530803EB401346
S21400A820B3FBF2F3203B0C4A02EAC3032A6822F089
S21400A83060022A602A6814432C606B6170BD07486A
S21400A840FEF798FBE0E7602CF8D10423E3E7062345
S21400A850E1E71023DFE700BFF8FF7F004041050077
S21400A86038B5054614460B4631B1013B6400B3FBD0
S21400A870F4F31B026B6138BD0248FEF77BFB034610
S21400A880F3E700BF4041050040F6AA63C36000231B
S21400A890036041F20502426083604361C364134A69
S21400A8A08264036643678367C367114B98420BD085
S21400A8B003F58063984207D003F58063984203D07F
S21400A8C003F58063984201D1002303650023836566
S21400A8D003F1804303F58233984203D003F5006307
S21400A8E0984201D10023C365704700BFF9FF0100FD
S21400A8F00000014038B504461AF05CF9054DA44640
S21400A900BCE80F000FC59CE80F0085E80F0000208C
S21400A91038BD00BF7C42012047F6FF739A4200F024
S21400A9208480062900F2838070B5444B13F801E05A
S21400A930BEF1020F7DD8424B03EBCE0191F802C068
S21400A940BCF1010F38BF4FF0010C604613F83E30E3
S21400A950012B26D03A4B03EBCE035C68002C6AD062
S21400A960B4F90030934204DBB4F90230934200DCC1
S21400A9701346A288FF2A2CD000212826C8221D466E
S21400A980D21A92FBF6F20A4412B22D4B03EBCE0318
S21400A99093F801E0964501DD002A2FDA0EF1FF322A
S21400A9A02CE0CB78A3EB0C0300249C420ED2191BA0
S21400A9B0A3EB5101224800EBCE00406830F91100AD
S21400A9C0904201DC0C46F0E74B1EEEE76344D8B23B
S21400A9D030E0B4F90620B4F908600121CFE75C3313
S21400A9E01849A1FB03139B09013212B2164696457D
S21400A9F00FDD04EBC201898899420AD304EBC20139
S21400AA008B68B1F9061001FB0533002BE7DA00234B
S21400AA10E5E7013E04EBC604A2889A4200D31A4634
S21400AA20624500D31046C0B204E0FF207047002005
S21400AA307047002070BD0020FCE700BFF49A0200BB
S21400AA407C420120D34D6210062975D83E4B5B5CD4
S21400AA50022B73D83D4911F83310012923D0002A60
S21400AA606ED010B4394901EBC3014C68002C69D094
S21400AA70201D364901EBC301897891422FD2334914
S21400AA8001EBC301C97891422ED9304901EBC303CB
S21400AA9093F801C00CF1FF3C5FFA8CFCA388FF2BF7
S21400AAA025D0002327E0294901EBC301C97891424C
S21400AAB000D20A46254800EBC300807801282CBF48
S21400AAC0121A02F1FF32D2B2091A8A4200DD0022BF
S21400AAD01E4901EBC3035B6833F912007047B4F9F3
S21400AAE002005DF8044B7047B4F90000F9E7012353
S21400AAF001E00133DBB2634504D2591C30F8311053
S21400AB009142F6D24FF47A7101FB02F200EBC300D9
S21400AB104368D31AB0F9022002EBD27103EB61034B
S21400AB2093FBF2F3B4F900009842DADBB4F90200C2
S21400AB309842D6DC18B2D4E70548704704487047F8
S21400AB40044870470248CCE7F49A02007C42012091
S21400AB500080FFFF0CFEFFFF08B50348FFF7CAFEA4
S21400AB6001201AF06FF808BDFC9A020000487047F2
S21400AB7098200020004870479020002000B587B03D
S21400AB8000230193029303930493059302238DF805
S21400AB9004300D4B029306228DF80C2001238DF80D
S21400ABA00D300C218DF80E108DF812208DF8133014
S21400ABB00D238DF8143001A94FF0FF301AF017F965
S21400ABC007B05DF804FB00BF006A1800024B0122C4
S21400ABD0C3F80026014870470010C84300000F4025
S21400ABE00A4B984206D003F58063984200D070471F
S21400ABF0012200E00022064B03EBC2035A68054B15
S21400AC0013449B0000221A60F1E700BF00000F40CB
S21400AC10B49B02008005F21000F01F02012393404F
S21400AC20A0F50620A0F550604009074951F82020FD
S21400AC301A4341F82020054951F8202022EA030251
S21400AC4041F82020704700BFB04201209C420120FE
S21400AC5000F01F0CA0F50620A0F5506040090F4933
S21400AC6051F82030012202FA0CF2134341F820304A
S21400AC7000231A4604E00A4951F823100A44013317
S21400AC80042BF8D902B17047042A05D8034B0021DB
S21400AC9043F822100132F7E7704700BF9C420120BC
S21400ACA0B042012000F01F0CA0F50620A0F5506071
S21400ACB04009054951F82030012202FA0CF25340AF
S21400ACC041F82030704700BFB04201202DE9F04126
S21400ACD0A2B040242246002112A81AF023FE2246E3
S21400ACE0002102A81AF01EFE214F23E0DFF88C8018
S21400ACF029E022AB03EB840353F8400CFFF78CFFEC
S21400AD000134AC42F5D3CDF800803B46102202A9B0
S21400AD101848006819F06AFC0546002407E022ABD4
S21400AD2003EB840353F8800CFFF792FF0134AC4228
S21400AD30F5D33746104B9F4213D807F110060F4B3A
S21400AD409E42D3D8B04608F1FF38CDF800803B4687
S21400AD50102212A90748006819F03FFC0546002497
S21400AD60CFE7074B01221A7022B0BDE8F08100BF82
S21400AD70006D080088200020FF70080000710800A1
S21400AD80905C01202DE9F04184B006460D461C4635
S21400AD9017460AB1002313600CB10023236010236A
S21400ADA0009300232A463146114800680CF028FA22
S21400ADB08046C8B90FB110233B602A680D4B9A42F3
S21400ADC010D18FB184B1234603AA314608480068E3
S21400ADD00CF03AFB20B923683A689B1A236003E01C
S21400ADE0804601E0DFF81080404604B0BDE8F08100
S21400ADF088200020105D175EFFDF00F02DE9F04789
S21400AE008046894617461E4616F09CFA524CA4FB0E
S21400AE100034E40804EBC414041B04F5062404F50B
S21400AE2050644E4B1B7813B10025AA464EE0FDF742
S21400AE30F5FD00287DD1FFF749FFF5E7BAF1000FD1
S21400AE4000D1A246A4F50624A4F6FF44424BA3FB79
S21400AE500423DB0803EBC313E31A03F5062404F507
S21400AE60506432E00A9B1C6000204FE0099B089A61
S21400AE7031462046FFF786FF394B984209D01233F9
S21400AE80984206D060B1374B984209D06FF09100D7
S21400AE903CE02146344B18680CF01AFB00284ED1D3
S21400AEA0B268F3684B4508BF424531D0A4F5062486
S21400AEB0A4F6FF44284BA3FB0423DB0803EBC313D1
S21400AEC0E31A03F5062404F550640135802D27D8CF
S21400AED0A4F5062CACF5506C4FEA5C1C234B53F8DB
S21400AEE02C3004F01F02D34013F0010FBED1204BCC
S21400AEF053F82C30D34013F0010F9FD1E7B1BAF1CD
S21400AF00000FAFD00A9BC3F800A00020BDE8F08772
S21400AF1017B17368012B15D00A9B1C600020F5E75B
S21400AF209FB1BAF1000F13D00A9BC3F800A000200F
S21400AF30ECE76FF09100E9E76FF08B00E6E76FF063
S21400AF408B00E3E76FF08400E0E76FF08B00DDE74F
S21400AF506FF08B00DAE700BF813FE00F905C0120C6
S21400AF60FFDF00F0FEDF00F088200020B042012066
S21400AF709C4201202DE9F04F87B006460D469846C4
S21400AF80DDF840A091462AB1002B52D040F26C73F7
S21400AF909A4251D8BAF1010F51D80023059309F10E
S21400AFA010073946012017F0F9FC0446002849D05E
S21400AFB03A4600211AF0B6FC05AB02930023019333
S21400AFC000932346012230462946FFF717FF8346A3
S21400AFD0F0B91E4B2360A660E560C4F804A0B9F182
S21400AFE0000F1BD13B4622460599194800680CF015
S21400AFF06FF8D0B16FF0910B3A46002120461AF058
S21400B00091FC204617F0DAFC584607B0BDE8F08FF2
S21400B01010F18C0FF0D16FF08D0BEDE74A464146EC
S21400B02004F110001AF0B7FBDCE70598FFF7F4FD13
S21400B030E2E76FF0860BE7E76FF0910BE4E76FF05F
S21400B040850BE1E76FF08C0BDEE700BF105D175E47
S21400B050882000202DE9F0418CB01446129D139FE5
S21400B0601E4663B1002F44D0002D45D0B5F1005FD9
S21400B07045D3C3F1005303F580239D4242D80022F6
S21400B080089209920A920B920792069205AB0293D7
S21400B09007AB019306AB009308ABFFF7AFFE804605
S21400B0A0D8B9079B36B1A34206D8E3B924B16FF0EE
S21400B0B0860812E0A34219D31B1BB34211D23B6091
S21400B0C03B680093069B23442A4605990F48006870
S21400B0D00CF096F808B16FF0910840460CB0BDE849
S21400B0E0F0813E60ECE76FF08608F6E76FF08608C2
S21400B0F0F3E76FF08608F0E76FF08608EDE76FF08D
S21400B1008608EAE76FF08608E7E700BF8820002099
S21400B11010B58CB00022089209920A920B92079200
S21400B120069205AB029307AB019306AB009308AB00
S21400B130FFF764FE044670B9099B012B0ED00599F3
S21400B140094B18680CF0C4F958B90598FFF7AAFD22
S21400B1500598FFF77DFD20460CB010BD6FF0840407
S21400B160F9E76FF09104F6E788200020074B5B684C
S21400B1705BB182B0054BD3F800310193019B034BC2
S21400B1805B68002BF6D102B07047704700D00140D4
S21400B190144B5B6810F0030F06D018E0114BD3F881
S21400B1A0003140F8043B04390329F7D8C1B10D4BF0
S21400B1B0D3F8003112E00B4BD3F8003103701A0AB3
S21400B1C042701A0C82701B0EC370043904300329B7
S21400B1D0F1D8EBE700F8013B1B0A01390029F9D149
S21400B1E0704700BF00D0014010B5002403E0124BAA
S21400B1F05B68FBB90134092C14D80F4A136843F472
S21400B2008071116023F4807313600C48FDF7B2FE62
S21400B210800A0023084A5268002AE8D18342E6D210
S21400B2200133F7E7044A136823F0010313606FF055
S21400B230920010BD0020FCE700D001407000020024
S21400B24008B50D4B40F271621A60FFF7CDFF90B95A
S21400B250094B5B68032BFBD9074BD3F800211A6117
S21400B260D3F800215A61D3F800219A61D3F800215F
S21400B270DA61FFF7B9FF08BD00D0014010B50E4BEC
S21400B2801C6B14F45C7F11D014F4807F06D1FFF79A
S21400B290ABFF10B914F41C7F0AD110BD24F48074DF
S21400B2A01C63FFF763FF6FF09300F6E70020F4E7F8
S21400B2B06FF09300F1E700BF00D001402DE9F04F9A
S21400B2C083B001900F46914616F06BF804460028AE
S21400B2D056D1344AD2F8C03043F40033C2F8C030F6
S21400B2E0314B1B6813F0010F07D0DDF804A03E4673
S21400B2F04FF0000B4FF00A082BE0FFF7A1FF0446C3
S21400B3000028F2D03CE02948FDF734FEC00A84420B
S21400B31004D2254B5B680BB90134F8E7224B5B6817
S21400B320E3B9D84637466FF0930423E0DDF804A06F
S21400B3303E464FF0000B0CE01B4B5D68AD00B5427F
S21400B34028BF354629465046FFF722FFAA44AB449D
S21400B350761BCEB1144B5C68A400D4D0FFF78EFFEA
S21400B360044610F1930F12D010F1940FE4D1B8F107
S21400B3700108DBD114B114F1940F0BD1C9F8008089
S21400B380204603B0BDE8F08FD8463746F2E7D846E9
S21400B3903746EFE73A46002101981AF0C3FA4FF015
S21400B3A00008EBE700400E4000D0014070000200AD
S21400B3B02DE9F04F8FB0049005919346DDF868A014
S21400B3C0DDF86C901C464BB11B68009300250A956F
S21400B3D00B950C950D955746A246AEE000230093BC
S21400B3E0F4E7FFF7F3FB0446002343604FF44043C3
S21400B3F0036015F07BFD0646059B102B19D0102226
S21400B4000499204615F021FE04F18403019318994F
S21400B410184615F0C4FD304615F06CFDABEB050381
S21400B4201B09DDF80080CDF808B0CDF80CA09A46D0
S21400B4300CE00822E4E70AA904F1800015F0CDFD2F
S21400B440304615F057FD103508F10108D04520D2DA
S21400B45015F04CFD0646464B2365236913F0010F95
S21400B460FBD1791904F1A00015F099FD0F2DE2D952
S21400B470A5F1100B09EB0B0E0DF1280CBCE80F0024
S21400B48049F80B00CEF80410CEF80820CEF80C30A1
S21400B490D1E7DDF808B0DDF80CA07B1906AE7859C8
S21400B4A059689A68DB680FC60F2D34D9A5F1100EBF
S21400B4B009EB0E0C0FCE49F80E00CCF80410CCF8B1
S21400B4C00820CCF80C30009EDDF864800DE006F114
S21400B4D038036B4413F8203C18F80620534009F84C
S21400B4E00530013606F00F0601355D4517D0002EF3
S21400B4F0EDD115F0FBFC00901D4B2365236913F07E
S21400B500010FFBD1414604F1800015F066FD00985E
S21400B51015F0F0FCDBE7009EDDF86480E5E70096BA
S21400B52015F0E4FC06461899019815F056FD3046CD
S21400B53015F0E0FC2046FFF753FB5D450FD200995F
S21400B54000293FF44EAF7B5D199A525C534009F8D0
S21400B55005304E1C06F00F0300930135EDE7544608
S21400B56014B1009BCAF8003000200FB0BDE8F08F81
S21400B570480503012DE9F0458DB0DDF85880179F8A
S21400B580189E002900F0E18005461C468A46002ADF
S21400B59000F0DE80B8F1000F16D0D6B11A9B002B53
S21400B5A000F0D980734B9C4220D018D9724B9C4235
S21400B5B01CD003F580739C4218D0A3F500739C4200
S21400B5C014D06FF0850040E0002FE6D06FF08600C4
S21400B5D03BE0199B002BE1D06FF0860035E0674B0F
S21400B5E09C4203D003F540739C4231D12B88B3F5BF
S21400B5F0105F40F0B3806B88B2EBD30FC0F0B18021
S21400B600802B03D0B3F5807F40F0AE803FB3B045CB
S21400B6100DD208EB0703B34209D9199B9F4200F2EB
S21400B620A6803A46414630461AF062F9B0466D8822
S21400B630ED08504B9C4233D003F540739C422FD00C
S21400B6404F4B9C420FD06FF085000DB0BDE8F085E3
S21400B650A3F580639C42C9D06FF08500F5E7002013
S21400B6601A9B1860F1E7199B9F4257D817F00F04F2
S21400B67057D16FF09203BC420CD23319009308EBFB
S21400B680040301222946504615F08DFE034618B9DC
S21400B6901034F0E71A9A1760002B4BD10020D4E73D
S21400B6A0199B9F4240D8374B9C421AD0159B102BB3
S21400B6B03DD108AC149B186859689A68DB680FC4BB
S21400B6C00396CDF8088004AB019308AB00930023E3
S21400B6D03A4629465046FFF76BFE58BB1A9B1F603A
S21400B6E0DCE7159B0D2B02D06FF08600ADE701233B
S21400B6F08DF82030149A106851689268CDF82100B1
S21400B700CDF82510CDF82920149A127B8DF82D201F
S21400B71000228DF82E208DF82F30D1E76FF08600AE
S21400B72093E76FF0860090E76FF086008DE76FF086
S21400B73086008AE7199A002130461AF0F3F80023AB
S21400B7401A9A13606FF092007FE76FF086007CE72E
S21400B7506FF0860079E76FF0860076E76FF0850079
S21400B76073E76FF0850070E76FF085006DE76FF0A8
S21400B77086006AE70010C0040012C00400414004BE
S21400B780004440040013C0042D2822D8DFE800F04F
S21400B790172121212121212121212121212121219E
S21400B7A021212121212121212121212121211B218A
S21400B7B02123212121211D212121211F2119074873
S21400B7C0704707487047074870470748704707485C
S21400B7D07047074870470748704700BF689D0200DB
S21400B7E0EC9B0200009C0200289C0200409C020089
S21400B7F0609C0200C49B020010B504464FF42F72F2
S21400B80000211AF08FF88023C4F88C30054BC4F85A
S21400B8108430012384F8883004F19C0015F049FA3E
S21400B82010BD00BF709C020010B503460846D3F852
S21400B830A0202AB1D3F8A41090470024204610BDBB
S21400B840184616F0BFF804460028F7D0FFF79CFF0E
S21400B8500146024816F020FAF0E700BF60620200D8
S21400B8602DE9F04190F880601EB100263046BDE814
S21400B870F081054615F0F9FD0028F7D1012385F87B
S21400B880803095F888300BB9B0461BE0002385F869
S21400B8908830D5F884101F4816F0FEF9F4E716F045
S21400B8A0DFF9044617E0284615F0DCFD3946284641
S21400B8B000F0E4FB064601E04FF00108B4F1FF3F5C
S21400B8C012D08EB9D5F8B442B4F1FF3FE7D04FF0AE
S21400B8D0FF33C5F8B432B4F1FF3FEDD014F0FF07E4
S21400B8E0E1D14FF00108E9E726B9002385F880305A
S21400B8F04646BBE7284615F0CAFD95F88830002B6B
S21400B900F3D0D5F88410034816F0C6F9002385F85E
S21400B9108830EAE7749C0200F8B506460D461746DE
S21400B9200B78302B0DD04FF0000C15F80C30002B98
S21400B9304AD0364CE35C13F0040F65D00CF1010CD2
S21400B940F3E74B78782B04D0582B0CD04FF0000C34
S21400B950EBE70222AB5C43B12C49CB5C13F0440FFF
S21400B96050D00132F6E70222F4E7724206F00303F3
S21400B97002F0030258BF5342032B16D1284619F093
S21400B9802AFF0238013608D4B310B0EBA60F06D053
S21400B9909842ACBF0020012037E00336F4E7A878D1
S21400B9A037288CBF002001202FE0284619F013FF0F
S21400B9B0831E3246002E05DBB3EBA20FD4BF012058
S21400B9C0002022E0F21CF7E70A220021284613F0A6
S21400B9D0C9FC02460C46202E10D027B1084302D0E0
S21400B9E0013A61F100040123B340013B1340002CEF
S21400B9F008BF93420CBF0120002006E0B1FA81F098
S21400BA00400902E0002000E00020F8BD83C40200E8
S21400BA1003787B2B1CD14FF0000C0122835C7D2B1E
S21400BA200ED00E49C95C11F0440F03D00CF1010C86
S21400BA300132F3E7202B01D0002070470132EDE7FA
S21400BA401044437833B91CF0010F05D1012070472C
S21400BA5000207047002070470020704783C4020013
S21400BA60212816D821283AD8DFE800F0113B191B08
S21400BA701D1F212339393939393939392527292BD9
S21400BA802D2F31333939393939393939353718485D
S21400BA907047FE2827D0FF2827D11648704716483B
S21400BAA0704716487047164870471648704716483D
S21400BAB0704716487047164870471648704716482D
S21400BAC0704716487047164870471648704716481D
S21400BAD0704716487047164870471648704716480D
S21400BAE0704716487047164870471348704700BF9F
S21400BAF0309D02002C9D0200889C0200909C020053
S21400BB00989C0200A09C0200A89C0200B09C020028
S21400BB10B49C0200C09C0200CC9C0200D89C020090
S21400BB20E09C0200EC9C0200F89C0200049D0200CF
S21400BB300C9D0200189D0200789C0200809C02006A
S21400BB40249D020070B506460D4619F044FE0446D4
S21400BB50304616F0A1F803E0034816F09DF80134CD
S21400BB60AC42F9D370BD00BF389D02002DE9F84FF6
S21400BB70044602213248FFF7E5FF1E212068FFF742
S21400BB80E1FF6368586816F087F82E4816F084F8C8
S21400BB9063681A7BFD2A51D803F10C09D3F808A074
S21400BBA0504619F018FE80464FF0FF34002510E08E
S21400BBB02B2016F065F836E016F062F801341AF815
S21400BBC004001F2801D04445F6DB1E4816F064F832
S21400BBD00135AB4619F80560FF2E2FD03046FFF72B
S21400BBE03FFF0746B8F1000F00DD0134202EEFD0EE
S21400BBF0134E02213046FFF7A5FF1E213046FFF701
S21400BC00A1FF114816F048F81049384619F0B9FD5A
S21400BC1000B90F4F39460F4816F03EF8CB449BF854
S21400BC200130202BC4D00C4816F036F8B8F1000FBF
S21400BC30CBDD1AF804301F2BC7D0C0E7BDE8F88F5D
S21400BC40689D020014A00200409D0200189D02009C
S21400BC503C9D0200749C0200449D02002DE9F04FBA
S21400BC6093B08146069107921C4603931C9E19F0DA
S21400BC70B2FD80460023236033600AAA09A948461D
S21400BC8016F032F8002840F0C4800A9819F0A3FD98
S21400BC902060D9F89C5000231C4605939A460495CC
S21400BCA0A7E000242AE0013428E0099B013B534525
S21400BCB051D00F683468029819F08DFD04440134A1
S21400BCC0346001E001333360336819F80320002A3A
S21400BCD0F8D00AF1010A019C10E0059B0133059398
S21400BCE02A46DDF81CB05946069D284615F019F878
S21400BCF04B4A5946284615F014F8013404EB440321
S21400BD0007EB830B57F82330002B37D0099B53459E
S21400BD1034DB9BF80830002BC5D1D9F89420336863
S21400BD20D21A039B1A6012AB03EB8A0353F8203C2B
S21400BD300293DBF800502946184619F03AFD0190A8
S21400BD400028DAD1284619F046FD0090DBF80410EA
S21400BD500A7BFE2AA9D0D9F8943030681B1A0098BE
S21400BD6083420EDC069819F036FD009B03447B2BBD
S21400BD70B3D92C4A0799069814F0D3FF4B4642468F
S21400BD802CE0FE2AB9D1099B013B5345B5D10F687B
S21400BD900094CDF808A0019C059DDDF818A0DDF8FC
S21400BDA01CB004EB440357F823205AB159465046BA
S21400BDB014F0B7FF1A4A5946504614F0B2FF013540
S21400BDC00134EEE7009CDDF808A00595C6F8008073
S21400BDD00023039A1360D1E70133013A002A05DDF8
S21400BDE019780029F8D120211970F5E7049B1B6803
S21400BDF00493049B7BB1049B9F68002FF6D019F830
S21400BE000430202B7FF44DAF3368013333600134A8
S21400BE10F5E700230593059813B0BDE8F08F00BF43
S21400BE20389D0200489D02002DE9F04786B0044682
S21400BE300F4616461D46DDF83890DDF83C80002398
S21400BE408DF817302B6089F8003088F800302B68A2
S21400BE5052F82310164815F02FFD40B92B68013311
S21400BE602B604FF0010AD4F89C40002003E04FF00E
S21400BE70000AF8E7246894B1A0680028FAD0CDF844
S21400BE800C80CDF80890019500963B460DF1170200
S21400BE90002115F015FD9DF81730002BEAD0BAF1F9
S21400BEA0000F02D0012388F8003006B0BDE8F08706
S21400BEB0509D020070B5ADF5447D04460021A49166
S21400BEC07C22A5A819F02EFDA3AB0093A2AB80227E
S21400BED0A4A92046FFF7C2FE012804D0012840DCB2
S21400BEE00DF5447D70BDA4A819F075FC0546A29911
S21400BEF0431AA39A0A442244A4A8014404E011F871
S21400BF00010B02F8010B013B002BF8DC0023137039
S21400BF10D4F890600AE0D4F89010204615F0F6FDAC
S21400BF20D4F890300133C4F890300136A29AA39B1F
S21400BF301344B342EFDCD4F89430AD1A2B44C4F863
S21400BF409430D4F890302B44C4F89030A4AB9C18AE
S21400BF5004E014F8010B15F093FE013D002DF8DC0B
S21400BF60BEE78022002102A819F0DCFC4FF4007224
S21400BF70002122A819F0D6FC0125002300E0013399
S21400BF8003F544726A4412F8802C3AB1202AF6D19E
S21400BF905A1C22A941F825200135F0E722AA42F8CA
S21400BFA02530A4A819F017FC002115E0013222ABB9
S21400BFB053F82230834209D00B4403F544736B4494
S21400BFC013F8803C6345F1D0002300E0012363B101
S21400BFD002AB03F801C001318D4209DB01F5447361
S21400BFE06B4413F880CC0022E1E702AB00225A54DF
S21400BFF0D4F890500AE0D4F89010204615F086FD4C
S21400C000D4F890300133C4F890300135A29BAB428F
S21400C010F1DC2346174AA4A9174815F03DFE02A8EE
S21400C02019F0D9FBA29AA39B1344E11802AB9D1802
S21400C030821A0EE015F8013B01F8013BD4F8903067
S21400C0400133C4F89030D4F894300133C4F89430F7
S21400C050013A002AEEDC00230B70A29C02AB1D19ED
S21400C060041B04E015F8010B15F00AFE013C002C39
S21400C070F8DC35E7709C0200589D02002DE9F0417F
S21400C08004460D46D0F89070D0F8946090F898303A
S21400C090012B0AD0012B0ED9022B00F0BC80032BFB
S21400C0A000F0C8800020BDE8F0810A29F2D1002007
S21400C0B084F89800F7E71B2D26D00D2D29D00023F5
S21400C0C084F89830082D28D07F2D60D00D2D7ED096
S21400C0D00A2D7CD0092D00F08780D4F88C30013BE7
S21400C0E0B34240F3DA80B742C0F28380E5550137A9
S21400C0F0C4F89070D4F894300133C4F894302846CD
S21400C10015F0BEFD0020CEE7022384F8983000200C
S21400C110C9E7012384F89830D6E79F4203DDB7428B
S21400C1200AD0B74216DB002F00F0B580C4F8907036
S21400C130C4F894600020B6E7082015F0A1FD202082
S21400C14015F09EFD082015F09BFD013F0023E355EA
S21400C150013EEBE707F1FF38082015F091FD04EBF0
S21400C1600805A6EB0802E119284619F0C1FB0023D2
S21400C170A35529464B4815F08FFD013E354602E093
S21400C18015F0C9FC013D4545FADC4746CEE7002ED2
S21400C19001DDB74201DB002085E7E519791CF21BBB
S21400C1A02144284619F0A4FB0023A35529463E48FF
S21400C1B015F072FD03E0082015F062FD013EBE4258
S21400C1C0F9DCD4F89430013BC4F89430E3E70D2052
S21400C1D015F056FD0A2015F053FD0023C4F89030E4
S21400C1E0C4F8943001205EE72046FFF763FE002087
S21400C1F059E7781C04EB0708F21B4146204419F067
S21400C20077FB404615F048FD02E015F084FC013E41
S21400C210BE42FADA6AE75B2D04D1032384F898302D
S21400C220002040E7002384F8983029462046FFF790
S21400C23025FF38E7002384F89830413D032D2ED89B
S21400C240DFE805F002080F1E0121204615F0B8FCB5
S21400C250002028E74FF0FF31204615F0B1FC002003
S21400C26021E7B74201DB00201DE73946204615F0DE
S21400C2704DFCD4F890300133C4F89030002012E71B
S21400C280002F01DC00200EE7013FC4F8907015F087
S21400C29042FC002007E7002005E7002003E7002017
S21400C2A001E700BF649D02006C9D020000B585B0EA
S21400C2B0054BEC460FCB8CE80F006046FDF76EFE94
S21400C2C0002005B05DF804FB709D020010B586B036
S21400C2D00DF1040C144C0FCCACE80F002368ACF83E
S21400C2E00030124BD3F8B43013F4002F08D0104BA4
S21400C2F01B884FF6FF72934207D140F2431304E0C7
S21400C3000A4BD3F8B830C3F30803ADF80A3009482F
S21400C310FBF79AFC01A8FDF7F5F83220FCF712FFB0
S21400C320002006B010BD00BF809D02000081E00F17
S21400C3300001E00F00F0490200B583B0074B1B6810
S21400C340019320238DF8043001A8FDF719F9322057
S21400C350FCF7F2FE002003B05DF804FB949D02009B
S21400C3606FF0040307E003F00F010A4A0A44A02115
S21400C370117601335BB2322B09DC002BF3DB03F1C1
S21400C380604202F56142A02182F80013F1E7002026
S21400C390704700BFFCEC00E010B5044614F0A6FDA4
S21400C3A0024B1C6014F0A6FD002010BDCC420120FC
S21400C3B010B514F09BFD034B1C6814F09BFD204643
S21400C3C010BD00BFCC42012038B50C4615460146CC
S21400C3D040B12B462246064803F05CFC002805DDEB
S21400C3E0002038BDFFF7E4FF0146F2E73720F8E704
S21400C3F0891E020008B5044B18680023022219465D
S21400C400806813F05BF908BD34210020002807DBA4
S21400C41000F01F02400901239340024A42F82030F0
S21400C420704700BF00E100E000280CDB00F01F02B0
S21400C4304009012393402030034A42F82030BFF3DE
S21400C4404F8FBFF36F8F704700E100E010B586B0E6
S21400C4501446137A03EB43031B0103F1804303F5F1
S21400C4606223D3F89420E16823690B449A4216D0DD
S21400C4706169914215D38B1AABB90123637694F8A0
S21400C4802D304BB1002384F83530E3691321204664
S21400C4909847636A20469847002006B010BD0A46B3
S21400C4A0E6E79B1AE8E70494054903910021029108
S21400C4B00193012300936368216814F0A8FCEBE75E
S21400C4C04DC4000038B504460568FFF771FF844286
S21400C4D033D095F93630002B08DB03F01F015B09DB
S21400C4E001228A406033174941F8232095F9360027
S21400C4F0FFF79AFF95F93730002B08DB03F01F0192
S21400C5005B0901228A4060330E4941F8232095F9E1
S21400C5103700FFF789FF287AFCF73AF9287AFCF704
S21400C5206DF8FCF745F8002323606360A360236181
S21400C5306361AB6A2846984738BD0020FFF72CFF9A
S21400C540C7E700BF00E100E030B589B0044600232D
S21400C5504376007AFCF7DCF8207A00EB40031B01F8
S21400C56003F1804303F56223D3F89420E56823693A
S21400C5702B449A4219D06369934218D0012323763C
S21400C5800DF11F01FCF752F99DF81F3043B30DF172
S21400C5901E01207AFCF71CF99DF81E3003BB2246CC
S21400C5A00021207AFFF752FF1AE02A46E3E700232D
S21400C5B02376656194F82D3003B12563636A2046BF
S21400C5C0984723690494094A039200220292019331
S21400C5D00123009363682A462168207A14F017FC2A
S21400C5E0207AFCF7B5F809B030BD00BF4DC4000096
S21400C5F0F0B587B006460C4615461F464022002179
S21400C600204619F08FF995E8030084E8030000231C
S21400C6102376EB68E3602A69226163612A7D84F8E9
S21400C6202C20AA7D84F82D202363012384F834303F
S21400C63084F83530E7610C9B23620D9B63620E9B8A
S21400C640A36295F9083084F8363095F9093084F8F5
S21400C65037303460374B7360374BB360374B3361DA
S21400C660374B7361374BF360FBF7F2FF10B1364A76
S21400C670904259D1002104F10800FBF767FF00281B
S21400C68054D1324B3362012384F83C30304AB261D5
S21400C690304AF2619DF8402084F83B209DF83C200B
S21400C6A084F83A20002284F8392084F83830697DEE
S21400C6B0204615F07AFD95F90930002B08DB03F0CB
S21400C6C01F015B0901228A406033234941F8232079
S21400C6D095F90900FFF79AFE236904941F4A03920E
S21400C6E0002202920193012300936368E2682168A6
S21400C6F0207A14F08CFB0446D0B995F90830002B4C
S21400C70008DB03F01F015B0901228A4060331249EF
S21400C71041F8232095F90800FFF778FE3046FFF72A
S21400C7203BFE204607B0F0BD1024FAE71024F8E7D9
S21400C7301024F6E787210200A32002003F1F020014
S21400C740451F0200C5C40000038000F00D1F020054
S21400C750AB2102004B1F020000E100E04DC40000C8
S21400C7602DE9F04186B016461C460C9D0123049325
S21400C7700393584B0293584B0193584B0093584BD6
S21400C7800A462946FFF734FF074618B1384606B072
S21400C790BDE8F08123682B6463686B64637A85F870
S21400C7A04930237A85F84830E37A85F84B30A37A07
S21400C7B085F84A30637B85F84D30237B85F84C300E
S21400C7C0E37B85F84F30A37B85F84E300121454842
S21400C7D0FCF712FA01214448FCF70EFA0123042262
S21400C7E0617A207AFDF7A4FC01230222E17AA07A7E
S21400C7F0FDF79EFC01216068FCF7FEF94FF000088B
S21400C80086F800803146206814F097FC2268536F43
S21400C81043F0030353672268936F23F4F85323F01F
S21400C8201F03617C43EA0123A17C0B4393672368C3
S21400C83003225A6785F85080737E202B31D027D884
S21400C840002B33D0102B21D1012385F85030002641
S21400C85000230222617B207BFDF76AFCE27C2368D2
S21400C860DA672268536E43F0040353662268536FF8
S21400C87043F010035367DEB92A6CD36C43F004030D
S21400C880D3640521206814F051FC7FE723277DE759
S21400C890302B04D1032385F850300126D8E7232710
S21400C8A074E7022385F850300126E4E70026E2E725
S21400C8B000230422E17BA07BFDF73AFC2268D36FBD
S21400C8C0217D43EA0123D3672268536F43F0200398
S21400C8D05367D1E73122020005220200112202002E
S21400C8E0BF2202004041050000350A00BFF34F8F0B
S21400C8F00549CA6802F4E062044B1343CB60BFF3F9
S21400C9004F8F00BFFDE700BF00ED00E00400FA0512
S21400C910BFF35F8F074B5A6A22F480325A62D3F80D
S21400C920942022F00102C3F89420BFF34F8FBFF388
S21400C9306F8F704700ED00E070B586B0002305935A
S21400C9400493FFF7E5FF4FF0005015F038FD364929
S21400C9500B68400000F03E0040F0985040F0011098
S21400C960324AC2F898304FF00054C2F89C40C2F8E1
S21400C970A00001330B602E4D2E4CA54213D1BFF301
S21400C9805F8F2A4B0522C3F894205A6A42F48032FD
S21400C9905A62BFF34F8FBFF36F8FBFF34F8FBFF354
S21400C9A06F8F06B070BD03AB019304AB009305AB6D
S21400C9B02A1B2946204615F0E6FC0398C2080728DD
S21400C9C000D82022049B5B1BB3FBF2F3012101FA83
S21400C9D003F3DBB2013BDBB2059E013DAD1BB5FBAD
S21400C9E0F2F50D44AB40DBB2A41BB4FBF2F401FA43
S21400C9F004F4013CE4B21C4315F0E1FC0A4D2A683D
S21400CA00430003F03E0343EA042343F0407343F03D
S21400CA1001130649C1F89820C1F89C60C1F8A030FF
S21400CA2001322A60ABE700BFD042012000ED00E0F3
S21400CA30FC210020E421002070B586B004460D4697
S21400CA401646002305930493FFF762FF03AB01939A
S21400CA5004AB009305AB32462946204615F093FCFE
S21400CA600398C208072800D82022049B5B1B1344A7
S21400CA70013BB3FBF2F3012101FA03F3DBB2013B06
S21400CA80DBB2059EAD1B013DB5FBF2F5AB40DBB25C
S21400CA90A41B1444013CB4FBF2F401FA04F4013C78
S21400CAA0E4B21C43FF2C29D015F089FC144D2968EC
S21400CAB0430003F03E0343EA042343F0985343F055
S21400CAC00113104AC2F89810C2F89C60C2F8A03051
S21400CAD001312960BFF35F8F0523C2F89430536A93
S21400CAE043F480335362BFF34F8FBFF36F8FBFF3B0
S21400CAF04F8FBFF36F8F002006B070BD2820FBE776
S21400CB00D042012000ED00E0012000E001300228C4
S21400CB1004D8431E024AD35C002BF7D0C0B270473D
S21400CB20FC420120F8B506460F46032903D8DFE885
S21400CB3001F00A040608002506E0042504E0102596
S21400CB4002E0402500E00125032E05D8DFE806F0C8
S21400CB5002070A0D45F002050B4B1C6809E045F07C
S21400CB600805F9E745F02005F6E745F08005F3E708
S21400CB70246844B163681A682A42F9D05B6839466B
S21400CB8030469847F4E7F8BD04430120134B1B7862
S21400CB9013B310B5124B1B785BB9002015F037FCA9
S21400CBA068B9104B01221A700F4B1A780F4B1A7087
S21400CBB010BD15F02BFC0A4B00221A70EDE700F0B2
S21400CBC017FB064B00221A70074C01212078FFF74E
S21400CBD0A9FF01232370EBE7704700BF965C012096
S21400CBE0945C0120975C01209A5C0120985C0120EF
S21400CBF008B50B4B1B78024660B101210B4408496F
S21400CC000B7032B1074B1B78012B02D9064B1B78F1
S21400CC1013B108BDFF21F1E7FFF7B8FFF9E700BF42
S21400CC20FC4201209A5C0120975C012010B514F0AC
S21400CC305DF90446054B1B782BB9FFF7A7FF204686
S21400CC4014F058F910BD14F055F9FBE7935C012079
S21400CC5010B514F04BF90446164B1B78D3B1164B9F
S21400CC601B782BB9144B01221A70144B00221A7031
S21400CC70134B1B7893B9204614F03CF9012015F0AD
S21400CC80C6FB14F033F904460B4B1B7863B9094B0B
S21400CC9000221A70204614F02DF910BD15F0B6FBD0
S21400CCA0074B00221A70E6E700F0A2FA024B0022B9
S21400CCB01A70ECE7965C0120935C0120975C0120DB
S21400CCC0945C012010B584B0A0B1831EDBB2012BAA
S21400CCD013D803A9002000F0AFFC70B91C4B1B68EA
S21400CCE0039A9A4212D80120FFF782FF194B0122BD
S21400CCF01A7002E0174B1B780BB904B010BD002069
S21400CD00FFF776FF134B00221A70F6E7124B1C68EB
S21400CD1000F0B4FA0444039B9C4206D30120FFF7BC
S21400CD2067FF0C4B01221A70E7E700F0D1FA60B9F2
S21400CD30002343F00203019300230093074A03995C
S21400CD40091B074815F06BFBD7E70423F1E700BF84
S21400CD50D8420120955C0120D44201202DCC000051
S21400CD60DC42012038B514F0C1F80446134B1B789A
S21400CD708BB900F093FB0546E0B9AFF3008010488E
S21400CD8013F097FF00F070FF0E4B00221A6000F0C1
S21400CD90B5FC0D4B186000F085F915F03AFB0B4B0F
S21400CDA01860064B01221A70204614F0A3F80025DE
S21400CDB0284638BD204614F09DF8F9E79B5C012014
S21400CDC004430120D442012000430120D842012020
S21400CDD038B50138144B1B5C0A46A1B101210B443F
S21400CDE011490B5472B1114B1D78012D0AD9FFF76A
S21400CDF08BFE0446012808D9032D09D00B4B187862
S21400CE00A0420AD138BDFF21E9E7FFF721FFF5E789
S21400CE100228F3D100F040FAF0E72146FFF782FE41
S21400CE20024B1C70EEE700BFFC4201209A5C01201A
S21400CE3038B50446416014F059F8054621460348C3
S21400CE4013F03AFF284614F055F838BD0443012085
S21400CE50014B1868704700BFD442012038B514F063
S21400CE6045F80546094B1B78012B0AD9FFF7F0FF5A
S21400CE70044600F003FA0444284614F03BF8204623
S21400CE8038BD14F037F80024F9E700BF9A5C01209B
S21400CE90064B1B6803FB00F000F5742000F23F20F1
S21400CEA0034BA3FB0030800C704700BF00430120FB
S21400CEB083DE1B4338B515F092FA0546AFF30080C3
S21400CEC013F070FE00283CD1AFF30080284615F022
S21400CED08AFA98E00020FFF78BFE4B4B00221A7070
S21400CEE033E015F08EFA3DE02146FFF71BFE41E0E9
S21400CEF0464B01221A70464B187800F0A5F9454BB0
S21400CF001B781BB1444B1A78414B1A70AFF3008064
S21400CF10284615F068FA15F062FA05463F4B1B786E
S21400CF2043B13E4B00221A70394B1B783A4A1078B0
S21400CF30834231D03A4800F0EDFA13F046FE00285E
S21400CF4030D0314B1B78002BC4D1FFF7DDFDFFF747
S21400CF50B9FEFFF7D9FD0446012803D92B4B1B78F1
S21400CF60002BBED02A4B1878A04205D0294B1B7840
S21400CF70002BB9D0264B1C70012CBCD9234B1B7838
S21400CF80002BB8D1274B1B78002BB1D115F03DFAFA
S21400CF90254B01221A70ABE701211D4B1970FFF7D4
S21400CFA0C1FDC7E7194B1B78F3B11A4B00221A7064
S21400CFB01D4B1B7873B115F029FA1B4B00221A7013
S21400CFC008E0012000F040F9284615F00CFA15F0AC
S21400CFD006FA0546002015F01AFA0028F1D000F0EF
S21400CFE007F90A4B00221A700020FFF76BFE084C68
S21400CFF000212078FFF796FD00232370AFF3008012
S21400D000284615F0F0F938BD955C0120965C0120A5
S21400D0109A5C0120975C0120985C0120915C0120BD
S21400D020DC420120995C0120945C012010B513F0CD
S21400D0305DFF054B1C7800221A7013F05BFF00F0B2
S21400D04013FD2043C0B210BD925C0120134B1B7829
S21400D050834222D010B582B0044600238DF80430F7
S21400D0608DF8053010B902238DF8053001A8FCF7BD
S21400D070B1FC54B11E20FFF70BFF094A13681B1AB8
S21400D0801360064B1C7002B010BD1E20FFF700FF99
S21400D090034A136803441360F3E77047D121002066
S21400D0A00C43012030B583B0394C636A636A0025AF
S21400D0B08DF8045001A8FCF7B5FD2846FFF7C6FF1B
S21400D0C0D4F89030C3F38003324A1370D4F890201B
S21400D0D0C2F3003230490A70D3B92F4B1B78F3B92C
S21400D0E02E4B1B68C3F3032301209840C0F10100B8
S21400D0F000EB80006430FFF7CBFE294A1368034438
S21400D1001360234BD3F89020264B1A6003B030BD33
S21400D1104FF41670FFF7BCFE234B1860DDE71120B6
S21400D120FBF728FF1A4BD3F80031C3F3042303FBA5
S21400D1300002002AD4D0164B5B6CC3F30B430133BA
S21400D14003EB8303D90E5801C01A61F100014902AE
S21400D15041EAD0514002C01841F100018D0145EA74
S21400D16090658401201A65EB0101C01841F10001A9
S21400D170531EC0184FF0000341F1000111F0D0FD1E
S21400D180FFF786FE064A136803441360A8E700BF4D
S21400D19000400E409E5C01209C5C01200020044064
S21400D1A00C430120084301201443012008B50D4B11
S21400D1B01B7803B908BD022000F020FD0028F9D036
S21400D1C000F06CFA0028F5D0002201210220FCF7BE
S21400D1D085F815F069F9044B1860044B01221A70A3
S21400D1E0E8E700BF9E5C0120104301209D5C012003
S21400D1F008B5104B1B7813B90F4B1B78ABB913F05F
S21400D20065FF0D4B1B787BB10C4BD3F8903013F0B9
S21400D210080FF9D015F048F9094B1B68C01A094BDE
S21400D2201860044B00221A7008BD15F03DF9044B37
S21400D2301860E4E79D5C01209E5C012000400E40E3
S21400D240104301201443012008B502280BD0032800
S21400D2500DD0012800D008BD074A136923F0040347
S21400D260136130BFF7E70020FCF7C8FBF3E70020A8
S21400D270FCF700FCEFE700BF00ED00E0044B1B6886
S21400D2800BB103EBD303034A10681844704700BF82
S21400D290144301200C4301200B4AD2F8800145F6C6
S21400D2A00E03C2F88031094B1B6803F0400103F4FB
S21400D2B080730B43136610F0010F03D01346002251
S21400D2C0C3F88021704700BF00400E40084301208D
S21400D2D0014B1878704700BF9E5C01200E4B1B6800
S21400D2E0002201E01A469B680BB18342FAD18342C2
S21400D2F00ED14AB18368936083685BB15A6941690D
S21400D3000A445A61002070478268034B1A60F3E7AC
S21400D3100220704700207047204301200A4B1B68FC
S21400D32000220A490A7005E0084B01221A7070476D
S21400D33059690A44012A06D8D98811F0020FF3D198
S21400D3409B68002BF4D1704720430120A05C01208D
S21400D35008B500F0D9FB0B4B1B680B4A1268821A03
S21400D36003E0521A002159619B683BB132B15969FA
S21400D3709142F6D3891A59610022F5E7024B1860EC
S21400D38008BD00BF204301201C43012070B50546A0
S21400D3900C46C3882BB16C61134B1B68FBB1002194
S21400D3A00CE0FFF75BFD06468442F4D215F01EF84B
S21400D3B03446F0E7A41A6C6119469B6823B15A6993
S21400D3C0A242F7D9002AF5D031B18D60AB6013B117
S21400D3D05A69121B5A6170BD034A1560F6E7024B84
S21400D3E01D600023AB60F6E72043012010B50B4B11
S21400D3F01B685B695BB10A4A14681C44022000F093
S21400D4008FFB204600F09EFBFFF788FF10BD022032
S21400D41000F086FB022000F0E7FBF5E72043012042
S21400D4201C43012070B504460E4615469DF8142090
S21400D4300271049A0260002282600561C360BDF832
S21400D4401830C380F5B900F05FFB3044A061F6B930
S21400D45000236361E36813B12168204698477DB1D5
S21400D46013F044FD0646FFF773FF29462046FFF7F4
S21400D4708DFF094B1B68A3420BD0304613F03AFDD4
S21400D480002070BD00F040FB2844A061DFE7354671
S21400D490E6E7FFF7ABFFF0E72043012010B513F0F7
S21400D4A034FD0446144B1B78DBB9144A1360144A47
S21400D4B01360144A138000F0E3FA012000F030FBFA
S21400D4C000F0CAFB0246104B186078B100230F48E4
S21400D4D040F2E73111F024FC0D4B1860064B012298
S21400D4E01A70204613F017FD002010BD204613F0DA
S21400D4F012FD2320F9E700BFA15C01202043012094
S21400D5001C430120A65B01202443012018FCFFFFDA
S21400D5101843012070B540B3054613F0E7FC0446F7
S21400D520FFF716FF124B1B68AB420CD000262846AE
S21400D530FFF7D4FE054640B95EB10D4B1B6843B1FC
S21400D540FFF754FF08E00126F1E7204613F0D2FC6F
S21400D55005E0074B1B6823B1204613F0CBFC28469A
S21400D56070BD022000F022FBF6E72225F7E700BF99
S21400D57020430120B8B138B50C460546A9B10023B2
S21400D5800B7013F0C2FC0A4B1B6801E001222270EC
S21400D5902BB122781AB9AB42F8D09B68F8E713F0A3
S21400D5A0BAFC002038BD222070472220FAE700BFD0
S21400D5B020430120002836D070B50C4605460029C9
S21400D5C033D013F0A2FC0646FFF7C2FE6B69236059
S21400D5D0174B1B6804E0226859690A4422609B685E
S21400D5E0AB4201D0002BF6D1AB420ED1256800F03D
S21400D5F08BFA104B1B68C01A85420BD80023236099
S21400D600304613F088FC002070BD304613F083FCD3
S21400D6100320F9E700F078FA064B1B6822681B1A0D
S21400D62013442360ECE7222070472220ECE700BF7B
S21400D630204301201C430120F8B504460F4613F092
S21400D64064FC0646134B1B68002507E000F05CFAF6
S21400D650114B1B681B1A2B4410E09B68A3B15A6938
S21400D6601544DA88A24201D0FF2CF6D100F04CFA1D
S21400D670094B1B68C01AA842E8D300233B6030461B
S21400D68013F049FC0020F8BD304613F044FC1B2084
S21400D690F9E700BF204301201C43012010B5074BCB
S21400D6A01C780CB9204610BD14F0FEFE044B1B6817
S21400D6B09B69C01A0228F5D90024F3E7A05C012074
S21400D6C02043012070B513F020FC064600F01CFA3B
S21400D6D00446094B1D88ADB2012000F08FFA28B928
S21400D6E0304613F018FC2046294670BD00F00CFAB0
S21400D6F004460135F4E700BFA65B0120014B18681D
S21400D700704700BF2443012008B5084B1968A1FBE9
S21400D710000140F2E733C0184FF47A724FF000036E
S21400D72041F1000111F0FCFA08BD00BF24430120BE
S21400D7300C4B1B68834213D310B50C460A4B196872
S21400D740A1FB000140F2E733C0184FF47A724FF0A5
S21400D750000341F1000111F0E3FA2060002010BD43
S21400D76021207047184301202443012090B3F0B5D0
S21400D77087B00F4614461D46064605A93846FFF7ED
S21400D780D7FF10BBFFF7BAFF07FB00F1124BA3FB56
S21400D79001239B094FF47A7202FB1311511A89B2C6
S21400D7A0B183914213D00023F3833046FFF7B2FED5
S21400D7B00599BDF8343002939DF8303001930095FA
S21400D7C023460A463046FFF72DFE07B0F0BD00237D
S21400D7D0B383E8E722207047D34D621008B50346AE
S21400D7E01D4A106800B3421E10421ED1D90E5A01BF
S21400D7F0D21A61F10001890041EA92719200D218B2
S21400D80041F10003DB0043EA5273D200B0FA80F025
S21400D810C0F11F0C411CC04322FA0CF203FA01F1BE
S21400D8200A4323FA00F0104308BDDA0E5901C91A5C
S21400D83062F10002920042EA91728900C91842F130
S21400D84000024FEAC20C02460023C8004CEA51719F
S21400D85011F066FAE8E700BF244301202D4B83420F
S21400D8602D4B8B4152D370B5844614462B4B1A6809
S21400D870002A4DD0501E10402AD14D0145EADC65E5
S21400D8804FEA4C1EBEEB0C0E65EB0105AD0045EAFB
S21400D8909E754FEA8E0E1EEB0C0E41EB050C4FEA02
S21400D8A0CC0C4CEA5E7C4FEACE0EB2FA82F2C2F1A3
S21400D8B01F05531CD2432EFA05F10CFA03F3194345
S21400D8C02CFA02F211432CFA05F52160656070BD52
S21400D8D0480140EADC604FEA4C13B3EB0C0360EB04
S21400D8E00100800040EA93709B0013EB0C0C41EBA8
S21400D8F00001C900002633464FEACC0041EA5C71BD
S21400D90011F00EFAC4E900013046E0E72120704726
S21400D9102120DCE7EFA7C64B3789410024430120CE
S21400D9202DE9F843044610F0010F04D114F0020F5D
S21400D93010D1BDE8F883494A13889BB201339BB2E5
S21400D9401380FFF705FD464B1B68002BEED0FFF754
S21400D9504DFDEBE713F0D9FA0546FFF7F9FC002773
S21400D9603E4643E09B683BB15A692AB921791A7949
S21400D9709142F7D91C46F5E7284613F0CCFA2569FC
S21400D980002D3AD10025A8462F46002D46D0236903
S21400D99003B3FDB9B8EB0707A38B6BB1E28B134457
S21400D9A09BB2E383B3F57A7F06D3A3F57A73E3835A
S21400D9B0013FA369013BA36113F0A7FA0546394668
S21400D9C02046FFF7E3FCA36922691344A3612846B7
S21400D9D013F0A1FAE7880136E36813B12168204600
S21400D9E0984713F092FA0546FFF7B2FC1C4B1C68EA
S21400D9F0F4B16369E3B92346B5E7A84600F084F8B6
S21400DA00A369C71AFA17AF4272F1000204DB226953
S21400DA101344A3610125B8E70025B6E713F075FAAD
S21400DA2081462046FFF75AFC484613F074FAAEE7E4
S21400DA300C4B00221A70012E06D05CB1FFF7D6FC04
S21400DA40284613F068FA74E717F0020FF5D00122A3
S21400DA501A70F2E7022000F0A9F8F1E7A65B0120B1
S21400DA60204301209F5C012010B513F04EFA034BB3
S21400DA701C7813F050FA204610BD00BF9F5C0120B2
S21400DA8010B586B01C4B0DF10C0C93E80700ACE803
S21400DA9003008CF800200C3393E803000190ADF8E7
S21400DAA00810090C8DF80A1001211448FBF7A4F899
S21400DAB000248DF80C408DF8104003A8FCF730FECB
S21400DAC08DF8044001A90120FCF706FE0C4A536AB3
S21400DAD023F4FF6323F00703536240F2FF731362DD
S21400DAE094600120FCF716FE064B4FF08042C3F808
S21400DAF080211A6006B010BD989D0200A00914008F
S21400DB000020044000E100E0014B9868704700BF29
S21400DB1000200440014B586D704700BF00200440B1
S21400DB2010F0010F0AD1002310F0020F01D043F0CD
S21400DB300403034A516A0B43536270470123F3E719
S21400DB400020044070B5044613F0D0F90646FFF7EF
S21400DB50DBFF0546FFF7DEFF124B9B6913F0040F51
S21400DB6004D1431B032B01D885420CD1631B022B27
S21400DB7000D8EC1CB4F1FF3F38BF013C094B5C6594
S21400DB800220FFF7CDFF304613F0B4F9064B1B78A2
S21400DB903BB1044A136D43F002031365024B0022A7
S21400DBA01A7070BD00200440D221002010F0010F32
S21400DBB013D1002110F0020F09D041F00401084BE8
S21400DBC001221A70074A136D23F003031365054AF2
S21400DBD0536A23EA0103536270470121EAE700BF54
S21400DBE0D22100200020044010F0020F02D0024B89
S21400DBF00422DA61704700BF00200440064B9B6990
S21400DC00012804D0022805D1C3F38000704703F032
S21400DC1001007047002070470020044010B513F044
S21400DC2074F904460B4B9B6913F0010F0FD10020CB
S21400DC3013F0040F01D040F0020003F00703054A7A
S21400DC401362FFF76DFE204613F065F910BD012044
S21400DC50EEE700BF0020044008B50248FBF78AF94B
S21400DC6008BD00BFA009140008B5064BD3F88830DD
S21400DC7003F00703013B012B00D908BD022014F076
S21400DC805DFCFAE700400E4000B583B0044B0093FD
S21400DC9000231A46194616F0A0FC03B05DF804FBF4
S21400DCA0FFFF0F0038B50546082801D8284638BDBE
S21400DCB00024084B1868FFF7E7FFA042F6D9082CA7
S21400DCC0F4D8054B53F82430AB4201D00134F0E7CA
S21400DCD02546EBE788200020449E02002DE9F0430D
S21400DCE087B06C4B19686C4B186809F017F98146B9
S21400DCF0002831D0674C23689A69126859681868FA
S21400DD00904723689B699B686846984723689B6989
S21400DD10DB6802209847002407E093691B691068B7
S21400DD2001FB040098470134E4B25A4B1A68536862
S21400DD300199B3FBF1F39C42EFD39369DB680020B3
S21400DD409847544C23689B695B6898472168524BF8
S21400DD50186809F0E3F881464FF000083CE0002B15
S21400DD602AD14E4B9B5D4E4A52F8262029464A48F9
S21400DD70006809F0ADF9814630BB0134E4B2494B86
S21400DD809F5DA74220D9484B53F82650254405AB43
S21400DD9004AA29464048006809F056FB434B9842BF
S21400DDA0DFD00028E9D1049B002BD8D13B4A915DF7
S21400DDB0059A9142D3D1E0E72946374B186809F017
S21400DDC087FBCEE70024DAE7394B9B5D002B31D189
S21400DDD008F101085FFA88F8B8F1080F45D8B9F1DC
S21400DDE0000FF5D14646334B13F80830002BE9D028
S21400DDF02D4B53F8284005AB04AA21462648006858
S21400DE0009F022FB294B984209D00028E0D1049B58
S21400DE10012BDDD02146204B186809F059FB204B1A
S21400DE2053F826301A6821461B4B186809F03CFA4E
S21400DE308146CDE77E2FCBD81B4B53F826403C447B
S21400DE4005AB04AA21461448006809F0FDFA174BF2
S21400DE509842BDD02146104B186809F039FB814620
S21400DE600028B5D10137FFB2E4E7B9FA89F35B09B8
S21400DE70114A1370084B1B681B7C1BB9484607B039
S21400DE80BDE8F0830D4B0E4A4FF48B710D4811F030
S21400DE9041FB00BF6820002088200020209E020052
S21400DEA0AC9D0200149E0200449E02000BE000F0AF
S21400DEB02C9E0200389E0200A25C0120689E020092
S21400DEC01C9F02008C9E020070B50E4615461C462E
S21400DED0FFF7E8FE082825D81C4B1B78002B33D00C
S21400DEE01B4B1B5C93B97F2E1AD0F1B2194B53F81B
S21400DEF0200023462A4601441748006809F032F9F4
S21400DF000446C4B1204614F03CFB14E02A46114BEC
S21400DF1053F82010104B186809F012FA0446F0E780
S21400DF200021E3E7FF2808D92346F2B281B228464B
S21400DF3014F019FD0024204670BD084B084A4FF423
S21400DF40A671084811F0E6FA0024F4E7A25C012066
S21400DF50389E0200449E020088200020EC9E0200AC
S21400DF60089F02008C9E020070B50E4615461C46A1
S21400DF70FFF798FE082825D81C4B1B78002B32D0BC
S21400DF801B4B1B5C93B97F2E1AD0F1B2194B53F87A
S21400DF90200023462A4601441748006809F098F8EE
S21400DFA00446BCB1204614F0ECFA13E02A68114B84
S21400DFB053F82010104B186809F076F90446F0E77D
S21400DFC00021E3E7FF2807D92246294680B214F04D
S21400DFD0D2FC0024204670BD084B094A4FF4C3719A
S21400DFE0084811F097FA0024F4E700BFA25C01206D
S21400DFF0389E0200449E020088200020EC9E02000C
S21400E000F49E02008C9E020010B5FFF74BFE0A4BF2
S21400E0101B7813B90024204610BD0022074B53F886
S21400E0202010074B186809F0C9F904460028F2D0FA
S21400E03014F0A7FAEFE700BFA25C0120449E02009E
S21400E0408820002010B582B004467F2A14D04BF2F8
S21400E0503460814212D041F2F010814228D001F49F
S21400E0607040B0F5805F3ED0B0F5005F46D0B0F5AA
S21400E070405F43D002B010BD0022E8E708237F22AD
S21400E08041F20201684614F06EFC082222496846F6
S21400E09017F01EFC20B16B4603CB20606160E9E7F9
S21400E0A008237F2241F2F011684614F05CFCF2E788
S21400E0B01A4AD2F8F000D2F8F420002104E06054A6
S21400E0C0000A013B0131C9B2032907D8002BF6D15B
S21400E0D004E06254120A013B0131C9B20729C9D8CB
S21400E0E0002BF6D1C6E7C1F30B0103FB02111A465B
S21400E0F001F17E61204617F04EFBBBE7C1F30B0132
S21400E10003FB02111A4601F17E6101F580412046AB
S21400E11017F041FBAEE700BF949F02000081E00FBE
S21400E1200BB370B50D4614461E464BF23463984248
S21400E13011D1082E00D9082633467F2241F202016B
S21400E1402046FFF77FFF32460949204617F0C0FBFE
S21400E15058B941F2F0103346EAB281B22046FFF7D2
S21400E16071FF002070BD212070470020FAE700BF35
S21400E170949F02002DE9F04104460F46154610F024
S21400E180010F16D115F0010F19D104F47043B3F541
S21400E190805F1AD0B3F5005F02D0B3F5405F27D199
S21400E1A0C4F30B0404F17E6606F58046B0460024F0
S21400E1B028E040F2D311224800F034FDE2E74FF4A5
S21400E1C0EA711F4800F02EFDDFE7C4F30B0404F1EC
S21400E1D07E66B046B6F17E6F04D3AB19013B194A92
S21400E1E09342E4D940F2D911154800F01BFDDEE752
S21400E1F04FF4F071124800F015FD6FF00F0800267E
S21400E200D5E70134AC4209D218F80430FF2BF8D019
S21400E2104FF4F5710A4800F005FDF2E715B9002045
S21400E220BDE8F0816A083946304614F0C6F9002881
S21400E230F5D04FF40271024800F0F4FCEFE700BF9F
S21400E2402C9F0200FF07E00F10B50446F9F7E4FC28
S21400E2500C4BA3FB0023B0F57A7F0FD39B090A4A29
S21400E260B2FBF3F2094B984208D84FF47A7304FBDA
S21400E27003F3B3FBF2F39808032B00D810BDF1F7B5
S21400E28047FFFBE7D34D621040420F00E7CD9A3BB5
S21400E29008B5FCF7E9F9094B1860FCF7DFF901202F
S21400E2A0074B186104F0BCF814F026FB00B908BD53
S21400E2B04F220449044801F0C7FCFEE7284301202A
S21400E2C000300E40A09F020004A0020008B50848D7
S21400E2D004F034F8074B18700021074BB3F9000020
S21400E2E014F0DAFA12F0D4FBF5F72AF908BD00BFED
S21400E2F0708A0200A35C0120AC5B012008B5F8F729
S21400E3005BFA12F0C6FB024B187803F0FCFF08BD60
S21400E310A35C012008B507490748FEF789FD0220DF
S21400E32014F0BEF9012014F0BBF9044B01221A7058
S21400E33008BD00BFA02000204C430120A45C0120A3
S21400E34030B583B012F0D9FD14F0AEFA68B9344B8C
S21400E3501B78002B32D0324B1B78002B35D19922FC
S21400E3603049314801F070FCFEE714F0A1FA90B194
S21400E3704FF0FF312D4803F095FF044604280ED8D1
S21400E380274B1B78002BE6D1012014F089F9244B8B
S21400E39001221A70DFE703F081FC0146EAE7204B12
S21400E3A01B7823B9002CD6D012F0ABFD18E0012064
S21400E3B014F083F91A4B00221A70F3E7012014F0C8
S21400E3C06FF9174B01221A70C5E7002014F08CFA7B
S21400E3D00146164803F066FF044612F092FDDCB1D3
S21400E3E00F4B1878214680F0010014F04AF90546D4
S21400E3F098B194B1B4F1FF3F0FD00023019300937E
S21400E4000B4A21460B4814F065F930B1AB2205499A
S21400E410054801F019FCFEE70025284603B030BD8C
S21400E420A45C012018A0020004A00200708A02006A
S21400E430872602002C430120064B1A680648A0FBDC
S21400E4400230800900EB40014B019A4200D00130B7
S21400E450704700BF54430120ABAAAAAA08B5002300
S21400E460034A1370034A1370F7F780FD08BD00BF18
S21400E47060430120A85C012008B50023034A1370FE
S21400E480034A1370F7F7B6FD08BD00BF60430120CE
S21400E490A85C012008B52D4B1B78013B0A2B4ED8F3
S21400E4A0DFE803F0064D1B4D4D4D4D4D064D3D002E
S21400E4B0274B1B78072B08D8264B1B78032B08D82E
S21400E4C03221254803F0A7FE08BD0420FFF7C6FF4B
S21400E4D0FAE70920FFF7C2FFF6E740B1FFF7ACFF07
S21400E4E01E4B1B6898420DD901331C4A1360174B0C
S21400E4F001221A70174B1B78032B0BD90920FFF744
S21400E500ADFFE1E70023154A1360114A1370114A64
S21400E5101370D9E73221104803F07DFED4E70D4B87
S21400E5201B78032B03D90920FFF798FFCCE7074B8E
S21400E53009221A703221084803F06DFEC4E74FF432
S21400E54008720749074801F07FFBFEE7A85C012038
S21400E550A75C0120A65C01206043012058430120EF
S21400E5607CA0020004A0020008B583681B78C3F3F1
S21400E5700213012B05D0032B0ED10820FFF76EFFE8
S21400E58008BD074B1960074B00221A700120064B86
S21400E5901870FFF77FFFF3E70620FFF75FFFEFE750
S21400E5A058430120A65C0120A85C012008B58168BC
S21400E5B00B78C3F30213052B05D0032B07D0012BD2
S21400E5C009D0EBB108BD0620FFF748FFFAE70820A0
S21400E5D0FFF744FFF6E70231012004F0C3FF0A4BC1
S21400E5E01B68834203D00620FFF738FFEAE70023C4
S21400E5F0064A1370064A13700120FFF74BFFE1E747
S21400E6000020FFF72BFFDDE75C430120A65C01201E
S21400E6106043012008B51A4B1B78053BDBB2022B82
S21400E6200BD8184B1B78072B0ED8C8B181B103291D
S21400E63012D00620FFF720FF1DE040F26A221249A2
S21400E640124801F001FBFEE70420FFF715FF12E079
S21400E6500020FFF711FF0EE00820FFF70DFF0AE08D
S21400E6600B4B1B78032B07D8054B05221A7032215B
S21400E670084803F0D0FD08BD0920FFF7FDFEFAE7C5
S21400E680A85C0120A75C01207CA0020004A0020078
S21400E690A65C01206043012000B585B014238DF8E8
S21400E6A00830124B1B788DF80930114B1A680DF1A3
S21400E6B00A01012004F048FF0323019302AB0093F4
S21400E6C0062300220D210B48008814F019F928B9FA
S21400E6D0094B0A221A7005B05DF804FB074A137846
S21400E6E0013313700020FFF7D5FEF4E7A55C012088
S21400E6F05443012098210020A85C0120A75C01203B
S21400E70000B585B014F0ECF8174B1A68831AB3F10D
S21400E710004F1ED9121A12238DF80830134B1B789F
S21400E7208DF809300DF10A01012004F00DFF0323D6
S21400E730019302AB0093062300220D210C480088AB
S21400E74014F0DEF838B90B4B06221A7005B05DF8E7
S21400E75004FB0022DFE7084A137801331370FF2119
S21400E7600020FFF757FFF1E754430120A55C012086
S21400E77098210020A85C0120A75C012030B59DB040
S21400E780234B1C6804EB4404640104F15F05214B31
S21400E7901B68AB4200D85D1E0DF10E031E4A1278B0
S21400E7A029462046F7F786FB20B90320FFF756FEDA
S21400E7B01DB030BD10238DF80830174B1B788DF830
S21400E7C00930134B1A680DF10A01012004F0BCFE53
S21400E7D02B1B9BB207330322019202AA00929BB224
S21400E7E000220D210D48008814F08AF838B90C4B29
S21400E7F002221A70064B1A680A4B1A60D8E70A4AB1
S21400E8001378013313700020FFF744FED0E700BFF3
S21400E8105843012054430120A55C01209821002084
S21400E820A85C01205C430120A75C012010B5144BB6
S21400E8301C78ECB94FF6FF7398421CD0E9B1114B27
S21400E840994201D9012414E00F4B19600F4B1A703E
S21400E8500F4B188000230F4A13600F4A13700F4A9D
S21400E8601370074B09221A700D4803F0C9FC00E02C
S21400E8700224204610BD0124FBE70124F9E700BF6F
S21400E880A85C012040FF5F0054430120A55C0120E6
S21400E8909821002058430120A75C0120A65C012097
S21400E8A06043012038B5124B1D78E5B904464FF693
S21400E8B0FF739A4219D00F4B1A8000230E4A13603A
S21400E8C00E4A13700E4A13700E4B197014F008F8A7
S21400E8D020440D4B1860064B05221A700B4803F0B7
S21400E8E08FFC284638BD0225FBE70125F9E700BF67
S21400E8F0A85C01209821002058430120A75C012035
S21400E900A65C0120A55C0120544301206043012041
S21400E91008B50B4B1B785A1ED2B2022A05D9053B06
S21400E920DBB2022B06D9012008BD0720FFF796FDB3
S21400E9300020F9E70720FFF79FFD0020F4E700BF5F
S21400E940A85C012003790D2B56D110B50446037838
S21400E95013F0010F14D04288284B1B889A420FD11F
S21400E9608268117801F00F03013B052B08D8DFE819
S21400E97003F0240736070312214B1B780B2B00D01D
S21400E98010BD52781F4B1B789A42F9D100212046C1
S21400E990FFF7EAFDF4E71A4B1B780B2BF0D1517802
S21400E9A0184B1B789942EBD1911C012004F0DAFD3C
S21400E9B001462046FFF7D8FDE2E7114B1B78023BE5
S21400E9C0DBB2012BDCD852780E4B1B789A42D7D19B
S21400E9D00B4B03221A702046FFF7E8FDD0E7084BE2
S21400E9E01B78072BCCD1E388032BC9D1C1F30211C6
S21400E9F00120FFF70FFEC3E7704700BF98210020F5
S21400EA00A85C0120A55C012008B50B790D2B08D168
S21400EA108B681B7803F00F03022B4DD0042B01D01C
S21400EA202BB308BD364B1B780A2BFAD160B14028B1
S21400EA3015D0344A137801331370314B09221A70FB
S21400EA400020FFF727FDECE72E4B00221A702C4B18
S21400EA500B221A70FA212C4803F0DDFBE1E72B4A63
S21400EA60137801331370274B00221A70E5E7244B06
S21400EA701B78022BD5D160B1402815D0214A1378D7
S21400EA80013313701E4B01221A700020FFF702FD9F
S21400EA90C7E71C4B00221A70194B03221A70FA2182
S21400EAA0194803F0B8FBBCE7184A13780133137013
S21400EAB0144B00221A70E5E7114B1B78062BB0D1D9
S21400EAC050B1402813D00F4A137801331370FF213A
S21400EAD00020FFF79FFDA4E7094B07221A70FA21D2
S21400EAE0094803F098FB074B00221A7099E7074A7B
S21400EAF0137801331370034B00221A70E7E700BF48
S21400EB00A85C0120A75C012060430120A65C0120D0
S21400EB1008B5154B00221A70144B1B78013B0A2BC4
S21400EB2009D8DFE803F009080C08140817080608D7
S21400EB300C00FFF7B1FD08BDFFF720FEFBE70C4A0F
S21400EB401378013313700020FFF7A4FCF3E7FFF7F8
S21400EB50D7FDF0E7064A137801331370FF21002033
S21400EB60FFF758FDE7E700BF60430120A85C0120DF
S21400EB70A65C012008B5074B1B7833B1064B197805
S21400EB800902064803F047FB08BD054B19888902B1
S21400EB90F7E700BFA95C0120D321002068430120CD
S21400EBA09A21002010B513F09BFE04460F4B00225E
S21400EBB01A7013F055FE00B910BD13F089FE032835
S21400EBC003D013F085FE042806D1094B1C60FFF71E
S21400EBD0D1FF13F0A0FEEFE713F07AFE0628F4D07C
S21400EBE013F076FE0728E7D1EFE700BF6843012061
S21400EBF070430120014BDA695A62704700200540D5
S21400EC00BFF34F8F0549CA6802F4E062044B134312
S21400EC10CB60BFF34F8F00BFFDE700BF00ED00E005
S21400EC200400FA0508B502460B460349002013F017
S21400EC3038F9FFF7E5FF00BF14A1020083B2074AC8
S21400EC4013801BB913464BF6EF621A80000C044B78
S21400EC50188010B94FF6CE221A807047AC210020DB
S21400EC60AA21002010B56221054813F08CFE044648
S21400EC7041F20B01034813F086FE604080B210BDDF
S21400EC80AC210020AA21002039B110B504460A465E
S21400EC90024B1B680021984710BD7047C820002013
S21400ECA0114B0340B3F1607F0FD0B3F1707F14D1E6
S21400ECB001F4E043B3F5005F12D1C1F30221012352
S21400ECC08B40012B06D900207047B1F5885FECD148
S21400ECD0002070476FF0860070476FF08600704720
S21400ECE06FF08600704700BF0000C07F8A4200F0C9
S21400ECF071812DE9F04106460C46154622F0FF03C9
S21400ED00B64A934214D002F58052934210D0A2F530
S21400ED10885293420CD025F4FF7222F00102B2F121
S21400ED20062F05D0AE498B4202D0AE4B9A4221D177
S21400ED3024F0FF03A94A934214D002F5805293426E
S21400ED4010D0A2F5885293420CD024F4FF7222F021
S21400ED500102B2F1062F05D0A1498B4202D0A14B89
S21400ED609A4207D114F0FF0304D043F000739E4A82
S21400ED7093420ED004F0FE47B7F1A06F10D0B7F163
S21400ED80407F23D0B7F1106F00F00F810020BDE860
S21400ED90F08185EA0400FF288CBF00200120F6E7FA
S21400EDA005F0FE43B3F1A06FE9D185EA040333F41E
S21400EDB07E13E4D114F4004FE1D0C4F30540C5F34C
S21400EDC00545A8428CBF00200120E0E705F0FE4381
S21400EDD0B3F1407FD6D185EA040333F47E18D1D14F
S21400EDE031462046FFF75CFF002840F0F58015F41A
S21400EDF07C101ED0C5F305407C4B2B40B3F1607FE2
S21400EE0070D0B3F1707F00F0B980C4F3054314F4FA
S21400EE107C1F00F0C58015F47C1F02D1434500F02E
S21400EE20EB8014F4004FADD083428CBF002001204D
S21400EE30ADE76E4B2B40B3F1607F0CD0B3F1707F23
S21400EE40DAD106F4E043B3F5005FD5D1C6F302236A
S21400EE5001209840D0E7EBB243F00073644A934237
S21400EE603CD003F17E43043B0F2BC5D801A252F8D9
S21400EE7023F000BFE1EE0000E1EE0000F9ED000037
S21400EE80F9ED0000B5EE0000B9EE0000BDEE0000A2
S21400EE90C1EE0000C5EE0000C9EE0000F9ED00006E
S21400EEA0F9ED0000CDEE0000D1EE0000D5EE00003A
S21400EEB0D9EE00001C209FE720209DE730209BE72E
S21400EEC0402099E71C2097E7202095E71C2093E731
S21400EED0202091E730208FE740208DE710208BE739
S21400EEE0142089E7EBB243F00073414A934251D0B5
S21400EEF003F17E43043B0F2B87D801A252F823F080
S21400EF009BEF00009BEF00000BEE00000BEE0000F6
S21400EF1041EF000047EF00004DEF000053EF000008
S21400EF2059EF00005FEF00000BEE00000BEE000054
S21400EF3065EF00006BEF000071EF000077EF000058
S21400EF404FF01C0861E74FF020085EE74FF03008EE
S21400EF505BE74FF0400858E74FF01C0855E74FF0C6
S21400EF60200852E74FF01C084FE74FF020084CE708
S21400EF704FF0300849E74FF0400846E706F4E04314
S21400EF80B3F5005F7FF441AFC6F30226012303FA10
S21400EF9006F83AE74FF0100837E74FF0140834E762
S21400EFA0404514BF00200120F1E624F01F6323F43F
S21400EFB070231BBB05F0FE43B3F1106F01D0002099
S21400EFC0E5E60C48284040F01060A04214BF002040
S21400EFD00120DCE6012070470020D8E6000300068A
S21400EFE00009000600040006FF0000020000C07FC3
S21400EFF0030000020000FFF60120C8E60020C6E677
S21400F000F8B5002A64D006460D46144622F0FF03E3
S21400F010354A934233D002F5805293422FD0A2F560
S21400F020885293422BD024F4FF7222F00102B2F1F0
S21400F030062F24D02D498B4221D0A1F5A0618A420B
S21400F0401DD004F0FE43B3F1407F3BD0B3F1A06F78
S21400F0503BD0274B9C4214BF00230123002B3AD100
S21400F060224671682846FFF741FE0746B0BB224697
S21400F070B1682846FFF73AFE90B33846F8BD14F05C
S21400F080FF02DED018498B4214D001F580518B4226
S21400F09010D0A1F588518B420CD024F4FF7121F0DA
S21400F0A00101B1F1062F05D01048834202D0114B62
S21400F0B09942D5D142F000720D4B9A42D0D16FF0F2
S21400F0C08607DAE7C4F3C033C8E7C4F3C033C5E73E
S21400F0D06FF08607D1E76FF08607CEE70027CCE70C
S21400F0E06FF08407C9E700BF0003000600090006AA
S21400F0F0FF000002000400060C4B1B7883B110B51D
S21400F10082B00C460023019301AB0A46014608482C
S21400F11012F088F910B9019BA34204D102B010BDC9
S21400F1206FF0880070476FF09300F7E718560120DD
S21400F1301C5601202DE9F0439FB01F46DDF8A08045
S21400F1400023169301F0FE43B3F1806F18D04FF002
S21400F15000096FF08605169813F0A8FF0446002DE8
S21400F16040F0AA80002840F0A680B9F1000F40F0D9
S21400F1709C80D8F800304B44C8F8003025469EE006
S21400F1800C4616460B464FF4807216A913F067FC21
S21400F1900546002840F08680DDF8589017ADCC462E
S21400F1A0BCE80F000FC59CE8070085E8070024228E
S21400F1B000210DEB020016F0B5FB09AD0DF15C0C5D
S21400F1C0BCE80F000FC59CE8070085E80700B9F803
S21400F1D0003003F4E042B2F5005F11D042F20402C0
S21400F1E0934232D0384B9C4235D04FF00009B9F1EB
S21400F1F0000F3BD0279B994530D96FF08905AAE7C9
S21400F200C3F302224FF0010909FA02F9B9F1010F1E
S21400F210E4D92E4A944212D002F5807294420ED05F
S21400F22002F5807294420AD0294A944207D0A2F589
S21400F2303F42944203D002F580729442CED1B9F197
S21400F240100FD4D96FF0830585E7224B9C42C9D1B5
S21400F2504FF00C09CBE74FF00D09C8E7494612A856
S21400F260FFF74AFF054600287FF475AF169B596ADC
S21400F2709A6A269BA3B103EB0900CDF81880279B5A
S21400F280A3EB09030593049003970296CDF8049028
S21400F29012AB0093234609A813F081FC05465AE7F3
S21400F2A02698EAE74FF0000955E74A4612A926983D
S21400F2B016F071FA5DE705460023C8F800302846C8
S21400F2C01FB0BDE8F08300BF0013C0040010C004E8
S21400F2D000FF40040001800408B500F06FF8064BFC
S21400F2E05B7823B90C210448FFF7CEFC08BD034821
S21400F2F013F0ADFBF6E700BF185601201C560120A0
S21400F30070B5124B1B7813B10024204670BD12F066
S21400F31087F8044660B90D4C0126A670251D2846C0
S21400F32013F099FB6670284613F08FFB044610B165
S21400F330FFF7D2FFE9E72B1F02225A7000F036F8DB
S21400F34004460028F4D12B1F1E70DEE71856012055
S21400F35038B504460D4600F100420532042A09D8A5
S21400F3602C21114B01FB02339A68824215D12B6087
S21400F370002038BD012113F00AFE88B100231A468A
S21400F380042A08D82C21084B01FB02339968A142B5
S21400F39001D00132F4E7042AE9D96FF08B00E8E7E0
S21400F3A06FF08700E5E700BF24560120024B0122DC
S21400F3B083F8DC20002070472456012038B500254D
S21400F3C00BE02C23084C03FB05440421204613F0D5
S21400F3D0F3FD204613F0B2FC0135042DF1D9024BA3
S21400F3E0002283F8DC2038BD2456012070B5044680
S21400F3F00D46204B93F8DC30002B34D000263246E6
S21400F40000E00132042A0FD82C211A4B01FB0233EC
S21400F41093F8201049B1002EF3D118790028F0D0C7
S21400F4200229EED11E46ECE7002363B1114A9A1A70
S21400F4309210114901FB02F202F10042053A2260E5
S21400F4402B60002070BD4EB10421304613F0B4FD91
S21400F4500028F7D1304613F071FC3346002BE5D177
S21400F4606FF08C0001E06FF0880000232B602360B3
S21400F470E8E700BF24560120A38B2EBAF0B583B070
S21400F48000230B60294B93F8DC30002B4AD005464E
S21400F4900C461746FFF75CFF064668B93FB1012FDA
S21400F4A00DD10521206813F087FD064607E0206889
S21400F4B013F0E6FD064602E010F18C0F02D030464F
S21400F4C003B0F0BD214601A8FFF790FF06460028CE
S21400F4D0F5D123689D60236801225A60206813F0E6
S21400F4E0AEFD064660B10421206813F065FD206875
S21400F4F013F024FC16F18C0FE1D16FF08706DEE7DF
S21400F50020680C3013F034FD3FB1012FD7D1052110
S21400F510206813F051FD0646D1E7206813F0B0FDD1
S21400F5200646CCE76FF08806C9E700BF24560120E0
S21400F53008B50822034916F0CBF900B908BD6FF0EC
S21400F5409800FBE728A1020010B586468C460D4CB5
S21400F55003CC18605960002199605168D960118801
S21400F560198251885982D168596111699961526925
S21400F570DA61C3F820C06246714603F1240016F033
S21400F5800AF910BD28A102002DE9F04F91B080467F
S21400F59017460F938946002900F0448300260F9BE8
S21400F5A01878002800F04183252809D0741C3B46B3
S21400F5B032464946C0470F9B01330F932646EEE777
S21400F5C001330F9300251FE045F0010501320F922D
S21400F5D0012318E045F0020501320F92012312E0E4
S21400F5E045F0040501320F9201230CE045F00805B2
S21400F5F001320F92012306E045F0100501320F920A
S21400F600012300E000234BB30F9A1378203B102B06
S21400F610F8D801A151F823F0EDF5000005F600003A
S21400F62005F60000F9F5000005F6000005F60000F6
S21400F63005F6000005F6000005F6000005F60000D9
S21400F64005F60000E1F5000005F60000D5F500001F
S21400F65005F6000005F60000C9F500000B930F9BA9
S21400F6601A78A2F13003DBB2092B18D92A2A1BD04C
S21400F670DDF82CB00F9B1A782E2A25D00F9A137817
S21400F680683B122B5CD8DFE803F0495BAA5B3B5B68
S21400F6905B5B5B5B5B5B575B5B5B5B5BAF000FA8BF
S21400F6A013F092FE8346E5E71A9B1A1D1A921B6812
S21400F6B0002B04DB9B460F9B01330F93DAE745F0E4
S21400F6C00205C3F1000BF6E745F480655A1C0F925D
S21400F6D05A78A2F13003DBB2092B0CD92A2ACDD1F5
S21400F6E01A9B1A1D1A921C6824EAE4730B930F9B4C
S21400F6F001330F93C2E70FA813F066FE0B90BDE729
S21400F70045F48071531C0F9353786C2B01D00D4633
S21400F71016E045F4407502320F9211E045F0800184
S21400F720531C0F935378682B01D00D4608E045F024
S21400F730C00502320F9203E045F4807501320F9245
S21400F7400F9B1878672854D8252867D3A0F125037F
S21400F750422B63D8DFE813F05B02620062006200AF
S21400F7606200620062006200620062006200620084
S21400F7706200620062006200620062006200620074
S21400F7806200620062006200620062006200620064
S21400F7906200620062006200820162018201620011
S21400F7A06200620062006200620062006200620044
S21400F7B062006200620062006200620062006C002A
S21400F7C06200620062006200620062006200620024
S21400F7D062006C00A9016C0082016201820145F49E
S21400F7E0007501320F92ABE745F4807501320F9237
S21400F7F0A6E7782812D8692810D3A0F16902D2B2F9
S21400F8000123934049F24102134211D113F0800FB5
S21400F81040F0E28113F4806F40F07981741C3B461F
S21400F82032464946C0470F9B01330F932646B6E63D
S21400F830782809D062283AD06F283AD058283AD08B
S21400F84025F010050A2300E01023582835D0692833
S21400F85003D0642801D025F00C0515F4806F01D084
S21400F86025F0010569282BD0642829D015F4007FDF
S21400F87040F0968015F4807F40F0AE8015F0400F83
S21400F88000F0BF801A9A111D1A9112780595CDF8CE
S21400F89010B00B99039102930023019300923B460C
S21400F8A032464946404613F07CFE064629E00223CF
S21400F8B0CBE70823C9E71023C7E745F02005C6E7CE
S21400F8C015F4007F21D115F4807F42D115F0400F4A
S21400F8D058D01A9A111D1A91127882EAE271A1EB99
S21400F8E0E2710595CDF810B00B9803900293D20FF5
S21400F8F0019200913B4632464946404613F051FE7F
S21400F90006460F9B01330F9349E61A9A073222F0F8
S21400F910070202F108011A91516812680846002988
S21400F92013DB0895CDF81CB00B9C069404930023BB
S21400F9300593C90F0291009201903B463246494614
S21400F940404613F078FE0646DBE7524261EB410084
S21400F950E7E71A9A111D1A91126882EAE271A1EB82
S21400F960E2710595CDF810B00B9803900293D20F74
S21400F970019200913B4632464946404613F011FE3E
S21400F9800646BEE715F0800F05D01A9A111D1A918B
S21400F990B2F90020A1E71A9A111D1A9112689CE785
S21400F9A01A9A073222F0070202F108011A91089506
S21400F9B0CDF81CB00B990691002104930591029195
S21400F9C0D2E90023CDE900233B463246494640466D
S21400F9D013F031FE064694E71A9A111D1A91059502
S21400F9E0CDF810B00B99039102930023019313688E
S21400F9F000933B4632464946404613F0D2FD064643
S21400FA007FE715F0800F04D01A9A111D1A911288FC
S21400FA103CE71A9A111D1A91126837E746281AD041
S21400FA201A9B073323F0070303F108021A92049582
S21400FA30CDF80CB00B9A0292D3E90023CDE900234F
S21400FA403B46324649464046F0F7B2FD06460F9B17
S21400FA5001330F93A3E545F02005E1E7672801D0C1
S21400FA60472801D145F40065452801D0472801D133
S21400FA7045F020051A9B073323F0070303F108021D
S21400FA801A920495CDF80CB00B9A0292D3E9002393
S21400FA90CDE900233B46324649464046F0F790FB08
S21400FAA006460F9B01330F9379E515F002051DD02E
S21400FAB001241A98031D1A9306F1010A3B463246A2
S21400FAC049460078C047A5B90F9B01330F935646A9
S21400FAD065E502F1010A3B4649462020C047234619
S21400FAE052465C1C9B45F4D81646E2E70123324694
S21400FAF0F7E7524606E0561C3B4649462020C047DC
S21400FB002C463246651CA345F5D89246DCE71A9B80
S21400FB101A1D1A92D3F800A00B9BFBB94FF0FF32C8
S21400FB20534601E001330A46197811B1511E002AE6
S21400FB30F8D1A3EB0A0315F480620C9203D00B9A5B
S21400FB40934228BF134615F0020409D00D94CDF851
S21400FB5038B00B9D32460C9E9B461FE00B9ADFE7A3
S21400FB603246264606E0541C3B4649462020C047FF
S21400FB702B4622465D1C9B45F5D834462B460D94F5
S21400FB80CDF838B00B9D0C9E9B4607E01D460AF14B
S21400FB90010A541C3B464946C04722469AF80000D4
S21400FBA020B1002EF3D06B1E002DEFD10D9C164613
S21400FBB05B46DDF838B054B90F9B01330F93EEE483
S21400FBC0551C3B4649462020C04723462A465C1C17
S21400FBD09B45F5D81646EFE745F021051A9B1A1DFA
S21400FBE01A921B680595082204920B9A039210221B
S21400FBF002920022019200933B4632464946404616
S21400FC0013F0CFFC06460F9B01330F93C7E4741C1A
S21400FC103B46324649462520C0470F9B01330F938B
S21400FC202646BCE4DFF81C80B8E4BE4208D37A1E41
S21400FC303B4649460020C047304611B0BDE8F08F2D
S21400FC403246F5E7B93302000FB400B585B006AA10
S21400FC5052F8043B039200924FF0FF3202A9044888
S21400FC60FFF792FC05B05DF804EB04B0704700BFE8
S21400FC70F936020000B585B0034600914FF0FF321A
S21400FC8003A90348FFF780FC05B05DF804FB00BF3E
S21400FC90F936020000B585B0029003910093134632
S21400FCA04FF0FF3202A90348FFF76EFC05B05DF87F
S21400FCB004FB00BFBB33020010B58AB00446242202
S21400FCC0002101A815F02EFE01A9204613F093F896
S21400FCD0BDF80430B3F5105F10D1BDF80630802BA8
S21400FCE00CD1049B13F4407F08D0031E18BF0123D9
S21400FCF058002BB9034B1C600AB010BDBD20FBE7B3
S21400FD000220F9E704570120014B002018607047D5
S21400FD1004570120014B1868704700BF04570120A4
S21400FD20014B1868704700BF045701200B4B0C4A64
S21400FD301B8830B51488014600209C4200D230BD96
S21400FD40DA0803F007058A5C2A41D20748BF421C3E
S21400FD5003F1010348BF90B29BB2EEE7A85B012017
S21400FD60A821002038B50A4D2888F1F7E5FA08B929
S21400FD70002038BD074C2088F1F7DEFA0028F7D0BF
S21400FD802888238898422CBF00200120F1E700BF76
S21400FD90A85B0120A821002010B50C4A0C4C0023BB
S21400FDA013700C4A23804FF6FF7104F10C00638039
S21400FDB023716371A371A36011805180FDF7AAFBC4
S21400FDC004F12C00BDE81040FDF7A4BB94570120B9
S21400FDD008570120AE210020194B002210B504461A
S21400FDE01A7081B91748F0F77BFF05F013F901F098
S21400FDF0BFFF40B1144B1B78042B01D0072B02D158
S21400FE00012005F0A4F8002C104B0CBF03220022A2
S21400FE101A719A79D10707D522F001029A71204605
S21400FE20BDE8104012F0ECBC9B68204698472CB109
S21400FE30204612F06BFCBDE81040ADE710BD00BFD9
S21400FE4094570120545701207A5701200857012063
S21400FE503C4B3D4A1B881288B3EB420F2DE9F0411C
S21400FE6006DC3A493A4840F2FF12FFF7EDFEFEE79D
S21400FE70384C394B61881B88384E2366002938D1A8
S21400FE8033880833C3F3C707384602F005FF60809F
S21400FE9002F0D8FD3A46FF21054615F043FD2846F8
S21400FEA0FFF744FF0021A4F8640002F0F5FE20806E
S21400FEB002F0C8FD2A4B1B880022318899421DD2C9
S21400FEC02088284E02F0BEFD0021D4F860E0451ED2
S21400FED00A4643F23907B4F86430884603F1FF3C1B
S21400FEE0E04501F1010118DB0AB1C4F860E0BDE8A5
S21400FEF0F081084602F0A6FD0546D0E7D90803F0D3
S21400FF000707695C3941C90744BF8354013203F1CE
S21400FF10010348BF92B29BB2CFE7A3EB08035A1E79
S21400FF20BEFBF2F302FB13E30B449BB206FB0E7C14
S21400FF30C25C15F801EF00F803E02A702CF0004EC2
S21400FF400122C8E7A6210020A421002098A10200D3
S21400FF50BCA1020008570120AA5B0120A8210020AE
S21400FF60A85B01206D4EC64110B5084CA379024629
S21400FF7013F0040008D1064B198805F006FC18B9E2
S21400FF80A37943F00403A37110BD00BF08570120F6
S21400FF90AA5B012010B5264C2379022B06D02549F2
S21400FFA0254840F24322FFF74FFEFEE794F86630FE
S21400FFB094F8672083B9B4F86430013B84F866305F
S21400FFC0531C84F8673094F86730052B08D9002155
S21400FFD03320BDE81040FFE6013B84F86630F2E7C8
S21400FFE0208830B91349144840F25522FFF72CFEFA
S21400FFF0FEE702F043FDB4F86430834206D00D49B4
S2140100000D4840F25622FFF71FFEFEE7208802F059
S21401001019FD94F86630C05C05F004F8074B002221
S2140100205988188805F074FB08B10021D1E710BD86
S2140100300857012098A10200BCA10200AE210020B1
S214010040F0B51D4C2379013B012B87B0054606D937
S2140100501A491B484FF41B72FFF7F6FDFEE728B15D
S2140100600121084607B0BDE8F040B5E604F14C00B2
S21401007004F14C07F0F752FE0FCF01AE0FC63B68F6
S214010080336028468DF805508DF80C5004F05FFF5C
S21401009001A8F0F725FE2379022B07D184F86650D4
S2140100A084F86750FFF776FF07B0F0BDA37943F0F9
S2140100B00803A371F8E700BF0857012098A10200C2
S2140100C0BCA1020030B585B00446084603A9154612
S2140100D0FDF72EFB38B9CDE90000034603992A4601
S2140100E0204612F09CF905B030BD174B1B8810B5A1
S2140100F033B91649164840F26232FFF7A5FDFEE70E
S214010100144C6279511E012906D91049104840F253
S2140101106332FFF799FDFEE7012A10D10E4A1188D6
S2140101200E4AA1EB430104F12C00FFF7CBFF48B1C7
S2140101300649074840F26732FFF786FDFEE70323CC
S214010140637110BD0223FBE7A421002098A10200E1
S214010150BCA1020008570120A6210020EB000100E7
S21401016037B5334C94F868309BB10023CDE90033A2
S2140101703049314A098804F10C00FDF7F7FA30B12D
S2140101802E492F4840F22932FFF75EFDFEE784F83C
S2140101906800208802F056FC6379023B012B054675
S2140101A006D9264926484FF44D72FFF74DFDFEE766
S2140101B0244B198859B1244A2448FFF783FF68B3B2
S2140101C01E491F484FF44E72FFF73EFDFEE702231D
S2140101D0637194F86630B4F864200133DBB29A4256
S2140101E084F8663004BF002384F866302379052B33
S2140101F004D094F86630E85C04F014FF2379042BED
S2140102000ED1A37913F0020F10D00A4B10481988AB
S214010210490803B0BDE8304001F0FDBF0123D7E730
S214010220012B03D1A37913F0080FEDE703B030BD1E
S21401023008570120A62100206101010098A10200B3
S214010240BCA10200A4210020EB00010034570120CC
S21401025094570120F8B5374C074620880E4602F021
S214010260F1FB054604F12C00FDF754F904F10C00EE
S214010270FDF750F9237984F86670052B24D0E85DE4
S21401028004F0D0FE4FF47A73B6FBF3F503FB156664
S214010290B6F5FA7F05D3284A12886B1C934218BF1D
S2140102A01D46264B1988A9421ED9491B0123244AFB
S2140102B024486371FFF706FF10B32349234840F231
S2140102C00D32FFF7C1FCFEE7B4F86430013BDBB248
S2140102D00127E85C84F8693084F86A7004F0A2FEAD
S2140102E03846FFF741FECDE7134B1B88591AA94242
S2140102F002D9491B0223DAE7AB4213D90323637100
S214010300012384F868300C4B114A19881148491B9F
S214010310FFF7D8FE68B10C490C4840F21A32FFF7D5
S21401032093FCFEE70849094840F20932FFF78CFCC6
S214010330FEE7F8BD08570120A6210020A4210020D1
S214010340EB0001003457012098A10200BCA1020075
S2140103506101010014570120144B2DE9F0411D885D
S2140103600835C5F3C7050F46E1B185421AD8104EC8
S2140103700846FFF7DBFC34798046ACB9A0B1738838
S21401038023B92146284602F087FC7080708802F067
S21401039059FB2A46394615F0FEF9A6F86480204630
S2140103A0BDE8F0810224FAE77024F8E7A8210020CE
S2140103B00857012038B501F0DBFC10B9702420463F
S2140103C038BD0D4D2C79002CF8D1FFF7CBFC002859
S2140103D0F4D001F08FFE012808D1FFF739FD002186
S2140103E0052308462B71FFF735FFE8E701F082FE8B
S2140103F00528F2D0E2E700BF08570120F8B5184BF0
S2140104001B78063B012B07460E4602D87025284668
S214010410F8BD144C2579002DF8D1FFF7A3FC002870
S214010420F4D04FF6FF739F4218D09E4216D0FFF7C6
S2140104300FFD0D4B1F805E80A37943F00103A3716E
S21401044004F10C0002232371FDF764F804F12C007B
S214010450FDF760F8054804F0ADFCD8E70225D6E7BD
S2140104607A57012008570120AE21002041000100E3
S21401047008B5044B1B791BB1FFF78EFC002008BDA5
S2140104807020FCE70857012080207047014B188830
S21401049002F0D8BA08570120014B93F8660070475E
S2140104A00857012007B5094801A9FDF783F8019807
S2140104B0FDF794F9064B1B88181A4FF47A735843C4
S2140104C000F5167003B05DF804FB00BF1457012059
S2140104D0A6210020024B1879003818BF012070476A
S2140104E00857012010B5044C204602F0C3F8A01CA2
S2140104F0BDE8104002F0BEB808570120064B1A7935
S214010500033A012A06D85A79022A03D09879C0F309
S21401051080007047012070470857012010B52D4B09
S2140105202D4C00221A702379013B032B4AD8DFE8B1
S21401053003F01623022F01F0D9FB284B1B884FF638
S214010540FF72934223D0E26E1344C01AB0F1004FFB
S2140105501DD8332012F0DAF8BDE810401CE4A37968
S21401056023F008021907A27109D40223237100237C
S21401057084F8663084F86730BDE810400AE5184B09
S21401058000225988188805F0C3F80028EDD110BD5F
S214010590A3799A0712D523F002030020A371FFF76F
S2140105A0E3FC104B0B481B884FF47A7253430E4AF8
S2140105B01188BDE81040591A01F02DBE43F0020320
S2140105C0A371E4E709490A4840F24312FFF73CFBEE
S2140105D0FEE700BF94570120085701209E21002006
S2140105E0AE210020A2210020A621002098A1020011
S2140105F0BCA10200034B1B79042B01D10120B3E4FB
S214010600704700BF085701200C4B1A79511E01296B
S21401061012D818B90A48322101F0FDBD012A0AD1C3
S21401062002221A719A7922F008029A71002283F83E
S214010630662083F86720ADE4704700BF08570120A5
S214010640945701202DE9F0412A4F9DF81840079D47
S2140106501E463B79013B022B49D8274B1A8882421A
S21401066045D15B888B4242D1DFF8A080F1F7D0FA02
S214010670B8F80030B34211D1204B1B884FF47A7280
S2140106805343B7F864200544013AAB4227D301F03F
S2140106902DFB2946F8662046FFF7DCFD3B79013B3A
S2140106A0012B08D8B8F800000021B04214BF34204E
S2140106B00846FFF791FB124B1B78042B17D0072B2C
S2140106C015D0B8F80030B34211D10E4B0E481B8836
S2140106D04FF47A71BDE8F041594301F09CBD0134F5
S2140106E094FBF2F102FB1144ED1AE4B2CDE7BDE84A
S2140106F0F08100BF08570120AE210020A62100206E
S2140107007A5701209E21002094570120AA5B0120E0
S21401071070B5204CA37923F00403A3712379052B2C
S21401072036D1208802F08EF994F86950064655B104
S214010730013DEDB284F86950405D04F073FCBDE8FC
S2140107407040002010E4144A94F86A3012789A42F5
S2140107500AD9013384F86A30B4F86430013BDBB25D
S21401076084F86930C05CE8E7042323710B4B0C481E
S2140107701B884FF47A7253430A4A1188591A01F0BA
S2140107804AFD94F86630F05CBDE8704004F04ABC5F
S21401079070BD00BF08570120D7210020A2210020EC
S2140107A094570120A621002038B50C4D2B7904461C
S2140107B00BB9002038BD01F099FAEB6EC01A084B50
S2140107C01B884FF47A7253439842F2D3AC600548C3
S2140107D001242C7104F0EEFA2046EBE708570120BD
S2140107E0A021002041000100802070472DE9F04F34
S2140107F087B083460D461046002114461E469DF8D6
S2140108004080BDF84490DDF848A09DF84C7000F09B
S21401081029FE3A4B1A78531E012B05D93849394817
S2140108206A22FFF711FAFEE7374B1978FB070DD559
S214010830884231D2354A03B2126803EB830302EBD6
S21401084083039B7CD90603D4382022E0884223D236
S21401085000B200EB8000DFF8B4B083000593DBF84C
S214010860003003EB80039A7C52071ED5CDE9019731
S214010870CDF800A0434632462146284600F038FC13
S21401088038B9059ADBF8003013449A7C42F0080226
S2140108909A7407B0BDE8F08F4FF6FF718C422AD0EC
S2140108A0022A13D1E4B9002204E04FF6FF72944203
S2140108B021D01A89334621462846CDE912A7CDE92B
S2140108C0108907B0BDE8F04F03F002B9204601F0E9
S2140108D053F94FF6FF7188420246EBD13720D8E72D
S2140108E08B45E0D00021584600F0BCFD064B1B7836
S2140108F08342D8D8F2E72246DCE700BF7A570120C8
S214010900CEA10200BCA10200D5210020BC200020FF
S21401091010B50E4C92B00023237001F029FA98B15D
S2140109200B4B1B78022B0FD10DF1070102A800F02B
S214010930D3FE9DF8071002A813F084FA054B196838
S2140109402046890201F067FC12B010BD8C570120C9
S2140109507A570120A820002010B50D4B1B78022BDA
S214010960044613D1002012F0D3FE020601D5E30798
S2140109700CD5FEF777F96423B0FBF3F202FB130103
S214010980BDE81040034889B201F045BC10BD00BF68
S2140109907A5701208C57012038B50C4605460021B0
S2140109A0204600F05FFDFF2805D10B490B48DE22EB
S2140109B0FFF74AF9FEE745B1094B00B21B6800EBA9
S2140109C0800003EB8003DB7C2BB920460021BDE8C9
S2140109D0384000F051BE38BDCEA10200BCA10200D5
S2140109E0BC20002038B50D460021044600F03AFD33
S2140109F0FF2811D0094A03B2126803EB830302EB06
S214010A0083039B7CDA0601D5EB0705D5204600213A
S214010A10BDE8384000F030BE38BD00BFBC20002025
S214010A200346FF2B70B5084605D118491848F92228
S214010A30FFF70AF9FEE7174D2A6803EB830302EB7B
S214010A4083029C0092F91210937C00291CDA590744
S214010A5000D570B1D17C168991B113F0100001D088
S214010A600FF010FD00F00101304613F0F9F908B15E
S214010A70012070BD2B682344DA7C013ADA74F7E76B
S214010A80304600F0F9FDF3E70020F2E7CEA10200C0
S214010A90BCA10200BC20002010B5044601F068F994
S214010AA008B9702010BD204B1B785A1E012A06D8A3
S214010AB01CB1237A9A1E012A13D90220F2E7063BBB
S214010AC0012BEED8002CF8D0237A9A1E012AF4D8EE
S214010AD0032B20880CBF21460021BDE8104000F002
S214010AE0CBBD022B0BBF2088214600214FF6FE709E
S214010AF000F0B8FCFF280446D3D003B203EB830210
S214010B000A4B0B481B6803EB82039A7C62F07F0258
S214010B109A740822DA7401F073FB00212046FFF76D
S214010B207FFF0020BEE700BF7A570120BC200020CF
S214010B307C570120014B1888704700BFBC2100205C
S214010B4010B50E4A127803460846511E012906D9E9
S214010B500B490C4840F22112FFF776F8FEE7012A0E
S214010B60094C03D100F00CFF208010BD4FF6FF7238
S214010B7022801946BDE8104013F031B97A5701209A
S214010B80CEA10200BCA10200BC21002038B5084B52
S214010B901B78022B04460D4608D1002012F0B8FD42
S214010BA0020601D5EB0701D5024B1C8038BD00BFFC
S214010BB07A570120BC210020044B187828B9044B31
S214010BC01B689B880BB1034B18787047AA5C012001
S214010BD0B8200020D421002070B593795B068EB032
S214010BE00646144622D5908801F02CFFA37903F01F
S214010BF00F038DF8043000230993E3788DF8203035
S214010C00054612F0CFFF0921ADF82800284612F05C
S214010C10B9FE28440B9029460DF1060012F083FF19
S214010C2001A9304611F09CFD0EB070BD0D8801F093
S214010C304FFA8542F8D1A3798DF80430A08823882D
S214010C40ADF8063001F01AFFADF80A00A08801F0F1
S214010C50F9FE6388039001A93046ADF8083011F01B
S214010C606DFDE1E72DE9F84F0546FFF7A5FF0026E4
S214010C70DFF8A480DFF8A49007463446F3B29F421B
S214010C8001D8FF243EE0D8F8003003EBC40221B2BD
S214010C909079400639D5908801F0D4FE95F808B0D1
S214010CA0824612F053FD504402F040FCC0F381200E
S214010CB083450AD099F800300134E4B2B4FBF3F26C
S214010CC003FB1244E4B20136D8E72B7A022B0ED08E
S214010CD02B7A032BEED10421504612F053FE082244
S214010CE02946504414F0F4FD0028E3D10AE004211B
S214010CF05046B5F800B012F045FE504402F016FC1E
S214010D008345E5D12046BDE8F88F33F831202B889E
S214010D109A42CFD1F6E700BFB8200020D4210020A8
S214010D202DE9F047FFF748FF0546002400F0DEFFF7
S214010D3035B9214B1D70214BFF221A70BDE8F08793
S214010D401F4BD3F800E01F4B1A681F4BA2EB00089D
S214010D5093F800C0274626464FF0FF3123465EF83B
S214010D602390A0EB090A524517D9C144894518D3E7
S214010D700133DBB20137B3FBFCF90CFB19335FFA25
S214010D8087F94D45DBB2EAD80EB10C4B1C7061B940
S214010D90BDE8F047084801F033BA1C460126002199
S214010DA0E6E71C4649460126E2E78A42C6D3BDE885
S214010DB0F047014801F02FBA84570120DA210020BC
S214010DC0B0200020AC200020D42100202DE9F04FD7
S214010DD0484B494F1A683C78DFF838A1DFF838B13C
S214010DE002EBC40387B09E7916F04003009301BF5F
S214010DF002238DF8143032F83030ADF80C303F4B0A
S214010E001D780130691EC9B2B0FBF5F305FB13036B
S214010E10DBB201919C4225D1002C58D1013DECB2A8
S214010E2002EBC40200239380354B3C701B78063BD3
S214010E30012B5AD9009B002B57D103A8FFF712FFAD
S214010E40FF2852D10099BDF80C0000F00BFB2D4B8A
S214010E501B7883423ED82C492C484FF4AC72FEF7DF
S214010E60F3FEFEE783BB019852F8331042F83010C8
S214010E7002EBC30E02EBC00CDEF80410CCF8041033
S214010E80DAF8001003EB830C00EB800901EB4C0849
S214010E9051F81CC041F819C001EB490ED8F804C03E
S214010EA0CEF804C0B8F80810AEF80810DBF8001049
S214010EB051F8236041F820600133DBB2B3FBF5F152
S214010EC005FB1133DBB2A5E7581EC0B2CCE7013CE7
S214010ED0E4B2A5E70E4B00B21B6800EB800003EB03
S214010EE080039A7C22F008029A7407B0BDE8F04F9E
S214010EF016E700BFB8200020AA5C0120D4210020FC
S214010F007A570120D5210020F3A10200BCA10200DE
S214010F10BC200020B4200020B020002038B50D46AB
S214010F201446FFF79FFEFF281AD00E4A03B2126836
S214010F3002EBC30152F833202A604A686A600A4A03
S214010F4003EB8303116801EB430251F8133023606E
S214010F505368636013892381FFF738FF012038BD8A
S214010F600020FCE7B8200020B420002038B5074C4C
S214010F70074DFFF721FE00B938BD226829684220D7
S214010F80FFF72AFE0020FFF721FFF2E7B820002036
S214010F90B4200020B0F1004F9DBF024B1860002026
S214010FA002207047AC20002010B5074B1878074B7D
S214010FB01A68002304321C46D9B2884200D810BDF4
S214010FC022F833400133F7E7D4210020B82000206F
S214010FD010B5114B114C00221A70114A2378127861
S214010FE09A4206D90F4A126802EBC30219B29388D5
S214010FF02BB90D490D485A22FEF726FEFEE70C4B8B
S2140110001B6801EB8101412003EB4101FFF7E4FD81
S2140110102078BDE81040D9E684570120DA21002067
S214011020D4210020B8200020F3A10200BCA10200B8
S214011030B420002030B52D4B1B78063B012B8DB01C
S214011040044629D8214606A812F017FD09AA04A9C4
S21401105006A8FFF763FFC0B3BDF81450284601F099
S214011060F1FC0446284601F009FD9DF816209DF87E
S214011070131042F00403520629D5CDE9014300239B
S21401108000901A464FF6FF7003F0C6FDE8B104AAB9
S21401109009A9FFF7A1FD18E012F058FB204402F061
S2140110A045FA80130228CDD10621204612F06AFCAB
S2140110B0204402F03BFA002100F0D4F9FF2804D0C6
S2140110C00121FFF7ADFC0028BCD00DB030BDBDF846
S2140110D01020CDE90010CDE90243BDF824009DF8AB
S2140110E01230114602F0F4FCD0E700BF7A57012017
S2140110F02DE9F84FDFF8B8A09DF830B01E4605463A
S214011100FFF75AFD9AF8003083428846174643D0C7
S214011110234B244C1A6821780A9802EBC109BDF8C2
S2140111202C10002201F03AFE1D4BA9F804001A68A3
S21401113094F8009002EBC903998879B322F83980B4
S2140111409F70DE7083F806B0174B1E6800F0CEFD68
S214011150164B46F8290020781B681BF0400F00EB61
S214011160800012D00A9903EB400012F086FC237827
S2140111709AF800200133B3FBF2F102FB113323701E
S214011180FFF7CEFD0020BDE8F88F03EB40020221F9
S214011190117223F81050EAE73920F4E71820F2E735
S2140111A0B8200020AA5C0120B0200020B420002036
S2140111B0D421002008B5FFF755FDFF3818BF0120E0
S2140111C008BD10B5044686B003AA01A92046FFF75C
S2140111D0A5FE08B906B010BD01AA03A94220FFF773
S2140111E0FBFCF1E7054B1B7833B9054B1B68988868
S2140111F0B0FA80F04009704700207047AA5C0120D1
S214011200B820002070B5084D084E00242A78E3B2B5
S2140112109A4200D870BD306800EBC300043001F07C
S21401122029FA0134F2E700BFD4210020B8200020BB
S2140112301FB50E4B1B6800EB800203EB82030446CE
S2140112401A89D3F80A00D3F80E109B7CADF80C204F
S21401125023F0080301AA03C28DF80E3001AA0C235D
S21401126021460520FCF780FE04B010BDBC200020FE
S2140112702DE9FF41134F3B6800EB800203EB82032D
S2140112804FEA820802228DF80C209E7C1B89ADF85D
S2140112900430044601A80D46FFF793FF3B6843441C
S2140112A006F002069A7C22F001029A742046FFF7A5
S2140112B0BFFF1EB115B1204600F0A2FB04B0BDE889
S2140112C0F08100BFBC20002038B50A4D0A4B2A78B1
S2140112D0186802EB82029200002114F023FB00241E
S2140112E02B78E0B2834200D838BDFFF7A1FF013466
S2140112F0F6E700BFD5210020BC200020F8B500F09D
S214011300F5FC194B1F78194B1C684FF47A735C4334
S214011310174B1A6800254FF0FF31EBB29F4206D8F3
S2140113204B1C1CD0BDE8F840124800F074BF937CFB
S214011330DE070BD55E0609D41E0607D41668A0EB99
S214011340060C644505D843F0400393740135143206
S214011350E3E7231A3344994228BF1946F6E7054BBB
S21401136000221A70F8BD00BFD5210020C020002041
S214011370BC2000207C5701202DE9FF41194F1A4E51
S21401138000253B78ECB2A34205D8184804B0BDE866
S214011390F04100F035BF0C2301AA21460520FCF7D9
S2140113A093FD9DF80E20D30719D5D6F80080BDF819
S2140113B00C1014235C4308EB040322F00802198185
S2140113C09A7401AA03CAC3F80A00C3F80E1000F003
S2140113D08DFC336848F80400234400225A60013526
S2140113E0CFE700BFD5210020BC2000207C5701207C
S2140113F0F8B51A4E1A4D3268297800231232142095
S214011400DCB2A14210D800F071FC00222D783368BE
S2140114101746FF24D6B2AE420ED3A5420AD9002102
S2140114202046FFF725FF05E000FB03F70133D75DF4
S214011430FF07E5D42046F8BD93F912C0997CBCF1AC
S214011440000F01DB490605D51968411AB94284BF68
S2140114500F46344601321433DCE700BFBC200020BF
S214011460D52100202DE9F843104B93F80090104B3E
S2140114701C6880460D460A340027FEB2B14501D8E5
S214011480FF2609E0237ADB070DD545B10822214660
S214011490284614F01DFA30B93046BDE8F88334F812
S2140114A0023C4345F8D001371434E6E7D521002045
S2140114B0BC2000202DE9F041344B93F8008008F160
S2140114C0FF33012B06460C46174603D9A8F106033F
S2140114D0012B57D8002E57D0337A9A1E012A53D89B
S2140114E0032B0CBF314600213088FFF7BBFFB8F154
S2140114F0010F054604D0FF2D09D1B620BDE8F081C5
S214011500404612F005F90306F5D5FF2D0CD014BBA5
S214011510DFB11F4B2DB21B6805EB850503EB850379
S2140115209B7C03F03E030FE0337A022BE5D10025C6
S2140115303188E8B200F0F6FA48B11CB10023236006
S214011540636023810FB120233B700020D6E701356D
S214011550202DEDD1D1E72BB203EB83020C4B1B6898
S21401156003EB8203327A022A09BFD3F80A201B89C9
S2140115702260D3F80E2015BF238003230223626066
S2140115802372C5E77020B9E70220B7E77A57012032
S214011590BC2000200A4608B50021FFF78BFF002873
S2140115A018BF702008BD2DE9FF4707464FF6FE70AD
S2140115B00E461546FFF756FFFF28044643D1FFF7B0
S2140115C017FF0446294B1B78A3424DD9DFF8A49098
S2140115D085F00801AA10D9F800A0C1F3C00123B212
S2140115E002F0100242EA810203EB830305F00205D2
S2140115F04FEA83082A430AEB830342F001029A74F6
S2140116001F813268C3F80A207268C3F80E2000F002
S2140116106DFBD9F800304AF80800434400225A60AE
S2140116202046FFF705FED9F8003043449B7C9B0714
S21401163002D5204600F0E4F90D4800F0E1FD002057
S21401164004B0BDE8F0870B4A02238DF80C3012680F
S21401165003B203EB830302EB830301A81B89ADF8F6
S2140116600430FFF7AEFDADE7B420E9E7D521002051
S2140116707C570120BC20002008B5FFF7F3FE074B7E
S2140116801B78834207D90121FFF7F2FD044800F0D9
S214011690B7FD002008BD7020FCE700BFD521002063
S2140116A07C57012008B5FFF7DDFE094B1B78834206
S2140116B00CD9084B00B21B6800EB800003EB8003DB
S2140116C0987C030754BFC009012008BD0020FCE731
S2140116D0D5210020BC2000202DE9F8430024144F1A
S2140116E0DFF858800C7006460D464FF014093B781B
S2140116F02878E2B2934208D8402816D90D490E48F8
S2140117004FF4AF72FEF7A0FAFEE7D8F8003009FBF7
S21401171002339A7CD20706D51989304401F00CFFB2
S2140117202B7802332B700134E1E7BDE8F88300BF64
S214011730D521002018A20200BCA10200BC20002076
S21401174073B50446002944D012F000F8204401F095
S214011750EDFE801302280CD10621204612F012F964
S214011760204401F0E3FE4FF6FF73984209D00021B2
S2140117700AE011F0EBFF204401F0D8FE80130328A5
S2140117801DD04FF6FF706946FFF76CFE1D4B1B78A8
S214011790834234D91C4D00B200EB800084002E68D1
S2140117A000F0A4FA2B683051234418489A7C22F0A2
S2140117B040029A7402B0BDE8704000F021BD0621D7
S2140117C0204612F0DFF82218205851686B4603C3F2
S2140117D0D7E711F0BBFF204401F0A8FEC0F381203B
S2140117E0022801D10421B8E711F0B0FF204401F02E
S2140117F09DFEC0F381200328C3D10421E0E702B097
S21401180070BD00BFD5210020BC2000207C570120E0
S21401181010B50C460021FFF725FE0A4B1B788342C4
S2140118200DD9094B00B21B6800EB800003EB800367
S2140118305A68A24203D801345C60012010BD002022
S214011840FCE700BFD5210020BC200020034B1B680D
S21401185000EB800003EB800318897047BC20002052
S2140118600E49096870B500EB80020D4C01EB820150
S214011870034600224FF6FF7514F82200FF2807D012
S214011880D0B2834208D0FF2B02D00E89AE4203D0DD
S2140118900132202AF0D1FF2070BD00BFBC200020FD
S2140118A0AE5B01202DE9F84306460F4615469846DD
S2140118B0FFF7D6FFFF28DFF8909033D1002419F800
S2140118C02430FF2B2BD00134202CF8D1BDE8F8832F
S2140118D001F0D4F82844414680B201F0DDF904460F
S2140118E00028F3D001F0AEF88046708801F0AAF81F
S2140118F08146708801F0C2F849460246404613F018
S2140119004AFF204601F09EF88046708801F0B6F83E
S2140119102A463946404413F03EFF7480D6E709F85C
S2140119202460E0B28400B8F1000F04D109EB04068C
S21401193070880028CCD100222946384601F02EFABC
S2140119404C446080C2E700BFAE5B01200023054A1D
S214011950FF2019460133202B1070518002F104023A
S214011960F8D17047AE5B012038B5044D0024281924
S214011970043400F07FFE802CF9D138BDB05B012025
S2140119804FF6FF73984213B5044618D102230DF1A2
S214011990060200210420FCF797FABDF806304FF640
S2140119A0FC7293420BD80133ADF806300DF10602F6
S2140119B0022300210420FCF7D7FABDF80640204692
S2140119C002B010BD0B4B1B8807B52BB90A490B4853
S2140119D05C22FEF739F9FEE7013BADF806300DF162
S2140119E00602022300210420FCF7BEFA03B05DF8CC
S2140119F004FB00BF9C2100203AA20200BCA1020009
S214011A0010B50446FFF72CFF144A126804EB840154
S214011A1002EB81020346927C12F001020BD0FF28F2
S214011A200F4A13D1002312F82310FF290DD00133DA
S214011A30202BF8D110BDFF28FCD0094BFF2103F85D
S214011A40201003EB80035A80F4E7DBB202F8234050
S214011A5002EB830200235380ECE700BFBC2000208A
S214011A60AE5B01202DE9F0410F46002115461E46CA
S214011A70FFF7F8FCFF2813D00A4B04B21B6804EBEF
S214011A80840403EB84039B7C990709D5DA0601D508
S214011A90FB0705D5324629460123BDE8F04101E79B
S214011AA0BDE8F081BC2000202DE9F7430C4600215B
S214011AB006461F46FFF7D6FCFF2805462DD0DFF861
S214011AC0609002B2D9F8003002EB820203EB820387
S214011AD04FEA82089B7C99071FD5DA0601D5FB07DA
S214011AE01BD52046FFF74CFF4FF6FF73984204467E
S214011AF013D0014601A801F01FFD0023022201A90F
S214011B002846FFF7CFFED9F80030434421469A7C99
S214011B103046C2F3001212F07BF903B0BDE8F08341
S214011B20BC200020F8B5134C14F82030FF2B0F46CC
S214011B3001D10020F8BD04EB800460880028F8D0AD
S214011B4000F080FF00250646608800F097FFEAB2A5
S214011B50C0F34F008242ECD206EB420301355978BE
S214011B6016F8123003EB01239BB2BB42ECD10120E5
S214011B70E0E700BFAE5B012038B500210446FFF761
S214011B8071FCFF280FD100252146E8B2FFF7CAFFF6
S214011B9058B1094B094A13F82530126803EB830341
S214011BA002EB83031C89204638BD0135202DEBD17D
S214011BB04FF6FF74F7E700BFAE5B0120BC200020A4
S214011BC010B50FF09EF9FCF789F810F0FF0415D157
S214011BD00B4800F0B3FB0B4B187000F027FC00F02D
S214011BE0F1FC0EF071FDFFF7DFF9FFF7AFFE012004
S214011BF003F0D6F902F0FEFC04F044F8204610BDCE
S214011C0080A202007857012038B50B4D01F082FC06
S214011C10EFF740FC287800F076FB0FF076F90446E3
S214011C20EFF738F810B9287800F0B8FB2046BDE881
S214011C3038400FF070B900BF7857012010B50EF08C
S214011C40E1FDE0B1EFF72DF8044603F0DDF9C0B988
S214011C5044F00404A4B2EFF71DF810B144F00204F6
S214011C60A4B202F097FC10B144F00804A4B2094BE8
S214011C701B7813B144F01004A4B2204610BD012411
S214011C80E3E703F0C1F90228E2D0034B1B78062BE9
S214011C90E1D1DDE7825801200A58012008B5EEF7A8
S214011CA0F9FF30B9BDE8084003484FF0FF3100F0B6
S214011CB0F9BA002008BD00BF80A2020013B5044691
S214011CC008B90DF10604FFF7B9FF8307208007D195
S214011CD005484FF0FF3102B0BDE8104000F0E2BA0F
S214011CE0002002B010BD00BF80A2020007B5FBF7BE
S214011CF0E9FC6A46FBF7B2FD28B105490548D12241
S214011D00FDF7A2FFFEE7009803B05DF804FB00BFF5
S214011D1064A20200BCA10200014B187803F032B99C
S214011D20B221002008B50A4B1B782BB109490A4895
S214011D30E122FDF789FFFEE703F066F9074B18700D
S214011D40012003F004F9BDE80840EEF7C3BF00BF69
S214011D500A58012064A20200BCA10200B2210020A0
S214011D60024B587800F00F00704700BF78570120EB
S214011D70034B587800F00F00831E584258417047B5
S214011D80785701202DE9FF4BDDF830909DF834B0EF
S214011D9004460D4690461E46FFF7EAFF002843D04C
S214011DA0224FBB78063B012B3ED91EB9022004B058
S214011DB0BDE8F08BB9F1000FF8D00F29F6D81BF06B
S214011DC0010F17D1BB781A4F013B012B0BF00F0BFC
S214011DD01AD8012011F09CFC030615D5CDE9029B0B
S214011DE0CDE900862B46798822464FF6FF70FEF72E
S214011DF0FDFCDCE70EF022FC0528D7D10EF042FBF5
S214011E000028DFD13820D2E7BA88CDE9029BCDE998
S214011E1000864FF6FF718A4208BF224678882B4615
S214011E20214601F055FEC2E77020C0E77857012031
S214011E30B221002008B50246FFF79AFF48B1064BCB
S214011E409B78052B05D182F0010003F080F8002075
S214011E5008BD7020FCE700BF785701202DE9F84344
S214011E601E460D469046074611F0A2FC044611F0A8
S214011E706DFC814611F090FC214B81449B78A4EBCC
S214011E800904A4B2002B39D0063B012B33D8631FBB
S214011E909BB2BFB9AA1E012A30D8B8F1000F01D0F3
S214011EA0073CA3B2022D0CBF023B083B9CB236B1E5
S214011EB00EF0C4FB052814BF053C093CA4B220461D
S214011EC0BDE8F883022F0BD0032F17D1AA1E012AD3
S214011ED014D8B8F1000F01D0073CA3B2083B08E0C4
S214011EE0AA1E012A0AD8B8F1000F01D0073CA3B2F6
S214011EF0023B9BB2D6E70E3CA4B2D8E7FF24DEE74E
S214011F00785701202DE9F04F89B005469DF84860C5
S214011F1006938B461746EEF75BFFC0B14FF40060A1
S214011F200DF04EFA0446002800F0A080FFF720FFCF
S214011F30002800F09D80504B9B78063B012B00F259
S214011F40978055B90225284609B0BDE8F08FEEF70F
S214011F504DFF0028E2D18020E2E7002FF2D0069B59
S214011F60002BEFD0AB7C002BECD006F00103F10781
S214011F7007934FD416F0080804D0012011F0C8FBCF
S214011F800306DFD52B7E002B55D0B5F814A06B7E4B
S214011F90002B54D0B5F81690079BA97C287ABAEB8B
S214011FA0090218BF0122FFF759FFB84262D3CDE9F3
S214011FB0019506F00F060A35002301223146204618
S214011FC0CDE903A7009511F02AFC0921204611F05E
S214011FD0D9FC06993A46204413F0DDFB46F040064C
S214011FE0B8F1000F2FD011F0B1FB0546204611F0D5
S214011FF0B8FB0544ADB24FF6FF71CDE90045029638
S2140120005B46FF220846FFF773F8054620460DF0AB
S214012010DFF998E72B7A002B94D016F0080804D045
S214012020012011F075FB02068CD50EF02BFA002864
S214012030A8D1382587E7114BB3F806A0A7E70F4BC1
S214012040B3F80690A8E711F081FB0546204611F08B
S21401205088FB0544ADB2CDE90146009543464246AC
S21401206059464FF6FF7002F0D7FDCEE718256AE70E
S214012070702568E7742566E778570120B2210020AD
S21401208008B5FFF7DBFD10F0070F0CBF012000209D
S21401209008BD08B5FFF7D2FDB0FA80F0400908BDCB
S2140120A010B5044600F0CEF908220146204613F08A
S2140120B00FFCB0FA80F0400910BD014B187A70474A
S2140120C0B2210020014B187200207047B221002077
S2140120D0014B5888704700BFB2210020014B9888F9
S2140120E0704700BFB2210020014BD888704700BF5F
S2140120F0B2210020014B9878704700BF7857012025
S21401210000F0A0B9014B5880EFF78EB8B22100203D
S214012110014BD880EFF79EB8B2210020064B01286C
S214012120987004D0062806BF044B1878002000F0EB
S2140121300100EFF7A5B800BF78570120FD57012031
S21401214008B5064B0228587006D1FEF7E1FB902031
S214012150BDE8084010F0DABA9120F9E77857012077
S21401216010B51A4B86B05A88ADF81420DA889B88C9
S214012170ADF81630164BADF80C209B788DF8123062
S214012180062B044605D1134B1B7813B186238DF815
S214012190123002F0BAFAADF8100002F0B4FA0C23CD
S2140121A0ADF80E000DEB030200210320FBF7DCFE69
S2140121B04CB12068616801AB03C3082301AA002162
S2140121C01846FBF7D1FE06B010BD00BFB2210020B5
S2140121D078570120FD57012038B5447845680EF040
S2140121E094FE0C2363430549CA58521BB2F1004FB3
S2140121F098BFCD50BDE838400EF08DBEF455012095
S21401220010B50446FFF772FD042323706060204674
S214012210BDE81040E0E738B504460D46FFF766FD19
S21401222001232844237060602046BDE83840D3E788
S21401223010B50378044663B1042B01D1002010BD0C
S214012240FFF754FD6368C21AB2F1004FF6D9181AA7
S214012250F5E74FF0FF30F2E7F8B50C4606461546AF
S214012260FFF744FD01460DB1FF232B7020460022E7
S21401227056F8323033B11F7887B1042FD4B202D169
S21401228075B90020F8BD5B68CF1AB7F1004FF7D9D2
S2140122905B1A984202D905B12C7018460132E7E75D
S2140122A02C70EEE70022FFF7D7BF70B50446FFF7A4
S2140122B01DFD06460EF029FE6FF0004105466068DA
S2140122C0FFF7F0FF304420602846BDE870400EF06E
S2140122D022BE70B50446FFF709FD083405460426FC
S2140122E054F8080C70B1037853B1042B04D043683A
S2140122F0EB1AB3F1004F03D8067054F8043C984724
S2140123000834EDE770BD38B50446FFF7EFFC0C2343
S214012310094D6343EA18EB58C01AB0F1004F09D8CB
S214012320506804EB4404FFF7D4FF05EB8400BDE8D6
S2140123303840BAE738BD00BFF455012010B5124A3F
S214012340124914780978A142034605D81049114864
S214012350EC22FDF779FCFEE7611C11700E4A0C2198
S21401236004EB440002EB800001FB042201215360D0
S2140123701172083353F8082C08330AB15470F9E780
S214012380FFF793FF204610BDAB5C012010A10200B1
S214012390E0A20200BCA10200F455012070B5174E60
S2140123A07378054623B90EF0ACFD0024204670BDB7
S2140123B00EF0B4FD044630B9114912484FF492723A
S2140123C0FDF742FCFEE7FFF791FC0F4B0C2202FBE8
S2140123D0053500222A723578D1B28D42E6D91968C0
S2140123E0461AB6F1004FDED91E7A002EDBD188429E
S2140123F002F1010203F10C03EED1D4E7AB5C01203C
S214012400E0A20200BCA10200F4550120034B0C22FD
S21401241002FB003301221A72704700BFF4550120F7
S214012420014B5870704700BFAB5C01200348044A5B
S214012430008808230021FBF773BE00BF9C9F0200A3
S214012440AD5C012000487047AD5C012028B1034B0C
S2140124501B68C01A4010013080B27047A057012097
S21401246030B1044B00F100401B68013803EB40001B
S214012470704700BFA05701204088C0F30C0003300E
S214012480800840000430704710B50346FFF7F4FF9C
S214012490074A03EB400354684FF6FF729C42184606
S2140124A004D90188914203F10203F7D010BD00BFA1
S2140124B0A05701202DE9F8431E4F3B8905468BB3F3
S2140124C0B0F90230002B2DDBDFF874801A49D8F8FA
S2140124D0000013F056F920B9184840F2CD11FCF768
S2140124E0A1FBDFF8589000263A89B3B29A4204D885
S2140124F040F2CF114846FCF795FBFB68D8F8001070
S214012500B2B203EBC20453F8320068B943F8321092
S214012510A3880133A3802846FFF7AEFFE38803EBC9
S2140125204003E380BDE8F88313F02BF90136002859
S214012530DAD1EDE7A057012006A3020010A302009E
S214012540CC200020034BD3E90030C01AC0F34F0063
S214012550704700BFA0570120024A136803EB4003EF
S21401256053607047A0570120704710B5084CD4E956
S21401257000329A4204D207484FF48071FCF752FBAE
S214012580D4E90030C01A20F0010080B210BD00BFAF
S214012590A057012010A3020010B5084C62682369F9
S2140125A09A4204D906484FF48371FCF73BFB206935
S2140125B06368C01A20F0010080B210BDA057012048
S2140125C010A3020008B50A4B0A491B680A4A23F001
S2140125D001030B44116013615160FFF7DDFF6428AE
S2140125E005D8BDE808400548F021FCF71BBB08BD2F
S2140125F00CA1020054460120A057012010A302009E
S21401260010B5084C226823699A4204D306484FF451
S2140126108671FCF707FB20692368C01A20F00100C9
S21401262080B210BDA057012010A30200054B1A6806
S214012630824205D85B68834294BF00200120704720
S21401264000207047A057012008B520B1FFF7EEFF24
S21401265000F0010008BD0120FAE7014B1860704741
S214012660CC200020014B024A1A607047CC20002083
S21401267006A302002DE9F0411D4B1B7D012B0446EC
S21401268024D10088FFF7ECFE0546D8B1DFF8648058
S21401269004262C460EF039FC07462046FFF70AFFB3
S2140126A0638843EA08036380A05BFFF7D9FE04460C
S2140126B038460EF030FC1CB1B4F90230002BE9DAD2
S2140126C0062E01D1BDE8F0810626E2E7022BF9D1FC
S2140126D00EF01BFC02462088FFF7C2FE18B10388E5
S2140126E0C3F30E032380BDE8F04110460EF013BC81
S2140126F0A05701200080FFFF2DE9F04FAF4D95B0A8
S21401270000240646EC820EF000FC01232B752B8B71
S214012710ADF80E30D5F804802C830EF0FCFB2A8928
S214012720E868D200214613F0FDF80DF10E00FFF720
S214012730A1FF002E36D1D5F8009000244FF0010AF3
S214012740C14536D3002C36D1BAF1000FF3D02F682D
S214012750A4F50044B9463A46424569D302230DF131
S2140127600E002B75FFF786FF002E40F083802C6845
S21401277022464A4580F096809088FFF771FE18B190
S2140127800388C3F30E039380D088FFF769FE18B160
S2140127900388C3F30E03D3801046FFF775FE024687
S2140127A0E7E79847E3B2013456F82330002BF8D117
S2140127B0C1E7002C36D0013CE4B214AB03EB840332
S2140127C053F8407CB7F902207B88002AB8DA5A040D
S2140127D0B6D4BB4643F480432BF8023F06373BF89A
S2140127E0020FFFF73DFED0B1B0F902C04188BCF13F
S2140127F0000F14DB6FEA41416FEA514141800190BD
S214012800FFF758FE0F2C9FBF14AB03EB8401019B0F
S21401281041F8403C9ABF0134E4B24FF0000ABB4590
S214012820DDD18DE74846FFF72FFE4F468146C9E7C3
S2140128301046FFF721FEB2F902301188002B8246BE
S21401284001EA040108DA3846FFF700FE014389B2BF
S21401285007EB4A0702EB4A0911801046FFF714FE00
S214012860024679E79847E3B2013456F82330002B45
S214012870F8D17CE70024F6E72046FFF705FE804600
S2140128807CB1B4F902306188002B0ADA2088C0F3E3
S2140128900E00FFF7E5FD844203462CD1C1F30D017E
S2140128A0618044464C45E7D3DFF814810EF02DFBDA
S2140128B000210646404600F074FCFFF7D1FD0446B1
S2140128C000286FD030460EF026FB2046FFF7D4FDD9
S2140128D006463846FFF7BAFD76008146324621465F
S2140128E0384613F005F8002249460DF10E0000F0B7
S2140128F0ECFB3744DAE71BD92046FFF7BDFDC1F3F1
S2140129000D014200618092B22146184612F0F0FF96
S214012910C7E74046FFF7B8FD4646814503D9B0F9FB
S2140129200230002B01DA804603E0FFF7ADFDF4E745
S2140129302646C14507D9B8F80000C0F30E00FFF7D8
S2140129408FFD8045E5D35EB33088C0F30E00FFF7F8
S21401295087FD034638B9A246B346564511D8A64266
S2140129609FD05E46EFE73046FFF786FD7288C2F3DA
S2140129700D027280420092B23146184612F0B8FF3C
S214012980E9E75046FFF780FDD346814503D9B0F904
S2140129900230002B01DA8246DFE7FFF775FDF4E728
S2140129A0B346DEE7BDF80E30287530462B836F60E0
S2140129B00EF0B1FA15B0BDE8F08F00BFA0570120A8
S2140129C0B857012070B51A4C14230846A8B02381C5
S2140129D0C4F80CD0FFF790FEE2682089002302EBD2
S2140129E0C0001946824213D103EBC103D4E9001299
S2140129F0521A9BB222F00102934204D00D4840F2D3
S214012A000221FCF70FF90023E360238128B070BD93
S214012A1052F8085B002DE7D032F8046C32F8025CFD
S214012A20A5EBC60531442B4489B29BB2DAE700BF59
S214012A30A057012010A3020008B5FFF711FDBDE85D
S214012A40084001E610B5044608B9002010BDFFF79E
S214012A50F3FF20B9084840F2C441FCF7E3F82046EA
S214012A60FFF7FEFC0028F0D00388DB0B14BFD0F87C
S214012A700A000830EAE700BF10A3020010B508B943
S214012A80002010BDFFF7ECFC0446FFF7DDFD20B982
S214012A90074840F2DE41FCF7C5F8002CF0D0238849
S214012AA0DB0B0ABF60882089C0F30C00E9E700BF92
S214012AB010A302002DE9F0410546FFF7D1FC0F46B1
S214012AC00446D8B1FFF7C0FD20B9214840F2F141D4
S214012AD0FCF7A8F82846FFF7D1FF05462046FFF782
S214012AE0D3FCBD42064609D004D8194840F2F94144
S214012AF0FCF798F82588ED0B02D02781BDE8F08118
S214012B0067802046FFF7B8FC074604EB40080EF046
S214012B10FCF9104B5A68B2420AD1C3F804800EF091
S214012B20FAF92A464046FF21BDE8F04112F0FABE06
S214012B30A6EB0806B5B20EF0EEF9072DF1D9002383
S214012B40083D44F81730C8F80430A8F80250D5E715
S214012B5010A30200A0570120F8B50746FFF780FC36
S214012B60064638460D46FFF789FFA842044611D0AF
S214012B7004D80F4840F22351FCF754F856B1338875
S214012B80641BDB0BA4B206D0D6F80A303581234489
S214012B90C6F80A30F8BD3846FFF754FF2A46011931
S214012BA012F0A6FE29463846BDE8F840FFF782BF78
S214012BB010A3020038B5FFF753FC0D46044650B18A
S214012BC0FFF742FD20B9044840F23651FCF72AF8D7
S214012BD0023534F8150038BD10A3020070B5FFF7B2
S214012BE03FFC0C4616460546B0B1FFF72DFD20B951
S214012BF00D4840F24151FCF715F83046FFF730FC1E
S214012C00FFF722FD20B9084840F24251FCF70AF8C6
S214012C10023425F8146070BDBDE87040024840F2E9
S214012C204651FBF7FFBF00BF10A3020070B5044674
S214012C300E4600250CB9284670BD2046FFF71EFF3C
S214012C40314605442046FFF7B5FFADB20446F1E72D
S214012C5038B50C4DC41CEB69A408640023B10A48BE
S214012C6040F25B51FBF7DEFF2A696B68D31AC3F3A8
S214012C704F03A34283BFA2EB4402EA610120002076
S214012C8038BD00BFA057012010A30200014B00224F
S214012C90DA617047A05701202DE9F047C41CA4084B
S214012CA0DFF8A8A064000434B0F5005FDAF810601D
S214012CB081460F46A4B204D3234840F27251FBF773
S214012CC0B1FF0EF022F9DAF81C3080467BB9DAF84B
S214012CD00450761BC6F34F06B44224D9002540465D
S214012CE00EF019F92846BDE8F047FFF7AFBB87B1EC
S214012CF0DAF804505A1BC2F34F029442EED862002F
S214012D0005EB4404CAF804408FB91344CAF81C30D2
S214012D100DE0F61AC6F34F0686B90B4840F283510A
S214012D20FBF780FFDAE705EB4404CAF8044000230A
S214012D30A5F80290AB80EB802B80D0E7B442CDD8CB
S214012D40DAF80450DBE700BF10A30200A057012009
S214012D50F8B506460D460A2000211746FFF79CFFE8
S214012D600446FFF77DFB60B1038807816FEA4343A2
S214012D706FEA5343C0F80A600380C0F80E5020463D
S214012D80F8BD0446FBE708B5FFF76AFB28B10388E0
S214012D90DB0B14BFD0F80E00184608BD70B50E4602
S214012DA0054611463046FFF777FF044635B128B190
S214012DB0FFF748FE3246294612F09AFD204670BDBE
S214012DC038B505460EF0A1F8294604460022044807
S214012DD000F07BF92046BDE838400EF09CB800BFF5
S214012DE0B857012038B50EF090F800210546044882
S214012DF000F0D7F9044628460EF08DF8204638BD77
S214012E00B8570120024B188BB0FA80F04009704782
S214012E10A0570120014B00221A837047A0570120BA
S214012E2010B5044648B112F0D6FC411C00222046DB
S214012E3089B2BDE81040FFF7B1BF10BD08B5014625
S214012E40FFF7F4FB28B1BDE80840A1F10800FFF741
S214012E50FDBA08BD08B5FFF703FB034638B1FFF717
S214012E600BFB03EB4000BDE80840FFF7EFBA08BDD7
S214012E7038B50246FFF7F4FA0546C0B10846FFF733
S214012E80EFFAFFF7F9FA6C88C4F30C04013424F066
S214012E90010404EB40041046FFF7DCFF8842A4B2AD
S214012EA004D0034840F28D61FBF7BCFE6C8038BD50
S214012EB010A30200F8B5FFF7D3FA0E46074668B32B
S214012EC04588C5F30C056C1C4B1C24F0010423F04B
S214012ED00103E41AA4B2FFF7B7FBC0B18D421BD2BF
S214012EE00F484FF4D561FBF79DFE082C16D9F31C4D
S214012EF09B08023307EB830000227E8047F82320DD
S214012F00083C42604480BDE8F840FFF79FBA044899
S214012F104FF4D561FBF786FEB542E6D10020F8BD39
S214012F2010A3020037B505460068FFF787FFADF826
S214012F300600E8B1FFF794FAD0B10388DB0B04D0A2
S214012F400C4840F2C461FBF76DFE0DF10600FFF779
S214012F5091FBBDF80600FFF783FA0446FFF774FB02
S214012F6020B9044840F2CA61FBF75CFE08342C60C5
S214012F7003B030BD10A302002DE9F74F04460088C8
S214012F801F46FFF76DFA884615460646FFF75CFBB7
S214012F9020B9404840F2DA61FBF744FE3388DB0B88
S214012FA0009306D033892B443381002003B0BDE85B
S214012FB0F08F2088DFF8E0B0FFF760FD82463046EC
S214012FC0FFF762FA01900DF0A0FFDBF80420019BE9
S214012FD09A4281461DD1FFF7DFFA854204D9484659
S214012FE00DF099FF1A20E1E705EB0A0373803FB164
S214012FF02088FFF727FD2A464146504412F0CBFBB6
S2140130003046FFF741FACBF8040048460DF083FF3F
S214013010CBE70DF080FF2088FFF730FD28440099AC
S21401302080B2FFF739FE06460028DBD0FFF70AFD1F
S21401303081462088FFF706FD82462088FFF71EFDA1
S21401304051460246484612F0A6FB3046AFB1FFF79E
S214013050F9FC07462088FFF711FD2A464146384409
S21401306012F099FB01212088FFF7A4FD01210246F9
S2140130703046FFF7B3FD268097E7FFF7E3FC80466F
S2140130802088FFF7FBFC2A463946404412F04AFCEA
S214013090E8E700BF10A30200A05701200021FFF7B8
S2140130A0FBBDFFF7E7BAFFF7CDBCFFF7E7BCFFF7BD
S2140130B073BA70470088B0FA80F0400970470088FC
S2140130C010B1C9B2FFF776BD70472DE9F041B0F8EF
S2140130D0008006460C46D5B2B8F1000F11D029463D
S2140130E04046FFF767FD2246074629464046FFF75A
S2140130F075FD3A4629462046FFF770FD3480BDE847
S214013100F0810F46F5E738B5058800220446FFF73B
S214013110DCFF05B1258038BDF8B507460D460088A9
S21401312000211646FFF746FDB042044605D1294662
S2140131303846BDE8F840FFF7E6BF00212046FFF716
S21401314039FDB04205D020460021FFF733FD044685
S214013150F3E72A4620460021FFF740FD324628467F
S2140131600021BDE8F840FFF739BD034608461B8835
S2140131708B4202D00021FFF71DBD0020704738B5F5
S214013180044638B10021FFF79AFF002301465D1C73
S21401319009B998B238BD2046FFF7E7FF2B4601462E
S2140131A0F5E7F8B5058807467DB1CCB22146284635
S2140131B0FFF700FD8542064609D100233B80002229
S2140131C021463046FFF70AFD35462846F8BD21461A
S2140131D0FFF7F0FC214602462846FFF7FFFCEEE724
S2140131E02DE9F04707888246884614465FB338467D
S2140131F0FFF744FC3D460646E4B221462846FFF763
S214013200D9FC4045814616D12146FFF7D3FC21461D
S21401321002462846FFF7E2FC474504D1454508BF6C
S2140132200025AAF80050002221464046FFF7D6FCAA
S2140132303046BDE8F0878742FAD0FFF71FFC3044DE
S21401324086B24D46D9E73E46F2E72DE9F8430746F2
S2140132500E4690460C46BCB13B88B3B14146384653
S214013260FFF72DFF8146FFF709FC8442054606D38A
S21401327041463846641BFFF794FFA4B2EBE7051BF3
S214013280A9B24846FFF768FC0024301B80B2BDE8AF
S214013290F8832DE9F843B0F8009017460D4649B378
S2140132A0B9F1000F05D1144B144AF92114480CF05A
S2140132B031F94E465FFA83F841463046FFF77AFC0D
S2140132C00646FFF7DBFBA84228BF284684B23046F5
S2140132D0FFF7B8FB22460146384627442C1BA5B209
S2140132E012F006FB35B1B145E6D1064B034A4FF461
S2140132F08371DBE7BDE8F8835DA30200C6A3020085
S21401330071A30200B9A3020070B50688054696B9F6
S21401331070BD20460121FFF74DFC044601212046E1
S214013320FFF748FC0028F4D1324601212046FFF77A
S21401333055FC2C80ECE73446F0E770B50688044669
S21401334056B101213046FFF735FC00220546012122
S2140133503046FFF743FC258070BD2DE9F84F8946BE
S2140133600021074692469846FFF7A9FE0026044626
S2140133700CB9254622E02046FFF764FB05462046A9
S214013380FFF77CFB05EB000B5D450AD3214638466B
S214013390FFF7EBFE0446EBE77B8801361D44B6B229
S2140133A0F2E7BB88B342F1D951462846C847002800
S2140133B0F2D0B8F1000F01D0A8F800602846BDE8A9
S2140133C0F88F2DE9F84F8946002180469246FFF78F
S2140133D076FE00260446374614B93046BDE8F88F17
S2140133E02046FFF72FFB05462046FFF747FB05EB78
S2140133F0000B5D4505D321464046FFF7B6FE044661
S214013400EAE7B8F80430BB42F5D951462846C84722
S21401341008B10136B6B2B8F8023001371D44BFB262
S214013420E7E7F8B583888B4206460F4601D80020A9
S214013430F8BD0021FFF743FE748814FB07F4054628
S214013440A4B2002DF3D02846FFF718FB844204D21D
S2140134502846FFF7F7FA2044EAE7241A29463046B9
S214013460FFF783FEA4B20546EBE72DE9F0410F46D0
S21401347000210646FFF723FE4FF00008054615B962
S2140134804FF6FF7011E02846FFF7DCFA044628469F
S214013490FFF7F4FABC420AD823189F4207D2381B1A
S2140134A073884044B0FBF3F080B2BDE8F08140443D
S2140134B029461FFA80F83046FFF757FE0546DEE735
S2140134C0F8B5C68804460D4646B18188013E4B1CB8
S2140134D08380C680BDE8F840FFF7A3BF408810FB95
S2140134E001F080B23146FFF7D7FB074670B132468E
S2140134F001462046FFF7E9FDA388013D0133A3807D
S214013500E5803846BDE8F840FFF79CBAF8BD00BF35
S2140135107047704708B5FFF7FBFF0348FFF7ECF865
S214013520FFF7F7FF08BD00BFF8A302000088704749
S214013530008840BA80B270470170090A417070472E
S2140135400B0A03704170704710B50024E3B210B93E
S214013550C3F10303DBB20134042CCA544FEA12222E
S214013560F4D110BD10B50B784C788A78C97828B993
S21401357010462246044608461946034642EA0120FA
S21401358043EA042343EA004010BD0144884201D1C6
S2140135900120704710F8013B9342F7D00020704796
S2140135A0013A0A44013801398A4200D1704712F8BB
S2140135B0013900F8013FF7E708B588B10023C25C7E
S2140135C04AB10133B3F5803FF9D10649064867226F
S2140135D0FCF73AFBFEE798B24FF6FF739842F4D039
S2140135E008BD00BF20A40200BCA1020010F8013BE8
S2140135F011F8012B13B9524250B270479342F5D0DD
S214013600981A40B270478B42F0B528BF0B46044665
S2140136100020C11D99421546264602DB98420BD36F
S214013620F0BD377829788F4204F1010402F10102D6
S214013630F4D1083080B2ECE7327829784A40D24398
S214013640D2B280242242EBD0013080B283424FEACC
S2140136505404F7D1E4E7F8B5C2F3C70402F007074C
S214013660224605460E4612F043F947B1325D295D02
S214013670FF233B4122EA03020B4013432B55F8BDBF
S21401368038B50A4C2378013B2370FEF727FD054623
S2140136900CF0F8FE0146284610F0ECFB28B1201D80
S2140136A0C821BDE83840FEF7B6BD38BDC057012079
S2140136B01FB50C2301AA00210320FAF705FCBDF86B
S2140136C00C004FF6FF7398423BD0FEF71BFDBDF88A
S2140136D004001D4CFEF71CFD1C4BBDF80E20BDF86A
S2140136E008001A8001F09EFCBDF9060001F0E7FC17
S2140136F09DF80A00164AC30900F00F001370FEF782
S2140137000DFD0CF0D7FEFDF737FE2078042816D005
S214013710C21F5042504101F01AFC0220FEF710FD74
S2140137202078012808D10FF0F3FF030604D5002105
S2140137304FF6FF7010F07CFB002004B010BD012096
S214013740E9E79320F9E700BF7A570120B621002068
S214013750FD5701201FB5002101AA0C234FF0FF34AD
S2140137600320CDE901440394FAF7FEFB002000F0A4
S214013770F8FA0020FEF7D2FC4FF6FE70FEF7C2FC08
S2140137804FF6FF70FEF7C4FC044B01201C8001F0CD
S214013790DEFB0020FEF7D4FC04B010BDB6210020ED
S2140137A008B5FEF7E5FA58B1064B1B78023B022B2B
S2140137B006D8054B08221A70FFF762FF002008BDE5
S2140137C07020FCE77A570120C05701202DE9F0410F
S2140137D086B01C468846174606460FF0B7FF2044BB
S2140137E0FFF7A4FE05460FF0B1FF2044FFF79EFE4B
S2140137F0C5F3C005C0F3401045EA400520468DF8E4
S214013800045010F0CFF9042805D8294929488F22F9
S214013810FCF71AFAFEE70921204610F0B3F8235CFC
S214013820DB0706D52146304610F0B9FA06B0BDE8EA
S214013830F0810B21204610F0A5F82044FFF776FE14
S2140138400546FEF745FC8542F0D10A21204610F0D8
S21401385099F82044FFF76AFE0921ADF806002046D4
S21401386010F090F8235C20461B118DF8083010F0FC
S21401387099F905380C21ADF80A00204610F082F8B7
S214013880044403948DF809808DF81070FEF72EFA23
S2140138900446EEF7DFF94FF47A7300F5FA7001A9E2
S2140138A0B0FBF3F0241A304605940EF047FFBDE74F
S2140138B047A40200BCA102002DE9F04F06218BB0FF
S2140138C0044610F05FF82044FFF730FE80460FF004
S2140138D03DFF2044FFF72AFE05460FF037FF204440
S2140138E0FFF724FE8346204610F006FB002870D022
S2140138F00B21204610F046F82044FFF717FE0A2158
S2140139008146204610F03EF82044FFF70FFE594F3F
S21401391006460921204610F035F83B7814F800A039
S214013920013B012B4AD90921204610F02BF8235CD4
S214013930CBF3401BC5F3C005DA0745EA4B054BD46C
S214013940204610F0E1FA002843D0FEF7C1FBB04252
S2140139504FEA1A1A49D1FEF7C1FB404570D12046FD
S2140139608DF81450ADF816908DF818A010F01AF9CD
S21401397005380C21ADF81A00204610F003F8204453
S2140139800790EEF799F98DF81900EEF7B1F98DF871
S2140139902400FEF7ABF90446EEF73AF94FF47A73D2
S2140139A0012100F5FA70B0FBF3F0241A10200894F8
S2140139B002F070F905A80EF0CBFE0AE000214046A1
S2140139C0FDF750FDFF28AED00021FDF729F80028AD
S2140139D0A9D00BB0BDE8F08F2B46324649462046AB
S2140139E00BB0BDE8F04F10F076B94FF6FF739E426C
S2140139F0B1D03B78052B04D1304600F003FE0028F9
S214013A00A9D13B78013B012B17D8204610F0CAF804
S214013A100C21074620460FF0B5FF053F044400235E
S214013A20BFB2009303950294019753463246494626
S214013A304046FCF7DBFE0028CBD00121122013E024
S214013A403B78052B8BD0013B012B0BD801200FF0C7
S214013A505FFE030683D500214046FDF703FDFF28E0
S214013A607FF47DAF012111200BB0BDE8F04F02F0CD
S214013A7011B900BF7A57012038B50A4B1B78023BB3
S214013A80022B05460C460CD8FEF728FBA84208D1A7
S214013A900CF0F8FC08B1E30703D5BDE83840FFF7A2
S214013AA059BE38BD7A570120034B00221A711B7884
S214013AB003B1E5E5FFF74EBEC057012018B1034B31
S214013AC01B7803B1DCE5FFF745BE00BFC0570120F8
S214013AD02DE9F04387B089469DF84470BDF83C60F7
S214013AE00221804614461D46002207F001030846BF
S214013AF0FEF7B4F9B0421ED32A464346012104A874
S214013B00CDF800900FF02BFF0C4B10991B78029705
S214013B10063B012B98BF0022CDE9006198BF1346F2
S214013B209DF8381084BF052204AB204601F074F8D6
S214013B3007B0BDE8F0837420FAE700BF7A5701208A
S214013B4010B50446FCF7C6FC28B1B4F90200BDE87E
S214013B50104001F0B4BAA088EDF7FAFB0028F4D0C3
S214013B6010BDF7B51D46184B089C0F461646002299
S214013B701A701A72FEF7D2FA3846FEF7C3FA3046C2
S214013B80FEF7C6FA114B1D8024B94FF0FF33CDE97D
S214013B9000336C462046FEF7E3FAFDF713FFFDF708
S214013BA093FB0CF05BFC0A4B1878042809D0C31F62
S214013BB05842584101F0CBF90220FEF7C1FA03B092
S214013BC0F0BD0120F6E700BFCC570120B62100204A
S214013BD07A57012010B50A4A0023137082F828305C
S214013BE01372084A04464FF6FF701370FEF790FAF8
S214013BF0012001F0ACF92046BDE810400EF086BD6C
S214013C00CC570120795701202DE9F84F06468A4600
S214013C1001464FF6FE7099461746DDF828B01E4C51
S214013C20FDF720FC8046608DFEF728FF84F824A06F
S214013C303368E36173682362184B1B78063B012BDC
S214013C40054604F11C0A04D8042384F82830BDE88C
S214013C50F88F60B1484501D90723F6E7608DFEF776
S214013C60F1FE2A46594611F033FE0028F4D1B8F188
S214013C70FF0F0ED1FDF7BCFBFF2801D10623E4E7B9
S214013C80032384F8283039465046BDE8F84FFCF740
S214013C9057BF0523D9E700BFCC5701207A5701202B
S214013CA037B5114B114A1B7812781343054615D1C7
S214013CB001200FF02DFD030612D59DB12846FFF712
S214013CC03FFF044638B9009001462A884FF6FF7335
S214013CD00120FFF746FF204603B030BD7024FAE707
S214013CE0B524F8E70224F6E7795701208258012027
S214013CF02DE9F3411746174A1278831F05460E46EB
S214013D00DBB222B17024204602B0BDE8F081012B5F
S214013D100BD90528F6D14FF6FE739942F2D04FF62D
S214013D20FF78464506D10224EDE7FCF7D3FB0028D1
S214013D30F5D0E7E7002FF6D03846FFF701FF044637
S214013D400028E0D100903A88434631462846FFF7DE
S214013D5008FFD8E779570120024600210620FFF721
S214013D60C7BF08B5104B00221A70104A1278022AF3
S214013D7018D10F4A1278511E012902D9063A012A92
S214013D8010D818B983F82C00002008BD0121FF289F
S214013D9083F82C10F8D001EB800109020248FEF7E7
S214013DA03AFAF1E77020F0E7CC5701207957012065
S214013DB07A57012038B505460C4679B110280DD83A
S214013DC00021FEF769FF074AD08548B1FEF73AFEA3
S214013DD02A46214611F0DFFC002038BD0220FCE710
S214013DE01820FAE7CC57012038B505460C4679B1BC
S214013DF032280DD80021FEF74FFF074A508548B1FB
S214013E00FEF720FE2A46214611F0C5FC002038BDEB
S214013E100220FCE71820FAE7CC570120014B0020CE
S214013E2058857047CC57012008B501F0CBFD18B96D
S214013E30024B022283F8302008BD00BFCC57012078
S214013E4008B5084A1278062A09D1074A82F83100CD
S214013E50EDF716FA0020FEF783F9002008BD702062
S214013E60FCE700BF7A570120CC5701201FB5194C3B
S214013E700023237294F82830012B21D103238DF8D7
S214013E800C30FEF73DF9024600685168628B01ABC3
S214013E9003C304F1100101A801F006FCEDF790FA46
S214013EA04FF4F04358434FF47A71B0FBF1F104F14B
S214013EB00800FEF7B0F9022384F8283004B010BDDC
S214013EC0054B1B78012BF9D1962004B0BDE81040B4
S214013ED080E600BFCC570120795701200020FFF76C
S214013EE040BF2DE9F341504C94F83050FDF740FFA8
S214013EF030B14E4B187804280ED0C21F50425041A4
S214013F0001F025F894F8303043B94949494840F260
S214013F108912FBF799FEFEE70120F1E7002315F071
S214013F20020584F8303004D002B0BDE8F0410EF04E
S214013F3053BC237E002B71D03C4EE38C317884F841
S214013F4024508A1F012A0BD84FF6FE729B1A18BFFF
S214013F50012307294FEAC3134ED184F8243009E020
S214013F604FF6FF704A1E8342D2B23FD0012A41D992
S214013F70042945D100200FF0CBFB030648BF94F877
S214013F802430608B44BF43F0400384F82430FEF7AE
S214013F90BFF83378063B012B37D9608DFEF76EFDEF
S214013FA010B194F8293023B9E28C4FF6FD739A428A
S214013FB02BD894F82900668B94F82470B4F82680E0
S214013FC048B1608DFEF75AFDC5B294F8290010B1CC
S214013FD0608DFEF737FDCDE90050434616483A4658
S214013FE0314601F0C3FA02B0BDE8F081802384F8BF
S214013FF02430BBE794F8243043F0020384F82430DD
S21401400094F8243043F00803A7E794F82420618B42
S214014010094802B0BDE8F04101F070BAAB2002B029
S214014020BDE8F041D6E500BFCC5701207A57012004
S21401403065A40200BCA10200DC5701202DE9F8436B
S214014040DFF8E4801646364A98F8003012781343B3
S21401405005460F4603D070242046BDE8F883841F2A
S214014060E4B2FCF737FA58B1022DF4D0012CF2D99C
S21401407026B1AB1E052B01D8052D4CD10224EBE74A
S214014080002EFBD0AB1E052BF8D8052DF6D0012C43
S2140140900CD94FF6FE739F42F0D0022D0AD10120B3
S2140140A00FF036FB030605D4B524D5E74FF6FD73AE
S2140140B09F42E3D93046FFF743FD04460028CBD1A3
S2140140C000F045FFEDF730FE18BB4FF0010928461A
S2140140D0144D88F80090FEF721F833886B832C7610
S2140140E0EF8485F83090FCF7F5F928B102232B769A
S2140140F02C82FFF7F6FEAFE7B08801F063FC0646B8
S2140141000028A9D0922085F83040FFF763FD344699
S214014110A2E78E24A0E74FF6FE739F42AED0C9E712
S21401412082580120CC570120795701200A464FF6C4
S214014130FF71FFF783BF2DE9F04F09218BB00446CD
S2140141400FF020FC04EB000920460FF02BFD0521A3
S214014150054620460FF016FC2044FFF7E7F9804697
S2140141604846FFF7E3F90DF11B01074620460FF01D
S21401417053FD064648B3214607A80FF07EFC354B93
S2140141801B78A3F1060B5FFA8BFBBBF1010F0FFA4D
S21401419087FA1DD8304A92F8302091072FD59DF81E
S2140141A01B4000231E44EDF787FD9DF81B30CDF81C
S2140141B00490ED1AEDB20246CDE9024600954FEAAB
S2140141C0DA7307A940460EF0DDFA0BB0BDE8F08FB2
S2140141D09DF81B4005930D2CF7D920480E22314639
S2140141E011F076FB0028F0D11B4A059B92F830208F
S2140141F012F0020F03D00E3CE4B20E23D2E7D20730
S214014200E3D5174A1278012ADFD1134A518B41456B
S214014210DBD1BAF1000FD8DA9DF82410022902D1B9
S214014220BDF81C1029B1033B012B0ED8137E002BC1
S214014230CBD107AB03CB0B4C1B881061C7F34037C0
S2140142406160238182F82970BFE7BBF1010FF0D9C5
S214014250BBE700BF7A570120CC57012087A4020094
S21401426079570120DC57012070B50C4E0C4CF08DAF
S214014270002386F834300B4B1B78063B012B98BF86
S2140142800024FEF7DFFB0546F08DFEF7F7FB294617
S214014290C2B22046BDE8704001F086B8CC57012076
S2140142A087A402007A57012010B5FDF761FDF8B129
S2140142B0104B1B785A1E012A02D9063B012B17D830
S2140142C0FDF706FF4FF6FF73984211D00A4C94F89B
S2140142D034306BB9FAF7C6FC3223B0FBF3F202FBBB
S2140142E0130189B204F13400BDE81040FDF793BF15
S2140142F010BD00BF7A570120CC57012037B50D4BB2
S2140143001B785A1E012A04460D4602D9063B012B8C
S2140143100ED8FDF72DFD58B1074B93F82C303BB165
S214014320002300934FF6FF7229462046FFF76CFCE8
S21401433003B030BD7A570120CC5701202DE9F04754
S2140143401E46124B9DF820701B78BDF82480DDF8C0
S2140143502890013B012B0446154615D8FDF708FDAC
S21401436090B10B4B93F82C3043B1CDF820904346D7
S214014370324629462046BDE8F04745E40CF082F86F
S2140143800028F2D0002FF0D1BDE8F0877A5701203F
S214014390CC57012008B590B90B4B1B78063B012B77
S2140143A007D80A48FDF72CFF094B012283F828207D
S2140143B008BD06484FF4FA71FDF72DFFF4E7BDE896
S2140143C00840962006E400BF7A570120D457012002
S2140143D0CC570120FFF7DEBF73B5124B1B78012BBC
S2140143E006460C460CD1B1B90F4DFDF783FE297E6A
S2140143F06A8B022906D12B8A00943146FFF7B1FB5E
S21401440002B070BD032905F110054FF6FE730CBF0F
S2140144102C460024F0E7952002B0BDE87040FFF777
S214014420D9BB00BF79570120CC57012008B5074BEF
S214014430014693F8280038B1082203F11C0011F058
S21401444047FAB0FA80F0400908BD00BFCC570120FA
S2140144502DE9F34104460FF079F92044FFF766F899
S2140144608013032804D00027384602B0BDE8F08147
S214014470062120460FF086FA2218205851686B460E
S21401448003C36846FFF7D2FF07460028EBD03C4E31
S21401449096F82830072B4DD0032B20D1FCF74AFB8A
S2140144A04FF6FF739842044644D096F8242006F14E
S2140144B01C01FDF778F8051E18BF0125314B96F84B
S2140144C024201B789107A3F10603DBB23CD5012B10
S2140144D088BF4FF0020898BF4FF006083CE0042B57
S2140144E00CD196F92430002B28DA4FF6FD75FAF731
S2140144F0B9FBA8420446FAD80025DFE7052B21D1EF
S21401450069464FF6FE70FCF7ADFFFF2812D0FDF7A7
S2140145109DF996F8242006F11C010446FDF743F8A0
S21401452005460028CAD01849184840F2DB22FBF796
S2140145308BFBFEE702254FF6FF74BFE700254FF61B
S214014540FE74BBE70125F6E7120713D4022B34BF2E
S2140145504FF007084FF004080D482A46214601F09F
S2140145605BF81DB9214640460EF0D8F8002386F8C0
S214014570283079E7012B88BF4FF00308ABE700BF6F
S214014580CC5701207A57012065A40200BCA1020085
S214014590E8570120024B1878431E5842584170478D
S2140145A07957012010B5054C04F12E00FEF762F88C
S2140145B004F12A00BDE81040FEF75CB8CC57012094
S2140145C0012908B508D8054A22F811000131C9B2F7
S2140145D0ECF7BCFB002008BD0220FCE72E5C0120A6
S2140145E001289ABF024B33F810004FF6FF70704750
S2140145F02E5C0120024B4FF6FF721A805A807047DC
S2140146002E5C0120054B1A88824204D05B881B1A57
S2140146105842584170470120704700BF2E5C012068
S2140146200148FDF7EDBD00BF4C5801202DE9F04FC4
S2140146308FB092469DF86440DDF860902B4D4FF6A2
S214014640FF721F46904204F0400380460E4608BFA4
S21401465004F0FD047BB1A8683A46494611F09BF880
S21401466084F02001A8682C73C1F340110FB0BDE897
S214014670F04FECF7E7BA4FF0020B07938DF828B02E
S214014680FDF726FD8DF834B0ADF82C80D5F808B0CE
S214014690ADF82000FDF728FD8046FDF725FDF2194F
S2140146A092B2CDE9030208AACDE901820BAA0092D3
S2140146B0079B0122214658460FF0B1F856B1D5F8AE
S2140146C00880092140460FF05DF9324651464044C4
S2140146D011F061F8D5F80880092140460FF052F92B
S2140146E030443A4649464044B8E700BF4C5801209A
S2140146F038B50D46ECF7EEFD044610B90DB1FDF7E1
S2140147002FFD204638BDECF7F1BDECF7F5BDECF713
S214014710F9BD0128034604D8044A507B18B993739F
S2140147207047022070477020704700BF4C58012028
S2140147300B4B1B78063B012B0DD870B1037A023B5D
S214014740012B0AD8074B02681A6142685A6102892E
S2140147501A8300207047702070470220704700BF00
S2140147607A5701204C58012010B5134CA47E86B010
S214014770FCB98DF80730BDF82030ADF80830BDF82B
S2140147802430ADF80A309DF828308DF80C300B9B9C
S2140147908DF80400049301A8BDF830308DF805109B
S2140147A08DF80620ADF81430ECF79AFA204606B0DC
S2140147B010BD3E20FBE700BF4C58012013B5174B38
S2140147C01B78063B012B044624D828B3FDF786FC4C
S2140147D04FF6FF73984204D100232372002002B0E3
S2140147E010BDFDF77BFC4FF6FE7398420CD10823F3
S2140147F0002118466A46F9F767FB032323726B46C6
S21401480003CB20606160E9E702232372FDF766FCB3
S2140148102080E3E77020E2E70220E0E77A570120F4
S21401482010B58AB0FDF7A4FA10B970200AB010BD11
S214014830254C2378DA1E012A26D8FDF749FC4FF6C7
S214014840FE7398422DD103238DF80C30FDF758FCEA
S21401485002460068516801AB03C32378063B012B6F
S21401486029D89DF8243023B307AA10685168128905
S21401487004AB03C31A80FDF737FC04A9024601A85E
S21401488000F012FF0020D1E7063B012BCDD807A888
S214014890FFF794FF0D4B9DF824201B7E1343CCD1CC
S2140148A0C3E702238DF80C30FDF712FCADF80400C7
S2140148B0D3E7074AD9E702238DF81830FDF70EFC37
S2140148C0ADF81000D7E700BF7A5701204C580120F9
S2140148D05C5801200346084601B10B60EDF72CBA7F
S2140148E00020EDF729BAEDF74FBAEDF763BA014BA1
S2140148F0D86970474C58012070B58CB004460EF04C
S21401490025FF2044FEF712FE00F007060EF01EFFFC
S2140149102044FEF70BFEC0F38120022837D1042184
S21401492020460FF02FF82044FEF700FE4FF6FF73E7
S21401493098422CD10121032001F0ACF90EF006FFBC
S2140149402044FEF7F3FD030726D5072120460FF086
S21401495019F8235C03F00703052B04D0484B1B789A
S214014960063B012B18D8012E14D1454B1978063970
S214014970012994BF0021012120460BF0ADFD58B15D
S21401498001210E200CB0BDE8704001F083B9012171
S2140149900220D1E70021EFE701212046FCF7D0FEF7
S2140149A0012E58D1FDF7E4F900284CD0344B1B7882
S2140149B0063B012B49D80EF0C9FE2044FEF7B6FD92
S2140149C000F008050EF0C2FE2044FEF7AFFD2B1ED8
S2140149D018BF0123C0F3401043EA40038DF80030AE
S2140149E0EDF76AF98DF81C00EDF782F98DF81D00D8
S2140149F045B1082120460EF0C5FF21183046FEF7C6
S214014A00B1FD05460895FDF771F90546EDF700F984
S214014A104FF47A7300F5FA70B0FBF3F02D1A2046C6
S214014A200B950FF0BFF80921ADF8240020460EF0D3
S214014A30A9FF20440A9021460DF102000FF073F8F9
S214014A4068460DF097FE0CB070BD20460CB0BDE870
S214014A507040FEF731BF032E0AD120460FF014FA3C
S214014A600028F0D020460CB0BDE8704000F060BBD6
S214014A70002EE8D120460CB0BDE87040FFF75BBBC6
S214014A807A5701202DE9F0438FB014460F460546AC
S214014A900EF05CFE2044FEF749FD00F007080EF01C
S214014AA055FE2044FEF742FD81460EF04FFE20449F
S214014AB0FEF73CFDC0F38120022820D104212046C8
S214014AC00EF060FF2044FEF731FD4FF6FF73C21A69
S214014AD0564256410EF03AFE2044FEF727FD0307E4
S214014AE00FD5352D1BD0002120460BF0F5FC40B12B
S214014AF0454946484FF4DD72FBF7A6F8FEE7002667
S214014B00E8E709F02000002D4DD100285AD00121F8
S214014B10052001F0BFF829462046FCF711FEB8F142
S214014B20010F66D13A4B3B4E1B78063B012B56D8FC
S214014B30337B03F00F0213F001008DF8042007D039
S214014B40082120460EF01EFF21184046FEF70AFDFA
S214014B50099020460FF026F80921ADF828002046D6
S214014B600EF010FF96F820308DF8203020440B9080
S214014B708DF83070FDF7BAF80646EDF76BF84FF48E
S214014B807A73214600F5FA70B0FBF3F0361A0DF190
S214014B9006000D960EF0C7FF01A928460DF0E0FDB0
S214014BA00FB0BDE8F083312D06D08D2D10D0402DED
S214014BB0B5D10121062002E020B10121052001F036
S214014BC069F8ACE701210EB10920F8E70420F6E701
S214014BD0002E4FF001010CBF07200A20EFE796F8E0
S214014BE0201023463A4628460FB0BDE8F043FEF7AC
S214014BF0EDBDB8F1030FD3D1214628460FB0BDE86D
S214014C00F04300F061BB00BF58A50200BCA1020042
S214014C107A5701204C5801202DE9FF47044602200F
S214014C201F46BDF83090DDF834A09DF838800D465B
S214014C3016460EF06DFD030602D518F0800F11D052
S214014C40114B1B78F3B9114B3A4683F82050314685
S214014C50CDE900A84B462046FFF7E8FC002004B04B
S214014C60BDE8F087CDE901A8CDF800903B46324675
S214014C70294620460BF03CFD0028F0D10348FDF7FD
S214014C80BFFAEBE78C20EAE70A5801204C580120CE
S214014C9010B53D4B1B7888B0002B6BD1FBF72EFC73
S214014CA028B93A4808B0BDE81040FDF7A9BA374C14
S214014CB094F82130DB0709D5354B1878ECF7F6FA6E
S214014CC094F8213023F0010384F8213094F8213040
S214014CD0980714D594F82200ECF73AFB94F82130A3
S214014CE023F00202190784F8212008D50020FDF7D9
S214014CF037FA94F8213023F0080384F8213094F829
S214014D0021305A070BD523F0040384F82130012300
S214014D10A376636A002008B0BDE810401847A37E5A
S214014D2043BB0BF06FFD38BB1A4B1B78042B01D02D
S214014D30072B03D11848FBF737FDD8B903A80BF0AA
S214014D4075FD30B9154916484FF41A72FAF77CFF0B
S214014D50FEE79DF8113084F820309DF80C30019361
S214014D600022059B0093BDF80E00BDF812301146D7
S214014D70FFF75CFC08B010BDA37E002BFAD108B08B
S214014D80BDE81040ECF700BB0A5801204C58012042
S214014D90DB2100207A5701202146010058A5020098
S214014DA0BCA10200024B00221A70FFF771BF00BFC0
S214014DB04C58012002461248837E10B51BB990F864
S214014DC02130590703D501209047002008E00D49FE
S214014DD0097831B95BB90124847618469047204694
S214014DE010BD43F00403426280F82130EDE743F042
S214014DF00403426280F82130FDF702FAE5E700BFBE
S214014E004C5801200A5801200248837E0BB9FDF751
S214014E10F7B970474C58012010B5164A037A127834
S214014E20063A012A04460ED8032B08D1FFF7FEFAEC
S214014E30E0B92046FCF7BEF900F0010010BDBDE860
S214014E401040FCF7B7B9022B05D1BDE81040008829
S214014E500021FCF727BC032B0AD1FFF7E7FA28B994
S214014E6021464FF6FE70FCF71DFCE5E70120E3E75F
S214014E700020E3E77A570120F0B585B004460EF02E
S214014E8065FC2044FEF752FB00F007070EF05EFCBF
S214014E902044FEF74BFB274B06461FBB93F82850D2
S214014EA00135EDB283F828500EF050FC2044857091
S214014EB001A821460EF00BFE01A8FFF7ADFF38B1A1
S214014EC00EF044FC46F0100189B22044FEF734FB94
S214014ED00EF03CFC2044FEF729FB030712D4002009
S214014EE005B0F0BD93F829500135EDB283F829508D
S214014EF00EF02CFC2044032F8570D9D1204600F0FB
S214014F0009FAD5E7072120460EF03CFD451C0BF0BB
S214014F10C1FA2544024629460120FEF715FB204624
S214014F200BF0D8FA0028DAD00B20012100F0B2FEEF
S214014F303520D5E74C5801201FB5014601A80EF0D3
S214014F409CFD01A8FFF768FF05B05DF804FB0A4A5F
S214014F50117881420ED0094B10701B780BB9ECF713
S214014F60A5B9074890F8213043F0010380F82130B5
S214014F70FDF746B9704700BFDB2100200A58012023
S214014F804C58012010B5044B00241C70FFF7DFFFBE
S214014F90024B1C7010BD00BF4C5801200A5801205E
S214014FA038B5164C002323760546ECF729FBF9F7AE
S214014FB059FE84F82900F9F755FE84F8280028469A
S214014FC0FFF7E0FFA368ABB9EBF702FF60B14FF460
S214014FD000600AF0F5F9A06060B90949094840F295
S214014FE06912FAF731FEFEE7EBF700FF0028EED173
S214014FF08020EEE701236373002038BD4C58012062
S21401500058A50200BCA10200014B1878704700BFEA
S214015010DB210020024800238376FDF7F1B800BFAC
S2140150204C58012038B50E4D2B78044623B920463E
S214015030ECF78EF9012038BDFBF74CFA10B12B784E
S214015040012BF4D0074890F8213080F8224043F035
S214015050020380F82130FDF7D3F80020EBE700BF0C
S2140150600A5801204C580120F8B5124EB37E054669
S2140150700F46C3B9FBF72EFA0446B0B92846ECF73B
S2140150805BF9A0B12846FFF7CDFF1FB120B120463E
S214015090FDF766F80020F8BD96F8213043F00803C6
S2140150A086F82130F6E73E20F5E77020F3E78A2000
S2140150B0F1E700BF4C5801200121FFF7D5BFECF7FF
S2140150C009B9024BD8610DF033BB00BF4C58012023
S2140150D038B5064CE56A034608462DB9E362ECF797
S2140150E063FD00B1E56238BD7020FCE74C58012035
S2140150F0024B0022DA62ECF76FBD00BF4C5801206C
S214015100084A08B5D36A33B9074908484FF44772C5
S214015110FAF79AFDFEE70021D1629847BDE80840FC
S2140151200DF076BB4C58012058A50200BCA1020028
S2140151302DE9F043092187B004460EF023FC265CD6
S214015140012E04EB00052CD1062120460EF01AFC98
S21401515022182058516804AB012E03C33AD07D2E85
S21401516041D120460EF01EFD461FE81C95F8018031
S21401517095F80290FEF7DAF907460EF0E7FA2044B2
S214015180FEF7D4F9B6B2C0F3C00056B305350090A9
S214015190CDE901653B464A46414604A8FFF7CEF8ED
S2140151A01CE07D2ED0D0042E40F08B800EF0CEFA7F
S2140151B02044FEF7BBF980130328C5D0ECF760FD49
S2140151C0C1070BD52046FFF743F938B92046FBF750
S2140151D031FF03E0697804A8FFF790F807B0BDE84F
S2140151E0F0833546D3E7022E06D1681CFEF79EF9FA
S2140151F0E978FFF7F1F8F1E7042EDFD0072E02D1A8
S214015200FFF752F8EAE77E2E26D1062120460EF059
S214015210B9FB2044FEF78AF906460EF097FA2044B9
S214015220FEF784F9800B13D00EF090FA2044FEF7B7
S2140152307DF942060CD4052120460EF0A3FB20443E
S214015240FEF774F96A7801463046FBF7D3F9C5E7ED
S2140152500321F1E7032118E07F2EBFD10621204666
S2140152600EF090FB2044FEF761F906460EF06EFA4A
S2140152702044FEF75BF9800BECD00EF067FA204471
S214015280FEF754F94306E5D4052120460EF07AFBD5
S2140152902044FEF74BF90446A81C95F80180FEF75A
S2140152A045F9691D0746012095F80490FEF75AF95D
S2140152B03B46CDE90090424621463046FBF7C2F90F
S2140152C08CE7022E9AD190E738B50D46044609219F
S2140152D028460EF057FB2B5C7E2B16D004D8012BEC
S2140152E009D07D2B0CD038BD7F2BFCD12046BDE8E4
S2140152F03840FBF70DBA2046BDE83840FFF74AB8FC
S2140153002046BDE83840FFF765B82046BDE838407E
S214015310FBF77AB938B5092104460EF033FB235C56
S2140153207F2B04EB00050BD1FBF7B6F82871FBF7D2
S214015330B9F8691D0246BDE838400120FEF704B9F8
S21401534038BD70B590B0022300248DF82C300123AF
S2140153504FF6FF75CDE9034306AB0CAECDE901531D
S21401536009AB009303222346304680218DF8204066
S214015370ADF824500EF053FA092130460EF002FB28
S21401538000F140030DEB0300072300F8103CC02397
S214015390CDE901630E230093224623462146284683
S2140153A0FFF73AFC10B070BD2DE9F047051E9AB024
S2140153B014BF0E26002688469146FCF789FE4FF656
S2140153C0FE73984206AC66D103238DF82030FCF7B5
S2140153D097FE024600685168234603C34FF0000A51
S2140153E08DF82CA0FCF780FE4E44331DCDE9030357
S2140153F00CAF09AB0093524653460421CDE901A4F4
S21401540038460EF00CFA3A4B1A783A4B012A1978BC
S21401541052D0062A5AD1384B1B78002B43D140F67E
S214015420FF7348F6FF7251450CBF1C46144609210E
S21401543038460EF0A7FA07EB000A50462146FEF75B
S2140154407BF800238AF802300AF104008AF8033058
S2140154505DB105F10C0355F8042B40F8042B9D4271
S214015460F9D12B8803800AF11200B8F1000F03D09E
S2140154704A46414610F08FF94423CDE90173373689
S214015480002300961A4619464FF6FF70FFF7C4FB35
S2140154901AB0BDE8F08702238DF82030FCF718FE1D
S2140154A0ADF818009AE74CF6FF7344F6FF72002930
S2140154B014BF1C461446BAE744F6FF734CF6FF7257
S2140154C0002918BF134643F40054B0E748F6FF73AB
S2140154D040F6FF70002908BF0346042A02D143F4B0
S2140154E08053F0E7072AEED143F480549FE700BFCC
S2140154F07A570120F8570120FD5701202DE9F04188
S21401550092B04FF003080F46154606468DF82480E4
S214015510FCF7F6FD04460068616807AB03C34FF667
S214015520FF740223CDE9034307AB4246CDE901737D
S2140155300AA80023009606210EF071F909210AA88F
S2140155400EF020FA0AAB0AA9034401220A545D7040
S214015550462302931F230093002301911A461946FE
S2140155602046FFF759FB12B0BDE8F0812DE9F04F58
S214015570A1B08A4690461F469DF8A84081460AF08B
S21401558081FF4FF0030B851D8DF820B0FCF7B8FDA9
S21401559003460068596806AE631D03C604934FF6BA
S2140155A0FF730393EDB206AB5A46CDE901A3294634
S2140155B0002309A8CDF800900EF031F9092109A8B9
S2140155C00EF0E0F909AB09AA1E187D231354022335
S2140155D0737086F80280394606EB0B00FDF7ACFFC8
S2140155E024B12B992246701D10F0D5F80AF04AFF17
S2140155F080B1273409ABCDE9004345F040050023CF
S21401560002951A4619464FF6FF70FFF705FB21B0C3
S214015610BDE8F08F2234EDE72DE9F04194B04FF06C
S2140156200308164604460F468DF82080FCF768FDF1
S2140156300546006869688DF82C8006AB03C361686F
S214015640206809AB03C3FCF74FFD0446FCF74CFD8D
S2140156500423CDE9030306ABCDE9014309AB42467A
S21401566000930CA8002306210EF0D9F809210CA8F6
S2140156700EF088F90CAA0CAB1C18022313543946F9
S214015680601CFDF759FF4623E67002930CAB0193AD
S2140156901F23009300231A4619464FF6FF70FFF7A3
S2140156A0BBFA14B0BDE8F081F0B58FB00C461646D3
S2140156B00746FCF719FD07AD01230322CDE90303D5
S2140156C0009400232846CDE9016706210EF0A7F8CD
S2140156D0092128460EF056F900F138030DEB0300B8
S2140156E0042300F81C3C0EF031F8044628460EF060
S2140156F038F846230444CDE90153A4B200230094AC
S2140157001A4619464FF6FF70FFF786FA0FB0F0BD3E
S214015710F0B593B002260C46154607468DF8246070
S214015720FCF7D6FC8DF83060ADF81C00ADF828709B
S214015730FCF7DAFC07ABCDE901430AABCDE903067A
S2140157400093032200230DA8A2210EF068F8092178
S2140157500DA80EF017F90DAB0DA903447E220A54CD
S2140157605D70FCF7C1FCE223A04214BF1320112098
S21401577002930DABCDE9000300231A4619464FF6F6
S214015780FF70FFF749FA13B0F0BD2DE9F04194B070
S214015790002A4FF002050CBF202424240E4607469B
S2140157A08DF82450FCF794FC8DF830504FF6FF75B9
S2140157B0ADF81C00ADF82850FCF796FC07ABCDE918
S2140157C001534FF009080AABCDE903080093032201
S2140157D0002321460DA80EF022F841460DA80EF032
S2140157E0D1F80DAB03440DA97F220A545F703146F0
S2140157F0981CFDF7A1FE0DAB01931A23009344F00C
S2140158004004002302941A4619462846FFF704FA74
S21401581014B0BDE8F08100BF38B50A4C2078FFF718
S21401582096FB6088FFF7FEFB0025A088FCF770FC5E
S214015830A571FFF7EFFB044B1D70BDE83840FFF77D
S214015840E3BA00BF7C5801200A58012010B5FEF7C4
S2140158505CFF044C6080FCF747FCA080FFF7D4FB9C
S214015860207010BD7C5801200148FCF7C9BC00BF60
S2140158708458012010B5104B9A795C88012A05D00E
S2140158800E490F48C122FAF7DFF9FEE703229A71A3
S214015890FFF7DCFFE0B2FFF7C5FB0220FFF757FB7F
S2140158A008480821FFF714FC28B104490448CC2213
S2140158B0FAF7CAF9FEE710BD7C58012074A502006C
S2140158C0BCA10200695801002DE9F041394FBB79AE
S2140158D00024022B3C7205D1FFF79EFFBDE8F04184
S2140158E0FEF7FFBA032B63D1EBF75CFD0546388A5A
S2140158F028B931493148D722FAF7A6F9FEE7FDF76C
S214015900A1F8437803449D70437802780133DBB2F3
S2140159109A4243700BD92A480821FFF7D9FB002881
S21401592046D025492548E322FAF78EF9FEE7388A5C
S214015930FDF788F810F8011B23460546A0462646C3
S214015940DAB291421BD894FBF1F4002264B21346FA
S214015950D5B2A94225D8012989BF01F1FF31002519
S21401596093FBF1F39DB200233B82FFF755FF2B46D5
S214015970424631462046BDE8F0410CF033BF15F9EA
S214015980012F002B04BF164690469642A8BF164626
S21401599042451444B8BF424676B24FFA82F8013304
S2140159A0CEE710F9015F2D1B05FB05330132CFE76A
S2140159B0BDE8F0817C58012074A50200BCA102005C
S2140159C06958010070B50546FAF784FD70B90A4EAC
S2140159D0B4796CB92846EBF7AFFC58B101230748F8
S2140159E0B3717580FFF7E6F9204670BD7024FBE7BA
S2140159F03D24F9E78A24F7E77C580120355A01004F
S214015A00014B188000207047BE21002008B5084BC6
S214015A1018884FF6FF73984209D1EBF7D1FC47F689
S214015A20C03358434FF47A73B0FBF3F080B208BD2D
S214015A30BE21002038B5124CA3796588012B05D00C
S214015A40104911484922FAF7FFF8FEE70223A3712D
S214015A50FFF7FCFE0020FFF77AFA4FF6FF70FCF71F
S214015A6057FBE8B2FFF7DEFAFFF76BFCFFF7CEFF56
S214015A70014604F10800BDE83840FCF7CCBB00BF86
S214015A807C58012074A50200BCA102000148FCF765
S214015A90F1BD00BF8C580120F8B507460D46FAF750
S214015AA019FD10BB1DB3164EB47914BB3846EBF77F
S214015AB043FC00B3338A33B11249134840F2031250
S214015AC0FAF7C2F8FEE72146A81CFDF7E5F8308292
S214015AD098B17780FCF7B6FF0123B3714470057067
S214015AE00A48FFF767F92046F8BD7024FBE7022451
S214015AF0F9E73D24F7E78A24F5E71824F3E700BF22
S214015B007C58012074A50200BCA102007558010052
S214015B102DE9F04F054685B00C469A469046D2B11F
S214015B2028B92C492C482C22FAF78EF8FEE701B941
S214015B3002ACDFF8A8900027CB4639F8020B002804
S214015B4042D0FCF79BFF0A2811D0224922483E2268
S214015B50FAF77AF8FEE729B91E491F483122FAF703
S214015B6073F8FEE70028E4D10DF10605E1E739F800
S214015B70020CFCF767FF0646B8F1000F14D0FDF7DC
S214015B80D5FC2B8883421FD1D6F802302360D6F885
S214015B9006306360BAF1000F02D000232BF81730ED
S214015BA0012005B0BDE8F08F811C082220460FF0C9
S214015BB08FFE48B93046FDF7B9FC2880BAF1000FD0
S214015BC0EED02BF81780EBE701370A2FB5D100206E
S214015BD0E7E700BF8BA50200BCA10200325C0120F2
S214015BE02DE9F3411E4BADF806001B78063B012B51
S214015BF00D4630D801231A4600210DF10600FFF7A5
S214015C0087FF0022012329461046FFF781FF154B27
S214015C100026984633F8024B34B101360A2EF9D1E4
S214015C20B42002B0BDE8F08121460A20BDF8067016
S214015C30FDF732F828F8160078B1FCF703FF39466D
S214015C400646FDF779FC2B68C6F802306B68C6F885
S214015C5006302046E5E77020E3E71820E1E700BFBD
S214015C607A570120325C01200248142200210FF0ED
S214015C7059BE00BF325C012008B5FFF7F5FF0020D2
S214015C8008BD00BF0248902200210FF04BBE00BFA6
S214015C9090580120232808B505D90649064821222F
S214015CA0F9F7D2FFFEE7054A52F820300B4442F8D6
S214015CB0203008BDBFA50200BCA1020090580120FB
S214015CC023289FBF034B53F820300B60002088BF6A
S214015CD070207047905801202DE9F04F14469B46DE
S214015CE0C36B87B005465B6960680E46012202A950
S214015CF09847EB6B01225B6903A93046984702A8D7
S214015D000EF0F8FC074648B10023A37563754FF003
S214015D10FF33A360002007B0BDE8F08F03A80EF0A4
S214015D20F6FC0123A375237E04EBC303DE611F8407
S214015D306368B3420ED1206003A80EF00AFD4FF04F
S214015D40FF332075A360237D043B022B25D8002357
S214015D50A375DFE723681A1A53425341A37503A8B4
S214015D600EF0F7FC237D834218BFA77503A80EF03B
S214015D70D2FC074602A80EF0CEFC87421CBF0023C9
S214015D80A37503A80EF0CFFC074602A80EF0CBFCC5
S214015D9087421CBF0023A375D5E703A80EF0BBFC02
S214015DA080B1EB6B02225B6904A93046984704A8D0
S214015DB00EF0C0FC0346207D032839D8DFE800F04A
S214015DC03838040903A8F3E7237E04EBC303CC2287
S214015DD01A8401F08BFC109B1870277E03A80EF026
S214015DE08EFC04EBC70787F82200237E04EBC3036F
S214015DF003A8B3F8209093F822700EF08CFC80462E
S214015E0003A80EF090FC8246B8F1000F15D0EB6B9C
S214015E1002225B6904A93046984704A80EF04FFC9D
S214015E206075637D6BB90023A3754FF0000838E0F9
S214015E30227E04EBC2021384CBE703A80EF02AFCF1
S214015E40EEE794F81680B8F1000FEED0B9F1000F26
S214015E5009D1DFB10123E375637E002B4FD1012FFA
S214015E6042D1677614E06B6C06EB0A02594286EA69
S214015E70020008421CBF0021A175591E0A409B1A48
S214015E809945D0D8A37D002BE3D1CEE7E37D43B976
S214015E904FF000084B465246314628460EF0A4F90C
S214015EA0A060A27D12B123694B4423611949237E68
S214015EB0097899422AD901332376BBF1000F27D0FE
S214015EC032B3E37D23B3B8F1000F21D1032F1FD0E6
S214015ED0A1684B1C1CD0109B009322460123284628
S214015EE0FFF7FAFEA07513E095F8343063B9EB6A54
S214015EF00133CFD1032FCDD10123A376C8E7012FDC
S214015F00CFD0032FC4D1F7E79846C3E70023A37584
S214015F10A07D00E7789A02002DE9F04F8BB00E467F
S214015F20044698464FF0FF310023104617468DF879
S214015F30133001F0C5FBB6F5801F3BD3B21C53D11D
S214015F40E56A6B1C57D1616A20460EF093F8054648
S214015F50B31C18BF0123DFF814910193636A626CC6
S214015F600293236802FB053AE36B05A95B690522E8
S214015F705046984705A80EF076FC0EF099FC504660
S214015F800EF0A1FC4FF0000B824601464B1C05D0DB
S214015F90636C81EA0A025B42134232D029462046EC
S214015FA00EF068F8029BAB424DD0BBF1000F4DD10D
S214015FB00546D3E7314605AA04F108000EF04FFB6B
S214015FC00146481C10D0384601F07AFB0DF1130348
S214015FD00122394620460EF082F928B19DF8133089
S214015FE088F80030002003E0237C002BA8D11D4850
S214015FF00BB0BDE8F08F2368ED1A636CB5FBF3F5C3
S214016000A6E7484601F05CFB0DF11303019A4946E9
S21401601020460EF064F9034690B1B21C03D0D9F8BD
S2140160200020B2420CD103930F4B9DF8132088F841
S214016030002049461A6838460FF0ADFB039B9B4685
S214016040D9F80810A2E7BBF1000FD0D0B6F5801F33
S214016050C8D298F800307A68314604F1080001F099
S21401606073FABFE70BE000F0749A0200E8410120E2
S2140160702DE9F3410E461B4D816A044617469846A4
S214016080E36A8B422AD04B1C18E0284601F018FB25
S2140160900DF107030122294620460EF020F930B102
S2140160A09DF80720434629462046B847B0B1A9685F
S2140160B04A1C05D0012E0AD0E36A9942E5D10DE0CB
S2140160C0696820460EF063F8012E0146D8D16B6848
S2140160D081EA0302636C5B421A42D1D002B0BDE88A
S2140160E0F08100BFBC4101202DE9F041036B076838
S2140160F09046826B9A4288BF8363426C436A02FB76
S2140161000377C36B90B05B690E46052201A904466E
S2140161103846984701A80EF0A6FB012801463070C4
S21401612057D0656CE26B2368606AD2F814C005FB31
S2140161300030052206A9E04706A80EF094FB0128C8
S2140161404FF0000523D0D4E90A3201219342CDE96C
S2140161500B458DF834800E958DF83C102AD11946E2
S21401616020460EF014F8236B626CE06214339B1A1F
S21401617023630C9B53B99DF83C303BB1626A616C5A
S2140161802368E06B01FB02310EF025FB0C9DE36BEF
S21401619005225B6901A93846984701A80EF063FB02
S2140161A03070236BA26B28469A4288BFA36310B057
S2140161B0BDE8F081237C33B91C490BAA04F1080021
S2140161C001F012FAD5E71A4A0BAB2046FFF750FF4B
S2140161D0CFE7237C23BB1749224604F1080001F0D0
S2140161E003FA616A20460DF066FF616A421C20468A
S2140161F00DF02FFF054620B9236B626C1344143B48
S2140162002363A16A20460DF0C2FF2368A062C01A6C
S214016210636CB0FBF3F0606220460DF0FBFFB6E75F
S214016220054A00232046FFF723FFDAE7E96B010062
S214016230656B0100674302000343020073B50D4618
S214016240D11E4A421C461B7E4A419A4226D12968E3
S2140162502368994222D3636899421FD8114E0DF1E3
S21401626007033246FFF758FEC0B972686B689A4258
S21401627014D19DF80730DA1E53425341227E9342D1
S2140162800CD1636901336361D4E90323934205D2D8
S214016290A268296842F8231001332361012002B065
S2140162A070BD00BF144201202DE9F04F8BB0DFF81E
S2140162B058B19A469DF850300293DBF8103053459A
S2140162C080460D461646C0F09980DBF804300193EF
S2140162D0D146B9F1000F00F08D80D8F83C30019816
S2140162E05B69012207A9984707A80EF010FADBF8A8
S2140162F00030984240F0858007A80EF014FA042872
S214016300074614D107A80EF015FA019B029A044617
S2140163103B44002A3FD1864212D9361A14460199C7
S21401632040460DF034FFA9EB04090190D1E7D8F8F7
S2140163303C3001985B69022208A9984708A8E2E761
S214016340841B544528BF5446032C03EB0607AAEBCF
S214016350040A4FEA94021CD9D8F83C3029465B69F6
S2140163603846984724F0030304F003061F441D44EF
S214016370002ED4D0D8F83C3001225B6908A93846F3
S21401638098473246284608A935440FF004FA0026F5
S214016390C5E72646ECE700F00302039203442A18F9
S2140163A0074604920593049BDD1B059BD81B039BA4
S2140163B09F420FD1002FB2D0D8F83C30012208A955
S2140163C05B6998473A4608A928460FF081FA78B9DA
S2140163D03D44A4E7D8F83C30012208A95B699847F8
S2140163E0042208A928460FF073FA08B9043FDAE731
S2140163F0DFF8189048460BB0BDE8F08FDFF8109034
S214016400F8E7DFF81090F5E74042012012E000F0CF
S21401641011E000F022E000F02DE9F0410F4688B0CF
S21401642016469846044660B390F83450FDB10121F3
S2140164300DF0E5FD0E9BCDF80480CDE902379DF801
S2140164403C308DF81C30237C04960021CDE90511E3
S2140164508BB90D4901AA04F1080001F0C5F8DDE980
S2140164600553E06B002E08BF1D460DF08AFF284637
S21401647008B0BDE8F081054A01AB2046FFF7F8FDFC
S214016480EDE70546F3E700BF314302003D62010038
S2140164907FB590F84260019204460DF10B030A465F
S2140164A0304612490DF075FF012EE36B054619D1F2
S2140164B05B69324603A998479DF80B10039B019A26
S2140164C059B19BB243EA02430393E36B9B690122F2
S2140164D003A92846984704B070BD1B0C1B0492B252
S2140164E01343F1E79B69012201A9F3E7404201202A
S2140164F02DE9F04F99B00F4609920A69416C0E9347
S2140165001439D31DB3FBF1F3013302EBC302036B62
S21401651093420446C0F00D820023DFF820940D93C9
S214016520E36A07931946484601F0CAF8D7E90336E5
S21401653004930E9B022B4ED1CC2E40F08A81099BF0
S214016540002B42D0394620460DF07AFF656C079A3B
S21401655014906B1E1340ED1AE36B78685B69012299
S21401656016A9984716A80EF0D6F800280CBF0423E3
S2140165700823782E06933DD90123002505934FF075
S214016580080A3B6805990E98C9F80030C9F81060EA
S2140165900EF0E3F84FEA9A031093DDF81CB089F881
S2140165A0140000230B930F9308930C93616C4A1EFF
S2140165B00BEA02028B1A002E38D05544AB4240D863
S2140165C0236B5B1A13442363ABE0049B1B68149391
S2140165D008230693D0E7656C079A6B1E1340782E46
S2140165E0A5EB030516D8FB7D7BB9099B002BB3D120
S2140165F004230693331DAB4210D9A6B1082DBBD890
S214016600042500230593AA46BBE7099B002BA3D1CB
S2140166100823EEE7099B002B9ED1D9E700250595B7
S2140166204FF0040AADE704250596F9E75345C7D3AD
S2140166300BEB0A030393B046089B002B18BF0323FA
S21401664013E0A3EB0A039E42B0460BEB0A0228BFF7
S21401665098469E420392EFD9D9F81020012396421C
S21401666089F8173071D1C9F804B0089399F8173032
S214016670002B6CD099F818200899D31C09EBC3039A
S2140166800132C3F804B0A3F80880997289F818207B
S214016690B8F1000F14D00E9B022B5BD10B9B7BB97C
S2140166A00F9B4344032B0BD9E36B03989B69012291
S2140166B014A998470546002840F03D8101230B9315
S2140166C0089B0193059B009399F81420396843466B
S2140166D016A800F0ABFFE36B109A9B6916A9584603
S2140166E09847051E0D9B18BF5B460D9352464346C1
S2140166F0594620460DF078FD236BC9F8080008F1CD
S2140167000302A3EB0A0322F003029B1A2363002D64
S21401671040F011810F9BDDF80CB04344A6EB080650
S2140167200F93594620460DF032FD00258346002E74
S2140167307FF43CAF814A39689368E36252680E9BE6
S21401674004F1080000F000FFDEE002238DE7C9F83F
S21401675004B09DE7099B002B30D1049BB8F1030FD1
S21401676043440A9327D9E36BDDE903019B694FEAAA
S214016770980298470546002865D118F003025FD0B5
S214016780049B28F003052B440493039B1D444FF000
S214016790FF330499159315A80EF0FDFFE36B284609
S2140167A09B69012215A998470A9B04930546002D6B
S2140167B086D0039B99E7039D4246E8E7039B0A932D
S2140167C007F120031193FB7D78689BB13D7E0C9AFF
S2140167D00023D9B28D4211D9119931F83310914263
S2140167E003F1010C26D907EBC3030699D8690A44BD
S2140167F0104403E00C9B069A13441844E36B0122F1
S2140168005B6915A99847159B13930C9B0A9804334B
S2140168100C93E36B01229B6913A99847039B0A9A81
S21401682043449B1A042B054607D978B9134604330B
S2140168300A93C8E7521A6346CBE70A9B0393B6E767
S2140168400A9B04933CE70A9B0493B2E70A9B0393D3
S214016850AFE73B4E04F1080303932368079A606C85
S214016860A2EB030ABAFBF0FA00FB0A300EF02BF893
S214016870E16A804620460DF08AFCA26A82424AD02E
S214016880626CD9F808302568E062511E0B40216B16
S214016890891A0B4423630D9B5D1BB5FBF2F5AA45D4
S2140168A036D1079BB3EB080A12D0E36B4FEA9A0284
S2140168B09B6941469847E36A079A5344E362236B10
S2140168C09B1A43448346236303980DF098FEDA46E9
S2140168D02368616CE06B01FB05310DF069FF204612
S2140168E00DF098FB20460DF095FC2063BAF1000FE1
S2140168F011D03A69616CD31D1439B3FBF1F301333E
S21401690002EBC3029042A8D2304619B0BDE8F08F20
S2140169104FF0000ADCE73A69616CD31D1439B3FB0A
S214016920F1F3013302EBC302236B9342BFF4F8ADDC
S214016930EAE7044EE8E72E468CE700BFE84101206F
S21401694023E000F006E000F02DE9F3471E46436918
S2140169509DF82890B3420446884617463DD3002545
S2140169608DF8075020460DF021FBD4F830A0824563
S2140169700AD2236AB5EB430F06D200220DF10701B6
S2140169802046FFF7B1FB30B39DF80730012B05D148
S21401699000220DF107012046FFF7A6FBB9F1030F10
S2140169A006D0314620460DF0ECFA256B854218D309
S2140169B00D4D4FF0FF31284600F082FE4B46002277
S2140169C029462046C5E90376C5F8008002B0BDE831
S2140169D0F047FFF78DBD0135C4E7044802B0BDE8B6
S2140169E0F0870348FAE700BF144201200FE000F0E9
S2140169F006E000F02DE9F04790F8426086B0012EDF
S214016A0005460391A1EB020715D1B7F5807F28BF94
S214016A1003264FF06408DFF848A100244FF6FF79FB
S214016A2095F84230012B14BF322364239C420AD3CB
S214016A305FFA88F415E0B7F5803F34BF01260226D9
S214016A404FF03208E7E705AB2246514628460DF0DF
S214016A50D5FC95F84230012B059B34D14B452DD101
S214016A60E4B295F84230012B0CBF64223222121B8D
S214016A70B24217D3012E39D10022012B05978DF88A
S214016A80132027D1082205A90DF113000DF072FE7F
S214016A909DF81330059A42EA032221462846FFF75D
S214016AA0F7FC40B102232E4900930968CC2303AAC0
S214016AB02846FFF749FF06B0BDE8F087DBB203B909
S214016AC002340134ACE7591CCAD09BB2002BF8D172
S214016AD00134F6E7102205A90DF113000DF04AFE68
S214016AE09DF81330059A42EA0342D6E7039A0592C7
S214016AF0012B23D10823202205A90DF113008DF8BF
S214016B0013300DF037FE9DF8132012022146284659
S214016B10FFF7BEFC95F84230611C012BC9B21AD1B1
S214016B200028BFD1BDF814202846FFF7B1FC002885
S214016B30B8D10234BDF81620E1B2AFE71023202207
S214016B4005A90DF113008DF813300DF013FE9DF815
S214016B5013201204DAE70028A4D1059A9EE700BFA5
S214016B6040420120032A2DE9F34106460D46174609
S214016B701C4606D1237A012B23D0012002B0BDE8A2
S214016B80F081DFF8608009680DF107034246FFF7E0
S214016B90C3F960600028EDD19DF80720237A032A07
S214016BA0E8D0D8F804106A689142E3D1012B29692C
S214016BB0D4F80CC007D172690CEB0103934202D9D9
S214016BC02074207CDAE708316144E1603B4601220B
S214016BD029463046FFF78CFC60600028CAD00020AA
S214016BE0CCE700BF144201202DE9F341089C032A9B
S214016BF02668174606D1237A012B24D0012002B03D
S214016C00BDE8F081DFF890800DF10703424630467B
S214016C10FFF782F960600028EDD12568D8F80400F6
S214016C20A96AD5F844C0227A4840CCF1000318403E
S214016C30E1D1012A09D1E268D8F81030134472690B
S214016C40934202D92074207CD9E72868EB6A1B1A84
S214016C50081AB3FBFCF3B0FBFCF083420BD1706C5B
S214016C60F36A421E1340326B121A134433632846EA
S214016C700DF08DFAE862D8F81020E368064920681E
S214016C8008321344E36001223B46FFF731FC6060A3
S214016C900028B0D00020B2E7144201202DE9F04FC1
S214016CA04FF0FF334FF6FF72002500F10806C0E9EA
S214016CB0092387B00446C3620562056330460F4662
S214016CC00DF09DFC20460DF0A5F928BB204639465F
S214016CD00DF020FA20460DF09DF928BB8A4D20467E
S214016CE00DF0CBFAECE0E26B2368606CD2F814C0CE
S214016CF001A9052200FB0530E04701A80DF0B3FD10
S214016D00012828D1294620460DF0D5F9421C2946EE
S214016D1020460DF09EF90135E3699D42E3D32046F6
S214016D200DF078F90028D1D000254FF6FF73C4E99D
S214016D3008534FF0FF39CA46A846E369984514D36D
S214016D40A5EB0905012D37D8636A4FF6FF7293420A
S214016D5047D16E4DC3E70DF0B0FD0028DBD02946C4
S214016D6020460DF0A8F90246D1E72368E26B606C75
S214016D70576901A9052200FB0830B84701A80DF0A4
S214016D8072FD834601A80DF045FD074658460DF0F5
S214016D908FFD70B15745236A38BFC4F82480B945C2
S214016DA003F1010328BFB946BD42236238BF3D4601
S214016DB0BA4608F10108C0E74FF6FF736362002583
S214016DC0E3699D42C0D2676C2068E36B05225B696C
S214016DD001A907FB0500984701A80DF01BFD013529
S214016DE0EEE7E26B676C2068556901A9052207FB8F
S214016DF00300A84701A80DF00DFD626A2368606CC8
S214016E00434D00FB02300DF05EFD4FF0FF33A062F4
S214016E10E3622A460DF103036FF001012046FFF7F6
S214016E207BF8002850D1AD68E562294620460DF072
S214016E30CDF8206320B9E16A20460DF0A8F9E0629A
S214016E40294620460DF0A3F90546A36A9D423DD189
S214016E506569626CE91C143A2046B1FBF2F105EB58
S214016E60C1050335B5FBF2F50DF007FA0235A84268
S214016E7080463DD2616A20460DF0FCF800270646A2
S214016E8004F1400A474512D3626C236802FB0639B7
S214016E90E36B05225B6901A94846984701A80DF0F6
S214016EA0B9FC534602464946E06B0DF00EFD3146ED
S214016EB020460DF0DFF80137AF420646E2D3154D06
S214016EC0284607B0BDE8F08FA56AADE729462046FB
S214016ED00DF07CF8236B03442946074623632046BE
S214016EE00DF055F90546002FAFD1C4E90B07ACE705
S214016EF030460DF084FB0023074A19462046FFF76B
S214016F00B7F80025EBE600BF03E000F016E000F05E
S214016F101442012013E000F0CD420200634A002330
S214016F202DE9F041176813600E46044618B9604D06
S214016F302846BDE8F08190F834500DB30968026820
S214016F40914240F0AA8071684268914240F0A58063
S214016F50B1688268914240F0A080F168C2689142AF
S214016F6040F09B8031694269914240F09680B16958
S214016F70C26B914240F09180726982611D46D7E7EB
S214016F8050222946D0F838800EF0CCFC33682360B6
S214016F9073686360336963617369A361D6E902123A
S214016FA004F10800C4F838800DF03BFBB369E363D5
S214016FB004F140009B68984794F8432020B1E561AE
S214016FC0002AB4D03B4DB3E7656C002DF7D0666858
S214016FD0B6FBF5F3E361002AA9D0B542F2D82268E0
S214016FE0B2FBF5F105FB1122002A58D105FB13630C
S214016FF0002B54D120460CF0D9FFA3690433034477
S2140170009E424ED3636940F63472CC3B93424AD8D3
S214017010B5F5007FD6D3032120460CF0F0FFE36BD5
S214017020D4E900011B689847E36B0546DB6802203C
S21401703098471DB1002384F834301EE039462046B7
S214017040FFF72CFE1C4B9842054604D139462046D4
S214017050FFF724FE0546636C143B002DEAD1226A35
S214017060204602FB03F60CF0A1FFA3690433034498
S2140170709E4206D284F83450104DE06B0DF081F933
S21401708056E70F4A012384F834301368D4E9000127
S2140170900133136009F018FFEFE70A4D48E70A4D80
S2140170A046E7064D44E7094D42E700BF2459012053
S2140170B009E000F004E000F013E000F002E000F068
S2140170C02059012008E000F001E000F005E000F0A2
S2140170D02DE9FF410F4690461E46054698B390F8A7
S2140170E0343093B3B1F5801F31D21A4C02210CF023
S2140170F086FF22460DF10F0339462846FEF70CFFA0
S214017100024678B101230093424633463946284663
S214017110FFF71AFC0446E86B0DF033F9204604B07D
S214017120BDE8F0819DF80F30012BEBD12169B1420A
S214017130E8D10093414633462846FFF7B5F80446A2
S2140171400028DFD1E7E7044CE8E7044CE6E7044C07
S214017150E4E700BF4042012009E000F007E000F04C
S2140171600AE000F02DE9FF410C4616461F4605468B
S21401717088B390F8343083B3B1F5801F2FD2DFF88F
S2140171807C8001210CF03BFF21460DF10F034246A6
S2140171902846FEF7C1FE044670B99DF80F30012B54
S2140171A011D1D8F81030BB4213D1009002463146B7
S2140171B02846FFF779F80446E86B0DF0E2F820461A
S2140171C004B0BDE8F081074C074A022B08BF1446FD
S2140171D0F2E7064CF0E7064CF1E7064CEFE7064C03
S2140171E0EDE700BF0BE000F00CE000F011E000F06E
S2140171F009E000F007E000F00AE000F0404201205C
S2140172002DE9F04385B00C46DDF8308017461E4662
S2140172100546A0B390F834309BB3B1F5801F32D247
S214017220DFF8809001210CF0EAFE21460DF10F03F4
S2140172304A462846FEF770FE044688B99DF80F3088
S214017240012B14D1D9F8102006EB08039A4214D367
S21401725000904346324639462846FFF725F804464D
S214017260E86B0DF08EF8204605B0BDE8F083074CBC
S214017270074A022B08BF1446F2E7064CF0E7064C15
S214017280F1E7064CEFE7064CEDE700BF0BE000F038
S2140172900CE000F011E000F009E000F007E000F07B
S2140172A00AE000F04042012070B586B00E46039217
S2140172B00546A0B390F834309BB3B1F5801F32D2A7
S2140172C002210CF09CFE194A0DF11703314628469F
S2140172D0FEF722FE044618B99DF81730032B0ED18F
S2140172E00223009303AACC2331462846FFF72CFB42
S2140172F00446E86B0DF045F8204606B070BD022B3B
S2140173000BD10A4928460DF09BF8039981420246A3
S214017310EFD02846FFF76EFBEAE7054CE9E7054C98
S214017320EAE7054CE8E7054CE6E700BF40420120E6
S2140173300DE000F009E000F007E000F00AE000F0E0
S21401734073B50C461646054630B390F834302BB369
S214017350B1F5801F24D201210CF051FE2146114ABD
S2140173600DF107032846FEF7D7FD044680B99DF8C0
S2140173700730032B0CD0022B0CD10A4928460DF0FE
S2140173805FF83060E86B0CF0FCFF204602B070BD81
S214017390054CF7E7054CF5E7054CF6E7054CF4E731
S2140173A0054CF2E7404201200BE000F00DE000F052
S2140173B009E000F007E000F00AE000F0F7B50C463F
S2140173C01646054668B390F8343063B3B1F5801FAE
S2140173D02BD202210CF013FE154A0DF107032146AC
S2140173E02846FEF799FDC0B99DF80730032B14D047
S2140173F0022B14D10E4928460DF022F8471C0246EE
S21401740039462846FFF7F6FA044606B13760E86BB8
S2140174100CF0B7FF204603B0F0BD064CF7E7064C6C
S214017420F5E7064CF6E7064CF4E7064CF2E700BF34
S214017430404201200BE000F00DE000F009E000F012
S21401744007E000F00AE000F02DE9F3411F460023B3
S2140174500C4616463B60054650B390F834304BB3A5
S214017460B1F5801F28D2DFF8648001210CF0C7FD3A
S21401747021460DF1070342462846FEF74DFD044618
S214017480A0B99DF80730032B10D0022B0AD1012397
S214017490336004233B60E86B0CF073FF204602B0B8
S2140174A0BDE8F081D8F810303060F3E7034CF2E71E
S2140174B0034CF3E7034CF1E7034CEFE70BE000F076
S2140174C009E000F007E000F00AE000F04042012089
S2140174D030B50C4685B0054628B390F8343023B352
S2140174E0B1F5801F23D202210CF089FD0DF10F03A7
S2140174F0104A21462846FEF70FFD034688B99DF837
S2140175000F20032A0DD00322009221460246284668
S214017510FFF71AFA0446E86B0CF033FF204605B075
S21401752030BD054CF7E7054CF8E7054CF6E7054C8A
S214017530F4E700BF404201200BE000F009E000F054
S21401754007E000F00AE000F02DE9F04346688EB34C
S214017550056898464FF0000CA946AE4655F83C40E3
S214017560C4F3130701340CF1010C01D0B94218D051
S21401757066450EF1080EF1D12F46002403E0A6421F
S21401758007F1080713D055F83430013304F101042C
S214017590F5D1C1F3130141EA0851C7E90012BDE86C
S2140175A0F08341EA0851CEE90012BDE8F083B8F154
S2140175B0030F03D101230372BDE8F083002303E028
S2140175C09E4209F10809F5D055F83340C4F3075433
S2140175D0032C03F10103F3D1C1F3130343EA085368
S2140175E0C9E90032BDE8F0832DE9F043476883B06E
S2140175F0CFB10646884691460024336853F8345086
S214017600C5F30752C5F31301013503EBC403304636
S21401761004F1010405D05B68CDF80090C04710B1B5
S2140176207768BC42E9D303B0BDE8F08373B504467E
S21401763022489DF81850012A00EAC11123F07C4027
S21401764007D9961E012E28D9073303F07F03194365
S21401765008E09DF81C30DB060A4303F0C0531343D1
S21401766043F060410023C4E900108DF80730B5B13E
S214017670202221460DF107000DF07CF81A220DF1AB
S2140176800700211D0DF076F863689DF8072043EA90
S21401769082636360082002B070BD1143E2E71B22DB
S2140176A00DF1070021460DF065F823689DF80720C7
S2140176B043EAC26323600420EDE700BF80FFFF07B3
S2140176C038B5094B04461A680D4600210EF02AF912
S2140176D000234FF0FF322383C4E900252361A26013
S2140176E0E382A37638BD00BF749A02000138C0B2A7
S2140176F005289ABF014B185C01207047E0A50200DF
S2140177002DE9F0410E46596888B007461546490AE4
S2140177100024012922464FEA510104F10104F8D858
S214017720DC7899781B882403C90201F4006104F40B
S21401773080540C43C3F30A035203234492B29C18A9
S214017740284B03934FF0000825F0784302A90DF16A
S21401775007001B2202938DF807800DF00BF89DF8A9
S2140177600720029B8DF80780ED4343EAC26302A916
S2140177700DF1070025F078451B22049302950CF0C5
S214017780F9FF9DF80720029B6FEA044443EAC263AF
S21401779005936FEA14444FF0FF3306930794BB69D1
S2140177A007A9012206F110009847BB6905A90446FE
S2140177B0012206F108009847BB69404518BF0446F8
S2140177C004A90122301D9847BB69404518BF0446ED
S2140177D0012203A930469847404508BF204608B015
S2140177E0BDE8F08101009AB2034B1868034B0028EC
S2140177F008BF1846704700BF28590120E8A50200B7
S214017800F8B50D4610B900242046F8BD0E4F3E6867
S214017810002EF8D100F07CF804460028F3D038603A
S21401782000F0C2F820460DF0BEF838B130463E6092
S21401783000F0BAF820460DF0B1F8E4E7002DE3D0E9
S2140178402046A847E0E700BF2C590120024B1868E4
S214017850003818BF012070472C590120024B002127
S2140178605B680846184700BF0021002010B50DF0E0
S21401787059FE044618B9034B01215B689847204618
S21401788010BD00BF0021002010B506F0B5F8044673
S21401789018B9034B01215B689847204610BD00BF0D
S2140178A00021002010B50DF03EF9044618B9034B2F
S2140178B001215B689847204610BD00BF00210020CB
S2140178C010B50DF004F9044620B9034B01215B689D
S2140178D008469847204610BD0021002010B50DF03F
S2140178E003F920B9024BBDE810401B68184710BDCC
S2140178F000210020431E033306D8044B984228BFBC
S2140179001846642838BF6420704700BF40420F0005
S214017910F8B5054609F0EAFA0F4B1E68074626B980
S214017920384609F0E7FA344611E0B4688CB194F8A9
S21401793010C01CF0010F0CD195E80F004CF0010CA3
S21401794084E80F0084F810C0384609F0D3FA2046C0
S214017950F8BD3668E3E700BFF820002038B50546D5
S2140179600C4641B10B6833B11B68013303D0CB68B9
S2140179700BB18B684BB90DF076FBBDE838404FF480
S21401798092724121002000F015BA084601F05AFB18
S2140179900023044A85F8DC30C5E92343C2E90033F5
S2140179A038BD00BF5822002010B5044618B9054B53
S2140179B0054A136010BD04F051FFD4F89830002B2F
S2140179C0F6D1F4E785490200F4200020014B18683F
S2140179D0704700BF5822002010B50C4604F07CFF0B
S2140179E0054B00215B68032098471CB106F0E2F8BE
S2140179F00128FBD110BD00BF0021002008B50246BA
S214017A000868FFF777FF08604868FFF773FF48606C
S214017A108868FFF76FFF8860C868FFF76BFF0B6920
S214017A20C860581C03D00B48834228BF03460B612D
S214017A304B69581C03D00748834228BF0346886910
S214017A404B61FFF757FFBDE808408861104605F017
S214017A501DBE00BF40420F002DE9F84FD0F8903010
S214017A6006460F4613B1038B8B4244D0D6F88CB032
S214017A70BBF1000F42D0DBF80830002B3ED0DBF81C
S214017A800C1000293AD0D6F8A0A0BAF1000F38D0D1
S214017A904FF000094D46C84601E0DBF8083005EB1B
S214017AA0C50203EB82040135E389BB4214D8238A5D
S214017AB0BB42304610D3B4F91220B6F924309342B3
S214017AC0A04653DD96F8D010F2F726FF337D8342A9
S214017AD081464BD9DBF80C108D42DED3B8F1000F8E
S214017AE03ED00023424619463046D0473783C6F873
S214017AF0908086F8D9900020BDE8F88F0320BDE875
S214017B00F88FD1465446524647F6FF7504EBC40833
S214017B1003EB8808B8F80E30BB421BD8B8F8103013
S214017B20BB4217D3B8F91220AA4207D14FF0FF097A
S214017B303783C6F8908086F8D990DCE796F8D0109F
S214017B403046F2F7E9FE337D834281464246EFD95D
S214017B50DBF80C100134A14204D9DBF80830D5E774
S214017B600120C9E7002AFBD09046E1E7A046B8E726
S214017B702DE9F04782B004468946164605F0DAFF3D
S214017B803B4D08B100236B602B68D4F88CA0D4F869
S214017B9090700BB153454BD04FF00008C5F80890D4
S214017BA006F008F8012836D12B68DAF800103A6892
S214017BB013B11868884246D020460DF08FFCC5E9FF
S214017BC000A7D4F8A0508DF80760002D42D00022FF
S214017BD00DF1070311462046A847204605F07EF919
S214017BE00546B8F1000F00D08EB1B5FA85F040F227
S214017BF0DE324009332100F0DDF83146204605F03B
S214017C0003FC1C4B05461B68394620469847284608
S214017C1002B0BDE8F087012004F05EFE164B00219D
S214017C205B680320984705F0C5FF0128FBD1BBE739
S214017C306B68002BB0D0BB42AED1AB68994514D06F
S214017C404FF00108AAE7696811B109689142B6D0F8
S214017C505968B1E7217D94F8D930994228BF194671
S214017C603246204605F00EF9B7E70025CFE700BFFC
S214017C7058220020F420002000210020F8B50546F7
S214017C800E4609F033F9314607462846FFF7E4FE6B
S214017C90044620B1384609F02DF92046F8BD05F016
S214017CA031FF224631462846FFF762FF0446384632
S214017CB009F020F92046F8BD084B10B4002A14BF7D
S214017CC014461C46064B1C6019B15DF8044B0CF0BB
S214017CD091BE08465DF8044B704700BF8549020017
S214017CE0F420002013B5044669460CF065FF2046D3
S214017CF00DF053FBFF28024606D09DF800102046E3
S214017D00F2F7A2FE02B010BD0048FBE70080FFFFBD
S214017D102DE9FF4105460F4690460AB9D0F82C805A
S214017D20414628460CF0AEFF18F0010F02D0284657
S214017D3002F0FCFE0DF008FA184B04460FCB6E4617
S214017D4086E80F0037B104AB03EB840357F8242011
S214017D5043F8102C18F4803F10D1224631462846AD
S214017D600DF044F938B937B104AB03EB840353F88B
S214017D70103C47F8243004B0BDE8F08104AB03EBB7
S214017D808403224653F8103C01333146284602D07C
S214017D900DF03BF9E6E70CF0E6FDE3E71CA6020072
S214017DA008B50B46024919400CF04EFF002008BDED
S214017DB00700110008B550B90548064B01601A6066
S214017DC0054B1A68054B1A601868EAF75FF808BD94
S214017DD0FC200020345901202C5901203059012063
S214017DE02DE9F0411B4A8AB001AC05460B4602F16B
S214017DF0200C274610685168264603C6083262459D
S214017E003446F7D1002B08BF3B4610683060002788
S214017E1003F10C061C46384690B95FFA87F82188AC
S214017E20424628460DF0FFFB50B9E18842462846F7
S214017E300DF00AFC20B94246314628460DF016FCE4
S214017E400137032F06F1080604F10204E4D10AB053
S214017E50BDE8F08134A60200F0B589B005460E46AD
S214017E600DF01BFC044600BB06F10C070FCF01AC5E
S214017E700FC497E8070084E8070001A92846FFF722
S214017E80BDFD311D28460CF02FFF044648B90849B0
S214017E90284605F0BDFB044618B9284605F002FF42
S214017EA0044631682846FFF79BFF204609B0F0BD1F
S214017EB02CA6020001490CF0A1BF00BF95DC010011
S214017EC070B5164E0328337804460D461ED023FAA5
S214017ED004F202F00102AA421DD053B10122A240CF
S214017EE023EA0203A5402B43DBB233704BB10120DA
S214017EF070BD2DB10A4B01201B6898473378EDE71A
S214017F003570074B00201B689847F0E79A07DED0CC
S214017F1003F0FC03E9E7002070BD00BFB55C01205B
S214017F207459012038B504460D46FFF78FFC60B141
S214017F3005F00EFE48B9012D07D801200DF04EFBC5
S214017F400D4B1B6823B15B6898470C4B1C7038BD02
S214017F500AF0AAFA0A4B1A68801A1860F5F73EFC6E
S214017F60084B1B684FF47A7202FB00300CF044FF9A
S214017F70012005F0F5FDE8E72C5A0120DD2100205F
S214017F806C59012070590120F8B5124F05460C4670
S214017F9008F0ACFF3B78064633B1012D04D01CB97E
S214017FA00D48F5F7B7FA3C7021462846FFF788FFDB
S214017FB00A4B1B7804463BB93B782BB90DF0B0FA57
S214017FC010B1074B1B689847304608F093FF2046D0
S214017FD0F8BD00BFB65C012048590120B55C012000
S214017FE000210020054A0B46117831B1002111709D
S214017FF0034A18785268012110477047B65C012081
S21401800000210020124B0239012910B518701ED824
S214018010FFF71CFCD8B105F09BFDC0B105F096FB3F
S214018020A8B90C4B1C6834B123689847BDE81040CA
S21401803000200DF0D3BA0CF0DDFE074B18600AF0F5
S21401804033FA064B1860204605F08AFDEEE710BDB0
S214018050DD2100202C5A0120705901206C59012085
S21401806038B5044680B108F041FF012104460846B0
S214018070F4F7AEFE012108460A4A0AF0C1F9204685
S214018080BDE8384008F036BF08F030FF2146054607
S2140180900120F4F79DFE0120024A21460AF0B0F9BC
S2140180A02846EDE758A60200F0B5324D85B008F037
S2140180B01DFF2B78044623B12F48F5F72BFA00282D
S2140180C04AD1F5F71BFB02AA03A90DF013FA0346E2
S2140180D0002832D00DF022FA029B98421ED10020D1
S2140180E0264B03991B68264E9942307021D9C91A2E
S2140180F000270123CDE900771F482B70214A33461C
S2140181000AF0ACF900282FD11F4A1378D90717D4E3
S214018110204608F0EFFE002005B0F0BD0DF0FCF99A
S214018120029B98421ED0154B154A1B6803930020EC
S21401813010700121FFF7C4FEEAE720462B70E8E73E
S21401814031780029E4D103F0FE031370002BDFD150
S2140181500E4B1B689847DBE7204608F0CBFE032052
S21401816005B0F0BD0220BBE7032320462F70337015
S214018170F3E700BFB65C0120485901206859012089
S214018180DC210020E57F0100B55C01207459012047
S21401819038B5134D08F0AAFE2B780446C3B9114A28
S2140181A011491370114B124A1A601248124A5A604A
S2140181B0F4F73EFE11491248F4F73AFE114B124A03
S2140181C01A60124B1B68124B02221A6001232B7095
S2140181D0AFF30080204608F08DFE002038BD00BFBA
S2140181E0B75C0120B65C012060A6020000210020D9
S2140181F0A980010038590120897F010068A6020084
S21401820040590120745901206180010000300E4060
S214018210685901200D4BD3F8E020D20314D50C4940
S2140182204FF48032C3F8E820C1F8EC209A6BD1B243
S214018230C2F3072299679A6704229A6700229A670F
S2140182409A679A679A679A67704700BF0010084056
S21401825000100846F8B50C4C0D461746064608F0C1
S21401826045FE0123A362042327606660A560C4F867
S214018270E830064B4FF48072C3F8802108F03AFECE
S2140182800DB10223A362F8BD0010084000E100E032
S214018290054B1860054B01229A6540F6FF7219637B
S2140182A058635A65704700BF7C590120001008408A
S2140182B02DE9F04F042A83B0054639D90B7883613E
S2140182C04B7883618B788361CB7883610068D5F8BE
S2140182D008B06E6800F007000123063003FA00F8C4
S2140182E008F1FF3909EA0B07A2F1040AA8EB070215
S2140182F0924501F1040446F000560DD8F0192146C6
S21401830052460DF048FA0AEB0B0248EA09031A40F6
S214018310AA6003B0BDE8F08F2146F01901920DF076
S2140183203AFA019AA118AAEB080230463A44E8E75D
S214018330013A032AEDD8DFE802F00B08050211F82E
S214018340013B836111F8013BAB6111F8013BAB6165
S2140183500B78AB6103B0BDE8F08F00BF2DE9F743A2
S2140183603024444304F1804407468846154604F504
S21401837001244FF00109266AC6F30C0686B1E368AC
S214018380CDF80090AE4228BFAEB29BB2324641460F
S21401839020460CF06DFDAD1BEDD103B0BDE8F083BA
S2140183A0002DFAD0034AFF000223BB40C2F8E43096
S2140183B0F3E700BF0010084038B50C46104B1546D1
S2140183C0014668B10122C3F8B8200E482246FFF7DD
S2140183D06FFF1DB10A4B0422C3F8B820002038BD38
S2140183E064B1D3F89C20A24284BF0122C3F8B8200E
S2140183F0C3F898400222C3F8B820EAE70122FAE758
S214018400001008409010084010B508F06FFD184B9A
S214018410184901229A65C3F888201A66164A5A66D0
S2140184200722C3F884200A80144900220A804FF4E8
S214018430A021C3F8E81003F1C0630446C3F8EC10AA
S2140184400F4B1A600F4BD3F888305B020AD50E4BE0
S21401845018680E4B4FF48002C3F88820416BA43095
S21401846002F05EF82046BDE8104008F043BD00BFAC
S21401847000100840485C0120B0230020465C012023
S21401848078590120004008402C590120004008443A
S2140184900D4B07221A800D4B00221A800C4B01212E
S2140184A0C3F8B810C3F890204FF40052C3F89400F4
S2140184B0C3F8B420074BF0221A6403F10073A0221C
S2140184C01A64FFF7A1BF00BF485C0120465C01208B
S2140184D000100840000008442DE9F041044688B128
S2140184E0394E3A4F08F002FD3388394A03F07801D5
S2140184F0032C054603F07F0C114453D13C6824B984
S21401850008F0F8FC0320BDE8F08124F00104386887
S21401851020F00100A0424AD100223A6022886FEA88
S21401852042426FEA52428C42228036D1294CDFF811
S214018530B8C02788ACF180083A46083A92B201F1F1
S2140185400800604528BF4046082A04D9B0F900E073
S214018550BEF1000F36DB22803B440C8888781E492A
S2140185609B1ADBB2C4F30C04CC6300F00700338023
S214018570CB66C1F88420FFF74DFE04280DD1174BBA
S214018580D3F88830164B1868164B4FF48002C3F8A0
S2140185908820416BA43001F0C3FF284608F0AAFCEE
S2140185A00020B0E7601E012898BF0C46AFE70948D7
S2140185B062440088A21A48BF803208389042ADDC77
S2140185C028469DE70146B8E7465C01207859012018
S2140185D0B0230020485C01200010084000400840FD
S2140185E02C59012000400844302400200E490F4B2E
S2140185F00A881B880E481344073B03F0780303449C
S2140186000832987892B20A8000F0070009490428D7
S214018610C1F8842004D101F540514A681203FCD404
S214018620054A1360704700BF485C0120465C012084
S214018630B0230020001008407859012010B5054CE1
S214018640206828B1C30701D4FFF746FF0023236043
S21401865010BD00BF78590120084B4FF48032C3F893
S214018660EC2003F17C43C3F8E420D3F88030C3F355
S2140186700C03782B01D8FFF7CDBD704700100844D6
S2140186802DE9F84304460E4608F030FC504B514D98
S2140186901A882D888146504802F07801032C02F092
S2140186A07F03014417D14D4C24688CB92A44073AFC
S2140186B002F0780284180344E31A48BF8033AB42C1
S2140186C010DB484608F016FC00242046BDE8F88377
S2140186D024F00104EFE7012C02D0022CEBD1083D77
S2140186E00C46E8E7002E41D08C423D4942D1D1F8F4
S2140186F03C800A6B02F00702063201279740D1F848
S2140187008020C2F30C029A4247DDB4F90030258876
S214018710002BD6DBA378C5F30C0503F007037A1EFE
S214018720A5EB08053A43052B337005EA02052CD85C
S2140187302DB2E84340F236420421C00FFFF73AFB60
S2140187407580E378274A337412687B1E03EA0803B0
S214018750D118B160A9B213FA85F5BD4289BFFF1AD7
S2140187600023B780F2609CBFB180F360484608F0F2
S214018770C1FBAAE7A4F10802824238BF04F17802DD
S214018780B2F80080C8F30C08B3E7174BDB6C003B6C
S21401879018BF0123A5EBC305CAE78B6B7A1EA3EBB3
S2140187A008033A431A40114B15B25B686AB9C3F322
S2140187B00363D91E4B424B41DB0033700B4B728077
S2140187C0D3F89030C3F30723BCE70823F5E700BFCF
S2140187D0465C0120485C0120B02300207859012026
S2140187E0001008407C590120000008400040084065
S2140187F000284CD00378112B49D9294B42781A709E
S21401880082785A70C2789A700279DA7042791A714F
S2140188108279003A18BF01225A71C279003A18BF0C
S21401882001229A71027A003A18BF0122DA71427A5D
S2140188301A721C4A002111700278172A18D9827CF4
S214018840521A18BF01225A72C27C9A72027DDA72DB
S214018850B0F815209A81B0F81720DA81427C1A7494
S2140188600278182A8CBF427E00225A740020704774
S214018870827A003A18BF01225A72C27A9A72027B31
S214018880DA72B0F80D209A81B0F80F20E5E7064AB3
S214018890D2F83C311B0C1B04C2F83C310120704756
S2140188A04A5C0120B85C01200040084003460328CA
S2140188B023D8DFE800F00213171B114A137A012BA5
S2140188C002D15079A8B97047022B02D1907980B9AC
S2140188D07047032B11D1D07958B97047084A50799F
S2140188E038B97047064A907918B97047044AD07962
S2140188F020B1044A0120137070470020704700BF62
S2140189004A5C0120B85C012008B503490878FFF7E6
S214018910CDFF087808BD00BFB85C0120431C08D015
S214018920044AD2F83C311B0C1B0480B20343C2F844
S2140189303C317047004008402DE9F041FFF764FDE7
S2140189403B4B3C4E1C683C4BDFF80C811A6E3B4A95
S2140189501B6B15683A4F0121084640F22322FFF7A8
S21401896029FA384BD3F810212260D3F8F820626038
S2140189707269A260B26AE260B26C2261F26C6261F4
S214018980B26FA261D8F88020E261D8F8182022627E
S2140189907A686262D3F81821A262D3F81C21E262D7
S2140189A0D3F820212263D3F824216263D3F850211F
S2140189B0A263D8F8B820E263033525F003059B6B64
S2140189C02B60B3696B60D8F88430AB6001F0C8FFE8
S2140189D0E860FB6F1C4C2B61D4F8BC3E6B613B6AB4
S2140189E0AB61002001F02EFA0023C8F88430174B43
S2140189F04FF40072C3F88820D4F8BC3E23F4006319
S214018A00C4F8BC3E2023C8F81032114B01221A6468
S214018A1003F580434022DA600E4BB2691B7C1B02D1
S214018A2003F4706322F470621343B361BDE8F0810E
S214018A3070A6020000700840001008407C59012012
S214018A400000084000400840001000210040084493
S214018A50000008464A5C01200060084013B5044641
S214018A6001F084FF104B1B6B400013F4801F0F4B6B
S214018A7014BF201A00190024CDE90004186801F07B
S214018A807BFF21468DF80600684601F0D1FF40B114
S214018A90074AD2F83C311B0C1B04C2F83C314FF09C
S214018AA0FF3002B010BD00BF003008402C59012035
S214018AB0004008400C4B4FF4001210B59A6103F1C8
S214018AC07E430122094CC3F8F820636813F0706FE7
S214018AD0FBD1FFF799FC064B08221A606368C3F3C3
S214018AE00363022BFAD110BD00600846004008401F
S214018AF0004008460B4BFF2210B51A6008F0F6F945
S214018B000E210446032001F00DFC074B40F2012222
S214018B105A62204608F0EEF9044A536813F0706F63
S214018B20FBD110BD0040084400000840004008404A
S214018B300A4A0B4B916A0B4043F0804343F41843B7
S214018B409362084B4FF480025A61A3F540534FF4E9
S214018B500022C3F81021C3F8F820704700700840BF
S214018B60FF01108000700846694A936C23F47F5316
S214018B7023F03F0343F4605343F03E0373B593641D
S214018B80D36C644C644D654E1B0D1B0543F41653A4
S214018B9043F03C03D364936F03F07F4343F4DB035A
S214018BA043F490639367936A23F0BF0343F0A703EC
S214018BB093625B4B4FF480025A615A4B0022C3F812
S214018BC0802003F180634FF4E0729A6103F1007331
S214018BD04FF480729A61544A536823F0070343F0B6
S214018BE005035360514A4FF40023C2F81031D4F8FC
S214018BF0183123F0404343F08043C4F818314FF452
S214018C004043C2F81C31C5F81C31D4F82011484B3A
S214018C100B4043F4886343F00503C4F82031D4F8CD
S214018C20243123F0370343F02003C4F82431D4F869
S214018C30243123F4472323F4E06343F4042343F469
S214018C40A063C4F824314FF4F873C2F850310823F6
S214018C50C5F818314FF48033C5F8103114200CF0E4
S214018C6068FAD4F8183123F47F5343F04003C4F86C
S214018C7018314FF40033C5F8103114200CF059FAAE
S214018C80D4F81831334043F0807343F48043C4F87A
S214018C90183114200CF04DFA4FF48023C5F810312A
S214018CA014200CF046FA0923AB63224D14200CF075
S214018CB040FA687CC8B101AA69460CF0F9F9D4F803
S214018CC01831019A23F47F5343EA8213C4F818310A
S214018CD0D4F81831334043EA8233009A43EA0263F8
S214018CE0C4F8183114200CF024FA0E4AA978D2F8E8
S214018CF0B830C3F3160343EA016343F400031420B8
S214018D00C2F8B83002B0BDE870400CF012BA00BF2D
S214018D10007008400040084000400846FF3FC0E0A1
S214018D200070084600600840000008400040084403
S214018D3032F33FFF4A5C012010B50446FFF7DAFE26
S214018D40FFF7FAFD022C15D1114BD978104A2046AF
S214018D50537812780CF0D1FC431C0DD0FFF77EFE41
S214018D60013009D0FFF7A6FE022C0BD1FFF7E0FE7B
S214018D70002003E0032C02D04FF0FF3010BD044B5F
S214018D801979E3E7032CF7D1FFF7EEFEF0E700BF12
S214018D904A5C01202DE9F84F0E2A0546BDF82870D9
S214018DA01646184658D82E4BDFF8C4A0D3F83C41D7
S214018DB0DFF8C08024F4FE4424F07F047F2994BFAA
S214018DC00C4344F07F047F2D28BF7F2544EA052409
S214018DD0C3F83C410CF0ADF9224B4FF0010909FAFA
S214018DE006F9D3F800B000263546344638460CF06E
S214018DF0A0F99AF80930ABB91B49D8F83C202023D2
S214018E00CB63C8F83830012302F02002C8F840309E
S214018E10D8F830309B06FBD52023CAB1134AC8F8D0
S214018E203830D3639AF80B30B34206D84FF0FF318F
S214018E30584601F0CFFA0135044401364E45D5D1E6
S214018E40002D08BF012594FBF5F000B2BDE8F88FB0
S214018E50CB63C8F83830E5E747F6FF70F6E700BFA2
S214018E60004008402C590120007008440070084654
S214018E704A5C012000700840344B73B51C68344BC3
S214018E801D68FFF737FE05F07BF8324B2268C3F802
S214018E9010216268C3F8F8202F4AA1685161E16881
S214018EA09162216991646169D164A16991672B49D5
S214018EB0E069C1F88000206A88612948666A4660D0
S214018EC0A06AC3F81801E06AC3F81C01206BC3F856
S214018ED02001606BC3F82401A06BC3F85001033571
S214018EE025F00305E06BC1F8B800286898636B6845
S214018EF09361AB68C1F88430EB680093194B00248A
S214018F001868019401F038FDAB698DF8060021461A
S214018F106846ADF8043001F08BFD2B699B0702D043
S214018F20012000F08FFF104B6A69C3F8BC2EFFF7D3
S214018F306BFA0E4B01221A6403F580434022DA6075
S214018F40074B4FF0FF329A6602B070BD70A6020062
S214018F507C5901200040084000700840006008402D
S214018F60000008402C590120001000210000084490
S214018F7008B501F0F5FC30B1044BD3F8C000431C32
S214018F8000D080B208BD4FF0FF30FBE70081E00F54
S214018F902DE9F04104460E46174698460CF0B3F804
S214018FA0012C05460FD0A31E012B06D82046FFF73D
S214018FB0C3FE013023D1FFF75FFF0CF0A4F84FF09A
S214018FC0FF30BDE8F081FFF7D3FF0446FFF71CFA38
S214018FD00CF099F80F4B401B98423BBF4FF6FE71C1
S214018FE04FF47A730021B0FBF3F038BF0140631CE5
S214018FF0E5D02046FFF792FC44EA0140E1E7BDF8E0
S21401900018304246394630460BF0CFFF0446FFF78C
S21401901033FFDDE718FCE70307B5FFF775FCFF280C
S2140190200AD0074AD38900939389927A0221FFF7DF
S214019030AFFF03B05DF804FB4FF0FF30F9E700BF68
S2140190404A5C0120054BD3F8B400431C14BFC0F39F
S21401905080700120A6223121FEF7ACBE0081E00F10
S214019060034B1A689B88026083800020704700BF0C
S214019070C02100200F4B0628D3F8883104D183F491
S2140190800013C3F340507047022805D113F4400F74
S2140190900CBF01200020704750B9074AD2F8D4000F
S2140190A010F0010005D083F48003C3F380507047AD
S2140190B00020704700400E400081E00F0C4A5288A5
S2140190C0B2F5E16F94BFC8225A2210B594BF782436
S2140190D0502490428CBF172210220A70054A03467C
S2140190E0107818B19C422CBF0020012010BD00BF93
S2140190F0C0210020E121002013B5234B1B780E2B45
S21401910004463ED00DF10701FFF7D8FF1E2C8CBF99
S2140191101E4C1F4C9DF807304FF001028CBF0121F9
S2140191200021C4F8082170B1194A4DF60174C2F83D
S21401913004411B0202F1007243F44043C2F80431B9
S214019140144AA2F8D430134A134C92F8D83023F0BC
S2140191500103034323F0020343EA4103DBB282F82F
S214019160D83024786CB923F0040343EA800323F053
S2140191700803B2F8D440A2F8D64043EAC10382F805
S214019180D83002B010BD00BFC02100200040084604
S21401919000400844001F0021BB5C0120084B094A1F
S2140191A0D3F88831DB4303F4FE1343F40053B3FAD8
S2140191B083F30E33A3EB4313013B1370704700BFD9
S2140191C000400E40E021002002280CD0062802D0E4
S2140191D020B100207047054B18787047034B18786C
S2140191E00430C0B270470720704700BFE02100205E
S2140191F02DE9F7433A4E3B4F96F8009015463A4A0A
S214019200D2F8C820B9F1020F0446884607EA0207D9
S2140192101AD147EA006788F80000002372882B609D
S214019220B2F5E16F94BFC8225A2227F47F579442C1
S21401923027F008079ABF380A00F47F5043F6C87033
S214019240384303B0BDE8F083284A1278904228BF1D
S214019250144604EB83030B70F4B1013CE4B24FF007
S21401926030632B606A4601A920460BF021FFDDE939
S214019270002347EA03671E4B98F800101B7847EA5D
S214019280823747F47F5747F008073BB90029194B47
S21401929018BF4FF07F43C1E7164BE2E7164B17485E
S2140192A0B9F1060F08BF03462AB90029114B18BFAA
S2140192B04FF07F43B2E7B2FA82F2C2F11F02D2B296
S2140192C09B5CDBB239B15A1ED2B2FD2A05D81B0609
S2140192D043F00403A2E7074BA0E74FF07F439DE767
S2140192E0C02100203F00C0E0001F0021E021002037
S2140192F0BC5C01200400000BB883E00FB083E00FD4
S2140193002DE9F3410446C820FFF7F6FE2B4B2C4E01
S21401931018780E2801D0FF2C05D1FF243470204682
S21401932002B0BDE8F08102282DD1072C204628BFC7
S214019330072001284FF0000301AA0DF1030138BFF1
S2140193400120FFF755FF05461E4B1F4FDDF8048031
S214019350C3F85881C7F8C8509DF8034034702046BA
S214019360FFF7CAFE194A4FEA082303F4E0631278AE
S21401937043EA1863A7F8D030002AD0D1C7F8CC50FA
S214019380A7F8D230CBE7A0B9052C32BF00270127BA
S2140193900420201A3B4601AA0DF10301C0B2FFF7D3
S2140193A027FF4FF48003054637B1094AC2F8083152
S2140193B0CAE700273846ECE7064AF7E7C02100204F
S2140193C0E221002000400840001F0021BB5C012074
S2140193D0004008460040084408B501F0E1FA094B90
S2140193E0094A002818BF1A46136823F47F115B0840
S2140193F003F4FE130B431360044B4FF00072DA6163
S21401940008BD00BF00410840184108400040084020
S21401941008B501F0C5FA064B4FF4001228B1C3F89F
S21401942000214FF000621A6208BDC3F81821F8E760
S21401943000400844014B1868704700BF805901205E
S214019440436C012B38BF01232DE9F0479A46464B62
S214019450464F9B69464E474D03F4E073A3F5C07231
S214019460804645485142514102685245434A0FD110
S21401947014788C420CD198F8D0C03C78A44507D11A
S21401948098F815C03478A44502D1A888BDE8F087BD
S214019490B3F5C07FC0F800A011704AD1D8F8944047
S2140194A024B12368082B58D994F838400F21204658
S2140194B00BF0E0FDBAFA8AF3002852D0B0FA80F237
S2140194C09B1A002BC6BFD840C3F10F094FF00F09F6
S2140194D0504501D909F1FF39234B2004C3F8BC00DC
S2140194E003F1806340F6FF72C3F8B82003F10073FE
S2140194F04FEA0921C3F8B8100BF0EDFDA88000F083
S2140195008DFE09F01F094FF4FA7304FA09F45C435F
S21401951041F66A03B0FBF3F00A23B4FBF0F45C43B4
S214019520174B1C6098F8D0303B7098F815303370A4
S214019530ABE798F8D030062B06D1124B1B78002BE0
S2140195400CBF9624C824B1E7022B08D00D4B1B781C
S214019550002B0CBFB424F024A8E70024A6E732248D
S214019560A4E74FF00F09B7E700600840DF210020AD
S214019570DE210020C021002008210020BE5C012041
S21401958080590120BC5C0120FF290DD00F4B1048EB
S214019590C3F850010B04090501F0F87103F4E02348
S2140195A00B430C49C1F85031FF2A0DD0074B40F24E
S2140195B0F711C3F85011130103F4F87302F0070210
S2140195C01343044AC2F85031002070470040084453
S2140195D00000F70100400846F8B5134B134E1F680C
S2140195E0134D384601F0C8F93378C4B2A34201D10D
S2140195F02B78A3B1092C14D80E4B012C195D05D17B
S2140196000D4B1B78022B01D141F0400101F00F02F6
S21401961038460909FFF7B8FF002334702B70002085
S214019620F8BD0024FA21F1E72C590120BA5C01208B
S214019630B95C012074A60200C021002038B504469A
S21401964000F094FD142200212E480CF06BF92E4BED
S21401965025781A782D49521B18BF01220A702268F4
S2140196601A60C820A2889A80FFF746FD284BD3F8D7
S214019670C820284BFF211970274B2849062D03EADD
S2140196800203274A1AD14FF4EE40C2F824014FF4E0
S2140196908A42C1F82421012243F08043C1F82021E7
S2140196A01B4AC2F8C8301E4B0322C3F85821FFF7E5
S2140196B093FF1C4B01221A70002038BD022D4FF07B
S2140196C007000ED1C2F80C010620C1F80C0116499C
S2140196D0C2F808114FF4404143F00303C2F80411E5
S2140196E0DEE7C2F80C010520C1F80C01C020C2F863
S2140196F0080143F08043812243F00403C1F80821A6
S214019700CEE700BFC81F0021C0210020B95C0120A0
S214019710001F0021E22100202800C0A000400846CA
S21401972000400844BD5C0120C1004000014B187098
S214019730704700BFBC5C01202DE9F0472D4C2E4B35
S214019740236000F06BFD4FF4FA7307464FF47A7608
S214019750B0FBF6F629482A4A7343190E1B0218185D
S21401976041F10001002305F0DBFAA0F58073054600
S214019770A36220B966222B21FEF71CFB01254FF4BC
S2140197807A726A434FF0000A53465008310205F0D8
S214019790C7FA1C4B19601C4BB7F57A7F4FEA056870
S2140197A08946044618604FEA152505D276222B21F4
S2140197B05046FEF7FFFA01264FF47A73A8FB030121
S2140197C003FB05117308C01841F10001002332465E
S2140197D005F0A6FA0D4B023419600D4B49F100094C
S2140197E0A408186044EA8974024B013C1C63BDE876
S2140197F0F08700BF005008400211010020A10700B9
S21401980040420F00905901208C59012088590120AF
S21401981084590120044B4FF00052C3F880211A608E
S214019820024B01225A60704700E100E000500840F8
S214019830074B4FF00052C3F88021C3F88020BFF3D6
S2140198404F8FBFF36F8F034B04225A60704700BFE0
S21401985000E100E00050084010B50446A242A2EB29
S2140198600000A3EB010104D2034B1B6B0133184428
S214019870013901F0030110BD0050084038B502015E
S2140198800A4B01259D500A4A4FF480738340536664
S214019890044607F02BFB074A1378A54023EA050385
S2140198A01370BDE8384007F025BB00BF00510844DF
S2140198B000500840BF5C01202DE9F04715460446DC
S2140198C088461E4607F012FB022D00F0B8800746B8
S2140198D007F01BFB6C4B6D4AD3F8189092F815A055
S2140198E0DA6D5FFA8AFA520744BFD3F818900AF184
S2140198F0010A07F010FB664B664A1B6811684FEABF
S2140199008A7CA3FB093213F1004301FB09CCD8F88A
S21401991000304CEB020C012D04BF01336344ACEB69
S214019920030C08BFC8F80030BCF1804F0AF0030AE8
S214019930C0F09880584AD2F800C0584AD2F800E0E1
S214019940514A23F04041106B4FF000480022ECFBD7
S21401995001820EFB012282424FEA937381BF0133DB
S2140199600130121A03F00303A3EB0A03914588BFE3
S2140199704549DFF848C184BF096B03F1FF3303F0A3
S21401998003030CF80430A2EB0900A3B1F10742BFB0
S214019990434B41F61F71D966B30742BF404B41495D
S2140199A0D966710742BF384B00211967330742BF9A
S2140199B0354B00211965344B04F1100103EB041EED
S2140199C00901CEF80C2111225A5037499A694FF0F5
S2140199D0010EA2EB090A0EFA04F8D3F85C900A7895
S2140199E05FFA88F848EA020282450A7026D34FF4E5
S2140199F08072A24019EA020F20D11CF80400002848
S214019A003FD10DB3F0071A6608D5254B274941F615
S214019A101F7240F20110DA66C866DA66B10706D52B
S214019A201F4B22491F4A2248DA66C866DA66720761
S214019A3042BF204B01229A60330719D4384607F0FB
S214019A4059FA0120BDE8F0871B48240140F804E0DC
S214019A505A6607F04BFA14490B7823EA08030B7091
S214019A6007F048FA384607F045FA0020BDE8F087C7
S214019A70212000F0B9FA044B4FF480325A60384680
S214019A80DDE71A663846DAE700500840F859012043
S214019A9084590120885901208C59012090590120B0
S214019AA00050084400001F1FBF5C012000500846FC
S214019AB0000001010040084000510844C05C01203C
S214019AC0024B1878003818BF01207047BF5C012090
S214019AD01030034B0001185800F00100704700BF1A
S214019AE0005008401030044B01F46001000141F0C1
S214019AF003011950704700BF0050084038B507F001
S214019B0004FA084B084A9D69547DDA6D520748BF2E
S214019B109D69E4B248BF013407F0FDF9284604F018
S214019B20030138BD00500840F859012038B50B4BE9
S214019B3003EB001210300001D2F80C411D58FFF75C
S214019B40DDFFAB0706D5844200D90139204601F076
S214019B50030138BD844238BF0131F7E700500840A1
S214019B6070B5184CE66B26BB202000F03DFA164B6C
S214019B7010251D6002F010FC144B8022C3F88021D2
S214019B8001F002FD38B132460020082102F08AFDBC
S214019B900F4B65669D660F4A536803F07063B3F119
S214019BA0807FF9D9074B0C4ADA6641F201421A67FF
S214019BB070BD01F0E9FC0028F4D0054A074B636646
S214019BC09366EFE7005008400040084600E100E0D9
S214019BD00050084600400840011B01181000000212
S214019BE008B5212000F000FA024B4FF480325A608B
S214019BF008BD00BF0050084008B5222000F0F4F967
S214019C00024B4FF480225A6008BD00BF0050084046
S214019C10064B1B68434303EB8171054B1B68A3FB93
S214019C20003013F1004341EB0000704788590120D2
S214019C30845901200D4A10B5146820F040430146AE
S214019C404FF000420020E4FB0320094A126802FBA1
S214019C500300084B1B6B98424FEA917104D90133FC
S214019C600131C01A01F0030110BD00BF8C5901205B
S214019C709059012000500840F8B5064603F068FFE9
S214019C80044608B1FFF7D4FD084D094F00232B61A8
S214019C9030466B61AB617B75FFF7CCFFC9B2797556
S214019CA0A8610CB1FFF7B6FD0020F8BD00500840D2
S214019CB0F85901202DE9F041224F0646386820F474
S214019CC0700040F4A00038609DF81C401D1E9DF8F1
S214019CD018304FEA042444EA036444EA021408BF35
S214019CE0002144EA05440C43FC64D7F82C80B8F5FF
S214019CF0803F40F2B5224FF018012CBF0020012012
S214019D00FEF758F8C7F83880CDB10F4BB468D3F8D2
S214019D108030412C38BF41245B0606D500F014FB89
S214019D2018B10A4BB3FBF0F31C442046FFF782FF41
S214019D3001308045034B3ABF0022DA63D863BDE8A1
S214019D40F08100BF005008400070084000093D0047
S214019D50F8B5184DAB691B04044626D500F0B0FBD8
S214019D60AB6913F0787FA0FB04464FEA9367C3F311
S214019D704450C3F3044505D140F25E422B21FEF761
S214019D8019F80120AD01B5FBF0F010EB871005D1F5
S214019D9040F263422B21FEF70DF801200246002314
S214019DA02046314604F0BCFFF8BD00F0CDFAA0FB1A
S214019DB00401F9E70070084030B50C4C024601205A
S214019DC0A0F12003C0F1200524FA05F504FA03F3F7
S214019DD02B4304FA00F595428B4100D330BD0F2882
S214019DE001D00130ECE7FF20F8E700BF40420F004A
S214019DF010B50C46FFF7ACFFC30943EA4163C01A2E
S214019E0061EBD111FFF7D8FFFF2814D00C4B0F22BE
S214019E10C3F8802003F1007340F01000C3F88000FF
S214019E2003F17A439B69DBB2802B06D02046BDE85E
S214019E30104000F031BB012010BD0220FCE700BF3E
S214019E40007008443B4B082270B501210546C3F853
S214019E50C8203948394CEEF7CFFE394B1D702378B0
S214019E60013B012B0CD8237CE07B01229A400C217C
S214019E70302313FB001303F1884303F520431A60D4
S214019E80304B00225A677DB92F4A4FF6FF71D167D2
S214019E9002F10072F821D1675D672C4B4FF08042CA
S214019EA0C3F89420002070BD636853B300F0B6F980
S214019EB0626800EB5203B3FBF2F3013B1B0243F073
S214019EC0F80326782049224A022E1CD0032E1D486C
S214019ED04FF6FF7521D0012E27D143F00203CD673F
S214019EE0D36707234367237CE07B01229A400C213A
S214019EF0302313FB001303F18C4303F520431A6050
S214019F0011E0F823DDE743F001034FF6FF70C86761
S214019F10D3670C4B05225A67E5E743F00503CD6787
S214019F20D367012343670B4BB8E7CD67D36700239D
S214019F30F8E700BF00400E4600350A00945901209C
S214019F40C55C0120000008400000084400400844A9
S214019F500000084600400846F8B5064604460FCEFF
S214019F601C4F3D460FC533682B601B4B1B48082210
S214019F70C3F8C8200121EEF73FFE194A00235367B4
S214019F80A37BE17A1B0443EA0123217A0B439367FF
S214019F903B78032B1BD8DFE803F01402080E617B25
S214019FA0207B00230422F0F7C3F8217CE07B00230A
S214019FB00422F0F7BDF8A17A607A01230422F0F7B3
S214019FC0B7F8084B1878BDE8F840FFF73BBF01200B
S214019FD0F8BD00BF9459012000400E4600350A0026
S214019FE000000840C55C0120044BD3F89430002BD8
S214019FF0BCBF034BC3F88000704700BF0040084059
S21401A0000000084008B5064B06491A684FF0045090
S21401A01092000BF0C0FBBDE8084000F0BDBF00BFDA
S21401A020B8A60200BCA6020070B50C68651C15D067
S21401A030C4F302669E42C4F3074530D1A4B29442EB
S21401A0402DD804EB8506B24229D2141BA50824F0AC
S21401A05003040E59340F04D0012C09D00022012329
S21401A06003E06B1C51F8232000230260037170BDCE
S21401A0700D4C34F8133042EA03431A686B1C51F84E
S21401A080234001EB830122404B685E4036F070446A
S21401A090EAD11B0F032B04BF8B681A43E4E7013593
S21401A0A001EB8501C1E700BF86A6020007B501A83E
S21401A0B0F0F76AFB134B144AC3F8442148F2E672E0
S21401A0C0C3F838214FF40862C3F834210F4AC3F8A5
S21401A0D0A0200F4A4AF63F41916002F580424FF0B8
S21401A0E0C07191620022C3F8FC200A4AC3F89C2082
S21401A0F0094B7F225A6203F1007323225A6203B08E
S21401A1005DF804FB00400840C0E653517A27000F73
S21401A11000300840806D6303003008440F4B002276
S21401A12010B5C3F88820C3F88C20C3F890200C4AD9
S21401A1300121D1605A6812F0706FFBD14FF00452C2
S21401A140DA67012402F5FD52C3F880401A66054B12
S21401A1501B689847044BDC6010BD00BF00400840F8
S21401A160004008460C21002000400844034BFD2215
S21401A170C3F8C8200122C3F8CC20704700400E4621
S21401A18038B5FFF7F3FF1B4B1B481C4C1C4902223A
S21401A190C3F8C8201B4B1A6842B102EA0005A54263
S21401A1A004BF5D68156008338B42F4D1164B02225A
S21401A1B0C3F8C820154B164AD3F83C111160154A4E
S21401A1C0C3F8942000F08AFCFFF770FF124B0322BD
S21401A1D0C3F8D820A3F500530122C3F894204FF406
S21401A1E06072DA604FF04072C3F8F820C3F81021AD
S21401A1F038BD00BF00400E460000FFFF00000840CB
S21401A200B081E00F0080E00F00400E44004008409F
S21401A210102100200048F0000060084608B5EDF760
S21401A220CFFC044BD3F81031C3F308230133B0FB42
S21401A230F3F008BD00400E4070B5044618B1284D35
S21401A2402268531C00D170BDC2F30063110C35F8AF
S21401A250130011F0FE0F93B243EA0043606818D072
S21401A2600434CAB2022A216808D9D4E90160033A43
S21401A270C3E9001698600C340C33F3E704D1626826
S21401A280C3E900120834DBE7012AD9D10434196086
S21401A290D6E7120F072AF5D8DFE802F00704090D02
S21401A2A01013181DC04303F180631860EAE71A68AB
S21401A2B042401A60E6E703F1C063F6E70AF039FFA9
S21401A2C0E0E70122824003F1C063F2E70122824007
S21401A2D003F18063EDE71A6830EA0202FBD1D1E7A9
S21401A2E086A60200024B0122C3F89420704700BFE5
S21401A2F000400846024B0122C3F89420704700BF75
S21401A30000400844024B4022C3F89420704700BF27
S21401A31000400844024B4022C3F89420704700BF17
S21401A32000400846064B5B68C3F30363984206D1B8
S21401A330044A936B23F0F00343EA011191637047DB
S21401A34000400840001F00211F4B1B68D3F89430C3
S21401A35070B52BB11A680A2A02D91C6C204670BD4A
S21401A3601A4DAA6D6B6DC2F34544C2F3CD0101349B
S21401A370C3F3441601FB0444C3F3822103F01F0315
S21401A38006FB01335C4302F00702114B9B5C5C4306
S21401A390640004D0FFF742FF7043B0FBF4F4D5F835
S21401A3A0E430190505D513F0FF021CBFE401B4FB28
S21401A3B0F2F41A01D2D5C3F30A43002BCED0A4027D
S21401A3C0B4FBF3F4CAE700BF2C5901200060084033
S21401A3D07EA602002DE9F0470E460AF094FEDFF84D
S21401A3E0B090DFF8B0A08046002506F07FFDD9F8D2
S21401A3F00430C3F30363012B07460BD1711C1AD03B
S21401A4000AF081FEA0EB0805384606F073FDAE4261
S21401A410EBD80DE0052BF1D00B2BEFD0023B012B37
S21401A4200CD9013602D00AF06EFE384606F062FDFF
S21401A4301648BDE8F08706F05DFDD6E7DAF8083085
S21401A4401A04C3F389140FD4013602D00AF05BFE56
S21401A450384606F04FFD24B2A4F1C8006FF4FF732E
S21401A4609842B8BF1846E4E7731C03D00AF04BFEC7
S21401A470A0EB08056FEA84546FEA9454384606F058
S21401A48039FD14F5007FC2D0E6E700BF00FEFFFFEE
S21401A490004008400070084010F1800F04D04D289D
S21401A4A0DABF323040B27F20044BFF229A6103F1BB
S21401A4B00073C0B298610020704700BF0070084466
S21401A4C00B4B0C499A6D70B502F007029E6D8C5CC1
S21401A4D09D6DFFF7A3FEC6F3CD0606FB0444C5F348
S21401A4E0454505FB04448001B0FBF4F070BD00BF98
S21401A4F0006008407EA60200084910B5D1F8703108
S21401A50040B11C464A68D1F870319C42F9D1C2F379
S21401A5100362027003F00F0010BD00BF0040084048
S21401A520094BD3F8883001F0800103F480030B4314
S21401A53009D1064B4FF400129A61837F1BB1044B7D
S21401A5400122C3F8F8207047004008400060084424
S21401A55000600846144B197829BB144A9069586064
S21401A560D2F880009860D26DDA60114A506818619E
S21401A570506B5861D2F8A0009861D2F8A400D86157
S21401A580906A1862D06A5862126B9A62094AD2F8C7
S21401A590B820DA6201221A70074B084AD3F8BC0EBB
S21401A5A01060C3F8BC1E7047AC590120006008401B
S21401A5B0000008400040084000100021A859012072
S21401A5C0184B1A78002A2CD0174A59689161996855
S21401A5D0C2F88010D968D165A2F5C04219695160E8
S21401A5E0596951639969C2F8A010D969C2F8A410D3
S21401A5F0196A9162596AD162996A116302F58042B9
S21401A600D96AC2F8B810094A0121116402F1007230
S21401A6101021D16700221A70054B1A68054BC3F842
S21401A620BC2E7047AC590120006008400000084469
S21401A630A85901200010002120B9144B4FF47002D4
S21401A640C3F8B820124A936903F4E071C02913D005
S21401A65003F0C003802B15D10E4B0F4ADA6503F1C8
S21401A6607E433022DA650D4B05225A600C4A0123DF
S21401A67013640C4A9360704723F4E07343F080033D
S21401A6809361E9E70023C2F88030E5E7004008441B
S21401A69000600840006008460F00FFFF0000084009
S21401A6A00000084600400840012801D0042823D1B4
S21401A6B0154BD3F8A02022F48042C3F8A020D3F88B
S21401A6C0A42022F48042C3F8A42001225A63242243
S21401A6D09A624FF48072DA624FF49C721A6303F145
S21401A6E080631022DA67084B05225A60074A012365
S21401A6F01364074A93607047064B3F22DA6503F1FD
S21401A7000073054ADA65EEE70000084000000846D7
S21401A71000400840006008441200FFFF10B506F034
S21401A720E5FB084B1B6804463BB1984728B100225D
S21401A73000204FF4806100F061FD2046BDE8104026
S21401A74006F0D8BBDC5901202DE9F0411F4CDFF89B
S21401A7509080069F0646A2FB03502C1960F1000E5E
S21401A7609C46A0454FF0000373EB0E0E07D24FF444
S21401A770B4720E211846FDF71DFB02201BE00029CE
S21401A780FBD0C6F3130601EB5C04B4FBFCF4A4FB9C
S21401A7900646E40C44EA46340D4E34600D4C226005
S21401A7A00D4A914209D10D4AA5FB025302FB003323
S21401A7B09B093B600020BDE8F081C4040A46E8041A
S21401A7C044EA553104F0ACFA3860F3E700C9E8769C
S21401A7D0E0590120E459012000F049020A3BB2DFAA
S21401A7E00046C32338B5164D2B780C4623B9154BB6
S21401A7F01B6D03F03F032B70134BD3F894305B05AE
S21401A8001CD5124BB0FBF3F040F24D534343A3F576
S21401A81046430C3B584300F5C91000F5556028B96E
S21401A82040F21B322B21FDF7C5FA01202B78084A8E
S21401A8305343B3FBF0F30020236038BD0220FCE74E
S21401A840C95C0120003008400040084000366E0117
S21401A8508096980070B5374C374B256B374C1B6884
S21401A8602468ED024CBF1B191B1BB3F1804F04D8A3
S21401A870002B3AD1324E1C460AE0B3FA83F4314E2D
S21401A880C4F10204E340304DAB4201D901345B0808
S21401A89003EB5605B5FBF6F52C4EB34234BF002646
S21401A8A001262403013D44EA86242C430C60D8B1DA
S21401A8B0B3FBF0F1642400FB11336343984288BF75
S21401A8C001F1FF314808013801390728204D214C94
S21401A8D04FEA510311D9002129700621C4F89410BA
S21401A8E01B0243EA0013136070BDB3FA83F4D4F17C
S21401A8F00204134EC6D50024C5E71029EBD068B173
S21401A900012129700621C4F89410134909780029F9
S21401A910E6D012490224C1F89440E1E7012914BFA8
S21401A9200121002129704FF00601C4F89410ECD1E2
S21401A930D6E700BF00300840E4590120E059012065
S21401A940E0673500C0CF6A003FBE4025401B5F135D
S21401A950C65C012000400844C75C01200040084650
S21401A960014B1868704700BFE4590120014B186875
S21401A970704700BFE0590120084B5B6B03F00700EE
S21401A980C3F3C20213F0380F18BF5043C3F3821249
S21401A99013F4E07F18BF5043704700BF00300840F3
S21401A9A0034BD3F8380180F01000C0F30010704755
S21401A9B000400840174B4FF4002210B5C3F894200E
S21401A9C0154C164BB0F1804F88BF1C46144BDA6C01
S21401A9D0D2071DD51B6F134A04F5F42404F59074B1
S21401A9E0B4FBF2F4033CE4B203F00703A34202D043
S21401A9F02046EFF7A7FA0C4B1B784BB10B4B4FF4E5
S21401AA007022C3F8942003F100732404C3F8944021
S21401AA1010BD00BF00400846E0673500C0CF6A00A1
S21401AA2000300E4040420F00C85C01200040084440
S21401AA307FB50446EDF702F91C4B06462C335868E1
S21401AA400093A37922683146FFF77EFE054648BB90
S21401AA50A379012B14BF164916491022C1F83821D3
S21401AA60206815495843FFF7BDFE03AA02A93046E0
S21401AA70FFF7F0FE0F4A43F6FF53C2F8A4300C4B23
S21401AA800299C3F8A4104FF4EE611163039A1A6396
S21401AA902068FFF78FFF094BA2881A6203F540531F
S21401AAA000229A63284604B070BD00BF00300840FB
S21401AAB00040084600400844503008400000084066
S21401AAC008B5044B01221A70034B1868FFF772FF92
S21401AAD0002008BDC85C0120E4590120024B4FF458
S21401AAE08062C3F894207047004008460D4BD3F8A7
S21401AAF00421D3F8B030D2B2FF2A03D043F3074380
S21401AB00591C01D190221923074903EBD37302EB99
S21401AB106302022381F84630232381F8472081F817
S21401AB20453070470081E00F001F0021044A53683A
S21401AB30C3F30363022B04BF802393600020704796
S21401AB400040084040B10368012B05D90069034B5A
S21401AB50002808BF18467047004870478CA60200B8
S21401AB6038B5054614480C46FFF764F82DB1C30105
S21401AB7003EB5503B3FBF5F32360104A5368D80281
S21401AB8017D40F4B1B68D2F8A810C3F3810311F436
S21401AB90806203F10103C9B218BFDA00FF2906D0AB
S21401ABA00649D1F8AC10490501D502EBC302626033
S21401ABB038BD0022FBE700BF40420F0000000840FE
S21401ABC000200840084B1A68C117A2FB000310F1C9
S21401ABD0807002FB013343F10003400E40EAC310CC
S21401ABE0803820EAE0707047EC590120174B0722A5
S21401ABF070B5C3F88420FFF711FB154B154A164EA6
S21401AC00C408010B0546E005C01841F10001002308
S21401AC1004F086F8114B18604EF66020FFF7D2FF5D
S21401AC204042C6F89C000E48FFF704F8024658B1A9
S21401AC30E301500818184FEA15714FF0000341F16F
S21401AC40000104F06DF8706770BD00BF0040084059
S21401AC50B2E60E0065CD1D00001F0021EC59012053
S21401AC6040420F002DE9F843054608469846FFF78F
S21401AC7069FF16460746002D00F0A98018F0050F5B
S21401AC805DD02C69002C00F0A480FEF7D3FB4FF4B6
S21401AC907A735C43201A7B68A0F6AC50C01AFFF7A3
S21401ACA091FFAC8B3062002C00F09680FEF7C2FB61
S21401ACB04FF47A735C43201A7B68A0F6AC50C01A36
S21401ACC0FFF780FF70614A4BEC68D3F80090002CC8
S21401ACD000F08580FEF7AEFB4FF47A735C43241ACE
S21401ACE07B68A4F6AC54E41A3B68E41A414B1A6834
S21401ACF0E117A2FB044314F1807402FB013343F114
S21401AD000003640E44EAC314803C3B4BB4613B4CE5
S21401AD10D3F88430F36123684BB148460AF080FCCF
S21401AD2028B12368D9F84800324639469847AC69B5
S21401AD30FEF780FB014620460AF05AFAF06218F048
S21401AD40020F29D06B684FF47A7058435BB13B68A9
S21401AD5003F51C5310331844AB7F002B46F2A8139F
S21401AD6008BF00231844FFF72DFF6B69B062002B64
S21401AD7038D078684FF47A7202FB0300AB7FA0F5F7
S21401AD800350002BA0F1100046F2A81308BF0023C1
S21401AD90C01AFFF717FF706218F0040F17D0A868E3
S21401ADA018B34FF47A735843A0F503501038FFF7E1
S21401ADB009FFF0602B684FF47A70584323B13B6863
S21401ADC003F51C5310331844FFF7FCFE3061BDE851
S21401ADD0F8834CF2503062E74CF2503070E74CF298
S21401ADE0503483E747F23050D3E747F23050DEE77E
S21401ADF02C590120EC590120001F0021E85901209F
S21401AE0010B508461C460AF085F9094B0246D3F8E8
S21401AE10F800FFF797FE0368A018002B054AA8BFA5
S21401AE204FF4FA721A44044B92FBF3F2104410BD2D
S21401AE30001F00210CFEFFFF18FCFFFF094B10B599
S21401AE400246D3F8F800FFF77DFE044610460AF0E6
S21401AE5061F963684FF47A7203F5FA7393FBF2F3C0
S21401AE60184410BD001F00212DE9F04F384C0A464A
S21401AE7085B00D46002181460AF054FDD4F8C8304D
S21401AE8043F06C029A4204D00025284605B0BDE87E
S21401AE90F08F304BDB68D907F6D4FCF797FD002816
S21401AEA0F2D0D4F81061C6F30826002EECD12A4C55
S21401AEB02A4BD3F81880D4F884300193284B4FF0EE
S21401AEC060529A6103F100734FF000629A61242385
S21401AED0C4F88430234B04221A604FF4804A4FF49E
S21401AEE08053C4F868A0B3466362AB4512D31E4BC9
S21401AEF004221A60184A019BC2F88430184B4FF09E
S21401AF006051996108EA010318498B614FF4804347
S21401AF109366BAE7226E5204FCD52268D305F9D5AA
S21401AF20C4F868A00136D4F888200392012EDCD933
S21401AF30A5EB0B07042FA8BF04273A4609EB0B0025
S21401AF4003A95F440AF027FC1FFA87FBCDE700BF81
S21401AF5000400E40004008400000084000600840E5
S21401AF600060084400400846004008440060084667
S21401AF70074BD3F8D8304FF604014FF605029BB2C3
S21401AF808B4208BF1346034A01209365704700BFF2
S21401AF900081E00F0050084070B5194C0FCC86B008
S21401AFA001AD0FC5C822236816482B6000210AF0A0
S21401AFB0B9FC7C22002114480AF0B4FC134B144A55
S21401AFC0C3F8F020FFF792FD124B1B782BB101ADB1
S21401AFD00FCD0B4E0FC62B6823600F4B0F4AC3F8DD
S21401AFE0DC2F0F4AC3F8E02F0E4AC3F8E42F02F114
S21401AFF0957202F27112C3F8E82F06B070BD00BF59
S21401B000C81F0021381F0021BC1E0021001F00217F
S21401B0103F003700BD5C01200010002102006202E3
S21401B02009C805780708DC060A4B197801F0FF0203
S21401B03029B10021197008499202C1F8A020597857
S21401B04001F0FF0229B1002159709302024AC2F8A9
S21401B050A4307047CA5C012000000846074BD3F8AD
S21401B060E40E074BD3F88C301A0103D4054B1B6E44
S21401B0701B0401D500F58070704700BF0010002149
S21401B080004008400000084008B505F02FFF0F4BB0
S21401B0901A78B2B90E4A126812F4843F11D10D4AD9
S21401B0A01021C2F894101B786BB9094B1B68DB059D
S21401B0B009D4084B2022C3F89420BDE8084005F0C7
S21401B0C019BF054AECE7044BF4E700BFCE5C01204C
S21401B0D030240020004008440040084610B505F022
S21401B0E005FF0E2104460320FFF71CF9044B40F22E
S21401B0F0012220465A62BDE8104005F0FBBE00BFA3
S21401B10000000840044B00221A70044B197811B154
S21401B1101A70FFF7B9BF7047CD5C0120CE5C0120E5
S21401B12008B505F0E3FE244B4FF08052C3F88020AB
S21401B130BFF34F8FBFF36F8F4FF48072C3F8802039
S21401B140BFF34F8FBFF36F8F0222C3F88020BFF388
S21401B1504F8FBFF36F8F1022C3F88020BFF34F8F3E
S21401B160BFF36F8F2022C3F88020BFF34F8FBFF34A
S21401B1706F8F4FF00052C3F88020BFF34F8FBFF39D
S21401B1806F8F8022C3F88020BFF34F8FBFF36F8F7E
S21401B1904022C3F88020BFF34F8FBFF36F8F4FF06D
S21401B1A00042C3F88020BFF34F8FBFF36F8FBDE817
S21401B1B0084005F09FBE00BF00E100E008B505F0BD
S21401B1C095FE0D4B4FF080521A604FF480721A6054
S21401B1D002221A60002283F8012310221A6020221C
S21401B1E01A604FF000521A6080221A6040221A60DC
S21401B1F0BDE8084005F07EBE00E100E070B5084CF1
S21401B20001232370074B1E68074BD3E900533240D6
S21401B2101940284001F046FA0023237070BD00BF94
S21401B220CC5C0120F4590120302400202DE9F047A0
S21401B230DDF820A003EA0108099B06460D4602EA4E
S21401B240000703EA0A09BAF1000F40F04981031F1B
S21401B2500B4300F00F81052871F1000380F0E380B5
S21401B26050EA010300F05C81431E0B4300F01D8190
S21401B270FFF756FFAB4AD2E9004323EA050324EA67
S21401B28006043C4343EA0807A74BA84D1E68DFF8AF
S21401B290EC8226EA0A0646EA09061E60C2E900476B
S21401B2A0FFF7F2FE14F02A4F14BF48F202034FF4E0
S21401B2B00043B0079E48C26E48BF43F4005383EA7A
S21401B2C0020122EA0302EA669A4A81660B40D366C5
S21401B2D0C4F380421203210348BF42F48072E3069E
S21401B2E048BF42F40052A50648BF42F40072600609
S21401B2F09148924DD0F80C3248BF42F48062210644
S21401B30048BF42F4006282EA030123EA0203C5F859
S21401B3100C328B4BC0F808120A40C7F34025AD0427
S21401B320C3F80C22E20448BF45F48035A30348BFA6
S21401B33045F48015A00748BF45F4001514F4001F16
S21401B34006D0D8F800000AF0D6F908B945F4002569
S21401B350E1027C497C4848BF45F40035FA0648BFFF
S21401B36045F480050A6A730748BF45F0040585EA77
S21401B370020323F001031A4002621D40CB61734BA6
S21401B38073481D62734B744A16F0010F18BF1A46B4
S21401B390836E7D0748BF42F40012704D82EA0301B6
S21401B3A023EA0203AB666E4B41660A4000F5005085
S21401B3B09A66C16B04F0010305F5005581EA0302A4
S21401B3C021EA0301E96382631A40664BDA63D8F81F
S21401B3D00020200248BF644B92F8E92058BF634B17
S21401B3E0610748BF43F4806322B114F4C06F18BFED
S21401B3F043F480735E485F4CD0F8EC10320748BFC8
S21401B40043F0004383EA010222F4A0221140C4F86B
S21401B410EC101340C0F8E820574ABDE8F047C2F8E0
S21401B420EC30FFF7CBBEA0F580630B4306D020F4CB
S21401B4308063A3F500730B437FF41AAF05F056FD46
S21401B4403849D1E9003223EA060322EA050242EA34
S21401B45008023B43C1E90032484A126892F8E920E3
S21401B4600AB313F4C06F1ED0434B4FF48072C3F877
S21401B470EC2014E005F03AFD2A4AD2E9003123F027
S21401B48004033B4341EA080157EA0807C2E90031D1
S21401B49014BF394A374A4FF48063C2F8EC30BDE82E
S21401B4A0F04705F027BD334BDFE705F01FFD1D4ACA
S21401B4B0D2E9003123F001033B4341EA0801C2E926
S21401B4C000312F4A57EA08074FF0010315BF93636F
S21401B4D02C4902F1C062CB6314BFD3639363DEE7EA
S21401B4E050EA01037FF4C4AEBAF1010F7FF4C0AE97
S21401B4F005F0FCFC0C4A136823F0010343EA090338
S21401B5001360134A4FF48063B9F1000F04D05366F9
S21401B51002F1C0629366C2E710498B665366BEE7C6
S21401B520BDE8F08730240020F459012000000844CB
S21401B530000008400000084600600840006008441B
S21401B54000600846004008400040084400400846A5
S21401B55000500840041C50000418500000500844D5
S21401B56000500846007008460D0A0A09090A0A0929
S21401B5700010084000100844001008462C5901200D
S21401B5800070084000700844024B5868C0F3C000C1
S21401B590704700BF30240020024B186800F00100FD
S21401B5A0704700BF30240020024B5868C0F3C030FB
S21401B5B0704700BF30240020034B1B6813F4C06F94
S21401B5C014BF0120002070473024002010B5044627
S21401B5D0FEF7D6FDFFF7A4FD04F14C00FCF758FF7B
S21401B5E0FEF79CFDFEF7A8F8FEF714F9FFF7FEFA42
S21401B5F01049114AD1F8F810072304F1A400FFF707
S21401B60031FB4FF440010020FEF76CFA4FF40011B5
S21401B6100120FEF767FAFFF7ABFC20B940F2E722FC
S21401B6201421FCF7C7FBFFF74BFABDE810400120D9
S21401B630FEF708BC001F00216C1F0021084B80226A
S21401B640C3F8882003F17E430822C3F88820054A00
S21401B650D2F8BC3E23F02003C2F8BC3E704700BFC0
S21401B660004008460010002108B505F03FFCFFF732
S21401B670E5FF034B01229A60BDE8084005F03ABC9D
S21401B68000400840F0B583B00646144602F060FA62
S21401B690002800F09B80514BDD6815F0060540F050
S21401B6A0958005F023FC23790095022B07463ED1B1
S21401B6B0237B022B35D00320FEF70AFA18B9484B34
S21401B6C05B685B047FD5A37B257B4649A268019214
S21401B6D0003B18BF0123012D0B705DD0424A434C3D
S21401B6E0002313702278002A61D13C4E0420FEF715
S21401B6F0C5F8F36E23F0F85323F4F81343F05063C0
S21401B70043F48033F3662A46022301A90420FEF798
S21401B710D3F8002852D0364B012130222170C3F8CD
S21401B7209420384605F0E6FB002003B0F0BD032068
S21401B730FEF7CEF9002846D12279D6F8AC30012A98
S21401B740226838D0D51A254B2A4A0095DA66002297
S21401B7501A67627B284B002A0CBF012200221A704E
S21401B760264B264AD3F8BC3E0CBF43F0200323F0F9
S21401B7702003C2F8BC3E0320FEF780F8174B204A90
S21401B780DA662279012369460320FEF795F8F8B1B7
S21401B7901C4B01221A708BE72379022B9ED0009B4B
S21401B7A0D6F8AC100B4413440025019396E723709A
S21401B7B0FFF76AFC99E79A42C5D3C3E70320FEF771
S21401B7C05DF80C4BF366384605F094FB0320ACE7B6
S21401B7D0384605F08FFB0120A7E700BF0050084060
S21401B7E000400840D05C0120CD5C0120CE5C0120E9
S21401B7F00040084600000101CF5C01200010002136
S21401B800010C0100D15C0120F8B5194C05462078E1
S21401B810B0FA80F040F206423E214009FCF7CAFA2F
S21401B82055B96078B0FA80F0BDE8F84040F20642BB
S21401B8303E214009FCF7BEBA0E4F0F4DD7F8A03097
S21401B8404FF44066C3F381232370C5F8A060607887
S21401B850B0FA80F040F206423E214009FCF7AAFA0F
S21401B860D7F8A430C3F381236370C5F8A460F8BD8C
S21401B870CA5C01200000084000000844F8B50B4CE3
S21401B8800B4DD4F888300B4F0423C5F88830D4F814
S21401B89088305B0300D4F8BD0426C7F88860022010
S21401B8A009F047FCC5F88860F1E700BF0040084092
S21401B8B000400846004008441C4B70B5D3F8886029
S21401B8C01B4D03F18063A822C3F8882010221A605A
S21401B8D0184A194B93666B66FFF7A6FB174B1B7846
S21401B8E013B90320FDF7CAFF00242C67FFF7C6FF34
S21401B8F0134A144BD2F8E41E0B40C2F8E43E124B36
S21401B9000422C3F88820114BB206C3F8C44008D5F8
S21401B91003F580739B6CB3F5817F22BF034B8022B6
S21401B9209A60BDE8704001F02FBF00BF004008409C
S21401B930005008400050084410000002D15C01206D
S21401B94000100021DF0000FF00400844001E002117
S21401B95010B549B918B3144A53681B0E13F00E0FED
S21401B9601DD113689A061AD4FFF7B8FB0E4C0020B7
S21401B970FEF7C2FD032801D0092806D1D4F88C3081
S21401B980DB03F4D4636F0C2BF1D9FFF777FF074B7A
S21401B9900122DA6003F17E430422C3F88820044BB7
S21401B9A04FF4C0625A6210BD00400840004008468D
S21401B9B00060084408B503210920FEF7B3FC024BDA
S21401B9C020229A6008BD00BF0040084038B50546F1
S21401B9D005F08CFA0446FCF717FD35B1FFF792FB2C
S21401B9E02046BDE8384005F085BA084B1B78002B89
S21401B9F0F6D0074B1D78002DF2D1FFF783FB2A46C0
S21401BA004FF480400021FFF7F9FBE9E7CD5C012008
S21401BA10CC5C01202DE9F84F564B0646D3F888300A
S21401BA200D461446002A40F0A28013F0A00F14BF62
S21401BA304FF001094FF00009DFF854814E4F01F035
S21401BA40A3FEA023C8F888300320FDF717FF0420C3
S21401BA50FDF714FF4FF0000AFFF754FB474BFB6658
S21401BA60C7F870A0FFF70AFF454BD3F8BC2E42F08B
S21401BA702002C3F8BC2EFF22C8F800203D4A4FF42E
S21401BA8080719160D3F8E42E3E494FF0040B1140CB
S21401BA90C3F8E41EC8F888B0C3F8C4AEFB6813F058
S21401BAA0060F04D0FEF7A8F85846FDF7E7FEB9F1F1
S21401BAB0000F08D0344B4FF40062C3F88820334B94
S21401BAC04FF400425A6666B1304B5B6C180701D4DE
S21401BAD0FFF704FBFFF76EFF0420FDF7CFFEFFF72D
S21401BAE0A3FA244BDA68D1073FD55A6812F0706F73
S21401BAF0FBD1274B274AC3F88820274A936B23F0AC
S21401BB00F003936315B12046FFF760FF234BD3F88C
S21401BB10B4305A1C01D05B0002D51D4B0122DA60FD
S21401BB201CB31A4BDA6E9A66124A136A23F00103A3
S21401BB30D3611B4BD3F80C22C3F80822A3F540535C
S21401BB40DA6F9A67A3F50053D3F8EC20C3F8E82020
S21401BB5003F5C043DA6B9A63A3F50053114A5A669C
S21401BB600B4B4FF60842C3F88820BDE8F88F4FF01C
S21401BB70000961E70040084000500840000001014C
S21401BB8000100021DF0000FF0040084600000840CA
S21401BB900040084410003000001F00210081E00F23
S21401BBA0006008405000F0029A4B196EDA6E2DE9DB
S21401BBB0F04F01EA0209C3F8689003F5805385B097
S21401BBC0D3F8E060D3F8EC201640C3F8E86003F53C
S21401BBD0A043D3F80012D3F80C2201EA020AC3F8F4
S21401BBE008A2A3F5005359691A6A01EA02088A4AAB
S21401BBF008EA0202DA61894BD3F80022910006D4E2
S21401BC00D3F800319A00C3F3407740F1E18005F0A4
S21401BC106DF9834BDA68DF6D12F0060F9A6E07EA4C
S21401BC20020727F4800222F4006214BF4FF0010BD2
S21401BC304FF0000B5A667B0704D57A4A537D0133D1
S21401BC40DBB2537505F056F9B9F1000F00F0DF804D
S21401BC5019F4004427D005F049F90146FFF7FEF92B
S21401BC606F4D0446AA69AB699A42FCD0AA69934211
S21401BC70FCD0FFF7F3F9A04240F0AC80084605F08F
S21401BC8039F9694B1C60694BD3F8885015F4E052BA
S21401BC9040F0A28024F07F4424F0DF040CB9FFF7C3
S21401BCA00BFE4FF0807419F0020F4FF0000516D00E
S21401BCB05E4B5F49D3F8883003F46042C1F88820B0
S21401BCC0002A00F09E801D0400F19E8013F4005FA0
S21401BCD00CBF4FF000534FF000631C430025C9F31F
S21401BCE040394FEA4909534B3340002B4AD016F4EA
S21401BCF0206F0AD040F60F0206210020FCF75AF802
S21401BD000020FFF763FE26F48026F00506D5484B93
S21401BD10FF221A6044F4C064FFF7E0F916F0090F39
S21401BD200AD040F6240208210020FCF743F8FFF76A
S21401BD3041FE414B01229A6216F0106F0CD040F67C
S21401BD402D0209210020FCF735F8FFF733FE00220B
S21401BD5011461046FCF730FB16F4202F0AD040F6A9
S21401BD60350207210020FCF725F80020FFF72EFEFC
S21401BD7026F48026F10301D5FCF76EFC002EB8BF31
S21401BD8049F0080972070DD52B4B5B6A13F4005F67
S21401BD9014BF2A4A2A4A4FF400531ABF536244F486
S21401BDA000045362730548BF44F0040416F4802669
S21401BDB000F0AA80FCF71AFC0138062842D8DFE812
S21401BDC010F021012401210127012A012D012D0155
S21401BDD0BB4639E7044645E70192FFF76DFD144B74
S21401BDE0019AC3F8882015F4805307D115F4806FA3
S21401BDF00CBF4FF080544FF0806454E74FF08044FE
S21401BE0051E74FF0007368E74FF0004365E74C4693
S21401BE104D4668E7000008400000F7FF00E100E03B
S21401BE2000500840F8590120F05901200040084010
S21401BE3000400844090B0B89001008400010084414
S21401BE400010084640F6660203210020FBF7B2FF09
S21401BE507C4A136ED2F8800003F0070306330121F3
S21401BE6001FA03F3C0F30C001B1A9BB2072B13D97C
S21401BE70754BD3F8883058020ED47448136B126D84
S21401BE80C06C58B103F0070306339940C2F30C03A4
S21401BE90C91A89B2072901D844F400746C4B1B787F
S21401BEA0002B31D0674BD3F8E03013F4A02F2BD101
S21401BEB0684B694A1B7893B9FB0410D4137873B1A5
S21401BEC0E308664943EA457383F00103D1F8E41EAB
S21401BED003F001035B0021FA03F3980714D1042051
S21401BEE0FDF7CCFC5E4B5F49D966FFF70BF95A4A62
S21401BEF013782BB95C4B5D4A1B682340134201D172
S21401BF0044F4804427F48057BAF1000F1DD01AF488
S21401BF10805F18BF44F480241AF4807F18BF44F46D
S21401BF2000241AF4005F18BF44F010041AF4007FCE
S21401BF3018BF44F020041AF4806F18BF44F0400480
S21401BF401AF4006F18BF44F08004B8F1000F3BD01C
S21401BF5018F4802F18BF45F4007518F4803F18BFF9
S21401BF6044F4805418F4801F18BF44F4003418F4C5
S21401BF70001F18BF44F0020418F4003F18BF44F431
S21401BF80801418F4800F18BF45F0100518F4002F20
S21401BF901AD0324BD3F8BC3E13F0C00F14D02A4B44
S21401BFA05A68C2F30362032A01D0072A07D1D3F8DD
S21401BFB08C20D10603D4D3F89020120731D54FF444
S21401BFC00022DA6128F40028002F00F00D813805E0
S21401BFD040F18180264ADFF888A0D378002B4DD027
S21401BFE0013B4FF40061DBB2CAF86410D37033B979
S21401BFF0204B1B78C3B1204B40F60142DA66002382
S21401C000002266E044F4803422E744F400641FE72B
S21401C01044F480641CE744F4807419E744F008048F
S21401C02016E744F40014CFE7DAF8703013F4A05F93
S21401C03015BF4FF4807340F60143CAF85030CAF872
S21401C0407030DCE70010084000400840000008405F
S21401C050CE5C0120CD5C0120CF5C012000100021C8
S21401C060005008400000010130240020088D010026
S21401C070C05C0120D15C0120005008460320FDF77A
S21401C080FDFBDAF80C30A848A84913F0060F02BFEA
S21401C090A74B41F61F72DA664FF40063CAF86430A4
S21401C0A0DAF80C3013F0060308BFCAF87030C38AFA
S21401C0B013F4006260D023F40063C3820B7803F0AC
S21401C0C0FF0A002B5CD1FDF797FDFFF7F5FB534602
S21401C0D020221C431543B9010BD52E20FDF784FF02
S21401C0E0934A4FF00073936602F17C4245F00805CF
S21401C0F05366FA0608D52B20FDF776FF8C4A1023E7
S21401C100936602F17C42536617F4E00F05D1FB04F7
S21401C1105ED5BBF1000F00F0AC80B80210D5292027
S21401C120FDF762FFFFF730FA40B18249824A834B3E
S21401C13053668B6682494968490424D445F0040550
S21401C14017F4800BDFF8F0A129D00420FDF796FB49
S21401C1502720FDF749FFFFF7AFFB4FF48003CAF82E
S21401C1606430784BD3F8E42E50067CD4764B02220A
S21401C1701A6045F0020528E00B784FF40053A8E753
S21401C1804FF400433CE76A4920208B665366FDF76F
S21401C1902BFF2D2045F00C05FDF726FFD0E7FA0210
S21401C1A04CD50420FDF76AFB2820FDF71DFFDAF8C1
S21401C1B07030002B3FD1FFF77FFB5D4A5F4B9366E4
S21401C1C002F17C4245F0010553665B4B00221A657D
S21401C1D07B0509D55D4A9378002B00F09880013BDA
S21401C1E09370002349EA03094A4620462946FFF789
S21401C1F005F80EB1FCF722FA18F4002F00F08C8037
S21401C2004F4B4FF40022DA6118F0206F00F088805F
S21401C21018F0007F01D0FDF7DFF818F0006F01D0AD
S21401C220FDF7F6F8002200204FF4006105B0BDE8E6
S21401C230F04FFEF7E3BFCAF870B0BEE7FB04C4D503
S21401C2400420FDF71BFB424BCAF86C30FDF7D4FC0B
S21401C250DAF85C3013F4A00FB7D12A20FDF7C4FE3C
S21401C260FFF72AFB7DE7D3F8BC3E990681D4394B0C
S21401C2707DE7364A13794BB1013BDBB2137113B933
S21401C2802C4B354ADA6600231C43A1E70420FDF750
S21401C290F5FA0320FDF7F2FA274B2D4ADA6604F089
S21401C2A025FE82460DF10F00FEF726F92B4B1B7873
S21401C2B083460BB1FEF712FFBBF1030F0ED1DFF879
S21401C2C080B00020FEF718F9032807D1DBF88C3080
S21401C2D0DA03F6D4DBF874300C2BF2D99DF80F3064
S21401C2E0032B06D11E4B012250461A7004F002FEA3
S21401C2F0C9E71C4BD3F8E03013F4A02FF2D1FEF7B8
S21401C30001FF504604F0F6FD4FF48043BCE70220DF
S21401C310FDF7B4FA012365E7B8F1000F7FF474AFB7
S21401C32005B0BDE8F08F00BFF8590120D15C0120AF
S21401C3300050084400500846005008401000000213
S21401C340004008400010002100400844C05C012065
S21401C35000000101004008460000010DD05C0120EC
S21401C360CD5C012000100840014B024A1A6070475C
S21401C370202100200DE10100014B1B68184700BF7A
S21401C38020210020034A0123136202F17C42D3617B
S21401C390704700BF004008440B4B10B55C691A6A31
S21401C3A01440A2B2DA61E20704D55868C0F303600C
S21401C3B0FFF7E8FF630706D5BDE81040042200201A
S21401C3C00021FEF71BBF10BD004008400C4A08B50F
S21401C3D0136BD16B0B409363DB070FD5094B1878B2
S21401C3E040F6AC22122100F00100FBF7E3FCBDE8A9
S21401C3F00840002201200021FEF700BF08BD00BF53
S21401C4000070084030240020044BDA6FD207FCD4B9
S21401C4101A6FD96F0A409A67704700BF003008400C
S21401C42070B50D46144604F061FD064BD3F8BC6E9C
S21401C43074402C407440C3F8BC4E04F05BFD05EA22
S21401C440060070BD00100021034BD3F8BC3E994393
S21401C4500CBF012000207047001000212DE9F0419B
S21401C46017460A43012A9DF818409DF81C60DDF81E
S21401C47020801D4629D8B44227D2082E25D8032B62
S21401C48023D8B8F1000F20D00A46002101F0E4F8C5
S21401C490EB00FF219940DFF838C0C94308F1FF38A7
S21401C4A0FF00E2B2964202D80020BDE8F0813D19B5
S21401C4B00CEB850518F8010FD5F8EC2098400A40DA
S21401C4C01043C5F8EC000134EBE70120EDE700BFAF
S21401C4D0001E00210A4A5368C3F30363032B01D0ED
S21401C4E0072B0AD1D2F88C30DB0606D4D2F890009E
S21401C4F080F00800C0F3C00070470020704700BFFE
S21401C5000040084009490A4AD1F8EC0010B5042356
S21401C5100124C2F8EC308C624FF40051516241079D
S21401C52044BF02F10072C2F8EC3010BD00100840A2
S21401C530001008442DE9F7438E780F2E80460C46EE
S21401C54003D9012003B0BDE8F08326B901232E4AA2
S21401C55000201370F6E70D7891F80190002D3BD17D
S21401C560B9F1000FEDD194F90310E088FDF740FC16
S21401C5700128E6D055EA0903A088244F32D1FDF7F9
S21401C58059FB23498A6D4FF6040583B292B24FF6E2
S21401C5900500AA4208BF02463A80082580220127E4
S21401C5A08F658A672A461A4903B1013B013ECB6271
S21401C5B0F6B20023019300960123294608F1A40050
S21401C5C0FDF778FB1FB1134B4FF48012DA64124B60
S21401C5D0A2681A600223BAE7082DB2D8B9F1080F8B
S21401C5E0AFD8C0E7FDF726FB3A884FF604039A4218
S21401C5F01EBF07498A653B80A9454A4683B238BFB4
S21401C6002A460027CFE700BFD25C0120C6210020C2
S21401C6100050084000500846145A01200C4BD0F830
S21401C620C42010B5C3F8C020027C0446120202F4EE
S21401C63000624FF40061FFF7F3FE237C13F0080F4E
S21401C64014BF044A044A4FF40073C2F8883010BD80
S21401C650001E00210040084600400844431C07D045
S21401C660044B6FF0FF029A6103F10073104098616A
S21401C670704700BF0070084400F01803182B0AD05A
S21401C68003070AD410F0100040F2011318BF184631
S21401C690034BD86470470020FAE70120F8E700BF93
S21401C6A0001F0021344B2DE9F7431E6801F4007981
S21401C6B000F00103174653EA090205460C462ED040
S21401C6C04FF0000803B30023002201200021CDE92A
S21401C6D00088FEF7ABFD41463046FDF77BFE41463E
S21401C6E070830120FBF778F9716B06F1A400FDF762
S21401C6F017FF22490868FFF7B1FF4FF0FF330B60C1
S21401C700337C43F004033374B9F1000F07D00121E1
S21401C710304608F0A5FA24F4007405430C43D6E924
S21401C7203E232A40234052EA030103D014493046EF
S21401C73009688847FB070FD51249134A086813682A
S21401C74000211160114A0121117003B19847104B65
S21401C75000215B680220984717F00E0F08D040F2C0
S21401C760F3123B21002003B0BDE8F043FBF722BBE8
S21401C77003B0BDE8F08300BF2C590120242100201E
S21401C78028210020245A0120285A0120D55C0120A6
S21401C7900021002070B50446D0B10E4E007BD6E9CC
S21401C7A0372300280CBF10461846FEF747FB062322
S21401C7B0A371237B2060054643B9D6F8D800013023
S21401C7C0FEF73CFB2D1AA560002070BD0025FAE798
S21401C7D00120FAE7001E0021F7B50446D4E93EC75A
S21401C7E01046DDE908268CEA020587EA06010540BF
S21401C7F0194085EA0C057940C4E93E5123F400410D
S21401C80006EA010320F00100002543F4007302400C
S21401C81043F00203CDE90055FEF708FD237C9A0795
S21401C82017D5D4F8FC309B0513D54FF48811204654
S21401C83008F016FA237C65F341032374D4E93E23FA
S21401C84002400B4052EA030103D00349204609681F
S21401C8508847002003B0F0BD2821002038B10368C6
S21401C860044A002B08BF1346034A13607047014B66
S21401C870FAE700BF1952020028210020024B986BEC
S21401C88000F00F00704700BF001F00210F2938B5C8
S21401C89005460C460ED801F08DF901280CD1074A41
S21401C8A0936B23F00F0323439363284608F004FF9A
S21401C8B0002038BD0120FCE70220FAE7001F002116
S21401C8C0014BD86B704700BF001F0021014B0020B1
S21401C8D0D9637047001F002103282DE9F7434CD880
S21401C8E0274B13F80080274B1E5C274B13F800904C
S21401C8F004F0FCFA0746FEF74FFE054640B100235A
S21401C900CDE900330022002301200021FEF78EFC32
S21401C910FEF74AFE48B10023CDE90033002200238A
S21401C92000204FF40041FEF781FC26B3174B5C6CE8
S21401C93004F00804164B31465C644046FFF708F8DD
S21401C9404A4631464046FFF765F8124B5C6465B1CE
S21401C950114B1868416BA430FDF7E2FD0F490868DA
S21401C960FFF77CFE4FF0FF330B60384603B0BDE89F
S21401C970F04304F0BFBA3446DCE703B0BDE8F08309
S21401C9809CA6020098A6020094A602000000084099
S21401C99000000844000008462C59012024210020EC
S21401C9A0104AD2F8883013F0A00F16D1D2F88C00B6
S21401C9B010F0040013D10C4BD3F8E43E23F07F4370
S21401C9C023F0FF035BB15368C3F30362092A07D060
S21401C9D0B2F10C0018BF01207047002070470120FB
S21401C9E0704700BF004008400010002170B50D469A
S21401C9F0064620B9194B1B68A3B1032011E001F0CC
S21401CA00D9F8012828D1164B93F90040C4F11C042B
S21401CA10641BC4F11C03002BB8BF5B42232B0CDD47
S21401CA20012070BD81EAE173A3EBE173DBB2232B36
S21401CA30F6D80B4B19700020F3E7B57404F056FADC
S21401CA40084A5369E40223F4FF2304F4FF241C4339
S21401CA50546104F04FFAEEE70220E2E72C59012078
S21401CA60D35C01200070084008B5FFF7D7FD04F03D
S21401CA703DFA074AD2F8BC3E23F02003C2F8BC3E7A
S21401CA8004F038FA034B02221A60002008BD00BFEA
S21401CA90001000210040084690F8C23053B9074BF9
S21401CAA0DA69920208D49B6F13F4706F14BF0120E9
S21401CAB00020704700207047012070470060084042
S21401CAC0F8B5436B02EA010523EA01032B434363EE
S21401CAD0344A01F00B030C4623EA0501516402F1C6
S21401CAE000722B4061070646536411D50121FFF7FA
S21401CAF0D3FF68B1FEF7C2FE15F0040F14BF2A4A31
S21401CB002A4A4FF40073D361294B0422C3F88820C4
S21401CB10E20606D515F0100F264B14BF00221B2285
S21401CB20DA6423061DD52F0616D51F4B4FF40012C7
S21401CB309A6103F17E430122C3F8F82004F0D6F986
S21401CB400E2107460320FDF7EDFB1A4B40F20122AA
S21401CB505A62384604F0CEF9294606F1A400FDF7DC
S21401CB60DFFCE00503D5E90516D5FDF7C3FBA205F5
S21401CB7003D5AB0513D5FDF7CDFB14F0600F09D037
S21401CB80D6F89410304608F048FB0B4B98640B4BD4
S21401CB9080229A600020F8BDFDF7A4FBE7E7FDF7C9
S21401CBA0B1FBEAE70000084400600846006008445C
S21401CBB00040084400000840001F002100400840D3
S21401CBC0014B1868704700BF205A012037B5012372
S21401CBD000240022CDE90034002310461946FEF752
S21401CBE025FB0220FCF74AFE054D064B21461C603C
S21401CBF002206B6898472B6803B0BDE830401847A1
S21401CC0000210020285A01202DE9FF410229039026
S21401CC100C461546984605D1FFF7D8FF002004B00C
S21401CC20BDE8F081194E04F061F9336807463BB15F
S21401CC30AB4205D004F05EF9002333600120EEE735
S21401CC40134B3560C3F8008001230022CDE9003381
S21401CC50002310461946FEF7E9FA0E4B002502207E
S21401CC601D70FCF70BFE22462B4603A90220FCF79B
S21401CC7023FE094B039A1A60084B1B680446984723
S21401CC80384604F037F9002CC8D1D5E7285A0120D8
S21401CC90245A0120D55C0120205A012000210020C1
S21401CCA0044BDB6D5B055ABF034B1878012000F07F
S21401CCB00100704700500840D55C012010B50C46B5
S21401CCC008F021FBA288D30080B1B3F5803F0DD8D0
S21401CCD00749430901FB023322680009B3FBF0F35D
S21401CCE0D21A05232260A371002010BD0220FCE7A2
S21401CCF020A1070070B50E4604F0F8F8054600F0CE
S21401CD007DFF044620B1284604F0F4F8204670BDA5
S21401CD10FEF7B4FD114B3278D3F8E43E022A23F035
S21401CD20F00316D0101F42424241520043EA02135A
S21401CD307278022A0FD0111F4A424A41520043EA32
S21401CD408213064AC2F8E43E054B0422C3F8882043
S21401CD50D9E70122EAE70122F1E700BF001000212E
S21401CD600040084470B50E4604F0C0F8054600F0D1
S21401CD705DFF044620B1284604F0BCF8204670BD8D
S21401CD80FEF77CFD104B3278D3F8E43E022A23F0FE
S21401CD900F0315D0101F42424241520013437278CE
S21401CDA0022A0FD0111F4A424A41520043EA820327
S21401CDB0054AC2F8E43E054B0422C3F88820DAE7A8
S21401CDC00122EBE70122F1E70010002100400844B0
S21401CDD0F8B50E7890F8D070044630460D46FCF74C
S21401CDE049F9002844D094F8D030B34208D1AA8833
S21401CDF0636C9A4204D16A88B4F8D2309A4235D02C
S21401CE0084F8D060AB88A4F8D4306B88A4F8D2300C
S21401CE10AB886364FF236375304608F03BF904F181
S21401CE20D00520752846FCF709FC10BB2846FCF700
S21401CE3017F9F0B9D4F8903053B194F8D010B9423C
S21401CE4006D0B3F912202046EDF766FD84F8D90026
S21401CE502046FCF7F5FA0949A4F8D400084AD1F8A7
S21401CE60F810012304F1A400FDF7FCFE0020F8BD34
S21401CE7001200E2384F8D030F9E700BF001F0021FF
S21401CE806C1F002170B5054690F8D0000E280C46A0
S21401CE901DD0FF291DD01AB10F4B4FF0FF321A607B
S21401CEA008F0F8F8064695F8D000FCF78DF98442AC
S21401CEB028BF0446E4B2B44238BF3446E0B26875CF
S21401CEC0FCF71EFAA0F1FF035842584170BD02203C
S21401CED0FCE70120FAE700BF08210020C36B012B05
S21401CEE001D10020704770B5364BD0F89060D3F86A
S21401CEF0F830C0F8943086B03146058B044608F009
S21401CF005EF9B3898DF80600D6E90121EB1A9BB2CA
S21401CF1001FB032268460021ADF804300092FDF7BC
S21401CF2087FD38B9284B228BDA63FCF755FB20B115
S21401CF3006B070BD022006B070BD227C60F34102CF
S21401CF40227408F001F9D4F890305969431EDBB217
S21401CF5009680291FD2B02460BD9CD1C09D91B4B42
S21401CF6001311B680CD0D81C07D802A920460293B1
S21401CF7001E002A9204608F048F8002006B070BD7E
S21401CF80D91C04D802A92046029308F03EF8D4F82A
S21401CF90FC309B0504D4237C43F002032374ECE7A6
S21401CFA04FF48031204607F05BFED4E93E23024071
S21401CFB00B4052EA0301E0D005492046096888473C
S21401CFC0DBE700BF001F00210030084010210020D1
S21401CFD02821002038B505460C4641B108F020FB53
S21401CFE028B14FF400312846FFF72EFA04342046C4
S21401CFF0FCF720FE024B4042C3F8D40E002038BD99
S21401D0000010002170B54C30814214BF0C4600243C
S21401D010164603F06BFF0D494A684FF49C53C2F362
S21401D0200362D340DA07054603D5D1F888309B035F
S21401D0300AD4204601223146FBF7BEF904462846AB
S21401D04003F058FF204670BD0324F8E7004008406F
S21401D05010B503F04BFF0146FFF73CFA78B1094BD8
S21401D060D3F8884014F4003409D103F1C0632022B8
S21401D070C3F89020084603F03DFF204610BD022469
S21401D080F8E700BF0040084010B58B78012B024638
S21401D0900C4600F28280C87801287ED80B78012BD6
S21401D0A07BD84978052978D819B1012875D1052981
S21401D0B03DD0012B73D02068C2F8E8006378002BBE
S21401D0C036D13849C1F88430374B4FF060519961F9
S21401D0D0364B1B7813B1364B06211967354B4FF08B
S21401D0E08051C3F89410516B02F1A400FDF718FAB1
S21401D0F0314A4FF48073C2F8EC3002F17C42C2F838
S21401D100E830A378002B40D12C4B40F6FF725A62D0
S21401D110E378002B3CD1294B40F6FF725A65284B29
S21401D12060225A64234B4022C3F88820002010BD99
S21401D130013BDBB2032BE4D8224A52F823301A4AC9
S21401D1404FF06051916102F1007243F40013936154
S21401D150144A0423C2F88430136F23F0060343F005
S21401D16004031367184B4FF08052C3F89420FEF760
S21401D17023FA0028C5D0114A4FF48073C2F8E8306C
S21401D18002F1C062C2F8EC30BBE7FFF7BBF9BFE7BC
S21401D190074B60225A640C4BC5E70120C7E71846C7
S21401D1A0C5E700BF0000084000600844D45C0120C9
S21401D1B000000844004008440010084400100840DD
S21401D1C000000846A0A60200004008462DE9F74FD9
S21401D1D006461546084619B9012003B0BDE8F08F8A
S21401D1E0002AF9D0032904D80021FBF749FA0028C0
S21401D1F0F2D082780488037990F805B0C788B0F930
S21401D2000000002802F00701C0F2D180A1F1070C4E
S21401D210DCF1000040EB0C00052928738CBFC2F33B
S21401D22000100020C2F3801C6873900985F810C0B6
S21401D23000F00200C2F3C00C40EA0C00C2F3401238
S21401D2406874AA74AF820BB996F8CA30013BDBB298
S21401D250EB74736BD80600F196800639012900F24B
S21401D2609280544BDB6C544B5A6B1B6B03F00703D9
S21401D27006334FF0010909FA03F909F1FF39083CB1
S21401D28042F0005804EA0904002318F804A0AB6031
S21401D290013404EA0904631D03EA09035A1C02EA7D
S21401D2A0090218F8037018F80220BAF1800F47EA4D
S21401D2B00227727C18BFAAF1320A3BB214BF4FFA9A
S21401D2C08AFA6FF07F0AC7F30B079AB30020D6F8E5
S21401D2D09C300BB151469847631C03EA0903E87377
S21401D2E085F80EA018F80310013303EA090318F8AD
S21401D2F00320013303EA090341EA022118F8032057
S21401D300013303EA090341EA024118F803006A7C83
S21401D310002341EA00613046FDF772FD2860737C08
S21401D320042B03D1022FDCBF013028600423AB712C
S21401D330002052E7D90422D5D6F894209AB1136872
S21401D340022B10D992F82400FB0008B1B3FBF0F3CE
S21401D3509B45BBD8002BB9D0CBEB0B20B0FBF3F031
S21401D360C043C0B2B3E7304607F0CDFF0190304668
S21401D37007F0B9FF019BB3FBF0F0C0B2E4E718F881
S21401D38004004000EDE70023EB730C4BDA68C2F3B0
S21401D3900723120448BF63F0FF035AB212F1800F4D
S21401D3A01CBF323B5AB20023AA732B60BFE7022090
S21401D3B013E700BF00000840001008400070084056
S21401D3C0024B186DC0F30C00704700BF00100840F8
S21401D3D070B50A4B0A4DD3F8EC604FF48064C5F87B
S21401D3E0EC400020FEF7F2FA4FF400536B6573052C
S21401D3F044BF044BC3F8EC4070BD00BF00100840AA
S21401D4000010084400100846F8B504460E4641B917
S21401D410037C5A0641BF4FF6FF7261F3861382837F
S21401D42003743C4BD4F894701B680BB120469847A4
S21401D430394BA18BD3F8842012F4E05F04BF20227D
S21401D440C3F810224FF6FF73994204D0334B1B6882
S21401D4500BB120469847324DD4F894102A68914271
S21401D46007D0204607F0D9FE2E4B98642E4B80201D
S21401D4709860974245D02D4B1B684BB11FB13A6857
S21401D480002A40D0BF68394620469847D4F8941001
S21401D490084607F0DAFE30B32549FDF761FB07279A
S21401D4A02046FBF7CDFF16B3224B94F9122093F9D1
S21401D4B000302149D4F89400C3F11C039B1A4A6931
S21401D4C0DB0222F4FF2203F4FF2313431B4A4B61C2
S21401D4D01B4B286006211167204601221A7008F0AE
S21401D4E0EBF80020F8BD204603F0F5FAD4E70D4B23
S21401D4F00F4AD3F8F81004F1A4003B46FDF7B2FB3F
S21401D500D2E70127CCE71746394620469847D4F894
S21401D5109410BDE7305A0120006008401C5A0120D3
S21401D520105A0120001F002100400840185A01200F
S21401D5306C1F0021D35C01200070084000000844E5
S21401D540D45C012002484822002108F0EBB900BF54
S21401D550E81E0021002373B583746423C0E92C33CD
S21401D560C0E92E334FF0FF35C0F8AC30A0F8C0301C
S21401D5700E264FF6FF73C0E9075580F8D060456464
S21401D5808582837504461120EBF7FEFB042834D10F
S21401D5901B4B5B6813F4403F2FD12046FEF716F86D
S21401D5A02046FFF7CFFF94F912102046FFF71EFA28
S21401D5B0144A6023536402F5805240F6FF715162AB
S21401D5C05165114A5364114B4022C3F88820626B9F
S21401D5D029462046FFF774FA002240F2022310463D
S21401D5E01946CDE90066FDF721FEFBF7D7FD20467B
S21401D5F002B0BDE87040E9F7CBBE022002B070BDB4
S21401D60000300E4000000840000008460040084474
S21401D61010B50C46FFF796FFBCB1A378082B16D8B9
S21401D620E278082A13D843EA021313F0FF03094AE3
S21401D63014BF61681946C2F8E810217882F82C11E7
S21401D640617882F82D1182F82F31002010BD01205B
S21401D650FCE700BF001E0021012A10B512D8032BDB
S21401D66010D803EB8202084C0123934094F82E0154
S21401D670DBB221B1034384F82E31002010BD20EA2D
S21401D6800303F8E70120F9E7001E002170B50C68D6
S21401D690B0F8D4208D680346013404BFD3F8AC40FB
S21401D6A00C604C68013404BFD3F8B8404C606E1C63
S21401D6B000F1A40038D1D3F8B440CE688C60751C54
S21401D6C038D1D3F8B0500E69CD60013604BFD3F817
S21401D6D0A4600E614E69013604BFD3F8A8604E619E
S21401D6E08E69013604BFD3F8BC608E618E693EB385
S21401D6F04132B24238BF32460E688A61C3F8B4403E
S21401D7004C68C3E92E420A69C3F8A4204A690D4948
S21401D710C3F8A820C3E92B650B4AD1F8F8100723F4
S21401D720FDF7A0FA002070BD02F14104AC4238BFFB
S21401D7302C46C2E702F16405B54238BF3546C2E75A
S21401D7406422D9E7001F00216C1F002170B503F089
S21401D750CDFB0C4E054600F02DFA012804D02846D4
S21401D76003F0C8FB022070BD736813F0706FC3F33B
S21401D7700364F0D1F36BDB06EDD5284603F0BAFB64
S21401D7802046F0E70040084038B503F0AFFB0B4AEF
S21401D79013884FF6FF718B4203D103F0ABFB0320D6
S21401D7A038BD074C074DE56504F100741B04E365BD
S21401D7B0118003F09FFB0020F2E700BFC821002084
S21401D7C0006008440000FFFF2DE9F34105460F46BF
S21401D7D01446FFF7E5F880B1DFF81882D8F80C3068
S21401D7E0DE0740F1EA8003F081FB06460320FCF7E2
S21401D7F06FF938B1304603F07DFB0226304602B0A1
S21401D800BDE8F081D8F80C3013F0060FF2D130469F
S21401D81003F070FB6A4B4FF400612846D3F8E48EA0
S21401D820D3F8C46EFEF710FE40B1664B4FF400729B
S21401D8300121C3F888200846FAF7CEF8394628466B
S21401D840FAF71CFA5E4BC3F8C46EC3F8E48E0646BC
S21401D8500028D3D12B7CD80601D4002C66D0C4F383
S21401D8604000FDF7D1FF14F4807F14BF564A554A95
S21401D8704FF002031BBFC2F88830544AC2F8883002
S21401D88000211CBFD16093624D4BD3F8BC7EFDF7DF
S21401D890F5FF4F4A14F0040F07EA02034FF48061C4
S21401D8A06BD04C489342C16106D14B4A92F8D030B6
S21401D8B043F0020382F8D030424B042214F0400FAA
S21401D8C0C3F8882014BF454A454A40232046C2F87B
S21401D8D08030FEF7D1FE284607F096FD40B114F0E1
S21401D8E0010F14BF384A374A4FF48073C2F88830A4
S21401D8F0A1064CD56B8C4FF6FF7293420FD0394A76
S21401D9003949D26D100CC2F3011208800132374931
S21401D910B3FBF2F32F4A3648C8651B04D3652B7C4C
S21401D920003C18BF012464F304132B74284607F047
S21401D93077FEF0B1284607F067FDD0B14FF400310D
S21401D9402846FEF781FD431C9BB203221F4801A90E
S21401D95007F0C2FA9DF8042002F00703052B9DF894
S21401D96005301DD1120715D443F480731A4AC2F844
S21401D970CC30002007F07AFB40E71C489342C16197
S21401D9809AD1154A92F8D03023F0020392E7FFF7B6
S21401D990FBFEC4E713F0040F09D19DF80630E3E758
S21401D9A003F03002202A05D113F0010FF4E74FF4FB
S21401D9B08073DBE79DF80630D8E703261EE700BF35
S21401D9C000100021004008440040084600100840AE
S21401D9D08000004000600846001E002100700846D6
S21401D9E00070084400600840C82100200060084418
S21401D9F00000FFFF005008402DE9F3410646884627
S21401DA0015461F4603F072FA04460320FCF760F839
S21401DA1038B1204603F06EFA0324204602B0BDE872
S21401DA20F0810420FCF754F80028F2D1204603F0D8
S21401DA3061FA2A4641463046FFF7C6FE04460028EC
S21401DA40EBD1DFF8BC80002F38D088F800003946CB
S21401DA503046FEF76FFD002845D198F80030012BBF
S21401DA6029D0224B2022C3F88820214B9B6CB3F58A
S21401DA70817F2BD2012007F05CFB03F037FA1D4BA8
S21401DA801B68019306464BB10420FBF7F7FE002303
S21401DA90012201A90420FBF70FFF00B3FCF760F891
S21401DAA02B0617D5144B00221A67FCF799F8304657
S21401DAB003F020FAB1E7FDF7D7FDAEE798F800309E
S21401DAC0012BF8D0002BCCD10124A6E70B4B8022EA
S21401DAD09A60CFE7FCF784F8FDF7B0FDE7E7FDF7BE
S21401DAE0EBFE0124E3E7044697E700BF0040084643
S21401DAF0001F0021145A0120005008400040084031
S21401DB00D25C012008B5094BD3F8B4305A1C0BD0AF
S21401DB105B0009D40320FEF7DFFE054B4FF0806261
S21401DB20C3F894200122DA6008BD00BF0081E00F2F
S21401DB3000400846054BD3F8880003F180634FF494
S21401DB400022C3F88820C0F3C04070470040084058
S21401DB50024BD86800F00100704700BF0050084033
S21401DB60084BDA68D10707D508B9FBF761BEDB6851
S21401DB70DA0706D4FBF74EBEDB68DB0701D40028C4
S21401DB80F8D1704700500840084A4FF0807330B112
S21401DB90936602F1C062D3660123D36570470449D8
S21401DBA00120C865CB669366704700BF0000084039
S21401DBB0000008440F4B5B68C3F30363013B0B2B68
S21401DBC00FD8DFE803F006060C06060606080A0864
S21401DBD0080802207047042070470520704703207C
S21401DBE07047054BDB6813F0060F0CBF01200420BD
S21401DBF0704700BF00400840005008400A4A53687A
S21401DC00C3F303630B2B08D06FF49050184100F058
S21401DC10010080F0010040007047D2F8880010F43F
S21401DC208030ECD1704700BF004008400C4A536872
S21401DC30C3F30363062B07D8042BD8B20CD8C31E34
S21401DC405842584140007047072B07D1D2F844018B
S21401DC5010F00050EBD1704702207047002070474B
S21401DC60004008400A4A5368C3F30363032B01D0FC
S21401DC70072B0AD1D2F88C30DB0606D4D2F89000F6
S21401DC8080F00800C0F3C00070470020704700BF56
S21401DC9000400840024B0022196807F0A0BC00BFF4
S21401DCA074C1020010B5FF224FF6FF71044607F05B
S21401DCB0BAFC68B9FF224FF6FF71204607F0C4FC94
S21401DCC030B920460349BDE81040FF2207F0CEBC1C
S21401DCD010BD00BFB0A6020010B55B0743EA0243C1
S21401DCE09DF80820520543EAC16302F0BC621A435C
S21401DCF0084942F4C8720446FEF792FB064B1B68BD
S21401DD000BB120469847002211462046FFF77AF9C4
S21401DD10002010BD9007E12D345A012008B507F008
S21401DD207FFC20B1024B586D003818BF012008BD9A
S21401DD300000084038B50546FFF7F0FF044628B155
S21401DD4003494FF480322846FEF76AFB204638BD69
S21401DD501001010008B5114BD3F8BC3E1A061AD5BE
S21401DD600F4A134217D0FFF7E5FFA0B10D4B0E493E
S21401DD705A6B91F8D03002F44062B2F5806F0CBF56
S21401DD8043F0010303F0FE0381F8D0300120BDE823
S21401DD900840FFF7F9BE0020F9E700BF0010002198
S21401DDA00000024000000840001E00212DE9F0415D
S21401DDB004460F461546FFF7FDFE012806465FD1CD
S21401DDC0F80717D52F4B5B6815F0010803F007031A
S21401DDD03CD0022B37D92046FEF772FD40F0800179
S21401DDE02046FEF773FD4FF400324FF40031204613
S21401DDF0FEF716FBB9071AD515F0020832D0224BEA
S21401DE001A6E02B35A6EF2B1DB699A051BD54FF052
S21401DE10804211462046FEF703FB7B0707D515F027
S21401DE20040210D14FF000412046FEF7F9FA174BD5
S21401DE30174A1A60FEF798FA164B174A1A602046D8
S21401DE40FFF788FF00263046BDE8F081022BFAD89E
S21401DE502046FEF735FD20F080012046FEF736FD10
S21401DE604246C2E742464FF080412046FEF7D8FAC6
S21401DE700A49204607F06AF9024B42465863D1E741
S21401DE800226E0E70000084000600840305A012002
S21401DE9055DD0100345A012035DD0100340008400B
S21401DEA008B5FFF7DFFEA8B10B4B5A69110311D570
S21401DEB0D3F8882092030DD4D3F8903013F0100FC6
S21401DEC04FF0100304D1054AC2F89030002008BD77
S21401DED0034AF9E70220FAE70040084000400846F6
S21401DEE00040084438B5044608B3134A53691B0377
S21401DEF01FD5D2F88C50114BC5F38115032DB3F8FD
S21401DF00C8300ED1083B9BB208220D48214606F0C8
S21401DF10E3FF094B2572D3F890301B0A6372002089
S21401DF2038BD022D05D1023B9BB22A46EDE7012002
S21401DF30F6E70220F4E700BF00400840001E00217B
S21401DF4030100840064AD2F8C03043F04073C2F899
S21401DF50C030044B4FF08062C3F81421704700BFF5
S21401DF600040084000400846044A0423C2F8BC307A
S21401DF7002F10072C2F8C430704700BF0040084486
S21401DF80074B084AC3F8C0200122C3F8C4204FF04B
S21401DF908062C3F814210422C3F8C420704700BF6E
S21401DFA000400844CA078000023816289ABF024B70
S21401DFB0185C0020704700BF5CC102002DE9F047E5
S21401DFC0344F354D4FF00108C7F8C480D5F8C0402E
S21401DFD024F47E0424F0300444F4680444F030044D
S21401DFE0C5F8C0402D4C06460846D4F834A09946DC
S21401DFF0FFF7DAFF2AF47C1A4AEA00406063D5F894
S21401E000C01021F4FF3121F4807141EAC92141EAAF
S21401E0100222C5F8C020A36D23F07F033343A36516
S21401E0201F4B4A22C3F8C02080254FF40002C3F8D4
S21401E030C480C3F8C050C3F8C0201A4A1021D16565
S21401E0400822C7F8C020184AC3F8C0204FF47A70D7
S21401E05007F06FF84FF480726560626023681905F7
S21401E060FCD423685B04F7D40D4B0822C3F8C02008
S21401E0700E4B1022DA65084A40236360D2F8C0309E
S21401E08023F4000323F0040343F40003C2F8C03072
S21401E090BDE8F087004008440040084000300840D2
S21401E0A0004008460030084604008000003008445E
S21401E0B010F0080F0A4B0AD141F20E721A604FF0A7
S21401E0C0FF321A61074A9A6101229A60704741F24B
S21401E0D004721A6000221A6148F20842F3E700BF90
S21401E0E0002008402083B8ED064B10225A63064AEA
S21401E0F092F8D020D2074CBF4FF480624FF44062B2
S21401E1005A63704700000846001E002170B5704D26
S21401E1102B6EE96E1940CB0101F07F444AD56D4B59
S21401E120D3F8BC3E1E0642D56B4A13423FD06B481D
S21401E130066E426E6D6D03F08043002D00F0858003
S21401E1409BB90AB1964224D1614B5B6B13F4406FC5
S21401E15000F089805E4B44F20D02DA65604A4FF0AA
S21401E160007393661A44D36621E00368D8066FD419
S21401E170002A6DD096426BD05A4A92F8D13023F0DD
S21401E180010382F8D130564B4FF443625A63FFF7CE
S21401E190ABFF4F4B48F20522DA6503F180634FF07F
S21401E1A090529A6603F100734FF08052DA66484B3C
S21401E1B002225A62CA0001F0007513D5454B444A43
S21401E1C0D3F8BC6ED36BD2F8901003EB810303F146
S21401E1D000534349588C4FF08053CB66C30747D54D
S21401E1E0002E63DA002D2DD03A4B3D4ED3F8BC1EDF
S21401E1F0374BD3F88C504FF00072F266EA0762D4C0
S21401E200354A114261D0A8B2FFF752FF354A92F85B
S21401E210D130072003F0FD0382F8D1307063E806A1
S21401E2200AD511F0804F304914BF0320012043F076
S21401E2300203486382F8D130254B40F20C425A6201
S21401E2400122DA65264B9C6670BD002B3FF47CAF3D
S21401E250244A92F8D13043F0010382F8D130204BA2
S21401E2604FF443625A63204B4FF440625A6371E79E
S21401E270194B1E421AD0FFF71BFF1A4A07234B639E
S21401E28092F8D130C60603F0FD0382F8D13006D5E8
S21401E2901549032043F00203486382F8D1300C4B42
S21401E2A040F214425A620122DA659BE71423536254
S21401E2B0002D99D109210320FCF734F8044B40F2D4
S21401E2C001225A62BEE70029BCDB0C225A62F1E742
S21401E2D000000840001000210000024000600840D5
S21401E2E000000844001E0021000008462DE9F74FF3
S21401E2F0DFF8ECB08146DBF800A00F46FBF7FEFB2B
S21401E3004FF0FF35CDE9000100202C46064606F108
S21401E31010031B015BF8033003F00308B8F1010F8B
S21401E32015D13046FBF702FC02460B46DDE900013B
S21401E330FBF792FADBF85C3006F10802D340DB0704
S21401E34037D5002F3ED000253E602C46404601368C
S21401E350052EDCD150B3224F396B0131A4FB0141AC
S21401E36064190AF4403341F10001B3F5003F4FF060
S21401E37000022FD1FB6A0AF4405A013342F100062B
S21401E380BAF5805F21D1BD6A15F5807542F10002AC
S21401E3906E4303FB0266A5FB03323244594304FB7A
S21401E3A00212A3FB04341444C9E9003403B0BDE8E7
S21401E3B0F08FA84271EB0403C8D207B13E60054650
S21401E3C00C46C3E73D463C46C0E7320242EA1362CA
S21401E3D01B02E3E7BB6A13F5807342F10002DDE737
S21401E3E00050084081F0004102E000BF83F0004386
S21401E3F030B54FEA41044FEA430594EA050F08BFDA
S21401E40090EA020F1FBF54EA000C55EA020C7FEA9D
S21401E410645C7FEA655C00F0E2804FEA5454D4EB1A
S21401E4205555B8BF6D420CDD2C4480EA020281EAE4
S21401E430030382EA000083EA010180EA020281EA1C
S21401E4400303362D88BF30BD11F0004F4FEA01316E
S21401E4504FF4801C4CEA113102D0404261EB41017D
S21401E46013F0004F4FEA03334CEA133302D0524203
S21401E47063EB430394EA050F00F0A780A4F10104BF
S21401E480D5F1200E0DDB02FA0EFC22FA05F28018F9
S21401E49041F1000103FA0EF2801843FA05F35941DF
S21401E4A00EE0A5F120050EF1200E012A03FA0EFC5E
S21401E4B028BF4CF0020C43FA05F3C01851EBE37188
S21401E4C001F0004507D54FF0000EDCF1000C7EEBA5
S21401E4D000006EEB0101B1F5801F1BD3B1F5001FE3
S21401E4E00CD349085FEA30004FEA3C0C04F1010402
S21401E4F04FEA445212F5800F80F09A80BCF1004F2B
S21401E50008BF5FEA500C50F1000041EB045141EAAC
S21401E510050130BD5FEA4C0C404141EB0101013C75
S21401E52028BFB1F5801FE9D291F0000F04BF014664
S21401E5300020B1FA81F308BF2033A3F10B03B3F136
S21401E54020020CDA0C3208DD02F1140CC2F10C02C6
S21401E55001FA0CF021FA02F10CE002F11402D8BF24
S21401E560C2F1200C01FA02F120FA0CFCDCBF41EAF0
S21401E5700C019040E41AA2BF01EB0451294330BDBF
S21401E5806FEA04041F3C1CDA0C340EDC04F114049C
S21401E590C4F1200220FA04F001FA02F340EA030073
S21401E5A021FA04F345EA030130BDC4F10C04C4F1B9
S21401E5B0200220FA02F001FA04F340EA0300294699
S21401E5C030BD21FA04F0294630BD94F0000F83F4E3
S21401E5D0801306BF81F480110134013D4EE77FEAC6
S21401E5E0645C18BF7FEA655C29D094EA050F08BF12
S21401E5F090EA020F05D054EA000C04BF19461046F3
S21401E60030BD91EA030F1EBF0021002030BD5FEA36
S21401E610545C05D14000494128BF41F0004130BD5E
S21401E62014F580043CBF01F5801130BD01F00045B2
S21401E63045F0FE4141F470014FF0000030BD7FEA25
S21401E640645C1ABF194610467FEA655C1CBF0B4620
S21401E650024650EA013406BF52EA033591EA030F37
S21401E66041F4002130BD00BF90F0000F04BF00212F
S21401E670704730B54FF4806404F132044FF0000562
S21401E6804FF0000150E700BF90F0000F04BF0021DB
S21401E690704730B54FF4806404F1320410F0004541
S21401E6A048BF40424FF000013EE700BF42004FEA3C
S21401E6B0E2014FEA31014FEA02701FBF12F07F43B9
S21401E6C093F07F4F81F06051704732F07F4208BF70
S21401E6D0704793F07F4F04BF41F40021704730B577
S21401E6E04FF4607401F0004521F000411CE700BFC3
S21401E6F050EA010208BF704730B54FF000050AE046
S21401E70050EA010208BF704730B511F0004502D546
S21401E710404261EB41014FF4806404F132045FEA48
S21401E720915C3FF4D8AE4FF003025FEADC0C18BFF1
S21401E73003325FEADC0C18BF033202EBDC02C2F1E3
S21401E740200300FA03FC20FA02F001FA03FE40EA75
S21401E7500E0021FA02F11444BDE600BF70B54FF079
S21401E760FF0C4CF4E06C1CEA11541DBF1CEA135557
S21401E77094EA0C0F95EA0C0F00F0DEF82C4481EABF
S21401E780030621EA4C5123EA4C5350EA013518BFDF
S21401E79052EA033541F4801143F4801338D0A0FBCC
S21401E7A002CE4FF00005E1FB02E506F00042E0FB79
S21401E7B003E54FF00006E1FB03569CF0000F18BF7F
S21401E7C04EF0010EA4F1FF04B6F5007F64F5407427
S21401E7D004D25FEA4E0E6D4146EB060642EAC621BA
S21401E7E041EA55514FEAC52040EA5E504FEACE2E27
S21401E7F0B4F1FD0C88BFBCF5E06F1ED8BEF1004F2A
S21401E80008BF5FEA500E50F1000041EB045170BDA5
S21401E81006F0004646EA010140EA020081EA0301E9
S21401E820B4EB5C04C2BFD4EB0C0541EA045170BDE5
S21401E83041F480114FF0000E013C00F3AB8014F15F
S21401E840360FDEBF002001F0004170BDC4F10004A8
S21401E850203C35DA0C341BDC04F11404C4F1200529
S21401E86000FA05F320FA04F001FA05F240EA020084
S21401E87001F0004221F0004110EBD37021FA04F6BA
S21401E88042EB06015EEA430E08BF20EAD37070BD74
S21401E890C4F10C04C4F1200500FA04F320FA05F0D3
S21401E8A001FA04F240EA020001F0004110EBD370D5
S21401E8B041F100015EEA430E08BF20EAD37070BD45
S21401E8C0C4F1200500FA05F24EEA020E20FA04F31E
S21401E8D001FA05F243EA020321FA04F001F00041CD
S21401E8E021FA04F220EA020000EBD3705EEA430E3E
S21401E8F008BF20EAD37070BD94F0000F0FD101F06D
S21401E9000046400041EB010111F4801F08BF013CA5
S21401E910F7D041EA060195F0000F18BF704703F0E3
S21401E9200046520043EB030313F4801F08BF013D6A
S21401E930F7D043EA0603704794EA0C0F0CEA135526
S21401E94018BF95EA0C0F0CD050EA410618BF52EAE0
S21401E9504306D1D181EA030101F000414FF00000E6
S21401E96070BD50EA410606BF1046194652EA4306F4
S21401E97019D094EA0C0F02D150EA013613D195EA68
S21401E9800C0F05D152EA03361CBF104619460AD1B0
S21401E99081EA030101F0004141F0FE4141F47001BA
S21401E9A04FF0000070BD41F0FE4141F4780170BDAA
S21401E9B070B54FF0FF0C4CF4E06C1CEA11541DBF0F
S21401E9C01CEA135594EA0C0F95EA0C0F00F0A7F811
S21401E9D0A4EB050481EA030E52EA03354FEA01313E
S21401E9E000F088804FEA03334FF0805545EA131351
S21401E9F043EA12634FEA022245EA111545EA106519
S21401EA004FEA00260EF000419D4208BF964244F1AF
S21401EA10FD0404F5407402D25B084FEA3202B61ACE
S21401EA2065EB03055B084FEA32024FF480104FF4A2
S21401EA30002CB6EB020E75EB030E22BFB61A754616
S21401EA4040EA0C005B084FEA3202B6EB020E75EBA9
S21401EA50030E22BFB61A754640EA5C005B084FEA11
S21401EA603202B6EB020E75EB030E22BFB61A7546DE
S21401EA7040EA9C005B084FEA3202B6EB020E75EBE9
S21401EA80030E22BFB61A754640EADC0055EA060EAA
S21401EA9018D04FEA051545EA16754FEA06164FEAED
S21401EAA0C30343EA52734FEAC2025FEA1C1CC0D199
S21401EAB011F4801F0BD141EA00014FF000004FF026
S21401EAC0004CB6E711F4801F04BF01430020B4F1E7
S21401EAD0FD0C88BFBCF5E06F3FF6AFAEB5EB030C9F
S21401EAE004BFB6EB020C5FEA500C50F1000041EB9C
S21401EAF0045170BD0EF0004E4EEA113114EB5C0469
S21401EB00C2BFD4EB0C0541EA045170BD41F480113B
S21401EB104FF0000E013C90E645EA060E8DE60CEA43
S21401EB20135594EA0C0F08BF95EA0C0F3FF43BAF60
S21401EB3094EA0C0F0AD150EA01347FF434AF95EA17
S21401EB400C0F7FF425AF104619462CE795EA0C0FFB
S21401EB5006D152EA03353FF4FDAE1046194622E7C8
S21401EB6050EA410618BF52EA43067FF4C5AE50EAA2
S21401EB7041047FF40DAF52EA43057FF4EBAE12E792
S21401EB804FF0FF3C06E000BF4FF0010C02E000BF73
S21401EB904FF0010C4DF804CD4FEA410C7FEA6C5C56
S21401EBA04FEA430C18BF7FEA6C5C1BD001B050EAF9
S21401EBB0410C0CBF52EA430C91EA030F02BF90EAE4
S21401EBC0020F0020704710F1000F91EA030F58BFA3
S21401EBD0994208BF90422CBFD8176FEAE37040F005
S21401EBE0010070474FEA410C7FEA6C5C02D150EAA3
S21401EBF0013C07D14FEA430C7FEA6C5CD6D152EA5E
S21401EC00033CD3D05DF8040B704700BF8446104622
S21401EC1062468C461946634600E000BF01B5FFF721
S21401EC20B7FF002848BF10F1000F01BD4DF808EDF1
S21401EC30FFF7F4FF0CBF012000205DF808FB00BFC2
S21401EC404DF808EDFFF7EAFF34BF012000205DF81C
S21401EC5008FB00BF4DF808EDFFF7E0FF94BF012069
S21401EC6000205DF808FB00BF4DF808EDFFF7CEFF6A
S21401EC7094BF012000205DF808FB00BF4DF808EDA9
S21401EC80FFF7C4FF34BF012000205DF808FB00BF7A
S21401EC904FEA410212F5001215D211D56FF47873BE
S21401ECA0B3EB625212D94FEAC12343F0004343EA61
S21401ECB0505311F0004F23FA02F018BF404270473C
S21401ECC04FF00000704750EA013005D111F00040C6
S21401ECD008BF6FF0004070474FF00000704700BF5C
S21401ECE04A0011D212F5001211D20DD56FF47873C5
S21401ECF0B3EB62520ED44FEAC12343F0004343EA1A
S21401ED00505323FA02F070474FF00000704750EA64
S21401ED10013002D14FF0FF3070474FF000007047CE
S21401ED2053B94AB9002908BF00281CBF4FF0FF316C
S21401ED304FF0FF3000F06AB9ADF1080C6DE904CE72
S21401ED4000F006F8DDF804E0DDE9022304B07047C0
S21401ED502DE9F047089D0C46002B4ED194468C4574
S21401ED608646B2FA82F262D94AB1C2F120039140D4
S21401ED7020FA03F30CFA02FC194300FA02FE4FEAEA
S21401ED801C471FFA8CF6B1FBF7F44FEA1E4307FB4C
S21401ED90141143EA014304FB06F199420AD91CEB1C
S21401EDA0030304F1FF3080F01381994240F2108191
S21401EDB0023C6344591A1FFA8EF3B1FBF7F007FBC6
S21401EDC0101143EA014300FB06F69E420AD91CEBEA
S21401EDD0030300F1FF3180F0FD809E4240F2FA808D
S21401EDE0634402389B1B40EA044000211DB1D34016
S21401EDF00022C5E90032BDE8F0878B4205D90DB186
S21401EE00C5E9000100210846F5E7B3FA83F10029B8
S21401EE1046D1A34202D39042C0F0F180861A64EB39
S21401EE2003030120002DE6D0C5E90063E3E7002ACD
S21401EE3040F09180A1EB0C044FEA1C481FFA8CF7B6
S21401EE400121B4FBF8F64FEA1E4308FB164443EAD9
S21401EE50044307FB06F0984208D91CEB030306F1AE
S21401EE60FF3402D2984200F2CE8026461C1A1FFAC0
S21401EE708EF3B4FBF8F008FB104443EA044300FBAE
S21401EE8007F79F4208D91CEB030300F1FF3402D2B7
S21401EE909F4200F2B1802046DB1B40EA0640A5E710
S21401EEA0C1F120068B4022FA06F71F4320FA06FC22
S21401EEB004FA01F343EA0C03F44000FA01F8380CB3
S21401EEC04FEA1349B4FBF0FE1FFA87FC00FB1E4411
S21401EED049EA04440EFB0CF9A14502FA01F20AD9EB
S21401EEE03C190EF1FF3A80F08580A14540F2828000
S21401EEF0AEF1020E3C44A4EB09041FFA83F9B4FBFD
S21401EF00F0F300FB134449EA044403FB0CFCA4455C
S21401EF1007D93C1903F1FF3068D2A44566D9023BF4
S21401EF203C4443EA0E40A0FB0293A4EB0C049C4233
S21401EF30CE469C4652D34FD055B1B8EB0E0364EB88
S21401EF400C0404FA06F6CB40CC401E43C5E9006427
S21401EF500021BDE8F087C2F1200320FA03F10CFA84
S21401EF6002FC24FA03F394400C434FEA1C4800FACF
S21401EF7002FE1FFA8CF7B3FBF8F008FB1031230CE6
S21401EF8043EA014300FB07F1994208D91CEB03034E
S21401EF9000F1FF362CD299422AD9023863445B1A13
S21401EFA0A4B2B3FBF8F108FB113344EA034401FBB6
S21401EFB007F3A34208D91CEB040401F1FF3613D270
S21401EFC0A34211D902396444E41A41EA004138E700
S21401EFD00446EFE6084605E7C845ADD2B9EB020E92
S21401EFE063EB070C0138A7E73146EDE7034698E7E0
S21401EFF03046D4E7D6467EE7634402384CE70646F9
S21401F000234608460EE7023E63442FE7704700BFDB
S21401F01008B5064B044613B10021AFF30080044B3C
S21401F0201B6803B19847204602F04BFF0000000022
S21401F030785B0120242B2DE9F0478646904601D8BF
S21401F040012B06D100F024FC162303600020BDE846
S21401F050F08736480D462A4615F8014B065D16F030
S21401F0600806F8D12D2C24D12C780126951C2BBB13
S21401F070302C30D00A2306F1004C0CF1FF3C002264
S21401F080BCFBF3F9104603FB19CAA4F13007092F9C
S21401F09028D83C46A34234DD571C07D081452DD3E2
S21401F0A001D1A2452ADB00FB0340012215F8014BE2
S21401F0B0EBE72B2C04BF2C78951CD8E7102BDAD164
S21401F0C0302CD8D12A7802F0DF02582AD3D16C78B6
S21401F0D010230235CFE72B7803F0DF03582BF6D049
S21401F0E00823C8E7A4F14107192F01D8373CD1E717
S21401F0F0A4F16107192F04D8573CCBE74FF0FF3234
S21401F100D4E7531C08D12223CEF800306046B8F16C
S21401F110000F9CD0691E06E006B14042B8F1000F10
S21401F12095D0002AF6D1C8F8001090E783C40200F3
S21401F13013460A46014602480068FFF77BBF00BF38
S21401F140342100202DE9F043364E86460D462846EA
S21401F15015F8014B375D17F00807F8D12D2C26D18D
S21401F1602C780127851C3BBB302C32D00A234FF06C
S21401F170FF380026B8FBF3F803FB08F96FEA090924
S21401F1803046A4F1300CBCF1090F29D86446A342DD
S21401F19037DDB6F1FF3F07D080452FD301D1A1451A
S21401F1A02CDB00FB0340012615F8014BE9E72B2C6D
S21401F1B004BF2C78851CD6E7102BD8D1302CD6D19D
S21401F1C0287800F0DF005828D1D16C78102302355A
S21401F1D0CDE72B7803F0DF03582BF6D00823C6E7DC
S21401F1E0A4F1410CBCF1190F01D8373CCFE7A4F1CB
S21401F1F0610CBCF1190F04D8573CC8E74FF0FF3635
S21401F200D2E7731C06D12223CEF80030304632B93D
S21401F210BDE8F08307B14042002AF9D006B1691E65
S21401F2201160F5E783C4020013460A460146024808
S21401F2300068FFF787BF00BF342100202DE9F04F9B
S21401F24085B09046464A029089461E460D462B4694
S21401F25015F8014B175D17F00807F8D12D2C41D191
S21401F2602C7801279D1C002E41D1302C4CD00A262B
S21401F27007F1004A07F1FF3B0AF1FF3AF31732465E
S21401F280584651460393FFF74BFD019200228E46E6
S21401F290844611461046A4F13003092B05D9A4F182
S21401F2A04103192B37D8A4F137039E423DDD541C88
S21401F2B015D084457EEB010234D38E4508BF8445C4
S21401F2C002D1019A9A422DDB039A714300FB021187
S21401F2D0A6FB00020A44181842EBE371012215F856
S21401F2E0014BD8E72B2C04BF2C789D1CBBE7102EB6
S21401F2F0BED1302CBCD12B7803F0DF03582BB7D10D
S21401F3006C7810260235B3E72B7803F0DF03582B11
S21401F310F6D00826ACE7A4F16103192B05D8A4F1B1
S21401F3205703C2E74FF0FF32D9E7531C0AD1029ABE
S21401F3302223136058465146B8F1000F0AD105B092
S21401F340BDE8F08F17B1404261EB4101B8F1000F03
S21401F350F5D00AB105F1FF39C8F80090EFE700BF14
S21401F36083C4020013460A46014602480068FFF7B6
S21401F37065BF00BF3421002070B50D4D0D4C641BD8
S21401F380A4100026A64209D10B4D0C4C06F0E8FC51
S21401F390641BA4100026A64205D170BD55F8043B97
S21401F3A098470136EEE755F8043B98470136F2E7F1
S21401F3B0FC210020FC210020FC210020002200204E
S21401F3C0024B0146186800F02DB800BF342100201A
S21401F3D0024B0146186800F061BA00BF34210020D4
S21401F3E070B50F4E0C463168054611B900F02EFA7D
S21401F3F030602146284600F029FA431C03D14FF01D
S21401F400FF34204670BDC41C24F00304A042F8D08B
S21401F410211A284600F01AFA0130F2D1EFE700BFB0
S21401F420385A01202DE9F041CD1C25F00305083599
S21401F4300C2D38BF0C25002D064601DBA94204D948
S21401F4400C2333600020BDE8F081314F00F0EAF96B
S21401F4503B681C4644BB29463046FFF7C1FF431CA8
S21401F460044650D13C682146002941D1002C44D0A5
S21401F4702368304604EB030800F0E8F980453CD1E8
S21401F48021686D1A29463046FFF7AAFF013034D0AD
S21401F49023682B4423603B68002B36D05A68A2426F
S21401F4A029D100225A600EE02268521B1DD40B2A75
S21401F4B016D96119A342256018BF5960636808BF51
S21401F4C0396062514B60304600F0B2F904F10B002E
S21401F4D0231D20F00700C21AB5D01B1AA350B2E7AD
S21401F4E0A3426268DED13A60EDE723466468B1E77D
S21401F4F00C464968B8E71346CEE70C23336030461E
S21401F50000F096F99EE70560DDE75B60FFDE00BF71
S21401F5103C5A01201FB514461A46094B1B6805467E
S21401F520D86854B9074B1C46CDE9013400912B46E7
S21401F530054900F0B1F806F0E2FB044BF4E700BF22
S21401F54034210020CDA1020053C4020046C40200AB
S21401F550002310B50446C0E90033C0E904338360D4
S21401F56081814366C2818361194608225C3006F0B8
S21401F570D9F90D4B63620D4BA3620D4BE3620D4B44
S21401F58023630D4B24629C4206D003F16802944229
S21401F59002D0D0339C4205D104F15800BDE810409A
S21401F5A006F0C8B910BD00BFE757020009580200AF
S21401F5B04158020065580200405A0120024A034998
S21401F5C0034806F067B900BF84210020AF5C020043
S21401F5D03821002041680C4B994210B5044601D0F1
S21401F5E006F065FBA168094B994202D0204606F059
S21401F5F05EFBE168064B994204D02046BDE8104008
S21401F60006F055BB10BD00BF405A0120A85A012084
S21401F610105B012010B50B4B0B4C0C4A1A602046B0
S21401F62000220421FFF794FF04F16800012209215A
S21401F630FFF78EFF04F1D0000222BDE81040122130
S21401F640FFF786BF785B0120405A0120BDF5010017
S21401F650014806F070B900BFD75C0120014806F0EA
S21401F6606BB900BFD75C012010B50446FFF7F0FF69
S21401F670236A1BB1BDE81040FFF7F0BF044B2362BD
S21401F680044B1B68002BF5D1FFF7C4FFF2E700BF60
S21401F690D5F50100785B01200EB403B5014603AB36
S21401F6A0054853F8042B0068019300F041F902B0B5
S21401F6B05DF804EB03B07047342100202DE9F743D1
S21401F6C01D46574B1F6804460E46904627B13B6AB7
S21401F6D013B93846FFF7C8FFB8F1020F06D0B8F1E4
S21401F6E0010F00F29A80002DC0F29780636ED90751
S21401F6F005D4A3899A0502D4A06D06F01CF921460B
S21401F700384606F0D4FA616B41B104F144039942DC
S21401F71002D0384600F0C2F8002363630023A361D9
S21401F7206360A3891B0603D52169384600F0B6F845
S21401F730A38923F44A6323F00303B8F1020FA381DC
S21401F74061D001AB6A462146384606F0F6F8A38931
S21401F7501843A0812DBB009D2846FFF731FE0646C3
S21401F760002852D1DDF80090A94540D14FF0FF3571
S21401F770B4F90C3043F00202A2810022A26004F127
S21401F78047022260226101226261626ED60704D4BA
S21401F790980502D4A06D06F0CFF8284603B0BDE860
S21401F7A0F083002ED8D03B6A13B93846FFF75CFFCA
S21401F7B0B8F1010F08BFA389266004BF43F0010317
S21401F7C0A381B4F90C3013F00802C4E904651ED015
S21401F7D0D90741BF00226D42A260A56158BFA5604E
S21401F7E0626ED20701D49B0513D50025D5E748469E
S21401F7F0FFF7E6FD06460028B8D0A38943F080034C
S21401F800A3814D46CFE70025B2E7A946F5E7A260FA
S21401F810E6E7A06D06F090F8E7E74FF0FF35BCE7A6
S21401F82034210020014806F086B800BFD65C0120CE
S21401F830014806F081B800BFD65C0120024B0A469B
S21401F8400146186806F012B83421002038B5064D76
S21401F8500023044608462B60E8F706FC431C02D149
S21401F8602B6803B1236038BD7C5B012038B5074D9A
S21401F87004460846114600222A601A4602F03FFB5B
S21401F880431C02D12B6803B1236038BD7C5B012089
S21401F890014B1868704700BF3421002038B5054673
S21401F8A0002941D051F8043C0C1F002BB8BFE418C6
S21401F8B0FFF7B8FF1D4A136833B963601460284622
S21401F8C0BDE83840FFF7B4BFA34208D92068211825
S21401F8D08B4201BF19685B6809182160EDE71A467B
S21401F8E05B680BB1A342FAD911685018A0420BD13C
S21401F8F020680144501883421160E0D118685B68A3
S21401F900536008441060DAE702D90C232B60D6E76F
S21401F910206821188B4204BF19685B68636004BFC6
S21401F920091821605460CAE738BD00BF3C5A01205F
S21401F9302DE9F04F0D469DB014469846064618B17F
S21401F940036A0BB9FFF790FE6B6ED90705D4AB8936
S21401F9509A0502D4A86D05F0EEFFAB891B0701D509
S21401F9602B699BB92946304600F0FAF870B16B6EE8
S21401F970DC0704D54FF0FF301DB0BDE8F08FAB8932
S21401F9809805F7D4A86D05F0D7FFF3E70023099390
S21401F99020238DF82930CDF80C803023DFF8AC8198
S21401F9A08DF82A304FF0010923469A4613F8012BA9
S21401F9B00AB1252AF9D1BAEB040B0BD05B462246D5
S21401F9C02946304606F032F8013000F0A780099A41
S21401F9D05A4409929AF80030002B00F09F800023C9
S21401F9E04FF0FF32CDE905230AF1010A049307938C
S21401F9F08DF853301A935446052214F8011B5348C8
S21401FA00E0F78EFB049AD8B9D10644BF20238DF8BF
S21401FA105330130744BF2B238DF853309AF8003028
S21401FA202A2B15D0079A544600204FF00A0C21467F
S21401FA3011F8013B303B092B4BD9B0B1079214E0CA
S21401FA40A0EB080309FA03F313430493A246D2E793
S21401FA50039B191D1B680391002BBBBF5B4242F041
S21401FA60020207930793B8BF049223782E2B0AD17C
S21401FA7063782A2B32D1039B1A1D1B68039243EA33
S21401FA80E37302340593DFF8D4A0217803225046AD
S21401FA90E0F746FB38B1049BA0EB0A004022824007
S21401FAA013430134049314F8011B29488DF82810D8
S21401FAB00622E0F735FB00283FD0264B1BBB039BF5
S21401FAC0073323F0070308330393099B3B44099349
S21401FAD06AE70CFB02320C460120A8E7002301343A
S21401FAE0059319464FF00A0C204610F8012B303AC0
S21401FAF0092A03D9002BC6D00591C4E70CFB0121C6
S21401FB0004460123F0E703AB00932A46124B04A9EF
S21401FB103046AFF300800746781CD6D16B6ED90706
S21401FB2005D4AB899A0502D4A86D05F005FFAB890B
S21401FB305B063FF51FAF09981EE703AB00932A4605
S21401FB40054B04A9304600F061F8E4E783C50200DE
S21401FB508DC50200000000002D5A020089C5020072
S21401FB6038B5294B054618680C4618B1036A0BB917
S21401FB70FFF77AFDB4F90C30190722D4DA0607D458
S21401FB8009222A6043F04003A3814FF0FF3033E09F
S21401FB90580712D5616B41B104F14403994202D072
S21401FBA02846FFF77BFE00236363A38923F0240323
S21401FBB0A3810023636023692360A38943F00803BC
S21401FBC0A38123694BB9A38903F42073B3F5007F9E
S21401FBD003D02146284605F0D6FEB4F90C3013F0C2
S21401FBE001020AD00022A26062695242A261226921
S21401FBF042B913F08000C5D138BD990758BF626974
S21401FC00A260F4E70020F7E7342100202DE9FF4742
S21401FC100F7E0C9E782F914680460C469A4601F13F
S21401FC20430207D8622F0AD8002F00F0DD80582F34
S21401FC3000F0C38004F1420684F842703AE0A7F16E
S21401FC406303152BF6D801A151F823F0A5FC01009A
S21401FC50B9FC010035FC010035FC010035FC010052
S21401FC6035FC0100B9FC010035FC010035FC010042
S21401FC7035FC010035FC0100CFFD010047FD010008
S21401FC8087FD010035FC010035FC0100F1FD010096
S21401FC9035FC010047FD010035FC010035FC010083
S21401FCA08FFD010033681A1D1B68326004F142069D
S21401FCB084F842300123A8E031682368081D3060CB
S21401FCC01E0601D50D6803E05D06FBD5B1F90050AF
S21401FCD06168002D78DA2D20002984F84300A160A0
S21401FCE02DDA5E486D420A231646B5FBF3F103FB97
S21401FCF01157C75D06F8017D2F46BB420D46F4D964
S21401FD00082B0BD12368DF0708D523696168994260
S21401FD10DEBF302306F8013C06F1FF36921B226156
S21401FD20CDF800A04B4603AA2146404605F0CEFE7C
S21401FD3001306FD14FF0FF3004B0BDE8F08723F0FB
S21401FD4004032360CDE721683368080653F8045B93
S21401FD5002D4490648BFADB26F2F4048336014BF86
S21401FD600A230823002184F843106668A660002E43
S21401FD70BADB216821F004012160002DB4D1002EE8
S21401FD80B2D11646BCE7236843F02003236034480B
S21401FD90782784F84570236831681F0651F8045B9C
S21401FDA002D45F0648BFADB23160D90744BF43F005
S21401FDB0200323601DB11023D4E72848E9E7236810
S21401FDC023F020032360F6E724480A23CDE73368AF
S21401FDD025686169181D30602E061B6801D51960FB
S21401FDE002E06806FBD5198000232361164697E7D3
S21401FDF033681A1D32601E68626800213046E0F7DB
S21401FE008FF908B1801B606063682361002384F862
S21401FE10433085E72369324649464046D04701309C
S21401FE2088D023689B0714D4E068039B9842B8BF28
S21401FE30184681E70123324649464046D0470130FD
S21401FE403FF478AF0135E36803995B1AAB42F1DC06
S21401FE50EAE7002504F11906F5E700BF94C502009C
S21401FE60A5C5020038B5064D0023044608462B609A
S21401FE7002F025F8431C02D12B6803B1236038BD7C
S21401FE807C5B012038B5074D002304460846114621
S21401FE902B6002F017F8431C02D12B6803B12360D4
S21401FEA038BD00BF7C5B012038B5064D00230446F3
S21401FEB008462B6002F00DF8431C02D12B6803B1F3
S21401FEC0236038BD7C5B012038B5074D04460846E3
S21401FED0114600222A601A4602F000F8431C02D19D
S21401FEE02B6803B1236038BD7C5B012038B5074D14
S21401FEF004460846114600222A601A4601F0F0FF21
S21401FF00431C02D12B6803B1236038BD7C5B012002
S21401FF10024B0146186805F0F9BE00BF34210020E7
S21401FF2038B5074D00230446084611462B6001F0FC
S21401FF30D2FF431C02D12B6803B1236038BD00BF3A
S21401FF407C5B0120F7B510220C460021054605F022
S21401FF50E9FC03F0FBFB2044F3F7E8FA800B02D13F
S21401FF60002003B0F0BD03F0F1FB2044F3F7DEFA06
S21401FF700307F5D52B4B1B78063B012B35D803F031
S21401FF80E5FB2044F3F7D2FA801303284FF006016D
S21401FF90204614D103F0F6FC21180822681CF3F75A
S21401FFA0FFFA0821204603F0EDFC0422211805F192
S21401FFB00900F3F7F5FA05236B730120D1E703F087
S21401FFC0E1FC2044F3F7B2FA0646F2F781F8B042B4
S21401FFD003D1F2F795F80146DFE76946304600F0AF
S21401FFE03DFB0028BCD06946D7E70621204603F032
S21401FFF0C9FC271803F0AAFB2044F3F797FA8013ED
S214020000022805F1010614BF0822022239463046AC
S21402001005F0C1FB0821204603F0B4FC2358C5F8BE
S2140200200930C8E77A5701202DE9F04385B0074624
S214020030FE180C98C91A9B1ADCB21744431C8DB2E0
S214020040A0460DF101020D3053F8041B42F8041BC2
S2140200508342F9D11B78137049238DF80030684625
S2140200606BBAADF80E3000F01BFB9DF801305C4019
S2140200708DF80140022422464FF000091BE0C2F12F
S2140200801003A8EB09019BB289B28B4228BF0B462C
S21402009000201FFA80FC11186345C9B219D81A4409
S2140200A0D2B21F44102A4B441FFA83F903D1684682
S2140200B000F0F6FA0022C845E1D812B1684600F010
S2140200C0EFFA012C4FF000020DD00124A846374665
S2140200D0D2E717F800C01DF801E08CEA0E0C0DF806
S2140200E001C00130D5E70D9B009A1A6005B0BDE845
S2140200F0F0832DE9F0478EB004460AA8894603F03D
S21402010037FF09210746204603F03CFC06462046F8
S21402011003F048FD0546002F66D10AA800F0BFFA94
S2140201200F2239460DF1190005F0FCFB01238DF86C
S214020130183003F00BFB2044F3F7F8F9801302287B
S2140201403FD00621204603F01DFC082221180DF19F
S2140201501900F3F725FA4A460DF121010020F3F7BC
S214020160F3F9042326448DF8253002AC0DF1180865
S214020170D5B39DF8273001338DF8273098E80F0065
S214020180102DA94628BF4FF010091FFA89FA84E8F5
S2140201900F00A5EB0A05204600F082FA5FFA89F9FD
S2140201A0ADB2721E2046002312F801CF10F8011BD2
S2140201B00133DBB281EA0C0199451170F4D856443A
S2140201C0D6E70621204603F0DDFB2044F3F7AEF91E
S2140201D08046F1F77DFF4045B3D06946404600F0C1
S2140201E03DFA0028ADD1702738460EB0BDE8F0873C
S2140201F02DE9FF4706460D4614461F4603F10D0934
S2140202004FF0010A15B904B0BDE8F087102DA846D4
S21402021007F1010228BF4FF010080DF1010352F852
S214020220041B43F8041B4A45F9D199F800201A70BA
S214020230684663BA01348DF800A0ADF80E30A4B259
S21402024000F02EFA6A4606EB0801304610F8016BFB
S21402025012F8013B884283EA060300F8013CF5D116
S214020260A5EB080806465FFA88F5CBE780207047BC
S21402027000F014BA2DE9F0478CB00446EFF74AFDB9
S214020280002860D000F0DAF9052840D108A803F06B
S2140202906FFE0D210546204603F074FB064695BB0D
S2140202A008A80DF1100800F0FAF921464046FFF7BB
S2140202B049FE002847D00121204603F063FB0921AE
S2140202C08146204603F05EFB0DF10C0AC7B23B46A0
S2140202D05FFA89F231462046CDE9008AFFF7A4FE8E
S2140202E043462A4604215046FFF782FFF11B434647
S2140202F00122C9B2E019FFF77BFF0D21204603F069
S21402030041FB039B235028460CB0BDE8F08700F063
S21402031095F9042819D10821204603F033FB211849
S2140203200120F3F71FF907210546204603F02AFBB2
S2140203302A4621180020F3F707F9294620460CB072
S214020340BDE8F047D5E63525DDE77025DBE72DE984
S214020350F0478CB00446EFF7DDFCF8B100F06EF91A
S21402036005284FD10721204603F00CFB235C03F03F
S2140203700703052B46D108A803F0FAFD0D21054612
S214020380204603F0FFFA8046C5BB08A804AF00F07B
S21402039086F921463846FFF7D5FD08B935252DE002
S2140203A00121204603F0EEFA09218246204603F098
S2140203B0E9FAC6B2A8EB06010DF10C093B4601228A
S2140203C0C9B2A019FFF714FF33465FFA8AF2414614
S2140203D02046CDE90079FFF727FE2A463B46042150
S2140203E04846FFF705FF0D21204603F0CBFA04220C
S2140203F02118484605F06CFA0028CFD128460CB0E2
S214020400BDE8F08700F01AF904281CD1072120461F
S21402041003F0B8FA0721204603F0B4FA21180020A8
S214020420F3F7A0F807210546204603F0ABFA411C75
S21402043021442A460120F3F787F8294620460CB0C5
S214020440BDE8F04755E67025D8E710B5044600F03B
S214020450F5F8042808BF0020207010BD38B5084CF7
S214020460002504232246294606202560EDF77CFD5A
S214020470A580F5F7F9FBBDE83840FFF7F9BE00BFE7
S214020480805B012008B5002003F042F9003818BF4F
S214020490012008BD38B5064C2568C5F30D0313B90F
S2140204A00620EDF7B1FD236801332360284638BDE8
S2140204B0805B012010B5054C04232246002106204D
S2140204C0EDF702FD23689B03236010BD805B0120CD
S2140204D0FFF7BBBFFFF7CEBE2DE9F04704460E4638
S2140204E0FFF735FF0546002840F08B80002E00F00F
S2140204F08880012003F00CF9064603F027F9204411
S214020500F3F714F8020705D448494948EB22EFF7F7
S2140205109BFBFEE703F01AF92044F3F707F8801373
S2140205200228F1D10621204603F02CFA2044F2F7E5
S214020530FDFF08210746204603F024FA2118012071
S214020540F3F710F88046F1F7C9FD874204D0394B1D
S2140205501B78053B022B36D8374E2C46B088F2F76E
S2140205608DFA8442B08836D3F2F788FA0630002134
S21402057080B2F2F791FB814600283DD0B38873B172
S214020580F2F760FA0446B088F2F75CFA8246B08860
S214020590F2F774FA51460246204605F0FCF8484641
S2140205A0F2F750FA0446B088F2F768FA044439467D
S2140205B02046F2F7C1FF4246A11C0120F2F7C4FF13
S2140205C0A6F804901DE03306C6D541463846F1F734
S2140205D01FF9B0B910E0F2F735FA00EB0409484605
S2140205E0F2F7A4FF09F1020182460120F2F7BAFFF0
S2140205F0574517D1804507D801210D20F5F74AFB4C
S21402060035252846BDE8F087B088F2F71BFA044481
S21402061039462046F2F790FF4246A11C0120F2F727
S21402062093FFEEE70634A4B298E700BFB6C5020011
S214020630BCA102007A570120805B0120014B18788A
S214020640704700BFE3210020031F012B9DBF024B12
S2140206501870002070207047E321002007B50023A1
S214020660ADF8060001220DF10600F5F751FA03B0C7
S2140206705DF804FB38B5074D002428460134F1F72F
S214020680F9FF0A2C05F10205F7D1BDE83840024809
S214020690F1F7F0BF325C0120845B0120704770479F
S2140206A010B586B00446EFF735FB05AB0293102370
S2140206B0CDE9004302492246EEF73CFD06B010BDE6
S2140206C0004440048020704710B5074B1878074B4B
S2140206D01A68002304321C46D9B2884200D810BDDC
S2140206E022F833400133F7E7D6210020C420002049
S2140206F02DE9F74F354CBDF830B09DF838A01546B9
S2140207001F46627823789A428146884606D1304B45
S2140207101B6803EBC2039B88002B52D105EB0B0030
S214020720002180B2F2F7B8FAADF800900646ADF8AE
S21402073004008DF806A08DF80380002843D0F2F757
S21402074081F92A46394605F026F83046F2F77AF954
S2140207500D99204E5A46284405F01DF81AF0040F4B
S2140207601B482CD02578637802683178AB4213D1C7
S2140207706B46026803CB637842F8350002EBC50786
S214020780327879600133B3FBF2F102FB1133637006
S214020790002003B0BDE8F08F0FFA83FC02EBC3071C
S2140207A05BB1013B52F8331042F83C1002EBC30E29
S2140207B0DBB2DEF804107960D6E74B1EF2E7657806
S2140207C0D6E73920E5E71820E3E700BFD85C01202A
S2140207D0C4200020D621002070B5084D084E002403
S2140207E02A78E3B29A4200D870BD306800EBC300A4
S2140207F00430F1F73FFF0134F2E700BFD6210020B4
S214020800C4200020074B19785A788A4201BF064B4B
S2140208101B6803EBC203988806BFB0FA80F0400953
S21402082000207047D85C0120C4200020F8B504469A
S214020830FFF7E8FF064638BB144D154F29783A688D
S21402084002EBC10398792070D878607132F83120B3
S21402085098886280F2F712F92A783B68E08003EB08
S214020860C2039888F2F7EEF82B783A68A06002EB9B
S214020870C30201339680074A1278B3FBF2F102FBF9
S21402088011332B700120F8BD0020FCE7D85C012054
S214020890C4200020D621002030B58BB00446242583
S2140208A02A46002101A805F03DF82A4600212046E6
S2140208B005F038F820460BB030BD036813F4805FAD
S2140208C002D043F480630360036813F4005F02D02F
S2140208D043F400630360704708B5C36923B100237D
S2140208E01A4602F021FB08BD0180FCE708B502F0BB
S2140208F032F808BD08B5E1F759FB08B58368C26847
S21402090053F822301878E5F775FC08BD08B5E5F708
S21402091073FD08BD08B500F0AAF808BD08B5E5F7EE
S2140209205DF808BD30B58BB0044624252A46002162
S21402093001A804F0F7FF2A460021204604F0F2FF41
S21402094020460BB030BD036813F4805F02D043F438
S21402095080630360036813F4005F02D043F400630D
S2140209600360704708B5C36923B100231A4602F034
S214020970DBFA08BD0180FCE770477047062827D8D7
S214020980DFE800F004061F0B10151A00012070475E
S21402099002298CBF002001207047022914BF0020C4
S2140209A001207047022914BF002001207047022947
S2140209B08CBF00200120704702298CBF0020012036
S2140209C07047081F80B280288CBF00200120704725
S2140209D00020704738B5054600F088FA0446012123
S2140209E02846ECF7F5F9204600F084FA38BD38B50B
S2140209F0054600F07BFA044600212846ECF7E8F9A3
S214020A00204600F077FA38BD072900D8704700B5AF
S214020A1083B0437801938379009390F90530C278C6
S214020A2001798078E3F776FB03B05DF804FB70B5D6
S214020A3084B00646084615461C4603A9ECF778FE1F
S214020A40034610B1184604B070BDBDF824300193B9
S214020A509DF82030009323462A460399304601F03B
S214020A60FDFC0346EEE708B5E2F7DAFF08BD08B577
S214020A700020E4F72BFF08BD08B5FFF7F8FF08BD16
S214020A8008B501F068FD01F072FDECF713FAFAE71B
S214020A907047704708B501F0C5FE08BD704770473D
S214020AA0704708B5EDF7B0FF08BD704708B5EDF71B
S214020AB049FF08BD704770477047704770477047D8
S214020AC07047704770477047704708B501F004FFDB
S214020AD008BD0020704700207047704708B500F038
S214020AE0ABF808BD08B5E6F71FFEEBF739FCE6F7EC
S214020AF041FFEBF7DBFBEBF71FFCEBF7E7FBE6F759
S214020B00EFFD01F072F9E6F729FFE7F7D5F8E7F708
S214020B1085FFECF727F908BD08B5E7F743FBE7F7CB
S214020B2009FFE6F7CFFEE6F7D5FE00F09FF808BD10
S214020B3008B5EAF711F800F000FCEAF71FF8EDF73F
S214020B40A7FBEDF7C3FBEDF7E5FB08BD08B5E6F737
S214020B50E9FE08BD704708B5E6F7AEFD08BD08B564
S214020B6001F08BFDEDF7CAFB08BD704708B5E6F746
S214020B7085FE08BD08B500F05BF8ECF78FFC01F0C7
S214020B806AFEEBF737FC00F0DCFBEBF7D5FEEEF780
S214020B90B7FBFFF7EBFFE6F767FD08BD01207047DE
S214020BA00120704738B5E6F77FFD0446EDF7C8FB2F
S214020BB0054600B1254601F0E2FE044600B12C4689
S214020BC0FFF7ECFF00B1204638BD38B5ECF72EFA39
S214020BD0044601F0D6FE042811D0022811D00025C2
S214020BE0E6F768FE04280FD002280FD0FFF7D8FFDA
S214020BF004280FD002280BD06DB100240BE001258B
S214020C00EEE700250124EBE70125EFE70124EDE7F7
S214020C100124F1E70024204638BD7047704708B526
S214020C200123042205210020E9F782FA002008BDEC
S214020C3008B5FFF7F4FF08BD08B500230422052116
S214020C401846E9F775FA002008BD20F07F4040EA12
S214020C5081707047012907D0022320F07F4040EAC6
S214020C60C36040EA827070470323F6E708B508209F
S214020C7000F09AF8E6F7CEFE082000F0A0F808BDCD
S214020C8000B583B000230093019301238DF8003052
S214020C90FFF7DBFF019008216846E6F773FE03B014
S214020CA05DF804FBFEE74FF4004070474FF47A709D
S214020CB0704700230360704703680B60016070474B
S214020CC0D0B18446C2B1B9B10020137883B100B561
S214020CD001F1FF3E864506D90CF8013B0132013090
S214020CE01378002BF4D100238CF800305DF804FB57
S214020CF000238CF8003070477047034648B1002046
S214020D0001E001330130884204D21A78002AF8D171
S214020D1070470020704708B54FF0FF31FFF7EDFF30
S214020D2008BD80B170B50C461546064622B119B10B
S214020D30FFF7F1FF844200D870BD2A46211A3044DC
S214020D40FFF7BEFFF8E7704708B543680BB1984750
S214020D5008BD2220FCE7704703681878704708B57C
S214020D6003681A78022A00D008BD00225A80E7F7E4
S214020D70A9F9F9E710B582B004682378022B04D0EB
S214020D80A379022B03D00223237002B010BD0021E8
S214020D906079E7F7E7FD61792079002301930093F4
S214020DA00A46E9F76FF9EEE74FF06041D1F8003EE8
S214020DB0012282401343C1F8003E002070474FF0E4
S214020DC06041D1F8003E0122824023EA0203C1F8C4
S214020DD0003E0020704708B543680068984708BD83
S214020DE008B583680068984708BD08B5C3680068F8
S214020DF0984708BD0378417801228A4003EB4303F3
S214020E001B0103F1804303F520439A61704700B546
S214020E1089B084460E9807900D9806909DF830008B
S214020E2005900B9804909DF82800039000200290ED
S214020E30019300920B4662460121E7F7A7FA09B032
S214020E405DF804FB8908002301E0043001338B427D
S214020E5005D20268B2F1FF3FF7D0002070470120AA
S214020E607047704708B50346084613F0030F02D1D1
S214020E7011F0030F0AD09200194604F08CFC0020F1
S214020E8008BD53F8041B40F8041B013A002AF8D1A7
S214020E90F5E710B582B0044601A8E9F775FC9DF89F
S214020EA0063023800123E370A370E9F79BFC6060A1
S214020EB0002002B010BD08B5E9F7C8FA08BD08B5AB
S214020EC0E9F7B4FA002008BD08B50A464118013908
S214020ED0EBF7B2FD08BD03300F2828BF0F2000072E
S214020EE0704708B5E7F7D2FE013008BDEFF3108071
S214020EF072B6704700B962B67047602383F31188F2
S214020F007047002383F311887047EFF31180602344
S214020F1083F31188704780F311887047EFF31083CC
S214020F2013F0010F05D1EFF311835F2B03D80020D6
S214020F307047012070470120704784B00B68039306
S214020F404B6802938B680193CB680093039B036004
S214020F50029B0360019B0360009B036000230393D4
S214020F6002930193009304B0704730B40D684C6846
S214020F708A68CB68056004600260036030BC704714
S214020F8030B405680468026803680D604C608A60C5
S214020F90CB6030BC704708B5FFF7E7FF08BD00B569
S214020FA085B084460B4611F0030F0DD0EE46086856
S214020FB049689A68DB68AEE80F0069466046FFF744
S214020FC0EAFF05B05DF804FB00910099FFF7E3FF26
S214020FD0F7E708B5FFF7D4FF08BD10B584B00C4696
S214020FE011F0030F0BD06946FFF7F3FFEC46BCE89F
S214020FF00F0020606160A260E36004B010BD009143
S2140210000099FFF7E6FFF8E738B50D46102A0AD032
S21402101000F1424303F580135B0100221A6024307C
S214021020FFF78BFF38BD00F1424303F580135B01E7
S21402103001221A6000F588742046FFF77EFF05F14C
S21402104010012046FFF779FFECE730B589B08646F7
S2140210500C46154611F0030F2BD0082A16D0EC4684
S21402106008684968A268E368ACE80F00206961690D
S214021070A269E369ACE80F002A4669467046FFF7A4
S214021080C3FF082D0AD008226B460DE0EC4608681E
S2140210904968A268E368ACE80F00EDE70422F3E7CC
S2140210A0002243F8042B0A46511E002AF8D109B042
S2140210B030BD00910099FFF7A7FFF8E77047704729
S2140210C0704708B50020E8F7DBFB08BD08B501202D
S2140210D0E8F7D6FB08BD70B505460E461446FFF780
S2140210E005FF2B685C4034405C402C60FFF702FF33
S2140210F070BD70B505460E461446FFF7F7FE2B6820
S2140211005C4034405C402C60FFF7F4FE70BD00F19A
S214021110424000F5801040010160704708B5E9F7CB
S214021120EBF908BD41F0800181657047CB435B0057
S21402113003F00A03C360C160704738B505460C4623
S214021140E9F7A2FBA37C1BB12B6843F080432B601C
S214021150E37C002B2CD1637B228A1343E289134360
S2140211606B60237BA26861682846E9F747FB637DCC
S2140211701BB12B6843F480332B60A37D1BB12B6815
S21402118043F400432B60E37D1B0703F0E043227E1B
S214021190120502F4E00213432B666B6F23F0300352
S2140211A06B676B6F627E13436B672378EB6038BDA9
S2140211B0217D2846FFF7B6FFCDE738B505460C4633
S2140211C0E9F762FB2A68238A43F00103A17B002920
S2140211D034D04FF480610B4313432B602B68227D7F
S2140211E0002A2DD04FF0005213432B60A37C4BBB3A
S2140211F0237B43F480536B60A26861682846E9F754
S2140212002FFB637B0BB11023EB60637D1BB12B6856
S21402121043F480332B60A37D1BB12B6843F4004359
S2140212202B60E37D1B0703F0E043227E120502F4E7
S214021230E00213432B662378EB6038BD0021CAE731
S2140212400022D1E7E17C2846FFF76CFFD0E703696E
S21402125013F0400FFBD04163036913F0200FFBD05D
S214021260C069C0B27047036913F0400FFBD04163F8
S2140212707047036813F0010F09D0836813F0020F5A
S21402128005D1836813F0010FFBD101234360704739
S2140212900B78002B3BD001234A78002A39D0022251
S2140212A013438A78002A36D04FF080421343CA7816
S2140212B09AB3042213430A798AB3082213434A795B
S2140212C07AB3202213438A796AB340221343CA7937
S2140212D05AB3102213430A7A43EA02334A7A43EA9B
S2140212E002230A7B1AB34FF0004213438A7A43EA78
S2140212F00243CA7A43EA02610023826812F0010FAF
S21402130017D047F22F52934213DC0133F5E700233E
S214021310C2E70022C4E70022C8E70022CAE700228A
S214021320CCE70022CEE70022D0E70022D2E7002256
S214021330DBE7016070470020704708B5F6F728FF24
S21402134008BD70474140012201E018440132032AD9
S21402135008D8D30021FA03F34B4013F0030FF4D05E
S2140213609B00F2E77047CAB110B58CB01446002253
S214021370089209920A920B920792069205AB029382
S21402138007AB019306AB009308ABE9F737FD18B934
S214021390099B6360079B23600CB010BD6FF086004C
S2140213A07047002070472DE9F84380468946154667
S2140213B01F46E9F70BFC0446002343600360FFF771
S2140213C095FD0646B9F1100F25D01022414620465B
S2140213D0FFF73BFE04F1800839464046FFF7DFFD83
S2140213E03046FFF787FD012D17D00623A360236939
S2140213F013F0020FFBD1FFF779FD05460899404628
S214021400FFF7EBFD2846FFF775FD2046E9F7E8FBF8
S2140214100020BDE8F8830822D8E70523A360E6E7A4
S214021420002070472DE9F0410F4616461C46002361
S214021430236005256FF0960000E0013D85B178B186
S214021440D4F800802246A6EB080107EB0800E9F76D
S21402145035FF236843442360B342EED30020ECE713
S214021460BDE8F0817047002070470020704710B436
S2140214708468C3680B4454F82310084610F8023BED
S214021480497803EB012313605DF8044B7047012390
S21402149080F88830037803B9704710B5044600F028
S2140214A04CFB21462046EAF7BFF9204600F038FBFF
S2140214B010BD38B504460D46EAF79EF96B68C4F8C7
S2140214C0B032A968204600F06EFA4FF0FF33C4F837
S2140214D0B4322046FFF7C7FF38BD10B50446D0F831
S2140214E0B432B3F1FF3F09D0D4F8B432B3F1FF3FC0
S2140214F009D194F8B83243B9012005E000F0B0FBF8
S214021500C4F8B402F0E7002010BD0020FCE708B5DE
S214021510EAF7A6F908BD1038072801D80120704757
S21402152000207047A0F11003072B00D8D8B27047EE
S21402153008B50B782D2B04D000220138EAF7ECF917
S21402154008BD012211440138EAF7E6F9F8E708B5C2
S214021550072826D8DFE800F0060B1015191D04210F
S214021560012008BD00220820EAF7D6F9F9E7002292
S2140215701020EAF7D1F9F4E700222020EAF7CCF9A6
S214021580EFE70820FFF7D4FFEBE71020FFF7D0FFC6
S214021590E7E72020FFF7CCFFE3E70846EAF738FA4A
S2140215A0DFE70020DDE72DE9F04383B00C4617465F
S2140215B01D460A9EDDF82C8021282BD8DFE800F095
S2140215C0112D445A71889EA22A2A2A2A2A2A2A2AAF
S2140215D02A2A2A2A2A2A2A2A2A2A2A2A2A2A2A2A64
S2140215E02AD3002211462046FDF71EFED8F8003008
S2140215F0C0B245F82300D8F80030326805EB830302
S21402160047F82230D8F800300133C8F80030336883
S2140216100133336003B0BDE8F08300221146204652
S214021620FDF702FED8F8003080B245F82300D8F85D
S2140216300030326805EB830347F82230D8F80030D2
S2140216400133C8F80030E2E7002211462046FDF7D3
S214021650EBFDD8F8003045F82300D8F800303268A1
S21402166005EB830347F82230D8F800300133C8F878
S2140216700030CCE7002211462046FDF759FD40B265
S214021680D8F8003045F82300D8F80030326805EB69
S214021690830347F82230D8F800300133C8F8003008
S2140216A0B5E7002211462046FDF742FD00B2D8F803
S2140216B0003045F82300D8F80030326805EB830383
S2140216C047F82230D8F800300133C8F800309EE7D9
S2140216D0002211462046FDF72BFDD8F8003045F8CB
S2140216E02300D8F80020336805EB820547F823501C
S2140216F0D8F800300133C8F8003088E7336847F876
S214021700231084E74FF000098DF80690C84601259D
S21402171012E0013510E08DF8053008F101081022BC
S214021720002101A8FDF704FD09F10203E05409F1C6
S21402173001091FFA89F90135635D7D2B09D0202B3B
S214021740E7D018F0010FE6D18DF8043008F1010851
S214021750F1E784F800904FEA192984F8019033687B
S21402176047F8234053E7336847F823104FE72DE93D
S214021770F04F87B09B460023059304938B4500F3F6
S2140217808D8007468A4616461C461D46984602E047
S2140217904FF001080134385DFF280CD02028F7D01E
S2140217A0212805D0FFF7B7FE0028F3D00546F1E75B
S2140217B04FF00108EEE781465C44B8F1000F08D00E
S2140217C0013C54456CDC002402943B46274698466E
S2140217D045E045B1013C544564DC002402943B4696
S2140217E0474698463BE0A2455ED1002402943B461B
S2140217F02F46984633E043445B78FF2B0FD02B20CE
S21402180049E0039B43445B78FF2B4FD1012706E058
S214021810029B01330293A94601E04FF0060997B9ED
S21402182056F824104846FFF792FE002842D004AB32
S214021830019305AB0093119B109A56F82410484664
S214021840FFF7B1FE0AE004AB019305AB0093119BD0
S214021850109A56F824102120FFF7A5FE01345445AD
S21402186018DA5C45D9DB029B039318F80350202D47
S214021870C1D0212DC5D02846FFF74DFE0028C7D07F
S214021880039B43445B78FF2B12D12846FFF74AFEA0
S2140218908146C4E7002007B0BDE8F08F2120FAE7B2
S2140218A02B20F8E72B20F6E72B20F4E72B20F2E795
S2140218B02B20F0E72620EEE708B5E6F7ABFB08BDDF
S2140218C02DE9F04784B081468A4690461D460C9F15
S2140218D00D9E04460EE018680F9B03930E9B029320
S2140218E0019600972B4642460121FFF7E9FF044680
S2140218F018E00C342068A8B133682A68934211DADB
S21402190057F82310FFF7D8FF0028F2D133680133C7
S214021910336063681A7BFE2ADDD001230E9A1370A9
S21402192088F8003098F800305BB90F9B1B7843B9F3
S214021930BAF1000F09D001230F9A137088F800300D
S2140219404C46204604B0BDE8F0870024F9E738B5D7
S2140219500546002402E0EAF709F9013404EB4403E1
S21402196005EB830055F8233023B1037A002BF2D01F
S2140219700134F3E738BD10B539B1084612B1EAF7BB
S214021980F5F810BDFFF7E3FFFBE7D0F89C4000E058
S2140219902468002CF5D0A0680028F9D0FFF7D7FFFE
S2140219A0F6E77047704759B10A790AB100207047C6
S2140219B010B501240C719C30FFF77EF9204610BD4D
S2140219C000207047F0B5A3B0054608461AAA19A922
S2140219D000F08AF9044610B1204623B0F0BD002379
S2140219E08DF80B300DF10B0301930DF10A030093F2
S2140219F003AB1AAA19A92846EAF716FA9DF80B307D
S214021A0013BB40B3466806F10C0711AB019309AB52
S214021A100093039B1AAA19993846FFF7A8FE0446B4
S214021A200028D9D10495199B059309AB0693039B0D
S214021A300793089704A8FFF7B4FF336804A89847EB
S214021A4004A8FFF7AFFFC7E79DF80A20014628461D
S214021A50FFF791FFC0E72D24BEE700230B6013605B
S214021A60D0F8AC32B3B3944690F8AC30A3B300B51A
S214021A704FF0010E002313E00133B3F5007F0DD2C1
S214021A800A6801320A60DCF800200132CCF8002035
S214021A90C21892F8AC200A2AEED101330EF1010EDA
S214021AA0D0F8AC227245E8D805E0DCF80020013216
S214021AB0CCF800200133B3F5007F08D2C21892F8A2
S214021AC0AC200A2A0AD0002AEFD1012000E0012029
S214021AD05DF804FB00207047002070470120F7E7FE
S214021AE070B505460024264600E0013405F1AC0038
S214021AF003F071FEA04207D92B1993F8AC301BB144
S214021B000A2BF2D10136F0E7304670BD08B5405CCC
S214021B1000F0B6F808BD08B5082000F0B1F808BD18
S214021B2010B50446D0F88C20002103F0FBFE0023FB
S214021B30C4F89030C4F8943010BD70B582B0044634
S214021B400EE02046FFF7CCFFC4F8AC0201AA6946B5
S214021B502046FFF782FF009B2344002283F8AC2036
S214021B6080212046FFF7C9F8451C04F1AC064FF465
S214021B7000713046FFF7C1F8C0F500708542E0D824
S214021B80204603F028FE451C304603F024FE421C85
S214021B903146701903F0ACFE204603F01CFE0246E6
S214021BA02146304603F0F7FD204603F014FE20449B
S214021BB00A2380F8AC300023C4F8AC3202B070BD01
S214021BC030B583B004460D46FFF78AFFB5F1FF3FF6
S214021BD013D0012D0FD1D4F8AC3283420BD201338D
S214021BE0C4F8AC320123D4F8AC2202B901230BBBF1
S214021BF0D4F8AC3203BB03B030BDD4F8AC3223B158
S214021C00013BC4F8AC320123EDE70023EBE70820E2
S214021C1000F036F8202000F033F8082000F030F804
S214021C200135204603F0D7FDA842F0D82046FFF73C
S214021C3077FFDDE70025F4E701AA69462046FFF7AD
S214021C400CFF0028D7D0009D06E0631993F8AC106D
S214021C502046EAF713FA0135019BAB42F5D8CAE7EC
S214021C6000B583B00DF10701002000F014F920B989
S214021C709DF8070003B05DF804FB4FF0FF30F9E76C
S214021C8010B50446C1B2002000F0F2F808B92046AA
S214021C9010BD4FF0FF30FBE70FB400B583B004A9C8
S214021CA051F8040B0191EDF7E5FF002003B05DF853
S214021CB004EB04B0704708B50B4601F1010C00EBCB
S214021CC00C0110F80CC0BCF1220F07D0BCF17B0F40
S214021CD004D0BCF15C0F01D0002004E0D21A1844F4
S214021CE003F006FE012008BD2DE9F84305468846A6
S214021CF0914603F070FD0646002400E001342A19DE
S214021D002B5D202BFAD0C9F800200123C8F800303A
S214021D1030E07B2B14D0D8F8003003F18043013B2F
S214021D20621C2A4449F823202227012C06D92B19A3
S214021D3013F8013C202B01D0002B49D1013404E0DA
S214021D407D27F2E70134A64246D928192B5DBB420D
S214021D5009D05C2BF6D1324621462846FFF7ABFF68
S214021D60C0B3013EEEE74378202B00D0BBBB222F48
S214021D7021D00134A64229D92A192B5D7B2BC8D043
S214021D80222BC6D05C2B19D0202BF2D10023137045
S214021D90631CB342EDD2EA18EB5C202BE9D0D8F8EC
S214021DA00030072B1FDC49F82320D8F80030013317
S214021DB0C8F80030DDE700230370DAE73246214632
S214021DC02846FFF778FF60B1013ED2E7002004E024
S214021DD0212002E0212000E02120BDE8F883212016
S214021DE0FBE72120F9E71E20F7E710B582B00024B2
S214021DF00094ADF8044002238DF805306846E7F7F4
S214021E0085FE204602B010BD70B50C461546034648
S214021E1030B15E684EB12A4621461868B04770BD9A
S214021E20EAF7C6FA03460028F3D12320F7E72DE99E
S214021E30F04182B00E4617461C46054670B18CB17C
S214021E4095B1D5F80880B8F1000F0FD023463A4670
S214021E5031462868C04702B0BDE8F081EAF7A8FA22
S214021E600546ECE701ACEBE72320F4E72320F2E794
S214021E7000B583B08DF8071001220DF10701FFF7B8
S214021E80C3FF03B05DF804FB08B50B4601461846CF
S214021E90FFF7EEFF08BD08B500230122FFF7C7FFD4
S214021EA008BD0EB400B582B003AA52F8041B019214
S214021EB0EAF78AFA02B05DF804EB03B07047002036
S214021EC07047FEE74FF400534B6000207047012036
S214021ED07047012070474FF0FF3070470020704770
S214021EE000B583B00020019001ABFFF7A0FF019878
S214021EF010B103B05DF804FB4FF0FF30F9E710B500
S214021F0014460020FFF780FF204610BD0346A0B10E
S214021F1090F838201AB190F83C00022805D093F8C1
S214021F203C00042805D001207047012283F83C209B
S214021F307047012283F83C2070470120704780F8E2
S214021F402C10704790F82C00704790F839007047B4
S214021F50037E73B330B4037A03EB43031B0103F12E
S214021F60804303F56223D3F89440C16805694B1990
S214021F709C4213D0013C8C4201D26C1E0C44234678
S214021F80026B9A4212D01A78112A09D0132A07D065
S214021F90013B8B42F4D26B1E0B44F1E70C46E9E799
S214021FA0112A14BF0022012280F83420046330BCB8
S214021FB0704770472DE9F0411646002A5ED0044667
S214021FC00D46037E002B6AD0037A03EB43031B0104
S214021FD003F1804303F56223D3F89430C1680269A3
S214021FE00A44934212D067699F4211D09F4211D28F
S214021FF0DF1BB74228BF3746FEF787FF804694F8B6
S2140220002D30002B3FD03E46002210E00B46EAE77A
S214022010617EEBE7D71BECE7206B814212D0013ED4
S2140220206369216B8B4214D0013363610132BA4279
S21402203012D261690B78112BEED0132BECD005F877
S214022040013BEDE7112B14BF0023012384F8343043
S214022050E5E701312163E7E7216BE2682369134470
S21402206099420ED06169E26823691344994214D0FA
S2140220702046EAF769FA4046FEF74DFF3046BDE8CD
S214022080F0812263EEE73A466169284603F083FB55
S21402209063693B4463613E46E4E76261E8E7002623
S2140220A0ECE72DE9F04106460F4690461C46FEF741
S2140220B02CFF0546424639463046FFF77BFF206036
S2140220C02846FEF728FF236813B10020BDE8F081FA
S2140220D01B20FBE738B50546FEF708FF044601213C
S2140220E02846EAF775FE2046FEF704FF38BD2DE9BE
S2140220F0F04704460F46154690F82C90FEF705FF6B
S21402210094F838302BB9FEF706FF00264FF0010888
S2140221100EE0FEF700FF94F83B00FFF7DBFFFEF74A
S214022120F4FE002384F83830EDE794F834307BB9B7
S214022130AE4221D294F82D30002BF6D0FEF7E5FE03
S21402214082462046FFF704FF5046FEF7E4FEECE721
S214022150B9F1000F02D03B780A2B08D0E369397830
S21402216020469847804658B901370136E0E7E369CA
S2140221700D2120469847F1E7236A01212046984719
S2140221804046BDE8F08708B5FFF7B1FF002008BD5E
S21402219038B50546FEF7AAFE044600212846EAF7A9
S2140221A017FE2046FEF7A6FE38BD10B5044690F888
S2140221B0393049B103B110BD90F83A00FFF78AFFF3
S2140221C0012384F83930F6E7002BF4D090F83A0071
S2140221D0FFF7DEFF002384F83930ECE790F838305A
S2140221E07BB910B50446036A00219847012384F898
S2140221F0383094F83B00FFF7CBFF022384F83C30DC
S21402220010BD7047026CD36C43F00403D36470476E
S21402221029B1026CD36C43F00103D3647047026C9D
S214022220D36C23F00103D364036C01229A647047D3
S21402223010B50446236C1B6913F0400FFAD0002336
S2140222401A4694F8491094F84800E7F771FF0023FD
S2140222501A4694F84B1094F84A00E7F769FF94F888
S214022260503013F0010F18D194F8503013F0020FCB
S2140222701CD1226CD36C23F00103D364226CD36C82
S21402228023F00403D3640021206CFEF74FFF0021E5
S214022290606CE6F7B1FC002010BD00231A4694F8E5
S2140222A04D1094F84C00E7F743FFDDE700231A468B
S2140222B094F84F1094F84E00E7F73AFFD9E708B5BE
S2140222C0006CFEF7D0FF002008BD10B50468206C35
S2140222D0036C13F0010F0ED1042384F83C30237EE6
S2140222E0A3B1637E13B194F82D30B3B9C36C23F057
S2140222F00403C36410BD01238364236C1B6913F0BB
S214022300200FF7D02046FFF769FFF3E7C36C23F0F0
S2140223100403C36401232376ECE7002384F83530F4
S2140223201321FEF7A0FF226CD36C43F00403D364A0
S214022330236CDB69DBB2112B04D0132B12D0132BC8
S214022340D8D102E0012384F83430237A03EB430326
S2140223501B0103F1804303F56223D3F89430013B5B
S2140223602363C7E7002284F83420E8E7013840EA0E
S214022370500040EA900040EA101040EA102040EA7E
S21402238010400130704770B504460D461E46104692
S214022390FFF7ECFFB0F5807F38BF4FF48070424203
S2140223A02240831803E04000424222408318AB4298
S2140223B0F9D33260049A1360059B186070BD28B189
S2140223C0B0FA80F0C0F11E00C0B270472020F9E7D4
S2140223D008B5EAF78BFA08B5FFF7FAFF08BDEFF380
S2140223E0108072B6704700B962B6704710B5FEF735
S2140223F07DFD0446EAF7CAFB2046FEF77BFD10BDCC
S214022400704708B5FEF75DFE08BD704770470120AD
S214022410704708B54FF41670EAF73AFD08BDD8B112
S2140224202DE9F04184B0884617461D46044600262C
S2140224308683C683EBF76EF8BDF82C3002939DF8C0
S2140224402830019300953B46324641462046EAF73D
S214022450E9FF04B0BDE8F08122207047F0B587B0EE
S2140224600D4600218DF81710D0B117461E460446B9
S2140224708183C1830DF11701EBF77CF89DF81730C5
S21402248083B9BDF8343002939DF83030019300963C
S2140224903B46002229462046EAF7C4FF07B0F0BDB5
S2140224A02220FBE70320F9E738B5FEF72EFD0546A6
S2140224B0EBF72AFB04462846FEF72DFD204638BDDC
S2140224C0F0B587B01E4600238DF8173090B30C4641
S2140224D0154607460DF11701EBF74CF89DF8173035
S2140224E053BB04A92046EBF723F9F0B9EBF706F93C
S2140224F04FF47A720023A4FB0001FCF711FCC2F52C
S2140225007A7292B2BA83B2F57A7F10D00023FB8336
S2140225100499BDF8343002939DF83030019300964A
S2140225202B460A463846EAF77DFF07B0F0BD002381
S214022530BB83EBE72220F8E70220F6E738B505462C
S214022540FEF7D4FC044601212846EAF741FC204661
S214022550FEF7D0FC38BD08B5FEF7C4FAFEF7DCFA83
S214022560FEF708FBFEF7E4FAFEF7F0FA08BD08B538
S214022570FEF7F0FAFEF7EFFAFEF7F1FAFEF7F5FAD3
S21402258008BD704700B583B0034620F0030013F081
S214022590020F0CD04FF6FF7343EA01430193042265
S2140225A00DEB0201FEF7BAFD03B05DF804FB6FEA1D
S2140225B001416FEA11410191F1E711F0010F55D186
S2140225C02DE9F04106460C46174610F0010F4FD192
S2140225D0002A50D08446531C8E4603E00CF1020CAF
S2140225E00EF1020E013B0BD0BCF800504FF6FF7105
S2140225F08D42F3D0BEF80020002AEFD04B2038E000
S214022600E7F714FF012F02D016F0020F07D0218839
S2140226103046FFF7B7FF70B902360234013F012F8A
S2140226200DD827B121883046FFF7ACFFD0B9E7F7BF
S2140226300DFF00201DE0E7F709FF4B2019E027F009
S21402264001084FEA48052A4621463046FEF766FD4F
S21402265020B92E442C44A7EB0807E2E7E7F7F6FE7C
S2140226604B2006E0E7F7F2FE4B2002E0012070471F
S2140226700120BDE8F0810020FBE708B500F038F93C
S21402268008BD01207047704708B5022802D002290B
S21402269003D008BDEFF740FBFBE7EFF743FBF8E795
S2140226A038B50546FEF722FC044601212846EAF71D
S2140226B08FFB2046FEF71EFC38BD38B50546FEF7F2
S2140226C015FC044600212846EAF782FB2046FEF760
S2140226D011FC38BD70B584B00646084615461C4641
S2140226E003A9EBF725F8034610B1184604B070BDEF
S2140226F0BDF8243001939DF82030009323462A46E5
S21402270003993046FFF78BFE0346EEE710B5044604
S214022710FEF7C0F92046E3F755FB10BD38B5044670
S2140227200D46FEF7BBF929462046E3F7ABFB38BD5C
S21402273008B5FEF7B4F9FEF7C8F908BD38B5044681
S2140227400D46FEF7AEF929462046E3F723FB38BDD1
S21402275010B50446FEF7AAF92046E3F767F910BD5E
S21402276038B504460D46FEF7A0F929462046FEF780
S214022770A8F938BD10B50446FEF79CF92046FEF7C8
S2140227809FF910BD2DE9F04F85B004460D4616465A
S2140227901F469DF83880DDF83C909DF840A0DDF895
S2140227A044B0CDF80CB0CDF808A0CDF80490CDF822
S2140227B00080FEF780F9CDF80CB0CDF808A0CDF871
S2140227C00490CDF800803B46324629462046FEF766
S2140227D07BF905B0BDE8F08F08B5FEF76DF9FEF798
S2140227E071F908BDF8B504460D4616461F46FEF7B3
S2140227F064F93B46324629462046E3F76FFCF8BDAD
S21402280010B50446FEF75BF92046E3F73FFC10BD21
S21402281008B5FEF745F908BD08B5FEF74FF9FEF70D
S21402282052F908BD08B500F01BF800B908BD00F063
S2140228304FF8032803D000F04BF8042802D1ECF737
S21402284099F9F3E700F044F80628F8D000F040F8CB
S2140228500728EBD1F3E7704708B5EFF781FA08BD12
S21402286008B5EFF785FA08BD08B5EDF725FA08BDF5
S21402287008B5EDF749FA08BD08B5F3F721FA08BD21
S21402288008B5F2F7F1FB08BD08B5F2F715FC08BD6E
S21402289008B5F1F73AFF08BD08B5F1F729FF08BDFC
S2140228A008B5F1F730FF08BD08B5EFF7E9FB08BD3C
S2140228B008B5EFF7EEFB08BD08B5EFF721FC08BD3B
S2140228C008B5EFF705FC08BD08B5EFF70DFC08BD27
S2140228D008B5EFF70FFC08BD08B5F2F701F808BD1A
S2140228E008B5EFF703FA08BD08B5EFF7E7F908BD34
S2140228F008B5EFF789F908BD08B5EFF761F908BD25
S21402290010B582B09DF814400194049C0094EFF731
S21402291039FA02B010BD08B5F1F782FF08BD08B556
S214022920EEF7BAF808BD08B5F0F7C2FE08BD08B55E
S214022930F3F7B2F808BD08B5F1F756FA08BD08B5C0
S214022940F1F76CFA08BD08B5F1F7AAF908BD08B5A3
S214022950F1F707FA08BD08B5F0F7FCFE08BD08B5A2
S214022960F1F7D5FE08BD08B584460846114662460C
S214022970EBF7D6FB08BD08B5EBF7FCFB08BD01205C
S21402298070470420704703460088B3F90020002AE7
S21402299002DB42001A8070474840FAE770B50446E8
S2140229A00E46FEF7A3FA054631462046FCF746FFDA
S2140229B004462846FEF79EFA204670BD38B5054600
S2140229C0FEF794FA04462846FCF702FD2046FEF778
S2140229D091FA38BD10B5044608B1ECF755F9204611
S2140229E0FFF7ECFF10BD00F4E040B0F5805F06D0C4
S2140229F0B0F5005F01D0002070470120704701202B
S214022A007047036823F47F4323F003030BB90020C7
S214022A1070476FF0860070470B8813B102889342A6
S214022A2008D10B6A4BB94B8853B14288934209D1FD
S214022A30002070476FF0860070476FF08600704780
S214022A40002070476FF08600704700207047002312
S214022A5003604360704700230360436070472DE9BC
S214022A60F041884614461F460022ECF707FD06464C
S214022A70F8B9D8F80050298801F4E043B3F5804F3E
S214022A800CD0EB6834EA03030BD197B13A4605F152
S214022A900C00ECF7B5FA064658B104E024F001043F
S214022AA0EFE76FF084060023C8F80030284600F0EF
S214022AB0FDFA3046BDE8F08170B504464568866882
S214022AC0284600F01FFB00B170BD284600F01CFB34
S214022AD00028F9D115F0FF0F11D1CEB904F10C0080
S214022AE0FFF78FFF0028EFD162884FF6F8739A42FD
S214022AF011D8238B012BE7D96FF08600E4E700217B
S214022B00A06800F044FA0028E8D16FF08600DBE700
S214022B106FF08600D8E76FF08500D5E7F0B583B092
S214022B200C461546194600230B602046FFF7C4FFE5
S214022B30064610B1304603B0F0BD294601A8ECF7B0
S214022B4055FC06460028F5D12F683D46A446BCE84B
S214022B500F000FC59CE8070085E807003B790BB914
S214022B60019BBB603B8B23F001033B83012138466C
S214022B7000F022FADEE738B504461546037923B19B
S214022B80826A416A00F0A5FB40B9A3682B60022165
S214022B90204600F011FA08B100232B6038BD10B5AC
S214022BA088B044685FEA142C11D1109C06940F9CDE
S214022BB005940E9C04940D9C03940C9C02940B9C0E
S214022BC001940A9C0094E8F7D5FC08B010BD6FF09B
S214022BD08600FAE741F2052398420BD9B0F5105F5A
S214022BE025D1802926D0C02926D0B1F5807F25D1CF
S214022BF000207047B0F5905F09D241F20103984277
S214022C0010D0B0F5885F0DD06FF085007047A0F544
S214022C10905080B22923C34013F0010F02D16FF007
S214022C208500704711F0070F0BD1002070476FF038
S214022C308500704700207047002070476FF08600BE
S214022C4070476FF08600704738B5436A4BB9044642
S214022C500D460120FFF7A2FE606228B1A5620020A1
S214022C6038BD6FF08A00FBE76FF08C00F8E7F8B526
S214022C7005460E4614461146FFF7E6FF074608B11C
S214022C803846F8BD22463146686A02F084FDF7E708
S214022C902DE9F84304460A9E00882AB388461F4652
S214022CA09146FFF7A0FE10B3336813B94FEAC90383
S214022CB03360356829462088FFF78CFF044680B9C2
S214022CC00735EA08B9EBD50F14D1089B9A4214D8F7
S214022CD04146384602F05FFD33680733DB08099A3F
S214022CE013602046BDE8F8836FF08504F9E76FF0BD
S214022CF08504F6E76FF08604F3E76FF08904F0E7E1
S214022D0010B584B044685FEA142C09D1089C02947A
S214022D10079C0194069C0094FFF7BAFF04B010BD0E
S214022D206FF08600FAE710B50446406A10B1A16A51
S214022D30FFF750FE00206062A06210BD38B5044660
S214022D40FFF7F1FF94F82030043BDBB2012B09D8E1
S214022D500546E3694BB92C220021204602F0E2FD2B
S214022D60284638BD6FF09605F5E76FF09605F2E750
S214022D7040B110B50446042100F01EF92046FFF7C4
S214022D80DDFF10BD704738B590F82030052B17D1FF
S214022D9004460379FF2B07D06BB900252046FFF7C0
S214022DA0CDFF00B9284638BDFFF7C8FF0028FAD184
S214022DB06FF08400F7E7806800F022FA0546EDE738
S214022DC06FF08800EFE708B90020704700B583B0BF
S214022DD0012201A9ECF752FB10B103B05DF804FB27
S214022DE0019800F05DF918B10198FFF7CCFFF4E7FF
S214022DF06FF09900F1E730B583B005460C460846F9
S214022E0000F087F800231A4601A92846FFF727FE96
S214022E1008B103B030BDA446DDF804E0BEE80F00FA
S214022E20ACE80F009EE807008CE80700238B03F04F
S214022E3001032383019800F039F9EAE72DE9F0410E
S214022E4088B01D460023079306932B60002A5AD0AB
S214022E5004460E469046B2F1005F57D206AB07AA6A
S214022E6001460020FFF75AFE0746002833D107988E
S214022E70436A5BB3079A53880593536A05A902917E
S214022E8002F128010191926A00924246314620469A
S214022E90FFF736FF0746F0B9079A538853BBBDF8CB
S214022EA014305380059A4FF6F8739A4228D8079E34
S214022EB021463046FFF7B0FD074660B92A46069916
S214022EC03046FFF758FE074648B104E063681B0A1F
S214022ED009D06FF0860706990798FFF749FF38462C
S214022EE008B0BDE8F0814146FFF7AEFE074600286F
S214022EF0C0D0F0E7059A9342D4D06FF08607EAE78F
S214022F006FF08507E7E76FF08607E8E76FF085075B
S214022F10E5E710B50446C069FFF750FD24220021FC
S214022F20204602F0FFFC10BD2DE9F041044688461B
S214022F301E4673B90027E06920B1FFF73FFD002364
S214022F40E3612362E7612662A4F800800020BDE800
S214022F50F081154619460120FFF720FD074620B1ED
S214022F603246294602F017FCE5E76FF08C00EEE7E2
S214022F70036813F4805F02D043F48063036003683F
S214022F8013F4005F02D043F4006303607047421EEE
S214022F906FF040439A4207D341B1B0F1804F07D356
S214022FA0002807DA0020704701207047084670475D
S214022FB0002070470120704790F82030052B30D84B
S214022FC0DFE803F0030C151E332E4B1EDBB2012B7B
S214022FD027D9042925D06FF087007047022920D010
S214022FE005291ED004291CD06FF0880070470329DB
S214022FF017D0052915D0042913D06FF08800704722
S214023000022908D005290CD004290AD0032908D0A1
S2140230106FF088007047C3691BB16FF08800704775
S21402302051B980F82010002070470529F9D00029F0
S214023030F7D06FF0880070476FF08800704730B5A1
S21402304083B005460023019300936A4601A900F067
S21402305075F9044638B10099019800F06BF94CB145
S214023060204603B030BD009A01992846FFF7FFFDBF
S2140230700446F0E702212846FFF79EFF0446EFE7E4
S21402308010B504460321FFF797FF28B9E369B3F1A9
S214023090FF3F02D00133E36110BD6FF09600FBE7FD
S2140230A0C3690BB1002070470120704710B338B5D2
S2140230B0044690F82050032D03D0052D01D0042D90
S2140230C01AD1E369DBB1013BE3612046FFF7E8FF73
S2140230D038B1052D06D0042D08D002212046FFF770
S2140230E06BFF38BD2046FFF74EFEFAE72046FFF795
S2140230F025FEF6E7002070476FF08800F1E76FF0D4
S2140231009600EEE70020704710F0FF0006D0FF287A
S21402311001D0002070476FF086007047002070478D
S2140231200021704710B582B00C46FFF7F9FF6A46D9
S214023130FEF719F908B9009B236002B010BDF0B57E
S21402314087B00E461446FFF7EBFF07460D460023F0
S214023150039304AAFEF707F908B107B0F0BD03AB64
S214023160019300962346002238462946E7F772FF67
S214023170039BA342F1D06FF09800EEE700B583B050
S214023180FFF7CEFF6A46FEF7EEF810F18C0F03D07B
S214023190012003B05DF804FB0020FAE72DE9F041B8
S2140231A084B0054688461746FFF7BAFF06460C4621
S2140231B02846FFF7E3FF01281CD00023009343466E
S2140231C03A4630462146E7F7D5FEB0B902AA30465F
S2140231D02146FEF7C8F8054620B9029BBB4205D039
S2140231E06FF0980530462146E7F792FF284604B06E
S2140231F0BDE8F0816FF08A05F8E76FF09805F5E70D
S21402320070B582B0FFF78CFF05460C466A46FEF79D
S214023210AAF810F18C0F10D028462146E7F778FF5F
S214023220064660B96A4628462146FEF79CF810F123
S2140232308C0F07D1304602B070BD0026FAE76FF059
S2140232409806F7E76FF09806F4E72DE9F843089E2C
S21402325023292FD904460D4690461F46ECF768F9F7
S2140232608146C0B9A36843BB216A3960243D8D42BA
S21402327026D3B1F5005F26D281B9C8F80030E368DC
S2140232807360238A3380638A73806369F360A369F9
S2140232903361E36973614846BDE8F8830120FFF7AE
S2140232A07DFBC8F8000088B13A6804F1240102F0F8
S2140232B072FAE4E76FF09809EDE76FF09809EAE72B
S2140232C06FF09809E7E76FF09809E4E76FF08C096A
S2140232D0E1E72DE9F04109B305461446884602B3F4
S2140232E0B2F5005F20D202F1240631460120FFF734
S2140232F055FB0746D8B103462A4621464046ECF718
S21402330023F932463946A868FFF748FF0446314695
S2140233103846FFF75FFB2046BDE8F0816FF0860473
S214023320F9E76FF08604F6E76FF08D04F3E76FF0C7
S2140233308C04F0E708B5FFF74DFB08BD2DE9F04316
S21402334085B004468846174600200390A66803A95F
S2140233503046FFF7E7FE054618B1284605B0BDE839
S214023360F08303990120FFF719FB814608B3039AFD
S21402337001463046FFF7E3FE054620B1039948466C
S214023380FFF728FBE9E700943B4642460399484686
S214023390FFF75BFF05460028F0D1D8F800302BB1C6
S2140233A03B68002BEAD16FF09105E7E76FF09105D5
S2140233B0E4E76FF08C05D0E7704720B108B50A68DD
S2140233C04968904708BD70470146002008E000EBB8
S2140233D08000531C0B60137803EB4003A3F130000C
S2140233E00A681378303BDBB2092BF0D970472DE917
S2140233F0F04F83B005460E4693461F46DDF830A0D2
S2140234000D9CDDF838900F9B13F0030F19D1A046E0
S2140234100192C84509D202F1010B3B4631462020F3
S214023420A84708F101085A46F3E7DDF804B008E0B9
S214023430013C02F101083B4631461AF80400A8474F
S2140234404246002CF4D10F9B13F0020F03D1104614
S21402345003B0BDE8F08FA2EB0B034B45F7D2541C2A
S2140234603B4631462020A8472246F4E72DE9F043A2
S21402347085B099460C9D0D9C9DF83880DDF840E09D
S214023480119F129E16F0020F21D17FB116F0010F86
S2140234900CD0B8F1000F02D116F00C0F06D0013F87
S2140234A004E04FF0300C05F804C00134744501D234
S2140234B01F2CF6D916F0010F09D0BC4207D21F2CDA
S2140234C005D84FF0300C05F804C00134F2E716F0C8
S2140234D0100F14D016F4806F04D11CB1744522D09C
S2140234E0BC4220D00F9B102B36D00F9B022B3ED017
S2140234F01F2C0ED84FF0300C05F804C001341F2CD8
S21402350007D8B8F1000F3AD04FF02D0C05F804C0DA
S214023510013403960297019400954B46FFF767FF26
S21402352005B0BDE8F083B4F1010C13D00F9B102B4D
S2140235300ED064460F9B102BD7D116F0200FD4D096
S2140235401F2CD2D84FF0580C05F804C00134CFE730
S214023550023CC7E76446C5E716F0200FEAD11F2CE7
S214023560E8D84FF0780C05F804C00134C0E71F2CE9
S214023570CFD84FF0620C05F804C00134B8E716F055
S214023580040F05D04FF02B0C05F804C00134C0E739
S21402359016F0080FBDD04FF0200C05F804C0013419
S2140235A0B7E7F0B591B0169C189D1B9E0CB926F095
S2140235B0100616F4806E16D064B34FF0000E12E0BA
S2140235C00CF1300C5FFA8CFC0EF101070EF1400E86
S2140235D0EE440EF820CCB4FBF5FCAC421BD31F2FF6
S2140235E019D8BE466446B4FBF5FC05FB1C4C5FFAD4
S2140235F08CFCBCF1090FE3D916F0200F08D0412746
S214023600BC445FFA8CFCACF10A0C5FFA8CFCDBE77C
S2140236106127F5E7274606961A9C0594199C04949A
S21402362003959DF85C400294019708AC0094FFF75E
S2140236301DFF11B0F0BD2DE9F04F95B009900A912B
S2140236400B929846DDF878B0DDF87C90229D239F99
S214023650269E5BEA090201D126F0100616F4806463
S2140236601ED05BEA09022FD0002419E03032D3B212
S21402367004F1010A04F150020DEB020404F8203CA6
S2140236802A463B4658464946FBF74AFBAB4579EB8A
S21402369007091BD3BAF11F0F18D85446834689462A
S2140236A02A463B4658464946FBF73AFBD2B2092A17
S2140236B0DCD916F0200F05D041231344DBB20A3BB7
S2140236C0DBB2D5E76123F8E74FF0000A0696259BA2
S2140236D00593249B049303959DF880300293CDF8BE
S2140236E004A00CAB009343460B9A0A990998FFF77D
S2140236F0BDFE15B0BDE8F08F00B9704708B500F002
S21402370001F808BD08B501460020FEF7B1FB08BD6A
S21402371003280DD8022809D0032803D0012803D095
S214023720FCF7A4BDECF7B0BEEDF75EB8FCF7CABF77
S214023730FF20704743081F220BB99040704703F0E2
S214023740010141EA4000013A5B08F5E708B5DDF7FA
S2140237503FFB20B9DDF74AFB0130C0B208BD0420AA
S214023760FCE710B50446DDF733FB40B121460120E5
S214023770EFF7F8FEFFF7DEFFC0F3CA1010BDDDF765
S21402378035FB38B12046EFF7D1FEFFF7D3FFC0F383
S2140237900A40F3E72078F1E708B5DDF719FB08B130
S2140237A0042008BDDDF722FB0028F9D10220F8E745
S2140237B008B5DDF70DFB10B14FF4006008BDDDF76C
S2140237C015FB0028F8D18020F8E737B505460C46E9
S2140237D0DDF7FEFA88B10DF10700DDF715FD9DF85D
S2140237E00700E40144EAC040FFF7A4FF2946024668
S2140237F00120EFF7A9FE03B030BDDDF7F7FA60B19E
S214023800C4F30A0444F40060FFF794FF010C284650
S21402381003B0BDE83040EFF78FBE2C70EBE72DE922
S214023820F74F0C9D0E9E019304469346BDF834A0B6
S214023830BDF83C90BDF840700091FFF787FF04EB9F
S2140238400008307A95F808C0019B4BEA803242EABB
S2140238508C2212B20BB142F01002009B9907009B19
S21402386048BF42F0200213F0010318BF42F00802DC
S214023870CA45019391B203D110B142F0400291B20F
S2140238804046EFF759FE2A7A08F1030B2AB158464A
S2140238905146EFF751FE08F1050B2A7A022A3ED16D
S2140238A058462988EFF748FE0BF1020B337A3BB1F4
S2140238B0CA4505D058464946EFF73EFE0BF1020BC5
S2140238C0337A022B36D158463188EFF735FE0BF1A4
S2140238D0020B019BABEB0406B6B2B3B33946009AB1
S2140238E05846FCF7F5FDFCF7A9FE05378046FFF7BC
S2140238F053FF3E44B6B28519FFF728FFA8F1050329
S214023900ADB2D3F1000848EB0308291A01EB88018F
S21402391089B2204603B0BDE8F04FFFF756BF032A30
S214023920C4D12A68CBF800206A68CBF804200BF1D1
S214023930080BBBE7032BCCD13368CBF80030736897
S214023940CBF804300BF1080BC3E7FFF725FF3E4424
S214023950B6B28519FFF7FAFEADB2291AD8E738B51E
S21402396081F0010141EA02120446BDF8101000F887
S214023970012B1D46EFF7E0FD2946E01CBDE8384066
S214023980EFF7DABD73B500230C468DF80430064611
S214023990FFF7DCFE8DF80500FFF7D8FE02308DF843
S2140239A00600FFF7D3FEC51CEDB2032C8DF80750B8
S2140239B007D804F108030DEB030414F8040C02B054
S2140239C070BD0D2C0DD1FFF7C1FE04463046FFF741
S2140239D0C8FE0546FFF7E0FE043D2C44241AA0B2BA
S2140239E0EDE7FFF7B3FE3044EFF7A0FD10F4406FAB
S2140239F00246C0F3812310D1042C2846DFD0052CC2
S214023A00DDD0C2F38F31A9B9062CD8D0072CD6D078
S214023A10082C1FD1013080B2D1E7042C05F1020038
S214023A20CDD0022B01D1281DE9E7032B08BF05F1F3
S214023A300A00E4E755065CBF831C98B2062CBED08B
S214023A40022902D1831C98B2E0E70329DED100F1F5
S214023A500803F8E7130744BF053080B2092CAED03E
S214023A600A2CD7D00B2C01D10330D4E70C2C01D171
S214023A700530D0E74FF6FF70A1E738B50C4605468D
S214023A80FFF764FE2044EFF751FD80131DD0FFF7C9
S214023A905DFE2044EFF74AFD8013022809D1287202
S214023AA006212046FFF76EFF2044EFF73FFD2880F1
S214023AB038BD06212046FFF765FF23582B602218E3
S214023AC053686B6003232B72F2E72872F0E738B56F
S214023AD00C460546FFF73AFE2044EFF727FD10F4A2
S214023AE0406FC0F381231CD0FFF730FE2044EFF76F
S214023AF01DFDC0F38120022809D128720421204628
S214023B00FFF740FF2044EFF711FD288038BD04215F
S214023B102046FFF737FF23582B60221853686B6046
S214023B2003232B72F2E738B50C460546FFF70EFE66
S214023B302044EFF7FBFC800B2FD0FFF707FE204454
S214023B40EFF7F4FC430628D401232B760521204602
S214023B50FFF718FF2044EFF7E9FCA882FFF7F6FD0F
S214023B602044EFF7E3FC10F4406FC0F3812317D034
S214023B7001236B7603212046FFF704FF2044EFF76C
S214023B80D5FCE88221462846FFF777FF214605F155
S214023B900A00BDE83840FFF79ABF00232B76DDE720
S214023BA06B76EFE770B50546FFF7D0FD2844EFF7D2
S214023BB0BDFC02071ED5FFF7C9FD06462846FFF7DD
S214023BC0D0FD092104462846FFF7DCFE0721361AF7
S214023BD02846FFF7D7FE2D5C05F007056B1F5D42F2
S214023BE05D41FFF7D9FD3444A4B2AD00201A401B54
S214023BF080B270BDFFF7AAFD06462846FFF7B1FD64
S214023C00092104462846FFF7BDFE361AFFF7C4FD13
S214023C103444A4B2201AEBE7F8B50D46092106464D
S214023C20FFF7B0FE34183046FFF7BCFF032826D94C
S214023C30E31CA47814F004041FD004EB44020532FB
S214023C4082421CD8032101FB0434631C1C7804F056
S214023C500401241104F0040401EB8407214408291A
S214023C604FEA470602EB470209D0824207D80DB157
S214023C70801A2870721C9818F8BD0422E6E7002005
S214023C80FAE7F0B587B00C46054616461F46EEF72D
S214023C901FFA22464FF6FF7403460095002104A839
S214023CA0A5420CBF04240624FFF759FE344366B926
S214023CB09DF830300093CDE9017404AB0522002153
S214023CC02846F0F7A9FF07B0F0BDFCF7DBFB00289B
S214023CD0EED13820F7E72DE9F7430D460C21914641
S214023CE01E460746FFF74EFE04463846FFF75AFFC3
S214023CF08046EEF7EDF9484522D1384600F00CF939
S214023D00F0B109213846FFF73DFE3A5C1211013A3E
S214023D103C44052A14D8DFE802F003162129343B76
S214023D202046EFF703FCD4F806100746D4F8020044
S214023D306B4603C36A46334639462846EDF7B4FE59
S214023D4003B0BDE8F083002DFAD12046EFF7EEFB74
S214023D50314603B0BDE8F043ECF718BF002DEFD1B3
S214023D60304603B0BDE8F043ECF7F6BDA8F1050314
S214023D70DBB222463146284603B0BDE8F043EDF7F3
S214023D8071BE3146284603B0BDE8F043EFF774BE75
S214023D903146284603B0BDE8F043ECF723BE38B5FB
S214023DA00C46054609212046FFF7ECFD235C1B1155
S214023DB0052B02D0062B0DD038BD0A212046FFF770
S214023DC0E1FD2044EFF7B2FB01462846BDE8384045
S214023DD0ECF7E2BD2846BDE83840EFF76FBE10B5F7
S214023DE00C4686B0014603A8EFF7A6FB2368CDF87B
S214023DF00E306368CDF81230FCF744FB0A23024605
S214023E000093012103AB0020FFF73BFF06B010BD75
S214023E1030B585B0044603A81546EFF78DFB0221A0
S214023E20009103AB2A462046FFF72BFF05B030BDB4
S214023E3007B500230A4600930321FFF722FF03B0CB
S214023E405DF804FB37B50D460446FCF71BFB0095F0
S214023E500246234604210020FFF713FF03B030BDBD
S214023E6007B500230A4600930521FFF70AFF03B0B1
S214023E705DF804FB07B500230A4600930621FFF708
S214023E8000FF03B05DF804FB38B509210446FFF7CE
S214023E9079FD05462046FFF785FE024690B1605D35
S214023EA0072809D8E0B1431E062B0BD8DFE803F03B
S214023EB00C1C0A1E0A0A1E007E2819D07F2819D05A
S214023EC07D280ED000200BE0022AFBD1FFF73EFC35
S214023ED02044EFF72BFB8013032814BF0020012099
S214023EE038BD042AEED9F1E7042AF6E7012AF4E7F8
S214023EF0022AF2E7092AF0E708B5FFF753FE04287C
S214023F0094BF0020012008BD08B5FFF74BFE052828
S214023F1094BF0020012008BD38B50546FFF742FED3
S214023F200538C4B209212846FFF72CFD2B5C1B116D
S214023F30013B052B11D8DFE803F0050A030C030347
S214023F40012038BD0A2C14BF00200120F9E7022CFC
S214023F50F9E7E04300F00100F3E70020F1E708B5D7
S214023F600246102300210120E9F7FEFF002008BDCB
S214023F7008B50246102300210120E9F7A5FF00201C
S214023F8008BD4369406CDA1C1438B2FBF0F203EB4E
S214023F90C203CA1DB2FBF0F2013201EBC2010333C7
S214023FA0B3FBF0F3023300FB0310704738B54469E5
S214023FB005462146FFF7E5FF6A6CE31D143AB3FB9C
S214023FC0F2F3013304EBC304204438BD73B506464E
S214023FD00D460024F36B01225B6901A92819984754
S214023FE0019B013309D1736C043462196A405B4247
S214023FF01A42EFD0204602B070BD0024FAE770B530
S21402400005460C46E4F752FDEB6B2046DB68BDE83E
S2140240107040184770B5002586B004460562E3690D
S214024020AB4202D8206A06B070BD666C2068E36BAD
S21402403005225B6901A906FB0500984701A800F066
S21402404012FC00F035FC10B1236A013323620135FD
S214024050E5E738B50446456C006804F1400305FB05
S2140240600101E06B00F031FC05462046FFF7D2FF67
S214024070284638BDF0B5054687B00026EC69013CF7
S214024080B44203D80C46204607B0F0BD01B14C1E20
S2140240906F6C2868EB6B05225B6901A907FB0400BD
S2140240A0984701A800F0DFFB00F002FC0028EAD1E6
S2140240B001362146E2E7F0B50446466CE36B00683B
S2140240C05B6987B00D46052201A906FB05009847E5
S2140240D001A800F0C8FB00F0EBFB20B101A800F03D
S2140240E099FB07B0F0BD29462046FFF7C3FF676C71
S2140240F0E36B064620685B69052201A907FB0600FA
S214024100984701A800F086FB431CEAD0B54238BFA8
S2140241100130E6E72DE9F043D0F824804FF6FF7928
S21402412087B004460E46C84514BF454600250027FC
S214024130E369BB4202D807B0BDE8F083E26B2368AE
S214024140606CD2F814C001A9052200FB0530E047D6
S21402415001A800F088FB022806D0C8450CD1721CC4
S21402416029462046FFF775FFE36901350137B5FB9F
S214024170F3F203FB1255DBE729462046FFF79BFFC7
S214024180B0F1FF3F14BF024632460132E8E7F0B50F
S214024190036887B006460025CC1A436CB4FBF3F4DA
S2140241A0F3693768706C5A1E954208D3706C336890
S2140241B000FB043007B0BDE8F04000F084BB0134D9
S2140241C0B4FBF3F203FB1244F36B05225B6901A90D
S2140241D000FB0470984701A800F045FB00F068FB5E
S2140241E00028E3D10135DBE710B423F003042244B0
S2140241F09B070A44436C18BF04325B4282EA0104FE
S214024200234203D05DF8044BFFF7C1BF10465DF8AA
S214024210044B70472DE9F041D0E90A369E4286B03B
S214024220044628D1C3694568142202FB1355284662
S21402423006B0BDE8F0812068676CE26B331AD2F8EC
S2140242401480B3FBF7F3052201A907FB0300C0475E
S21402425001A800F008FB012804D0636C1D44013B52
S2140242603340ED1A31462046FFF791FF0646A36A11
S214024270B342E0D1DBE70025F9E7F0B5002587B0C9
S21402428004462E46E369B34202D8284607B0F0BD7C
S214024290636C276803FB0677E36B05225B6901A95B
S2140242A03846984701A800F0DEFA00F001FB58B144
S2140242B0384600F008FB01462046FFF787FE636C8F
S2140242C0143B834208BF01350136DBE708B50830E8
S2140242D01346D1E90012F3F737F9012008BD13B5EA
S2140242E00C46002121760093616813462246F1F7B8
S2140242F0F3FC18B1E37D03B1A07EA075A07D02B0E9
S21402430010BD73B500F1080516460C460DF10702FE
S2140243100968284600F0A3F9032E06D16368834293
S21402432003D12168284600F080F9012002B070BD52
S214024330D01E009B42424241187E824211D11A6828
S2140243408A420ED85A688A420BD35A6901325A6197
S214024350D3E9030282423FBF986840F82210013236
S2140243601A610120704710B5032A029C07D1A26A7F
S2140243705340626C5242134201D100F056F90120BA
S21402438010BD08B5C36800209847BDE80840E4F7AA
S21402439095BB70B5002401281C7014BF04200220AF
S2140243A0CC7D4243101D02F002024CB91AB1012222
S2140243B020F003001A7000F108034868184470BD24
S2140243C01AB1012220F003001A700C7E002301F1BC
S2140243D02005DAB2944201D80020F0E735F83320FF
S2140243E0824203F1010606D901EBC30300F108027B
S2140243F0D8691044E3E7801A3346EAE773B590F8C3
S214024400426005461C4630460DF10303FFF7C1FF26
S214024410EB6B012E5B690DD1324601A998479DF8D8
S214024420033013B1BDF806300193BDF804302360A3
S21402443002B070BD0122214602B0BDE870401847A6
S214024440F0B5054687B04868EB6B00245B690294BA
S2140244500E46012202A908309847274695F84230B0
S214024460012B40F08480632C02D9029807B0F0BD7D
S214024470612C08D805AB224631462846FFF7BEFF18
S2140244809DF814301BB305AB2246314628468DF8FC
S2140244901070FFF7B3FF95F84230012B059B55D1FC
S2140244A04FF6FF72934200F09680082205A904A8F0
S2140244B000F060F9059B9DF81010C3F307229142A5
S2140244C040F08980DBB2029A1A44029283E095F8A1
S2140244D04230012B30D103AB224631462846FFF745
S2140244E08DFF04AB621C31462846FFF787FF05ABFB
S2140244F0A21C31462846FFF781FF102208230DEB47
S21402450002010DF107008DF8073000F033F9102292
S21402451005A90DF1070000F02DF9039BDAB2002A77
S21402452052D19DF80720B2EB132F4DD1DDE90432AC
S21402453003EB0243029347E0302C2BD944E09DF86C
S2140245400720B2EB134F3FD1049BF3E7013342D06F
S214024550102205A90DEB020000F00CF9059B9DF850
S2140245601010C3F30742914235D19BB2ABE7312C10
S2140245703FF67BAF87D005AB224631462846FFF78B
S2140245803DFFBDF81430002B7FF47DAF95F8423026
S214024590012BA0D003AB224631462846FFF72EFF5A
S2140245A004AB621C31462846FFF728FF1023202260
S2140245B00DEB03010DF107008DF8073000F0DAF875
S2140245C0039B9AB2002ABAD095F84230012B14BF48
S2140245D0012302231C44013440E713B5002401944E
S2140245E0049C0094F1F718FF02B010BD13B5012425
S2140245F00194049C0094F1F70FFF02B010BD30B591
S214024600446800234FF0FF329C4202D1002303721B
S21402461030BD016801EBC30541F833206A600133FF
S214024620F2E7C0E90012FFF7EABFF0B545680023DB
S2140246309D4211D0046854F83320B2F1FF3F4FEA8E
S214024640C30704EBC30608D0C2F31302914204D197
S2140246504FF0FF33E3517360F0BD0133E8E7F0B586
S214024660456800239D4202D14FF0FF300FE00468F8
S21402467054F83340671C4FEAC30609D0C4F3130745
S214024680B94205D1240D1470036833445868F0BD4E
S2140246900133E7E713B50446002301461B220DF15A
S2140246A007008DF8073000F065F822689DF807309D
S2140246B0B3EBD26F0CBF0120002002B010BD13B5C1
S2140246C000230446014620220DF107008DF807302C
S2140246D000F050F80DF107001A22211D00F04AF8EA
S2140246E062689DF80730B3EB926F0CBF0120002082
S2140246F002B010BD0068431C58425841704700681B
S21402470010F07E0F0CBFC0F3C16000207047006837
S214024710C0F3D3107047006800F07F0001288CBFFA
S214024720002001207047036813F07E0F14BF042098
S21402473008207047036813F07E0F03D1406820F00C
S2140247407C40704713F078001CBF03F07F03D81F2D
S2140247507047006800F07F007047032809D00228DF
S21402476003D1C1F10201C8B2704700290CBF07206D
S214024770002070471F2A0B689EBF4FF0FF31914002
S2140247808B43590801F055315B1A03F033319B080D
S21402479003F033330B44017803EB13130A4403F09C
S2140247A00F334FF001314B43A2EB13620270704796
S2140247B037B501F10C0443690546694601222046D5
S2140247C09847BDF8003001930122AB6901A9204643
S2140247D0984703B030BD37B501F10C044369012296
S2140247E06946054620469847009B4FF6FF7299B2E7
S2140247F091420DD11B0C1B0443F4254343F0A50341
S21402480001930122AB6901A92046984703B030BD47
S2140248100020FBE737B504461B22011D00250DF1DB
S21402482007008DF80750FFF7A5FF60689DF8072080
S214024830B2EBD06F03D120F0784003B030BD0DF15B
S21402484007001B2204F108018DF80750FFF792FFBC
S214024850A0689DF80730B3EBD06F01D1C043EAE7FA
S2140248604FF0FF30E9E703684BF29A22B2EB134FA0
S21402487010B5044613D19BB2012B13D1FFF7CAFF22
S21402488001300CD0E0684FF6FF72B2EB104F4FEAE1
S214024890104309D180B2C01A18BF012010BD236888
S2140248A0013303D00420F9E70220F7E70320F5E7F7
S2140248B001288CBF002001207047033801288CBFD6
S2140248C0002001207047143070472DE9F04105465C
S2140248D09846036908460E4617469847044638B96E
S2140248E043463A4631462846F2F70AFF044618B1CE
S2140248F031462846FFF75CFF2046BDE8F0810220DD
S2140249007047002070470120704700207047002043
S214024910704701207047F9F74DB908461146F3F77C
S2140249205BB870B505460C4611461A46F2F75CFFB0
S21402493006682B462046B446BDE87040604710B570
S214024940F2F752FFBDE81040836818470023F2F7DB
S214024950A9BF08B500F028FD002008BDF5F73ABD4E
S2140249604942FFF7FBBF70B504460D4616464FF4A4
S214024970881100F087F9324629462046BDE8704085
S21402498000F057BB7047431E012B03D9031F584242
S214024990584170470120704700F067BB4FF4A4727D
S2140249A0002100F0BFBF10B500210446FCF795F8C1
S2140249B02046BDE81040F8F7CDBDF7F767BF00F018
S2140249C092BC00F0A0BCD0F88C0070B5C46800237E
S2140249D024259C4201D1012070BD826805FB03227A
S2140249E0D6898E4202D8128A8A4201D20133F0E771
S2140249F00020F1E7F8B505460E46F2F7AFFFD5F808
S214024A008C307BB15B696BB1F5F708FCD5F88C305E
S214024A105B691B1A584240F26B124FF04201584132
S214024A20F3F7C8F9F76800224FF6FF734FF0240C2D
S214024A30D0B2B84208D31C4621462846F3F71EF9E0
S214024A4000F016FB2046F8BDB1680CFB0011CC89BD
S214024A509C4202D2002CEFD023460132E8E7008BBC
S214024A6070470A7838B505461046FFF78CFF60B1E6
S214024A704C782046FFF787FF38B12243530704D409
S214024A802846BDE83840F8F735B9012038BD10B5DC
S214024A9004460878FFF777FF58B14A781046FFF7C2
S214024AA072FF30B1042A04D02046BDE81040F8F761
S214024AB059B9012010BDF7F78FBE10B4BDF80440F7
S214024AC001945DF8044B00F036BDF7F7F9BF38B530
S214024AD004460D46F3F7D2F828B929462046BDE823
S214024AE03840F7F7C1BF38BD70B504460D461646C6
S214024AF0F3F7C4F830B9324629462046BDE870407E
S214024B00F6F7C0BD70BD70B516460C46FCF7EEF95A
S214024B10314605462046F6F7A7F904462846FCF72E
S214024B20E9F9204670BD052A2DE9F04106460C46F5
S214024B3015461F462BD8FFF792FF21468046304681
S214024B40F3F79CF8044638B9F7F72AFF38B9414616
S214024B503046F3F793F802242046BDE8F08101219F
S214024B600846F2F739FF204600F080FAF5F7F2FC25
S214024B703846F7F781FD6FF029032B41DB072846FD
S214024B8002D4F5F759FDE7E7F5F78EFDE4E70124D1
S214024B90E2E738B5044648880D4600F067FAD4F8CE
S214024BA0A0302BB929462046BDE83840F8F710B9A0
S214024BB0022038BD00F05BBA00F0E6BB73B50446CF
S214024BC000200D4600F052FAD4F8A060694620464E
S214024BD0FFF7F2FF5EB99DF800102A462046E5F779
S214024BE09BFE0146204600F09BFB02B070BD0023F0
S214024BF01A4629462046B047F7E71FB50023039317
S214024C00CDE9013368461368009314468DF80C10FC
S214024C10F7F7C0FD009B236004B010BD1FB500234C
S214024C20CDF80630CDF80A30ADF80E30ADF80410E7
S214024C301368009369461446F8F740F8009B236011
S214024C4004B010BDF4F772BD38B504460D46FCF745
S214024C504DF900232563E362BDE83840FCF74AB904
S214024C6038B505460C46FCF741F92B6B1C40EB6A3F
S214024C702343EB62FCF73EF9211E18BF01210020F8
S214024C80490238BD38B504460D46FCF72FF9236BAA
S214024C901D40E36A23EA0505E562FCF72BF9284680
S214024CA038BDC06A70477FB504460E4600F04CFA1F
S214024CB0431EDBB2FD2B05464FF48811204688BF03
S214024CC00096FFF7DFFF2A466946204600F09DF968
S214024CD004B070BD10B501210446FFF7D3FF20468D
S214024CE0BDE81040F5F722BF73B50D7806460C46B0
S214024CF035B304238DF8043023798DF8053001A9E5
S214024D003046FFF7C4FE0546B8B92278A37952BBEF
S214024D108DF80430E3798DF8053001A93046FFF7A7
S214024D20A0FE054648B923783BB161883046F8F7BD
S214024D3051F90121304600F03EFB284602B070BD14
S214024D40294600F038FB2946304600F061FB29462A
S214024D50304600F062FB2378002BCAD123798DF807
S214024D6004306379C9E702228DF80420D3E7F8F706
S214024D706FB9F8F789B900F070BB00F08FBB00F08E
S214024D8051BB08461146F3F77BBCF8F71FBA70B55D
S214024D90144686B005460E46122200210DF1060084
S214024DA000F0C0FD2368009369462846ADF804600B
S214024DB000F04FFB009B236006B070BD0846F3F779
S214024DC08BBBF8F7FDBA38B50446154609B100F0B4
S214024DD083FB25B12046BDE83840F8F7F9BA38BD5E
S214024DE0084611461A46BDF8003000F041BA084699
S214024DF0F5F7B2B800F087B9F4F73EBF0847022AC3
S214024E0001D800F010BC01207047022A01D800F039
S214024E101BBC01207047022A01D800F027BC0120E3
S214024E20704738B504460D4600F0FAFB28B129460D
S214024E302046BDE8384000F028BC022038BD70B5D8
S214024E4004460D46164600F0EBFB30B132462946C4
S214024E502046BDE87040F8F7A9BF022070BDF9F7FA
S214024E601FB80846F9F73EB8002070470020704782
S214024E702DE9F74F1C469DF830300193036803F086
S214024E800703063301259D400646174605F1FF38FF
S214024E900B46A1B1416804EA080BA5EB0B0A41F0E8
S214024EA00059524509EB0B0114D95246184600F038
S214024EB072FC7A1B5A444946504400F06CFC019B33
S214024EC02BB13C4448EA050804EA0804F46003B03F
S214024ED0BDE8F08F1846F0E737B500250095144672
S214024EE0FFF7C6FF204603B030BD2DE9F04F85B070
S214024EF00646BDF838A0894617469846052500247A
S214024F0047F6FF7B3F2D9ABFC5F14000C0B2284648
S214024F10CDF800A043463A46B9F1000F1CD0314600
S214024F20F3F738FF5845B8BF2C4605F10A05EDB22F
S214024F30B8BF8346872DE5D1631F621DDBB200250D
S214024F4047F6FF7B0392039A93420BD93F2D28D94B
S214024F50284605B0BDE8F08F01463046E0E7014638
S214024F60304614E01A06F1D4012B38BF01233F2B3A
S214024F7098BFC3F140001C468CBF1846C0B2CDF89D
S214024F8000A043463A46B9F1000FE8D03146F3F79F
S214024F9001FF5845ACBF584625460134E3B2834666
S214024FA0D1E7C5F14005EDB2D2E70228F7B50D46C6
S214024FB016461F4617D10093002013460A460121C3
S214024FC0FFF793FF33462A4600210097FFF78DFF2F
S214024FD0009733462A4601210446FFF786FF44EA35
S214024FE0002003B0F0BD4FF0FF30FAE7D0F8903063
S214024FF04BB15B693BB11B689A1C08BF4FF0FF338D
S2140250000B60002070470120704738B50D680446D3
S2140250102846F3F783FCD4F8903043B15B6933B18A
S214025020013504BF6FF001020A600A681A600020A8
S21402503038BD7FB5D0F8943005460C46164623B1E7
S2140250401A6812B1D868F3F7D3FBF3F7E5FF3246D6
S214025050009069462846FFF7D8FF0CB1009B2360F4
S214025060002004B070BDF8F74DBD7047704770471A
S2140250707047704738B50D460446F5F7CFF8AC4092
S21402508042F2107364095C436423B0FBF3F0B4FB92
S214025090F0F038BD022807D0062807D0003818BF1F
S2140250A001204042C0B2704701207047002070477E
S2140250B030B51F23B0FBF3F35D1CEDB24FF0FF34A7
S2140250C0C3EB4313AC40C01AE4430130E4B2C0B2AF
S2140250D01460086030BD70B505460E46C0B201F0D9
S2140250E00F01FFF7C7FFC6F303110446C5F30720F7
S2140250F0FFF7C0FFC6F303210444C5F30740FFF7DA
S214025100B9FF204470BD08B5F4F7F8FCBDE80840C6
S214025110F4F77EBD10B50446F4F7F0FC844288BF6F
S21402512001F1FF31204601F00301BDE81040F4F71B
S2140251306FBD38B50446FFF7E6FF0546FFF7E3FF07
S214025140431BA342FAD338BD00207047F7B544F29A
S2140251500802B2EB114F05460C468FB24FEA1143D6
S2140251600ED0B3F5045F14BF02260126D5F89030A0
S2140251700BB1196831B9D5F88C307BB920680BE0D1
S2140251800026F3E7334668463A46F4F74DFF9DF8A5
S21402519004300098002BEED103B0F0BD1968002948
S2140251A0ECD0334668463A46F4F73EFF9DF80430A4
S2140251B00098002BE2D1EFE70320F7F78DBB10B57E
S2140251C0044651B10B6843B15B6833B11A68032ACF
S2140251D003D99C6A640E204610BDFBF787FE014683
S2140251E02046F5F7C9FB04460846FBF783FEF2E7BE
S2140251F038B14FF47A735843A0F6AC50401AF5F71C
S214025200E1BC4CF25030FAE7F6F7CEBCF6F7CCBC6F
S214025210F6F7CABCF6F7C8BC7047436B03F06003E8
S214025220402B0DD0602B03D0203B5842584170478C
S21402523049B10B68012B06D9486940F00100704756
S21402524040F20110704700207047034670B10268B2
S214025250022A0BD9426A12F47F4FC2F3072006D005
S2140252601B6AD2B25A43B2FBF0F070470020704776
S214025270F0B5144687B01E460F4619B900242046DC
S21402528007B0F0BD002AF9D00028F7D001A9F3F73D
S214025290F7F90028F2D0BDF80630BDF80850A2197A
S2140252A09A42C4BF9B1B9CB2B54212D90399AD1B4E
S2140252B0ADB23144A5420391ADF808500DD22A464C
S2140252C0384600F068FA0499621B781900F063FA0F
S2140252D0D5E70499761B3144049122463846F5E711
S2140252E00220F4F7F5BBD0F894304BB11A68022AC4
S2140252F006D993F8250028B11B6AB3FBF0F0704775
S214025300FBF7E7BB704708B50146D0F89400FFF7F5
S2140253109CFF20B9BDE808400846FBF7DCBB08BD89
S21402532010B590F8D0300E2B04462BD00175D0F86D
S214025330900020B3D4F8A0304BB994F8D9308B4201
S2140253400BD320460022BDE81040F7F79BBDB4F908
S2140253502420B0F912309A42F3DD94F8D9100022D4
S2140253602046F7F78FFD60B9C4F890002046FFF795
S21402537076FB01462046BDE81040F2F77FBCFF23CD
S214025380637510BD0220FCE70346D0F8D000086023
S214025390B3F8D4308B800020704790F8D0300E2BB4
S2140253A014BF407DFF20704708B5FFF705FFBDE834
S2140253B00840F5F705B938B505460C46F8F7AEFCD1
S2140253C088B10CB1002038BD4FF400612846F7F7CB
S2140253D03BF800224FF480712846F7F721F8003890
S2140253E018BF0120EFE74FF400612846F7F72CF8C4
S2140253F040B1002CEDD095F8CA30002BE2D14FF424
S2140254008072E7E72202E5E74FF48071F7F71CB8EF
S2140254104A024FF40071F7F703B88A024FF480612C
S214025420F6F7FEBF70B586B00D46012001A91646F6
S214025430F3F726F9044648B1BDF80640B44228BF41
S2140254403446224629460120F2F788FF204606B057
S21402545070BD04238B71002070473F2B084610B5A1
S214025460114619D9B3FA83F3C3F11902D2B2062A46
S21402547001D8192B0ED0062A28BF0622931DDBB2AE
S21402548001249C40A4B2A14228BF2146F2F7E2FEC4
S214025490204610BD0022F1E70024F9E713883F2BCF
S2140254A010B5084616D9B3FA83F3C3F11901C9B287
S2140254B0062901D8192B0BD0062928BF06218C1DD8
S2140254C0E4B20123A3401380F2F7E2FE002010BDEF
S2140254D00021F4E70120FAE7F7F714B810B50846FA
S2140254E014460121F4F7A8FE20460121BDE810402B
S2140254F0F4F7A2BEF8B504460E461746FBF7F6FCCE
S2140255003A4605463146204600F01BF90446284630
S214025510FBF7F0FC2046F8BD0220704703207047D8
S214025520F4F7CEBA10B5F8F74FF9044608B9F6F70D
S2140255309BF8204610BD2DE9F04F85B0D0F88CC000
S2140255400293BDF838300393BCF1000F44D0DCF868
S2140255500C300193002528464FF02409A1F1080AD1
S214025560019BAB4204D11080002005B0BDE8F08F4D
S214025570DCF8084009FB0544B4F80E80238A009341
S2140255804346009E9E4201D20135E9E7029EB3429F
S21402559010D3039EB3420DD80026B7B2B84204D841
S2140255A01688864209D10120DFE701363AF83670BE
S2140255B09F42F2D101339BB2E3E7D4E9016701EBE4
S2140255C0C00BA3EB080E21F8303007FB0E66013045
S2140255D0CBF8046080B2EDE70220C6E7704770B5EC
S2140255E005460E461446FFF744FD31462846FFF7A9
S2140255F001FAFFF73EFD04F00903082B04D10C2C38
S2140256001CBF24F00804A4B221462846F7F75EF928
S21402561000224FF400312846F6F702FF002070BD44
S2140256208021F6F711BF7FB5531C05AAADF81410FA
S214025630029202210022CDE90021DBB21146F6F7E2
S2140256400DFF07B05DF804FB7FB5531C05AAADF845
S2140256501410029204210222CDE90021DBB20022BC
S2140256600121F6F7FBFE07B05DF804FB1FB5531CDD
S214025670029100220821CDE900210122DBB2114667
S214025680F6F7ECFE05B05DF804FB08B5CA064FF067
S2140256900061F6F7C5FE002008BD07B591F8283070
S2140256A0009391F82B3091F8292091F82A10F8F7F8
S2140256B013FB03B05DF804FB38B50546F7F700F9AF
S2140256C004462846F7F7DAF8072811D1D5F89030BD
S2140256D0DB6924F47F4121F0080103B15B7841EADB
S2140256E0032141F020012846BDE83840F7F7EEB81E
S2140256F024F02001F7E7002070472DE9F0411F460D
S214025700164605468846E2F799FAB0FBF7F4744364
S214025710631C13D043462A4639463046F8F74EFCF9
S214025720022D04D1F8F70EFC2046BDE8F081032DC9
S21402573002D1F8F719FCF7E7F8F722FC4FF0FF342E
S214025740F2E7F7B505460F4668461146F8F7CEFD6E
S214025750064698B197B1DDE900311B0A43EA0163B8
S214025760A5FB0343090A05FB0135F4F757FD0023A1
S214025770024629462046F9F7D3FA3860304603B087
S214025780F0BD10F8012B11F8013B012A28BF9A42FE
S214025790F7D0D01A70470A44914200F1FF3300D185
S2140257A0704710B511F8014B03F8014F9142F9D139
S2140257B010BD10B56AB10139841810F8012B11F822
S2140257C0013F9A4203D1A04201D0002AF5D1D01A55
S2140257D010BD1046FCE7034613F8012B002AFBD146
S2140257E0181A0138704710B50C46B1F90E10FAF7C0
S2140257F07DFB0028ABBF636DA3891B1823F480537F
S214025800ACBF6365A38110BD2DE9F0411F468B89AD
S214025810DB0505460C46164605D5B1F90E100223E1
S2140258200022FAF751FBA389B4F90E1023F4805331
S214025830A38132463B462846BDE8F041FAF716B841
S21402584010B50C46B1F90E10FAF73EFB431CA389BD
S21402585015BF606523F4805343F48053A38118BFB9
S214025860A38110BDB1F90E10FAF7FCBA70B5A1FB10
S21402587002543CB92946F9F7D5FD064628B9002652
S214025880304670BD0C220260F9E72A46214600F037
S21402589049F8F5E72DE9F8430746884614460026F8
S2140258A0D4E90195B9F1010905D52468002CF7D190
S2140258B03046BDE8F883AB89012B07D9B5F90E301F
S2140258C0013303D029463846C04706436835E9E720
S2140258D010B501390244904201D1002005E0037858
S2140258E011F8014FA34201D0181B10BD0130F2E798
S2140258F0884210B501EB020402D98442234607D837
S214025900431EA14208D011F8012B03F8012FF8E735
S214025910024401468A4200D110BD13F8014D02F836
S214025920014DF7E702440346934200D1704703F85D
S214025930011BF9E770477047704770B50C46B1F91E
S2140259400E10002996B015461E460DDAA38913F0EE
S214025950800F4FF0000114BF40234FF480630020F5
S21402596031602B6016B070BD6A46FAF78BFA0028D3
S214025970ECDB019901F47041A1F5005359425941FB
S2140259804FF48063EBE78B89F7B59D0706460C4616
S21402599007D504F14703236023610123636103B043
S2140259A0F0BD01AB6A46FFF7C8FF009F05463946C1
S2140259B03046F9F737FD48B9B4F90C309A05EED4FB
S2140259C023F0030343F00203A381E2E7A3892060E6
S2140259D043F08003A381019BC4E904075BB1B4F9D9
S2140259E00E103046FAF760FA28B1A38923F00303B3
S2140259F043F00103A381A3891D43A581CFE79368E2
S214025A00013B002B10B4936008DA9469A34201DBD1
S214025A100A2903D15DF8044B00F01AB81368581C23
S214025A201060197008465DF8044B7047F8B50646D4
S214025A300F461446D518AC4201D1002007E014F8F0
S214025A40011B3A463046FFF7DAFF431CF3D1F8BD96
S214025A50F8B50E461446054618B1036A0BB9F9F7AF
S214025A6003FEA369A360A3891A0701D5236943B974
S214025A7021462846FAF774F818B14FF0FF37384631
S214025A80F8BD23682269981A6369F6B283423746DC
S214025A9005DC2146284600F00AF90028EDD1A36865
S214025AA0013BA36023685A1C22601E706269431C75
S214025AB09A4204D0A389DB07E1D50A2EDFD121461C
S214025AC0284600F0F4F80028D9D0D6E72DE9F047AA
S214025AD0164698468A680B69DDF820909342B8BF4E
S214025AE01346336091F8432007460C460AB1013349
S214025AF033602368990642BF3368023333602568F1
S214025B0015F0060506D104F1190AE36832689B1AF5
S214025B10AB4226DC94F843302268003B18BF0123D0
S214025B2092062BD404F1430241463846C847013058
S214025B301ED02368226903F00603042B02BFE56821
S214025B403368ED1AA3680CBF25EAE5750025934273
S214025B50C4BF9B1AED1800261A34B5421AD100208B
S214025B6008E00123524641463846C847013003D171
S214025B704FF0FF30BDE8F0870135C6E7E1185A1C42
S214025B80302081F84300224494F8451082F84310EE
S214025B900233C7E70123224641463846C84701304A
S214025BA0E6D00136D9E7B1F90C202DE9F041170706
S214025BB005460C4656D44B68002B02DC0B6C002BB9
S214025BC03DDDE66A002E3AD0002312F480522F689A
S214025BD0216A2B6025D0626DA389580705D56368B4
S214025BE0D21A636B0BB1236CD21A216AE66A0023BF
S214025BF02846B047411C24D00023636023692360F3
S214025C00A389DA0400D56065616B2F60B9B104F12F
S214025C104403994202D02846F9F740FE0023636304
S214025C200DE001232846B047461C0246D4D12B6815
S214025C30002BD1D01D2B01D0162B2BD12F6000208C
S214025C402FE02A68B4F90C3042B11D2A01D0162A78
S214025C5022D10023636023692360D5E7626022694C
S214025C602260CEE70F69002FE9D093070E6808BFBF
S214025C704B690F6018BF0023A6EB07088B60B8F1CC
S214025C80000FDCDD216AA66A43463A462846B0473C
S214025C90002808DCB4F90C3043F04003A3814FF02F
S214025CA0FF30BDE8F0810744A8EB0008E7E738B507
S214025CB00B6905460C4613B90025284638BD18B1AF
S214025CC0036A0BB9F9F7D0FCB4F90C30002BF3D009
S214025CD0626ED00704D4990502D4A06DFFF72BFE9E
S214025CE028462146FFF75FFF636EDA070546E4D4CF
S214025CF0A3899B05E1D4A06DFFF71EFEDDE708B57C
S214025D000620FAF705F90120FCF7DBF81F2938B55B
S214025D1005460C4604D9162303604FF0FF3038BD03
S214025D20C26B12B152F821304BB9284600F016F871
S214025D30224601462846BDE83840FAF7F1B8012B5C
S214025D400AD0591C03D1162303600120E7E700217D
S214025D5042F82410204698470020E0E7FCF7B7B840
S214025D60F8B500BFF8BC08BC9E467047F8B500BF41
S214025D70F8BC08BC9E4670475FF800F0E52100209C
S214025D80000000000000000000000000000000000C
S214025D9000000000000000000000000000000000FC
S214025DA04368616E6E656C20256420697320696E97
S214025DB076616C69642C20746865206669727374F7
S214025DC02076616C6964206368616E6E656C20691A
S214025DD073202564210A0000666F726D20307825D4
S214025DE03032580A000000005065726D6974206AED
S214025DF06F696E207374617475733A20307825303B
S214025E0032580000545820706F776572207365749C
S214025E103A2025640A000000545820706F77657295
S214025E2020736574206661696C65640A0000000070
S214025E30656E61626C65640064697361626C656458
S214025E40000000005458206F7074696F6E732073E0
S214025E5065743A204D41432061636B732025732C91
S214025E602073656375726974792025732C207072AD
S214025E70696F726974792025730A00004368696C39
S214025E80642072656D6F76616C20307825303258EA
S214025E900A000000496E666F3A0A000020202020A1
S214025EA020202020204D43552049643A2030782572
S214025EB03031366C6C580A0020204E6574776F724B
S214025EC06B2073746174653A203078253032580A34
S214025ED0000000002020202020204E6F64652074E1
S214025EE07970653A203078253032580A0000000072
S214025EF02020202020202020202065756936343A74
S214025F00203E2578257825782578257825782578E1
S214025F1025780A0020202020202020204E6F64654D
S214025F202069643A203078253034580A0000000090
S214025F302020204E6F6465206C6F6E672069643A7D
S214025F402030780025303258000000002020202023
S214025F50202020202050616E2069643A2030782567
S214025F603034580A00000000202020202020202064
S214025F704368616E6E656C3A2025640A0000000074
S214025F8020202020202020202020506F7765723A83
S214025F902025640A000000002020202020545820DB
S214025FA06F7074696F6E733A204D41432061636B64
S214025FB0732025732C2073656375726974792025A6
S214025FC0732C207072696F726974792025730A00C7
S214025FD0526164696F206368616E6E656C207365DA
S214025FE0742C207374617475733D30782530325882
S214025FF00A00000053657474696E672072616469F2
S2140260006F206368616E6E656C206661696C65649C
S2140260102C207374617475733D3078253032580ABB
S214026020000000004F4E00004F4646005261646971
S2140260306F206973207475726E65642025730A007A
S214026040526164696F20746F67676C65206973209C
S2140260506661696C65642C207374617475733D3077
S21402606078253032580A0000537461727420656EC7
S21402607065726779207363616E6E696E673A206334
S21402608068616E6E656C2025642C2073616D706C81
S21402609065732025640A0000537461727420656E6D
S2140260A065726779207363616E6E696E67206661DA
S2140260B0696C65642C207374617475733D30782541
S2140260C03032580A000000005365637572697479AD
S2140260D0206B657920756E736574207375636365CE
S2140260E0737366756C0A0000436F756E7465722072
S2140260F0747970653D3078253032583A20256C64C4
S2140261000A00000047657420636F756E746572201E
S2140261106661696C65642C207374617475733D30B6
S21402612078253032580A00006F74615F74617267B6
S21402613065743A20696E76616C6964206465766976
S21402614063655F69643D2564202876616C69642016
S21402615072616E67653A20317E2564290A00000066
S2140261605B504F4C4C5D204D616E75616C20706FBC
S2140261706C6C206379636C652073746172746564F9
S2140261802E0A00005B4D4541535D20616C726561CD
S21402619064792072756E6E696E672E0A00000000C2
S2140261A05B4D4541535D2072656164793D256420EF
S2140261B06163746976653D2564207265636F7264F7
S2140261C0733D256C750A00005B4D4541535D206C9E
S2140261D06F6720636C65617265642E0A00000000BA
S2140261E05B4D4541535D206175746F203D202564EB
S2140261F020286761703D257573290A005B4957534D
S214026200425D206D697373696F6E3D25752020733C
S21402621077656570733D25752F257520206261743C
S21402622063685F72656164793D25752020717565C6
S2140262307565643D25750A004F4E202873756D6D91
S214026240617279206F6E6C79290000005B495753A2
S214026250425D206175746F2D647261696E203D2007
S21402626025730A0028ECA095EC8381290000000023
S214026270E2988520ED81B4EB9FADEC9DB420EB84D3
S21402628088EBACB420EBB9A0EBA68420E280942085
S214026290EC868DEB8F84EBA5BC20EB82AEECB69C35
S2140262A020EAB283000000005B5350495D2070690B
S2140262B06E733A2043533D257520434C4B3D25755E
S2140262C0204D4F53493D257520202028EC9CA0EDFB
S2140262D09CB420ECA095EC8381EAB0923A2043531A
S2140262E03D3120434C4B3D30204D4F53493D3029E4
S2140262F00A0000005B5350495D2072785F62797431
S21402630065733D256C75202063735F6564676573EE
S2140263103D256C7520206672616D65733D256C7532
S2140263200A0000005B5350495D206C6173745F6322
S2140263306D643D307825303258206C6173745F6C22
S214026340656E3D2575202066697273745F72783DAE
S2140263503078253034580A005B5350495D206F76FA
S214026360657272756E3D256C75202025730A0000D5
S2140263705B5350495D207374616765643D257520E3
S21402638062797465732C2074785F6964783D25752C
S2140263900A0000005B5350495D204D49534F20ECE4
S2140263A084A0EB91902038423A202530325820259E
S2140263B030325820253032582025303258202530A9
S2140263C03258202530325820253032582025303297
S2140263D058202028ECB2AB20EBB094EC9DB4ED8AAA
S2140263E0B8EAB08020413520EC97ACEC95BC20ECA6
S2140263F0A095EC8381290A005B5350495D20E28612
S2140264009220EC9584EBACB420ED999CEB8F99200E
S214026410EC9786EC9D8C2E20EBA788EC8AA4ED8464
S214026420B0EAB08020ED81B4EB9FAD2F435320EB52
S214026430A5BC20EC958820EB84A3EAB1B0EB829849
S21402644020EBB0B0EC84A020EBAFB8EC97B0EAB289
S214026450B02E0A005B5350495D20E28692204353D9
S21402646020EB8A9420EC98A4EB8A94EB8DB020ED76
S21402647081B4EB9FADEC9DB420EC9786EC9D8C2E00
S2140264802053434C4B20EBB0B0EC84A02F4C4F4330
S21402649020ED9995EC9DB82E0A0000005B535049FA
S2140264A05D20E2869220EBB094EC9DB4ED8AB8EBC8
S2140264B08A9420EC98A4EB8A94EB8DB02043532068
S2140264C0EC97A3ECA780EAB08020EC9786EC9D8C34
S2140264D02E20435320EBB0B0EC84A02FEAB7B9ECE1
S2140264E084B120ED9995EC9DB82E0A005B53504975
S2140264F05D20E2869220EBB0B0EC84A02FED94846F
S214026500EBA088EC9DB4EBB08D20ECA095EC8381DB
S2140265102E206C6173745F636D6420EAB08020EB9A
S214026520B3B4EB82B820EBAA85EBA0B9EAB3BC20E1
S214026530EAB099EC9D80ECA78020ED9995EC9DB889
S2140265402E0A00005B5350495D20737461747320F9
S214026550636C65617265642E0A000000202E2E00B0
S21402656075736167653A207370695F696E6A656301
S21402657074203C636D645F6865783E205B61726779
S2140265805F6865785D0A00005B5350495D20696E5E
S2140265906A656374206672616D653A2025303258EA
S2140265A0257320286C656E3D2575290A00000000BB
S2140265B05B49515D20737765657020696E20707245
S2140265C06F677265737320E280942064756D702025
S2140265D0626C6F636B65642028776F756C642073DA
S2140265E074616C6C2074686520726164696F292E10
S2140265F00A0000005B49515D20EC8AA4EC9C95ECF5
S2140266009DB420EB819DEB829C20EB92A4EC9790AC
S21402661020EB8BA4EC8B9C20EC8B9CEB8F84ED9573
S21402662098EAB1B0EB82982C202769715F61757485
S2140266306F20312720EBA19C20EC9E90EB8F9920B7
S214026640ED9A8CEC8898EBA5BC20EC93B0EC84B861
S214026650EC9A942E0A0000005B49515D206E6F741E
S21402666068696E67207374616765640A00000000DB
S2140266705B49515D20626164206D61676963203009
S21402668078253032580A00005B495753425D206D28
S214026690697373696F6E3D257520737765657073D0
S2140266A03D25752F25752062617463685F7265618A
S2140266B064793D2575206E5F7265636F7264733D03
S2140266C025750A0074785F69642C72785F69642C99
S2140266D06368616E6E656C2C7365712C73616D7088
S2140266E06C655F6964782C492C510A0025752C2547
S2140266F0752C25752C25752C25752C25642C256462
S2140267000A0000005365637572697479206B6579B7
S21402671020696D706F727420737563636573736638
S214026720756C2C206B65792069643A20256C750A95
S214026730000000005365637572697479204B6579B1
S21402674020696D706F7274206661696C65643A20A8
S214026750256C640A000000005365637572697479DB
S214026760206B657920736574207375636365737334
S21402677066756C0A00000000536563757269747969
S214026780206B657920736574206661696C65642088
S2140267903078253032580A00536563757269747909
S2140267A0206B6579206C656E677468206D757374EE
S2140267B02062653A2025642062797465730A0000B7
S2140267C04E6574776F726B20464F524D4544206F6C
S2140267D06E2063683D25642C2050414E3D3078255E
S2140267E03034580A00000000656D626572466F72AA
S2140267F06D4E6574776F726B204641494C45443A3C
S214026800203078253032580A00000000676574533D
S214026810746F72616765536C6F74496E666F20465B
S21402682041494C45443A203078256C580A0000000D
S21402683053746F7261676520736C6F7420303A20F0
S214026840616464723D30782530386C582C206C6553
S2140268506E3D256C752062797465730A000000002F
S2140268604F54412072656164792E205761697469BC
S2140268706E6720666F722041505F4F424320493256
S2140268804320636F6D6D616E647320286572617359
S21402689065E2869273747265616DE28692737461C4
S2140268A07274292E0A00000049324320536C617626
S2140268B06520696E697469616C697A6564206174C1
S2140268C02030782530325820285344413D504331F9
S2140268D0302F4C4F4331362C2053434C3D504331DE
S2140268E0312F4C4F433134290A0000005350493AA5
S2140268F020444D4120756E617661696C61626C65FB
S21402690020E280942066616C6C696E672062616327
S2140269106B20746F20495251205458202862797493
S21402692065206C6F737320706F737369626C652970
S2140269300A00000053504920536C61766520696E48
S214026940697469616C697A656420285553415254AA
S21402695030204C4F4325753A204D4F53493D504108
S21402696030204D49534F3D50413120434C4B3D5012
S21402697041322043533D504133290A000A3D3D3DF2
S214026980204D6173746572202853696E6B202F2028
S2140269904F5441205365727665722920E280942016
S2140269A04175746F6D61746564204F5441203D3D9E
S2140269B03D0A0000626F6F746C6F616465725F6996
S2140269C06E6974204641494C45443A203078256C1D
S2140269D0582028726F6C6C6261636B2067756172F7
S2140269E064206C696D69746564290A004E6F2050D4
S2140269F0534120414553206B657920666F756E645E
S214026A002C206372656174696E67206F6E652E0A4C
S214026A10000000005365637572697479206B6579AE
S214026A2020696D706F7274204F4B2C2069643A2077
S214026A30256C750A000000005365637572697479E7
S214026A40206B657920696D706F7274204641494CDF
S214026A503A20256C640A00005053412041455320D9
S214026A606B6579206578697374732C20726575730B
S214026A70696E672E0A000000656D6265724E657467
S214026A80776F726B496E69743A20307825303258C7
S214026A900A000000526573756D696E672073617631
S214026AA06564206E6574776F726B2E204E6F646518
S214026AB049443D3078253034580A0000656D6265D9
S214026AC0724E6574776F726B496E69742065727266
S214026AD03A203078253032582E20466F726D696E15
S214026AE067206E6577206E6574776F726B2E0A006C
S214026AF04D617374657220696E697420636F6D7080
S214026B006C6574652E0A00004F5441207669612038
S214026B1041505F4F4243204932433A2065726173C7
S214026B206528307830332920E286922073747265A5
S214026B30616D28307830322920E286922053544103
S214026B40525428307830342C746172676574292E5A
S214026B500A0000000101000000000000606701005A
S214026B6000000000050000000000000040420F0088
S214026B700501000000000000000000000000000008
S214026B804F424320444154413A2073746174653D38
S214026B9025642C206F66667365743D256C752F25FB
S214026BA06C752C207461726765745F6465763D252A
S214026BB0640A00004E564D3320736C6176655F742E
S214026BC061626C653A206E6F7420666F756E642023
S214026BD028666972737420626F6F74206F72206306
S214026BE06C6561726564292E0A0000004E564D33AC
S214026BF03A20526573746F72656420736C617665B1
S214026C00206465766963655F69643D256420286E45
S214026C106F64655F69642070656E64696E67207272
S214026C20656A6F696E292E0A000000004E564D33C3
S214026C3020736C6176655F7461626C652073617641
S214026C4065204641494C45443A203078256C580A1E
S214026C500000000072656769737465725F736C6129
S214026C6076653A20696E76616C6964206465766939
S214026C7063655F69643D25640A000000536C6176B3
S214026C80652069643D25643A206E6F64655F6964B9
S214026C902030782530345820E2869220307825300D
S214026CA034580A00536C6176652069643D25642079
S214026CB0286E6F64653D3078253034582920726519
S214026CC02D616E6E6F756E6365642E0A000000009D
S214026CD0536C617665207265676973746572656464
S214026CE03A2069643D25642C206E6F64653D3078D9
S214026CF0253034582028736C6F74202564290A00C6
S214026D0072656769737465725F736C6176653A2043
S214026D107461626C652066756C6C210A0000000066
S214026D205B4D4541535D2063616D706169676E20FE
S214026D3061626F727465642E2072657475726E6518
S214026D406420746F20686F6D65206368616E6E657F
S214026D506C2E0A005B504F4C4C5D20E286922069F6
S214026D60643D256420286E6F64653D307825303496
S214026D7058290A005B504F4C4C5D2053656E6420C8
S214026D806661696C20746F2069643D25643A203020
S214026D9078253032580A00004F5441205052455050
S214026DA0415245206D736720746F20307825303449
S214026DB058204641494C45443A20307825303258CE
S214026DC00A0000004F544120E28692206E6F6465EE
S214026DD03D3078253034582C2069643D25642C20BB
S214026DE07461673D3078253032582C2073697A6595
S214026DF03D256C750A0000005B504F4C4C5D204EE2
S214026E006F20706F6C6C61626C6520736C61766566
S214026E1073207965742E20526574727920696E200B
S214026E2025756D732E0A00005B504F4C4C5D205446
S214026E30696D656F757420666F722069643D25649E
S214026E402E0A00005B504F4C4C5D204379636C6504
S214026E5020646F6E65202825752F257520736C615A
S214026E60766573292E204E65787420696E20257506
S214026E706D732E0A00000000465720706B74207453
S214026E806F6F2073686F727420286C656E3D256480
S214026E90290A0000465720706B74207472756E6360
S214026EA0617465643A20646174615F6C656E3D2549
S214026EB07520627574206F6E6C7920256420727856
S214026EC00A000000465720706B7420696E76616C6B
S214026ED0696420646174615F6C656E3D25750A00A5
S214026EE046572073747265616D2053544152542084
S214026EF028736C6F74206D757374206265207072CF
S214026F00652D657261736564292E0A0046572070E6
S214026F106B7423206A756D703A20676F742025752E
S214026F202C20657870656374656420257520286456
S214026F30726F703F290A00004657206F76657266A8
S214026F406C6F7720256C752B2575203E20736C6F31
S214026F507420256C752E2041424F52542E0A000092
S214026F60465720777269746553746F72616765203D
S214026F704641494C20617420256C753A20307825AC
S214026F806C580A00465720726561646261636B2022
S214026F904D49534D4154434820617420256C752E4B
S214026FA02041424F52542E0A0000000046572073DA
S214026FB0747265616D20434F4D504C4554452E20EA
S214026FC073697A653D256C752062797465732E2027
S214026FD0284F54415F46575F5245414459290A009B
S214026FE02020E286922041505F4F42433A2073654A
S214026FF06E64205354415254283078303429205B32
S2140270007461726765745D2028303D54582073653C
S2140270106C662C20317E25643D5258206465766964
S21402702063655F6964290A0046572072783A2070C1
S2140270306B742325752C20256C7520627974657314
S2140270400A0000004F42432045524153453A2074FD
S2140270506F6F2073686F727420286C656E3D2564AE
S214027060290A000045524153453A20676574537415
S2140270706F72616765536C6F74496E666F2825750B
S21402708029206661696C65642E20426F756E647392
S21402709020636865636B206F66662E0A0000000038
S2140270A04F42432045524153453A20657261736907
S2140270B06E6720736C6F742025752E2E2E0A0000C4
S2140270C0536C6F7420257520657261736520464186
S2140270D0494C45443A203078256C580A0000000096
S2140270E0536C6F74202575206572617365642E0A71
S2140270F0000000004F42432053544152543A207439
S2140271006F6F2073686F727420286E656564205BEB
S21402711063635D5B7461726765745D290A000000D3
S2140271204F42432053544152543A204657206E6FE2
S21402713074207265616479202873746174653D25D4
S21402714064292E2053747265616D20465720666945
S2140271507273742E0A0000004F4243205354415269
S214027160543A2054582053454C462D5550444154C9
S2140271704520696E7374616C6C2E2E2E0A00000018
S21402718053656C662D7570646174652076657269E8
S2140271906679496D616765204641494C454420E25F
S2140271A080942061626F727420286B65657020631C
S2140271B0757272656E74206677292E0A00000000CA
S2140271C053656C662D7570646174652073657449C9
S2140271D06D616765546F426F6F746C6F61642046B1
S2140271E041494C45442E0A0053656C662D75706401
S2140271F06174652076657269666965642E205265DB
S214027200626F6F74696E6720746F20696E73746143
S2140272106C6C2E2E2E0A00004F42432053544152CD
S214027220543A20696E76616C69642074617267658F
S214027230743D25752028303D73656C662C317E259D
S214027240643D5258290A00004F424320535441528B
S214027250543A206465766963655F69643D257520E6
S2140272606E6F7420726567697374657265642F6FDA
S2140272706E6C696E65207965742E0A004F42432053
S21402728053544152543A204F544120E2869220648D
S21402729065766963655F69643D257520286E6F644F
S2140272A0653D307825303458292E204175746F2D6F
S2140272B0646973747269627574696E672E2E2E0A1B
S2140272C0000000005B4D4541535D20545820737406
S2140272D07265616D207374617274206661696C6593
S2140272E064202863683D2575290A0000536C617680
S2140272F0652072656164792E20496E6974696174CD
S214027300696E67204F5441206469737472696275AE
S21402731074696F6E2E2E2E0A000000004F54412014
S214027320646973747269627574696F6E20696E69D6
S2140273307469617465642E0A000000004F5441208F
S214027340696E697469617465204641494C45443AE0
S214027350203078253032580A00000000536C6176DF
S2140273606520707265706172653A20525820756E9B
S214027370726561636861626C652028257520726596
S2140273807472696573292E2041626F727420746F5D
S2140273902046575F52454144592E0A00536C617687
S2140273A06520707265706172652054494D454F556F
S2140273B054202825752F2575292E2052657472793A
S2140273C0696E672E2E2E0A004F544120646973742C
S2140273D07269627574652074696D656F75742028AC
S2140273E0256C756D73292E2041626F7274696E6703
S2140273F02E0A00004F54413A205265717565737427
S214027400696E6720626F6F746C6F616420286465B2
S2140274106C61793D25646D73292E2E2E0A000000BC
S214027420426F6F746C6F61642072657175657374F8
S214027430204641494C45443A203078253032580A95
S214027440000000004F544120626F6F746C6F6164DD
S2140274502D776169742074696D656F7574202825AF
S2140274606C756D73292E204261636B20746F204603
S214027470575F52454144592E0A0000003D3D3D20CB
S2140274804F5441204552524F5220E28692204944A0
S2140274904C45203D3D3D0A005B525353495D206EEC
S2140274A06F2073746F7261676520696E666F20E283
S2140274B08094206C6F6767696E6720444953414227
S2140274C04C45442E0A0000005B525353495D206629
S2140274D06C61736820746F6F20736D616C6C20280A
S2140274E0706172743D256C752920E28094206C6F61
S2140274F06767696E672044495341424C45442E0AE9
S214027500000000005B525353495D20706167652896
S214027510256C7529206E6F74206D756C7469706C9D
S21402752065206F66207265636F726420E280942025
S2140275306C6F6767696E672044495341424C454405
S2140275402E0A00005B525353495D206C6F6720720F
S214027550656164792E20706167653D256C752070C3
S2140275606172743D256C7520636F756E743D256C73
S214027570750A00005B525353495D2065726173655C
S214027580206661696C20403078256C580A0000003D
S2140275905B525353495D2077726974652066616950
S2140275A06C20403078256C580A0000005B4D45413F
S2140275B0535D20737765657020636F6D706C6574BC
S2140275C0652E204951207265636F7264733D25757E
S2140275D00A0000005B4D4541535D204F5441206236
S2140275E075737920E280942063616D706169676EBD
S2140275F02064656665727265642E0A005B4D4541BD
S214027600535D2049512063617074757265206E6FF8
S2140276107420726561647920285241494C20686161
S2140276206E646C652920E280942063616D706169E6
S214027630676E2061626F727465642E0A0000000035
S2140276405B4D4541535D2063616D706169676E20D5
S21402765073746172742028743D302E2E25752C208A
S2140276606368616E6E656C733D2575290A000000BD
S2140276705B495753425D20307830362069676E6F1B
S21402768072656420286E6F2062617463682070657C
S2140276906E64696E67292E0A000000005B49575324
S2140276A0425D20307830362041434B20E2809420E1
S2140276B06261746368202575206163636570746512
S2140276C0642C206E6578742073776565702E0A00C8
S2140276D05B495753425D2073776565702064656128
S2140276E0646C696E6520657863656564656420E22E
S2140276F080942061626F727465642E207265636F77
S2140277007264733D25750A005B495753425D2073C8
S214027710776565702025752F257520646F6E652E3A
S2140277202062617463683D2575207265636F7264BA
S214027730732028737461676564290A005B4957538E
S214027740425D206175746F2D647261696E20737775
S2140277506565702025752F25750A00005B4957530D
S214027760425D206261746368206E6F742070696384
S2140277706B656420757020696E2025757320E28023
S214027780942064726F7070696E672C20636F6E74DB
S214027790696E75696E672E0A000000005B495753D2
S2140277A0425D206D697373696F6E20636F6D706CD6
S2140277B065746520E2809420257520737765657070
S2140277C0732E0A005B495753425D207377656570D6
S2140277D02064656665727265642028737461636BE3
S2140277E03D25752C206F74613D25752920E2809415
S2140277F0207265747279696E672E0A005B49575368
S214027800425D206D697373696F6E206761766520CD
S214027810757020E2809420636F756C64206E6F74BE
S21402782020737461727420612073776565702069B5
S2140278306E20257573202861742073776565702025
S2140278402575292E0A0000005B495753425D2061C8
S2140278506C72656164792072756E6E696E67202837
S21402786025752F257520737765657073290A0000C4
S2140278705B495753425D2064697363617264696E43
S21402788067202575207374616C65207265636F725C
S21402789064732066726F6D2070726576696F757399
S2140278A0206D697373696F6E0A0000005B49575357
S2140278B0425D206D697373696F6E207374617274B2
S2140278C020E28094202575207377656570732C20DE
S2140278D062617463682061667465722065616368BC
S2140278E00A0000005B495753425D2077616974695C
S2140278F06E6720666F7220726164696F20287374E7
S21402790061636B3D25752C206F74613D25752920BA
S214027910E280942077696C6C2073746172742061C3
S21402792075746F6D61746963616C6C792E0A000000
S2140279305B495753425D206D697373696F6E2061B0
S214027940626F727465642061742073776565702057
S21402795025750A002C200000590000004E00000089
S2140279602D0000002B00000049445F414E4E4F554B
S2140279704E43453A20746F6F2073686F72742066A8
S214027980726F6D203078253034580A002020525805
S2140279902069643D256420455549363420286D61AA
S2140279A070206F726465722C204C53422066697296
S2140279B07374293A207B00003078253032582573BC
S2140279C0000000007D0A00005B504F4C4C5D2052C8
S2140279D0582069643D256420286E6F64653D3078C2
S2140279E02530345829206F6E6C696E652E206677B6
S2140279F03D307825303258207C20676F6C64656E87
S214027A003D2573282563292070726F623D25640A1E
S214027A10000000005B504F4C4C5D205258206964B9
S214027A203D256420286E6F64653D307825303458D5
S214027A3029206F6E6C696E652E2066773D3078253C
S214027A403032580A00000000536C617665203078A8
S214027A5025303458204F544120707265706172652B
S214027A602041434B2E0A0000525820646174612064
S214027A7066726F6D203078253034583A0000000068
S214027A8020253032580000002054656D703A2025BB
S214027A9073256C642E2530336C64432048756D3A2A
S214027AA020256C752E2530336C7525250A000000BE
S214027AB05458206661696C3A203078253032580A6C
S214027AC0000000004E6574776F726B2055502E20B2
S214027AD04E6F646549443D3078253034580A0000BC
S214027AE04E6574776F726B20444F574E2E0A000015
S214027AF0537461636B207374617475733A203078C3
S214027B00253032580A0000004E6F6465206A6F699D
S214027B106E65643A206E6F646549443D3078253060
S214027B2034582C20747970653D30782530325820D0
S214027B30287761697420666F722049445F414E4E11
S214027B404F554E4345290A004F54413A207265610B
S214027B506453746F72616765206661696C20617434
S214027B6020256C752C206572723D3078256C580A7B
S214027B70000000004F54412054583A20256C7525C9
S214027B80252028256C752F256C75206279746573FF
S214027B90290A00004F54413A20446973747269629C
S214027BA07574696F6E20535543434553532E2053C5
S214027BB0656E64696E6720626F6F746C6F616420B5
S214027BC072657120696E203530306D732E2E2E0A46
S214027BD0000000004F54413A20446973747269628F
S214027BE07574696F6E204641494C45442C20737467
S214027BF0617475733D3078253032580A00000000F3
S214027C003D3D3D204F544120444F4E4520666F7205
S214027C10206E6F64652030782530345820286465DD
S214027C20766963655F69643D256429203D3D3D0AAA
S214027C30000000005258207265626F6F747320262F
S214027C402072656A6F696E73206175746F6D6174F8
S214027C506963616C6C792E20545820737461797351
S214027C602075702E0A0000004F54413A20426F6F72
S214027C70746C6F6164207265717565737420464119
S214027C80494C45442C207374617475733D307825D5
S214027C903032580A00000000464820436C69656E80
S214027CA0742073796E63206661696C65643A20306D
S214027CB078253032580A0000464820436C69656EC3
S214027CC0742053796E6320537563636573730A0079
S214027CD0456E65726779207363616E3A206D6561E1
S214027CE06E3D2564206D696E3D2564206D61783D8C
S214027CF02564207661723D25640A0000526561643F
S214027D00790000004E6F74206C6F61646564000039
S214027D106F74615F7461726765743A206465766930
S214027D2063655F69643D2564206E6F7420726567C3
S214027D3069737465726564206F72206E6F64655F26
S214027D40696420756E6B6E6F776E2E0A00000000F7
S214027D502020436865636B2027736C6176655F6CD1
S214027D60697374272E20536C617665206D617920C5
S214027D706E65656420746F2072656A6F696E2E0A7E
S214027D80000000004F5441207461726765743A2007
S214027D906465766963655F69643D256420E2869260
S214027DA0206E6F64653D3078253034580A00000036
S214027DB047424C3A202573207C205072657373200C
S214027DC042544E3020746F2073746172742E0A000F
S214027DD06F74615F73746172743A20696E76616C57
S214027DE06964206465766963655F69643D2564201D
S214027DF028317E2564290A006F74615F737461728C
S214027E00743A2062757379202873746174653D250F
S214027E1064292E20547279206C617465722E0A00D1
S214027E206F74615F73746172743A20646576696315
S214027E30655F69643D2564206E6F742072656769AC
S214027E407374657265642F6F6E6C696E65207965F2
S214027E50742E0A006F74615F73746172743A2067DD
S214027E60657453746F72616765536C6F74496E669E
S214027E706F206661696C65642E0A00006F74615F2C
S214027E8073746172743A206E6F2076616C69642036
S214027E9047424C20696E20534C4F543020E2809467
S214027EA0206C6F61642069742076696120436F6D6F
S214027EB06D616E6465722066697273742E0A0000C4
S214027EC06F74615F73746172743A20534C4F54300E
S214027ED020766572696679496D6167652046414913
S214027EE04C454420286261642F7061727469616C2B
S214027EF02047424C292E0A006F74615F73746172C8
S214027F00743A20534C4F54302047424C3D256C75F2
S214027F10204220E28692206465766963655F696422
S214027F203D256420286E6F64653D307825303458D0
S214027F30292E20446973747269627574696E672E9D
S214027F402E2E0A0030783F3F3F3F202872656A6F28
S214027F50696E696E672900005B4F4E4C5D0000003B
S214027F605B4F46465D0000005265616479202853E7
S214027F7070616365206D6F646529000052656164F7
S214027F8079202847726F756E64206D6F64652900CC
S214027F90496E2070726F677265737300E29594E2A1
S214027FA09590E29590E29590E29590E29590E29512
S214027FB090E29590E29590E29590E29590E2959007
S214027FC0E29590E29590E29590E29590E29590E2A5
S214027FD09590E29590E29590E29590E29590E295E2
S214027FE090E29590E29590E29590E29590E29590D7
S214027FF0E29590E29590E29590E29590E29590E275
S2140280009590E29590E29590E29590E29590E295B1
S21402801090E29590E29590E29590E29590E29590A6
S214028020E29590E29590E29590E29590E29590E244
S2140280309590E29590E295970A000000E2959120CD
S2140280402020202020202020205265676973746536
S21402805072656420536C617665204C6973742020C7
S2140280602020202020202020202020202020202009
S21402807020E295910A000000E295A0E29590E29532
S21402808090E29590E29590E29590E29590E2959036
S214028090E29590E29590E29590E29590E29590E2D4
S2140280A09590E29590E29590E29590E29590E29511
S2140280B090E29590E29590E29590E29590E2959006
S2140280C0E29590E29590E29590E29590E29590E2A4
S2140280D09590E29590E29590E29590E29590E295E1
S2140280E090E29590E29590E29590E29590E29590D6
S2140280F0E29590E29590E29590E29590E29590E274
S2140281009590E29590E29590E29590E29590E295B0
S21402811090E295A30A000000E29591202563205B79
S21402812025645D2069643D252D3264206E6F64658A
S2140281303D3078253034582066773D307825303209
S21402814058202573202020E295910A00E29591207E
S2140281502563205B25645D2069643D252D326420FD
S2140281606E6F64653D252D31387320202020202037
S2140281702020202020E295910A000000E29591201E
S21402818020284E6F20736C6176657320726567696E
S2140281907374657265642079657429202020202016
S2140281A020202020202020202020202020202020C8
S2140281B020E295910A000000E29591204F5441205A
S2140281C0746172676574203A206465766963655FD8
S2140281D069643D252D326420202020202020202086
S2140281E0202020202020202020202020202020E2C6
S2140281F095910A00E295912047424C20737461746F
S2140282006520203A20252D33367320E295910A0008
S214028210E2959AE29590E29590E29590E29590E248
S2140282209590E29590E29590E29590E29590E2958F
S21402823090E29590E29590E29590E29590E2959084
S214028240E29590E29590E29590E29590E29590E222
S2140282509590E29590E29590E29590E29590E2955F
S21402826090E29590E29590E29590E29590E2959054
S214028270E29590E29590E29590E29590E29590E2F2
S2140282809590E29590E29590E29590E29590E2952F
S21402829090E29590E29590E29590E29590E2959024
S2140282A0E29590E29590E29590E2959D0A00000094
S2140282B05B504F4C4C5D20526573746172746564FA
S2140282C02E0A00005B504F4C4C5D204E6F20706FA4
S2140282D06C6C61626C6520736C6176657320286EC7
S2140282E06F64655F696420756E6B6E6F776E292E9C
S2140282F020526574727920696E2025756D732E0A78
S214028300000000004F42433A2072656A6563746556
S2140283106420434D4420307825303258202862614C
S21402832064206C656E3D2575290A00004F42433A6B
S21402833020556E6B6E6F776E20434D442030782545
S21402834030325820286C656E3D2564290A000000EC
S2140283505B47554152445D20426F6F7420686561E9
S2140283606C74682074696D656F757420E280942061
S21402837073656C662D7265736574202870726F6201
S2140283806174696F6E20636F756E74292E0A000021
S2140283905B4D4541535D2073747265616D20677550
S2140283A061726420666972656420287469636B2052
S2140283B0737461727665642920E280942061626F2C
S2140283C07274696E672063616D706169676E2E0AEA
S2140283D0000000005B49515D20726164696F2052A3
S2140283E058207265636F76657265642E0A00000017
S2140283F000050A0F140000005B47554152445D20F9
S2140284004E6F2073746F7261676520696E666F20A7
S214028410E2809420726F6C6C6261636B20444953F5
S21402842041424C45442E0A005B47554152445D206A
S214028430676F6C64656E20726567696F6E2065781B
S214028440636565647320666C617368202870617268
S214028450743D256C752920E2809420726F6C6C62E4
S21402846061636B2044495341424C45442E0A000046
S2140284705B47554152445D20676F6C64656E2061B0
S214028480646472206E6F7420706167652D616C691A
S214028490676E65642028706167653D256C752920C6
S2140284A0E2809420726F6C6C6261636B2044495365
S2140284B041424C45442E0A005B47554152445D20DA
S2140284C04E6F2076616C69642073746174652069EE
S2140284D06E204E564D3320E28094206465666175A8
S2140284E06C74732E0A0000005B47554152445D20AF
S2140284F0696E76616C696420676F6C64656E207362
S214028500697A6520256C752E0A0000005B47554186
S21402851052445D20534C4F5430206572617365207F
S2140285206661696C65642E0A000000005B4755416F
S21402853052445D20676F6C64656E207265616420CC
S2140285406661696C20403078256C582E0A0000005F
S2140285505B47554152445D20534C4F54302077724E
S214028560697465206661696C2040256C752E0A0068
S2140285705B47554152445D20534C4F543020726540
S21402858061646261636B206D69736D6174636820F8
S21402859040256C752E0A00005B47554152445D200B
S2140285A0726573746F72656420676F6C64656E20A3
S2140285B0766572696679204641494C45442E0A0022
S2140285C05B47554152445D20736574496D6167652A
S2140285D0546F426F6F746C6F6164206661696C657C
S2140285E0642E0A005B47554152445D20676F6C64F7
S2140285F0656E20726573746F72656420746F2053A3
S2140286004C4F54302C20696E7374616C6C696E67C3
S2140286102E2E2E0A000000005B47554152445D2074
S214028620534C4F54302076657269667920666169CC
S2140286306C656420E2809420736B697020676F6CAF
S21402864064656E20636170747572652E0A000000A0
S2140286505B47554152445D2067657453746F72617F
S2140286606765536C6F74496E666F206661696C65E8
S214028670642E0A005B47554152445D2062616420C5
S21402868047424C2073697A6520256C7520286D61F7
S2140286907820256C752920E2809420736B697020FF
S2140286A0636170747572652E0A0000005B4755415F
S2140286B052445D20676F6C64656E206572617365F7
S2140286C0206661696C656420403078256C582E0AF5
S2140286D0000000005B47554152445D20534C4F5406
S2140286E0302072656164206661696C2040256C7575
S2140286F02E0A00005B47554152445D20676F6C644A
S214028700656E207772697465206661696C204030F8
S21402871078256C582E0A00005B47554152445D206E
S214028720676F6C64656E20726561646261636B205C
S2140287306D69736D6174636820403078256C582EBD
S2140287400A0000005B47554152445D20696E697419
S2140287503A2070656E64696E673D25752061747493
S214028760656D7074733D257520676F6C64656E3D2C
S21402877025752876616C69643D25752C73697A6562
S2140287803D256C75292072623D25750A00000000A1
S2140287905B47554152445D204E564D3320736176F9
S2140287A065206661696C656420647572696E67200F
S2140287B070726F626174696F6E20636F756E742E6D
S2140287C00A0000005B47554152445D2050524F421A
S2140287D04154494F4E20626F6F742025752F2575C0
S2140287E00A0000005B47554152445D20546872659A
S2140287F073686F6C64207265616368656420627575
S21402880074206E6F2076616C696420676F6C646595
S2140288106E20E280942063616E6E6F7420726F6CBD
S2140288206C206261636B2E0A000000005B475541B4
S21402883052445D2053746179696E67206F6E2063BF
S214028840757272656E7420696D6167653B20636F31
S214028850756E7465722066726F7A656E206174201A
S2140288607468726573686F6C642E0A005B475541C4
S21402887052445D203D3D3D20524F4C4C4241434BBD
S21402888020746F20676F6C64656E202563203D3D03
S2140288903D0A00005B47554152445D207265626F97
S2140288A06F74416E64496E7374616C6C2072657489
S2140288B075726E656420E2809420696E7374616CD2
S2140288C06C206661696C65642E0A00005B47554140
S2140288D052445D20526F6C6C6261636B20726573EA
S2140288E0746F7265206661696C65642E2057696CC8
S2140288F06C207265747279206E65787420626F6F70
S214028900742E0A005B47554152445D2061726D5FCA
S21402891070656E64696E67204E564D3320736176BD
S21402892065204641494C454420E280942061626FAE
S214028930727420696E7374616C6C210A0000000008
S2140289405B47554152445D2041726D6564207065F7
S2140289506E64696E672D636F6D6D69742E204E6549
S214028960787420626F6F742069732070726F626110
S21402897074696F6E2E0A00005B47554152445D20B3
S214028980476F6C64656E20636170747572656420EF
S214028990E28692202563202873697A653D256C75E8
S2140289A0292E20436F6E6669726D65642068656164
S2140289B06C7468792E0A00005B47554152445D206C
S2140289C0476F6C64656E20636170747572652046CD
S2140289D041494C454420E28094206B6565702070C6
S2140289E0726576696F757320676F6C64656E2E0AA2
S2140289F0000000005B47554152445D20636F6E667F
S214028A0069726D5F6865616C746879204E564D3385
S214028A102073617665204641494C45442E0A000083
S214028A205B47554152445D204865616C7468792005
S214028A30636F6E6669726D65642E20436F756E7421
S214028A4065727320636C65617265642E0A000000AD
S214028A500000180000001C000100000000000000DA
S214028A60010F0000000000000002010100000000EB
S214028A706043012011EB000068430120A5EB0000D3
S214028A807C34012009760000743401201976000037
S214028A906C34012029760000643401203976000007
S214028AA05C340120497600005434012059760000D7
S214028AB00000000000000000F48A0200000000002F
S214028AC0D08A0200010000000000000000F0490207
S214028AD000000000C0CA8936801A060000000000A6
S214028AE01400FF7F24200020000000000000000089
S214028AF000000000DC1F040100000000000000006F
S214028B000000000000000000F01F04013F003F00CC
S214028B1000000000F88C02000000000004000200C2
S214028B20017015007F00000018000200000000001F
S214028B3000000000280007000000000008010000F6
S214028B40000000000100000000000000000000001D
S214028B50A0070000480001000000000054000200C8
S214028B600000000000000000A0000400004000001A
S214028B70FF4C000000410000FF4D000000200100F5
S214028B800407000010200100000000001820010069
S214028B90088400000830010013AC000130300200E7
S214028BA07055100003000000403001000000000075
S214028BB0A0400100AA27000FB840010000C08300B1
S214028BC0F44001002010000034410200800800003A
S214028BD0F68700004041020083008800C1E6524D3D
S214028BE060410400000000000000000006000000D3
S214028BF006000000146008001000000000000004D8
S214028C000F4002000050000000500A00000000035F
S214028C100000000000000000506006009009FF00FF
S214028C20410C00001200000012001400B42B0000D9
S214028C300000000078600C001F08E008000000003A
S214028C40F2032A000000000000000000040A1422BA
S214028C5032414A4F00000000000000000000000001
S214028C600000000000000000E46007008108A18BFD
S214028C7000000000640483078813C83A9C2006009C
S214028C8000612000B756852004610300D5E310007A
S214028C902030000088BB00002061010000000000B8
S214028CA01470011000F8070014700130FE00000076
S214028CB018700110FF000000187001300013000049
S214028CC01C7005006000AA840000000082000000FC
S214028CD000000000D5000000487002003E38000088
S214028CE0BC25000070700300030112001A30080051
S214028CF080846D00FFFFFFFF1000000066666600BE
S214028D0000000000508D0200488D020000000000A6
S214028D10C0A39B0080DE800220A1070001010000A4
S214028D207055000600000000000000000000000071
S214028D30000000000000000010A107000000000074
S214028D40000000000000000000000000000000001C
S214028D50194703060410000101030106001027004C
S214028D60000A00000000000000000000696E666F46
S214028D70000000007265736574000000636F756E14
S214028D80746572007365745F6368616E6E656C000D
S214028D906C656176650000007365745F74785F6F5A
S214028DA07074696F6E73000073746172745F656EBF
S214028DB0657267795F7363616E0000007365745F46
S214028DC06B657900756E7365745F6B65790000007C
S214028DD0666F726D000000007365745F74785F7072
S214028DE06F77657200000000706A6F696E0000009F
S214028DF072656D6F76655F6368696C64000000007B
S214028E006D656173000000006D6561735F73746168
S214028E10740000006D6561735F636C6561720000CB
S214028E206D6561735F6175746F0000006F74615FDA
S214028E3074617267657400006F74615F7374617247
S214028E4074000000736C6176655F6C697374000071
S214028E50706F6C6C5F7374617475730069715F73A5
S214028E60746172740000000069715F6175746F004E
S214028E707370695F73746174000000007370695FD9
S214028E80636C6561720000007370695F696E6A6583
S214028E906374000069715F61626F727400000000A3
S214028EA069715F73746174757300000069715F6441
S214028EB0756D70005B49512067726F756E64207421
S214028EC06573745D2044756D7020616C6C207175DD
S214028ED065756564204951207265636F72647320FC
S214028EE0617320435356206F766572205541525463
S214028EF020287265706C61636573204F4243203090
S214028F0078303629000000005B49512067726F7581
S214028F106E6420746573745D205072696E7420717D
S214028F207565756564204951207265636F726420A9
S214028F30636F756E740000005B4957534220677278
S214028F406F756E6420746573745D2041626F72740F
S214028F502072756E6E696E67206D697373696F6EC7
S214028F60000000005B67726F756E64207465737430
S214028F705D20496E6A65637420616E204F4243200D
S214028F80636F6D6D616E6420776974686F757420A7
S214028F90706879736963616C205350490000000061
S214028FA0436F6D6D616E6420627974651F4F7074D5
S214028FB0696F6E616C20617267756D656E74206292
S214028FC07974651F000000005B67726F756E64201F
S214028FD0746573745D20436C65617220535049203A
S214028FE0646961676E6F7374696320636F756E740C
S214028FF0657273005B67726F756E64207465737456
S2140290005D2053504920736C617665206469616700
S2140290106E6F7374696373005B49575342206772BD
S2140290206F756E6420746573745D204175746F2D60
S214029030647261696E2062617463686573202830A9
S2140290402F313B206E6F20617267203D2073686F60
S214029050772073746174652900000000313D6175E4
S214029060746F2D647261696E204F4E2C20303D4F16
S21402907046461F005B49512067726F756E64207406
S2140290806573745D204F70656E204951206D656171
S214029090737572656D656E742077696E646F77207E
S2140290A0666F72206475725F73207365636F6E6499
S2140290B07320287265706C61636573204F4243208B
S2140290C030783035290000004475726174696F6E1D
S2140290D020696E207365636F6E647320286465660C
S2140290E061756C742035291F00000000466F72639C
S2140290F065207265737461727420706F6C6C696E31
S21402910067206379636C65005072696E74207265BD
S214029110676973746572656420736C617665206C2A
S214029120697374005B544553542D4F4E4C595D2061
S2140291305374617274204F544120746F20646576B4
S2140291406963655F696420776974686F757420491E
S214029150324300006465766963655F69641F0000D8
S21402916053656C656374204F544120746172676561
S21402917074206465766963655F69642028312D34DE
S21402918029000000456E61626C652F646973616236
S2140291906C6520706572696F646963206175746FAF
S2140291A0207377656570202861726720302F313B07
S2140291B0206E6F20617267203D2073686F77207380
S2140291C07461746529000000313D656E61626C65EC
S2140291D020706572696F6469632073776565702CA9
S2140291E020303D64697361626C651F00436C656183
S2140291F072207468652052535349206C6F6720288A
S214029200726573657420637572736F72290000004D
S2140292105072696E742052535349206C6F672073E4
S21402922074617475732F7265636F726420636F75F1
S2140292306E7400005374617274206F6E6520525310
S2140292405349206D6561737572656D656E74206332
S214029250616D706169676E20286672657175656EEC
S21402926063792D686F7070696E67207377656570B5
S2140292702900000052656D6F766520612073706567
S21402928063696669632073656E736F7220636869CB
S2140292906C642066726F6D20746865206C697374E6
S2140292A0000000004D6F64651F53686F72742041A2
S2140292B0646472657373206F6620746865206368E1
S2140292C0696C6420746F2072656D6F76652E204E11
S2140292D06F742075736564206966206C6F6E6720F4
S2140292E06164647265737320697320676976656E5C
S2140292F01F4C6F6E672041646472657373206F66DD
S21402930020746865206368696C6420746F207265D7
S2140293106D6F76651F0000005065726D6974206A75
S2140293206F696E20666F72206120676976656E20AF
S21402933074696D6520706572696F642077697468F8
S214029340206F7074696F6E616C2073656C656374F0
S214029350697665207061796C6F616400447572612C
S21402936074696F6E1F4F7074696F6E616C204A6FFE
S214029370696E207061796C6F61641F005365747347
S2140293802074686520616E74656E6E61206F7574F8
S21402939070757420706F7765722E2054686520731E
S2140293A065636F6E64206F7074696F6E616C207097
S2140293B06172616D657465722063616E20626520FC
S2140293C07573656420746F207361766520746865B2
S2140293D020545820706F776572206173206465662A
S2140293E061756C7400000000545820706F776572C7
S2140293F02076616C756520696E20302E31206442BD
S2140294006D2073746570731F31202D2054582070A0
S2140294106F7765722070657273697374656E7420F7
S21402942028736176656420696E20746F6B656E2999
S2140294302C2030202D20545820706F7765722076AD
S2140294406F6C6174696C651F00000000466F726D78
S214029450732061206E6574776F726B004368616E6D
S2140294606E656C1F4F7074696F6E616C2050414E52
S2140294702049441F00000000556E73657420637512
S2140294807272656E74207365637572697479206B87
S2140294906579000053657420736563757269747923
S2140294A0206B6579000000005365637572697479F4
S2140294B0206B6579202873697A653A454D42455294
S2140294C05F454E4352595054494F4E5F4B45595F84
S2140294D053495A45291F00005363616E207468651C
S2140294E020656E65726779206C6576656C206F6E96
S2140294F02074686520676976656E206368616E6EA3
S214029500656C00004368616E6E656C2049441F4EB0
S214029510756D626572206F662073616D706C65731F
S2140295201F000000536574205478206F7074696FB2
S2140295306E730000536563757269747928307830EB
S2140295403129204D41432041636B2830783032293F
S2140295502048696768205072696F2830783034294D
S2140295601F000000466F726765742074686520638A
S214029570757272656E74206E6574776F726B206199
S2140295806E642072657665727420746F20454D4253
S21402959045525F4E4F5F4E4554574F524B000000A8
S2140295A053657420436F6E6E656374206368616EE4
S2140295B06E656C004368616E6E656C2049441F00E0
S2140295C05072696E74206F757420746865207061BD
S2140295D07373656420737461636B20636F756E7456
S2140295E065720000436F756E7465722074797065DB
S2140295F01F000000526573657420746865206861F8
S21402960072647761726500004D43552049442C20F0
S2140296104E6574776F726B2073746174652C204E7E
S2140296206F64652049442C2050414E2049442C202A
S2140296304368616E6E656C2049442C206574632E07
S214029640000000006C8D02006C9902000000000011
S214029650748D02005C990200000000007C8D0200FE
S2140296604C99020000000000848D02003C99020022
S21402967000000000908D02002C99020000000000FD
S214029680988D02001C99020000000000A88D0200BE
S2140296900C99020000000000BC8D0200FC9802003B
S2140296A000000000C48D0200EC98020000000000DA
S2140296B0D08D0200DC98020000000000D88D020067
S2140296C0CC98020000000000E88D0200BC98020060
S2140296D000000000F08D0200AC98020000000000BE
S2140296E0008E02009C98020000000000088E020015
S2140296F08C98020000000000148E02007C98020083
S21402970000000000208E02006C980200000000009C
S2140297102C8E02005C98020000000000388E0200C8
S2140297204C98020000000000448E02003C980200A2
S21402973000000000508E02002C980200000000007C
S2140297405C8E02001C98020000000000688E020078
S2140297500C98020000000000708E0200FC970200C7
S214029760000000007C8E0200EC9702000000000061
S214029770888E0200DC97020000000000948E020031
S214029780CC97020000000000A08E0200BC970200E8
S21402979000000000AC8E0200AC9702000000000041
S2140297A0000000000000000000000000352B000052
S2140297B0B48E0200689D0200FF000000A127000090
S2140297C0088F0200689D0200FF0000001D090200CB
S2140297D0388F0200689D0200FF000000992A0000F0
S2140297E0648F0200A08F02000010FF006D2A0000A6
S2140297F0C88F0200689D0200FF0000007528000066
S214029800F48F0200689D0200FF000000F1270000AE
S214029810189002005C90020010FF0000150902007A
S21402982074900200C890020011FF0000812600001A
S214029830EC900200689D0200FF0000000D09020085
S21402984008910200689D0200FF000000FB0802006B
S214029850249102005491020000FF00003926000005
S214029860609102005491020000FF000051270000A0
S21402987084910200C891020010FF00002527000014
S214029880EC910200689D0200FF000000E126000045
S21402989010920200689D0200FF000000AD26000044
S2140298A034920200689D0200FF0000007921000049
S2140298B074920200A4920200000117FF85200000A5
S2140298C0189302005C9302000016FF00ED200000D1
S2140298D07C930200E89302000410FF00D11F0000F0
S2140298E04C9402005C9402000011FF00A1250000C7
S2140298F078940200689D0200FF000000652E0000BA
S21402990094940200A894020007FF0000312500008C
S214029910D8940200049502000000FF00C124000053
S214029920249502003495020000FF0000ED080200B4
S21402993064950200689D0200FF000000612400009A
S214029940A0950200B495020000FF0000CD2500009D
S214029950C0950200E495020000FF0000F508020030
S214029960F4950200689D0200FF000000E921000055
S21402997008960200689D0200FF000000434C492042
S214029980696E7374616E6365206578616D706C656F
S21402999000000000050000000000000000C20100F8
S2140299A0000500000010000000000000000000009B
S2140299B000000E001C08014048200020C580000060
S2140299C0398100005F0D0200750D0200590D02007C
S2140299D050200020C5820000F98200002D8300007E
S2140299E0F50D020061830000050000000000000083
S2140299F040420F00050100000000000000000000C9
S214029A000000000013B779FAC925DDB7ADF3CFE041
S214029A10F1B614B80102000000000000FFFFFFFFCD
S214029A20040000000100000000000000000000002A
S214029A30000000000000000000000000000000001F
S214029A40000000000000000000000000000000000F
S214029A500000000007000003BF0E0200B70E02005F
S214029A60930E0200630E0200818A0000650E020059
S214029A70518A00002C0000000200000040787D01A0
S214029A8000000000005A620200010000C0CF6A0017
S214029A9002000000809FD50002010000002D310167
S214029AA00202000000000000080911080100000080
S214029AB00000000004000000010000000800000092
S214029AC0010000001000000001000000000100007C
S214029AD001000000000800001D0000000002000057
S214029AE01D000000000400001D0000000000010030
S214029AF01D0000000003010303030200000800FC2F
S214029B00709B0200010001071C9B0200000800F87F
S214029B102C9B0200000000000000000083FFBFFF35
S214029B20E2FFF1FFF9FFFEFF00000000C800FCFEA6
S214029B30F800C50A571EFBFF7B0095047C02FFFF58
S214029B404A00B60246DFFFFF2D00AD01412F00009E
S214029B501C000701854700001200A7009746000078
S214029B600B0067001A3C0000060022006823000073
S214029B70C800FCFEFC00D80A066CFBFF880037050E
S214029B8018E2FEFF53000403F5E3FFFF3200B901BB
S214029B909D43000029005701F85700001600D10027
S214029BA0585700000E007C00D0490000070028002D
S214029BB01729000000000F400000000000040F40BC
S214029BC00100000054686520617267756D656E74E9
S214029BD0206973206E6F7420666F726D617474658F
S214029BE06420636F72726563746C79004E6F2063D3
S214029BF06F6D6D616E6420666F756E6400000000A6
S214029C004D6178696D756D206E756D626572206F37
S214029C106620617267756D656E747320657863651C
S214029C206564656400000000496E636F7272656366
S214029C307420617267756D656E7420747970650044
S214029C40496E636F7272656374206E756D626572BB
S214029C50206F6620617267756D656E747300000012
S214029C60556E6B6E6F776E206572726F72000000B3
S214029C703E20000025730000756E6B6E6F776E00D7
S214029C8075696E743136000075696E743332000081
S214029C90696E743800000000696E74313600000088
S214029CA0696E743332000000737472696E67000066
S214029CB06865780075696E74386F7074000000000D
S214029CC075696E7431366F707400000075696E7453
S214029CD033326F7074000000696E74386F707400EF
S214029CE0696E7431366F707400000000696E7433EA
S214029CF0326F707400000000737472696E676F7062
S214029D00740000006865786F7074000061646469AE
S214029D1074696F6E616C000077696C64636172646B
S214029D200000000067726F7570000000656E6400C8
S214029D3075696E7438000000200000002A000000DA
S214029D405B0000005D2000002E2E2E20000000008A
S214029D5068656C70000000000A25730A2573257377
S214029D600000000025732008000000002573200074
S214029D70000108070F000A00C8002000A00001002A
S214029D8000000000A00068010A200706020A040775
S214029D9000000000000207000100000005000000AD
S214029DA0000000000200000300000000109E0200F7
S214029DB0009E0200FC9D0200F09D0200EC9D020047
S214029DC0E09D0200DC9D0200D89D0200D09D0200AC
S214029DD0FFFFFFFFFFFFFFFF000000000000000084
S214029DE0000000000000000000000000000000006C
S214029DF0FFFF0000FF00FF00FFFFFFFF0000000064
S214029E00000000000000000000000000000000004B
S214029E10FC03000001010101011001010100000024
S214029E200210040C020C04040800000000000000EB
S214029E300001000000000000000000000000010118
S214029E400000000001000300040003009A00030063
S214029E500300030090000300100003000500030047
S214029E609100030092000300216E766D335F6465F5
S214029E706661756C7448616E646C652D3E636163E1
S214029E8068652E6F766572666C6F77002F686F6DE9
S214029E90652F6C6D682F53696D706C696369747990
S214029EA053747564696F2F53444B732F6765636BE6
S214029EB06F5F73646B2F706C6174666F726D2F7355
S214029EC06572766963652F746F6B656E5F6D616E22
S214029ED0616765722F7372632F736C5F746F6B6545
S214029EE06E5F6D616E616765722E630066616C738C
S214029EF065000000736C5F746F6B656E5F736574EC
S214029F005F64617461000000736C5F746F6B656EF2
S214029F105F6765745F64617461000000736C5F74F0
S214029F206F6B656E5F696E69740000002F686F6DF7
S214029F30652F6C6D682F53696D706C6963697479EF
S214029F4053747564696F2F53444B732F6765636B45
S214029F506F5F73646B2F706C6174666F726D2F73B4
S214029F606572766963652F746F6B656E5F6D616E81
S214029F70616765722F7372632F736C5F746F6B65A4
S214029F806E5F6D616E75666163747572696E672E5B
S214029F9063000000FFFFFFFFFFFFFFFF34B6000075
S214029FA02F686F6D652F6C6D682F53696D706C69C5
S214029FB06369747953747564696F2F53444B732FB6
S214029FC06765636B6F5F73646B2F70726F746F631A
S214029FD06F6C2F666C65782F6170702D6672616D7E
S214029FE065776F726B2D636F6D6D6F6E2F6170701C
S214029FF05F6672616D65776F726B5F636F6D6D6FB3
S21402A0006E2E630041535345525420696E202573C9
S21402A0103A25640D0A0000002F686F6D652F6C6D7F
S21402A020682F53696D706C696369747953747564CB
S21402A030696F2F53444B732F6765636B6F5F73644F
S21402A0406B2F70726F746F636F6C2F666C65782FF0
S21402A0506170702D6672616D65776F726B2D636FBE
S21402A0606D6D6F6E2F6170705F6672616D65776F72
S21402A070726B5F736C6565702E6300002F686F6D80
S21402A080652F6C6D682F53696D706C69636974799E
S21402A09053747564696F2F53444B732F6765636BF4
S21402A0A06F5F73646B2F70726F746F636F6C2F6663
S21402A0B06C65782F6F74612D756E69636173742D8C
S21402A0C0626F6F746C6F616465722F6F74612D7549
S21402A0D06E69636173742D626F6F746C6F61646511
S21402A0E0722D7365727665722F6F74612D756E6947
S21402A0F0636173742D626F6F746C6F616465722D29
S21402A1007365727665722E6300000000A00F000071
S21402A110030000000D0A5B4153534552543A25731F
S21402A1203A25645D0D0A0000505341004B45590024
S21402A130666E692B00000000666E69006E616E0036
S21402A140666E692D00000000000000000000F03F6F
S21402A15000000000000024400000000000005940FB
S21402A1600000000000408F40000000000088C3404E
S21402A17000000000006AF8400000000080842E41C3
S21402A18000000000D01263410000000084D797410F
S21402A1900000000065CDCD412E2E2F2E2E2F73747B
S21402A1A061636B2F6D61632F6672657175656E6391
S21402A1B0792D686F7070696E672E63004153534540
S21402A1C0525420696E2025733A25640D0A002E2EFD
S21402A1D02F2E2E2F737461636B2F6E6574776F72DA
S21402A1E06B2F706172656E742D737570706F7274FA
S21402A1F02E63002E2E2F2E2E2F737461636B2F6EFE
S21402A2006574776F726B2F696E6469726563742DFD
S21402A21071756575652E63002E2E2F2E2E2F737484
S21402A22061636B2F6E6574776F726B2F6368696CF0
S21402A230642D7461626C652E63002E2E2F2E2E2FD7
S21402A240737461636B2F6E6574776F726B2F636FB7
S21402A2506F7264696E61746F722D737570706F724F
S21402A260742E63002E2E2F2E2E2F737461636B2F87
S21402A270636F72652F737461636B2E630000000058
S21402A28028580120711A00004C580120A54D0100E3
S21402A29084580120C9580100CC570120DD3E010038
S21402A2A0D45701206D3E010000580120694201008A
S21402A2B0C4570120A93A010084570120D10F01009A
S21402A2C08C570120110901007C570120FD12010064
S21402A2D0945701201D050100000000000000000048
S21402A2E02E2E2F2E2E2F737461636B2F6672616D66
S21402A2F065776F726B2F6576656E742D636F6E74FD
S21402A300726F6C2E6300756E636C61696D656400B6
S21402A3102E2E2F2E2E2F2E2E2F2E2E2F7574696C4C
S21402A3202F73696C69636F6E5F6C6162732F7369FA
S21402A3306C6162735F636F72652F627566666572C3
S21402A3405F6D616E616765722F6275666665722DF6
S21402A3506D616E6167656D656E742E63007461690A
S21402A3606C20213D204E554C4C5F42554646455288
S21402A370002E2E2F2E2E2F2E2E2F2E2E2F75746958
S21402A3806C2F73696C69636F6E5F6C6162732F7397
S21402A390696C6162735F636F72652F62756666656C
S21402A3A0725F6D616E616765722F62756666657251
S21402A3B02D71756575652E63006E65787420213D76
S21402A3C0207461696C00736C695F6C6567616379A0
S21402A3D05F6275666665725F6D616E616765725F04
S21402A3E0636F70795F66726F6D5F67656E657269BF
S21402A3F0635F717565756500ED1D0000D907020083
S21402A400E504010005120100691901007506020043
S21402A4108D5A0100A545010019280200000000001F
S21402A4202E2E2F2E2E2F737461636B2F6672616D24
S21402A43065776F726B2F627974652D7574696C69B6
S21402A440746965732E63002E2E2F2E2E2F73746161
S21402A450636B2F6E6574776F726B2F6E6574776F92
S21402A460726B2E63002E2E2F2E2E2F737461636B4B
S21402A4702F6E6574776F726B2F6173736F6369618A
S21402A48074696F6E2E630073696C6162732D636FFD
S21402A4906E6E6563742E2E2F2E2E2F737461636B71
S21402A4A02F6D61632F6C6F7765722D6D61632D72F0
S21402A4B061696C2D3830322E31352E342E63000011
S21402A4C00000000064000000190000000000000008
S21402A4D0010000000A000000010000000000320037
S21402A4E03200640064009600C800C8002C01000018
S21402A4F032003200640064009600C800C8002C01D6
S21402A5006400C80090012003B00440066009100EE3
S21402A510000032006400C800900158022003B00414
S21402A52008070000190032006400C8002C019001E0
S21402A5305802840300000D001900320064009600E1
S21402A540C8002C01C2010000FFFFFFFFFFFFFFFF54
S21402A550FFFFFFFFFFFFFFFF2E2E2F2E2E2F7374FF
S21402A56061636B2F6D61632F75707065722D6D61FF
S21402A570632E63002E2E2F2E2E2F737461636B2F85
S21402A5806D61632F7363616E2E63002E2E2F2E2E47
S21402A5902F737461636B2F73656375726974792F99
S21402A5A073656375726974792D6170692D6164646F
S21402A5B0726573732D6D617070696E672E63002EFF
S21402A5C02E2F2E2E2F737461636B2F6672616D654C
S21402A5D0776F726B2F636F756E746572732E63007E
S21402A5E0020203000000000009CC0100C1CB0100FA
S21402A5F0CDCB0100A1CC0100E1520200FF480200CF
S21402A600034902000F490200074902000B490200F3
S21402A610000000004801000068220020FFFFFFFF44
S21402A620FFFFFFFFFFFFFFFFFFFFFFFF0000020825
S21402A63000000000FFFFFFFFFFFFFFFFFFFFFFFF1F
S21402A6400000000000000000000000000000000003
S21402A65000000000000000005241494C00000000CB
S21402A660A0000000257F01005000000005800100C8
S21402A670B0230020FA04FA000033330A0A0A03045D
S21402A680040808080808084000210000000000002E
S21402A69000000000000000010000010100010101AD
S21402A6A00000003800000018000000200000000033
S21402A6B00000000000000000A806000048704C0DD4
S21402A6C04470D80C307064123C70AE163870340D7C
S21402A6D034705A0D30700A0F2C700A0F2870DC1076
S21402A6E02470F41020703E0D1C7080111870F21148
S21402A6F014703A0DB110076001D80A7108B87F7855
S21402A700020C7E78641000C6A01F00218CB87078F8
S21402A71001B007680F305CB30F330111C0480698CA
S21402A7204A022FB006D80C7109DD087100B853A88A
S21402A73009BB11100768016821480760041001125E
S21402A740FF3221500760514807600088069844137C
S21402A75000C4401F002103DD087214BA281400A0AA
S21402A76000BA03DF107109DF0672029860058CB822
S21402A770507800A04413281441158110076002D8AF
S21402A7801471108806982E1800C00C70084006989F
S21402A7907C1A0091069860020060B83020D80671D4
S21402A7A090BC637C784D5412F03240DE047240480E
S21402A7B004DB08720DDD0C72044BEF301448069869
S21402A7C0FC0600C4E0100840441207620132214031
S21402A7D0084C287C811140D91C72B1123032CF4A03
S21402A7E0013AB1DA107208D8067104D80871B04C72
S21402A7F0237C4070684C4412FF328722047580B86E
S21402A800D84C81D8327140D90472237C084B069802
S21402A810FC0604BA88B9767900C118600840357912
S21402A820E049007906B904A901D86E72227CBC4CB4
S21402A830307C0298320208D83C7100C14C000840B5
S21402A840141110D93071104C00C1140008401411B4
S21402A8501814076100C5206008405415FF350471BE
S21402A86010491814A84C4412076201320671029865
S21402A8701201B84C08D80C7107BA24D8047106BA6B
S21402A880187004D80C7101BA40D80E7102BA0A7058
S21402A89005BA20D8047203BA227C604C4411404C9C
S21402A8A01814076118149111383111429111076971
S21402A8B010D90472EF3200C1006008401411103142
S21402A8C0016911422814A111076118140698621A28
S21402A8D0181400C10060084014110769FF311814EB
S21402A8E000C13C300840141118140761181430884F
S21402A8F002480698C005009308DB047101F800A020
S21402A9005CB00F3000A01088B111076980D90A71B7
S21402A91000C1800008400811009100A000C4000198
S21402A9200840441000A000C020300E40041104105D
S21402A9301050F47200A0541550451271069806077E
S21402A9400698960618B8707800B8417806984003BC
S21402A95090BA5B7A5C7A5D7A00C21850084024127C
S21402A96000C1501F00212811069838182088008838
S21402A97000C5441F002154155112FF350762FF32ED
S21402A98006986A0201595129047511590090212925
S21402A9902075069886040698A2040698FA02009283
S21402A9A003D80C728111076102D90472FF0FBA70C4
S21402A9B018B8727800F804D842710088308800C04F
S21402A9C0FC1F0021041000C1501F00211412012A8E
S21402A9D0215A00C3185008403413312A1A7500C091
S21402A9E00060084004100730FE200C76381108B8C4
S21402A9F07F78020C7E780093009000A000C0F41FBF
S21402AA000021041000BB1DB400A000C1DC1F002101
S21402AA1014111088FF3100C5FFFF000031120762D3
S21402AA200762513A513B0E720698720C1159011286
S21402AA3001131E703114008831100698720C1159D9
S21402AA40415C41280698740C513801130090012B82
S21402AA5000902088076001140760FF30215D4112D4
S21402AA6007620762312D0876FF34415C4128015D9A
S21402AA7031100698740CFF303088011300C0E01FB6
S21402AA8000210410512B0C76076801150768FF3564
S21402AA906070315BFF32212B0C7507600115076071
S21402AAA0FF354E7000C5E41F002154150765076583
S21402AAB05112FF35FF30012B0875211007603270E6
S21402AAC021100768FF30012B0A7521100760076006
S21402AAD0207000C2E81F00212412211007600760C0
S21402AAE0FF30012B087521100768067021100760D9
S21402AAF0FF300093009200C10060084014142C49F5
S21402AB000734FE242A761415F0BC076C513C0768FD
S21402AB1003680154107100C4FF0FFFFF513C01444B
S21402AB204811311200C5E81F00215415FF3507628F
S21402AB3007622143544914122155FF3551522811F8
S21402AB4000A001D81871008800C0047008400410E4
S21402AB508020FF30067106984E03009000A002D8AF
S21402AB60047200A00088069896061DB428B9112C17
S21402AB70408800C3EC1F0021341440445A71441329
S21402AB8006982005411500C00060084004100730F2
S21402AB90FD20447500C20870084024100760FF308C
S21402ABA080DC34710698AE0C01591C4A24100760EA
S21402ABB00260FF300698AE0C0158B22001295413E9
S21402ABC031100698AE0C11280A7504255415504506
S21402ABD0EE72069820050094009000A07FB90661E8
S21402ABE000C01C60084006984A1304155153113BD6
S21402ABF03155581002984413EBBD00C0401F002187
S21402AC000411113D10D91271FF33076B00C1904039
S21402AC100846381118B97479581000A006986002D0
S21402AC208024E4240D300472044800C11C510840FC
S21402AC30141100C3DC1E0021911504351A72181374
S21402AC4088BB08D804716C7B04D804716A7B8CBB01
S21402AC502F7C5B7B16703C4B181388BB08D804719C
S21402AC606F7B04D804716D7B217C0C3001600698E2
S21402AC7082060698680B0698320700B8B111076973
S21402AC8040D906720298660601BC00C200600840FF
S21402AC9000DC0A7124150165604A0A701C4A2415F4
S21402ACA007657C4A043508D920712024512A2412CB
S21402ACB000C180000840320C281107622811076282
S21402ACC0281107622811500C00C1381F00211412E7
S21402ACD000DC1A7120D8067101B80C70F0DA0C721A
S21402ACE00CDB087102B806988A0648240449141137
S21402ACF000C380000840FFB80120114108710141DD
S21402AD0018130824014200C1200008401411014112
S21402AD10036D514191152035016D514118132813C9
S21402AD20481300C37C000840341003D80C71073067
S21402AD3005DC0671084B227B8CB8507800B800C13F
S21402AD40381F0021141203682150F03001522811D6
S21402AD5000A04024066400C0FFFF0100013C1DB0B5
S21402AD6002200158402806751EAC01EC00A020887F
S21402AD7000C01850084004121DB4211304123052A9
S21402AD80F871066C402400C3741F0021341014119D
S21402AD900698C00C0669009211592129067600BB56
S21402ADA011590698960C80B80158013A0662313B52
S21402ADB00472215A412A00A000C200010840317ADA
S21402ADC000A0308880B9076900C30000C0FF3110B8
S21402ADD0312800BC002D0C7511541EAC01EC312D2F
S21402ADE0F470066C51134155312C009300A000C03C
S21402ADF028400E400413315107610C310769115384
S21402AE00381000A006984A0800C0F41F002104115A
S21402AE1006983207217A237A00C3000010000698AB
S21402AE20720700C0581F00211DB1181000A000C0F4
S21402AE30541F00211DB1181000C09C1F00210410D1
S21402AE40002D067500B826A80698060700C09C1FA7
S21402AE5000210410012C06750698960628B010B933
S21402AE60115911380EB9114028A880B800C14430D3
S21402AE700840081100C1F01F00211410303B067173
S21402AE800760076000C40830084044111150FF30C4
S21402AE90015118146FB8076826A8217A050C2110EC
S21402AEA02048267800C063EF0000314026A8050C33
S21402AEB020ECB11140D90872247A20EC217A184885
S21402AEC026A828B00AB901510F31115028A8050C3E
S21402AED0207A20EC0F0C98B84678417806986A02D9
S21402AEE000C2441F002124100151FF3111500812E4
S21402AEF000A006984A0800B826A800C05C1F0021D9
S21402AF001DB1181000A030B840780DB101D9FC72FE
S21402AF10427800C074300E4004114CBA407A1810C1
S21402AF20144804115C7A1810A4BB707B4E7B4F7BCE
S21402AF3000C20430084000A006984A08217A227A05
S21402AF4000BB0698720700C0681F00211DB11810CA
S21402AF50A4BB00C040300E400411033101492872E0
S21402AF60B112076207623048041121510F3118727C
S21402AF706E7B6F7B104804114CBA7C7A181014480A
S21402AF800411607A1810B11002D81071707B30B8B4
S21402AF90627860780DB001D8FC7100C0F860084095
S21402AFA0041101D90C7100C01800084002B918102B
S21402AFB008B86E780EB84EB110D90C723EA8140CB2
S21402AFC00FB83EA8107044A8140C01B800C1B030E7
S21402AFD00E40081100C077801F003DB201423DAA14
S21402AFE000C0FFFFFFFC013A3DAA140C00C077E048
S21402AFF01F0001423DAAFFB845207D7808B87E783A
S21402B00000C124600840141107610631087100B9B6
S21402B01006985A1006984A13B11101D90E7106986D
S21402B020881A02D906720698AE0B06984413511473
S21402B03006989606F4B845780A0C00C0641F0021EC
S21402B0401DB1181002983410FFB845205D7803B879
S21402B050076044A83EA800C1B0300E40081110B8E0
S21402B06007683DB101393DA908B86F7800A046A827
S21402B07000C0FFFF0000013B076356AB94BA437A59
S21402B08001D91471013C47B300C0FE20FFFF013B0B
S21402B090314447AC637AFFB82120407802D9047164
S21402B0A0607800A0C8BC066C415C512C06750698F8
S21402B0B0960606986E0DB110076805D8347140BA28
S21402B0C006981A1308B86578911004D8187188B8CB
S21402B0D06E78577800C0640008402178069882107F
S21402B0E001400A728CB84278069856130298400BB2
S21402B0F008B86C7820B859785B7800C0F4400840ED
S21402B1007878797800C1C81F0021141040A8184921
S21402B11014130449408814140C4914118112076A46
S21402B120006A01DA187188B8577800C0CC1F00216F
S21402B1300410016107630763076407640698B2098F
S21402B14000944EB010D842724DB161B80158113811
S21402B15040B102D90A72604804BB415408702048C4
S21402B16002BB02BC4DA8F8B87078190C3EB141413A
S21402B1703EA9F4B973797378717800C4F840084030
S21402B18000C200410840227000C20000010044AA2A
S21402B190230C00C200000B0044AA00C41041084061
S21402B1A000C21841084004BB587C050C597C0C248C
S21402B1B00F0C2FAB050CB11008D81471647A657A9F
S21402B1C01CB879787B7820B879787B78607CF42410
S21402B1D041130698FC0651144044067506989606D6
S21402B1E0727BFFB84D20050C687840EC00C0601FEB
S21402B1F000211DB11810911004D8147100C0BC1E95
S21402B2000021041080D806711CB8737800F818B8AC
S21402B21000C1D81E002100C218500840241228116E
S21402B220767800F800C0B86008400411076107612C
S21402B23080D9047240EC00C4F84008404EB010D8E2
S21402B2400471182441130C23527C407B11512FA900
S21402B250050C797C0A0C00C0000001020814787CF8
S21402B260050C507C08B86D7800A000C02870084015
S21402B2700411108800C10018004018104448041138
S21402B280108878480411108800884CBA757A18100D
S21402B2903DB11088F4B84278442072782848737812
S21402B2A0F8B873784FB200C4FFFF8080413A4FAAC5
S21402B2B001BC01644113076300C06C70084003B907
S21402B2C018100110011001B9181001100110011018
S21402B2D0011068480411076101B80160003A047160
S21402B2E0044904D9047241520760003A04710849BD
S21402B2F008D9047231520460003B0E720063006487
S21402B300314241424FAAB2704FAAF8B85378182079
S21402B31053782848527800913DA900900091181061
S21402B32000917848181000914448181000A011594E
S21402B33010D906710760076008D90471076004D93E
S21402B3400471036002D90471016001D904710060BE
S21402B35000A000BA01D806710148112A00690060EF
S21402B36001D8F6720138F67200A08020FF30FF483E
S21402B370812000A000C21850084024121159212929
S21402B380127300210E7100C23050084024120121AF
S21402B390212900A006984A0888B8577800C57C1F5D
S21402B3A000215088044D88BC00C0C81E00218111AF
S21402B3B001D91E71407C00950115044D50881C4D24
S21402B3C0FFBB076B315B04110698B80C3129F87580
S21402B3D00698761954150698881A01D9087206989E
S21402B3E07C0806700698DE0888BB547B009500F839
S21402B3F006988C090E700698680B06988C090698B3
S21402B4006011069836089112211900C0246008407F
S21402B4100A78097800F810B901BA06981013069847
S21402B420341000C57C1F002100F89112033288B93F
S21402B43000C3BC1E0021341300C4A81008408CB8F8
S21402B4404278707903DE067144786E707179A110C5
S21402B45020D806710298160F80DB507102D84C7203
S21402B46005B830880763076302DB2A7100C3AC00A5
S21402B47008403413066380DB0472804800C3102041
S21402B48008403413315B0472404831283128026088
S21402B4900814076800930814A11010300248081414
S21402B4A000B808149110076008148CB86278A110CE
S21402B4B000DC0676517900BA80DB587100C00000C5
S21402B4C00200003B4E7150884110344803DE04717E
S21402B4D09048041508200411F82058101C202178E2
S21402B4E00698AE0E00C0A40008400E7810D91C7153
S21402B4F051451A7100C53400084407B8081500C53E
S21402B5003400084604B8081504702E780698741697
S21402B5100095911120310269911004D80E7200C173
S21402B5204C1F0021141101D90A71208806985A105E
S21402B530009200C1180008400533054B1872184CDB
S21402B54003DE0471904C441400C3FF1F0000413B0D
S21402B550FF233811B849076A0698A20E04490879EB
S21402B560097914102140081100A000C554000840B3
S21402B570541551455071108800C13400084407B86C
S21402B580081101B83088076B40DB247100C0370C05
S21402B59000000811364800C5D01E0021541102D9F9
S21402B5A00E72104801D9087100C01104000000C1D3
S21402B5B034000846081100C134000840141530351E
S21402B5C00093009100A000BD0698440210B903DC67
S21402B5D0047100B901BA0698101302D90671004028
S21402B5E04E7201B107690F3106988210FFD8287291
S21402B5F0811008D8187106DD0A710698440203DC29
S21402B6000C720698C810069856130C7006DD107158
S21402B6100698CE10487020B802A806DD107206986A
S21402B6208C090698360801F840B802A800F800C04F
S21402B630BC1E00210413076301DB22719110011165
S21402B640076911388CB910D8087144790298160F18
S21402B65002DBFA72A11328DBF47203BD06982810E7
S21402B66006988C098CBA7F7A0698FC0600C5801F5D
S21402B67000210698440200BA03DC3272044DA1107F
S21402B68002D804710C4D00C0140008400410026871
S21402B69000C3701F002134111128FC2334110698B0
S21402B6A0960C00C10C5108400698B2065415212D7E
S21402B6B000C0F8600840041101D9227100C03C1F86
S21402B6C000210410033001DC147200C0140008408C
S21402B6D00411FD21087602BA076A212D069848074A
S21402B6E00298E8099110015503355150011900A03E
S21402B6F000C1481F0021141001D84271014807609A
S21402B700FE200E75811020D8087100C14C1F002142
S21402B710141101D9287100C0246008400412215176
S21402B72007610F3107691152281000C000600840F7
S21402B73004119112215120311152211900A08113B6
S21402B74080DB067201B800A000C30C50084034101B
S21402B750063030727C4B34122C4B34100760076074
S21402B76040302072811080D8DC713410014A0762A2
S21402B7700360803021508C480A717F235523341091
S21402B780013000A000BD0698281088B84778457892
S21402B790437800B8447800A006988C090698C8102A
S21402B7A000C58C1F00215415069848070298E80920
S21402B7B000C374000840027B06984A1350BA0698E3
S21402B7C01A1306988210FFD84A71911004D848724C
S21402B7D0811007601CD8407220D938721112FF32CD
S21402B7E02151347180218021111400C0E41E0021F1
S21402B7F00413FFBA3151113A215111538CB9381042
S21402B8007B7940440E7200B900C2C41E0021181291
S21402B810067008B860780698441300F800B900C2AB
S21402B8209C1008401812244A0AB9181288BA507A8C
S21402B830517A577A8CB942795F7900A00698440209
S21402B84007DC1072911000200A75069860110298A3
S21402B850660D0698360801B9911004D8047100B92D
S21402B86010BA0698101300BA00402A7100C0BC1E17
S21402B87000210411076101D9127104D9E272811004
S21402B880076001D8DA718CB8647800C11C51084090
S21402B8900698B2060698601100C5901F002154153E
S21402B8A0212D06987C0800C5941F002100F800BCD4
S21402B8B0811108D9167280D9207201B910BA069879
S21402B8C0101300400E7101BC10700698C81006983E
S21402B8D0561320B802A800F80698601181110231AA
S21402B8E0127100B900C20C1008401812244A02B99C
S21402B8F018120698C81000C5981F002154150698FD
S21402B900001A0298E80904110121147188BA737AA0
S21402B910042004122811042004110121F47200A04C
S21402B9200698FC0601F8911010D834710698400368
S21402B930069886040698A20400C51C5108405411B5
S21402B9400698B80C00C5D41E002154155129E2757C
S21402B95018B875788CB8447801B802A800F8B11007
S21402B960076810D82E7100C04810084000C30000B7
S21402B97008403114884C44113411076101D9FA7118
S21402B980441228100762281007622810076228103F
S21402B990E87000C1BC1E0021141080D82C7100C1B2
S21402B9A05400084014111141207100C100000240E9
S21402B9B01038167100C03400084407B9181000C0C9
S21402B9C03400084601B9181002987A0206986002F6
S21402B9D011380472016A00BB00C1E41E0021141172
S21402B9E020390C72911210DA0672417B00A006987A
S21402B9F04A1300C2BC1E0021241220DA0472617BA4
S21402BA0088BA527A00A088BA727A811204DAFC7274
S21402BA1000A088B86B78577800C0640008402F787A
S21402BA2000A006986E100763076390B9637900B9A1
S21402BA3002DB36713112076240DA2E7200C25400FF
S21402BA40084024100140227202EC00C909B801D94C
S21402BA50507200C2AC0008400E7A10D904722E7AD8
S21402BA6006987416E031076102EC00CD114502EC2F
S21402BA7000CC01DB087100BB0298CA1703B841115B
S21402BA800731FA211C760621911210DA087102DDBE
S21402BA9010721E7020B80698720C3038147208B8ED
S21402BAA00698820600C0240008402978207800F80C
S21402BAB0046020D8067102982C1502EC00CA05B85C
S21402BAC023DA187104DBDA7120DAD67110DAD27250
S21402BAD090B8617800B801DA067202EC00C89111DB
S21402BAE010D9267100C1CC1E002114111150FF304E
S21402BAF00C720661A110115002300A7180DB0A72C4
S21402BB000AB89E708CB97C79076891111140211190
S21402BB10C0311140011990B8411108D904716678F4
S21402BB2020D904726578A11002D80672C0DA1E7196
S21402BB3090B8273123DD087210DB1072607825DD9D
S21402BB400A7121DD087208DB0471627803B84111BC
S21402BB5007310872A1152035AA7102DD3272A111D1
S21402BB6020D9A07102D92872CCDA9872411140D934
S21402BB70927206B802DB1071046500C110200840FC
S21402BB801411112D112D054D5C720298BA13211154
S21402BB904049C0D94E71A031411540350165514129
S21402BBA00361076308DA1E7204DA38721049A115B7
S21402BBB00235067110DB0E7201340A7108DB24713D
S21402BBC090B86778CC3211101A300ADC0872CCDED4
S21402BBD00471FD3100C00D0F0C0D0698740C01D8CF
S21402BBE0607207B80298E41300BA411108D90C71C2
S21402BBF002EC00CA05B830DAEC720734F0310261A2
S21402BC0001DA0471014900C0F300A3E30698740C3C
S21402BC1001D8D07100C0981440680698740C403061
S21402BC20014440DA0471204C04320162204A1110A9
S21402BC300630006801421831026911420298021465
S21402BC40204A00C0051708500698740C11300142AD
S21402BC502088FFBB0DDA507100C1DE1B250180BCB7
S21402BC6004DA107208DA0A7200C120841000E02496
S21402BC70A02407634143016401DA06711E49024BA0
S21402BC8000C02C1F002107633810BC2002DA127194
S21402BC9001B91159A11380DB087100C100FCFF0134
S21402BCA018100298561700C4BC1E0021441080D8F3
S21402BCB07C710092D0DA06710DDA0C7190BD437D6C
S21402BCC0EFBD06983E0503620DDA8672A11105D90C
S21402BCD05C7100C23810084024120C24281401D9C2
S21402BCE0067202D9327140D91E7102EC00CA2110C6
S21402BCF018320471FA2220D804720822FE2208752D
S21402BD0002EC00C8F87001D90E7102EC00C802D924
S21402BD10067204DC187200C0BC1E00210410026801
S21402BD2001D8067190B8647818B873780298CA1762
S21402BD3000C50020084000C00417000008D904729D
S21402BD400A480815104D00B808D90472FF200815D5
S21402BD50084D00C00884000008D9087200C020837D
S21402BD60B8ED0815104D207D00A000B8011A00C0DD
S21402BD7074000840027891101030011905BA06982E
S21402BD801A1302D9067101B802A800C0BC1E00210F
S21402BD90041380DB0671029866138CBA7C7A01DB88
S21402BDA06C7100C2301F002124111114FF3402EC02
S21402BDB000C8FF24FA7607610698820C03611138E0
S21402BDC00F3003611114011141100698820C01D83C
S21402BDD0087203B80298E413044A02DB24712410A2
S21402BDE0112811280412023006710762076200C089
S21402BDF0FFFF0000213800C218000840FF2008128A
S21402BE00411007600698820C01D87C7120BC103362
S21402BE10767100BB00C12C1F00211415C021112C05
S21402BE205112076A0F320E71408851140698FA179B
S21402BE304143009451120765036A0F320E71411195
S21402BE4051140698FA17036C41430765513B00C12B
S21402BE50E81E00211411111231100F30127100BAAF
S21402BE60046101D80471114200600FD8F4723110D7
S21402BE7002601E30047201B8003A087204B80298D2
S21402BE80E4130298EA1500C0381F002104110F318E
S21402BE9003DD1A7200C000600840041007D80E7254
S21402BEA000C01040084004B9181000F806986E103A
S21402BEB006983C0500F830885088FF34087102EC7A
S21402BEC0FF24F87002EC00CD141001BB5150FFD8CD
S21402BED0047131440760006B10DBF2710421FF220B
S21402BEE0E4720F4C0095009300A000C1C01E002112
S21402BEF0141100A030880698381A8111076102D9F9
S21402BF0006720298141988BB557B076120D9067100
S21402BF10029804190088A110076806982E180821AE
S21402BF201415FC2590BB5C7B5D7B00C1006008405D
S21402BF3014110731FE21307608D82A725113FC23D9
S21402BF40341304DB2071076BFF33315B00C10870CA
S21402BF5008401411076180490C71FF31302954756D
S21402BF6090BB7B7B10707B7B7C7B00DD04717D7BD2
S21402BF7001BB3815EC25541300DF5471042505DF88
S21402BF8054715415211120880698B80C0092512934
S21402BF903E7500C100600840141102DB0C710731C7
S21402BFA0315B31292A760C7004DF0872006180D971
S21402BFB01E7206982E1800C00870084006987C1A52
S21402BFC006982E181411FFD9607202985A1900901A
S21402BFD0009300A05415A111076910D9A67208256E
S21402BFE008D8A071082510D89A71208821110698C1
S21402BFF0B80CFC255412112AF82554110C2520D809
S21402C0000871F02554111025202904762159181597
S21402C01000920298C61818B97179811010D80A7160
S21402C02088B8447800B8417888B9747908B96779CD
S21402C03000F88110A0D8087188B9497900A0076075
S21402C04002D8FA7106982E18108806984A130762C4
S21402C050076210DA087108211415F025541100C27F
S21402C0600020FEFF202912750698881A01D90A7246
S21402C07006988C090698360800941CBB41100C20C2
S21402C08006984A1241110821141006984A123128BD
S21402C090441111120761FF31FF3201221052107251
S21402C0A00769181404244413042438140C7007690E
S21402C0B021411814082408140298441340441471A9
S21402C0C000C1C41E002114155113036B0FDB0C7242
S21402C0D0066D06980607411500A0069836080698CB
S21402C0E04A1308BB51140698C0194415FC2554156A
S21402C0F00298480788B900C3BC1E002134130763A0
S21402C10008DB1A718113A0DB067149791070697910
S21402C110076302DB087208B9677900F800A081118C
S21402C120076102D9107188B9757906982E1814110C
S21402C130FF3100A0FFB900A0041008211411F42159
S21402C140081100A081110761076110310E7106986F
S21402C1502E1808211411F821141100A00102030060
S21402C1600600070A00000E0000000F001A0000007A
S21402C17000001B0078C1020034C20200000000006A
S21402C18090C1020001000000000000000000000054
S21402C190B4C102004063598F404B4C000B000B00A9
S21402C1A01A00FF7F2C210020000000000000000083
S21402C1B000000000F81F0101D8C30200DC1F0401C2
S21402C1C00200620609C805780704DC067807060737
S21402C1D0F41F010101000000FC1F01010000000025
S21402C1E03800020000000000000000002C60020080
S21402C1F00050010F40B80040786001005063820B87
S21402C200E8600100590B00001470011000F80700E6
S21402C21014700130F50000001870010000180000CC
S21402C22070700300030101000F9C030006E0490042
S21402C230FFFFFFFFF01F01013F003700040002006E
S21402C240018014007F0000001800020000000000B9
S21402C25000000000280004000000000000000000AB
S21402C260000000000000000040000100A0070000DF
S21402C2704800010000000000540002000000000018
S21402C28000000000A000040000400000FF4C000078
S21402C29000410000FF4D00000020010004070000DE
S21402C2A01020010000000000182001000884000091
S21402C2B00830010013AC000130300200244910009F
S21402C2C0010000004030010000000000A040010014
S21402C2D07A27000FB840010000C0A300F440010016
S21402C2E0201000003441020080080000E6870000AB
S21402C2F0404102006D008800C0E6524D60410400D5
S21402C300000000000000000006000000060000001A
S21402C310146006001000000020F913040B007200DF
S21402C32060700000008000000000000350600600FD
S21402C330FC0069004108000001000000B007070089
S21402C340700A0000000000007C600B009BC34A7469
S21402C350F003000003800000BE0A00000101103056
S21402C36050707F7F00000000000000000000000008
S21402C3700000000000000000E46001008000D78B8F
S21402C380EC600500640483078813C83A9C20060004
S21402C39000612000B756852004610300383E120073
S21402C3A02030000088BB000020610100001E000053
S21402C3B01C70050060000505030050AB82000000FB
S21402C3C000008001D5000000487002003C3D0000DD
S21402C3D0BC190000FFFFFFFF0D000000D75403004A
S21402C3E0000000002CC4020024C40200000000006A
S21402C3F0001A9A00005A620280841E00042000007E
S21402C40024490002000000000000000000000000B6
S21402C4100000000000000000D1841E0000000000A2
S21402C42000000000ED17000000000000193F0106A2
S21402C4300410010000010106001027000009000098
S21402C4400000000000002C2066756E6374696F6E33
S21402C4503A2000617373657274696F6E20222573C9
S21402C46022206661696C65643A2066696C652022E2
S21402C4702573222C206C696E65202564257325732E
S21402C4800A000020202020202020202028282828DB
S21402C490282020202020202020202020202020208D
S21402C4A020202088101010101010101010101010DD
S21402C4B010101004040404040404040404101010ED
S21402C4C01010101041414141414101010101010199
S21402C4D00101010101010101010101010101101027
S21402C4E0101010104242424242420202020202026D
S21402C4F002020202020202020202020202021010F9
S21402C50010102000000000000000000000000000E4
S21402C5100000000000000000000000000000000014
S21402C5200000000000000000000000000000000004
S21402C53000000000000000000000000000000000F4
S21402C54000000000000000000000000000000000E4
S21402C55000000000000000000000000000000000D4
S21402C56000000000000000000000000000000000C4
S21402C57000000000000000000000000000000000B4
S21402C580000000232D302B2000686C4C0065666787
S21402C5904546470030313233343536373839414232
S21402C5A04344454600303132333435363738396104
S21402C5B06263646566002E2E2F2E2E2F73746163BF
S21402C5C06B2F73656375726974792F736563757201
S21402C5D06974792D636F6D6D6F6E2E6300000000B7
S20C02C5E05059FD7F0100000026
S21002C5E8F4C502000020002081000000C4
S21402C5F4AAAAAAAAAAAAAAAAAAAAAAAAAAAAAAAA90
S21402C604001000000000200000100000B88A02009B
S21402C61400000000FFFFFFFF000000000000000013
S21402C62400000000449602009C340120CC3701200E
S21402C63402000000917700000000000005060200D8
S21402C64405040100C0EA2101C0EA210100800000BD
S21402C65400F04902E05C01206C20002000700F000C
S21402C664009000007C3B0120C8000000FE00000091
S21402C67400000000589A020008220020C0EA2101A5
S21402C6840600E40C0A0000000000E40C0A000000A5
S21402C6943F000000892602003C000000401F000004
S21402C6A4144401207443012054440120D44401203C
S21402C6B4100E0000144601202559020006A30200AB
S21402C6C4FFFFFFFFFFFF03FF050E00000000000050
S21402C6D4445801200000000000080808080C0C0C4E
S21402C6E4180000008549020010A60200FFFFFFFFA3
S21402C6F46D4E0200694E0200FFFFFFFF05A0010017
S21402C704FFFFFFFFFFFFFFFFFFFFFFFFFFFFFFFF2E
S21402C714A9BB0100FFFFFFFF19520200FFFFFFFF44
S21402C724000000003821002000000000405A0120CA
S21402C734A85A0120105B012000000000000000003F
S21402C74400000000000000000000000000000000DE
S21402C75400000000000000000000000000000000CE
S21402C76400000000000000000000000000000000BE
S21402C774000000000000000003000000405A0120F0
S21402C784FFFFFFFFFFFFFFFFFFFF580201006400E9
S21402C7943C000F00140090010900CEFAEFBEFFFF22
S21402C7A4FFFF0100FEFFFFFFFFFF0100FFFFFFFF89
S21402C7B40E000000000004F8FFFFAA01FF031F0496
S21402C7C40101010410100803BF19FF010301FF0E43
S21402C7D4FE01FF0530BF4223013BFDD1024B5B68DD
S21402C7E413F0805FFAD1704700300E400D1F000030
S20802C7F4E51E000037
S804007B5927
