:1000000000200020CD5A0000C3E80100C3E8010031
:10001000F5FF0100C3E80100C3E80100C3E80100E7
:10002000C3E80100C3E80100C3E80100C3E8010020
:10003000C3E8010000640200C3E80100C3E8010056
:10004000C3E8010031A20100E9CA0000C3E80100D1
:10005000619A0100052E0200012E020051A201004A
:10006000F92D020091670000F9680000C3E8010063
:100070001958000009580000C3E80100C3E8010056
:10008000C3E80100B52C000019690000C3E80100B5
:10009000C3E80100C3E80100C3E80100C3E80100B0
:1000A000C3E80100C3E80100C3E80100C3E80100A0
:1000B00085A20100FD2D020011BB0000C1A20100BC
:1000C000C3E80100E9850100C3E80100C3E80100BD
:1000D000C3E80100C3E80100C3E80100C3E8010070
:1000E000C3E80100C3E80100C3E80100C3E8010060
:1000F000C3E80100C3E80100C3E80100C3E8010050
:10010000C3E80100C3E80100C3E8010000000000EB
:10011000013800D0FCE7704700000000000000003C
:1001200001F0FF01102A2BDB10F0070F08D010F8A8
:10013000013B013A8B422DD010F0070F42B3F6D1AC
:10014000F0B441EA012141EA014122F007047FF0C5
:1001500000070023F0E80256083C85EA010586EA1C
:10016000010685FA47F5A3FA87F586FA47F6A5FA58
:1001700087F68EB9EED1F0BC01F0FF0102F0070264
:1001800032B110F8013B013A83EA010313B1F8D10F
:100190000020704701387047002D06BF35460338F0
:1001A000073815F0010F07D1013015F4807F02BF29
:1001B000013015F4C03F0130F0BC0138704700BF7A
:1001C0002DE9F04F2DED028B91B082460C469346FF
:1001D0001D46DDE91C23104619461CF0A5FB00282E
:1001E00000F007814FF0FF32B14BDDE91C011CF03C
:1001F000C3FB002840F0FD804FF0FF326FF4801306
:10020000DDE91C011CF09AFB002840F0F28000227E
:100210000023DDE91C011CF091FB002840F0FE806A
:100220009DED1C7B8DED067B209B13F480630F936B
:1002300001D106231E93DDE906010246C1F30A50EF
:10024000C1F31303904643F07F5949F44019A0F2DB
:10025000FF301CF097F884A3D3E900231CF0FCF8CE
:1002600083A3D3E900231BF041FF06460F4600227B
:10027000904B404649461BF037FF7FA3D3E900234C
:100280001CF0EAF802460B46304639461BF02EFFBA
:100290001CF07CFB06461CF075F88046894678A366
:1002A000D3E900231CF0D8F80022834B1BF01EFF7B
:1002B0001CF06CFB074674A3D3E900234046494673
:1002C0001CF0CAF88046894638461CF05BF870A3DB
:1002D000D3E900231CF0C0F802460B4640464946CD
:1002E0001BF002FF8046894602460B461CF0B4F81C
:1002F000CDE90A0107F2FF3700210022CDE90812FB
:100300003B0509930023089342464B464046494625
:100310001BF0ECFECDE90C0142464B4600204FF0AD
:1003200080411BF0E1FE804689460022634BDDE9F7
:100330000A011CF0BBF90022614B1BF0D7FE0246FC
:100340000B46DDE90A011CF0B1F900225D4B1BF000
:10035000CDFE02460B46DDE90A011CF0A7F9024674
:100360000B46404649461BF0C1FE02460B46DDE9FE
:100370000C011CF09BF90022534B1BF0B7FEDDE98A
:1003800008231CF069F88046894649EC188BDDE9A2
:1003900006231CF0F1FA40B1013E0022484B4046D2
:1003A00049461CF083F941EC180B06F16303C62B98
:1003B0003FD80427209B13F4006F44D036A3D3E921
:1003C0000023DDE90689404649461CF0CBFA0028A7
:1003D0003FD033A3D3E90023404649461CF0AEFA90
:1003E000002836D01E9BB34225DD9E1B731E1E9334
:1003F00023E0209B04931F9B03931E9B02939DED80
:100400001C7B8DED007B2B465A462146504600F062
:10041000CFF811B0BDEC028BBDE8F08F9FED227BD1
:100420008DED067B1C9B06931D9B03F100430793F8
:10043000FAE60527BEE700231E93209B43F4806362
:10044000209300273E461F9B9F423FD2A3EB070805
:100450003EE01E9B002BF6D00F9B002BF3D01E9B83
:10046000013B1E93EFE700BFFB799F501344D33F3E
:10047000B3C8608B288AC63F61436F63A787D23FAA
:1004800071A379094F930A401655B5BBB16B024071
:10049000EF39FAFE422EE63F2D431CEBE2361A3FBF
:1004A0000000000080842E410000000000000000D9
:1004B000FFFFEF7F0000F83F0000E03F00002C400E
:1004C00000002440000018400000F03F4FF00008FA
:1004D000209B13F0020902D00FB14FF000083EB18B
:1004E00053EC182BDDE906011CF0E0F8CDE906011C
:1004F00000220023DDE91C011CF020FA00283DD178
:10050000209B23F400630493CDF80C801E9B029380
:100510009DED067B8DED007B2B465A4621465046CD
:1005200000F046F8002F3FF474AF209B13F0200F2B
:100530002CD04FF0450C00F101082B460246214615
:100540006046D04786EAE672A2EBE6720523059381
:10055000013F0497002303930A230293F30F0193AF
:1005600000922B4642462146504620F025FEB9F126
:10057000000F3FF44EAF02461F9F10E0DDE9060179
:10058000024601F10043CDE90623B9E74FF0650CBF
:10059000D1E7561C2B4621462020D0473246A2EBFD
:1005A0000B03BB42F5D3104633E700BF0000000049
:1005B0002DE9F04F2DED028B95B007900A919246F0
:1005C0009B46DDE92089229D42464B4640464946EE
:1005D0001CF0AAF9002840D04FF0FF326FF48013CE
:1005E000404649461CF0AAF9002845D14FF0FF3299
:1005F0009F4B404649461CF0BFF900284BD198A3B9
:10060000D3E90023404649461CF0B6F900285AD1E8
:1006100095A3D3E90023404649461CF08FF90028F2
:1006200051D100220023404649461CF087F900289A
:1006300057D100230B93249B13F4806F5CD00024CC
:100640001F2C5BD8092D59D904F150036B4430227B
:1006500003F8202C013D0134F2E7249B0393239BF4
:10066000029303230193834B00935B4652460A99FE
:10067000079820F0C7FC2CE1249B0393239B029353
:10068000042301937C4B00935B4652460A990798DA
:1006900020F0B8FC1DE1249B13F004030FD0774A2F
:1006A0007BB1042324990391239902910193009231
:1006B0005B4652460A99079820F0A4FC09E1704A6B
:1006C000EEE70323EEE7249B0493239B0393029519
:1006D000CDE900895B4652460A990798FFF770FDFD
:1006E000F7E042464B46002000211BF0FDFC80460F
:1006F000894601230B939EE70625A0E7404649461D
:100700001CF044F906461BF03DFE02460B464046EF
:1007100049461BF0E9FC5B4B03EBC50393ED008BF3
:1007200053EC182B1BF098FE02460B46CDE908232C
:100730001CF054F907461BF015FE02460B46DDE996
:1007400008011BF0D1FC02460B46CDE9082300222C
:100750004D4B1CF011F950B3013738461BF002FE27
:1007600002460B4651EC180B1CF0F2F808B10136AA
:10077000002755BB30461BF005FE02460B4640469F
:1007800049461BF0B1FC0746884600223E4B1CF050
:10079000D5F838B100223C4B384641461CF0ECF805
:1007A000002842D016F0010F3FD001363DE0002274
:1007B000354BDDE908011CF0C1F80028D9D117B18B
:1007C00017F0010FD5D00137D3E71F2C17D8013D03
:1007D0002E4BA3FB0723DB08194603EB8303A7EB90
:1007E0004303621C303304F150000DEB000404F8A5
:1007F000203C092F02D90F461446E6E714461F2C69
:100800000AD86B1E45B104F150026A44302102F847
:10081000201C1D460134F2E71F2C06D804F15003BA
:100820006B442E2203F8202C01341F2C33D8184A95
:1008300082FB0632F317C3EBA2031A4603EB8303D2
:10084000A6EB4303611C303304F150000DEB0004B0
:1008500004F8203C1646EAB10C46E6E7AFF3008008
:100860000000000065CDCD410000000065CDCDC188
:10087000FFFFEF7F386B02003C6B02002C6B020025
:10088000346B0200486B02000000E03FCDCCCCCCC2
:10089000676666660C46249B03F00303012B1DD09C
:1008A0001F2C09D80B9B002B35D004F150036B444F
:1008B0002D2203F8202C0134249B0393239B0293C5
:1008C00001940CAB00935B4652460A99079820F0BE
:1008D00099FB15B0BDEC028BBDE8F08F239BB3B143
:1008E0000B9B1BB9249B13F00C0F12D0239B013BD5
:1008F0002393194606E004F150036B44302203F8B9
:10090000202C01348C42CBD21F2CF4D9C8E7239978
:10091000F8E72399F6E7249B13F0040F07D004F1BE
:1009200050036B442B2203F8202C0134C4E7249B92
:1009300013F0080FC0D004F150036B44202203F8D9
:10094000202C0134B8E700BF7FB54E6802A90446E9
:1009500021F03DFF9DF808300E2B19D1134BB3F950
:100960000050134B9E4218D808F092F803460068D6
:1009700000909B88ADF804306946204621F014FFB2
:1009800070B10C490C4840F21C620DF0D7F8FEE73C
:10099000204615F021F90546E3E708F075F8E5E78C
:1009A0002946204621F015FF04B070BD544F0020A9
:1009B000FFC99A3B956E0200BC6B020038B5044635
:1009C0000D461EF0B1F8064A13889BB22DB12343A1
:1009D0001380BDE838401EF0ADB823EA0403F7E702
:1009E000C4490020034B002201214FF480709A700B
:1009F000E4E700BFC44900207FB50023134C0393F4
:100A0000CDE90133FF238DF804301EF08DF82288E4
:100A100063880F4E9A4205460DD061887068218028
:100A200001AA14F0C7FE58B10A490B4840F2976278
:100A30000DF084F8FEE7706821F078FD0128ECD015
:100A400028461EF077F804B070BD00BFC820002013
:100A5000C4490020956E0200BC6B020038B50F4CF3
:100A6000A56835B90E490F4840F27C720DF066F862
:100A7000FEE720F076FC284410F0D2FC00F00700DE
:100A8000032809D1A4680921204620F086FD205CB6
:100A9000031F5842584138BD0020FCE7C4490020DC
:100AA000956E0200BC6B020010B5114CA378042BAC
:100AB00006D01049104840F244520DF03FF8FEE7CE
:100AC00023881B0706D40B490B4840F245520DF012
:100AD00035F8FEE700210820FFF770FF074B60683C
:100AE00002221A7114F034FEBDE810401FF09FBCC2
:100AF000C4490020956E0200BC6B0200C820002093
:100B000010B5084C606814F023FE606821F00EFDFB
:100B1000012806D0012260681146BDE8104021F08E
:100B200007BD10BDC449002038B5194DAB7833B1AD
:100B3000184919484FF4DC620DF000F8FEE71DF08B
:100B4000F3FF298811F00601044609D001214FF472
:100B50008070FFF733FF2046BDE838401DF0EABF44
:100B60004FF48070FFF72AFF12F0C8F9012805D072
:100B700010F0FD0F05D1FFF73FFFECE7FFF7C0FFD7
:100B8000E9E70449044840F2F6620CF0D7FFFEE7BB
:100B9000C4490020956E0200BC6B020070B5074D81
:100BA00095F90C600446FFF7BFFF12F0A7F8AA689A
:100BB00031462046BDE8704011F0DEBEC449002039
:100BC00008B50A4B1B88DB0606D40949094840F2E0
:100BD00069520CF0B3FFFEE700211020FFF7EEFE94
:100BE00012F008FABDE808401FF021BCC4490020FB
:100BF000956E0200BC6B02000D4B1B889B0710B565
:100C0000044613D500210220FFF7D8FE094B5A797C
:100C1000FF2A06D00849094840F29A420CF08EFF9C
:100C2000FEE75C71BDE810401FF001BC10BD00BFC5
:100C3000C4490020C8200020956E0200BC6B020051
:100C40007047704710B50E4CA37833B10D490E486C
:100C500040F2C5120CF072FFFEE7A06019B1A17C52
:100C6000003918BF01212020FFF7A8FE074B0848D4
:100C70009B7923770223A370BDE810400FF03ABAA6
:100C8000C4490020956E0200BC6B0200C820002001
:100C9000E449002008B510F02FF880F00100C0B240
:100CA00008BD0A4B9A780AB1062A0CD11B8803F4B6
:100CB0008B7343B9064B5A79FF2A04D11879FF3850
:100CC00018BF012070470120704700BFC4490020B1
:100CD000C820002008B50FF0FFFF0028FBD108BD99
:100CE0000C4B42881A8242789A740278DA748288AD
:100CF0009A82C288DA82C2689A61074A017A91713F
:100D0000028A198D914204D001214FF400701A8596
:100D100054E67047C4490020C8200020094B1A8AB5
:100D200042809A7C4270DA7C02709A8A8280DA8AE7
:100D3000C2809A69C260044A1B8D92790272038252
:100D4000704700BFC4490020C82000204B1E012B63
:100D500070B50C4606D91B491B484FF42A720CF09B
:100D6000EDFEFEE7194D0A460146686821F045FE92
:100D700030B11449144840F2AA220CF0DFFEFEE71D
:100D80006E680FF02BF922460146304621F02FFE07
:100D900030B10C490C4840F2AE220CF0CFFEFEE719
:100DA0006D680FF027F922460146284621F02BFEF8
:100DB00030B10449044840F2B2220CF0BFFEFEE715
:100DC00070BD00BF956E0200BC6B0200C4490020DC
:100DD000054BDB791B0913F00E0003D0052B8CBFEC
:100DE00000200120704700BFC8200020044BDB79A1
:100DF0001B0913F00E0F0CBF01200020704700BF2D
:100E0000C82000202DE9F04F16469A0591B0814682
:100E10001F4603D501218020FFF7D0FDF3014FF0DD
:100E2000000852D59A4C23889D074ED5994D6B7971
:100E3000FF2B06D09849994840F266420CF07EFE9E
:100E4000FEE7A36833B99449944840F267420CF036
:100E500075FEFEE741460220FFF7B0FDA37885F856
:100E60000580042B03D101210820FFF7A7FD8C4A40
:100E70006068002121F0CCFC30B18749874840F2FE
:100E800071420CF05BFEFEE7FFF7A2FFA8B9D4F8B1
:100E9000048020F066FA0546A06820F06DFA291853
:100EA0007F4A89B2404621F0C4FC30B17A497B4880
:100EB00040F277420CF042FEFEE7A378032B02D10A
:100EC000606814F045FC1FF0B2FAB80702D50120A3
:100ED000FFF792FE16F0A84F02D00220FFF78CFE1B
:100EE000B10220D50021402005ACFFF767FD214667
:100EF000484621F0AEFDB0B99DF81C30022B0AAA7D
:100F000022D18DF83030BDF81430ADF828301046BD
:100F100011F0FCFE38B1484621F099FD18B90121C5
:100F20004020FFF74BFD320752D5594D05AA68689E
:100F3000032121F02DFD804688B95749574840F2DA
:100F4000B3420CF0FBFDFEE7032B05BFD4E9000123
:100F50008DF830308DF83000C2E90001D7E79DF8F8
:100F600014306868072B40F022810AAA414621F01C
:100F700013FD824630B14849484840F2B6420CF071
:100F8000DDFDFEE7FFF724FFBDF8161090B9FFF76F
:100F90002DFF68B10431686889B20AAA21F0FEFC0D
:100FA00040B13D493D4840F2C7420CF0C7FDFEE765
:100FB0000231F0E7BDF816000730012180B20FF0D2
:100FC000E5FD039000284AD101210C2012F0DCFD40
:100FD000B10705D52E4B1B881A0701D5FFF764FD15
:100FE000B3010AD500210420FFF7E8FC284B9A78CA
:100FF000012A02D1586814F0ABFB16F0284F03D039
:1010000000210420FFF7DAFC7E060CD5204C238853
:101010001D0701D5FFF748FD2388580703D5002198
:101020000420FFF7CBFCF90540F1CF80484621F0C2
:101030007BFA022802D0032840F0C080144C238899
:101040005A0703D500210420FFF7B8FC23889B072B
:1010500040F1BB80012011B0BDE8F04FCCE50FF0AE
:101060006BFC4FF0000BCDF800B0BDF81630024617
:1010700004464146686821F0ABFCBDF81630834257
:1010800010D0054905484FF49B620CF057FDFEE770
:10109000C4490020C8200020956E0200BC6B0200ED
:1010A000F049002020F05DF9204410F0B9F900F07B
:1010B0000700022823D1AB78042B89D120F051F905
:1010C000434B20441B7882789A4281D159460820AC
:1010D000FFF774FC20F045F9204410F0A1F93D4BD6
:1010E000C0F3001018719DF836302B73FFF7B6FC73
:1010F00000287FF46DAF686814F02AFB68E720F0E1
:1011000030F9204410F08CF9830649D520F029F9F4
:10111000204410F085F900F00700032828D00121B1
:101120000420FFF74BFC21F05DFC2863BDF816306E
:101130009DF83620E254BDF816309DF83720234440
:1011400001209A71BDF816100A9A0131214410F05D
:1011500075F9BDF8163003981C4484F805A00FF00B
:10116000A9FD1D4B18780FF0CBF81FF060F92FE7A1
:101170000921204620F011FA205C04284FF00101DB
:10118000CED1FFF71BFC21F02DFC28632B885806DD
:10119000CCD559464020FFF711FC4FF0010AC5E7B6
:1011A000AB78012BC2D1686814F0D2FABEE721F007
:1011B000E9FB6868414621F008FC09E7074908484F
:1011C00040F2B5520CF0BAFCFEE711B0BDE8F08F6A
:1011D000314A0020C820002034490020956E0200CA
:1011E000BC6B020008B50246FFF7F2FD30B1072ADA
:1011F00006D8044B002083F8342008BD7020FCE79B
:101200000220FAE7C449002008B50246FFF7E0FDD6
:1012100028B1044B93F834301370002008BD7020BF
:10122000FCE700BFC449002008B5074B0146002277
:10123000586821F0E2FB30B1044905484FF4377299
:101240000CF07CFCFEE708BDC4490020956E02004E
:10125000BC6B020008B5074B01460022586821F01C
:10126000C6FB30B10449054840F2E2220CF066FCAE
:10127000FEE708BDC4490020956E0200BC6B020069
:1012800008B5074B0146586821F0C3FB30B105494A
:1012900005484FF43A720CF051FCFEE708BD00BF60
:1012A000C4490020956E0200BC6B020008B5064BD5
:1012B0009B7833B10549064840F2F2220CF03EFC1F
:1012C000FEE7BDE808402FE4C4490020956E020007
:1012D000BC6B020008B5044B0146586821F079FA4E
:1012E000002818BF8B2008BDC4490020014B586856
:1012F00014F072BCC4490020014B5888704700BFED
:10130000C82000207FB50123ADF80E3009484FF604
:10131000FE7300930DF10E02002304A9406821F032
:10132000D7F9012894BFBDF810004FF6FF7007B041
:101330005DF804FBC449002008B5044B0146586819
:1013400021F04CF9B0FA80F0400908BDC4490020F2
:1013500038B50B4DAB78012B04460DD8FFF7ECFFE9
:1013600060B1084B5C80AB781BB9FFF7DDFB002058
:1013700038BDFFF741FBFAE73E20F9E78A20F7E79F
:10138000C4490020C8200020024B9B780BB9FFF70E
:10139000CBBB7047C4490020014BD874704700BFD5
:1013A000C449002008B5054B0121586821F0E3F835
:1013B0000028B8BF033040F3870008BDC4490020AF
:1013C00008B5044B586821F005F9034BB3FBF0F066
:1013D00080B208BDC449002040420F0030B58DB036
:1013E0002C220446002101A822F07BF80123264D7F
:1013F0008DF808304FF002326423CDE903230693C1
:101400000B238DF82C302B8DADF80A30FFF7E0FC64
:10141000A0B140F2F23307934FF47A7305930CB9FD
:10142000FFF76EFB686801A914F0AAFCB8B1174970
:10143000174840F269620CF081FBFEE7FFF7C0FF3E
:101440000C234343902BA3F10A0207930592DCBFC0
:1014500091230793059B8B2BE1D88C23DEE7FFF7C5
:10146000C5FC60B101226868114621F0E0FA30B194
:101470000649074840F26C620CF060FBFEE70CB9CD
:10148000FFF752FB0DB030BDC4490020956E02003D
:10149000BC6B0200F8B5574C1DF046FB2388D905FC
:1014A000064603D5A37843BBFFF73EFB524D6B794D
:1014B000FF2B13D06B7903F0FF0723BBFF236B7166
:1014C000A378032B0AD100233046A3701DF032FB12
:1014D0003846FFF763FB1DF027FB0646A378042B75
:1014E00008D12B79FF2B05D02B79022B14D143483F
:1014F0000EF000FEFF232B7128E000214FF48070D6
:10150000FFF75CFAD2E76B79012B4FF0FF036B71A9
:1015100014BF89278D27D6E72B7913B12B79012B9F
:101520001FD1FFF79BFA2B790022FF212971DBB233
:1015300084F820200546002848D0012B0AD12F48E6
:10154000A37064210EF0E1FDFFF756FA30461DF05E
:10155000F1FA06E03046A2701DF0ECFA3120FFF7F8
:101560001DFB23881A0608D500218020FFF726FAE4
:10157000606821F0A1F911F01EFD23889B0507D5B5
:101580004FF400700021FFF719FA0020FFF726FF43
:101590000FF0A2FBE08628B30FF0CEF9012105463B
:1015A000002012F0F1FAA678012E15D1002684F859
:1015B0002060A670FFF7B8FA284611F017F9A37853
:1015C000E6867BB9BDE8F84011F098BBA0703046C4
:1015D0001DF0B0FA2846C2E72EB1284611F006F9F0
:1015E0000023E386F8BDFFF79FFA284611F0FEF8C6
:1015F000E686F7E7C4490020C8200020E44900201F
:101600007FB5794C2388DB0700F1E7800121774D16
:101610000846FFF7D3F905237549A37005F10800C3
:1016200014F068F8606028B972497348F3220CF02E
:1016300085FAFEE7714820F0BAFF69A3D3E90023D9
:10164000CDE900234FF0FF324FF0FF33606821F007
:101650003DF84FF48811606814F01CFB014630B16E
:101660006449654840F20B120CF068FAFEE7644BDF
:101670001B78012B0ED1634A606814F097FA6068FA
:1016800014F0ACFBE0B15B495B4840F217120CF080
:1016900055FAFEE75C4E316831B9564956484FF469
:1016A0008D720CF04BFAFEE7564A606814F07EFA31
:1016B00033689B6823B1DB6913B15B7803B1EB71CD
:1016C000FFF720FE514B68801B78C3EB431203EBFE
:1016D0008203DB0001202385FFF780FE65680EF0A2
:1016E00089FC00220146284621F08DF9054630B1DB
:1016F0004049414840F22D120CF020FAFEE740F23A
:1017000003532382424B04261B78E374A674FFF72D
:1017100057FE00EB80039B00A382FFF751FEC00041
:10172000E08231466068A56120F052FF30B1314956
:1017300031484FF49E720CF001FAFEE760683246C1
:1017400003A920F0EBFF042806D02A492A484FF4C9
:10175000A0720CF0F3F9FEE703A901200FF07CFE64
:101760000BF0E6F9606808224FF0FF3120F0B8FF77
:1017700030B12049204840F249120CF0DFF9FEE771
:1017800014F09AFC30B11B491B4840F24F120CF088
:10179000D5F9FEE7FFF71CFB68B11DF0DBFB014646
:1017A000606821F001F830B11249134840F2531239
:1017B0000CF0C4F9FEE76468FFF7A4FD154B014681
:1017C00003F10C02204614F003F830B109490A482D
:1017D0004FF4AD720CF0B2F9FEE704B070BD00BF7B
:1017E0000A0020FF42030000C4490020C820002056
:1017F000E5090000956E0200BC6B0200690345EC30
:10180000164A00204909000014200020CE210020A3
:10181000CD210020C06E020008B5044B586820F0AE
:10182000DBFE034BB3FBF0F080B208BDC4490020DF
:1018300040420F002DE9F043864D2B889B0787B06F
:1018400006D48549854840F201720CF077F9FEE72D
:10185000AB78033B012B06D97F49804840F20372E5
:101860000CF06CF9FEE7AA6832B97B497B4840F27C
:1018700006720CF063F9FEE7794E2C88F77914F0C4
:10188000200418BF4FF47A744FEA1718FFF7A0FA34
:10189000002872D0B8F1020F0AD0A8F10303022B7E
:1018A00069D96D496D4840F21A720CF047F9FEE7AC
:1018B000032795F8343008EBC8089844694B03EBCC
:1018C00048031046B3F81C801FF056FD4FF4FA533E
:1018D00043437822B3FBF8F37733B3FBF2F31F44AF
:1018E000C7EB0717AB78FF00BFB204F5347417FAE3
:1018F00084F4042BA4B203D107F6E8072744BCB252
:10190000D5F808801FF02DFD0746A8681FF034FDAC
:1019100007441FF04CFDBFB23F1A1FF022FD4044A8
:101920000FF07EFD64238DF80C304F4BD5F80490FA
:10193000CDE90434C0F340141FF045FDBFB20346A7
:1019400041463A46484621F01FF82B88718831807D
:1019500013F0200F03AB75D000936868434B224609
:1019600013F00CFF002872D03B493C4840F2D9628A
:101970000CF0E4F8FEE706279BE7FFF737FA0028AC
:1019800044D0384B07F00F0708EBC801394403EB8C
:1019900041031046B3F81C901FF0EEFCB8F1000FA5
:1019A0002AD0B8F1010F2AD1400080B24FF00408CC
:1019B000F3191B7E4BB10233034443449BB24FF4F3
:1019C000FA525343B3FBF9F39CB2AB78042B97D193
:1019D0003744FFF7F5FC3B7E053398448146FFF71B
:1019E0001BFF0C2308FB00F003FB09F909EBC009FE
:1019F000A1441FFA89F483E74FF00208D8E716499B
:101A0000164840F23B720CF099F8FEE7FFF704FF2E
:101A10000746A8681FF0B0FCAB780930784304EBA8
:101A2000C000042B84B27FF46BAFFFF7C9FC0746FC
:101A3000FFF7F2FE602358430C2303FB070020440A
:101A400084B25DE76868224613F08AFE8AE707B031
:101A5000BDE8F083C4490020956E0200BC6B020013
:101A6000C8200020C06E020020A10700D449002039
:101A7000F8B5484C258815F0020506D04649474878
:101A80004FF4B3720CF05AF8FEE784F820501DF0C2
:101A90004BF823885A0706460AD520F0A3FF236B8C
:101AA000C01A238D984203D929460420FEF786FFE9
:101AB00030461DF03FF8A778022F37D11DF034F8DB
:101AC000238813F00405064607D035480EF012FBB4
:101AD0003046BDE8F8401DF02DB81DF02BF8A06889
:101AE00011F044F920B1A570BDE8F840FFF756B8F1
:101AF0001DF01AF8A66805461FF033FC30440FF0BD
:101B00008FFC10F0200F0CBF032304230121384663
:101B1000A370FEF753FFFFF78DFE28461DF00AF86D
:101B200001210846BDE8F84012F02EB8042F27D155
:101B30001C4B1B79FF2B2CD1237FF3B11CF0F4FF3E
:101B400023885B07054604D515480EF0D3FA2846CE
:101B5000BFE71CF0EFFF237F013B23771CF0E4FF7E
:101B6000012104460220FEF729FFFFF763FE20460D
:101B70001CF0E0FF01210820D4E7A3704020B3E768
:101B8000012F06D160680023A37013F0E1FD31201E
:101B9000AAE7F8BDC4490020956E0200BC6B0200A4
:101BA000E4490020C820002038B501210446102057
:101BB000FEF704FF064B5D68FFF702FC054B00FBD8
:101BC00004F10122284620F0B7FC002038BD00BFF8
:101BD000C4490020C10B000010B50A4C2388DB0665
:101BE00006D40949094840F275320BF0A7FFFEE719
:101BF00010200021FEF7E2FE6068BDE8104020F0F2
:101C0000A9BC00BFC4490020956E0200BC6B020055
:101C100038B50D4DE88E30B90C490D4840F282328E
:101C20000BF08CFFFEE70EF087FE0446E88E0EF008
:101C30009FFE811F214401200FF00EFC044620F07E
:101C4000D1FE001B38BD00BFC4490020956E0200C4
:101C5000BC6B020010B5074CA36833B906490748AE
:101C600040F291320BF06AFFFEE720F0BBFEE36A20
:101C7000C01A10BDC4490020956E0200BC6B020062
:101C800038B50A4DE88E30B909490A4840F29B320E
:101C90000BF054FFFEE70EF04FFE0446E88E0EF008
:101CA00067FE044414F8020C38BD00BFC44900208C
:101CB000956E0200BC6B020038B50A4DE88E30B953
:101CC00009490A4840F2AA320BF038FFFEE70EF04D
:101CD00033FE0446E88E0EF04BFE044414F9070C64
:101CE00038BD00BFC4490020956E0200BC6B0200E5
:101CF00038B50A4DE88E30B909490A4840F2B93280
:101D00000BF01CFFFEE70EF017FE0446E88E0EF007
:101D10002FFE044414F9010C38BD00BFC449002053
:101D2000956E0200BC6B0200024B1888C0F3C01015
:101D3000704700BFC449002030B50F4B05460FCB9C
:101D400085B06C4684E80F000DB12B6800930B4BF7
:101D500021465868002213F055FF044630B1084967
:101D6000084840F2D7320BF0E9FEFEE7FEF744FEEA
:101D7000204605B030BD00BF486F0200C4490020B6
:101D8000956E0200BC6B020008B5074B014658680F
:101D900020F094FD30B10549054840F2E5320BF0E2
:101DA000CDFEFEE708BD00BFC4490020956E0200CD
:101DB000BC6B020008B5064B586820F096FD30B1A8
:101DC000044905484FF47C720BF0B8FEFEE708BDED
:101DD000C4490020956E0200BC6B0200024B012238
:101DE0005868114620F0A4BBC44900207047F8B5DC
:101DF000054604200C461FF096FA03061DD5104E2A
:101E0000B778D7B91DB1012D02D00220F8BD012746
:101E10002046FFF791FA0028F7D070683A4621462D
:101E200020F09FFB30B1074907484FF486620BF062
:101E300085FEFEE70623B370E8E77020E6E700BF03
:101E4000C4490020956E0200BC6B020010B504204E
:101E50001FF069FA030610D5094CA378062B0CD1A4
:101E6000606820F081FB30B10649074840F24942E2
:101E70000BF064FEFEE7A07010BD7020FCE700BF11
:101E8000C4490020956E0200BC6B020008B50349EE
:101E9000034840F261520BF051FEFEE7956E0200DE
:101EA000BC6B02000348044B834202D0034B03B1D6
:101EB00018477047FC210020FC2100200000000092
:101EC0000548064B1B1AD90F01EBA301491002D09C
:101ED000034B03B118477047FC210020FC21002070
:101EE0000000000010B5064C237843B9FFF7DAFF75
:101EF000044B13B10448AFF300800123237010BDDD
:101F00000450002000000000D08F020008B5054BEF
:101F10001BB105490548AFF30080BDE80840FFF755
:101F2000CFBF00BF0000000030240020D08F02008F
:101F3000A3F5803A704700BF174B002B08BF134B27
:101F40009D46FFF7F5FF00218B460F461348144AC4
:101F5000121A21F0C6FA0E4B002B00D098470D4BF9
:101F6000002B00D098470020002104000D000D48F0
:101F7000002802D00C48AFF300801BF07BF8200053
:101F800029001CF08CFB1AF0C1FE00BF0000080005
:101F9000000000000000000000200020FC210020C4
:101FA0006C5000200000000000000000BFF34F8FC5
:101FB0000549CA6802F4E062044B1343CB60BFF3E7
:101FC0004F8F00BFFDE700BF00ED00E00400FA0501
:101FD00070B582B004468368C26853F822301E7818
:101FE0001EF0C8FA864222D300230093ADF80430D5
:101FF000204B1B88ADF80230A168E36851F823201C
:102000001278ADF804206268D21A012A21DD01336A
:1020100051F823301B88ADF8003068461EF09EFA58
:102020000446032003F018FCC0B902B070BD054699
:10203000032003F011FC0028F7D01CF0FDFB1CF07E
:10204000FCFB2B4632460C490C4800681DF038FD5D
:10205000EBE740F2FF13ADF80030DEE71CF0ECFBDD
:102060001CF0EBFB22460649044B18681DF028FDC6
:10207000DBE700BF424F002060390200B429002096
:102080009839020010B582B08368C26853F82230D4
:102090001C780023019343689B1A012B0FDD01AAD2
:1020A00001211CF0F3FF01469DF804001EF04EFADA
:1020B00020461EF057FA044620B902B010BD1EF0AB
:1020C00049FAF5E7032003F0C7FB0028F5D01CF020
:1020D000B3FB1CF0B2FB22460249034B18681DF00B
:1020E000EFFCEAE7A8390200B429002010B5034646
:1020F0008168C26851F82200B0F900001A4C2080B3
:102100005B689B1A012B0FDD013251F8223093F9E5
:102110000010003918BF01211EF0C9F9A0B9032031
:1021200003F09AFB10B910BD0021F5E71CF084FB09
:102130001CF083FB0D4B1C681EF0BDF902460C49D8
:1021400020461DF0BDFCEEE7012003F085FB0028D2
:10215000E9D01CF071FB1CF070FB0649034B1868BA
:102160001DF0AEFCDFE700BF424F0020B429002085
:10217000C4390200D839020010B584B0002300939E
:102180008268C36852F8232012788DF80C20022A46
:1021900010D18268013352F823301B78ADF8043037
:1021A00001A81EF0C7F90446032003F055FB58B9F7
:1021B00004B010BD6A4601211CF068FF0146009A78
:1021C00001A821F0C7F8EBE71CF036FB1CF035FB4B
:1021D00022460349034B18681DF072FCE8E700BF74
:1021E0003C3A0200B42900202DE9F04186B01EF0EF
:1021F0006EF90446894B1B7813F0020F2CD0884EE1
:1022000013F0010F2AD0864F13F0040F28D0DFF807
:102210001082032003F020FB28BB032003F01CFBEB
:1022200058BB032003F018FB002835D1032003F02E
:1022300013FB00283ED1032003F00EFB002847D1FA
:10224000032003F009FB00285ED1032003F004FB08
:10225000002867D1002471E0724ED1E7714FD3E7B7
:10226000DFF8C081D5E71CF0E7FA1CF0E6FA6E490A
:102270006E4B18681DF024FCCFE71CF0DDFA1CF053
:10228000DCFA6A4B1D6806F02BFA02460B466849D9
:1022900028461DF015FCC4E71CF0CEFA1CF0CDFA60
:1022A000624B1D681EF0E7F80246624928461DF0A1
:1022B00007FCBBE71CF0C0FA1CF0BFFA5B4B1D68C3
:1022C0001EF011F902465C4928461DF0F9FBB2E701
:1022D0001CF0B2FA1CF0B1FAE279A37961792079A5
:1022E000E57894F802C094F801E024780594CDF8DC
:1022F00010E0CDF80CC00295019000914F494B4879
:1023000000681DF0DDFB9BE71CF096FA1CF095FAC7
:10231000464B1C681EF0DFF80246494920461DF076
:10232000CFFB92E71CF088FA1CF087FA45493F4B37
:1023300018681DF0C5FB8DE70134E4B2072C12D8F4
:10234000032003F089FA0028F6D01CF075FA1CF07F
:1023500074FA364B1D681EF0BAF8025D3A492846F9
:102360001DF0AEFBE8E7032003F076FA98B90320EE
:1023700003F072FAC8B9032003F06EFA18BB032009
:1023800003F06AFA68BB032003F066FA002836D12E
:1023900006B0BDE8F0811CF04FFA1CF04EFA2B4954
:1023A000224B18681DF08CFBE1E71CF045FA1CF08D
:1023B00044FA1E4B1C681EF092F80246244920463F
:1023C0001DF07EFBD7E71CF037FA1CF036FA174BEE
:1023D0001C681EF068F802461E4920461DF070FB7E
:1023E000CDE71CF029FA1CF028FA104B1C681EF0EF
:1023F00062F80246184920461DF062FBC3E71CF054
:102400001BFA1CF01AFACDF800803B4632461349FD
:10241000064800681DF054FBBAE700BFC221002047
:10242000F0390200F8390200543A0200B4290020C1
:102430005C3A0200783A0200943A0200B03A020094
:10244000D43A0200F03A0200043B0200106A020093
:102450000C3B0200283B0200403B0200583B0200BC
:1024600010B58368C26853F8223018781EF017F848
:10247000044678B9032003F0EFF900B910BD1CF051
:10248000DBF91CF0DAF922460A490B4B18681DF0FB
:1024900017FBF3E7012003F0DFF90028EED01CF072
:1024A000CBF91CF0CAF922460449034B18681DF009
:1024B00007FBE3E7903B0200B4290020B43B020095
:1024C00070B582B08368C26853F822301B78134A13
:1024D000137013F0020F0ED0114C13F0010F0CD03B
:1024E0000F4D13F0040F0AD00D4E032003F0B4F982
:1024F00038B902B070BD0B4CEFE70A4DF1E7094E59
:10250000F3E71CF099F91CF098F900962B46224647
:102510000549064800681DF0D3FAEAE7C221002009
:10252000F0390200F8390200043A0200B429002010
:1025300070B58268C36852F823100C78013352F8E2
:1025400023301D78294620461DF0FCFF80B903206A
:1025500003F082F900B970BD1CF06EF91CF06DF942
:102560002B4622460B490C4800681DF0A9FAF2E7F9
:102570000646012003F070F90028ECD01CF05CF94D
:102580001CF05BF932460549034B18681DF098FAB8
:10259000E1E700BFE43B0200B4290020143C020044
:1025A00008B51DF074FF032003F056F900B908BD0B
:1025B0001CF042F91CF041F90249034B18681DF068
:1025C0007FFAF4E7443C0200B429002030B583B020
:1025D0008368C26853F822301C7801A920461DF098
:1025E0005AFF88B9032003F037F908B903B030BDAA
:1025F0001CF022F91CF021F9019B22460B490C48E2
:1026000000681DF05DFAF1E70546012003F024F9AA
:102610000028EBD01CF010F91CF00FF92A460549F0
:10262000034B18681DF04CFAE0E700BF643C020061
:10263000B4290020803C020010B58368C26853F8BA
:1026400022301C78631EDBB2032B03D8204602F035
:102650009FF810BD012003F0FFF80028F9D01CF00E
:10266000EBF81CF0EAF8042322460349034800680B
:102670001DF026FAEDE700BFA43C0200B4290020BB
:1026800030B595B004460D4668461BF083FF0DF14A
:102690002C0EEC46BCE80F00AEE80F00BCE80F00C3
:1026A000AEE80F00DCF80030CEF800300BA9494B43
:1026B00018681EF0ABF910F1880F4BD168461BF07B
:1026C00069FF0DF12C0EEC46BCE80F00AEE80F00E0
:1026D000BCE80F00AEE80F00DCF80030CEF80030A8
:1026E0004FF410510BA81BF075FF8023ADF82E306E
:1026F0004FF440730A930AA81BF05DFF0A9B0E93E8
:10270000354B0F93334B1A680C9B0D9213F0FF0F50
:1027100004D123F0FF0343F001030C9301230C9336
:102720002C4B2A4621460BA81EF093F9044610BBF9
:10273000032003F091F890B9264B18681DF0A3FE12
:102740000546002831D1032003F086F8044610BB6B
:1027500001242FE01F4B18681EF040F9AEE71CF073
:102760006BF81CF06AF81B4B1A681C491C4B186864
:102770001DF0A6F9E0E7032003F06EF80028DBD097
:102780001CF05AF81CF059F822461649144B1868E8
:102790001DF096F9D0E71CF04FF81CF04EF81249E6
:1027A0000F4B18681DF08CF904E0032003F054F877
:1027B000044610B9204615B030BD1CF03DF81CF0A1
:1027C0003CF82A460949064B18681DF079F900249F
:1027D000F0E700BF4824002000444004DC3C020035
:1027E000B42900200C3D0200303D0200503D0200A3
:1027F00000B583B00021019101AA1CF047FC0199AA
:1028000010290ED0032003F027F860B11CF014F853
:102810001CF013F810220549054B18681DF050F9FB
:1028200001E0FFF72DFF03B05DF804FB703D0200EF
:10283000B429002010B582B000240094ADF8044003
:102840001DF098FEC0B2ADF804004FF6FF73ADF86E
:102850000030ADF8024068461DF080FEB0B903209C
:1028600002F0FAFF20B9FF201DF07CFE02B010BD7F
:102870001BF0E2FF1BF0E1FFBDF80030BDF80420C3
:102880000B490C4800681DF01BF9ECE704460120D9
:1028900002F0E2FF0028E9D01BF0CEFF1BF0CDFFD5
:1028A00022460549034B18681DF00AF9DEE700BF10
:1028B000983D0200B4290020C03D020010B582B04E
:1028C0006946002003F00AFA60B9032002F0C4FF51
:1028D000C8B9184B00221A70032002F0BDFFF0B9EE
:1028E00002B010BD0446012002F0B6FF0028F7D068
:1028F0001BF0A2FF1BF0A1FF22460F490F4B1868E7
:102900001DF0DEF8ECE71BF097FF1BF096FF019B34
:10291000009A0B49094800681DF0D2F8D9E71BF06E
:102920008BFF1BF08AFF0749044B18681DF0C8F89D
:10293000D6E700BF0C500020E43D0200B42900207F
:10294000083E0200383E020030B585B0012126481D
:1029500004F0E0F80121254804F0DCF801230B2203
:102960000A21022005F072FB01230B2211460220EE
:1029700005F06CFB1E4C4FF46163A3640325656492
:102980001C4BEC460FCB8CE80F0000238DF8003079
:102990006146204605F0ECFBE2236361FE23A36160
:1029A000154BE363236C43F4833343F0E403236464
:1029B000124B4FF40032C3F880211A6001212046E7
:1029C0001CF0B4F9284602F047FF08B905B030BD45
:1029D0001BF032FF1BF031FF71220949094B1868C7
:1029E0001DF06EF8F2E700BF00350A000082040017
:1029F00000C000409C400200FFFF070000E100E033
:102A0000803E0200B429002010B594B00AF0F2FB19
:102A1000032002F021FF002843D103F007F9044608
:102A2000002848D102F030FC01248F4B1C600BA819
:102A30001BF0EEFD0BA920461DF0E8FF10F1880FFA
:102A400049D00BA81EF070F8032002F005FF002803
:102A500040F0B380844B18681DF015FD1DF06EFD2D
:102A60000446032002F0F8FE002840F0B080932CCA
:102A700000F0B880002C40F0B880032002F0ECFE9B
:102A8000002800F0B8801BF0D7FE1BF0D6FE774B75
:102A90001C681DF020FD0246754920461DF010F807
:102AA000A9E01BF0C9FE1BF0C8FE72496F4B186805
:102AB0001DF006F8B1E7012002F0CEFE0028B1D0EB
:102AC0001BF0BAFE1BF0B9FE22466B49674B186833
:102AD0001CF0F6FFA6E7032002F0BEFE002851D14D
:102AE0000BA81EF021F868461BF092FD0DF12C0C8E
:102AF000EE46BEE80F00ACE80F00BEE80F00ACE801
:102B00000F00DEF80030CCF80030574B1A680C9BF1
:102B10000D9213F0FF0F04D123F0FF0343F00103E4
:102B20000C93564B0F934FF440730A930AA81BF073
:102B300080FD0A9B0E934FF410510BA81BF088FDEB
:102B40008023ADF82E3001230C93474B10224C49C3
:102B50000BA81DF07EFF04460BA81DF0E5FFDCB9B5
:102B6000032002F079FE00283FF474AF1BF064FEEE
:102B70001BF063FE3C4B1A6842493C4B18681CF042
:102B80009FFF67E71BF058FE1BF057FE3E49374B8F
:102B900018681CF095FFA3E7012002F05DFE0028F5
:102BA0003FF458AF1BF048FE1BF047FE2246374962
:102BB0002E4B18681CF084FF4CE71BF03DFE1BF009
:102BC0003CFE3349294B18681CF07AFF42E71BF0A2
:102BD00033FE1BF032FE22462E49244B18681CF0AF
:102BE0006FFF44E7FFF726FE05E0012002F034FE08
:102BF000D0B9FFF71FFE0023274A1370274A13603E
:102C0000274A1360274B4FF6FF721A80FFF756FED4
:102C1000FFF79AFE032002F01FFE80B9032002F0A6
:102C20001BFEB0B914B010BD1BF006FE1BF005FE74
:102C300022461D490D4B18681CF042FFD9E71BF0D6
:102C4000FBFD1BF0FAFD1949084B18681CF038FF12
:102C5000E4E71BF0F1FD1BF0F0FD1549034B18688C
:102C60001CF02EFFDEE700BF48240020B42900201E
:102C7000DC3F0200C43E0200FC3E0200004440046F
:102C8000002000205C3F0200343F0200803F020031
:102C9000A03F0200C03F02000C500020582400203A
:102CA0005424002088210020044002003840020003
:102CB00050400200614B5A6B12F4C06F59D110B4EE
:102CC00083B012F0040F27D05C49CB6903F00103F5
:102CD000DBB25B4803705B48002404800420C863B7
:102CE0004860CBB1584B0120187003215970214620
:102CF0009C70DC701C71554C24785C71544C2478A9
:102D00009C71544C2478DC71534B08241C70534B39
:102D100019701870494BD862494B1B78002B38D07A
:102D200012F0400F0ED04D4B1B784B4909788B4267
:102D300028D2581C494908704349C95C3F4BD962A5
:102D40004021D96312F0800F02D03C4B8021D9631F
:102D500012F4803F06D0394B4FF48031D963384BA1
:102D60000021197022F4803222F0C402334BDA635E
:102D70005FE020215960DA630023324A1380304A31
:102D800013707047FF21D9E72C4BDB692B4B0421D3
:102D900059602A4BDB6813F4807F10D0294B1B88C5
:102DA0009BB2872BF0D8254BD969264C23889BB240
:102DB000581C80B22080C9B22948C154E6E712F4F9
:102DC000803F30D000230193019B632B0ADC1B4B17
:102DD000DB6813F4807F05D1019B01330193F3E796
:102DE000164BDB69154BDB6813F4807F10D0154B55
:102DF0001B889BB2872BF3D8104BD969114C2388C1
:102E00009BB2581C80B22080C9B21548C154E9E772
:102E10000A4B4FF48031D9630A4B1B889BB213B124
:102E2000104B0121197022F4803222F00402034B6E
:102E3000DA6303B05DF8044B704700BF00C0004088
:102E400005500020444F00204C2400200A50002050
:102E50000950002008500020075000200650002094
:102E60005C2400200B500020BFF34F8F0549CA6837
:102E700002F4E062044B1343CB60BFF34F8F00BFFB
:102E8000FDE700BF00ED00E00400FA05002301E0CB
:102E90000133DBB2032B10D81946094A02EBC302F7
:102EA0001279002AF4D0064A12F833208242EFD178
:102EB000034B03EBC103588870474FF6FF70704710
:102EC000B4250020014B01221A70704718500020D1
:102ED0000023184601E00133DBB2032B10D8094A66
:102EE00002EBC3021279002AF5D0064A02EBC302B4
:102EF00051884FF6FF729142EDD00130C0B2EAE73F
:102F0000704700BFB425002000B583B0032002F055
:102F1000A3FC10B903B05DF804FB1BF08DFC1BF0A3
:102F20008CFC084B1A78084B1B780193074B1B68E5
:102F30000093074B1B680749074800681CF0C0FD59
:102F4000E8E700BF0C500020C121002058240020D9
:102F500054240020AC400200B429002010B582B0F7
:102F60000023019306E0002108326A4402F8041CA1
:102F70000133DBB2032B0AD81A46134901EBC30114
:102F800009790029EFD0104911F83310ECE7042338
:102F90000DEB030202210D48006812F013F80446FD
:102FA00008B902B010BD012002F056FC0028F8D08C
:102FB0001BF042FC1BF041FC22460549054B1868FA
:102FC0001CF07EFDEDE700BFB4250020802000202E
:102FD000E0400200B429002070B582B00446431ED0
:102FE000DBB2032B03D80D464FF0000C34E0012078
:102FF00002F032FC002800F087801BF01DFC1BF063
:103000001CFC22464649474B18681CF059FD7BE0E2
:103010001BF012FC1BF011FC434B03EBC6030095A5
:103020005B88224641493F4800681CF049FD2CE07E
:10303000032002F011FC70B31BF0FEFB1BF0FDFB44
:103040002B4622463A49374800681CF039FD22E0F9
:103050000CF1010C5FFA8CFCBCF1030F21D8664621
:10306000314B03EBCC0E9EF80430002BF0D02E4BEE
:1030700013F83C30A342EBD1BEF80230AB42D7D0BC
:10308000032002F0E9FB0028C2D1274B03EBC60363
:103090005D80FFF763FF244B03EBC60301225A71E7
:1030A00032E04FF0000C10E01BF0C6FB1BF0C5FB3C
:1030B00000962B4622461F491A4800681CF000FD66
:1030C0001BE00CF1010C5FFA8CFCBCF1030F17D86C
:1030D0006646154B03EBCC031B79002BF1D1124B49
:1030E00003F83C4003EBCC035D8001221A715A7156
:1030F000032002F0B1FB0028D6D1FFF72FFF03E039
:10310000012002F0A9FB08B902B070BD1BF094FBCE
:103110001BF093FB0849034B18681CF0D1FCF3E744
:1031200008410200B4290020B425002030410200EB
:103130005841020084410200B441020030B585B01C
:103140000446F0238DF80830184B1B788DF80930B1
:10315000174B1B688DF80A30C3F307228DF80B203C
:10316000C3F307428DF80C201B0E8DF80D30114B68
:103170001B78019302AB00930623002202211DF06D
:10318000CAF908B905B030BD0546012002F064FB5C
:103190000028F7D01BF050FB1BF04FFB2B462246BC
:1031A0000549064800681CF08BFCEBE7C0210020B5
:1031B00058240020C2210020D4410200B42900205C
:1031C0000023032B70D830B585B029E01BF034FB09
:1031D0001BF033FB364A02EBC4035B8812F8342041
:1031E0003449354800681CF06BFC50E0012002F0C7
:1031F00033FB18B9314B00221A704FE01BF01CFB57
:103200001BF01BFB2B462A4A12F834202C492A4873
:1032100000681CF055FCEDE70133DBB2032B3FD80F
:10322000284A14781C4404F00304214A02EBC40227
:103230001279002AF0D01E4A02EBC40250884FF6E1
:10324000FF729042E8D0631C03F003031D4A137021
:10325000174B03EBC40100224A7113F834301A49AA
:103260000B70B0218DF80C108DF80D30174B1B78BA
:10327000019303AB0093022319461DF04CF9054658
:103280000028B3D1032002F0E7FA00289ED10B4BAF
:1032900001221A701CF017FF0D4B186005B030BDED
:1032A000064B00221A70F9E7044B00221A7070478F
:1032B000B425002000420200B42900201050002054
:1032C000204202001350002011500020C221002093
:1032D000A825002000B583B0032002F0BDFAA0B9F4
:1032E0000023144A1360144A1370144A1370144BC9
:1032F0001888FFF723FF1CF0E6FE124B1860124BF4
:1033000004221A7003B05DF804FB1BF095FA1BF061
:1033100094FA0E4B1B6801930D4B1B7800930D4BD9
:103320001B78074A12880C490C4800681CF0C8FB3F
:10333000D6E700BFB025002019500020155000200E
:1033400088210020FC2500200C500020582400205B
:10335000C0210020C121002044420200B4290020E5
:1033600000B583B00023154A1370154A1370154A2F
:103370001370FFF7ADFD38B1134B01221A70FFF740
:103380001FFF03B05DF804FB032002F065FA48B9A3
:103390000023019300930D4A41F288310C481BF041
:1033A00062F9EEE71BF048FA1BF047FA41F2883267
:1033B0000849094B18681CF083FBE9E7135000200B
:1033C00012500020105000200F50002061330000E8
:1033D0008825002078420200B429002030B583B04F
:1033E000284B1B78DBB9284B1C780134E4B21C70E5
:1033F000FFF76EFD054608B184423FD3032002F07B
:103400002BFA58BB0023214A137001930093204AE2
:1034100041F288311F481BF026F903B030BD1CF083
:1034200052FE1D4B1B68C01A08F052F940F2DB53E4
:103430009842F2D9032002F00FFA18B9114B00227A
:103440001A70D0E71BF0F8F91BF0F7F9134B1A7854
:103450001349144B18681CF033FBEFE71BF0ECF931
:103460001BF0EBF941F2883300932B46064A1278A1
:103470000D490C4800681CF023FBC3E7FFF7A0FED2
:10348000CBE700BF10500020125000200F5000204A
:103490006133000088250020A8250020115000205D
:1034A000A8420200B4290020C442020030B583B013
:1034B0000023019304230DEB03020221334800682B
:1034C00011F0CAFD08B9002423E0032002F0C4F97A
:1034D00008B903B030BD1BF0AFF91BF0AEF92C49B1
:1034E0002C4B18681CF0ECFAF3E70133DBB2032B2A
:1034F0000BD8294A02EBC3021279002AF5D02649DB
:1035000011F83310A942F0D100E00022AAB1013431
:10351000E4B2032CDDD804F108036B4413F8045C17
:103520006B1EDBB2032BF2D82846FFF7AFFC4FF639
:10353000FF739842EBD10023D9E70023032BE6D891
:10354000154A02EBC302127912B10133DBB2F5E77F
:10355000114A02F8335002EBC3034FF6FF725A8050
:1035600001221A7100225A719A71032002F074F933
:103570000028CCD01BF060F91BF05FF92A46074900
:10358000044B18681CF09CFAC1E700BF80200020A3
:10359000F8420200B4290020B42500203043020084
:1035A000F0B585B00D46032940F2828046788378D5
:1035B00046EA0326C778041D3B1D8B4200F2888033
:1035C0007B1E13F0800F40F09480994B1B78DBB288
:1035D000012B15D0974B1B68002B00F09A8000231D
:1035E000954A1360954A1380954BAA221A70904B06
:1035F00001221A70032002F02FF9002840F0948075
:103600004FF6FF739E4204D08C4B1B88B34240F0B0
:103610009580884B1A682AB1874B1B683B449A42B5
:10362000C0F09F803B46224683490968002002F093
:1036300091FB0546002840F0AC803B46814A7E491C
:103640000968002002F068FB38B93A4621467D48F7
:103650001FF01DFF002840F0B280774A13683B44FA
:10366000136076490A8801320A804FF6FF7296424B
:1036700000F0B980744BA3FB06231B09322202FB26
:1036800013639BB2002B40F08B80032002F0E4F820
:10369000002800F085801BF0CFF81BF0CEF8664BB9
:1036A0001B68324669496A4800681CF009FA77E0ED
:1036B000012002F0D1F8002872D01BF0BDF81BF0F9
:1036C000BCF82A466349624B18681CF0F9F967E0B8
:1036D000012002F0C1F8002862D01BF0ADF81BF009
:1036E000ACF82B1F3A465C49594800681CF0E8F9D1
:1036F00056E0012002F0B0F8002851D01BF09CF8F1
:103700001BF09BF83A465549514B18681CF0D8F904
:1037100046E002A9002002F0E1FA00287FF45FAF42
:10372000039A444B1A605AE71BF086F81BF085F8A1
:103730004B49474B18681CF0C3F961E7022002F0BF
:103740008BF800283FF465AF1BF076F81BF075F896
:103750003A4B1B88324643493D4800681CF0B0F99B
:1037600057E7012002F078F818B9314B08221A7097
:1037700016E01BF061F81BF060F82E4B1B680093FD
:103780003B462D4A12683849314800681CF098F9C8
:10379000EBE7012002F060F820B9254B08221A70EF
:1037A00005B0F0BD1BF048F81BF047F82B46224A45
:1037B00012682E49264800681CF082F9EDE70120C6
:1037C00002F04AF818B91A4B08221A70E8E71BF001
:1037D00033F81BF032F8184B1A6825491C4B18684F
:1037E0001CF06EF9EFE7234A1360114B02221A70A6
:1037F000032002F031F878B9032002F02DF80028F8
:10380000CED01BF019F81BF018F804221A49104BFF
:1038100018681CF055F9C3E71BF00EF81BF00DF803
:10382000144B1A6815490A4B18681CF049F9E3E76C
:103830000C500020AC25002054240020464F0020CE
:10384000C0210020E42400201F85EB512045020008
:10385000B4290020704302008C430200BC430200E4
:10386000D8430200044402003044020058440200DD
:103870007C44020058240020D8440200A4440200E2
:1038800030B583B0012924D944786946204602F036
:1038900025FA00282DD114B9019A364B1A6003205D
:1038A00001F0DAFF002839D1204602F071FA05460E
:1038B00000283ED1032001F0CFFF00284ED1002C7C
:1038C0003ED100232C4A13602C4A13802C4A1370DB
:1038D00036E00C46012001F0BFFF88B31AF0ACFFC0
:1038E0001AF0ABFF22462749274B18681CF0E8F86E
:1038F00026E0022001F0B0FF28B9002CCFD11D4BEB
:1039000000221A60CBE71AF097FF1AF096FF2246C2
:103910001E491D4B18681CF0D3F8EEE71AF08CFF17
:103920001AF08BFF22461A49174B18681CF0C8F88A
:10393000BAE7012001F090FF20B9114B08221A705C
:1039400003B030BD1AF078FF1AF077FF2B462246FD
:1039500010490D4800681CF0B3F8EEE71AF06CFF50
:103960001AF06BFF22460C49074B18681CF0A8F8A8
:10397000A5E700BFAC25002054240020464F0020BE
:103980000C5000203C450200B42900205C45020098
:1039900098450200B8450200D845020038B5012913
:1039A00022D94478614B1B78DBB2022B2BD1002C3F
:1039B0003AD0631EDBB2032B00F289802046FFF76A
:1039C00065FA05464FF6FF73984200F09180584B18
:1039D0001C70584B1880032001F03EFF002840F077
:1039E0009880FFF777FC38BD012001F035FF0028F3
:1039F000F9D01AF021FF1AF020FF4F494F4B1868F9
:103A00001CF05EF8EFE7012001F026FF0028EAD065
:103A10001AF012FF1AF011FF444B1A784849474B2D
:103A200018681CF04DF8DEE7032001F015FF80B99F
:103A30000021084602F024FAA8B9002002F0C6F9D5
:103A400068B3012001F008FFF8B9384B02221A7060
:103A5000C9E71AF0F1FE1AF0F0FE3A49374B186840
:103A60001CF02EF8E4E7012001F0F6FE18B92F4B08
:103A700002221A70B7E71AF0DFFE1AF0DEFE3249B2
:103A80002E4B18681CF01CF8F1E71AF0D5FE1AF05E
:103A9000D4FE2E49294B18681CF012F8D5E701F026
:103AA000C9FC032001F0D8FE38B9294B1B6913F07B
:103AB000200FFAD002F0E4F895E71AF0BDFE1AF0F4
:103AC000BCFE24491D4B18681BF0FAFFEDE70120EE
:103AD00001F0C2FE002886D01AF0AEFE1AF0ADFE4C
:103AE000042322461C49154800681BF0E9FF7AE7C9
:103AF000012001F0B1FE00283FF475AF1AF09CFEE2
:103B00001AF09BFE224615490C4B18681BF0D8FF93
:103B100069E71AF091FE1AF090FE2B4622461049F2
:103B2000064800681BF0CCFF5BE700BF0C5000208C
:103B3000C121002088210020EC450200B42900208A
:103B4000184602005046020078460200B8460200BD
:103B500000000140E046020010470200404702001A
:103B60007447020030B5A3B01D4B1C88A4B2882C4A
:103B700000D9882422461B4968461FF0EBFB64B13C
:103B80009DF80050042D19D8DFE805F00703090E51
:103B9000130021466846FFF7B7F923B030BD214630
:103BA0006846FFF7FDFCF8E721466846FFF768FE28
:103BB000F3E721466846FFF7F1FEEEE7012001F04A
:103BC0004BFE0028E9D01AF037FE1AF036FE2346E5
:103BD0002A460549054800681BF072FFDDE700BF73
:103BE000444F00205C240020BC470200B429002080
:103BF00010B59A4B1B78043B042B00F22381DFE8BD
:103C000013F005009200B300EF001501944B1B78F0
:103C1000002B40D0032001F01FFEA8B9914B1A7869
:103C2000914B1968914B188808F07AFD0446F8B951
:103C3000032001F011FE88B91CF045FA8C4B186086
:103C4000864B05221A70FDE01AF0F6FD1AF0F5FD1C
:103C50008849894B18681BF033FFDFE71AF0ECFD49
:103C60001AF0EBFD8549844B18681BF029FFE3E748
:103C7000012001F0F1FD18B9784B08221A70E1E03B
:103C80001AF0DAFD1AF0D9FD22467D497A4B186800
:103C90001BF016FFF0E71CF016FA754B1B68C01AF4
:103CA00007F016FD42F21073984240F2CB80754A3D
:103CB00013780133DBB21370032B1AD9012001F002
:103CC000CBFD50B9704BFF221A70684B4FF6FF7254
:103CD0001A80624B02221A70B4E01AF0ADFD1AF09D
:103CE000ACFD684B1A786949634B18681BF0E8FE15
:103CF000E8E7012001F0B0FD40B95C4B1888FFF700
:103D00001DFA1CF0E0F95A4B18609BE01AF094FD84
:103D10001AF093FD03235B4A12785D495648006808
:103D20001BF0CEFEE9E71CF0CEF9514B1B68C01A20
:103D300007F0CEFC0446574B984240F283800120A6
:103D400001F08AFD28B908F05DFD444B08221A7085
:103D500078E01AF071FD1AF070FD22464E49464B8C
:103D600018681BF0ADFEEEE74C4B1B78002B69D0BA
:103D70004A4B00221A70032001F06EFD88B93B4BBC
:103D80001A88384B19784FF4FA6008F005FD04469C
:103D900098B91CF098F9364B1860304B07221A700E
:103DA00050E01AF049FD1AF048FD4FF4FA623C4920
:103DB000314B18681BF084FEE1E7012001F04CFD57
:103DC00018B9264B08221A703CE01AF035FD1AF09B
:103DD00034FD22463349284B18681BF071FEF0E78A
:103DE0001CF071F9224B1B68C01A07F071FC0446E5
:103DF00047F23053984225D9012001F02DFD50B9EA
:103E0000214BFF221A70194B4FF6FF721A80134B89
:103E100002221A7016E01AF00FFD1AF00EFD22466B
:103E20002149154B18681BF04BFEE9E7012001F012
:103E300013FD40B9144BFF221A7000231B4A138054
:103E4000064A137010BD1AF0F7FC1AF0F6FC184978
:103E5000094B18681BF034FEECE700BF0C50002043
:103E600019500020C0210020582400208821002063
:103E7000FC250020E0470200B42900201048020081
:103E80003048020015500020C12100205048020097
:103E900090480200E0930400BC4802001850002043
:103EA000E84802001449020038490200464F002049
:103EB000704902000279531EDBB2012B00F24D81E2
:103EC0002DE9F04184B00446C3884BB38068017883
:103ED000A02917D0B1296FD0F12900F0C680012A9E
:103EE0001ED19E4B1B7813F0010F03D0237813F0E3
:103EF000010F15D0032001F0AFFC002840F0C8806E
:103F00000025D1E0012B0ED961884078FFF764F8D5
:103F1000E388092B17D8924B1B6913F0200FFAD0B6
:103F200004B0BDE8F081012001F096FC0028F7D034
:103F30001AF082FC1AF081FC62888A498A4B186860
:103F40001BF0BEFDECE7032001F086FC08B902255A
:103F500010E01AF071FC1AF070FCA3685A788349DB
:103F6000814B18681BF0ACFDF1E7814B81491BF0D8
:103F7000A7FD0135092D10DC032001F06DFC0028A0
:103F8000F7D01AF059FC1AF058FC774B1868A36860
:103F90005A5D082DE9DC784BE8E7032001F05CFC72
:103FA0000028B8D01AF048FC1AF047FC73496E4B51
:103FB00018681BF085FDAEE7022BB1D945788678ED
:103FC000002301E00133DBB2032B11D819466C4A00
:103FD00002EBC3021279002AF4D0694A12F83320A6
:103FE000AA42EFD1664B03EBC10301225A719E71C5
:103FF000E388032B27D9A368DF78032001F02CFC8A
:1040000018B9604B00221A708AE71AF015FC1AF0F2
:1040100014FC554B1868638817F0010F0FD05A4AEB
:1040200017F0040F0DD04221C7F340070397029108
:10403000019200962A4655491BF042FDE1E7544A99
:10404000EEE74121F0E7032001F006FC0028D8D07C
:104050001AF0F2FB1AF0F1FB009663882A464D49EC
:10406000414800681BF02CFDCBE7032001F0F4FB76
:1040700018B9494B01221A7052E71AF0DDFB1AF009
:10408000DCFB62884549384B18681BF019FDF0E7E6
:104090001AF0D2FB1AF0D1FB62884149324B186802
:1040A0001BF00EFD2CE70135E388AB4210DD032049
:1040B00001F0D2FB0028F6D01AF0BEFB1AF0BDFBCF
:1040C000A3685A5D3749284B18681BF0F9FCEAE7EA
:1040D000A16801200DF0C0F90546A1680431012056
:1040E0000DF0BAF9002D34DB002685EAE572A2EB6B
:1040F000E5722D4B83FB0241D417C4EBA1144FF49E
:104100007A7101FB142483FB0572ED17C5EBA21530
:10411000002DB8BF6D42A3FB00234FEA931801FBAB
:1041200018089F09032001F097FB00283FF4F8AE20
:104130001AF082FB1AF081FB0B4B18685EB11B4A28
:10414000CDF80880019700942B4619491BF0B8FC64
:10415000E6E60126C9E7174AF2E77047C2210020C8
:1041600000000140A0490200B4290020C449020017
:1041700064670200F04902008C490200FC49020019
:10418000B42500201050002090490200004A02008F
:10419000944902004C4A020019500020804A020053
:1041A000A04A0200B84A0200D34D621098490200AA
:1041B000C04A02009C49020000B9704710B504468D
:1041C000032001F049FB00B910BD1AF035FB1AF0CD
:1041D00034FB22460249034B18681BF071FCF3E7DD
:1041E000E84A0200B429002030B583B0902811D0ED
:1041F0000446912835D0032001F02EFB08B31AF0B5
:104200001BFB1AF01AFB22462049214B18681BF0B1
:1042100057FC16E0032001F01FFBA0B9FF201CF0A3
:10422000A1F900241B4B1C701B4D284607F000F918
:10423000019400942346194A40F6B83128461AF0F2
:1042400012FA03B030BD1AF0F7FA1AF0F6FA104B72
:104250001C681CF040F90246114920461BF030FC56
:10426000DCE7032001F0F8FA30B90A4B00221A709B
:10427000094807F0DDF8E4E71AF0DEFA1AF0DDFA93
:104280000849034B18681BF01BFCEEE7284B0200A3
:10429000B42900200F500020882500206133000041
:1042A000FC4A0200184B020038B505460C460320B4
:1042B00001F0D2FA00B938BD1AF0BEFA1AF0BDFA10
:1042C0002B4622460249034800681BF0F9FBF2E73F
:1042D000404B0200B429002010B582B001F04EF925
:1042E0007B4B1B78002B37D07A4B1B78002B42D0AE
:1042F000794B1B78002B46D0784B1B78DBB2784A81
:104300001370784B1A6862B1774B1B689A4200D2DF
:104310001346642101FB03F3B3FBF2F3DBB2734AF0
:1043200013706E4B1B78DBB2082B6AD0704B1B7876
:10433000072B00F0A080042B00F0A680674B1B78B1
:10434000DBB2032B60D9654B1B78DBB2072B5BD844
:10435000684B01221A7057E05D4B01221A70FFF77B
:10436000A5F8002301930093634A4FF4FA61634870
:104370001BF0B5FEB8E71BF0A6FE614B1860554B6D
:1043800001221A70B4E71BF09EFE04461CF077F879
:1043900098B15C4B1B680BB95A4B1C60594B1868A1
:1043A000201A07F095F943F697239842A4D901F013
:1043B00071F8494B01221A709EE7524B00221A6095
:1043C00001F0D4F8002897D04D4B1868201A07F058
:1043D0007FF94D4B98428FD9012001F03DFA30B959
:1043E0004A4B1B6913F0200FFAD0FEF73DFD1AF07F
:1043F00023FA1AF022FA4649464B18681BF060FB74
:10440000EEE73C4B03221A70344B1A78384B1A7083
:104410001CF035F8002841D03F481AF0F0FA1BF0A4
:1044200052FE04461CF02BF898B13C4B1B7843B16C
:104430003B4B1868201A07F04BF947F2305398426B
:1044400007D9FF201CF08EF8354B1C60334B01223E
:104450001A70344B1B782BBB204B1B7853B31F4B6C
:104460001B78DBB2032B2ED01C4B1B78DBB2022B4C
:104470001ED001231FE0194A1278D2B2022A7FF41B
:104480005AAF1C4B1A70BFE7144B1B78DBB2022BE0
:104490007FF454AF174B03221A70B5E71E481AF089
:1044A000B3FABCE71F4B00221A70FFF75BFBD3E7A0
:1044B000002300E000231C4A127802B12BB1FFF761
:1044C00097FB02B010BD0023F5E7FEF787FFF6E784
:1044D0001450002016500020175000200C500020CF
:1044E0000A500020582400205424002008500020A6
:1044F0000E5000200950002065E6010068250020CC
:10450000D8250020D42500201FBF02000000014054
:10451000804B0200B4290020CC6302000D50002023
:10452000642500200B5000200F50002070B582B091
:1045300004460D461A460B1A01330146002001F0CD
:10454000EBFBB0B9214B1C68002C3CD06E1C6422E4
:1045500005FB0222B2FBF4F41D4AA2FB04311D4B01
:104560001B68A2FB0323DB08B3EBD10F14D301209C
:104570002AE00646012001F06FF908B9002023E087
:104580001AF05AF91AF059F93346224612491348DB
:1045900000681BF095FAF1E7032001F05DF918B906
:1045A0000C4B1C6001200FE01AF046F91AF045F997
:1045B000064B1B68009333462246094907480068AA
:1045C0001BF07EFAECE7012002B070BD58240020F9
:1045D000CDCCCCCCB0250020C04B0200B4290020AB
:1045E000EC4B020010B582B0E8B9032001F034F9B9
:1045F00078B90023164A137001930093154A4FF4BB
:10460000FA7115481AF02FF8144B06221A7002B0EE
:1046100010BD1AF011F91AF010F91149114B186870
:104620001BF04EFAE5E70446012001F015F918B930
:104630000A4B08221A70EAE71AF0FEF81AF0FDF8A1
:1046400022460949074B18681BF03AFAF0E700BF09
:1046500018500020C52E0000DC2500200C50002042
:104660000C4C0200B42900204C4C020010B550BB89
:10467000032001F0F1F870B9032001F0EDF8C0B9A2
:10468000194BFF221A70194B4FF6FF721A80184B04
:1046900002221A7010BD1AF0CFF81AF0CEF8124BA1
:1046A0001B78124A12881349134800681BF008FA55
:1046B000E2E71AF0C1F81AF0C0F810490E4B18687A
:1046C0001BF0FEF9DCE70446012001F0C5F80028E4
:1046D000D6D01AF0B1F81AF0B0F822460849064BC5
:1046E00018681BF0EDF9CBE7C121002088210020DC
:1046F0000C500020784C0200B4290020AC4C020081
:10470000E04C020010B580B10446012001F0A4F88D
:1047100000B910BD1AF090F81AF08FF822460A4935
:104720000A4B18681BF0CCF9F3E7032001F094F86A
:104730000028EED01AF080F81AF07FF80449034BF5
:1047400018681BF0BDF9E4E7104D0200B429002001
:10475000304D0200F0B583B004460D4616461F46A4
:10476000032001F079F808B903B0F0BD1AF064F83D
:104770001AF063F8019700962B4622460249034837
:1047800000681BF09DF9EFE7484D0200B4290020B6
:1047900038B50546FEF77AFB4FF6FF7398420ED008
:1047A0000446294B1D70032001F056F830BB03204E
:1047B00001F052F8044668BB0124204638BD0120B0
:1047C00001F04AF828B9032001F046F860B9002446
:1047D000F3E71AF031F81AF030F82A461B491C4B5F
:1047E00018681BF06DF9EEE71AF026F81AF025F8B4
:1047F0001849174B18681BF063F9E8E71AF01CF822
:104800001AF01BF823462A461349114800681BF08A
:1048100057F9CCE71AF010F81AF00FF80C4B18689B
:104820000E4B1B78DBB2032B0BD00C4B1B78DBB28F
:10483000022B04D00A4A0B491BF042F9BDE70A4A91
:10484000F9E7094AF7E700BFC1210020884D0200BF
:10485000B4290020C84D0200FC4D02000C5000207D
:104860007C4D0200284E0200744D020070B586B0E7
:104870000446431EDBB2032B4BD86F4B1B7823B18E
:104880006D4B1B78DBB2022B56D12046FEF7FEFAA9
:1048900005464FF6FF73984260D004A9002001F04E
:1048A0001DFA00286BD1002606F10803059A9342F1
:1048B00075D808230DEB03023146002001F02CFAD5
:1048C000002840F087809DF808109DF8093041EAE3
:1048D00003219DF80A3041EA03419DF80B3041EA7B
:1048E00003619DF80CC09DF80D304CEA032C9DF837
:1048F0000E304CEA034C9DF80F304CEA036C059BDC
:10490000634569D3B4440CF108064C4B9942CBD1B2
:1049100046E0012000F0A0FF10B9002006B070BDF5
:1049200019F08AFF19F089FF0423224644494548BB
:1049300000681BF0C5F8F0E7012000F08DFF08B912
:104940000020EBE719F078FF19F077FF3A4B1A785F
:104950003D493C4B18681BF0B3F8F1E7012000F02B
:104960007BFF08B90020D9E719F066FF19F065FF51
:1049700022463649334B18681BF0A2F8F2E70120B3
:1049800000F06AFF08B90020C8E719F055FF19F0D8
:1049900054FF2F492B4B18681BF092F8F3E70026C1
:1049A000E6B10021084601F06BFA38BB294B1E60C6
:1049B000294BAA221A70294B1C70294B1D801E4BB3
:1049C00002221A70032000F047FF38BBFEF782FC7A
:1049D0000120A3E70026E3E70026E1E7012000F03D
:1049E0003BFF08B9002099E719F026FF19F025FFD1
:1049F0001C49144B18681BF063F8F3E7012000F022
:104A00002BFF08B9002089E719F016FF19F015FFF0
:104A100015490C4B18681BF053F8F3E719F00CFF1D
:104A200019F00BFF009523463246104905480068EF
:104A30001BF046F8CAE700BF0C500020FC0404FC41
:104A4000484E0200B4290020704E0200984E020029
:104A5000CC4E020058240020C0210020C12100209B
:104A600088210020F44E0200384F0200704F0200EF
:104A70002DE9F04184B0032000F0EEFE50B9032090
:104A800000F0EAFE80B9032000F0E6FEB0B9002491
:104A900025462DE019F0D0FE19F0CFFE7149724B7A
:104AA00018681BF00DF8EAE719F0C6FE19F0C5FE0C
:104AB0006E496D4B18681BF003F8E4E719F0BCFE73
:104AC00019F0BBFE6A49684B18681AF0F9FFDEE777
:104AD0002A271EE0DFF8D88125E0664B3FE003205F
:104AE00000F0BAFE002844D10135EDB20134E4B241
:104AF000032C50D82646604B03EBC4031B79002BD4
:104B0000F4D05D4B13F834205C4B1B789A42DFD015
:104B10002027594B03EBC6035B884FF6FF72934285
:104B2000D8D0DFF890814FF6FF718B42D7D00320A9
:104B300000F092FE0028D7D019F07EFE19F07DFE1D
:104B4000494B18683A464C4B13F8361003EBC60332
:104B50005F8893F806C05B79002BBED0484B039367
:104B6000CDF808C001970091334646491AF0A8FFD6
:104B7000BAE719F061FE19F060FE3F4B13F83630CA
:104B8000CDF80480009333463A463F4936480068E2
:104B90001AF096FFA8E7A5B1032000F05DFEF8B972
:104BA000032000F059FE28BB032000F055FE00282A
:104BB00030D1032000F050FE002849D104B0BDE8F8
:104BC000F081032000F048FE0028E5D019F034FE03
:104BD00019F033FE2D49244B18681AF071FFDBE7FA
:104BE00019F02AFE19F029FE21491F4B18681AF006
:104BF00067FFD5E719F020FE19F01FFE1A4B186861
:104C00001E4B1A78FF2A03D021491AF059FFCBE72F
:104C10000022F9E719F010FE19F00FFE124B186888
:104C20001C4B1B78DBB2032B09D01A4B1B78DBB271
:104C3000022B09D0174B1B7843B9174A00E0174ADB
:104C400017491AF03DFFB4E7164AF9E7164AF7E7A5
:104C500019F0F2FD19F0F1FD1449034B18681AF030
:104C60002FFFABE714500200B4290020B45002001B
:104C7000F0500200D84F0200B4250020C1210020CE
:104C8000D04F020090510200C4510200F4510200C2
:104C9000305202000C5000207C4D0200F44F020004
:104CA0006C520200E04F02000850020088520200DD
:104CB000BC4F02006467020010B584B00D4BEC4697
:104CC0000FCBACE807008CF8003001238DF80330DF
:104CD0008DF8043000238DF808300E238DF809304C
:104CE000054C694620461AF0E2F820461AF0D0F842
:104CF00004B010BD8859020000200540044B00227A
:104D00001A605A609A60DA60024A1A60704700BFFF
:104D1000002600203152474610B58EB001A800F0A1
:104D2000C5FF059A0AB3D3680BB94FF480532949DC
:104D30000B6014694CB3B4F5E01F26D3B4F5001F23
:104D400023D34FF4C012B2FBF3F203FB02F2B2F52D
:104D5000C01F2CD14FF4E012B2FBF3F202FB03F3BD
:104D6000B3F5E01F23D1012014E0012000F074FD11
:104D700008B900200EE019F05FFD19F05EFD16493C
:104D8000164B18681AF09CFEF3E7012000F064FD52
:104D900010B900200EB010BD19F04EFD19F04DFDF8
:104DA00022460F490D4B18681AF08AFEF1E70120E0
:104DB00000F052FD08B90020ECE719F03DFD19F0B4
:104DC0003CFD044B1A680749044B18681AF078FE3A
:104DD000F1E700BF1020002028530200B429002072
:104DE00058530200A053020008B51023044A0321BF
:104DF0000448006810F0E6F8B0FA80F0400908BDF9
:104E0000002600208020002008B510230F4A03212F
:104E10000F48006810F020F920B90C4B1A680D4BB0
:104E20009A4207D0032000F017FD20B9FFF766FF74
:104E3000FFF7DAFF08BD19F0FFFC19F0FEFC064988
:104E4000064B18681AF03CFEF0E700BF0026002071
:104E50008020002031524746E8530200B429002048
:104E60002DE9F041ADF5007D674BD979674A52F8DD
:104E700021809E68731EB3F5802F33D2002000F08E
:104E800087FF002842D1033626F003060024B442EF
:104E90007FD2351BB5F5807F28BF4FF4807504EBBA
:104EA00008072A4640A9384601F014F800283DD1E9
:104EB0002B4640AA2146002000F04CFF002846D196
:104EC0002B466A462146002000F026FF00284FD1DD
:104ED0002A46694640A81EF0DAFA002848D104F5AF
:104EE0008074D4E7012000F0B7FC20B900200DF554
:104EF000007DBDE8F08119F09FFC19F09EFC324660
:104F00004349444B18681AF0DBFDEFE7012000F03D
:104F1000A3FC08B90020EAE719F08EFC19F08DFC1B
:104F20003D493C4B18681AF0CBFDF3E7012000F037
:104F300093FC08B90020DAE719F07EFC19F07DFC3B
:104F40003A463649334B18681AF0BAFDF2E70120A9
:104F500000F082FC08B90020C9E719F06DFC19F0D7
:104F60006CFC22462E492B4B18681AF0A9FDF2E77B
:104F7000012000F071FC08B90020B8E719F05CFCD2
:104F800019F05BFC22462749224B18681AF098FD5D
:104F9000F2E70021084600F073FF58B9002000F046
:104FA00015FFB8B9032000F057FC18BB00F068FEED
:104FB00001209CE7012000F04FFC08B9002096E793
:104FC00019F03AFC19F039FC1749124B18681AF01D
:104FD00077FDF3E7012000F03FFC08B9002086E7E9
:104FE00019F02AFC19F029FC10490A4B18681AF02C
:104FF00067FDF3E719F020FC19F01FFC0C49054B85
:1050000018681AF05DFDD1E70026002080590200E3
:1050100018540200B42900203C5402005C540200E1
:1050200080540200A0540200C8540200F054020050
:10503000145502002DE9F047ADF5047D0021084626
:1050400000F01EFF00283AD182A9002000F046FEA1
:10505000002847D1002404F10803839A934251D8D1
:1050600008236A462146002000F056FE002840F042
:1050700090809DF800309DF8012043EA02239DF8BE
:10508000022043EA02439DF8032043EA02629DF8AE
:1050900004309DF8051043EA01239DF8061043EA09
:1050A00001439DF8071043EA01638399994272D343
:1050B000234403F10804694B9A42CCD123E0012038
:1050C00000F0CAFB20B900200DF5047DBDE8F08793
:1050D00019F0B2FB19F0B1FB6149624B18681AF084
:1050E000EFFCF0E7012000F0B7FB08B90020EBE788
:1050F00019F0A2FB19F0A1FB5B495A4B18681AF092
:10510000DFFCF3E70024631EB3F5802F45D2574B35
:1051100093F807A0BAFA8AFA4FEA5A1A544B53F88E
:105120002A904FF48021484600F010FF002847D114
:1051300004F1030828F003080026464580F0848027
:10514000A8EB0605B5F5807F28BF4FF480752B4688
:1051500042AA3146002000F0DFFD002841D106EBD5
:1051600009072A4642A9384600F0D2FE002849D154
:105170002A4602A9384600F0ADFE002853D12A463F
:1051800002A942A81EF083F900284CD106F58076CA
:10519000D3E70024B7E70024B5E7012000F05CFB6B
:1051A00008B9002090E719F047FB19F046FB4FF4CF
:1051B000802322462F492B4800681AF081FCF0E733
:1051C000012000F049FB08B900207DE719F034FB0D
:1051D00019F033FB4A462849224B18681AF070FC34
:1051E000F2E7012000F038FB08B900206CE719F065
:1051F00023FB19F022FB324620491A4B18681AF09B
:105200005FFCF2E7012000F027FB08B900205BE714
:1052100019F012FB19F011FB3A461949114B1868A5
:105220001AF04EFCF2E7012000F016FB08B900204E
:105230004AE719F001FB19F000FB3A461149094B06
:1052400018681AF03DFCF2E7084B83F807A09C6051
:1052500001221A73FFF7C8FD36E700BFFC0404FC07
:1052600048550200B4290020805502000026002085
:1052700080590200A4550200DC55020004560200C9
:10528000245602004856020010B584B0FFF714FD02
:10529000FFF7BAFDFFF740FD5B4B1870032000F0ED
:1052A000DBFA20B9594B9B79BBB904B010BD19F09A
:1052B000C3FA19F0C2FA554AD379117B9068524C5F
:1052C0002478039402900191009393889279504935
:1052D000504800681AF0F4FBE4E74C4A9388013325
:1052E0009380FFF781FD08B3032000F0B5FA60BB9F
:1052F000464B9B88042BD8D9434B1B781BB1434B9F
:105300001B7B002B42D1012000F0A6FA50BB0120EC
:1053100000F0A2FA00282FD13C4B9B88052BC4D962
:105320003A4B05229A80FFF75FFDBEE7012000F0AF
:1053300093FA0028D8D019F07FFA19F07EFA36498E
:10534000344B18681AF0BCFBCEE719F075FA19F067
:1053500074FA05232D4A928830492E4800681AF0C5
:10536000AFFBC5E719F068FA19F067FA2C49294B29
:1053700018681AF0A5FBCAE719F05EFA19F05DFA91
:105380002849244B18681AF09BFBC5E7032000F05E
:1053900063FAC8B91D4B00229A8001229A71FFF767
:1053A00023FDFFF75DFDF8B1012000F055FA00285C
:1053B0003FF47BAF19F040FA19F03FFA1A49154B48
:1053C00018681AF07DFB70E719F036FA19F035FA13
:1053D000104B18680D4BDB7923B1422213491AF0A8
:1053E0006FFBD7E74122F9E7012000F035FA0028EA
:1053F0003FF45BAF19F020FA19F01FFA0C49054B86
:1054000018681AF05DFB50E71A50002000260020B3
:1054100074560200B4290020C0560200F45602005F
:10542000145702005C570200C45702009C57020048
:10543000FC57020008B5134B01229A7100229A8092
:10544000FFF7D2FC70B9012000F006FA00B908BDE0
:1054500019F0F2F919F0F1F90B490C4B18681AF030
:105460002FFBF4E7032000F0F7F90028EFD019F044
:10547000E3F919F0E2F90649044B18681AF020FB29
:10548000E5E700BF0026002034580200B4290020C0
:105490007058020008B52E4B9B792BB92C4A127B11
:1054A00012B12B4A92887AB113B12A4B1B7863B997
:1054B000274B00229A719A80FFF796FC002837D17B
:1054C000012000F0C9F948BB08BDFFF7B3FDB0B13A
:1054D000032000F0C1F90028EAD019F0ADF919F065
:1054E000ACF91D4B18681A4BDB7933B14222184BCB
:1054F0009B681A491AF0E4FADAE74122F7E701203B
:1055000000F0AAF90028D3D019F096F919F095F90E
:105510001349114B18681AF0D3FAC9E719F08CF93E
:1055200019F08BF90F490C4B18681AF0C9FACBE740
:10553000032000F091F90028C6D019F07DF919F088
:105540007CF90949044B18681AF0BAFABCE700BFA5
:10555000002600201A500020B4290020A85802007C
:10556000E85802002459020050590200024B987971
:10557000003818BF012070470026002008B50248F7
:1055800019F086FC08BD00BF0020054008B5024B9D
:105590001B6803B1984708BD4026002008B5024BA0
:1055A0005B6803B1984708BD4026002008B5024B50
:1055B0009B6803B1984708BD4026002008B5024B00
:1055C000DB6803B1984708BD4026002008B5024BB0
:1055D0001B6903B1984708BD4026002008B5024B5F
:1055E0005B6903B1984708BD4026002030B585B0FF
:1055F000094C2268094B1A60094D0A4B2B600A4B73
:10560000019304F063FE02902B68039301A92068C4
:1056100019F05EFD05B030BD30200020843400203C
:1056200080340020242000207863020008B5024B5B
:10563000186819F061FD08BD3020002038B504F06D
:1056400045FE0446064D2B68D3F8B00204F032FE46
:10565000286819F06BFD204604F02CFE38BD00BF11
:105660003020002038B501F083FE01210D4801F003
:1056700051FA01221146002001F0BEFD0A4C02251C
:10568000C4F8805001221146002001F0B5FDC4F895
:10569000845001221146002001F0AEFDC4F888506C
:1056A000002038BD30253E0000400E4008B5164BA6
:1056B00001225A6403F01CF8024668B9134B4AF6FB
:1056C000E851C3F89011D3F8981141F00401C3F8E0
:1056D00098110021C3F89011012A0DD90C4A136AC0
:1056E00023F4441343F488131362A2F58042136831
:1056F00043F48073136008BD044AD2F8643143F464
:105700000053C2F86431E9E700000E4000300E405B
:1057100000400E40012900D9704708B5034B1B68B3
:10572000186808B1436A984708BD00BF34200020BC
:1057300030B599B0284D11ACAC46BCE80F000FC491
:105740009CE8070084E8070000240B940C940D9457
:105750000E940F941094214B0B93214B0C93012228
:105760008DF8372002238DF8393003238DF83B3034
:105770001E238DF83F308DF8403009AB1C3595E87D
:10578000030083E803000DF10C0C039404940594CA
:105790000694079408948CE803000C238DF81430C9
:1057A0000D238DF815300F4B0693202307938DF8AA
:1057B00020208DF821200C4B00930BAB11AA6146E1
:1057C0000A4804F05BFF054621464FF4E13019F02A
:1057D00066F8284619B030BD906302000000014011
:1057E00000420400142900203429002088290020C8
:1057F00008B50349034805F0A9FAFFF799FF08BD6A
:1058000038200020AC29002008B502481AF06CFBB3
:1058100008BD00BF8829002008B502481AF064FBC3
:1058200008BD00BF8829002008B5024B1A6A186815
:10583000904708BD8829002008B5024819F093F860
:1058400008BD00BFB463020008B5024819F0D2F8E1
:1058500008BD00BFCC63020003460B4A107828B194
:105860000A4A12789A4202D2002000E00120084A37
:1058700012783AB1074A127842FA03F313F0010F93
:1058800000D10020704700BFC5210020C4210020A6
:105890001B500020C321002008B5084B01221A70BC
:1058A000074B00221A70074B04221A70064B1F2266
:1058B0001A7004F00BFD054B186008BDC5210020CF
:1058C0001B500020C4210020C3210020B429002047
:1058D00008B50121034801F01DF918F00EFF00F092
:1058E00075F808BD00350A0008B50121014801F02E
:1058F00011F908BD00350A002DE9F04180460F4638
:1059000001F109050026344604E05B21082000F07F
:105910006BFC0134AC4233D2052C1BD801A353F8E5
:1059200024F000BF0B5900003D59000071590000E0
:1059300045590000495900004D590000FBB204339D
:10594000D9B2E3E78021E1E70021DFE7731C3146AC
:10595000DEB2DBE7BB1DA3420CD0FB1DA3420BD084
:1059600007F10803A34209D0A31F18F80310CDE7DD
:10597000D121CBE75A21C9E75A21C7E75D21C5E705
:105980000020BDE8F08100BF00B583B00022009286
:10599000019202218DF80010054818F06AFF01906D
:1059A00008216846FFF7A8FF03B05DF804FB00BFBD
:1059B000006A1800014B1022DA60704700A0004412
:1059C000014B1022DA60704700A0004670B588B025
:1059D0000DF1040C374C0FCCACE80F0094E8070035
:1059E0008CE807000121344801F094F8334E01217E
:1059F000304601F08FF801258DF81250304B03939B
:105A0000304C01A9204619F0E7F92B460422062163
:105A1000022002F01BFB00232A460721022002F08D
:105A200015FB2B4604220821022002F00FFB2B4617
:105A300004221146002002F009FB234BA3670B232D
:105A400063674FF4487006F079FBFFF7B3FF14204B
:105A500006F074FBFFF7B4FF232006F06FFBFFF79F
:105A6000A9FFB921204619F001FAFFF7A9FF002389
:105A70001A460621022002F0E9FA00231A460721FD
:105A8000022002F0E3FA2B4600220821022002F055
:105A9000DDFA2B4600220421104602F0D7FA2046F8
:105AA00002F080FE0021A1676167304601F032F804
:105AB00008B070BDE463020000350A000052040023
:105AC00000127A00000401400B0B000B08B500F037
:105AD00087F8124A0AE01068516850F8230041F82C
:105AE0002300013391688B42F5D30C320C4B9A4260
:105AF00001D20023F6E70B4A08E01168002041F8C4
:105B00002300013351688B42F7D30832064B9A4287
:105B100001D20023F6E7FCF70FFA00BFD88F02008E
:105B2000E48F0200E48F0200E48F02000048704717
:105B300000F04902114BD3F8943003F00703023B05
:105B4000032B0DD8DFE803F0050F02080C4B186893
:105B50000BE00C4B186808E00B4B1868400804E099
:105B6000094B186801E04FF40040044BD3F80031B2
:105B7000C3F304230133B0FBF3F0704700400E4041
:105B800054200020582000204C20002008B5FFF7AA
:105B9000D1FF054BD3F80831C3F308230133B0FB21
:105BA000F3F0024B186008BD00400E40502000206A
:105BB000014B1868704700BF5820002008B5064BFD
:105BC0001860064BD3F8943003F00703022B00D083
:105BD00008BDFFF7DBFFFBE75820002000400E4028
:105BE000044B054A9A60D3F8882042F47002C3F847
:105BF0008820704700ED00E000000000014B1868AD
:105C0000704700BF54200020BFF34F8F0549CA687A
:105C100002F4E062044B1343CB60BFF34F8F00BF2D
:105C2000FDE700BF00ED00E00400FA0508B5114BE8
:105C3000D3F82828A2F17E63A3F58433B3F5104F7F
:105C400011D211680C4B994210D10C4B1B781BB12F
:105C5000022B01D0002008E0D369984728B9074BF0
:105C600001221A7001E04FF4817008BD4FF4817079
:105C7000FBE700BF0000E10F07B0CD5E1C50002025
:105C800008B54FF0005340F202221A804FF20F0283
:105C90005A80054A01239360136823F4E06343F4B8
:105CA00080631360FFF7B0FF00500E4008B50A4B49
:105CB000D3F82828A2F17E63A3F58433B3F5104FFF
:105CC00009D2126BA2F17E63A3F58433B3F5104FB2
:105CD00001D25368984708BD0000E10F08B50D4B8D
:105CE000D3F82828A2F17E63A3F58433B3F5104FCF
:105CF0000AD2126BA2F17E63A3F58433B3F5104F81
:105D000005D29368984701E04FF4817008BD4FF4C5
:105D10008170FBE70000E10F38B50D4CD4F828483E
:105D2000A4F17E6CACF5843CBCF5104F0AD2256B17
:105D3000A5F17E64A4F58434B4F5104F05D2EC6867
:105D4000A04701E04FF4817038BD4FF48170FBE74C
:105D50000000E10F38B50D4CD4F82848A4F17E6C52
:105D6000ACF5843CBCF5104F0AD2256BA5F17E64DE
:105D7000A4F58434B4F5104F05D22C69A04701E096
:105D80004FF4817038BD4FF48170FBE70000E10FE4
:105D900008B50D4BD3F82828A2F17E63A3F5843310
:105DA000B3F5104F0AD2126BA2F17E63A3F58433D0
:105DB000B3F5104F05D25369984701E04FF4817055
:105DC00008BD4FF48170FBE70000E10F00B583B020
:105DD00001900F4BD3F82828A2F17E63A3F58433FA
:105DE000B3F5104F0CD2126BA2F17E63A3F584338E
:105DF000B3F5104F09D29369012101A8984701E03A
:105E00004FF4817003B05DF804FB4FF48170F9E743
:105E10000000E10F10B50A4BD3F82848A4F17E63C7
:105E2000A3F58433B3F5104F04D2236B2BB15B6A17
:105E3000984701E04FF4017010BD4FF40170FBE78B
:105E40000000E10F08B50D4BD3F82828A2F17E63BE
:105E5000A3F58433B3F5104F0AD2126BA2F17E631F
:105E6000A3F58433B3F5104F05D2936A984701E048
:105E70004FF4017008BD4FF40170FBE70000E10F23
:105E800030B5E1B0124BD3F82838A3F17E63A3F507
:105E90008433B3F5104F15D20C464FF4C0726946E7
:105EA000FFF7B8FF054678B921466846FFF7CAFFF5
:105EB00040F201239842F7D040F20323984203D0E6
:105EC000054601E04FF40175284661B030BD00BFC2
:105ED0000000E10F10B50D4BD3F82848A4F17E6304
:105EE000A3F58433B3F5104F0AD2246BA4F17E637B
:105EF000A3F58433B3F5104F05D2636B984701E0E7
:105F000040F2011010BD40F20110FBE70000E10F6C
:105F100010B50D4BD3F82848A4F17E63A3F5843364
:105F2000B3F5104F0AD2246BA4F17E63A3F584333A
:105F3000B3F5104F05D2A36B984701E040F2011072
:105F400010BD40F20110FBE70000E10F08B50D4B5A
:105F5000D3F82828A2F17E63A3F58433B3F5104F5C
:105F60000AD2126BA2F17E63A3F58433B3F5104F0E
:105F700005D2D36B984701E040F2011008BD40F212
:105F80000110FBE70000E10FF0B18446F1B110B45D
:105F900009E004F120000FE02033C01A18D1BCB191
:105FA0000CF1010C01319CF800400B4B1B5D03F020
:105FB0000303012BEDD020460B78074AD25C02F098
:105FC0000302012AE9D1E7E7012070470120704769
:105FD0005DF8044B704700BF738E02000346064A0B
:105FE00010680344054A934202D8034A136070477D
:105FF0004FF0FF30704700BF5C20002000000420FD
:106000000B681A78022A00D1704710B508461A7931
:10601000597902EB42021201064C144401EBC4020E
:1060200092001268B2FA82F252091A7018F0A2FCB9
:1060300010BD00BF1CA0100230B583B00546046837
:106040000121174800F066FD0023012261792079C3
:1060500001F0FCFF2379627903EB43031B01114933
:10606000194402EBC1039B001B68B3FA83F35B097D
:106070002370A379022B02D0002003B030BD00F0C2
:10608000E7FB2A460849607900F00AFC024661797C
:10609000207901230193009301F082FFECE700BF18
:1060A00000350A001CA0100201600000026813788D
:1060B000022B15D01379517903EB43031B011548CB
:1060C000184401EBC0039B0019680B1E18BF012385
:1060D0009079012805D018B9B1FA81F149091170F8
:1060E00070475188490089B20B4343F47F4343F022
:1060F000C0034FF6E0718B4205D04FF6DF718B4243
:1061000004D05380704701211170FAE7002111700B
:10611000F7E700BF1CA0100208B50121294800F0D4
:10612000F9FC012304220221052001F08FFF002049
:1061300001F02AFF0121244BC3F810180A4604205D
:1061400001F05AF8214800F0A3FE214BD3F8F020CB
:1061500042F00102C3F8F020D3F8FC2042F0807234
:10616000C3F8FC20A3F55D431A4A1A6000F5D52058
:1061700000F2FC40C008184BA3FB0030800A013835
:10618000164B18610222C3F8F0204FF48072C3F856
:1061900004234FF06043124AC3F8B02F114AC3F8EA
:1061A000802ED3F8002E42F48072C3F8002EFF2216
:1061B00083F82020D3F8002E22F48072C3F8002E3A
:1061C000002008BD00350A000080144206000E00C1
:1061D00000ED00E0FF03004017916502000004E0BD
:1061E00055CEACC5090001004FF06043D3F8803EA6
:1061F00013F0010F01D1112070470E4AD2F8FC3084
:1062000043F08073C2F8FC304FF06043D3F8002EA7
:106210004FF0010C0CFA00FC42EA0C02C3F8002E0D
:1062200053F82030002BE8D04FF0604303F82010E3
:106230000020704700ED00E010B504460121094838
:1062400000F068FC0121084800F064FCA378B3FA70
:1062500083F35B0904226178207801F0F7FE0020C7
:1062600010BD00BF4041050000350A0083784BB9DE
:106270000378427803EB43031B0101219140064A56
:10628000D15070470378427803EB43031B0101218F
:106290009140024AD15070470CA000440CA0004627
:1062A00083784BB90378427803EB43031B01012148
:1062B0009140064AD15070470378427803EB43037C
:1062C0001B0101219140024AD15070470CA00046A9
:1062D0000CA0004402460378417803EB43031B0102
:1062E0000648184401EBC0039B001868C0B29378BD
:1062F00013B9B0FA80F04009704700BF0CA010023B
:10630000F0B585B00C4694469DF83410664A127874
:10631000002A00F0BD800546BCF1070F00F2BA80EC
:106320000A9A002A00F0B8800B9A002A00F0B68082
:106330000E9AB2F5006F00F3B38001285BD05B4A80
:1063400002EB0C12127B002A00F0AC8000220092BB
:10635000019202920392564A02EB4C1E002C4FD13E
:106360004FEA4C1600209051CEF80400CEF80800F9
:10637000CEF80C009EF8020040F010008EF80200EB
:106380009EF8030040F030008EF8030021B9C1B23E
:1063900041F003018EF8031000930E9B013B444A29
:1063A0004FEA4C1002EB4C11165A63F30E161652BC
:1063B0000A9B8B600B9B4B60CB789DF83C2062F373
:1063C0008303CB70012D36D0109B002B56D0374A5B
:1063D0004FEA0C1102EB0C1310985050119A5A60AE
:1063E00000249C605D7372466946604601F02AFF96
:1063F000204605B0F0BD0C9A002AA0D12D48F8E740
:106400002B4F4FEA4C1607EB4C120020B85150604E
:106410009060D060907840F010009070D07840F09C
:106420000300D0700029B7D107EB4C12C1B241F084
:106430003001D170B0E70E460A7B42F001020A73C8
:10644000D2B242F002020A73CA68042161F39F02C9
:10645000F26006F1100796E80F0087E80F00F26976
:106460006FF0030161F39F02F2610C9B7361012CD9
:10647000AAD10B9AB2610C9A7260A5E7002DA6D141
:106480000B4B03EB4C139A786FF304129A709EE750
:106490000948AEE70748ACE70648AAE70548A8E779
:1064A0000448A6E70548A4E71D500020B82A0020AC
:1064B000B8290020018000F0028000F0078000F081
:1064C000134B1B78FBB110B50446F0B118F02CFB50
:1064D0000023072B13D80F4A02EB0312127B0AB1D9
:1064E0000133F6E723600B4A190102EB0313012481
:1064F0001C730024545018F01DFB204602E018F0D5
:1065000019FB054810BD054870470548FAE700BF6C
:106510001D500020B82A0020048000F0028000F006
:10652000018000F038B518F0FFFA04460023072B6D
:1065300006DC0C4A02EB0312127B12B90133F6E7B8
:10654000002222B1204618F0F5FA074838BD01F0C4
:106550002DFE0025054B1D70204618F0EBFA28464D
:10656000F4E700BFB82A0020058000F01D5000208D
:106570000F4B1B78BBB110B50446072815D818F08F
:10658000D3FA0C4B03EB04131B7B1BB918F0D2FAA4
:1065900009480BE0074B03EB041300241C7318F0AD
:1065A000C9FA204602E005487047054810BD00BF03
:1065B0001D500020B82A0020068000F0028000F064
:1065C000018000F000B583B0144B1B6801930023D9
:1065D0008DF8043018F0A8FA114B1B7833B9104B22
:1065E00001221A7018F0A6FA002309E018F0A2FAA6
:1065F0000C480FE00C4A02EB031200211173013327
:10660000072BF7DD04238DF807300DEB030001F0B5
:10661000EFFD002003B05DF804FB00BF50640200F2
:106620001D500020038000F0B82A002008B50A4B56
:106630001B785BB107280BD8084B03EB00131B7BBF
:1066400043B1002101F0CAFD002008BD0448FCE769
:106650000448FAE70448F8E71D500020B82A002053
:10666000028000F0018000F0078000F008B50A4BBE
:106670001B785BB107280BD8084B03EB00131B7B7F
:1066800043B1012101F0AAFD002008BD0448FCE748
:106690000448FAE70448F8E71D500020B82A002013
:1066A000028000F0018000F0078000F008B50A4B7E
:1066B0001B7853B107280AD8084B03EB00131B7B48
:1066C0003BB101F013FE002008BD0548FCE705487A
:1066D000FAE70548F8E700BF1D500020B82A00205F
:1066E000028000F0018000F0078000F0104B1B7862
:1066F000ABB1072815D8B1B10E4B03EB00131B7BD0
:106700009BB10D4B1B6E0122824013EA020003D0A5
:1067100001230B700020704700230B70704707485F
:10672000704707487047064870470648704700BFE3
:106730001D500020B82A002000200E40028000F0EA
:10674000018000F0078000F00C4B1B7873B110B58E
:106750000C4607280CD869B1094B03EB00131B7BCF
:1067600053B101F0D7FD2070002010BD05487047DF
:106770000548FAE70448F8E70448F6E71D5000200A
:10678000B82A0020028000F0018000F0078000F0AD
:10679000F8B5194B1F6EDB6E1F4002D40125002493
:1067A00002E0FEE701346D00072C24D83D42F9D009
:1067B000114B9D662301114AD358002BF2D002EBF6
:1067C0000416B1680131B16072682046984780F0C4
:1067D0000100C0B2737B012BE4D10028E2D0084B4A
:1067E00003EB44131A7B6FF341021A731A7F6FF3A2
:1067F00041021A77D6E7F8BD00200E40B82A0020E3
:10680000B829002010B5044602E0202007E0904798
:10681000DCB194FAA4F00028F7D0B0FA80F001239C
:10682000834024EA0304094B03EB00135A68002A4F
:10683000EED0064B03EB00131B7B002BE7D0034B82
:1068400003EB001399689047E2E710BD382B002056
:1068500008B5122000F046FE28B1084B4FF4802204
:10686000C3F880211A600A2000F03CFE28B1034BD7
:106870004FF48062C3F880211A6008BD00E100E097
:1068800038B505460C4618F04FF9044B03EB0513D9
:106890005C6000221A7318F04DF938BD382B0020C7
:1068A000F8B505460F46164618F03EF905F0FC0C03
:1068B0000F4BD3F828140023032B0BD85C1904F0DA
:1068C0000304644421FA04F212F0010F03D00133EF
:1068D000DBB2F1E7FF24FF2C06D0064B03EB0413D9
:1068E0005F609E6001221A7318F024F92046F8BDFB
:1068F00000A00040382B002008B5064BD3F8280430
:10690000D3F81C24104000F05530C3F82404FFF7DE
:1069100079FF08BD00A0004008B5064BD3F8280455
:10692000D3F81C24104000F0AA30C3F82404FFF769
:1069300069FF08BD00A0004008B5034B1968034B70
:1069400018680EF065FA08BD602000208020002045
:10695000B0F1FF3F01D010B97047024870470248BC
:10696000704700BF21E000F024E000F0F8B50546D4
:106970000E469400224618F0E0F9FFF7E9FF0746BB
:1069800028B92246314628461CF081FD08B9384610
:10699000F8BD014FFBE700BF10E000F038B504463A
:1069A00001F08CFDFFF7D4FF054608B1284638BD3D
:1069B00001F0A6FE0146204618F053F80028F5D154
:1069C000004DF3E70EE000F008B518F09EF8014B1B
:1069D000186008BD2834002008B5024B186818F06C
:1069E00098F808BD28340020074BDB6B13F0400FEC
:1069F00004D1064BD3F8C830002BFAD1024B5868AB
:106A0000C0F30140704700BF00300E400000C64395
:106A10000C4B984205D90C4B984210D801210A46DC
:106A200001E000210A46094B1A64094AD2F80031F4
:106A300023F0807343EA0163C2F8003170470221FA
:106A40000122F0E70048E8010090D0030000C843AD
:106A500000400E40014B1868704700BF84200020A2
:106A6000114B5B68002300E00133042B0CD80F4A64
:106A700002EBC30292F804C0CAB29445F4D10B4AA7
:106A800052F833208242EFD3052B0BD0074A02EB9A
:106A9000C3035979044A536823F0407343EA0163FE
:106AA000536070470321F5E700000E407864020050
:106AB00008B5FFF73FF8044BD3F80031C3F30423C4
:106AC00003FB000008BD00BF00400E4010B5084B9E
:106AD0001C6CA4B241F671321A64FFF727F800214A
:106AE000FFF7BEFF14B1024B00221A6410BD00BFB5
:106AF00000000E4010B5064B1C6CA4B241F671327A
:106B00001A64FFF7ADFF14B1014B00221A6410BDE7
:106B100000000E4010B4C0F30323013B092B21D821
:106B2000DFE803F00508202030232620292D00244B
:106B3000164A01E00024164AC0F3043054B1134B46
:106B4000D3F8443113F0010F04D1104BD3F8403186
:106B50001C42FAD102F1424303F5801300EBC3005B
:106B6000800001605DF8044B70470124094AE3E7A7
:106B70001024094AE0E74FF48034084ADCE7002497
:106B8000074AD9E70024074AD6E700BF00400E4075
:106B9000C0400E40E0400E40E8400E40F0400E4045
:106BA00050410E40B0400E40C0F30313013B092B8F
:106BB0006BD8DFE803F0050B111B6A6A2127415FE0
:106BC000334BD3F80001C0F304207047304BD3F8A7
:106BD0001401C0F3042070472D4BD3F80031C3F3E8
:106BE000006301330120984001387047284BD3F8E7
:106BF0000C01C0F308207047254BD3F80801C0F3FF
:106C000008207047234B984204D0234B98420AD067
:106C1000002070471E4BD3F8203103F00F030120F2
:106C20009840013870471A4BD3F82031C3F3011351
:106C30000120984001387047184B984207D003F55F
:106C4000B01303F5805398420AD000207047104BD0
:106C5000D3F82831C3F3011301209840013870475D
:106C60000B4BD3F82831C3F30123043301209840A0
:106C7000013870470A4B984201D000207047044BFE
:106C8000D3F8300100F0030070470020704700BFC8
:106C900000400E408006160080162E0090171A0045
:106CA000A009140000F00F000138072865D8DFE8BC
:106CB00000F0041B2A643E4D64553B4BD3F89430DE
:106CC00003F00703023B052B0CD8DFE803F005585F
:106CD00003070B0902207047042070470B20704700
:106CE0000C207047052070472F4BD3F8803003F0FD
:106CF0000703022B45D0042B45D0012B01D00120E6
:106D0000704703207047284BD3F8843003F0070303
:106D1000013B032B09D8DFE803F002380604032007
:106D200070470A20704706207047012070471E4BAD
:106D3000D3F8883003F00703022B28D0042B28D087
:106D4000012B01D00120704703207047164B1B6FA9
:106D500013F001031FD003B309207047124BD3F87F
:106D60005C3103F03003202B19D0302B19D0102BBD
:106D700001D0012070470720704700207047032092
:106D80007047022070470A20704702207047022097
:106D900070470A2070470720704701207047042081
:106DA00070470820704700BF00400E4010B50446F1
:106DB000FFF778FF1B4B9C4212D01B4B9C4215D017
:106DC0001A4B9C4206D00138032828D8DFE800F08F
:106DD00014171D1A164BD3F8800000F00700F2E7D5
:106DE000134BD3F8840000F00700ECE7104BD3F806
:106DF000880000F00700E6E717F064FD10BDFEF71D
:106E0000FDFEFBE717F061FDF8E7FEF793FE084B88
:106E1000D3F80031C3F300630133D840EEE700201C
:106E2000ECE700BF030020000500240002001E0064
:106E300000400E4008B50748FFF734FF072804D08C
:106E4000092805D1FEF776FE03E0FFF703FE00E018
:106E5000002008BD06000E0008B10020704710B5E4
:106E600004460A48FFF71EFF072805D0082809D066
:106E7000042804D0204610BDFFF7ECFDFBE7FEF729
:106E800097FEF8E7FFF714FEF5E700BFB800320001
:106E900038B500F47813B3F5B01F00F093800546C1
:106EA0003BD8B3F5402F00F0828010D9B3F5801F96
:106EB00000F0AA80B3F5A01F27D15748FFF776FF4F
:106EC000564BD3F8303103F00303D8401CE0B3F540
:106ED000802F61D005D9B3F5202F14D1FEF72AFEFB
:106EE00012E0002B55D0B3F5003F0AD1FEF722FE89
:106EF0004A4BD3F80831C3F308230133B0FBF3F056
:106F000002E0002000E0002038BDB3F5602F02D180
:106F1000FFF790FFF8E70020F6E7B3F5381F5BD0E6
:106F20000ED9B3F5481F72D0B3F5781F21D1FEF703
:106F300001FE0446284617F0E3FDB4FBF0F0E3E75A
:106F4000B3F5001F52D006D9B3F5101F0FD1324848
:106F5000FFF72CFFD8E7B3F5D01F4BD0B3F5F01FE8
:106F600003D12F48FFF722FFCEE70020CCE7002017
:106F7000CAE7B3F5401F0AD12A48FFF717FF274B8E
:106F8000D3F82831C3F301230433D840BCE70020F1
:106F9000BAE7FEF7CFFDB7E7FEF7CCFD1F4BD3F8FE
:106FA0000C31C3F308230133B0FBF3F0ACE7FEF779
:106FB000C1FD1A4BD3F81431C3F304230133B0FBE2
:106FC000F3F0A1E71648FFF7F1FE144BD3F8203198
:106FD00003F00F03D84097E71148FFF7E7FE0F4B88
:106FE000D3F82031C3F30113D8408DE70D48FFF7E4
:106FF000DDFE89E70B48FFF7D9FE084BD3F82831AF
:10700000C3F30113D8407FE7FFF724FD7CE700209E
:10701000FFF722FF78E700BF0500240000400E4084
:1070200002001E000300200010B5FFF74FFD084BC3
:1070300007225A67FEF77EFDFFF7EAFCFEF7A6FD82
:107040000446FFF7D1FC01462046FFF753FD10BD73
:1070500000400E40014B1880704700BF8C2100207B
:10706000014B1880704700BF8A21002004281ED8D9
:10707000DFE800F0180312080D000E4B186AC0F389
:10708000080070470B4B186900F07F007047094BF0
:10709000986900F07F007047064BD3F89C00C0F35E
:1070A0000A007047034B986B00F07F007047002088
:1070B000704700BF00400E4038B50C46042813D876
:1070C000DFE800F043032F132100C1F30804274B2E
:1070D000D3F86838002BFAD1254A136A23F4FF73DA
:1070E00023F001032343136238BD01F07F041F4BDB
:1070F000D3F86038002BFAD11D4A136923F07F03BF
:1071000023431361F0E701F07F04184BD3F8643890
:10711000002BFAD1164A936923F07F03234393612E
:10712000E2E7134DD5F890306B6A23F0300343F05B
:1071300010036B62C1F3C31017F0DCFC2A6B0D4B1C
:107140001340234303432B63CEE74F2928BF4F242B
:10715000064BD3F87438002BFAD1054A936B23F011
:107160007F03E4B21C439463BEE700BF0020C84322
:1071700000400E4000F8FF0F134B5B6A13F0300F16
:1071800009D0202914D0302915D009B10F4A04E0C4
:107190004FF4400201E04FF440020B4BD3F8903023
:1071A00032EA0303F9D112F4800F07D101207047AE
:1071B0004FF40002F1E74FF44002EEE7024BD3F840
:1071C000A000C0F38020704700400E40FF33E1076D
:1071D000022801D00120704710B529B1054B4FF4AA
:1071E0008064C3F8A84059660AB9012010BDFFF7B2
:1071F000C3FFFBE700400E4070B5042800F2858015
:10720000DFE800F0484250033C000223012500243F
:10721000AC46002967D002284AD000213B4B1D66AE
:107220003B4B23449B001B68002BF9D0002A6CD0F9
:10723000374C6444A4002368002BF9D0022864D1A1
:10724000002962D0314B5B6A13F0010F46D0012256
:107250002021FFF7BDFF0220FFF708FF06460122AD
:1072600000210220FFF7C8FF31460220FFF724FF6C
:10727000264B1D662368002BFCD046E020231025FA
:1072800004244FF0050CC4E78023402506244FF06A
:10729000070CBEE74FF400734FF4807508244FF0DD
:1072A000090CB6E70823042502244FF0030CB0E7CD
:1072B000164B5B6A13F0300F0ED1164BDB6B134B82
:1072C0005B6A13F0010FA9D0104E736A23F03003EC
:1072D00043F010037362A1E700219FE70021022021
:1072E000FFF74AFFB7E709490B66084BD3F8901040
:1072F0000123A3401942F8D13AB1044BD3F89020AE
:10730000012303FA0CF31A42F7D170BD00400E407E
:107310008004F21000300E4010B50446A8B10128D8
:1073200018D0FFF7D3FBDCB9104B04225A67FEF7E5
:1073300001FCFFF76DFBFEF729FC0446FFF754FB49
:1073400001462046FFF7D6FB10BD01221146FFF78C
:1073500053FFE6E7012211461046FFF74DFFE0E735
:10736000012CE4D1014B03225A67E0E700400E40B4
:1073700038B5FEF71DFC0446002100F0B5FB1648A9
:10738000FFF746FB012211460220FFF735FFFFF70A
:107390009DFB4CB1114BDB6B13F0400F04D1104B34
:1073A000D3F8C830002BFAD10E4B02225A67FEF7F1
:1073B000C1FBFFF72DFBFEF7E9FB0546FFF714FBCA
:1073C00001462846FFF796FB04B138BD0121002095
:1073D00000F08AFBF9E700BF0148E80100300E40E9
:1073E0000000C64300400E4010B5012211460320A4
:1073F000FFF702FFFFF76AFB084B05225A67FEF70B
:1074000099FBFFF705FBFEF7C1FB0446FFF7ECFA1B
:1074100001462046FFF76EFB10BD00BF00400E4046
:1074200070B504461120FFF73DFC01220021022027
:10743000FFF7E2FE237C022B2AD00022154E736A4E
:1074400023F00103134373622278134BC3F8A02483
:10745000A288637A43EAC223F362356B05F07F6545
:10746000E38845EAC325A37A1D43207A45EAC0157F
:1074700017F040FB05433563627BA37B1B0143EAA6
:107480000233E27B1343227B43EA0243736370BD02
:107490000122D3E700400E400000C84338B505463E
:1074A0001120FFF7FFFB0D4A916B0D4C0C40297822
:1074B0000C436B7844EAC324AB7844EA0364EB786A
:1074C00044EA0324936BA34200D138BD012200217A
:1074D0000846FFF791FE014B9C63F6E700400E4023
:1074E00080E4FFF84209064B53F8223000F01F00F9
:1074F00023FA00F080F0010000F00100704700BFA7
:1075000000E100E0074BDB6B13F0400F04D1064BAA
:10751000D3F8C830002BFAD1024B5868C0F30140B1
:10752000704700BF00300E400000C643114BDB6BBC
:1075300013F0400F1DD10F4BDB6B13F0400F04D144
:107540000D4BD3F8C830002BFAD10A4B1A68C2F39E
:1075500001225B68C3F301439A4205D9054A1368C7
:1075600043F0100313607047024A136823F01003BE
:107570001360704700300E400000C643074B1B6885
:1075800013F0100F05D0064B1B69C3F30443082BFF
:1075900000D07047034B044A1A60FAE700300E40EF
:1075A00000400E404C200020C0EA21011A48C26C65
:1075B000C2F30322194B1B8803F1280103EB51038B
:1075C0002833013202EB8201B3FBF1F3013B072BBD
:1075D00028BF0723C16C21F0EE6141EA036343F445
:1075E0008013C3640E4BB3F90030002B13DB9BB246
:1075F00003F1280103EB51032833510801EB420248
:10760000B3FBF2F3072B28BF0723026D22F07002B1
:1076100042EA03130365704700300E404C4F0020D0
:10762000484F0020024B1880024B1980704700BF62
:107630004C4F0020484F002010B1012804D0704763
:10764000034B044A9A657047014B034A9A65704799
:1076500000300E4077402057372110B71A4BD3F82F
:107660003032032929D8DFE801F002121518DBB205
:107670004AB91B0333F4704121D11448C16E21F47F
:1076800070411943C166012A09D001207047C3F334
:107690000723EDE7C3F30743EAE71B0EE8E71B0305
:1076A00033F470420DD10949D1F8EC2022F4704234
:1076B0001343C1F8EC3001207047002070470020D0
:1076C00070470020704700BF0081E00F00300E407F
:1076D0001B02A2B101221343B3F5007F4DD022D883
:1076E000B3F5807F42D00CD940F20112934215D1FC
:1076F000294BD3F824321A0EC3F3074310E00022BB
:10770000E9E763B3012B06D1234BD3F82432C3F34B
:107710000722DBB204E00022134601E000221346F8
:1077200003600A607047B3F5407F2DD040F201320C
:10773000934206D1184BD3F828321A0EC3F30743ED
:10774000EEE740F20122934206D1134BD3F82832E0
:10775000C3F30722DBB2E3E700221346E0E70E4B58
:10776000D3F81C32C3F30722DBB2D9E70A4BD3F8B4
:107770001C321A0EC3F30743D2E7074BD3F820326B
:10778000C3F30722DBB2CBE7034BD3F820321A0E48
:10779000C3F30743C4E700BF0081E00F38B50028FA
:1077A00050D04B4BDB6B13F0400F07D1494B1A788D
:1077B000C2F1020210239340454A1361464AD2F8AF
:1077C000804104F0010445F60E03C2F88031434BBA
:1077D0001B6803F0010103F01000014303F04000B7
:1077E000084303F00401014303F480730B43136661
:1077F000374BDB6B13F0400F04D1394BD3F8C83053
:10780000002BFAD1324B1B6813F0100F0DD0324B06
:10781000D3F8403113F0807FF9D1324B1A682E4BE8
:107820001A61314B1B78052B2BD02F4B1B78023B59
:107830000A2B32D8DFE803F02E3F433131313131AA
:1078400031464900244BD3F89020244B1A60112074
:10785000FFF728FA244B18701D4BDB6B13F0400F19
:1078600004D11F4BD3F8C830002BFAD1184B5B68FA
:10787000C3F30143174A1370174B1A69194B1A6067
:1078800018E01A4B1D68FFF73DFE01462846FFF73A
:1078900031F9CAE70020FFF73FFD104B1B6813F0DA
:1078A000010F02D10C4B02221A661CB10A4B0022B6
:1078B000C3F8802138BD0120FFF72EFDEDE7FFF76B
:1078C00057FDEAE7FFF790FDE7E7FFF7ADFBE4E7D9
:1078D00000300E401E50002000400E40303400208A
:1078E0000000C6432C3400201F5000204C200020F4
:1078F000074A136823F44073417843EA0123136075
:107900004378022B00D07047024B5B6AFBE700BF55
:1079100000300E4000400E4038B50446F8B9FFF77D
:1079200005FE184A136943F00403136117F0D5F9F3
:1079300017F0D4F9144B154AC3F8242403F559233E
:107940001B6813F0100F0ED130BF17F0C8F903F009
:10795000BBFB8CB10120FFF721FF84B138BD0020B3
:10796000FFF71CFFDBE717F0D0F805461BF0E4FF3C
:10797000284617F0CEF8E8E7FFF700FEEDE7FEF740
:1079800005F9EBE700ED00E000A000400000FFFF7C
:1079900038B5044650BBFFF7C9FD1E4BD3F8802114
:1079A00045F60E01C3F880114FF42071196612F0EC
:1079B000010F02D00022C3F88021174A136943F057
:1079C00004031361154B164AC3F8242417F085F9F4
:1079D000144B1B6813F0100F0CD130BF03F074FB75
:1079E0008CB10120FFF7DAFE84B138BD0020FFF72B
:1079F000D5FED0E717F089F805461BF09DFF284615
:107A000017F087F8EAE7FFF7B9FDEDE7FEF7BEF8F4
:107A1000EBE700BF00400E4000ED00E000A000409A
:107A20000000FFFF00300E40134B9A6922F03F0226
:107A30000378D3B104234178C9B102210B43817883
:107A4000B9B108210B43C178012900D000210B43B3
:107A500001790B431343084A9361136823F44033BD
:107A6000417943EA0143136070470023E3E70021B3
:107A7000E4E70021E6E700BF00300E40174BDB6B68
:107A800013F0400F29D170B504460D46FFF73AFDBB
:107A9000A04218D0124BD3F80031FEF74BF806463F
:107AA000022C11D0C4F10202102393400B4A13613F
:107AB00045B1D36B13F0400F04D10A4BD3F8C83053
:107AC000002BFAD124B170BD0221FFF713F8E9E7CA
:107AD00000213046FFF70EF8F5E7704700300E4002
:107AE00000400E400000C64338B5114BDB6B13F06D
:107AF000400F0BD10C4650B10E4B1B7813B10E4BFF
:107B000098420FD921460020FFF7B8FF38BD0B4B34
:107B1000D3F80051C5F304250135FEF70BF805FB3A
:107B200000F0E9E721460220FFF7A8FFEEE700BFDB
:107B300000300E4034340020002D310100400E4052
:107B400008B50278034B1A7001210020FFF7CCFF23
:107B500008BD00BF3434002010B42C4B5A6B4AF6D9
:107B6000E8515963294B9B6F13F0010FFAD1274B52
:107B70001B6C13F0030303D025490124C1F8B44A58
:107B8000D9B2814221D0032B00D01BB9431EDBB2F6
:107B9000012B21D91D4B9B6F13F0010FFAD11B490B
:107BA0000B6C23F0030303430B64184B9B6F13F020
:107BB000010FFAD1003818BF0120154BC3F8B40AE1
:107BC000012A1FD05DF8044B70470028FAD1104BF2
:107BD0000022C3F8B42AF5E70C4B4FF40021D96218
:107BE0000A4B9B6F13F0010FFAD108490B6C23F07D
:107BF000030343F001030B64044B5B6A13F4002F8F
:107C0000FAD0C7E7014B00225A63DBE700300E4091
:107C10000000C6432DE9F04F8DB000910192002382
:107C200009930A930B930693079308930393049382
:107C30000593654A1288ADF808208DF80A30A0F542
:107C4000E163B3F5966F00F2AE800646B0F5E16FE2
:107C50008CBF4FF001094FF000096DD94FF4966ABF
:107C60004FF4E164B6F5E16F6BD9584BD3F8183295
:107C700008931A0E0592C3F307430893544DEF6C13
:107C8000C7F301778DF808703B464A4603A906A85A
:107C9000FFF71EFDD5F8EC30C3F301288DF80980FD
:107CA00043464A4604A907A8FFF712FD321B089B6A
:107CB0000599C91A02FB01F1B1FBFAF10B911944C4
:107CC0000B91DDF80CB0DDF818C0ABEB0C0502FB36
:107CD00005F5B5FBFAF5099565440995DDF810E061
:107CE0000798AEEB000404FB02F2B2FBFAF20A9230
:107CF00084180A94059A8A4259D38B4259D8A645CA
:107D000059D3A04259D8AB4559D3AC4559D8019B5A
:107D100073B12F4BDB6D23F4FE4323F0020343EAE0
:107D20000123B6F5E16F16D902221343284AD36521
:107D3000009B93B9012037E04FF4167A4FF4966414
:107D400090E7224BD3F818320893C3F30722059229
:107D5000DBB2089392E70022E7E700223946484663
:107D6000FFF77CFC00B3012241464846FFF776FC52
:107D7000D0B1A54238BF25460995E72D28BFE72594
:107D80000995134B5B6E23F4FF7323F0010343EA61
:107D90004503B6F5E16F04D9012213430C4A53663B
:107DA00002E00022F9E700200DB0BDE8F08F0020CE
:107DB000FAE70020F8E70020F6E70020F4E70020CB
:107DC000F2E70020F0E700BFA06402000081E00FAE
:107DD00000300E4008B5214B1A6FDB6C13F0010F19
:107DE00009D012F0060F06D013281FD91438132813
:107DF0001ED8082323E0194BDB6C13F0010F09D1C7
:107E000012F0060F06D1092814D90A38092813D808
:107E1000082314E0114BDB6C13F001030FD012F0B8
:107E2000060F0BD1272817D8082308E0042306E003
:107E3000102304E0042302E0102300E00023013BB0
:107E40001A0342EA03220549CB6C23F47F43134310
:107E5000CB64FFF7ABFB08BD1023F0E700300E400A
:107E600008B5074BD3F88039064A136F23F0070390
:107E700003431367044B1888FFF7ACFF08BD00BF2E
:107E80000000C64300300E404A4F002008B5084AA3
:107E9000D36E43F08073D366064BD3F880391BB1A1
:107EA0000420FFF7DDFF08BD0020FFF7D9FFFAE748
:107EB00000300E400000C64338B5304B02229A63B2
:107EC0009B6B03F00F03934254D10446B0F90C109E
:107ED000C3884A2B09D9B3F5FA7F41D340F6C312C0
:107EE000934240D84FF0005200E00022234BDB6C5D
:107EF00023F0405323F00103002937DB01210A431B
:107F000013431E4AD364D2F8EC3043F44073C2F8F2
:107F1000EC30A2881A4B1A80FFF7B8FFB4F90C10A6
:107F20002089FFF77FFBA088FFF754FFA07BFFF7B6
:107F300083FB012211466088FFF76CFE0546D0B135
:107F40000E4AD36B43F48063D3636078FFF704FE7B
:107F5000A37A202B0CD000220A4BC3F894270AE006
:107F60004FF08052C2E74FF04052BFE70021C6E712
:107F70000122F1E70025284638BD00BF00300E4041
:107F80004A4F00200000C643044AD2F8443423F08C
:107F900003030343C2F84434704700BF00A000400D
:107FA000F8B50D4614461E46072A2AD8930000FA53
:107FB00003F20F2199401D4816F09CFE0027072C64
:107FC0002AD8A10005F003028A40032303FA01F135
:107FD000174816F08FFE174A224492001660164B7F
:107FE00023449B009DF818201A600123A340134AE4
:107FF000C2F82434124B23449B009DF81C201A60C5
:10800000F8BDA2F10807BB0000FA03F20F21994066
:108010000C4816F06FFED2E7BF0005F00302BA402D
:108020000321B940084816F065FED4E700A40040DB
:1080300008A4004080208510A020851000A00040EA
:108040004021851004A400400CA40040F8B504466B
:108050000D461E4617463AB1FBB100EB400109013F
:108060000122AA401D4B5A50072D1ED8A90004EB2F
:1080700044031B0107FA01F20F2000FA01F118482E
:10808000184416F037FE3FB9FEB104EB4404240156
:108090000122AA40114B1A51F8BD00EB4001090121
:1080A0000122AA400F4B5A50DEE7A5F108039B00BE
:1080B00004EB440C4FEA0C1C07FA03F20F21994021
:1080C0000948604416F016FEDDE704EB4404240181
:1080D0000122AA40034B1A51DEE700BF0CA0004664
:1080E00004A000400CA0004408A0004002B9704762
:1080F000F8B504460E46174603F00305036823F45B
:10810000407303602A024FF4407116F001FE2EB94D
:10811000124B9C4217D0124B9C4219D02368114B32
:108120005A5D07FB02F26AB1A6EBC7031344013B99
:10813000B3FBF2F3013B226812F0020F01D003B946
:1081400001232361F8BD0848FEF7A2FE0646E5E7D5
:108150000648FEF79DFE0646E0E700BF00C000406F
:1081600000C40040A46402000082040000920400E5
:1081700038B505460C46002303640B4BC3634A78AD
:1081800082F0010200F1424303F58013DB0001336A
:108190009B001A600B7B8A684968FFF7A7FF21786C
:1081A000284616F0C3FD38BDFFFF070008B5094B90
:1081B0004FF40072C3F88020BFF34F8FBFF36F8F6F
:1081C000054B0021D96619624FF4AA40FEF7A2FCC4
:1081D00008BD00BF00E100E000200E4081F0010179
:1081E000024B03449B001960704700BFA001F110CF
:1081F00010B5044601214FF4AA40FEF78BFC23780A
:108200006178A27842EA012242EA03620B4B1A60CB
:1082100000221A62DA625A634FF00042DA664FF0C7
:10822000FF329A66064A4FF40071C2F88011E37873
:108230005B01DBB282F80933116010BD00200E40F3
:1082400000E100E070B50C46C3B201259D40254E0B
:10825000B5660B6800EB400106EB0111C1F88030F8
:10826000637BC1F8883094F80AC0E37A1B0543EABF
:108270000C4394F80CC043EA4C53C1F8843022F00C
:108280000302C1F8982016F04FFCF36E2B43F366FF
:10829000237A13B1736B2B437363637A1BB1114A57
:1082A000D36A2B43D3620F4B1B68227922B1D2438E
:1082B000120262F47F42134062790AB143EA022358
:1082C000A2791AB1D24362F0FF021340E27902B1FF
:1082D0001343044A1360044B9D62D56316F02AFCD5
:1082E00070BD00BF00200E4000200E4410B5C0B28B
:1082F0000124844016F018FC044AD36E23EA0403D8
:10830000D366034B1C6216F015FC10BD00200E4016
:1083100000200E4410B5C0B20124844016F004FCC5
:10832000084B1B6A234205D1064B9B6A9C4306D02F
:10833000002400E0002416F0FDFB204610BD0124BF
:10834000F9E700BF00200E40054B5A685B68054BFB
:1083500041F671321A649A6822F001029A607047FD
:1083600000300E4000000E40034B9A6822F00102DC
:108370009A6000221A64704700000E400C4B0D4AB0
:10838000D26912F0010F02D00BB1013BF7E74BB1FC
:10839000084B18610122DA60DB6913F0040F04D185
:1083A000002070476FF0020070474FF0FF307047B9
:1083B0008096980000000E408C46E9B90020704776
:1083C000013B124AD26912F0010F04D0002BF7D101
:1083D0006FF0020070479BB10C4BDB6913F0020F8A
:1083E00011D161450AD250F8042B084B9A61013132
:1083F0000822DA60064BE4E70021F2E7002070472C
:108400006FF0020070476FF00100704700000E40EF
:10841000809698002DE9F04780460E46254B196C52
:108420001FFA81F941F67131196423494868496896
:10843000996841F001019960970800231D4614E0F6
:108440001C498A6822F001028A60B9F1000F2DD020
:108450000A460021116429E051463046FFF7ACFF7F
:108460000346C0B9554406EB8A06BD4213D208EB59
:1084700085042046FFF782FF03460028E0D1C4F3BD
:108480000A04C4F50064A308A7EB050ABAEB940F2D
:10849000E2D39A46E0E707498A6822F001028A603F
:1084A000B9F1000F02D00A46002111641846BDE858
:1084B000F08700BF00000E4000300E4010B42B4B80
:1084C000196C89B241F671321A64294A54685268AB
:1084D0009A6842F001029A6018610122DA60DB6951
:1084E00013F0040F0BD1214B0222DA60214B1F4AFB
:1084F000D26912F0010F0ED06BB1013BF7E71B4AB6
:10850000936823F00103936011B1134600221A64AB
:108510004FF0FF300DE0154AD26912F0020F0BD177
:10852000B3B1124A936823F001039360E1B10020D4
:1085300010645DF8044B70470C4A936823F0010304
:10854000936011B1134600221A646FF00100F0E746
:10855000064A936823F00103936011B11346002289
:108560001A646FF00200E4E70020E2E700000E402A
:1085700000300E4080969800014B01229A607047AF
:1085800000500E4010B4184B5C68002318460BE0F6
:10859000B2F5803F21D0154A52F83320224202D052
:1085A000214200D110430133082B19D80F4A02EBA6
:1085B000C30251680E4AD2F8E82112F0040FEAD142
:1085C0000A4A52F83320B2F5006F06D0E0D8B2F56F
:1085D000007F02D0B2F5806FDDD141F48071DAE71F
:1085E0005DF8044B704700BF00500E40A8640200C5
:1085F0000040E00F4A790B7891F801C043EA8C0300
:1086000091F802C043EA8C1391F803C043EA0C13BB
:1086100091F804C043EACC2343EA02338A7943EA5F
:10862000424304300001014A1350704700200440C7
:10863000014B1860704700BF00008442037813B3F9
:10864000012342780AB3042213438278FAB110223C
:108650001343C278EAB120221343027943EA02238A
:10866000427943EA02338279AAB14FF400421343BC
:10867000C27943EA0243027A7AB14FF400321343DB
:10868000074A136070470023DBE70022DCE7002283
:10869000DEE70022E0E70022E9E70022EFE700BF83
:1086A000002004400D4AD2F8E4309B0003F03C0364
:1086B000D2F8E010C1F381110B438370D2F8E0309F
:1086C00003F03F034370D2F8E83003F0F003D2F830
:1086D000EC20C2F3031213430370704700FF0FE056
:1086E000024BD3F8F000D3F8F41070470081E00F8C
:1086F000024BD3F8FC00000E704700BF0081E00F72
:10870000044BD3F8E4301B0E0A3303F01F0301209F
:10871000984070470081E00F70B5054616461C462C
:108720000846D1B1402C20D01BD804B3202C13D143
:10873000082306FB03F2530803EB4013B3FBF2F3E9
:10874000203B0C4A02EAC3032A6822F060022A6036
:108750002A6814432C606B6170BD0748FEF798FBD4
:10876000E0E7602CF8D10423E3E70623E1E71023D8
:10877000DFE700BFF8FF7F004041050038B5054640
:1087800014460B4631B1013B6400B3FBF4F31B020A
:108790006B6138BD0248FEF77BFB0346F3E700BF81
:1087A0004041050040F6AA63C3600023036041F224
:1087B0000502426083604361C364134A82640366B6
:1087C00043678367C367114B98420BD003F58063FF
:1087D000984207D003F58063984203D003F5806385
:1087E000984201D1002303650023836503F1804390
:1087F00003F58233984203D003F50063984201D118
:108800000023C365704700BFF9FF0100000001406D
:1088100038B5044619F0D9FF054DA446BCE80F0051
:108820000FC59CE80F0085E80F00002038BD00BF91
:108830003834002047F6FF739A4200F084800629FE
:1088400000F2838070B5444B13F801E0BEF1020FD3
:108850007DD8424B03EBCE0191F802C0BCF1010F71
:1088600038BF4FF0010C604613F83E30012B26D084
:108870003A4B03EBCE035C68002C6AD0B4F90030AD
:10888000934204DBB4F90230934200DC1346A28821
:10889000FF2A2CD000212826C8221D46D21A92FB7E
:1088A000F6F20A4412B22D4B03EBCE0393F801E02B
:1088B000964501DD002A2FDA0EF1FF322CE0CB784D
:1088C000A3EB0C0300249C420ED2191BA3EB510115
:1088D000224800EBCE00406830F91100904201DCE4
:1088E0000C46F0E74B1EEEE76344D8B230E0B4F933
:1088F0000620B4F908600121CFE75C331849A1FBD9
:1089000003139B09013212B2164696450FDD04EBA4
:10891000C201898899420AD304EBC2018B68B1F97C
:10892000061001FB0533002BE7DA0023E5E7013EE3
:1089300004EBC604A2889A4200D31A46624500D3CB
:108940001046C0B204E0FF207047002070470020AE
:1089500070BD0020FCE700BFF06402003834002046
:10896000D34D6210062975D83E4B5B5C022B73D841
:108970003D4911F83310012923D0002A6ED010B4DC
:10898000394901EBC3014C68002C69D0201D3649E0
:1089900001EBC301897891422FD2334901EBC30126
:1089A000C97891422ED9304901EBC30393F801C035
:1089B0000CF1FF3C5FFA8CFCA388FF2B25D0002331
:1089C00027E0294901EBC301C978914200D20A4648
:1089D000254800EBC300807801282CBF121A02F151
:1089E000FF32D2B2091A8A4200DD00221E4901EB91
:1089F000C3035B6833F912007047B4F902005DF8F5
:108A0000044B7047B4F90000F9E7012301E001339A
:108A1000DBB2634504D2591C30F831109142F6D2D2
:108A20004FF47A7101FB02F200EBC3004368D31AE2
:108A3000B0F9022002EBD27103EB610393FBF2F376
:108A4000B4F900009842DADBB4F902009842D6DCAF
:108A500018B2D4E705487047044870470448704787
:108A60000248CCE7F0640200383400200080FFFFA9
:108A70000CFEFFFF08B50348FFF7CAFE012019F0FE
:108A8000ECFE08BDF864020000487047902000200A
:108A9000004870478820002000B587B0002301936C
:108AA000029303930493059302238DF804300D4B36
:108AB000029306228DF80C2001238DF80D300C2135
:108AC0008DF80E108DF812208DF813300D238DF8CF
:108AD000143001A94FF0FF3019F081FF07B05DF8A5
:108AE00004FB00BF006A1800024B0122C3F80026F5
:108AF000014870470010C84300000F400A4B9842DD
:108B000006D003F58063984200D07047012200E050
:108B10000022064B03EBC2035A68054B13449B002B
:108B200000221A60F1E700BF00000F40B0650200AC
:108B30008005F21000F01F0201239340A0F50620EB
:108B4000A0F550604009074951F820201A4341F828
:108B50002020054951F8202022EA030241F8202074
:108B6000704700BF6C3400205834002000F01F0C08
:108B7000A0F50620A0F5506040090F4951F82030BB
:108B8000012202FA0CF2134341F8203000231A4666
:108B900004E00A4951F823100A440133042BF8D9A0
:108BA00002B17047042A05D8034B002143F8221074
:108BB0000132F7E7704700BF583400206C340020C2
:108BC00000F01F0CA0F50620A0F5506040090549F3
:108BD00051F82030012202FA0CF2534041F82030C3
:108BE000704700BF6C3400202DE9F041A2B0402452
:108BF0002246002112A81AF074FC2246002102A885
:108C00001AF06FFC214F23E0DFF88C8029E022ABC3
:108C100003EB840353F8400CFFF78CFF0134AC42A4
:108C2000F5D3CDF800803B46102202A91848006811
:108C300019F0E7FA0546002407E022AB03EB8403B2
:108C400053F8800CFFF792FF0134AC42F5D337465E
:108C5000104B9F4213D807F110060F4B9E42D3D8FA
:108C6000B04608F1FF38CDF800803B46102212A92B
:108C70000748006819F0BCFA05460024CFE7074B07
:108C800001221A7022B0BDE8F08100BF006D08001B
:108C900080200020FF700800007108002050002094
:108CA0002DE9F04184B006460D461C4617460AB130
:108CB000002313600CB100232360102300930023D2
:108CC0002A463146114800680CF014FA8046C8B9AB
:108CD0000FB110233B602A680D4B9A4210D18FB11F
:108CE00084B1234603AA3146084800680CF026FBED
:108CF00020B923683A689B1A236003E0804601E0AC
:108D0000DFF81080404604B0BDE8F08180200020EC
:108D1000105D175EFFDF00F02DE9F04780468946C1
:108D200017461E4616F01DF9524CA4FB0034E40809
:108D300004EBC414041B04F5062404F550644E4BE4
:108D40001B7813B10025AA464EE0FDF7F5FD00287B
:108D50007DD1FFF749FFF5E7BAF1000F00D1A24638
:108D6000A4F50624A4F6FF44424BA3FB0423DB082E
:108D700003EBC313E31A03F5062404F5506432E051
:108D80000A9B1C6000204FE0099B089A3146204650
:108D9000FFF786FF394B984209D01233984206D02C
:108DA00060B1374B984209D06FF091003CE021460A
:108DB000344B18680CF006FB00284ED1B268F368FB
:108DC0004B4508BF424531D0A4F50624A4F6FF4424
:108DD000284BA3FB0423DB0803EBC313E31A03F5BF
:108DE000062404F550640135802D27D8A4F5062CFF
:108DF000ACF5506C4FEA5C1C234B53F82C3004F05C
:108E00001F02D34013F0010FBED1204B53F82C307A
:108E1000D34013F0010F9FD1E7B1BAF1000FAFD0EB
:108E20000A9BC3F800A00020BDE8F08717B1736863
:108E3000012B15D00A9B1C600020F5E79FB1BAF109
:108E4000000F13D00A9BC3F800A00020ECE76FF0DE
:108E50009100E9E76FF08B00E6E76FF08B00E3E746
:108E60006FF08400E0E76FF08B00DDE76FF08B00C0
:108E7000DAE700BF813FE00F20500020FFDF00F065
:108E8000FEDF00F0802000206C34002058340020E9
:108E90002DE9F04F87B006460D469846DDF840A014
:108EA00091462AB1002B52D040F26C739A4251D8AD
:108EB000BAF1010F51D80023059309F11007394683
:108EC000012017F076FB0446002849D03A460021DD
:108ED0001AF007FB05AB029300230193009323468E
:108EE000012230462946FFF717FF8346F0B91E4B93
:108EF0002360A660E560C4F804A0B9F1000F1BD19F
:108F00003B4622460599194800680CF05BF8D0B141
:108F10006FF0910B3A46002120461AF0E2FA204603
:108F200017F057FB584607B0BDE8F08F10F18C0FD3
:108F3000F0D16FF08D0BEDE74A46414604F1100089
:108F40001AF008FADCE70598FFF7F4FDE2E76FF0A6
:108F5000860BE7E76FF0910BE4E76FF0850BE1E735
:108F60006FF08C0BDEE700BF105D175E80200020E5
:108F70002DE9F0418CB01446129D139F1E4663B13B
:108F8000002F44D0002D45D0B5F1005F45D3C3F18B
:108F9000005303F580239D4242D800220892099293
:108FA0000A920B920792069205AB029307AB0193CC
:108FB00006AB009308ABFFF7AFFE8046D8B9079B1E
:108FC00036B1A34206D8E3B924B16FF0860812E0A7
:108FD000A34219D31B1BB34211D23B603B680093E1
:108FE000069B23442A4605990F4800680CF082F836
:108FF00008B16FF0910840460CB0BDE8F0813E60CA
:10900000ECE76FF08608F6E76FF08608F3E76FF09D
:109010008608F0E76FF08608EDE76FF08608EAE76C
:109020006FF08608E7E700BF8020002010B58CB005
:109030000022089209920A920B920792069205ABBF
:10904000029307AB019306AB009308ABFFF764FEF6
:10905000044670B9099B012B0ED00599094B18687D
:109060000CF0B0F958B90598FFF7AAFD0598FFF77D
:109070007DFD20460CB010BD6FF08404F9E76FF061
:109080009104F6E780200020074B5B685BB182B05B
:10909000054BD3F800310193019B034B5B68002B18
:1090A000F6D102B07047704700D00140144B5B68A6
:1090B00010F0030F06D018E0114BD3F8003140F840
:1090C000043B04390329F7D8C1B10D4BD3F8003163
:1090D00012E00B4BD3F8003103701A0A42701A0CDD
:1090E00082701B0EC370043904300329F1D8EBE7FA
:1090F00000F8013B1B0A01390029F9D1704700BF74
:1091000000D0014010B5002403E0124B5B68FBB9AE
:109110000134092C14D80F4A136843F4807111608C
:1091200023F4807313600C48FDF7B2FE800A00231D
:10913000084A5268002AE8D18342E6D20133F7E7B1
:10914000044A136823F0010313606FF0920010BD0E
:109150000020FCE700D001407000020008B50D4B74
:1091600040F271621A60FFF7CDFF90B9094B5B685E
:10917000032BFBD9074BD3F800211A61D3F8002148
:109180005A61D3F800219A61D3F80021DA61FFF720
:10919000B9FF08BD00D0014010B50E4B1C6B14F494
:1091A0005C7F11D014F4807F06D1FFF7ABFF10B9BC
:1091B00014F41C7F0AD110BD24F480741C63FFF7E3
:1091C00063FF6FF09300F6E70020F4E76FF0930081
:1091D000F1E700BF00D001402DE9F04F83B00190CE
:1091E0000F46914615F0ECFE0446002856D1344A4D
:1091F000D2F8C03043F40033C2F8C030314B1B68A2
:1092000013F0010F07D0DDF804A03E464FF0000B2D
:109210004FF00A082BE0FFF7A1FF04460028F2D028
:109220003CE02948FDF734FEC00A844204D2254BB5
:109230005B680BB90134F8E7224B5B68E3B9D846A9
:1092400037466FF0930423E0DDF804A03E464FF06C
:10925000000B0CE01B4B5D68AD00B54228BF3546E6
:1092600029465046FFF722FFAA44AB44761BCEB1F5
:10927000144B5C68A400D4D0FFF78EFF044610F1B5
:10928000930F12D010F1940FE4D1B8F10108DBD1A3
:1092900014B114F1940F0BD1C9F80080204603B02B
:1092A000BDE8F08FD8463746F2E7D8463746EFE7B5
:1092B0003A46002101981AF014F94FF00008EBE744
:1092C00000400E4000D00140700002002DE9F04F38
:1092D0008FB0049005919346DDF868A0DDF86C909E
:1092E0001C464BB11B68009300250A950B950C9505
:1092F0000D955746A246AEE000230093F4E7FFF732
:10930000F3FB0446002343604FF44043036015F031
:10931000FCFB0646059B102B19D010220499204611
:1093200015F0A2FC04F1840301931899184615F076
:1093300045FC304615F0EDFBABEB05031B09DDF8F2
:109340000080CDF808B0CDF80CA09A460CE00822B9
:10935000E4E70AA904F1800015F04EFC304615F050
:10936000D8FB103508F10108D04520D215F0CDFB0F
:109370000646464B2365236913F0010FFBD179198B
:1093800004F1A00015F01AFC0F2DE2D9A5F1100B85
:1093900009EB0B0E0DF1280CBCE80F0049F80B008F
:1093A000CEF80410CEF80820CEF80C30D1E7DDF866
:1093B00008B0DDF80CA07B1906AE785959689A6898
:1093C000DB680FC60F2D34D9A5F1100E09EB0E0C7A
:1093D0000FCE49F80E00CCF80410CCF80820CCF8D9
:1093E0000C30009EDDF864800DE006F138036B441C
:1093F00013F8203C18F80620534009F805300136D0
:1094000006F00F0601355D4517D0002EEDD115F0A1
:109410007CFB00901D4B2365236913F0010FFBD1EA
:10942000414604F1800015F0E7FB009815F071FB50
:10943000DBE7009EDDF86480E5E7009615F065FB4C
:1094400006461899019815F0D7FB304615F061FBD8
:109450002046FFF753FB5D450FD2009900293FF4EA
:109460004EAF7B5D199A525C534009F805304E1C93
:1094700006F00F0300930135EDE7544614B1009B4D
:10948000CAF8003000200FB0BDE8F08F4805030196
:109490002DE9F0458DB0DDF85880179F189E002902
:1094A00000F0E18005461C468A46002A00F0DE8076
:1094B000B8F1000F16D0D6B11A9B002B00F0D9805E
:1094C000734B9C4220D018D9724B9C421CD003F5A0
:1094D00080739C4218D0A3F500739C4214D06FF0A7
:1094E000850040E0002FE6D06FF086003BE0199B3E
:1094F000002BE1D06FF0860035E0674B9C4203D033
:1095000003F540739C4231D12B88B3F5105F40F0D6
:10951000B3806B88B2EBD30FC0F0B180802B03D047
:10952000B3F5807F40F0AE803FB3B0450DD208EB7D
:109530000703B34209D9199B9F4200F2A6803A461D
:109540004146304619F0B3FFB0466D88ED08504BE8
:109550009C4233D003F540739C422FD04F4B9C422A
:109560000FD06FF085000DB0BDE8F085A3F58063E6
:109570009C42C9D06FF08500F5E700201A9B186067
:10958000F1E7199B9F4257D817F00F0457D16FF09E
:109590009203BC420CD23319009308EB040301225E
:1095A0002946504615F00EFD034618B91034F0E771
:1095B0001A9A1760002B4BD10020D4E7199B9F42C9
:1095C00040D8374B9C421AD0159B102B3DD108AC8C
:1095D000149B186859689A68DB680FC40396CDF825
:1095E000088004AB019308AB009300233A46294658
:1095F0005046FFF76BFE58BB1A9B1F60DCE7159BBC
:109600000D2B02D06FF08600ADE701238DF82030DE
:10961000149A106851689268CDF82100CDF8251091
:10962000CDF82920149A127B8DF82D2000228DF878
:109630002E208DF82F30D1E76FF0860093E76FF082
:10964000860090E76FF086008DE76FF086008AE76E
:10965000199A0021304619F044FF00231A9A13602A
:109660006FF092007FE76FF086007CE76FF0860076
:1096700079E76FF0860076E76FF0850073E76FF0AB
:10968000850070E76FF085006DE76FF086006AE790
:109690000010C0040012C004004140040044400413
:1096A0000013C0042D2822D8DFE800F01721212163
:1096B000212121212121212121212121212121219A
:1096C000212121212121212121211B21212321218E
:1096D00021211D212121211F2119074870470748F9
:1096E0007047074870470748704707487047074862
:1096F00070470748704700BF64670200E8650200D2
:10970000FC650200246602003C6602005C66020002
:10971000C065020010B504464FF42F72002119F005
:10972000E0FE8023C4F88C30054BC4F8843001235C
:1097300084F8883004F19C0015F0CAF810BD00BF11
:109740006C66020010B503460846D3F8A0202AB183
:10975000D3F8A41090470024204610BD184615F0F9
:1097600040FF04460028F7D0FFF79CFF014602485F
:1097700016F0A1F8F0E700BF8C3B02002DE9F041A4
:1097800090F880601EB100263046BDE8F0810546A5
:1097900015F07AFC0028F7D1012385F8803095F880
:1097A00088300BB9B0461BE0002385F88830D5F827
:1097B00084101F4816F07FF8F4E716F060F80446AE
:1097C00017E0284615F05DFC3946284600F0E4FB1A
:1097D000064601E04FF00108B4F1FF3F12D08EB908
:1097E000D5F8B442B4F1FF3FE7D04FF0FF33C5F8EE
:1097F000B432B4F1FF3FEDD014F0FF07E1D14FF0E8
:109800000108E9E726B9002385F880304646BBE722
:10981000284615F04BFC95F88830002BF3D0D5F88E
:109820008410034816F047F8002385F88830EAE7EB
:1098300070660200F8B506460D4617460B78302BC9
:109840000DD04FF0000C15F80C30002B4AD0364CE0
:10985000E35C13F0040F65D00CF1010CF3E74B78D7
:10986000782B04D0582B0CD04FF0000CEBE70222E1
:10987000AB5C43B12C49CB5C13F0440F50D00132A8
:10988000F6E70222F4E7724206F0030302F0030255
:1098900058BF5342032B16D1284619F07BFD0238DE
:1098A000013608D4B310B0EBA60F06D09842ACBF77
:1098B0000020012037E00336F4E7A87837288CBF72
:1098C000002001202FE0284619F064FD831E324657
:1098D000002E05DBB3EBA20FD4BF0120002022E055
:1098E000F21CF7E70A220021284613F0B9FB0246D2
:1098F0000C46202E10D027B1084302D0013A61F166
:1099000000040123B340013B1340002C08BF9342E5
:109910000CBF0120002006E0B1FA81F0400902E00E
:10992000002000E00020F8BD738E020003787B2B3E
:109930001CD14FF0000C0122835C7D2B0ED00E4910
:10994000C95C11F0440F03D00CF1010C0132F3E7B4
:10995000202B01D0002070470132EDE710444378FE
:1099600033B91CF0010F05D101207047002070476A
:109970000020704700207047738E0200212816D8FF
:1099800021283AD8DFE800F0113B191B1D1F2123C5
:1099900039393939393939392527292B2D2F31339F
:1099A0003939393939393939353718487047FE2846
:1099B00027D0FF2827D11648704716487047164809
:1099C0007047164870471648704716487047164843
:1099D0007047164870471648704716487047164833
:1099E0007047164870471648704716487047164823
:1099F0007047164870471648704716487047164813
:109A00007047164870471348704700BF2C67020024
:109A100028670200846602008C66020094660200D9
:109A20009C660200A4660200AC660200B0660200FA
:109A3000BC660200C8660200D4660200DC66020052
:109A4000E8660200F4660200006702000867020090
:109A500014670200746602007C6602002067020040
:109A600070B506460D4619F095FC0446304615F0D3
:109A700022FF03E0034815F01EFF0134AC42F9D386
:109A800070BD00BF346702002DE9F84F0446022183
:109A90003248FFF7E5FF1E212068FFF7E1FF63680A
:109AA000586815F008FF2E4815F005FF63681A7B0B
:109AB000FD2A51D803F10C09D3F808A0504619F03B
:109AC00069FC80464FF0FF34002510E02B2015F094
:109AD000E6FE36E015F0E3FE01341AF804001F2814
:109AE00001D04445F6DB1E4815F0E5FE0135AB46D6
:109AF00019F80560FF2E2FD03046FFF73FFF0746CD
:109B0000B8F1000F00DD0134202EEFD0134E0221FA
:109B10003046FFF7A5FF1E213046FFF7A1FF114891
:109B200015F0C9FE1049384619F00AFC00B90F4F6C
:109B300039460F4815F0BFFECB449BF80130202B6F
:109B4000C4D00C4815F0B7FEB8F1000FCBDD1AF801
:109B500004301F2BC7D0C0E7BDE8F88F6467020050
:109B6000106A02003C6702001467020038670200B6
:109B700070660200406702002DE9F04F93B0814605
:109B8000069107921C4603931C9E19F003FC804625
:109B90000023236033600AAA09A9484615F0B3FEE2
:109BA000002840F0C4800A9819F0F4FB2060D9F82E
:109BB0009C5000231C4605939A460495A7E0002478
:109BC0002AE0013428E0099B013B534551D00F683E
:109BD0003468029819F0DEFB04440134346001E07B
:109BE00001333360336819F80320002AF8D00AF1F2
:109BF000010A019C10E0059B013305932A46DDF81C
:109C00001CB05946069D284614F09AFE4B4A594608
:109C1000284614F095FE013404EB440307EB830B54
:109C200057F82330002B37D0099B534534DB9BF882
:109C30000830002BC5D1D9F894203368D21A039B81
:109C40001A6012AB03EB8A0353F8203C0293DBF853
:109C500000502946184619F08BFB01900028DAD1F4
:109C6000284619F097FB0090DBF804100A7BFE2AC7
:109C7000A9D0D9F8943030681B1A009883420EDCC2
:109C8000069819F087FB009B03447B2BB3D92C4A21
:109C90000799069814F054FE4B4642462CE0FE2AE3
:109CA000B9D1099B013B5345B5D10F680094CDF85C
:109CB00008A0019C059DDDF818A0DDF81CB004EBA0
:109CC000440357F823205AB15946504614F038FE41
:109CD0001A4A5946504614F033FE01350134EEE776
:109CE000009CDDF808A00595C6F800800023039AC3
:109CF0001360D1E70133013A002A05DD1978002904
:109D0000F8D120211970F5E7049B1B680493049B8C
:109D10007BB1049B9F68002FF6D019F80430202BEC
:109D20007FF44DAF3368013333600134F5E700232E
:109D30000593059813B0BDE8F08F00BF34670200AB
:109D4000446702002DE9F04786B004460F461646E8
:109D50001D46DDF83890DDF83C8000238DF8173083
:109D60002B6089F8003088F800302B6852F82310F7
:109D7000164815F0B0FB40B92B6801332B604FF04B
:109D8000010AD4F89C40002003E04FF0000AF8E7F5
:109D9000246894B1A0680028FAD0CDF80C80CDF8E2
:109DA0000890019500963B460DF11702002115F031
:109DB00096FB9DF81730002BEAD0BAF1000F02D0C5
:109DC000012388F8003006B0BDE8F0874C67020038
:109DD00070B5ADF5447D04460021A4917C22A5A870
:109DE00019F07FFBA3AB0093A2AB8022A4A920466D
:109DF000FFF7C2FE012804D0012840DC0DF5447DA8
:109E000070BDA4A819F0C6FA0546A299431AA39AF0
:109E10000A442244A4A8014404E011F8010B02F80A
:109E2000010B013B002BF8DC00231370D4F8906089
:109E30000AE0D4F89010204615F077FCD4F8903062
:109E40000133C4F890300136A29AA39B1344B34265
:109E5000EFDCD4F89430AD1A2B44C4F89430D4F825
:109E600090302B44C4F89030A4AB9C1804E014F854
:109E7000010B15F014FD013D002DF8DCBEE780223A
:109E8000002102A819F02DFB4FF40072002122A836
:109E900019F027FB0125002300E0013303F544728C
:109EA0006A4412F8802C3AB1202AF6D15A1C22A911
:109EB00041F825200135F0E722AA42F82530A4A870
:109EC00019F068FA002115E0013222AB53F8223074
:109ED000834209D00B4403F544736B4413F8803C70
:109EE0006345F1D0002300E0012363B102AB03F826
:109EF00001C001318D4209DB01F544736B4413F855
:109F000080CC0022E1E702AB00225A54D4F89050F2
:109F10000AE0D4F89010204615F007FCD4F89030F1
:109F20000133C4F890300135A29BAB42F1DC2346EB
:109F3000174AA4A9174815F0BEFC02A819F02AFA7E
:109F4000A29AA39B1344E11802AB9D18821A0EE05B
:109F500015F8013B01F8013BD4F890300133C4F807
:109F60009030D4F894300133C4F89430013A002A88
:109F7000EEDC00230B70A29C02AB1D19041B04E055
:109F800015F8010B15F08BFC013C002CF8DC35E7D3
:109F90006C660200546702002DE9F04104460D464C
:109FA000D0F89070D0F8946090F89830012B0AD0D7
:109FB000012B0ED9022B00F0BC80032B00F0C880CF
:109FC0000020BDE8F0810A29F2D1002084F8980031
:109FD000F7E71B2D26D00D2D29D0002384F89830CB
:109FE000082D28D07F2D60D00D2D7ED00A2D7CD05D
:109FF000092D00F08780D4F88C30013BB34240F348
:10A00000DA80B742C0F28380E5550137C4F890701A
:10A01000D4F894300133C4F89430284615F03FFC4E
:10A020000020CEE7022384F898300020C9E70123FE
:10A0300084F89830D6E79F4203DDB7420AD0B74292
:10A0400016DB002F00F0B580C4F89070C4F894605F
:10A050000020B6E7082015F022FC202015F01FFC98
:10A06000082015F01CFC013F0023E355013EEBE7FF
:10A0700007F1FF38082015F012FC04EB0805A6EBE9
:10A080000802E119284619F012FA0023A3552946BF
:10A090004B4815F010FC013E354602E015F04AFB36
:10A0A000013D4545FADC4746CEE7002E01DDB742CB
:10A0B00001DB002085E7E519791CF21B21442846C5
:10A0C00019F0F5F90023A35529463E4815F0F3FB96
:10A0D00003E0082015F0E3FB013EBE42F9DCD4F8B2
:10A0E0009430013BC4F89430E3E70D2015F0D7FB22
:10A0F0000A2015F0D4FB0023C4F89030C4F8943043
:10A1000001205EE72046FFF763FE002059E7781C38
:10A1100004EB0708F21B4146204419F0C8F94046F9
:10A1200015F0C9FB02E015F005FB013EBE42FADA6C
:10A130006AE75B2D04D1032384F89830002040E7C0
:10A14000002384F8983029462046FFF725FF38E79A
:10A15000002384F89830413D032D2ED8DFE805F028
:10A1600002080F1E0121204615F039FB002028E7C8
:10A170004FF0FF31204615F032FB002021E7B742B7
:10A1800001DB00201DE73946204615F0CEFAD4F851
:10A1900090300133C4F89030002012E7002F01DC2A
:10A1A00000200EE7013FC4F8907015F0C3FA0020BC
:10A1B00007E7002005E7002003E7002001E700BFD4
:10A1C000606702006867020000B585B0054BEC4689
:10A1D0000FCB8CE80F006046FDF76EFE002005B047
:10A1E0005DF804FB6C67020010B586B00DF1040C3D
:10A1F000144C0FCCACE80F002368ACF80030124BC5
:10A20000D3F8B43013F4002F08D0104B1B884FF64E
:10A21000FF72934207D140F2431304E00A4BD3F894
:10A22000B830C3F30803ADF80A300948FBF7C6FCA1
:10A2300001A8FDF7F5F83220FCF712FF002006B068
:10A2400010BD00BF7C6702000081E00F0001E00F3D
:10A2500000F0490200B583B0074B1B68019320232F
:10A260008DF8043001A8FDF719F93220FCF7F2FE51
:10A27000002003B05DF804FB906702006FF0040358
:10A2800007E003F00F010A4A0A44A02111760133C6
:10A290005BB2322B09DC002BF3DB03F1604202F5E9
:10A2A0006142A02182F80013F1E70020704700BF4F
:10A2B000FCEC00E010B5044614F027FC024B1C60D7
:10A2C00014F027FC002010BD8834002010B514F0D5
:10A2D0001CFC034B1C6814F01CFC204610BD00BF86
:10A2E0008834002038B50C461546014640B12B464F
:10A2F0002246064803F048FC002805DD002038BD52
:10A30000FFF7E4FF0146F2E73720F8E7A7FA01007C
:10A3100008B5044B1868002302221946806813F020
:10A320004BF808BD2C210020002807DB00F01F029D
:10A33000400901239340024A42F82030704700BF91
:10A3400000E100E000280CDB00F01F0240090123BF
:10A3500093402030034A42F82030BFF34F8FBFF3C1
:10A360006F8F704700E100E010B586B01446137A95
:10A3700003EB43031B0103F1804303F56223D3F88E
:10A380009420E16823690B449A4216D06169914296
:10A3900015D38B1AABB90123637694F82D304BB1EA
:10A3A000002384F83530E369132120469847636A17
:10A3B00020469847002006B010BD0A46E6E79B1AE3
:10A3C000E8E70494054903910021029101930123D8
:10A3D00000936368216814F029FBEBE769A3000090
:10A3E00038B504460568FFF771FF844233D095F90C
:10A3F0003630002B08DB03F01F015B0901228A4085
:10A400006033174941F8232095F93600FFF79AFF8A
:10A4100095F93730002B08DB03F01F015B0901229F
:10A420008A4060330E4941F8232095F93700FFF741
:10A4300089FF287AFCF73AF9287AFCF799F8FCF7B3
:10A4400071F8002323606360A36023616361AB6ADA
:10A450002846984738BD0020FFF72CFFC7E700BF0C
:10A4600000E100E030B589B0044600234376007A6D
:10A47000FCF7DCF8207A00EB40031B0103F180437A
:10A4800003F56223D3F89420E56823692B449A42AC
:10A4900019D06369934218D0012323760DF11F016F
:10A4A000FCF752F99DF81F3043B30DF11E01207ADD
:10A4B000FCF71CF99DF81E3003BB22460021207AD0
:10A4C000FFF752FF1AE02A46E3E70023237665618F
:10A4D00094F82D3003B12563636A204698472369B9
:10A4E0000494094A039200220292019301230093EB
:10A4F00063682A462168207A14F098FA207AFCF7DB
:10A50000B5F809B030BD00BF69A30000F0B587B051
:10A5100006460C4615461F4640220021204618F0EC
:10A52000E0FF95E8030084E8030000232376EB684E
:10A53000E3602A69226163612A7D84F82C20AA7D68
:10A5400084F82D202363012384F8343084F83530D7
:10A55000E7610C9B23620D9B63620E9BA36295F9DE
:10A56000083084F8363095F9093084F83730346093
:10A57000374B7360374BB360374B3361374B736185
:10A58000374BF360FCF71EF810B1364A904259D1B0
:10A59000002104F10800FBF793FF002854D1324B4F
:10A5A0003362012384F83C30304AB261304AF261B0
:10A5B0009DF8402084F83B209DF83C2084F83A2008
:10A5C000002284F8392084F83830697D204615F05F
:10A5D000FBFB95F90930002B08DB03F01F015B0939
:10A5E00001228A406033234941F8232095F909006C
:10A5F000FFF79AFE236904941F4A039200220292F5
:10A600000193012300936368E2682168207A14F0C3
:10A610000DFA0446D0B995F90830002B08DB03F099
:10A620001F015B0901228A406033124941F823204F
:10A6300095F90800FFF778FE3046FFF73BFE20460D
:10A6400007B0F0BD1024FAE71024F8E71024F6E76D
:10A65000A5FD0100C1FC01005DFB010063FB0100E1
:10A66000E1A30000038000F02BFB0100C9FD010005
:10A6700069FB010000E100E069A300002DE9F04161
:10A6800086B016461C460C9D012304930393584B39
:10A690000293584B0193584B0093584B0A46294656
:10A6A000FFF734FF074618B1384606B0BDE8F08121
:10A6B00023682B6463686B64637A85F84930237A76
:10A6C00085F84830E37A85F84B30A37A85F84A302C
:10A6D000637B85F84D30237B85F84C30E37B85F830
:10A6E0004F30A37B85F84E3001214548FCF712FA24
:10A6F00001214448FCF70EFA01230422617A207AF2
:10A70000FDF7A4FC01230222E17AA07AFDF79EFC6A
:10A7100001216068FCF7FEF94FF0000886F8008020
:10A720003146206814F018FB2268536F43F003038E
:10A7300053672268936F23F4F85323F01F03617C5F
:10A7400043EA0123A17C0B439367236803225A67E2
:10A7500085F85080737E202B31D027D8002B33D042
:10A76000102B21D1012385F850300026002302222E
:10A77000617B207BFDF76AFCE27C2368DA67226854
:10A78000536E43F0040353662268536F43F0100383
:10A790005367DEB92A6CD36C43F00403D3640521FC
:10A7A000206814F0D2FA7FE723277DE7302B04D10D
:10A7B000032385F850300126D8E7232774E70223C6
:10A7C00085F850300126E4E70026E2E70023042262
:10A7D000E17BA07BFDF73AFC2268D36F217D43EA41
:10A7E0000123D3672268536F43F020035367D1E7F7
:10A7F0004FFE010023FE01002FFE0100DDFE0100DF
:10A800004041050000350A00BFF34F8F0549CA6873
:10A8100002F4E062044B1343CB60BFF34F8F00BFE1
:10A82000FDE700BF00ED00E00400FA05BFF35F8F15
:10A83000074B5A6A22F480325A62D3F8942022F0ED
:10A840000102C3F89420BFF34F8FBFF36F8F70479F
:10A8500000ED00E070B586B0002305930493FFF788
:10A86000E5FF4FF0005015F0B9FB36490B6840008A
:10A8700000F03E0040F0985040F00110324AC2F81B
:10A8800098304FF00054C2F89C40C2F8A000013349
:10A890000B602E4D2E4CA54213D1BFF35F8F2A4B78
:10A8A0000522C3F894205A6A42F480325A62BFF3F8
:10A8B0004F8FBFF36F8FBFF34F8FBFF36F8F06B014
:10A8C00070BD03AB019304AB009305AB2A1B294673
:10A8D000204615F067FB0398C208072800D82022FD
:10A8E000049B5B1BB3FBF2F3012101FA03F3DBB220
:10A8F000013BDBB2059E013DAD1BB5FBF2F50D44FE
:10A90000AB40DBB2A41BB4FBF2F401FA04F4013C4B
:10A91000E4B21C4315F062FB0A4D2A68430003F0C1
:10A920003E0343EA042343F0407343F00113064916
:10A93000C1F89820C1F89C60C1F8A03001322A60AB
:10A94000ABE700BF8C34002000ED00E0F4210020D4
:10A95000DC21002070B586B004460D461646002363
:10A9600005930493FFF762FF03AB019304AB0093DD
:10A9700005AB32462946204615F014FB0398C20861
:10A98000072800D82022049B5B1B1344013BB3FB28
:10A99000F2F3012101FA03F3DBB2013BDBB2059EC6
:10A9A000AD1B013DB5FBF2F5AB40DBB2A41B14447B
:10A9B000013CB4FBF2F401FA04F4013CE4B21C43A0
:10A9C000FF2C29D015F00AFB144D2968430003F031
:10A9D0003E0343EA042343F0985343F00113104A23
:10A9E000C2F89810C2F89C60C2F8A030013129600A
:10A9F000BFF35F8F0523C2F89430536A43F480336A
:10AA00005362BFF34F8FBFF36F8FBFF34F8FBFF30F
:10AA10006F8F002006B070BD2820FBE78C3400202B
:10AA200000ED00E0012000E00130022804D8431EC0
:10AA3000024AD35C002BF7D0C0B27047B834002074
:10AA4000F8B506460F46032903D8DFE801F00A04EB
:10AA50000608002506E0042504E0102502E0402554
:10AA600000E00125032E05D8DFE806F002070A0DF5
:10AA700045F002050B4B1C6809E045F00805F9E7B5
:10AA800045F02005F6E745F08005F3E7246844B17A
:10AA900063681A682A42F9D05B683946304698479D
:10AAA000F4E7F8BDC0340020134B1B7813B310B586
:10AAB000124B1B785BB9002015F0B8FA68B9104B3F
:10AAC00001221A700F4B1A780F4B1A7010BD15F037
:10AAD000ACFA0A4B00221A70EDE700F017FB064BA8
:10AAE00000221A70074C01212078FFF7A9FF0123EB
:10AAF0002370EBE7704700BF265000202450002051
:10AB0000275000202A5000202850002008B50B4B69
:10AB10001B78024660B101210B4408490B7032B129
:10AB2000074B1B78012B02D9064B1B7813B108BDCC
:10AB3000FF21F1E7FFF7B8FFF9E700BFB8340020C5
:10AB40002A5000202750002010B513F0DEFF0446E5
:10AB5000054B1B782BB9FFF7A7FF204613F0D9FF51
:10AB600010BD13F0D6FFFBE72350002010B513F003
:10AB7000CCFF0446164B1B78D3B1164B1B782BB970
:10AB8000144B01221A70144B00221A70134B1B78BD
:10AB900093B9204613F0BDFF012015F047FA13F0DA
:10ABA000B4FF04460B4B1B7863B9094B00221A70A3
:10ABB000204613F0AEFF10BD15F037FA074B002208
:10ABC0001A70E6E700F0A2FA024B00221A70ECE7D6
:10ABD0002650002023500020275000202450002021
:10ABE00010B584B0A0B1831EDBB2012B13D803A92A
:10ABF000002000F0AFFC70B91C4B1B68039A9A420E
:10AC000012D80120FFF782FF194B01221A7002E0CF
:10AC1000174B1B780BB904B010BD0020FFF776FF6F
:10AC2000134B00221A70F6E7124B1C6800F0B4FABE
:10AC30000444039B9C4206D30120FFF767FF0C4BA3
:10AC400001221A70E7E700F0D1FA60B9002343F05F
:10AC50000203019300230093074A0399091B074845
:10AC600015F0ECF9D7E70423F1E700BF9434002096
:10AC7000255000209034002049AB0000983400207B
:10AC800038B513F042FF0446134B1B788BB900F024
:10AC900093FB0546E0B9AFF30080104813F018FEAF
:10ACA00000F05CFF0E4B00221A6000F0B5FC0D4B6B
:10ACB000186000F085F915F0BBF90B4B1860064BD6
:10ACC00001221A70204613F024FF0025284638BDC3
:10ACD000204613F01EFFF9E72B500020C03400205F
:10ACE00090340020BC3400209434002038B5013862
:10ACF000144B1B5C0A46A1B101210B4411490B54B2
:10AD000072B1114B1D78012D0AD9FFF78BFE044655
:10AD1000012808D9032D09D00B4B1878A0420AD17D
:10AD200038BDFF21E9E7FFF721FFF5E70228F3D15E
:10AD300000F040FAF0E72146FFF782FE024B1C705C
:10AD4000EEE700BFB83400202A50002038B5044692
:10AD5000416013F0DAFE05462146034813F0BBFDBF
:10AD6000284613F0D6FE38BDC0340020014B1868C9
:10AD7000704700BF9034002038B513F0C6FE05467A
:10AD8000094B1B78012B0AD9FFF7F0FF044600F0AE
:10AD900003FA0444284613F0BCFE204638BD13F0E5
:10ADA000B8FE0024F9E700BF2A500020064B1B68BC
:10ADB00003FB00F000F5742000F23F20034BA3FBDF
:10ADC0000030800C704700BFBC34002083DE1B4382
:10ADD00038B515F013F90546AFF3008013F0F1FC18
:10ADE00000283CD1AFF30080284615F00BF998E01D
:10ADF0000020FFF78BFE4B4B00221A7033E015F05A
:10AE00000FF93DE02146FFF71BFE41E0464B0122D2
:10AE10001A70464B187800F0A5F9454B1B781BB10A
:10AE2000444B1A78414B1A70AFF30080284615F056
:10AE3000E9F815F0E3F805463F4B1B7843B13E4B6C
:10AE400000221A70394B1B783A4A1078834231D06D
:10AE50003A4800F0EDFA13F0C7FC002830D0314B2F
:10AE60001B78002BC4D1FFF7DDFDFFF7B9FEFFF71C
:10AE7000D9FD0446012803D92B4B1B78002BBED0EB
:10AE80002A4B1878A04205D0294B1B78002BB9D04B
:10AE9000264B1C70012CBCD9234B1B78002BB8D13E
:10AEA000274B1B78002BB1D115F0BEF8254B0122A2
:10AEB0001A70ABE701211D4B1970FFF7C1FDC7E701
:10AEC000194B1B78F3B11A4B00221A701D4B1B78DB
:10AED00073B115F0AAF81B4B00221A7008E001208C
:10AEE00000F040F9284615F08DF815F087F8054672
:10AEF000002015F09BF80028F1D000F007F90A4B6C
:10AF000000221A700020FFF76BFE084C0021207809
:10AF1000FFF796FD00232370AFF30080284615F05D
:10AF200071F838BD25500020265000202A500020FE
:10AF30002750002028500020215000209834002065
:10AF4000295000202450002010B513F0DEFD054BE1
:10AF50001C7800221A7013F0DCFD00F0FFFC204387
:10AF6000C0B210BD22500020134B1B78834222D068
:10AF700010B582B0044600238DF804308DF80530FA
:10AF800010B902238DF8053001A8FCF7B1FC54B1CB
:10AF90001E20FFF70BFF094A13681B1A1360064BAC
:10AFA0001C7002B010BD1E20FFF700FF034A13689B
:10AFB00003441360F3E77047C6210020C834002023
:10AFC00030B583B0394C636A636A00258DF804504C
:10AFD00001A8FCF7B5FD2846FFF7C6FFD4F890306E
:10AFE000C3F38003324A1370D4F89020C2F30032C6
:10AFF00030490A70D3B92F4B1B78F3B92E4B1B681D
:10B00000C3F3032301209840C0F1010000EB80004E
:10B010006430FFF7CBFE294A136803441360234BC7
:10B02000D3F89020264B1A6003B030BD4FF4167051
:10B03000FFF7BCFE234B1860DDE71120FBF728FF6C
:10B040001A4BD3F80031C3F3042303FB0002002A98
:10B05000D4D0164B5B6CC3F30B43013303EB830378
:10B06000D90E5801C01A61F10001490241EAD051DC
:10B070004002C01841F100018D0145EA906584014C
:10B08000201A65EB0101C01841F10001531EC018E0
:10B090004FF0000341F1000111F0C0FCFFF786FE04
:10B0A000064A136803441360A8E700BF00400E403F
:10B0B0002E5000202C50002000200440C8340020D6
:10B0C000C4340020D034002008B50D4B1B7803B9E0
:10B0D00008BD022000F00CFD0028F9D000F06CFA49
:10B0E0000028F5D0002201210220FCF785F814F099
:10B0F000EAFF044B1860044B01221A70E8E700BF16
:10B100002E500020CC3400202D50002008B5104BCC
:10B110001B7813B90F4B1B78ABB913F0E6FD0D4B41
:10B120001B787BB10C4BD3F8903013F0080FF9D09B
:10B1300014F0C9FF094B1B68C01A094B1860044B77
:10B1400000221A7008BD14F0BEFF044B1860E4E73B
:10B150002D5000202E50002000400E40CC34002006
:10B16000D034002008B502280BD003280DD00128C8
:10B1700000D008BD074A136923F00403136130BFF0
:10B18000F7E70020FCF7C8FBF3E70020FCF700FC22
:10B19000EFE700BF00ED00E0044B1B680BB103EBD1
:10B1A000D303034A10681844704700BFD03400200E
:10B1B000C83400200B4AD2F8800145F60E03C2F8CD
:10B1C0008031094B1B6803F0400103F480730B438B
:10B1D000136610F0010F03D013460022C3F880213C
:10B1E000704700BF00400E40C4340020014B187867
:10B1F000704700BF2E5000200E4B1B68002201E05C
:10B200001A469B680BB18342FAD183420ED14AB1F0
:10B210008368936083685BB15A6941690A445A61E3
:10B22000002070478268034B1A60F3E702207047E2
:10B2300000207047DC3400200A4B1B6800220A49BA
:10B240000A7005E0084B01221A70704759690A44D8
:10B25000012A06D8D98811F0020FF3D19B68002B80
:10B26000F4D17047DC3400203050002008B500F0E5
:10B27000C5FB0B4B1B680B4A1268821A03E0521A7B
:10B28000002159619B683BB132B159699142F6D3B3
:10B29000891A59610022F5E7024B186008BD00BF0A
:10B2A000DC340020D834002070B505460C46C38835
:10B2B0002BB16C61134B1B68FBB100210CE0FFF755
:10B2C0005BFD06468442F4D214F09FFE3446F0E75C
:10B2D000A41A6C6119469B6823B15A69A242F7D936
:10B2E000002AF5D031B18D60AB6013B15A69121BE1
:10B2F0005A6170BD034A1560F6E7024B1D600023DA
:10B30000AB60F6E7DC34002010B50B4B1B685B69C3
:10B310005BB10A4A14681C44022000F07BFB204603
:10B3200000F08AFBFFF788FF10BD022000F072FBDF
:10B33000022000F0D3FBF5E7DC340020D8340020F5
:10B3400070B504460E4615469DF814200271049A05
:10B350000260002282600561C360BDF81830C380BE
:10B36000F5B900F04BFB3044A061F6B900236361EE
:10B37000E36813B12168204698477DB113F0C5FBFF
:10B380000646FFF773FF29462046FFF78DFF094B5E
:10B390001B68A3420BD0304613F0BBFB002070BDEE
:10B3A00000F02CFB2844A061DFE73546E6E7FFF715
:10B3B000ABFFF0E7DC34002010B513F0B5FB04461A
:10B3C000144B1B78DBB9144A1360144A1360144AF7
:10B3D000138000F0CFFA012000F01CFB00F0B6FB58
:10B3E0000246104B186078B100230F4840F2E73155
:10B3F00011F014FB0D4B1860064B01221A70204609
:10B4000013F098FB002010BD204613F093FB23207F
:10B41000F9E700BF31500020DC340020D834002090
:10B420004E4F0020E034002018FCFFFFD4340020F1
:10B4300070B540B3054613F068FB0446FFF716FFEE
:10B44000124B1B68AB420CD000262846FFF7D4FEF7
:10B45000054640B95EB10D4B1B6843B1FFF754FF81
:10B4600008E00126F1E7204613F053FB05E0074B07
:10B470001B6823B1204613F04CFB284670BD022008
:10B4800000F00EFBF6E72225F7E700BFDC340020D2
:10B49000B8B138B50C460546A9B100230B7013F0BE
:10B4A00043FB0A4B1B6801E0012222702BB122787A
:10B4B0001AB9AB42F8D09B68F8E713F03BFB0020C9
:10B4C00038BD222070472220FAE700BFDC3400207C
:10B4D000002836D070B50C460546002933D013F04D
:10B4E00023FB0646FFF7C2FE6B692360174B1B6800
:10B4F00004E0226859690A4422609B68AB4201D08B
:10B50000002BF6D1AB420ED1256800F077FA104B34
:10B510001B68C01A85420BD800232360304613F005
:10B5200009FB002070BD304613F004FB0320F9E74F
:10B5300000F064FA064B1B6822681B1A1344236050
:10B54000ECE7222070472220ECE700BFDC3400202B
:10B55000D8340020F8B504460F4613F0E5FA064645
:10B56000134B1B68002507E000F048FA114B1B68DD
:10B570001B1A2B4410E09B68A3B15A691544DA8862
:10B58000A24201D0FF2CF6D100F038FA094B1B681B
:10B59000C01AA842E8D300233B60304613F0CAFA31
:10B5A0000020F8BD304613F0C5FA1B20F9E700BFB4
:10B5B000DC340020D834002010B5074B1C780CB9BF
:10B5C000204610BD14F07FFD044B1B689B69C01A18
:10B5D0000228F5D90024F3E730500020DC340020A5
:10B5E00070B513F0A1FA064600F008FA0446094BBC
:10B5F0001D88ADB2012000F07BFA28B9304613F067
:10B6000099FA2046294670BD00F0F8F90446013544
:10B61000F4E700BF4E4F0020014B1868704700BF91
:10B62000E03400200C4B1B68834213D310B50C464A
:10B630000A4B1968A1FB000140F2E733C0184FF430
:10B640007A724FF0000341F1000111F0E7F9206038
:10B65000002010BD21207047D4340020E0340020A9
:10B6600090B3F0B587B00F4614461D46064605A9AF
:10B670003846FFF7D7FF10BBFFF7CEFF07FB00F1FF
:10B68000124BA3FB01239B094FF47A7202FB1311A7
:10B69000511A89B2B183914213D00023F38330460B
:10B6A000FFF7C6FE0599BDF8343002939DF830309F
:10B6B0000193009523460A463046FFF741FE07B046
:10B6C000F0BD0023B383E8E722207047D34D62101A
:10B6D00008B503461D4A106800B3421E10421ED131
:10B6E000D90E5A01D21A61F10001890041EA927122
:10B6F0009200D21841F10003DB0043EA5273D200FA
:10B70000B0FA80F0C0F11F0C411CC04322FA0CF2C9
:10B7100003FA01F10A4323FA00F0104308BDDA0EE0
:10B720005901C91A62F10002920042EA917289003D
:10B73000C91842F100024FEAC20C02460023C800B9
:10B740004CEA517111F06AF9E8E700BFE0340020DB
:10B750002D4B83422D4B8B4152D370B584461446FA
:10B760002B4B1A68002A4DD0501E10402AD14D0193
:10B7700045EADC654FEA4C1EBEEB0C0E65EB01059D
:10B78000AD0045EA9E754FEA8E0E1EEB0C0E41EBA6
:10B79000050C4FEACC0C4CEA5E7C4FEACE0EB2FAB6
:10B7A00082F2C2F11F05531CD2432EFA05F10CFAA6
:10B7B00003F319432CFA02F211432CFA05F5216028
:10B7C000656070BD480140EADC604FEA4C13B3EBA2
:10B7D0000C0360EB0100800040EA93709B0013EBC8
:10B7E0000C0C41EB0001C900002633464FEACC00A7
:10B7F00041EA5C7111F012F9C4E900013046E0E75A
:10B80000212070472120DCE7EFA7C64B3789410094
:10B81000E03400202DE9F843044610F0010F04D174
:10B8200014F0020F10D1BDE8F883494A13889BB287
:10B8300001339BB21380FFF719FD464B1B68002BA9
:10B84000EED0FFF761FDEBE713F06EF90546FFF769
:10B850000DFD00273E4643E09B683BB15A692AB97B
:10B8600021791A799142F7D91C46F5E7284613F059
:10B8700061F92569002D3AD10025A8462F46002DF3
:10B8800046D0236903B3FDB9B8EB0707A38B6BB1AF
:10B89000E28B13449BB2E383B3F57A7F06D3A3F51F
:10B8A0007A73E383013FA369013BA36113F03CF981
:10B8B000054639462046FFF7F7FCA3692269134481
:10B8C000A361284613F036F9E7880136E36813B11F
:10B8D00021682046984713F027F90546FFF7C6FC74
:10B8E0001C4B1C68F4B16369E3B92346B5E7A8466D
:10B8F00000F084F8A369C71AFA17AF4272F1000288
:10B9000004DB22691344A3610125B8E70025B6E7EB
:10B9100013F00AF981462046FFF76EFC484613F003
:10B9200009F9AEE70C4B00221A70012E06D05CB16B
:10B93000FFF7EAFC284613F0FDF874E717F0020F52
:10B94000F5D001221A70F2E7022000F0A9F8F1E721
:10B950004E4F0020DC3400202F50002010B513F093
:10B96000E3F8034B1C7813F0E5F8204610BD00BF48
:10B970002F50002010B586B01C4B0DF10C0C93E835
:10B980000700ACE803008CF800200C3393E80300B8
:10B990000190ADF80810090C8DF80A100121144827
:10B9A000FBF7B8F800248DF80C408DF8104003A880
:10B9B000FCF744FE8DF8044001A90120FCF71AFEB3
:10B9C0000C4A536A23F4FF6323F00703536240F2E7
:10B9D000FF73136294600120FCF72AFE064B4FF0C0
:10B9E0008042C3F880211A6006B010BD946702003F
:10B9F000A00914000020044000E100E0014B986819
:10BA0000704700BF00200440014B586D704700BFD5
:10BA10000020044010F0010F0AD1002310F0020FA3
:10BA200001D043F00403034A516A0B435362704749
:10BA30000123F3E70020044070B5044613F065F8D5
:10BA40000646FFF7DBFF0546FFF7DEFF124B9B695B
:10BA500013F0040F04D1431B032B01D885420CD1F2
:10BA6000631B022B00D8EC1CB4F1FF3F38BF013C34
:10BA7000094B5C650220FFF7CDFF304613F049F813
:10BA8000064B1B783BB1044A136D43F00203136568
:10BA9000024B00221A7070BD00200440C721002014
:10BAA00010F0010F13D1002110F0020F09D041F066
:10BAB0000401084B01221A70074A136D23F0030397
:10BAC0001365054A536A23EA010353627047012153
:10BAD000EAE700BFC72100200020044010F0020F59
:10BAE00002D0024B0422DA61704700BF00200440FC
:10BAF000064B9B69012804D0022805D1C3F38000BE
:10BB0000704703F001007047002070470020044098
:10BB100010B513F009F804460B4B9B6913F0010FA5
:10BB20000FD1002013F0040F01D040F0020003F009
:10BB30000703054A1362FFF76DFE204612F0FAFF75
:10BB400010BD0120EEE700BF0020044008B5024808
:10BB5000FBF79EF908BD00BFA009140008B5064B0D
:10BB6000D3F8883003F00703013B012B00D908BD4F
:10BB7000022014F0F2FAFAE700400E4000B583B05C
:10BB8000044B009300231A46194616F031FB03B00C
:10BB90005DF804FBFFFF0F0038B50546082801D803
:10BBA000284638BD0024084B1868FFF7E7FFA0427D
:10BBB000F6D9082CF4D8054B53F82430AB4201D009
:10BBC0000134F0E72546EBE78020002040680200C2
:10BBD0002DE9F04387B06C4B19686C4B186809F07D
:10BBE00017F98146002831D0674C23689A6912689A
:10BBF00059681868904723689B699B68684698470E
:10BC000023689B69DB6802209847002407E093695A
:10BC10001B69106801FB040098470134E4B25A4BD9
:10BC20001A6853680199B3FBF1F39C42EFD393690F
:10BC3000DB6800209847544C23689B695B689847F1
:10BC40002168524B186809F0E3F881464FF000086C
:10BC50003CE0002B2AD14E4B9B5D4E4A52F82620E9
:10BC600029464A48006809F0ADF9814630BB0134E5
:10BC7000E4B2494B9F5DA74220D9484B53F8265068
:10BC8000254405AB04AA29464048006809F056FB44
:10BC9000434B9842DFD00028E9D1049B002BD8D138
:10BCA0003B4A915D059A9142D3D1E0E72946374B53
:10BCB000186809F087FBCEE70024DAE7394B9B5D73
:10BCC000002B31D108F101085FFA88F8B8F1080FAC
:10BCD00045D8B9F1000FF5D14646334B13F808307B
:10BCE000002BE9D02D4B53F8284005AB04AA214680
:10BCF0002648006809F022FB294B984209D0002809
:10BD0000E0D1049B012BDDD02146204B186809F0BF
:10BD100059FB204B53F826301A6821461B4B1868F4
:10BD200009F03CFA8146CDE77E2FCBD81B4B53F868
:10BD300026403C4405AB04AA21461448006809F09B
:10BD4000FDFA174B9842BDD02146104B186809F0F8
:10BD500039FB81460028B5D10137FFB2E4E7B9FAD3
:10BD600089F35B09114A1370084B1B681B7C1BB9D4
:10BD7000484607B0BDE8F0830D4B0E4A4FF48B7177
:10BD80000D4811F045FA00BF6020002080200020FF
:10BD90001C680200A86702001068020040680200E8
:10BDA0000BE000F0286802003468020032500020E6
:10BDB00064680200186902008868020070B50E46C7
:10BDC00015461C46FFF7E8FE082825D81C4B1B78B3
:10BDD000002B33D01B4B1B5C93B97F2E1AD0F1B2D2
:10BDE000194B53F8200023462A460144174800689F
:10BDF00009F032F90446C4B1204614F0D1F914E038
:10BE00002A46114B53F82010104B186809F012FA0B
:10BE10000446F0E70021E3E7FF2808D92346F2B201
:10BE200081B2284614F0AAFB0024204670BD084BBE
:10BE3000084A4FF4A671084811F0EAF90024F4E723
:10BE40003250002034680200406802008020002048
:10BE5000E8680200046902008868020070B50E46B6
:10BE600015461C46FFF798FE082825D81C4B1B7862
:10BE7000002B32D01B4B1B5C93B97F2E1AD0F1B232
:10BE8000194B53F8200023462A46014417480068FE
:10BE900009F098F80446BCB1204614F081F913E08B
:10BEA0002A68114B53F82010104B186809F076F9E6
:10BEB0000446F0E70021E3E7FF2807D92246294698
:10BEC00080B214F063FB0024204670BD084B094A81
:10BED0004FF4C371084811F09BF90024F4E700BF48
:10BEE00032500020346802004068020080200020A8
:10BEF000E8680200F06802008868020010B5FFF7E9
:10BF00004BFE0A4B1B7813B90024204610BD0022BB
:10BF1000074B53F82010074B186809F0C9F904467D
:10BF20000028F2D014F03CF9EFE700BF32500020B7
:10BF3000406802008020002010B582B004467F2AAD
:10BF400014D04BF23460814212D041F2F0108142A1
:10BF500028D001F47040B0F5805F3ED0B0F5005FAE
:10BF600046D0B0F5405F43D002B010BD0022E8E7F4
:10BF700008237F2241F20201684614F0FFFA0822EA
:10BF80002249684617F083FA20B16B4603CB206044
:10BF90006160E9E708237F2241F2F011684614F05E
:10BFA000EDFAF2E71A4AD2F8F000D2F8F4200021B4
:10BFB00004E06054000A013B0131C9B2032907D8EB
:10BFC000002BF6D104E06254120A013B0131C9B2E0
:10BFD0000729C9D8002BF6D1C6E7C1F30B0103FB33
:10BFE00002111A4601F17E61204617F0B3F9BBE752
:10BFF000C1F30B0103FB02111A4601F17E6101F549
:10C000008041204617F0A6F9AEE700BF9069020014
:10C010000081E00F0BB370B50D4614461E464BF27F
:10C020003463984211D1082E00D9082633467F2266
:10C0300041F202012046FFF77FFF324609492046C0
:10C0400017F025FA58B941F2F0103346EAB281B23E
:10C050002046FFF771FF002070BD212070470020AF
:10C06000FAE700BF906902002DE9F04104460F464F
:10C07000154610F0010F16D115F0010F19D104F477
:10C080007043B3F5805F1AD0B3F5005F02D0B3F50B
:10C09000405F27D1C4F30B0404F17E6606F58046A9
:10C0A000B046002428E040F2D311224800F034FDCD
:10C0B000E2E74FF4EA711F4800F02EFDDFE7C4F31A
:10C0C0000B0404F17E66B046B6F17E6F04D3AB1963
:10C0D000013B194A9342E4D940F2D911154800F0C6
:10C0E0001BFDDEE74FF4F071124800F015FD6FF014
:10C0F0000F080026D5E70134AC4209D218F8043005
:10C10000FF2BF8D04FF4F5710A4800F005FDF2E777
:10C1100015B90020BDE8F0816A083946304614F0B0
:10C120005BF80028F5D04FF40271024800F0F4FCEF
:10C13000EFE700BF28690200FF07E00F10B50446D3
:10C14000F9F724FD0C4BA3FB0023B0F57A7F0FD346
:10C150009B090A4AB2FBF3F2094B984208D84FF404
:10C160007A7304FB03F3B3FBF2F39808032B00D8B4
:10C1700010BDF3F7CDFFFBE7D34D621040420F0037
:10C18000E7CD9A3B08B5FCF7FDF9094B1860FCF7C1
:10C19000F3F90120074B186104F0BCF814F0B7F96B
:10C1A00000B908BD4F220449044801F0C7FCFEE76E
:10C1B000E434002000300E409C690200006A020056
:10C1C00008B5084804F034F8074B18700021074BF5
:10C1D000B3F9000014F06BF912F069FAF6F714FCE9
:10C1E00008BD00BF9859020033500020544F002072
:10C1F00008B5F8F771F812F05BFA024B187803F003
:10C20000FCFF08BD3350002008B507490748FEF77A
:10C210009DFD022014F053F8012014F050F8044B57
:10C2200001221A7008BD00BF9820002008350020A8
:10C230003450002030B583B012F06EFC14F03FF99A
:10C2400068B9344B1B78002B32D0324B1B78002B53
:10C2500035D199223049314801F070FCFEE714F0E5
:10C2600032F990B14FF0FF312D4803F095FF0446AD
:10C2700004280ED8274B1B78002BE6D1012014F0A0
:10C280001EF8244B01221A70DFE703F081FC0146FF
:10C29000EAE7204B1B7823B9002CD6D012F040FCE3
:10C2A00018E0012014F018F81A4B00221A70F3E776
:10C2B000012014F004F8174B01221A70C5E7002082
:10C2C00014F01DF90146164803F066FF044612F00B
:10C2D00027FCDCB10F4B1878214680F0010013F0E9
:10C2E000DFFF054698B194B1B4F1FF3F0FD00023B2
:10C2F000019300930B4A21460B4813F0FAFF30B12B
:10C30000AB220549054801F019FCFEE70025284647
:10C3100003B030BD34500020146A0200006A0200ED
:10C3200098590200A5020200E8340020064B1A6862
:10C330000648A0FB0230800900EB40014B019A4205
:10C3400000D00130704700BF10350020ABAAAAAA68
:10C3500008B50023034A1370034A1370F8F742F933
:10C3600008BD00BF1C3500203850002008B5002350
:10C37000034A1370034A1370F8F778F908BD00BF39
:10C380001C3500203850002008B52D4B1B78013B90
:10C390000A2B4ED8DFE803F0064D1B4D4D4D4D4D99
:10C3A000064D3D00274B1B78072B08D8264B1B78E2
:10C3B000032B08D83221254803F0A7FE08BD04202E
:10C3C000FFF7C6FFFAE70920FFF7C2FFF6E740B123
:10C3D000FFF7ACFF1E4B1B6898420DD901331C4A76
:10C3E0001360174B01221A70174B1B78032B0BD9C4
:10C3F0000920FFF7ADFFE1E70023154A1360114A5A
:10C400001370114A1370D9E73221104803F07DFEF2
:10C41000D4E70D4B1B78032B03D90920FFF798FFB6
:10C42000CCE7074B09221A703221084803F06DFE51
:10C43000C4E74FF408720749074801F07FFBFEE7A5
:10C440003850002037500020365000201C35002086
:10C4500014350020786A0200006A020008B583687B
:10C460001B78C3F30213012B05D0032B0ED1082038
:10C47000FFF76EFF08BD074B1960074B00221A70CB
:10C480000120064B1870FFF77FFFF3E70620FFF748
:10C490005FFFEFE7143500203650002038500020B1
:10C4A00008B581680B78C3F30213052B05D0032B65
:10C4B00007D0012B09D0EBB108BD0620FFF748FFDC
:10C4C000FAE70820FFF744FFF6E70231012004F005
:10C4D000C3FF0A4B1B68834203D00620FFF738FFD7
:10C4E000EAE70023064A1370064A13700120FFF79B
:10C4F0004BFFE1E70020FFF72BFFDDE718350020B9
:10C50000365000201C35002008B51A4B1B78053B1F
:10C51000DBB2022B0BD8184B1B78072B0ED8C8B1F7
:10C5200081B1032912D00620FFF720FF1DE040F261
:10C530006A221249124801F001FBFEE70420FFF7CE
:10C5400015FF12E00020FFF711FF0EE00820FFF7B3
:10C550000DFF0AE00B4B1B78032B07D8054B052278
:10C560001A703221084803F0D0FD08BD0920FFF7FA
:10C57000FDFEFAE73850002037500020786A0200AC
:10C58000006A0200365000201C35002000B585B03E
:10C5900014238DF80830124B1B788DF80930114B9D
:10C5A0001A680DF10A01012004F048FF03230193EA
:10C5B00002AB0093062300220D210B48008813F0E4
:10C5C000AAFF28B9094B0A221A7005B05DF804FBCE
:10C5D000074A1378013313700020FFF7D5FEF4E704
:10C5E00035500020103500208E21002038500020CA
:10C5F0003750002000B585B013F07DFF174B1A6847
:10C60000831AB3F1004F1ED9121A12238DF8083085
:10C61000134B1B788DF809300DF10A01012004F04D
:10C620000DFF0323019302AB0093062300220D218B
:10C630000C48008813F06FFF38B90B4B06221A70B4
:10C6400005B05DF804FB0022DFE7084A13780133E8
:10C650001370FF210020FFF757FFF1E7103500208E
:10C66000355000208E210020385000203750002007
:10C6700030B59DB0234B1C6804EB4404640104F105
:10C680005F05214B1B68AB4200D85D1E0DF10E0308
:10C690001E4A127829462046F7F748FF20B90320A2
:10C6A000FFF756FE1DB030BD10238DF80830174B34
:10C6B0001B788DF80930134B1A680DF10A0101201F
:10C6C00004F0BCFE2B1B9BB207330322019202AA8B
:10C6D00000929BB200220D210D48008813F01BFF31
:10C6E00038B90C4B02221A70064B1A680A4B1A60B2
:10C6F000D8E70A4A1378013313700020FFF744FE8D
:10C70000D0E700BF14350020103500203550002040
:10C710008E2100203850002018350020375000208E
:10C7200010B5144B1C78ECB94FF6FF7398421CD02F
:10C73000E9B1114B994201D9012414E00F4B196062
:10C740000F4B1A700F4B188000230F4A13600F4ACB
:10C7500013700F4A1370074B09221A700D4803F02B
:10C76000C9FC00E00224204610BD0124FBE701249F
:10C77000F9E700BF3850002040FF5F00103500206F
:10C78000355000208E210020143500203750002025
:10C79000365000201C35002038B5124B1D78E5B905
:10C7A00004464FF6FF739A4219D00F4B1A800023AC
:10C7B0000E4A13600E4A13700E4A13700E4B197016
:10C7C00013F099FE20440D4B1860064B05221A7099
:10C7D0000B4803F08FFC284638BD0225FBE70125F6
:10C7E000F9E700BF385000208E21002014350020CA
:10C7F00037500020365000203550002010350020E2
:10C800001C35002008B50B4B1B785A1ED2B2022AE9
:10C8100005D9053BDBB2022B06D9012008BD072054
:10C82000FFF796FD0020F9E70720FFF79FFD0020A6
:10C83000F4E700BF3850002003790D2B56D110B516
:10C840000446037813F0010F14D04288284B1B884C
:10C850009A420FD18268117801F00F03013B052B3A
:10C8600008D8DFE803F0240736070312214B1B78B2
:10C870000B2B00D010BD52781F4B1B789A42F9D178
:10C8800000212046FFF7EAFDF4E71A4B1B780B2B3B
:10C89000F0D15178184B1B789942EBD1911C0120B3
:10C8A00004F0DAFD01462046FFF7D8FDE2E7114B20
:10C8B0001B78023BDBB2012BDCD852780E4B1B7885
:10C8C0009A42D7D10B4B03221A702046FFF7E8FD9E
:10C8D000D0E7084B1B78072BCCD1E388032BC9D1B9
:10C8E000C1F302110120FFF70FFEC3E7704700BF3D
:10C8F0008E210020385000203550002008B50B79DB
:10C900000D2B08D18B681B7803F00F03022B4DD041
:10C91000042B01D02BB308BD364B1B780A2BFAD160
:10C9200060B1402815D0344A137801331370314B6D
:10C9300009221A700020FFF727FDECE72E4B00229A
:10C940001A702C4B0B221A70FA212C4803F0DDFBD5
:10C95000E1E72B4A137801331370274B00221A703A
:10C96000E5E7244B1B78022BD5D160B1402815D0C8
:10C97000214A1378013313701E4B01221A700020D4
:10C98000FFF702FDC7E71C4B00221A70194B032268
:10C990001A70FA21194803F0B8FBBCE7184A13785B
:10C9A00001331370144B00221A70E5E7114B1B780A
:10C9B000062BB0D150B1402813D00F4A1378013361
:10C9C0001370FF210020FFF79FFDA4E7094B07220A
:10C9D0001A70FA21094803F098FB074B00221A70DD
:10C9E00099E7074A137801331370034B00221A703A
:10C9F000E7E700BF38500020375000201C350020EA
:10CA00003650002008B5154B00221A70144B1B78C5
:10CA1000013B0A2B09D8DFE803F009080C081408C9
:10CA2000170806080C00FFF7B1FD08BDFFF720FE50
:10CA3000FBE70C4A1378013313700020FFF7A4FCC6
:10CA4000F3E7FFF7D7FDF0E7064A137801331370D9
:10CA5000FF210020FFF758FDE7E700BF1C3500204D
:10CA6000385000203650002008B5074B1B7833B1F2
:10CA7000064B19780902064803F047FB08BD054B31
:10CA800019888902F7E700BF39500020C82100202B
:10CA9000243500209021002010B513F02CFD044611
:10CAA0000F4B00221A7013F0EAFC00B910BD13F00E
:10CAB0001AFD032803D013F016FD042806D1094BF4
:10CAC0001C60FFF7D1FF13F031FDEFE713F00BFD12
:10CAD0000628F4D013F007FD0728E7D1EFE700BFE1
:10CAE000243500202C350020014BDA695A6270474A
:10CAF00000200540BFF34F8F0549CA6802F4E06289
:10CB0000044B1343CB60BFF34F8F00BFFDE700BF63
:10CB100000ED00E00400FA0508B502460B460349A3
:10CB2000002012F0CDFFFFF7E5FF00BF106B020001
:10CB300083B2074A13801BB913464BF6EF621A8083
:10CB4000000C044B188010B94FF6CE221A807047A3
:10CB5000A2210020A021002010B56221054813F079
:10CB60001DFD044641F20B01034813F017FD604020
:10CB700080B210BDA2210020A021002039B110B543
:10CB800004460A46024B1B680021984710BD7047B7
:10CB9000C0200020114B0340B3F1607F0FD0B3F1F0
:10CBA000707F14D101F4E043B3F5005F12D1C1F3FB
:10CBB000022101238B40012B06D900207047B1F5DB
:10CBC000885FECD1002070476FF0860070476FF0EF
:10CBD000860070476FF08600704700BF0000C07F7E
:10CBE0008A4200F071812DE9F04106460C46154657
:10CBF00022F0FF03B64A934214D002F580529342CA
:10CC000010D0A2F5885293420CD025F4FF7222F086
:10CC10000102B2F1062F05D0AE498B4202D0AE4BD5
:10CC20009A4221D124F0FF03A94A934214D002F57D
:10CC30008052934210D0A2F5885293420CD024F433
:10CC4000FF7222F00102B2F1062F05D0A1498B42FA
:10CC500002D0A14B9A4207D114F0FF0304D043F055
:10CC600000739E4A93420ED004F0FE47B7F1A06FC6
:10CC700010D0B7F1407F23D0B7F1106F00F00F81D3
:10CC80000020BDE8F08185EA0400FF288CBF002069
:10CC90000120F6E705F0FE43B3F1A06FE9D185EA84
:10CCA000040333F47E13E4D114F4004FE1D0C4F351
:10CCB0000540C5F30545A8428CBF00200120E0E7F0
:10CCC00005F0FE43B3F1407FD6D185EA040333F487
:10CCD0007E18D1D131462046FFF75CFF002840F096
:10CCE000F58015F47C101ED0C5F305407C4B2B401D
:10CCF000B3F1607F70D0B3F1707F00F0B980C4F3FE
:10CD0000054314F47C1F00F0C58015F47C1F02D18C
:10CD1000434500F0EB8014F4004FADD083428CBF4C
:10CD200000200120ADE76E4B2B40B3F1607F0CD0AB
:10CD3000B3F1707FDAD106F4E043B3F5005FD5D1EB
:10CD4000C6F3022301209840D0E7EBB243F0007312
:10CD5000644A93423CD003F17E43043B0F2BC5D879
:10CD600001A252F823F000BFD5CD0000D5CD0000C0
:10CD7000EDCC0000EDCC0000A9CD0000ADCD000051
:10CD8000B1CD0000B5CD0000B9CD0000BDCD000093
:10CD9000EDCC0000EDCC0000C1CD0000C5CD000001
:10CDA000C9CD0000CDCD00001C209FE720209DE7CD
:10CDB00030209BE7402099E71C2097E7202095E74B
:10CDC0001C2093E7202091E730208FE740208DE75B
:10CDD00010208BE7142089E7EBB243F00073414A3F
:10CDE000934251D003F17E43043B0F2B87D801A21D
:10CDF00052F823F08FCE00008FCE0000FFCC000051
:10CE0000FFCC000035CE00003BCE000041CE00003C
:10CE100047CE00004DCE000053CE0000FFCC0000F6
:10CE2000FFCC000059CE00005FCE000065CE0000B0
:10CE30006BCE00004FF01C0861E74FF020085EE762
:10CE40004FF030085BE74FF0400858E74FF01C0800
:10CE500055E74FF0200852E74FF01C084FE74FF01E
:10CE600020084CE74FF0300849E74FF0400846E70C
:10CE700006F4E043B3F5005F7FF441AFC6F302264A
:10CE8000012303FA06F83AE74FF0100837E74FF0AE
:10CE9000140834E7404514BF00200120F1E624F0D7
:10CEA0001F6323F470231BBB05F0FE43B3F1106F27
:10CEB00001D00020E5E60C48284040F01060A04278
:10CEC00014BF00200120DCE6012070470020D8E6D6
:10CED000000300060009000600040006FF0000022F
:10CEE0000000C07F030000020000FFF60120C8E63A
:10CEF0000020C6E6F8B5002A64D006460D46144662
:10CF000022F0FF03354A934233D002F58052934218
:10CF10002FD0A2F5885293422BD024F4FF7222F036
:10CF20000102B2F1062F24D02D498B4221D0A1F568
:10CF3000A0618A421DD004F0FE43B3F1407F3BD094
:10CF4000B3F1A06F3BD0274B9C4214BF00230123B9
:10CF5000002B3AD1224671682846FFF741FE07466A
:10CF6000B0BB2246B1682846FFF73AFE90B3384678
:10CF7000F8BD14F0FF02DED018498B4214D001F541
:10CF800080518B4210D0A1F588518B420CD024F4F3
:10CF9000FF7121F00101B1F1062F05D01048834245
:10CFA00002D0114B9942D5D142F000720D4B9A42FA
:10CFB000D0D16FF08607DAE7C4F3C033C8E7C4F313
:10CFC000C033C5E76FF08607D1E76FF08607CEE77D
:10CFD0000027CCE76FF08407C9E700BF0003000615
:10CFE00000090006FF000002000400060C4B1B783D
:10CFF00083B110B582B00C460023019301AB0A4601
:10D000000146084812F01DF810B9019BA34204D153
:10D0100002B010BD6FF0880070476FF09300F7E723
:10D02000D4470020D84700202DE9F0439FB01F4689
:10D03000DDF8A0800023169301F0FE43B3F1806F6A
:10D0400018D04FF000096FF08605169813F039FEDE
:10D050000446002D40F0AA80002840F0A680B9F1D7
:10D06000000F40F09C80D8F800304B44C8F80030E6
:10D0700025469EE00C4616460B464FF4807216A9D4
:10D0800013F0F8FA0546002840F08680DDF8589045
:10D0900017ADCC46BCE80F000FC59CE8070085E83B
:10D0A0000700242200210DEB020016F01AFA09AD48
:10D0B0000DF15C0CBCE80F000FC59CE8070085E88B
:10D0C0000700B9F8003003F4E042B2F5005F11D078
:10D0D00042F20402934232D0384B9C4235D04FF09A
:10D0E0000009B9F1000F3BD0279B994530D96FF06B
:10D0F0008905AAE7C3F302224FF0010909FA02F9F0
:10D10000B9F1010FE4D92E4A944212D002F580728F
:10D1100094420ED002F5807294420AD0294A944279
:10D1200007D0A2F53F42944203D002F580729442A8
:10D13000CED1B9F1100FD4D96FF0830585E7224B1A
:10D140009C42C9D14FF00C09CBE74FF00D09C8E75D
:10D15000494612A8FFF74AFF054600287FF475AF3D
:10D16000169B596A9A6A269BA3B103EB0900CDF876
:10D170001880279BA3EB090305930490039702965D
:10D18000CDF8049012AB0093234609A813F012FBCC
:10D1900005465AE72698EAE74FF0000955E74A4660
:10D1A00012A9269816F0D6F85DE705460023C8F8C0
:10D1B000003028461FB0BDE8F08300BF0013C00454
:10D1C0000010C00400FF40040001800408B500F016
:10D1D0006FF8064B5B7823B90C210448FFF7CEFCAF
:10D1E00008BD034813F03EFAF6E700BFD44700201D
:10D1F000D847002070B5124B1B7813B1002420468D
:10D2000070BD11F01CFF044660B90D4C0126A670DC
:10D21000251D284613F02AFA6670284613F020FAD6
:10D22000044610B1FFF7D2FFE9E72B1F02225A7024
:10D2300000F036F804460028F4D12B1F1E70DEE7FC
:10D24000D447002038B504460D4600F100420532AF
:10D25000042A09D82C21114B01FB02339A6882421F
:10D2600015D12B60002038BD012113F09BFC88B143
:10D2700000231A46042A08D82C21084B01FB02334C
:10D280009968A14201D00132F4E7042AE9D96FF08C
:10D290008B00E8E76FF08700E5E700BFE04700207C
:10D2A000024B012283F8DC2000207047E047002079
:10D2B00038B500250BE02C23084C03FB0544042162
:10D2C000204613F084FC204613F043FB0135042D67
:10D2D000F1D9024B002283F8DC2038BDE047002062
:10D2E00070B504460D46204B93F8DC30002B34D04B
:10D2F0000026324600E00132042A0FD82C211A4BB6
:10D3000001FB023393F8201049B1002EF3D11879B4
:10D310000028F0D00229EED11E46ECE7002363B1CD
:10D32000114A9A1A9210114901FB02F202F10042CD
:10D33000053A22602B60002070BD4EB104213046BA
:10D3400013F045FC0028F7D1304613F002FB3346BA
:10D35000002BE5D16FF08C0001E06FF08800002316
:10D360002B602360E8E700BFE0470020A38B2EBAC4
:10D37000F0B583B000230B60294B93F8DC30002B11
:10D380004AD005460C461746FFF75CFF064668B9CB
:10D390003FB1012F0DD10521206813F018FC06467E
:10D3A00007E0206813F077FC064602E010F18C0FCE
:10D3B00002D0304603B0F0BD214601A8FFF790FF30
:10D3C00006460028F5D123689D60236801225A6033
:10D3D000206813F03FFC064660B10421206813F07A
:10D3E000F6FB206813F0B5FA16F18C0FE1D16FF05F
:10D3F0008706DEE720680C3013F0C5FB3FB1012F34
:10D40000D7D10521206813F0E2FB0646D1E720685A
:10D4100013F041FC0646CCE76FF08806C9E700BF71
:10D42000E047002008B50822034916F030F800B99B
:10D4300008BD6FF09800FBE7246B020010B586462C
:10D440008C460D4C03CC18605960002199605168DE
:10D45000D9601188198251885982D168596111693E
:10D4600099615269DA61C3F820C06246714603F1DE
:10D47000240015F06FFF10BD246B02002DE9F04F62
:10D4800091B0804617460F938946002900F04483E7
:10D4900000260F9B1878002800F04183252809D02A
:10D4A000741C3B4632464946C0470F9B01330F93DD
:10D4B0002646EEE701330F9300251FE045F00105F6
:10D4C00001320F92012318E045F0020501320F925C
:10D4D000012312E045F0040501320F9201230CE014
:10D4E00045F0080501320F92012306E045F01005D2
:10D4F00001320F92012300E000234BB30F9A1378FF
:10D50000203B102BF8D801A151F823F0E1D4000002
:10D51000F9D40000F9D40000EDD40000F9D40000E3
:10D52000F9D40000F9D40000F9D40000F9D40000C7
:10D53000F9D40000F9D40000D5D40000F9D40000DB
:10D54000C9D40000F9D40000F9D40000BDD4000013
:10D550000B930F9B1A78A2F13003DBB2092B18D979
:10D560002A2A1BD0DDF82CB00F9B1A782E2A25D042
:10D570000F9A1378683B122B5CD8DFE803F0495B05
:10D58000AA5B3B5B5B5B5B5B5B5B575B5B5B5B5BC0
:10D59000AF000FA813F023FD8346E5E71A9B1A1D81
:10D5A0001A921B68002B04DB9B460F9B01330F93E1
:10D5B000DAE745F00205C3F1000BF6E745F48065B4
:10D5C0005A1C0F925A78A2F13003DBB2092B0CD906
:10D5D0002A2ACDD11A9B1A1D1A921C6824EAE473D8
:10D5E0000B930F9B01330F93C2E70FA813F0F7FCC7
:10D5F0000B90BDE745F48071531C0F9353786C2B4F
:10D6000001D00D4616E045F4407502320F9211E04C
:10D6100045F08001531C0F935378682B01D00D46C1
:10D6200008E045F0C00502320F9203E045F4807532
:10D6300001320F920F9B1878672854D8252867D39A
:10D64000A0F12503422B63D8DFE813F05B026200F0
:10D6500062006200620062006200620062006200BA
:10D6600062006200620062006200620062006200AA
:10D67000620062006200620062006200620062009A
:10D680006200620062006200620062008201620168
:10D690008201620062006200620062006200620059
:10D6A000620062006200620062006200620062006A
:10D6B00062006C0062006200620062006200620050
:10D6C0006200620062006C00A9016C0082016201CC
:10D6D000820145F4007501320F92ABE745F4807585
:10D6E00001320F92A6E7782812D8692810D3A0F14A
:10D6F0006902D2B20123934049F24102134211D18F
:10D7000013F0800F40F0E28113F4806F40F07981D4
:10D71000741C3B4632464946C0470F9B01330F936A
:10D720002646B6E6782809D062283AD06F283AD043
:10D7300058283AD025F010050A2300E01023582875
:10D7400035D0692803D0642801D025F00C0515F4E4
:10D75000806F01D025F0010569282BD0642829D0DD
:10D7600015F4007F40F0968015F4807F40F0AE8085
:10D7700015F0400F00F0BF801A9A111D1A9112780F
:10D780000595CDF810B00B990391029300230193F6
:10D7900000923B4632464946404613F00DFD064690
:10D7A00029E00223CBE70823C9E71023C7E745F0A8
:10D7B0002005C6E715F4007F21D115F4807F42D102
:10D7C00015F0400F58D01A9A111D1A91127882EA5A
:10D7D000E271A1EBE2710595CDF810B00B980390C2
:10D7E0000293D20F019200913B4632464946404691
:10D7F00013F0E2FC06460F9B01330F9349E61A9A99
:10D80000073222F0070202F108011A9151681268EA
:10D810000846002913DB0895CDF81CB00B9C069434
:10D82000049300230593C90F0291009201903B4697
:10D8300032464946404613F009FD0646DBE75242B0
:10D8400061EB4100E7E71A9A111D1A91126882EA0A
:10D85000E271A1EBE2710595CDF810B00B98039041
:10D860000293D20F019200913B4632464946404610
:10D8700013F0A2FC0646BEE715F0800F05D01A9AF9
:10D88000111D1A91B2F90020A1E71A9A111D1A91DF
:10D8900012689CE71A9A073222F0070202F1080187
:10D8A0001A910895CDF81CB00B99069100210493AC
:10D8B00005910291D2E90023CDE900233B4632468F
:10D8C0004946404613F0C2FC064694E71A9A111DD9
:10D8D0001A910595CDF810B00B990391029300238E
:10D8E0000193136800933B4632464946404613F085
:10D8F00063FC06467FE715F0800F04D01A9A111DCD
:10D900001A9112883CE71A9A111D1A91126837E78A
:10D9100046281AD01A9B073323F0070303F10802A5
:10D920001A920495CDF80CB00B9A0292D3E9002319
:10D93000CDE900233B46324649464046F2F738FEE1
:10D9400006460F9B01330F93A3E545F02005E1E761
:10D95000672801D0472801D145F40065452801D04A
:10D96000472801D145F020051A9B073323F0070310
:10D9700003F108021A920495CDF80CB00B9A0292AA
:10D98000D3E90023CDE900233B46324649464046D1
:10D99000F2F716FC06460F9B01330F9379E515F05D
:10D9A00002051DD001241A98031D1A9306F1010ADD
:10D9B0003B46324649460078C047A5B90F9B013324
:10D9C0000F93564665E502F1010A3B464946202081
:10D9D000C047234652465C1C9B45F4D81646E2E7F6
:10D9E00001233246F7E7524606E0561C3B464946BD
:10D9F0002020C0472C463246651CA345F5D89246E8
:10DA0000DCE71A9B1A1D1A92D3F800A00B9BFBB9F6
:10DA10004FF0FF32534601E001330A46197811B145
:10DA2000511E002AF8D1A3EB0A0315F480620C9270
:10DA300003D00B9A934228BF134615F0020409D075
:10DA40000D94CDF838B00B9D32460C9E9B461FE0DE
:10DA50000B9ADFE73246264606E0541C3B46494611
:10DA60002020C0472B4622465D1C9B45F5D83446F6
:10DA70002B460D94CDF838B00B9D0C9E9B4607E0CD
:10DA80001D460AF1010A541C3B464946C04722463E
:10DA90009AF8000020B1002EF3D06B1E002DEFD1BC
:10DAA0000D9C16465B46DDF838B054B90F9B013328
:10DAB0000F93EEE4551C3B4649462020C0472346C1
:10DAC0002A465C1C9B45F5D81646EFE745F0210534
:10DAD0001A9B1A1D1A921B680595082204920B9A2C
:10DAE0000392102202920022019200933B4632469A
:10DAF0004946404613F060FB06460F9B01330F93E7
:10DB0000C7E4741C3B46324649462520C0470F9B5C
:10DB100001330F932646BCE4DFF81C80B8E4BE4214
:10DB200008D37A1E3B4649460020C047304611B014
:10DB3000BDE8F08F3246F5E7CF0F02000FB400B515
:10DB400085B006AA52F8043B039200924FF0FF32D0
:10DB500002A90448FFF792FC05B05DF804EB04B09D
:10DB6000704700BF0F13020000B585B00346009157
:10DB70004FF0FF3203A90348FFF780FC05B05DF8C2
:10DB800004FB00BF0F13020000B585B002900391A3
:10DB9000009313464FF0FF3202A90348FFF76EFCD3
:10DBA00005B05DF804FB00BFD10F020010B58AB0CC
:10DBB00004462422002101A815F093FC01A9204667
:10DBC00012F024FFBDF80430B3F5105F10D1BDF89A
:10DBD0000630802B0CD1049B13F4407F08D0031E29
:10DBE00018BF012358002BB9034B1C600AB010BDAD
:10DBF000BD20FBE70220F9E7C0480020014B0020D0
:10DC000018607047C0480020014B1868704700BF7B
:10DC1000C0480020014B1868704700BFC048002072
:10DC20000B4B0C4A1B8830B51488014600209C42DF
:10DC300000D230BDDA0803F007058A5C2A41D2071A
:10DC400048BF421C03F1010348BF90B29BB2EEE70C
:10DC5000504F00209E21002038B50A4D2888F3F748
:10DC60006BFB08B9002038BD074C2088F3F764FB34
:10DC70000028F7D02888238898422CBF0020012054
:10DC8000F1E700BF504F00209E21002010B50C4A44
:10DC90000C4C002313700C4A23804FF6FF7104F1E3
:10DCA0000C00638023716371A371A36011805180A4
:10DCB000FDF7BEFB04F12C00BDE81040FDF7B8BB3A
:10DCC00050490020C4480020A4210020194B002204
:10DCD00010B504461A7081B91748F3F701F805F03A
:10DCE00013F901F0BFFF40B1144B1B78042B01D096
:10DCF000072B02D1012005F0A4F8002C104B0CBF1B
:10DD0000032200221A719A79D10707D522F0010265
:10DD10009A712046BDE8104012F081BB9B682046F6
:10DD200098472CB1204612F000FBBDE81040ADE74B
:10DD300010BD00BF50490020104900203649002086
:10DD4000C44800203C4B3D4A1B881288B3EB420F6D
:10DD50002DE9F04106DC3A493A4840F2FF12FFF75C
:10DD6000EDFEFEE7384C394B61881B88384E236640
:10DD7000002938D133880833C3F3C707384602F087
:10DD800005FF608002F0D8FD3A46FF21054615F0F8
:10DD9000A8FB2846FFF744FF0021A4F8640002F026
:10DDA000F5FE208002F0C8FD2A4B1B880022318836
:10DDB00099421DD22088284E02F0BEFD0021D4F8E1
:10DDC00060E0451E0A4643F23907B4F864308846DD
:10DDD00003F1FF3CE04501F1010118DB0AB1C4F891
:10DDE00060E0BDE8F081084602F0A6FD0546D0E7F8
:10DDF000D90803F00707695C3941C90744BF835458
:10DE0000013203F1010348BF92B29BB2CFE7A3EB0B
:10DE100008035A1EBEFBF2F302FB13E30B449BB252
:10DE200006FB0E7CC25C15F801EF00F803E02A70D7
:10DE30002CF0004E0122C8E79C2100209A210020EE
:10DE4000986B0200BC6B0200C4480020524F0020B7
:10DE50009E210020504F00206D4EC64110B5084C49
:10DE6000A379024613F0040008D1064B198805F087
:10DE700006FC18B9A37943F00403A37110BD00BFD9
:10DE8000C4480020524F002010B5264C2379022BA5
:10DE900006D02549254840F24322FFF74FFEFEE712
:10DEA00094F8663094F8672083B9B4F86430013B85
:10DEB00084F86630531C84F8673094F86730052B7B
:10DEC00008D900213320BDE81040FFE6013B84F86B
:10DED0006630F2E7208830B91349144840F25522E1
:10DEE000FFF72CFEFEE702F043FDB4F864308342F6
:10DEF00006D00D490D4840F25622FFF71FFEFEE7FF
:10DF0000208802F019FD94F86630C05C05F004F832
:10DF1000074B00225988188805F074FB08B10021CE
:10DF2000D1E710BDC4480020986B0200BC6B020012
:10DF3000A4210020F0B51D4C2379013B012B87B0B3
:10DF4000054606D91A491B484FF41B72FFF7F6FD28
:10DF5000FEE728B10121084607B0BDE8F040B5E66C
:10DF600004F14C0004F14C07F2F7D8FE0FCF01AEDC
:10DF70000FC63B68336028468DF805508DF80C506D
:10DF800004F05FFF01A8F2F7ABFE2379022B07D163
:10DF900084F8665084F86750FFF776FF07B0F0BD4D
:10DFA000A37943F00803A371F8E700BFC448002039
:10DFB000986B0200BC6B020030B585B00446084681
:10DFC00003A91546FDF72EFB38B9CDE9000003463D
:10DFD00003992A46204612F031F805B030BD174BA0
:10DFE0001B8810B533B91649164840F26232FFF764
:10DFF000A5FDFEE7144C6279511E012906D910498E
:10E00000104840F26332FFF799FDFEE7012A10D174
:10E010000E4A11880E4AA1EB430104F12C00FFF7D0
:10E02000CBFF48B10649074840F26732FFF786FD4B
:10E03000FEE70323637110BD0223FBE79A21002052
:10E04000986B0200BC6B0200C44800209C21002099
:10E05000DFDF000037B5334C94F868309BB1002304
:10E06000CDE900333049314A098804F10C00FDF74D
:10E07000F7FA30B12E492F4840F22932FFF75EFD02
:10E08000FEE784F86800208802F056FC6379023BC2
:10E09000012B054606D9264926484FF44D72FFF755
:10E0A0004DFDFEE7244B198859B1244A2448FFF757
:10E0B00083FF68B31E491F484FF44E72FFF73EFDC1
:10E0C000FEE70223637194F86630B4F864200133EC
:10E0D000DBB29A4284F8663004BF002384F86630CD
:10E0E0002379052B04D094F86630E85C04F014FF23
:10E0F0002379042B0ED1A37913F0020F10D00A4B11
:10E1000010481988490803B0BDE8304001F0FDBF50
:10E110000123D7E7012B03D1A37913F0080FEDE713
:10E1200003B030BDC44800209C21002055E0000011
:10E13000986B0200BC6B02009A210020DFDF000018
:10E14000F048002050490020F8B5374C0746208899
:10E150000E4602F0F1FB054604F12C00FDF768F9CC
:10E1600004F10C00FDF764F9237984F86670052B3F
:10E1700024D0E85D04F0D0FE4FF47A73B6FBF3F5DB
:10E1800003FB1566B6F5FA7F05D3284A12886B1C87
:10E19000934218BF1D46264B1988A9421ED9491B18
:10E1A0000123244A24486371FFF706FF10B3234973
:10E1B000234840F20D32FFF7C1FCFEE7B4F86430AB
:10E1C000013BDBB20127E85C84F8693084F86A70AF
:10E1D00004F0A2FE3846FFF741FECDE7134B1B8843
:10E1E000591AA94202D9491B0223DAE7AB4213D9D3
:10E1F00003236371012384F868300C4B114A19889A
:10E200001148491BFFF7D8FE68B10C490C4840F291
:10E210001A32FFF793FCFEE70849094840F2093239
:10E22000FFF78CFCFEE7F8BDC44800209C210020CD
:10E230009A210020DFDF0000F0480020986B0200E8
:10E24000BC6B020055E00000D0480020144B2DE9C3
:10E25000F0411D880835C5F3C7050F46E1B1854279
:10E260001AD8104E0846FFF7DBFC34798046ACB96B
:10E27000A0B1738823B92146284602F087FC70803C
:10E28000708802F059FB2A46394615F063F8A6F863
:10E2900064802046BDE8F0810224FAE77024F8E7A4
:10E2A0009E210020C448002038B501F0DBFC10B9E5
:10E2B0007024204638BD0D4D2C79002CF8D1FFF785
:10E2C000CBFC0028F4D001F08FFE012808D1FFF725
:10E2D00039FD0021052308462B71FFF735FFE8E7DC
:10E2E00001F082FE0528F2D0E2E700BFC44800201A
:10E2F000F8B5184B1B78063B012B07460E4602D893
:10E3000070252846F8BD144C2579002DF8D1FFF76B
:10E31000A3FC0028F4D04FF6FF739F4218D09E4212
:10E3200016D0FFF70FFD0D4B1F805E80A37943F0E1
:10E330000103A37104F10C0002232371FDF778F8A7
:10E3400004F12C00FDF774F8054804F0ADFCD8E7A3
:10E350000225D6E736490020C4480020A421002029
:10E3600035DF000008B5044B1B791BB1FFF78EFCAD
:10E37000002008BD7020FCE7C448002080207047C2
:10E38000014B188802F0D8BAC4480020014B93F81A
:10E3900066007047C448002007B5094801A9FDF789
:10E3A00097F80198FDF794F9064B1B88181A4FF45B
:10E3B0007A73584300F5167003B05DF804FB00BF94
:10E3C000D04800209C210020024B1879003818BF4B
:10E3D00001207047C448002010B5044C204602F0CC
:10E3E000C3F8A01CBDE8104002F0BEB8C44800202D
:10E3F000064B1A79033A012A06D85A79022A03D021
:10E400009879C0F38000704701207047C44800200D
:10E4100010B52D4B2D4C00221A702379013B032B94
:10E420004AD8DFE803F01623022F01F0D9FB284B6E
:10E430001B884FF6FF72934223D0E26E1344C01A3A
:10E44000B0F1004F1DD8332011F06FFFBDE8104030
:10E450001CE4A37923F008021907A27109D402234E
:10E460002371002384F8663084F86730BDE81040DB
:10E470000AE5184B00225988188805F0C3F80028CF
:10E48000EDD110BDA3799A0712D523F00203002025
:10E49000A371FFF7E3FC104B0B481B884FF47A7213
:10E4A00053430E4A1188BDE81040591A01F02DBEA1
:10E4B00043F00203A371E4E709490A4840F243121A
:10E4C000FFF73CFBFEE700BF50490020C448002096
:10E4D00094210020A4210020982100209C210020CC
:10E4E000986B0200BC6B0200034B1B79042B01D11B
:10E4F0000120B3E4704700BFC44800200C4B1A79D8
:10E50000511E012912D818B90A48322101F0FDBD67
:10E51000012A0AD102221A719A7922F008029A710C
:10E52000002283F8662083F86720ADE4704700BFBF
:10E53000C4480020504900202DE9F0412A4F9DF8A1
:10E540001840079D1E463B79013B022B49D8274BBB
:10E550001A88824245D15B888B4242D1DFF8A08085
:10E56000F3F756FBB8F80030B34211D1204B1B88AB
:10E570004FF47A725343B7F864200544013AAB4232
:10E5800027D301F02DFB2946F8662046FFF7DCFD76
:10E590003B79013B012B08D8B8F800000021B042BC
:10E5A00014BF34200846FFF791FB124B1B78042B55
:10E5B00017D0072B15D0B8F80030B34211D10E4B4D
:10E5C0000E481B884FF47A71BDE8F041594301F0C1
:10E5D0009CBD013494FBF2F102FB1144ED1AE4B24C
:10E5E000CDE7BDE8F08100BFC4480020A421002091
:10E5F0009C21002036490020942100205049002011
:10E60000524F002070B5204CA37923F00403A3716E
:10E610002379052B36D1208802F08EF994F86950C1
:10E62000064655B1013DEDB284F86950405D04F0F5
:10E6300073FCBDE87040002010E4144A94F86A307E
:10E6400012789A420AD9013384F86A30B4F86430F7
:10E65000013BDBB284F86930C05CE8E70423237136
:10E660000B4B0C481B884FF47A7253430A4A1188AB
:10E67000591A01F04AFD94F86630F05CBDE870402C
:10E6800004F04ABC70BD00BFC4480020CC2100206B
:10E6900098210020504900209C21002038B50C4DC5
:10E6A0002B7904460BB9002038BD01F099FAEB6EC6
:10E6B000C01A084B1B884FF47A7253439842F2D326
:10E6C000AC60054801242C7104F0EEFA2046EBE71B
:10E6D000C44800209621002035DF000080207047CC
:10E6E0002DE9F04F87B083460D46104600211446B1
:10E6F0001E469DF84080BDF84490DDF848A09DF886
:10E700004C7000F029FE3A4B1A78531E012B05D9A4
:10E71000384939486A22FFF711FAFEE7374B197872
:10E72000FB070DD5884231D2354A03B2126803EB9C
:10E73000830302EB83039B7CD90603D4382022E0B9
:10E74000884223D200B200EB8000DFF8B4B083002F
:10E750000593DBF8003003EB80039A7C52071ED54B
:10E76000CDE90197CDF800A0434632462146284620
:10E7700000F038FC38B9059ADBF8003013449A7C75
:10E7800042F008029A7407B0BDE8F08F4FF6FF71AF
:10E790008C422AD0022A13D1E4B9002204E04FF6B9
:10E7A000FF72944221D01A89334621462846CDE98A
:10E7B00012A7CDE9108907B0BDE8F04F03F002B908
:10E7C000204601F053F94FF6FF7188420246EBD123
:10E7D0003720D8E78B45E0D00021584600F0BCFD3B
:10E7E000064B1B788342D8D8F2E72246DCE700BF0D
:10E7F00036490020CE6B0200BC6B0200CA2100200B
:10E80000B420002010B50E4C92B00023237001F00C
:10E8100029FA98B10B4B1B78022B0FD10DF1070190
:10E8200002A800F0D3FE9DF8071002A813F015F916
:10E83000054B19682046890201F067FC12B010BD33
:10E840004849002036490020A020002010B50D4B7B
:10E850001B78022B044613D1002012F064FD02063F
:10E8600001D5E3070CD5FEF777F96423B0FBF3F28B
:10E8700002FB1301BDE81040034889B201F045BC1A
:10E8800010BD00BF364900204849002038B50C466D
:10E8900005460021204600F05FFDFF2805D10B4909
:10E8A0000B48DE22FFF74AF9FEE745B1094B00B2FB
:10E8B0001B6800EB800003EB8003DB7C2BB9204658
:10E8C0000021BDE8384000F051BE38BDCE6B0200DB
:10E8D000BC6B0200B420002038B50D460021044670
:10E8E00000F03AFDFF2811D0094A03B2126803EB89
:10E8F000830302EB83039B7CDA0601D5EB0705D586
:10E9000020460021BDE8384000F030BE38BD00BFD1
:10E91000B42000200346FF2B70B5084605D11849E6
:10E920001848F922FFF70AF9FEE7174D2A6803EBAA
:10E93000830302EB83029C0092F91210937C00295E
:10E940001CDA590700D570B1D17C168991B113F04A
:10E95000100001D00FF014FC00F00101304613F05C
:10E960008AF808B1012070BD2B682344DA7C013A93
:10E97000DA74F7E7304600F0F9FDF3E70020F2E73C
:10E98000CE6B0200BC6B0200B420002010B5044620
:10E9900001F068F908B9702010BD204B1B785A1E91
:10E9A000012A06D81CB1237A9A1E012A13D9022003
:10E9B000F2E7063B012BEED8002CF8D0237A9A1E02
:10E9C000012AF4D8032B20880CBF21460021BDE882
:10E9D000104000F0CBBD022B0BBF20882146002148
:10E9E0004FF6FE7000F0B8FCFF280446D3D003B207
:10E9F00003EB83020A4B0B481B6803EB82039A7CF0
:10EA000062F07F029A740822DA7401F073FB00212D
:10EA10002046FFF77FFF0020BEE700BF36490020F9
:10EA2000B420002038490020014B1888704700BFEF
:10EA3000B221002010B50E4A127803460846511E36
:10EA4000012906D90B490C4840F22112FFF776F84C
:10EA5000FEE7012A094C03D100F00CFF208010BD15
:10EA60004FF6FF7222801946BDE8104012F0C2BF77
:10EA700036490020CE6B0200BC6B0200B2210020A0
:10EA800038B5084B1B78022B04460D4608D10020F0
:10EA900012F049FC020601D5EB0701D5024B1C80A0
:10EAA00038BD00BF36490020B2210020044B187841
:10EAB00028B9044B1B689B880BB1034B187870472F
:10EAC0003A500020B0200020C921002070B5937971
:10EAD0005B068EB00646144622D5908801F02CFFC6
:10EAE000A37903F00F038DF8043000230993E37832
:10EAF0008DF82030054612F060FE0921ADF828009F
:10EB0000284612F04AFD28440B9029460DF10600D4
:10EB100012F014FE01A9304611F031FC0EB070BDA8
:10EB20000D8801F04FFA8542F8D1A3798DF80430B1
:10EB3000A0882388ADF8063001F01AFFADF80A006E
:10EB4000A08801F0F9FE6388039001A93046ADF872
:10EB5000083011F002FCE1E72DE9F84F0546FFF718
:10EB6000A5FF0026DFF8A480DFF8A490074634460E
:10EB7000F3B29F4201D8FF243EE0D8F8003003EB07
:10EB8000C40221B29079400639D5908801F0D4FEB4
:10EB900095F808B0824612F0E4FB504402F040FCC5
:10EBA000C0F3812083450AD099F800300134E4B2E3
:10EBB000B4FBF3F203FB1244E4B20136D8E72B7A3C
:10EBC000022B0ED02B7A032BEED10421504612F0EB
:10EBD000E4FC08222946504414F059FC0028E3D1F3
:10EBE0000AE004215046B5F800B012F0D6FC5044BB
:10EBF00002F016FC8345E5D12046BDE8F88F33F8D6
:10EC000031202B889A42CFD1F6E700BFB0200020F8
:10EC1000C92100202DE9F047FFF748FF05460024F1
:10EC200000F0DEFF35B9214B1D70214BFF221A7019
:10EC3000BDE8F0871F4BD3F800E01F4B1A681F4B4D
:10EC4000A2EB000893F800C0274626464FF0FF319C
:10EC500023465EF82390A0EB090A524517D9C14418
:10EC6000894518D30133DBB20137B3FBFCF90CFB48
:10EC700019335FFA87F94D45DBB2EAD80EB10C4B78
:10EC80001C7061B9BDE8F047084801F033BA1C4672
:10EC900001260021E6E71C4649460126E2E78A42B2
:10ECA000C6D3BDE8F047014801F02FBA4049002023
:10ECB000CF210020A8200020A4200020C92100206E
:10ECC0002DE9F04F484B494F1A683C78DFF838A1DE
:10ECD000DFF838B102EBC40387B09E7916F0400329
:10ECE000009301BF02238DF8143032F83030ADF8B4
:10ECF0000C303F4B1D780130691EC9B2B0FBF5F3F3
:10ED000005FB1303DBB201919C4225D1002C58D1A5
:10ED1000013DECB202EBC40200239380354B3C7002
:10ED20001B78063B012B5AD9009B002B57D103A817
:10ED3000FFF712FFFF2852D10099BDF80C0000F038
:10ED40000BFB2D4B1B7883423ED82C492C484FF4AB
:10ED5000AC72FEF7F3FEFEE783BB019852F8331066
:10ED600042F8301002EBC30E02EBC00CDEF80410C8
:10ED7000CCF80410DAF8001003EB830C00EB8009E8
:10ED800001EB4C0851F81CC041F819C001EB490EC9
:10ED9000D8F804C0CEF804C0B8F80810AEF80810CF
:10EDA000DBF8001051F8236041F820600133DBB23A
:10EDB000B3FBF5F105FB1133DBB2A5E7581EC0B27A
:10EDC000CCE7013CE4B2A5E70E4B00B21B6800EBB8
:10EDD000800003EB80039A7C22F008029A7407B04B
:10EDE000BDE8F04F16E700BFB02000203A500020E9
:10EDF000C921002036490020CA210020F36B0200FF
:10EE0000BC6B0200B4200020AC200020A820002011
:10EE100038B50D461446FFF79FFEFF281AD00E4A5C
:10EE200003B2126802EBC30152F833202A604A6829
:10EE30006A600A4A03EB8303116801EB430251F84D
:10EE4000133023605368636013892381FFF738FF11
:10EE5000012038BD0020FCE7B0200020AC200020BD
:10EE600038B5074C074DFFF721FE00B938BD2268C1
:10EE700029684220FFF72AFE0020FFF721FFF2E772
:10EE8000B0200020AC200020B0F1004F9DBF024B0D
:10EE90001860002002207047A420002010B5074B06
:10EEA0001878074B1A68002304321C46D9B28842EE
:10EEB00000D810BD22F833400133F7E7C921002004
:10EEC000B020002010B5114B114C00221A70114ACD
:10EED000237812789A4206D90F4A126802EBC302CD
:10EEE00019B293882BB90D490D485A22FEF726FE18
:10EEF000FEE70C4B1B6801EB8101412003EB410154
:10EF0000FFF7E4FD2078BDE81040D9E64049002035
:10EF1000CF210020C9210020B0200020F36B020087
:10EF2000BC6B0200AC20002030B52D4B1B78063B9B
:10EF3000012B8DB0044629D8214606A812F0A8FB63
:10EF400009AA04A906A8FFF763FFC0B3BDF81450CF
:10EF5000284601F0F1FC0446284601F009FD9DF821
:10EF600016209DF8131042F00403520629D5CDE96E
:10EF70000143002300901A464FF6FF7003F0C6FDD0
:10EF8000E8B104AA09A9FFF7A1FD18E012F0E9F918
:10EF9000204402F045FA80130228CDD106212046F4
:10EFA00012F0FBFA204402F03BFA002100F0D4F901
:10EFB000FF2804D00121FFF7ADFC0028BCD00DB024
:10EFC00030BDBDF81020CDE90010CDE90243BDF8F9
:10EFD00024009DF81230114602F0F4FCD0E700BF87
:10EFE000364900202DE9F84FDFF8B8A09DF830B081
:10EFF0001E460546FFF75AFD9AF8003083428846C0
:10F00000174643D0234B244C1A6821780A9802EB08
:10F01000C109BDF82C10002201F03AFE1D4BA9F8E1
:10F0200004001A6894F8009002EBC903998879B338
:10F0300022F839809F70DE7083F806B0174B1E6887
:10F0400000F0CEFD164B46F8290020781B681BF017
:10F05000400F00EB800012D00A9903EB400012F041
:10F0600017FB23789AF800200133B3FBF2F102FB7F
:10F0700011332370FFF7CEFD0020BDE8F88F03EBBE
:10F0800040020221117223F81050EAE73920F4E718
:10F090001820F2E7B02000203A500020A8200020DD
:10F0A000AC200020C921002008B5FFF755FDFF382E
:10F0B00018BF012008BD10B5044686B003AA01A9F7
:10F0C0002046FFF7A5FE08B906B010BD01AA03A9A6
:10F0D0004220FFF7FBFCF1E7054B1B7833B9054BEA
:10F0E0001B689888B0FA80F040097047002070478C
:10F0F0003A500020B020002070B5084D084E002482
:10F100002A78E3B29A4200D870BD306800EBC300A1
:10F11000043001F029FA0134F2E700BFC9210020D0
:10F12000B02000201FB50E4B1B6800EB800203EBE4
:10F13000820304461A89D3F80A00D3F80E109B7C88
:10F14000ADF80C2023F0080301AA03C28DF80E309D
:10F1500001AA0C2321460520FCF780FE04B010BD57
:10F16000B42000202DE9FF41134F3B6800EB8002E3
:10F1700003EB82034FEA820802228DF80C209E7C6A
:10F180001B89ADF80430044601A80D46FFF793FF34
:10F190003B68434406F002069A7C22F001029A740E
:10F1A0002046FFF7BFFF1EB115B1204600F0A2FBBD
:10F1B00004B0BDE8F08100BFB420002038B50A4D8E
:10F1C0000A4B2A78186802EB82029200002114F0A0
:10F1D00088F900242B78E0B2834200D838BDFFF7CD
:10F1E000A1FF0134F6E700BFCA210020B4200020AF
:10F1F000F8B500F0F5FC194B1F78194B1C684FF45B
:10F200007A735C43174B1A6800254FF0FF31EBB25D
:10F210009F4206D84B1C1CD0BDE8F840124800F0B5
:10F2200074BF937CDE070BD55E0609D41E0607D497
:10F230001668A0EB060C644505D843F040039374B0
:10F2400001351432E3E7231A3344994228BF1946A3
:10F25000F6E7054B00221A70F8BD00BFCA21002056
:10F26000B8200020B4200020384900202DE9FF41BB
:10F27000194F1A4E00253B78ECB2A34205D8184826
:10F2800004B0BDE8F04100F035BF0C2301AA2146CF
:10F290000520FCF793FD9DF80E20D30719D5D6F86D
:10F2A0000080BDF80C1014235C4308EB040322F02B
:10F2B000080219819A7401AA03CAC3F80A00C3F8A4
:10F2C0000E1000F08DFC336848F80400234400223F
:10F2D0005A600135CFE700BFCA210020B4200020CA
:10F2E00038490020F8B51A4E1A4D326829780023A3
:10F2F00012321420DCB2A14210D800F071FC0022BE
:10F300002D7833681746FF24D6B2AE420ED3A542FD
:10F310000AD900212046FFF725FF05E000FB03F78F
:10F320000133D75DFF07E5D42046F8BD93F912C03D
:10F33000997CBCF1000F01DB490605D51968411A1B
:10F34000B94284BF0F46344601321433DCE700BFB4
:10F35000B4200020CA2100202DE9F843104B93F877
:10F360000090104B1C6880460D460A340027FEB200
:10F37000B14501D8FF2609E0237ADB070DD545B159
:10F3800008222146284614F082F830B93046BDE8FC
:10F39000F88334F8023C4345F8D001371434E6E7EB
:10F3A000CA210020B42000202DE9F041344B93F80D
:10F3B000008008F1FF33012B06460C46174603D99F
:10F3C000A8F10603012B57D8002E57D0337A9A1E86
:10F3D000012A53D8032B0CBF314600213088FFF798
:10F3E000BBFFB8F1010F054604D0FF2D09D1B620AF
:10F3F000BDE8F081404611F096FF0306F5D5FF2DDC
:10F400000CD014BBDFB11F4B2DB21B6805EB85057B
:10F4100003EB85039B7C03F03E030FE0337A022B62
:10F42000E5D100253188E8B200F0F6FA48B11CB108
:10F4300000232360636023810FB120233B700020F1
:10F44000D6E70135202DEDD1D1E72BB203EB8302B6
:10F450000C4B1B6803EB8203327A022A09BFD3F8F4
:10F460000A201B892260D3F80E2015BF23800323B6
:10F47000022362602372C5E77020B9E70220B7E774
:10F4800036490020B42000200A4608B50021FFF7C5
:10F490008BFF002818BF702008BD2DE9FF470746E5
:10F4A0004FF6FE700E461546FFF756FFFF2804463E
:10F4B00043D1FFF717FF0446294B1B78A3424DD9D0
:10F4C000DFF8A49085F00801AA10D9F800A0C1F3D4
:10F4D000C00123B202F0100242EA810203EB83036F
:10F4E00005F002054FEA83082A430AEB830342F042
:10F4F00001029A741F813268C3F80A207268C3F847
:10F500000E2000F06DFBD9F800304AF808004344A3
:10F5100000225A602046FFF705FED9F80030434428
:10F520009B7C9B0702D5204600F0E4F90D4800F0D3
:10F53000E1FD002004B0BDE8F0870B4A02238DF8FE
:10F540000C30126803B203EB830302EB830301A8C0
:10F550001B89ADF80430FFF7AEFDADE7B420E9E755
:10F56000CA21002038490020B420002008B5FFF748
:10F57000F3FE074B1B78834207D90121FFF7F2FD09
:10F58000044800F0B7FD002008BD7020FCE700BF74
:10F59000CA2100203849002008B5FFF7DDFE094BDD
:10F5A0001B7883420CD9084B00B21B6800EB80002B
:10F5B00003EB8003987C030754BFC009012008BDFA
:10F5C0000020FCE7CA210020B42000202DE9F843E8
:10F5D0000024144FDFF858800C7006460D464FF09B
:10F5E00014093B782878E2B2934208D8402816D90B
:10F5F0000D490E484FF4AF72FEF7A0FAFEE7D8F8B7
:10F60000003009FB02339A7CD20706D519893044B1
:10F6100001F00CFF2B7802332B700134E1E7BDE8D9
:10F62000F88300BFCA210020186C0200BC6B0200E6
:10F63000B420002073B50446002944D011F091FE97
:10F64000204401F0EDFE801302280CD10621204653
:10F6500011F0A3FF204401F0E3FE4FF6FF73984240
:10F6600009D000210AE011F07CFE204401F0D8FE10
:10F67000801303281DD04FF6FF706946FFF76CFE1C
:10F680001D4B1B78834234D91C4D00B200EB800027
:10F6900084002E6800F0A4FA2B68305123441848E7
:10F6A0009A7C22F040029A7402B0BDE8704000F0EB
:10F6B00021BD0621204611F070FF22182058516804
:10F6C0006B4603C3D7E711F04CFE204401F0A8FEBF
:10F6D000C0F38120022801D10421B8E711F041FED6
:10F6E000204401F09DFEC0F381200328C3D10421F2
:10F6F000E0E702B070BD00BFCA210020B4200020A6
:10F700003849002010B50C460021FFF725FE0A4BB2
:10F710001B7883420DD9094B00B21B6800EB8000B7
:10F7200003EB80035A68A24203D801345C600120D5
:10F7300010BD0020FCE700BFCA210020B42000203B
:10F74000034B1B6800EB800003EB800318897047B4
:10F75000B42000200E49096870B500EB80020D4C02
:10F7600001EB8201034600224FF6FF7514F82200D8
:10F77000FF2807D0D0B2834208D0FF2B02D00E89D9
:10F78000AE4203D00132202AF0D1FF2070BD00BF6D
:10F79000B4200020564F00202DE9F84306460F46BE
:10F7A00015469846FFF7D6FFFF28DFF8909033D133
:10F7B000002419F82430FF2B2BD00134202CF8D151
:10F7C000BDE8F88301F0D4F82844414680B201F046
:10F7D000DDF904460028F3D001F0AEF880467088C9
:10F7E00001F0AAF88146708801F0C2F84946024645
:10F7F000404613F0AFFD204601F09EF88046708829
:10F8000001F0B6F82A463946404413F0A3FD74804F
:10F81000D6E709F82460E0B28400B8F1000F04D103
:10F8200009EB040670880028CCD10022294638460E
:10F8300001F02EFA4C446080C2E700BF564F002012
:10F840000023054AFF2019460133202B10705180F8
:10F8500002F10402F8D17047564F002038B5044D2C
:10F8600000242819043400F07FFE802CF9D138BD23
:10F87000584F00204FF6FF73984213B5044618D135
:10F8800002230DF1060200210420FCF797FABDF8CF
:10F8900006304FF6FC7293420BD80133ADF80630B8
:10F8A0000DF10602022300210420FCF7D7FABDF86F
:10F8B0000640204602B010BD0B4B1B8807B52BB984
:10F8C0000A490B485C22FEF739F9FEE7013BADF827
:10F8D00006300DF10602022300210420FCF7BEFAD7
:10F8E00003B05DF804FB00BF922100203A6C0200D7
:10F8F000BC6B020010B50446FFF72CFF144A1268D7
:10F9000004EB840102EB81020346927C12F00102B7
:10F910000BD0FF280F4A13D1002312F82310FF2920
:10F920000DD00133202BF8D110BDFF28FCD0094B9E
:10F93000FF2103F8201003EB80035A80F4E7DBB2C9
:10F9400002F8234002EB830200235380ECE700BF60
:10F95000B4200020564F00202DE9F0410F46002131
:10F9600015461E46FFF7F8FCFF2813D00A4B04B2D9
:10F970001B6804EB840403EB84039B7C990709D583
:10F98000DA0601D5FB0705D5324629460123BDE835
:10F99000F04101E7BDE8F081B42000202DE9F743F4
:10F9A0000C46002106461F46FFF7D6FCFF280546F9
:10F9B0002DD0DFF8609002B2D9F8003002EB82025D
:10F9C00003EB82034FEA82089B7C99071FD5DA0676
:10F9D00001D5FB071BD52046FFF74CFF4FF6FF7301
:10F9E0009842044613D0014601A801F01FFD0023F0
:10F9F000022201A92846FFF7CFFED9F80030434480
:10FA000021469A7C3046C2F3001212F00CF803B083
:10FA1000BDE8F083B4200020F8B5134C14F8203072
:10FA2000FF2B0F4601D10020F8BD04EB8004608855
:10FA30000028F8D000F080FF00250646608800F01E
:10FA400097FFEAB2C0F34F008242ECD206EB4203CA
:10FA50000135597816F8123003EB01239BB2BB42F3
:10FA6000ECD10120E0E700BF564F002038B500215F
:10FA70000446FFF771FCFF280FD100252146E8B2AC
:10FA8000FFF7CAFF58B1094B094A13F8253012682D
:10FA900003EB830302EB83031C89204638BD013549
:10FAA000202DEBD14FF6FF74F7E700BF564F002033
:10FAB000B420002010B50FF033F8FCF789F810F0EF
:10FAC000FF0415D10B4800F0B3FB0B4B187000F08E
:10FAD00027FC00F0F1FC0EF075FCFFF7DFF9FFF7F3
:10FAE000AFFE012003F0D6F902F0FEFC04F044F86A
:10FAF000204610BD806C02003449002038B50B4D03
:10FB000001F082FCF1F7C6FC287800F076FB0FF0DC
:10FB10000BF80446F1F7BEF810B9287800F0B8FBEE
:10FB20002046BDE838400FF005B800BF344900203A
:10FB300010B50EF0E5FCE0B1F1F7B3F8044603F0C0
:10FB4000DDF9C0B944F00404A4B2F1F7A3F810B190
:10FB500044F00204A4B202F097FC10B144F008048F
:10FB6000A4B2094B1B7813B144F01004A4B2204690
:10FB700010BD0124E3E703F0C1F90228E2D0034BF2
:10FB80001B78062BE1D1DDE73E4A0020C649002064
:10FB900008B5F1F77FF830B9BDE8084003484FF0E9
:10FBA000FF3100F0F9BA002008BD00BF806C0200F0
:10FBB00013B5044608B90DF10604FFF7B9FF830732
:10FBC000208007D105484FF0FF3102B0BDE810405A
:10FBD00000F0E2BA002002B010BD00BF806C02004D
:10FBE00007B5FBF7FDFC6A46FBF7B2FD28B10549F6
:10FBF0000548D122FDF7A2FFFEE7009803B05DF8AB
:10FC000004FB00BF646C0200BC6B0200014B18785F
:10FC100003F032B9A821002008B50A4B1B782BB19C
:10FC200009490A48E122FDF789FFFEE703F066F97A
:10FC3000074B1870012003F004F9BDE80840F1F704
:10FC400049B800BFC6490020646C0200BC6B0200CA
:10FC5000A8210020024B587800F00F00704700BF29
:10FC600034490020034B587800F00F00831E58429F
:10FC700058417047344900202DE9FF4BDDF83090A2
:10FC80009DF834B004460D4690461E46FFF7EAFF45
:10FC9000002843D0224FBB78063B012B3ED91EB92A
:10FCA000022004B0BDE8F08BB9F1000FF8D00F29A5
:10FCB000F6D81BF0010F17D1BB781A4F013B012B6F
:10FCC0000BF00F0B1AD8012011F02DFB030615D5F0
:10FCD000CDE9029BCDE900862B46798822464FF676
:10FCE000FF70FEF7FDFCDCE70EF026FB0528D7D100
:10FCF0000EF046FA0028DFD13820D2E7BA88CDE9E5
:10FD0000029BCDE900864FF6FF718A4208BF22466A
:10FD100078882B46214601F055FEC2E77020C0E7E7
:10FD200034490020A821002008B50246FFF79AFFB9
:10FD300048B1064B9B78052B05D182F0010003F0FA
:10FD400080F8002008BD7020FCE700BF3449002087
:10FD50002DE9F8431E460D469046074611F033FB49
:10FD6000044611F0FEFA814611F021FB214B81443B
:10FD70009B78A4EB0904A4B2002B39D0063B012BDD
:10FD800033D8631F9BB2BFB9AA1E012A30D8B8F17D
:10FD9000000F01D0073CA3B2022D0CBF023B083B71
:10FDA0009CB236B10EF0C8FA052814BF053C093CD8
:10FDB000A4B22046BDE8F883022F0BD0032F17D141
:10FDC000AA1E012A14D8B8F1000F01D0073CA3B233
:10FDD000083B08E0AA1E012A0AD8B8F1000F01D09A
:10FDE000073CA3B2023B9BB2D6E70E3CA4B2D8E7D5
:10FDF000FF24DEE7344900202DE9F04F89B00546A5
:10FE00009DF8486006938B461746F0F7E1FFC0B1B6
:10FE10004FF400600DF052F90446002800F0A08075
:10FE2000FFF720FF002800F09D80504B9B78063B99
:10FE3000012B00F2978055B90225284609B0BDE88C
:10FE4000F08FF0F7D3FF0028E2D18020E2E7002F07
:10FE5000F2D0069B002BEFD0AB7C002BECD006F051
:10FE60000103F10707934FD416F0080804D00120CE
:10FE700011F059FA0306DFD52B7E002B55D0B5F8CB
:10FE800014A06B7E002B54D0B5F81690079BA97C6C
:10FE9000287ABAEB090218BF0122FFF759FFB842CE
:10FEA00062D3CDE9019506F00F060A350023012241
:10FEB00031462046CDE903A7009511F0BBFA092190
:10FEC000204611F06AFB06993A46204413F042FAA4
:10FED00046F04006B8F1000F2FD011F042FA054667
:10FEE000204611F049FA0544ADB24FF6FF71CDE955
:10FEF000004502965B46FF220846FFF773F8054669
:10FF000020460DF0E3F898E72B7A002B94D016F0FA
:10FF1000080804D0012011F006FA02068CD50EF074
:10FF20002FF90028A8D1382587E7114BB3F806A090
:10FF3000A7E70F4BB3F80690A8E711F012FA0546B1
:10FF4000204611F019FA0544ADB2CDE901460095FD
:10FF50004346424659464FF6FF7002F0D7FDCEE7C2
:10FF600018256AE7702568E7742566E7344900209C
:10FF7000A821002008B5FFF7DBFD10F0070F0CBF2C
:10FF80000120002008BD08B5FFF7D2FDB0FA80F0CF
:10FF9000400908BD10B5044600F0CEF9082201461C
:10FFA000204613F074FAB0FA80F0400910BD014BFE
:10FFB000187A7047A8210020014B18720020704762
:10FFC000A8210020014B5888704700BFA8210020BD
:10FFD000014B9888704700BFA8210020014BD888AA
:10FFE000704700BFA8210020014B9878704700BFE0
:10FFF0003449002000F0A0B9014B5880F1F714B942
:020000021000EC
:10000000A8210020014BD880F1F724B9A8210020B5
:10001000064B0128987004D0062806BF044B1878B8
:10002000002000F00100F1F72BB900BF3449002097
:10003000B949002008B5064B0228587006D1FEF7D2
:10004000E1FB9020BDE8084010F06FB99120F9E77E
:100050003449002010B51A4B86B05A88ADF81420E8
:10006000DA889B88ADF81630164BADF80C209B78DB
:100070008DF81230062B044605D1134B1B7813B1B3
:1000800086238DF8123002F0BAFAADF8100002F0B3
:10009000B4FA0C23ADF80E000DEB0302002103208F
:1000A000FBF7DCFE4CB12068616801AB03C3082399
:1000B00001AA00211846FBF7D1FE06B010BD00BF13
:1000C000A821002034490020B949002038B54478DF
:1000D00045680EF029FD0C2363430549CA58521B9D
:1000E000B2F1004F98BFCD50BDE838400EF022BDB0
:1000F000B047002010B50446FFF772FD04232370BB
:1001000060602046BDE81040E0E738B504460D4683
:10011000FFF766FD01232844237060602046BDE898
:100120003840D3E710B50378044663B1042B01D1FE
:10013000002010BDFFF754FD6368C21AB2F1004FF2
:10014000F6D9181AF5E74FF0FF30F2E7F8B50C468C
:1001500006461546FFF744FD01460DB1FF232B70FF
:100160002046002256F8323033B11F7887B1042F71
:10017000D4B202D175B90020F8BD5B68CF1AB7F1CF
:10018000004FF7D95B1A984202D905B12C70184676
:100190000132E7E72C70EEE70022FFF7D7BF70B51A
:1001A0000446FFF71DFD06460EF0BEFC6FF0004151
:1001B00005466068FFF7F0FF304420602846BDE840
:1001C00070400EF0B7BC70B50446FFF709FD083467
:1001D0000546042654F8080C70B1037853B1042B7B
:1001E00004D04368EB1AB3F1004F03D8067054F8FB
:1001F000043C98470834EDE770BD38B50446FFF776
:10020000EFFC0C23094D6343EA18EB58C01AB0F118
:10021000004F09D8506804EB4404FFF7D4FF05EB06
:100220008400BDE83840BAE738BD00BFB0470020C1
:1002300010B5124A124914780978A142034605D82C
:1002400010491148EC22FDF779FCFEE7611C1170A2
:100250000E4A0C2104EB440002EB800001FB042257
:10026000012153601172083353F8082C08330AB186
:100270005470F9E7FFF793FF204610BD3B50002074
:100280000C6B0200E06C0200BC6B0200B047002067
:1002900070B5174E7378054623B90EF041FC002463
:1002A000204670BD0EF049FC044630B91149124891
:1002B0004FF49272FDF742FCFEE7FFF791FC0F4B03
:1002C0000C2202FB053500222A723578D1B28D420C
:1002D000E6D91968461AB6F1004FDED91E7A002E0B
:1002E000DBD1884202F1010203F10C03EED1D4E725
:1002F0003B500020E06C0200BC6B0200B0470020C5
:10030000034B0C2202FB003301221A72704700BF1C
:10031000B0470020014B5870704700BF3B50002091
:100320000348044A008808230021FBF773BE00BF7E
:10033000986902003D500020004870473D50002061
:1003400028B1034B1B68C01A4010013080B27047BF
:100350005C49002030B1044B00F100401B680138BB
:1003600003EB4000704700BF5C4900204088C0F3A9
:100370000C000330800840000430704710B503467D
:10038000FFF7F4FF074A03EB400354684FF6FF7290
:100390009C42184604D90188914203F10203F7D028
:1003A00010BD00BF5C4900202DE9F8431E4F3B897A
:1003B00005468BB3B0F90230002B2DDBDFF87480DB
:1003C0001A49D8F8000012F0BBFF20B9184840F2D3
:1003D000CD11FCF7A1FBDFF8589000263A89B3B2A3
:1003E0009A4204D840F2CF114846FCF795FBFB68CF
:1003F000D8F80010B2B203EBC20453F8320068B967
:1004000043F83210A3880133A3802846FFF7AEFFDC
:10041000E38803EB4003E380BDE8F88312F090FF2C
:1004200001360028DAD1EDE75C490020066D0200B4
:10043000106D0200C4200020034BD3E90030C01A25
:10044000C0F34F00704700BF5C490020024A1368A8
:1004500003EB4003536070475C490020704710B5C0
:10046000084CD4E900329A4204D207484FF4807114
:10047000FCF752FBD4E90030C01A20F0010080B232
:1004800010BD00BF5C490020106D020010B5084C83
:10049000626823699A4204D906484FF48371FCF7D5
:1004A0003BFB20696368C01A20F0010080B210BDD8
:1004B0005C490020106D020008B50A4B0A491B6810
:1004C0000A4A23F001030B44116013615160FFF7E6
:1004D000DDFF642805D8BDE808400548F021FCF799
:1004E0001BBB08BD086B0200103800205C490020CF
:1004F000106D020010B5084C226823699A4204D39B
:1005000006484FF48671FCF707FB20692368C01A80
:1005100020F0010080B210BD5C490020106D020087
:10052000054B1A68824205D85B68834294BF00205D
:1005300001207047002070475C49002008B520B1B9
:10054000FFF7EEFF00F0010008BD0120FAE7014BC4
:1005500018607047C4200020014B024A1A6070479F
:10056000C4200020066D02002DE9F0411D4B1B7DCB
:10057000012B044624D10088FFF7ECFE0546D8B1D4
:10058000DFF8648004262C460EF0CEFA074620469B
:10059000FFF70AFF638843EA08036380A05BFFF765
:1005A000D9FE044638460EF0C5FA1CB1B4F9023043
:1005B000002BE9DA062E01D1BDE8F0810626E2E73C
:1005C000022BF9D10EF0B0FA02462088FFF7C2FEE6
:1005D00018B10388C3F30E032380BDE8F041104631
:1005E0000EF0A8BA5C4900200080FFFF2DE9F04F13
:1005F000AF4D95B000240646EC820EF095FA01232B
:100600002B752B8BADF80E30D5F804802C830EF0B3
:1006100091FA2A89E868D200214612F062FF0DF1B2
:100620000E00FFF7A1FF002E36D1D5F80090002470
:100630004FF0010AC14536D3002C36D1BAF1000F74
:10064000F3D02F68A4F50044B9463A46424569D331
:1006500002230DF10E002B75FFF786FF002E40F0F0
:1006600083802C6822464A4580F096809088FFF768
:1006700071FE18B10388C3F30E039380D088FFF78F
:1006800069FE18B10388C3F30E03D3801046FFF749
:1006900075FE0246E7E79847E3B2013456F8233087
:1006A000002BF8D1C1E7002C36D0013CE4B214ABEA
:1006B00003EB840353F8407CB7F902207B88002ABF
:1006C000B8DA5A04B6D4BB4643F480432BF8023F51
:1006D00006373BF8020FFFF73DFED0B1B0F902C07C
:1006E0004188BCF1000F14DB6FEA41416FEA5141D0
:1006F00041800190FFF758FE0F2C9FBF14AB03EB16
:100700008401019B41F8403C9ABF0134E4B24FF0B0
:10071000000ABB45DDD18DE74846FFF72FFE4F4667
:100720008146C9E71046FFF721FEB2F90230118871
:10073000002B824601EA040108DA3846FFF700FE82
:10074000014389B207EB4A0702EB4A0911801046C0
:10075000FFF714FE024679E79847E3B2013456F8F2
:100760002330002BF8D17CE70024F6E72046FFF782
:1007700005FE80467CB1B4F902306188002B0ADAAC
:100780002088C0F30E00FFF7E5FD844203462CD11C
:10079000C1F30D01618044464C45E7D3DFF8148175
:1007A0000EF0C2F900210646404600F074FCFFF747
:1007B000D1FD044600286FD030460EF0BBF920462C
:1007C000FFF7D4FD06463846FFF7BAFD76008146AE
:1007D00032462146384612F06AFE002249460DF1A3
:1007E0000E0000F0ECFB3744DAE71BD92046FFF798
:1007F000BDFDC1F30D014200618092B22146184651
:1008000012F055FEC7E74046FFF7B8FD4646814562
:1008100003D9B0F90230002B01DA804603E0FFF77C
:10082000ADFDF4E72646C14507D9B8F80000C0F38E
:100830000E00FFF78FFD8045E5D35EB33088C0F32F
:100840000E00FFF787FD034638B9A246B34656456A
:1008500011D8A6429FD05E46EFE73046FFF786FDEF
:100860007288C2F30D027280420092B2314618467D
:1008700012F01DFEE9E75046FFF780FDD3468145A3
:1008800003D9B0F90230002B01DA8246DFE7FFF727
:1008900075FDF4E7B346DEE7BDF80E302875304647
:1008A0002B836F600EF046F915B0BDE8F08F00BFE6
:1008B0005C4900207449002070B51A4C1423084686
:1008C000A8B02381C4F80CD0FFF790FEE26820891D
:1008D000002302EBC0001946824213D103EBC1038F
:1008E000D4E90012521A9BB222F00102934204D0C2
:1008F0000D4840F20221FCF70FF90023E360238149
:1009000028B070BD52F8085B002DE7D032F8046CB7
:1009100032F8025CA5EBC60531442B4489B29BB288
:10092000DAE700BF5C490020106D020008B5FFF750
:1009300011FDBDE8084001E610B5044608B90020E5
:1009400010BDFFF7F3FF20B9084840F2C441FCF79F
:10095000E3F82046FFF7FEFC0028F0D00388DB0B0D
:1009600014BFD0F80A000830EAE700BF106D02009B
:1009700010B508B9002010BDFFF7ECFC0446FFF7E6
:10098000DDFD20B9074840F2DE41FCF7C5F8002C38
:10099000F0D02388DB0B0ABF60882089C0F30C00ED
:1009A000E9E700BF106D02002DE9F0410546FFF7B1
:1009B000D1FC0F460446D8B1FFF7C0FD20B921484D
:1009C00040F2F141FCF7A8F82846FFF7D1FF0546B1
:1009D0002046FFF7D3FCBD42064609D004D819488B
:1009E00040F2F941FCF798F82588ED0B02D02781F9
:1009F000BDE8F08167802046FFF7B8FC074604EBAE
:100A000040080EF091F8104B5A68B2420AD1C3F870
:100A100004800EF08FF82A464046FF21BDE8F041E1
:100A200012F05FBDA6EB0806B5B20EF083F8072DF5
:100A3000F1D90023083D44F81730C8F80430A8F86D
:100A40000250D5E7106D02005C490020F8B507465A
:100A5000FFF780FC064638460D46FFF789FFA8429F
:100A6000044611D004D80F4840F22351FCF754F843
:100A700056B13388641BDB0BA4B206D0D6F80A301B
:100A800035812344C6F80A30F8BD3846FFF754FFD5
:100A90002A46011912F00BFD29463846BDE8F840F8
:100AA000FFF782BF106D020038B5FFF753FC0D460B
:100AB000044650B1FFF742FD20B9044840F23651D8
:100AC000FCF72AF8023534F8150038BD106D020025
:100AD00070B5FFF73FFC0C4616460546B0B1FFF770
:100AE0002DFD20B90D4840F24151FCF715F8304674
:100AF000FFF730FCFFF722FD20B9084840F24251D1
:100B0000FCF70AF8023425F8146070BDBDE87040A7
:100B1000024840F24651FBF7FFBF00BF106D0200D4
:100B200070B504460E4600250CB9284670BD204617
:100B3000FFF71EFF314605442046FFF7B5FFADB273
:100B40000446F1E738B50C4DC41CEB69A4086400F9
:100B500023B10A4840F25B51FBF7DEFF2A696B685C
:100B6000D31AC3F34F03A34283BFA2EB4402EA614B
:100B70000120002038BD00BF5C490020106D02003C
:100B8000014B0022DA6170475C4900202DE9F047F3
:100B9000C41CA408DFF8A8A064000434B0F5005F0A
:100BA000DAF8106081460F46A4B204D3234840F21D
:100BB0007251FBF7B1FF0DF0B7FFDAF81C30804639
:100BC0007BB9DAF80450761BC6F34F06B44224D939
:100BD000002540460DF0AEFF2846BDE8F047FFF780
:100BE000AFBB87B1DAF804505A1BC2F34F029442EC
:100BF000EED8620005EB4404CAF804408FB91344F0
:100C0000CAF81C300DE0F61AC6F34F0686B90B4839
:100C100040F28351FBF780FFDAE705EB4404CAF8A2
:100C200004400023A5F80290AB80EB802B80D0E736
:100C3000B442CDD8DAF80450DBE700BF106D0200F3
:100C40005C490020F8B506460D460A2000211746EB
:100C5000FFF79CFF0446FFF77DFB60B10388078127
:100C60006FEA43436FEA5343C0F80A600380C0F859
:100C70000E502046F8BD0446FBE708B5FFF76AFBB7
:100C800028B10388DB0B14BFD0F80E00184608BD4E
:100C900070B50E46054611463046FFF777FF04460D
:100CA00035B128B1FFF748FE3246294612F0FFFB66
:100CB000204670BD38B505460DF036FF294604467E
:100CC0000022044800F07BF92046BDE838400DF0D2
:100CD00031BF00BF7449002038B50DF025FF002159
:100CE0000546044800F0D7F9044628460DF022FFD7
:100CF000204638BD74490020024B188BB0FA80F0B2
:100D0000400970475C490020014B00221A8370475C
:100D10005C49002010B5044648B112F03BFB411C71
:100D20000022204689B2BDE81040FFF7B1BF10BDD8
:100D300008B50146FFF7F4FB28B1BDE80840A1F172
:100D40000800FFF7FDBA08BD08B5FFF703FB03462F
:100D500038B1FFF70BFB03EB4000BDE80840FFF79D
:100D6000EFBA08BD38B50246FFF7F4FA0546C0B140
:100D70000846FFF7EFFAFFF7F9FA6C88C4F30C04A2
:100D8000013424F0010404EB40041046FFF7DCFFBB
:100D90008842A4B204D0034840F28D61FBF7BCFE48
:100DA0006C8038BD106D0200F8B5FFF7D3FA0E461F
:100DB000074668B34588C5F30C056C1C4B1C24F032
:100DC000010423F00103E41AA4B2FFF7B7FBC0B19A
:100DD0008D421BD20F484FF4D561FBF79DFE082CC6
:100DE00016D9F31C9B08023307EB830000227E8098
:100DF00047F82320083C42604480BDE8F840FFF7F4
:100E00009FBA04484FF4D561FBF786FEB542E6D1A0
:100E10000020F8BD106D020037B505460068FFF7E9
:100E200087FFADF80600E8B1FFF794FAD0B1038868
:100E3000DB0B04D00C4840F2C461FBF76DFE0DF1F2
:100E40000600FFF791FBBDF80600FFF783FA0446A2
:100E5000FFF774FB20B9044840F2CA61FBF75CFE5F
:100E600008342C6003B030BD106D02002DE9F74F3F
:100E7000044600881F46FFF76DFA88461546064669
:100E8000FFF75CFB20B9404840F2DA61FBF744FE13
:100E90003388DB0B009306D033892B443381002049
:100EA00003B0BDE8F08F2088DFF8E0B0FFF760FD09
:100EB00082463046FFF762FA01900DF035FEDBF80E
:100EC0000420019B9A4281461DD1FFF7DFFA85423B
:100ED00004D948460DF02EFE1A20E1E705EB0A037F
:100EE00073803FB12088FFF727FD2A4641465044D2
:100EF00012F030FA3046FFF741FACBF804004846CA
:100F00000DF018FECBE70DF015FE2088FFF730FD41
:100F10002844009980B2FFF739FE06460028DBD04E
:100F2000FFF70AFD81462088FFF706FD82462088EC
:100F3000FFF71EFD51460246484612F00BFA3046B6
:100F4000AFB1FFF7F9FC07462088FFF711FD2A46ED
:100F50004146384412F0FEF901212088FFF7A4FD34
:100F6000012102463046FFF7B3FD268097E7FFF7E1
:100F7000E3FC80462088FFF7FBFC2A4639464044C4
:100F800012F0AFFAE8E700BF106D02005C490020E4
:100F90000021FFF7FBBDFFF7E7BAFFF7CDBCFFF776
:100FA000E7BCFFF773BA70470088B0FA80F04009D9
:100FB0007047008810B1C9B2FFF776BD70472DE9C0
:100FC000F041B0F8008006460C46D5B2B8F1000FEB
:100FD00011D029464046FFF767FD224607462946BD
:100FE0004046FFF775FD3A4629462046FFF770FD5B
:100FF0003480BDE8F0810F46F5E738B5058800225A
:101000000446FFF7DCFF05B1258038BDF8B507467B
:101010000D46008800211646FFF746FDB042044603
:1010200005D129463846BDE8F840FFF7E6BF002164
:101030002046FFF739FDB04205D020460021FFF7DA
:1010400033FD0446F3E72A4620460021FFF740FD22
:10105000324628460021BDE8F840FFF739BD034677
:1010600008461B888B4202D00021FFF71DBD0020DF
:10107000704738B5044638B10021FFF79AFF0023C6
:1010800001465D1C09B998B238BD2046FFF7E7FF5D
:101090002B460146F5E7F8B5058807467DB1CCB289
:1010A00021462846FFF700FD8542064609D1002368
:1010B0003B80002221463046FFF70AFD3546284690
:1010C000F8BD2146FFF7F0FC214602462846FFF70F
:1010D000FFFCEEE72DE9F047078882468846144674
:1010E0005FB33846FFF744FC3D460646E4B221466E
:1010F0002846FFF7D9FC4045814616D12146FFF727
:10110000D3FC214602462846FFF7E2FC474504D1BE
:10111000454508BF0025AAF8005000222146404658
:10112000FFF7D6FC3046BDE8F0878742FAD0FFF7DC
:101130001FFC304486B24D46D9E73E46F2E72DE922
:10114000F84307460E4690460C46BCB13B88B3B107
:1011500041463846FFF72DFF8146FFF709FC8442E0
:10116000054606D341463846641BFFF794FFA4B2F8
:10117000EBE7051BA9B24846FFF768FC0024301BCB
:1011800080B2BDE8F8832DE9F843B0F80090174627
:101190000D4649B3B9F1000F05D1144B144AF9219A
:1011A00014480CF035F84E465FFA83F84146304655
:1011B000FFF77AFC0646FFF7DBFBA84228BF28466C
:1011C00084B23046FFF7B8FB224601463846274432
:1011D0002C1BA5B212F06BF935B1B145E6D1064B27
:1011E000034A4FF48371DBE7BDE8F8835D6D0200CD
:1011F000C66D0200716D0200B96D020070B50688FF
:10120000054696B970BD20460121FFF74DFC044606
:1012100001212046FFF748FC0028F4D13246012185
:101220002046FFF755FC2C80ECE73446F0E770B51C
:101230000688044656B101213046FFF735FC0022EE
:10124000054601213046FFF743FC258070BD2DE99E
:10125000F84F89460021074692469846FFF7A9FEB7
:10126000002604460CB9254622E02046FFF764FB21
:1012700005462046FFF77CFB05EB000B5D450AD3D6
:1012800021463846FFF7EBFE0446EBE77B88013644
:101290001D44B6B2F2E7BB88B342F1D951462846A5
:1012A000C8470028F2D0B8F1000F01D0A8F80060BC
:1012B0002846BDE8F88F2DE9F84F89460021804681
:1012C0009246FFF776FE00260446374614B93046AC
:1012D000BDE8F88F2046FFF72FFB05462046FFF7B5
:1012E00047FB05EB000B5D4505D321464046FFF764
:1012F000B6FE0446EAE7B8F80430BB42F5D95146D9
:101300002846C84708B10136B6B2B8F802300137EE
:101310001D44BFB2E7E7F8B583888B4206460F4607
:1013200001D80020F8BD0021FFF743FE748814FBAC
:1013300007F40546A4B2002DF3D02846FFF718FBAA
:10134000844204D22846FFF7F7FA2044EAE7241A39
:1013500029463046FFF783FEA4B20546EBE72DE9A8
:10136000F0410F4600210646FFF723FE4FF000082C
:10137000054615B94FF6FF7011E02846FFF7DCFA75
:1013800004462846FFF7F4FABC420AD823189F42C5
:1013900007D2381B73884044B0FBF3F080B2BDE83D
:1013A000F081404429461FFA80F83046FFF757FE87
:1013B0000546DEE7F8B5C68804460D4646B1818885
:1013C000013E4B1C8380C680BDE8F840FFF7A3BFF9
:1013D000408810FB01F080B23146FFF7D7FB07468B
:1013E00070B1324601462046FFF7E9FDA388013D72
:1013F0000133A380E5803846BDE8F840FFF79CBA8A
:10140000F8BD00BF7047704708B5FFF7FBFF034802
:10141000FFF7ECF8FFF7F7FF08BD00BFF86D02001B
:1014200000887047008840BA80B270470170090A8E
:10143000417070470B0A03704170704710B500246B
:10144000E3B210B9C3F10303DBB20134042CCA5474
:101450004FEA1222F4D110BD10B50B784C788A787F
:10146000C97828B91046224604460846194603465C
:1014700042EA012043EA042343EA004010BD01444C
:10148000884201D10120704710F8013B9342F7D008
:1014900000207047013A0A44013801398A4200D1DC
:1014A000704712F8013900F8013FF7E708B588B135
:1014B0000023C25C4AB10133B3F5803FF9D106493C
:1014C00006486722FCF73AFBFEE798B24FF6FF7337
:1014D0009842F4D008BD00BF206E0200BC6B020031
:1014E00010F8013B11F8012B13B9524250B270476A
:1014F0009342F5D0981A40B270478B42F0B528BF9E
:101500000B4604460020C11D99421546264602DBC3
:1015100098420BD3F0BD377829788F4204F101044B
:1015200002F10102F4D1083080B2ECE73278297878
:101530004A40D243D2B280242242EBD0013080B262
:1015400083424FEA5404F7D1E4E7F8B5C2F3C70485
:1015500002F00707224605460E4611F0A8FF47B1E4
:10156000325D295DFF233B4122EA03020B40134316
:101570002B55F8BD38B50A4C2378013B2370FEF794
:1015800027FD05460CF0FCFD0146284610F07DFACB
:1015900028B1201DC821BDE83840FEF7B6BD38BDD2
:1015A0007C4900201FB50C2301AA00210320FAF773
:1015B00005FCBDF80C004FF6FF7398423BD0FEF7D8
:1015C0001BFDBDF804001D4CFEF71CFD1C4BBDF8B7
:1015D0000E20BDF808001A8001F09EFCBDF906003F
:1015E00001F0E7FC9DF80A00164AC30900F00F005D
:1015F0001370FEF70DFD0CF0DBFDFDF737FE2078D4
:10160000042816D0C21F5042504101F01AFC02209B
:10161000FEF710FD2078012808D10FF084FE0306A4
:1016200004D500214FF6FF7010F00DFA002004B031
:1016300010BD0120E9E79320F9E700BF36490020FB
:10164000AC210020B94900201FB5002101AA0C23BC
:101650004FF0FF340320CDE901440394FAF7FEFB79
:10166000002000F0F8FA0020FEF7D2FC4FF6FE70E2
:10167000FEF7C2FC4FF6FF70FEF7C4FC044B0120DE
:101680001C8001F0DEFB0020FEF7D4FC04B010BD8E
:10169000AC21002008B5FEF7E5FA58B1064B1B78DF
:1016A000023B022B06D8054B08221A70FFF762FF97
:1016B000002008BD7020FCE7364900207C4900204E
:1016C0002DE9F04186B01C468846174606460FF0C5
:1016D00048FE2044FFF7A4FE05460FF042FE2044DA
:1016E000FFF79EFEC5F3C005C0F3401045EA400574
:1016F00020468DF8045010F060F8042805D82949D8
:1017000029488F22FCF71AFAFEE7092120460FF03C
:1017100044FF235CDB0706D52146304610F04AF92A
:1017200006B0BDE8F0810B2120460FF036FF2044C3
:10173000FFF776FE0546FEF745FC8542F0D10A210B
:1017400020460FF02AFF2044FFF76AFE0921ADF87A
:10175000060020460FF021FF235C20461B118DF868
:10176000083010F02AF805380C21ADF80A002046A0
:101770000FF013FF044403948DF809808DF8107066
:10178000FEF72EFA0446F0F765FA4FF47A7300F587
:10179000FA7001A9B0FBF3F0241A304605940EF05C
:1017A000DCFDBDE7476E0200BC6B02002DE9F04F87
:1017B00006218BB004460FF0F0FE2044FFF730FE08
:1017C00080460FF0CEFD2044FFF72AFE05460FF0BD
:1017D000C8FD2044FFF724FE8346204610F097F909
:1017E000002870D00B2120460FF0D7FE2044FFF7D1
:1017F00017FE0A21814620460FF0CFFE2044FFF756
:101800000FFE594F0646092120460FF0C6FE3B78D1
:1018100014F800A0013B012B4AD9092120460FF002
:10182000BCFE235CCBF3401BC5F3C005DA0745EAD9
:101830004B054BD4204610F072F9002843D0FEF738
:10184000C1FBB0424FEA1A1A49D1FEF7C1FB40452D
:1018500070D120468DF81450ADF816908DF818A070
:101860000FF0ABFF05380C21ADF81A0020460FF041
:1018700094FE20440790F0F71FFA8DF81900F0F756
:1018800037FA8DF82400FEF7ABF90446F0F7C0F9FB
:101890004FF47A73012100F5FA70B0FBF3F0241ACB
:1018A0001020089402F070F905A80EF060FD0AE01F
:1018B00000214046FDF750FDFF28AED00021FDF786
:1018C00029F80028A9D00BB0BDE8F08F2B4632468E
:1018D000494620460BB0BDE8F04F10F007B84FF670
:1018E000FF739E42B1D03B78052B04D1304600F007
:1018F00003FE0028A9D13B78013B012B17D82046D5
:101900000FF05BFF0C21074620460FF046FE053F17
:1019100004440023BFB200930395029401975346F9
:10192000324649464046FCF7DBFE0028CBD0012179
:10193000122013E03B78052B8BD0013B012B0BD8F9
:1019400001200FF0F0FC030683D500214046FDF78F
:1019500003FDFF287FF47DAF012111200BB0BDE80E
:10196000F04F02F011B900BF3649002038B50A4BDC
:101970001B78023B022B05460C460CD8FEF728FBD1
:10198000A84208D10CF0FCFB08B1E30703D5BDE881
:101990003840FFF759BE38BD36490020034B0022BE
:1019A0001A711B7803B1E5E5FFF74EBE7C490020B4
:1019B00018B1034B1B7803B1DCE5FFF745BE00BF50
:1019C0007C4900202DE9F04387B089469DF844709A
:1019D000BDF83C600221804614461D46002207F0F7
:1019E00001030846FEF7B4F9B0421ED32A46434627
:1019F000012104A8CDF800900FF0BCFD0C4B10990C
:101A00001B780297063B012B98BF0022CDE90061AD
:101A100098BF13469DF8381084BF052204AB2046BA
:101A200001F074F807B0BDE8F0837420FAE700BF56
:101A30003649002010B50446FCF7C6FC28B1B4F9BD
:101A40000200BDE8104001F0B4BAA088EFF780FCB6
:101A50000028F4D010BDF7B51D46184B089C0F4662
:101A6000164600221A701A72FEF7D2FA3846FEF7AE
:101A7000C3FA3046FEF7C6FA114B1D8024B94FF069
:101A8000FF33CDE900336C462046FEF7E3FAFDF75D
:101A900013FFFDF793FB0CF05FFB0A4B187804284B
:101AA00009D0C31F5842584101F0CBF90220FEF77C
:101AB000C1FA03B0F0BD0120F6E700BF884900205D
:101AC000AC2100203649002010B50A4A00231370CB
:101AD00082F828301372084A04464FF6FF701370DC
:101AE000FEF790FA012001F0ACF92046BDE8104065
:101AF0000EF01BBC88490020354900202DE9F84F25
:101B000006468A4601464FF6FE7099461746DDF8AE
:101B100028B01E4CFDF720FC8046608DFEF728FFA4
:101B200084F824A03368E36173682362184B1B7840
:101B3000063B012B054604F11C0A04D8042384F853
:101B40002830BDE8F88F60B1484501D90723F6E792
:101B5000608DFEF7F1FE2A46594611F098FC0028E8
:101B6000F4D1B8F1FF0F0ED1FDF7BCFBFF2801D176
:101B70000623E4E7032384F8283039465046BDE8BD
:101B8000F84FFCF757BF0523D9E700BF884900206D
:101B90003649002037B5114B114A1B781278134390
:101BA000054615D101200FF0BEFB030612D59DB1ED
:101BB0002846FFF73FFF044638B9009001462A88BF
:101BC0004FF6FF730120FFF746FF204603B030BDFC
:101BD0007024FAE7B524F8E70224F6E73549002037
:101BE0003E4A00202DE9F3411746174A1278831F19
:101BF00005460E46DBB222B17024204602B0BDE895
:101C0000F081012B0BD90528F6D14FF6FE739942CE
:101C1000F2D04FF6FF78464506D10224EDE7FCF7F7
:101C2000D3FB0028F5D0E7E7002FF6D03846FFF7C2
:101C300001FF04460028E0D100903A88434631462F
:101C40002846FFF708FFD8E7354900200246002163
:101C50000620FFF7C7BF08B5104B00221A70104AC4
:101C60001278022A18D10F4A1278511E012902D97E
:101C7000063A012A10D818B983F82C00002008BDB4
:101C80000121FF2883F82C10F8D001EB8001090214
:101C90000248FEF73AFAF1E77020F0E788490020A1
:101CA000354900203649002038B505460C4679B143
:101CB00010280DD80021FEF769FF074AD08548B1EA
:101CC000FEF73AFE2A46214611F044FB002038BDBB
:101CD0000220FCE71820FAE78849002038B50546BD
:101CE0000C4679B132280DD80021FEF74FFF074A84
:101CF000508548B1FEF720FE2A46214611F02AFB06
:101D0000002038BD0220FCE71820FAE788490020AF
:101D1000014B0020588570478849002008B501F024
:101D2000CBFD18B9024B022283F8302008BD00BF5A
:101D30008849002008B5084A1278062A09D1074ABE
:101D400082F83100EFF79CFA0020FEF783F90020BB
:101D500008BD7020FCE700BF3649002088490020FC
:101D60001FB5194C0023237294F82830012B21D180
:101D700003238DF80C30FEF73DF9024600685168E8
:101D8000628B01AB03C304F1100101A801F006FC52
:101D9000EFF716FB4FF4F04358434FF47A71B0FB62
:101DA000F1F104F10800FEF7B0F9022384F82830BD
:101DB00004B010BD054B1B78012BF9D1962004B05F
:101DC000BDE8104080E600BF88490020354900206A
:101DD0000020FFF740BF2DE9F341504C94F83050FC
:101DE000FDF740FF30B14E4B187804280ED0C21FCB
:101DF0005042504101F025F894F8303043B9494938
:101E0000494840F28912FBF799FEFEE70120F1E70D
:101E1000002315F0020584F8303004D002B0BDE88C
:101E2000F0410EF0E8BA237E002B71D03C4EE38CDB
:101E3000317884F824508A1F012A0BD84FF6FE729D
:101E40009B1A18BF012307294FEAC3134ED184F808
:101E5000243009E04FF6FF704A1E8342D2B23FD0D1
:101E6000012A41D9042945D100200FF05CFA03066C
:101E700048BF94F82430608B44BF43F0400384F89B
:101E80002430FEF7BFF83378063B012B37D9608D3D
:101E9000FEF76EFD10B194F8293023B9E28C4FF6AD
:101EA000FD739A422BD894F82900668B94F824701D
:101EB000B4F8268048B1608DFEF75AFDC5B294F89B
:101EC000290010B1608DFEF737FDCDE90050434683
:101ED00016483A46314601F0C3FA02B0BDE8F08137
:101EE000802384F82430BBE794F8243043F00203C5
:101EF00084F8243094F8243043F00803A7E794F8DA
:101F00002420618B094802B0BDE8F04101F070BAAD
:101F1000AB2002B0BDE8F041D6E500BF8849002003
:101F200036490020656E0200BC6B02009849002013
:101F30002DE9F843DFF8E4801646364A98F8003079
:101F40001278134305460F4603D070242046BDE89F
:101F5000F883841FE4B2FCF737FA58B1022DF4D0AD
:101F6000012CF2D926B1AB1E052B01D8052D4CD181
:101F70000224EBE7002EFBD0AB1E052BF8D8052D75
:101F8000F6D0012C0CD94FF6FE739F42F0D0022DF3
:101F90000AD101200FF0C7F9030605D4B524D5E70F
:101FA0004FF6FD739F42E3D93046FFF743FD0446E9
:101FB0000028CBD100F045FFEFF7B6FE18BB4FF07D
:101FC00001092846144D88F80090FEF721F833885F
:101FD0006B832C76EF8485F83090FCF7F5F928B107
:101FE00002232B762C82FFF7F6FEAFE7B08801F0D4
:101FF00063FC06460028A9D0922085F83040FFF700
:1020000063FD3446A2E78E24A0E74FF6FE739F429D
:10201000AED0C9E73E4A002088490020354900205B
:102020000A464FF6FF71FFF783BF2DE9F04F0921F4
:102030008BB004460FF0B1FA04EB000920460FF014
:10204000BCFB0521054620460FF0A7FA2044FFF708
:10205000E7F980464846FFF7E3F90DF11B01074613
:1020600020460FF0E4FB064648B3214607A80FF0D0
:102070000FFB354B1B78A3F1060B5FFA8BFBBBF113
:10208000010F0FFA87FA1DD8304A92F830209107D5
:102090002FD59DF81B4000231E44EFF70DFE9DF841
:1020A0001B30CDF80490ED1AEDB20246CDE90246A0
:1020B00000954FEADA7307A940460EF072F90BB0AB
:1020C000BDE8F08F9DF81B4005930D2CF7D92048F3
:1020D0000E22314611F0DBF90028F0D11B4A059B96
:1020E00092F8302012F0020F03D00E3CE4B20E231F
:1020F000D2E7D207E3D5174A1278012ADFD1134A73
:10210000518B4145DBD1BAF1000FD8DA9DF824108C
:10211000022902D1BDF81C1029B1033B012B0ED8B6
:10212000137E002BCBD107AB03CB0B4C1B8810616C
:10213000C7F340376160238182F82970BFE7BBF1A4
:10214000010FF0D9BBE700BF3649002088490020C5
:10215000876E0200354900209849002070B50C4E6A
:102160000C4CF08D002386F834300B4B1B78063B6B
:10217000012B98BF0024FEF7DFFB0546F08DFEF72C
:10218000F7FB2946C2B22046BDE8704001F086B890
:1021900088490020876E02003649002010B5FDF7FF
:1021A00061FDF8B1104B1B785A1E012A02D9063B7B
:1021B000012B17D8FDF706FF4FF6FF73984211D099
:1021C0000A4C94F834306BB9FAF7C6FC3223B0FBF2
:1021D000F3F202FB130189B204F13400BDE81040B0
:1021E000FDF793BF10BD00BF36490020884900208D
:1021F00037B50D4B1B785A1E012A04460D4602D9ED
:10220000063B012B0ED8FDF72DFD58B1074B93F877
:102210002C303BB1002300934FF6FF722946204635
:10222000FFF76CFC03B030BD364900208849002020
:102230002DE9F0471E46124B9DF820701B78BDF823
:102240002480DDF82890013B012B0446154615D863
:10225000FDF708FD90B10B4B93F82C3043B1CDF84E
:1022600020904346324629462046BDE8F04745E4E3
:102270000BF086FF0028F2D0002FF0D1BDE8F087E8
:10228000364900208849002008B590B90B4B1B78CF
:10229000063B012B07D80A48FDF72CFF094B01220A
:1022A00083F8282008BD06484FF4FA71FDF72DFF8A
:1022B000F4E7BDE80840962006E400BF3649002058
:1022C0009049002088490020FFF7DEBF73B5124B0C
:1022D0001B78012B06460C460CD1B1B90F4DFDF70A
:1022E00083FE297E6A8B022906D12B8A009431460F
:1022F000FFF7B1FB02B070BD032905F110054FF6E1
:10230000FE730CBF2C460024F0E7952002B0BDE818
:102310007040FFF7D9BB00BF354900208849002035
:1023200008B5074B014693F8280038B1082203F19D
:102330001C0011F0ACF8B0FA80F0400908BD00BFF5
:10234000884900202DE9F34104460FF00AF82044A3
:10235000FFF766F88013032804D00027384602B040
:10236000BDE8F081062120460FF017F92218205809
:1023700051686B4603C36846FFF7D2FF0746002843
:10238000EBD03C4E96F82830072B4DD0032B20D1B4
:10239000FCF74AFB4FF6FF739842044644D096F888
:1023A000242006F11C01FDF778F8051E18BF012551
:1023B000314B96F824201B789107A3F10603DBB27A
:1023C0003CD5012B88BF4FF0020898BF4FF006089C
:1023D0003CE0042B0CD196F92430002B28DA4FF680
:1023E000FD75FAF7B9FBA8420446FAD80025DFE7E5
:1023F000052B21D169464FF6FE70FCF7ADFFFF2893
:1024000012D0FDF79DF996F8242006F11C01044630
:10241000FDF743F805460028CAD01849184840F28D
:10242000DB22FBF78BFBFEE702254FF6FF74BFE7CD
:1024300000254FF6FE74BBE70125F6E7120713D41B
:10244000022B34BF4FF007084FF004080D482A460E
:10245000214601F05BF81DB9214640460DF06DFFA5
:10246000002386F8283079E7012B88BF4FF0030856
:10247000ABE700BF8849002036490020656E0200A6
:10248000BC6B0200A4490020024B1878431E58423E
:10249000584170473549002010B5054C04F12E0015
:1024A000FEF762F804F12A00BDE81040FEF75CB8C0
:1024B00088490020012908B508D8054A22F81100EA
:1024C0000131C9B2EEF742FC002008BD0220FCE752
:1024D000D64F002001289ABF024B33F810004FF668
:1024E000FF707047D64F0020024B4FF6FF721A80E4
:1024F0005A807047D64F0020054B1A88824204D07C
:102500005B881B1A5842584170470120704700BF32
:10251000D64F00200148FDF7EDBD00BF084A00205E
:102520002DE9F04F8FB092469DF86440DDF8609041
:102530002B4D4FF6FF721F46904204F04003804639
:102540000E4608BF04F0FD047BB1A8683A46494630
:1025500010F000FF84F02001A8682C73C1F3401133
:102560000FB0BDE8F04FEEF76DBB4FF0020B0793D5
:102570008DF828B0FDF726FD8DF834B0ADF82C802D
:10258000D5F808B0ADF82000FDF728FD8046FDF72E
:1025900025FDF21992B2CDE9030208AACDE9018224
:1025A0000BAA0092079B0122214658460EF042FFDB
:1025B00056B1D5F80880092140460EF0EEFF3246AC
:1025C0005146404410F0C6FED5F808800921404627
:1025D0000EF0E3FF30443A4649464044B8E700BFB6
:1025E000084A002038B50D46EEF774FE044610B9CF
:1025F0000DB1FDF72FFD204638BDEEF777BEEEF7A3
:102600007BBEEEF77FBE0128034604D8044A507B08
:1026100018B993737047022070477020704700BF4D
:10262000084A00200B4B1B78063B012B0DD870B1DC
:10263000037A023B012B0AD8074B02681A614268F1
:102640005A6102891A830020704770207047022067
:10265000704700BF36490020084A002010B5134CCF
:10266000A47E86B0FCB98DF80730BDF82030ADF8F7
:102670000830BDF82430ADF80A309DF828308DF8C8
:102680000C300B9B8DF80400049301A8BDF830308A
:102690008DF805108DF80620ADF81430EEF720FB0C
:1026A000204606B010BD3E20FBE700BF084A0020D0
:1026B00013B5174B1B78063B012B044624D828B3CF
:1026C000FDF786FC4FF6FF73984204D10023237276
:1026D000002002B010BDFDF77BFC4FF6FE73984260
:1026E0000CD10823002118466A46F9F767FB03233B
:1026F00023726B4603CB20606160E9E702232372FB
:10270000FDF766FC2080E3E77020E2E70220E0E7C7
:102710003649002010B58AB0FDF7A4FA10B9702030
:102720000AB010BD254C2378DA1E012A26D8FDF701
:1027300049FC4FF6FE7398422DD103238DF80C30DF
:10274000FDF758FC02460068516801AB03C32378CB
:10275000063B012B29D89DF8243023B307AA106823
:102760005168128904AB03C31A80FDF737FC04A932
:10277000024601A800F012FF0020D1E7063B012B22
:10278000CDD807A8FFF794FF0D4B9DF824201B7EA2
:102790001343CCD1C3E702238DF80C30FDF712FCB4
:1027A000ADF80400D3E7074AD9E702238DF81830C3
:1027B000FDF70EFCADF81000D7E700BF364900204A
:1027C000084A0020184A00200346084601B10B6061
:1027D000EFF7B2BA0020EFF7AFBAEFF7D5BAEFF7DD
:1027E000E9BA014BD8697047084A002070B58CB02F
:1027F00004460EF0B6FD2044FEF712FE00F0070678
:102800000EF0AFFD2044FEF70BFEC0F3812002283E
:1028100037D1042120460EF0C0FE2044FEF700FE12
:102820004FF6FF7398422CD10121032001F0ACF93F
:102830000EF097FD2044FEF7F3FD030726D5072190
:1028400020460EF0AAFE235C03F00703052B04D0FC
:10285000484B1B78063B012B18D8012E14D1454B51
:1028600019780639012994BF0021012120460BF077
:10287000B1FC58B101210E200CB0BDE8704001F050
:1028800083B901210220D1E70021EFE70121204691
:10289000FCF7D0FE012E58D1FDF7E4F900284CD00A
:1028A000344B1B78063B012B49D80EF05AFD2044CF
:1028B000FEF7B6FD00F008050EF053FD2044FEF7CC
:1028C000AFFD2B1E18BF0123C0F3401043EA4003A5
:1028D0008DF80030EFF7F0F98DF81C00EFF708FAEB
:1028E0008DF81D0045B1082120460EF056FE211836
:1028F0003046FEF7B1FD05460895FDF771F905462E
:10290000EFF786F94FF47A7300F5FA70B0FBF3F045
:102910002D1A20460B950EF050FF0921ADF824002A
:1029200020460EF03AFE20440A9021460DF10200A6
:102930000EF004FF68460DF02CFD0CB070BD204673
:102940000CB0BDE87040FEF731BF032E0AD120461F
:102950000FF0A5F80028F0D020460CB0BDE870407C
:1029600000F060BB002EE8D120460CB0BDE87040FE
:10297000FFF75BBB364900202DE9F0438FB01446CA
:102980000F4605460EF0EDFC2044FEF749FD00F031
:1029900007080EF0E6FC2044FEF742FD81460EF0EB
:1029A000E0FC2044FEF73CFDC0F38120022820D14A
:1029B000042120460EF0F1FD2044FEF731FD4FF6D4
:1029C000FF73C21A564256410EF0CBFC2044FEF76C
:1029D00027FD03070FD5352D1BD0002120460BF016
:1029E000F9FB40B1454946484FF4DD72FBF7A6F8C4
:1029F000FEE70026E8E709F02000002D4DD1002871
:102A00005AD00121052001F0BFF829462046FCF7E5
:102A100011FEB8F1010F66D13A4B3B4E1B78063BD5
:102A2000012B56D8337B03F00F0213F001008DF811
:102A3000042007D0082120460EF0AFFD21184046A3
:102A4000FEF70AFD099020460EF0B7FE0921ADF809
:102A5000280020460EF0A1FD96F820308DF8203099
:102A600020440B908DF83070FDF7BAF80646EFF76A
:102A7000F1F84FF47A73214600F5FA70B0FBF3F0E9
:102A8000361A0DF106000D960EF058FE01A92846E3
:102A90000DF075FC0FB0BDE8F083312D06D08D2D03
:102AA00010D0402DB5D10121062002E020B1012136
:102AB000052001F069F8ACE701210EB10920F8E723
:102AC0000420F6E7002E4FF001010CBF07200A207A
:102AD000EFE796F8201023463A4628460FB0BDE8A7
:102AE000F043FEF7EDBDB8F1030FD3D121462846E0
:102AF0000FB0BDE8F04300F061BB00BF586F0200AB
:102B0000BC6B020036490020084A00202DE9FF472F
:102B1000044602201F46BDF83090DDF834A09DF831
:102B200038800D4616460EF0FEFB030602D518F05F
:102B3000800F11D0114B1B78F3B9114B3A4683F833
:102B400020503146CDE900A84B462046FFF7E8FC6F
:102B5000002004B0BDE8F087CDE901A8CDF80090D1
:102B60003B463246294620460BF040FC0028F0D177
:102B70000348FDF7BFFAEBE78C20EAE7C6490020DF
:102B8000084A002010B53D4B1B7888B0002B6BD154
:102B9000FBF72EFC28B93A4808B0BDE81040FDF715
:102BA000A9BA374C94F82130DB0709D5354B187892
:102BB000EEF77CFB94F8213023F0010384F82130F8
:102BC00094F82130980714D594F82200EEF7C0FB52
:102BD00094F8213023F00202190784F8212008D547
:102BE0000020FDF737FA94F8213023F0080384F829
:102BF000213094F821305A070BD523F0040384F8D0
:102C000021300123A376636A002008B0BDE810409C
:102C10001847A37E43BB0BF073FC38BB1A4B1B78E1
:102C2000042B01D0072B03D11848FBF737FDD8B987
:102C300003A80BF079FC30B9154916484FF41A7205
:102C4000FAF77CFFFEE79DF8113084F820309DF8FC
:102C50000C3001930022059B0093BDF80E00BDF8D7
:102C600012301146FFF75CFC08B010BDA37E002BAC
:102C7000FAD108B0BDE81040EEF786BBC649002087
:102C8000084A0020D02100203649002015250100E7
:102C9000586F0200BC6B0200024B00221A70FFF753
:102CA00071BF00BF084A002002461248837E10B55B
:102CB0001BB990F82130590703D501209047002017
:102CC00008E00D49097831B95BB9012484761846CA
:102CD0009047204610BD43F00403426280F8213043
:102CE000EDE743F00403426280F82130FDF702FA79
:102CF000E5E700BF084A0020C64900200248837E5D
:102D00000BB9FDF7F7B97047084A002010B5164A0D
:102D1000037A1278063A012A04460ED8032B08D10A
:102D2000FFF7FEFAE0B92046FCF7BEF900F001001B
:102D300010BDBDE81040FCF7B7B9022B05D1BDE8C6
:102D4000104000880021FCF727BC032B0AD1FFF7B5
:102D5000E7FA28B921464FF6FE70FCF71DFCE5E7BF
:102D60000120E3E70020E3E736490020F0B585B015
:102D700004460EF0F6FA2044FEF752FB00F0070777
:102D80000EF0EFFA2044FEF74BFB274B06461FBB25
:102D900093F828500135EDB283F828500EF0E1FA8F
:102DA0002044857001A821460EF09CFC01A8FFF785
:102DB000ADFF38B10EF0D5FA46F0100189B22044CB
:102DC000FEF734FB0EF0CDFA2044FEF729FB030793
:102DD00012D4002005B0F0BD93F829500135EDB2B2
:102DE00083F829500EF0BDFA2044032F8570D9D105
:102DF000204600F009FAD5E7072120460EF0CDFB6A
:102E0000451C0BF0C5F92544024629460120FEF772
:102E100015FB20460BF0DCF90028DAD00B2001214D
:102E200000F0B2FE3520D5E7084A00201FB5014664
:102E300001A80EF02DFC01A8FFF768FF05B05DF8B2
:102E400004FB0A4A117881420ED0094B10701B789E
:102E50000BB9EEF72BBA074890F8213043F0010385
:102E600080F82130FDF746B9704700BFD02100201F
:102E7000C6490020084A002010B5044B00241C70ED
:102E8000FFF7DFFF024B1C7010BD00BF084A002097
:102E9000C649002038B5164C002323760546EEF7C8
:102EA000AFFBF9F759FE84F82900F9F755FE84F8CD
:102EB00028002846FFF7E0FFA368ABB9EDF788FFCD
:102EC00060B14FF400600AF0F9F8A06060B90949F8
:102ED000094840F26912FAF731FEFEE7EDF786FF86
:102EE0000028EED18020EEE701236373002038BD77
:102EF000084A0020586F0200BC6B0200014B187892
:102F0000704700BFD0210020024800238376FDF7E0
:102F1000F1B800BF084A002038B50E4D2B780446A2
:102F200023B92046EEF714FA012038BDFBF74CFA1E
:102F300010B12B78012BF4D0074890F8213080F89D
:102F4000224043F0020380F82130FDF7D3F800203F
:102F5000EBE700BFC6490020084A0020F8B5124E32
:102F6000B37E05460F46C3B9FBF72EFA0446B0B947
:102F70002846EEF7E1F9A0B12846FFF7CDFF1FB1D3
:102F800020B12046FDF766F80020F8BD96F8213004
:102F900043F0080386F82130F6E73E20F5E770207D
:102FA000F3E78A20F1E700BF084A00200121FFF77C
:102FB000D5BFEEF78FB9024BD8610DF0C8B900BF8D
:102FC000084A002038B5064CE56A034608462DB984
:102FD000E362EEF7E9FD00B1E56238BD7020FCE781
:102FE000084A0020024B0022DA62EEF7F5BD00BF6E
:102FF000084A0020084A08B5D36A33B90749084887
:103000004FF44772FAF79AFDFEE70021D162984724
:10301000BDE808400DF00BBA084A0020586F0200C6
:10302000BC6B02002DE9F043092187B004460EF085
:10303000B4FA265C012E04EB00052CD106212046B3
:103040000EF0ABFA22182058516804AB012E03C3CE
:103050003AD07D2E41D120460EF0AFFB461FE81C32
:1030600095F8018095F80290FEF7DAF907460EF020
:1030700078F92044FEF7D4F9B6B2C0F3C00056B3D5
:1030800005350090CDE901653B464A46414604A816
:10309000FFF7CEF81CE07D2ED0D0042E40F08B80C0
:1030A0000EF05FF92044FEF7BBF980130328C5D06A
:1030B000EEF7E6FDC1070BD52046FFF743F938B917
:1030C0002046FBF731FF03E0697804A8FFF790F88A
:1030D00007B0BDE8F0833546D3E7022E06D1681C61
:1030E000FEF79EF9E978FFF7F1F8F1E7042EDFD05B
:1030F000072E02D1FFF752F8EAE77E2E26D10621ED
:1031000020460EF04AFA2044FEF78AF906460EF0F1
:1031100028F92044FEF784F9800B13D00EF021F932
:103120002044FEF77DF942060CD4052120460EF01E
:1031300034FA2044FEF774F96A7801463046FBF70A
:10314000D3F9C5E70321F1E7032118E07F2EBFD1B2
:10315000062120460EF021FA2044FEF761F90646CA
:103160000EF0FFF82044FEF75BF9800BECD00EF078
:10317000F8F82044FEF754F94306E5D4052120462B
:103180000EF00BFA2044FEF74BF90446A81C95F804
:103190000180FEF745F9691D0746012095F8049066
:1031A000FEF75AF93B46CDE90090424621463046AB
:1031B000FBF7C2F98CE7022E9AD190E738B50D469D
:1031C0000446092128460EF0E8F92B5C7E2B16D028
:1031D00004D8012B09D07D2B0CD038BD7F2BFCD11E
:1031E0002046BDE83840FBF70DBA2046BDE8384020
:1031F000FFF74AB82046BDE83840FFF765B82046DB
:10320000BDE83840FBF77AB938B5092104460EF01D
:10321000C4F9235C7F2B04EB00050BD1FBF7B6F858
:103220002871FBF7B9F8691D0246BDE83840012056
:10323000FEF704B938BD70B590B0022300248DF8B4
:103240002C3001234FF6FF75CDE9034306AB0CAEDE
:10325000CDE9015309AB0093032223463046802178
:103260008DF82040ADF824500EF0E4F809213046E6
:103270000EF093F900F140030DEB0300072300F873
:10328000103CC023CDE901630E2300932246234660
:1032900021462846FFF73AFC10B070BD2DE9F047F3
:1032A000051E9AB014BF0E26002688469146FCF7EC
:1032B00089FE4FF6FE73984206AC66D103238DF863
:1032C0002030FCF797FE024600685168234603C38E
:1032D0004FF0000A8DF82CA0FCF780FE4E44331D01
:1032E000CDE903030CAF09AB0093524653460421CA
:1032F000CDE901A438460EF09DF83A4B1A783A4BC6
:10330000012A197852D0062A5AD1384B1B78002B43
:1033100043D140F6FF7348F6FF7251450CBF1C467F
:103320001446092138460EF038F907EB000A5046DA
:103330002146FEF77BF800238AF802300AF10400E8
:103340008AF803305DB105F10C0355F8042B40F801
:10335000042B9D42F9D12B8803800AF11200B8F1A9
:10336000000F03D04A4641460FF0F4FF4423CDE955
:1033700001733736002300961A4619464FF6FF7040
:10338000FFF7C4FB1AB0BDE8F08702238DF82030A8
:10339000FCF718FEADF818009AE74CF6FF7344F6F8
:1033A000FF72002914BF1C461446BAE744F6FF73A7
:1033B0004CF6FF72002918BF134643F40054B0E7DF
:1033C00048F6FF7340F6FF70002908BF0346042A41
:1033D00002D143F48053F0E7072AEED143F480543E
:1033E0009FE700BF36490020B4490020B9490020BA
:1033F0002DE9F04192B04FF003080F4615460646FE
:103400008DF82480FCF7F6FD04460068616807AB80
:1034100003C34FF6FF740223CDE9034307AB4246D3
:10342000CDE901730AA80023009606210EF002F8E8
:1034300009210AA80EF0B1F80AAB0AA90344012237
:103440000A545D70462302931F23009300230191C9
:103450001A4619462046FFF759FB12B0BDE8F08125
:103460002DE9F04FA1B08A4690461F469DF8A8402E
:1034700081460AF085FE4FF0030B851D8DF820B0C4
:10348000FCF7B8FD03460068596806AE631D03C625
:1034900004934FF6FF730393EDB206AB5A46CDE9A2
:1034A00001A32946002309A8CDF800900DF0C2FF22
:1034B000092109A80EF071F809AB09AA1E187D238D
:1034C00013540223737086F80280394606EB0B0012
:1034D000FDF7ACFF24B12B992246701D0FF03AFF87
:1034E0000AF04EFE80B1273409ABCDE9004345F028
:1034F0004005002302951A4619464FF6FF70FFF764
:1035000005FB21B0BDE8F08F2234EDE72DE9F04155
:1035100094B04FF00308164604460F468DF82080FD
:10352000FCF768FD0546006869688DF82C8006ABDD
:1035300003C36168206809AB03C3FCF74FFD044671
:10354000FCF74CFD0423CDE9030306ABCDE90143B1
:1035500009AB424600930CA8002306210DF06AFF38
:1035600009210CA80EF019F80CAA0CAB1C180223A8
:1035700013543946601CFDF759FF4623E670029349
:103580000CAB01931F23009300231A4619464FF6F4
:10359000FF70FFF7BBFA14B0BDE8F081F0B58FB053
:1035A0000C4616460746FCF719FD07AD012303221A
:1035B000CDE90303009400232846CDE901670621E5
:1035C0000DF038FF092128460DF0E7FF00F1380320
:1035D0000DEB0300042300F81C3C0DF0C2FE044672
:1035E00028460DF0C9FE46230444CDE90153A4B298
:1035F000002300941A4619464FF6FF70FFF786FA2B
:103600000FB0F0BDF0B593B002260C461546074644
:103610008DF82460FCF7D6FC8DF83060ADF81C0006
:10362000ADF82870FCF7DAFC07ABCDE901430AAB33
:10363000CDE903060093032200230DA8A2210DF07B
:10364000F9FE09210DA80DF0A8FF0DAB0DA903444B
:103650007E220A545D70FCF7C1FCE223A04214BF35
:103660001320112002930DABCDE9000300231A466D
:1036700019464FF6FF70FFF749FA13B0F0BD2DE978
:10368000F04194B0002A4FF002050CBF20242424FE
:103690000E4607468DF82450FCF794FC8DF8305008
:1036A0004FF6FF75ADF81C00ADF82850FCF796FCFE
:1036B00007ABCDE901534FF009080AABCDE9030888
:1036C00000930322002321460DA80DF0B3FE4146CE
:1036D0000DA80DF062FF0DAB03440DA97F220A5423
:1036E0005F703146981CFDF7A1FE0DAB01931A23C4
:1036F000009344F04004002302941A4619462846D9
:10370000FFF704FA14B0BDE8F08100BF38B50A4CE9
:103710002078FFF796FB6088FFF7FEFB0025A08866
:10372000FCF770FCA571FFF7EFFB044B1D70BDE8C3
:103730003840FFF7E3BA00BF384A0020C6490020EE
:1037400010B5FEF75CFF044C6080FCF747FCA080DE
:10375000FFF7D4FB207010BD384A00200148FCF769
:10376000C9BC00BF404A002010B5104B9A795C8854
:10377000012A05D00E490F48C122FAF7DFF9FEE70A
:1037800003229A71FFF7DCFFE0B2FFF7C5FB0220CE
:10379000FFF757FB08480821FFF714FC28B104493C
:1037A0000448CC22FAF7CAF9FEE710BD384A0020D7
:1037B000746F0200BC6B02005D3701002DE9F0411F
:1037C000394FBB790024022B3C7205D1FFF79EFFD5
:1037D000BDE8F041FEF7FFBA032B63D1EDF7E2FD40
:1037E0000546388A28B931493148D722FAF7A6F96F
:1037F000FEE7FDF7A1F8437803449D704378027813
:103800000133DBB29A4243700BD92A480821FFF7F3
:10381000D9FB002846D025492548E322FAF78EF93E
:10382000FEE7388AFDF788F810F8011B23460546A5
:10383000A0462646DAB291421BD894FBF1F400224E
:1038400064B21346D5B2A94225D8012989BF01F136
:10385000FF31002593FBF1F39DB200233B82FFF77C
:1038600055FF2B46424631462046BDE8F0410CF05C
:10387000C8BD15F9012F002B04BF1646904696428D
:10388000A8BF164642451444B8BF424676B24FFA26
:1038900082F80133CEE710F9015F2D1B05FB0533DC
:1038A0000132CFE7BDE8F081384A0020746F020092
:1038B000BC6B02005D37010070B50546FAF784FD68
:1038C00070B90A4EB4796CB92846EDF735FD58B198
:1038D00001230748B3717580FFF7E6F9204670BDF4
:1038E0007024FBE73D24F9E78A24F7E7384A0020F3
:1038F00029390100014B188000207047B4210020B5
:1039000008B5084B18884FF6FF73984209D1EDF7B8
:1039100057FD47F6C03358434FF47A73B0FBF3F0CA
:1039200080B208BDB421002038B5124CA379658857
:10393000012B05D0104911484922FAF7FFF8FEE79C
:103940000223A371FFF7FCFE0020FFF77AFA4FF67F
:10395000FF70FCF757FBE8B2FFF7DEFAFFF76BFCEE
:10396000FFF7CEFF014604F10800BDE83840FCF740
:10397000CCBB00BF384A0020746F0200BC6B020051
:103980000148FCF7F1BD00BF484A0020F8B50746E2
:103990000D46FAF719FD10BB1DB3164EB47914BBD2
:1039A0003846EDF7C9FC00B3338A33B112491348E6
:1039B00040F20312FAF7C2F8FEE72146A81CFDF711
:1039C000E5F8308298B17780FCF7B6FF0123B37138
:1039D000447005700A48FFF767F92046F8BD702467
:1039E000FBE70224F9E73D24F7E78A24F5E71824EA
:1039F000F3E700BF384A0020746F0200BC6B02007E
:103A0000693701002DE9F04F054685B00C469A460E
:103A10009046D2B128B92C492C482C22FAF78EF8BE
:103A2000FEE701B902ACDFF8A8900027CB4639F8D1
:103A3000020B002842D0FCF79BFF0A2811D0224934
:103A400022483E22FAF77AF8FEE729B91E491F48B4
:103A50003122FAF773F8FEE70028E4D10DF10605EC
:103A6000E1E739F8020CFCF767FF0646B8F1000FF2
:103A700014D0FDF7D5FC2B8883421FD1D6F8023035
:103A80002360D6F806306360BAF1000F02D000233D
:103A90002BF81730012005B0BDE8F08F811C0822FB
:103AA00020460FF0F4FC48B93046FDF7B9FC2880F9
:103AB000BAF1000FEED02BF81780EBE701370A2F91
:103AC000B5D10020E7E700BF8B6F0200BC6B02009E
:103AD000DA4F00202DE9F3411E4BADF806001B78AC
:103AE000063B012B0D4630D801231A4600210DF16B
:103AF0000600FFF787FF0022012329461046FFF743
:103B000081FF154B0026984633F8024B34B101363D
:103B10000A2EF9D1B42002B0BDE8F08121460A2076
:103B2000BDF80670FDF732F828F8160078B1FCF7FA
:103B300003FF39460646FDF779FC2B68C6F80230CC
:103B40006B68C6F806302046E5E77020E3E71820EA
:103B5000E1E700BF36490020DA4F00200248142276
:103B600000210FF0BEBC00BFDA4F002008B5FFF700
:103B7000F5FF002008BD00BF0248902200210FF091
:103B8000B0BC00BF4C4A0020232808B505D906491F
:103B900006482122F9F7D2FFFEE7054A52F8203005
:103BA0000B4442F8203008BDBF6F0200BC6B02001E
:103BB0004C4A002023289FBF034B53F820300B6052
:103BC000002088BF702070474C4A00202DE9F04F3C
:103BD00014469B46C36B87B005465B6960680E461A
:103BE000012202A99847EB6B01225B6903A93046C9
:103BF000984702A80EF089FB074648B10023A37539
:103C000063754FF0FF33A360002007B0BDE8F08F6D
:103C100003A80EF087FB0123A375237E04EBC303E7
:103C2000DE611F846368B3420ED1206003A80EF0EA
:103C30009BFB4FF0FF332075A360237D043B022BD9
:103C400025D80023A375DFE723681A1A534253418E
:103C5000A37503A80EF088FB237D834218BFA775C8
:103C600003A80EF063FB074602A80EF05FFB874235
:103C70001CBF0023A37503A80EF060FB074602A833
:103C80000EF05CFB87421CBF0023A375D5E703A899
:103C90000EF04CFB80B1EB6B02225B6904A930464D
:103CA000984704A80EF051FB0346207D032839D81D
:103CB000DFE800F03838040903A8F3E7237E04EBBB
:103CC000C303CC221A8401F08BFC109B1870277E52
:103CD00003A80EF01FFB04EBC70787F82200237E22
:103CE00004EBC30303A8B3F8209093F822700EF0FE
:103CF0001DFB804603A80EF021FB8246B8F1000FA1
:103D000015D0EB6B02225B6904A93046984704A8E2
:103D10000EF0E0FA6075637D6BB90023A3754FF078
:103D2000000838E0227E04EBC2021384CBE703A82C
:103D30000EF0BBFAEEE794F81680B8F1000FEED063
:103D4000B9F1000F09D1DFB10123E375637E002BC8
:103D50004FD1012F42D1677614E06B6C06EB0A025B
:103D6000594286EA020008421CBF0021A175591E73
:103D70000A409B1A9945D0D8A37D002BE3D1CEE70A
:103D8000E37D43B94FF000084B4652463146284682
:103D90000EF035F8A060A27D12B123694B44236177
:103DA0001949237E097899422AD901332376BBF138
:103DB000000F27D032B3E37D23B3B8F1000F21D138
:103DC000032F1FD0A1684B1C1CD0109B00932246D0
:103DD00001232846FFF7FAFEA07513E095F834306A
:103DE00063B9EB6A0133CFD1032FCDD10123A37681
:103DF000C8E7012FCFD0032FC4D1F7E79846C3E718
:103E00000023A375A07D00E7746402002DE9F04F44
:103E10008BB00E46044698464FF0FF310023104603
:103E200017468DF8133001F0C5FBB6F5801F3BD364
:103E3000B21C53D1E56A6B1C57D1616A20460DF064
:103E400024FF0546B31C18BF0123DFF8149101932A
:103E5000636A626C0293236802FB053AE36B05A96F
:103E60005B6905225046984705A80EF007FB0EF047
:103E70002AFB50460EF032FB4FF0000B8246014603
:103E80004B1C05D0636C81EA0A025B42134232D0BC
:103E9000294620460DF0F9FE029BAB424DD0BBF106
:103EA000000F4DD10546D3E7314605AA04F10800BD
:103EB0000EF0E0F90146481C10D0384601F07AFBBC
:103EC0000DF113030122394620460EF013F828B1F4
:103ED0009DF8133088F80030002003E0237C002B8D
:103EE000A8D11D480BB0BDE8F08F2368ED1A636CB4
:103EF000B5FBF3F5A6E7484601F05CFB0DF11303B3
:103F0000019A494620460DF0F5FF034690B1B21CD8
:103F100003D0D9F80020B2420CD103930F4B9DF887
:103F2000132088F8002049461A6838460FF012FA24
:103F3000039B9B46D9F80810A2E7BBF1000FD0D035
:103F4000B6F5801FC8D298F800307A68314604F17F
:103F5000080001F073FABFE70BE000F070640200A4
:103F6000A43300202DE9F3410E461B4D816A04461F
:103F700017469846E36A8B422AD04B1C18E0284625
:103F800001F018FB0DF107030122294620460DF030
:103F9000B1FF30B19DF80720434629462046B84777
:103FA000B0B1A9684A1C05D0012E0AD0E36A994233
:103FB000E5D10DE0696820460DF0F4FE012E0146C2
:103FC000D8D16B6881EA0302636C5B421A42D1D09C
:103FD00002B0BDE8F08100BF783300202DE9F04148
:103FE000036B07689046826B9A4288BF8363426C7A
:103FF000436A02FB0377C36B90B05B690E460522F0
:1040000001A904463846984701A80EF037FA01285E
:104010000146307057D0656CE26B2368606AD2F855
:1040200014C005FB0030052206A9E04706A80EF0E3
:1040300025FA01284FF0000523D0D4E90A320121E6
:104040009342CDE90B458DF834800E958DF83C10E8
:104050002AD1194620460DF0A5FE236B626CE06262
:1040600014339B1A23630C9B53B99DF83C303BB12E
:10407000626A616C2368E06B01FB02310EF0B6F9F5
:104080000C9DE36B05225B6901A93846984701A89E
:104090000EF0F4F93070236BA26B28469A4288BF69
:1040A000A36310B0BDE8F081237C33B91C490BAA8F
:1040B00004F1080001F012FAD5E71A4A0BAB2046CA
:1040C000FFF750FFCFE7237C23BB1749224604F1BB
:1040D000080001F003FA616A20460DF0F7FD616AFD
:1040E000421C20460DF0C0FD054620B9236B626CD2
:1040F0001344143B2363A16A20460DF053FE23684A
:10410000A062C01A636CB0FBF3F0606220460DF051
:104110008CFEB6E7054A00232046FFF723FFDAE7C7
:10412000DD4A0100594A01007D1F0200191F0200EB
:1041300073B50D46D11E4A421C461B7E4A419A4227
:1041400026D129682368994222D3636899421FD8EF
:10415000114E0DF107033246FFF758FEC0B97268E1
:104160006B689A4214D19DF80730DA1E53425341CE
:10417000227E93420CD1636901336361D4E9032346
:10418000934205D2A268296842F8231001332361C3
:10419000012002B070BD00BFD03300202DE9F04FE8
:1041A0008BB0DFF858B19A469DF850300293DBF897
:1041B0001030534580460D461646C0F09980DBF816
:1041C00004300193D146B9F1000F00F08D80D8F88A
:1041D0003C3001985B69012207A9984707A80EF0B7
:1041E000A1F8DBF80030984240F0858007A80EF077
:1041F000A5F80428074614D107A80EF0A6F8019BDD
:10420000029A04463B44002A3FD1864212D9361A0C
:104210001446019940460DF0C5FDA9EB0409019033
:10422000D1E7D8F83C3001985B69022208A9984789
:1042300008A8E2E7841B544528BF5446032C03EB2F
:104240000607AAEB040A4FEA94021CD9D8F83C30BE
:1042500029465B693846984724F0030304F00306B7
:104260001F441D44002ED4D0D8F83C3001225B6995
:1042700008A9384698473246284608A935440FF021
:1042800069F80026C5E72646ECE700F00302039232
:1042900003442A18074604920593049BDD1B059BE3
:1042A000D81B039B9F420FD1002FB2D0D8F83C30CF
:1042B000012208A95B6998473A4608A928460FF0E9
:1042C000E6F878B93D44A4E7D8F83C30012208A9C3
:1042D0005B699847042208A928460FF0D8F808B966
:1042E000043FDAE7DFF8189048460BB0BDE8F08FDE
:1042F000DFF81090F8E7DFF81090F5E7FC330020C6
:1043000012E000F011E000F022E000F02DE9F041B1
:104310000F4688B016469846044660B390F834506D
:10432000FDB101210DF076FC0E9BCDF80480CDE9A6
:1043300002379DF83C308DF81C30237C0496002118
:10434000CDE905118BB90D4901AA04F1080001F06E
:10435000C5F8DDE90553E06B002E08BF1D460DF0E2
:104360001BFE284608B0BDE8F081054A01AB204697
:10437000FFF7F8FDEDE70546F3E700BF471F020032
:10438000314101007FB590F84260019204460DF181
:104390000B030A46304612490DF006FE012EE36B70
:1043A000054619D15B69324603A998479DF80B1061
:1043B000039B019A59B19BB243EA02430393E36B17
:1043C0009B69012203A92846984704B070BD1B0CC5
:1043D0001B0492B21343F1E79B69012201A9F3E7A1
:1043E000FC3300202DE9F04F99B00F4609920A697D
:1043F000416C0E931439D31DB3FBF1F3013302EB7F
:10440000C302036B93420446C0F00D820023DFF821
:1044100020940D93E36A07931946484601F0CAF8C1
:10442000D7E9033604930E9B022B4ED1CC2E40F0DD
:104430008A81099B002B42D0394620460DF00BFEA5
:10444000656C079A14906B1E1340ED1AE36B786845
:104450005B69012216A9984716A80DF067FF00288E
:104460000CBF04230823782E06933DD90123002591
:1044700005934FF0080A3B6805990E98C9F800307B
:10448000C9F810600DF074FF4FEA9A031093DDF83D
:104490001CB089F8140000230B930F9308930C931E
:1044A000616C4A1E0BEA02028B1A002E38D055446A
:1044B000AB4240D8236B5B1A13442363ABE0049BED
:1044C0001B68149308230693D0E7656C079A6B1E4C
:1044D0001340782EA5EB030516D8FB7D7BB9099B0D
:1044E000002BB3D104230693331DAB4210D9A6B1E0
:1044F000082DBBD8042500230593AA46BBE7099BDA
:10450000002BA3D10823EEE7099B002B9ED1D9E70E
:10451000002505954FF0040AADE704250596F9E757
:104520005345C7D30BEB0A030393B046089B002BFC
:1045300018BF032313E0A3EB0A039E42B0460BEB24
:104540000A0228BF98469E420392EFD9D9F810205C
:104550000123964289F8173071D1C9F804B0089345
:1045600099F81730002B6CD099F818200899D31CB3
:1045700009EBC3030132C3F804B0A3F808809972B1
:1045800089F81820B8F1000F14D00E9B022B5BD1D4
:104590000B9B7BB90F9B4344032B0BD9E36B039815
:1045A0009B69012214A998470546002840F03D81E7
:1045B00001230B93089B0193059B009399F814200A
:1045C0003968434616A800F0ABFFE36B109A9B696D
:1045D00016A958469847051E0D9B18BF5B460D93BC
:1045E00052464346594620460DF009FC236BC9F854
:1045F000080008F10302A3EB0A0322F003029B1A4E
:104600002363002D40F011810F9BDDF80CB0434473
:10461000A6EB08060F93594620460DF0C3FB002574
:104620008346002E7FF43CAF814A39689368E36289
:1046300052680E9B04F1080000F000FFDEE0022348
:104640008DE7C9F804B09DE7099B002B30D1049B8E
:10465000B8F1030F43440A9327D9E36BDDE9030163
:104660009B694FEA980298470546002865D118F0E3
:1046700003025FD0049B28F003052B440493039BA3
:104680001D444FF0FF330499159315A80EF062FEF8
:10469000E36B28469B69012215A998470A9B04935E
:1046A0000546002D86D0039B99E7039D4246E8E727
:1046B000039B0A9307F120031193FB7D78689BB15C
:1046C0003D7E0C9A0023D9B28D4211D9119931F84F
:1046D0003310914203F1010C26D907EBC30306996D
:1046E000D8690A44104403E00C9B069A134418440A
:1046F000E36B01225B6915A99847159B13930C9BEB
:104700000A9804330C93E36B01229B6913A9984721
:10471000039B0A9A43449B1A042B054607D978B990
:10472000134604330A93C8E7521A6346CBE70A9B41
:104730000393B6E70A9B04933CE70A9B0493B2E712
:104740000A9B0393AFE73B4E04F1080303932368EE
:10475000079A606CA2EB030ABAFBF0FA00FB0A307E
:104760000DF0BCFEE16A804620460DF01BFBA26AFC
:1047700082424AD0626CD9F808302568E062511E46
:104780000B40216B891A0B4423630D9B5D1BB5FB0A
:10479000F2F5AA4536D1079BB3EB080A12D0E36BBA
:1047A0004FEA9A029B6941469847E36A079A534445
:1047B000E362236B9B1A43448346236303980DF003
:1047C00029FDDA462368616CE06B01FB05310DF0D1
:1047D000FAFD20460DF029FA20460DF026FB206355
:1047E000BAF1000F11D03A69616CD31D1439B3FBD3
:1047F000F1F3013302EBC3029042A8D2304619B064
:10480000BDE8F08F4FF0000ADCE73A69616CD31D18
:104810001439B3FBF1F3013302EBC302236B934270
:10482000BFF4F8ADEAE7044EE8E72E468CE700BF98
:10483000A433002023E000F006E000F02DE9F34768
:104840001E4643699DF82890B342044688461746A1
:104850003DD300258DF8075020460DF0B2F9D4F86D
:1048600030A082450AD2236AB5EB430F06D200225C
:104870000DF107012046FFF7B1FB30B39DF807307B
:10488000012B05D100220DF107012046FFF7A6FB01
:10489000B9F1030F06D0314620460DF07DF9256BA6
:1048A000854218D30D4D4FF0FF31284600F082FEAF
:1048B0004B46002229462046C5E90376C5F800800C
:1048C00002B0BDE8F047FFF78DBD0135C4E70448ED
:1048D00002B0BDE8F0870348FAE700BFD0330020FC
:1048E0000FE000F006E000F02DE9F04790F842609C
:1048F00086B0012E05460391A1EB020715D1B7F54D
:10490000807F28BF03264FF06408DFF848A1002409
:104910004FF6FF7995F84230012B14BF3223642300
:104920009C420AD35FFA88F415E0B7F5803F34BFA4
:10493000012602264FF03208E7E705AB2246514632
:1049400028460DF066FB95F84230012B059B34D1CB
:104950004B452DD1E4B295F84230012B0CBF6422B7
:104960003222121BB24217D3012E39D10022012B61
:1049700005978DF8132027D1082205A90DF1130002
:104980000DF003FD9DF81330059A42EA03222146FB
:104990002846FFF7F7FC40B102232E49009309682F
:1049A000CC2303AA2846FFF749FF06B0BDE8F087ED
:1049B000DBB203B902340134ACE7591CCAD09BB254
:1049C000002BF8D10134F6E7102205A90DF11300F0
:1049D0000DF0DBFC9DF81330059A42EA0342D6E75E
:1049E000039A0592012B23D10823202205A90DF15A
:1049F00013008DF813300DF0C8FC9DF8132012023F
:104A000021462846FFF7BEFC95F84230611C012B79
:104A1000C9B21AD10028BFD1BDF814202846FFF72B
:104A2000B1FC0028B8D10234BDF81620E1B2AFE7DE
:104A30001023202205A90DF113008DF813300DF07D
:104A4000A4FC9DF813201204DAE70028A4D1059AEB
:104A50009EE700BFFC330020032A2DE9F341064600
:104A60000D4617461C4606D1237A012B23D0012080
:104A700002B0BDE8F081DFF8608009680DF107033E
:104A80004246FFF7C3F960600028EDD19DF807208A
:104A9000237A032AE8D0D8F804106A689142E3D157
:104AA000012B2969D4F80CC007D172690CEB010302
:104AB000934202D92074207CDAE708316144E16036
:104AC0003B46012229463046FFF78CFC60600028F7
:104AD000CAD00020CCE700BFD03300202DE9F3413D
:104AE000089C032A2668174606D1237A012B24D076
:104AF000012002B0BDE8F081DFF890800DF10703DE
:104B000042463046FFF782F960600028EDD1256803
:104B1000D8F80400A96AD5F844C0227A4840CCF1FC
:104B200000031840E1D1012A09D1E268D8F8103019
:104B300013447269934202D92074207CD9E7286813
:104B4000EB6A1B1A081AB3FBFCF3B0FBFCF08342C0
:104B50000BD1706CF36A421E1340326B121A13446D
:104B6000336328460DF01EF9E862D8F81020E36898
:104B70000649206808321344E36001223B46FFF7F0
:104B800031FC60600028B0D00020B2E7D0330020B4
:104B90002DE9F04F4FF0FF334FF6FF72002500F183
:104BA0000806C0E9092387B00446C36205620563AD
:104BB00030460F460DF02EFB20460DF036F828BB90
:104BC000204639460DF0B1F820460DF02EF828BBEE
:104BD0008A4D20460DF05CF9ECE0E26B2368606CD6
:104BE000D2F814C001A9052200FB0530E04701A856
:104BF0000DF044FC012828D1294620460DF066F826
:104C0000421C294620460DF02FF80135E3699D42EC
:104C1000E3D320460DF009F80028D1D000254FF647
:104C2000FF73C4E908534FF0FF39CA46A846E36949
:104C3000984514D3A5EB0905012D37D8636A4FF6C3
:104C4000FF72934247D16E4DC3E70DF041FC00283F
:104C5000DBD0294620460DF039F80246D1E723681B
:104C6000E26B606C576901A9052200FB0830B84768
:104C700001A80DF003FC834601A80DF0D6FB074602
:104C800058460DF020FC70B15745236A38BFC4F870
:104C90002480B94503F1010328BFB946BD42236210
:104CA00038BF3D46BA4608F10108C0E74FF6FF732A
:104CB00063620025E3699D42C0D2676C2068E36BA4
:104CC00005225B6901A907FB0500984701A80DF0C3
:104CD000ACFB0135EEE7E26B676C2068556901A912
:104CE000052207FB0300A84701A80DF09EFB626A9E
:104CF0002368606C434D00FB02300DF0EFFB4FF07A
:104D0000FF33A062E3622A460DF103036FF0010155
:104D10002046FFF77BF8002850D1AD68E5622946B0
:104D200020460CF05EFF206320B9E16A20460DF0BA
:104D300039F8E062294620460DF034F80546A36AAA
:104D40009D423DD16569626CE91C143A2046B1FB75
:104D5000F2F105EBC1050335B5FBF2F50DF098F85E
:104D60000235A84280463DD2616A20460CF08DFF94
:104D70000027064604F1400A474512D3626C2368B7
:104D800002FB0639E36B05225B6901A94846984797
:104D900001A80DF04AFB534602464946E06B0DF070
:104DA0009FFB314620460CF070FF0137AF420646AC
:104DB000E2D3154D284607B0BDE8F08FA56AADE7F0
:104DC000294620460CF00DFF236B03442946074675
:104DD000236320460CF0E6FF0546002FAFD1C4E95F
:104DE0000B07ACE730460DF015FA0023074A1946C9
:104DF0002046FFF7B7F80025EBE600BF03E000F020
:104E000016E000F0D033002013E000F0E31E0200B3
:104E1000634A00232DE9F041176813600E460446EB
:104E200018B9604D2846BDE8F08190F834500DB3B4
:104E300009680268914240F0AA8071684268914214
:104E400040F0A580B1688268914240F0A080F1688E
:104E5000C268914240F09B8031694269914240F0C2
:104E60009680B169C26B914240F091807269826113
:104E70001D46D7E750222946D0F838800EF031FB86
:104E80003368236073686360336963617369A36126
:104E9000D6E9021204F10800C4F838800DF0CCF90C
:104EA000B369E36304F140009B68984794F843209A
:104EB00020B1E561002AB4D03B4DB3E7656C002D0D
:104EC000F7D06668B6FBF5F3E361002AA9D0B542D6
:104ED000F2D82268B2FBF5F105FB1122002A58D165
:104EE00005FB1363002B54D120460CF06AFEA36926
:104EF000043303449E424ED3636940F63472CC3B84
:104F000093424AD8B5F5007FD6D3032120460CF052
:104F100081FEE36BD4E900011B689847E36B05460B
:104F2000DB68022098471DB1002384F834301EE06E
:104F300039462046FFF72CFE1C4B9842054604D10B
:104F400039462046FFF724FE0546636C143B002DCE
:104F5000EAD1226A204602FB03F60CF032FEA36976
:104F6000043303449E4206D284F83450104DE06B63
:104F70000DF012F856E70F4A012384F83430136815
:104F8000D4E900010133136009F0ADFDEFE70A4DEC
:104F900048E70A4D46E7064D44E7094D42E700BFA2
:104FA000E04A002009E000F004E000F013E000F027
:104FB00002E000F0DC4A002008E000F001E000F030
:104FC00005E000F02DE9FF410F4690461E460546DC
:104FD00098B390F8343093B3B1F5801F31D21A4CA6
:104FE00002210CF017FE22460DF10F033946284628
:104FF000FEF70CFF024678B1012300934246334688
:1050000039462846FFF71AFC0446E86B0CF0C4FF4B
:10501000204604B0BDE8F0819DF80F30012BEBD1A4
:105020002169B142E8D10093414633462846FFF753
:10503000B5F804460028DFD1E7E7044CE8E7044C64
:10504000E6E7044CE4E700BFFC33002009E000F091
:1050500007E000F00AE000F02DE9FF410C4616469B
:105060001F46054688B390F8343083B3B1F5801FEE
:105070002FD2DFF87C8001210CF0CCFD21460DF110
:105080000F0342462846FEF7C1FE044670B99DF85C
:105090000F30012B11D1D8F81030BB4213D1009042
:1050A000024631462846FFF779F80446E86B0CF0D3
:1050B00073FF204604B0BDE8F081074C074A022B7D
:1050C00008BF1446F2E7064CF0E7064CF1E7064C41
:1050D000EFE7064CEDE700BF0BE000F00CE000F05E
:1050E00011E000F009E000F007E000F00AE000F055
:1050F000FC3300202DE9F04385B00C46DDF830800C
:1051000017461E460546A0B390F834309BB3B1F560
:10511000801F32D2DFF8809001210CF07BFD214608
:105120000DF10F034A462846FEF770FE044688B983
:105130009DF80F30012B14D1D9F8102006EB08038D
:105140009A4214D300904346324639462846FFF728
:1051500025F80446E86B0CF01FFF204605B0BDE8BB
:10516000F083074C074A022B08BF1446F2E7064CAF
:10517000F0E7064CF1E7064CEFE7064CEDE700BF21
:105180000BE000F00CE000F011E000F009E000F0AE
:1051900007E000F00AE000F0FC33002070B586B0B4
:1051A0000E4603920546A0B390F834309BB3B1F598
:1051B000801F32D202210CF02DFD194A0DF1170388
:1051C00031462846FEF722FE044618B99DF81730EE
:1051D000032B0ED10223009303AACC233146284689
:1051E000FFF72CFB0446E86B0CF0D6FE204606B019
:1051F00070BD022B0BD10A4928460CF02CFF0399F5
:1052000081420246EFD02846FFF76EFBEAE7054CE5
:10521000E9E7054CEAE7054CE8E7054CE6E700BF9F
:10522000FC3300200DE000F009E000F007E000F0A2
:105230000AE000F073B50C461646054630B390F808
:1052400034302BB3B1F5801F24D201210CF0E2FCE5
:105250002146114A0DF107032846FEF7D7FD044603
:1052600080B99DF80730032B0CD0022B0CD10A49D2
:1052700028460CF0F0FE3060E86B0CF08DFE204606
:1052800002B070BD054CF7E7054CF5E7054CF6E7B5
:10529000054CF4E7054CF2E7FC3300200BE000F08E
:1052A0000DE000F009E000F007E000F00AE000F097
:1052B000F7B50C461646054668B390F8343063B32C
:1052C000B1F5801F2BD202210CF0A4FC154A0DF180
:1052D000070321462846FEF799FDC0B99DF807301F
:1052E000032B14D0022B14D10E4928460CF0B3FE28
:1052F000471C024639462846FFF7F6FA044606B12F
:105300003760E86B0CF048FE204603B0F0BD064C59
:10531000F7E7064CF5E7064CF6E7064CF4E7064CD3
:10532000F2E700BFFC3300200BE000F00DE000F0DE
:1053300009E000F007E000F00AE000F02DE9F34199
:105340001F4600230C4616463B60054650B390F8B6
:1053500034304BB3B1F5801F28D2DFF864800121CF
:105360000CF058FC21460DF1070342462846FEF793
:105370004DFD0446A0B99DF80730032B10D0022B39
:105380000AD10123336004233B60E86B0CF004FE78
:10539000204602B0BDE8F081D8F810303060F3E765
:1053A000034CF2E7034CF3E7034CF1E7034CEFE760
:1053B0000BE000F009E000F007E000F00AE000F088
:1053C000FC33002030B50C4685B0054628B390F874
:1053D000343023B3B1F5801F23D202210CF01AFC24
:1053E0000DF10F03104A21462846FEF70FFD034634
:1053F00088B99DF80F20032A0DD003220092214680
:1054000002462846FFF71AFA0446E86B0CF0C4FD82
:10541000204605B030BD054CF7E7054CF8E7054CD4
:10542000F6E7054CF4E700BFFC3300200BE000F08A
:1054300009E000F007E000F00AE000F02DE9F04399
:1054400046688EB3056898464FF0000CA946AE46F4
:1054500055F83C40C4F3130701340CF1010C01D0A2
:10546000B94218D066450EF1080EF1D12F4600243E
:1054700003E0A64207F1080713D055F83430013392
:1054800004F10104F5D1C1F3130141EA0851C7E960
:105490000012BDE8F08341EA0851CEE90012BDE8F0
:1054A000F083B8F1030F03D101230372BDE8F08349
:1054B000002303E09E4209F10809F5D055F8334076
:1054C000C4F30754032C03F10103F3D1C1F3130315
:1054D00043EA0853C9E90032BDE8F0832DE9F043FF
:1054E000476883B0CFB106468846914600243368AA
:1054F00053F83450C5F30752C5F31301013503EBDC
:10550000C403304604F1010405D05B68CDF8009077
:10551000C04710B17768BC42E9D303B0BDE8F0835F
:1055200073B5044622489DF81850012A00EAC111BB
:1055300023F07C4007D9961E012E28D9073303F0AB
:105540007F03194308E09DF81C30DB060A4303F093
:10555000C053134343F060410023C4E900108DF8A9
:105560000730B5B1202221460DF107000CF00DFFE8
:105570001A220DF10700211D0CF007FF63689DF84A
:10558000072043EA82636360082002B070BD1143C4
:10559000E2E71B220DF1070021460CF0F6FE23681E
:1055A0009DF8072043EAC26323600420EDE700BFB3
:1055B00080FFFF0738B5094B04461A680D460021E5
:1055C0000DF08FFF00234FF0FF322383C4E9002545
:1055D0002361A260E382A37638BD00BF706402003D
:1055E0000138C0B205289ABF014B185C01207047F2
:1055F000E06F02002DE9F0410E46596888B0074679
:105600001546490A0024012922464FEA510104F1B6
:105610000104F8D8DC7899781B882403C90201F4C6
:10562000006104F480540C43C3F30A03520323447F
:1056300092B29C18284B03934FF0000825F0784352
:1056400002A90DF107001B2202938DF807800CF0D0
:105650009CFE9DF80720029B8DF80780ED4343EAEE
:10566000C26302A90DF1070025F078451B220493BF
:1056700002950CF08AFE9DF80720029B6FEA044415
:1056800043EAC26305936FEA14444FF0FF33069375
:105690000794BB6907A9012206F110009847BB696E
:1056A00005A90446012206F108009847BB69404558
:1056B00018BF044604A90122301D9847BB69404524
:1056C00018BF0446012203A930469847404508BF49
:1056D000204608B0BDE8F08101009AB2034B18687B
:1056E000034B002808BF1846704700BFE44A00205B
:1056F000E86F0200F8B50D4610B900242046F8BD49
:105700000E4F3E68002EF8D100F07CF804460028C9
:10571000F3D0386000F0C2F820460CF04FFF38B1EB
:1057200030463E6000F0BAF820460CF042FFE4E755
:10573000002DE3D02046A847E0E700BFE84A00205C
:10574000024B1868003818BF01207047E84A002053
:10575000024B00215B680846184700BFF820002074
:1057600010B50DF0BEFC044618B9034B01215B686F
:105770009847204610BD00BFF820002010B505F066
:10578000B9FF044618B9034B01215B6898472046CE
:1057900010BD00BFF820002010B50CF0CFFF04466C
:1057A00018B9034B01215B689847204610BD00BF24
:1057B000F820002010B50CF095FF044620B9034BEB
:1057C00001215B6808469847204610BDF82000205C
:1057D00010B50CF094FF20B9024BBDE810401B68D7
:1057E000184710BDF8200020431E033306D8044B91
:1057F000984228BF1846642838BF6420704700BF0D
:1058000040420F00F8B5054609F07FF90F4B1E68BE
:10581000074626B9384609F07CF9344611E0B468E9
:105820008CB194F810C01CF0010F0CD195E80F005A
:105830004CF0010C84E80F0084F810C0384609F0E1
:1058400068F92046F8BD3668E3E700BFF020002085
:1058500038B505460C4641B10B6833B11B680133BE
:1058600003D0CB680BB18B684BB90DF0F4F9BDE8F0
:1058700038404FF492724121002000F02FBA0846C0
:1058800001F046FB0023044A85F8DC30C5E92343D8
:10589000C2E9003338BD00BF5022002010B50446D5
:1058A00018B9054B054A136010BD04F01BFFD4F86E
:1058B0009830002BF6D1F4E79B250200EC20002065
:1058C000014B1868704700BF5022002010B50C46ED
:1058D00004F046FF054B00215B68032098471CB18C
:1058E00005F0E6FF0128FBD110BD00BFF820002025
:1058F00008B502460868FFF777FF08604868FFF7B9
:1059000073FF48608868FFF76FFF8860C868FFF71B
:105910006BFF0B69C860581C03D00B48834228BF3B
:1059200003460B614B69581C03D00748834228BFCC
:10593000034688694B61FFF757FFBDE8084088615F
:10594000104605F021BD00BF40420F002DE9F84F81
:10595000D0F8903006460F4613B1038B8B4244D0EB
:10596000D6F88CB0BBF1000F42D0DBF80830002B2A
:105970003ED0DBF80C1000293AD0D6F8A0A0BAF13E
:10598000000F38D04FF000094D46C84601E0DBF863
:10599000083005EBC50203EB82040135E389BB4205
:1059A00014D8238ABB42304610D3B4F91220B6F97A
:1059B00024309342A04653DD96F8D010F2F73AFF18
:1059C000337D834281464BD9DBF80C108D42DED308
:1059D000B8F1000F3ED00023424619463046D0476A
:1059E0003783C6F8908086F8D9900020BDE8F88FFC
:1059F0000320BDE8F88FD1465446524647F6FF755E
:105A000004EBC40803EB8808B8F80E30BB421BD87F
:105A1000B8F81030BB4217D3B8F91220AA4207D108
:105A20004FF0FF093783C6F8908086F8D990DCE7FD
:105A300096F8D0103046F2F7FDFE337D8342814662
:105A40004246EFD9DBF80C100134A14204D9DBF84F
:105A50000830D5E70120C9E7002AFBD09046E1E7EE
:105A6000A046B8E72DE9F04782B0044689461646BD
:105A700005F0DEFE3B4D08B100236B602B68D4F8C7
:105A80008CA0D4F890700BB153454BD04FF0000868
:105A9000C5F8089005F00CFF012836D12B68DAF81C
:105AA00000103A6813B11868884246D020460DF0BD
:105AB000F4FAC5E900A7D4F8A0508DF80760002DCE
:105AC00042D000220DF1070311462046A847204688
:105AD00005F048F90546B8F1000F00D08EB1B5FACF
:105AE00085F040F2DE324009332100F0F7F831460C
:105AF000204605F007FB1C4B05461B68394620462F
:105B00009847284602B0BDE8F087012004F028FE3F
:105B1000164B00215B680320984705F0C9FE012859
:105B2000FBD1BBE76B68002BB0D0BB42AED1AB68FA
:105B3000994514D04FF00108AAE7696811B10968C6
:105B40009142B6D05968B1E7217D94F8D930994295
:105B500028BF19463246204605F0D8F8B7E7002599
:105B6000CFE700BF50220020EC200020F8200020CA
:105B7000F8B505460E4608F0C8FF314607462846E8
:105B8000FFF7E4FE044620B1384608F0C2FF204685
:105B9000F8BD05F035FE224631462846FFF762FF84
:105BA0000446384608F0B5FF2046F8BD084B10B44F
:105BB000002A14BF14461C46064B1C6019B15DF840
:105BC000044B0CF022BD08465DF8044B704700BF43
:105BD0009B250200EC20002013B5044669460CF01A
:105BE000F6FD20460DF0D1F9FF28024606D09DF8BB
:105BF00000102046F2F7B6FE02B010BD0048FBE7E9
:105C00000080FFFF2DE9FF4105460F4690460AB987
:105C1000D0F82C80414628460CF03FFE18F0010FCA
:105C200002D0284602F0E8FE0DF086F8184B044634
:105C30000FCB6E4686E80F0037B104AB03EB84034D
:105C400057F8242043F8102C18F4803F10D1224636
:105C5000314628460CF0C2FF38B937B104AB03EB2C
:105C6000840353F8103C47F8243004B0BDE8F081B9
:105C700004AB03EB8403224653F8103C0133314656
:105C8000284602D00CF0B9FFE6E70CF077FCE3E71A
:105C90001C70020008B50B46024919400CF0DFFDEC
:105CA000002008BD0700110007B54FF400730A4932
:105CB000ADF806300DF106020CF068FEBDF80630B6
:105CC000B3F5007F05D1022808BF002003B05DF8BE
:105CD00004FB0120FAE700BFEC4A002008B550B9E8
:105CE0000548064B01601A60054B1A68054B1A609F
:105CF0001868ECF7CBF808BDF4200020F04C002029
:105D0000E84A0020EC4C00202DE9F0411B4A8AB003
:105D100001AC05460B4602F1200C2746106851687D
:105D2000264603C6083262453446F7D1002B08BF29
:105D30003B4610683060002703F10C061C463846CD
:105D400090B95FFA87F82188424628460DF04AFA52
:105D500050B9E188424628460DF055FA20B942462E
:105D6000314628460DF061FA0137032F06F1080687
:105D700004F10204E4D10AB0BDE8F08134700200FD
:105D8000F0B589B005460E460DF066FA044600BB34
:105D900006F10C070FCF01AC0FC497E8070084E8A9
:105DA000070001A92846FFF7A3FD311D28460CF086
:105DB000A6FD044648B90849284605F0A7FA044656
:105DC00018B9284605F0ECFD044631682846FFF76F
:105DD0009BFF204609B0F0BD2C70020001490CF079
:105DE00005BE00BF91B9010070B5164E0328337887
:105DF00004460D461ED023FA04F202F00102AA4224
:105E00001DD053B10122A24023EA0203A5402B4337
:105E1000DBB233704BB1012070BD2DB10A4B0120B4
:105E20001B6898473378EDE73570074B00201B68F7
:105E30009847F0E79A07DED003F0FC03E9E700207B
:105E400070BD00BF45500020304D002038B50446DD
:105E50000D46FFF775FC60B105F0F8FC48B9012D5F
:105E600007D801200DF099F90D4B1B6823B15B6831
:105E700098470C4B1C7038BD0AF025F90A4B1A687C
:105E8000801A1860F5F724FC084B1B684FF47A72EF
:105E900002FB00300CF0A8FD012005F0DFFCE8E774
:105EA000E84D0020D2210020284D00202C4D00205C
:105EB000F8B5124F05460C4608F027FE3B7806461B
:105EC00033B1012D04D01CB90D48F5F7B1FA3C707F
:105ED00021462846FFF788FF0A4B1B7804463BB94A
:105EE0003B782BB90DF0FBF810B1074B1B689847B6
:105EF000304608F00EFE2046F8BD00BF4650002098
:105F0000044D002045500020F8200020054A0B4693
:105F1000117831B100211170034A187852680121BB
:105F20001047704746500020F8200020124B0239DD
:105F3000012910B518701ED8FFF702FCD8B105F082
:105F400085FCC0B105F080FAA8B90C4B1C6834B1CF
:105F500023689847BDE8104000200DF01EB90CF0F2
:105F600041FD074B18600AF0AEF8064B186020465A
:105F700005F074FCEEE710BDD2210020E84D0020B2
:105F80002C4D0020284D002038B5044680B108F083
:105F9000BCFD012104460846F4F7A8FE012108468D
:105FA0000A4A0AF03CF82046BDE8384008F0B1BD86
:105FB00008F0ABFD214605460120F4F797FE0120CD
:105FC000024A21460AF02BF82846EDE758700200F5
:105FD000F0B5324D85B008F098FD2B78044623B11A
:105FE0002F48F5F725FA00284AD1F5F715FB02AA44
:105FF00003A90DF05EF80346002832D00DF06DF8CD
:10600000029B98421ED10020264B03991B68264E06
:106010009942307021D9C91A00270123CDE90077B0
:106020001F482B70214A33460AF027F800282FD149
:106030001F4A1378D90717D4204608F06AFD0020BC
:1060400005B0F0BD0DF047F8029B98421ED0154BED
:10605000154A1B680393002010700121FFF7C4FE4E
:10606000EAE720462B70E8E731780029E4D103F015
:10607000FE031370002BDFD10E4B1B689847DBE744
:10608000204608F046FD032005B0F0BD0220BBE726
:10609000032320462F703370F3E700BF46500020E3
:1060A000044D0020244D0020D12100200D5F01006F
:1060B00045500020304D002038B5134D08F025FD27
:1060C0002B780446C3B9114A11491370114B124A77
:1060D0001A601248124A5A60F4F738FE1149124801
:1060E000F4F734FE114B124A1A60124B1B68124B24
:1060F00002221A6001232B70AFF30080204608F0C3
:1061000008FD002038BD00BF475000204650002049
:1061100060700200F8200020D15F0100F44C0020E4
:10612000B15E010068700200FC4C0020304D002080
:10613000895F010000300E40244D00200D4BD3F844
:10614000E020D20314D50C494FF48032C3F8E82084
:10615000C1F8EC209A6BD1B2C2F3072299679A6713
:1061600004229A6700229A679A679A679A679A67E1
:10617000704700BF0010084000100846F8B50C4CEE
:106180000D461746064608F0C0FC0123A36204230F
:1061900027606660A560C4F8E830064B4FF4807253
:1061A000C3F8802108F0B5FC0DB10223A362F8BD4D
:1061B0000010084000E100E0054B1860054B01228B
:1061C0009A6540F6FF72196358635A65704700BFBD
:1061D000384D0020001008402DE9F04F042A83B00C
:1061E000054639D90B7883614B7883618B7883615D
:1061F000CB7883610068D5F808B06E6800F00700BE
:106200000123063003FA00F808F1FF3909EA0B0709
:10621000A2F1040AA8EB0702924501F1040446F03A
:1062200000560DD8F019214652460DF093F80AEBAE
:106230000B0248EA09031A40AA6003B0BDE8F08FD8
:106240002146F01901920DF085F8019AA118AAEBE8
:10625000080230463A44E8E7013A032AEDD8DFE87D
:1062600002F00B08050211F8013B836111F8013BB4
:10627000AB6111F8013BAB610B78AB6103B0BDE8DA
:10628000F08F00BF38B50C46104B1546014668B17B
:106290000122C3F8B8200E482246FFF79DFF1DB12A
:1062A0000A4B0422C3F8B820002038BD64B1D3F8EB
:1062B0009C20A24284BF0122C3F8B820C3F89840B2
:1062C0000222C3F8B820EAE70122FAE700100840EA
:1062D0009010084010B508F018FC184B184901221E
:1062E0009A65C3F888201A66164A5A660722C3F8C8
:1062F00084200A80144900220A804FF4A021C3F8A8
:10630000E81003F1C0630446C3F8EC100F4B1A60A9
:106310000F4BD3F888305B020AD50E4B18680E4B32
:106320004FF48002C3F88820416BA43002F05EF87D
:106330002046BDE8104008F0ECBB00BF001008404C
:10634000F04F0020A8230020EE4F0020344D002005
:1063500000400840E84A0020004008440D4B072256
:106360001A800D4B00221A800C4B0121C3F8B81083
:10637000C3F890204FF40052C3F89400C3F8B4203F
:10638000074BF0221A6403F10073A0221A64FFF78E
:10639000A1BF00BFF04F0020EE4F002000100840CA
:1063A000000008442DE9F041044688B1394E3A4FC7
:1063B00008F0ABFB3388394A03F07801032C05461B
:1063C00003F07F0C114453D13C6824B908F0A1FBC1
:1063D0000320BDE8F08124F00104386820F00100BA
:1063E000A0424AD100223A6022886FEA42426FEA14
:1063F00052428C42228036D1294CDFF8B8C027881F
:10640000ACF180083A46083A92B201F108006045C2
:1064100028BF4046082A04D9B0F900E0BEF1000FB9
:1064200036DB22803B440C8888781E499B1ADBB2FD
:10643000C4F30C04CC6300F007003380CB66C1F8D2
:106440008420FFF77BFE04280DD1174BD3F888304A
:10645000164B1868164B4FF48002C3F88820416B26
:10646000A43001F0C3FF284608F053FB0020B0E73A
:10647000601E012898BF0C46AFE7094862440088B7
:10648000A21A48BF803208389042ADDC28469DE70A
:106490000146B8E7EE4F0020344D0020A82300202D
:1064A000F04F00200010084000400840E84A00205B
:1064B00000400844282400200E490F4B0A881B88FE
:1064C0000E481344073B03F07803034408329878DE
:1064D00092B20A8000F0070009490428C1F884201C
:1064E00004D101F540514A681203FCD4054A1360F7
:1064F000704700BFF04F0020EE4F0020A82300207F
:1065000000100840344D002010B5054C206828B11B
:10651000C30701D4FFF746FF0023236010BD00BF6F
:10652000344D0020084B4FF48032C3F8EC2003F1C7
:106530007C43C3F8E420D3F88030C3F30C03782BFA
:1065400001D8FFF7FBBD7047001008442DE9F84360
:1065500004460E4608F0D9FA504B514D1A882D8842
:106560008146504802F07801032C02F07F03014479
:1065700017D14D4C24688CB92A44073A02F07802AE
:1065800084180344E31A48BF8033AB4210DB48460B
:1065900008F0BFFA00242046BDE8F88324F0010487
:1065A000EFE7012C02D0022CEBD1083D0C46E8E7C6
:1065B000002E41D08C423D4942D1D1F83C800A6B3B
:1065C00002F00702063201279740D1F88020C2F37B
:1065D0000C029A4247DDB4F900302588002BD6DB47
:1065E000A378C5F30C0503F007037A1EA5EB080595
:1065F0003A43052B337005EA02052CD82DB2E84347
:1066000040F236420421C00FFFF768FB7580E37843
:10661000274A337412687B1E03EA0803D118B1605D
:10662000A9B213FA85F5BD4289BFFF1A0023B780CE
:10663000F2609CBFB180F360484608F06AFAAAE7AE
:10664000A4F10802824238BF04F17802B2F8008057
:10665000C8F30C08B3E7174BDB6C003B18BF0123F2
:10666000A5EBC305CAE78B6B7A1EA3EB08033A437D
:106670001A40114B15B25B686AB9C3F30363D91EA4
:106680004B424B41DB0033700B4B7280D3F89030A0
:10669000C3F30723BCE70823F5E700BFEE4F002054
:1066A000F04F0020A8230020344D002000100840A7
:1066B000384D0020000008400040084000284CD021
:1066C0000378112B49D9294B42781A7082785A7075
:1066D000C2789A700279DA7042791A718279003A36
:1066E00018BF01225A71C279003A18BF01229A716B
:1066F000027A003A18BF0122DA71427A1A721C4AF1
:10670000002111700278172A18D9827C521A18BFFA
:1067100001225A72C27C9A72027DDA72B0F8152098
:106720009A81B0F81720DA81427C1A740278182A0C
:106730008CBF427E00225A7400207047827A003A51
:1067400018BF01225A72C27A9A72027BDA72B0F8CA
:106750000D209A81B0F80F20E5E7064AD2F83C31C7
:106760001B0C1B04C2F83C3101207047F24F002083
:1067700048500020004008400346032823D8DFE8A3
:1067800000F00213171B114A137A012B02D1507922
:10679000A8B97047022B02D1907980B97047032BBA
:1067A00011D1D07958B97047084A507938B9704733
:1067B000064A907918B97047044AD07920B1044A42
:1067C0000120137070470020704700BFF24F002077
:1067D0004850002008B503490878FFF7CDFF087836
:1067E00008BD00BF48500020431C08D0044AD2F81E
:1067F0003C311B0C1B0480B20343C2F83C31704790
:10680000004008402DE9F041FFF764FD3B4B3C4E52
:106810001C683C4BDFF80C811A6E3B4A1B6B1568F9
:106820003A4F0121084640F22322FFF757FA384B2E
:10683000D3F810212260D3F8F82062607269A26058
:10684000B26AE260B26C2261F26C6261B26FA26104
:10685000D8F88020E261D8F8182022627A68626253
:10686000D3F81821A262D3F81C21E262D3F82021C8
:106870002263D3F824216263D3F85021A263D8F8AD
:10688000B820E263033525F003059B6B2B60B369E9
:106890006B60D8F88430AB6001F0C8FFE860FB6F34
:1068A0001C4C2B61D4F8BC3E6B613B6AAB61002091
:1068B00001F02EFA0023C8F88430174B4FF4007211
:1068C000C3F88820D4F8BC3E23F40063C4F8BC3E6F
:1068D0002023C8F81032114B01221A6403F58043BB
:1068E0004022DA600E4BB2691B7C1B0203F470631A
:1068F00022F470621343B361BDE8F081707002004E
:106900000070084000100840384D0020000008408A
:1069100000400840001000210040084400000846E4
:10692000F24F00200060084013B5044601F084FFD8
:10693000104B1B6B400013F4801F0F4B14BF201A29
:1069400000190024CDE90004186801F07BFF2146FE
:106950008DF80600684601F0D1FF40B1074AD2F831
:106960003C311B0C1B04C2F83C314FF0FF3002B02D
:1069700010BD00BF00300840E84A00200040084039
:106980000C4B4FF4001210B59A6103F17E430122C3
:10699000094CC3F8F820636813F0706FFBD1FFF760
:1069A00099FC064B08221A606368C3F30363022B49
:1069B000FAD110BD0060084600400840004008467B
:1069C0000B4BFF2210B51A6008F09FF80E21044609
:1069D000032001F00DFC074B40F201225A622046D1
:1069E00008F097F8044A536813F0706FFBD110BD9C
:1069F0000040084400000840004008400A4A0B4B91
:106A0000916A0B4043F0804343F418439362084B70
:106A10004FF480025A61A3F540534FF40022C3F8AB
:106A20001021C3F8F820704700700840FF01108063
:106A300000700846694A936C23F47F5323F03F03A8
:106A400043F4605343F03E0373B59364D36C644CDA
:106A5000644D654E1B0D1B0543F4165343F03C0378
:106A6000D364936F03F07F4343F4DB0343F49063F9
:106A70009367936A23F0BF0343F0A70393625B4BD2
:106A80004FF480025A615A4B0022C3F8802003F170
:106A900080634FF4E0729A6103F100734FF48072E7
:106AA0009A61544A536823F0070343F00503536087
:106AB000514A4FF40023C2F81031D4F8183123F0B2
:106AC000404343F08043C4F818314FF44043C2F8C8
:106AD0001C31C5F81C31D4F82011484B0B4043F44D
:106AE000886343F00503C4F82031D4F8243123F03F
:106AF000370343F02003C4F82431D4F8243123F4BD
:106B0000472323F4E06343F4042343F4A063C4F86D
:106B100024314FF4F873C2F850310823C5F8183106
:106B20004FF48033C5F8103114200CF0FAF8D4F883
:106B3000183123F47F5343F04003C4F818314FF465
:106B40000033C5F8103114200CF0EBF8D4F81831EC
:106B5000334043F0807343F48043C4F81831142069
:106B60000CF0DFF84FF48023C5F8103114200CF03E
:106B7000D8F80923AB63224D14200CF0D2F8687CBE
:106B8000C8B101AA69460CF08BF8D4F81831019A03
:106B900023F47F5343EA8213C4F81831D4F8183130
:106BA000334043EA8233009A43EA0263C4F818315F
:106BB00014200CF0B6F80E4AA978D2F8B830C3F316
:106BC000160343EA016343F400031420C2F8B8300B
:106BD00002B0BDE870400CF0A4B800BF00700840DF
:106BE0000040084000400846FF3FC0E000700846F3
:106BF00000600840000008400040084432F33FFFB6
:106C0000F24F002010B50446FFF7DAFEFFF7FAFD59
:106C1000022C15D1114BD978104A2046537812789E
:106C20000CF04AFB431C0DD0FFF77EFE013009D06B
:106C3000FFF7A6FE022C0BD1FFF7E0FE002003E0D9
:106C4000032C02D04FF0FF3010BD044B1979E3E75D
:106C5000032CF7D1FFF7EEFEF0E700BFF24F002064
:106C60002DE9F84F0E2A0546BDF82870164618463D
:106C700058D82E4BDFF8C4A0D3F83C41DFF8C080D1
:106C800024F4FE4424F07F047F2994BF0C4344F095
:106C90007F047F2D28BF7F2544EA0524C3F83C41AB
:106CA0000CF03FF8224B4FF0010909FA06F9D3F82E
:106CB00000B000263546344638460CF032F89AF8D3
:106CC0000930ABB91B49D8F83C202023CB63C8F866
:106CD0003830012302F02002C8F84030D8F83030B4
:106CE0009B06FBD52023CAB1134AC8F83830D363BA
:106CF0009AF80B30B34206D84FF0FF31584601F0F6
:106D0000CFFA0135044401364E45D5D1002D08BFD8
:106D1000012594FBF5F000B2BDE8F88FCB63C8F80D
:106D20003830E5E747F6FF70F6E700BF004008405F
:106D3000E84A00200070084400700846F24F002026
:106D400000700840344B73B51C68344B1D68FFF766
:106D500037FE04F093FF324B2268C3F810216268BB
:106D6000C3F8F8202F4AA1685161E1689162216956
:106D700091646169D164A16991672B49E069C1F8A7
:106D80008000206A88612948666A4660A06AC3F864
:106D90001801E06AC3F81C01206BC3F82001606B86
:106DA000C3F82401A06BC3F85001033525F0030597
:106DB000E06BC1F8B800286898636B689361AB68B2
:106DC000C1F88430EB680093194B002418680194D3
:106DD00001F038FDAB698DF8060021466846ADF834
:106DE000043001F08BFD2B699B0702D0012000F0DD
:106DF0008FFF104B6A69C3F8BC2EFFF76BFA0E4B7E
:106E000001221A6403F580434022DA60074B4FF0F9
:106E1000FF329A6602B070BD70700200384D0020DB
:106E20000040084000700840006008400000084032
:106E3000E84A0020001000210000084408B501F0D5
:106E4000F5FC30B1044BD3F8C000431C00D080B235
:106E500008BD4FF0FF30FBE70081E00F2DE9F04166
:106E600004460E46174698460BF045FF012C054692
:106E70000FD0A31E012B06D82046FFF7C3FE01301A
:106E800023D1FFF75FFF0BF036FF4FF0FF30BDE877
:106E9000F081FFF7D3FF0446FFF71CFA0BF02BFF3E
:106EA0000F4B401B98423BBF4FF6FE714FF47A7375
:106EB0000021B0FBF3F038BF0140631CE5D0204651
:106EC000FFF792FC44EA0140E1E7BDF81830424682
:106ED000394630460BF061FE0446FFF733FFDDE72D
:106EE00018FCE70307B5FFF775FCFF280AD0074A2F
:106EF000D38900939389927A0221FFF7AFFF03B001
:106F00005DF804FB4FF0FF30F9E700BFF24F0020BF
:106F1000054BD3F8B400431C14BFC0F380700120AC
:106F2000A6223121FEF7DABE0081E00F034B1A687A
:106F30009B88026083800020704700BFB62100203C
:106F40000F4B0628D3F8883104D183F40013C3F320
:106F500040507047022805D113F4400F0CBF0120A8
:106F60000020704750B9074AD2F8D40010F0010051
:106F700005D083F48003C3F380507047002070472E
:106F800000400E400081E00F0C4A5288B2F5E16FDC
:106F900094BFC8225A2210B594BF7824502490423E
:106FA0008CBF172210220A70054A0346107818B1C8
:106FB0009C422CBF0020012010BD00BFB621002044
:106FC000D621002013B5234B1B780E2B04463ED050
:106FD0000DF10701FFF7D8FF1E2C8CBF1E4C1F4C74
:106FE0009DF807304FF001028CBF01210021C4F849
:106FF000082170B1194A4DF60174C2F804411B0210
:1070000002F1007243F44043C2F80431144AA2F87A
:10701000D430134A134C92F8D83023F001030343C1
:1070200023F0020343EA4103DBB282F8D83024782C
:107030006CB923F0040343EA800323F00803B2F899
:10704000D440A2F8D64043EAC10382F8D83002B057
:1070500010BD00BFB6210020004008460040084493
:10706000001F00214B500020084B094AD3F88831FB
:10707000DB4303F4FE1343F40053B3FA83F30E33FC
:10708000A3EB4313013B1370704700BF00400E4059
:10709000D521002002280CD0062802D020B10020E3
:1070A0007047054B18787047034B18780430C0B20E
:1070B00070470720704700BFD52100202DE9F74316
:1070C0003A4E3B4F96F8009015463A4AD2F8C820FF
:1070D000B9F1020F0446884607EA02071AD147EAC7
:1070E000006788F80000002372882B60B2F5E16F1A
:1070F00094BFC8225A2227F47F57944227F00807EA
:107100009ABF380A00F47F5043F6C870384303B082
:10711000BDE8F083284A1278904228BF144604EB59
:1071200083030B70F4B1013CE4B24FF030632B6089
:107130006A4601A920460BF0B3FDDDE9002347EACA
:1071400003671E4B98F800101B7847EA823747F414
:107150007F5747F008073BB90029194B18BF4FF07C
:107160007F43C1E7164BE2E7164B1748B9F1060F0C
:1071700008BF03462AB90029114B18BF4FF07F43BF
:10718000B2E7B2FA82F2C2F11F02D2B29B5CDBB26A
:1071900039B15A1ED2B2FD2A05D81B0643F00403AA
:1071A000A2E7074BA0E74FF07F439DE7B621002001
:1071B0003F00C0E0001F0021D52100204C500020DE
:1071C0000400000BB883E00FB083E00F2DE9F3411A
:1071D0000446C820FFF7F6FE2B4B2C4E18780E28DD
:1071E00001D0FF2C05D1FF243470204602B0BDE849
:1071F000F08102282DD1072C204628BF0720012826
:107200004FF0000301AA0DF1030138BF0120FFF781
:1072100055FF05461E4B1F4FDDF80480C3F858810B
:10722000C7F8C8509DF8034034702046FFF7CAFEE7
:10723000194A4FEA082303F4E063127843EA18631B
:10724000A7F8D030002AD0D1C7F8CC50A7F8D23058
:10725000CBE7A0B9052C32BF002701270420201A54
:107260003B4601AA0DF10301C0B2FFF727FF4FF41F
:107270008003054637B1094AC2F80831CAE700273A
:107280003846ECE7064AF7E7B6210020D721002070
:1072900000400840001F00214B50002000400846DD
:1072A0000040084408B501F0E1FA094B094A0028FA
:1072B00018BF1A46136823F47F115B0803F4FE130A
:1072C0000B431360044B4FF00072DA6108BD00BF3E
:1072D00000410840184108400040084008B501F04E
:1072E000C5FA064B4FF4001228B1C3F800214FF045
:1072F00000621A6208BDC3F81821F8E7004008448C
:10730000014B1868704700BF3C4D0020436C012BB7
:1073100038BF01232DE9F0479A46464B464F9B69FB
:10732000464E474D03F4E073A3F5C07280464548CE
:107330005142514102685245434A0FD114788C4260
:107340000CD198F8D0C03C78A44507D198F815C066
:107350003478A44502D1A888BDE8F087B3F5C07F92
:10736000C0F800A011704AD1D8F8944024B1236825
:10737000082B58D994F838400F2120460BF072FCA6
:10738000BAFA8AF3002852D0B0FA80F29B1A002B86
:10739000C6BFD840C3F10F094FF00F09504501D9BE
:1073A00009F1FF39234B2004C3F8BC0003F18063CB
:1073B00040F6FF72C3F8B82003F100734FEA0921C9
:1073C000C3F8B8100BF07FFCA88000F08DFE09F028
:1073D0001F094FF4FA7304FA09F45C4341F66A0397
:1073E000B0FBF3F00A23B4FBF0F45C43174B1C60D2
:1073F00098F8D0303B7098F815303370ABE798F8B8
:10740000D030062B06D1124B1B78002B0CBF9624D4
:10741000C824B1E7022B08D00D4B1B78002B0CBF02
:10742000B424F024A8E70024A6E73224A4E74FF010
:107430000F09B7E700600840D4210020D3210020C5
:10744000B6210020002100204E5000203C4D00209D
:107450004C500020FF290DD00F4B1048C3F85001AD
:107460000B04090501F0F87103F4E0230B430C4908
:10747000C1F85031FF2A0DD0074B40F2F711C3F885
:107480005011130103F4F87302F007021343044A86
:10749000C2F8503100207047004008440000F70156
:1074A00000400846F8B5134B134E1F68134D38467D
:1074B00001F0C8F93378C4B2A34201D12B78A3B14B
:1074C000092C14D80E4B012C195D05D10D4B1B78DE
:1074D000022B01D141F0400101F00F0238460909A9
:1074E000FFF7B8FF002334702B700020F8BD002494
:1074F000FA21F1E7E84A00204A50002049500020D4
:1075000074700200B621002038B5044600F094FDE6
:10751000142200212E480BF0E4FF2E4B25781A7818
:107520002D49521B18BF01220A7022681A60C82018
:10753000A2889A80FFF746FD284BD3F8C820284B35
:10754000FF211970274B2849062D03EA0203274A19
:107550001AD14FF4EE40C2F824014FF48A42C1F828
:107560002421012243F08043C1F820211B4AC2F8A4
:10757000C8301E4B0322C3F85821FFF793FF1C4B62
:1075800001221A70002038BD022D4FF007000ED1E5
:10759000C2F80C010620C1F80C011649C2F8081106
:1075A0004FF4404143F00303C2F80411DEE7C2F890
:1075B0000C010520C1F80C01C020C2F8080143F0FD
:1075C0008043812243F00403C1F80821CEE700BFC5
:1075D000C81F0021B621002049500020001F0021B3
:1075E000D72100202800C0A00040084600400844E1
:1075F0004D500020C1004000014B1870704700BF83
:107600004C5000202DE9F0472D4C2E4B236000F00C
:107610006BFD4FF4FA7307464FF47A76B0FBF6F63B
:1076200029482A4A7343190E1B02181841F1000118
:10763000002305F0F3F9A0F580730546A36220B995
:1076400066222B21FEF74AFB01254FF47A726A432A
:107650004FF0000A53465008310205F0DFF91C4B89
:1076600019601C4BB7F57A7F4FEA056889460446D6
:1076700018604FEA152505D276222B215046FEF7D9
:107680002DFB01264FF47A73A8FB030103FB0511C0
:107690007308C01841F100010023324605F0BEF91D
:1076A0000D4B023419600D4B49F10009A408186014
:1076B00044EA8974024B013C1C63BDE8F08700BFBB
:1076C000005008400211010020A1070040420F00B5
:1076D0004C4D0020484D0020444D0020404D0020DE
:1076E000044B4FF00052C3F880211A60024B012274
:1076F0005A60704700E100E000500840074B4FF02F
:107700000052C3F88021C3F88020BFF34F8FBFF32E
:107710006F8F034B04225A60704700BF00E100E006
:107720000050084010B50446A242A2EB0000A3EBB3
:10773000010104D2034B1B6B01331844013901F0E2
:10774000030110BD0050084038B502010A4B012565
:107750009D500A4A4FF4807383405366044607F0F5
:10776000D4F9074A1378A54023EA05031370BDE84E
:10777000384007F0CEB900BF00510844005008401F
:107780004F5000202DE9F0471546044688461E4616
:1077900007F0BBF9022D00F0B880074607F0C4F9E6
:1077A0006C4B6D4AD3F8189092F815A0DA6D5FFA19
:1077B0008AFA520744BFD3F818900AF1010A07F079
:1077C000B9F9664B664A1B6811684FEA8A7CA3FBCD
:1077D000093213F1004301FB09CCD8F800304CEB1F
:1077E000020C012D04BF01336344ACEB030C08BF52
:1077F000C8F80030BCF1804F0AF0030AC0F098804E
:10780000584AD2F800C0584AD2F800E0514A23F052
:107810004041106B4FF000480022ECFB01820EFB50
:10782000012282424FEA937381BF01330130121A61
:1078300003F00303A3EB0A03914588BF4549DFF832
:1078400048C184BF096B03F1FF3303F003030CF855
:107850000430A2EB0900A3B1F10742BF434B41F64C
:107860001F71D966B30742BF404B4149D9667107C2
:1078700042BF384B00211967330742BF354B002107
:107880001965344B04F1100103EB041E0901CEF815
:107890000C2111225A5037499A694FF0010EA2EB80
:1078A000090A0EFA04F8D3F85C900A785FFA88F8AF
:1078B00048EA020282450A7026D34FF48072A24041
:1078C00019EA020F20D11CF8040000283FD10DB3A3
:1078D000F0071A6608D5254B274941F61F7240F27A
:1078E0000110DA66C866DA66B10706D51F4B224971
:1078F0001F4A2248DA66C866DA66720742BF204B22
:1079000001229A60330719D4384607F002F90120A2
:10791000BDE8F0871B48240140F804E05A6607F0F0
:10792000F4F814490B7823EA08030B7007F0F1F818
:10793000384607F0EEF80020BDE8F087212000F07F
:10794000B9FA044B4FF480325A603846DDE71A66C4
:107950003846DAE700500840B44D0020404D002082
:10796000444D0020484D00204C4D0020005008445C
:1079700000001F1F4F50002000500846000001016A
:10798000004008400051084450500020024B187835
:10799000003818BF012070474F5000201030034BB3
:1079A0000001185800F00100704700BF0050084067
:1079B0001030044B01F46001000141F00301195043
:1079C000704700BF0050084038B507F0ADF8084BCD
:1079D000084A9D69547DDA6D520748BF9D69E4B23B
:1079E00048BF013407F0A6F8284604F0030138BD6B
:1079F00000500840B44D002038B50B4B03EB00128B
:107A000010300001D2F80C411D58FFF7DDFFAB0725
:107A100006D5844200D90139204601F0030138BD62
:107A2000844238BF0131F7E70050084070B5184C68
:107A3000E66B26BB202000F03DFA164B10251D609A
:107A400002F006FC144B8022C3F8802101F002FDF5
:107A500038B132460020082102F068FD0F4B656600
:107A60009D660F4A536803F07063B3F1807FF9D9C4
:107A7000074B0C4ADA6641F201421A6770BD01F009
:107A8000E9FC0028F4D0054A074B63669366EFE7EC
:107A9000005008400040084600E100E00050084661
:107AA00000400840011B01181000000208B5212009
:107AB00000F000FA024B4FF480325A6008BD00BF5C
:107AC0000050084008B5222000F0F4F9024B4FF4B2
:107AD00080225A6008BD00BF00500840064B1B685A
:107AE000434303EB8171054B1B68A3FB003013F18B
:107AF000004341EB00007047444D0020404D002002
:107B00000D4A10B5146820F0404301464FF0004282
:107B10000020E4FB0320094A126802FB0300084B23
:107B20001B6B98424FEA917104D901330131C01A9D
:107B300001F0030110BD00BF484D00204C4D002056
:107B400000500840F8B5064603F080FE044608B130
:107B5000FFF7D4FD084D094F00232B6130466B61C0
:107B6000AB617B75FFF7CCFFC9B27975A8610CB129
:107B7000FFF7B6FD0020F8BD00500840B44D0020CE
:107B80002DE9F041224F0646386820F4700040F499
:107B9000A00038609DF81C401D1E9DF818304FEA6B
:107BA000042444EA036444EA021408BF002144EABE
:107BB00005440C43FC64D7F82C80B8F5803F40F2B4
:107BC000B5224FF018012CBF00200120FEF786F8E7
:107BD000C7F83880CDB10F4BB468D3F88030412C52
:107BE00038BF41245B0606D500F014FB18B10A4BE0
:107BF000B3FBF0F31C442046FFF782FF01308045C1
:107C0000034B3ABF0022DA63D863BDE8F08100BFBE
:107C1000005008400070084000093D00F8B5184DBC
:107C2000AB691B04044626D500F0B0FBAB6913F02A
:107C3000787FA0FB04464FEA9367C3F34450C3F335
:107C4000044505D140F25E422B21FEF747F80120A2
:107C5000AD01B5FBF0F010EB871005D140F26342A7
:107C60002B21FEF73BF80120024600232046314637
:107C700004F0D4FEF8BD00F0CDFAA0FB0401F9E752
:107C80000070084030B50C4C02460120A0F12003E2
:107C9000C0F1200524FA05F504FA03F32B4304FA96
:107CA00000F595428B4100D330BD0F2801D0013043
:107CB000ECE7FF20F8E700BF40420F0010B50C468C
:107CC000FFF7ACFFC30943EA4163C01A61EBD1116E
:107CD000FFF7D8FFFF2814D00C4B0F22C3F88020E9
:107CE00003F1007340F01000C3F8800003F17A4301
:107CF0009B69DBB2802B06D02046BDE8104000F027
:107D000031BB012010BD0220FCE700BF0070084419
:107D10003B4B082270B501210546C3F8C8203948FD
:107D2000394CEEF7F7FE394B1D702378013B012BE0
:107D30000CD8237CE07B01229A400C21302313FBDA
:107D4000001303F1884303F520431A60304B0022EF
:107D50005A677DB92F4A4FF6FF71D16702F1007261
:107D6000F821D1675D672C4B4FF08042C3F8942017
:107D7000002070BD636853B300F0B6F9626800EB91
:107D80005203B3FBF2F3013B1B0243F0F8032678E6
:107D90002049224A022E1CD0032E1D484FF6FF75A3
:107DA00021D0012E27D143F00203CD67D3670723EB
:107DB0004367237CE07B01229A400C21302313FB94
:107DC000001303F18C4303F520431A6011E0F823FC
:107DD000DDE743F001034FF6FF70C867D3670C4B34
:107DE00005225A67E5E743F00503CD67D367012312
:107DF00043670B4BB8E7CD67D3670023F8E700BFB5
:107E000000400E4600350A00504D0020555000201D
:107E100000000840000008440040084400000846F4
:107E200000400846F8B5064604460FCE1C4F3D46B6
:107E30000FC533682B601B4B1B480822C3F8C820B2
:107E40000121EEF767FE194A00235367A37BE17A0D
:107E50001B0443EA0123217A0B4393673B78032BEE
:107E60001BD8DFE803F01402080E617B207B00239F
:107E70000422F0F7EBF8217CE07B00230422F0F7EA
:107E8000E5F8A17A607A01230422F0F7DFF8084BC5
:107E90001878BDE8F840FFF73BBF0120F8BD00BFF0
:107EA000504D002000400E4600350A0000000840FA
:107EB00055500020044BD3F89430002BBCBF034B2B
:107EC000C3F88000704700BF004008400000084031
:107ED00008B5064B06491A684FF0045092000BF0A3
:107EE00039FABDE8084000F0BDBF00BFA87002002D
:107EF000AC70020070B50C68651C15D0C4F3026646
:107F00009E42C4F3074530D1A4B294422DD804EB6D
:107F10008506B24229D2141BA50824F003040E5989
:107F2000340F04D0012C09D00022012303E06B1C84
:107F300051F8232000230260037170BD0D4C34F80A
:107F4000133042EA03431A686B1C51F8234001EBDB
:107F5000830122404B685E4036F07044EAD11B0F2B
:107F6000032B04BF8B681A43E4E7013501EB85015D
:107F7000C1E700BF8670020007B501A8F0F792FBC9
:107F8000134B144AC3F8442148F2E672C3F838216F
:107F90004FF40862C3F834210F4AC3F8A0200F4AF7
:107FA0004AF63F41916002F580424FF0C071916204
:107FB0000022C3F8FC200A4AC3F89C20094B7F2208
:107FC0005A6203F1007323225A6203B05DF804FB86
:107FD00000400840C0E653517A27000F00300840A7
:107FE000806D6303003008440F4B002210B5C3F8C6
:107FF0008820C3F88C20C3F890200C4A0121D1605E
:108000005A6812F0706FFBD14FF00452DA67012406
:1080100002F5FD52C3F880401A66054B1B6898476D
:10802000044BDC6010BD00BF004008400040084623
:108030000421002000400844034BFD22C3F8C8205F
:108040000122C3F8CC20704700400E4638B5FFF738
:10805000F3FF1B4B1B481C4C1C490222C3F8C820D1
:108060001B4B1A6842B102EA0005A54204BF5D68D5
:10807000156008338B42F4D1164B0222C3F8C82096
:10808000154B164AD3F83C111160154AC3F89420D9
:1080900000F08AFCFFF770FF124B0322C3F8D820D0
:1080A000A3F500530122C3F894204FF46072DA6004
:1080B0004FF04072C3F8F820C3F8102138BD00BF5C
:1080C00000400E460000FFFF00000840B081E00FB6
:1080D0000080E00F00400E440040084008210020CE
:1080E0000048F0000060084608B5EDF723FD044B9A
:1080F000D3F81031C3F308230133B0FBF3F008BD0C
:1081000000400E4070B5044618B1284D2268531C3B
:1081100000D170BDC2F30063110C35F8130011F0EB
:10812000FE0F93B243EA0043606818D00434CAB229
:10813000022A216808D9D4E90160033AC3E900168C
:1081400098600C340C33F3E704D16268C3E9001281
:108150000834DBE7012AD9D104341960D6E7120FBD
:10816000072AF5D8DFE802F00704090D1013181DDF
:10817000C04303F180631860EAE71A6842401A605E
:10818000E6E703F1C063F6E70AF0CBFDE0E7012282
:10819000824003F1C063F2E70122824003F1806371
:1081A000EDE71A6830EA0202FBD1D1E786700200DF
:1081B000024B0122C3F89420704700BF00400846DC
:1081C000024B0122C3F89420704700BF00400844CE
:1081D000024B4022C3F89420704700BF004008447F
:1081E000024B4022C3F89420704700BF004008466D
:1081F000064B5B68C3F30363984206D1044A936B52
:1082000023F0F00343EA01119163704700400840F6
:10821000001F00211F4B1B68D3F8943070B52BB1A1
:108220001A680A2A02D91C6C204670BD1A4DAA6D24
:108230006B6DC2F34544C2F3CD010134C3F3441660
:1082400001FB0444C3F3822103F01F0306FB013347
:108250005C4302F00702114B9B5C5C43640004D05A
:10826000FFF742FF7043B0FBF4F4D5F8E430190592
:1082700005D513F0FF021CBFE401B4FBF2F41A01B0
:10828000D2D5C3F30A43002BCED0A402B4FBF3F43F
:10829000CAE700BFE84A0020006008407E70020084
:1082A0002DE9F0470E460AF026FDDFF8B090DFF822
:1082B000B0A08046002506F028FCD9F80430C3F3AE
:1082C0000363012B07460BD1711C1AD00AF013FD72
:1082D000A0EB0805384606F01CFCAE42EBD80DE0DA
:1082E000052BF1D00B2BEFD0023B012B0CD9013623
:1082F00002D00AF000FD384606F00BFC1648BDE837
:10830000F08706F006FCD6E7DAF808301A04C3F363
:1083100089140FD4013602D00AF0EDFC384606F07D
:10832000F8FB24B2A4F1C8006FF4FF739842B8BF01
:108330001846E4E7731C03D00AF0DDFCA0EB080547
:108340006FEA84546FEA9454384606F0E2FB14F561
:10835000007FC2D0E6E700BF00FEFFFF00400840FC
:108360000070084010F1800F04D04D28DABF323081
:1083700040B27F20044BFF229A6103F10073C0B228
:1083800098610020704700BF007008440B4B0C49F7
:108390009A6D70B502F007029E6D8C5C9D6DFFF7C3
:1083A000A3FEC6F3CD0606FB0444C5F3454505FB15
:1083B00004448001B0FBF4F070BD00BF00600840D1
:1083C0007E700200084910B5D1F8703140B11C46EA
:1083D0004A68D1F870319C42F9D1C2F3036202704D
:1083E00003F00F0010BD00BF00400840094BD3F858
:1083F000883001F0800103F480030B4309D1064B60
:108400004FF400129A61837F1BB1044B0122C3F821
:10841000F8207047004008400060084400600846AB
:10842000144B197829BB144A90695860D2F880001F
:108430009860D26DDA60114A50681861506B5861CB
:10844000D2F8A0009861D2F8A400D861906A1862AE
:10845000D06A5862126B9A62094AD2F8B820DA627E
:1084600001221A70074B084AD3F8BC0E1060C3F8FB
:10847000BC1E7047684D00200060084000000840A6
:108480000040084000100021644D0020184B1A786D
:10849000002A2CD0174A596891619968C2F8801057
:1084A000D968D165A2F5C042196951605969516313
:1084B0009969C2F8A010D969C2F8A410196A91622A
:1084C000596AD162996A116302F58042D96AC2F889
:1084D000B810094A0121116402F100721021D1671C
:1084E00000221A70054B1A68054BC3F8BC2E704762
:1084F000684D00200060084000000844644D0020E2
:108500000010002120B9144B4FF47002C3F8B820BA
:10851000124A936903F4E071C02913D003F0C00339
:10852000802B15D10E4B0F4ADA6503F17E433022C2
:10853000DA650D4B05225A600C4A012313640C4A7C
:108540009360704723F4E07343F080039361E9E79D
:108550000023C2F88030E5E700400844006008408E
:10856000006008460F00FFFF0000084000000846BA
:1085700000400840012801D0042823D1154BD3F82E
:10858000A02022F48042C3F8A020D3F8A42022F433
:108590008042C3F8A42001225A6324229A624FF435
:1085A0008072DA624FF49C721A6303F180631022C6
:1085B000DA67084B05225A60074A01231364074A09
:1085C00093607047064B3F22DA6503F10073054A5A
:1085D000DA65EEE700000840000008460040084069
:1085E000006008441200FFFF10B506F08EFA084B39
:1085F0001B6804463BB1984728B1002200204FF485
:10860000806100F061FD2046BDE8104006F081BAAF
:10861000984D00202DE9F0411F4CDFF89080069F17
:108620000646A2FB03502C1960F1000E9C46A045A3
:108630004FF0000373EB0E0E07D24FF4B4720E210D
:108640001846FDF74BFB02201BE00029FBD0C6F3C8
:10865000130601EB5C04B4FBFCF4A4FB0646E40C3B
:1086600044EA46340D4E34600D4C22600D4A91426E
:1086700009D10D4AA5FB025302FB00339B093B6065
:108680000020BDE8F081C4040A46E80444EA5531FC
:1086900004F0C4F93860F3E700C9E8769C4D002087
:1086A000A04D002000F049020A3BB2DF0046C32380
:1086B00038B5164D2B780C4623B9154B1B6D03F0BE
:1086C0003F032B70134BD3F894305B051CD5124B32
:1086D000B0FBF3F040F24D534343A3F546430C3B4C
:1086E000584300F5C91000F5556028B940F21B3217
:1086F0002B21FDF7F3FA01202B78084A5343B3FBF3
:10870000F0F30020236038BD0220FCE75950002020
:10871000003008400040084000366E018096980006
:1087200070B5374C374B256B374C1B682468ED020E
:108730004CBF1B191B1BB3F1804F04D8002B3AD13F
:10874000324E1C460AE0B3FA83F4314EC4F10204FF
:10875000E340304DAB4201D901345B0803EB5605D1
:10876000B5FBF6F52C4EB34234BF00260126240398
:10877000013D44EA86242C430C60D8B1B3FBF0F1F0
:10878000642400FB11336343984288BF01F1FF3139
:108790004808013801390728204D214C4FEA510380
:1087A00011D9002129700621C4F894101B0243EA54
:1087B0000013136070BDB3FA83F4D4F10204134EB6
:1087C000C6D50024C5E71029EBD068B10121297076
:1087D0000621C4F89410134909780029E6D01249FB
:1087E0000224C1F89440E1E7012914BF01210021CE
:1087F00029704FF00601C4F89410ECD1D6E700BF01
:1088000000300840A04D00209C4D0020E06735005E
:10881000C0CF6A003FBE4025401B5F13565000206A
:10882000004008445750002000400846014B18689B
:10883000704700BFA04D0020014B1868704700BF73
:108840009C4D0020084B5B6B03F00700C3F3C20292
:1088500013F0380F18BF5043C3F3821213F4E07FB4
:1088600018BF5043704700BF00300840034BD3F897
:10887000380180F01000C0F300107047004008403D
:10888000174B4FF4002210B5C3F89420154C164B2B
:10889000B0F1804F88BF1C46144BDA6CD2071DD54F
:1088A0001B6F134A04F5F42404F59074B4FBF2F43E
:1088B000033CE4B203F00703A34202D02046EFF7E3
:1088C000CFFA0C4B1B784BB10B4B4FF47022C3F813
:1088D000942003F100732404C3F8944010BD00BF3A
:1088E00000400846E0673500C0CF6A0000300E4007
:1088F00040420F0058500020004008447FB5044615
:10890000EDF756F91C4B06462C3358680093A379B3
:1089100022683146FFF77EFE054648BBA379012B4E
:1089200014BF164916491022C1F83821206815498C
:108930005843FFF7BDFE03AA02A93046FFF7F0FE39
:108940000F4A43F6FF53C2F8A4300C4B0299C3F808
:10895000A4104FF4EE611163039A1A632068FFF7C5
:108960008FFF094BA2881A6203F5405300229A63D5
:10897000284604B070BD00BF0030084000400846E3
:1089800000400844503008400000084008B5044B3F
:1089900001221A70034B1868FFF772FF002008BD10
:1089A00058500020A04D0020024B4FF48062C3F8C5
:1089B00094207047004008460D4BD3F80421D3F8AB
:1089C000B030D2B2FF2A03D043F30743591C01D180
:1089D00090221923074903EBD37302EB63020223AE
:1089E00081F84630232381F8472081F845307047CD
:1089F0000081E00F001F0021044A5368C3F30363A2
:108A0000022B04BF80239360002070470040084081
:108A100040B10368012B05D90069034B002808BF4A
:108A200018467047004870478C70020038B50546FC
:108A300014480C46FFF764F82DB1C30103EB55034E
:108A4000B3FBF5F32360104A5368D80217D40F4BD9
:108A50001B68D2F8A810C3F3810311F4806203F1FC
:108A60000103C9B218BFDA00FF2906D00649D1F8C0
:108A7000AC10490501D502EBC302626038BD00228B
:108A8000FBE700BF40420F00000008400020084004
:108A9000084B1A68C117A2FB000310F1807002FB9B
:108AA000013343F10003400E40EAC310803820EA4E
:108AB000E0707047A84D0020174B072270B5C3F82F
:108AC0008420FFF711FB154B154A164EC408010B05
:108AD0000546E005C01841F10001002303F09EFFA8
:108AE000114B18604EF66020FFF7D2FF4042C6F8E7
:108AF0009C000E48FFF704F8024658B1E301500805
:108B000018184FEA15714FF0000341F1000103F00E
:108B100085FF706770BD00BF00400840B2E60E00E0
:108B200065CD1D00001F0021A84D002040420F0010
:108B30002DE9F843054608469846FFF769FF1646B3
:108B40000746002D00F0A98018F0050F5DD02C69B4
:108B5000002C00F0A480FEF7D3FB4FF47A735C4343
:108B6000201A7B68A0F6AC50C01AFFF791FFAC8BBF
:108B70003062002C00F09680FEF7C2FB4FF47A734F
:108B80005C43201A7B68A0F6AC50C01AFFF780FF48
:108B900070614A4BEC68D3F80090002C00F085809F
:108BA000FEF7AEFB4FF47A735C43241A7B68A4F69D
:108BB000AC54E41A3B68E41A414B1A68E117A2FB73
:108BC000044314F1807402FB013343F10003640E8B
:108BD00044EAC314803C3B4BB4613B4CD3F8843033
:108BE000F36123684BB148460AF0F9FA28B12368CB
:108BF000D9F84800324639469847AC69FEF780FB01
:108C0000014620460AF0ECF8F06218F0020F29D075
:108C10006B684FF47A7058435BB13B6803F51C53A3
:108C200010331844AB7F002B46F2A81308BF002373
:108C30001844FFF72DFF6B69B062002B38D07868BD
:108C40004FF47A7202FB0300AB7FA0F50350002BB8
:108C5000A0F1100046F2A81308BF0023C01AFFF7C6
:108C600017FF706218F0040F17D0A86818B34FF4FC
:108C70007A735843A0F503501038FFF709FFF060EE
:108C80002B684FF47A70584323B13B6803F51C53AB
:108C900010331844FFF7FCFE3061BDE8F8834CF256
:108CA000503062E74CF2503070E74CF2503483E7BA
:108CB00047F23050D3E747F23050DEE7E84A002071
:108CC000A84D0020001F0021A44D002010B508462B
:108CD0001C460AF017F8094B0246D3F8F800FFF7D4
:108CE00097FE0368A018002B054AA8BF4FF4FA723C
:108CF0001A44044B92FBF3F2104410BD001F0021F4
:108D00000CFEFFFF18FCFFFF094B10B50246D3F81D
:108D1000F800FFF77DFE0446104609F0F3FF636894
:108D20004FF47A7203F5FA7393FBF2F3184410BD13
:108D3000001F00212DE9F04F384C0A4685B00D4642
:108D4000002181460AF0CDFBD4F8C83043F06C0214
:108D50009A4204D00025284605B0BDE8F08F304B7C
:108D6000DB68D907F6D4FCF7ABFD0028F2D0D4F8C5
:108D70001061C6F30826002EECD12A4C2A4BD3F8FA
:108D80001880D4F884300193284B4FF060529A61D8
:108D900003F100734FF000629A612423C4F8843019
:108DA000234B04221A604FF4804A4FF48053C4F8D6
:108DB00068A0B3466362AB4512D31E4B04221A600F
:108DC000184A019BC2F88430184B4FF060519961EA
:108DD00008EA010318498B614FF480439366BAE7B0
:108DE000226E5204FCD52268D305F9D5C4F868A0D8
:108DF0000136D4F888200392012EDCD9A5EB0B07AD
:108E0000042FA8BF04273A4609EB0B0003A95F44CF
:108E10000AF0A0FA1FFA87FBCDE700BF00400E4022
:108E2000004008400000084000600840006008441E
:108E3000004008460040084400600846074BD3F84D
:108E4000D8304FF604014FF605029BB28B4208BFA3
:108E50001346034A01209365704700BF0081E00F6D
:108E60000050084070B5194C0FCC86B001AD0FC54D
:108E7000C822236816482B6000210AF032FB7C22AE
:108E8000002114480AF02DFB134B144AC3F8F020BC
:108E9000FFF792FD124B1B782BB101AD0FCD0B4E9E
:108EA0000FC62B6823600F4B0F4AC3F8DC2F0F4A05
:108EB000C3F8E02F0E4AC3F8E42F02F1957202F2D4
:108EC0007112C3F8E82F06B070BD00BFC81F0021A3
:108ED000381F0021BC1E0021001F00213F00370069
:108EE0004D500020001000210200620209C80578E0
:108EF0000708DC060A4B197801F0FF0229B10021AE
:108F0000197008499202C1F8A020597801F0FF02B7
:108F100029B1002159709302024AC2F8A430704767
:108F20005A50002000000846074BD3F8E40E074BC8
:108F3000D3F88C301A0103D4054B1B6E1B0401D5EA
:108F400000F58070704700BF00100021004008400D
:108F50000000084008B505F0D8FD0F4B1A78B2B9EB
:108F60000E4A126812F4843F11D10D4A1021C2F842
:108F700094101B786BB9094B1B68DB0509D4084BAF
:108F80002022C3F89420BDE8084005F0C2BD054A80
:108F9000ECE7044BF4E700BF5E50002028240020DB
:108FA000004008440040084610B505F0AEFD0E2113
:108FB00004460320FFF71CF9044B40F2012220462F
:108FC0005A62BDE8104005F0A4BD00BF0000084093
:108FD000044B00221A70044B197811B11A70FFF774
:108FE000B9BF70475D5000205E50002008B505F005
:108FF0008CFD244B4FF08052C3F88020BFF34F8F7D
:10900000BFF36F8F4FF48072C3F88020BFF34F8F90
:10901000BFF36F8F0222C3F88020BFF34F8FBFF3DF
:109020006F8F1022C3F88020BFF34F8FBFF36F8F75
:109030002022C3F88020BFF34F8FBFF36F8F4FF014
:109040000052C3F88020BFF34F8FBFF36F8F802291
:10905000C3F88020BFF34F8FBFF36F8F4022C3F858
:109060008020BFF34F8FBFF36F8F4FF00042C3F8E4
:109070008020BFF34F8FBFF36F8FBDE8084005F02E
:1090800048BD00BF00E100E008B505F03EFD0D4B16
:109090004FF080521A604FF480721A6002221A60F8
:1090A000002283F8012310221A6020221A604FF058
:1090B00000521A6080221A6040221A60BDE80840FF
:1090C00005F027BD00E100E070B5084C01232370D6
:1090D000074B1E68074BD3E9005332401940284024
:1090E00001F024FA0023237070BD00BF5C50002003
:1090F000B04D0020282400202DE9F047DDF820A005
:1091000003EA0108099B06460D4602EA000703EA46
:109110000A09BAF1000F40F04981031F0B4300F028
:109120000F81052871F1000380F0E38050EA01030C
:1091300000F05C81431E0B4300F01D81FFF756FFDA
:10914000AB4AD2E9004323EA050324EA06043C4380
:1091500043EA0807A74BA84D1E68DFF8EC8226EA11
:109160000A0646EA09061E60C2E90047FFF7F2FE5A
:1091700014F02A4F14BF48F202034FF40043B00723
:109180009E48C26E48BF43F4005383EA020122EABC
:109190000302EA669A4A81660B40D366C4F38042B2
:1091A0001203210348BF42F48072E30648BF42F431
:1091B0000052A50648BF42F4007260069148924DE5
:1091C000D0F80C3248BF42F48062210648BF42F416
:1091D000006282EA030123EA0203C5F80C328B4BDA
:1091E000C0F808120A40C7F34025AD04C3F80C22AA
:1091F000E20448BF45F48035A30348BF45F4801519
:10920000A00748BF45F4001514F4001F06D0D8F895
:1092100000000AF04FF808B945F40025E1027C4946
:109220007C4848BF45F40035FA0648BF45F4800540
:109230000A6A730748BF45F0040585EA020323F074
:1092400001031A4002621D40CB61734B73481D62DB
:10925000734B744A16F0010F18BF1A46836E7D07D0
:1092600048BF42F40012704D82EA030123EA020370
:10927000AB666E4B41660A4000F500509A66C16BC2
:1092800004F0010305F5005581EA030221EA030118
:10929000E96382631A40664BDA63D8F80020200243
:1092A00048BF644B92F8E92058BF634B610748BF41
:1092B00043F4806322B114F4C06F18BF43F4807389
:1092C0005E485F4CD0F8EC10320748BF43F00043D3
:1092D00083EA010222F4A0221140C4F8EC101340EA
:1092E000C0F8E820574ABDE8F047C2F8EC30FFF775
:1092F000CBBEA0F580630B4306D020F48063A3F5BA
:1093000000730B437FF41AAF05F0FFFB3849D1E936
:10931000003223EA060322EA050242EA08023B433E
:10932000C1E90032484A126892F8E9200AB313F4FE
:10933000C06F1ED0434B4FF48072C3F8EC2014E092
:1093400005F0E3FB2A4AD2E9003123F004033B4352
:1093500041EA080157EA0807C2E9003114BF394A57
:10936000374A4FF48063C2F8EC30BDE8F04705F0AF
:10937000D0BB334BDFE705F0C8FB1D4AD2E9003113
:1093800023F001033B4341EA0801C2E900312F4ABF
:1093900057EA08074FF0010315BF93632C4902F108
:1093A000C062CB6314BFD3639363DEE750EA01036B
:1093B0007FF4C4AEBAF1010F7FF4C0AE05F0A5FB97
:1093C0000C4A136823F0010343EA09031360134AAC
:1093D0004FF48063B9F1000F04D0536602F1C0620C
:1093E0009366C2E710498B665366BEE7BDE8F08717
:1093F00028240020B04D0020000008440000084050
:10940000000008460060084000600844006008460C
:109410000040084000400844004008460050084012
:10942000041C500004185000005008440050084626
:10943000007008460D0A0A09090A0A0900100840C6
:109440000010084400100846E84A00200070084058
:1094500000700844024B5868C0F3C000704700BF5A
:1094600028240020024B186800F00100704700BF5C
:1094700028240020024B5868C0F3C030704700BF5A
:109480002824002010B50446FEF7E0FDFFF7AEFDEE
:1094900004F14C00FCF762FFFEF7A6FDFEF7B2F800
:1094A000FEF71EF9FFF708FB1049114AD1F8F81032
:1094B000072304F1A400FFF73BFB4FF44001002019
:1094C000FEF776FA4FF400110120FEF771FAFFF76C
:1094D000B5FC20B940F2E7221421FCF7FFFBFFF7AF
:1094E00055FABDE810400120FEF712BC001F002114
:1094F0006C1F0021084B8022C3F8882003F17E43B3
:109500000822C3F88820054AD2F8BC3E23F0200385
:10951000C2F8BC3E704700BF004008460010002162
:1095200008B505F0F2FAFFF7E5FF034B01229A6058
:10953000BDE8084005F0EDBA00400840F0B583B042
:109540000646144602F082F9002800F09B80514B39
:10955000DD6815F0060540F0958005F0D6FA237910
:109560000095022B07463ED1237B022B35D00320EA
:10957000FEF714FA18B9484B5B685B047FD5A37BF0
:10958000257B4649A2680192003B18BF0123012DAB
:109590000B705DD0424A434C002313702278002A9E
:1095A00061D13C4E0420FEF7CFF8F36E23F0F85360
:1095B00023F4F81343F0506343F48033F3662A46F0
:1095C000022301A90420FEF7DDF8002852D0364B13
:1095D000012130222170C3F89420384605F099FA11
:1095E000002003B0F0BD0320FEF7D8F9002846D1D3
:1095F0002279D6F8AC30012A226838D0D51A254B0A
:109600002A4A0095DA6600221A67627B284B002AF4
:109610000CBF012200221A70264B264AD3F8BC3E0A
:109620000CBF43F0200323F02003C2F8BC3E03200C
:10963000FEF78AF8174B204ADA6622790123694639
:109640000320FEF79FF8F8B11C4B01221A708BE73C
:109650002379022B9ED0009BD6F8AC100B44134408
:109660000025019396E72370FFF774FC99E79A426F
:10967000C5D3C3E70320FEF767F80C4BF366384603
:1096800005F047FA0320ACE7384605F042FA01201E
:10969000A7E700BF0050084000400840605000208D
:1096A0005D5000205E50002000400846000001018F
:1096B0005F50002000100021010C010061500020CB
:1096C000F8B5194C05462078B0FA80F040F2064211
:1096D0003E214009FCF702FB55B96078B0FA80F0F2
:1096E000BDE8F84040F206423E214009FCF7F6BAD8
:1096F0000E4F0F4DD7F8A0304FF44066C3F38123CF
:109700002370C5F8A0606078B0FA80F040F206429D
:109710003E214009FCF7E2FAD7F8A430C3F38123D5
:109720006370C5F8A460F8BD5A50002000000840DE
:1097300000000844F8B50B4C0B4DD4F888300B4FA3
:109740000423C5F88830D4F888305B0300D4F8BD12
:109750000426C7F88860022009F0E3FAC5F888609B
:10976000F1E700BF004008400040084600400844C0
:109770001C4B70B5D3F888601B4D03F18063A822A1
:10978000C3F8882010221A60184A194B93666B663A
:10979000FFF7B0FB174B1B7813B90320FDF7D4FF7D
:1097A00000242C67FFF7C6FF134A144BD2F8E41EBF
:1097B0000B40C2F8E43E124B0422C3F88820114B40
:1097C000B206C3F8C44008D503F580739B6CB3F5AB
:1097D000817F22BF034B80229A60BDE8704001F078
:1097E00051BE00BF004008400050084000500844EF
:1097F000100000026150002000100021DF0000FF77
:1098000000400844001E002110B549B918B3144A9D
:1098100053681B0E13F00E0F1DD113689A061AD44D
:10982000FFF7C2FB0E4C0020FEF7CCFD032801D051
:10983000092806D1D4F88C30DB03F4D4636F0C2BE9
:10984000F1D9FFF777FF074B0122DA6003F17E437E
:109850000422C3F88820044B4FF4C0625A6210BD42
:1098600000400840004008460060084408B5032155
:109870000920FEF7BDFC024B20229A6008BD00BF04
:109880000040084038B5054605F03FF90446FCF7AE
:1098900021FD35B1FFF79CFB2046BDE8384005F0BF
:1098A00038B9084B1B78002BF6D0074B1D78002DDC
:1098B000F2D1FFF78DFB2A464FF480400021FFF7DD
:1098C00003FCE9E75D5000205C5000202DE9F84FD3
:1098D000564B0646D3F888300D461446002A40F011
:1098E000A28013F0A00F14BF4FF001094FF0000940
:1098F000DFF854814E4F01F0C5FDA023C8F8883031
:109900000320FDF721FF0420FDF71EFF4FF0000AA2
:10991000FFF75EFB474BFB66C7F870A0FFF70AFF37
:10992000454BD3F8BC2E42F02002C3F8BC2EFF22D8
:10993000C8F800203D4A4FF480719160D3F8E42EBE
:109940003E494FF0040B1140C3F8E41EC8F888B03C
:10995000C3F8C4AEFB6813F0060F04D0FEF7B2F8EC
:109960005846FDF7F1FEB9F1000F08D0344B4FF423
:109970000062C3F88820334B4FF400425A6666B148
:10998000304B5B6C180701D4FFF70EFBFFF76EFF3F
:109990000420FDF7D9FEFFF7ADFA244BDA68D107B2
:1099A0003FD55A6812F0706FFBD1274B274AC3F896
:1099B0008820274A936B23F0F003936315B1204668
:1099C000FFF760FF234BD3F8B4305A1C01D05B0083
:1099D00002D51D4B0122DA601CB31A4BDA6E9A666F
:1099E000124A136A23F00103D3611B4BD3F80C22F4
:1099F000C3F80822A3F54053DA6F9A67A3F5005322
:109A0000D3F8EC20C3F8E82003F5C043DA6B9A637F
:109A1000A3F50053114A5A660B4B4FF60842C3F8A0
:109A20008820BDE8F88F4FF0000961E7004008404A
:109A3000005008400000010100100021DF0000FF7D
:109A40000040084600000840004008441000300074
:109A5000001F00210081E00F006008405000F0026C
:109A60009A4B196EDA6E2DE9F04F01EA0209C3F83C
:109A7000689003F5805385B0D3F8E060D3F8EC200C
:109A80001640C3F8E86003F5A043D3F80012D3F8FA
:109A90000C2201EA020AC3F808A2A3F5005359698F
:109AA0001A6A01EA02088A4A08EA0202DA61894B64
:109AB000D3F80022910006D4D3F800319A00C3F302
:109AC000407740F1E18005F020F8834BDA68DF6DE4
:109AD00012F0060F9A6E07EA020727F4800222F4BA
:109AE000006214BF4FF0010B4FF0000B5A667B076A
:109AF00004D57A4A537D0133DBB2537505F009F87A
:109B0000B9F1000F00F0DF8019F4004427D004F011
:109B1000FCFF0146FFF708FA6F4D0446AA69AB69DE
:109B20009A42FCD0AA699342FCD0FFF7FDF9A0420B
:109B300040F0AC80084604F0ECFF694B1C60694BB8
:109B4000D3F8885015F4E05240F0A28024F07F440E
:109B500024F0DF040CB9FFF70BFE4FF0807419F00E
:109B6000020F4FF0000516D05E4B5F49D3F88830E6
:109B700003F46042C1F88820002A00F09E801D0492
:109B800000F19E8013F4005F0CBF4FF000534FF0C4
:109B900000631C430025C9F340394FEA4909534B80
:109BA0003340002B4AD016F4206F0AD040F60F0243
:109BB00006210020FCF792F80020FFF763FE26F450
:109BC0008026F00506D5484BFF221A6044F4C06495
:109BD000FFF7EAF916F0090F0AD040F6240208212F
:109BE0000020FCF77BF8FFF741FE414B01229A620F
:109BF00016F0106F0CD040F62D0209210020FCF762
:109C00006DF8FFF733FE002211461046FCF73AFBD1
:109C100016F4202F0AD040F6350207210020FCF769
:109C20005DF80020FFF72EFE26F48026F10301D513
:109C3000FCF778FC002EB8BF49F0080972070DD573
:109C40002B4B5B6A13F4005F14BF2A4A2A4A4FF475
:109C500000531ABF536244F400045362730548BFB3
:109C600044F0040416F4802600F0AA80FCF724FCDB
:109C70000138062842D8DFE810F021012401210133
:109C800027012A012D012D01BB4639E7044645E78E
:109C90000192FFF76DFD144B019AC3F8882015F46B
:109CA000805307D115F4806F0CBF4FF080544FF0F4
:109CB000806454E74FF0804451E74FF0007368E749
:109CC0004FF0004365E74C464D4668E7000008400A
:109CD0000000F7FF00E100E000500840B44D002014
:109CE000AC4D00200040084000400844090B0B899F
:109CF00000100840001008440010084640F66602B4
:109D000003210020FBF7EAFF7C4A136ED2F88000A3
:109D100003F007030633012101FA03F3C0F30C003B
:109D20001B1A9BB2072B13D9754BD3F888305802F6
:109D30000ED47448136B126DC06C58B103F0070356
:109D400006339940C2F30C03C91A89B2072901D816
:109D500044F400746C4B1B78002B31D0674BD3F864
:109D6000E03013F4A02F2BD1684B694A1B7893B9CC
:109D7000FB0410D4137873B1E308664943EA4573D2
:109D800083F00103D1F8E41E03F001035B0021FA24
:109D900003F3980714D10420FDF7D6FC5E4B5F490E
:109DA000D966FFF715F95A4A13782BB95C4B5D4A0F
:109DB0001B682340134201D144F4804427F48057A8
:109DC000BAF1000F1DD01AF4805F18BF44F480244C
:109DD0001AF4807F18BF44F400241AF4005F18BFFF
:109DE00044F010041AF4007F18BF44F020041AF461
:109DF000806F18BF44F040041AF4006F18BF44F09D
:109E00008004B8F1000F3BD018F4802F18BF45F440
:109E1000007518F4803F18BF44F4805418F4801F74
:109E200018BF44F4003418F4001F18BF44F00204B3
:109E300018F4003F18BF44F4801418F4800F18BFC2
:109E400045F0100518F4002F1AD0324BD3F8BC3E61
:109E500013F0C00F14D02A4B5A68C2F30362032ACE
:109E600001D0072A07D1D3F88C20D10603D4D3F828
:109E70009020120731D54FF40022DA6128F400282F
:109E8000002F00F00D81380540F18180264ADFF86F
:109E900088A0D378002B4DD0013B4FF40061DBB29A
:109EA000CAF86410D37033B9204B1B78C3B1204B70
:109EB00040F60142DA660023002266E044F4803472
:109EC00022E744F400641FE744F480641CE744F490
:109ED000807419E744F0080416E744F40014CFE74F
:109EE000DAF8703013F4A05F15BF4FF4807340F6BA
:109EF0000143CAF85030CAF87030DCE7001008405F
:109F000000400840000008405E5000205D500020E6
:109F10005F500020001000210050084000000101A7
:109F200028240020088D010050500020615000209E
:109F3000005008460320FDF707FCDAF80C30A8486B
:109F4000A84913F0060F02BFA74B41F61F72DA664D
:109F50004FF40063CAF86430DAF80C3013F00603EB
:109F600008BFCAF87030C38A13F4006260D023F4CB
:109F70000063C3820B7803F0FF0A002B5CD1FDF76E
:109F8000A1FDFFF7F5FB534620221C431543B90101
:109F90000BD52E20FDF78EFF934A4FF0007393668A
:109FA00002F17C4245F008055366FA0608D52B20DD
:109FB000FDF780FF8C4A1023936602F17C425366C2
:109FC00017F4E00F05D1FB045ED5BBF1000F00F0E4
:109FD000AC80B80210D52920FDF76CFFFFF73AFAE4
:109FE00040B18249824A834B53668B6682494968F5
:109FF000490424D445F0040517F4800BDFF8F0A1E0
:10A0000029D00420FDF7A0FB2720FDF753FFFFF721
:10A01000AFFB4FF48003CAF86430784BD3F8E42EDA
:10A0200050067CD4764B02221A6045F0020528E0E7
:10A030000B784FF40053A8E74FF400433CE76A491C
:10A0400020208B665366FDF735FF2D2045F00C056B
:10A05000FDF730FFD0E7FA024CD50420FDF774FB82
:10A060002820FDF727FFDAF87030002B3FD1FFF7EB
:10A070007FFB5D4A5F4B936602F17C4245F0010530
:10A0800053665B4B00221A657B0509D55D4A9378C0
:10A09000002B00F09880013B9370002349EA0309EC
:10A0A0004A4620462946FFF70FF80EB1FCF72CFA76
:10A0B00018F4002F00F08C804F4B4FF40022DA612F
:10A0C00018F0206F00F0888018F0007F01D0FDF7B5
:10A0D000E9F818F0006F01D0FDF700F90022002028
:10A0E0004FF4006105B0BDE8F04FFEF7EDBFCAF8D0
:10A0F00070B0BEE7FB04C4D50420FDF725FB424B3E
:10A10000CAF86C30FDF7DEFCDAF85C3013F4A00F0F
:10A11000B7D12A20FDF7CEFEFFF72AFB7DE7D3F863
:10A12000BC3E990681D4394B7DE7364A13794BB151
:10A13000013BDBB2137113B92C4B354ADA660023AD
:10A140001C43A1E70420FDF7FFFA0320FDF7FCFA0A
:10A15000274B2D4ADA6604F0D8FC82460DF10F0039
:10A16000FEF730F92B4B1B7883460BB1FEF71CFF33
:10A17000BBF1030F0ED1DFF880B00020FEF722F90B
:10A18000032807D1DBF88C30DA03F6D4DBF874301F
:10A190000C2BF2D99DF80F30032B06D11E4B012258
:10A1A00050461A7004F0B5FCC9E71C4BD3F8E030F8
:10A1B00013F4A02FF2D1FEF70BFF504604F0A9FCD8
:10A1C0004FF48043BCE70220FDF7BEFA012365E7A8
:10A1D000B8F1000F7FF474AF05B0BDE8F08F00BF99
:10A1E000B44D002061500020005008440050084643
:10A1F00000500840100000020040084000100021FC
:10A200000040084450500020000001010040084672
:10A210000000010D605000205D500020001008403B
:10A22000014B024A1A6070471821002009BE010044
:10A23000014B1B68184700BF18210020034A012367
:10A24000136202F17C42D361704700BF00400844B2
:10A250000B4B10B55C691A6A1440A2B2DA61E207CE
:10A2600004D55868C0F30360FFF7E8FF630706D51D
:10A27000BDE81040042200200021FEF725BF10BDDC
:10A28000004008400C4A08B5136BD16B0B40936338
:10A29000DB070FD5094B187840F6AC22122100F0ED
:10A2A0000100FBF71BFDBDE8084000220120002152
:10A2B000FEF70ABF08BD00BF007008402824002038
:10A2C000044BDA6FD207FCD41A6FD96F0A409A6731
:10A2D000704700BF0030084070B50D46144604F0CA
:10A2E00014FC064BD3F8BC6E74402C407440C3F889
:10A2F000BC4E04F00EFC05EA060070BD0010002103
:10A30000034BD3F8BC3E99430CBF0120002070479B
:10A31000001000212DE9F04117460A43012A9DF85B
:10A3200018409DF81C60DDF820801D4629D8B442F5
:10A3300027D2082E25D8032B23D8B8F1000F20D020
:10A340000A46002101F006F8EB00FF219940DFF8F2
:10A3500038C0C94308F1FF38FF00E2B2964202D884
:10A360000020BDE8F0813D190CEB850518F8010FC0
:10A37000D5F8EC2098400A401043C5F8EC000134B1
:10A38000EBE70120EDE700BF001E00210A4A5368F9
:10A39000C3F30363032B01D0072B0AD1D2F88C300F
:10A3A000DB0606D4D2F8900080F00800C0F3C000AD
:10A3B00070470020704700BF004008402DE9F74378
:10A3C0008E780F2E80460C4603D9012003B0BDE8DD
:10A3D000F08326B901232E4A00201370F6E70D788A
:10A3E00091F80190002D3BD1B9F1000FEDD194F916
:10A3F0000310E088FDF762FC0128E6D055EA090366
:10A40000A088244F32D1FDF77BFB23498A6D4FF69C
:10A41000040583B292B24FF60500AA4208BF024675
:10A420003A800825802201278F658A672A461A49C3
:10A4300003B1013B013ECB62F6B2002301930096CB
:10A440000123294608F1A400FDF79AFB1FB1134B25
:10A450004FF48012DA64124BA2681A600223BAE742
:10A46000082DB2D8B9F1080FAFD8C0E7FDF748FB07
:10A470003A884FF604039A421EBF07498A653B801B
:10A48000A9454A4683B238BF2A460027CFE700BF16
:10A4900062500020BC2100200050084000500846B7
:10A4A000D04D00200C4BD0F8C42010B5C3F8C0200C
:10A4B000027C0446120202F400624FF40061FFF7CE
:10A4C0000BFF237C13F0080F14BF044A044A4FF417
:10A4D0000073C2F8883010BD001E002100400846FD
:10A4E00000400844431C07D0044B6FF0FF029A6100
:10A4F00003F1007310409861704700BF007008447A
:10A5000000F01803182B0AD003070AD410F010002B
:10A5100040F2011318BF1846034BD864704700205F
:10A52000FAE70120F8E700BF001F0021344B2DE9B6
:10A53000F7431E6801F4007900F00103174653EA5F
:10A54000090205460C462ED04FF0000803B3002345
:10A55000002201200021CDE90088FEF7CDFD414613
:10A560003046FDF79DFE414670830120FBF7AEF9B2
:10A57000716B06F1A400FDF739FF22490868FFF767
:10A58000B1FF4FF0FF330B60337C43F004033374AF
:10A59000B9F1000F07D00121304608F06CF924F41E
:10A5A000007405430C43D6E93E232A40234052EA77
:10A5B000030103D01449304609688847FB070FD5CB
:10A5C0001249134A0868136800211160114A0121D9
:10A5D000117003B19847104B00215B680220984727
:10A5E00017F00E0F08D040F2F3123B21002003B009
:10A5F000BDE8F043FBF772BB03B0BDE8F08300BFDA
:10A60000E84A00201C21002020210020E04D0020ED
:10A61000E44D002065500020F820002070B504466D
:10A62000D0B10E4E007BD6E9372300280CBF104670
:10A630001846FEF769FB0623A371237B20600546BD
:10A6400043B9D6F8D8000130FEF75EFB2D1AA5609D
:10A65000002070BD0025FAE70120FAE7001E002166
:10A66000F7B50446D4E93EC71046DDE908268CEA72
:10A67000020587EA06010540194085EA0C05794084
:10A68000C4E93E5123F4004106EA010320F0010031
:10A69000002543F40073024043F00203CDE9005566
:10A6A000FEF72AFD237C9A0717D5D4F8FC309B05CA
:10A6B00013D54FF48811204608F0DDF8237C65F3AC
:10A6C00041032374D4E93E2302400B4052EA0301C4
:10A6D00003D00349204609688847002003B0F0BD35
:10A6E0002021002038B10368044A002B08BF13461C
:10A6F000034A13607047014BFAE700BF092E0200BE
:10A7000020210020024B986B00F00F00704700BF23
:10A71000001F00210F2938B505460C460ED801F060
:10A72000C7F801280CD1074A936B23F00F0323438A
:10A730009363284608F09FFD002038BD0120FCE708
:10A740000220FAE7001F0021014BD86B704700BFC1
:10A75000001F0021014B0020D9637047001F00211A
:10A7600003282DE9F7434CD8274B13F80080274BDB
:10A770001E5C274B13F8009004F0C7F90746FEF75C
:10A7800071FE054640B10023CDE9003300220023CD
:10A7900001200021FEF7B0FCFEF76CFE48B100235B
:10A7A000CDE900330022002300204FF40041FEF7E2
:10A7B000A3FC26B3174B5C6C04F00804164B31461F
:10A7C0005C644046FFF720F84A4631464046FFF7B2
:10A7D0007DF8124B5C6465B1114B1868416BA43075
:10A7E000FDF704FE0F490868FFF77CFE4FF0FF33CA
:10A7F0000B60384603B0BDE8F04304F08AB9344634
:10A80000DCE703B0BDE8F0839C70020098700200A2
:10A810009470020000000840000008440000084650
:10A82000E84A00201C210020104AD2F8883013F09A
:10A83000A00F16D1D2F88C0010F0040013D10C4BED
:10A84000D3F8E43E23F07F4323F0FF035BB153686A
:10A85000C3F30362092A07D0B2F10C0018BF01202C
:10A860007047002070470120704700BF004008403B
:10A870000010002170B50D46064620B9194B1B6823
:10A88000A3B1032011E001F013F8012828D1164BE1
:10A8900093F90040C4F11C04641BC4F11C03002B99
:10A8A000B8BF5B42232B0CDD012070BD81EAE17350
:10A8B000A3EBE173DBB2232BF6D80B4B197000200E
:10A8C000F3E7B57404F021F9084A5369E40223F46C
:10A8D000FF2304F4FF241C43546104F01AF9EEE74B
:10A8E0000220E2E7E84A00206350002000700840A0
:10A8F00008B5FFF7D7FD04F008F9074AD2F8BC3EC7
:10A9000023F02003C2F8BC3E04F003F9034B0222FB
:10A910001A60002008BD00BF00100021004008465A
:10A9200090F8C23053B9074BDA69920208D49B6F92
:10A9300013F4706F14BF012000207047002070478F
:10A940000120704700600840F8B5436B02EA01053A
:10A9500023EA01032B434363344A01F00B030C4603
:10A9600023EA0501516402F100722B40610706469B
:10A97000536411D50121FFF7D3FF68B1FEF7DAFE6A
:10A9800015F0040F14BF2A4A2A4A4FF40073D3610A
:10A99000294B0422C3F88820E20606D515F0100FD3
:10A9A000264B14BF00221B22DA6423061DD52F0676
:10A9B00016D51F4B4FF400129A6103F17E4301221A
:10A9C000C3F8F82004F0A1F80E2107460320FDF794
:10A9D0000FFC1A4B40F201225A62384604F099F8F3
:10A9E000294606F1A400FDF701FDE00503D5E905C0
:10A9F00016D5FDF7E5FBA20503D5AB0513D5FDF78D
:10AA0000EFFB14F0600F09D0D6F89410304608F030
:10AA1000FCF90B4B98640B4B80229A600020F8BD28
:10AA2000FDF7C6FBE7E7FDF7D3FBEAE700000844C4
:10AA300000600846006008440040084400000840E8
:10AA4000001F002100400840014B1868704700BFFC
:10AA5000DC4D002037B5012300240022CDE900346D
:10AA6000002310461946FEF747FB0220FCF76CFE58
:10AA7000054D064B21461C6002206B6898472B68E9
:10AA800003B0BDE830401847F8200020E44D002016
:10AA90002DE9FF41022903900C461546984605D141
:10AAA000FFF7D8FF002004B0BDE8F081194E04F094
:10AAB0002CF8336807463BB1AB4205D004F029F8C7
:10AAC000002333600120EEE7134B3560C3F80080AC
:10AAD00001230022CDE90033002310461946FEF77A
:10AAE0000BFB0E4B002502201D70FCF72DFE2246AD
:10AAF0002B4603A90220FCF745FE094B039A1A6076
:10AB0000084B1B6804469847384604F002F8002CAE
:10AB1000C8D1D5E7E44D0020E04D0020655000206D
:10AB2000DC4D0020F8200020044BDB6D5B055ABF94
:10AB3000034B1878012000F00100704700500840D6
:10AB40006550002010B50C4608F0D5F9A288D30056
:10AB500080B1B3F5803F0DD80749430901FB0233AB
:10AB600022680009B3FBF0F3D21A05232260A37117
:10AB7000002010BD0220FCE720A1070070B50E46A2
:10AB800003F0C3FF054600F0B7FE044620B1284697
:10AB900003F0BFFF204670BDFEF7CCFD114B3278AD
:10ABA000D3F8E43E022A23F0F00316D0101F4242ED
:10ABB0004241520043EA02137278022A0FD0111F59
:10ABC0004A424A41520043EA8213064AC2F8E43E2E
:10ABD000054B0422C3F88820D9E70122EAE70122C5
:10ABE000F1E700BF001000210040084470B50E4698
:10ABF00003F08BFF054600F097FE044620B128467F
:10AC000003F087FF204670BDFEF794FD104B3278AD
:10AC1000D3F8E43E022A23F00F0315D0101F42425E
:10AC20004241520013437278022A0FD0111F4A4248
:10AC30004A41520043EA8203054AC2F8E43E054B0A
:10AC40000422C3F88820DAE70122EBE70122F1E7CA
:10AC50000010002100400844F8B50E7890F8D0703C
:10AC6000044630460D46FCF76BF9002844D094F8B2
:10AC7000D030B34208D1AA88636C9A4204D16A8862
:10AC8000B4F8D2309A4235D084F8D060AB88A4F8BA
:10AC9000D4306B88A4F8D230AB886364FF2363752B
:10ACA000304607F0EFFF04F1D00520752846FCF789
:10ACB0002BFC10BB2846FCF739F9F0B9D4F89030DA
:10ACC00053B194F8D010B94206D0B3F912202046FF
:10ACD000EDF7B0FD84F8D9002046FCF717FB0949D1
:10ACE000A4F8D400084AD1F8F810012304F1A40014
:10ACF000FDF71EFF0020F8BD01200E2384F8D030A0
:10AD0000F9E700BF001F00216C1F002170B5054648
:10AD100090F8D0000E280C461DD0FF291DD01AB186
:10AD20000F4B4FF0FF321A6007F0ACFF064695F864
:10AD3000D000FCF7AFF9844228BF0446E4B2B44225
:10AD400038BF3446E0B26875FCF740FAA0F1FF0363
:10AD50005842584170BD0220FCE70120FAE700BFCD
:10AD600000210020C36B012B01D10020704770B57A
:10AD7000364BD0F89060D3F8F830C0F8943086B0F5
:10AD80003146058B044608F012F8B3898DF80600A9
:10AD9000D6E90121EB1A9BB201FB03226846002190
:10ADA000ADF804300092FDF7A9FD38B9284B228B8D
:10ADB000DA63FCF777FB20B106B070BD022006B065
:10ADC00070BD227C60F34102227407F0B5FFD4F815
:10ADD00090305969431EDBB209680291FD2B02468F
:10ADE0000BD9CD1C09D91B4B01311B680CD0D81CC9
:10ADF00007D802A92046029301E002A9204607F0E5
:10AE0000FCFE002006B070BDD91C04D802A9204663
:10AE1000029307F0F2FED4F8FC309B0504D4237CA7
:10AE200043F002032374ECE74FF48031204607F02F
:10AE300022FDD4E93E2302400B4052EA0301E0D058
:10AE40000549204609688847DBE700BF001F00214D
:10AE500000300840082100202021002038B5054698
:10AE60000C4641B108F0BBF928B14FF40031284637
:10AE7000FFF746FA04342046FCF742FE024B4042FC
:10AE8000C3F8D40E002038BD0010002170B54C303E
:10AE9000814214BF0C460024164603F036FE0D49CD
:10AEA0004A684FF49C53C2F30362D340DA07054665
:10AEB00003D5D1F888309B030AD4204601223146BD
:10AEC000FBF7E0F90446284603F023FE204670BD58
:10AED0000324F8E70040084010B503F016FE0146D1
:10AEE000FFF754FA78B1094BD3F8884014F40034D2
:10AEF00009D103F1C0632022C3F89020084603F073
:10AF000008FE204610BD0224F8E700BF00400840BC
:10AF10002DE9F74F06461546084619B9012003B03A
:10AF2000BDE8F08F002AF9D0032904D80021FBF7EF
:10AF30000DFB0028F2D082780488037990F805B0E0
:10AF4000C788B0F90000002802F00701C0F2D180E4
:10AF5000A1F1070CDCF1000040EB0C00052928737F
:10AF60008CBFC2F300100020C2F3801C68739009EC
:10AF700085F810C000F00200C2F3C00C40EA0C00DB
:10AF8000C2F340126874AA74AF820BB996F8CA3043
:10AF9000013BDBB2EB74736BD80600F19680063987
:10AFA000012900F29280544BDB6C544B5A6B1B6BA3
:10AFB00003F0070306334FF0010909FA03F909F119
:10AFC000FF39083C42F0005804EA0904002318F84D
:10AFD00004A0AB60013404EA0904631D03EA090319
:10AFE0005A1C02EA090218F8037018F80220BAF194
:10AFF000800F47EA0227727C18BFAAF1320A3BB2DF
:10B0000014BF4FFA8AFA6FF07F0AC7F30B079AB39F
:10B010000020D6F89C300BB151469847631C03EAD8
:10B020000903E87385F80EA018F80310013303EA4A
:10B03000090318F80320013303EA090341EA022156
:10B0400018F80320013303EA090341EA024118F822
:10B0500003006A7C002341EA00613046FDF736FEBA
:10B060002860737C042B03D1022FDCBF01302860E1
:10B070000423AB71002052E7D90422D5D6F89420DE
:10B080009AB11368022B10D992F82400FB0008B182
:10B09000B3FBF0F39B45BBD8002BB9D0CBEB0B2017
:10B0A000B0FBF3F0C043C0B2B3E7304607F023FF74
:10B0B0000190304607F00FFF019BB3FBF0F0C0B2E8
:10B0C000E4E718F804004000EDE70023EB730C4BB5
:10B0D000DA68C2F30723120448BF63F0FF035AB2D1
:10B0E00012F1800F1CBF323B5AB20023AA732B60AF
:10B0F000BFE7022013E700BF00000840001008402F
:10B1000000700840F8B504460E4641B9037C5A0663
:10B1100041BF4FF6FF7261F38613828303743C4B89
:10B12000D4F894701B680BB120469847394BA18B1B
:10B13000D3F8842012F4E05F04BF2022C3F8102269
:10B140004FF6FF73994204D0334B1B680BB1204676
:10B150009847324DD4F894102A68914207D020467F
:10B1600007F053FE2E4B98642E4B80209860974238
:10B1700045D02D4B1B684BB11FB13A68002A40D017
:10B18000BF68394620469847D4F89410084607F01F
:10B1900054FE30B32549FDF749FC07272046FCF74C
:10B1A000B5F816B3224B94F9122093F900302149D7
:10B1B000D4F89400C3F11C039B1A4A69DB0222F401
:10B1C000FF2203F4FF2313431B4A4B611B4B2860F0
:10B1D00006211167204601221A7008F04CF8002061
:10B1E000F8BD204603F086FAD4E70D4B0F4AD3F89A
:10B1F000F81004F1A4003B46FDF79AFCD2E70127C2
:10B20000CCE71746394620469847D4F89410BDE756
:10B21000EC4D002000600840D84D0020CC4D0020AF
:10B22000001F002100400840D44D00206C1F002169
:10B230006350002000700840000008446450002063
:10B2400002484822002108F04CB900BFE81E002146
:10B25000002373B583746423C0E92C33C0E92E3313
:10B260004FF0FF35C0F8AC30A0F8C0300E264FF6D6
:10B27000FF73C0E9075580F8D06045648582837507
:10B2800004461120EBF70EFD042834D11B4B5B68FC
:10B2900013F4403F2FD12046FEF7F4F82046FFF785
:10B2A000CFFF94F912102046FFF7E4FA144A602306
:10B2B000536402F5805240F6FF7151625165114AA4
:10B2C0005364114B4022C3F88820626B2946204604
:10B2D000FFF73AFB002240F2022310461946CDE95F
:10B2E0000066FDF709FFFBF7BFFE204602B0BDE890
:10B2F0007040FAF7D9BC022002B070BD00300E4099
:10B3000000000840000008460040084410B50C4604
:10B31000FFF796FFBCB1A378082B16D8E278082A6D
:10B3200013D843EA021313F0FF03094A14BF6168FC
:10B330001946C2F8E810217882F82C11617882F859
:10B340002D1182F82F31002010BD0120FCE700BF35
:10B35000001E0021012A10B512D8032B10D803EBD0
:10B360008202084C0123934094F82E01DBB221B1F4
:10B37000034384F82E31002010BD20EA0303F8E7D0
:10B380000120F9E7001E002170B50C68B0F8D42048
:10B390008D680346013404BFD3F8AC400C604C68A0
:10B3A000013404BFD3F8B8404C606E1C00F1A40017
:10B3B00038D1D3F8B440CE688C60751C38D1D3F83E
:10B3C000B0500E69CD60013604BFD3F8A4600E61A1
:10B3D0004E69013604BFD3F8A8604E618E6901360C
:10B3E00004BFD3F8BC608E618E693EB34132B24275
:10B3F00038BF32460E688A61C3F8B4404C68C3E96E
:10B400002E420A69C3F8A4204A690D49C3F8A8204E
:10B41000C3E92B650B4AD1F8F8100723FDF788FB29
:10B42000002070BD02F14104AC4238BF2C46C2E797
:10B4300002F16405B54238BF3546C2E76422D9E758
:10B44000001F00216C1F002170B503F05EFB0C4E45
:10B45000054600F02DFA012804D0284603F059FBD8
:10B46000022070BD736813F0706FC3F30364F0D1F2
:10B47000F36BDB06EDD5284603F04BFB2046F0E7E7
:10B480000040084038B503F040FB0B4A13884FF6E4
:10B49000FF718B4203D103F03CFB032038BD074C06
:10B4A000074DE56504F100741B04E365118003F0AA
:10B4B00030FB0020F2E700BFBE21002000600844FE
:10B4C0000000FFFF2DE9F34105460F461446FFF744
:10B4D000ABF980B1DFF81882D8F80C30DE0740F104
:10B4E000EA8003F012FB06460320FCF757FA38B156
:10B4F000304603F00EFB0226304602B0BDE8F08174
:10B50000D8F80C3013F0060FF2D1304603F001FBEF
:10B510006A4B4FF400612846D3F8E48ED3F8C46E2A
:10B52000FEF7EEFE40B1664B4FF400720121C3F806
:10B5300088200846FAF7CAF939462846FAF718FB70
:10B540005E4BC3F8C46EC3F8E48E06460028D3D120
:10B550002B7CD80601D4002C66D0C4F34000FEF743
:10B56000AFF814F4807F14BF564A554A4FF00203D7
:10B570001BBFC2F88830544AC2F8883000211CBF73
:10B58000D16093624D4BD3F8BC7EFEF7D3F84F4A9F
:10B5900014F0040F07EA02034FF480616BD04C48AB
:10B5A0009342C16106D14B4A92F8D03043F0020376
:10B5B00082F8D030424B042214F0400FC3F88820A8
:10B5C00014BF454A454A40232046C2F88030FEF762
:10B5D00097FF284607F010FD40B114F0010F14BF8B
:10B5E000384A374A4FF48073C2F88830A1064CD5E8
:10B5F0006B8C4FF6FF7293420FD0394A3949D26DA6
:10B60000100CC2F30112088001323749B3FBF2F388
:10B610002F4A3648C8651B04D3652B7C003C18BFF5
:10B62000012464F304132B74284607F0D8FDF0B10D
:10B63000284607F0E1FCD0B14FF400312846FEF770
:10B640005FFE431C9BB203221F4801A907F03CFA8E
:10B650009DF8042002F00703052B9DF805301DD14D
:10B66000120715D443F480731A4AC2F8CC30002074
:10B6700007F0F4FA40E71C489342C1619AD1154A99
:10B6800092F8D03023F0020392E7FFF7FBFEC4E705
:10B6900013F0040F09D19DF80630E3E703F0300200
:10B6A000202A05D113F0010FF4E74FF48073DBE794
:10B6B0009DF80630D8E703261EE700BF00100021E2
:10B6C0000040084400400846001008408000004048
:10B6D00000600846001E0021007008460070084403
:10B6E00000600840BE210020006008440000FFFF09
:10B6F000005008402DE9F3410646884615461F468E
:10B7000003F003FA04460320FCF748F938B1204659
:10B7100003F0FFF90324204602B0BDE8F0810420C5
:10B72000FCF73CF90028F2D1204603F0F2F92A4652
:10B7300041463046FFF7C6FE04460028EBD1DFF84D
:10B74000BC80002F38D088F8000039463046FEF71C
:10B7500035FE002845D198F80030012B29D0224B26
:10B760002022C3F88820214B9B6CB3F5817F2BD21C
:10B77000012007F0D6FA03F0C8F91D4B1B680193AE
:10B7800006464BB10420FBF7DFFF0023012201A98D
:10B790000420FBF7F7FF00B3FCF748F92B0617D599
:10B7A000144B00221A67FCF781F9304603F0B1F917
:10B7B000B1E7FDF7B5FEAEE798F80030012BF8D001
:10B7C000002BCCD10124A6E70B4B80229A60CFE757
:10B7D000FCF76CF9FDF78EFEE7E7FDF7C9FF0124E2
:10B7E000E3E7044697E700BF00400846001F00213A
:10B7F000D04D00200050084000400840625000201A
:10B8000008B5094BD3F8B4305A1C0BD05B0009D4EF
:10B810000320FEF7A5FF054B4FF08062C3F894208C
:10B820000122DA6008BD00BF0081E00F0040084639
:10B83000054BD3F8880003F180634FF40022C3F86E
:10B840008820C0F3C040704700400840024BD868D1
:10B8500000F00100704700BF00500840084BDA6854
:10B86000D10707D508B9FBF749BFDB68DA0706D46B
:10B87000FBF736BFDB68DB0701D40028F8D170473F
:10B8800000500840084A4FF0807330B1936602F1CF
:10B89000C062D3660123D365704704490120C8659F
:10B8A000CB669366704700BF000008400000084464
:10B8B0000F4B5B68C3F30363013B0B2B0FD8DFE82F
:10B8C00003F006060C06060606080A080808022009
:10B8D0007047042070470520704703207047054BD0
:10B8E000DB6813F0060F0CBF01200420704700BF77
:10B8F00000400840005008400A4A5368C3F30363FD
:10B900000B2B08D06FF49050184100F0010080F02C
:10B91000010040007047D2F8880010F48030ECD16C
:10B92000704700BF004008400C4A5368C3F30363EC
:10B93000062B07D8042BD8B20CD8C31E5842584146
:10B9400040007047072B07D1D2F8440110F0005097
:10B95000EBD170470220704700207047004008403C
:10B960000A4A5368C3F30363032B01D0072B0AD1A0
:10B97000D2F88C30DB0606D4D2F8900080F00800B4
:10B98000C0F3C00070470020704700BF004008406F
:10B99000024B0022196807F001BC00BF648B020053
:10B9A00010B5FF224FF6FF71044607F01BFC68B983
:10B9B000FF224FF6FF71204607F025FC30B92046E4
:10B9C0000349BDE81040FF2207F02FBC10BD00BFA7
:10B9D000A070020010B55B0743EA02439DF80820FF
:10B9E000520543EAC16302F0BC621A43084942F4BB
:10B9F000C8720446FEF770FC064B1B680BB120466C
:10BA00009847002211462046FFF740FA002010BD5B
:10BA10009007E12DF04D002008B507F0E0FB20B1C4
:10BA2000024B586D003818BF012008BD00000840C7
:10BA300038B50546FFF7F0FF044628B103494FF437
:10BA400080322846FEF748FC204638BD1001010030
:10BA500008B5114BD3F8BC3E1A061AD50F4A13424B
:10BA600017D0FFF7E5FFA0B10D4B0E495A6B91F8C7
:10BA7000D03002F44062B2F5806F0CBF43F0010396
:10BA800003F0FE0381F8D0300120BDE80840FFF745
:10BA9000F9BE0020F9E700BF0010002100000240BD
:10BAA00000000840001E00212DE9F04104460F4629
:10BAB0001546FFF7FDFE012806465FD1F80717D5AA
:10BAC0002F4B5B6815F0010803F007033CD0022BF5
:10BAD00037D92046FEF738FE40F080012046FEF7B9
:10BAE00039FE4FF400324FF400312046FEF7F4FBEC
:10BAF000B9071AD515F0020832D0224B1A6E02B3DC
:10BB00005A6EF2B1DB699A051BD54FF0804211469F
:10BB10002046FEF7E1FB7B0707D515F0040210D1A4
:10BB20004FF000412046FEF7D7FB174B174A1A602B
:10BB3000FEF776FB164B174A1A602046FFF788FF80
:10BB400000263046BDE8F081022BFAD82046FEF7E9
:10BB5000FBFD20F080012046FEF7FCFD4246C2E7D7
:10BB600042464FF080412046FEF7B6FB0A49204688
:10BB700007F0E4F8024B42465863D1E70226E0E7BB
:10BB80000000084000600840EC4D002051BA010060
:10BB9000F04D002031BA01003400084008B5FFF72D
:10BBA000DFFEA8B10B4B5A69110311D5D3F88820D9
:10BBB00092030DD4D3F8903013F0100F4FF0100310
:10BBC00004D1054AC2F89030002008BD034AF9E7C5
:10BBD0000220FAE7004008400040084600400844C0
:10BBE00038B5044608B3134A53691B031FD5D2F86E
:10BBF0008C50114BC5F38115032DB3F8C8300ED10D
:10BC0000083B9BB208220D48214606F05DFF094B18
:10BC10002572D3F890301B0A6372002038BD022DC4
:10BC200005D1023B9BB22A46EDE70120F6E7022050
:10BC3000F4E700BF00400840001E0021301008401B
:10BC4000064AD2F8C03043F04073C2F8C030044B0B
:10BC50004FF08062C3F81421704700BF00400840D5
:10BC600000400846044A0423C2F8BC3002F10072C6
:10BC7000C2F8C430704700BF00400844074B084A70
:10BC8000C3F8C0200122C3F8C4204FF08062C3F87B
:10BC900014210422C3F8C420704700BF00400844A8
:10BCA000CA078000023816289ABF024B185C002091
:10BCB000704700BF4C8B02002DE9F047344F354DE3
:10BCC0004FF00108C7F8C480D5F8C04024F47E04C2
:10BCD00024F0300444F4680444F03004C5F8C04053
:10BCE0002D4C06460846D4F834A09946FFF7DAFFF3
:10BCF0002AF47C1A4AEA00406063D5F8C01021F4A7
:10BD0000FF3121F4807141EAC92141EA0222C5F8DC
:10BD1000C020A36D23F07F033343A3651F4B4A224A
:10BD2000C3F8C02080254FF40002C3F8C480C3F8D4
:10BD3000C050C3F8C0201A4A1021D1650822C7F8A4
:10BD4000C020184AC3F8C0204FF47A7006F0E9FF0B
:10BD50004FF480726560626023681905FCD4236823
:10BD60005B04F7D40D4B0822C3F8C0200E4B102201
:10BD7000DA65084A40236360D2F8C03023F4000338
:10BD800023F0040343F40003C2F8C030BDE8F08799
:10BD90000040084400400840003008400040084689
:10BDA00000300846040080000030084410F0080FFE
:10BDB0000A4B0AD141F20E721A604FF0FF321A613B
:10BDC000074A9A6101229A60704741F204721A6030
:10BDD00000221A6148F20842F3E700BF0020084041
:10BDE0002083B8ED064B10225A63064A92F8D02001
:10BDF000D2074CBF4FF480624FF440625A637047E1
:10BE000000000846001E002170B5704D2B6EE96ED3
:10BE10001940CB0101F07F444AD56D4BD3F8BC3EAD
:10BE20001E0642D56B4A13423FD06B48066E426EE7
:10BE30006D6D03F08043002D00F085809BB90AB141
:10BE4000964224D1614B5B6B13F4406F00F0898004
:10BE50005E4B44F20D02DA65604A4FF00073936660
:10BE60001A44D36621E00368D8066FD4002A6DD047
:10BE700096426BD05A4A92F8D13023F0010382F8EF
:10BE8000D130564B4FF443625A63FFF7ABFF4F4B31
:10BE900048F20522DA6503F180634FF090529A660A
:10BEA00003F100734FF08052DA66484B02225A6267
:10BEB000CA0001F0007513D5454B444AD3F8BC6E57
:10BEC000D36BD2F8901003EB810303F10053434985
:10BED000588C4FF08053CB66C30747D5002E63DAEA
:10BEE000002D2DD03A4B3D4ED3F8BC1E374BD3F826
:10BEF0008C504FF00072F266EA0762D4354A114264
:10BF000061D0A8B2FFF752FF354A92F8D13007202E
:10BF100003F0FD0382F8D1307063E8060AD511F012
:10BF2000804F304914BF0320012043F002034863CF
:10BF300082F8D130254B40F20C425A620122DA6578
:10BF4000264B9C6670BD002B3FF47CAF244A92F8D0
:10BF5000D13043F0010382F8D130204B4FF44362DB
:10BF60005A63204B4FF440625A6371E7194B1E42EB
:10BF70001AD0FFF71BFF1A4A07234B6392F8D13000
:10BF8000C60603F0FD0382F8D13006D5154903201B
:10BF900043F00203486382F8D1300C4B40F2144264
:10BFA0005A620122DA659BE714235362002D99D16E
:10BFB00009210320FCF71CF9044B40F201225A62CC
:10BFC000BEE70029BCDB0C225A62F1E70000084002
:10BFD00000100021000002400060084000000844FA
:10BFE000001E0021000008462DE9F74FDFF8ECB0F5
:10BFF0008146DBF800A00F46FBF7E6FC4FF0FF356B
:10C00000CDE9000100202C46064606F110031B0175
:10C010005BF8033003F00308B8F1010F15D1304687
:10C02000FBF7EAFC02460B46DDE90001FBF77AFB71
:10C03000DBF85C3006F10802D340DB0737D5002F70
:10C040003ED000253E602C4640460136052EDCD110
:10C0500050B3224F396B0131A4FB014164190AF43A
:10C06000403341F10001B3F5003F4FF000022FD102
:10C07000FB6A0AF4405A013342F10006BAF5805FC8
:10C0800021D1BD6A15F5807542F100026E4303FBB4
:10C090000266A5FB03323244594304FB0212A3FBA0
:10C0A00004341444C9E9003403B0BDE8F08FA84259
:10C0B00071EB0403C8D207B13E6005460C46C3E7E6
:10C0C0003D463C46C0E7320242EA13621B02E3E708
:10C0D000BB6A13F5807342F10002DDE700500840AF
:10C0E00081F0004102E000BF83F0004330B54FEA29
:10C0F00041044FEA430594EA050F08BF90EA020F96
:10C100001FBF54EA000C55EA020C7FEA645C7FEA28
:10C11000655C00F0E2804FEA5454D4EB5555B8BF4B
:10C120006D420CDD2C4480EA020281EA030382EABC
:10C13000000083EA010180EA020281EA0303362D4E
:10C1400088BF30BD11F0004F4FEA01314FF4801C21
:10C150004CEA113102D0404261EB410113F0004F33
:10C160004FEA03334CEA133302D0524263EB4303EA
:10C1700094EA050F00F0A780A4F10104D5F1200E88
:10C180000DDB02FA0EFC22FA05F2801841F10001E3
:10C1900003FA0EF2801843FA05F359410EE0A5F1B7
:10C1A00020050EF1200E012A03FA0EFC28BF4CF0E8
:10C1B000020C43FA05F3C01851EBE37101F000459E
:10C1C00007D54FF0000EDCF1000C7EEB00006EEBAB
:10C1D0000101B1F5801F1BD3B1F5001F0CD3490835
:10C1E0005FEA30004FEA3C0C04F101044FEA44528C
:10C1F00012F5800F80F09A80BCF1004F08BF5FEA13
:10C20000500C50F1000041EB045141EA050130BDF2
:10C210005FEA4C0C404141EB0101013C28BFB1F504
:10C22000801FE9D291F0000F04BF01460020B1FA4F
:10C2300081F308BF2033A3F10B03B3F120020CDA22
:10C240000C3208DD02F1140CC2F10C0201FA0CF000
:10C2500021FA02F10CE002F11402D8BFC2F1200C65
:10C2600001FA02F120FA0CFCDCBF41EA0C0190401B
:10C27000E41AA2BF01EB0451294330BD6FEA040464
:10C280001F3C1CDA0C340EDC04F11404C4F120024F
:10C2900020FA04F001FA02F340EA030021FA04F361
:10C2A00045EA030130BDC4F10C04C4F1200220FAB8
:10C2B00002F001FA04F340EA0300294630BD21FAF6
:10C2C00004F0294630BD94F0000F83F4801306BFBC
:10C2D00081F480110134013D4EE77FEA645C18BFB0
:10C2E0007FEA655C29D094EA050F08BF90EA020F47
:10C2F00005D054EA000C04BF1946104630BD91EA3F
:10C30000030F1EBF0021002030BD5FEA545C05D141
:10C310004000494128BF41F0004130BD14F5800480
:10C320003CBF01F5801130BD01F0004545F0FE41F4
:10C3300041F470014FF0000030BD7FEA645C1ABF29
:10C34000194610467FEA655C1CBF0B46024650EA60
:10C35000013406BF52EA033591EA030F41F400218C
:10C3600030BD00BF90F0000F04BF0021704730B512
:10C370004FF4806404F132044FF000054FF00001E7
:10C3800050E700BF90F0000F04BF0021704730B5A8
:10C390004FF4806404F1320410F0004548BF40427D
:10C3A0004FF000013EE700BF42004FEAE2014FEAD2
:10C3B00031014FEA02701FBF12F07F4393F07F4FAD
:10C3C00081F06051704732F07F4208BF704793F0B0
:10C3D0007F4F04BF41F40021704730B54FF46074C3
:10C3E00001F0004521F000411CE700BF50EA0102C6
:10C3F00008BF704730B54FF000050AE050EA01026F
:10C4000008BF704730B511F0004502D5404261EBDE
:10C4100041014FF4806404F132045FEA915C3FF41F
:10C42000D8AE4FF003025FEADC0C18BF03325FEABC
:10C43000DC0C18BF033202EBDC02C2F1200300FA6D
:10C4400003FC20FA02F001FA03FE40EA0E0021FA92
:10C4500002F11444BDE600BF70B54FF0FF0C4CF480
:10C46000E06C1CEA11541DBF1CEA135594EA0C0F32
:10C4700095EA0C0F00F0DEF82C4481EA030621EA6D
:10C480004C5123EA4C5350EA013518BF52EA0335A8
:10C4900041F4801143F4801338D0A0FB02CE4FF05A
:10C4A0000005E1FB02E506F00042E0FB03E54FF08A
:10C4B0000006E1FB03569CF0000F18BF4EF0010E82
:10C4C000A4F1FF04B6F5007F64F5407404D25FEA7E
:10C4D0004E0E6D4146EB060642EAC62141EA555131
:10C4E0004FEAC52040EA5E504FEACE2EB4F1FD0C73
:10C4F00088BFBCF5E06F1ED8BEF1004F08BF5FEAF1
:10C50000500E50F1000041EB045170BD06F00046A2
:10C5100046EA010140EA020081EA0301B4EB5C044F
:10C52000C2BFD4EB0C0541EA045170BD41F4801147
:10C530004FF0000E013C00F3AB8014F1360FDEBF6C
:10C54000002001F0004170BDC4F10004203C35DA48
:10C550000C341BDC04F11404C4F1200500FA05F3CB
:10C5600020FA04F001FA05F240EA020001F000426C
:10C5700021F0004110EBD37021FA04F642EB0601E2
:10C580005EEA430E08BF20EAD37070BDC4F10C040C
:10C59000C4F1200500FA04F320FA05F001FA04F2D0
:10C5A00040EA020001F0004110EBD37041F10001BC
:10C5B0005EEA430E08BF20EAD37070BDC4F12005C7
:10C5C00000FA05F24EEA020E20FA04F301FA05F22F
:10C5D00043EA020321FA04F001F0004121FA04F2D7
:10C5E00020EA020000EBD3705EEA430E08BF20EAA7
:10C5F000D37070BD94F0000F0FD101F000464000E1
:10C6000041EB010111F4801F08BF013CF7D041EA62
:10C61000060195F0000F18BF704703F00046520066
:10C6200043EB030313F4801F08BF013DF7D043EA37
:10C630000603704794EA0C0F0CEA135518BF95EAED
:10C640000C0F0CD050EA410618BF52EA4306D1D174
:10C6500081EA030101F000414FF0000070BD50EA93
:10C66000410606BF1046194652EA430619D094EA1D
:10C670000C0F02D150EA013613D195EA0C0F05D107
:10C6800052EA03361CBF104619460AD181EA03015B
:10C6900001F0004141F0FE4141F470014FF0000013
:10C6A00070BD41F0FE4141F4780170BD70B54FF0AE
:10C6B000FF0C4CF4E06C1CEA11541DBF1CEA13552E
:10C6C00094EA0C0F95EA0C0F00F0A7F8A4EB050410
:10C6D00081EA030E52EA03354FEA013100F0888007
:10C6E0004FEA03334FF0805545EA131343EA1263D0
:10C6F0004FEA022245EA111545EA10654FEA002685
:10C700000EF000419D4208BF964244F1FD0404F53D
:10C71000407402D25B084FEA3202B61A65EB030599
:10C720005B084FEA32024FF480104FF4002CB6EB56
:10C73000020E75EB030E22BFB61A754640EA0C00D6
:10C740005B084FEA3202B6EB020E75EB030E22BF16
:10C75000B61A754640EA5C005B084FEA3202B6EB57
:10C76000020E75EB030E22BFB61A754640EA9C0016
:10C770005B084FEA3202B6EB020E75EB030E22BFE6
:10C78000B61A754640EADC0055EA060E18D04FEAA4
:10C79000051545EA16754FEA06164FEAC30343EA44
:10C7A00052734FEAC2025FEA1C1CC0D111F4801F11
:10C7B0000BD141EA00014FF000004FF0004CB6E70A
:10C7C00011F4801F04BF01430020B4F1FD0C88BFA9
:10C7D000BCF5E06F3FF6AFAEB5EB030C04BFB6EBB4
:10C7E000020C5FEA500C50F1000041EB045170BDA7
:10C7F0000EF0004E4EEA113114EB5C04C2BFD4EBD4
:10C800000C0541EA045170BD41F480114FF0000E57
:10C81000013C90E645EA060E8DE60CEA135594EAD3
:10C820000C0F08BF95EA0C0F3FF43BAF94EA0C0FD6
:10C830000AD150EA01347FF434AF95EA0C0F7FF44B
:10C8400025AF104619462CE795EA0C0F06D152EA9F
:10C8500003353FF4FDAE1046194622E750EA410683
:10C8600018BF52EA43067FF4C5AE50EA41047FF494
:10C870000DAF52EA43057FF4EBAE12E74FF0FF3CF9
:10C8800006E000BF4FF0010C02E000BF4FF0010CCA
:10C890004DF804CD4FEA410C7FEA6C5C4FEA430C43
:10C8A00018BF7FEA6C5C1BD001B050EA410C0CBF92
:10C8B00052EA430C91EA030F02BF90EA020F0020F4
:10C8C000704710F1000F91EA030F58BF994208BF5B
:10C8D00090422CBFD8176FEAE37040F00100704718
:10C8E0004FEA410C7FEA6C5C02D150EA013C07D16F
:10C8F0004FEA430C7FEA6C5CD6D152EA033CD3D0BA
:10C900005DF8040B704700BF8446104662468C46B3
:10C910001946634600E000BF01B5FFF7B7FF0028E6
:10C9200048BF10F1000F01BD4DF808EDFFF7F4FF0F
:10C930000CBF012000205DF808FB00BF4DF808ED9A
:10C94000FFF7EAFF34BF012000205DF808FB00BFBD
:10C950004DF808EDFFF7E0FF94BF012000205DF8DF
:10C9600008FB00BF4DF808EDFFF7CEFF94BF012094
:10C9700000205DF808FB00BF4DF808EDFFF7C4FF8D
:10C9800034BF012000205DF808FB00BF4FEA4102E0
:10C9900012F5001215D211D56FF47873B3EB625211
:10C9A00012D94FEAC12343F0004343EA505311F038
:10C9B000004F23FA02F018BF404270474FF00000CA
:10C9C000704750EA013005D111F0004008BF6FF008
:10C9D000004070474FF00000704700BF4A0011D27E
:10C9E00012F5001211D20DD56FF47873B3EB6252C9
:10C9F0000ED44FEAC12343F0004343EA505323FAD5
:10CA000002F070474FF00000704750EA013002D149
:10CA10004FF0FF3070474FF00000704753B94AB9EC
:10CA2000002908BF00281CBF4FF0FF314FF0FF3036
:10CA300000F06AB9ADF1080C6DE904CE00F006F81B
:10CA4000DDF804E0DDE9022304B070472DE9F0478A
:10CA5000089D0C46002B4ED194468C458646B2FA72
:10CA600082F262D94AB1C2F12003914020FA03F365
:10CA70000CFA02FC194300FA02FE4FEA1C471FFAA7
:10CA80008CF6B1FBF7F44FEA1E4307FB141143EA9F
:10CA9000014304FB06F199420AD91CEB030304F19C
:10CAA000FF3080F01381994240F21081023C6344D0
:10CAB000591A1FFA8EF3B1FBF7F007FB101143EA86
:10CAC000014300FB06F69E420AD91CEB030300F16A
:10CAD000FF3180F0FD809E4240F2FA8063440238CC
:10CAE0009B1B40EA044000211DB1D3400022C5E950
:10CAF0000032BDE8F0878B4205D90DB1C5E90001D0
:10CB000000210846F5E7B3FA83F1002946D1A34294
:10CB100002D39042C0F0F180861A64EB0303012037
:10CB2000002DE6D0C5E90063E3E7002A40F09180DC
:10CB3000A1EB0C044FEA1C481FFA8CF70121B4FB4F
:10CB4000F8F64FEA1E4308FB164443EA044307FB8A
:10CB500006F0984208D91CEB030306F1FF3402D219
:10CB6000984200F2CE8026461C1A1FFA8EF3B4FBC0
:10CB7000F8F008FB104443EA044300FB07F79F4228
:10CB800008D91CEB030300F1FF3402D29F4200F2EC
:10CB9000B1802046DB1B40EA0640A5E7C1F1200634
:10CBA0008B4022FA06F71F4320FA06FC04FA01F331
:10CBB00043EA0C03F44000FA01F8380C4FEA134939
:10CBC000B4FBF0FE1FFA87FC00FB1E4449EA044454
:10CBD0000EFB0CF9A14502FA01F20AD93C190EF13B
:10CBE000FF3A80F08580A14540F28280AEF1020ECE
:10CBF0003C44A4EB09041FFA83F9B4FBF0F300FBF7
:10CC0000134449EA044403FB0CFCA44507D93C192E
:10CC100003F1FF3068D2A44566D9023B3C4443EAA5
:10CC20000E40A0FB0293A4EB0C049C42CE469C4613
:10CC300052D34FD055B1B8EB0E0364EB0C0404FA99
:10CC400006F6CB40CC401E43C5E900640021BDE898
:10CC5000F087C2F1200320FA03F10CFA02FC24FA57
:10CC600003F394400C434FEA1C4800FA02FE1FFAFB
:10CC70008CF7B3FBF8F008FB1031230C43EA0143B7
:10CC800000FB07F1994208D91CEB030300F1FF36C2
:10CC90002CD299422AD9023863445B1AA4B2B3FB5E
:10CCA000F8F108FB113344EA034401FB07F3A34204
:10CCB00008D91CEB040401F1FF3613D2A34211D9A9
:10CCC00002396444E41A41EA004138E70446EFE6D9
:10CCD000084605E7C845ADD2B9EB020E63EB070C79
:10CCE0000138A7E73146EDE7034698E73046D4E739
:10CCF000D6467EE7634402384CE70646234608469C
:10CD00000EE7023E63442FE7704700BF08B5064BAD
:10CD1000044613B10021AFF30080044B1B6803B13C
:10CD20009847204602F0DCFE00000000344F00204F
:10CD3000242B2DE9F0478646904601D8012B06D1D9
:10CD400000F024FC162303600020BDE8F08736487D
:10CD50000D462A4615F8014B065D16F00806F8D177
:10CD60002D2C24D12C780126951C2BBB302C30D0B7
:10CD70000A2306F1004C0CF1FF3C0022BCFBF3F946
:10CD8000104603FB19CAA4F13007092F28D83C46E6
:10CD9000A34234DD571C07D081452DD301D1A245D4
:10CDA0002ADB00FB0340012215F8014BEBE72B2C9B
:10CDB00004BF2C78951CD8E7102BDAD1302CD8D1B1
:10CDC0002A7802F0DF02582AD3D16C78102302357A
:10CDD000CFE72B7803F0DF03582BF6D00823C8E702
:10CDE000A4F14107192F01D8373CD1E7A4F161071D
:10CDF000192F04D8573CCBE74FF0FF32D4E7531C30
:10CE000008D12223CEF800306046B8F1000F9CD044
:10CE1000691E06E006B14042B8F1000F95D0002A25
:10CE2000F6D1C8F8001090E7738E020013460A4648
:10CE3000014602480068FFF77BBF00BF2C2100209D
:10CE40002DE9F043364E86460D46284615F8014B2F
:10CE5000375D17F00807F8D12D2C26D12C78012743
:10CE6000851C3BBB302C32D00A234FF0FF38002604
:10CE7000B8FBF3F803FB08F96FEA09093046A4F19F
:10CE8000300CBCF1090F29D86446A34237DDB6F156
:10CE9000FF3F07D080452FD301D1A1452CDB00FBFC
:10CEA0000340012615F8014BE9E72B2C04BF2C7831
:10CEB000851CD6E7102BD8D1302CD6D1287800F09D
:10CEC000DF005828D1D16C7810230235CDE72B78BC
:10CED00003F0DF03582BF6D00823C6E7A4F1410C7A
:10CEE000BCF1190F01D8373CCFE7A4F1610CBCF1BC
:10CEF000190F04D8573CC8E74FF0FF36D2E7731C30
:10CF000006D12223CEF80030304632B9BDE8F08396
:10CF100007B14042002AF9D006B1691E1160F5E759
:10CF2000738E020013460A46014602480068FFF766
:10CF300087BF00BF2C2100202DE9F04F85B090461F
:10CF4000464A029089461E460D462B4615F8014B6F
:10CF5000175D17F00807F8D12D2C41D12C78012747
:10CF60009D1C002E41D1302C4CD00A2607F1004ADE
:10CF700007F1FF3B0AF1FF3AF31732465846514694
:10CF80000393FFF74BFD019200228E468446114623
:10CF90001046A4F13003092B05D9A4F14103192B44
:10CFA00037D8A4F137039E423DDD541C15D084458B
:10CFB0007EEB010234D38E4508BF844502D1019A2D
:10CFC0009A422DDB039A714300FB0211A6FB00027B
:10CFD0000A44181842EBE371012215F8014BD8E717
:10CFE0002B2C04BF2C789D1CBBE7102EBED1302CFF
:10CFF000BCD12B7803F0DF03582BB7D16C78102607
:10D000000235B3E72B7803F0DF03582BF6D0082660
:10D01000ACE7A4F16103192B05D8A4F15703C2E7CB
:10D020004FF0FF32D9E7531C0AD1029A2223136032
:10D0300058465146B8F1000F0AD105B0BDE8F08F4F
:10D0400017B1404261EB4101B8F1000FF5D00AB1D0
:10D0500005F1FF39C8F80090EFE700BF738E0200BA
:10D0600013460A46014602480068FFF765BF00BF45
:10D070002C21002070B50D4D0D4C641BA410002612
:10D08000A64209D10B4D0C4C06F04AFC641BA410BF
:10D090000026A64205D170BD55F8043B98470136DD
:10D0A000EEE755F8043B98470136F2E7F4210020FB
:10D0B000F4210020F4210020F8210020024B014639
:10D0C000186800F02DB800BF2C210020024B01464B
:10D0D000186800F061BA00BF2C21002070B50F4E17
:10D0E0000C463168054611B900F02EFA3060214631
:10D0F000284600F029FA431C03D14FF0FF342046A4
:10D1000070BDC41C24F00304A042F8D0211A2846A4
:10D1100000F01AFA0130F2D1EFE700BFF44D002021
:10D120002DE9F041CD1C25F0030508350C2D38BF45
:10D130000C25002D064601DBA94204D90C233360DF
:10D140000020BDE8F081314F00F0EAF93B681C4651
:10D1500044BB29463046FFF7C1FF431C044650D16B
:10D160003C682146002941D1002C44D02368304638
:10D1700004EB030800F0E8F980453CD121686D1A02
:10D1800029463046FFF7AAFF013034D023682B44EC
:10D1900023603B68002B36D05A68A24229D1002276
:10D1A0005A600EE02268521B1DD40B2A16D9611951
:10D1B000A342256018BF5960636808BF3960625197
:10D1C0004B60304600F0B2F904F10B00231D20F053
:10D1D0000700C21AB5D01B1AA350B2E7A342626877
:10D1E000DED13A60EDE723466468B1E70C46496852
:10D1F000B8E71346CEE70C233360304600F096F9CB
:10D200009EE70560DDE75B60FFDE00BFF84D0020B4
:10D210001FB514461A46094B1B680546D86854B911
:10D22000074B1C46CDE9013400912B46054900F01F
:10D23000B1F806F043FB044BF4E700BF2C210020BB
:10D24000CD6B0200438E0200368E0200002310B523
:10D250000446C0E90033C0E904338360818143663A
:10D26000C2818361194608225C3006F03AF90D4B01
:10D2700063620D4BA3620D4BE3620D4B23630D4BB9
:10D2800024629C4206D003F16802944202D0D0335B
:10D290009C4205D104F15800BDE8104006F029B9C0
:10D2A00010BD00BFA5330200C7330200FF330200E8
:10D2B00023340200FC4D0020024A0349034806F0D3
:10D2C000C8B800BF7C2100206D380200302100204A
:10D2D00041680C4B994210B5044601D006F0C6FADD
:10D2E000A168094B994202D0204606F0BFFAE168D6
:10D2F000064B994204D02046BDE8104006F0B6BA6D
:10D3000010BD00BFFC4D0020644E0020CC4E00201C
:10D3100010B50B4B0B4C0C4A1A602046002204211E
:10D32000FFF794FF04F1680001220921FFF78EFF47
:10D3300004F1D0000222BDE810401221FFF786BFA1
:10D34000344F0020FC4D0020B9D20100014806F006
:10D35000D1B800BF67500020014806F0CCB800BF2C
:10D360006750002010B50446FFF7F0FF236A1BB199
:10D37000BDE81040FFF7F0BF044B2362044B1B686D
:10D38000002BF5D1FFF7C4FFF2E700BFD1D20100B7
:10D39000344F00200EB403B5014603AB054853F8E3
:10D3A000042B0068019300F041F902B05DF804EB32
:10D3B00003B070472C2100202DE9F7431D46574B41
:10D3C0001F6804460E46904627B13B6A13B938469B
:10D3D000FFF7C8FFB8F1020F06D0B8F1010F00F255
:10D3E0009A80002DC0F29780636ED90705D4A38977
:10D3F0009A0502D4A06D06F07DF82146384606F065
:10D4000035FA616B41B104F14403994202D03846C8
:10D4100000F0C2F8002363630023A3616360A38963
:10D420001B0603D52169384600F0B6F8A38923F41A
:10D430004A6323F00303B8F1020FA38161D001AB6B
:10D440006A462146384606F057F8A3891843A0815A
:10D450002DBB009D2846FFF731FE0646002852D11D
:10D46000DDF80090A94540D14FF0FF35B4F90C30FC
:10D4700043F00202A2810022A26004F1470222606E
:10D48000226101226261626ED60704D4980502D43B
:10D49000A06D06F030F8284603B0BDE8F083002EFA
:10D4A000D8D03B6A13B93846FFF75CFFB8F1010FDB
:10D4B00008BFA389266004BF43F00103A381B4F928
:10D4C0000C3013F00802C4E904651ED0D90741BF2F
:10D4D00000226D42A260A56158BFA560626ED207AE
:10D4E00001D49B0513D50025D5E74846FFF7E6FD97
:10D4F00006460028B8D0A38943F08003A3814D4697
:10D50000CFE70025B2E7A946F5E7A260E6E7A06D00
:10D5100005F0F1FFE7E74FF0FF35BCE72C210020D5
:10D52000014805F0E7BF00BF66500020014805F044
:10D53000E2BF00BF66500020024B0A460146186851
:10D5400005F073BF2C21002038B5064D002304469A
:10D5500008462B60E8F742FD431C02D12B6803B15B
:10D56000236038BD384F002038B5074D04460846C3
:10D57000114600222A601A4602F0D0FA431C02D15A
:10D580002B6803B1236038BD384F0020014B186869
:10D59000704700BF2C21002038B50546002941D036
:10D5A00051F8043C0C1F002BB8BFE418FFF7B8FF7C
:10D5B0001D4A136833B9636014602846BDE83840DB
:10D5C000FFF7B4BFA34208D9206821188B4201BFDE
:10D5D00019685B6809182160EDE71A465B680BB1B2
:10D5E000A342FAD911685018A0420BD12068014417
:10D5F000501883421160E0D118685B68536008449A
:10D600001060DAE702D90C232B60D6E720682118D6
:10D610008B4204BF19685B68636004BF091821600E
:10D620005460CAE738BD00BFF84D00202DE9F04F27
:10D630000D469DB014469846064618B1036A0BB9CC
:10D64000FFF790FE6B6ED90705D4AB899A0502D41B
:10D65000A86D05F04FFFAB891B0701D52B699BB95E
:10D660002946304600F0FAF870B16B6EDC0704D53D
:10D670004FF0FF301DB0BDE8F08FAB899805F7D4AF
:10D68000A86D05F038FFF3E70023099320238DF8F8
:10D690002930CDF80C803023DFF8AC818DF82A30AA
:10D6A0004FF0010923469A4613F8012B0AB1252AA7
:10D6B000F9D1BAEB040B0BD05B4622462946304623
:10D6C00005F093FF013000F0A780099A5A440992AF
:10D6D0009AF80030002B00F09F8000234FF0FF32BB
:10D6E000CDE905230AF1010A049307938DF853301D
:10D6F0001A935446052214F8011B5348E2F710FD13
:10D70000049AD8B9D10644BF20238DF853301307AB
:10D7100044BF2B238DF853309AF800302A2B15D0B4
:10D72000079A544600204FF00A0C214611F8013B9D
:10D73000303B092B4BD9B0B1079214E0A0EB0803A2
:10D7400009FA03F313430493A246D2E7039B191D7E
:10D750001B680391002BBBBF5B4242F002020793A0
:10D760000793B8BF049223782E2B0AD163782A2B13
:10D7700032D1039B1A1D1B68039243EAE373023400
:10D780000593DFF8D4A0217803225046E2F7C8FCC5
:10D7900038B1049BA0EB0A004022824013430134BD
:10D7A000049314F8011B29488DF828100622E2F78B
:10D7B000B7FC00283FD0264B1BBB039B073323F04D
:10D7C000070308330393099B3B4409936AE70CFB67
:10D7D00002320C460120A8E70023013405931946C4
:10D7E0004FF00A0C204610F8012B303A092A03D9D1
:10D7F000002BC6D00591C4E70CFB01210446012390
:10D80000F0E703AB00932A46124B04A93046AFF36E
:10D8100000800746781CD6D16B6ED90705D4AB893A
:10D820009A0502D4A86D05F066FEAB895B063FF54C
:10D830001FAF09981EE703AB00932A46054B04A9C6
:10D84000304600F061F8E4E7738F02007D8F02003C
:10D8500000000000EB350200798F020038B5294B3B
:10D86000054618680C4618B1036A0BB9FFF77AFD34
:10D87000B4F90C30190722D4DA0607D409222A6039
:10D8800043F04003A3814FF0FF3033E0580712D537
:10D89000616B41B104F14403994202D02846FFF77D
:10D8A0007BFE00236363A38923F02403A381002369
:10D8B000636023692360A38943F00803A38123697C
:10D8C0004BB9A38903F42073B3F5007F03D021463D
:10D8D000284605F037FEB4F90C3013F001020AD0E7
:10D8E0000022A26062695242A261226942B913F029
:10D8F0008000C5D138BD990758BF6269A260F4E7BE
:10D900000020F7E72C2100202DE9FF470F7E0C9E19
:10D91000782F914680460C469A4601F1430207D87B
:10D92000622F0AD8002F00F0DD80582F00F0C3804E
:10D9300004F1420684F842703AE0A7F16303152B24
:10D94000F6D801A151F823F0A1D90100B5D9010001
:10D9500031D9010031D9010031D9010031D901009B
:10D96000B5D9010031D9010031D9010031D9010007
:10D9700031D90100CBDA010043DA010083DA01007A
:10D9800031D9010031D90100EDDA010031D90100AE
:10D9900043DA010031D9010031D901008BDA0100ED
:10D9A00033681A1D1B68326004F1420684F8423065
:10D9B0000123A8E031682368081D30601E0601D5E8
:10D9C0000D6803E05D06FBD5B1F900506168002DDC
:10D9D00078DA2D20002984F84300A1602DDA5E4812
:10D9E0006D420A231646B5FBF3F103FB1157C75DE1
:10D9F00006F8017D2F46BB420D46F4D9082B0BD10A
:10DA00002368DF0708D5236961689942DEBF3023A8
:10DA100006F8013C06F1FF36921B2261CDF800A00A
:10DA20004B4603AA2146404605F02FFE01306FD138
:10DA30004FF0FF3004B0BDE8F08723F0040323600B
:10DA4000CDE721683368080653F8045B02D4490621
:10DA500048BFADB26F2F4048336014BF0A2308237C
:10DA6000002184F843106668A660002EBADB2168A6
:10DA700021F004012160002DB4D1002EB2D1164650
:10DA8000BCE7236843F0200323603448782784F8F8
:10DA90004570236831681F0651F8045B02D45F06A5
:10DAA00048BFADB23160D90744BF43F020032360C3
:10DAB0001DB11023D4E72848E9E7236823F02003A9
:10DAC0002360F6E724480A23CDE7336825686169B7
:10DAD000181D30602E061B6801D5196002E068062B
:10DAE000FBD5198000232361164697E733681A1D7A
:10DAF00032601E68626800213046E2F711FB08B10F
:10DB0000801B606063682361002384F8433085E7ED
:10DB10002369324649464046D047013088D02368C1
:10DB20009B0714D4E068039B9842B8BF184681E76E
:10DB30000123324649464046D04701303FF478AF92
:10DB40000135E36803995B1AAB42F1DCEAE7002593
:10DB500004F11906F5E700BF848F0200958F0200DB
:10DB600038B5064D0023044608462B6001F0B6FF89
:10DB7000431C02D12B6803B1236038BD384F00200D
:10DB800038B5074D00230446084611462B6001F0C6
:10DB9000A8FF431C02D12B6803B1236038BD00BF2E
:10DBA000384F002038B5064D0023044608462B6048
:10DBB00001F09EFF431C02D12B6803B1236038BDE6
:10DBC000384F002038B5074D04460846114600225C
:10DBD0002A601A4601F091FF431C02D12B6803B161
:10DBE000236038BD384F002038B5074D044608463D
:10DBF000114600222A601A4601F081FF431C02D11F
:10DC00002B6803B1236038BD384F0020024B01461A
:10DC1000186805F05ABE00BF2C21002038B5074D0A
:10DC200000230446084611462B6001F063FF431CA5
:10DC300002D12B6803B1236038BD00BF384F0020EC
:10DC4000F7B510220C460021054605F04AFC03F00A
:10DC500088FB2044F3F7E4FB800B02D1002003B0E3
:10DC6000F0BD03F07EFB2044F3F7DAFB0307F5D5A4
:10DC70002B4B1B78063B012B35D803F072FB20445D
:10DC8000F3F7CEFB801303284FF00601204614D192
:10DC900003F083FC21180822681CF3F7FBFB082122
:10DCA000204603F07AFC0422211805F10900F3F75D
:10DCB000F1FB05236B730120D1E703F06EFC2044D8
:10DCC000F3F7AEFB0646F2F77DF9B04203D1F2F767
:10DCD00091F90146DFE76946304600F03DFB002838
:10DCE000BCD06946D7E70621204603F056FC27182A
:10DCF00003F037FB2044F3F793FB8013022805F170
:10DD0000010614BF082202223946304605F022FBE4
:10DD10000821204603F041FC2358C5F80930C8E724
:10DD2000364900202DE9F04385B00746FE180C98CF
:10DD3000C91A9B1ADCB21744431C8DB2A0460DF1E0
:10DD400001020D3053F8041B42F8041B8342F9D141
:10DD50001B78137049238DF8003068466BBAADF814
:10DD60000E3000F01BFB9DF801305C408DF8014047
:10DD7000022422464FF000091BE0C2F11003A8EB79
:10DD800009019BB289B28B4228BF0B4600201FFAC3
:10DD900080FC11186345C9B219D81A44D2B21F4485
:10DDA000102A4B441FFA83F903D1684600F0F6FAB3
:10DDB0000022C845E1D812B1684600F0EFFA012C04
:10DDC0004FF000020DD00124A8463746D2E717F8DD
:10DDD00000C01DF801E08CEA0E0C0DF801C0013006
:10DDE000D5E70D9B009A1A6005B0BDE8F0832DE9D8
:10DDF000F0478EB004460AA8894603F0C4FE092104
:10DE00000746204603F0C9FB0646204603F0D5FC32
:10DE10000546002F66D10AA800F0BFFA0F22394646
:10DE20000DF1190005F05DFB01238DF8183003F0AA
:10DE300098FA2044F3F7F4FA801302283FD0062121
:10DE4000204603F0AAFB082221180DF11900F3F770
:10DE500021FB4A460DF121010020F3F7EFFA0423DC
:10DE600026448DF8253002AC0DF11808D5B39DF885
:10DE7000273001338DF8273098E80F00102DA94680
:10DE800028BF4FF010091FFA89FA84E80F00A5EBAC
:10DE90000A05204600F082FA5FFA89F9ADB2721ED7
:10DEA0002046002312F801CF10F8011B0133DBB22A
:10DEB00081EA0C0199451170F4D85644D6E7062141
:10DEC000204603F06AFB2044F3F7AAFA8046F2F7F3
:10DED00079F84045B3D06946404600F03DFA002845
:10DEE000ADD1702738460EB0BDE8F0872DE9FF4769
:10DEF00006460D4614461F4603F10D094FF0010A70
:10DF000015B904B0BDE8F087102DA84607F101024D
:10DF100028BF4FF010080DF1010352F8041B43F81D
:10DF2000041B4A45F9D199F800201A70684663BA73
:10DF300001348DF800A0ADF80E30A4B200F02EFA36
:10DF40006A4606EB0801304610F8016B12F8013BF7
:10DF5000884283EA060300F8013CF5D1A5EB0808E6
:10DF600006465FFA88F5CBE78020704700F014BAC8
:10DF70002DE9F0478CB00446EFF746FE002860D04C
:10DF800000F0DAF9052840D108A803F0FCFD0D21C6
:10DF90000546204603F001FB064695BB08A80DF197
:10DFA000100800F0FAF921464046FFF749FE002824
:10DFB00047D00121204603F0F0FA0921814620468E
:10DFC00003F0EBFA0DF10C0AC7B23B465FFA89F297
:10DFD00031462046CDE9008AFFF7A4FE43462A4693
:10DFE00004215046FFF782FFF11B43460122C9B2CC
:10DFF000E019FFF77BFF0D21204603F0CEFA039BCB
:10E00000235028460CB0BDE8F08700F095F90428AD
:10E0100019D10821204603F0C0FA21180120F3F796
:10E020001BFA07210546204603F0B7FA2A462118B5
:10E030000020F3F703FA294620460CB0BDE8F0476C
:10E04000D5E63525DDE77025DBE72DE9F0478CB017
:10E050000446EFF7D9FDF8B100F06EF905284FD16D
:10E060000721204603F099FA235C03F00703052BF0
:10E0700046D108A803F087FD0D210546204603F090
:10E080008CFA8046C5BB08A804AF00F086F921468B
:10E090003846FFF7D5FD08B935252DE0012120468A
:10E0A00003F07BFA09218246204603F076FAC6B2D5
:10E0B000A8EB06010DF10C093B460122C9B2A019DB
:10E0C000FFF714FF33465FFA8AF241462046CDE956
:10E0D0000079FFF727FE2A463B4604214846FFF712
:10E0E00005FF0D21204603F058FA04222118484666
:10E0F00005F0CDF90028CFD128460CB0BDE8F08757
:10E1000000F01AF904281CD10721204603F045FA33
:10E110000721204603F041FA21180020F3F79CF96B
:10E1200007210546204603F038FA411C21442A46BF
:10E130000120F3F783F9294620460CB0BDE8F047EB
:10E1400055E67025D8E710B5044600F0F5F8042828
:10E1500008BF0020207010BD38B5084C00250423EE
:10E160002246294606202560EDF778FEA580F5F7C2
:10E17000F5FCBDE83840FFF7F9BE00BF3C4F00207A
:10E1800008B5002003F0CFF8003818BF012008BD03
:10E1900038B5064C2568C5F30D0313B90620EDF715
:10E1A000ADFE236801332360284638BD3C4F002074
:10E1B00010B5054C0423224600210620EDF7FEFD94
:10E1C00023689B03236010BD3C4F0020FFF7BBBFBB
:10E1D000FFF7CEBE2DE9F04704460E46FFF735FFA8
:10E1E0000546002840F08B80002E00F0888001203A
:10E1F00003F099F8064603F0B4F82044F3F710F959
:10E20000020705D448494948EB22EFF797FCFEE79F
:10E2100003F0A7F82044F3F703F980130228F1D1A3
:10E220000621204603F0B9F92044F3F7F9F8082154
:10E230000746204603F0B1F921180120F3F70CF945
:10E240008046F1F7C5FE874204D0394B1B78053B69
:10E25000022B36D8374E2C46B088F2F789FB844221
:10E26000B08836D3F2F784FB0630002180B2F2F793
:10E270008DFC814600283DD0B38873B1F2F75CFB7A
:10E280000446B088F2F758FB8246B088F2F770FB7C
:10E2900051460246204605F05DF84846F2F74CFB31
:10E2A0000446B088F2F764FB044439462046F3F78D
:10E2B000BDF84246A11C0120F3F7C0F8A6F804906F
:10E2C0001DE03306C6D541463846F1F71BFAB0B912
:10E2D00010E0F2F731FB00EB04094846F3F7A0F831
:10E2E00009F1020182460120F3F7B6F8574517D12C
:10E2F000804507D801210D20F5F746FC3525284635
:10E30000BDE8F087B088F2F717FB04443946204691
:10E31000F3F78CF84246A11C0120F3F78FF8EEE7E3
:10E320000634A4B298E700BFA68F0200BC6B0200BF
:10E33000364900203C4F0020014B1878704700BF41
:10E34000D8210020031F012B9DBF024B1870002015
:10E3500070207047D821002007B50023ADF80600D3
:10E3600001220DF10600F5F74DFB03B05DF804FB4B
:10E3700038B5074D002428460134F2F7F5F80A2C89
:10E3800005F10205F7D1BDE838400248F2F7ECB8D4
:10E39000DA4F0020404F00207047704710B586B01C
:10E3A0000446EFF731FC05AB02931023CDE900439F
:10E3B00002492246EEF738FE06B010BD0044400484
:10E3C0008020704710B5074B1878074B1A68002358
:10E3D00004321C46D9B2884200D810BD22F833401E
:10E3E0000133F7E7CB210020BC2000202DE9F74FB7
:10E3F000354CBDF830B09DF838A015461F46627800
:10E4000023789A428146884606D1304B1B6803EB3D
:10E41000C2039B88002B52D105EB0B00002180B278
:10E42000F2F7B4FBADF800900646ADF804008DF8A5
:10E4300006A08DF80380002843D0F2F77DFA2A4623
:10E44000394604F087FF3046F2F776FA0D99204EF0
:10E450005A46284404F07EFF1AF0040F1B482CD0C3
:10E460002578637802683178AB4213D16B46026835
:10E4700003CB637842F8350002EBC5073278796048
:10E480000133B3FBF2F102FB11336370002003B0E0
:10E49000BDE8F08F0FFA83FC02EBC3075BB1013BD1
:10E4A00052F8331042F83C1002EBC30EDBB2DEF838
:10E4B00004107960D6E74B1EF2E76578D6E739207D
:10E4C000E5E71820E3E700BF68500020BC200020EB
:10E4D000CB21002070B5084D084E00242A78E3B205
:10E4E0009A4200D870BD306800EBC3000430F2F7E8
:10E4F0003BF80134F2E700BFCB210020BC20002014
:10E50000074B19785A788A4201BF064B1B6803EB08
:10E51000C203988806BFB0FA80F040090020704717
:10E5200068500020BC200020F8B50446FFF7E8FF43
:10E53000064638BB144D154F29783A6802EBC103E3
:10E5400098792070D878607132F83120988862808C
:10E55000F2F70EFA2A783B68E08003EBC203988852
:10E56000F2F7EAF92B783A68A06002EBC3020133B4
:10E570009680074A1278B3FBF2F102FB11332B703D
:10E580000120F8BD0020FCE768500020BC200020DE
:10E59000CB21002030B58BB0044624252A4600212B
:10E5A00001A804F09EFF2A460021204604F099FFAE
:10E5B00020460BB030BD036813F4805F02D043F4F3
:10E5C00080630360036813F4005F02D043F40063C8
:10E5D0000360704708B5C36923B100231A4602F0EF
:10E5E000AEFA08BD0180FCE708B501F0BFFF08BD29
:10E5F00008B5E3F7DBFC08B58368C26853F822303E
:10E600001878E6F733F908BD08B5E6F731FA08BD22
:10E6100030B58BB0044624252A46002101A804F019
:10E6200060FF2A460021204604F05BFF20460BB025
:10E6300030BD036813F4805F02D043F4806303604D
:10E64000036813F4005F02D043F400630360704773
:10E6500008B5C36923B100231A4602F070FA08BD59
:10E660000180FCE7704770B584B006460846154641
:10E670001C4603A9ECF7D6FF034610B1184604B0B8
:10E6800070BDBDF8243001939DF8203000932346DF
:10E690002A460399304601F0F0FC0346EEE708B540
:10E6A00001F068FD01F072FDECF792FBFAE77047AC
:10E6B000704708B501F0C5FE08BD70477047704748
:10E6C00008B5EEF71BF908BD704708B5EEF7B4F8CA
:10E6D00008BD704770477047704770477047704774
:10E6E000704770477047704708B501F000FF08BDDC
:10E6F0000020704700207047704708B500F0ABF865
:10E7000008BD08B5E6F7D2FFEBF7B8FDE7F7ECF880
:10E71000EBF75AFDEBF79EFDEBF766FDE6F7A2FF80
:10E7200001F072F9E7F7D4F8E7F780FAE8F704F9AF
:10E73000ECF7A6FA08BD08B5E7F7EEFCE8F788F8AD
:10E74000E7F77AF8E7F780F800F09FF808BD08B51A
:10E75000EAF790F900F000FCEAF79EF9EDF712FDF8
:10E76000EDF72EFDEDF750FD08BD08B5E7F794F87D
:10E7700008BD704708B5E6F761FF08BD08B501F0B0
:10E780008BFDEDF735FD08BD704708B5E7F730F8AC
:10E7900008BD08B500F05BF8ECF70EFE01F06AFE6C
:10E7A000EBF7B6FD00F0DCFBECF754F8EEF722FDDA
:10E7B000FFF7EBFFE6F71AFF08BD012070470120C5
:10E7C000704738B5E6F732FF0446EDF733FD0546EE
:10E7D00000B1254601F0DEFE044600B12C46FFF7ED
:10E7E000ECFF00B1204638BD38B5ECF7ADFB044670
:10E7F00001F0D2FE042811D0022811D00025E7F73D
:10E8000013F804280FD002280FD0FFF7D8FF0428F0
:10E810000FD002280BD06DB100240BE00125EEE7EC
:10E8200000250124EBE70125EFE70124EDE70124B2
:10E83000F1E70024204638BD7047704708B5012332
:10E84000042205210020E9F701FC002008BD08B5DD
:10E85000FFF7F4FF08BD08B5002304220521184680
:10E86000E9F7F4FB002008BD20F07F4040EA81700A
:10E870007047012907D0022320F07F4040EAC3609F
:10E8800040EA827070470323F6E708B5082000F0DD
:10E890009AF8E7F779F8082000F0A0F808BD00B56D
:10E8A00083B000230093019301238DF80030FFF71C
:10E8B000DBFF019008216846E7F71EF803B05DF81A
:10E8C00004FBFEE74FF4004070474FF47A70704746
:10E8D00000230360704703680B6001607047D0B18C
:10E8E0008446C2B1B9B10020137883B100B501F1FB
:10E8F000FF3E864506D90CF8013B01320130137802
:10E90000002BF4D100238CF800305DF804FB0023C9
:10E910008CF8003070477047034648B1002001E092
:10E9200001330130884204D21A78002AF8D17047A6
:10E930000020704708B54FF0FF31FFF7EDFF08BD2D
:10E9400080B170B50C461546064622B119B1FFF7E5
:10E95000F1FF844200D870BD2A46211A3044FFF7E7
:10E96000BEFFF8E7704708B543680BB1984708BD8C
:10E970002220FCE7704703681878704708B50368E1
:10E980001A78022A00D008BD00225A80E7F754FB0B
:10E99000F9E710B582B004682378022B04D0A3797C
:10E9A000022B03D00223237002B010BD0021607936
:10E9B000E7F766FF617920790023019300930A4607
:10E9C000E9F7EEFAEEE74FF06041D1F8003E0122A0
:10E9D00082401343C1F8003E002070474FF0604171
:10E9E000D1F8003E0122824023EA0203C1F8003E32
:10E9F0000020704708B543680068984708BD08B50F
:10EA000083680068984708BD08B5C36800689847E0
:10EA100008BD0378417801228A4003EB43031B01C0
:10EA200003F1804303F520439A61704700B589B034
:10EA300084460E9807900D9806909DF8300005903A
:10EA40000B9804909DF828000390002002900193F9
:10EA500000920B4662460121E7F752FC09B05DF8CF
:10EA600004FB8908002301E0043001338B4205D206
:10EA70000268B2F1FF3FF7D00020704701207047D5
:10EA8000704708B50346084613F0030F02D111F092
:10EA9000030F0AD09200194604F05CFC002008BD68
:10EAA00053F8041B40F8041B013A002AF8D1F5E79B
:10EAB00010B582B0044601A8E9F7F4FD9DF80630D0
:10EAC00023800123E370A370E9F71AFE6060002041
:10EAD00002B010BD08B5E9F747FC08BD08B5E9F775
:10EAE00033FC002008BD08B50A4641180139EBF790
:10EAF00031FF08BD03300F2828BF0F2000077047E3
:10EB000008B5E8F751F8013008BDEFF3108072B690
:10EB1000704700B962B67047602383F3118870476D
:10EB2000002383F311887047EFF31180602383F390
:10EB30001188704780F311887047EFF3108313F04A
:10EB4000010F05D1EFF311835F2B03D8002070472D
:10EB5000012070470120704784B00B6803934B6815
:10EB600002938B680193CB680093039B0360029B25
:10EB70000360019B0360009B0360002303930293E7
:10EB80000193009304B0704730B40D684C688A68F4
:10EB9000CB68056004600260036030BC704730B42D
:10EBA00005680468026803680D604C608A60CB6089
:10EBB00030BC704708B5FFF7E7FF08BD00B585B06A
:10EBC00084460B4611F0030F0DD0EE4608684968E5
:10EBD0009A68DB68AEE80F0069466046FFF7EAFF17
:10EBE00005B05DF804FB00910099FFF7E3FFF7E73C
:10EBF00008B5FFF7D4FF08BD10B584B00C4611F07E
:10EC0000030F0BD06946FFF7F3FFEC46BCE80F009B
:10EC100020606160A260E36004B010BD00910099C3
:10EC2000FFF7E6FFF8E738B50D46102A0AD000F1E5
:10EC3000424303F580135B0100221A602430FFF782
:10EC40008BFF38BD00F1424303F580135B010122C5
:10EC50001A6000F588742046FFF77EFF05F1100169
:10EC60002046FFF779FFECE730B589B086460C46C1
:10EC7000154611F0030F2BD0082A16D0EC46086871
:10EC80004968A268E368ACE80F0020696169A2697D
:10EC9000E369ACE80F002A4669467046FFF7C3FFF8
:10ECA000082D0AD008226B460DE0EC46086849683A
:10ECB000A268E368ACE80F00EDE70422F3E7002266
:10ECC00043F8042B0A46511E002AF8D109B030BD82
:10ECD00000910099FFF7A7FFF8E77047704770476A
:10ECE00008B50020E8F75AFD08BD08B50120E8F78F
:10ECF00055FD08BD70B505460E461446FFF705FFE5
:10ED00002B685C4034405C402C60FFF702FF70BD14
:10ED100070B505460E461446FFF7F7FE2B685C40BB
:10ED200034405C402C60FFF7F4FE70BD00F14240BF
:10ED300000F5801040010160704708B5E9F76AFBF3
:10ED400008BD41F0800181657047CB435B0003F053
:10ED50000A03C360C160704738B505460C46E9F741
:10ED600021FDA37C1BB12B6843F080432B60E37C27
:10ED7000002B2CD1637B228A1343E28913436B60FF
:10ED8000237BA26861682846E9F7C6FC637D1BB156
:10ED90002B6843F480332B60A37D1BB12B6843F4B5
:10EDA00000432B60E37D1B0703F0E043227E120546
:10EDB00002F4E00213432B666B6F23F030036B67A2
:10EDC0006B6F627E13436B672378EB6038BD217DE8
:10EDD0002846FFF7B6FFCDE738B505460C46E9F7FC
:10EDE000E1FC2A68238A43F00103A17B002934D087
:10EDF0004FF480610B4313432B602B68227D002A64
:10EE00002DD04FF0005213432B60A37C4BBB237BD0
:10EE100043F480536B60A26861682846E9F7AEFC52
:10EE2000637B0BB11023EB60637D1BB12B6843F454
:10EE300080332B60A37D1BB12B6843F400432B6010
:10EE4000E37D1B0703F0E043227E120502F4E0029B
:10EE500013432B662378EB6038BD0021CAE70022FC
:10EE6000D1E7E17C2846FFF76CFFD0E7036913F098
:10EE7000400FFBD04163036913F0200FFBD0C06942
:10EE8000C0B27047036913F0400FFBD04163704775
:10EE9000036813F0010F09D0836813F0020F05D146
:10EEA000836813F0010FFBD10123436070470B7897
:10EEB000002B3BD001234A78002A39D00222134389
:10EEC0008A78002A36D04FF080421343CA789AB32A
:10EED000042213430A798AB3082213434A797AB386
:10EEE000202213438A796AB340221343CA795AB362
:10EEF000102213430A7A43EA02334A7A43EA02238E
:10EF00000A7B1AB34FF0004213438A7A43EA024362
:10EF1000CA7A43EA02610023826812F0010F17D017
:10EF200047F22F52934213DC0133F5E70023C2E787
:10EF30000022C4E70022C8E70022CAE70022CCE78B
:10EF40000022CEE70022D0E70022D2E70022DBE752
:10EF5000016070470020704708B5F7F7ADF808BDAD
:10EF600070474140012201E018440132032A08D8C9
:10EF7000D30021FA03F34B4013F0030FF4D09B00AE
:10EF8000F2E77047CAB110B58CB01446002208925F
:10EF900009920A920B920792069205AB029307AB75
:10EFA000019306AB009308ABE9F7B6FE18B9099BCD
:10EFB0006360079B23600CB010BD6FF08600704744
:10EFC000002070472DE9F8438046894615461F46C4
:10EFD000E9F78AFD0446002343600360FFF795FDCF
:10EFE0000646B9F1100F25D0102241462046FFF702
:10EFF0003BFE04F1800839464046FFF7DFFD30460E
:10F00000FFF787FD012D17D00623A360236913F0B6
:10F01000020FFBD1FFF779FD054608994046FFF73F
:10F02000EBFD2846FFF775FD2046E9F767FD002058
:10F03000BDE8F8830822D8E70523A360E6E70020AF
:10F0400070472DE9F0410F4616461C460023236009
:10F0500005256FF0960000E0013D85B178B1D4F848
:10F0600000802246A6EB080107EB0800EAF7B4F897
:10F07000236843442360B342EED30020ECE7BDE8AD
:10F08000F0817047002070470020704710B48468FA
:10F09000C3680B4454F82310084610F8023B497823
:10F0A00003EB012313605DF8044B7047012380F8E4
:10F0B0008830037803B9704710B5044600F04CFB64
:10F0C00021462046EAF73EFB204600F038FB10BD03
:10F0D00038B504460D46EAF71DFB6B68C4F8B0323C
:10F0E000A968204600F06EFA4FF0FF33C4F8B4323E
:10F0F0002046FFF7C7FF38BD10B50446D0F8B4323C
:10F10000B3F1FF3F09D0D4F8B432B3F1FF3F09D1D6
:10F1100094F8B83243B9012005E000F0B0FBC4F820
:10F12000B402F0E7002010BD0020FCE708B5EAF7C4
:10F1300025FB08BD1038072801D8012070470020A2
:10F140007047A0F11003072B00D8D8B2704708B55C
:10F150000B782D2B04D000220138EAF76BFB08BD99
:10F16000012211440138EAF765FBF8E708B50728E2
:10F1700026D8DFE800F0060B1015191D0421012028
:10F1800008BD00220820EAF755FBF9E7002210200D
:10F19000EAF750FBF4E700222020EAF74BFBEFE709
:10F1A0000820FFF7D4FFEBE71020FFF7D0FFE7E7D9
:10F1B0002020FFF7CCFFE3E70846EAF7B7FBDFE7DD
:10F1C0000020DDE72DE9F04383B00C4617461D46CD
:10F1D0000A9EDDF82C8021282BD8DFE800F0112DC5
:10F1E000445A71889EA22A2A2A2A2A2A2A2A2A2AA4
:10F1F0002A2A2A2A2A2A2A2A2A2A2A2A2A2A2AD3C6
:10F20000002211462046FDF78DFED8F80030C0B22E
:10F2100045F82300D8F80030326805EB830347F83F
:10F220002230D8F800300133C8F800303368013399
:10F23000336003B0BDE8F083002211462046FDF79D
:10F2400071FED8F8003080B245F82300D8F80030BD
:10F25000326805EB830347F82230D8F800300133D9
:10F26000C8F80030E2E7002211462046FDF75AFEBA
:10F27000D8F8003045F82300D8F80030326805EBA4
:10F28000830347F82230D8F800300133C8F8003043
:10F29000CCE7002211462046FDF7C8FD40B2D8F861
:10F2A000003045F82300D8F80030326805EB8303BE
:10F2B00047F82230D8F800300133C8F80030B5E7FD
:10F2C000002211462046FDF7B1FD00B2D8F800300B
:10F2D00045F82300D8F80030326805EB830347F87F
:10F2E0002230D8F800300133C8F800309EE7002201
:10F2F00011462046FDF79AFDD8F8003045F8230066
:10F30000D8F80020336805EB820547F82350D8F879
:10F3100000300133C8F8003088E7336847F823101D
:10F3200084E74FF000098DF80690C846012512E0E9
:10F33000013510E08DF8053008F101081022002198
:10F3400001A8FDF773FD09F10203E05409F1010979
:10F350001FFA89F90135635D7D2B09D0202BE7D099
:10F3600018F0010FE6D18DF8043008F10108F1E73B
:10F3700084F800904FEA192984F80190336847F81F
:10F38000234053E7336847F823104FE72DE9F04F48
:10F3900087B09B460023059304938B4500F38D8033
:10F3A00007468A4616461C461D46984602E04FF020
:10F3B00001080134385DFF280CD02028F7D021281F
:10F3C00005D0FFF7B7FE0028F3D00546F1E74FF070
:10F3D0000108EEE781465C44B8F1000F08D0013C1B
:10F3E00054456CDC002402943B462746984645E091
:10F3F00045B1013C544564DC002402943B46474639
:10F4000098463BE0A2455ED1002402943B462F463D
:10F41000984633E043445B78FF2B0FD02B2049E024
:10F42000039B43445B78FF2B4FD1012706E0029BEF
:10F4300001330293A94601E04FF0060997B956F847
:10F4400024104846FFF792FE002842D004AB0193F7
:10F4500005AB0093119B109A56F824104846FFF70D
:10F46000B1FE0AE004AB019305AB0093119B109A27
:10F4700056F824102120FFF7A5FE0134544518DA70
:10F480005C45D9DB029B039318F80350202DC1D0B3
:10F49000212DC5D02846FFF74DFE0028C7D0039B7D
:10F4A00043445B78FF2B12D12846FFF74AFE814682
:10F4B000C4E7002007B0BDE8F08F2120FAE72B2039
:10F4C000F8E72B20F6E72B20F4E72B20F2E72B20A0
:10F4D000F0E72620EEE708B5E6F756FD08BD2DE972
:10F4E000F04784B081468A4690461D460C9F0D9E8B
:10F4F00004460EE018680F9B03930E9B029301963F
:10F5000000972B4642460121FFF7E9FF044618E029
:10F510000C342068A8B133682A68934211DA57F88E
:10F520002310FFF7D8FF0028F2D13368013333608E
:10F5300063681A7BFE2ADDD001230E9A137088F8C7
:10F54000003098F800305BB90F9B1B7843B9BAF1D3
:10F55000000F09D001230F9A137088F800304C4631
:10F56000204604B0BDE8F0870024F9E738B5054629
:10F57000002402E0EAF788FA013404EB440305EBC7
:10F58000830055F8233023B1037A002BF2D00134E5
:10F59000F3E738BD10B539B1084612B1EAF774FA8D
:10F5A00010BDFFF7E3FFFBE7D0F89C4000E02468C4
:10F5B000002CF5D0A0680028F9D0FFF7D7FFF6E7B8
:10F5C0007047704759B10A790AB10020704710B5E9
:10F5D00001240C719C30FFF77EF9204610BD0020FD
:10F5E0007047F0B5A3B0054608461AAA19A900F05D
:10F5F0008AF9044610B1204623B0F0BD00238DF8EF
:10F600000B300DF10B0301930DF10A03009303ABD3
:10F610001AAA19A92846EAF795FB9DF80B3013BBE7
:10F6200040B3466806F10C0711AB019309AB009398
:10F63000039B1AAA19993846FFF7A8FE044600282A
:10F64000D9D10495199B059309AB0693039B0793A6
:10F65000089704A8FFF7B4FF336804A8984704A8E4
:10F66000FFF7AFFFC7E79DF80A2001462846FFF7DE
:10F6700091FFC0E72D24BEE700230B601360D0F894
:10F68000AC32B3B3944690F8AC30A3B300B54FF0AE
:10F69000010E002313E00133B3F5007F0DD20A6899
:10F6A00001320A60DCF800200132CCF80020C218D8
:10F6B00092F8AC200A2AEED101330EF1010ED0F8F7
:10F6C000AC227245E8D805E0DCF800200132CCF825
:10F6D00000200133B3F5007F08D2C21892F8AC20A5
:10F6E0000A2A0AD0002AEFD1012000E001205DF8AB
:10F6F00004FB00207047002070470120F7E770B539
:10F7000005460024264600E0013405F1AC0003F074
:10F7100041FEA04207D92B1993F8AC301BB10A2B3C
:10F72000F2D10136F0E7304670BD08B5405C00F01C
:10F73000B6F808BD08B5082000F0B1F808BD10B54E
:10F740000446D0F88C20002103F0CBFE0023C4F83F
:10F750009030C4F8943010BD70B582B004460EE00D
:10F760002046FFF7CCFFC4F8AC0201AA6946204648
:10F77000FFF782FF009B2344002283F8AC20802106
:10F780002046FFF7C9F8451C04F1AC064FF40071A0
:10F790003046FFF7C1F8C0F500708542E0D820463A
:10F7A00003F0F8FD451C304603F0F4FD421C3146E1
:10F7B000701903F07CFE204603F0ECFD0246214662
:10F7C000304603F0C7FD204603F0E4FD20440A2341
:10F7D00080F8AC300023C4F8AC3202B070BD30B554
:10F7E00083B004460D46FFF78AFFB5F1FF3F13D003
:10F7F000012D0FD1D4F8AC3283420BD20133C4F8BF
:10F80000AC320123D4F8AC2202B901230BBBD4F8EB
:10F81000AC3203BB03B030BDD4F8AC3223B1013BF2
:10F82000C4F8AC320123EDE70023EBE7082000F039
:10F8300036F8202000F033F8082000F030F80135C9
:10F84000204603F0A7FDA842F0D82046FFF777FF37
:10F85000DDE70025F4E701AA69462046FFF70CFF23
:10F860000028D7D0009D06E0631993F8AC1020461D
:10F87000EAF792FB0135019BAB42F5D8CAE700B528
:10F8800083B00DF10701002000F014F920B99DF8B4
:10F89000070003B05DF804FB4FF0FF30F9E710B547
:10F8A0000446C1B2002000F0F2F808B9204610BDAD
:10F8B0004FF0FF30FBE70FB400B583B004A951F857
:10F8C000040B0191EEF750F9002003B05DF804EB52
:10F8D00004B0704708B50B4601F1010C00EB0C01B8
:10F8E00010F80CC0BCF1220F07D0BCF17B0F04D084
:10F8F000BCF15C0F01D0002004E0D21A184403F0E0
:10F90000D6FD012008BD2DE9F843054688469146FD
:10F9100003F040FD0646002400E001342A192B5D67
:10F92000202BFAD0C9F800200123C8F8003030E0BD
:10F930007B2B14D0D8F8003003F18043013B621CCC
:10F940002A4449F823202227012C06D92B1913F821
:10F95000013C202B01D0002B49D1013404E07D274C
:10F96000F2E70134A64246D928192B5DBB4209D0E3
:10F970005C2BF6D1324621462846FFF7ABFFC0B3D9
:10F98000013EEEE74378202B00D0BBBB222F21D0D5
:10F990000134A64229D92A192B5D7B2BC8D0222BF2
:10F9A000C6D05C2B19D0202BF2D100231370631C1E
:10F9B000B342EDD2EA18EB5C202BE9D0D8F8003046
:10F9C000072B1FDC49F82320D8F800300133C8F892
:10F9D0000030DDE700230370DAE73246214628468F
:10F9E000FFF778FF60B1013ED2E7002004E021205C
:10F9F00002E0212000E02120BDE8F8832120FBE780
:10FA00002120F9E71E20F7E710B582B0002400940A
:10FA1000ADF8044002238DF805306846E8F704F895
:10FA2000204602B010BD70B50C461546034630B1F5
:10FA30005E684EB12A4621461868B04770BDEAF7A5
:10FA400045FC03460028F3D12320F7E72DE9F041D8
:10FA500082B00E4617461C46054670B18CB195B172
:10FA6000D5F80880B8F1000F0FD023463A4631464A
:10FA70002868C04702B0BDE8F081EAF727FC0546D8
:10FA8000ECE701ACEBE72320F4E72320F2E700B535
:10FA900083B08DF8071001220DF10701FFF7C3FFB6
:10FAA00003B05DF804FB08B50B4601461846FFF7A6
:10FAB000EEFF08BD08B500230122FFF7C7FF08BD10
:10FAC0000EB400B582B003AA52F8041B0192EAF703
:10FAD00009FC02B05DF804EB03B0704700207047EA
:10FAE000FEE74FF400534B60002070470120704741
:10FAF000012070474FF0FF3070470020704700B57D
:10FB000083B00020019001ABFFF7A0FF019810B176
:10FB100003B05DF804FB4FF0FF30F9E710B5144671
:10FB20000020FFF780FF204610BD0346A0B190F8EB
:10FB300038201AB190F83C00022805D093F83C0018
:10FB4000042805D001207047012283F83C2070472B
:10FB5000012283F83C2070470120704780F82C1068
:10FB6000704790F82C00704790F839007047037E7A
:10FB700073B330B4037A03EB43031B0103F18043F7
:10FB800003F56223D3F89440C16805694B199C4280
:10FB900013D0013C8C4201D26C1E0C442346026BF4
:10FBA0009A4212D01A78112A09D0132A07D0013BA1
:10FBB0008B42F4D26B1E0B44F1E70C46E9E7112AA5
:10FBC00014BF0022012280F83420046330BC704747
:10FBD00070472DE9F0411646002A5ED004460D46D6
:10FBE000037E002B6AD0037A03EB43031B0103F16E
:10FBF000804303F56223D3F89430C16802690A4454
:10FC0000934212D067699F4211D09F4211D2DF1BED
:10FC1000B74228BF3746FEF787FF804694F82D305D
:10FC2000002B3FD03E46002210E00B46EAE7617E03
:10FC3000EBE7D71BECE7206B814212D0013E6369F2
:10FC4000216B8B4214D0013363610132BA4212D26C
:10FC500061690B78112BEED0132BECD005F8013B2A
:10FC6000EDE7112B14BF0023012384F83430E5E7BE
:10FC700001312163E7E7216BE2682369134499426C
:10FC80000ED06169E26823691344994214D020467A
:10FC9000EAF7E8FB4046FEF74DFF3046BDE8F0814D
:10FCA0002263EEE73A466169284603F053FB636935
:10FCB0003B4463613E46E4E76261E8E70026ECE727
:10FCC0002DE9F04106460F4690461C46FEF72CFFF4
:10FCD0000546424639463046FFF77BFF20602846FE
:10FCE000FEF728FF236813B10020BDE8F0811B2038
:10FCF000FBE738B50546FEF708FF04460121284614
:10FD0000EAF7F4FF2046FEF704FF38BD2DE9F0477F
:10FD100004460F46154690F82C90FEF705FF94F820
:10FD200038302BB9FEF706FF00264FF001080EE031
:10FD3000FEF700FF94F83B00FFF7DBFFFEF7F4FE51
:10FD4000002384F83830EDE794F834307BB9AE42C4
:10FD500021D294F82D30002BF6D0FEF7E5FE824636
:10FD60002046FFF704FF5046FEF7E4FEECE7B9F14A
:10FD7000000F02D03B780A2B08D0E369397820467F
:10FD80009847804658B901370136E0E7E3690D210D
:10FD900020469847F1E7236A0121204698474046CC
:10FDA000BDE8F08708B5FFF7B1FF002008BD38B502
:10FDB0000546FEF7AAFE044600212846EAF796FF0C
:10FDC0002046FEF7A6FE38BD10B5044690F839303F
:10FDD00049B103B110BD90F83A00FFF78AFF012343
:10FDE00084F83930F6E7002BF4D090F83A00FFF7AA
:10FDF000DEFF002384F83930ECE790F838307BB927
:10FE000010B50446036A00219847012384F838306E
:10FE100094F83B00FFF7CBFF022384F83C3010BD81
:10FE20007047026CD36C43F00403D364704729B16C
:10FE3000026CD36C43F00103D3647047026CD36C43
:10FE400023F00103D364036C01229A64704710B558
:10FE50000446236C1B6913F0400FFAD000231A46A6
:10FE600094F8491094F84800E8F7F0F800231A468F
:10FE700094F84B1094F84A00E8F7E8F894F85030FA
:10FE800013F0010F18D194F8503013F0020F1CD169
:10FE9000226CD36C23F00103D364226CD36C23F067
:10FEA0000403D3640021206CFEF74FFF0021606C37
:10FEB000E6F730FE002010BD00231A4694F84D10DE
:10FEC00094F84C00E8F7C2F8DDE700231A4694F8EE
:10FED0004F1094F84E00E8F7B9F8D9E708B5006C70
:10FEE000FEF7D0FF002008BD10B50468206C036C3D
:10FEF00013F0010F0ED1042384F83C30237EA3B10C
:10FF0000637E13B194F82D30B3B9C36C23F00403AE
:10FF1000C36410BD01238364236C1B6913F0200F9D
:10FF2000F7D02046FFF769FFF3E7C36C23F0040323
:10FF3000C36401232376ECE7002384F835301321D2
:10FF4000FEF7A0FF226CD36C43F00403D364236C50
:10FF5000DB69DBB2112B04D0132B12D0132BD8D1B9
:10FF600002E0012384F83430237A03EB43031B01BE
:10FF700003F1804303F56223D3F89430013B2363FC
:10FF8000C7E7002284F83420E8E7013840EA50004F
:10FF900040EA900040EA101040EA102040EA104089
:10FFA0000130704770B504460D461E461046FFF7F7
:10FFB000ECFFB0F5807F38BF4FF4807042422240A2
:10FFC000831803E04000424222408318AB42F9D339
:10FFD0003260049A1360059B186070BD28B1B0FAB6
:10FFE00080F0C0F11E00C0B270472020F9E708B5CC
:10FFF000EAF70AFC08B5FFF7FAFF08BDEFF3108037
:020000022000DC
:1000000072B6704700B962B6704710B5FEF77DFD55
:100010000446EAF749FD2046FEF77BFD10BD704718
:1000200008B5FEF75DFE08BD7047704701207047B8
:1000300008B54FF41670EAF7B9FE08BDD8B12DE93E
:10004000F04184B0884617461D4604460026868344
:10005000C683EBF7EDF9BDF82C3002939DF82830FC
:10006000019300953B46324641462046EBF768F93E
:1000700004B0BDE8F08122207047F0B587B00D468E
:1000800000218DF81710D0B117461E460446818313
:10009000C1830DF11701EBF7FBF99DF8173083B918
:1000A000BDF8343002939DF83030019300963B4602
:1000B000002229462046EBF743F907B0F0BD222085
:1000C000FBE70320F9E738B5FEF72EFD0546EBF711
:1000D00095FC04462846FEF72DFD204638BDF0B5B8
:1000E00087B01E4600238DF8173090B30C46154696
:1000F00007460DF11701EBF7CBF99DF8173053BB0D
:1001000004A92046EBF78EFAF0B9EBF785FA4FF425
:100110007A720023A4FB0001FCF780FCC2F57A721E
:1001200092B2BA83B2F57A7F10D00023FB83049990
:10013000BDF8343002939DF83030019300962B4681
:100140000A463846EBF7FCF807B0F0BD0023BB8346
:10015000EBE72220F8E70220F6E738B50546FEF780
:10016000D4FC044601212846EAF7C0FD2046FEF7EC
:10017000D0FC38BD08B5FEF7C4FAFEF7DCFAFEF78E
:1001800008FBFEF7E4FAFEF7F0FA08BD08B5FEF743
:10019000F0FAFEF7EFFAFEF7F1FAFEF7F5FA08BD0E
:1001A000704700B583B0034620F0030013F0020F40
:1001B0000CD04FF6FF7343EA0143019304220DEB89
:1001C0000201FEF7BAFD03B05DF804FB6FEA0141DE
:1001D0006FEA11410191F1E711F0010F55D12DE9BD
:1001E000F04106460C46174610F0010F4FD1002A89
:1001F00050D08446531C8E4603E00CF1020C0EF1E5
:10020000020E013B0BD0BCF800504FF6FF718D423F
:10021000F3D0BEF80020002AEFD04B2038E0E8F7FA
:1002200093F8012F02D016F0020F07D02188304634
:10023000FFF7B7FF70B902360234013F012F0DD826
:1002400027B121883046FFF7ACFFD0B9E8F78CF82A
:1002500000201DE0E8F788F84B2019E027F001089E
:100260004FEA48052A4621463046FEF766FD20B98A
:100270002E442C44A7EB0807E2E7E8F775F84B207B
:1002800006E0E8F771F84B2002E0012070470120FA
:10029000BDE8F0810020FBE708B500F034F908BDA7
:1002A00001207047704708B5022802D0022903D008
:1002B00008BDEFF7ABFCFBE7EFF7AEFCF8E738B5AE
:1002C0000546FEF722FC044601212846EAF70EFD0A
:1002D0002046FEF71EFC38BD38B50546FEF715FC76
:1002E000044600212846EAF701FD2046FEF711FCEE
:1002F00038BD70B584B00646084615461C4603A9AD
:10030000EBF790F9034610B1184604B070BDBDF884
:10031000243001939DF82030009323462A46039908
:100320003046FFF78BFE0346EEE710B50446FEF7B6
:10033000C0F92046E3F758FF10BD38B504460D4616
:10034000FEF7BBF929462046E3F7AEFF38BD08B5F6
:10035000FEF7B4F9FEF7C8F908BD38B504460D46F6
:10036000FEF7AEF929462046E3F726FF38BD10B563
:100370000446FEF7AAF92046E3F79CFD10BD38B508
:1003800004460D46FEF7A0F929462046FEF7A8F9D7
:1003900038BD10B50446FEF79CF92046FEF79FF9DC
:1003A00010BD2DE9F04F85B004460D4616461F4698
:1003B0009DF83880DDF83C909DF840A0DDF844B011
:1003C000CDF80CB0CDF808A0CDF80490CDF80080A1
:1003D000FEF780F9CDF80CB0CDF808A0CDF8049068
:1003E000CDF800803B46324629462046FEF77BF991
:1003F00005B0BDE8F08F08B5FEF76DF9FEF771F9AD
:1004000008BDF8B504460D4616461F46FEF764F9CA
:100410003B46324629462046E4F79CF9F8BD10B524
:100420000446FEF75BF92046E4F76CF910BD08B509
:10043000FEF745F908BD08B5FEF74FF9FEF752F98A
:1004400008BD08B500F01BF800B908BD00F04BF876
:10045000032803D000F047F8042802D1ECF704FB8E
:10046000F3E700F040F80628F8D000F03CF8072841
:10047000EBD1F3E7704708B5EFF7ECFB08BD08B523
:10048000EFF7F0FB08BD08B5EDF790FB08BD08B528
:10049000EDF7B4FB08BD08B5F3F78CFB08BD08B554
:1004A000F2F784FD08BD08B5F2F7A9F808BD08B554
:1004B000F2F798F808BD08B5F2F79FF808BD08B53F
:1004C000EFF758FD08BD08B5EFF75DFD08BD08B5AD
:1004D000EFF790FD08BD08B5EFF774FD08BD08B54E
:1004E000EFF77CFD08BD08B5EFF77EFD08BD08B548
:1004F000F2F770F908BD08B5EFF772FB08BD08B553
:10050000EFF756FB08BD08B5EFF7F8FA08BD08B5D8
:10051000EFF7D0FA08BD10B582B09DF814400194F1
:10052000049C0094EFF7A8FB02B010BD08B5F2F7E9
:10053000F1F808BD08B5EEF729FA08BD08B5F1F7DE
:1005400031F808BD08B5F3F721FA08BD08B5F1F791
:10055000C5FB08BD08B5F1F7DBFB08BD08B5F1F731
:1005600019FB08BD08B5F1F776FB08BD08B5F1F732
:100570006BF808BD08B5F2F744F808BD08B5844625
:10058000084611466246EBF745FD08BD08B5EBF796
:100590006BFD08BD012070470420704703460088AA
:1005A000B3F90020002A02DB42001A80704748405D
:1005B000FAE770B504460E46FEF7A7FA054631463F
:1005C0002046FCF7B9FF04462846FEF7A2FA20466B
:1005D00070BD38B50546FEF798FA04462846FCF784
:1005E00075FD2046FEF795FA38BD10B5044608B1F2
:1005F000ECF7C4FA2046FFF7ECFF10BD00F4E04032
:10060000B0F5805F06D0B0F5005F01D000207047E4
:100610000120704701207047036823F47F4323F0D3
:1006200003030BB9002070476FF0860070470B88FA
:1006300013B10288934208D10B6A4BB94B8853B16E
:100640004288934209D1002070476FF086007047BE
:100650006FF086007047002070476FF0860070478B
:10066000002070470023036043607047002303604D
:10067000436070472DE9F041884614461F4600222A
:10068000ECF776FE0646F8B9D8F80050298801F450
:10069000E043B3F5804F0CD0EB6834EA03030BD191
:1006A00097B13A4605F10C00ECF724FC064658B128
:1006B00004E024F00104EFE76FF084060023C8F89B
:1006C0000030284600F0FDFA3046BDE8F08170B5F4
:1006D000044645688668284600F01FFB00B170BDDF
:1006E000284600F01CFB0028F9D115F0FF0F11D1AE
:1006F000CEB904F10C00FFF78FFF0028EFD162881C
:100700004FF6F8739A4211D8238B012BE7D96FF07B
:100710008600E4E70021A06800F044FA0028E8D150
:100720006FF08600DBE76FF08600D8E76FF085009A
:10073000D5E7F0B583B00C461546194600230B608B
:100740002046FFF7C4FF064610B1304603B0F0BDA7
:10075000294601A8ECF7C4FD06460028F5D12F680C
:100760003D46A446BCE80F000FC59CE8070085E89D
:1007700007003B790BB9019BBB603B8B23F0010366
:100780003B830121384600F022FADEE738B5044603
:100790001546037923B1826A416A00F0A5FB40B98E
:1007A000A3682B600221204600F011FA08B1002353
:1007B0002B6038BD10B588B044685FEA142C11D1A5
:1007C000109C06940F9C05940E9C04940D9C03941D
:1007D0000C9C02940B9C01940A9C0094E8F758FE30
:1007E00008B010BD6FF08600FAE741F20523984289
:1007F0000BD9B0F5105F25D1802926D0C02926D08D
:10080000B1F5807F25D100207047B0F5905F09D207
:1008100041F20103984210D0B0F5885F0DD06FF01F
:1008200085007047A0F5905080B22923C34013F093
:10083000010F02D16FF08500704711F0070F0BD147
:10084000002070476FF0850070470020704700203F
:1008500070476FF0860070476FF08600704738B5BC
:10086000436A4BB904460D460120FFF7A2FE6062C1
:1008700028B1A562002038BD6FF08A00FBE76FF059
:100880008C00F8E7F8B505460E4614461146FFF70A
:10089000E6FF074608B13846F8BD22463146686A89
:1008A00002F058FDF7E72DE9F84304460A9E008858
:1008B0002AB388461F469146FFF7A0FE10B333685F
:1008C00013B94FEAC9033360356829462088FFF71A
:1008D0008CFF044680B90735EA08B9EBD50F14D16F
:1008E000089B9A4214D84146384602F033FD3368DB
:1008F0000733DB08099A13602046BDE8F8836FF0E0
:100900008504F9E76FF08504F6E76FF08604F3E7F6
:100910006FF08904F0E710B584B044685FEA142CE6
:1009200009D1089C0294079C0194069C0094FFF74F
:10093000BAFF04B010BD6FF08600FAE710B50446A8
:10094000406A10B1A16AFFF750FE00206062A06209
:1009500010BD38B50446FFF7F1FF94F82030043B92
:10096000DBB2012B09D80546E3694BB92C220021E3
:10097000204602F0B6FD284638BD6FF09605F5E733
:100980006FF09605F2E740B110B50446042100F07F
:100990001EF92046FFF7DDFF10BD704738B590F80F
:1009A0002030052B17D104460379FF2B07D06BB9F4
:1009B00000252046FFF7CDFF00B9284638BDFFF7D8
:1009C000C8FF0028FAD16FF08400F7E7806800F0D4
:1009D00022FA0546EDE76FF08800EFE708B900203E
:1009E000704700B583B0012201A9ECF7C1FC10B13A
:1009F00003B05DF804FB019800F05DF918B10198AF
:100A0000FFF7CCFFF4E76FF09900F1E730B583B062
:100A100005460C46084600F087F800231A4601A94F
:100A20002846FFF727FE08B103B030BDA446DDF825
:100A300004E0BEE80F00ACE80F009EE807008CE879
:100A40000700238B03F001032383019800F039F999
:100A5000EAE72DE9F04188B01D460023079306938D
:100A60002B60002A5AD004460E469046B2F1005F31
:100A700057D206AB07AA01460020FFF75AFE0746E9
:100A8000002833D10798436A5BB3079A53880593CC
:100A9000536A05A9029102F128010191926A00921C
:100AA000424631462046FFF736FF0746F0B9079A1F
:100AB000538853BBBDF814305380059A4FF6F87332
:100AC0009A4228D8079E21463046FFF7B0FD0746D8
:100AD00060B92A4606993046FFF758FE074648B1E6
:100AE00004E063681B0A09D06FF08607069907982F
:100AF000FFF749FF384608B0BDE8F0814146FFF7EF
:100B0000AEFE07460028C0D0F0E7059A9342D4D045
:100B10006FF08607EAE76FF08507E7E76FF0860773
:100B2000E8E76FF08507E5E710B50446C069FFF711
:100B300050FD24220021204602F0D3FC10BD2DE9F7
:100B4000F041044688461E4673B90027E06920B18B
:100B5000FFF73FFD0023E3612362E7612662A4F80B
:100B600000800020BDE8F081154619460120FFF7FE
:100B700020FD074620B13246294602F0EBFBE5E7AF
:100B80006FF08C00EEE7036813F4805F02D043F44B
:100B900080630360036813F4005F02D043F40063D2
:100BA00003607047421E6FF040439A4207D341B141
:100BB000B0F1804F07D3002807DA002070470120EA
:100BC000704708467047002070470120704790F832
:100BD0002030052B30D8DFE803F0030C151E332E30
:100BE0004B1EDBB2012B27D9042925D06FF08700DB
:100BF0007047022920D005291ED004291CD06FF08F
:100C000088007047032917D0052915D0042913D06F
:100C10006FF088007047022908D005290CD00429FC
:100C20000AD0032908D06FF088007047C3691BB150
:100C30006FF08800704751B980F82010002070478D
:100C40000529F9D00029F7D06FF0880070476FF0C0
:100C50008800704730B583B00546002301930093A8
:100C60006A4601A900F075F9044638B10099019867
:100C700000F06BF94CB1204603B030BD009A0199E9
:100C80002846FFF7FFFD0446F0E702212846FFF75C
:100C90009EFF0446EFE710B504460321FFF797FFD8
:100CA00028B9E369B3F1FF3F02D00133E36110BD1E
:100CB0006FF09600FBE7C3690BB10020704701207D
:100CC000704710B338B5044690F82050032D03D078
:100CD000052D01D0042D1AD1E369DBB1013BE3619D
:100CE0002046FFF7E8FF38B1052D06D0042D08D0C7
:100CF00002212046FFF76BFF38BD2046FFF74EFE6E
:100D0000FAE72046FFF725FEF6E7002070476FF070
:100D10008800F1E76FF09600EEE70020704710F0D2
:100D2000FF0006D0FF2801D0002070476FF086003A
:100D30007047002070470021704710B582B00C4604
:100D4000FFF7F9FF6A46FEF71DF908B9009B23601B
:100D500002B010BDF0B587B00E461446FFF7EBFFAA
:100D600007460D460023039304AAFEF70BF908B1CA
:100D700007B0F0BD03AB019300962346002238462E
:100D80002946E8F7F5F8039BA342F1D06FF09800ED
:100D9000EEE700B583B0FFF7CEFF6A46FEF7F2F844
:100DA00010F18C0F03D0012003B05DF804FB00208C
:100DB000FAE72DE9F04184B0054688461746FFF76B
:100DC000BAFF06460C462846FFF7E3FF01281CD071
:100DD0000023009343463A4630462146E8F758F848
:100DE000B0B902AA30462146FEF7CCF8054620B934
:100DF000029BBB4205D06FF0980530462146E8F7CC
:100E000015F9284604B0BDE8F0816FF08A05F8E7CF
:100E10006FF09805F5E770B582B0FFF78CFF0546D7
:100E20000C466A46FEF7AEF810F18C0F10D028463B
:100E30002146E8F7FBF8064660B96A46284621468F
:100E4000FEF7A0F810F18C0F07D1304602B070BD4C
:100E50000026FAE76FF09806F7E76FF09806F4E7D8
:100E60002DE9F843089E23292FD904460D469046C4
:100E70001F46ECF7D7FA8146C0B9A36843BB216A85
:100E80003960243D8D4226D3B1F5005F26D281B969
:100E9000C8F80030E3687360238A3380638A738004
:100EA0006369F360A3693361E36973614846BDE830
:100EB000F8830120FFF77DFBC8F8000088B13A688D
:100EC00004F1240102F046FAE4E76FF09809EDE737
:100ED0006FF09809EAE76FF09809E7E76FF0980973
:100EE000E4E76FF08C09E1E72DE9F04109B305462D
:100EF0001446884602B3B2F5005F20D202F1240600
:100F000031460120FFF755FB0746D8B103462A4674
:100F100021464046ECF792FA32463946A868FFF778
:100F200048FF044631463846FFF75FFB2046BDE8E0
:100F3000F0816FF08604F9E76FF08604F6E76FF052
:100F40008D04F3E76FF08C04F0E708B5FFF74DFB75
:100F500008BD2DE9F04385B00446884617460020B9
:100F60000390A66803A93046FFF7E7FE054618B1CF
:100F7000284605B0BDE8F08303990120FFF719FB6F
:100F8000814608B3039A01463046FFF7E3FE054663
:100F900020B103994846FFF728FBE9E700943B4658
:100FA000424603994846FFF75BFF05460028F0D10B
:100FB000D8F800302BB13B68002BEAD16FF09105D7
:100FC000E7E76FF09105E4E76FF08C05D0E7704735
:100FD00020B108B50A684968904708BD70470146C6
:100FE000002008E000EB8000531C0B60137803EB3B
:100FF0004003A3F130000A681378303BDBB2092BC1
:10100000F0D970472DE9F04F83B005460E46934660
:101010001F46DDF830A00D9CDDF838900F9B13F0D3
:10102000030F19D1A0460192C84509D202F1010B64
:101030003B4631462020A84708F101085A46F3E70D
:10104000DDF804B008E0013C02F101083B463146FE
:101050001AF80400A8474246002CF4D10F9B13F065
:10106000020F03D1104603B0BDE8F08FA2EB0B03D3
:101070004B45F7D2541C3B4631462020A847224618
:10108000F4E72DE9F04385B099460C9D0D9C9DF841
:101090003880DDF840E0119F129E16F0020F21D13A
:1010A0007FB116F0010F0CD0B8F1000F02D116F08D
:1010B0000C0F06D0013F04E04FF0300C05F804C0DF
:1010C0000134744501D21F2CF6D916F0010F09D056
:1010D000BC4207D21F2C05D84FF0300C05F804C0D5
:1010E0000134F2E716F0100F14D016F4806F04D11B
:1010F0001CB1744522D0BC4220D00F9B102B36D09F
:101100000F9B022B3ED01F2C0ED84FF0300C05F851
:1011100004C001341F2C07D8B8F1000F3AD04FF0AB
:101120002D0C05F804C00134039602970194009534
:101130004B46FFF767FF05B0BDE8F083B4F1010C43
:1011400013D00F9B102B0ED064460F9B102BD7D1C2
:1011500016F0200FD4D01F2CD2D84FF0580C05F821
:1011600004C00134CFE7023CC7E76446C5E716F088
:10117000200FEAD11F2CE8D84FF0780C05F804C0F6
:101180000134C0E71F2CCFD84FF0620C05F804C023
:101190000134B8E716F0040F05D04FF02B0C05F81A
:1011A00004C00134C0E716F0080FBDD04FF0200C8A
:1011B00005F804C00134B7E7F0B591B0169C189D4E
:1011C0001B9E0CB926F0100616F4806E16D064B380
:1011D0004FF0000E12E00CF1300C5FFA8CFC0EF1B7
:1011E00001070EF1400EEE440EF820CCB4FBF5FCE6
:1011F000AC421BD31F2F19D8BE466446B4FBF5FC86
:1012000005FB1C4C5FFA8CFCBCF1090FE3D916F00E
:10121000200F08D04127BC445FFA8CFCACF10A0CCB
:101220005FFA8CFCDBE76127F5E7274606961A9CF8
:101230000594199C049403959DF85C4002940197D1
:1012400008AC0094FFF71DFF11B0F0BD2DE9F04F81
:1012500095B009900A910B929846DDF878B0DDF8C8
:101260007C90229D239F269E5BEA090201D126F0F5
:10127000100616F480641ED05BEA09022FD0002409
:1012800019E03032D3B204F1010A04F150020DEB3F
:10129000020404F8203C2A463B4658464946FBF7E0
:1012A000BDFBAB4579EB07091BD3BAF11F0F18D86B
:1012B0005446834689462A463B4658464946FBF7EC
:1012C000ADFBD2B2092ADCD916F0200F05D041239C
:1012D0001344DBB20A3BDBB2D5E76123F8E74FF0FA
:1012E000000A0696259B0593249B049303959DF87D
:1012F00080300293CDF804A00CAB009343460B9AC8
:101300000A990998FFF7BDFE15B0BDE8F08F00B946
:10131000704708B500F001F808BD08B50146002087
:10132000FEF7B5FB08BD03280DD8022809D0032815
:1013300003D0012803D0FCF717BEEDF71FB8EDF777
:10134000CDB9FDF73DB8FF20704743081F220BB908
:101350009040704703F0010141EA4000013A5B0808
:10136000F5E708B5DFF734FD20B9DFF73FFD0130C1
:10137000C0B208BD0420FCE710B50446DFF728FD25
:1013800040B121460120F0F767F8FFF7DEFFC0F318
:10139000CA1010BDDFF72AFD38B12046F0F740F83B
:1013A000FFF7D3FFC0F30A40F3E72078F1E708B571
:1013B000DFF70EFD08B1042008BDDFF717FD002898
:1013C000F9D10220F8E708B5DFF702FD10B14FF4BC
:1013D000006008BDDFF70AFD0028F8D18020F8E79B
:1013E00037B505460C46DFF7F3FC88B10DF1070071
:1013F000DFF70AFF9DF80700E40144EAC040FFF769
:10140000A4FF294602460120F0F718F803B030BDCA
:10141000DFF7ECFC60B1C4F30A0444F40060FFF7AA
:1014200094FF010C284603B0BDE83040EFF7FEBF43
:101430002C70EBE72DE9F74F0C9D0E9E01930446AF
:101440009346BDF834A0BDF83C90BDF840700091C3
:10145000FFF787FF04EB0008307A95F808C0019B7E
:101460004BEA803242EA8C2212B20BB142F01002F7
:10147000009B9907009B48BF42F0200213F0010334
:1014800018BF42F00802CA45019391B203D110B1CE
:1014900042F0400291B24046EFF7C8FF2A7A08F1C5
:1014A000030B2AB158465146EFF7C0FF08F1050B70
:1014B0002A7A022A3ED158462988EFF7B7FF0BF166
:1014C000020B337A3BB1CA4505D058464946EFF77F
:1014D000ADFF0BF1020B337A022B36D1584631881F
:1014E000EFF7A4FF0BF1020B019BABEB0406B6B2C6
:1014F000B3B33946009A5846FCF768FEFCF71CFF68
:1015000005378046FFF753FF3E44B6B28519FFF713
:1015100028FFA8F10503ADB2D3F1000848EB03089A
:10152000291A01EB880189B2204603B0BDE8F04FCB
:10153000FFF756BF032AC4D12A68CBF800206A6897
:10154000CBF804200BF1080BBBE7032BCCD133689D
:10155000CBF800307368CBF804300BF1080BC3E70D
:10156000FFF725FF3E44B6B28519FFF7FAFEADB28C
:10157000291AD8E738B581F0010141EA0212044680
:10158000BDF8101000F8012B1D46EFF74FFF29465C
:10159000E01CBDE83840EFF749BF73B500230C46A7
:1015A0008DF804300646FFF7DCFE8DF80500FFF7E6
:1015B000D8FE02308DF80600FFF7D3FEC51CEDB251
:1015C000032C8DF8075007D804F108030DEB030432
:1015D00014F8040C02B070BD0D2C0DD1FFF7C1FE44
:1015E00004463046FFF7C8FE0546FFF7E0FE043D1F
:1015F0002C44241AA0B2EDE7FFF7B3FE3044EFF716
:101600000FFF10F4406F0246C0F3812310D1042C69
:101610002846DFD0052CDDD0C2F38F31A9B9062CC6
:10162000D8D0072CD6D0082C1FD1013080B2D1E7FA
:10163000042C05F10200CDD0022B01D1281DE9E7D1
:10164000032B08BF05F10A00E4E755065CBF831CC5
:1016500098B2062CBED0022902D1831C98B2E0E7D2
:101660000329DED100F10803F8E7130744BF053072
:1016700080B2092CAED00A2CD7D00B2C01D103306C
:10168000D4E70C2C01D10530D0E74FF6FF70A1E76D
:1016900038B50C460546FFF764FE2044EFF7C0FE60
:1016A00080131DD0FFF75DFE2044EFF7B9FE8013D5
:1016B000022809D1287206212046FFF76EFF204438
:1016C000EFF7AEFE288038BD06212046FFF765FF04
:1016D00023582B60221853686B6003232B72F2E7A8
:1016E0002872F0E738B50C460546FFF73AFE20446D
:1016F000EFF796FE10F4406FC0F381231CD0FFF784
:1017000030FE2044EFF78CFEC0F38120022809D17F
:10171000287204212046FFF740FF2044EFF780FEA7
:10172000288038BD04212046FFF737FF23582B605F
:10173000221853686B6003232B72F2E738B50C460E
:101740000546FFF70EFE2044EFF76AFE800B2FD010
:10175000FFF707FE2044EFF763FE430628D401237A
:101760002B7605212046FFF718FF2044EFF758FE9F
:10177000A882FFF7F6FD2044EFF752FE10F4406F09
:10178000C0F3812317D001236B7603212046FFF796
:1017900004FF2044EFF744FEE88221462846FFF785
:1017A00077FF214605F10A00BDE83840FFF79ABFF0
:1017B00000232B76DDE76B76EFE770B50546FFF784
:1017C000D0FD2844EFF72CFE02071ED5FFF7C9FD18
:1017D00006462846FFF7D0FD092104462846FFF7B4
:1017E000DCFE0721361A2846FFF7D7FE2D5C05F0F0
:1017F00007056B1F5D425D41FFF7D9FD3444A4B27C
:10180000AD00201A401B80B270BDFFF7AAFD06464E
:101810002846FFF7B1FD092104462846FFF7BDFE23
:10182000361AFFF7C4FD3444A4B2201AEBE7F8B52A
:101830000D4609210646FFF7B0FE34183046FFF783
:10184000BCFF032826D9E31CA47814F004041FD09D
:1018500004EB4402053282421CD8032101FB04340C
:10186000631C1C7804F00401241104F0040401EB4F
:101870008407214408294FEA470602EB470209D0B2
:10188000824207D80DB1801A2870721C9818F8BDD2
:101890000422E6E70020FAE7F0B587B00C460546DB
:1018A00016461F46EEF78EFB22464FF6FF740346A0
:1018B0000095002104A8A5420CBF04240624FFF7CC
:1018C00059FE344366B99DF830300093CDE9017478
:1018D00004AB052200212846F1F718F907B0F0BD46
:1018E000FCF74EFC0028EED13820F7E72DE9F7434E
:1018F0000D460C2191461E460746FFF74EFE044654
:101900003846FFF75AFF8046EEF75CFB484522D188
:10191000384600F00CF9F0B109213846FFF73DFEDA
:101920003A5C1211013A3C44052A14D8DFE802F06F
:1019300003162129343B2046EFF772FDD4F8061038
:101940000746D4F802006B4603C36A46334639465D
:101950002846EEF723F803B0BDE8F083002DFAD156
:101960002046EFF75DFD314603B0BDE8F043EDF7EB
:1019700087B8002DEFD1304603B0BDE8F043ECF757
:1019800065BFA8F10503DBB222463146284603B005
:10199000BDE8F043EDF7E0BF3146284603B0BDE8AF
:1019A000F043EFF7E3BF3146284603B0BDE8F0430C
:1019B000ECF792BF38B50C46054609212046FFF7E3
:1019C000ECFD235C1B11052B02D0062B0DD038BD7E
:1019D0000A212046FFF7E1FD2044EFF721FD0146F3
:1019E0002846BDE83840ECF751BF2846BDE83840EE
:1019F000EFF7DEBF10B50C4686B0014603A8EFF73F
:101A000015FD2368CDF80E306368CDF81230FCF771
:101A1000B7FB0A2302460093012103AB0020FFF726
:101A20003BFF06B010BD30B585B0044603A815468F
:101A3000EFF7FCFC0221009103AB2A462046FFF79A
:101A40002BFF05B030BD07B500230A4600930321E4
:101A5000FFF722FF03B05DF804FB37B50D460446DF
:101A6000FCF78EFB00950246234604210020FFF779
:101A700013FF03B030BD07B500230A4600930521CC
:101A8000FFF70AFF03B05DF804FB07B500230A4621
:101A900000930621FFF700FF03B05DF804FB38B5A3
:101AA00009210446FFF779FD05462046FFF785FE2C
:101AB000024690B1605D072809D8E0B1431E062BAD
:101AC0000BD8DFE803F00C1C0A1E0A0A1E007E2851
:101AD00019D07F2819D07D280ED000200BE0022AD3
:101AE000FBD1FFF73EFC2044EFF79AFC801303285C
:101AF00014BF0020012038BD042AEED9F1E7042AE2
:101B0000F6E7012AF4E7022AF2E7092AF0E708B526
:101B1000FFF753FE042894BF0020012008BD08B53C
:101B2000FFF74BFE052894BF0020012008BD38B503
:101B30000546FFF742FE0538C4B209212846FFF7E3
:101B40002CFD2B5C1B11013B052B11D8DFE803F0AA
:101B5000050A030C0303012038BD0A2C14BF002022
:101B60000120F9E7022CF9E7E04300F00100F3E778
:101B70000020F1E708B50246102300210120EAF712
:101B80006DF9002008BD08B5024610230021012090
:101B9000EAF714F9002008BD4369406CDA1C1438D8
:101BA000B2FBF0F203EBC203CA1DB2FBF0F201324A
:101BB00001EBC2010333B3FBF0F3023300FB03106C
:101BC000704738B5446905462146FFF7E5FF6A6C62
:101BD000E31D143AB3FBF2F3013304EBC3042044D6
:101BE00038BD73B506460D460024F36B01225B69D0
:101BF00001A928199847019B013309D1736C04345A
:101C000062196A405B421A42EFD0204602B070BDB2
:101C10000024FAE770B505460C46E4F7D5FEEB6BF9
:101C20002046DB68BDE87040184770B5002586B0D7
:101C300004460562E369AB4202D8206A06B070BD73
:101C4000666C2068E36B05225B6901A906FB050051
:101C5000984701A800F012FC00F035FC10B1236A8F
:101C6000013323620135E5E738B50446456C006869
:101C700004F1400305FB0101E06B00F031FC054677
:101C80002046FFF7D2FF284638BDF0B5054687B09D
:101C90000026EC69013CB44203D80C46204607B04C
:101CA000F0BD01B14C1E6F6C2868EB6B05225B69BF
:101CB00001A907FB0400984701A800F0DFFB00F032
:101CC00002FC0028EAD101362146E2E7F0B50446DD
:101CD000466CE36B00685B6987B00D46052201A97D
:101CE00006FB0500984701A800F0C8FB00F0EBFBDD
:101CF00020B101A800F099FB07B0F0BD29462046AD
:101D0000FFF7C3FF676CE36B064620685B6905223B
:101D100001A907FB0600984701A800F086FB431CB9
:101D2000EAD0B54238BF0130E6E72DE9F043D0F8FC
:101D300024804FF6FF7987B004460E46C84514BF8D
:101D4000454600250027E369BB4202D807B0BDE83D
:101D5000F083E26B2368606CD2F814C001A90522FD
:101D600000FB0530E04701A800F088FB022806D000
:101D7000C8450CD1721C29462046FFF775FFE36960
:101D800001350137B5FBF3F203FB1255DBE72946BA
:101D90002046FFF79BFFB0F1FF3F14BF02463246DB
:101DA0000132E8E7F0B5036887B006460025CC1A93
:101DB000436CB4FBF3F4F3693768706C5A1E9542B8
:101DC00008D3706C336800FB043007B0BDE8F04006
:101DD00000F084BB0134B4FBF3F203FB1244F36B59
:101DE00005225B6901A900FB0470984701A800F077
:101DF00045FB00F068FB0028E3D10135DBE710B4B8
:101E000023F0030422449B070A44436C18BF0432A6
:101E10005B4282EA0104234203D05DF8044BFFF7E2
:101E2000C1BF10465DF8044B70472DE9F041D0E981
:101E30000A369E4286B0044628D1C36945681422FA
:101E400002FB1355284606B0BDE8F0812068676C98
:101E5000E26B331AD2F81480B3FBF7F3052201A921
:101E600007FB0300C04701A800F008FB012804D0CD
:101E7000636C1D44013B3340ED1A31462046FFF7A9
:101E800091FF0646A36AB342E0D1DBE70025F9E7FC
:101E9000F0B5002587B004462E46E369B34202D868
:101EA000284607B0F0BD636C276803FB0677E36B39
:101EB00005225B6901A93846984701A800F0DEFABF
:101EC00000F001FB58B1384600F008FB01462046FF
:101ED000FFF787FE636C143B834208BF0135013670
:101EE000DBE708B508301346D1E90012F3F7A6FA8C
:101EF000012008BD13B50C460021217600936168CE
:101F000013462246F1F762FE18B1E37D03B1A07ECD
:101F1000A075A07D02B010BD73B500F1080516468E
:101F20000C460DF107020968284600F0A3F9032EBC
:101F300006D16368834203D12168284600F080F906
:101F4000012002B070BDD01E009B42424241187E6B
:101F5000824211D11A688A420ED85A688A420BD33B
:101F60005A6901325A61D3E9030282423FBF98683D
:101F700040F8221001321A610120704710B5032A7F
:101F8000029C07D1A26A5340626C5242134201D1B3
:101F900000F056F9012010BD08B5C368002098472D
:101FA000BDE80840E4F718BD70B5002401281C7096
:101FB00014BF04200220CC7D4243101D02F0020217
:101FC0004CB91AB1012220F003001A7000F1080385
:101FD0004868184470BD1AB1012220F003001A703D
:101FE0000C7E002301F12005DAB2944201D80020D2
:101FF000F0E735F83320824203F1010606D901EB00
:10200000C30300F10802D8691044E3E7801A33469D
:10201000EAE773B590F8426005461C4630460DF17C
:102020000303FFF7C1FFEB6B012E5B690DD1324655
:1020300001A998479DF8033013B1BDF8063001930C
:10204000BDF80430236002B070BD0122214602B009
:10205000BDE870401847F0B5054687B04868EB6B9F
:1020600000245B6902940E46012202A908309847B9
:10207000274695F84230012B40F08480632C02D92A
:10208000029807B0F0BD612C08D805AB2246314656
:102090002846FFF7BEFF9DF814301BB305AB224660
:1020A000314628468DF81070FFF7B3FF95F842309F
:1020B000012B059B55D14FF6FF72934200F096809D
:1020C000082205A904A800F060F9059B9DF81010EE
:1020D000C3F30722914240F08980DBB2029A1A448E
:1020E000029283E095F84230012B30D103AB2246B7
:1020F00031462846FFF78DFF04AB621C3146284667
:10210000FFF787FF05ABA21C31462846FFF781FF8A
:10211000102208230DEB02010DF107008DF80730A6
:1021200000F033F9102205A90DF1070000F02DF998
:10213000039BDAB2002A52D19DF80720B2EB132F8D
:102140004DD1DDE9043203EB0243029347E0302C2A
:102150002BD944E09DF80720B2EB134F3FD1049BED
:10216000F3E7013342D0102205A90DEB020000F085
:102170000CF9059B9DF81010C3F30742914235D12D
:102180009BB2ABE7312C3FF67BAF87D005AB224645
:1021900031462846FFF73DFFBDF81430002B7FF491
:1021A0007DAF95F84230012BA0D003AB22463146DB
:1021B0002846FFF72EFF04AB621C31462846FFF786
:1021C00028FF102320220DEB03010DF107008DF8ED
:1021D000073000F0DAF8039B9AB2002ABAD095F8DB
:1021E0004230012B14BF012302231C44013440E779
:1021F00013B500240194049C0094F2F787F802B010
:1022000010BD13B501240194049C0094F2F77EF8EC
:1022100002B010BD30B5446800234FF0FF329C423D
:1022200002D10023037230BD016801EBC30541F800
:1022300033206A600133F2E7C0E90012FFF7EABF1A
:10224000F0B5456800239D4211D0046854F833204E
:10225000B2F1FF3F4FEAC30704EBC30608D0C2F355
:102260001302914204D14FF0FF33E3517360F0BD8C
:102270000133E8E7F0B5456800239D4202D14FF0F5
:10228000FF300FE0046854F83340671C4FEAC30680
:1022900009D0C4F31307B94205D1240D14700368A3
:1022A00033445868F0BD0133E7E713B50446002313
:1022B00001461B220DF107008DF8073000F065F88C
:1022C00022689DF80730B3EBD26F0CBF01200020CD
:1022D00002B010BD13B500230446014620220DF1C3
:1022E00007008DF8073000F050F80DF107001A22B2
:1022F000211D00F04AF862689DF80730B3EB926F39
:102300000CBF0120002002B010BD0068431C5842E1
:1023100058417047006810F07E0F0CBFC0F3C160D9
:10232000002070470068C0F3D3107047006800F0C9
:102330007F0001288CBF002001207047036813F044
:102340007E0F14BF042008207047036813F07E0F2F
:1023500003D1406820F07C40704713F078001CBF28
:1023600003F07F03D81F7047006800F07F007047BC
:10237000032809D0022803D1C1F10201C8B2704775
:1023800000290CBF0720002070471F2A0B689EBF42
:102390004FF0FF3191408B43590801F055315B1AE2
:1023A00003F033319B0803F033330B44017803EB24
:1023B00013130A4403F00F334FF001314B43A2EBE8
:1023C00013620270704737B501F10C04436905468A
:1023D0006946012220469847BDF80030019301224A
:1023E000AB6901A92046984703B030BD37B501F16C
:1023F0000C04436901226946054620469847009B24
:102400004FF6FF7299B291420DD11B0C1B0443F49D
:10241000254343F0A50301930122AB6901A920469E
:10242000984703B030BD0020FBE737B504461B22B8
:10243000011D00250DF107008DF80750FFF7A5FFDE
:1024400060689DF80720B2EBD06F03D120F0784090
:1024500003B030BD0DF107001B2204F108018DF817
:102460000750FFF792FFA0689DF80730B3EBD06FDD
:1024700001D1C043EAE74FF0FF30E9E703684BF2D0
:102480009A22B2EB134F10B5044613D19BB2012B25
:1024900013D1FFF7CAFF01300CD0E0684FF6FF728E
:1024A000B2EB104F4FEA104309D180B2C01A18BFE7
:1024B000012010BD2368013303D00420F9E7022076
:1024C000F7E70320F5E701288CBF002001207047C3
:1024D000033801288CBF002001207047143070475A
:1024E0002DE9F04105469846036908460E46174611
:1024F0009847044638B943463A4631462846F3F7EA
:1025000079F8044618B131462846FFF75CFF2046AB
:10251000BDE8F0810220704700207047012070471D
:10252000002070470020704701207047F9F7C0B9BC
:1025300008461146F3F7CAB970B505460C46114670
:102540001A46F3F7CBF806682B462046B446BDE89A
:102550007040604710B5F3F7C1F8BDE810408368DC
:1025600018470023F3F718B908B500F015FD00204F
:1025700008BDF5F795BE4942FFF7FBBF70B50446AD
:102580000D4616464FF4881100F087F93246294669
:102590002046BDE8704000F044BB7047431E012B4D
:1025A00003D9031F5842584170470120704700F07B
:1025B00054BB4FF4A472002100F093BF10B500216A
:1025C0000446FCF799F82046BDE81040F8F740BEF5
:1025D000F8F7A0B800F07FBC00F08DBCD0F88C00FC
:1025E00070B5C468002324259C4201D1012070BD30
:1025F000826805FB0322D6898E4202D8128A8A425B
:1026000001D20133F0E70020F1E7F8B505460E46A8
:10261000F3F71EF9D5F88C307BB15B696BB1F5F738
:1026200063FDD5F88C305B691B1A584240F26B127F
:102630004FF042015841F3F751FBF76800224FF683
:10264000FF734FF0240CD0B2B84208D31C46214689
:102650002846F3F78DFA00F003FB2046F8BDB16879
:102660000CFB0011CC899C4202D2002CEFD02346F7
:102670000132E8E7008B70470A7838B50546104606
:10268000FFF78CFF60B14C782046FFF787FF38B129
:102690002243530704D42846BDE83840F8F76EBA01
:1026A000012038BD10B504460878FFF777FF58B110
:1026B0004A781046FFF772FF30B1042A04D0204652
:1026C000BDE81040F8F792BA012010BDF7F7C8BF77
:1026D00010B4BDF8044001945DF8044B00F00ABD4D
:1026E000F8F732B938B504460D46F3F741FA28B980
:1026F00029462046BDE83840F8F7FAB838BD70B52D
:1027000004460D461646F3F733FA30B932462946E9
:102710002046BDE87040F6F711BF70BD70B5164693
:102720000C46FCF7F2F9314605462046F6F702FB67
:1027300004462846FCF7EDF9204670BD052A2DE930
:10274000F04106460C4615461F462BD8FFF792FF70
:10275000214680463046F3F70BFA044638B9F8F7BD
:1027600063F838B941463046F3F702FA02242046AE
:10277000BDE8F08101210846F3F7A8F8204600F0F3
:102780006DFAF5F74DFE3846F7F7BAFE6FF02903FC
:102790002B41DB07284602D4F5F7B4FEE7E7F5F74F
:1027A000E9FEE4E70124E2E738B5044648880D462F
:1027B00000F054FAD4F8A0302BB929462046BDE8E1
:1027C0003840F8F749BA022038BD00F048BA00F0A6
:1027D000D3BB73B5044600200D4600F03FFAD4F891
:1027E000A06069462046FFF7F2FF5EB99DF8001031
:1027F0002A462046E6F71EF80146204600F088FBF0
:1028000002B070BD00231A4629462046B047F7E7BC
:102810001FB500230393CDE9013368461368009385
:1028200014468DF80C10F7F7F9FE009B236004B0F6
:1028300010BD1FB50023CDF80630CDF80A30ADF835
:102840000E30ADF804101368009369461446F8F78B
:1028500079F9009B236004B010BDF4F7CDBE38B504
:1028600004460D46FCF751F900232563E362BDE8F9
:102870003840FCF74EB938B505460C46FCF745F92B
:102880002B6B1C40EB6A2343EB62FCF742F9211EE1
:1028900018BF01210020490238BD38B504460D4655
:1028A000FCF733F9236B1D40E36A23EA0505E56273
:1028B000FCF72FF9284638BDC06A70477FB504463B
:1028C0000E4600F039FA431EDBB2FD2B05464FF4ED
:1028D0008811204688BF0096FFF7DFFF2A46694629
:1028E000204600F08AF904B070BD10B501210446FD
:1028F000FFF7D3FF2046BDE81040F6F77DB873B56B
:102900000D7806460C4635B304238DF80430237940
:102910008DF8053001A93046FFF7C4FE0546B8B969
:102920002278A37952BB8DF80430E3798DF8053015
:1029300001A93046FFF7A0FE054648B923783BB110
:1029400061883046F8F78AFA0121304600F02BFB07
:10295000284602B070BD294600F025FB29463046C6
:1029600000F04EFB2946304600F04FFB2378002B49
:10297000CAD123798DF804306379C9E702228DF832
:102980000420D3E7F8F7A8BA00F048BB00F067BB13
:1029900008461146F3F7DABDF8F7BABA70B514462F
:1029A00086B005460E46122200210DF1060000F009
:1029B00098FD2368009369462846ADF8046000F04E
:1029C00029FB009B236006B070BD0846F3F7EABC04
:1029D000084611461A46BDF8003000F041BA0846D4
:1029E000F5F720BA00F087B9F5F7ACB80847022A26
:1029F00001D800F0F7BB01207047022A01D800F08F
:102A000002BC01207047022A01D800F00EBC012050
:102A1000704738B504460D4600F0E1FB28B1294661
:102A20002046BDE8384000F00FBC022038BD70B52C
:102A300004460D46164600F0D2FB30B13246294618
:102A40002046BDE87040F9F72FB8022070BDF9F7B5
:102A5000A5B80846F9F7C4B80020704700207047B1
:102A60002DE9F74F1C469DF830300193036803F0C1
:102A70000703063301259D400646174605F1FF383A
:102A80000B46A1B1416804EA080BA5EB0B0A41F023
:102A90000059524509EB0B0114D95246184600F073
:102AA00059FC7A1B5A444946504400F053FC019BA0
:102AB0002BB13C4448EA050804EA0804F46003B07A
:102AC000BDE8F08F1846F0E737B5002500951446AD
:102AD000FFF7C6FF204603B030BD2DE9F04F85B0AB
:102AE0000646BDF838A089461746984605250024B5
:102AF00047F6FF7B3F2D9ABFC5F14000C0B2284684
:102B0000CDF800A043463A46B9F1000F1CD031463B
:102B1000F4F7A6F85845B8BF2C4605F10A05EDB202
:102B2000B8BF8346872DE5D1631F621DDBB2002548
:102B300047F6FF7B0392039A93420BD93F2D28D986
:102B4000284605B0BDE8F08F01463046E0E7014673
:102B5000304614E01A06F1D4012B38BF01233F2B75
:102B600098BFC3F140001C468CBF1846C0B2CDF8D8
:102B700000A043463A46B9F1000FE8D03146F4F7D9
:102B80006FF85845ACBF584625460134E3B283463A
:102B9000D1E7C5F14005EDB2D2E70228F7B50D4601
:102BA00016461F4617D10093002013460A460121FE
:102BB000FFF793FF33462A4600210097FFF78DFF6A
:102BC000009733462A4601210446FFF786FF44EA70
:102BD000002003B0F0BD4FF0FF30FAE7D0F890309E
:102BE0004BB15B693BB11B689A1C08BF4FF0FF33C8
:102BF0000B60002070470120704738B50D6804460F
:102C00002846F3F7F1FDD4F8903043B15B6933B156
:102C1000013504BF6FF001020A600A681A600020E3
:102C200038BD7FB5D0F8943005460C46164623B122
:102C30001A6812B1D868F3F741FDF4F753F9324638
:102C4000009069462846FFF7D8FF0CB1009B23602F
:102C5000002004B070BDF8F7D3BD704770477047CF
:102C60007047704738B50D460446F5F73DFAAC405D
:102C700042F2107364095C436423B0FBF3F0B4FBCD
:102C8000F0F038BD022807D0062807D0003818BF5A
:102C900001204042C0B270470120704700207047B9
:102CA00030B51F23B0FBF3F35D1CEDB24FF0FF34E2
:102CB000C3EB4313AC40C01AE4430130E4B2C0B2EA
:102CC0001460086030BD70B505460E46C0B201F014
:102CD0000F01FFF7C7FFC6F303110446C5F3072032
:102CE000FFF7C0FFC6F303210444C5F30740FFF715
:102CF000B9FF204470BD08B5F4F766FEBDE8084092
:102D0000F4F7ECBE10B50446F4F75EFE844288BFCB
:102D100001F1FF31204601F00301BDE81040F4F756
:102D2000DDBE38B50446FFF7E6FF0546FFF7E3FFD3
:102D3000431BA342FAD338BD00207047F7B544F2D5
:102D40000802B2EB114F05460C468FB24FEA114311
:102D50000ED0B3F5045F14BF02260126D5F89030DB
:102D60000BB1196831B9D5F88C307BB920680BE00C
:102D70000026F3E7334668463A46F5F7BBF89DF878
:102D800004300098002BEED103B0F0BD1968002983
:102D9000ECD0334668463A46F5F7ACF89DF8043077
:102DA0000098002BE2D1EFE70320F7F7D9BC10B56C
:102DB000044651B10B6843B15B6833B11A68032A0A
:102DC00003D99C6A640E204610BDFBF79EFE0146A7
:102DD0002046F5F737FD04460846FBF79AFEF2E772
:102DE00038B14FF47A735843A0F6AC50401AF5F757
:102DF0004FBE4CF25030FAE7F6F732BEF6F730BE6F
:102E0000F6F72EBEF6F72CBE7047436B03F0600357
:102E1000402B0DD0602B03D0203B584258417047C7
:102E200049B10B68012B06D9486940F00100704791
:102E300040F20110704700207047034670B10268ED
:102E4000022A0BD9426A12F47F4FC2F3072006D040
:102E50001B6AD2B25A43B2FBF0F0704700207047B1
:102E6000F0B5144687B01E460F4619B90024204617
:102E700007B0F0BD002AF9D00028F7D001A9F3F778
:102E800065FB0028F2D0BDF80630BDF80850A21945
:102E90009A42C4BF9B1B9CB2B54212D90399AD1B89
:102EA000ADB23144A5420391ADF808500DD22A4687
:102EB000384600F04FFA0499621B781900F04AFA7C
:102EC000D5E70499761B3144049122463846F5E74C
:102ED0000220F4F763BDD0F894304BB11A68022A8F
:102EE00006D993F8250028B11B6AB3FBF0F07047B0
:102EF000FBF7FEBB704708B50146D0F89400FFF71A
:102F00009CFF20B9BDE808400846FBF7F3BB08BDAD
:102F100010B590F8D0300E2B04462BD00175D0F8A8
:102F2000900020B3D4F8A0304BB994F8D9308B423C
:102F30000BD320460022BDE81040F7F7E7BEB4F9F6
:102F40002420B0F912309A42F3DD94F8D91000220F
:102F50002046F7F7DBFE60B9C4F890002046FFF783
:102F600089FB01462046BDE81040F2F701BEFF2371
:102F7000637510BD0220FCE70346D0F8D00008605E
:102F8000B3F8D4308B800020704790F8D0300E2BEF
:102F900014BF407DFF20704708B5FFF705FFBDE86F
:102FA0000840F5F773BA38B505460C46F8F734FD16
:102FB00088B10CB1002038BD4FF400612846F7F706
:102FC0009FF900224FF480712846F7F785F9003801
:102FD00018BF0120EFE74FF400612846F7F790F99A
:102FE00040B1002CEDD095F8CA30002BE2D14FF45F
:102FF0008072E7E72202E5E74FF48071F7F780B9C6
:103000004A024FF40071F7F767B98A024FF4806102
:10301000F7F762B904238B71002070473F2B0846F5
:1030200010B5114619D9B3FA83F3C3F11902D2B21C
:10303000062A01D8192B0ED0062A28BF0622931D76
:10304000DBB201249C40A4B2A14228BF2146F3F781
:1030500095F8204610BD0022F1E70024F9E7138817
:103060003F2B10B5084616D9B3FA83F3C3F1190103
:10307000C9B2062901D8192B0BD0062928BF062171
:103080008C1DE4B20123A3401380F3F795F80020D0
:1030900010BD0021F4E70120FAE710B508461446F8
:1030A0000121F5F72FF820460121BDE81040F5F782
:1030B00029B8F8B504460E461746FBF726FD3A46F2
:1030C00005463146204600F01BF904462846FBF72A
:1030D00020FD2046F8BD0220704703207047F4F71A
:1030E00055BC10B5F8F7EEF9044608B9F6F718FA2A
:1030F000204610BD2DE9F04F85B0D0F88CC002936A
:10310000BDF838300393BCF1000F44D0DCF80C302C
:103110000193002528464FF02409A1F1080A019BDC
:10312000AB4204D11080002005B0BDE8F08FDCF880
:10313000084009FB0544B4F80E80238A00934346F7
:10314000009E9E4201D20135E9E7029EB34210D3B0
:10315000039EB3420DD80026B7B2B84204D81688F1
:10316000864209D10120DFE701363AF836709F42E6
:10317000F2D101339BB2E3E7D4E9016701EBC00B65
:10318000A3EB080E21F8303007FB0E660130CBF8B8
:10319000046080B2EDE70220C6E7704770B50546CF
:1031A0000E461446FFF75DFD31462846FFF72DFA1F
:1031B000FFF757FD04F00903082B04D10C2C1CBFAA
:1031C00024F00804A4B221462846F7F7C3FA0022E7
:1031D0004FF400312846F7F77FF8002070BD8021BA
:1031E000F7F78EB87FB5531C05AAADF814100292FC
:1031F00002210022CDE90021DBB21146F7F78AF85F
:1032000007B05DF804FB7FB5531C05AAADF8141098
:10321000029204210222CDE90021DBB20022012129
:10322000F7F778F807B05DF804FB1FB5531C02915F
:1032300000220821CDE900210122DBB21146F7F777
:1032400069F805B05DF804FB08B5CA064FF00061E7
:10325000F7F742F8002008BD07B591F82830009331
:1032600091F82B3091F8292091F82A10F8F7B2FB49
:1032700003B05DF804FB38B50546F7F765FA044678
:103280002846F7F73FFA072811D1D5F89030DB69C7
:1032900024F47F4121F0080103B15B7841EA032166
:1032A00041F020012846BDE83840F7F753BA24F032
:1032B0002001F7E7002070472DE9F0411F46164630
:1032C00005468846E2F774FCB0FBF7F47443631CD0
:1032D00013D043462A4639463046F8F7EDFC022D16
:1032E00004D1F8F7ADFC2046BDE8F081032D02D1F2
:1032F000F8F7B8FCF7E7F8F7C1FC4FF0FF34F2E756
:10330000F7B505460F4668461146F8F76DFE0646C6
:1033100098B197B1DDE900311B0A43EA0163A5FBCF
:103320000343090A05FB0135F4F7DEFE00230246DC
:1033300029462046F9F772FB3860304603B0F0BDED
:1033400010F8012B11F8013B012A28BF9A42F7D04F
:10335000D01A70470A44914200F1FF3300D1704700
:1033600010B511F8014B03F8014F9142F9D110BD8E
:1033700010B56AB10139841810F8012B11F8013F1A
:103380009A4203D1A04201D0002AF5D1D01A10BD33
:103390001046FCE7034613F8012B002AFBD1181A4C
:1033A0000138704710B50C46B1F90E10FAF71CFC45
:1033B0000028ABBF636DA3891B1823F48053ACBFF7
:1033C0006365A38110BD2DE9F0411F468B89DB05A4
:1033D00005460C46164605D5B1F90E10022300220B
:1033E000FAF7F0FBA389B4F90E1023F48053A381FC
:1033F00032463B462846BDE8F041FAF7B5B810B56D
:103400000C46B1F90E10FAF7DDFB431CA38915BF7A
:10341000606523F4805343F48053A38118BFA381D4
:1034200010BDB1F90E10FAF79BBB70B5A1FB0254A9
:103430003CB92946F9F774FE064628B900263046FD
:1034400070BD0C220260F9E72A46214600F049F8D7
:10345000F5E72DE9F8430746884614460026D4E9E7
:103460000195B9F1010905D52468002CF7D1304642
:10347000BDE8F883AB89012B07D9B5F90E300133CC
:1034800003D029463846C04706436835E9E710B5FA
:1034900001390244904201D1002005E0037811F87F
:1034A000014FA34201D0181B10BD0130F2E7884242
:1034B00010B501EB020402D98442234607D8431E0B
:1034C000A14208D011F8012B03F8012FF8E70244BC
:1034D00001468A4200D110BD13F8014D02F8014D9A
:1034E000F7E702440346934200D1704703F8011BFB
:1034F000F9E770477047704770B50C46B1F90E1088
:10350000002996B015461E460DDAA38913F0800FE8
:103510004FF0000114BF40234FF48063002031605E
:103520002B6016B070BD6A46FAF72AFB0028ECDB68
:10353000019901F47041A1F50053594259414FF4EA
:103540008063EBE78B89F7B59D0706460C4607D5E8
:1035500004F14703236023610123636103B0F0BDDD
:1035600001AB6A46FFF7C8FF009F05463946304663
:10357000F9F7D6FD48B9B4F90C309A05EED423F02A
:10358000030343F00203A381E2E7A389206043F031
:103590008003A381019BC4E904075BB1B4F90E1059
:1035A0003046FAF7FFFA28B1A38923F0030343F06A
:1035B0000103A381A3891D43A581CFE79368013B44
:1035C000002B10B4936008DA9469A34201DB0A2946
:1035D00003D15DF8044B00F01AB81368581C106052
:1035E000197008465DF8044B7047F8B506460F465B
:1035F0001446D518AC4201D1002007E014F8011B95
:103600003A463046FFF7DAFF431CF3D1F8BDF8B570
:103610000E461446054618B1036A0BB9F9F7A2FE27
:10362000A369A360A3891A0701D5236943B9214679
:103630002846FAF713F918B14FF0FF373846F8BDAE
:1036400023682269981A6369F6B28342374605DC1B
:103650002146284600F00AF90028EDD1A368013B75
:10366000A36023685A1C22601E706269431C9A4240
:1036700004D0A389DB07E1D50A2EDFD121462846F5
:1036800000F0F4F80028D9D0D6E72DE9F047164627
:1036900098468A680B69DDF820909342B8BF1346BC
:1036A000336091F8432007460C460AB1013333607A
:1036B0002368990642BF336802333360256815F0EA
:1036C000060506D104F1190AE36832689B1AAB4279
:1036D00026DC94F843302268003B18BF0123920691
:1036E0002BD404F1430241463846C84701301ED06E
:1036F0002368226903F00603042B02BFE5683368E0
:10370000ED1AA3680CBF25EAE57500259342C4BFF6
:103710009B1AED1800261A34B5421AD1002008E091
:103720000123524641463846C847013003D14FF085
:10373000FF30BDE8F0870135C6E7E1185A1C30209C
:1037400081F84300224494F8451082F84310023374
:10375000C7E70123224641463846C8470130E6D034
:103760000136D9E7B1F90C202DE9F04117070546DC
:103770000C4656D44B68002B02DC0B6C002B3DDD55
:10378000E66A002E3AD0002312F480522F68216A94
:103790002B6025D0626DA389580705D56368D21ABE
:1037A000636B0BB1236CD21A216AE66A00232846A8
:1037B000B047411C24D00023636023692360A389A0
:1037C000DA0400D56065616B2F60B9B104F1440380
:1037D000994202D02846F9F7DFFE002363630DE02B
:1037E00001232846B047461C0246D4D12B68002B43
:1037F000D1D01D2B01D0162B2BD12F6000202FE014
:103800002A68B4F90C3042B11D2A01D0162A22D1FF
:103810000023636023692360D5E762602269226028
:10382000CEE70F69002FE9D093070E6808BF4B69F8
:103830000F6018BF0023A6EB07088B60B8F1000FDC
:10384000DCDD216AA66A43463A462846B04700288E
:1038500008DCB4F90C3043F04003A3814FF0FF3093
:10386000BDE8F0810744A8EB0008E7E738B50B692D
:1038700005460C4613B90025284638BD18B1036A21
:103880000BB9F9F76FFDB4F90C30002BF3D0626E71
:10389000D00704D4990502D4A06DFFF72BFE28466B
:1038A0002146FFF75FFF636EDA070546E4D4A3897C
:1038B0009B05E1D4A06DFFF71EFEDDE708B50620ED
:1038C000FAF7A4F90120FCF70BF91F2938B50546D2
:1038D0000C4604D9162303604FF0FF3038BDC26B8D
:1038E00012B152F821304BB9284600F016F82246A2
:1038F00001462846BDE83840FAF790B9012B0AD0B6
:10390000591C03D1162303600120E7E7002142F888
:103910002410204698470020E0E7FCF7E7B80000B5
:10392000F8B500BFF8BC08BC9E467047F8B500BFAC
:10393000F8BC08BC9E4670475FF800F0DD2100200F
:103940000000000000000000000000000000000077
:103950000000000000000000000000000000000067
:103960004368616E6E656C20256420697320696E02
:1039700076616C69642C2074686520666972737462
:103980002076616C6964206368616E6E656C206985
:1039900073202564210A0000666F726D203078253F
:1039A0003032580A000000005065726D6974206A58
:1039B0006F696E207374617475733A2030782530A6
:1039C00032580000545820706F7765722073657408
:1039D0003A2025640A000000545820706F77657201
:1039E00020736574206661696C65640A00000000DC
:1039F000656E61626C65640064697361626C6564C4
:103A0000000000005458206F7074696F6E7320734B
:103A100065743A204D41432061636B732025732CFC
:103A20002073656375726974792025732C20707218
:103A3000696F726974792025730A00004368696CA4
:103A4000642072656D6F76616C2030782530325855
:103A50000A000000496E666F3A0A0000202020200C
:103A600020202020204D43552049643A20307825DD
:103A70003031366C6C580A0020204E6574776F72B6
:103A80006B2073746174653A203078253032580A9F
:103A9000000000002020202020204E6F646520744C
:103AA0007970653A203078253032580A00000000DD
:103AB0002020202020202020202065756936343ADF
:103AC000203E25782578257825782578257825784D
:103AD00025780A0020202020202020204E6F6465B9
:103AE0002069643A203078253034580A00000000FC
:103AF0002020204E6F6465206C6F6E672069643AE9
:103B0000203078002530325800000000202020208E
:103B1000202020202050616E2069643A20307825D2
:103B20003034580A000000002020202020202020CF
:103B30004368616E6E656C3A2025640A00000000DF
:103B400020202020202020202020506F7765723AEE
:103B50002025640A00000000202020202054582046
:103B60006F7074696F6E733A204D41432061636BCF
:103B7000732025732C207365637572697479202511
:103B8000732C207072696F726974792025730A0032
:103B9000526164696F206368616E6E656C20736545
:103BA000742C207374617475733D307825303258ED
:103BB0000A00000053657474696E6720726164695D
:103BC0006F206368616E6E656C206661696C656408
:103BD0002C207374617475733D3078253032580A27
:103BE00000000000537461727420656E657267791D
:103BF000207363616E6E696E673A206368616E6EF2
:103C0000656C2025642C2073616D706C65732025B4
:103C1000640A0000537461727420656E657267797E
:103C2000207363616E6E696E67206661696C65649E
:103C30002C207374617475733D3078253032580AC6
:103C4000000000005365637572697479206B6579B3
:103C500020756E7365742073756363657373667521
:103C60006C0A0000436F756E74657220747970651C
:103C70003D3078253032583A20256C640A00000027
:103C800047657420636F756E746572206661696C38
:103C900065642C207374617475733D3078253032FF
:103CA000580A00006F74615F7461726765743A202E
:103CB000696E76616C6964206465766963655F69C5
:103CC000643D2564202876616C69642072616E67AA
:103CD000653A20317E2564290A000000536563752A
:103CE00072697479206B657920696D706F727420C8
:103CF0007375636365737366756C2C206B657920CF
:103D000069643A20256C750A0000000053656375EC
:103D100072697479204B657920696D706F727420B7
:103D20006661696C65643A20256C640A00000000D5
:103D30005365637572697479206B65792073657456
:103D4000207375636365737366756C0A0000000009
:103D50005365637572697479206B65792073657436
:103D6000206661696C6564203078253032580A001D
:103D70005365637572697479206B6579206C656E23
:103D8000677468206D7573742062653A202564201D
:103D900062797465730A00004E6574776F726B20E8
:103DA000464F524D4544206F6E2063683D25642C7C
:103DB0002050414E3D3078253034580A0000000034
:103DC000656D626572466F726D4E6574776F726B6A
:103DD000204641494C45443A203078253032580A33
:103DE0000000000067657453746F72616765536CFF
:103DF0006F74496E666F204641494C45443A203005
:103E000078256C580A00000053746F726167652052
:103E1000736C6F7420303A20616464723D30782591
:103E200030386C582C206C656E3D256C752062799D
:103E30007465730A000000004F544120726561648C
:103E4000792E2057616974696E6720666F72204110
:103E5000505F4F42432049324320636F6D6D616E66
:103E6000647320286572617365E28692737472656B
:103E7000616DE286927374617274292E0A000000EB
:103E800049324320536C61766520696E69746961BB
:103E90006C697A656420617420307825303258204E
:103EA000285344413D504331302F4C4F4331362C41
:103EB0002053434C3D504331312F4C4F4331342933
:103EC0000A0000000A3D3D3D204D6173746572207B
:103ED0002853696E6B202F204F5441205365727612
:103EE00065722920E28094204175746F6D6174655C
:103EF00064204F5441203D3D3D0A0000626F6F74C5
:103F00006C6F616465725F696E6974204641494CEB
:103F100045443A203078256C582028726F6C6C62CA
:103F200061636B206775617264206C696D6974658B
:103F300064290A004E6F2050534120414553206BA5
:103F4000657920666F756E642C2063726561746993
:103F50006E67206F6E652E0A000000005365637562
:103F600072697479206B657920696D706F72742045
:103F70004F4B2C2069643A20256C750A0000000024
:103F80005365637572697479206B657920696D700A
:103F90006F7274204641494C3A20256C640A000037
:103FA00050534120414553206B65792065786973F2
:103FB00074732C2072657573696E672E0A00000099
:103FC000656D6265724E6574776F726B496E697468
:103FD0003A203078253032580A0000005265737557
:103FE0006D696E67207361766564206E6574776FA6
:103FF000726B2E204E6F646549443D307825303415
:10400000580A0000656D6265724E6574776F726B59
:10401000496E6974206572723A20307825303258C2
:104020002E20466F726D696E67206E6577206E6513
:1040300074776F726B2E0A004D617374657220691C
:104040006E697420636F6D706C6574652E0A000074
:104050004F5441207669612041505F4F42432049CF
:1040600032433A20657261736528307830332920F5
:10407000E286922073747265616D2830783032293F
:1040800020E2869220535441525428307830342C08
:10409000746172676574292E0A0000000101000036
:1040A0000000000060670100000000004F42432054
:1040B000444154413A2073746174653D25642C2059
:1040C0006F66667365743D256C752F256C752C20A5
:1040D0007461726765745F6465763D25640A0000EB
:1040E0004E564D3320736C6176655F7461626C650A
:1040F0002073617665204641494C45443A2030782A
:10410000256C580A00000000726567697374657257
:104110005F736C6176653A20696E76616C696420C4
:104120006465766963655F69643D25640A00000023
:10413000536C6176652069643D25643A206E6F6436
:10414000655F69642030782530345820E2869220FB
:104150003078253034580A00536C617665206964E4
:104160003D256420286E6F64653D307825303458D5
:10417000292072652D616E6E6F756E6365642E0AFF
:1041800000000000536C6176652072656769737486
:10419000657265643A2069643D25642C206E6F6405
:1041A000653D3078253034582028736C6F74202595
:1041B00064290A0072656769737465725F736C6164
:1041C00076653A207461626C652066756C6C210AB4
:1041D000000000004F5441205052455041524520AC
:1041E0006D736720746F2030782530345820464135
:1041F000494C45443A203078253032580A000000B6
:104200005B504F4C4C5D20E286922069643D2564F2
:1042100020286E6F64653D307825303458290A00B7
:104220005B504F4C4C5D2053656E64206661696C39
:1042300020746F2069643D25643A2030782530323F
:10424000580A00004F544120E28692206E6F646548
:104250003D3078253034582C2069643D25642C206D
:104260007461673D3078253032582C2073697A6547
:104270003D256C750A0000005B504F4C4C5D204E94
:104280006F20706F6C6C61626C6520736C61766519
:1042900073207965742E20526574727920696E20BE
:1042A00025756D732E0A00005B504F4C4C5D2054F9
:1042B000696D656F757420666F722069643D256451
:1042C0002E0A00005B504F4C4C5D204379636C65B7
:1042D00020646F6E65202825752F257520736C610D
:1042E000766573292E204E65787420696E202575B9
:1042F0006D732E0A000000004E564D3320736C6122
:1043000076655F7461626C653A206E6F7420666FCB
:10431000756E642028666972737420626F6F7420F2
:104320006F7220636C6561726564292E0A0000005B
:104330004E564D333A20526573746F726564207324
:104340006C617665206465766963655F69643D25A7
:104350006420286E6F64655F69642070656E6469AF
:104360006E672072656A6F696E292E0A0000000070
:10437000465720706B7420746F6F2073686F72746F
:1043800020286C656E3D2564290A00004657207080
:104390006B74207472756E63617465643A20646135
:1043A00074615F6C656E3D257520627574206F6E5B
:1043B0006C792025642072780A000000465720702E
:1043C0006B7420696E76616C696420646174615FEE
:1043D0006C656E3D25750A004657207374726561E1
:1043E0006D2053544152542028736C6F74206D75A6
:1043F0007374206265207072652D657261736564E7
:10440000292E0A00465720706B7423206A756D7040
:104410003A20676F742025752C2065787065637469
:104420006564202575202864726F703F290A00009A
:104430004657206F766572666C6F7720256C752BFA
:104440002575203E20736C6F7420256C752E2041DD
:10445000424F52542E0A0000465720777269746505
:1044600053746F72616765204641494C2061742026
:10447000256C753A203078256C580A004657207212
:104480006561646261636B204D49534D41544348FB
:1044900020617420256C752E2041424F52542E0A03
:1044A0000000000046572073747265616D20434F11
:1044B0004D504C4554452E2073697A653D256C75E9
:1044C0002062797465732E20284F54415F46575FF0
:1044D0005245414459290A002020E2869220415049
:1044E0005F4F42433A2073656E64205354415254E7
:1044F000283078303429205B7461726765745D20E0
:1045000028303D54582073656C662C20317E25641C
:104510003D5258206465766963655F6964290A00C5
:1045200046572072783A20706B742325752C20250D
:104530006C752062797465730A0000004F42432055
:1045400045524153453A20746F6F2073686F7274FF
:1045500020286C656E3D2564290A000045524153B0
:10456000453A2067657453746F72616765536C6F69
:1045700074496E666F28257529206661696C6564CB
:104580002E20426F756E647320636865636B206FC5
:1045900066662E0A000000004F42432045524153F8
:1045A000453A2065726173696E6720736C6F742081
:1045B00025752E2E2E0A0000536C6F742025752051
:1045C0006572617365204641494C45443A20307814
:1045D000256C580A00000000536C6F74202575206C
:1045E0006572617365642E0A000000004F4243202B
:1045F00053544152543A20746F6F2073686F727431
:1046000020286E656564205B63635D5B746172671F
:1046100065745D290A0000004F4243205354415203
:10462000543A204657206E6F742072656164792079
:104630002873746174653D2564292E205374726556
:10464000616D2046572066697273742E0A0000005F
:104650004F42432053544152543A2054582053451A
:104660004C462D55504441544520696E7374616C1D
:104670006C2E2E2E0A00000053656C662D7570643A
:1046800061746520766572696679496D6167652038
:104690004641494C454420E280942061626F727427
:1046A00020286B6565702063757272656E74206674
:1046B00077292E0A0000000053656C662D75706422
:1046C00061746520736574496D616765546F426FED
:1046D0006F746C6F6164204641494C45442E0A005A
:1046E00053656C662D7570646174652076657269BA
:1046F000666965642E205265626F6F74696E67200B
:10470000746F20696E7374616C6C2E2E2E0A00001B
:104710004F42432053544152543A20696E76616CA3
:104720006964207461726765743D25752028303D89
:1047300073656C662C317E25643D5258290A000051
:104740004F42432053544152543A20646576696382
:10475000655F69643D2575206E6F742072656769B9
:104760007374657265642F6F6E6C696E6520796510
:10477000742E0A004F42432053544152543A204F62
:10478000544120E28692206465766963655F6964BE
:104790003D257520286E6F64653D3078253034588E
:1047A000292E204175746F2D646973747269627566
:1047B00074696E672E2E2E0A000000004F42433AA5
:1047C00020556E6B6E6F776E20434D4420307825F8
:1047D00030325820286C656E3D2564290A0000009F
:1047E000536C6176652072656164792E20496E692B
:1047F00074696174696E67204F54412064697374F1
:104800007269627574696F6E2E2E2E0A00000000A8
:104810004F544120646973747269627574696F6E74
:1048200020696E697469617465642E0A0000000075
:104830004F544120696E697469617465204641492D
:104840004C45443A203078253032580A00000000A8
:10485000536C61766520707265706172653A2052A2
:104860005820756E726561636861626C65202825E9
:10487000752072657472696573292E2041626F72AA
:104880007420746F2046575F52454144592E0A00E8
:10489000536C617665207072657061726520544951
:1048A0004D454F5554202825752F2575292E20520A
:1048B00065747279696E672E2E2E0A004F5441205E
:1048C000646973747269627574652074696D656F6B
:1048D00075742028256C756D73292E2041626F72C6
:1048E00074696E672E0A00004F54413A2052657178
:1048F00075657374696E6720626F6F746C6F616445
:10490000202864656C61793D25646D73292E2E2EF7
:104910000A000000426F6F746C6F616420726571F1
:1049200075657374204641494C45443A20307825DA
:104930003032580A000000004F544120626F6F74FB
:104940006C6F61642D776169742074696D656F7532
:10495000742028256C756D73292E204261636B20AD
:10496000746F2046575F52454144592E0A0000009B
:104970003D3D3D204F5441204552524F5220E2864A
:10498000922049444C45203D3D3D0A002C2000002A
:10499000590000004E0000002D0000002B00000018
:1049A00049445F414E4E4F554E43453A20746F6F18
:1049B0002073686F72742066726F6D2030782530B6
:1049C00034580A00202052582069643D256420454F
:1049D0005549363420286D6170206F726465722CE1
:1049E000204C5342206669727374293A207B000080
:1049F0003078253032582573000000007D0A000011
:104A00005B504F4C4C5D2052582069643D2564201A
:104A1000286E6F64653D30782530345829206F6EDC
:104A20006C696E652E2066773D30782530325820CF
:104A30007C20676F6C64656E3D2573282563292093
:104A400070726F623D25640A000000005B504F4C9D
:104A50004C5D2052582069643D256420286E6F64A7
:104A6000653D30782530345829206F6E6C696E654D
:104A70002E2066773D3078253032580A000000003D
:104A8000536C61766520307825303458204F54417E
:104A900020707265706172652041434B2E0A0000E0
:104AA000525820646174612066726F6D20307825E1
:104AB0003034583A00000000202530325800000001
:104AC0002054656D703A202573256C642E25303393
:104AD0006C64432048756D3A20256C752E25303363
:104AE0006C7525250A0000005458206661696C3AEF
:104AF000203078253032580A000000004E65747767
:104B00006F726B2055502E204E6F646549443D30C6
:104B100078253034580A00004E6574776F726B2028
:104B2000444F574E2E0A0000537461636B20737418
:104B3000617475733A203078253032580A000000CD
:104B40004E6F6465206A6F696E65643A206E6F64AB
:104B50006549443D3078253034582C20747970658F
:104B60003D30782530325820287761697420666F8F
:104B7000722049445F414E4E4F554E4345290A002D
:104B80005B47554152445D20426F6F7420686561F8
:104B90006C74682074696D656F757420E280942070
:104BA00073656C662D7265736574202870726F6210
:104BB0006174696F6E20636F756E74292E0A000030
:104BC0004F54413A207265616453746F7261676536
:104BD000206661696C20617420256C752C206572DB
:104BE000723D3078256C580A000000004F54412077
:104BF00054583A20256C7525252028256C752F25BD
:104C00006C75206279746573290A00004F54413A2B
:104C100020446973747269627574696F6E205355AC
:104C200043434553532E2053656E64696E6720627B
:104C30006F6F746C6F61642072657120696E2035CE
:104C400030306D732E2E2E0A000000004F54413A72
:104C500020446973747269627574696F6E2046418D
:104C6000494C45442C207374617475733D3078252C
:104C70003032580A000000003D3D3D204F54412095
:104C8000444F4E4520666F72206E6F646520307809
:104C90002530345820286465766963655F69643D12
:104CA000256429203D3D3D0A000000005258207235
:104CB00065626F6F747320262072656A6F696E7308
:104CC000206175746F6D61746963616C6C792E20FD
:104CD00054582073746179732075702E0A00000097
:104CE0004F54413A20426F6F746C6F61642072655B
:104CF0007175657374204641494C45442C2073748A
:104D0000617475733D3078253032580A0000000018
:104D1000464820436C69656E742073796E63206623
:104D200061696C65643A203078253032580A000099
:104D3000464820436C69656E742053796E63205336
:104D40007563636573730A00456E657267792073D6
:104D500063616E3A206D65616E3D2564206D696EFC
:104D60003D2564206D61783D2564207661723D2586
:104D7000640A000052656164790000004E6F74207F
:104D80006C6F6164656400006F74615F7461726769
:104D900065743A206465766963655F69643D25647E
:104DA000206E6F7420726567697374657265642024
:104DB0006F72206E6F64655F696420756E6B6E6FD5
:104DC000776E2E0A000000002020436865636B2088
:104DD00027736C6176655F6C697374272E20536C42
:104DE000617665206D6179206E65656420746F2041
:104DF00072656A6F696E2E0A000000004F544120F0
:104E00007461726765743A206465766963655F6989
:104E1000643D256420E28692206E6F64653D3078A3
:104E2000253034580A00000047424C3A20257320B0
:104E30007C2050726573732042544E3020746F2072
:104E400073746172742E0A006F74615F737461729F
:104E5000743A20696E76616C696420646576696372
:104E6000655F69643D25642028317E2564290A0038
:104E70006F74615F73746172743A20627573792024
:104E80002873746174653D2564292E20547279203D
:104E90006C617465722E0A006F74615F7374617265
:104EA000743A206465766963655F69643D256420B2
:104EB0006E6F7420726567697374657265642F6FB5
:104EC0006E6C696E65207965742E0A006F74615F7F
:104ED00073746172743A2067657453746F7261679A
:104EE00065536C6F74496E666F206661696C6564AA
:104EF0002E0A00006F74615F73746172743A206EE1
:104F00006F2076616C69642047424C20696E2053A3
:104F10004C4F543020E28094206C6F61642069749F
:104F20002076696120436F6D6D616E6465722066E5
:104F3000697273742E0A00006F74615F737461721A
:104F4000743A20534C4F5430207665726966794923
:104F50006D616765204641494C4544202862616483
:104F60002F7061727469616C2047424C292E0A00CF
:104F70006F74615F73746172743A20534C4F543094
:104F80002047424C3D256C75204220E286922064E9
:104F900065766963655F69643D256420286E6F648A
:104FA000653D307825303458292E20446973747259
:104FB00069627574696E672E2E2E0A0030783F3F45
:104FC0003F3F202872656A6F696E696E672900002D
:104FD0005B4F4E4C5D0000005B4F46465D0000009D
:104FE000526561647920285370616365206D6F6438
:104FF000652900005265616479202847726F756EDB
:1050000064206D6F64652900496E2070726F67724D
:1050100065737300E29594E29590E29590E2959025
:10502000E29590E29590E29590E29590E29590E27B
:105030009590E29590E29590E29590E29590E295B8
:1050400090E29590E29590E29590E29590E29590AD
:10505000E29590E29590E29590E29590E29590E24B
:105060009590E29590E29590E29590E29590E29588
:1050700090E29590E29590E29590E29590E295907D
:10508000E29590E29590E29590E29590E29590E21B
:105090009590E29590E29590E29590E29590E29558
:1050A00090E29590E29590E29590E29590E2959746
:1050B0000A000000E29591202020202020202020BE
:1050C000205265676973746572656420536C6176FC
:1050D00065204C697374202020202020202020206F
:1050E000202020202020202020E295910A0000008E
:1050F000E295A0E29590E29590E29590E29590E29B
:105100009590E29590E29590E29590E29590E295E7
:1051100090E29590E29590E29590E29590E29590DC
:10512000E29590E29590E29590E29590E29590E27A
:105130009590E29590E29590E29590E29590E295B7
:1051400090E29590E29590E29590E29590E29590AC
:10515000E29590E29590E29590E29590E29590E24A
:105160009590E29590E29590E29590E29590E29587
:1051700090E29590E29590E29590E29590E295907C
:10518000E29590E29590E29590E295A30A000000E6
:10519000E29591202563205B25645D2069643D25AF
:1051A0002D3264206E6F64653D3078253034582090
:1051B00066773D307825303258202573202020E254
:1051C00095910A00E29591202563205B25645D207E
:1051D00069643D252D3264206E6F64653D252D3157
:1051E00038732020202020202020202020E29591AC
:1051F0000A000000E295912020284E6F20736C6118
:105200007665732072656769737465726564207969
:1052100065742920202020202020202020202020EC
:10522000202020202020202020E295910A0000004C
:10523000E29591204F544120746172676574203A61
:10524000206465766963655F69643D252D3264205D
:10525000202020202020202020202020202020204E
:1052600020202020202020E295910A00E295912024
:1052700047424C20737461746520203A20252D33F9
:10528000367320E295910A00E2959AE29590E295B4
:1052900090E29590E29590E29590E29590E295905B
:1052A000E29590E29590E29590E29590E29590E2F9
:1052B0009590E29590E29590E29590E29590E29536
:1052C00090E29590E29590E29590E29590E295902B
:1052D000E29590E29590E29590E29590E29590E2C9
:1052E0009590E29590E29590E29590E29590E29506
:1052F00090E29590E29590E29590E29590E29590FB
:10530000E29590E29590E29590E29590E29590E298
:105310009590E29590E29590E29590E29590E295D5
:1053200090E2959D0A0000005B47554152445D2084
:105330004E6F2073746F7261676520696E666F20AF
:10534000E2809420726F6C6C6261636B20444953FD
:1053500041424C45442E0A005B47554152445D2072
:10536000676F6C64656E20726567696F6E20657823
:10537000636565647320666C617368202870617270
:10538000743D256C752920E2809420726F6C6C62EC
:1053900061636B2044495341424C45442E0A00004E
:1053A0005B47554152445D20676F6C64656E2061B8
:1053B000646472206E6F7420706167652D616C6922
:1053C000676E65642028706167653D256C752920CE
:1053D000E2809420726F6C6C6261636B204449536D
:1053E00041424C45442E0A005B47554152445D20E2
:1053F0004E6F2076616C69642073746174652069F6
:105400006E204E564D3320E28094206465666175AF
:105410006C74732E0A0000005B47554152445D20B6
:10542000696E76616C696420676F6C64656E207369
:10543000697A6520256C752E0A0000005B4755418E
:1054400052445D20534C4F54302065726173652087
:105450006661696C65642E0A000000005B47554177
:1054600052445D20676F6C64656E207265616420D4
:105470006661696C20403078256C582E0A00000067
:105480005B47554152445D20534C4F543020777256
:10549000697465206661696C2040256C752E0A0070
:1054A0005B47554152445D20534C4F543020726548
:1054B00061646261636B206D69736D617463682000
:1054C00040256C752E0A00005B47554152445D2013
:1054D000726573746F72656420676F6C64656E20AB
:1054E000766572696679204641494C45442E0A002A
:1054F0005B47554152445D20736574496D61676532
:10550000546F426F6F746C6F6164206661696C6583
:10551000642E0A005B47554152445D20676F6C64FE
:10552000656E20726573746F72656420746F2053AA
:105530004C4F54302C20696E7374616C6C696E67CB
:105540002E2E2E0A000000005B47554152445D207C
:10555000534C4F54302076657269667920666169D4
:105560006C656420E2809420736B697020676F6CB7
:1055700064656E20636170747572652E0A000000A8
:105580005B47554152445D2067657453746F726187
:105590006765536C6F74496E666F206661696C65F0
:1055A000642E0A005B47554152445D2062616420CD
:1055B00047424C2073697A6520256C7520286D61FF
:1055C0007820256C752920E2809420736B69702007
:1055D000636170747572652E0A0000005B47554167
:1055E00052445D20676F6C64656E206572617365FF
:1055F000206661696C656420403078256C582E0AFD
:10560000000000005B47554152445D20534C4F540D
:10561000302072656164206661696C2040256C757C
:105620002E0A00005B47554152445D20676F6C6451
:10563000656E207772697465206661696C20403000
:1056400078256C582E0A00005B47554152445D2076
:10565000676F6C64656E20726561646261636B2064
:105660006D69736D6174636820403078256C582EC5
:105670000A0000005B47554152445D20696E697421
:105680003A2070656E64696E673D2575206174749B
:10569000656D7074733D257520676F6C64656E3D34
:1056A00025752876616C69643D25752C73697A656A
:1056B0003D256C75292072623D25750A00000000A9
:1056C0005B47554152445D204E564D332073617601
:1056D00065206661696C656420647572696E672017
:1056E00070726F626174696F6E20636F756E742E75
:1056F0000A0000005B47554152445D2050524F4222
:105700004154494F4E20626F6F742025752F2575C7
:105710000A0000005B47554152445D2054687265A1
:1057200073686F6C6420726561636865642062757C
:1057300074206E6F2076616C696420676F6C64659D
:105740006E20E280942063616E6E6F7420726F6CC5
:105750006C206261636B2E0A000000005B475541BC
:1057600052445D2053746179696E67206F6E2063C7
:10577000757272656E7420696D6167653B20636F39
:10578000756E7465722066726F7A656E2061742022
:105790007468726573686F6C642E0A005B475541CC
:1057A00052445D203D3D3D20524F4C4C4241434BC5
:1057B00020746F20676F6C64656E202563203D3D0B
:1057C0003D0A00005B47554152445D207265626F9F
:1057D0006F74416E64496E7374616C6C2072657491
:1057E00075726E656420E2809420696E7374616CDA
:1057F0006C206661696C65642E0A00005B47554148
:1058000052445D20526F6C6C6261636B20726573F1
:10581000746F7265206661696C65642E2057696CCF
:105820006C207265747279206E65787420626F6F77
:10583000742E0A005B47554152445D2061726D5FD2
:1058400070656E64696E67204E564D3320736176C5
:1058500065204641494C454420E280942061626FB6
:10586000727420696E7374616C6C210A0000000010
:105870005B47554152445D2041726D6564207065FF
:105880006E64696E672D636F6D6D69742E204E6551
:10589000787420626F6F742069732070726F626118
:1058A00074696F6E2E0A00005B47554152445D20BB
:1058B000476F6C64656E20636170747572656420F7
:1058C000E28692202563202873697A653D256C75F0
:1058D000292E20436F6E6669726D6564206865616C
:1058E0006C7468792E0A00005B47554152445D2074
:1058F000476F6C64656E20636170747572652046D5
:1059000041494C454420E28094206B6565702070CD
:10591000726576696F757320676F6C64656E2E0AA9
:10592000000000005B47554152445D20636F6E6686
:1059300069726D5F6865616C746879204E564D338D
:105940002073617665204641494C45442E0A00008B
:105950005B47554152445D204865616C746879200D
:10596000636F6E6669726D65642E20436F756E7429
:1059700065727320636C65617265642E0A000000B5
:105980000000180000001C000100000000000000E2
:10599000010F0000000000001C35002005CA0000B7
:1059A0002435002099CA0000382600208D550000BB
:1059B000302600209D55000028260020AD5500000F
:1059C00020260020BD55000018260020CD550000DF
:1059D00010260020DD55000000000000000000003F
:1059E0001C5A020000000000F859020001000000EB
:1059F0000000000000F0490200000000C0CA893623
:105A0000801A0600000000001400FF7F1C20002008
:105A1000000000000000000000000000DC1F040186
:105A20000000000000000000000000000000000076
:105A3000F01F04013F003F0000000000205C020056
:105A40000000000004000200017015007F0000004B
:105A500018000200000000000000000028000700FD
:105A6000000000000801000000000000010000002C
:105A70000000000000000000A00700004800010036
:105A800000000000540002000000000000000000C0
:105A9000A000040000400000FF4C00000041000096
:105AA000FF4D00000020010004070000102001004D
:105AB00000000000182001000884000008300100E8
:105AC00013AC0001303002007055100003000000DC
:105AD0004030010000000000A0400100AA27000F94
:105AE000B840010000C08300F44001002010000015
:105AF0003441020080080000F687000040410200A7
:105B000083008800C1E6524D60410400000000009F
:105B100000000000060000000600000014600800FD
:105B200010000000000000040F40020000500000C0
:105B300000500A0000000003000000000000000008
:105B4000506006009009FF00410C000012000000A8
:105B500012001400B42B00000000000078600C005C
:105B60001F08E00800000000F2032A000000000007
:105B700000000000040A142232414A4F00000000D5
:105B80000000000000000000000000000000000015
:105B9000E46007008108A18B000000006404830713
:105BA0008813C83A9C20060000612000B756852063
:105BB00004610300D5E310002030000088BB000022
:105BC00020610100000000001470011000F80700BF
:105BD00014700130FE00000018700110FF0000007A
:105BE00018700130001300001C7005006000AA84CA
:105BF000000000008200000000000000D50000004E
:105C0000487002003E380000BC25000070700300A0
:105C1000030112001A30080080846D00FFFFFFFFAF
:105C2000100000006666660000000000785C02005C
:105C3000705C020000000000C0A39B0080DE8002B8
:105C400020A10700010100007055000600000000BF
:105C50000000000000000000000000000000000044
:105C600010A107000000000000000000000000007C
:105C700000000000000000001947030604100001A6
:105C80000103010600102700000A000000000000C8
:105C900000000000696E666F0000000072657365A9
:105CA00074000000636F756E746572007365745FD5
:105CB0006368616E6E656C006C65617665000000FE
:105CC0007365745F74785F6F7074696F6E730000D2
:105CD00073746172745F656E657267795F73636117
:105CE0006E0000007365745F6B657900756E736597
:105CF000745F6B6579000000666F726D00000000D4
:105D00007365745F74785F706F7765720000000070
:105D1000706A6F696E00000072656D6F76655F6313
:105D200068696C64000000006F74615F7461726781
:105D300065740000736C6176655F6C697374000054
:105D40006F74615F73746172740000005B5445533B
:105D5000545D205374617274204F544120746F203D
:105D60006465766963655F6964202847424C206DED
:105D7000757374206265207072652D6C6F61646547
:105D80006420696E20534C4F543029006465766955
:105D900063655F69642028312D34291F00000000ED
:105DA0005072696E74207265676973746572656498
:105DB00020736C617665206C6973740053656C6543
:105DC0006374204F54412074617267657420627956
:105DD000206465766963655F6964000052656D6F74
:105DE00076652061207370656369666963207365F9
:105DF0006E736F72206368696C642066726F6D20C9
:105E0000746865206C697374000000004D6F6465F0
:105E10001F53686F72742041646472657373206FDE
:105E20006620746865206368696C6420746F2072F2
:105E3000656D6F76652E204E6F74207573656420D6
:105E40006966206C6F6E672061646472657373208D
:105E5000697320676976656E1F4C6F6E67204164B9
:105E60006472657373206F66207468652063686967
:105E70006C6420746F2072656D6F76651F00000082
:105E80005065726D6974206A6F696E20666F72204A
:105E90006120676976656E2074696D652070657232
:105EA000696F642077697468206F7074696F6E61C0
:105EB0006C2073656C656374697665207061796CBC
:105EC0006F6164004475726174696F6E1F4F707406
:105ED000696F6E616C204A6F696E207061796C6FBA
:105EE00061641F00536574732074686520616E746B
:105EF000656E6E61206F757470757420706F776554
:105F0000722E20546865207365636F6E64206F7015
:105F100074696F6E616C20706172616D6574657219
:105F20002063616E206265207573656420746F2044
:105F3000736176652074686520545820706F7765AA
:105F4000722061732064656661756C7400000000E6
:105F5000545820706F7765722076616C7565206982
:105F60006E20302E312064426D2073746570731F73
:105F700031202D20545820706F7765722070657223
:105F800073697374656E7420287361766564206923
:105F90006E20746F6B656E292C2030202D20545894
:105FA00020706F77657220766F6C6174696C651F05
:105FB00000000000466F726D732061206E6574777B
:105FC0006F726B004368616E6E656C1F4F70746911
:105FD0006F6E616C2050414E2049441F000000004C
:105FE000556E7365742063757272656E7420736587
:105FF000637572697479206B65790000536574204C
:106000007365637572697479206B657900000000AF
:106010005365637572697479206B6579202873699B
:106020007A653A454D4245525F454E435259505468
:10603000494F4E5F4B45595F53495A45291F000050
:106040005363616E2074686520656E6572677920A0
:106050006C6576656C206F6E207468652067697664
:10606000656E206368616E6E656C00004368616EEA
:106070006E656C2049441F4E756D626572206F66B7
:106080002073616D706C65731F0000005365742090
:106090005478206F7074696F6E7300005365637578
:1060A00072697479283078303129204D414320417C
:1060B000636B283078303229204869676820507235
:1060C000696F2830783034291F000000466F7267EE
:1060D0006574207468652063757272656E74206ED5
:1060E0006574776F726B20616E642072657665727D
:1060F0007420746F20454D4245525F4E4F5F4E45B0
:1061000054574F524B00000053657420436F6E6E1E
:10611000656374206368616E6E656C004368616ED0
:106120006E656C2049441F005072696E74206F7553
:106130007420746865207061737365642073746182
:10614000636B20636F756E7465720000436F756ECC
:1061500074657220747970651F0000005265736564
:1061600074207468652068617264776172650000EC
:106170004D43552049442C204E6574776F726B2037
:1061800073746174652C204E6F64652049442C2023
:1061900050414E2049442C204368616E6E656C204E
:1061A00049442C206574632E00000000945C0200BA
:1061B00068630200000000009C5C0200586302005B
:1061C00000000000A45C0200486302000000000020
:1061D000AC5C02003863020000000000B85C020002
:1061E0002863020000000000C05C02001863020087
:1061F00000000000D05C0200086302000000000004
:10620000E45C0200F862020000000000EC5C0200A6
:10621000E862020000000000F85C0200D8620200A0
:1062200000000000005D0200C862020000000000E3
:10623000105D0200B862020000000000185D02005C
:10624000A862020000000000285D020098620200BF
:1062500000000000345D02008862020000000000BF
:10626000405D0200786202000000000000000000B3
:106270000000000000000000F7E501004C5D020096
:106280008C5D020000FF000009E60100A05D020035
:1062900064670200FF00000039260000BC5D0200B8
:1062A0008C5D020000FF000079210000DC5D02002F
:1062B0000C5E0200000117FF85200000805E0200D6
:1062C000C45E02000016FF00ED200000E45E020044
:1062D000505F02000410FF00D11F0000B45F0200F5
:1062E000C45F02000011FF00A1250000E05F020072
:1062F00064670200FF000000F1270000FC5F02005D
:106300001060020007FF000031250000406002001D
:106310006C6002000000FF00C12400008C600200DD
:106320009C60020000FF0000E9E50100CC60020073
:1063300064670200FF0000006124000008610200A1
:106340001C61020000FF0000CD2500002861020052
:106350004C61020000FF0000F1E501005C610200F9
:1063600064670200FF000000E92100007061020084
:1063700064670200FF000000434C4920696E73749B
:10638000616E6365206578616D706C65000000006A
:10639000050000000000000000C201000005000030
:1063A00000100000000000000000000000000C00D1
:1063B0001C0001404020002039600000AD6000005A
:1063C0007DE9010093E9010077E901004820002000
:1063D000396200006D620000A162000013EA010052
:1063E000D5620000050000000000000040420F00E0
:1063F0000501000000000000000000000000000097
:1064000013B779FAC925DDB7ADF3CFE0F1B614B80B
:106410000102000000000000FFFFFFFF0400000079
:10642000010000000000000000000000000000006B
:10643000000000000000000000000000000000005C
:10644000000000000000000000000000000000004C
:1064500007000003DDEA0100D5EA0100B1EA01000E
:1064600081EA01009D69000083EA01006D69000076
:106470002C0000000200000040787D0100000000B8
:10648000005A620200010000C0CF6A000200000052
:10649000809FD50002010000002D310102020000A2
:1064A00000000000080911080100000000000000C1
:1064B00004000000010000000800000001000000CE
:1064C00010000000010000000001000001000000B9
:1064D000000800001D000000000200001D00000078
:1064E000000400001D000000000001001D0000006D
:1064F0000003010303030200000800FC6C650200B6
:106500000100010718650200000800F82865020074
:10651000000000000000000083FFBFFFE2FFF1FF6A
:10652000F9FFFEFF00000000C800FCFEF800C50AED
:10653000571EFBFF7B0095047C02FFFF4A00B6025A
:1065400046DFFFFF2D00AD01412F00001C000701B9
:10655000854700001200A700974600000B00670067
:106560001A3C00000600220068230000C800FCFE60
:10657000FC00D80A066CFBFF8800370518E2FEFF16
:1065800053000403F5E3FFFF3200B9019D4300000F
:1065900029005701F85700001600D1005857000095
:1065A0000E007C00D04900000700280017290000D9
:1065B00000000F400000000000040F400100000038
:1065C00054686520617267756D656E74206973200B
:1065D0006E6F7420666F726D617474656420636F92
:1065E00072726563746C79004E6F20636F6D6D61BC
:1065F0006E6420666F756E64000000004D617869FE
:106600006D756D206E756D626572206F66206172AA
:1066100067756D656E747320657863656564656420
:1066200000000000496E636F7272656374206172CE
:1066300067756D656E74207479706500496E636F5F
:106640007272656374206E756D626572206F66206C
:10665000617267756D656E7473000000556E6B6EC8
:106660006F776E206572726F720000003E2000002E
:1066700025730000756E6B6E6F776E0075696E74B2
:106680003136000075696E7433320000696E7438FB
:1066900000000000696E743136000000696E7433CA
:1066A00032000000737472696E67000068657800DC
:1066B00075696E74386F70740000000075696E74CF
:1066C00031366F707400000075696E7433326F700C
:1066D00074000000696E74386F707400696E7431F4
:1066E000366F707400000000696E7433326F70741E
:1066F00000000000737472696E676F7074000000B0
:106700006865786F707400006164646974696F6EA5
:10671000616C000077696C64636172640000000062
:1067200067726F7570000000656E640075696E7445
:1067300038000000200000002A0000005B0000007C
:106740005D2000002E2E2E200000000068656C7079
:10675000000000000A25730A25732573000000005D
:1067600025732008000000002573200000010807A1
:106770000F000A00C8002000A00001000000000077
:10678000A00068010A200706020A040700000000B2
:1067900000020700010000000500000000000000EA
:1067A00002000003000000000C680200FC67020009
:1067B000F8670200EC670200E8670200DC6702008D
:1067C000D8670200D4670200CC670200FFFFFFFF1A
:1067D000FFFFFFFF000000000000000000000000BD
:1067E000000000000000000000000000FFFF0000AB
:1067F000FF00FF00FFFFFFFF00000000000000009F
:10680000000000000000000000000000FC03000089
:106810000101010101100101010000000210040C3E
:10682000020C040408000000000000000001000049
:106830000000000000000000000001010000000056
:1068400001000300040003009A000300030003009A
:1068500090000300100003000500030091000300F6
:1068600092000300216E766D335F64656661756C1E
:106870007448616E646C652D3E63616368652E6F5C
:10688000766572666C6F77002F686F6D652F6C6D23
:10689000682F53696D706C6963697479537475649A
:1068A000696F2F53444B732F6765636B6F5F73641E
:1068B0006B2F706C6174666F726D2F736572766981
:1068C00063652F746F6B656E5F6D616E6167657276
:1068D0002F7372632F736C5F746F6B656E5F6D6186
:1068E0006E616765722E630066616C7365000000FF
:1068F000736C5F746F6B656E5F7365745F646174F6
:1069000061000000736C5F746F6B656E5F67657428
:106910005F64617461000000736C5F746F6B656E1F
:106920005F696E69740000002F686F6D652F6C6D74
:10693000682F53696D706C696369747953747564F9
:10694000696F2F53444B732F6765636B6F5F73647D
:106950006B2F706C6174666F726D2F7365727669E0
:1069600063652F746F6B656E5F6D616E61676572D5
:106970002F7372632F736C5F746F6B656E5F6D61E5
:106980006E75666163747572696E672E63000000D0
:10699000FFFFFFFFFFFFFFFF34B600002F686F6DA2
:1069A000652F6C6D682F53696D706C6963697479BC
:1069B00053747564696F2F53444B732F6765636B12
:1069C0006F5F73646B2F70726F746F636F6C2F6681
:1069D0006C65782F6170702D6672616D65776F726E
:1069E0006B2D636F6D6D6F6E2F6170705F6672617E
:1069F0006D65776F726B5F636F6D6D6F6E2E630089
:106A000041535345525420696E2025733A25640D35
:106A10000A0000002F686F6D652F6C6D682F536939
:106A20006D706C696369747953747564696F2F5301
:106A3000444B732F6765636B6F5F73646B2F70726A
:106A40006F746F636F6C2F666C65782F6170702D3B
:106A50006672616D65776F726B2D636F6D6D6F6EB2
:106A60002F6170705F6672616D65776F726B5F73B7
:106A70006C6565702E6300002F686F6D652F6C6DFF
:106A8000682F53696D706C696369747953747564A8
:106A9000696F2F53444B732F6765636B6F5F73642C
:106AA0006B2F70726F746F636F6C2F666C65782FCD
:106AB0006F74612D756E69636173742D626F6F748D
:106AC0006C6F616465722F6F74612D756E6963619F
:106AD00073742D626F6F746C6F616465722D736572
:106AE000727665722F6F74612D756E696361737450
:106AF0002D626F6F746C6F616465722D7365727651
:106B000065722E6300000000A00F0000030000006B
:106B10000D0A5B4153534552543A25733A25645D3F
:106B20000D0A0000505341004B455900666E692B19
:106B300000000000666E69006E616E00666E692D71
:106B40000000000000000000000000000000F03F16
:106B50000000000000002440000000000000594038
:106B60000000000000408F40000000000088C3408B
:106B700000000000006AF8400000000080842E4100
:106B800000000000D01263410000000084D797414C
:106B90000000000065CDCD412E2E2F2E2E2F7374B8
:106BA00061636B2F6D61632F6672657175656E63CE
:106BB000792D686F7070696E672E6300415353457D
:106BC000525420696E2025733A25640D0A002E2E3A
:106BD0002F2E2E2F737461636B2F6E6574776F7217
:106BE0006B2F706172656E742D737570706F727437
:106BF0002E63002E2E2F2E2E2F737461636B2F6E3B
:106C00006574776F726B2F696E6469726563742D3A
:106C100071756575652E63002E2E2F2E2E2F7374C1
:106C200061636B2F6E6574776F726B2F6368696C2D
:106C3000642D7461626C652E63002E2E2F2E2E2F14
:106C4000737461636B2F6E6574776F726B2F636FF4
:106C50006F7264696E61746F722D737570706F728C
:106C6000742E63002E2E2F2E2E2F737461636B2FC4
:106C7000636F72652F737461636B2E630000000095
:106C8000E4490020711A0000084A0020992C0100F4
:106C9000404A0020BD37010088490020D11D010075
:106CA00090490020611D0100BC4900205D210100C8
:106CB000804900209D19010040490020C5EE0000D8
:106CC0004849002005E8000038490020F1F10000A3
:106CD0005049002011E40000000000000000000006
:106CE0002E2E2F2E2E2F737461636B2F6672616DA3
:106CF00065776F726B2F6576656E742D636F6E743A
:106D0000726F6C2E6300756E636C61696D656400F3
:106D10002E2E2F2E2E2F2E2E2F2E2E2F7574696C89
:106D20002F73696C69636F6E5F6C6162732F736937
:106D30006C6162735F636F72652F62756666657200
:106D40005F6D616E616765722F6275666665722D33
:106D50006D616E6167656D656E742E630074616947
:106D60006C20213D204E554C4C5F425546464552C5
:106D7000002E2E2F2E2E2F2E2E2F2E2E2F75746995
:106D80006C2F73696C69636F6E5F6C6162732F73D4
:106D9000696C6162735F636F72652F6275666665A9
:106DA000725F6D616E616765722F6275666665728E
:106DB0002D71756575652E63006E65787420213DB3
:106DC000207461696C00736C695F6C6567616379DD
:106DD0005F6275666665725F6D616E616765725F41
:106DE000636F70795F66726F6D5F67656E657269FC
:106DF000635F717565756500ED1D0000D5E40100E8
:106E0000D9E30000F9F000005DF8000071E3010033
:106E100081390100992401003704020000000000BC
:106E20002E2E2F2E2E2F737461636B2F6672616D61
:106E300065776F726B2F627974652D7574696C69F3
:106E4000746965732E63002E2E2F2E2E2F7374619E
:106E5000636B2F6E6574776F726B2F6E6574776FCF
:106E6000726B2E63002E2E2F2E2E2F737461636B88
:106E70002F6E6574776F726B2F6173736F636961C7
:106E800074696F6E2E630073696C6162732D636F3A
:106E90006E6E6563742E2E2F2E2E2F737461636BAE
:106EA0002F6D61632F6C6F7765722D6D61632D722D
:106EB00061696C2D3830322E31352E342E6300004E
:106EC0000000000064000000190000000000000045
:106ED000010000000A000000010000000000320074
:106EE0003200640064009600C800C8002C01000055
:106EF00032003200640064009600C800C8002C0113
:106F00006400C80090012003B00440066009100E20
:106F1000000032006400C800900158022003B00451
:106F200008070000190032006400C8002C0190011D
:106F30005802840300000D0019003200640096001E
:106F4000C8002C01C2010000FFFFFFFFFFFFFFFF91
:106F5000FFFFFFFFFFFFFFFF2E2E2F2E2E2F73743C
:106F600061636B2F6D61632F75707065722D6D613C
:106F7000632E63002E2E2F2E2E2F737461636B2FC2
:106F80006D61632F7363616E2E63002E2E2F2E2E84
:106F90002F737461636B2F73656375726974792FD6
:106FA00073656375726974792D6170692D616464AC
:106FB000726573732D6D617070696E672E63002E3C
:106FC0002E2F2E2E2F737461636B2F6672616D6589
:106FD000776F726B2F636F756E746572732E6300BB
:106FE000020203000000000091AA010049AA01006A
:106FF00055AA010029AB0100D12E0200152502007F
:1070000019250200252502001D2502002125020068
:10701000000000004801000060220020FFFFFFFF89
:10702000FFFFFFFFFFFFFFFFFFFFFFFF0000020862
:1070300000000000FFFFFFFFFFFFFFFFFFFFFFFF5C
:107040000000000000000000000000000000000040
:1070500000000000000000005241494C0000000008
:10706000A00000004D5E0100500000002D5F0100F7
:10707000A8230020FA04FA000033330A0A0A0304A2
:10708000040808080808084000210000000000006B
:1070900000000000000000010000010100010101EA
:1070A0000000000000000000A806000048704C0D21
:1070B0004470D80C307064123C70AE163870340DC9
:1070C00034705A0D30700A0F2C700A0F2870DC10C3
:1070D0002470F41020703E0D1C7080111870F21195
:1070E00014703A0DB110076001D80A7108B87F78A2
:1070F000020C7E78641000C6A01F00218CB8707846
:1071000001B007680F305CB30F330111C048069817
:107110004A022FB006D80C7109DD087100B853A8D7
:1071200009BB1110076801682148076004100112AB
:10713000FF322150076051480760008806984413C9
:1071400000C4401F002103DD087214BA281400A0F7
:1071500000BA03DF107109DF0672029860058CB86F
:10716000507800A04413281441158110076002D8FC
:107170001471108806982E1800C00C7008400698EC
:107180007C1A0091069860020060B83020D8067121
:1071900090BC637C784D5412F03240DE047240485B
:1071A00004DB08720DDD0C72044BEF3014480698B6
:1071B000FC0600C4E010084044120762013221407E
:1071C000084C287C811140D91C72B1123032CF4A50
:1071D000013AB1DA107208D8067104D80871B04CBF
:1071E000237C4070684C4412FF328722047580B8BB
:1071F000D84C81D8327140D90472237C084B069850
:10720000FC0604BA88B9767900C11860084035795F
:10721000E049007906B904A901D86E72227CBC4C01
:10722000307C0298320208D83C7100C14C00084002
:10723000141110D93071104C00C114000840141101
:107240001814076100C5206008405415FF3504710B
:1072500010491814A84C44120762013206710298B2
:107260001201B84C08D80C7107BA24D8047106BAB8
:10727000187004D80C7101BA40D80E7102BA0A70A5
:1072800005BA20D8047203BA227C604C4411404CE9
:1072900018140761181491113831114291110769BE
:1072A00010D90472EF3200C100600840141110318F
:1072B000016911422814A111076118140698621A75
:1072C000181400C10060084014110769FF31181438
:1072D00000C13C300840141118140761181430889C
:1072E00002480698C005009308DB047101F800A06D
:1072F0005CB00F3000A01088B111076980D90A7105
:1073000000C1800008400811009100A000C40001E5
:107310000840441000A000C020300E4004110410AA
:107320001050F47200A054155045127106980607CB
:107330000698960618B8707800B841780698400309
:1073400090BA5B7A5C7A5D7A00C2185008402412C9
:1073500000C1501F00212811069838182088008885
:1073600000C5441F002154155112FF350762FF323A
:1073700006986A0201595129047511590090212972
:107380002075069886040698A2040698FA020092D0
:1073900003D80C728111076102D90472FF0FBA7011
:1073A00018B8727800F804D842710088308800C09C
:1073B000FC1F0021041000C1501F00211412012ADB
:1073C000215A00C3185008403413312A1A7500C0DE
:1073D0000060084004100730FE200C76381108B811
:1073E0007F78020C7E780093009000A000C0F41F0C
:1073F0000021041000BB1DB400A000C1DC1F00214F
:1074000014111088FF3100C5FFFF00003112076220
:107410000762513A513B0E720698720C11590112D3
:1074200001131E703114008831100698720C115926
:10743000415C41280698740C513801130090012BCF
:1074400000902088076001140760FF30215D411221
:1074500007620762312D0876FF34415C4128015DE7
:1074600031100698740CFF303088011300C0E01F03
:1074700000210410512B0C76076801150768FF35B1
:107480006070315BFF32212B0C75076001150760BE
:10749000FF354E7000C5E41F0021541507650765D0
:1074A0005112FF35FF30012B087521100760327033
:1074B00021100768FF30012B0A7521100760076053
:1074C000207000C2E81F002124122110076007600D
:1074D000FF30012B08752110076806702110076026
:1074E000FF300093009200C10060084014142C4942
:1074F0000734FE242A761415F0BC076C513C07684B
:1075000003680154107100C4FF0FFFFF513C014498
:107510004811311200C5E81F00215415FF350762DC
:1075200007622143544914122155FF355152281145
:1075300000A001D81871008800C004700840041031
:107540008020FF30067106984E03009000A002D8FC
:10755000047200A00088069896061DB428B9112C64
:10756000408800C3EC1F0021341440445A71441376
:1075700006982005411500C000600840041007303F
:10758000FD20447500C20870084024100760FF30D9
:1075900080DC34710698AE0C01591C4A2410076037
:1075A0000260FF300698AE0C0158B2200129541336
:1075B00031100698AE0C11280A7504255415504553
:1075C000EE72069820050094009000A07FB9066135
:1075D00000C01C60084006984A1304155153113B23
:1075E0003155581002984413EBBD00C0401F0021D4
:1075F0000411113D10D91271FF33076B00C1904087
:107600000846381118B97479581000A0069860021D
:107610008024E4240D300472044800C11C51084049
:10762000141100C3DC1E0021911504351A721813C1
:1076300088BB08D804716C7B04D804716A7B8CBB4E
:107640002F7C5B7B16703C4B181388BB08D80471E9
:107650006F7B04D804716D7B217C0C30016006982F
:1076600082060698680B0698320700B8B1110769C0
:1076700040D906720298660601BC00C2006008404C
:1076800000DC0A7124150165604A0A701C4A241541
:1076900007657C4A043508D920712024512A241218
:1076A00000C180000840320C2811076228110762CF
:1076B000281107622811500C00C1381F0021141234
:1076C00000DC1A7120D8067101B80C70F0DA0C7267
:1076D0000CDB087102B806988A0648240449141184
:1076E00000C380000840FFB801201141087101412A
:1076F00018130824014200C1200008401411014160
:10770000036D514191152035016D51411813281316
:10771000481300C37C000840341003D80C710730B4
:1077200005DC0671084B227B8CB8507800B800C18C
:10773000381F0021141203682150F0300152281123
:1077400000A04024066400C0FFFF0100013C1DB002
:1077500002200158402806751EAC01EC00A02088CC
:1077600000C01850084004121DB4211304123052F6
:10777000F871066C402400C3741F002134101411EA
:107780000698C00C0669009211592129067600BBA3
:1077900011590698960C80B80158013A0662313B9F
:1077A0000472215A412A00A000C200010840317A27
:1077B00000A0308880B9076900C30000C0FF311005
:1077C000312800BC002D0C7511541EAC01EC312D7C
:1077D000F470066C51134155312C009300A000C089
:1077E00028400E400413315107610C3107691153D1
:1077F000381000A006984A0800C0F41F00210411A8
:1078000006983207217A237A00C3000010000698F8
:10781000720700C0581F00211DB1181000A000C041
:10782000541F00211DB1181000C09C1F002104101E
:10783000002D067500B826A80698060700C09C1FF4
:1078400000210410012C06750698960628B010B980
:10785000115911380EB9114028A880B800C1443020
:107860000840081100C1F01F00211410303B0671C0
:107870000760076000C40830084044111150FF3011
:10788000015118146FB8076826A8217A050C211039
:107890002048267800C063EF0000314026A8050C80
:1078A00020ECB11140D90872247A20EC217A1848D2
:1078B00026A828B00AB901510F31115028A8050C8B
:1078C000207A20EC0F0C98B84678417806986A0226
:1078D00000C2441F002124100151FF311150081231
:1078E00000A006984A0800B826A800C05C1F002126
:1078F0001DB1181000A030B840780DB101D9FC724C
:10790000427800C074300E4004114CBA407A18100E
:10791000144804115C7A1810A4BB707B4E7B4F7B1B
:1079200000C20430084000A006984A08217A227A52
:1079300000BB0698720700C0681F00211DB1181017
:10794000A4BB00C040300E4004110331014928722D
:10795000B112076207623048041121510F311872C9
:107960006E7B6F7B104804114CBA7C7A1810144857
:107970000411607A1810B11002D81071707B30B801
:10798000627860780DB001D8FC7100C0F8600840E2
:10799000041101D90C7100C01800084002B9181078
:1079A00008B86E780EB84EB110D90C723EA8140CFF
:1079B0000FB83EA8107044A8140C01B800C1B03034
:1079C0000E40081100C077801F003DB201423DAA61
:1079D00000C0FFFFFFFC013A3DAA140C00C077E095
:1079E0001F0001423DAAFFB845207D7808B87E7887
:1079F00000C124600840141107610631087100B904
:107A000006985A1006984A13B11101D90E710698BA
:107A1000881A02D906720698AE0B069844135114C0
:107A200006989606F4B845780A0C00C0641F002139
:107A30001DB1181002983410FFB845205D7803B8C6
:107A4000076044A83EA800C1B0300E40081110B82D
:107A500007683DB101393DA908B86F7800A046A874
:107A600000C0FFFF0000013B076356AB94BA437AA6
:107A700001D91471013C47B300C0FE20FFFF013B58
:107A8000314447AC637AFFB82120407802D90471B1
:107A9000607800A0C8BC066C415C512C0675069845
:107AA000960606986E0DB110076805D8347140BA75
:107AB00006981A1308B86578911004D8187188B818
:107AC0006E78577800C064000840217806988210CC
:107AD00001400A728CB84278069856130298400BFF
:107AE00008B86C7820B859785B7800C0F44008403A
:107AF0007878797800C1C81F0021141040A818496F
:107B000014130449408814140C4914118112076A93
:107B1000006A01DA187188B8577800C0CC1F0021BC
:107B20000410016107630763076407640698B209DC
:107B300000944EB010D842724DB161B8015811385E
:107B400040B102D90A72604804BB41540870204811
:107B500002BB02BC4DA8F8B87078190C3EB1414187
:107B60003EA9F4B973797378717800C4F84008407D
:107B700000C200410840227000C20000010044AA77
:107B8000230C00C200000B0044AA00C410410840AE
:107B900000C21841084004BB587C050C597C0C24D9
:107BA0000F0C2FAB050CB11008D81471647A657AEC
:107BB0001CB879787B7820B879787B78607CF4245D
:107BC00041130698FC065114404406750698960623
:107BD000727BFFB84D20050C687840EC00C0601F38
:107BE00000211DB11810911004D8147100C0BC1EE2
:107BF0000021041080D806711CB8737800F818B8FA
:107C000000C1D81E002100C21850084024122811BB
:107C1000767800F800C0B860084004110761076179
:107C200080D9047240EC00C4F84008404EB010D82F
:107C30000471182441130C23527C407B11512FA94D
:107C4000050C797C0A0C00C0000001020814787C45
:107C5000050C507C08B86D7800A000C02870084062
:107C60000411108800C10018004018104448041185
:107C7000108878480411108800884CBA757A18105A
:107C80003DB11088F4B8427844207278284873785F
:107C9000F8B873784FB200C4FFFF8080413A4FAA12
:107CA00001BC01644113076300C06C70084003B954
:107CB00018100110011001B9181001100110011065
:107CC000011068480411076101B80160003A0471AD
:107CD000044904D9047241520760003A047108490A
:107CE00008D9047231520460003B0E7200630064D4
:107CF000314241424FAAB2704FAAF8B853781820C7
:107D000053782848527800913DA9009000911810AE
:107D100000917848181000914448181000A011599B
:107D200010D906710760076008D90471076004D98B
:107D30000471036002D90471016001D9047100600B
:107D400000A000BA01D806710148112A006900603C
:107D500001D8F6720138F67200A08020FF30FF488B
:107D6000812000A000C21850084024121159212976
:107D7000127300210E7100C23050084024120121FC
:107D8000212900A006984A0888B8577800C57C1FAA
:107D900000215088044D88BC00C0C81E00218111FC
:107DA00001D91E71407C00950115044D50881C4D71
:107DB000FFBB076B315B04110698B80C3129F875CD
:107DC0000698761954150698881A01D908720698EB
:107DD0007C0806700698DE0888BB547B009500F886
:107DE00006988C090E700698680B06988C09069800
:107DF0006011069836089112211900C024600840CD
:107E00000A78097800F810B901BA06981013069894
:107E1000341000C57C1F002100F89112033288B98C
:107E200000C3BC1E0021341300C4A81008408CB845
:107E30004278707903DE067144786E707179A11012
:107E400020D806710298160F80DB507102D84C7250
:107E500005B830880763076302DB2A7100C3AC00F2
:107E600008403413066380DB0472804800C310208E
:107E700008403413315B04724048312831280260D5
:107E80000814076800930814A11010300248081461
:107E900000B808149110076008148CB86278A1101B
:107EA00000DC0676517900BA80DB587100C0000012
:107EB0000200003B4E7150884110344803DE0471CB
:107EC0009048041508200411F82058101C2021782F
:107ED0000698AE0E00C0A40008400E7810D91C71A0
:107EE00051451A7100C53400084407B8081500C58B
:107EF0003400084604B8081504702E7806987416E5
:107F00000095911120310269911004D80E7200C1C0
:107F10004C1F0021141101D90A71208806985A10AB
:107F2000009200C1180008400533054B1872184C28
:107F300003DE0471904C441400C3FF1F0000413B5A
:107F4000FF233811B849076A0698A20E0449087938
:107F5000097914102140081100A000C55400084000
:107F6000541551455071108800C13400084407B8B9
:107F7000081101B83088076B40DB247100C0370C52
:107F800000000811364800C5D01E0021541102D946
:107F90000E72104801D9087100C01104000000C120
:107FA00034000846081100C134000840141530356B
:107FB0000093009100A000BD0698440210B903DCB4
:107FC000047100B901BA0698101302D90671004075
:107FD0004E7201B107690F3106988210FFD82872DE
:107FE000811008D8187106DD0A710698440203DC76
:107FF0000C720698C810069856130C7006DD1071A6
:108000000698CE10487020B802A806DD10720698B7
:108010008C090698360801F840B802A800F800C09C
:10802000BC1E00210413076301DB227191100111B2
:10803000076911388CB910D8087144790298160F65
:1080400002DBFA72A11328DBF47203BD0698281034
:1080500006988C098CBA7F7A0698FC0600C5801FAA
:1080600000210698440200BA03DC3272044DA110CC
:1080700002D804710C4D00C01400084004100268BE
:1080800000C3701F002134111128FC2334110698FD
:10809000960C00C10C5108400698B2065415212DCB
:1080A00000C0F8600840041101D9227100C03C1FD3
:1080B00000210410033001DC147200C014000840D9
:1080C0000411FD21087602BA076A212D0698480797
:1080D0000298E8099110015503355150011900A08B
:1080E00000C1481F0021141001D8427101480760E7
:1080F000FE200E75811020D8087100C14C1F002190
:10810000141101D9287100C02460084004122151C3
:1081100007610F3107691152281000C00060084044
:1081200004119112215120311152211900A0811303
:1081300080DB067201B800A000C30C500840341068
:10814000063030727C4B34122C4B341007600760C1
:1081500040302072811080D8DC713410014A0762EF
:108160000360803021508C480A717F2355233410DE
:10817000013000A000BD0698281088B847784578DF
:10818000437800B8447800A006988C090698C81077
:1081900000C58C1F00215415069848070298E8096D
:1081A00000C374000840027B06984A1350BA069830
:1081B0001A1306988210FFD84A71911004D8487299
:1081C000811007601CD8407220D938721112FF321A
:1081D0002151347180218021111400C0E41E00213E
:1081E0000413FFBA3151113A215111538CB938108F
:1081F0007B7940440E7200B900C2C41E00211812DF
:10820000067008B860780698441300F800B900C2F8
:108210009C1008401812244A0AB9181288BA507AD9
:10822000517A577A8CB942795F7900A00698440256
:1082300007DC1072911000200A75069860110298F0
:10824000660D0698360801B9911004D8047100B97A
:1082500010BA0698101300BA00402A7100C0BC1E64
:1082600000210411076101D9127104D9E272811051
:10827000076001D8DA718CB8647800C11C510840DD
:108280000698B2060698601100C5901F002154158B
:10829000212D06987C0800C5941F002100F800BC21
:1082A000811108D9167280D9207201B910BA0698C6
:1082B000101300400E7101BC10700698C81006988B
:1082C000561320B802A800F80698601181110231F7
:1082D000127100B900C20C1008401812244A02B9E9
:1082E00018120698C81000C5981F0021541506984A
:1082F000001A0298E80904110121147188BA737AEE
:10830000042004122811042004110121F47200A099
:108310000698FC0601F8911010D8347106984003B5
:10832000069886040698A20400C51C510840541102
:108330000698B80C00C5D41E002154155129E275C9
:1083400018B875788CB8447801B802A800F8B11054
:10835000076810D82E7100C04810084000C3000004
:1083600008403114884C44113411076101D9FA7165
:10837000441228100762281007622810076228108C
:10838000E87000C1BC1E0021141080D82C7100C1FF
:108390005400084014111141207100C10000024036
:1083A0001038167100C03400084407B9181000C016
:1083B0003400084601B9181002987A020698600243
:1083C00011380472016A00BB00C1E41E00211411BF
:1083D00020390C72911210DA0672417B00A00698C7
:1083E0004A1300C2BC1E0021241220DA0472617BF1
:1083F00088BA527A00A088BA727A811204DAFC72C2
:1084000000A088B86B78577800C0640008402F78C7
:1084100000A006986E100763076390B9637900B9EE
:1084200002DB36713112076240DA2E7200C254004C
:10843000084024100140227202EC00C909B801D999
:10844000507200C2AC0008400E7A10D904722E7A25
:1084500006987416E031076102EC00CD114502EC7C
:1084600000CC01DB087100BB0298CA1703B84111A8
:108470000731FA211C760621911210DA087102DD0B
:1084800010721E7020B80698720C3038147208B83A
:108490000698820600C0240008402978207800F859
:1084A000046020D8067102982C1502EC00CA05B8A9
:1084B00023DA187104DBDA7120DAD67110DAD2729D
:1084C00090B8617800B801DA067202EC00C8911128
:1084D00010D9267100C1CC1E002114111150FF309B
:1084E0000C720661A110115002300A7180DB0A7211
:1084F0000AB89E708CB97C790768911111402111DE
:10850000C0311140011990B8411108D90471667841
:1085100020D904726578A11002D80672C0DA1E71E3
:1085200090B8273123DD087210DB1072607825DDEA
:108530000A7121DD087208DB0471627803B8411109
:1085400007310872A1152035AA7102DD3272A1111E
:1085500020D9A07102D92872CCDA9872411140D981
:10856000927206B802DB1071046500C11020084049
:108570001411112D112D054D5C720298BA132111A1
:108580004049C0D94E71A031411540350165514176
:108590000361076308DA1E7204DA38721049A11504
:1085A0000235067110DB0E7201340A7108DB24718A
:1085B00090B86778CC3211101A300ADC0872CCDE21
:1085C0000471FD3100C00D0F0C0D0698740C01D81C
:1085D000607207B80298E41300BA411108D90C710F
:1085E00002EC00CA05B830DAEC720734F0310261EF
:1085F00001DA0471014900C0F300A3E30698740C8A
:1086000001D8D07100C0981440680698740C4030AE
:10861000014440DA0471204C04320162204A1110F6
:1086200006300068014218310269114202980214B2
:10863000204A00C0051708500698740C11300142FA
:108640002088FFBB0DDA507100C1DE1B250180BC04
:1086500004DA107208DA0A7200C120841000E024E3
:10866000A02407634143016401DA06711E49024BED
:1086700000C02C1F002107633810BC2002DA1271E1
:1086800001B91159A11380DB087100C100FCFF0181
:1086900018100298561700C4BC1E0021441080D840
:1086A0007C710092D0DA06710DDA0C7190BD437DB9
:1086B000EFBD06983E0503620DDA8672A11105D959
:1086C0005C7100C23810084024120C24281401D90F
:1086D000067202D9327140D91E7102EC00CA211013
:1086E00018320471FA2220D804720822FE2208757A
:1086F00002EC00C8F87001D90E7102EC00C802D972
:10870000067204DC187200C0BC1E0021041002684E
:1087100001D8067190B8647818B873780298CA17AF
:1087200000C50020084000C00417000008D90472EA
:108730000A480815104D00B808D90472FF20081522
:10874000084D00C00884000008D9087200C02083CA
:10875000B8ED0815104D207D00A000B8011A00C02A
:1087600074000840027891101030011905BA06987B
:108770001A1302D9067101B802A800C0BC1E00215C
:10878000041380DB0671029866138CBA7C7A01DBD5
:108790006C7100C2301F002124111114FF3402EC4F
:1087A00000C8FF24FA7607610698820C036111382D
:1087B0000F3003611114011141100698820C01D889
:1087C000087203B80298E413044A02DB24712410EF
:1087D000112811280412023006710762076200C0D6
:1087E000FFFF0000213800C218000840FF200812D7
:1087F000411007600698820C01D87C7120BC1033B0
:10880000767100BB00C12C1F00211415C021112C52
:108810005112076A0F320E71408851140698FA17E8
:108820004143009451120765036A0F320E714111E2
:1088300051140698FA17036C41430765513B00C178
:10884000E81E00211411111231100F30127100BAFC
:10885000046101D80471114200600FD8F472311024
:1088600002601E30047201B8003A087204B802981F
:10887000E4130298EA1500C0381F002104110F31DB
:1088800003DD1A7200C000600840041007D80E72A1
:1088900000C01040084004B9181000F806986E1087
:1088A00006983C0500F830885088FF34087102ECC7
:1088B000FF24F87002EC00CD141001BB5150FFD81A
:1088C000047131440760006B10DBF2710421FF2258
:1088D000E4720F4C0095009300A000C1C01E00215F
:1088E000141100A030880698381A8111076102D946
:1088F00006720298141988BB557B076120D906714E
:10890000029804190088A110076806982E180821FB
:108910001415FC2590BB5C7B5D7B00C100600840AA
:1089200014110731FE21307608D82A725113FC2326
:10893000341304DB2071076BFF33315B00C1087017
:1089400008401411076180490C71FF3130295475BA
:1089500090BB7B7B10707B7B7C7B00DD04717D7B1F
:1089600001BB3815EC25541300DF5471042505DFD5
:1089700054715415211120880698B80C0092512981
:108980003E7500C100600840141102DB0C71073114
:10899000315B31292A760C7004DF0872006180D9BE
:1089A0001E7206982E1800C00870084006987C1A9F
:1089B00006982E181411FFD9607202985A19009067
:1089C000009300A05415A111076910D9A6720825BB
:1089D00008D8A071082510D89A712088211106980E
:1089E000B80CFC255412112AF82554110C2520D856
:1089F0000871F025541110252029047621591815E5
:108A000000920298C61818B97179811010D80A71AD
:108A100088B8447800B8417888B9747908B967791A
:108A200000F88110A0D8087188B9497900A00760C2
:108A300002D8FA7106982E18108806984A13076211
:108A4000076210DA087108211415F025541100C2CC
:108A50000020FEFF202912750698881A01D90A7293
:108A600006988C090698360800941CBB41100C200F
:108A700006984A1241110821141006984A1231280A
:108A8000441111120761FF31FF320122105210729E
:108A90000769181404244413042438140C7007695B
:108AA00021411814082408140298441340441471F6
:108AB00000C1C41E002114155113036B0FDB0C728F
:108AC000066D06980607411500A006983608069818
:108AD0004A1308BB51140698C0194415FC255415B7
:108AE0000298480788B900C3BC1E002134130763ED
:108AF00008DB1A718113A0DB06714979107069795E
:108B0000076302DB087208B9677900F800A08111D9
:108B1000076102D9107188B9757906982E18141159
:108B2000FF3100A0FFB900A0041008211411F421A6
:108B3000081100A081110761076110310E710698BC
:108B40002E1808211411F821141100A001020300AD
:108B50000600070A00000E0000000F001A000000C7
:108B600000001B00688B0200248C02000000000043
:108B7000808B0200010000000000000000000000E7
:108B8000A48B02004063598F404B4C000B000B003C
:108B90001A00FF7F242100200000000000000000D8
:108BA00000000000F81F0101C88D0200DC1F040155
:108BB0000200620609C805780704DC067807060784
:108BC000F41F010101000000FC1F01010000000072
:108BD0003800020000000000000000002C600200CD
:108BE0000050010F40B80040786001005063820BD4
:108BF000E8600100590B00001470011000F8070034
:108C000014700130F5000000187001000018000019
:108C100070700300030101000F9C030006E049008F
:108C2000FFFFFFFFF01F01013F00370004000200BB
:108C3000018014007F000000180002000000000006
:108C400000000000280004000000000000000000F8
:108C5000000000000000000040000100A00700002C
:108C60004800010000000000540002000000000065
:108C700000000000A000040000400000FF4C0000C5
:108C800000410000FF4D000000200100040700002B
:108C900010200100000000001820010008840000DE
:108CA0000830010013AC00013030020024491000EC
:108CB000010000004030010000000000A040010061
:108CC0007A27000FB840010000C0A300F440010063
:108CD000201000003441020080080000E6870000F8
:108CE000404102006D008800C0E6524D6041040022
:108CF0000000000000000000060000000600000068
:108D0000146006001000000020F913040B0072002C
:108D1000607000000080000000000003506006004A
:108D2000FC0069004108000001000000B0070700D6
:108D3000700A0000000000007C600B009BC34A74B6
:108D4000F003000003800000BE0A000001011030A3
:108D500050707F7F00000000000000000000000055
:108D60000000000000000000E46001008000D78BDC
:108D7000EC600500640483078813C83A9C20060051
:108D800000612000B756852004610300383E1200C0
:108D90002030000088BB000020610100001E0000A0
:108DA0001C70050060000505030050AB8200000048
:108DB00000008001D5000000487002003C3D00002A
:108DC000BC190000FFFFFFFF0D000000D754030097
:108DD000000000001C8E0200148E02000000000043
:108DE000001A9A00005A620280841E0004200000CB
:108DF0002449000200000000000000000000000004
:108E00000000000000000000D1841E0000000000EF
:108E100000000000ED17000000000000193F0106EF
:108E200004100100000101060010270000090000E5
:108E30000000000000002C2066756E6374696F6E80
:108E40003A2000617373657274696F6E2022257316
:108E500022206661696C65643A2066696C6520222F
:108E60002573222C206C696E65202564257325737B
:108E70000A00002020202020202020202828282828
:108E800028202020202020202020202020202020DA
:108E9000202020881010101010101010101010102A
:108EA000101010040404040404040404041010103A
:108EB00010101010414141414141010101010101E6
:108EC0000101010101010101010101010101101074
:108ED00010101010424242424242020202020202BA
:108EE0000202020202020202020202020202101046
:108EF0001010200000000000000000000000000032
:108F00000000000000000000000000000000000061
:108F10000000000000000000000000000000000051
:108F20000000000000000000000000000000000041
:108F30000000000000000000000000000000000031
:108F40000000000000000000000000000000000021
:108F50000000000000000000000000000000000011
:108F60000000000000000000000000000000000001
:108F7000000000232D302B2000686C4C00656667D4
:108F8000454647003031323334353637383941427F
:108F90004344454600303132333435363738396151
:108FA0006263646566002E2E2F2E2E2F737461630C
:108FB0006B2F73656375726974792F73656375724E
:108FC0006974792D636F6D6D6F6E2E630000000004
:088FD000608FFD7F010000002D
:0C8FD800E48F0200002000207F00000059
:108FE400AAAAAAAAAAAAAAAAAAAAAAAAAAAAAAAADD
:108FF40000100000E059020000000000FFFFFFFF26
:10900400000000000000000000000000AC6102004D
:10901400582600208829002002000000155700006F
:10902400000000000506020005040100C0EA210159
:10903400C0EA21010080000000F0490270500020C5
:109044006420002000700F0000900000382D0020E4
:10905400C8000000FE00000000000000546402008C
:1090640000220020C0EA21010600E40C0A000000EE
:109074000000E40C0A0000003F000000A702020008
:109084003C000000401F0000D03500203035002097
:109094001036002090360020100E0000D03700203B
:1090A400E3340200066D0200FFFFFFFFFFFF03FF32
:1090B400050E000000000000004A0020000000002F
:1090C40000080808080C0C0C180000009B2502007E
:1090D40010700200FFFFFFFF5D2A0200592A020000
:1090E400FFFFFFFFD17E0100FFFFFFFFFFFFFFFF38
:1090F400FFFFFFFFFFFFFFFF619A0100FFFFFFFF7C
:10910400092E0200FFFFFFFF0000000030210020B5
:1091140000000000FC4D0020644E0020CC4E0020D6
:10912400000000000000000000000000000000003B
:10913400000000000000000000000000000000002B
:10914400000000000000000000000000000000001B
:10915400000000000000000000000000000000000B
:1091640003000000FC4D0020FFFFFFFFFFFFFFFF97
:109174005802010064003C000F0014009001090033
:10918400CEFAEFBEFFFFFFFF0100FEFFFFFFFFFF70
:109194000100FFFFFFFF0E000000000004F8FFFFC6
:1091A400AAFF031F040101010410100803BF19FFE3
:1091B400010301FF0EFE01FF0500000030BF422342
:1091C400013BFDD1024B5B6813F0805FFAD170471D
:0C91D40000300E400D1F0000E51E0000E2
:0400000300005ACDD2
:00000001FF
