S0160000637562657361745F52585F495753422E7333375A
S21400000000200020555100002FDD01002FDD0100EB
S21400001029F401002FDD01002FDD01002FDD010096
S2140000202FDD01002FDD01002FDD01002FDD010097
S2140000302FDD0100EC4C02002FDD01002FDD01005A
S2140000402FDD0100AD94010029BD00002FDD010069
S214000050DD8C01009723020093230200CD9401005B
S2140000608B2302006D5E0000D55F00002FDD0100CF
S214000070254E0000154E00002FDD01002FDD01008B
S2140000802FDD01002FDD0100F55F00002FDD0100F0
S2140000902FDD01002FDD01002FDD01002FDD010027
S2140000A02FDD01002FDD01002FDD01002FDD010017
S2140000B0019501008F23020015B200003D95010056
S2140000C02FDD0100517801002FDD01002FDD01003A
S2140000D02FDD01002FDD01002FDD01002FDD0100E7
S2140000E02FDD01002FDD01002FDD01002FDD0100D7
S2140000F02FDD01002FDD01002FDD01002FDD0100C7
S2140001002FDD01002FDD01002FDD010000000000C3
S214000110013800D0FCE77047000000000000000037
S21400012001F0FF01102A2BDB10F0070F08D010F8A3
S214000130013B013A8B422DD010F0070F42B3F6D1A7
S214000140F0B441EA012141EA014122F007047FF0C0
S21400015000070023F0E80256083C85EA010586EA17
S214000160010685FA47F5A3FA87F586FA47F6A5FA53
S21400017087F68EB9EED1F0BC01F0FF0102F007025F
S21400018032B110F8013B013A83EA010313B1F8D10A
S2140001900020704701387047002D06BF35460338EB
S2140001A0073815F0010F07D1013015F4807F02BF24
S2140001B0013015F4C03F0130F0BC0138704700BF75
S2140001C02DE9F04F2DED028B91B082460C469346FA
S2140001D01D46DDE91C23104619461BF0C1FD00280C
S2140001E000F007814FF0FF32B14BDDE91C011BF038
S2140001F0DFFD002840F0FD804FF0FF326FF48013E3
S214000200DDE91C011BF0B6FD002840F0F28000225C
S2140002100023DDE91C011BF0ADFD002840F0FE8048
S2140002209DED1C7B8DED067B209B13F480630F9366
S21400023001D106231E93DDE906010246C1F30A50EA
S214000240C1F31303904643F07F5949F44019A0F2D6
S214000250FF301BF0B3FA84A3D3E900231BF018FB8E
S21400026083A3D3E900231BF05DF906460F46002260
S214000270904B404649461BF053F97FA3D3E9002331
S2140002801BF006FB02460B46304639461BF04AF981
S2140002901BF098FD06461BF091FA8046894678A327
S2140002A0D3E900231BF0F4FA0022834B1BF03AF943
S2140002B01BF088FD074674A3D3E900234046494651
S2140002C01BF0E6FA8046894638461BF077FA70A39C
S2140002D0D3E900231BF0DCFA02460B4640464946AB
S2140002E01BF01EF98046894602460B461BF0D0FAE4
S2140002F0CDE90A0107F2FF3700210022CDE90812F6
S2140003003B0509930023089342464B464046494620
S2140003101BF008F9CDE90C0142464B4600204FF091
S21400032080411BF0FDF8804689460022634BDDE9DC
S2140003300A011BF0D7FB0022614B1BF0F3F80246C4
S2140003400B46DDE90A011BF0CDFB00225D4B1BF0DE
S214000350E9F802460B46DDE90A011BF0C3FB02463C
S2140003600B46404649461BF0DDF802460B46DDE9E3
S2140003700C011BF0B7FB0022534B1BF0D3F8DDE952
S21400038008231BF085FA8046894649EC188BDDE980
S21400039006231BF00DFD40B1013E0022484B4046AF
S2140003A049461BF09FFB41EC180B06F16303C62B76
S2140003B03FD80427209B13F4006F44D036A3D3E91C
S2140003C00023DDE90689404649461BF0E7FC002885
S2140003D03FD033A3D3E90023404649461BF0CAFC6E
S2140003E0002836D01E9BB34225DD9E1B731E1E932F
S2140003F023E0209B04931F9B03931E9B02939DED7B
S2140004001C7B8DED007B2B465A462146504600F05D
S214000410CFF811B0BDEC028BBDE8F08F9FED227BCC
S2140004208DED067B1C9B06931D9B03F100430793F3
S214000430FAE60527BEE700231E93209B43F480635D
S214000440209300273E461F9B9F423FD2A3EB070800
S2140004503EE01E9B002BF6D00F9B002BF3D01E9B7E
S214000460013B1E93EFE700BFFB799F501344D33F39
S214000470B3C8608B288AC63F61436F63A787D23FA5
S21400048071A379094F930A401655B5BBB16B02406C
S214000490EF39FAFE422EE63F2D431CEBE2361A3FBA
S2140004A00000000080842E410000000000000000D4
S2140004B0FFFFEF7F0000F83F0000E03F00002C4009
S2140004C000002440000018400000F03F4FF00008F5
S2140004D0209B13F0020902D00FB14FF000083EB186
S2140004E053EC182BDDE906011BF0FCFACDE90601FA
S2140004F000220023DDE91C011BF03CFC00283DD156
S214000500209B23F400630493CDF80C801E9B02937B
S2140005109DED067B8DED007B2B465A4621465046C8
S21400052000F046F8002F3FF474AF209B13F0200F26
S2140005302CD04FF0450C00F101082B460246214610
S2140005406046D04786EAE672A2EBE672052305937C
S214000550013F0497002303930A230293F30F0193AA
S21400056000922B4642462146504620F0DBF8B9F171
S214000570000F3FF44EAF02461F9F10E0DDE9060174
S214000580024601F10043CDE90623B9E74FF0650CBA
S214000590D1E7561C2B4621462020D0473246A2EBF8
S2140005A00B03BB42F5D3104633E700BF0000000044
S2140005B02DE9F04F2DED028B95B007900A919246EB
S2140005C09B46DDE92089229D42464B4640464946E9
S2140005D01BF0C6FB002840D04FF0FF326FF48013AC
S2140005E0404649461BF0C6FB002845D14FF0FF3277
S2140005F09F4B404649461BF0DBFB00284BD198A397
S214000600D3E90023404649461BF0D2FB00285AD1C6
S21400061095A3D3E90023404649461BF0ABFB0028D0
S21400062051D100220023404649461BF0A3FB002878
S21400063057D100230B93249B13F4806F5CD00024C7
S2140006401F2C5BD8092D59D904F150036B44302276
S21400065003F8202C013D0134F2E7249B0393239BEF
S214000660029303230193834B00935B4652460A99F9
S21400067007981FF07DFF2CE1249B0393239B029396
S214000680042301937C4B00935B4652460A990798D5
S2140006901FF06EFF1DE1249B13F004030FD0774A72
S2140006A07BB104232499039123990291019300922C
S2140006B05B4652460A9907981FF05AFF09E1704AAE
S2140006C0EEE70323EEE7249B0493239B0393029514
S2140006D0CDE900895B4652460A990798FFF770FDF8
S2140006E0F7E042464B46002000211AF019FF8046EC
S2140006F0894601230B939EE70625A0E74046494618
S2140007001BF060FB06461BF059F802460B464046B7
S21400071049461AF005FF5B4B03EBC50393ED008BD0
S21400072053EC182B1BF0B4F802460B46CDE9082311
S2140007301BF070FB07461BF031F802460B46DDE95E
S21400074008011AF0EDFE02460B46CDE9082300220A
S2140007504D4B1BF02DFB50B3013738461BF01EF8EF
S21400076002460B4651EC180B1BF00EFB08B1013687
S214000770002755BB30461BF021F802460B46404684
S21400078049461AF0CDFE0746884600223E4B1BF02F
S214000790F1FA38B100223C4B384641461BF008FBC4
S2140007A0002842D016F0010F3FD001363DE000226F
S2140007B0354BDDE908011BF0DDFA0028D9D117B169
S2140007C017F0010FD5D00137D3E71F2C17D8013DFE
S2140007D02E4BA3FB0723DB08194603EB8303A7EB8B
S2140007E04303621C303304F150000DEB000404F8A0
S2140007F0203C092F02D90F461446E6E714461F2C64
S2140008000AD86B1E45B104F150026A44302102F842
S214000810201C1D460134F2E71F2C06D804F15003B5
S2140008206B442E2203F8202C01341F2C33D8184A90
S21400083082FB0632F317C3EBA2031A4603EB8303CD
S214000840A6EB4303611C303304F150000DEB0004AB
S21400085004F8203C1646EAB10C46E6E7AFF3008003
S2140008600000000065CDCD410000000065CDCDC183
S214000870FFFFEF7F205402002454020014540200AD
S2140008801C540200305402000000E03FCDCCCCCC1B
S214000890676666660C46249B03F00303012B1DD097
S2140008A01F2C09D80B9B002B35D004F150036B444A
S2140008B02D2203F8202C0134249B0393239B0293C0
S2140008C001940CAB00935B4652460A9907981FF0BA
S2140008D04FFE15B0BDEC028BBDE8F08F239BB3B185
S2140008E00B9B1BB9249B13F00C0F12D0239B013BD0
S2140008F02393194606E004F150036B44302203F8B4
S214000900202C01348C42CBD21F2CF4D9C8E7239973
S214000910F8E72399F6E7249B13F0040F07D004F1B9
S21400092050036B442B2203F8202C0134C4E7249B8D
S21400093013F0080FC0D004F150036B44202203F8D4
S214000940202C0134B8E700BF7FB54E6802A90446E4
S21400095021F0F3F99DF808300E2B19D1134BB3F99B
S2140009600050134B9E4218D807F000FC0346006860
S21400097000909B88ADF804306946204621F0CAF9FD
S21400098070B10C490C4840F21C620CF0F7F9FEE717
S214000990204614F041FA0546E3E707F0E3FBE5E7F7
S2140009A02946204621F0CBF904B070BDB24F002096
S2140009B0FFC99A3B7D570200A454020038B504468E
S2140009C00D461DF0CBFA064A13889BB22DB1234381
S2140009D01380BDE838401DF0C7BA23EA0403F7E7E2
S2140009E01C4C0020034B002201214FF480709A70AB
S2140009F0E4E700BF1C4C00207FB50023134C039394
S214000A00CDE90133FF238DF804301DF0A7FA2288C4
S214000A1063880F4E9A4205460DD061887068218023
S214000A2001AA13F0E7FF58B10A490B4840F2976253
S214000A300CF0A4F9FEE7706821F02EF80128ECD03F
S214000A4028461DF091FA04B070BD00BFE0200020DB
S214000A501C4C00207D570200A454020038B50F4CF1
S214000A60A56835B90E490F4840F27C720CF086F93D
S214000A70FEE71FF02CFF28440FF0F2FD00F0070001
S214000A80032809D1A4680921204620F03CF8205C00
S214000A90031F5842584138BD0020FCE71C4C00207C
S214000AA07D570200A454020010B5114CA378042B05
S214000AB006D01049104840F244520CF05FF9FEE7A9
S214000AC023881B0706D40B490B4840F245520CF00E
S214000AD055F9FEE700210820FFF770FF074B606816
S214000AE002221A7113F054FFBDE810401EF0B9BE82
S214000AF01C4C00207D570200A4540200E020002079
S214000B0010B5084C606813F043FF606820F0C4FF1F
S214000B10012806D0012260681146BDE8104020F08A
S214000B20BDBF10BD1C4C002038B5194DAB7833B195
S214000B30184919484FF4DC620CF020F9FEE71DF066
S214000B400DFA298811F00601044609D001214FF458
S214000B508070FFF733FF2046BDE838401DF004BA2A
S214000B604FF48070FFF72AFF11F0E8FA012805D04D
S214000B7010F0FD0F05D1FFF73FFFECE7FFF7C0FFD2
S214000B80E9E70449044840F2F6620CF0F7F8FEE79D
S214000B901C4C00207D570200A454020070B5074D7F
S214000BA095F90C600446FFF7BFFF11F0C7F9AA6875
S214000BB031462046BDE8704010F0FEBF1C4C0020B9
S214000BC008B50A4B1B88DB0606D40949094840F2DB
S214000BD069520CF0D3F8FEE700211020FFF7EEFE76
S214000BE011F028FBBDE808401EF03BBE1C4C002060
S214000BF07D570200A45402000D4B1B889B0710B5BE
S214000C00044613D500210220FFF7D8FE094B5A7977
S214000C10FF2A06D00849094840F29A420CF0AEF87E
S214000C20FEE75C71BDE810401EF01BBE10BD00BFA5
S214000C301C4C0020E02000207D570200A454020037
S214000C407047704710B50E4CA37833B10D490E4867
S214000C5040F2C5120CF092F8FEE7A06019B1A17C34
S214000C60003918BF01212020FFF7A8FE074B0848CF
S214000C709B7923770223A370BDE810400EF05ABB81
S214000C801C4C00207D570200A4540200E0200020E7
S214000C903C4C002008B50FF04FF980F00100C0B2C0
S214000CA008BD0A4B9A780AB1062A0CD11B8803F4B1
S214000CB08B7343B9064B5A79FF2A04D11879FF384B
S214000CC018BF012070470120704700BF1C4C002051
S214000CD0E020002008B50FF01FF90028FBD108BD62
S214000CE00C4B42881A8242789A740278DA748288A8
S214000CF09A82C288DA82C2689A61074A017A91713A
S214000D00028A198D914204D001214FF400701A8591
S214000D1054E670471C4C0020E0200020094B1A8A3D
S214000D2042809A7C4270DA7C02709A8A8280DA8AE2
S214000D30C2809A69C260044A1B8D9279027203824D
S214000D40704700BF1C4C0020E02000204B1E012BEB
S214000D5070B50C4606D91B491B484FF42A720CF096
S214000D600DF8FEE7194D0A460146686821F00EF9AF
S214000D7030B11449144840F2AA220BF0FFFFFEE7F8
S214000D806E680EF04BFA22460146304621F0F8F81F
S214000D9030B10C490C4840F2AE220BF0EFFFFEE7F4
S214000DA06D680EF047FA22460146284621F0F4F810
S214000DB030B10449044840F2B2220BF0DFFFFEE7F0
S214000DC070BD00BF7D570200A45402001C4C0020DA
S214000DD0054BDB791B0913F00E0003D0052B8CBFE7
S214000DE000200120704700BFE0200020044BDB7984
S214000DF01B0913F00E0F0CBF01200020704700BF28
S214000E00E02000202DE9F04F16469A0591B0814665
S214000E101F4603D501218020FFF7D0FDF3014FF0D8
S214000E20000852D59A4C23889D074ED5994D6B796C
S214000E30FF2B06D09849994840F266420BF09EFF79
S214000E40FEE7A36833B99449944840F267420BF032
S214000E5095FFFEE741460220FFF7B0FDA37885F830
S214000E600580042B03D101210820FFF7A7FD8C4A3B
S214000E706068002120F082FF30B18749874840F241
S214000E8071420BF07BFFFEE7FFF7A2FFA8B9D4F88C
S214000E9004801FF01CFD0546A0681FF023FD2918DE
S214000EA07F4A89B2404620F07AFF30B17A497B48C3
S214000EB040F277420BF062FFFEE7A378032B02D1E5
S214000EC0606813F065FD1EF0CCFCB80702D5012063
S214000ED0FFF792FE16F0A84F02D00220FFF78CFE16
S214000EE0B10220D50021402005ACFFF767FD214662
S214000EF0484621F077F8B0B99DF81C30022B0AAAB4
S214000F0022D18DF83030BDF81430ADF828301046B8
S214000F1011F01CF838B1484621F062F818B90121E2
S214000F204020FFF74BFD320752D5594D05AA686899
S214000F30032120F0E7FF804688B95749574840F21A
S214000F40B3420BF01BFFFEE7032B05BFD4E90001FD
S214000F508DF830308DF83000C2E90001D7E79DF8F3
S214000F6014306868072B40F022810AAA414620F018
S214000F70CDFF824630B14849484840F2B6420BF0B1
S214000F80FDFEFEE7FFF724FFBDF8161090B9FFF749
S214000F902DFF68B10431686889B20AAA20F0B8FF4C
S214000FA040B13D493D4840F2C7420BF0E7FEFEE740
S214000FB00231F0E7BDF816000730012180B20EF0CE
S214000FC005FF039000284AD101210C2011F0FCFEF9
S214000FD0B10705D52E4B1B881A0701D5FFF764FD10
S214000FE0B3010AD500210420FFF7E8FC284B9A78C5
S214000FF0012A02D1586813F0CBFC16F0284F03D014
S21400100000210420FFF7DAFC7E060CD5204C23884E
S2140010101D0701D5FFF748FD2388580703D5002193
S2140010200420FFF7CBFCF90540F1CF80484620F0BE
S21400103031FD022802D0032840F0C080144C2388DB
S2140010405A0703D500210420FFF7B8FC23889B0726
S21400105040F1BB80012011B0BDE8F04FCCE50EF0AA
S2140010608BFD4FF0000BCDF800B0BDF816300246F1
S21400107004464146686820F074FFBDF81630834287
S21400108010D0054905484FF49B620BF077FEFEE74B
S2140010901C4C0020E02000207D570200A4540200D3
S2140010A0484C00201FF013FC20440FF0D9FA00F043
S2140010B00700022823D1AB78042B89D11FF007FC48
S2140010C0434B20441B7882789A4281D159460820A7
S2140010D0FFF774FC1FF0FBFB20440FF0C1FA3D4BFA
S2140010E0C0F3001018719DF836302B73FFF7B6FC6E
S2140010F000287FF46DAF686813F04AFC68E71FF0BD
S214001100E6FB20440FF0ACFA830649D51FF0DFFB60
S21400111020440FF0A5FA00F00700032828D001218C
S2140011200420FFF74BFC20F026FF2863BDF816309E
S2140011309DF83620E254BDF816309DF8372023443B
S21400114001209A71BDF816100A9A013121440FF059
S21400115095FABDF8163003981C4484F805A00EF0E6
S214001160C9FE1D4B18780EF0EBF91EF07AFB2FE740
S214001170092120461FF0C7FC205C04284FF001011F
S214001180CED1FFF71BFC20F0F6FE28632B8858060E
S214001190CCD559464020FFF711FC4FF0010AC5E7B1
S2140011A0AB78012BC2D1686813F0F2FBBEE720F0E3
S2140011B09FFE6868414620F0C2FE09E707490848D6
S2140011C040F2B5520BF0DAFDFEE711B0BDE8F08F45
S2140011D0894C0020E02000208C4B00207D57020028
S2140011E0A454020008B50246FFF7F2FD30B1072A04
S2140011F006D8044B002083F8342008BD7020FCE796
S2140012000220FAE71C4C002008B50246FFF7E0FD76
S21400121028B1044B93F834301370002008BD7020BA
S214001220FCE700BF1C4C002008B5074B0146002217
S214001230586820F0ABFE30B1044905484FF43772C9
S2140012400BF09CFDFEE708BD1C4C00207D570200FD
S214001250A454020008B5074B01460022586820F047
S2140012608FFE30B10449054840F2E2220BF086FDBD
S214001270FEE708BD1C4C00207D570200A454020067
S21400128008B5074B0146586820F08CFE30B105497A
S21400129005484FF43A720BF071FDFEE708BD00BF3B
S2140012A01C4C00207D570200A454020008B5064BD3
S2140012B09B7833B10549064840F2F2220BF05EFDFA
S2140012C0FEE7BDE808402FE41C4C00207D570200D6
S2140012D0A454020008B5044B0146586820F02FFDC0
S2140012E0002818BF8B2008BD1C4C0020014B5868F6
S2140012F013F092BD1C4C0020014B5888704700BF6D
S214001300E02000207FB50123ADF80E3009484FF6E7
S214001310FE7300930DF10E02002304A9406820F02E
S2140013208DFC012894BFBDF810004FF6FF7007B083
S2140013305DF804FB1C4C002008B5044B01465868B9
S21400134020F002FCB0FA80F0400908BD1C4C0020DA
S21400135038B50B4DAB78012B04460DD8FFF7ECFFE4
S21400136060B1084B5C80AB781BB9FFF7DDFB002053
S21400137038BDFFF741FBFAE73E20F9E78A20F7E79A
S2140013801C4C0020E0200020024B9B780BB9FFF796
S214001390CBBB70471C4C0020014BD874704700BF75
S2140013A01C4C002008B5054B0121586820F099FB1D
S2140013B00028B8BF033040F3870008BD1C4C00204F
S2140013C008B5044B586820F0BBFB034BB3FBF0F0AA
S2140013D080B208BD1C4C002040420F0030B58DB0D6
S2140013E02C220446002101A821F05DFB0123264D96
S2140013F08DF808304FF002326423CDE903230693BC
S2140014000B238DF82C302B8DADF80A30FFF7E0FC5F
S214001410A0B140F2F23307934FF47A7305930CB9F8
S214001420FFF76EFB686801A913F0B0FDB8B1174965
S214001430174840F269620BF0A1FCFEE7FFF7C0FF19
S2140014400C234343902BA3F10A0207930592DCBFBB
S21400145091230793059B8B2BE1D88C23DEE7FFF7C0
S214001460C5FC60B101226868114620F0A9FD30B1C4
S2140014700649074840F26C620BF080FCFEE70CB9A8
S214001480FFF752FB0DB030BD1C4C00207D5702000C
S214001490A4540200F8B5574C1CF060FD2388D9050B
S2140014A0064603D5A37843BBFFF73EFB524D6B7948
S2140014B0FF2B13D06B7903F0FF0723BBFF236B7161
S2140014C0A378032B0AD100233046A3701CF04CFDF2
S2140014D03846FFF763FB1CF041FD0646A378042B55
S2140014E008D12B79FF2B05D02B79022B14D143483A
S2140014F00DF020FFFF232B7128E000214FF48070B1
S214001500FFF75CFAD2E76B79012B4FF0FF036B71A4
S21400151014BF89278D27D6E72B7913B12B79012B9A
S2140015201FD1FFF79BFA2B790022FF212971DBB22E
S21400153084F820200546002848D0012B0AD12F48E1
S214001540A37064210DF001FFFFF756FA30461CF039
S2140015500BFD06E03046A2701CF006FD3120FFF7BA
S2140015601DFB23881A0608D500218020FFF726FADF
S214001570606820F057FC10F03EFE23889B0507D5D8
S2140015804FF400700021FFF719FA0020FFF726FF3E
S2140015900EF0C2FCE08628B30EF0EEFA01210546F6
S2140015A0002011F011FCA678012E15D1002684F833
S2140015B02060A670FFF7B8FA284610F037FAA3782E
S2140015C0E6867BB9BDE8F84010F0B8BCA07030469F
S2140015D01CF0CAFC2846C2E72EB1284610F026FAB0
S2140015E00023E386F8BDFFF79FFA284610F01EFAA0
S2140015F0E686F7E71C4C0020E02000203C4C00204C
S2140016007FB5794C2388DB0700F1E7800121774D11
S2140016100846FFF7D3F905237549A37005F10800BE
S21400162013F088F9606028B972497348F3220BF00A
S214001630A5FBFEE7714820F070FA69A3D3E9002302
S214001640CDE900234FF0FF324FF0FF33606820F003
S214001650F3FA4FF48811606813F03CFC014630B191
S2140016606449654840F20B120BF088FBFEE7644BBA
S2140016701B78012B0ED1634A606813F0B7FB6068D5
S21400168013F0B2FCE0B15B495B4840F217120BF076
S21400169075FBFEE75C4E316831B9564956484FF443
S2140016A08D720BF06BFBFEE7564A606813F09EFBEC
S2140016B033689B6823B1DB6913B15B7803B1EB71C8
S2140016C0FFF720FE514B68801B78C3EB431203EBF9
S2140016D08203DB0001202385FFF780FE65680DF09E
S2140016E0A9FD00220146284620F056FC054630B1EA
S2140016F04049414840F22D120BF040FBFEE740F215
S21400170003532382424B04261B78E374A674FFF728
S21400171057FE00EB80039B00A382FFF751FEC0003C
S214001720E08231466068A56120F008FA30B13149A0
S21400173031484FF49E720BF021FBFEE7606832469C
S21400174003A920F0A1FA042806D02A492A484FF413
S214001750A0720BF013FBFEE703A901200EF09CFF1E
S2140017600AF006FB606808224FF0FF3120F06EFAA0
S21400177030B12049204840F249120BF0FFFAFEE74C
S21400178013F0A0FD30B11B491B4840F24F120BF07E
S214001790F5FAFEE7FFF71CFB68B11CF0F5FD014605
S2140017A0606820F0B7FA30B11249134840F253127D
S2140017B00BF0E4FAFEE76468FFF7A4FD154B01465C
S2140017C003F10C02204613F023F930B109490A4808
S2140017D04FF4AD720BF0D2FAFEE704B070BD00BF56
S2140017E00A0020FF420300001C4C0020E0200020DE
S2140017F0E50900007D570200A4540200690345EC89
S2140018006E4C00204909000018200020E32100202B
S214001810E2210020A857020008B5044B586820F0C3
S21400182091F9034BB3FBF0F080B208BD1C4C0020CE
S21400183040420F002DE9F043864D2B889B0787B06A
S21400184006D48549854840F201720BF097FAFEE708
S214001850AB78033B012B06D97F49804840F20372E0
S2140018600BF08CFAFEE7AA6832B97B497B4840F257
S21400187006720BF083FAFEE7794E2C88F77914F09F
S214001880200418BF4FF47A744FEA1718FFF7A0FA2F
S214001890002872D0B8F1020F0AD0A8F10303022B79
S2140018A069D96D496D4840F21A720BF067FAFEE787
S2140018B0032795F8343008EBC8089844694B03EBC7
S2140018C048031046B3F81C801FF00CF84FF4FA5388
S2140018D043437822B3FBF8F37733B3FBF2F31F44AA
S2140018E0C7EB0717AB78FF00BFB204F5347417FADE
S2140018F084F4042BA4B203D107F6E8072744BCB24D
S214001900D5F808801EF0E3FF0746A8681EF0EAFF39
S21400191007441FF002F8BFB23F1A1EF0D8FF40443B
S2140019200EF09EFE64238DF80C304F4BD5F80490D5
S214001930CDE90434C0F340141EF0FBFFBFB20346EB
S21400194041463A46484620F0D7FA2B8871883180BF
S21400195013F0200F03AB75D000936868434B224604
S21400196013F02CF8002872D03B493C4840F2D9626C
S2140019700BF004FAFEE706279BE7FFF737FA002886
S21400198044D0384B07F00F0708EBC801394403EB87
S21400199041031046B3F81C901EF0A4FFB8F1000FE8
S2140019A02AD0B8F1010F2AD1400080B24FF00408C7
S2140019B0F3191B7E4BB10233034443449BB24FF4EE
S2140019C0FA525343B3FBF9F39CB2AB78042B97D18E
S2140019D03744FFF7F5FC3B7E053398448146FFF716
S2140019E01BFF0C2308FB00F003FB09F909EBC009F9
S2140019F0A1441FFA89F483E74FF00208D8E7164996
S214001A00164840F23B720BF0B9F9FEE7FFF704FF09
S214001A100746A8681EF066FFAB780930784304EBEB
S214001A20C000042B84B27FF46BAFFFF7C9FC0746F7
S214001A30FFF7F2FE602358430C2303FB0700204405
S214001A4084B25DE76868224612F0AAFF8AE707B00C
S214001A50BDE8F0831C4C00207D570200A454020011
S214001A60E0200020A857020020A107002C4C0020F0
S214001A70F8B5484C258815F0020506D04649474873
S214001A804FF4B3720BF07AF9FEE784F820501CF09E
S214001A9065FA23885A0706460AD520F06CFA236BA7
S214001AA0C01A238D984203D929460420FEF786FFE4
S214001AB030461CF059FAA778022F37D11CF04EFAA0
S214001AC0238813F00405064607D035480DF032FC8F
S214001AD03046BDE8F8401CF047BA1CF045FAA0684E
S214001AE010F064FA20B1A570BDE8F840FFF756B8CC
S214001AF01CF034FAA66805461EF0E9FE30440EF0E7
S214001B00AFFD10F0200F0CBF03230423012138463D
S214001B10A370FEF753FFFFF78DFE28461CF024FA4D
S214001B2001210846BDE8F84011F04EB9042F27D130
S214001B301C4B1B79FF2B2CD1237FF3B11CF00EFA24
S214001B4023885B07054604D515480DF0F3FB2846A9
S214001B50BFE71CF009FA237F013B23771CF0FEF950
S214001B60012104460220FEF729FFFFF763FE204608
S214001B701CF0FAF901210820D4E7A3704020B3E74F
S214001B80012F06D160680023A37012F001FF3120F8
S214001B90AAE7F8BD1C4C00207D570200A4540200A2
S214001BA03C4C0020E020002038B5012104461020DF
S214001BB0FEF704FF064B5D68FFF702FC054B00FBD3
S214001BC004F1012228461FF06DFF002038BD00BF3B
S214001BD01C4C0020C10B000010B50A4C2388DB0605
S214001BE006D40949094840F275320BF0C7F8FEE7FB
S214001BF010200021FEF7E2FE6068BDE810401FF0EE
S214001C005FBF00BF1C4C00207D570200A45402009A
S214001C1038B50D4DE88E30B90C490D4840F2823289
S214001C200BF0ACF8FEE70DF0A7FF0446E88E0DF0CB
S214001C30BFFF811F214401200EF02EFD044620F038
S214001C409AF9001B38BD00BF1C4C00207D570200CF
S214001C50A454020010B5074CA36833B906490748D8
S214001C6040F291320BF08AF8FEE720F084F9E36A3E
S214001C70C01A10BD1C4C00207D570200A454020060
S214001C8038B50A4DE88E30B909490A4840F29B3209
S214001C900BF074F8FEE70DF06FFF0446E88E0DF0CB
S214001CA087FF044414F8020C38BD00BF1C4C00200B
S214001CB07D570200A454020038B50A4DE88E30B9AC
S214001CC009490A4840F2AA320BF058F8FEE70DF030
S214001CD053FF0446E88E0DF06BFF044414F9070C1E
S214001CE038BD00BF1C4C00207D570200A4540200E3
S214001CF038B50A4DE88E30B909490A4840F2B9327B
S214001D000BF03CF8FEE70DF037FF0446E88E0DF0CA
S214001D104FFF044414F9010C38BD00BF1C4C0020D2
S214001D207D570200A4540200024B1888C0F3C0106E
S214001D30704700BF1C4C002030B50F4B05460FCB3C
S214001D4085B06C4684E80F000DB12B6800930B4BF2
S214001D5021465868002213F075F8044630B1084949
S214001D60084840F2D7320BF009F8FEE7FEF744FECB
S214001D70204605B030BD00BF305802001C4C002085
S214001D807D570200A454020008B5074B0146586868
S214001D9020F04AF830B10549054840F2E5320AF02D
S214001DA0EDFFFEE708BD00BF1C4C00207D5702007B
S214001DB0A454020008B5064B586820F04CF830B121
S214001DC0044905484FF47C720AF0D8FFFEE708BDC8
S214001DD01C4C00207D570200A4540200024B012236
S214001DE0586811461FF05ABE1C4C00207047F8B5C4
S214001DF0054604200C461EF04CFD03061DD5104E6D
S214001E00B778D7B91DB1012D02D00220F8BD012741
S214001E102046FFF791FA0028F7D070683A46214628
S214001E201FF055FE30B1074907484FF486620AF0A6
S214001E30A5FFFEE70623B370E8E77020E6E700BFDD
S214001E401C4C00207D570200A454020010B504204C
S214001E501EF01FFD030610D5094CA378062B0CD1E7
S214001E6060681FF037FE30B10649074840F2494225
S214001E700AF084FFFEE7A07010BD7020FCE700BFEC
S214001E801C4C00207D570200A454020008B50349EC
S214001E90034840F261520AF071FFFEE77D570200E8
S214001EA0A45402000348044B834202D0034B03B100
S214001EB01847704710220020102200200000000063
S214001EC00548064B1B1AD90F01EBA301491002D097
S214001ED0034B03B118477047102200201022002041
S214001EE00000000010B5064C237843B9FFF7DAFF70
S214001EF0044B13B10448AFF300800123237010BDD8
S214001F006250002000000000C878020008B5054BAB
S214001F101BB105490548AFF30080BDE80840FFF750
S214001F20CFBF00BF0000000040240020C878020099
S214001F30A3F5803A704700BF174B002B08BF134B22
S214001F409D46FFF7F5FF00218B460F461348144ABF
S214001F50121A20F0A8FD0E4B002B00D098470D4B10
S214001F60002B00D098470020002104000D000D48EB
S214001F70002802D00C48AFF300801AF097FA200031
S214001F8029001BF0B2FD1AF0DDF800BF00000800C3
S214001F9000000000000000000020002010220020AA
S214001FA0D45000200000000000000000BFF34F8F58
S214001FB00549CA6802F4E062044B1343CB60BFF3E2
S214001FC04F8F00BFFDE700BF00ED00E00400FA05FC
S214001FD038B504461DF084FDA04201D8012038BD66
S214001FE00546032002F036FF08B90020F7E71BF08D
S214001FF04CFE1BF04BFE2B46224603490348006866
S2140020001CF078FFF1E700BF402F0200042C0020F0
S21400201030B583B004468368C26853F822301D7812
S2140020202846FFF7D5FF08B903B030BD002300935C
S214002030ADF80430164B1B88ADF80230ADF80450EE
S2140020406368E2689B1A012B1DDDA368013253F812
S21400205022301B88ADF800301DF032FD69460320A3
S2140020601DF032FD0446032002F0F4FE0028DBD00B
S2140020701BF00BFE1BF00AFE22460649064B1868AC
S2140020801CF038FFD0E740F2FF13ADF80030E3E76E
S2140020909A4F0020782F0200042C002030B583B021
S2140020A004468368C26853F822301D782846FFF736
S2140020B08FFF08B903B030BD00230093ADF804309D
S2140020C0154B1B88ADF80230ADF804506368E26823
S2140020D09B1A012B1BDDA368013253F822301B88A4
S2140020E0ADF80030694604201DF0EEFC04460320DF
S2140020F002F0B0FE0028DDD01BF0C7FD1BF0C6FDC9
S21400210022460649064B18681CF0F4FED2E740F259
S214002110FF13ADF80030E5E79A4F0020982F020035
S214002120042C002030B583B004468368C26853F898
S21400213022301D782846FFF74BFF08B903B030BDA4
S21400214000230093ADF80430154B1B88ADF8023021
S214002150ADF804506368E2689B1A012B1BDDA36888
S214002160013253F822301B88ADF800306946022051
S2140021701DF0AAFC0446032002F06CFE0028DDD009
S2140021801BF083FD1BF082FD22460649064B1868AD
S2140021901CF0B0FED2E740F2FF13ADF80030E5E7E2
S2140021A09A4F0020AC2F0200042C002030B583B0DC
S2140021B08368C26853F822301C7800230193436872
S2140021C09B1A012B19DD01AA01211CF079F90146A1
S2140021D09DF804001DF070FC054680B1022002F058
S2140021E039FE60B11BF051FD1BF050FD2A460F4929
S2140021F00F4B18681CF07EFE01E01DF061FC2046C7
S2140022001DF066FC044608B903B030BD032002F09A
S21400221021FE0028F8D01BF038FD1BF037FD2246C3
S2140022200449034B18681CF065FEEDE7C82F020052
S214002230042C0020E02F02002DE9F04182B01DF0B2
S21400224004FC0546854B1B7813F0020F3ED0844EE7
S21400225013F0010F3CD0824F13F0040F3AD0DFF892
S2140022600082032002F0F6FD002836D1032002F09B
S214002270F1FD00283BD1032002F0ECFD002845D1FB
S214002280032002F0E7FD00284ED1032002F0E2FD15
S214002290002857D1032002F0DDFD002860D103207E
S2140022A002F0D8FD002869D1032002F0D3FD0028F3
S2140022B072D1032002F0CEFD00287BD1032002F06D
S2140022C0C9FD002840F08780082490E0654EBFE7EF
S2140022D0644FC1E7DFF88C81C3E71BF0D6FC1BF028
S2140022E0D5FC6149614B18681CF004FEBEE71BF084
S2140022F0CCFC1BF0CBFC5D4B1C6805F05FFD02467A
S2140023000B465B4920461CF0F5FDB4E71BF0BDFC10
S2140023101BF0BCFC554B1C681DF06BFB0246554978
S21400232020461CF0E7FDABE71BF0AFFC1BF0AEFC55
S2140023304E4B1C681DF095FB02464F4920461CF08C
S214002340D9FDA2E71BF0A1FC1BF0A0FC474B1C68C4
S2140023501DF07FFB0246494920461CF0CBFD99E75D
S2140023601BF093FC1BF092FC404B1C681DF075FBA9
S2140023700246434920461CF0BDFD90E71BF085FC55
S2140023801BF084FC394B1C681DF04BFB02463D4994
S21400239020461CF0AFFD87E71BF077FC1BF076FCB1
S2140023A0324B1C681DF045FB0246374920461CF0A0
S2140023B0A1FD7EE71BF069FC1BF068FC2B4B186840
S2140023C0324B1A78FF2A04D0314B32491CF092FD6A
S2140023D074E7314BF9E71BF058FC1BF057FC2F490C
S2140023E0224B18681CF086FD6EE7013CE4B28CB107
S2140023F0032002F02FFD0028F7D01BF046FC1BF050
S21400240045FC2B1913F8012C2549184B18681CF0AD
S21400241071FDEAE7032002F01DFD30B9032002F04B
S21400242019FD60B902B0BDE8F0811BF02EFC1BF070
S2140024302DFC1C490D4B18681CF05CFDEEE71BF0EC
S21400244024FC1BF023FCCDF800803B4632461649A0
S214002450064800681CF04EFDE4E700BFD7210020C8
S214002460FC2F0200043002002C300200042C002056
S21400247034300200503002006C3002008830020017
S214002480A4300200C0300200D8300200D62100205E
S21400249024300200F0300200103002000831020042
S2140024A01C310200F85202002431020030B583B01D
S2140024B08368C26853F822301C7801A920461DF0B4
S2140024C0A8FA88B9032002F0C5FC08B903B030BDED
S2140024D01BF0DBFB1BF0DAFB019B22460B490C488A
S2140024E000681CF007FDF1E70546012002F0B2FC8B
S2140024F00028EBD01BF0C9FB1BF0C8FB2A46054999
S214002500034B18681CF0F6FCE0E700BF5C310200E5
S214002510042C00207831020070B58268C36852F837
S21400252023100C78013352F823301D7829462046B4
S2140025301DF0BEFA80B9032002F08CFC00B970BD15
S2140025401BF0A3FB1BF0A2FB2B4622460B490C48B4
S21400255000681CF0CFFCF2E70646012002F07AFC89
S2140025600028ECD01BF091FB1BF090FB324605498F
S214002570034B18681CF0BEFCE1E700BF9C3102006C
S214002580042C0020CC31020008B5022002F062FCC8
S21400259010B91DF0A1FA08BD1BF077FB1BF076FB07
S2140025A00249034B18681CF0A5FCF2E7FC31020058
S2140025B0042C002000B583B08368C26853F822302C
S2140025C01A78144B1A70032002F044FC10B903B0BA
S2140025D05DF804FB1BF059FB1BF058FB0E4B18680C
S2140025E00C4B197811F0020F0DD00C4A11F0010FA8
S2140025F00BD00A4B11F0040F09D008490091084986
S2140026001CF078FCE3E7074AF0E7064BF2E70549DB
S214002610F4E700BFD7210020042C0020FC2F020086
S214002620403202000430020008B58368C26853F8DE
S21400263022301A88094B1A80032002F00BFC00B9DE
S21400264008BD1BF022FB1BF021FB044B1A88044933
S214002650044B18681CF04EFCF2E700BFA0210020D7
S21400266074320200042C002008B50A4B186810B11A
S2140026700CF060FE08BD012002F0ECFB0028F9D04B
S2140026801BF003FB1BF002FB0349044B18681CF00D
S21400269031FCEFE72826002090320200042C0020B0
S2140026A010B503468168C26851F82200B0F90000F0
S2140026B01A4C20805B689B1A012B0FDD013251F803
S2140026C0223093F90010003918BF01211DF0ADF932
S2140026D0A0B9032002F0BEFB10B910BD0021F5E73B
S2140026E01BF0D3FA1BF0D2FA0D4B1C681DF0A1F9B3
S2140026F002460C4920461CF0FDFBEEE7012002F0E6
S214002700A9FB0028E9D01BF0C0FA1BF0BFFA064967
S214002710034B18681CF0EEFBDFE700BF9A4F002063
S214002720042C0020B8320200CC32020030B595B03E
S21400273004460D4668461BF049F90DF12C0EEC4692
S214002740BCE80F00AEE80F00BCE80F00AEE80F00D4
S214002750DCF80030CEF800300BA94D4B18681DF0A1
S2140027600BFC10F1880F54D00BA81DF093FC484BBF
S21400277018681DF0E9FB68461BF028F90DF12C0ED1
S214002780EC46BCE80F00AEE80F00BCE80F00AEE871
S2140027900F00DCF80030CEF800304FF410510BA8D4
S2140027A01BF034F98023ADF82E304FF440730A93B3
S2140027B00AA81BF01CF90A9B0E93364B0F93344B5A
S2140027C01A680C9B0D9213F0FF0F04D123F0FF0341
S2140027D043F001030C9301230C932D4B2A4621460C
S2140027E00BA81DF0ECFB04460BA81DF053FC04BB25
S2140027F0032002F02FFB80B9254B18681DF001F965
S214002800054680BB032002F025FB044608BB0124D6
S2140028102EE00BA81DF03EFCADE71BF036FA1BF0D1
S21400282035FA1B4B1A681C491C4B18681CF062FBD7
S214002830E2E7032002F00EFB0028DDD01BF025FAAD
S2140028401BF024FA22461649144B18681CF052FB5B
S214002850D2E71BF01AFA1BF019FA12490F4B186848
S2140028601CF048FB04E0032002F0F4FA044610B91A
S214002870204615B030BD1BF008FA1BF007FA2A46B2
S2140028800949064B18681CF035FB0024F0E700BF2A
S2140028905824002000444004E4320200042C0020A7
S2140028A014330200383302005833020000B583B0F8
S2140028B00021019101AA1BF003FE019910290ED0F8
S2140028C0032002F0C7FA60B11BF0DFF91BF0DEF957
S2140028D010220549054B18681CF00CFB01E0FFF7B9
S2140028E025FF03B05DF804FB78330200042C0020BB
S2140028F008B51DF08AF8032002F0ACFA00B908BD4E
S2140029001BF0C3F91BF0C2F90249034B18681CF010
S214002910F1FAF4E7A0330200042C002010B582B0D0
S2140029200023019304230DEB0302012121480068D4
S21400293011F0B2FC28B9019BCBB1042B19D90023A6
S21400294000E000231BB19DF80430012B22D00121AA
S214002950009104236A461748006811F053FC0446A9
S214002960032002F077FA30B9012002B010BD002330
S214002970E8E70123E6E71BF088F91BF087F90E4B22
S21400298018682CB90D4B01220D491CF0B3FAEBE781
S2140029900C4BF8E7032002F05DFA0028E4D01BF0A9
S2140029A074F91BF073F901220749034B18681CF0F1
S2140029B0A1FAD9E798200020042C0020C03302009A
S2140029C0D8330200C83302000834020008B51DF0F0
S2140029D083F80C4808F034FF00230B4A13700B4AA8
S2140029E01370032002F036FA10B901F0ADFA08BDF4
S2140029F01BF04BF91BF04AF90549064B18681CF00A
S214002A0079FAF2E7A08601006450002063500020A7
S214002A1034340200042C002010B582B06946002031
S214002A2002F0C8FC88B9032002F014FA08B902B014
S214002A3010BD1BF02AF91BF029F9019B009A0B49DF
S214002A400B4800681CF056FAF1E70446012002F035
S214002A5001FA0028EBD01BF018F91BF017F92246F4
S214002A600449034B18681CF045FAE0E758340200A6
S214002A70042C00208834020010B58AB009F0DAFC75
S214002A8002F018FC002859D101F062FDFFF746FF5E
S214002A905F4B1870FF2862D0032002F0DBF9002895
S214002AA07AD101205B4B18601DF04EFA01A81AF08F
S214002AB0BAFF032002F0CEF9002879D1554B1A68E8
S214002AC0029B039213F0FF0F04D123F0FF0343F0A1
S214002AD001030293504B05934FF4407300936846EE
S214002AE01AF0B2FF009B04934FF4105101A81AF09D
S214002AF0BAFF8023ADF8063001230293454B10221F
S214002B00464901A81DF05BFA044601A81DF0C2FA6A
S214002B10002C63D1032002F09DF9002852D13D4BD2
S214002B2018681CF06EFFFFF751FFFFF775FF0320D4
S214002B3002F090F9002861D10AB010BD04460120C9
S214002B4002F088F900289FD01BF09FF81BF09EF833
S214002B5022463349334B18681CF0CCF994E7012021
S214002B6002F078F970B9012002F074F9002893D0C9
S214002B701BF08BF81BF08AF82B492A4B18681CF0C0
S214002B80B9F989E71BF081F81BF080F82749254B37
S214002B9018681CF0AFF9E6E71BF077F81BF076F83C
S214002BA01B4B1A7822491F4B18681CF0A3F978E7CC
S214002BB01BF06BF81BF06AF81E491A4B18681CF0DD
S214002BC099F97BE71BF061F81BF060F8114B1A6867
S214002BD01949144B18681CF08DF9A0E7012002F083
S214002BE039F900289BD01BF050F81BF04FF822460E
S214002BF012490C4B18681CF07DF990E71BF045F85D
S214002C001BF044F80E49074B18681CF073F993E75D
S214002C10D621002058240020004440040020002034
S214002C20AC340200042C002008350200E434020014
S214002C302C3502005835020080350200A43502000B
S214002C40C4350200BFF34F8F0549CA6802F4E0623C
S214002C50044B1343CB60BFF34F8F00BFFDE700BFAD
S214002C6000ED00E00400FA0570B50546C388052BA4
S214002C701DD983685E789C78DA7844EA02241A794B
S214002C8044EA02445B7944EA0364032002F0E2F873
S214002C90E8B96A88144B1A80144B1E70144B1C60DB
S214002CA0144B00221A70144B01221A7070BD0120BA
S214002CB002F0D0F80028F9D01AF0E7FF1AF0E6FF85
S214002CC0EA880E490E4B18681CF014F9EEE71AF065
S214002CD0DCFF1AF0DBFF234632460A490848006844
S214002CE01CF008F9D5E700BFA24F0020775000205F
S214002CF0102600208050002078500020DC3502008E
S214002D00042C0020FC35020030B585B0044601F0E6
S214002D109BFD48BB002501F08FFD08B145F002057C
S214002D2001F09AFD08B145F00405B1238DF80C308A
S214002D301E4B1B788DF80D3001238DF80E308DF864
S214002D400F501B4B1B78019303AB00930423002208
S214002D50022120461CF09DFE0546B0B9032002F075
S214002D6079F818B905B030BD0125D4E71AF08DFF03
S214002D701AF08CFF012300930C4B1B7822460D495A
S214002D800D4800681CF0B6F8ECE7012002F062F887
S214002D900028E7D01AF079FF1AF078FF2A4607498C
S214002DA0054B18681CF0A6F8DCE700BFD62100200B
S214002DB0D72100203C360200042C00206C3602008E
S214002DC008B5C388012B05D983685B78044A127856
S214002DD09A4200D008BD4088FFF796FFFAE700BF8A
S214002DE0D6210020F0B599B000EB80039C002E4A57
S214002DF0B2F800E0BEEB830F00D87446AEEB040ECC
S214002E001FFA8EFEBEF1140F01D94FF0140EC32325
S214002E108DF80830254B1B788DF80930244B1B782D
S214002E208DF80A30234B1B788DF80B30224B1B781D
S214002E308DF80C308DF80D0004238DF80E305FFAF7
S214002E408EF58DF80F5000231AE0E61803F1020CF9
S214002E5002AA02EB8C02194931F9260018AF07EBDB
S214002E608C0C0CF8580CC0F30720507001EB860150
S214002E70B1F902109170C1F30721D17001339BB2F2
S214002E809E45E2D8AB1CDBB29B000D4A127801923D
S214002E9002AA009203F0FC030022022110461CF056
S214002EA0F8FD19B0F0BD00BF9C4F00207050002008
S214002EB06F5000206E500020D6210020A024002055
S214002EC0D721002030B585B00446F1238DF80C30AC
S214002ED0164B1B78019303AB0093012300220221BB
S214002EE01CF0D7FD80B9032001F0B4FF08B905B087
S214002EF030BD1AF0CAFE1AF0C9FE22460C490D4B28
S214002F0018681BF0F7FFF2E70546012001F0A2FF64
S214002F100028ECD01AF0B9FE1AF0B8FE2A46064988
S214002F20044B18681BF0E6FFE1E700BFD72100203E
S214002F308C360200042C0020AC36020008B51CF0CB
S214002F40DCFA014B186008BD2026002010B586B0BC
S214002F50284B1B78FF2B21D01CF077FDA0238DF883
S214002F600C30244B1B788DF80D3002684368CDF882
S214002F700E20CDF81230204B1B78019303AB009344
S214002F800A230022022110461CF083FD044600BBE3
S214002F90032001F05FFF80B906B010BD012001F0EC
S214002FA059FF0028F8D01AF070FE1AF06FFE134989
S214002FB0134B18681BF09EFFEEE71AF066FE1AF039
S214002FC065FE0C4B1A780F490D4B18681BF092FFE4
S214002FD0E2E7012001F03EFF0028DDD01AF055FEA2
S214002FE01AF054FE22460849054B18681BF082FF6B
S214002FF0D2E700BFD6210020D7210020C836020025
S214003000042C0020FC3602001C3702000D4B1B78F7
S214003010B3B100B583B00C4B1B7813B90B4B1B78C0
S2140030205BB1002301930093094A42F210710948EC
S2140030301AF025FD03B05DF804FBFFF787FFF0E705
S214003040704700BF645000207C5000207150002064
S2140030500D300000B025002000B583B0A8B1124B9B
S2140030601B7813B103B05DF804FB01201AF023FDB2
S2140030700D4B01221A700023019300930B4A4FF464
S2140030807A710B481CF045FAECE7074B1B78002BCF
S214003090E8D001201AF01CFD034B00221A700448E9
S2140030A007F034FDDEE700BF815000207BDA010028
S2140030B02C26002000B583B0A0B1114B1B7813B1AD
S2140030C003B05DF804FB01201AF0F5FC0023019321
S2140030D000930C4A0A210C481CF01BFA084B0122EC
S2140030E01A70EDE7064B1B78002BE9D0064807F070
S2140030F00DFD01201AF0ECFC014B00221A70DFE7F0
S2140031006A5000207DDA01008024002010B582B0CD
S2140031101CF06FFC022802D0D0B102B010BD032014
S21400312001F098FE50B91CF0D7FC264B4FF4FA621B
S2140031301A601CF0E2F9244B1860EEE71AF0A5FDC1
S2140031401AF0A4FD2149224B18681BF0D3FEEAE7CB
S21400315000230093ADF804304FF6FF73ADF800304F
S2140031601CF0CBF9184B1860694603201CF0ACFC29
S214003170044698B9174B01221A70032001F06AFE24
S2140031800028CAD01AF081FD1AF080FDBDF8042090
S21400319011490F4B18681BF0ADFEBEE70D4B002221
S2140031A01A70012001F056FE0028B6D01AF06DFD08
S2140031B01AF06CFD22460949054B18681BF09AFE6A
S2140031C0ABE700BF10200020202600203837020082
S2140031D0042C0020635000207C3702009837020041
S2140031E0154B1B7803B1704710B582B0044601F04A
S2140031F0CFFB80B1104B01221A700023019300937D
S2140032000E4A4FF4C8710E481AF039FC38B90D4B07
S21400321001221A7003E0012001F01CFE08B902B07A
S21400322010BD1AF032FD1AF031FD22460649074B52
S21400323018681BF05FFEF2E767500020513200006E
S2140032406024002066500020CC370200042C0020AA
S21400325008B501F0B5FB024B01221A7008BD00BF8D
S2140032606550002008B50C4B1B781BB90B4B1B7820
S2140032703BB908BD0A4807F049FC074B00221A7004
S214003280F4E7084B187800F07F0001F0A3FB034B2F
S21400329000221A70EDE700BF66500020675000203D
S2140032A0602400206E50002070B582B0894B1B78D9
S2140032B05BB9894B1B78002B36D0884B1B782BBB11
S2140032C0874B00221A7002B070BD0023814A13702B
S2140032D0844A1370844A1370012001F0BBFD58B96C
S2140032E00021824B18881CF098FB0020FFF7E2FEB6
S2140032F07A4B00221A70DCE71AF0C7FC1AF0C6FCFC
S2140033007B497C4B18681BF0F5FDE9E7FFF7AAFF41
S2140033100021764B18881CF080FB0020FFF7CAFEC1
S2140033206E4B00221A70CBE71CF0E7F804466C4B95
S2140033301B7813B1694B1B7843B3684B1B78012B82
S2140033405FD0022BBFD16C4B1868201A07F042FDE5
S2140033506A4B1B7803EB8302694B197801EB8103F8
S2140033609B0003EBC2039842ADD30846FFF73AFD35
S214003370634A13780133DBB21370032BA3D9002002
S214003380FFF798FE554B00221A709CE70025544B19
S2140033901D705C4B1A785C4B1A705C4B1A785C4B51
S2140033A01A705C4E5C4B1B7833705C4B1A785C4B27
S2140033B01A701CF036FB4D4B18805A4B1D605A4B4A
S2140033C01D805A4B1D705A4B1D705A4B1D805A4B10
S2140033D01D704B4B1D700120FFF76CFE30782946A0
S2140033E000F07F001CF019FB38B9544B1C60544B9E
S2140033F01C603A4B01221A7065E72846FFF75AFE12
S21400340061E74E4B1868201A07F0E4FC0546404B6F
S2140034101A783A4B1B789A422CD03D4B1A78374B89
S2140034201B789A4209D0444B1B7833B94F2D7FF650
S2140034304AAF01F085FA002831D1F92D7FF643AF67
S214003440FFF710FF0021294B18881CF0E6FA304BD6
S2140034501A782A4B1B789A4234D0364B1B88002B9E
S21400346030D0254B1C60264B00221A701B4B0222C4
S2140034701A7028E71C4B1B781BB9132801D9E528BE
S21400348006D9002BC9D0E52DC7D9FFF7EBFEC4E758
S214003490204B187800F07F00FFF7A2FEBDE71D4B1B
S2140034A0187800F07F0078230193082300934023C8
S2140034B0244A014601F09CFA1E4B18801E4B01223E
S2140034C01A70BAE70020FFF7F5FD044B00221A70C9
S2140034D0F9E600BF655000207C50002071500020A7
S2140034E0765000206650002067500020A04F002035
S2140034F0F4370200042C0020A0250020D62100204E
S2140035006850002075500020705000207450002035
S2140035106F5000206E500020735000207250002024
S2140035206D500020A42500209E4F00206B500020E8
S2140035306C5000209C4F002069500020AC250020D5
S214003540A8250020A024002010B50021084602F07F
S21400355003F898B901F0A6FF124B01221A70032057
S21400356001F078FC00B910BD1AF08FFB1AF08EFB44
S2140035700D490E4B18681BF0BDFCF4E70446094BDA
S21400358000221A70012001F065FC0028EBD01AF02A
S2140035907CFB1AF07BFB22460549044B18681BF09F
S2140035A0A9FCE0E77E50002034380200042C0020FE
S2140035B05038020008B501F0A1F8032001F04AFCDB
S2140035C010B901F0C9FE08BD1AF05FFB1AF05EFBE9
S2140035D00249034B18681BF08DFCF2E774380200B2
S2140035E0042C0020C388002B64D030B583B004467A
S2140035F081680D780279022A08D00D2A04D00320AB
S21400360001F028FC002846D103B030BDB02D26D0EE
S214003610F02D27D0C02D28D0C12DEED1032BF3D905
S214003620254B1B78012BEFD18A78244B1B789A42C6
S214003630EAD1CB78224A1278534013F07F0FE3D1B9
S21400364090F905101F4A13680B44136090F9102078
S2140036501D4B1A701D4A138801331380D4E7FFF7F9
S214003660AFFBD1E7FFF700FBCEE7042BCCD9184B16
S2140036701B78002BC8D14A78164B1A708A78164BDE
S2140036801A70CA78154B1A700A79154B1A70154BB2
S21400369001221A70B8E71AF0F8FA1AF0F7FAE38877
S2140036A001930095237962880F49104800681BF043
S2140036B021FCA9E7704700BF715000206F50002022
S2140036C06E500020A42500206B5000209E4F002046
S2140036D07C5000207550002074500020735000204D
S2140036E07250002076500020A0380200042C0020E3
S2140036F060B110B582B00446254B1B7853B9254BF4
S2140037001B7863B1244B00221A7006E0224B00227D
S2140037101A707047204B00221A7002B010BD0320AA
S21400372001F098FBD0B91D4B1B78002BF5D01A4A38
S21400373013780133DBB21370022BEED9012001F0AF
S21400374089FBD8B90023144A1370144A1370144B1B
S2140037504FF4FA621A60FFF7F1FBDEE71AF095FA0B
S2140037601AF094FA0C4B1B7803220092013322467F
S2140037700C490D4800681BF0BDFBD4E71AF085FA2B
S2140037801AF084FA0949084B18681BF0B3FBD9E70E
S2140037907C500020715000207D5000206450002096
S2140037A010200020CC380200042C0020E83802004C
S2140037B030B583B0902812D0044691286DD00320EF
S2140037C001F048FB002840F08B804B4B1B78002B09
S2140037D07AD0494B00221A70FFF7B0FB74E0032042
S2140037E001F038FBA0B91CF034F958BB012001F0F9
S2140037F031FBE8B90023414A13703F4A1370404A30
S2140038001360404807F082F93F4B01221A705BE0D4
S2140038101AF03BFA1AF03AFA3C4B1C681CF019F9FD
S21400382002463B4B1B783B4920461BF063FBDAE71E
S2140038301AF02BFA1AF02AFA3749344B18681BF09C
S21400384059FBD7E72D4B01221A7000242A4B1C7017
S214003850324B4FF4FA621A60314B1C702046FFF769
S214003860FBFB1BF04AFE264B1860264D284607F049
S2140038704DF90194009423462A4A4FF47A7128465B
S2140038801AF0FDF82346284A93421DD8274A1269A3
S21400389012F0200F18D10133F5E7032001F0DAFA11
S2140038A0A0B90023154A1370134A1370144A136004
S2140038B01A4B4FF4FA621A600120FFF7CDFB11484D
S2140038C007F024F9FFF73AFB03B030BD1AF0DDF934
S2140038D01AF0DCF916490D4B18681BF00BFBE0E7F5
S2140038E01AF0D3F91AF0D2F922461249074B186893
S2140038F01BF000FB69E700BF635000206450002007
S21400390014260020B025002079500020042C00202A
S214003910D62100200C390200383902001020002081
S2140039207D5000200D3000009F8601000000014001
S214003930883902009839020010B500F093FFA24BB8
S2140039401B78002B50D1A14B1B78002B61D0A04BCD
S2140039501B7883B91BF0D1FD04469E4B1B7833B110
S2140039609D4B186818B19D4B1B78002B59D000F062
S21400397063FF002862D100F0EBFF002876D1954B5C
S2140039801B78002B40F0D7800120FFF765FB1BF06B
S214003990B4FD0446924B186800287BD11C60914BFE
S2140039A01868201A07F016FA04468F4B1B78002B6F
S2140039B000F0A18043F69823984240F2C48001208C
S2140039C001F048FA002840F08880874B00221A70E1
S2140039D01CF00FF8002840F08B80844B4FF4FA62FE
S2140039E01A60FFF7ABFAAEE0774B00221A700120A0
S2140039F001F030FA18B91CF06FF8FFF723F91AF047
S214003A0044F91AF043F97A497A4B18681BF072FAAF
S214003A10F1E71BF072FD784B18606C4B01221A70B0
S214003A2095E7201A07F0D6F943F6972398429ED9D1
S214003A3000F094FE664B01221A709CE76E4B1868E5
S214003A40201A07F0C7F96D4B984294D9012001F06F
S214003A5001FA08B9FFF7F6F81AF017F91AF016F98E
S214003A606749644B18681BF045FAF3E700F076FFE9
S214003A70002884D0032001F0EDF900283FF47FAF42
S214003A801AF003F91AF002F95E495A4B18681BF04F
S214003A9031FA74E7201A07F09DF95B4B98427FF6DF
S214003AA07EAF012001F0D6F950B90023574A934261
S214003AB011D8574A126912F0200F0CD10133F5E7DE
S214003AC01AF0E3F81AF0E2F84F4A5249494B1868E0
S214003AD01BF010FAE9E7FFF7B5F81AF0D6F81AF077
S214003AE0D5F822464C49434B18681BF003FA6CE79E
S214003AF01BF0F2FF71E73D4B1B68834223D803207F
S214003B0001F0A8F958B9FFF701FB384A13685B00C3
S214003B1044F620618B4228BF0B46136013E01AF070
S214003B20B4F81AF0B3F8314B1A683C49314B1868B0
S214003B301BF0E0F9E7E72A4B00221A60FFF7B4FB18
S214003B40374B1B7803B910BD354B00221A70032083
S214003B5001F080F9E8B9002001F086FC044610BBAD
S214003B60304B1A88304B1A80304B1A78304B1A700C
S214003B70304B1A68304B1A60304B01221A70032003
S214003B8001F068F900285FD1274B1888FFF79AF9EB
S214003B90D9E71AF07AF81AF079F82949154B186817
S214003BA01BF0A8F9D7E7012001F054F90028CAD085
S214003BB01AF06BF81AF06AF8224622490D4B18687C
S214003BC01BF098F9BFE700BF795000207A5000201C
S214003BD07B50002064500020142600207C500020DB
S214003BE01C260020202600206350002010200020E5
S214003BF0B0390200042C0020182600201FBF020047
S214003C00EC3902002C3A0200E09304009F86010083
S214003C1000000140483A0200843A0200B03A02002E
S214003C2078500020A24F0020A44F0020775000209C
S214003C307F500020102600202426002080500020E0
S214003C40CC3A0200E43A02001AF01FF81AF01EF806
S214003C50044B1B68044A12780449054800681BF0A8
S214003C6049F991E7242600207F500020183B0200E7
S214003C70042C0020F0B583B007460D4614461E46B9
S214003C80032001F0E7F850B901200B4B18700B4BDE
S214003C901D700B4B1C600023336003B0F0BD19F0A1
S214003CA0F4FF19F0F3FF00942B463A460549064800
S214003CB000681BF01FF9E7E77C5000207F500020CB
S214003CC024260020503B0200042C002070B582B051
S214003CD00D461446264B01221A70631A1344069AA0
S214003CE0002001F0A3FBC8B9224B1B68DBB1651CA2
S214003CF0642204FB0222B2FBF3F41F4AA2FB043147
S214003D001E4B1B68A2FB0323DB08B3EBD10F18D3B3
S214003D10632C08D9194B00221A6004E006460120DD
S214003D2001F098F808B902B070BD19F0AEFF19F0AE
S214003D30ADFF33462A461249124800681BF0DAF8EF
S214003D40F1E7032001F086F810B90C4B1C60DFE7A2
S214003D5019F09BFF19F09AFF064B1B6800932B4641
S214003D6022460949074800681BF0C4F8EDE700BF83
S214003D707C50002024260020CDCCCCCC5C24002017
S214003D80843B0200042C0020AC3B020070B582B0DD
S214003D9015461A4B00221A70E0B90C46032001F0B3
S214003DA059F858B90023164A137001930093154A20
S214003DB06421154819F063FE02B070BD19F065FF66
S214003DC019F064FF2B4622461049114800681BF084
S214003DD091F8E7E70646012001F03CF818B9084BD1
S214003DE000221A70E8E719F050FF19F04FFF32462C
S214003DF00849074B18681BF07DF8F0E77C50002058
S214003E007E50002049350000D0250020CC3B020023
S214003E10042C0020FC3B020070B582B00546144618
S214003E20032001F017F8A0B91D4B1E78EEB1032051
S214003E3001F010F840BB0025019500952B46194A65
S214003E402146194819F01BFE154B1D70304602B06E
S214003E5070BD19F01AFF19F019FF23462A461349B8
S214003E60134800681BF046F8DEE7012000F0F2FF7A
S214003E700028EBD019F009FF19F008FF0D490C4B8C
S214003E8018681BF037F8E1E719F0FFFE19F0FEFEA0
S214003E9022460949064B18681BF02CF8CBE700BFF2
S214003EA07E500020B5350000F0250020243C02009E
S214003EB0042C0020583C02007C3C020010B580B167
S214003EC00446012000F0C6FF00B910BD19F0DDFE63
S214003ED019F0DCFE22460A490A4B18681BF00AF85D
S214003EE0F3E7032000F0B6FF0028EED019F0CDFE71
S214003EF019F0CCFE0449034B18681AF0FBFFE4E700
S214003F00983C0200042C0020B83C0200F0B583B0B8
S214003F1004460D4616461F46032000F09BFF08B9D0
S214003F2003B0F0BD19F0B1FE19F0B0FE019700968F
S214003F302B4622460249034800681AF0DBFFEFE7EB
S214003F40D03C0200042C002010B50120FFF784F8B6
S214003F50084B4FF4FA621A60074B00221A601BF0F7
S214003F60CCFA044640F2A46006F0CAFE241A034BBC
S214003F701C6010BD102000201C26002020260020DB
S214003F8010B584B00D4BEC460FCBACE807008CF8B0
S214003F90003001238DF803308DF8043000238DF8AF
S214003FA008300E238DF80930054C694620461AF075
S214003FB098F920461AF086F904B010BD5C4302005A
S214003FC000200540044B00221A605A609A60DA60AE
S214003FD0024A1A60704700BF4C26002031524746FE
S214003FE010B58EB001A801F0CDF9059A0AB3D368D2
S214003FF00BB94FF4805329490B6014694CB3B4F5E0
S214004000E01F26D3B4F5001F23D34FF4C012B2FB33
S214004010F3F203FB02F2B2F5C01F2CD14FF4E0120C
S214004020B2FBF3F202FB03F3B3F5E01F23D101204A
S21400403014E0012000F00EFF08B900200EE019F091
S21400404024FE19F023FE1649164B18681AF052FF84
S214004050F3E7012000F0FEFE10B900200EB010BD00
S21400406019F013FE19F012FE22460F490D4B186880
S2140040701AF040FFF1E7012000F0ECFE08B900203E
S214004080ECE719F002FE19F001FE044B1A68074926
S214004090044B18681AF02EFFF1E700BF142000202A
S2140040A0FC3C0200042C00202C3D0200743D020063
S2140040B008B51023044A03210448006810F0A2F84B
S2140040C0B0FA80F0400908BD4C2600209820002059
S2140040D008B510230F4A03210F48006810F0DCF8DB
S2140040E020B90C4B1A680D4B9A4207D0032000F0FB
S2140040F0B1FE20B9FFF766FFFFF7DAFF08BD19F03B
S214004100C4FD19F0C3FD0649064B18681AF0F2FE06
S214004110F0E700BF4C26002098200020315247468A
S214004120BC3D0200042C00202DE9F041ADF5007DD9
S214004130674BD979674A52F821809E68731EB3F59B
S214004140802F33D2002001F08FF9002842D10336A9
S21400415026F003060024B4427FD2351BB5F5807FD7
S21400416028BF4FF4807504EB08072A4640A9384656
S21400417001F01CFA00283DD12B4640AA214600201B
S21400418001F054F9002846D12B466A462146002005
S21400419001F02EF900284FD12A46694640A81EF0A5
S2140041A058FC002848D104F58074D4E7012000F0BC
S2140041B051FE20B900200DF5007DBDE8F08119F014
S2140041C064FD19F063FD32464349444B18681AF003
S2140041D091FEEFE7012000F03DFE08B90020EAE777
S2140041E019F053FD19F052FD3D493C4B18681AF082
S2140041F081FEF3E7012000F02DFE08B90020DAE783
S21400420019F043FD19F042FD3A463649334B18681B
S2140042101AF070FEF2E7012000F01CFE08B900203C
S214004220C9E719F032FD19F031FD22462E492B4B15
S21400423018681AF05FFEF2E7012000F00BFE08B9DE
S2140042400020B8E719F021FD19F020FD2246274985
S214004250224B18681AF04EFEF2E70021084601F0DD
S2140042607BF958B9002001F01DF9B8B9032000F019
S214004270F1FD18BB01F070F801209CE7012000F06A
S214004280E9FD08B9002096E719F0FFFC19F0FEFCDE
S2140042901749124B18681AF02DFEF3E7012000F0BC
S2140042A0D9FD08B9002086E719F0EFFC19F0EEFCFE
S2140042B010490A4B18681AF01DFEF3E719F0E5FCE2
S2140042C019F0E4FC0C49054B18681AF013FED1E708
S2140042D04C26002054430200EC3D0200042C002033
S2140042E0103E0200303E0200543E0200743E0200C1
S2140042F09C3E0200C43E0200E83E02002DE9F04764
S214004300ADF5047D0021084601F026F900283AD1D3
S21400431082A9002001F04EF8002847D1002404F1BD
S2140043200803839A934251D808236A462146002000
S21400433001F05EF8002840F090809DF800309DF86F
S214004340012043EA02239DF8022043EA02439DF837
S214004350032043EA02629DF804309DF8051043EA04
S21400436001239DF8061043EA01439DF8071043EA2F
S21400437001638399994272D3234403F10804694B7D
S2140043809A42CCD123E0012000F064FD20B9002041
S2140043900DF5047DBDE8F08719F077FC19F076FC82
S2140043A06149624B18681AF0A5FDF0E7012000F09D
S2140043B051FD08B90020EBE719F067FC19F066FC20
S2140043C05B495A4B18681AF095FDF3E70024631E04
S2140043D0B3F5802F45D2574B93F807A0BAFA8AFA5E
S2140043E04FEA5A1A544B53F82A904FF48021484605
S2140043F001F018F9002847D104F1030828F0030853
S2140044000026464580F08480A8EB0605B5F5807F3B
S21400441028BF4FF480752B4642AA3146002000F094
S214004420E7FF002841D106EB09072A4642A938468D
S21400443001F0DAF8002849D12A4602A9384601F0E8
S214004440B5F8002853D12A4602A942A81EF001FB5F
S21400445000284CD106F58076D3E70024B7E7002481
S214004460B5E7012000F0F6FC08B9002090E719F047
S2140044700CFC19F00BFC4FF4802322462F492B48E6
S21400448000681AF037FDF0E7012000F0E3FC08B9F9
S21400449000207DE719F0F9FB19F0F8FB4A46284999
S2140044A0224B18681AF026FDF2E7012000F0D2FC35
S2140044B008B900206CE719F0E8FB19F0E7FB324674
S2140044C020491A4B18681AF015FDF2E7012000F093
S2140044D0C1FC08B900205BE719F0D7FB19F0D6FB42
S2140044E03A461949114B18681AF004FDF2E7012004
S2140044F000F0B0FC08B900204AE719F0C6FB19F036
S214004500C5FB3A461149094B18681AF0F3FCF2E766
S214004510084B83F807A09C6001221A73FFF7C8FDBA
S21400452036E700BFFC0404FC1C3F0200042C0020FD
S214004530543F02004C26002054430200783F0200FD
S214004540B03F0200D83F0200F83F02001C400200C5
S21400455010B584B0FFF714FDFFF7BAFDFFF740FD76
S2140045605B4B1870032000F075FC20B9594B9B7903
S214004570BBB904B010BD19F088FB19F087FB554A8B
S214004580D379117B9068524C247803940290019161
S2140045900093938892795049504800681AF0AAFC14
S2140045A0E4E74C4A938801339380FFF781FD08B314
S2140045B0032000F04FFC60BB464B9B88042BD8D9E9
S2140045C0434B1B781BB1434B1B7B002B42D1012076
S2140045D000F040FC50BB012000F03CFC00282FD12E
S2140045E03C4B9B88052BC4D93A4B05229A80FFF793
S2140045F05FFDBEE7012000F02DFC0028D8D019F0A2
S21400460044FB19F043FB3649344B18681AF072FC29
S214004610CEE719F03AFB19F039FB05232D4A9288AC
S21400462030492E4800681AF065FCC5E719F02DFBE6
S21400463019F02CFB2C49294B18681AF05BFCCAE7CA
S21400464019F023FB19F022FB2849244B18681AF0AE
S21400465051FCC5E7032000F0FDFBC8B91D4B002246
S2140046609A8001229A71FFF723FDFFF75DFDF8B1EE
S214004670012000F0EFFB00283FF47BAF19F005FBAC
S21400468019F004FB1A49154B18681AF033FC70E74A
S21400469019F0FBFA19F0FAFA104B18680D4BDB7993
S2140046A023B1422213491AF025FCD7E74122F9E745
S2140046B0012000F0CFFB00283FF45BAF19F0E5FACD
S2140046C019F0E4FA0C49054B18681AF013FC50E789
S2140046D0825000204C26002048400200042C002077
S2140046E094400200C8400200E84002003041020048
S2140046F09841020070410200D041020008B5134BF9
S21400470001229A7100229A80FFF7D2FC70B901202C
S21400471000F0A0FB00B908BD19F0B7FA19F0B6FA18
S2140047200B490C4B18681AF0E5FBF4E7032000F081
S21400473091FB0028EFD019F0A8FA19F0A7FA06495D
S214004740044B18681AF0D6FBE5E700BF4C2600209D
S21400475008420200042C00204442020008B52F4BF9
S2140047609B792BB92D4A127B12B12C4A928892B1B2
S21400477013B92A4B1B7B13B9294B1B7863B9274BFC
S21400478000229A719A80FFF793FC002837D1012007
S21400479000F060FB48BB08BDFFF7B0FDB0B10320DA
S2140047A000F058FB0028EAD019F06FFA19F06EFAFC
S2140047B01C4B1868194BDB7933B14222174B9B68A8
S2140047C019491AF097FBDAE74122F7E7012000F0D3
S2140047D041FB0028D3D019F058FA19F057FA1349BC
S2140047E0104B18681AF086FBC9E719F04EFA19F054
S2140047F04DFA0F490B4B18681AF07CFBCBE70320E9
S21400480000F028FB0028C6D019F03FFA19F03EFA4F
S2140048100849044B18681AF06DFBBCE74C260020CC
S21400482082500020042C00207C420200BC42020081
S214004830F842020024430200024B9879003818BF61
S214004840012070474C260020024B187B003818BF0A
S214004850012070474C260020014BD879704700BFD6
S2140048604C26002008B5024819F02CFD08BD00BFF4
S2140048700020054038B50546164C01221146206832
S2140048801DF00CF9144920681DF034FB01220021AC
S21400489020681DF059FB00222946206810F0AAF86F
S2140048A008B9012038BD0122022120681DF0F6F863
S2140048B0094920681DF01EFB0122002120681DF01A
S2140048C043FB00222946206810F094F8B0FA80F0E6
S2140048D04009E7E75C2800207043020010B5044654
S2140048E0FFF7C8FF28B9054B01221A70044B1C704D
S2140048F010BD024B00221A70FAE700BF8450002059
S2140049008350002000B583B00B4B18604FF4007343
S214004910ADF806300DF1060208491DF0EFFABDF8B5
S2140049200630B3F5007F03D1022802D1002000E054
S214004930012003B05DF804FB5C2800205C26002004
S214004940024B1868003818BF012070475C2800200A
S214004950014B1878704700BF8450002008B5094BFB
S2140049601B786BB103F0FF00074B1B684BB1074B7E
S2140049701878FFF77FFF20B1024B00221A7000E084
S214004980012008BD845000205C28002083500020B1
S21400499010B50446094B186868B1012211461DF08F
S2140049A07DF801222146054B18681DF090F8B0FAF4
S2140049B080F0400910BD0020FCE700BF5C28002006
S2140049C008B5034B186808B11DF084F808BD00BF91
S2140049D05C28002010B50446044B186820B11DF072
S2140049E079F82046FFF77AFF10BD00BF5C2800204C
S2140049F02DE9F04F83B004461E465E4B186800282B
S214004A0000F0B48088461546002A00F0B18026B92A
S214004A103446204603B0BDE8F08F012211461DF053
S214004A203DF85549534B18681DF064FA002838D1F4
S214004A30504F0122002138681DF086FA00222146D8
S214004A4038680FF0D7FF88BB802E00D9802606F185
S214004A5030039BB2802B2ED9C6F18007BFB206EB7F
S214004A60070A1FFA8AFA4FEA8A04A4B21AF045FD2A
S214004A7083460D9B4EF66020984228BF184680B2AB
S214004A8006F03EF981460020A04216D21AF035FD07
S214004A90A0EB0B00484510D8364B18681DF052FAAC
S214004AA0F2E74046FFF71AFF0024B2E74046FFF75A
S214004AB015FF0024ADE73027D1E7DFF8B8900122D4
S214004AC00021D9F800001CF0E9FFD9F800001DF01D
S214004AD039FA844228BF0446A0B220F003091FFA20
S214004AE089F98308BAEB900F03D99E4210D29B1B1C
S214004AF09FB20024A7420DD904220DEB02011D4BE4
S214004B0018681DF0FDF9042804D10134A4B2F1E7B9
S214004B100027EEE70024A64224D907EB040C4FEA50
S214004B208C0C1FFA8CFCCC451CD204220DEB020127
S214004B30104B18681DF0E4F9042813D19DF80430D2
S214004B409DF8051005EB840243EA012325F824307E
S214004B509DF806309DF8071043EA01235380013480
S214004B60A4B2D8E74046FFF7B9FE52E7002450E764
S214004B7000244EE75C2800206C43020008B5024B78
S214004B801B6803B1984708BD9028002008B5024B63
S214004B905B6803B1984708BD9028002008B5024B13
S214004BA09B6803B1984708BD9028002008B5024BC3
S214004BB0DB6803B1984708BD9028002008B5024B73
S214004BC01B6903B1984708BD9028002008B5024B22
S214004BD05B6903B1984708BD9028002030B585B0C2
S214004BE0094C2268094B1A60094D0A4B2B600A4B88
S214004BF0019304F0D9FE02902B68039301A9206864
S214004C0019F080FC05B030BD34200020D8360020D6
S214004C10D436002028200020604C020008B5024B45
S214004C20186819F083FC08BD3420002038B504F05D
S214004C30BBFE0446064D2B68D3F8B00204F0A8FE6F
S214004C40286819F08DFC204604F0A2FE38BD00BF8F
S214004C503420002038B501F0F9FE01210D4801F09E
S214004C60C7FA01221146002001F034FE0A4C022544
S214004C70C4F8805001221146002001F02BFEC4F833
S214004C80845001221146002001F024FEC4F888500A
S214004C90002038BD30253E0000400E4008B5164BBB
S214004CA001225A6403F092F8024668B9134B4AF69A
S214004CB0E851C3F89011D3F8981141F00401C3F8F5
S214004CC098110021C3F89011012A0DD90C4A136AD5
S214004CD023F4441343F488131362A2F58042136846
S214004CE043F48073136008BD044AD2F8643143F479
S214004CF00053C2F86431E9E700000E4000300E4071
S214004D0000400E4008B50121034801F071FA03483F
S214004D1000F0FEFD08BD00BF00350A003820002068
S214004D20012900D9704708B5034B1B68186808B1FD
S214004D30436A984708BD00BF5020002030B599B0A0
S214004D40284D11ACAC46BCE80F000FC49CE8070029
S214004D5084E8070000240B940C940D940E940F9492
S214004D601094214B0B93214B0C9301228DF8372086
S214004D7002238DF8393003238DF83B301E238DF83F
S214004D803F308DF8403009AB1C3595E8030083E8CA
S214004D9003000DF10C0C03940494059406940794F8
S214004DA008948CE803000C238DF814300D238DF83E
S214004DB015300F4B0693202307938DF820208DF88F
S214004DC021200C4B00930BAB11AA61460A4804F055
S214004DD0C3FF054621464FF4E13018F096FF2846FB
S214004DE019B030BD784C02000000014000420400BB
S214004DF0642B0020842B0020D82B002008B5034904
S214004E00034805F011FBFFF799FF08BD542000206A
S214004E10FC2B002008B502481AF080FA08BD00BF37
S214004E20D82B002008B502481AF078FA08BD00BF53
S214004E30D82B002008B5024B1A6A1868904708BDA0
S214004E40D82B002008B5024818F0C3FF08BD00BFE5
S214004E509C4C020003460B4A107828B10A4A127886
S214004E609A4202D2002000E00120084A12783AB1A5
S214004E70074A127842FA03F313F0010F00D100201C
S214004E80704700BFDA210020D9210020855000207D
S214004E90D821002008B5084B01221A70074B0022C3
S214004EA01A70074B04221A70064B1F221A7004F061
S214004EB07BFD054B186008BDDA21002085500020D8
S214004EC0D9210020D8210020042C002000B591B064
S214004ED000F0F0F950B903A800F054FA069BABB9FD
S214004EE001200F4B187011B05DF804FB0120FFF78E
S214004EF0B1FF08B90020F6E718F0C7FE18F0C6FEA6
S214004F000849094B186819F0F5FFF3E701A90020D6
S214004F1000F050FA0028E3D1019A044B1A60DFE74C
S214004F2086500020B44C0200042C0020082C0020E0
S214004F3008B5064B1B782BB100F0E6F9034B0022B0
S214004F401A7008BDFFF7C2FFF6E700BF86500020C4
S214004F5008B50121054801F04BF918F0F7FD0120CE
S214004F6018F0ABFE00F076F808BD00BF00350A006A
S214004F7008B50121014801F03BF908BD00350A00DB
S214004F802DE9F04180460F4601F10905002634461A
S214004F9004E05B21082000F093FC0134AC4233D2DD
S214004FA0052C1BD801A353F824F000BF934F000034
S214004FB0C54F0000F94F0000CD4F0000D14F000054
S214004FC0D54F0000FBB20433D9B2E3E78021E1E716
S214004FD00021DFE7731C3146DEB2DBE7BB1DA342D0
S214004FE00CD0FB1DA3420BD007F10803A34209D047
S214004FF0A31F18F80310CDE7D121CBE75A21C9E744
S2140050005A21C7E75D21C5E70020BDE8F08100BF53
S21400501000B583B000220092019202218DF80010A4
S214005020054818F05CFE019008216846FFF7A8FFC7
S21400503003B05DF804FB00BF006A1800014B1022A5
S214005040DA60704700A00044014B1022DA60704717
S21400505000A0004670B588B00DF1040C374C0FCC9C
S214005060ACE80F0094E807008CE8070001213448FC
S21400507001F0BEF8334E0121304601F0B9F80125A3
S2140050808DF81250304B0393304C01A9204619F08E
S214005090BDF82B4604220621022002F045FB002321
S2140050A02A460721022002F03FFB2B460422082155
S2140050B0022002F039FB2B4604221146002002F0A3
S2140050C033FB234BA3670B2363674FF4487006F04C
S2140050D0B7FBFFF7B3FF142006F0B2FBFFF7B4FFF1
S2140050E0232006F0ADFBFFF7A9FFB921204619F0F3
S2140050F0D7F8FFF7A9FF00231A460621022002F080
S21400510013FB00231A460721022002F00DFB2B4654
S21400511000220821022002F007FB2B460022042171
S214005120104602F001FB204602F0AAFE0021A1670D
S2140051306167304601F05CF808B070BDD04C0200E4
S21400514000350A000052040000127A0000040140F4
S2140051500B0B000B08B500F087F8124A0AE010683F
S214005160516850F8230041F82300013391688B42C0
S214005170F5D30C320C4B9A4201D20023F6E70B4AC9
S21400518008E01168002041F82300013351688B4283
S214005190F7D30832064B9A4201D20023F6E7FCF713
S2140051A0CBFE00BFD0780200DC780200DC7802007C
S2140051B0DC7802000048704700F04902114BD3F833
S2140051C0943003F00703023B032B0DD8DFE803F00F
S2140051D0050F02080C4B18680BE00C4B186808E02B
S2140051E00B4B1868400804E0094B186801E04FF4C0
S2140051F00040044BD3F80031C3F304230133B0FB63
S214005200F3F0704700400E406C2000207020002015
S2140052106420002008B5FFF7D1FF054BD3F808310E
S214005220C3F308230133B0FBF3F0024B186008BD4C
S21400523000400E4068200020014B1868704700BFF1
S2140052407020002008B5064B1860064BD3F8943043
S21400525003F00703022B00D008BDFFF7DBFFFBE7D8
S2140052607020002000400E40044B054A9A60D3F898
S214005270882042F47002C3F88820704700ED00E0F2
S21400528000000000014B1868704700BF6C2000202B
S214005290BFF34F8F0549CA6802F4E062044B13431C
S2140052A0CB60BFF34F8F00BFFDE700BF00ED00E00F
S2140052B00400FA0508B5114BD3F82828A2F17E633E
S2140052C0A3F58433B3F5104F11D211680C4B9942F5
S2140052D010D10C4B1B781BB1022B01D0002008E02C
S2140052E0D369984728B9074B01221A7001E04FF49A
S2140052F0817008BD4FF48170FBE700BF0000E10F2E
S21400530007B0CD5E8750002008B5104BD3F828288C
S214005310A2F17E63A3F58433B3F5104F10D2116863
S2140053200B4B99420FD10B4B1B78012B01D0002061
S21400533008E0136A984728B9064B02221A7001E063
S2140053404FF4817008BD4FF48170FBE70000E10F59
S21400535007B0CD5E8750002008B54FF0005340F2EE
S21400536002221A804FF20F025A80054A01239360E8
S214005370136823F4E06343F480631360FFF788FF49
S21400538000500E4008B50A4BD3F82828A2F17E63D9
S214005390A3F58433B3F5104F09D2126BA2F17E63E6
S2140053A0A3F58433B3F5104F01D25368984708BD70
S2140053B00000E10F08B50D4BD3F82828A2F17E6354
S2140053C0A3F58433B3F5104F0AD2126BA2F17E63B5
S2140053D0A3F58433B3F5104F05D29368984701E0E0
S2140053E04FF4817008BD4FF48170FBE70000E10FB9
S2140053F038B50D4CD4F82848A4F17E6CACF5843C46
S214005400BCF5104F0AD2256BA5F17E64A4F5843452
S214005410B4F5104F05D2EC68A04701E04FF4817058
S21400542038BD4FF48170FBE70000E10F38B50D4C36
S214005430D4F82848A4F17E6CACF5843CBCF5104F3B
S2140054400AD2256BA5F17E64A4F58434B4F5104F1A
S21400545005D22C69A04701E04FF4817038BD4FF4A7
S2140054608170FBE70000E10F08B50D4BD3F8282844
S214005470A2F17E63A3F58433B3F5104F0AD2126B04
S214005480A2F17E63A3F58433B3F5104F05D25369BA
S214005490984701E04FF4817008BD4FF48170FBE738
S2140054A00000E10F00B583B001900F4BD3F8282819
S2140054B0A2F17E63A3F58433B3F5104F0CD2126BC2
S2140054C0A2F17E63A3F58433B3F5104F09D2936936
S2140054D0012101A8984701E04FF4817003B05DF800
S2140054E004FB4FF48170F9E70000E10F10B50A4B9A
S2140054F0D3F82848A4F17E63A3F58433B3F5104FA0
S21400550004D2236B2BB15B6A984701E04FF401701D
S21400551010BD4FF40170FBE70000E10F08B50D4B1E
S214005520D3F82828A2F17E63A3F58433B3F5104F91
S2140055300AD2126BA2F17E63A3F58433B3F5104F43
S21400554005D2936A984701E04FF4017008BD4FF406
S2140055500170FBE70000E10F30B5E1B0124BD3F865
S2140055602838A3F17E63A3F58433B3F5104F15D224
S2140055700C464FF4C0726946FFF7B8FF054678B987
S21400558021466846FFF7CAFF40F201239842F7D04B
S21400559040F20323984203D0054601E04FF401751C
S2140055A0284661B030BD00BF0000E10F10B50D4BBE
S2140055B0D3F82848A4F17E63A3F58433B3F5104FDF
S2140055C00AD2246BA4F17E63A3F58433B3F5104F9F
S2140055D005D2636B984701E040F2011010BD40F21F
S2140055E00110FBE70000E10F10B50D4BD3F828487B
S2140055F0A4F17E63A3F58433B3F5104F0AD2246B6F
S214005600A4F17E63A3F58433B3F5104F05D2A36BE4
S214005610984701E040F2011010BD40F20110FBE790
S2140056200000E10F08B50D4BD3F82828A2F17E63E1
S214005630A3F58433B3F5104F0AD2126BA2F17E6342
S214005640A3F58433B3F5104F05D2D36B984701E02A
S21400565040F2011008BD40F20110FBE70000E10F28
S214005660F0B18446F1B110B409E004F120000FE077
S2140056702033C01A18D1BCB10CF1010C01319CF8D2
S21400568000400B4B1B5D03F00303012BEDD02046BF
S2140056900B78074AD25C02F00302012AE9D1E7E759
S2140056A001207047012070475DF8044B704700BF2B
S2140056B06B7702000346064A10680344054A934285
S2140056C002D8034A136070474FF0FF30704700BFA0
S2140056D074200020000004200B681A78022A00D1EB
S2140056E0704710B508461A79597902EB4202120142
S2140056F0064C144401EBC40292001268B2FA82F21D
S21400570052091A7018F06CFB10BD00BF1CA01002E6
S21400571030B583B0054604680121174800F068FDDF
S214005720002301226179207901F0FEFF2379627956
S21400573003EB43031B011149194402EBC1039B0011
S2140057401B68B3FA83F35B092370A379022B02D09C
S214005750002003B030BD00F0E9FB2A460849607916
S21400576000F00CFC02466179207901230193009336
S21400577001F084FFECE700BF00350A001CA0100211
S214005780D956000002681378022B15D01379517988
S21400579003EB43031B011548184401EBC0039B00B1
S2140057A019680B1E18BF01239079012805D018B977
S2140057B0B1FA81F14909117070475188490089B2E0
S2140057C00B4343F47F4343F0C0034FF6E0718B4234
S2140057D005D04FF6DF718B4204D05380704701210D
S2140057E01170FAE700211170F7E700BF1CA0100245
S2140057F008B50121294800F0FBFC01230422022100
S214005800052001F091FF002001F02CFF0121244B20
S214005810C3F810180A46042001F05CF8214800F08E
S214005820A5FE214BD3F8F02042F00102C3F8F02089
S214005830D3F8FC2042F08072C3F8FC20A3F55D4349
S2140058401A4A1A6000F5D52000F2FC40C008184B32
S214005850A3FB0030800A0138164B18610222C3F8F9
S214005860F0204FF48072C3F804234FF06043124ACE
S214005870C3F8B02F114AC3F8802ED3F8002E42F496
S2140058808072C3F8002EFF2283F82020D3F8002E63
S21400589022F48072C3F8002E002008BD00350A00EE
S2140058A00080144206000E0000ED00E0FF030040FA
S2140058B017916502000004E055CEACC50900010052
S2140058C04FF06043D3F8803E13F0010F01D1112052
S2140058D070470E4AD2F8FC3043F08073C2F8FC30B2
S2140058E04FF06043D3F8002E4FF0010C0CFA00FC8A
S2140058F042EA0C02C3F8002E53F82030002BE8D002
S2140059004FF0604303F820100020704700ED00E0E1
S21400591070B584B0044601212A4800F069FC23686B
S214005920294A934215D002F58062934247D1274810
S214005930012100F05DFC01230A226179207901F043
S214005940F3FE01230A22E179A07901F0EDFE00259D
S2140059501AE01F48ECE72379617903EB43031B0148
S214005960012606FA01F11B4AD150642005F068FFB3
S2140059702379627903EB43031B019640164AD650FF
S214005980642005F05DFF0135092DE4DD2368032260
S2140059905A64637A227A43EA0223226893640123D4
S2140059A08DF800308DF8013023690293E368019387
S2140059B0237D8DF80C306946206801F047FF04B05F
S2140059C070BD00BF4041050000C0004000920400CA
S2140059D0008204000CA000440CA00046F0B585B080
S2140059E00C4694469DF83410664A1278002A00F059
S2140059F0BD800546BCF1070F00F2BA800A9A002A5D
S214005A0000F0B8800B9A002A00F0B6800E9AB2F525
S214005A10006F00F3B38001285BD05B4A02EB0C12E8
S214005A20127B002A00F0AC800022009201920292C3
S214005A300392564A02EB4C1E002C4FD14FEA4C16EE
S214005A4000209051CEF80400CEF80800CEF80C00E6
S214005A509EF8020040F010008EF802009EF8030048
S214005A6040F030008EF8030021B9C1B241F00301C6
S214005A708EF8031000930E9B013B444A4FEA4C10ED
S214005A8002EB4C11165A63F30E1616520A9B8B60E5
S214005A900B9B4B60CB789DF83C2062F38303CB7066
S214005AA0012D36D0109B002B56D0374A4FEA0C11EA
S214005AB002EB0C1310985050119A5A6000249C6008
S214005AC05D7372466946604601F02AFF204605B0BF
S214005AD0F0BD0C9A002AA0D12D48F8E72B4F4FEACC
S214005AE04C1607EB4C120020B85150609060D06006
S214005AF0907840F010009070D07840F00300D0709E
S214005B000029B7D107EB4C12C1B241F03001D17079
S214005B10B0E70E460A7B42F001020A73D2B242F0A8
S214005B2002020A73CA68042161F39F02F26006F15A
S214005B30100796E80F0087E80F00F2696FF0030180
S214005B4061F39F02F2610C9B7361012CAAD10B9A40
S214005B50B2610C9A7260A5E7002DA6D10B4B03EB41
S214005B604C139A786FF304129A709EE70948AEE7D2
S214005B700748ACE70648AAE70548A8E70448A6E7AA
S214005B800548A4E7885000200C2D00200C2C00208F
S214005B90018000F0028000F0078000F0134B1B78B5
S214005BA0FBB110B50446F0B118F0D8F90023072B66
S214005BB013D80F4A02EB0312127B0AB10133F6E741
S214005BC023600B4A190102EB031301241C73002403
S214005BD0545018F0C9F9204602E018F0C5F90548F7
S214005BE010BD054870470548FAE700BF88500020FA
S214005BF00C2D0020048000F0028000F0018000F0F0
S214005C0038B518F0ABF904460023072B06DC0C4A1F
S214005C1002EB0312127B12B90133F6E7002222B11F
S214005C20204618F0A1F9074838BD01F02DFE0025E2
S214005C30054B1D70204618F097F92846F4E700BF7C
S214005C400C2D0020058000F0885000200F4B1B789C
S214005C50BBB110B50446072815D818F07FF90C4BD1
S214005C6003EB04131B7B1BB918F07EF909480BE005
S214005C70074B03EB041300241C7318F075F9204639
S214005C8002E005487047054810BD00BF8850002058
S214005C900C2D0020068000F0028000F0018000F04D
S214005CA000B583B0144B1B68019300238DF80430B5
S214005CB018F054F9114B1B7833B9104B01221A70A7
S214005CC018F052F9002309E018F04EF90C480FE0DE
S214005CD00C4A02EB0312002111730133072BF7DD88
S214005CE004238DF807300DEB030001F0EFFD0020D4
S214005CF003B05DF804FB00BF3C4D02008850002056
S214005D00038000F00C2D002008B50A4B1B785BB111
S214005D1007280BD8084B03EB00131B7B43B100216D
S214005D2001F0CAFD002008BD0448FCE70448FAE775
S214005D300448F8E7885000200C2D0020028000F070
S214005D40018000F0078000F008B50A4B1B785BB1B5
S214005D5007280BD8084B03EB00131B7B43B101212C
S214005D6001F0AAFD002008BD0448FCE70448FAE755
S214005D700448F8E7885000200C2D0020028000F030
S214005D80018000F0078000F008B50A4B1B7853B17D
S214005D9007280AD8084B03EB00131B7B3BB101F026
S214005DA013FE002008BD0548FCE70548FAE705484D
S214005DB0F8E700BF885000200C2D0020028000F07D
S214005DC0018000F0078000F0104B1B78ABB107286D
S214005DD015D8B1B10E4B03EB00131B7B9BB10D4BDB
S214005DE01B6E0122824013EA020003D001230B70CF
S214005DF00020704700230B7070470748704707481D
S214005E007047064870470648704700BF8850002015
S214005E100C2D002000200E40028000F0018000F0D3
S214005E20078000F00C4B1B7873B110B50C460728A2
S214005E300CD869B1094B03EB00131B7B53B101F07F
S214005E40D7FD2070002010BD054870470548FAE7CA
S214005E500448F8E70448F6E7885000200C2D002098
S214005E60028000F0018000F0078000F0F8B5194BC2
S214005E701F6EDB6E1F4002D40125002402E0FEE701
S214005E8001346D00072C24D83D42F9D0114B9D6695
S214005E902301114AD358002BF2D002EB0416B16846
S214005EA00131B16072682046984780F00100C0B2A8
S214005EB0737B012BE4D10028E2D0084B03EB44139C
S214005EC01A7B6FF341021A731A7F6FF341021A7737
S214005ED0D6E7F8BD00200E400C2D00200C2C00202C
S214005EE010B5044602E0202007E09047DCB194FAA3
S214005EF0A4F00028F7D0B0FA80F00123834024EA0B
S214005F000304094B03EB00135A68002AEED0064B35
S214005F1003EB00131B7B002BE7D0034B03EB0013B4
S214005F2099689047E2E710BD8C2D002008B5122036
S214005F3000F046FE28B1084B4FF48022C3F88021BB
S214005F401A600A2000F03CFE28B1034B4FF4806232
S214005F50C3F880211A6008BD00E100E038B50546A8
S214005F600C4617F0FBFF044B03EB05135C600022A6
S214005F701A7317F0F9FF38BD8C2D0020F8B50546CA
S214005F800F46164617F0EAFF05F0FC0C0F4BD3F849
S214005F9028140023032B0BD85C1904F00304644474
S214005FA021FA04F212F0010F03D00133DBB2F1E75D
S214005FB0FF24FF2C06D0064B03EB04135F609E60A5
S214005FC001221A7317F0D0FF2046F8BD00A000404B
S214005FD08C2D002008B5064BD3F82804D3F81C24D3
S214005FE0104000F05530C3F82404FFF779FF08BDD1
S214005FF000A0004008B5064BD3F82804D3F81C24AC
S214006000104000F0AA30C3F82404FFF769FF08BD6B
S21400601000A0004008B5034B1968034B18680EF043
S21400602017F808BD7820002098200020B0F1FF3F28
S21400603001D010B97047024870470248704700BF49
S21400604021E000F024E000F0F8B505460E46940086
S214006050224618F08CF8FFF7E9FF074628B92246D3
S214006060314628461CF0F5FC08B93846F8BD014F05
S214006070FBE700BF10E000F038B5044601F08CFDE9
S214006080FFF7D4FF054608B1284638BD01F0A6FE46
S2140060900146204617F0FFFE0028F5D1004DF3E735
S2140060A00EE000F008B517F04AFF014B186008BD77
S2140060B07C36002008B5024B186817F044FF08BD70
S2140060C07C360020074BDB6B13F0400F04D1064BE9
S2140060D0D3F8C830002BFAD1024B5868C0F3014001
S2140060E0704700BF00300E400000C6430C4B98427D
S2140060F005D90C4B984210D801210A4601E0002130
S2140061000A46094B1A64094AD2F8003123F0807314
S21400611043EA0163C2F80031704702210122F0E72A
S2140061200048E8010090D0030000C84300400E403D
S214006130014B1868704700BF9C200020114B5B681D
S214006140002300E00133042B0CD80F4A02EBC302F5
S21400615092F804C0CAB29445F4D10B4A52F83320E0
S2140061608242EFD3052B0BD0074A02EBC3035979C3
S214006170044A536823F0407343EA01635360704750
S2140061800321F5E700000E40644D020008B5FFF756
S21400619015F8044BD3F80031C3F3042303FB0000C7
S2140061A008BD00BF00400E4010B5084B1C6CA4B2E2
S2140061B041F671321A64FEF7FDFF0021FFF7BEFFBD
S2140061C014B1024B00221A6410BD00BF00000E403E
S2140061D010B5064B1C6CA4B241F671321A64FFF778
S2140061E0ADFF14B1014B00221A6410BD00000E4032
S2140061F010B4C0F30323013B092B21D8DFE803F0DA
S2140062000508202030232620292D0024164A01E0E8
S2140062100024164AC0F3043054B1134BD3F844316B
S21400622013F0010F04D1104BD3F840311C42FAD1C1
S21400623002F1424303F5801300EBC30080000160C7
S2140062405DF8044B70470124094AE3E71024094A25
S214006250E0E74FF48034084ADCE70024074AD9E731
S2140062600024074AD6E700BF00400E40C0400E405C
S214006270E0400E40E8400E40F0400E4050410E40D8
S214006280B0400E40C0F30313013B092B6BD8DFE888
S21400629003F0050B111B6A6A2127415F334BD3F8C5
S2140062A00001C0F304207047304BD3F81401C0F34C
S2140062B0042070472D4BD3F80031C3F3006301333D
S2140062C00120984001387047284BD3F80C01C0F3E2
S2140062D008207047254BD3F80801C0F30820704704
S2140062E0234B984204D0234B98420AD00020704794
S2140062F01E4BD3F8203103F00F03012098400138DD
S21400630070471A4BD3F82031C3F30113012098408D
S21400631001387047184B984207D003F5B01303F5C1
S214006320805398420AD000207047104BD3F828318B
S214006330C3F3011301209840013870470B4BD3F884
S2140063402831C3F3012304330120984001387047F5
S2140063500A4B984201D000207047044BD3F8300116
S21400636000F0030070470020704700BF00400E405A
S2140063708006160080162E0090171A00A00914003A
S21400638000F00F000138072865D8DFE800F0041B8E
S2140063902A643E4D64553B4BD3F8943003F0070314
S2140063A0023B052B0CD8DFE803F0055803070B0962
S2140063B002207047042070470B2070470C2070475F
S2140063C0052070472F4BD3F8803003F00703022BCD
S2140063D045D0042B45D0012B01D001207047032067
S2140063E07047284BD3F8843003F00703013B032B98
S2140063F009D8DFE803F002380604032070470A20B5
S214006400704706207047012070471E4BD3F888302F
S21400641003F00703022B28D0042B28D0012B01D031
S2140064200120704703207047164B1B6F13F00103C3
S2140064301FD003B309207047124BD3F85C3103F02A
S2140064403003202B19D0302B19D0102B01D001206F
S21400645070470720704700207047032070470220CF
S21400646070470A20704702207047022070470A20B3
S21400647070470720704701207047042070470820A7
S214006480704700BF00400E4010B50446FFF778FF87
S2140064901B4B9C4212D01B4B9C4215D01A4B9C4265
S2140064A006D00138032828D8DFE800F014171D1A94
S2140064B0164BD3F8800000F00700F2E7134BD3F832
S2140064C0840000F00700ECE7104BD3F8880000F0DB
S2140064D00700E6E717F02CFC10BDFEF7D3FEFBE73F
S2140064E017F029FCF8E7FEF769FE084BD3F80031F1
S2140064F0C3F300630133D840EEE70020ECE700BFAB
S214006500030020000500240002001E0000400E408C
S21400651008B50748FFF734FF072804D0092805D137
S214006520FEF74CFE03E0FFF703FE00E0002008BD88
S21400653006000E0008B10020704710B504460A4851
S214006540FFF71EFF072805D0082809D0042804D026
S214006550204610BDFFF7ECFDFBE7FEF76DFEF8E703
S214006560FFF714FEF5E700BFB800320038B500F4B8
S2140065707813B3F5B01F00F0938005463BD8B3F50B
S214006580402F00F0828010D9B3F5801F00F0AA805B
S214006590B3F5A01F27D15748FFF776FF564BD3F821
S2140065A0303103F00303D8401CE0B3F5802F61D0F0
S2140065B005D9B3F5202F14D1FEF700FE12E0002B0C
S2140065C055D0B3F5003F0AD1FEF7F8FD4A4BD3F895
S2140065D00831C3F308230133B0FBF3F002E00020D8
S2140065E000E0002038BDB3F5602F02D1FFF790FF22
S2140065F0F8E70020F6E7B3F5381F5BD00ED9B3F501
S214006600481F72D0B3F5781F21D1FEF7D7FD044698
S214006610284617F08FFCB4FBF0F0E3E7B3F5001F55
S21400662052D006D9B3F5101F0FD13248FFF72CFF12
S214006630D8E7B3F5D01F4BD0B3F5F01F03D12F48E2
S214006640FFF722FFCEE70020CCE70020CAE7B3F52D
S214006650401F0AD12A48FFF717FF274BD3F82831E7
S214006660C3F301230433D840BCE70020BAE7FEF7A3
S214006670A5FDB7E7FEF7A2FD1F4BD3F80C31C3F319
S21400668008230133B0FBF3F0ACE7FEF797FD1A4B97
S214006690D3F81431C3F304230133B0FBF3F0A1E7BE
S2140066A01648FFF7F1FE144BD3F8203103F00F0322
S2140066B0D84097E71148FFF7E7FE0F4BD3F8203195
S2140066C0C3F30113D8408DE70D48FFF7DDFE89E7D9
S2140066D00B48FFF7D9FE084BD3F82831C3F3011354
S2140066E0D8407FE7FFF724FD7CE70020FFF722FF76
S2140066F078E700BF0500240000400E4002001E00A0
S2140067000300200010B5FFF74FFD084B07225A671D
S214006710FEF754FDFFF7EAFCFEF77CFD0446FFF7A4
S214006720D1FC01462046FFF753FD10BD00400E4049
S214006730014B1880704700BFA4210020014B188031
S214006740704700BFA221002004281ED8DFE800F012
S214006750180312080D000E4B186AC0F308007047A5
S2140067600B4B186900F07F007047094B986900F0E2
S2140067707F007047064BD3F89C00C0F30A007047B2
S214006780034B986B00F07F0070470020704700BFF7
S21400679000400E4038B50C46042813D8DFE800F059
S2140067A043032F132100C1F30804274BD3F868389E
S2140067B0002BFAD1254A136A23F4FF7323F0010352
S2140067C02343136238BD01F07F041F4BD3F86038B3
S2140067D0002BFAD11D4A136923F07F03234313616C
S2140067E0F0E701F07F04184BD3F86438002BFAD199
S2140067F0164A936923F07F0323439361E2E7134D20
S214006800D5F890306B6A23F0300343F010036B62C8
S214006810C1F3C31017F088FB2A6B0D4B13402343BC
S21400682003432B63CEE74F2928BF4F24064BD3F8EC
S2140068307438002BFAD1054A936B23F07F03E4B239
S2140068401C439463BEE700BF0020C84300400E40D0
S21400685000F8FF0F134B5B6A13F0300F09D02029A6
S21400686014D0302915D009B10F4A04E04FF4400285
S21400687001E04FF440020B4BD3F8903032EA0303AA
S214006880F9D112F4800F07D1012070474FF40002AF
S214006890F1E74FF44002EEE7024BD3F8A000C0F356
S2140068A08020704700400E40FF33E107022801D0E9
S2140068B00120704710B529B1054B4FF48064C3F82A
S2140068C0A84059660AB9012010BDFFF7C3FFFBE7D1
S2140068D000400E4070B5042800F28580DFE800F026
S2140068E0484250033C00022301250024AC46002900
S2140068F067D002284AD000213B4B1D663B4B234401
S2140069009B001B68002BF9D0002A6CD0374C6444DF
S214006910A4002368002BF9D0022864D1002962D095
S214006920314B5B6A13F0010F46D001222021FFF79E
S214006930BDFF0220FFF708FF0646012200210220C5
S214006940FFF7C8FF31460220FFF724FF264B1D66DF
S2140069502368002BFCD046E02023102504244FF0AB
S214006960050CC4E78023402506244FF0070CBEE73D
S2140069704FF400734FF4807508244FF0090CB6E707
S2140069800823042502244FF0030CB0E7164B5B6A7D
S21400699013F0300F0ED1164BDB6B134B5B6A13F004
S2140069A0010FA9D0104E736A23F0300343F0100392
S2140069B07362A1E700219FE700210220FFF74AFF4C
S2140069C0B7E709490B66084BD3F890100123A3409C
S2140069D01942F8D13AB1044BD3F89020012303FAB8
S2140069E00CF31A42F7D170BD00400E408004F2103E
S2140069F000300E4010B50446A8B1012818D0FFF7A5
S214006A00D3FBDCB9104B04225A67FEF7D7FBFFF71F
S214006A106DFBFEF7FFFB0446FFF754FB01462046DE
S214006A20FFF7D6FB10BD01221146FFF753FFE6E73E
S214006A30012211461046FFF74DFFE0E7012CE4D196
S214006A40014B03225A67E0E700400E4038B5FEF7D8
S214006A50F3FB0446002100F0B5FB1648FFF746FBA3
S214006A60012211460220FFF735FFFFF79DFB4CB1D0
S214006A70114BDB6B13F0400F04D1104BD3F8C8302A
S214006A80002BFAD10E4B02225A67FEF797FBFFF750
S214006A902DFBFEF7BFFB0546FFF714FB0146284615
S214006AA0FFF796FB04B138BD0121002000F08AFBF9
S214006AB0F9E700BF0148E80100300E400000C64379
S214006AC000400E4010B5012211460320FFF702FFDA
S214006AD0FFF76AFB084B05225A67FEF76FFBFFF7C6
S214006AE005FBFEF797FB0446FFF7ECFA0146204647
S214006AF0FFF76EFB10BD00BF00400E4070B50446A9
S214006B001120FFF73DFC012200210220FFF7E2FEE4
S214006B10237C022B2AD00022154E736A23F0010331
S214006B20134373622278134BC3F8A024A288637AB7
S214006B3043EAC223F362356B05F07F65E38845EAD6
S214006B40C325A37A1D43207A45EAC01517F0ECF951
S214006B5005433563627BA37B1B0143EA0233E27B7A
S214006B601343227B43EA0243736370BD0122D3E7DB
S214006B7000400E400000C84338B505461120FFF718
S214006B80FFFB0D4A916B0D4C0C4029780C436B783B
S214006B9044EAC324AB7844EA0364EB7844EA03246B
S214006BA0936BA34200D138BD012200210846FFF7AF
S214006BB091FE014B9C63F6E700400E4080E4FFF830
S214006BC04209064B53F8223000F01F0023FA00F06B
S214006BD080F0010000F00100704700BF00E100E017
S214006BE0074BDB6B13F0400F04D1064BD3F8C830CD
S214006BF0002BFAD1024B5868C0F30140704700BF23
S214006C0000300E400000C643114BDB6B13F0400F04
S214006C101DD10F4BDB6B13F0400F04D10D4BD3F897
S214006C20C830002BFAD10A4B1A68C2F301225B68FF
S214006C30C3F301439A4205D9054A136843F010038B
S214006C4013607047024A136823F0100313607047FE
S214006C5000300E400000C643074B1B6813F0100FB1
S214006C6005D0064B1B69C3F30443082B00D07047BE
S214006C70034B044A1A60FAE700300E4000400E400C
S214006C8064200020C0EA21011A48C26CC2F3032225
S214006C90194B1B8803F1280103EB510328330132FB
S214006CA002EB8201B3FBF1F3013B072B28BF07235E
S214006CB0C16C21F0EE6141EA036343F48013C364C0
S214006CC00E4BB3F90030002B13DB9BB203F1280107
S214006CD003EB51032833510801EB4202B3FBF2F3F6
S214006CE0072B28BF0723026D22F0700242EA031327
S214006CF00365704700300E40AA4F0020A64F0020C4
S214006D00024B1880024B1980704700BFAA4F002024
S214006D10A64F002010B1012804D07047034B044A48
S214006D209A657047014B034A9A65704700300E40DB
S214006D3077402057372110B71A4BD3F83032032943
S214006D4029D8DFE801F002121518DBB24AB91B0396
S214006D5033F4704121D11448C16E21F470411943B7
S214006D60C166012A09D001207047C3F30723EDE767
S214006D70C3F30743EAE71B0EE8E71B0333F470424E
S214006D800DD10949D1F8EC2022F470421343C1F822
S214006D90EC3001207047002070470020704700202C
S214006DA0704700BF0081E00F00300E401B02A2B10A
S214006DB001221343B3F5007F4DD022D8B3F5807F70
S214006DC042D00CD940F20112934215D1294BD3F888
S214006DD024321A0EC3F3074310E00022E9E763B338
S214006DE0012B06D1234BD3F82432C3F30722DBB2A0
S214006DF004E00022134601E00022134603600A6006
S214006E007047B3F5407F2DD040F20132934206D151
S214006E10184BD3F828321A0EC3F30743EEE740F2B6
S214006E200122934206D1134BD3F82832C3F307222C
S214006E30DBB2E3E700221346E0E70E4BD3F81C3242
S214006E40C3F30722DBB2D9E70A4BD3F81C321A0E7B
S214006E50C3F30743D2E7074BD3F82032C3F3072226
S214006E60DBB2CBE7034BD3F820321A0EC3F307434B
S214006E70C4E700BF0081E00F38B5002850D04B4B68
S214006E80DB6B13F0400F07D1494B1A78C2F10202B0
S214006E9010239340454A1361464AD2F8804104F0D5
S214006EA0010445F60E03C2F88031434B1B6803F01D
S214006EB0010103F01000014303F04000084303F013
S214006EC00401014303F480730B431366374BDB6BFB
S214006ED013F0400F04D1394BD3F8C830002BFAD149
S214006EE0324B1B6813F0100F0DD0324BD3F84031E5
S214006EF013F0807FF9D1324B1A682E4B1A61314B52
S214006F001B78052B2BD02F4B1B78023B0A2B32D835
S214006F10DFE803F02E3F433131313131314649004D
S214006F20244BD3F89020244B1A601120FFF728FA40
S214006F30244B18701D4BDB6B13F0400F04D11F4B16
S214006F40D3F8C830002BFAD1184B5B68C3F3014363
S214006F50174A1370174B1A69194B1A6018E01A4B28
S214006F601D68FFF73DFE01462846FFF731F9CAE7E0
S214006F700020FFF73FFD104B1B6813F0010F02D1F6
S214006F800C4B02221A661CB10A4B0022C3F8802161
S214006F9038BD0120FFF72EFDEDE7FFF757FDEAE7C6
S214006FA0FFF790FDE7E7FFF7ADFBE4E700300E40A4
S214006FB08950002000400E40843600200000C64362
S214006FC0803600208A50002064200020074A13687C
S214006FD023F44073417843EA012313604378022B7D
S214006FE000D07047024B5B6AFBE700BF00300E40E4
S214006FF000400E4038B50446F8B9FFF705FE184ABB
S214007000136943F00403136117F081F817F080F852
S214007010144B154AC3F8242403F559231B6813F0B0
S214007020100F0ED130BF17F074F803F0BBFB8CB115
S2140070300120FFF721FF84B138BD0020FFF71CFFB9
S214007040DBE716F07CFF05461BF066FF284616F0C9
S2140070507AFFE8E7FFF700FEEDE7FEF7DBF8EBE781
S21400706000ED00E000A000400000FFFF38B5044639
S21400707050BBFFF7C9FD1E4BD3F8802145F60E0125
S214007080C3F880114FF42071196612F0010F02D078
S2140070900022C3F88021174A136943F004031361E2
S2140070A0154B164AC3F8242417F031F8144B1B6806
S2140070B013F0100F0CD130BF03F074FB8CB101201D
S2140070C0FFF7DAFE84B138BD0020FFF7D5FED0E723
S2140070D016F035FF05461BF01FFF284616F033FF57
S2140070E0EAE7FFF7B9FDEDE7FEF794F8EBE700BF38
S2140070F000400E4000ED00E000A000400000FFFF52
S21400710000300E40134B9A6922F03F020378D3B149
S21400711004234178C9B102210B438178B9B1082113
S2140071200B43C178012900D000210B4301790B43A2
S2140071301343084A9361136823F44033417943EAC2
S2140071400143136070470023E3E70021E4E70021D2
S214007150E6E700BF00300E40174BDB6B13F0400F26
S21400716029D170B504460D46FFF73AFDA04218D067
S214007170124BD3F80031FEF721F80646022C11D048
S214007180C4F10202102393400B4A136145B1D36B3E
S21400719013F0400F04D10A4BD3F8C830002BFAD1B5
S2140071A024B170BD0221FFF713F8E9E7002130464D
S2140071B0FFF70EF8F5E7704700300E4000400E402F
S2140071C00000C64338B5114BDB6B13F0400F0BD1F4
S2140071D00C4650B10E4B1B7813B10E4B98420FD98C
S2140071E021460020FFF7B8FF38BD0B4BD3F80051FF
S2140071F0C5F304250135FDF7E1FF05FB00F0E9E7DF
S21400720021460220FFF7A8FFEEE700BF00300E4041
S21400721088360020002D310100400E4008B5027867
S214007220034B1A7001210020FFF7CCFF08BD00BFFA
S2140072308836002010B42C4B5A6B4AF6E851596336
S214007240294B9B6F13F0010FFAD1274B1B6C13F0E1
S214007250030303D025490124C1F8B44AD9B28142B8
S21400726021D0032B00D01BB9431EDBB2012B21D942
S2140072701D4B9B6F13F0010FFAD11B490B6C23F0CB
S214007280030303430B64184B9B6F13F0010FFAD1F3
S214007290003818BF0120154BC3F8B40A012A1FD0C6
S2140072A05DF8044B70470028FAD1104B0022C3F853
S2140072B0B42AF5E70C4B4FF40021D9620A4B9B6FBA
S2140072C013F0010FFAD108490B6C23F0030343F0C7
S2140072D001030B64044B5B6A13F4002FFAD0C7E774
S2140072E0014B00225A63DBE700300E400000C64325
S2140072F02DE9F04F8DB000910192002309930A9377
S2140073000B93069307930893039304930593654A98
S2140073101288ADF808208DF80A30A0F5E163B3F5C1
S214007320966F00F2AE800646B0F5E16F8CBF4FF068
S21400733001094FF000096DD94FF4966A4FF4E164E5
S214007340B6F5E16F6BD9584BD3F8183208931A0E7E
S2140073500592C3F307430893544DEF6CC7F30177C8
S2140073608DF808703B464A4603A906A8FFF71EFD9F
S214007370D5F8EC30C3F301288DF8098043464A4619
S21400738004A907A8FFF712FD321B089B0599C91A26
S21400739002FB01F1B1FBFAF10B9119440B91DDF8F8
S2140073A00CB0DDF818C0ABEB0C0502FB05F5B5FB21
S2140073B0FAF5099565440995DDF810E00798AEEBF7
S2140073C0000404FB02F2B2FBFAF20A9284180A9452
S2140073D0059A8A4259D38B4259D8A64559D3A0421A
S2140073E059D8AB4559D3AC4559D8019B73B12F4BEF
S2140073F0DB6D23F4FE4323F0020343EA0123B6F5D4
S214007400E16F16D902221343284AD365009B93B92D
S214007410012037E04FF4167A4FF4966490E7224B3B
S214007420D3F818320893C3F307220592DBB2089309
S21400743092E70022E7E7002239464846FFF77CFC41
S21400744000B3012241464846FFF776FCD0B1A5427C
S21400745038BF25460995E72D28BFE7250995134B24
S2140074605B6E23F4FF7323F0010343EA4503B6F58E
S214007470E16F04D9012213430C4A536602E000224E
S214007480F9E700200DB0BDE8F08F0020FAE70020F5
S214007490F8E70020F6E70020F4E70020F2E70020F7
S2140074A0F0E700BF8C4D02000081E00F00300E4078
S2140074B008B5214B1A6FDB6C13F0010F09D012F0E0
S2140074C0060F06D013281FD9143813281ED80823F1
S2140074D023E0194BDB6C13F0010F09D112F0060FF5
S2140074E006D1092814D90A38092813D8082314E025
S2140074F0114BDB6C13F001030FD012F0060F0BD10B
S214007500272817D8082308E0042306E0102304E001
S214007510042302E0102300E00023013B1A0342EAA2
S21400752003220549CB6C23F47F431343CB64FFF758
S214007530ABFB08BD1023F0E700300E4008B5074B44
S214007540D3F88039064A136F23F007030343136703
S214007550044B1888FFF7ACFF08BD00BF0000C64309
S21400756000300E40A84F002008B5084AD36E43F0FE
S2140075708073D366064BD3F880391BB10420FFF71F
S214007580DDFF08BD0020FFF7D9FFFAE700300E4008
S2140075900000C64338B5304B02229A639B6B03F05B
S2140075A00F03934254D10446B0F90C10C3884A2BFB
S2140075B009D9B3F5FA7F41D340F6C312934240D8B7
S2140075C04FF0005200E00022234BDB6C23F04053C8
S2140075D023F00103002937DB01210A4313431E4A27
S2140075E0D364D2F8EC3043F44073C2F8EC30A2888F
S2140075F01A4B1A80FFF7B8FFB4F90C102089FFF772
S2140076007FFBA088FFF754FFA07BFFF783FB0122D8
S21400761011466088FFF76CFE0546D0B10E4AD36B64
S21400762043F48063D3636078FFF704FEA37A202BCD
S2140076300CD000220A4BC3F894270AE04FF0805281
S214007640C2E74FF04052BFE70021C6E70122F1E74C
S2140076500025284638BD00BF00300E40A84F002049
S2140076600000C643044AD2F8443423F0030303431D
S214007670C2F84434704700BF00A00040F8B50D467D
S21400768014461E46072A2AD8930000FA03F20F2152
S21400769099401D4816F048FD0027072C2AD8A1005F
S2140076A005F003028A40032303FA01F1174816F097
S2140076B03BFD174A224492001660164B23449B005B
S2140076C09DF818201A600123A340134AC2F82434F8
S2140076D0124B23449B009DF81C201A60F8BDA2F1B3
S2140076E00807BB0000FA03F20F2199400C4816F079
S2140076F01BFDD2E7BF0005F00302BA400321B940E4
S214007700084816F011FDD4E700A4004008A4004085
S21400771080208510A020851000A000404021851004
S21400772004A400400CA40040F8B504460D461E46CE
S21400773017463AB1FBB100EB400109010122AA400D
S2140077401D4B5A50072D1ED8A90004EB44031B01FD
S21400775007FA01F20F2000FA01F11848184416F053
S214007760E3FC3FB9FEB104EB440424010122AA4025
S214007770114B1A51F8BD00EB400109010122AA4045
S2140077800F4B5A50DEE7A5F108039B0004EB440CB0
S2140077904FEA0C1C07FA03F20F219940094860448F
S2140077A016F0C2FCDDE704EB440424010122AA40E3
S2140077B0034B1A51DEE700BF0CA0004604A00040B1
S2140077C00CA0004408A0004002B97047F8B5044673
S2140077D00E46174603F00305036823F44073036060
S2140077E02A024FF4407116F0ADFC2EB9124B9C42A3
S2140077F017D0124B9C4219D02368114B5A5D07FBD9
S21400780002F26AB1A6EBC7031344013BB3FBF2F3E3
S214007810013B226812F0020F01D003B90123236155
S214007820F8BD0848FEF7A2FE0646E5E70648FEF75E
S2140078309DFE0646E0E700BF00C0004000C40040D2
S214007840904D0200008204000092040038B5054600
S2140078500C46002303640B4BC3634A7882F0010294
S21400786000F1424303F58013DB0001339B001A60EE
S2140078700B7B8A684968FFF7A7FF2178284616F031
S2140078806FFC38BDFFFF070008B5094B4FF40072C8
S214007890C3F88020BFF34F8FBFF36F8F054B0021D7
S2140078A0D96619624FF4AA40FEF7A2FC08BD00BFD5
S2140078B000E100E000200E4081F00101024B03448D
S2140078C09B001960704700BFA001F11010B5044678
S2140078D001214FF4AA40FEF78BFC23786178A2784A
S2140078E042EA012242EA03620B4B1A6000221A6245
S2140078F0DA625A634FF00042DA664FF0FF329A6659
S214007900064A4FF40071C2F88011E3785B01DBB2DF
S21400791082F80933116010BD00200E4000E100E03F
S21400792070B50C46C3B201259D40254EB5660B6862
S21400793000EB400106EB0111C1F88030637BC1F813
S214007940883094F80AC0E37A1B0543EA0C4394F89F
S2140079500CC043EA4C53C1F8843022F00302C1F84D
S214007960982016F0FBFAF36E2B43F366237A13B1D6
S214007970736B2B437363637A1BB1114AD36A2B4331
S214007980D3620F4B1B68227922B1D243120262F4F3
S2140079907F42134062790AB143EA0223A2791AB100
S2140079A0D24362F0FF021340E27902B11343044A65
S2140079B01360044B9D62D56316F0D6FA70BD00BF07
S2140079C000200E4000200E4410B5C0B201248440B2
S2140079D016F0C4FA044AD36E23EA0403D366034BB4
S2140079E01C6216F0C1FA10BD00200E4000200E44A6
S2140079F010B5C0B20124844016F0B0FA084B1B6ADA
S214007A00234205D1064B9B6A9C4306D0002400E027
S214007A10002416F0A9FA204610BD0124F9E700BF9D
S214007A2000200E40054B5A685B68054B41F67132E4
S214007A301A649A6822F001029A60704700300E407D
S214007A4000000E40034B9A6822F001029A60002262
S214007A501A64704700000E400C4B0D4AD26912F0B3
S214007A60010F02D00BB1013BF7E74BB1084B186191
S214007A700122DA60DB6913F0040F04D1002070479E
S214007A806FF0020070474FF0FF3070478096980006
S214007A9000000E408C46E9B900207047013B124AB0
S214007AA0D26912F0010F04D0002BF7D16FF002005C
S214007AB070479BB10C4BDB6913F0020F11D1614587
S214007AC00AD250F8042B084B9A6101310822DA607A
S214007AD0064BE4E70021F2E7002070476FF0020053
S214007AE070476FF00100704700000E4080969800C7
S214007AF02DE9F04780460E46254B196C1FFA81F992
S214007B0041F671311964234948684968996841F01B
S214007B1001019960970800231D4614E01C498A68F5
S214007B2022F001028A60B9F1000F2DD00A4600212A
S214007B30116429E051463046FFF7ACFF0346C0B952
S214007B40554406EB8A06BD4213D208EB8504204650
S214007B50FFF782FF03460028E0D1C4F30A04C4F509
S214007B600064A308A7EB050ABAEB940FE2D39A4683
S214007B70E0E707498A6822F001028A60B9F1000F3F
S214007B8002D00A46002111641846BDE8F08700BFFF
S214007B9000000E4000300E4010B42B4B196C89B21A
S214007BA041F671321A64294A546852689A6842F05B
S214007BB001029A6018610122DA60DB6913F0040F93
S214007BC00BD1214B0222DA60214B1F4AD26912F0F8
S214007BD0010F0ED06BB1013BF7E71B4A936823F009
S214007BE00103936011B1134600221A644FF0FF3070
S214007BF00DE0154AD26912F0020F0BD1B3B1124A4A
S214007C00936823F001039360E1B1002010645DF8EF
S214007C10044B70470C4A936823F00103936011B13C
S214007C20134600221A646FF00100F0E7064A9368D4
S214007C3023F00103936011B1134600221A646FF01B
S214007C400200E4E70020E2E700000E4000300E40AD
S214007C5080969800014B01229A60704700500E40B3
S214007C6010B4184B5C68002318460BE0B2F5803F52
S214007C7021D0154A52F83320224202D0214200D1A8
S214007C8010430133082B19D80F4A02EBC302516880
S214007C900E4AD2F8E82112F0040FEAD10A4A52F846
S214007CA03320B2F5006F06D0E0D8B2F5007F02D0E0
S214007CB0B2F5806FDDD141F48071DAE75DF8044BF0
S214007CC0704700BF00500E40944D02000040E00F89
S214007CD04A790B7891F801C043EA8C0391F802C008
S214007CE043EA8C1391F803C043EA0C1391F804C0DE
S214007CF043EACC2343EA02338A7943EA4243043018
S214007D000001014A1350704700200440014B1860E0
S214007D10704700BF00008442037813B30123427803
S214007D200AB3042213438278FAB110221343C278AE
S214007D30EAB120221343027943EA0223427943EA56
S214007D4002338279AAB14FF400421343C27943EA60
S214007D500243027A7AB14FF400321343074A1360A3
S214007D6070470023DBE70022DCE70022DEE7002284
S214007D70E0E70022E9E70022EFE700BF002004402A
S214007D800D4AD2F8E4309B0003F03C03D2F8E01032
S214007D90C1F381110B438370D2F8E03003F03F0348
S214007DA04370D2F8E83003F0F003D2F8EC20C2F3C8
S214007DB0031213430370704700FF0FE0024BD3F823
S214007DC0F000D3F8F41070470081E00F024BD3F8B0
S214007DD0FC00000E704700BF0081E00F044BD3F894
S214007DE0E4301B0E0A3303F01F030120984070474F
S214007DF00081E00F70B5054616461C460846D1B110
S214007E00402C20D01BD804B3202C13D1082306FB0B
S214007E1003F2530803EB4013B3FBF2F3203B0C4A88
S214007E2002EAC3032A6822F060022A602A68144322
S214007E302C606B6170BD0748FEF798FBE0E7602C8E
S214007E40F8D10423E3E70623E1E71023DFE700BFCA
S214007E50F8FF7F004041050038B5054614460B463E
S214007E6031B1013B6400B3FBF4F31B026B6138BD18
S214007E700248FEF77BFB0346F3E700BF40410500E0
S214007E8040F6AA63C3600023036041F20502426025
S214007E9083604361C364134A8264036643678367EF
S214007EA0C367114B98420BD003F58063984207D006
S214007EB003F58063984203D003F58063984201D1AE
S214007EC0002303650023836503F1804303F58233B3
S214007ED0984203D003F50063984201D10023C3659E
S214007EE0704700BFF9FF01000000014038B50446A6
S214007EF019F021FF054DA446BCE80F000FC59CE80D
S214007F000F0085E80F00002038BD00BF8C3600202B
S214007F1047F6FF739A4200F08480062900F28380B9
S214007F2070B5444B13F801E0BEF1020F7DD8424B0A
S214007F3003EBCE0191F802C0BCF1010F38BF4FF041
S214007F40010C604613F83E30012B26D03A4B03EB6B
S214007F50CE035C68002C6AD0B4F90030934204DB90
S214007F60B4F90230934200DC1346A288FF2A2CD0D4
S214007F7000212826C8221D46D21A92FBF6F20A4491
S214007F8012B22D4B03EBCE0393F801E0964501DDCC
S214007F90002A2FDA0EF1FF322CE0CB78A3EB0C038D
S214007FA000249C420ED2191BA3EB5101224800EB81
S214007FB0CE00406830F91100904201DC0C46F0E734
S214007FC04B1EEEE76344D8B230E0B4F90620B4F9AD
S214007FD008600121CFE75C331849A1FB03139B0916
S214007FE0013212B2164696450FDD04EBC2018988AF
S214007FF099420AD304EBC2018B68B1F9061001FB63
S2140080000533002BE7DA0023E5E7013E04EBC60460
S214008010A2889A4200D31A46624500D31046C0B2E0
S21400802004E0FF20704700207047002070BD00204D
S214008030FCE700BFDC4D02008C360020D34D6210FA
S214008040062975D83E4B5B5C022B73D83D4911F868
S2140080503310012923D0002A6ED010B4394901EB21
S214008060C3014C68002C69D0201D364901EBC301C2
S214008070897891422FD2334901EBC301C9789142E6
S2140080802ED9304901EBC30393F801C00CF1FF3C35
S2140080905FFA8CFCA388FF2B25D0002327E0294914
S2140080A001EBC301C978914200D20A46254800EB8D
S2140080B0C300807801282CBF121A02F1FF32D2B218
S2140080C0091A8A4200DD00221E4901EBC3035B68E1
S2140080D033F912007047B4F902005DF8044B70479C
S2140080E0B4F90000F9E7012301E00133DBB2634590
S2140080F004D2591C30F831109142F6D24FF47A71FE
S21400810001FB02F200EBC3004368D31AB0F9022069
S21400811002EBD27103EB610393FBF2F3B4F90000B8
S2140081209842DADBB4F902009842D6DC18B2D4E7FB
S2140081300548704704487047044870470248CCE733
S214008140DC4D02008C3600200080FFFF0CFEFFFF97
S21400815008B50348FFF7CAFE012019F034FE08BD33
S214008160E44D020000487047A820002000487047F1
S214008170A020002000B587B000230193029303934C
S2140081800493059302238DF804300D4B02930622C8
S2140081908DF80C2001238DF80D300C218DF80E1073
S2140081A08DF812208DF813300D238DF8143001A9A8
S2140081B04FF0FF3019F0DCFE07B05DF804FB00BF9F
S2140081C0006A1800024B0122C3F8002601487047D7
S2140081D00010C84300000F400A4B984206D003F533
S2140081E08063984200D07047012200E00022064BD0
S2140081F003EBC2035A68054B13449B0000221A6027
S214008200F1E700BF00000F409C4E02008005F21010
S21400821000F01F0201239340A0F50620A0F5506051
S2140082204009074951F820201A4341F82020054903
S21400823051F8202022EA030241F82020704700BFB0
S214008240C0360020AC36002000F01F0CA0F506203B
S214008250A0F5506040090F4951F82030012202FA7B
S2140082600CF2134341F8203000231A4604E00A4972
S21400827051F823100A440133042BF8D902B1704791
S214008280042A05D8034B002143F822100132F7E7F1
S214008290704700BFAC360020C036002000F01F0C30
S2140082A0A0F50620A0F550604009054951F8203099
S2140082B0012202FA0CF2534041F82030704700BF0A
S2140082C0C03600202DE9F041A2B04024224600210D
S2140082D012A81AF0E8FB2246002102A81AF0E3FBD7
S2140082E0214F23E0DFF88C8029E022AB03EB8403E8
S2140082F053F8400CFFF78CFF0134AC42F5D3CDF8B1
S21400830000803B46102202A91848006819F02FFA90
S2140083100546002407E022AB03EB840353F8800CE9
S214008320FFF792FF0134AC42F5D33746104B9F421D
S21400833013D807F110060F4B9E42D3D8B04608F16B
S214008340FF38CDF800803B46102212A90748006887
S21400835019F004FA05460024CFE7074B01221A70ED
S21400836022B0BDE8F08100BF006D08009820002014
S214008370FF700800007108008B5000202DE9F041C6
S21400838084B006460D461C4617460AB10023136005
S2140083900CB1002323601023009300232A463146A5
S2140083A0114800680BF0C6FF8046C8B90FB110230D
S2140083B03B602A680D4B9A4210D18FB184B1234698
S2140083C003AA3146084800680CF0D8F820B923689C
S2140083D03A689B1A236003E0804601E0DFF81080CD
S2140083E0404604B0BDE8F08198200020105D175E7E
S2140083F0FFDF00F02DE9F0478046894617461E4607
S21400840015F0C9FF524CA4FB0034E40804EBC41476
S214008410041B04F5062404F550644E4B1B7813B178
S2140084200025AA464EE0FDF7F5FD00287DD1FFF7B2
S21400843049FFF5E7BAF1000F00D1A246A4F50624DD
S214008440A4F6FF44424BA3FB0423DB0803EBC31351
S214008450E31A03F5062404F5506432E00A9B1C6018
S21400846000204FE0099B089A31462046FFF786FF1A
S214008470394B984209D01233984206D060B1374B38
S214008480984209D06FF091003CE02146344B1868C2
S2140084900CF0B8F800284ED1B268F3684B4508BF18
S2140084A0424531D0A4F50624A4F6FF44284BA3FB8E
S2140084B00423DB0803EBC313E31A03F5062404F5D1
S2140084C050640135802D27D8A4F5062CACF5506CE9
S2140084D04FEA5C1C234B53F82C3004F01F02D340A9
S2140084E013F0010FBED1204B53F82C30D34013F0BD
S2140084F0010F9FD1E7B1BAF1000FAFD00A9BC3F8C6
S21400850000A00020BDE8F08717B17368012B15D0D6
S2140085100A9B1C600020F5E79FB1BAF1000F13D04C
S2140085200A9BC3F800A00020ECE76FF09100E9E793
S2140085306FF08B00E6E76FF08B00E3E76FF08400E8
S214008540E0E76FF08B00DDE76FF08B00DAE700BF47
S214008550813FE00F8B500020FFDF00F0FEDF00F0D1
S21400856098200020C0360020AC3600202DE9F04FC1
S21400857087B006460D469846DDF840A091462AB1DB
S214008580002B52D040F26C739A4251D8BAF1010FC8
S21400859051D80023059309F110073946012017F03A
S2140085A0BEFA0446002849D03A4600211AF07BFA63
S2140085B005AB029300230193009323460122304625
S2140085C02946FFF717FF8346F0B91E4B2360A660C7
S2140085D0E560C4F804A0B9F1000F1BD13B46224663
S2140085E00599194800680BF00DFED0B16FF0910B9D
S2140085F03A46002120461AF056FA204617F09FFA0F
S214008600584607B0BDE8F08F10F18C0FF0D16FF030
S2140086108D0BEDE74A46414604F110001AF07CF94E
S214008620DCE70598FFF7F4FDE2E76FF0860BE7E777
S2140086306FF0910BE4E76FF0850BE1E76FF08C0BC2
S214008640DEE700BF105D175E982000202DE9F041A0
S2140086508CB01446129D139F1E4663B1002F44D063
S214008660002D45D0B5F1005F45D3C3F1005303F5A7
S21400867080239D4242D80022089209920A920B92C9
S2140086800792069205AB029307AB019306AB0093E5
S21400869008ABFFF7AFFE8046D8B9079B36B1A342BA
S2140086A006D8E3B924B16FF0860812E0A34219D3C6
S2140086B01B1BB34211D23B603B680093069B2344CE
S2140086C02A4605990F4800680BF034FE08B16FF093
S2140086D0910840460CB0BDE8F0813E60ECE76FF0D4
S2140086E08608F6E76FF08608F3E76FF08608F0E78F
S2140086F06FF08608EDE76FF08608EAE76FF0860809
S214008700E7E700BF9820002010B58CB00022089242
S21400871009920A920B920792069205AB029307AB58
S214008720019306AB009308ABFFF764FE044670B9EE
S214008730099B012B0ED00599094B18680BF062FFB8
S21400874058B90598FFF7AAFD0598FFF77DFD204666
S2140087500CB010BD6FF08404F9E76FF09104F6E7F3
S21400876098200020074B5B685BB182B0054BD3F8BE
S21400877000310193019B034B5B68002BF6D102B0DE
S2140087807047704700D00140144B5B6810F0030F31
S21400879006D018E0114BD3F8003140F8043B0439FA
S2140087A00329F7D8C1B10D4BD3F8003112E00B4BBB
S2140087B0D3F8003103701A0A42701A0C82701B0E2E
S2140087C0C370043904300329F1D8EBE700F8013B05
S2140087D01B0A01390029F9D1704700BF00D00140BB
S2140087E010B5002403E0124B5B68FBB90134092C7A
S2140087F014D80F4A136843F48071116023F4807311
S21400880013600C48FDF7B2FE800A0023084A52683F
S214008810002AE8D18342E6D20133F7E7044A136818
S21400882023F0010313606FF0920010BD0020FCE7F8
S21400883000D001407000020008B50D4B40F2716296
S2140088401A60FFF7CDFF90B9094B5B68032BFBD985
S214008850074BD3F800211A61D3F800215A61D3F8E8
S21400886000219A61D3F80021DA61FFF7B9FF08BD4D
S21400887000D0014010B50E4B1C6B14F45C7F11D079
S21400888014F4807F06D1FFF7ABFF10B914F41C7FF9
S2140088900AD110BD24F480741C63FFF763FF6FF0E9
S2140088A09300F6E70020F4E76FF09300F1E700BFCF
S2140088B000D001402DE9F04F83B001900F4691465D
S2140088C015F098FD0446002856D1344AD2F8C03038
S2140088D043F40033C2F8C030314B1B6813F0010F6D
S2140088E007D0DDF804A03E464FF0000B4FF00A0814
S2140088F02BE0FFF7A1FF04460028F2D03CE0294811
S214008900FDF734FEC00A844204D2254B5B680BB9DF
S2140089100134F8E7224B5B68E3B9D84637466FF078
S214008920930423E0DDF804A03E464FF0000B0CE075
S2140089301B4B5D68AD00B54228BF354629465046FC
S214008940FFF722FFAA44AB44761BCEB1144B5C68FB
S214008950A400D4D0FFF78EFF044610F1930F12D078
S21400896010F1940FE4D1B8F10108DBD114B114F181
S214008970940F0BD1C9F80080204603B0BDE8F08FF5
S214008980D8463746F2E7D8463746EFE73A4600215C
S21400899001981AF088F84FF00008EBE700400E4008
S2140089A000D00140700002002DE9F04F8FB0049017
S2140089B005919346DDF868A0DDF86C901C464BB137
S2140089C01B68009300250A950B950C950D95574648
S2140089D0A246AEE000230093F4E7FFF7F3FB04465D
S2140089E0002343604FF44043036015F0A8FA0646A0
S2140089F0059B102B19D010220499204615F04EFB2B
S214008A0004F1840301931899184615F0F1FA3046DC
S214008A1015F099FAABEB05031B09DDF80080CDF8DD
S214008A2008B0CDF80CA09A460CE00822E4E70AA9A4
S214008A3004F1800015F0FAFA304615F084FA103585
S214008A4008F10108D04520D215F079FA0646464BC3
S214008A502365236913F0010FFBD1791904F1A000F7
S214008A6015F0C6FA0F2DE2D9A5F1100B09EB0B0E87
S214008A700DF1280CBCE80F0049F80B00CEF80410E6
S214008A80CEF80820CEF80C30D1E7DDF808B0DDF8D7
S214008A900CA07B1906AE785959689A68DB680FC631
S214008AA00F2D34D9A5F1100E09EB0E0C0FCE49F898
S214008AB00E00CCF80410CCF80820CCF80C30009E41
S214008AC0DDF864800DE006F138036B4413F8203CB3
S214008AD018F80620534009F80530013606F00F0650
S214008AE001355D4517D0002EEDD115F028FA00901F
S214008AF01D4B2365236913F0010FFBD1414604F19A
S214008B00800015F093FA009815F01DFADBE7009E3A
S214008B10DDF86480E5E7009615F011FA0646189928
S214008B20019815F083FA304615F00DFA2046FFF747
S214008B3053FB5D450FD2009900293FF44EAF7B5D95
S214008B40199A525C534009F805304E1C06F00F0384
S214008B5000930135EDE7544614B1009BCAF8003087
S214008B6000200FB0BDE8F08F480503012DE9F04561
S214008B708DB0DDF85880179F189E002900F0E18020
S214008B8005461C468A46002A00F0DE80B8F1000F33
S214008B9016D0D6B11A9B002B00F0D980734B9C429E
S214008BA020D018D9724B9C421CD003F580739C428F
S214008BB018D0A3F500739C4214D06FF0850040E0F7
S214008BC0002FE6D06FF086003BE0199B002BE1D02B
S214008BD06FF0860035E0674B9C4203D003F5407388
S214008BE09C4231D12B88B3F5105F40F0B3806B8880
S214008BF0B2EBD30FC0F0B180802B03D0B3F5807FEB
S214008C0040F0AE803FB3B0450DD208EB0703B34249
S214008C1009D9199B9F4200F2A6803A464146304643
S214008C2019F027FFB0466D88ED08504B9C4233D0B4
S214008C3003F540739C422FD04F4B9C420FD06FF0F1
S214008C4085000DB0BDE8F085A3F580639C42C9D0D1
S214008C506FF08500F5E700201A9B1860F1E7199B76
S214008C609F4257D817F00F0457D16FF09203BC42BB
S214008C700CD23319009308EB040301222946504610
S214008C8015F0BAFB034618B91034F0E71A9A1760C5
S214008C90002B4BD10020D4E7199B9F4240D8374B7E
S214008CA09C421AD0159B102B3DD108AC149B18681B
S214008CB059689A68DB680FC40396CDF8088004AB41
S214008CC0019308AB009300233A4629465046FFF727
S214008CD06BFE58BB1A9B1F60DCE7159B0D2B02D062
S214008CE06FF08600ADE701238DF82030149A1068E7
S214008CF051689268CDF82100CDF82510CDF82920CE
S214008D00149A127B8DF82D2000228DF82E208DF8D7
S214008D102F30D1E76FF0860093E76FF0860090E77C
S214008D206FF086008DE76FF086008AE7199A0021BB
S214008D30304619F0B8FE00231A9A13606FF09200BE
S214008D407FE76FF086007CE76FF0860079E76FF0CC
S214008D50860076E76FF0850073E76FF0850070E7B2
S214008D606FF085006DE76FF086006AE70010C004BC
S214008D700012C00400414004004440040013C00434
S214008D802D2822D8DFE800F01721212121212121DA
S214008D9021212121212121212121212121212121BE
S214008DA02121212121211B212123212121211D21B6
S214008DB02121211F21190748704707487047074897
S214008DC07047074870470748704707487047074886
S214008DD0704700BF4C500200D44E0200E84E02001E
S214008DE0104F0200284F0200484F0200AC4E02000F
S214008DF010B504464FF42F72002119F054FE80235C
S214008E00C4F88C30054BC4F88430012384F88830CD
S214008E1004F19C0014F092FF10BD00BF584F0200F2
S214008E2010B503460846D3F8A0202AB1D3F8A410FC
S214008E3090470024204610BD184615F0ECFD044669
S214008E400028F7D0FFF79CFF0146024815F04DFFBB
S214008E50F0E700BF043102002DE9F04190F8806091
S214008E601EB100263046BDE8F081054615F026FB0B
S214008E700028F7D1012385F8803095F888300BB9A3
S214008E80B0461BE0002385F88830D5F884101F48CC
S214008E9015F02BFFF4E715F00CFF044617E0284604
S214008EA015F009FB3946284600F0E4FB064601E0CB
S214008EB04FF00108B4F1FF3F12D08EB9D5F8B44296
S214008EC0B4F1FF3FE7D04FF0FF33C5F8B432B4F14A
S214008ED0FF3FEDD014F0FF07E1D14FF00108E9E7BE
S214008EE026B9002385F880304646BBE7284615F0AD
S214008EF0F7FA95F88830002BF3D0D5F8841003489D
S214008F0015F0F3FE002385F88830EAE75C4F020090
S214008F10F8B506460D4617460B78302B0DD04FF0A9
S214008F20000C15F80C30002B4AD0364CE35C13F0DE
S214008F30040F65D00CF1010CF3E74B78782B04D0C6
S214008F40582B0CD04FF0000CEBE70222AB5C43B181
S214008F502C49CB5C13F0440F50D00132F6E70222C6
S214008F60F4E7724206F0030302F0030258BF5342CE
S214008F70032B16D1284619F0EFFC0238013608D428
S214008F80B310B0EBA60F06D09842ACBF002001206D
S214008F9037E00336F4E7A87837288CBF0020012096
S214008FA02FE0284619F0D8FC831E3246002E05DB3B
S214008FB0B3EBA20FD4BF0120002022E0F21CF7E79B
S214008FC00A220021284613F067FA02460C46202E95
S214008FD010D027B1084302D0013A61F10004012302
S214008FE0B340013B1340002C08BF93420CBF012046
S214008FF0002006E0B1FA81F0400902E0002000E01F
S2140090000020F8BD6B77020003787B2B1CD14FF055
S214009010000C0122835C7D2B0ED00E49C95C11F03A
S214009020440F03D00CF1010C0132F3E7202B01D0E2
S214009030002070470132EDE71044437833B91CF046
S214009040010F05D1012070470020704700207047AF
S214009050002070476B770200212816D821283AD8BE
S214009060DFE800F0113B191B1D1F21233939393960
S214009070393939392527292B2D2F313339393939C3
S21400908039393939353718487047FE2827D0FF2830
S21400909027D1164870471648704716487047164836
S2140090A07047164870471648704716487047164867
S2140090B07047164870471648704716487047164857
S2140090C07047164870471648704716487047164847
S2140090D07047164870471648704716487047164837
S2140090E070471348704700BF185002001450020023
S2140090F0704F0200784F0200804F0200884F020037
S214009100904F0200984F02009C4F0200A84F0200AA
S214009110B44F0200C04F0200C84F0200D44F0200F6
S214009120E04F0200EC4F0200F44F02000050020035
S214009130604F0200684F02000C50020070B50646F1
S2140091400D4619F009FC0446304615F0CEFD03E046
S214009150034815F0CAFD0134AC42F9D370BD00BF18
S214009160183102002DE9F84F044602213248FFF775
S214009170E5FF1E212068FFF7E1FF6368586815F0D9
S214009180B4FD2E4815F0B1FD63681A7BFD2A51D850
S21400919003F10C09D3F808A0504619F0DDFB804611
S2140091A04FF0FF34002510E02B2015F092FD36E03E
S2140091B015F08FFD01341AF804001F2801D044452D
S2140091C0F6DB1E4815F091FD0135AB4619F8056033
S2140091D0FF2E2FD03046FFF73FFF0746B8F1000FAF
S2140091E000DD0134202EEFD0134E02213046FFF76B
S2140091F0A5FF1E213046FFF7A1FF114815F075FDAB
S2140092001049384619F07EFB00B90F4F39460F4813
S21400921015F06BFDCB449BF80130202BC4D00C48D6
S21400922015F063FDB8F1000FCBDD1AF804301F2BE4
S214009230C7D0C0E7BDE8F88F4C500200F8520200D5
S2140092402450020000500200205002005C4F020032
S214009250285002002DE9F04F93B081460691079200
S2140092601C4603931C9E19F077FB80460023236060
S21400927033600AAA09A9484615F05FFD002840F0A9
S214009280C4800A9819F068FB2060D9F89C50002327
S2140092901C4605939A460495A7E000242AE001346C
S2140092A028E0099B013B534551D00F68346802986B
S2140092B019F052FB04440134346001E0013333609A
S2140092C0336819F80320002AF8D00AF1010A019C35
S2140092D010E0059B013305932A46DDF81CB059467D
S2140092E0069D284614F062FD4B4A5946284614F05F
S2140092F05DFD013404EB440307EB830B57F8233082
S214009300002B37D0099B534534DB9BF80830002BE5
S214009310C5D1D9F894203368D21A039B1A6012ABD1
S21400932003EB8A0353F8203C0293DBF800502946EF
S214009330184619F0FFFA01900028DAD1284619F0ED
S2140093400BFB0090DBF804100A7BFE2AA9D0D9F8A4
S214009350943030681B1A009883420EDC069819F089
S214009360FBFA009B03447B2BB3D92C4A079906983B
S21400937014F01CFD4B4642462CE0FE2AB9D1099B50
S214009380013B5345B5D10F680094CDF808A0019C69
S214009390059DDDF818A0DDF81CB004EB440357F873
S2140093A023205AB15946504614F000FD1A4A594631
S2140093B0504614F0FBFC01350134EEE7009CDDF866
S2140093C008A00595C6F800800023039A1360D1E72D
S2140093D00133013A002A05DD19780029F8D1202149
S2140093E01970F5E7049B1B680493049B7BB1049BF0
S2140093F09F68002FF6D019F80430202B7FF44DAF6D
S2140094003368013333600134F5E70023059305988C
S21400941013B0BDE8F08F00BF183102002C500200D8
S2140094202DE9F04786B004460F4616461D46DDF881
S2140094303890DDF83C8000238DF817302B6089F8D3
S214009440003088F800302B6852F82310164815F0C4
S2140094505CFA40B92B6801332B604FF0010AD4F850
S2140094609C40002003E04FF0000AF8E7246894B11F
S214009470A0680028FAD0CDF80C80CDF808900195A9
S21400948000963B460DF11702002115F042FA9DF8B2
S2140094901730002BEAD0BAF1000F02D0012388F86B
S2140094A0003006B0BDE8F0873450020070B5ADF568
S2140094B0447D04460021A4917C22A5A819F0F3FA65
S2140094C0A3AB0093A2AB8022A4A92046FFF7C2FE5E
S2140094D0012804D0012840DC0DF5447D70BDA4A809
S2140094E019F03AFA0546A299431AA39A0A44224466
S2140094F0A4A8014404E011F8010B02F8010B013B9B
S214009500002BF8DC00231370D4F890600AE0D4F83F
S2140095109010204615F023FBD4F890300133C4F8A1
S21400952090300136A29AA39B1344B342EFDCD4F8E2
S2140095309430AD1A2B44C4F89430D4F890302B44B1
S214009540C4F89030A4AB9C1804E014F8010B15F096
S214009550C0FB013D002DF8DCBEE78022002102A8FA
S21400956019F0A1FA4FF40072002122A819F09BFA14
S2140095700125002300E0013303F544726A4412F823
S214009580802C3AB1202AF6D15A1C22A941F825206F
S2140095900135F0E722AA42F82530A4A819F0DCF934
S2140095A0002115E0013222AB53F82230834209D065
S2140095B00B4403F544736B4413F8803C6345F1D0C9
S2140095C0002300E0012363B102AB03F801C00131C0
S2140095D08D4209DB01F544736B4413F880CC0022FE
S2140095E0E1E702AB00225A54D4F890500AE0D4F8CF
S2140095F09010204615F0B3FAD4F890300133C4F832
S21400960090300135A29BAB42F1DC2346174AA4A951
S214009610174815F06AFB02A819F09EF9A29AA39BB8
S2140096201344E11802AB9D18821A0EE015F8013BB0
S21400963001F8013BD4F890300133C4F89030D4F8E8
S21400964094300133C4F89430013A002AEEDC00234B
S2140096500B70A29C02AB1D19041B04E015F8010B4D
S21400966015F037FB013C002CF8DC35E7584F0200BC
S2140096703C5002002DE9F04104460D46D0F89070AB
S214009680D0F8946090F89830012B0AD0012B0ED9B0
S214009690022B00F0BC80032B00F0C8800020BDE841
S2140096A0F0810A29F2D1002084F89800F7E71B2DF4
S2140096B026D00D2D29D0002384F89830082D28D0E8
S2140096C07F2D60D00D2D7ED00A2D7CD0092D00F088
S2140096D08780D4F88C30013BB34240F3DA80B7423F
S2140096E0C0F28380E5550137C4F89070D4F8943002
S2140096F00133C4F89430284615F0EBFA0020CEE784
S214009700022384F898300020C9E7012384F89830B3
S214009710D6E79F4203DDB7420AD0B74216DB002FDA
S21400972000F0B580C4F89070C4F894600020B6E7E6
S214009730082015F0CEFA202015F0CBFA082015F0F8
S214009740C8FA013F0023E355013EEBE707F1FF3877
S214009750082015F0BEFA04EB0805A6EB0802E1198E
S214009760284619F086F90023A35529464B4815F0DC
S214009770BCFA013E354602E015F0F6F9013D4545D6
S214009780FADC4746CEE7002E01DDB74201DB0020BB
S21400979085E7E519791CF21B2144284619F069F97A
S2140097A00023A35529463E4815F09FFA03E00820FB
S2140097B015F08FFA013EBE42F9DCD4F89430013B36
S2140097C0C4F89430E3E70D2015F083FA0A2015F06C
S2140097D080FA0023C4F89030C4F8943001205EE785
S2140097E02046FFF763FE002059E7781C04EB0708C5
S2140097F0F21B4146204419F03CF9404615F075FA34
S21400980002E015F0B1F9013EBE42FADA6AE75B2DD6
S21400981004D1032384F89830002040E7002384F81E
S214009820983029462046FFF725FF38E7002384F8BE
S2140098309830413D032D2ED8DFE805F002080F1EB4
S2140098400121204615F0E5F9002028E74FF0FF310A
S214009850204615F0DEF9002021E7B74201DB0020A4
S2140098601DE73946204615F07AF9D4F890300133D2
S214009870C4F89030002012E7002F01DC00200EE72D
S214009880013FC4F8907015F06FF9002007E700203C
S21400989005E7002003E7002001E700BF485002006C
S2140098A05050020000B585B0054BEC460FCB8CE857
S2140098B00F006046FDF76EFE002005B05DF804FB65
S2140098C05450020010B586B00DF1040C144C0FCCA9
S2140098D0ACE80F002368ACF80030124BD3F8B43075
S2140098E013F4002F08D0104B1B884FF6FF729342DC
S2140098F007D140F2431304E00A4BD3F8B830C3F361
S2140099000803ADF80A300948FBF79CFC01A8FDF7F0
S214009910F5F83220FCF712FF002006B010BD00BF9D
S214009920645002000081E00F0001E00F00F04902E1
S21400993000B583B0074B1B68019320238DF80430D5
S21400994001A8FDF719F93220FCF7F2FE002003B05B
S2140099505DF804FB785002006FF0040307E003F0A4
S2140099600F010A4A0A44A021117601335BB2322B5A
S21400997009DC002BF3DB03F1604202F56142A02113
S21400998082F80013F1E70020704700BFFCEC00E00F
S21400999010B5044614F0D3FA024B1C6014F0D3FA48
S2140099A0002010BDDC36002010B514F0C8FA034BBA
S2140099B01C6814F0C8FA204610BD00BFDC36002034
S2140099C038B50C461546014640B12B462246064899
S2140099D003F0FAF9002805DD002038BDFFF7E4FFA4
S2140099E00146F2E73720F8E7DBEE010008B5044B46
S2140099F01868002302221946806812F0F9FE08BD96
S214009A0044210020002807DB00F01F024009012344
S214009A109340024A42F82030704700BF00E100E061
S214009A2000280CDB00F01F02400901239340203081
S214009A30034A42F82030BFF34F8FBFF36F8F704753
S214009A4000E100E010B586B01446137A03EB43033A
S214009A501B0103F1804303F56223D3F89420E168E9
S214009A6023690B449A4216D06169914215D38B1A2A
S214009A70ABB90123637694F82D304BB1002384F8FC
S214009A803530E369132120469847636A2046984795
S214009A90002006B010BD0A46E6E79B1AE8E70494E5
S214009AA00549039100210291019301230093636805
S214009AB0216814F0D5F9EBE7459A000038B504465E
S214009AC00568FFF771FF844233D095F93630002BD6
S214009AD008DB03F01F015B0901228A406033174947
S214009AE041F8232095F93600FFF79AFF95F93730AD
S214009AF0002B08DB03F01F015B0901228A4060335C
S214009B000E4941F8232095F93700FFF789FF287A98
S214009B10FCF73AF9287AFCF799F8FCF771F8002375
S214009B2023606360A36023616361AB6A284698473D
S214009B3038BD0020FFF72CFFC7E700BF00E100E0BC
S214009B4030B589B0044600234376007AFCF7DCF88B
S214009B50207A00EB40031B0103F1804303F56223E8
S214009B60D3F89420E56823692B449A4219D0636998
S214009B70934218D0012323760DF11F01FCF752F90A
S214009B809DF81F3043B30DF11E01207AFCF71CF937
S214009B909DF81E3003BB22460021207AFFF752FFB5
S214009BA01AE02A46E3E700232376656194F82D3011
S214009BB003B12563636A2046984723690494094ADB
S214009BC003920022029201930123009363682A46BF
S214009BD02168207A14F044F9207AFCF7B5F809B029
S214009BE030BD00BF459A0000F0B587B006460C466B
S214009BF015461F4640220021204618F054FF95E8DF
S214009C00030084E8030000232376EB68E3602A69F8
S214009C10226163612A7D84F82C20AA7D84F82D2099
S214009C202363012384F8343084F83530E7610C9BD5
S214009C3023620D9B63620E9BA36295F9083084F83D
S214009C40363095F9093084F837303460374B736016
S214009C50374BB360374B3361374B7361374BF36029
S214009C60FCF71EF810B1364A904259D1002104F193
S214009C700800FBF793FF002854D1324B33620123D0
S214009C8084F83C30304AB261304AF2619DF8402098
S214009C9084F83B209DF83C2084F83A20002284F883
S214009CA0392084F83830697D204615F0A7FA95F9F2
S214009CB00930002B08DB03F01F015B0901228A40F4
S214009CC06033234941F8232095F90900FFF79AFEEF
S214009CD0236904941F4A03920022029201930123EF
S214009CE000936368E2682168207A14F0B9F80446A5
S214009CF0D0B995F90830002B08DB03F01F015B098B
S214009D0001228A406033124941F8232095F9080061
S214009D10FFF778FE3046FFF73BFE204607B0F0BD63
S214009D201024FAE71024F8E71024F6E7D9F101002A
S214009D30F5F0010091EF010097EF0100BD9A0000D9
S214009D40038000F05FEF0100FDF101009DEF0100D0
S214009D5000E100E0459A00002DE9F04186B0164685
S214009D601C460C9D012304930393584B0293584BB7
S214009D700193584B0093584B0A462946FFF734FF89
S214009D80074618B1384606B0BDE8F08123682B6454
S214009D9063686B64637A85F84930237A85F84830BF
S214009DA0E37A85F84B30A37A85F84A30637B85F8EA
S214009DB04D30237B85F84C30E37B85F84F30A37B12
S214009DC085F84E3001214548FCF712FA0121444837
S214009DD0FCF70EFA01230422617A207AFDF7A4FC30
S214009DE001230222E17AA07AFDF79EFC0121606839
S214009DF0FCF7FEF94FF0000886F800803146206830
S214009E0014F0C4F92268536F43F0030353672268C3
S214009E10936F23F4F85323F01F03617C43EA012376
S214009E20A17C0B439367236803225A6785F850800A
S214009E30737E202B31D027D8002B33D0102B21D186
S214009E40012385F85030002600230222617B207B08
S214009E50FDF76AFCE27C2368DA672268536E43F0FB
S214009E60040353662268536F43F010035367DEB94A
S214009E702A6CD36C43F00403D3640521206814F0E5
S214009E807EF97FE723277DE7302B04D1032385F86F
S214009E9050300126D8E7232774E7022385F8503090
S214009EA00126E4E70026E2E700230422E17BA07B0C
S214009EB0FDF73AFC2268D36F217D43EA0123D3677E
S214009EC02268536F43F020035367D1E783F2010003
S214009ED057F2010063F2010011F301004041050052
S214009EE000350A00BFF34F8F0549CA6802F4E062E6
S214009EF0044B1343CB60BFF34F8F00BFFDE700BF9B
S214009F0000ED00E00400FA05BFF35F8F074B5A6AC6
S214009F1022F480325A62D3F8942022F00102C3F869
S214009F209420BFF34F8FBFF36F8F704700ED00E0B4
S214009F3070B586B0002305930493FFF7E5FF4FF056
S214009F40005015F065FA36490B68400000F03E00F8
S214009F5040F0985040F00110324AC2F898304FF066
S214009F600054C2F89C40C2F8A00001330B602E4D8E
S214009F702E4CA54213D1BFF35F8F2A4B0522C3F8A0
S214009F8094205A6A42F480325A62BFF34F8FBFF36E
S214009F906F8FBFF34F8FBFF36F8F06B070BD03ABED
S214009FA0019304AB009305AB2A1B2946204615F007
S214009FB013FA0398C208072800D82022049B5B1BCC
S214009FC0B3FBF2F3012101FA03F3DBB2013BDBB290
S214009FD0059E013DAD1BB5FBF2F50D44AB40DBB273
S214009FE0A41BB4FBF2F401FA04F4013CE4B21C43F3
S214009FF015F00EFA0A4D2A68430003F03E0343EAC2
S21400A000042343F0407343F001130649C1F8982037
S21400A010C1F89C60C1F8A03001322A60ABE700BFEF
S21400A020E036002000ED00E008220020F0210020AD
S21400A03070B586B004460D46164600230593049375
S21400A040FFF762FF03AB019304AB009305AB324608
S21400A0502946204615F0C0F90398C208072800D8FC
S21400A0602022049B5B1B1344013BB3FBF2F301214C
S21400A07001FA03F3DBB2013BDBB2059EAD1B013DEB
S21400A080B5FBF2F5AB40DBB2A41B1444013CB4FBB9
S21400A090F2F401FA04F4013CE4B21C43FF2C29D08C
S21400A0A015F0B6F9144D2968430003F03E0343EA61
S21400A0B0042343F0985343F00113104AC2F8981053
S21400A0C0C2F89C60C2F8A03001312960BFF35F8FF0
S21400A0D00523C2F89430536A43F480335362BFF3C7
S21400A0E04F8FBFF36F8FBFF34F8FBFF36F8F00207D
S21400A0F006B070BD2820FBE7E036002000ED00E04B
S21400A100012000E00130022804D8431E024AD35C36
S21400A110002BF7D0C0B270470C370020F8B50646C3
S21400A1200F46032903D8DFE801F00A0406080025D5
S21400A13006E0042504E0102502E0402500E00125A5
S21400A140032E05D8DFE806F002070A0D45F00205E3
S21400A1500B4B1C6809E045F00805F9E745F02005BB
S21400A160F6E745F08005F3E7246844B163681A68AB
S21400A1702A42F9D05B68394630469847F4E7F8BD7E
S21400A18014370020134B1B7813B310B5124B1B78F3
S21400A1905BB9002015F064F968B9104B01221A70FB
S21400A1A00F4B1A780F4B1A7010BD15F058F90A4B62
S21400A1B000221A70EDE700F017FB064B00221A701B
S21400A1C0074C01212078FFF7A9FF01232370EBE756
S21400A1D0704700BF915000208F5000209250002002
S21400A1E0955000209350002008B50B4B1B78024674
S21400A1F060B101210B4408490B7032B1074B1B7844
S21400A200012B02D9064B1B7813B108BDFF21F1E7DD
S21400A210FFF7B8FFF9E700BF0C3700209550002085
S21400A2209250002010B513F08AFE0446054B1B78AA
S21400A2302BB9FFF7A7FF204613F085FE10BD13F0DD
S21400A24082FEFBE78E50002010B513F078FE044621
S21400A250164B1B78D3B1164B1B782BB9144B012227
S21400A2601A70144B00221A70134B1B7893B92046B1
S21400A27013F069FE012015F0F3F813F060FE0446B3
S21400A2800B4B1B7863B9094B00221A70204613F05B
S21400A2905AFE10BD15F0E3F8074B00221A70E6E7E9
S21400A2A000F0A2FA024B00221A70ECE79150002050
S21400A2B08E500020925000208F50002010B584B0A1
S21400A2C0A0B1831EDBB2012B13D803A9002000F037
S21400A2D0AFFC70B91C4B1B68039A9A4212D8012037
S21400A2E0FFF782FF194B01221A7002E0174B1B780A
S21400A2F00BB904B010BD0020FFF776FF134B002209
S21400A3001A70F6E7124B1C6800F0B4FA0444039B7C
S21400A3109C4206D30120FFF767FF0C4B01221A7000
S21400A320E7E700F0D1FA60B9002343F00203019397
S21400A33000230093074A0399091B074815F098F86D
S21400A340D7E70423F1E700BFE8360020905000204E
S21400A350E436002025A20000EC36002038B513F0C5
S21400A360EEFD0446134B1B788BB900F093FB0546B5
S21400A370E0B9AFF30080104813F0E0FC00F070FF87
S21400A3800E4B00221A6000F0B5FC0D4B186000F072
S21400A39085F915F067F80B4B1860064B01221A700A
S21400A3A0204613F0D0FD0025284638BD204613F081
S21400A3B0CAFDF9E79650002014370020E436002046
S21400A3C010370020E836002038B50138144B1B5CE7
S21400A3D00A46A1B101210B4411490B5472B1114B2D
S21400A3E01D78012D0AD9FFF78BFE0446012808D9EF
S21400A3F0032D09D00B4B1878A0420AD138BDFF2197
S21400A400E9E7FFF721FFF5E70228F3D100F040FA6D
S21400A410F0E72146FFF782FE024B1C70EEE700BF16
S21400A4200C3700209550002038B50446416013F0E4
S21400A43086FD05462146034813F083FC284613F0A4
S21400A44082FD38BD14370020014B1868704700BFE6
S21400A450E436002038B513F072FD0546094B1B782C
S21400A460012B0AD9FFF7F0FF044600F003FA044474
S21400A470284613F068FD204638BD13F064FD00241E
S21400A480F9E700BF95500020064B1B6803FB00F061
S21400A49000F5742000F23F20034BA3FB0030800C35
S21400A4A0704700BF1037002083DE1B4338B514F01A
S21400A4B0BFFF0546AFF3008013F0ACFB00283CD18D
S21400A4C0AFF30080284614F0B7FF98E00020FFF7AF
S21400A4D08BFE4B4B00221A7033E014F0BBFF3DE0BE
S21400A4E02146FFF71BFE41E0464B01221A70464B01
S21400A4F0187800F0A5F9454B1B781BB1444B1A7829
S21400A500414B1A70AFF30080284614F095FF14F004
S21400A5108FFF05463F4B1B7843B13E4B00221A7017
S21400A520394B1B783A4A1078834231D03A4800F0CB
S21400A530EDFA13F082FB002830D0314B1B78002B4D
S21400A540C4D1FFF7DDFDFFF7B9FEFFF7D9FD0446DE
S21400A550012803D92B4B1B78002BBED02A4B18782A
S21400A560A04205D0294B1B78002BB9D0264B1C7077
S21400A570012CBCD9234B1B78002BB8D1274B1B785A
S21400A580002BB1D114F06AFF254B01221A70ABE7FD
S21400A59001211D4B1970FFF7C1FDC7E7194B1B784A
S21400A5A0F3B11A4B00221A701D4B1B7873B114F0CE
S21400A5B056FF1B4B00221A7008E0012000F040F9FD
S21400A5C0284614F039FF14F033FF0546002014F037
S21400A5D047FF0028F1D000F007F90A4B00221A7056
S21400A5E00020FFF76BFE084C00212078FFF796FD51
S21400A5F000232370AFF30080284614F01DFF38BDFB
S21400A600905000209150002095500020925000203D
S21400A610935000208C500020EC36002094500020F0
S21400A6208F50002010B513F08AFC054B1C780022D2
S21400A6301A7013F088FC00F013FD2043C0B210BD62
S21400A6408D500020134B1B78834222D010B582B069
S21400A650044600238DF804308DF8053010B9022327
S21400A6608DF8053001A8FCF7B1FC54B11E20FFF7A9
S21400A6700BFF094A13681B1A1360064B1C7002B0C6
S21400A68010BD1E20FFF700FF034A13680344136043
S21400A690F3E77047DB2100201C37002030B583B07D
S21400A6A0394C636A636A00258DF8045001A8FCF7EC
S21400A6B0B5FD2846FFF7C6FFD4F89030C3F38003F5
S21400A6C0324A1370D4F89020C2F3003230490A7030
S21400A6D0D3B92F4B1B78F3B92E4B1B68C3F3032358
S21400A6E001209840C0F1010000EB80006430FFF7C5
S21400A6F0CBFE294A136803441360234BD3F89020FB
S21400A700264B1A6003B030BD4FF41670FFF7BCFE40
S21400A710234B1860DDE71120FBF728FF1A4BD3F810
S21400A7200031C3F3042303FB0002002AD4D0164BE7
S21400A7305B6CC3F30B43013303EB8303D90E580161
S21400A740C01A61F10001490241EAD0514002C01826
S21400A75041F100018D0145EA90658401201A65EB00
S21400A7600101C01841F10001531EC0184FF000034C
S21400A77041F1000111F06EFBFFF786FE064A1368F2
S21400A78003441360A8E700BF00400E409950002025
S21400A79097500020002004401C3700201837002067
S21400A7A02437002008B50D4B1B7803B908BD0220DE
S21400A7B000F020FD0028F9D000F06CFA0028F5D053
S21400A7C0002201210220FCF785F814F096FE044BC7
S21400A7D01860044B01221A70E8E700BF9950002069
S21400A7E0203700209850002008B5104B1B7813B96E
S21400A7F00F4B1B78ABB913F092FC0D4B1B787BB15B
S21400A8000C4BD3F8903013F0080FF9D014F075FE07
S21400A810094B1B68C01A094B1860044B00221A70BB
S21400A82008BD14F06AFE044B1860E4E79850002058
S21400A8309950002000400E4020370020243700208A
S21400A84008B502280BD003280DD0012800D008BD7B
S21400A850074A136923F00403136130BFF7E70020AB
S21400A860FCF7C8FBF3E70020FCF700FCEFE700BFAF
S21400A87000ED00E0044B1B680BB103EBD303034A67
S21400A88010681844704700BF243700201C3700208B
S21400A8900B4AD2F8800145F60E03C2F88031094B08
S21400A8A01B6803F0400103F480730B43136610F03B
S21400A8B0010F03D013460022C3F88021704700BF63
S21400A8C000400E4018370020014B1878704700BF34
S21400A8D0995000200E4B1B68002201E01A469B6828
S21400A8E00BB18342FAD183420ED14AB1836893609A
S21400A8F083685BB15A6941690A445A61002070470F
S21400A9008268034B1A60F3E7022070470020704706
S21400A910303700200A4B1B6800220A490A7005E0FF
S21400A920084B01221A70704759690A44012A06D852
S21400A930D98811F0020FF3D19B68002BF4D1704731
S21400A940303700209B50002008B500F0D9FB0B4B99
S21400A9501B680B4A1268821A03E0521A00215961DA
S21400A9609B683BB132B159699142F6D3891A596155
S21400A9700022F5E7024B186008BD00BF3037002004
S21400A9802C37002070B505460C46C3882BB16C6189
S21400A990134B1B68FBB100210CE0FFF75BFD06467E
S21400A9A08442F4D214F04BFD3446F0E7A41A6C61EE
S21400A9B019469B6823B15A69A242F7D9002AF5D0F6
S21400A9C031B18D60AB6013B15A69121B5A6170BD0C
S21400A9D0034A1560F6E7024B1D600023AB60F6E7FE
S21400A9E03037002010B50B4B1B685B695BB10A4A19
S21400A9F014681C44022000F08FFB204600F09EFBEB
S21400AA00FFF788FF10BD022000F086FB022000F052
S21400AA10E7FBF5E7303700202C37002070B50446FA
S21400AA200E4615469DF814200271049A0260002214
S21400AA3082600561C360BDF81830C380F5B900F0C8
S21400AA405FFB3044A061F6B900236361E36813B18D
S21400AA502168204698477DB113F071FA0646FFF745
S21400AA6073FF29462046FFF78DFF094B1B68A3425C
S21400AA700BD0304613F067FA002070BD00F040FBA4
S21400AA802844A061DFE73546E6E7FFF7ABFFF0E7CF
S21400AA903037002010B513F061FA0446144B1B78CB
S21400AAA0DBB9144A1360144A1360144A138000F08A
S21400AAB0E3FA012000F030FB00F0CAFB0246104B20
S21400AAC0186078B100230F4840F2E73111F0C2F960
S21400AAD00D4B1860064B01221A70204613F044FAFC
S21400AAE0002010BD204613F03FFA2320F9E700BFF0
S21400AAF09C500020303700202C370020AC4F002020
S21400AB003437002018FCFFFF2837002070B540B30C
S21400AB10054613F014FA0446FFF716FF124B1B689F
S21400AB20AB420CD000262846FFF7D4FE054640B9B7
S21400AB305EB10D4B1B6843B1FFF754FF08E00126DA
S21400AB40F1E7204613F0FFF905E0074B1B6823B139
S21400AB50204613F0F8F9284670BD022000F022FBCC
S21400AB60F6E72225F7E700BF30370020B8B138B542
S21400AB700C460546A9B100230B7013F0EFF90A4BFB
S21400AB801B6801E0012222702BB122781AB9AB4271
S21400AB90F8D09B68F8E713F0E7F9002038BD2220CC
S21400ABA070472220FAE700BF30370020002836D052
S21400ABB070B50C460546002933D013F0CFF906468B
S21400ABC0FFF7C2FE6B692360174B1B6804E0226820
S21400ABD059690A4422609B68AB4201D0002BF6D12B
S21400ABE0AB420ED1256800F08BFA104B1B68C01ADA
S21400ABF085420BD800232360304613F0B5F90020B9
S21400AC0070BD304613F0B0F90320F9E700F078FA8B
S21400AC10064B1B6822681B1A13442360ECE72220AD
S21400AC2070472220ECE700BF303700202C3700208A
S21400AC30F8B504460F4613F091F90646134B1B6809
S21400AC40002507E000F05CFA114B1B681B1A2B442A
S21400AC5010E09B68A3B15A691544DA88A24201D075
S21400AC60FF2CF6D100F04CFA094B1B68C01AA8421C
S21400AC70E8D300233B60304613F076F90020F8BD99
S21400AC80304613F071F91B20F9E700BF303700207B
S21400AC902C37002010B5074B1C780CB9204610BD89
S21400ACA014F02BFC044B1B689B69C01A0228F5D9CC
S21400ACB00024F3E79B5000203037002070B513F0D7
S21400ACC04DF9064600F01CFA0446094B1D88ADB245
S21400ACD0012000F08FFA28B9304613F045F92046D7
S21400ACE0294670BD00F00CFA04460135F4E700BFB3
S21400ACF0AC4F0020014B1868704700BF3437002067
S21400AD0008B5084B1968A1FB000140F2E733C018EC
S21400AD104FF47A724FF0000341F1000111F09AF8F7
S21400AD2008BD00BF343700200C4B1B68834213D38A
S21400AD3010B50C460A4B1968A1FB000140F2E73338
S21400AD40C0184FF47A724FF0000341F1000111F081
S21400AD5081F82060002010BD212070472837002091
S21400AD603437002090B3F0B587B00F4614461D4622
S21400AD70064605A93846FFF7D7FF10BBFFF7BAFF10
S21400AD8007FB00F1124BA3FB01239B094FF47A72D9
S21400AD9002FB1311511A89B2B183914213D00023DA
S21400ADA0F3833046FFF7B2FE0599BDF834300293C0
S21400ADB09DF830300193009523460A463046FFF74B
S21400ADC02DFE07B0F0BD0023B383E8E722207047CE
S21400ADD0D34D621008B503461D4A106800B3421EE4
S21400ADE010421ED1D90E5A01D21A61F10001890013
S21400ADF041EA92719200D21841F10003DB0043EA67
S21400AE005273D200B0FA80F0C0F11F0C411CC04350
S21400AE1022FA0CF203FA01F10A4323FA00F0104377
S21400AE2008BDDA0E5901C91A62F10002920042EA20
S21400AE3091728900C91842F100024FEAC20C02461C
S21400AE400023C8004CEA517111F004F8E8E700BF8F
S21400AE50343700202D4B83422D4B8B4152D370B597
S21400AE60844614462B4B1A68002A4DD0501E1040BC
S21400AE702AD14D0145EADC654FEA4C1EBEEB0C0EAE
S21400AE8065EB0105AD0045EA9E754FEA8E0E1EEB9A
S21400AE900C0E41EB050C4FEACC0C4CEA5E7C4FEAFC
S21400AEA0CE0EB2FA82F2C2F11F05531CD2432EFA1E
S21400AEB005F10CFA03F319432CFA02F211432CFAAB
S21400AEC005F52160656070BD480140EADC604FEA28
S21400AED04C13B3EB0C0360EB0100800040EA937068
S21400AEE09B0013EB0C0C41EB0001C9000026334617
S21400AEF04FEACC0041EA5C7110F0ACFFC4E90001F7
S21400AF003046E0E7212070472120DCE7EFA7C64B5C
S21400AF1037894100343700202DE9F843044610F005
S21400AF20010F04D114F0020F10D1BDE8F883494A8E
S21400AF3013889BB201339BB21380FFF705FD464B87
S21400AF401B68002BEED0FFF74DFDEBE713F006F87D
S21400AF500546FFF7F9FC00273E4643E09B683BB1F9
S21400AF605A692AB921791A799142F7D91C46F5E728
S21400AF70284612F0F9FF2569002D3AD10025A8468B
S21400AF802F46002D46D0236903B3FDB9B8EB07075B
S21400AF90A38B6BB1E28B13449BB2E383B3F57A7F4A
S21400AFA006D3A3F57A73E383013FA369013BA3614C
S21400AFB012F0D4FF054639462046FFF7E3FCA369A6
S21400AFC022691344A361284612F0CEFFE7880136B3
S21400AFD0E36813B121682046984712F0BFFF054684
S21400AFE0FFF7B2FC1C4B1C68F4B16369E3B9234657
S21400AFF0B5E7A84600F084F8A369C71AFA17AF4267
S21400B00072F1000204DB22691344A3610125B8E74C
S21400B0100025B6E712F0A2FF81462046FFF75AFC4D
S21400B020484612F0A1FFAEE70C4B00221A70012E24
S21400B03006D05CB1FFF7D6FC284612F095FF74E701
S21400B04017F0020FF5D001221A70F2E7022000F086
S21400B050A9F8F1E7AC4F0020303700209A500020C6
S21400B06010B512F07BFF034B1C7812F07DFF2046D4
S21400B07010BD00BF9A50002010B586B01C4B0DF1D5
S21400B0800C0C93E80700ACE803008CF800200C33A7
S21400B09093E803000190ADF80810090C8DF80A102B
S21400B0A001211448FBF7A4F800248DF80C408DF815
S21400B0B0104003A8FCF730FE8DF8044001A90120DB
S21400B0C0FCF706FE0C4A536A23F4FF6323F00703DB
S21400B0D0536240F2FF73136294600120FCF716FE81
S21400B0E0064B4FF08042C3F880211A6006B010BDB0
S21400B0F07C500200A00914000020044000E100E09B
S21400B100014B9868704700BF00200440014B586D03
S21400B110704700BF0020044010F0010F0AD1002342
S21400B12010F0020F01D043F00403034A516A0B43A8
S21400B130536270470123F3E70020044070B50446CD
S21400B14012F0FDFE0646FFF7DBFF0546FFF7DEFFC3
S21400B150124B9B6913F0040F04D1431B032B01D839
S21400B16085420CD1631B022B00D8EC1CB4F1FF3FC8
S21400B17038BF013C094B5C650220FFF7CDFF304627
S21400B18012F0E1FE064B1B783BB1044A136D43F008
S21400B19002031365024B00221A7070BD00200440A3
S21400B1A0DC21002010F0010F13D1002110F0020F57
S21400B1B009D041F00401084B01221A70074A136DAA
S21400B1C023F003031365054A536A23EA0103536217
S21400B1D070470121EAE700BFDC2100200020044080
S21400B1E010F0020F02D0024B0422DA61704700BF53
S21400B1F000200440064B9B69012804D0022805D194
S21400B200C3F38000704703F00100704700207047CA
S21400B2100020044010B512F0A1FE04460B4B9B69BB
S21400B22013F0010F0FD1002013F0040F01D040F0EF
S21400B230020003F00703054A1362FFF76DFE20467F
S21400B24012F092FE10BD0120EEE700BF0020044081
S21400B25008B50248FBF78AF908BD00BFA00914002C
S21400B26008B5064BD3F8883003F00703013B012BE3
S21400B27000D908BD022014F08AF9FAE700400E4013
S21400B28000B583B0044B009300231A46194616F007
S21400B29065FA03B05DF804FBFFFF0F0038B50546FE
S21400B2A0082801D8284638BD0024084B1868FFF740
S21400B2B0E7FFA042F6D9082CF4D8054B53F8243003
S21400B2C0AB4201D00134F0E72546EBE7982000209A
S21400B2D0285102002DE9F04387B06C4B19686C4B7F
S21400B2E0186808F0B5FE8146002831D0674C236800
S21400B2F09A69126859681868904723689B699B6822
S21400B3006846984723689B69DB68022098470024B4
S21400B31007E093691B69106801FB04009847013435
S21400B320E4B25A4B1A6853680199B3FBF1F39C4296
S21400B330EFD39369DB6800209847544C23689B69D9
S21400B3405B6898472168524B186808F081FE814672
S21400B3504FF000083CE0002B2AD14E4B9B5D4E4A36
S21400B36052F8262029464A48006808F04BFF8146D6
S21400B37030BB0134E4B2494B9F5DA74220D9484B0D
S21400B38053F82650254405AB04AA294640480068D1
S21400B39009F0F4F8434B9842DFD00028E9D1049B2B
S21400B3A0002BD8D13B4A915D059A9142D3D1E0E774
S21400B3B02946374B186809F025F9CEE70024DAE766
S21400B3C0394B9B5D002B31D108F101085FFA88F8F4
S21400B3D0B8F1080F45D8B9F1000FF5D14646334B02
S21400B3E013F80830002BE9D02D4B53F8284005AB56
S21400B3F004AA21462648006809F0C0F8294B98425E
S21400B40009D00028E0D1049B012BDDD02146204B3B
S21400B410186809F0F7F8204B53F826301A682146CA
S21400B4201B4B186808F0DAFF8146CDE77E2FCBD895
S21400B4301B4B53F826403C4405AB04AA214614484F
S21400B440006809F09BF8174B9842BDD02146104B78
S21400B450186809F0D7F881460028B5D10137FFB241
S21400B460E4E7B9FA89F35B09114A1370084B1B68C5
S21400B4701B7C1BB9484607B0BDE8F0830D4B0E4A4F
S21400B4804FF48B710D4811F0DFF800BF78200020D4
S21400B490982000200451020090500200F85002004C
S21400B4A0285102000BE000F0105102001C5102006F
S21400B4B09D5000204C5102000052020070510200C4
S21400B4C070B50E4615461C46FFF7E8FE082825D838
S21400B4D01C4B1B78002B33D01B4B1B5C93B97F2E69
S21400B4E01AD0F1B2194B53F8200023462A460144DD
S21400B4F01748006808F0D0FE0446C4B1204614F091
S21400B50069F814E02A46114B53F82010104B1868BF
S21400B51008F0B0FF0446F0E70021E3E7FF2808D96B
S21400B5202346F2B281B2284614F0DEFA0024204602
S21400B53070BD084B084A4FF4A671084811F084F80D
S21400B5400024F4E79D5000201C5102002851020000
S21400B55098200020D0510200EC51020070510200E9
S21400B56070B50E4615461C46FFF798FE082825D8E7
S21400B5701C4B1B78002B32D01B4B1B5C93B97F2EC9
S21400B5801AD0F1B2194B53F8200023462A4601443C
S21400B5901748006808F036FE0446BCB1204614F092
S21400B5A019F813E02A68114B53F82010104B18684E
S21400B5B008F014FF0446F0E70021E3E7FF2807D968
S21400B5C02246294680B214F097FA0024204670BD21
S21400B5D0084B094A4FF4C371084811F035F80024A7
S21400B5E0F4E700BF9D5000201C51020028510200C5
S21400B5F098200020D0510200D8510200705102005D
S21400B60010B5FFF74BFE0A4B1B7813B900242046F3
S21400B61010BD0022074B53F82010074B186808F09F
S21400B62067FF04460028F2D013F0D4FFEFE700BF10
S21400B6309D500020285102009820002010B582B0AE
S21400B64004467F2A14D04BF23460814212D041F275
S21400B650F010814228D001F47040B0F5805F3ED0F3
S21400B660B0F5005F46D0B0F5405F43D002B010BDE5
S21400B6700022E8E708237F2241F20201684614F020
S21400B68033FA08222249684617F0E3F920B16B46E0
S21400B69003CB20606160E9E708237F2241F2F011C6
S21400B6A0684614F021FAF2E71A4AD2F8F000D2F807
S21400B6B0F420002104E06054000A013B0131C9B2C5
S21400B6C0032907D8002BF6D104E06254120A013B86
S21400B6D00131C9B20729C9D8002BF6D1C6E7C1F394
S21400B6E00B0103FB02111A4601F17E61204617F09A
S21400B6F013F9BBE7C1F30B0103FB02111A4601F174
S21400B7007E6101F58041204617F006F9AEE700BFDE
S21400B710785202000081E00F0BB370B50D46144658
S21400B7201E464BF23463984211D1082E00D90826E3
S21400B73033467F2241F202012046FFF77FFF324662
S21400B7400949204617F085F958B941F2F0103346FA
S21400B750EAB281B22046FFF771FF002070BD2120BB
S21400B76070470020FAE700BF785202002DE9F0414A
S21400B77004460F46154610F0010F16D115F0010FBE
S21400B78019D104F47043B3F5805F1AD0B3F5005FA7
S21400B79002D0B3F5405F27D1C4F30B0404F17E66F4
S21400B7A006F58046B046002428E040F2D311224831
S21400B7B000F0D2FAE2E74FF4EA711F4800F0CCFA44
S21400B7C0DFE7C4F30B0404F17E66B046B6F17E6F85
S21400B7D004D3AB19013B194A9342E4D940F2D9117C
S21400B7E0154800F0B9FADEE74FF4F071124800F0A1
S21400B7F0B3FA6FF00F080026D5E70134AC4209D241
S21400B80018F80430FF2BF8D04FF4F5710A4800F012
S21400B810A3FAF2E715B90020BDE8F0816A083946B8
S21400B820304613F0F3FE0028F5D04FF402710248BC
S21400B83000F092FAEFE700BF10520200FF07E00F99
S21400B84010B50446F9F7E6FC0C4BA3FB0023B0F555
S21400B8507A7F0FD39B090A4AB2FBF3F2094B984250
S21400B86008D84FF47A7304FB03F3B3FBF2F398089B
S21400B870032B00D810BDF4F74BFCFBE7D34D62104A
S21400B88040420F00E7CD9A3B08B5FCF7E9F9094BB3
S21400B8901860FCF7DFF90120074B186103F05AFE29
S21400B8A014F0F3F800B908BD4F220449044801F02B
S21400B8B065FAFEE73837002000300E40845202005A
S21400B8C0E852020008B5084803F0D2FD074B18708E
S21400B8D00021074BB3F9000014F0A7F812F00DF999
S21400B8E0F7F7CAF808BD00BF744302009E50002058
S21400B8F0B24F002008B5F8F71FF812F004F9024B13
S21400B900187803F09AFD08BD9E50002008B5074938
S21400B9100748FEF789FD022013F0EBFE012013F026
S21400B920E8FE044B01221A7008BD00BFB0200020BC
S21400B9305C3700209F50002030B583B012F006FB25
S21400B94014F07BF868B9344B1B78002B32D0324B9E
S21400B9501B78002B35D199223049314801F00EFA78
S21400B960FEE714F06EF890B14FF0FF312D4803F06B
S21400B97033FD044604280ED8274B1B78002BE6D14F
S21400B980012013F0B6FE244B01221A70DFE703F005
S21400B9901FFA0146EAE7204B1B7823B9002CD6D0C5
S21400B9A012F0D8FA18E0012013F0B0FE1A4B00226D
S21400B9B01A70F3E7012013F09CFE174B01221A7051
S21400B9C0C5E7002014F059F80146164803F004FDB8
S21400B9D0044612F0BFFADCB10F4B1878214680F00F
S21400B9E0010013F077FE054698B194B1B4F1FF3F1D
S21400B9F00FD00023019300930B4A21460B4813F007
S21400BA0092FE30B1AB220549054801F0B7F9FEE7D2
S21400BA100025284603B030BD9F500020FC5202008F
S21400BA20E852020074430200D9F601003C370020B9
S21400BA30034B9B88834214BF00200120704700BF41
S21400BA406437002008B5002206490A7006490A70C5
S21400BA50064A917918B91268F8F798F908BD0022D5
S21400BA60FAE700BFA050002074370020643700209B
S21400BA70F8B5458883685F782E4B1B782BB128462F
S21400BA80FFF7D6FF00284FD0F8BD04462A4EB36015
S21400BA90B580B77181680231012004F0FDFD0246D1
S21400BAA0334643F8080BB179B088F8F7E3F8E8B105
S21400BAB0A3681B7813F0100F21D01F4B9B681F4AFA
S21400BAC0A2FB03239B091E4A13601B4B9A681B6844
S21400BAD09A421AD2174B01221A70194B1A68EAB109
S21400BAE001233946284613F0C6FECDE70322394621
S21400BAF0284613F0DBFE0820FFF7A4FFC4E7002368
S21400BB000F4A13600C4A9360DFE702223946284644
S21400BB1013F0CCFE0620FFF795FFB5E70122394665
S21400BB20284613F0C3FEAFE703223946284613F033
S21400BB30BDFEA9E7A050002064370020ABAAAAAA41
S21400BB407037002008B50C4B1A680C48A0FB023072
S21400BB505AB18009094BA3FB02139B0903EB43036D
S21400BB6059018A4200D0013008BDA8220449054880
S21400BB7001F004F9FEE700BF64370020ABAAAAAACA
S21400BB8060530200E85202002DE9F04383B00546F8
S21400BB904788816891F801800231012004F07CFD1D
S21400BBA0AB79063B00EB40094FEA491959FA83F393
S21400BBB05C1E304B1B7813B10646012B02D003B037
S21400BBC0BDE8F0833846FFF733FF18B12A4B9B7960
S21400BBD0434506D0032332464146384613F07DFEE1
S21400BBE0EDE7264B1B68B3423AD310D0FFF7AAFF07
S21400BBF00138B0422AD0012332464146384613F077
S21400BC006CFE4FF4A0511E4803F09FFBD7E71A4B7B
S21400BC109968494518D9C9B25FFA89F3C91AC9B2F1
S21400BC20154B1B68A34200D85C1EAB688A1D1344E4
S21400BC3000934346224649443846F8F747F80F4AE9
S21400BC40136801331360D1E70021E9E70023324689
S21400BC504146384613F041FE0020FFF7F3FED0E7DA
S21400BC60052332464146384613F037FE0620FFF7D6
S21400BC70E9FEA4E7A05000206437002070370020BB
S21400BC807437002008B5064B00221A70054B1B7847
S21400BC90012B00D008BD0520FFF7D4FEFAE700BF51
S21400BCA074370020A050002008B5074B1B7833B12E
S21400BCB0064B19780902064803F047FB08BD054BFA
S21400BCC019888902F7E700BFA1500020DD21002077
S21400BCD07C370020A621002010B513F0CAFE0446CB
S21400BCE00F4B00221A7013F088FE00B910BD13F037
S21400BCF0B8FE032803D013F0B4FE042806D1094B7F
S21400BD001C60FFF7D1FF13F0CFFEEFE713F0A9FE9C
S21400BD100628F4D013F0A5FE0728E7D1EFE700BF0A
S21400BD207C37002084370020014BDA695A6270475E
S21400BD3000200540BFF34F8F0549CA6802F4E06251
S21400BD40044B1343CB60BFF34F8F00BFFDE700BF2C
S21400BD5000ED00E00400FA0508B502460B4603496C
S21400BD60002013F0C7F8FFF7E5FF00BFF853020006
S21400BD7083B2074A13801BB913464BF6EF621A804C
S21400BD80000C044B188010B94FF6CE221A8070476C
S21400BD90B8210020B621002010B56221054813F016
S21400BDA0B3FE044641F20B01034813F0ADFE6040BB
S21400BDB080B210BDB8210020B621002039B110B5E0
S21400BDC004460A46024B1B680021984710BD704780
S21400BDD0D8200020114B0340B3F1607F0FD0B3F1A1
S21400BDE0707F14D101F4E043B3F5005F12D1C1F3C4
S21400BDF0022101238B40012B06D900207047B1F5A4
S21400BE00885FECD1002070476FF0860070476FF0B7
S21400BE10860070476FF08600704700BF0000C07F46
S21400BE208A4200F071812DE9F04106460C4615461F
S21400BE3022F0FF03B64A934214D002F58052934292
S21400BE4010D0A2F5885293420CD025F4FF7222F04F
S21400BE500102B2F1062F05D0AE498B4202D0AE4B9E
S21400BE609A4221D124F0FF03A94A934214D002F546
S21400BE708052934210D0A2F5885293420CD024F4FC
S21400BE80FF7222F00102B2F1062F05D0A1498B42C3
S21400BE9002D0A14B9A4207D114F0FF0304D043F01E
S21400BEA000739E4A93420ED004F0FE47B7F1A06F8F
S21400BEB010D0B7F1407F23D0B7F1106F00F00F819C
S21400BEC00020BDE8F08185EA0400FF288CBF002032
S21400BED00120F6E705F0FE43B3F1A06FE9D185EA4D
S21400BEE0040333F47E13E4D114F4004FE1D0C4F31A
S21400BEF00540C5F30545A8428CBF00200120E0E7B9
S21400BF0005F0FE43B3F1407FD6D185EA040333F44F
S21400BF107E18D1D131462046FFF75CFF002840F05E
S21400BF20F58015F47C101ED0C5F305407C4B2B40E5
S21400BF30B3F1607F70D0B3F1707F00F0B980C4F3C6
S21400BF40054314F47C1F00F0C58015F47C1F02D155
S21400BF50434500F0EB8014F4004FADD083428CBF15
S21400BF6000200120ADE76E4B2B40B3F1607F0CD074
S21400BF70B3F1707FDAD106F4E043B3F5005FD5D1B4
S21400BF80C6F3022301209840D0E7EBB243F00073DB
S21400BF90644A93423CD003F17E43043B0F2BC5D842
S21400BFA001A252F823F000BF15C0000015C0000023
S21400BFB02DBF00002DBF0000E9BF0000EDBF000050
S21400BFC0F1BF0000F5BF0000F9BF0000FDBF000094
S21400BFD02DBF00002DBF000001C0000005C00000FE
S21400BFE009C000000DC000001C209FE720209DE730
S21400BFF030209BE7402099E71C2097E7202095E714
S21400C0001C2093E7202091E730208FE740208DE723
S21400C01010208BE7142089E7EBB243F00073414A07
S21400C020934251D003F17E43043B0F2B87D801A2E5
S21400C03052F823F0CFC00000CFC000003FBF000082
S21400C0403FBF000075C000007BC0000081C000003C
S21400C05087C000008DC0000093C000003FBF0000F6
S21400C0603FBF000099C000009FC00000A5C00000B0
S21400C070ABC000004FF01C0861E74FF020085EE7F9
S21400C0804FF030085BE74FF0400858E74FF01C08C9
S21400C09055E74FF0200852E74FF01C084FE74FF0E7
S21400C0A020084CE74FF0300849E74FF0400846E7D5
S21400C0B006F4E043B3F5005F7FF441AFC6F3022613
S21400C0C0012303FA06F83AE74FF0100837E74FF077
S21400C0D0140834E7404514BF00200120F1E624F0A0
S21400C0E01F6323F470231BBB05F0FE43B3F1106FF0
S21400C0F001D00020E5E60C48284040F01060A04241
S21400C10014BF00200120DCE6012070470020D8E69E
S21400C110000300060009000600040006FF000002F7
S21400C1200000C07F030000020000FFF60120C8E602
S21400C1300020C6E6F8B5002A64D006460D4614462A
S21400C14022F0FF03354A934233D002F580529342E1
S21400C1502FD0A2F5885293422BD024F4FF7222F0FF
S21400C1600102B2F1062F24D02D498B4221D0A1F531
S21400C170A0618A421DD004F0FE43B3F1407F3BD05D
S21400C180B3F1A06F3BD0274B9C4214BF0023012382
S21400C190002B3AD1224671682846FFF741FE074633
S21400C1A0B0BB2246B1682846FFF73AFE90B3384641
S21400C1B0F8BD14F0FF02DED018498B4214D001F50A
S21400C1C080518B4210D0A1F588518B420CD024F4BC
S21400C1D0FF7121F00101B1F1062F05D0104883420E
S21400C1E002D0114B9942D5D142F000720D4B9A42C3
S21400C1F0D0D16FF08607DAE7C4F3C033C8E7C4F3DC
S21400C200C033C5E76FF08607D1E76FF08607CEE745
S21400C2100027CCE76FF08407C9E700BF00030006DD
S21400C22000090006FF000002000400060C4B1B7805
S21400C23083B110B582B00C460023019301AB0A46C9
S21400C2400146084812F017F910B9019BA34204D121
S21400C25002B010BD6FF0880070476FF09300F7E7EC
S21400C2602C4A0020304A00202DE9F0439FB01F469C
S21400C270DDF8A0800023169301F0FE43B3F1806F33
S21400C28018D04FF000096FF08605169813F0CFFF10
S21400C2900446002D40F0AA80002840F0A680B9F1A0
S21400C2A0000F40F09C80D8F800304B44C8F80030AF
S21400C2B025469EE00C4616460B464FF4807216A99D
S21400C2C013F08EFC0546002840F08680DDF8589076
S21400C2D017ADCC46BCE80F000FC59CE8070085E804
S21400C2E00700242200210DEB020016F0DCFB09AD4E
S21400C2F00DF15C0CBCE80F000FC59CE8070085E854
S21400C3000700B9F8003003F4E042B2F5005F11D040
S21400C31042F20402934232D0384B9C4235D04FF062
S21400C3200009B9F1000F3BD0279B994530D96FF033
S21400C3308905AAE7C3F302224FF0010909FA02F9B8
S21400C340B9F1010FE4D92E4A944212D002F5807258
S21400C35094420ED002F5807294420AD0294A944242
S21400C36007D0A2F53F42944203D002F58072944271
S21400C370CED1B9F1100FD4D96FF0830585E7224BE3
S21400C3809C42C9D14FF00C09CBE74FF00D09C8E726
S21400C390494612A8FFF74AFF054600287FF475AF06
S21400C3A0169B596A9A6A269BA3B103EB0900CDF83F
S21400C3B01880279BA3EB0903059304900397029626
S21400C3C0CDF8049012AB0093234609A813F0A8FCFE
S21400C3D005465AE72698EAE74FF0000955E74A4629
S21400C3E012A9269816F098FA5DE705460023C8F8C5
S21400C3F0003028461FB0BDE8F08300BF0013C0041D
S21400C4000010C00400FF40040001800408B500F0DE
S21400C4106FF8064B5B7823B90C210448FFF7CEFC77
S21400C42008BD034813F0D4FBF6E700BF2C4A0020F3
S21400C430304A002070B5124B1B7813B100242046FA
S21400C44070BD12F016F8044660B90D4C0126A670B1
S21400C450251D284613F0C0FB6670284613F0B6FB71
S21400C460044610B1FFF7D2FFE9E72B1F02225A70ED
S21400C47000F036F804460028F4D12B1F1E70DEE7C5
S21400C4802C4A002038B504460D4600F1004205321D
S21400C490042A09D82C21114B01FB02339A688242E8
S21400C4A015D12B60002038BD012113F031FE88B174
S21400C4B000231A46042A08D82C21084B01FB023315
S21400C4C09968A14201D00132F4E7042AE9D96FF055
S21400C4D08B00E8E76FF08700E5E700BF384A0020EA
S21400C4E0024B012283F8DC2000207047384A0020E7
S21400C4F038B500250BE02C23084C03FB054404212B
S21400C500204613F01AFE204613F0D9FC0135042D00
S21400C510F1D9024B002283F8DC2038BD384A0020CF
S21400C52070B504460D46204B93F8DC30002B34D013
S21400C5300026324600E00132042A0FD82C211A4B7E
S21400C54001FB023393F8201049B1002EF3D118797D
S21400C5500028F0D00229EED11E46ECE7002363B196
S21400C560114A9A1A9210114901FB02F202F1004296
S21400C570053A22602B60002070BD4EB10421304683
S21400C58013F0DBFD0028F7D1304613F098FC334655
S21400C590002BE5D16FF08C0001E06FF088000023DF
S21400C5A02B602360E8E700BF384A0020A38B2EBA32
S21400C5B0F0B583B000230B60294B93F8DC30002BDA
S21400C5C04AD005460C461746FFF75CFF064668B994
S21400C5D03FB1012F0DD10521206813F0AEFD0646B0
S21400C5E007E0206813F00DFE064602E010F18C0FFF
S21400C5F002D0304603B0F0BD214601A8FFF790FFF9
S21400C60006460028F5D123689D60236801225A60FB
S21400C610206813F0D5FD064660B10421206813F0AB
S21400C6208CFD206813F04BFC16F18C0FE1D16FF0F7
S21400C6308706DEE720680C3013F05BFD3FB1012F64
S21400C640D7D10521206813F078FD0646D1E720688B
S21400C65013F0D7FD0646CCE76FF08806C9E700BFA3
S21400C660384A002008B50822034916F0F2F900B946
S21400C67008BD6FF09800FBE70C54020010B5864624
S21400C6808C460D4C03CC18605960002199605168A7
S21400C690D9601188198251885982D1685961116907
S21400C6A099615269DA61C3F820C06246714603F1A7
S21400C6B0240016F031F910BD0C5402002DE9F04F9D
S21400C6C091B0804617460F938946002900F04483B0
S21400C6D000260F9B1878002800F04183252809D0F3
S21400C6E0741C3B4632464946C0470F9B01330F93A6
S21400C6F02646EEE701330F9300251FE045F00105BF
S21400C70001320F92012318E045F0020501320F9224
S21400C710012312E045F0040501320F9201230CE0DC
S21400C72045F0080501320F92012306E045F010059A
S21400C73001320F92012300E000234BB30F9A1378C7
S21400C740203B102BF8D801A151F823F021C7000098
S21400C75039C7000039C700002DC7000039C70000E0
S21400C76039C7000039C7000039C7000039C70000C4
S21400C77039C7000039C7000015C7000039C70000D8
S21400C78009C7000039C7000039C70000FDC6000011
S21400C7900B930F9B1A78A2F13003DBB2092B18D942
S21400C7A02A2A1BD0DDF82CB00F9B1A782E2A25D00B
S21400C7B00F9A1378683B122B5CD8DFE803F0495BCE
S21400C7C0AA5B3B5B5B5B5B5B5B5B575B5B5B5B5B89
S21400C7D0AF000FA813F0B9FE8346E5E71A9B1A1DB3
S21400C7E01A921B68002B04DB9B460F9B01330F93AA
S21400C7F0DAE745F00205C3F1000BF6E745F480657D
S21400C8005A1C0F925A78A2F13003DBB2092B0CD9CE
S21400C8102A2ACDD11A9B1A1D1A921C6824EAE473A0
S21400C8200B930F9B01330F93C2E70FA813F08DFEF7
S21400C8300B90BDE745F48071531C0F9353786C2B17
S21400C84001D00D4616E045F4407502320F9211E015
S21400C85045F08001531C0F935378682B01D00D468A
S21400C86008E045F0C00502320F9203E045F48075FB
S21400C87001320F920F9B1878672854D8252867D363
S21400C880A0F12503422B63D8DFE813F05B026200B9
S21400C8906200620062006200620062006200620083
S21400C8A06200620062006200620062006200620073
S21400C8B06200620062006200620062006200620063
S21400C8C06200620062006200620062008201620131
S21400C8D08201620062006200620062006200620022
S21400C8E06200620062006200620062006200620033
S21400C8F062006C0062006200620062006200620019
S21400C9006200620062006C00A9016C008201620194
S21400C910820145F4007501320F92ABE745F480754D
S21400C92001320F92A6E7782812D8692810D3A0F112
S21400C9306902D2B20123934049F24102134211D157
S21400C94013F0800F40F0E28113F4806F40F079819D
S21400C950741C3B4632464946C0470F9B01330F9333
S21400C9602646B6E6782809D062283AD06F283AD00C
S21400C97058283AD025F010050A2300E0102358283E
S21400C98035D0692803D0642801D025F00C0515F4AD
S21400C990806F01D025F0010569282BD0642829D0A6
S21400C9A015F4007F40F0968015F4807F40F0AE804E
S21400C9B015F0400F00F0BF801A9A111D1A911278D8
S21400C9C00595CDF810B00B990391029300230193BF
S21400C9D000923B4632464946404613F0A3FE0646C2
S21400C9E029E00223CBE70823C9E71023C7E745F071
S21400C9F02005C6E715F4007F21D115F4807F42D1CB
S21400CA0015F0400F58D01A9A111D1A91127882EA22
S21400CA10E271A1EBE2710595CDF810B00B9803908A
S21400CA200293D20F019200913B4632464946404659
S21400CA3013F078FE06460F9B01330F9349E61A9AC9
S21400CA40073222F0070202F108011A9151681268B3
S21400CA500846002913DB0895CDF81CB00B9C0694FD
S21400CA60049300230593C90F0291009201903B4660
S21400CA7032464946404613F09FFE0646DBE75242E2
S21400CA8061EB4100E7E71A9A111D1A91126882EAD3
S21400CA90E271A1EBE2710595CDF810B00B9803900A
S21400CAA00293D20F019200913B46324649464046D9
S21400CAB013F038FE0646BEE715F0800F05D01A9A2A
S21400CAC0111D1A91B2F90020A1E71A9A111D1A91A8
S21400CAD012689CE71A9A073222F0070202F1080150
S21400CAE01A910895CDF81CB00B9906910021049375
S21400CAF005910291D2E90023CDE900233B46324658
S21400CB004946404613F058FE064694E71A9A111D09
S21400CB101A910595CDF810B00B9903910293002356
S21400CB200193136800933B4632464946404613F04D
S21400CB30F9FD06467FE715F0800F04D01A9A111DFE
S21400CB401A9112883CE71A9A111D1A91126837E753
S21400CB5046281AD01A9B073323F0070303F108026E
S21400CB601A920495CDF80CB00B9A0292D3E90023E2
S21400CB70CDE900233B46324649464046F3F718FDCA
S21400CB8006460F9B01330F93A3E545F02005E1E72A
S21400CB90672801D0472801D145F40065452801D013
S21400CBA0472801D145F020051A9B073323F00703D9
S21400CBB003F108021A920495CDF80CB00B9A029273
S21400CBC0D3E90023CDE900233B463246494640469A
S21400CBD0F3F7F6FA06460F9B01330F9379E515F047
S21400CBE002051DD001241A98031D1A9306F1010AA6
S21400CBF03B46324649460078C047A5B90F9B0133ED
S21400CC000F93564665E502F1010A3B464946202049
S21400CC10C047234652465C1C9B45F4D81646E2E7BE
S21400CC2001233246F7E7524606E0561C3B46494685
S21400CC302020C0472C463246651CA345F5D89246B0
S21400CC40DCE71A9B1A1D1A92D3F800A00B9BFBB9BF
S21400CC504FF0FF32534601E001330A46197811B10E
S21400CC60511E002AF8D1A3EB0A0315F480620C9239
S21400CC7003D00B9A934228BF134615F0020409D03E
S21400CC800D94CDF838B00B9D32460C9E9B461FE0A7
S21400CC900B9ADFE73246264606E0541C3B464946DA
S21400CCA02020C0472B4622465D1C9B45F5D83446BF
S21400CCB02B460D94CDF838B00B9D0C9E9B4607E096
S21400CCC01D460AF1010A541C3B464946C047224607
S21400CCD09AF8000020B1002EF3D06B1E002DEFD185
S21400CCE00D9C16465B46DDF838B054B90F9B0133F1
S21400CCF00F93EEE4551C3B4649462020C04723468A
S21400CD002A465C1C9B45F5D81646EFE745F02105FC
S21400CD101A9B1A1D1A921B680595082204920B9AF4
S21400CD200392102202920022019200933B46324662
S21400CD304946404613F0F6FC06460F9B01330F9318
S21400CD40C7E4741C3B46324649462520C0470F9B25
S21400CD5001330F932646BCE4DFF81C80B8E4BE42DD
S21400CD6008D37A1E3B4649460020C047304611B0DD
S21400CD70BDE8F08F3246F5E73B0502000FB400B57C
S21400CD8085B006AA52F8043B039200924FF0FF3299
S21400CD9002A90448FFF792FC05B05DF804EB04B066
S21400CDA0704700BF7B08020000B585B003460091BF
S21400CDB04FF0FF3203A90348FFF780FC05B05DF88B
S21400CDC004FB00BF7B08020000B585B0029003910B
S21400CDD0009313464FF0FF3202A90348FFF76EFC9C
S21400CDE005B05DF804FB00BF3D05020010B58AB033
S21400CDF004462422002101A815F055FE01A920466C
S21400CE0013F0BAF8BDF80430B3F5105F10D1BDF8D2
S21400CE100630802B0CD1049B13F4407F08D0031EF1
S21400CE2018BF012358002BB9034B1C600AB010BD75
S21400CE30BD20FBE70220F9E7184B0020014B00203D
S21400CE4018607047184B0020014B1868704700BFE9
S21400CE50184B0020014B1868704700BF184B002085
S21400CE600B4B0C4A1B8830B51488014600209C42A8
S21400CE7000D230BDDA0803F007058A5C2A41D207E3
S21400CE8048BF421C03F1010348BF90B29BB2EEE7D5
S21400CE90AE4F0020B421002038B50A4D2888F4F79C
S21400CEA04BFA08B9002038BD074C2088F4F744FA3E
S21400CEB00028F7D02888238898422CBF002001201D
S21400CEC0F1E700BFAE4F0020B421002010B50C4A99
S21400CED00C4C002313700C4A23804FF6FF7104F1AC
S21400CEE00C00638023716371A371A360118051806D
S21400CEF0FDF70CFE04F12C00BDE81040FDF706BE61
S21400CF00A84B00201C4B0020BA210020194B002201
S21400CF1010B504461A7081B91748F3F7E1FE05F01C
S21400CF2013F901F0BFFF40B1144B1B78042B01D05E
S21400CF30072B02D1012005F0A4F8002C104B0CBFE3
S21400CF40032200221A719A79D10707D522F001022E
S21400CF509A712046BDE8104012F07BBC9B682046C4
S21400CF6098472CB1204612F0FAFBBDE81040ADE71A
S21400CF7010BD00BFA84B0020684B00208E4B002041
S21400CF801C4B00203C4B3D4A1B881288B3EB420FDB
S21400CF902DE9F04106DC3A493A4840F2FF12FFF725
S21400CFA0EDFEFEE7384C394B61881B88384E236609
S21400CFB0002938D133880833C3F3C707384602F050
S21400CFC005FF608002F0D8FD3A46FF21054615F0C1
S21400CFD06AFD2846FFF744FF0021A4F8640002F02B
S21400CFE0F5FE208002F0C8FD2A4B1B8800223188FF
S21400CFF099421DD22088284E02F0BEFD0021D4F8AA
S21400D00060E0451E0A4643F23907B4F864308846A5
S21400D01003F1FF3CE04501F1010118DB0AB1C4F859
S21400D02060E0BDE8F081084602F0A6FD0546D0E7C0
S21400D030D90803F00707695C3941C90744BF835420
S21400D040013203F1010348BF92B29BB2CFE7A3EBD4
S21400D05008035A1EBEFBF2F302FB13E30B449BB21B
S21400D06006FB0E7CC25C15F801EF00F803E02A70A0
S21400D0702CF0004E0122C8E7B2210020B02100208B
S21400D08080540200A45402001C4B0020B04F002025
S21400D090B4210020AE4F00206D4EC64110B5084C9E
S21400D0A0A379024613F0040008D1064B198805F050
S21400D0B006FC18B9A37943F00403A37110BD00BFA2
S21400D0C01C4B0020B04F002010B5264C2379022BB5
S21400D0D006D02549254840F24322FFF74FFEFEE7DB
S21400D0E094F8663094F8672083B9B4F86430013B4E
S21400D0F084F86630531C84F8673094F86730052B44
S21400D10008D900213320BDE81040FFE6013B84F833
S21400D1106630F2E7208830B91349144840F25522A9
S21400D120FFF72CFEFEE702F043FDB4F864308342BE
S21400D13006D00D490D4840F25622FFF71FFEFEE7C7
S21400D140208802F019FD94F86630C05C05F004F8FB
S21400D150074B00225988188805F074FB08B1002197
S21400D160D1E710BD1C4B002080540200A4540200DE
S21400D170BA210020F0B51D4C2379013B012B87B066
S21400D180054606D91A491B484FF41B72FFF7F6FDF1
S21400D190FEE728B10121084607B0BDE8F040B5E635
S21400D1A004F14C0004F14C07F3F7B8FD0FCF01AEC5
S21400D1B00FC63B68336028468DF805508DF80C5036
S21400D1C004F05FFF01A8F3F78BFD2379022B07D14C
S21400D1D084F8665084F86750FFF776FF07B0F0BD16
S21400D1E0A37943F00803A371F8E700BF1C4B0020A7
S21400D1F080540200A454020030B585B004460846A8
S21400D20003A91546FDF790FD38B9CDE900000346A1
S21400D21003992A46204612F02BF905B030BD174B6D
S21400D2201B8810B533B91649164840F26232FFF72C
S21400D230A5FDFEE7144C6279511E012906D9104956
S21400D240104840F26332FFF799FDFEE7012A10D13D
S21400D2500E4A11880E4AA1EB430104F12C00FFF799
S21400D260CBFF48B10649074840F26732FFF786FD14
S21400D270FEE70323637110BD0223FBE7B021002005
S21400D28080540200A45402001C4B0020B22100204F
S21400D2901FD2000037B5334C94F868309BB100239A
S21400D2A0CDE900333049314A098804F10C00FDF716
S21400D2B059FD30B12E492F4840F22932FFF75EFD66
S21400D2C0FEE784F86800208802F056FC6379023B8B
S21400D2D0012B054606D9264926484FF44D72FFF71E
S21400D2E04DFDFEE7244B198859B1244A2448FFF720
S21400D2F083FF68B31E491F484FF44E72FFF73EFD8A
S21400D300FEE70223637194F86630B4F864200133B4
S21400D310DBB29A4284F8663004BF002384F8663095
S21400D3202379052B04D094F86630E85C04F014FFEB
S21400D3302379042B0ED1A37913F0020F10D00A4BD9
S21400D34010481988490803B0BDE8304001F0FDBF19
S21400D3500123D7E7012B03D1A37913F0080FEDE7DC
S21400D36003B030BD1C4B0020B221002095D2000037
S21400D37080540200A4540200B02100201FD20000F6
S21400D380484B0020A84B0020F8B5374C07462088AD
S21400D3900E4602F0F1FB054604F12C00FDF7B6FB45
S21400D3A004F10C00FDF7B2FB237984F86670052BB8
S21400D3B024D0E85D04F0D0FE4FF47A73B6FBF3F5A4
S21400D3C003FB1566B6F5FA7F05D3284A12886B1C50
S21400D3D0934218BF1D46264B1988A9421ED9491BE1
S21400D3E00123244A24486371FFF706FF10B323493C
S21400D3F0234840F20D32FFF7C1FCFEE7B4F8643074
S21400D400013BDBB20127E85C84F8693084F86A7077
S21400D41004F0A2FE3846FFF741FECDE7134B1B880B
S21400D420591AA94202D9491B0223DAE7AB4213D99B
S21400D43003236371012384F868300C4B114A198862
S21400D4401148491BFFF7D8FE68B10C490C4840F25A
S21400D4501A32FFF793FCFEE70849094840F2093202
S21400D460FFF78CFCFEE7F8BD1C4B0020B221002025
S21400D470B02100201FD20000484B0020805402003C
S21400D480A454020095D20000284B0020144B2DE92E
S21400D490F0411D880835C5F3C7050F46E1B1854242
S21400D4A01AD8104E0846FFF7DBFC34798046ACB934
S21400D4B0A0B1738823B92146284602F087FC708005
S21400D4C0708802F059FB2A46394615F025FAA6F868
S21400D4D064802046BDE8F0810224FAE77024F8E76D
S21400D4E0B42100201C4B002038B501F0DBFC10B93D
S21400D4F07024204638BD0D4D2C79002CF8D1FFF74E
S21400D500CBFC0028F4D001F08FFE012808D1FFF7ED
S21400D51039FD0021052308462B71FFF735FFE8E7A4
S21400D52001F082FE0528F2D0E2E700BF1C4B002087
S21400D530F8B5184B1B78063B012B07460E4602D85B
S21400D54070252846F8BD144C2579002DF8D1FFF734
S21400D550A3FC0028F4D04FF6FF739F4218D09E42DB
S21400D56016D0FFF70FFD0D4B1F805E80A37943F0AA
S21400D5700103A37104F10C0002232371FDF7C6FA20
S21400D58004F12C00FDF7C2FA054804F0ADFCD8E71C
S21400D5900225D6E78E4B00201C4B0020BA21002027
S21400D5A075D1000008B5044B1B791BB1FFF78EFC44
S21400D5B0002008BD7020FCE71C4B00208020704730
S21400D5C0014B188802F0D8BA1C4B0020014B93F888
S21400D5D0660070471C4B002007B5094801A9FDF7F7
S21400D5E0E5FA0198FDF7F6FB064B1B88181A4FF470
S21400D5F07A73584300F5167003B05DF804FB00BF5D
S21400D600284B0020B2210020024B1879003818BFA2
S21400D610012070471C4B002010B5044C204602F039
S21400D620C3F8A01CBDE8104002F0BEB81C4B00209A
S21400D630064B1A79033A012A06D85A79022A03D0E9
S21400D6409879C0F380007047012070471C4B00207B
S21400D65010B52D4B2D4C00221A702379013B032B5D
S21400D6604AD8DFE803F01623022F01F0D9FB284B37
S21400D6701B884FF6FF72934223D0E26E1344C01A03
S21400D680B0F1004F1DD8332012F069F8BDE8104005
S21400D6901CE4A37923F008021907A27109D4022317
S21400D6A02371002384F8663084F86730BDE81040A4
S21400D6B00AE5184B00225988188805F0C3F8002898
S21400D6C0EDD110BDA3799A0712D523F002030020EE
S21400D6D0A371FFF7E3FC104B0B481B884FF47A72DC
S21400D6E053430E4A1188BDE81040591A01F02DBE6A
S21400D6F043F00203A371E4E709490A4840F24312E3
S21400D700FFF73CFBFEE700BFA84B00201C4B0020A9
S21400D710AA210020BA210020AE210020B22100203C
S21400D72080540200A4540200034B1B79042B01D141
S21400D7300120B3E4704700BF1C4B00200C4B1A7945
S21400D740511E012912D818B90A48322101F0FDBD30
S21400D750012A0AD102221A719A7922F008029A71D5
S21400D760002283F8662083F86720ADE4704700BF88
S21400D7701C4B0020A84B00202DE9F0412A4F9DF8B5
S21400D7801840079D1E463B79013B022B49D8274B84
S21400D7901A88824245D15B888B4242D1DFF8A0804E
S21400D7A0F4F736FAB8F80030B34211D1204B1B8894
S21400D7B04FF47A725343B7F864200544013AAB42FB
S21400D7C027D301F02DFB2946F8662046FFF7DCFD3F
S21400D7D03B79013B012B08D8B8F800000021B04285
S21400D7E014BF34200846FFF791FB124B1B78042B1E
S21400D7F017D0072B15D0B8F80030B34211D10E4B16
S21400D8000E481B884FF47A71BDE8F041594301F089
S21400D8109CBD013494FBF2F102FB1144ED1AE4B214
S21400D820CDE7BDE8F08100BF1C4B0020BA210020E8
S21400D830B22100208E4B0020AA210020A84B0020F9
S21400D840B04F002070B5204CA37923F00403A371D9
S21400D8502379052B36D1208802F08EF994F869508A
S21400D860064655B1013DEDB284F86950405D04F0BE
S21400D87073FCBDE87040002010E4144A94F86A3047
S21400D88012789A420AD9013384F86A30B4F86430C0
S21400D890013BDBB284F86930C05CE8E704232371FF
S21400D8A00B4B0C481B884FF47A7253430A4A118874
S21400D8B0591A01F04AFD94F86630F05CBDE87040F5
S21400D8C004F04ABC70BD00BF1C4B0020E1210020C4
S21400D8D0AE210020A84B0020B221002038B50C4D08
S21400D8E02B7904460BB9002038BD01F099FAEB6E8F
S21400D8F0C01A084B1B884FF47A7253439842F2D3EF
S21400D900AC60054801242C7104F0EEFA2046EBE7E3
S21400D9101C4B0020AC21002075D1000080207047F1
S21400D9202DE9F04F87B083460D4610460021144679
S21400D9301E469DF84080BDF84490DDF848A09DF84E
S21400D9404C7000F029FE3A4B1A78531E012B05D96D
S21400D950384939486A22FFF711FAFEE7374B19783B
S21400D960FB070DD5884231D2354A03B2126803EB65
S21400D970830302EB83039B7CD90603D4382022E082
S21400D980884223D200B200EB8000DFF8B4B08300F8
S21400D9900593DBF8003003EB80039A7C52071ED514
S21400D9A0CDE90197CDF800A04346324621462846E9
S21400D9B000F038FC38B9059ADBF8003013449A7C3E
S21400D9C042F008029A7407B0BDE8F08F4FF6FF7178
S21400D9D08C422AD0022A13D1E4B9002204E04FF682
S21400D9E0FF72944221D01A89334621462846CDE953
S21400D9F012A7CDE9108907B0BDE8F04F03F002B9D1
S21400DA00204601F053F94FF6FF7188420246EBD1EB
S21400DA103720D8E78B45E0D00021584600F0BCFD03
S21400DA20064B1B788342D8D8F2E72246DCE700BFD5
S21400DA308E4B0020B6540200A4540200DF210020C2
S21400DA40CC20002010B50E4C92B00023237001F0BD
S21400DA5029FA98B10B4B1B78022B0FD10DF1070159
S21400DA6002A800F0D3FE9DF8071002A813F0ABFA48
S21400DA70054B19682046890201F067FC12B010BDFC
S21400DA80A04B00208E4B0020B820002010B50D4B78
S21400DA901B78022B044613D1002012F0FAFE020671
S21400DAA001D5E3070CD5FEF777F96423B0FBF3F254
S21400DAB002FB1301BDE81040034889B201F045BCE3
S21400DAC010BD00BF8E4B0020A04B002038B50C4682
S21400DAD005460021204600F05FFDFF2805D10B49D2
S21400DAE00B48DE22FFF74AF9FEE745B1094B00B2C4
S21400DAF01B6800EB800003EB8003DB7C2BB9204621
S21400DB000021BDE8384000F051BE38BDB6540200D2
S21400DB10A4540200CC20002038B50D46002104464F
S21400DB2000F03AFDFF2811D0094A03B2126803EB51
S21400DB30830302EB83039B7CDA0601D5EB0705D54E
S21400DB4020460021BDE8384000F030BE38BD00BF9A
S21400DB50CC2000200346FF2B70B5084605D1184997
S21400DB601848F922FFF70AF9FEE7174D2A6803EB73
S21400DB70830302EB83029C0092F91210937C002927
S21400DB801CDA590700D570B1D17C168991B113F013
S21400DB90100001D00FF010FD00F00101304613F028
S21400DBA020FA08B1012070BD2B682344DA7C013AC4
S21400DBB0DA74F7E7304600F0F9FDF3E70020F2E705
S21400DBC0B6540200A4540200CC20002010B504462F
S21400DBD001F068F908B9702010BD204B1B785A1E5A
S21400DBE0012A06D81CB1237A9A1E012A13D90220CC
S21400DBF0F2E7063B012BEED8002CF8D0237A9A1ECB
S21400DC00012AF4D8032B20880CBF21460021BDE84A
S21400DC10104000F0CBBD022B0BBF20882146002110
S21400DC204FF6FE7000F0B8FCFF280446D3D003B2CF
S21400DC3003EB83020A4B0B481B6803EB82039A7CB8
S21400DC4062F07F029A740822DA7401F073FB0021F6
S21400DC502046FFF77FFF0020BEE700BF8E4B002068
S21400DC60CC200020904B0020014B1888704700BF46
S21400DC70C821002010B50E4A127803460846511EE9
S21400DC80012906D90B490C4840F22112FFF776F815
S21400DC90FEE7012A094C03D100F00CFF208010BDDE
S21400DCA04FF6FF7222801946BDE8104013F058B9AF
S21400DCB08E4B0020B6540200A4540200C821002057
S21400DCC038B5084B1B78022B04460D4608D10020B9
S21400DCD012F0DFFD020601D5EB0701D5024B1C80D2
S21400DCE038BD00BF8E4B0020C8210020044B18789A
S21400DCF028B9044B1B689B880BB1034B18787047F8
S21400DD00A2500020C8200020DE21002070B59379A4
S21400DD105B068EB00646144622D5908801F02CFF8E
S21400DD20A37903F00F038DF8043000230993E378FA
S21400DD308DF82030054612F0F6FF0921ADF82800D0
S21400DD40284612F0E0FE28440B9029460DF1060006
S21400DD5012F0AAFF01A9304611F02BFD0EB070BDDF
S21400DD600D8801F04FFA8542F8D1A3798DF804307A
S21400DD70A0882388ADF8063001F01AFFADF80A0037
S21400DD80A08801F0F9FE6388039001A93046ADF83B
S21400DD90083011F0FCFCE1E72DE9F84F0546FFF7E7
S21400DDA0A5FF0026DFF8A480DFF8A49007463446D7
S21400DDB0F3B29F4201D8FF243EE0D8F8003003EBD0
S21400DDC0C40221B29079400639D5908801F0D4FE7D
S21400DDD095F808B0824612F07AFD504402F040FCF6
S21400DDE0C0F3812083450AD099F800300134E4B2AC
S21400DDF0B4FBF3F203FB1244E4B20136D8E72B7A05
S21400DE00022B0ED02B7A032BEED10421504612F0B3
S21400DE107AFE08222946504414F01BFE0028E3D15F
S21400DE200AE004215046B5F800B012F06CFE5044EB
S21400DE3002F016FC8345E5D12046BDE8F88F33F89E
S21400DE4031202B889A42CFD1F6E700BFC8200020A9
S21400DE50DE2100202DE9F047FFF748FF05460024A5
S21400DE6000F0DEFF35B9214B1D70214BFF221A70E2
S21400DE70BDE8F0871F4BD3F800E01F4B1A681F4B16
S21400DE80A2EB000893F800C0274626464FF0FF3165
S21400DE9023465EF82390A0EB090A524517D9C144E1
S21400DEA0894518D30133DBB20137B3FBFCF90CFB11
S21400DEB019335FFA87F94D45DBB2EAD80EB10C4B41
S21400DEC01C7061B9BDE8F047084801F033BA1C463B
S21400DED001260021E6E71C4649460126E2E78A427B
S21400DEE0C6D3BDE8F047014801F02FBA984B002092
S21400DEF0E4210020C0200020BC200020DE210020DD
S21400DF002DE9F04F484B494F1A683C78DFF838A1A6
S21400DF10DFF838B102EBC40387B09E7916F04003F1
S21400DF20009301BF02238DF8143032F83030ADF87C
S21400DF300C303F4B1D780130691EC9B2B0FBF5F3BB
S21400DF4005FB1303DBB201919C4225D1002C58D16E
S21400DF50013DECB202EBC40200239380354B3C70CB
S21400DF601B78063B012B5AD9009B002B57D103A8E0
S21400DF70FFF712FFFF2852D10099BDF80C0000F001
S21400DF800BFB2D4B1B7883423ED82C492C484FF474
S21400DF90AC72FEF7F3FEFEE783BB019852F833102F
S21400DFA042F8301002EBC30E02EBC00CDEF8041091
S21400DFB0CCF80410DAF8001003EB830C00EB8009B1
S21400DFC001EB4C0851F81CC041F819C001EB490E92
S21400DFD0D8F804C0CEF804C0B8F80810AEF8081098
S21400DFE0DBF8001051F8236041F820600133DBB203
S21400DFF0B3FBF5F105FB1133DBB2A5E7581EC0B243
S21400E000CCE7013CE4B2A5E70E4B00B21B6800EB80
S21400E010800003EB80039A7C22F008029A7407B013
S21400E020BDE8F04F16E700BFC8200020A250002031
S21400E030DE2100208E4B0020DF210020DB54020072
S21400E040A4540200CC200020C4200020C0200020C1
S21400E05038B50D461446FFF79FFEFF281AD00E4A25
S21400E06003B2126802EBC30152F833202A604A68F2
S21400E0706A600A4A03EB8303116801EB430251F816
S21400E080133023605368636013892381FFF738FFDA
S21400E090012038BD0020FCE7C8200020C420002056
S21400E0A038B5074C074DFFF721FE00B938BD22688A
S21400E0B029684220FFF72AFE0020FFF721FFF2E73B
S21400E0C0C8200020C4200020B0F1004F9DBF024BA6
S21400E0D01860002002207047BC20002010B5074BB7
S21400E0E01878074B1A68002304321C46D9B28842B7
S21400E0F000D810BD22F833400133F7E7DE210020B8
S21400E100C820002010B5114B114C00221A70114A7D
S21400E110237812789A4206D90F4A126802EBC30295
S21400E12019B293882BB90D490D485A22FEF726FEE0
S21400E130FEE70C4B1B6801EB8101412003EB41011C
S21400E140FFF7E4FD2078BDE81040D9E6984B0020A4
S21400E150E4210020DE210020C8200020DB5402003D
S21400E160A4540200C420002030B52D4B1B78063B7B
S21400E170012B8DB0044629D8214606A812F03EFD94
S21400E18009AA04A906A8FFF763FFC0B3BDF8145098
S21400E190284601F0F1FC0446284601F009FD9DF8EA
S21400E1A016209DF8131042F00403520629D5CDE937
S21400E1B00143002300901A464FF6FF7003F0C6FD99
S21400E1C0E8B104AA09A9FFF7A1FD18E012F07FFB49
S21400E1D0204402F045FA80130228CDD106212046BD
S21400E1E012F091FC204402F03BFA002100F0D4F932
S21400E1F0FF2804D00121FFF7ADFC0028BCD00DB0ED
S21400E20030BDBDF81020CDE90010CDE90243BDF8C1
S21400E21024009DF81230114602F0F4FCD0E700BF4F
S21400E2208E4B00202DE9F84FDFF8B8A09DF830B0EF
S21400E2301E460546FFF75AFD9AF800308342884688
S21400E240174643D0234B244C1A6821780A9802EBD1
S21400E250C109BDF82C10002201F03AFE1D4BA9F8AA
S21400E26004001A6894F8009002EBC903998879B301
S21400E27022F839809F70DE7083F806B0174B1E6850
S21400E28000F0CEFD164B46F8290020781B681BF0E0
S21400E290400F00EB800012D00A9903EB400012F00A
S21400E2A0ADFC23789AF800200133B3FBF2F102FBB1
S21400E2B011332370FFF7CEFD0020BDE8F88F03EB87
S21400E2C040020221117223F81050EAE73920F4E7E1
S21400E2D01820F2E7C8200020A2500020C02000200E
S21400E2E0C4200020DE21002008B5FFF755FDFF38CA
S21400E2F018BF012008BD10B5044686B003AA01A9C0
S21400E3002046FFF7A5FE08B906B010BD01AA03A96E
S21400E3104220FFF7FBFCF1E7054B1B7833B9054BB2
S21400E3201B689888B0FA80F0400970470020704754
S21400E330A2500020C820002070B5084D084E0024CA
S21400E3402A78E3B29A4200D870BD306800EBC3006A
S21400E350043001F029FA0134F2E700BFDE21002084
S21400E360C82000201FB50E4B1B6800EB800203EB95
S21400E370820304461A89D3F80A00D3F80E109B7C51
S21400E380ADF80C2023F0080301AA03C28DF80E3066
S21400E39001AA0C2321460520FDF7E2F804B010BDC3
S21400E3A0CC2000202DE9FF41134F3B6800EB800294
S21400E3B003EB82034FEA820802228DF80C209E7C33
S21400E3C01B89ADF80430044601A80D46FFF793FFFD
S21400E3D03B68434406F002069A7C22F001029A74D7
S21400E3E02046FFF7BFFF1EB115B1204600F0A2FB86
S21400E3F004B0BDE8F08100BFCC20002038B50A4D3F
S21400E4000A4B2A78186802EB82029200002114F068
S21400E4104AFB00242B78E0B2834200D838BDFFF7D1
S21400E420A1FF0134F6E700BFDF210020CC2000204A
S21400E430F8B500F0F5FC194B1F78194B1C684FF423
S21400E4407A735C43174B1A6800254FF0FF31EBB226
S21400E4509F4206D84B1C1CD0BDE8F840124800F07E
S21400E46074BF937CDE070BD55E0609D41E0607D460
S21400E4701668A0EB060C644505D843F04003937479
S21400E48001351432E3E7231A3344994228BF19466C
S21400E490F6E7054B00221A70F8BD00BFDF2100200A
S21400E4A0D0200020CC200020904B00202DE9FF41FA
S21400E4B0194F1A4E00253B78ECB2A34205D81848EF
S21400E4C004B0BDE8F04100F035BF0C2301AA214698
S21400E4D00520FCF7F5FF9DF80E20D30719D5D6F8D2
S21400E4E00080BDF80C1014235C4308EB040322F0F4
S21400E4F0080219819A7401AA03CAC3F80A00C3F86D
S21400E5000E1000F08DFC336848F804002344002207
S21400E5105A600135CFE700BFDF210020CC20002065
S21400E520904B0020F8B51A4E1A4D32682978002311
S21400E53012321420DCB2A14210D800F071FC002286
S21400E5402D7833681746FF24D6B2AE420ED3A542C6
S21400E5500AD900212046FFF725FF05E000FB03F758
S21400E5600133D75DFF07E5D42046F8BD93F912C006
S21400E570997CBCF1000F01DB490605D51968411AE4
S21400E580B94284BF0F46344601321433DCE700BF7D
S21400E590CC200020DF2100202DE9F843104B93F813
S21400E5A00090104B1C6880460D460A340027FEB2C9
S21400E5B0B14501D8FF2609E0237ADB070DD545B122
S21400E5C008222146284614F044FA30B93046BDE801
S21400E5D0F88334F8023C4345F8D001371434E6E7B4
S21400E5E0DF210020CC2000202DE9F041344B93F8A9
S21400E5F0008008F1FF33012B06460C46174603D968
S21400E600A8F10603012B57D8002E57D0337A9A1E4E
S21400E610012A53D8032B0CBF314600213088FFF760
S21400E620BBFFB8F1010F054604D0FF2D09D1B62077
S21400E630BDE8F081404612F02CF90306F5D5FF2D13
S21400E6400CD014BBDFB11F4B2DB21B6805EB850544
S21400E65003EB85039B7C03F03E030FE0337A022B2B
S21400E660E5D100253188E8B200F0F6FA48B11CB1D1
S21400E67000232360636023810FB120233B700020BA
S21400E680D6E70135202DEDD1D1E72BB203EB83027F
S21400E6900C4B1B6803EB8203327A022A09BFD3F8BD
S21400E6A00A201B892260D3F80E2015BF238003237F
S21400E6B0022362602372C5E77020B9E70220B7E73D
S21400E6C08E4B0020CC2000200A4608B50021FFF71C
S21400E6D08BFF002818BF702008BD2DE9FF470746AE
S21400E6E04FF6FE700E461546FFF756FFFF28044607
S21400E6F043D1FFF717FF0446294B1B78A3424DD999
S21400E700DFF8A49085F00801AA10D9F800A0C1F39C
S21400E710C00123B202F0100242EA810203EB830337
S21400E72005F002054FEA83082A430AEB830342F00A
S21400E73001029A741F813268C3F80A207268C3F80F
S21400E7400E2000F06DFBD9F800304AF8080043446C
S21400E75000225A602046FFF705FED9F800304344F1
S21400E7609B7C9B0702D5204600F0E4F90D4800F09C
S21400E770E1FD002004B0BDE8F0870B4A02238DF8C7
S21400E7800C30126803B203EB830302EB830301A889
S21400E7901B89ADF80430FFF7AEFDADE7B420E9E71E
S21400E7A0DF210020904B0020CC20002008B5FFF78A
S21400E7B0F3FE074B1B78834207D90121FFF7F2FDD2
S21400E7C0044800F0B7FD002008BD7020FCE700BF3D
S21400E7D0DF210020904B002008B5FFF7DDFE094B37
S21400E7E01B7883420CD9084B00B21B6800EB8000F4
S21400E7F003EB8003987C030754BFC009012008BDC3
S21400E8000020FCE7DF210020CC2000202DE9F84383
S21400E8100024144FDFF858800C7006460D464FF063
S21400E82014093B782878E2B2934208D8402816D9D3
S21400E8300D490E484FF4AF72FEF7A0FAFEE7D8F87F
S21400E840003009FB02339A7CD20706D5198930447A
S21400E85001F00CFF2B7802332B700134E1E7BDE8A2
S21400E860F88300BFDF21002000550200A4540200F8
S21400E870CC20002073B50446002944D012F027F8B7
S21400E880204401F0EDFE801302280CD1062120461C
S21400E89012F039F9204401F0E3FE4FF6FF73984278
S21400E8A009D000210AE012F012F8204401F0D8FE48
S21400E8B0801303281DD04FF6FF706946FFF76CFEE5
S21400E8C01D4B1B78834234D91C4D00B200EB8000F0
S21400E8D084002E6800F0A4FA2B68305123441848B0
S21400E8E09A7C22F040029A7402B0BDE8704000F0B4
S21400E8F021BD0621204612F006F92218205851683C
S21400E9006B4603C3D7E711F0E2FF204401F0A8FEF0
S21400E910C0F38120022801D10421B8E711F0D7FF07
S21400E920204401F09DFEC0F381200328C3D10421BA
S21400E930E0E702B070BD00BFDF210020CC20002041
S21400E940904B002010B50C460021FFF725FE0A4B21
S21400E9501B7883420DD9094B00B21B6800EB800080
S21400E96003EB80035A68A24203D801345C6001209E
S21400E97010BD0020FCE700BFDF210020CC200020D7
S21400E980034B1B6800EB800003EB8003188970477D
S21400E990CC2000200E49096870B500EB80020D4CB3
S21400E9A001EB8201034600224FF6FF7514F82200A1
S21400E9B0FF2807D0D0B2834208D0FF2B02D00E89A2
S21400E9C0AE4203D00132202AF0D1FF2070BD00BF36
S21400E9D0CC200020B44F00202DE9F84306460F4611
S21400E9E015469846FFF7D6FFFF28DFF8909033D1FC
S21400E9F0002419F82430FF2B2BD00134202CF8D11A
S21400EA00BDE8F88301F0D4F82844414680B201F00E
S21400EA10DDF904460028F3D001F0AEF88046708891
S21400EA2001F0AAF88146708801F0C2F8494602460D
S21400EA30404613F071FF204601F09EF8804670882D
S21400EA4001F0B6F82A463946404413F065FF748054
S21400EA50D6E709F82460E0B28400B8F1000F04D1CC
S21400EA6009EB040670880028CCD1002229463846D7
S21400EA7001F02EFA4C446080C2E700BFB44F00207D
S21400EA800023054AFF2019460133202B10705180C1
S21400EA9002F10402F8D17047B44F002038B5044D97
S21400EAA000242819043400F07FFE802CF9D138BDEC
S21400EAB0B64F00204FF6FF73984213B5044618D1A0
S21400EAC002230DF1060200210420FCF7F9FCBDF834
S21400EAD006304FF6FC7293420BD80133ADF8063081
S21400EAE00DF10602022300210420FCF739FDBDF8D3
S21400EAF00640204602B010BD0B4B1B8807B52BB94D
S21400EB000A490B485C22FEF739F9FEE7013BADF8EF
S21400EB1006300DF10602022300210420FCF720FD3A
S21400EB2003B05DF804FB00BFA821002022550200B8
S21400EB30A454020010B50446FFF72CFF144A1268CE
S21400EB4004EB840102EB81020346927C12F0010280
S21400EB500BD0FF280F4A13D1002312F82310FF29E9
S21400EB600DD00133202BF8D110BDFF28FCD0094B67
S21400EB70FF2103F8201003EB80035A80F4E7DBB292
S21400EB8002F8234002EB830200235380ECE700BF29
S21400EB90CC200020B44F00202DE9F0410F46002184
S21400EBA015461E46FFF7F8FCFF2813D00A4B04B2A2
S21400EBB01B6804EB840403EB84039B7C990709D54C
S21400EBC0DA0601D5FB0705D5324629460123BDE8FE
S21400EBD0F04101E7BDE8F081CC2000202DE9F743A5
S21400EBE00C46002106461F46FFF7D6FCFF280546C2
S21400EBF02DD0DFF8609002B2D9F8003002EB820226
S21400EC0003EB82034FEA82089B7C99071FD5DA063E
S21400EC1001D5FB071BD52046FFF74CFF4FF6FF73C9
S21400EC209842044613D0014601A801F01FFD0023B8
S21400EC30022201A92846FFF7CFFED9F80030434448
S21400EC4021469A7C3046C2F3001212F0A2F903B0B5
S21400EC50BDE8F083CC200020F8B5134C14F8203023
S21400EC60FF2B0F4601D10020F8BD04EB800460881E
S21400EC700028F8D000F080FF00250646608800F0E7
S21400EC8097FFEAB2C0F34F008242ECD206EB420393
S21400EC900135597816F8123003EB01239BB2BB42BC
S21400ECA0ECD10120E0E700BFB44F002038B50021CA
S21400ECB00446FFF771FCFF280FD100252146E8B275
S21400ECC0FFF7CAFF58B1094B094A13F825301268F6
S21400ECD003EB830302EB83031C89204638BD013512
S21400ECE0202DEBD14FF6FF74F7E700BFB44F00209E
S21400ECF0CC20002010B50FF02DF9FCF7EBFA10F041
S21400ED00FF0415D10B4800F0B3FB0B4B187000F056
S21400ED1027FC00F0F1FC0EF071FDFFF7DFF9FFF7BE
S21400ED20AFFE012003F0D6F902F0FEFC04F044F832
S21400ED30204610BD685502008C4B002038B50B4DA0
S21400ED4001F082FCF2F7A6FB287800F076FB0FF0C5
S21400ED5005F90446F1F79EFF10B9287800F0B8FBD5
S21400ED602046BDE838400FF0FFB800BF8C4B0020AF
S21400ED7010B50EF0E1FDE0B1F1F793FF044603F0A5
S21400ED80DDF9C0B944F00404A4B2F1F783FF10B172
S21400ED9044F00204A4B202F097FC10B144F0080458
S21400EDA0A4B2094B1B7813B144F01004A4B2204659
S21400EDB010BD0124E3E703F0C1F90228E2D0034BBB
S21400EDC01B78062BE1D1DDE7964C00201E4C002078
S21400EDD008B5F1F75FFF30B9BDE8084003484FF0CB
S21400EDE0FF3100F0F9BA002008BD00BF68550200E8
S21400EDF013B5044608B90DF10604FFF7B9FF8307FB
S21400EE00208007D105484FF0FF3102B0BDE8104022
S21400EE1000F0E2BA002002B010BD00BF6855020044
S21400EE2007B5FBF74BFF6A46FCF714F828B105490F
S21400EE300548D122FDF7A2FFFEE7009803B05DF873
S21400EE4004FB00BF4C550200A4540200014B187886
S21400EE5003F032B9BE21002008B50A4B1B782BB14F
S21400EE6009490A48E122FDF789FFFEE703F066F943
S21400EE70074B1870012003F004F9BDE80840F1F7CD
S21400EE8029BF00BF1E4C00204C550200A4540200AF
S21400EE90BE210020024B587800F00F00704700BFDC
S21400EEA08C4B0020034B587800F00F00831E58420E
S21400EEB0584170478C4B00202DE9FF4BDDF8309011
S21400EEC09DF834B004460D4690461E46FFF7EAFF0E
S21400EED0002843D0224FBB78063B012B3ED91EB9F3
S21400EEE0022004B0BDE8F08BB9F1000FF8D00F296E
S21400EEF0F6D81BF0010F17D1BB781A4F013B012B38
S21400EF000BF00F0B1AD8012011F0C3FC030615D521
S21400EF10CDE9029BCDE900862B46798822464FF63E
S21400EF20FF70FEF7FDFCDCE70EF022FC0528D7D1CB
S21400EF300EF042FB0028DFD13820D2E7BA88CDE9B0
S21400EF40029BCDE900864FF6FF718A4208BF224633
S21400EF5078882B46214601F055FEC2E77020C0E7B0
S21400EF608C4B0020BE21002008B50246FFF79AFF12
S21400EF7048B1064B9B78052B05D182F0010003F0C3
S21400EF8080F8002008BD7020FCE700BF8C4B0020F6
S21400EF902DE9F8431E460D469046074611F0C9FC7B
S21400EFA0044611F094FC814611F0B7FC214B8144D5
S21400EFB09B78A4EB0904A4B2002B39D0063B012BA6
S21400EFC033D8631F9BB2BFB9AA1E012A30D8B8F146
S21400EFD0000F01D0073CA3B2022D0CBF023B083B3A
S21400EFE09CB236B10EF0C4FB052814BF053C093CA4
S21400EFF0A4B22046BDE8F883022F0BD0032F17D10A
S21400F000AA1E012A14D8B8F1000F01D0073CA3B2FB
S21400F010083B08E0AA1E012A0AD8B8F1000F01D062
S21400F020073CA3B2023B9BB2D6E70E3CA4B2D8E79D
S21400F030FF24DEE78C4B00202DE9F04F89B0054613
S21400F0409DF8486006938B461746F1F7C1FEC0B19F
S21400F0504FF400600DF04EFA0446002800F0A08041
S21400F060FFF720FF002800F09D80504B9B78063B62
S21400F070012B00F2978055B90225284609B0BDE855
S21400F080F08FF1F7B3FE0028E2D18020E2E7002FF0
S21400F090F2D0069B002BEFD0AB7C002BECD006F01A
S21400F0A00103F10707934FD416F0080804D0012097
S21400F0B011F0EFFB0306DFD52B7E002B55D0B5F8FD
S21400F0C014A06B7E002B54D0B5F81690079BA97C35
S21400F0D0287ABAEB090218BF0122FFF759FFB84297
S21400F0E062D3CDE9019506F00F060A35002301220A
S21400F0F031462046CDE903A7009511F051FC0921C1
S21400F100204611F000FD06993A46204413F004FC10
S21400F11046F04006B8F1000F2FD011F0D8FB054698
S21400F120204611F0DFFB0544ADB24FF6FF71CDE986
S21400F130004502965B46FF220846FFF773F8054631
S21400F14020460DF0DFF998E72B7A002B94D016F0C6
S21400F150080804D0012011F09CFB02068CD50EF0A6
S21400F1602BFA0028A8D1382587E7114BB3F806A05C
S21400F170A7E70F4BB3F80690A8E711F0A8FB0546E3
S21400F180204611F0AFFB0544ADB2CDE9014600952F
S21400F1904346424659464FF6FF7002F0D7FDCEE78B
S21400F1A018256AE7702568E7742566E78C4B00200B
S21400F1B0BE21002008B5FFF7DBFD10F0070F0CBFDF
S21400F1C00120002008BD08B5FFF7D2FDB0FA80F098
S21400F1D0400908BD10B5044600F0CEF908220146E5
S21400F1E0204613F036FCB0FA80F0400910BD014B03
S21400F1F0187A7047BE210020014B18720020704715
S21400F200BE210020014B5888704700BFBE21002059
S21400F210014B9888704700BFBE210020014BD8885C
S21400F220704700BFBE210020014B9878704700BF92
S21400F2308C4B002000F0A0B9014B5880F1F7F4BFCA
S21400F240BE210020014BD880F2F704B8BE21002072
S21400F250064B0128987004D0062806BF044B187881
S21400F260002000F00100F2F70BB800BF8C4B002026
S21400F270114C002008B5064B0228587006D1FEF740
S21400F280E1FB9020BDE8084010F069BA9120F9E74C
S21400F2908C4B002010B51A4B86B05A88ADF8142057
S21400F2A0DA889B88ADF81630164BADF80C209B78A4
S21400F2B08DF81230062B044605D1134B1B7813B17C
S21400F2C086238DF8123002F0BAFAADF8100002F07C
S21400F2D0B4FA0C23ADF80E000DEB03020021032058
S21400F2E0FCF73EF94CB12068616801AB03C3082304
S21400F2F001AA00211846FCF733F906B010BD00BF7E
S21400F300BE2100208C4B0020114C002038B54478DC
S21400F31045680EF023FE0C2363430549CA58521B6A
S21400F320B2F1004F98BFCD50BDE838400EF01CBE7D
S21400F330084A002010B50446FFF772FD0423237028
S21400F34060602046BDE81040E0E738B504460D464C
S21400F350FFF766FD01232844237060602046BDE861
S21400F3603840D3E710B50378044663B1042B01D1C7
S21400F370002010BDFFF754FD6368C21AB2F1004FBB
S21400F380F6D9181AF5E74FF0FF30F2E7F8B50C4655
S21400F39006461546FFF744FD01460DB1FF232B70C8
S21400F3A02046002256F8323033B11F7887B1042F3A
S21400F3B0D4B202D175B90020F8BD5B68CF1AB7F198
S21400F3C0004FF7D95B1A984202D905B12C7018463F
S21400F3D00132E7E72C70EEE70022FFF7D7BF70B5E3
S21400F3E00446FFF71DFD06460EF0B8FD6FF000411F
S21400F3F005466068FFF7F0FF304420602846BDE809
S21400F40070400EF0B1BD70B50446FFF709FD083434
S21400F4100546042654F8080C70B1037853B1042B43
S21400F42004D04368EB1AB3F1004F03D8067054F8C3
S21400F430043C98470834EDE770BD38B50446FFF73E
S21400F440EFFC0C23094D6343EA18EB58C01AB0F1E1
S21400F450004F09D8506804EB4404FFF7D4FF05EBCF
S21400F4608400BDE83840BAE738BD00BF084A00202F
S21400F47010B5124A124914780978A142034605D8F5
S21400F48010491148EC22FDF779FCFEE7611C11706B
S21400F4900E4A0C2104EB440002EB800001FB042220
S21400F4A0012153601172083353F8082C08330AB14F
S21400F4B05470F9E7FFF793FF204610BDA3500020D5
S21400F4C0F4530200C8550200A4540200084A002063
S21400F4D070B5174E7378054623B90EF03BFD002431
S21400F4E0204670BD0EF043FD044630B9114912485F
S21400F4F04FF49272FDF742FCFEE7FFF791FC0F4BCC
S21400F5000C2202FB053500222A723578D1B28D42D4
S21400F510E6D91968461AB6F1004FDED91E7A002ED3
S21400F520DBD1884202F1010203F10C03EED1D4E7ED
S21400F530A3500020C8550200A4540200084A002028
S21400F540034B0C2202FB003301221A72704700BFE5
S21400F550084A0020014B5870704700BFA350002097
S21400F5600348044A008808230021FCF7D5B800BFEA
S21400F57080520200A550002000487047A550002089
S21400F58028B1034B1B68C01A4010013080B2704788
S21400F590B44B002030B1044B00F100401B6801382A
S21400F5A003EB4000704700BFB44B00204088C0F318
S21400F5B00C000330800840000430704710B5034646
S21400F5C0FFF7F4FF074A03EB400354684FF6FF7259
S21400F5D09C42184604D90188914203F10203F7D0F1
S21400F5E010BD00BFB44B00202DE9F8431E4F3B89E9
S21400F5F005468BB3B0F90230002B2DDBDFF87480A4
S21400F6001A49D8F8000013F07DF920B9184840F2DE
S21400F610CD11FCF7A1FBDFF8589000263A89B3B26B
S21400F6209A4204D840F2CF114846FCF795FBFB6897
S21400F630D8F80010B2B203EBC20453F8320068B92F
S21400F64043F83210A3880133A3802846FFF7AEFFA5
S21400F650E38803EB4003E380BDE8F88313F052F938
S21400F66001360028DAD1EDE7B44B0020EE55020053
S21400F670F8550200DC200020034BD3E90030C01A06
S21400F680C0F34F00704700BFB44B0020024A136817
S21400F69003EB400353607047B44B0020704710B52F
S21400F6A0084CD4E900329A4204D207484FF48071DD
S21400F6B0FCF752FBD4E90030C01A20F0010080B2FB
S21400F6C010BD00BFB44B0020F855020010B5084C22
S21400F6D0626823699A4204D906484FF48371FCF79E
S21400F6E03BFB20696368C01A20F0010080B210BDA1
S21400F6F0B44B0020F855020008B50A4B0A491B68AF
S21400F7000A4A23F001030B44116013615160FFF7AE
S21400F710DDFF642805D8BDE808400548F021FCF761
S21400F7201BBB08BDF0530200683A0020B44B002013
S21400F730F855020010B5084C226823699A4204D393
S21400F74006484FF48671FCF707FB20692368C01A49
S21400F75020F0010080B210BDB44B0020F855020026
S21400F760054B1A68824205D85B68834294BF002026
S21400F7700120704700207047B44B002008B520B128
S21400F780FFF7EEFF00F0010008BD0120FAE7014B8D
S21400F79018607047DC200020014B024A1A60704750
S21400F7A0DC200020EE5502002DE9F0411D4B1B7DAC
S21400F7B0012B044624D10088FFF7ECFE0546D8B19D
S21400F7C0DFF8648004262C460EF0C8FB0746204669
S21400F7D0FFF70AFF638843EA08036380A05BFFF72E
S21400F7E0D9FE044638460EF0BFFB1CB1B4F9023011
S21400F7F0002BE9DA062E01D1BDE8F0810626E2E705
S21400F800022BF9D10EF0AAFB02462088FFF7C2FEB3
S21400F81018B10388C3F30E032380BDE8F0411046F9
S21400F8200EF0A2BBB44B00200080FFFF2DE9F04F86
S21400F830AF4D95B000240646EC820EF08FFB0123F8
S21400F8402B752B8BADF80E30D5F804802C830EF07C
S21400F8508BFB2A89E868D200214613F024F90DF1C3
S21400F8600E00FFF7A1FF002E36D1D5F80090002439
S21400F8704FF0010AC14536D3002C36D1BAF1000F3D
S21400F880F3D02F68A4F50044B9463A46424569D3FA
S21400F89002230DF10E002B75FFF786FF002E40F0B9
S21400F8A083802C6822464A4580F096809088FFF731
S21400F8B071FE18B10388C3F30E039380D088FFF758
S21400F8C069FE18B10388C3F30E03D3801046FFF712
S21400F8D075FE0246E7E79847E3B2013456F8233050
S21400F8E0002BF8D1C1E7002C36D0013CE4B214ABB3
S21400F8F003EB840353F8407CB7F902207B88002A88
S21400F900B8DA5A04B6D4BB4643F480432BF8023F19
S21400F91006373BF8020FFFF73DFED0B1B0F902C044
S21400F9204188BCF1000F14DB6FEA41416FEA514198
S21400F93041800190FFF758FE0F2C9FBF14AB03EBDE
S21400F9408401019B41F8403C9ABF0134E4B24FF079
S21400F950000ABB45DDD18DE74846FFF72FFE4F4630
S21400F9608146C9E71046FFF721FEB2F9023011883A
S21400F970002B824601EA040108DA3846FFF700FE4B
S21400F980014389B207EB4A0702EB4A091180104689
S21400F990FFF714FE024679E79847E3B2013456F8BB
S21400F9A02330002BF8D17CE70024F6E72046FFF74B
S21400F9B005FE80467CB1B4F902306188002B0ADA75
S21400F9C02088C0F30E00FFF7E5FD844203462CD1E5
S21400F9D0C1F30D01618044464C45E7D3DFF814813E
S21400F9E00EF0BCFA00210646404600F074FCFFF715
S21400F9F0D1FD044600286FD030460EF0B5FA2046FA
S21400FA00FFF7D4FD06463846FFF7BAFD7600814676
S21400FA1032462146384613F02CF8002249460DF1AE
S21400FA200E0000F0ECFB3744DAE71BD92046FFF760
S21400FA30BDFDC1F30D014200618092B22146184619
S21400FA4013F017F8C7E74046FFF7B8FD464681456E
S21400FA5003D9B0F90230002B01DA804603E0FFF745
S21400FA60ADFDF4E72646C14507D9B8F80000C0F357
S21400FA700E00FFF78FFD8045E5D35EB33088C0F3F8
S21400FA800E00FFF787FD034638B9A246B346564533
S21400FA9011D8A6429FD05E46EFE73046FFF786FDB8
S21400FAA07288C2F30D027280420092B23146184646
S21400FAB012F0DFFFE9E75046FFF780FDD3468145A9
S21400FAC003D9B0F90230002B01DA8246DFE7FFF7F0
S21400FAD075FDF4E7B346DEE7BDF80E302875304610
S21400FAE02B836F600EF040FA15B0BDE8F08F00BFB4
S21400FAF0B44B0020CC4B002070B51A4C142308469B
S21400FB00A8B02381C4F80CD0FFF790FEE2682089E5
S21400FB10002302EBC0001946824213D103EBC10357
S21400FB20D4E90012521A9BB222F00102934204D08A
S21400FB300D4840F20221FCF70FF90023E360238111
S21400FB4028B070BD52F8085B002DE7D032F8046C80
S21400FB5032F8025CA5EBC60531442B4489B29BB251
S21400FB60DAE700BFB44B0020F855020008B5FFF7EF
S21400FB7011FDBDE8084001E610B5044608B90020AE
S21400FB8010BDFFF7F3FF20B9084840F2C441FCF768
S21400FB90E3F82046FFF7FEFC0028F0D00388DB0BD6
S21400FBA014BFD0F80A000830EAE700BFF855020094
S21400FBB010B508B9002010BDFFF7ECFC0446FFF7AF
S21400FBC0DDFD20B9074840F2DE41FCF7C5F8002C01
S21400FBD0F0D02388DB0B0ABF60882089C0F30C00B6
S21400FBE0E9E700BFF85502002DE9F0410546FFF7AA
S21400FBF0D1FC0F460446D8B1FFF7C0FD20B9214816
S21400FC0040F2F141FCF7A8F82846FFF7D1FF054679
S21400FC102046FFF7D3FCBD42064609D004D8194853
S21400FC2040F2F941FCF798F82588ED0B02D02781C1
S21400FC30BDE8F08167802046FFF7B8FC074604EB76
S21400FC4040080EF08BF9104B5A68B2420AD1C3F83E
S21400FC5004800EF089F92A464046FF21BDE8F041AF
S21400FC6012F021BFA6EB0806B5B20EF07DF9072DFF
S21400FC70F1D90023083D44F81730C8F80430A8F836
S21400FC800250D5E7F8550200B44B0020F8B50746F9
S21400FC90FFF780FC064638460D46FFF789FFA84268
S21400FCA0044611D004D80F4840F22351FCF754F80C
S21400FCB056B13388641BDB0BA4B206D0D6F80A30E4
S21400FCC035812344C6F80A30F8BD3846FFF754FF9E
S21400FCD02A46011912F0CDFE29463846BDE8F840FE
S21400FCE0FFF782BFF855020038B5FFF753FC0D4604
S21400FCF0044650B1FFF742FD20B9044840F23651A1
S21400FD00FCF72AF8023534F8150038BDF85502001D
S21400FD1070B5FFF73FFC0C4616460546B0B1FFF738
S21400FD202DFD20B90D4840F24151FCF715F830463C
S21400FD30FFF730FCFFF722FD20B9084840F2425199
S21400FD40FCF70AF8023425F8146070BDBDE8704070
S21400FD50024840F24651FBF7FFBF00BFF8550200CD
S21400FD6070B504460E4600250CB9284670BD2046E0
S21400FD70FFF71EFF314605442046FFF7B5FFADB23C
S21400FD800446F1E738B50C4DC41CEB69A4086400C2
S21400FD9023B10A4840F25B51FBF7DEFF2A696B6825
S21400FDA0D31AC3F34F03A34283BFA2EB4402EA6114
S21400FDB00120002038BD00BFB44B0020F8550200DB
S21400FDC0014B0022DA617047B44B00202DE9F04762
S21400FDD0C41CA408DFF8A8A064000434B0F5005FD3
S21400FDE0DAF8106081460F46A4B204D3234840F2E6
S21400FDF07251FBF7B1FF0EF0B1F8DAF81C3080460E
S21400FE007BB9DAF80450761BC6F34F06B44224D901
S21400FE10002540460EF0A8F82846BDE8F047FFF754
S21400FE20AFBB87B1DAF804505A1BC2F34F029442B4
S21400FE30EED8620005EB4404CAF804408FB91344B8
S21400FE40CAF81C300DE0F61AC6F34F0686B90B4802
S21400FE5040F28351FBF780FFDAE705EB4404CAF86B
S21400FE6004400023A5F80290AB80EB802B80D0E7FF
S21400FE70B442CDD8DAF80450DBE700BFF8550200EC
S21400FE80B44B0020F8B506460D460A20002117465A
S21400FE90FFF79CFF0446FFF77DFB60B103880781F0
S21400FEA06FEA43436FEA5343C0F80A600380C0F822
S21400FEB00E502046F8BD0446FBE708B5FFF76AFB80
S21400FEC028B10388DB0B14BFD0F80E00184608BD17
S21400FED070B50E46054611463046FFF777FF0446D6
S21400FEE035B128B1FFF748FE3246294612F0C1FD6B
S21400FEF0204670BD38B505460EF030F82946044653
S21400FF000022044800F07BF92046BDE838400EF099
S21400FF102BB800BFCC4B002038B50EF01FF80021E0
S21400FF200546044800F0D7F9044628460EF01CF8AB
S21400FF30204638BDCC4B0020024B188BB0FA80F020
S21400FF4040097047B44B0020014B00221A837047CB
S21400FF50B44B002010B5044648B112F0FDFC411C1D
S21400FF600022204689B2BDE81040FFF7B1BF10BDA1
S21400FF7008B50146FFF7F4FB28B1BDE80840A1F13B
S21400FF800800FFF7FDBA08BD08B5FFF703FB0346F8
S21400FF9038B1FFF70BFB03EB4000BDE80840FFF766
S21400FFA0EFBA08BD38B50246FFF7F4FA0546C0B109
S21400FFB00846FFF7EFFAFFF7F9FA6C88C4F30C046B
S21400FFC0013424F0010404EB40041046FFF7DCFF84
S21400FFD08842A4B204D0034840F28D61FBF7BCFE11
S21400FFE06C8038BDF8550200F8B5FFF7D3FA0E4618
S21400FFF0074668B34588C5F30C056C1C4B1C24F0FB
S214010000010423F00103E41AA4B2FFF7B7FBC0B161
S2140100108D421BD20F484FF4D561FBF79DFE082C8D
S21401002016D9F31C9B08023307EB830000227E805F
S21401003047F82320083C42604480BDE8F840FFF7BB
S2140100409FBA04484FF4D561FBF786FEB542E6D168
S2140100500020F8BDF855020037B505460068FFF7E1
S21401006087FFADF80600E8B1FFF794FAD0B1038830
S214010070DB0B04D00C4840F2C461FBF76DFE0DF1BA
S2140100800600FFF791FBBDF80600FFF783FA04466A
S214010090FFF774FB20B9044840F2CA61FBF75CFE27
S2140100A008342C6003B030BDF85502002DE9F74F37
S2140100B0044600881F46FFF76DFA88461546064631
S2140100C0FFF75CFB20B9404840F2DA61FBF744FEDB
S2140100D03388DB0B009306D033892B443381002011
S2140100E003B0BDE8F08F2088DFF8E0B0FFF760FDD1
S2140100F082463046FFF762FA01900DF02FFFDBF8DB
S2140101000420019B9A4281461DD1FFF7DFFA854202
S21401011004D948460DF028FF1A20E1E705EB0A034B
S21401012073803FB12088FFF727FD2A464146504499
S21401013012F0F2FB3046FFF741FACBF804004846CE
S2140101400DF012FFCBE70DF00FFF2088FFF730FD13
S2140101502844009980B2FFF739FE06460028DBD016
S214010160FFF70AFD81462088FFF706FD82462088B4
S214010170FFF71EFD51460246484612F0CDFB3046BB
S214010180AFB1FFF7F9FC07462088FFF711FD2A46B5
S2140101904146384412F0C0FB01212088FFF7A4FD38
S2140101A0012102463046FFF7B3FD268097E7FFF7A9
S2140101B0E3FC80462088FFF7FBFC2A46394640448C
S2140101C012F071FCE8E700BFF8550200B44B0020BE
S2140101D00021FFF7FBBDFFF7E7BAFFF7CDBCFFF73E
S2140101E0E7BCFFF773BA70470088B0FA80F04009A1
S2140101F07047008810B1C9B2FFF776BD70472DE988
S214010200F041B0F8008006460C46D5B2B8F1000FB2
S21401021011D029464046FFF767FD22460746294684
S2140102204046FFF775FD3A4629462046FFF770FD22
S2140102303480BDE8F0810F46F5E738B50588002221
S2140102400446FFF7DCFF05B1258038BDF8B5074643
S2140102500D46008800211646FFF746FDB0420446CB
S21401026005D129463846BDE8F840FFF7E6BF00212C
S2140102702046FFF739FDB04205D020460021FFF7A2
S21401028033FD0446F3E72A4620460021FFF740FDEA
S214010290324628460021BDE8F840FFF739BD03463F
S2140102A008461B888B4202D00021FFF71DBD0020A7
S2140102B0704738B5044638B10021FFF79AFF00238E
S2140102C001465D1C09B998B238BD2046FFF7E7FF25
S2140102D02B460146F5E7F8B5058807467DB1CCB251
S2140102E021462846FFF700FD8542064609D1002330
S2140102F03B80002221463046FFF70AFD3546284658
S214010300F8BD2146FFF7F0FC214602462846FFF7D6
S214010310FFFCEEE72DE9F04707888246884614463B
S2140103205FB33846FFF744FC3D460646E4B2214635
S2140103302846FFF7D9FC4045814616D12146FFF7EE
S214010340D3FC214602462846FFF7E2FC474504D186
S214010350454508BF0025AAF8005000222146404620
S214010360FFF7D6FC3046BDE8F0878742FAD0FFF7A4
S2140103701FFC304486B24D46D9E73E46F2E72DE9EA
S214010380F84307460E4690460C46BCB13B88B3B1CF
S21401039041463846FFF72DFF8146FFF709FC8442A8
S2140103A0054606D341463846641BFFF794FFA4B2C0
S2140103B0EBE7051BA9B24846FFF768FC0024301B93
S2140103C080B2BDE8F8832DE9F843B0F800901746EF
S2140103D00D4649B3B9F1000F05D1144B144AF92162
S2140103E014480CF031F94E465FFA83F84146304620
S2140103F0FFF77AFC0646FFF7DBFBA84228BF284634
S21401040084B23046FFF7B8FB2246014638462744F9
S2140104102C1BA5B212F02DFB35B1B145E6D1064B2A
S214010420034A4FF48371DBE7BDE8F88345560200C3
S214010430AE56020059560200A156020070B5068853
S214010440054696B970BD20460121FFF74DFC0446CE
S21401045001212046FFF748FC0028F4D1324601214D
S2140104602046FFF755FC2C80ECE73446F0E770B5E4
S2140104700688044656B101213046FFF735FC0022B6
S214010480054601213046FFF743FC258070BD2DE966
S214010490F84F89460021074692469846FFF7A9FE7F
S2140104A0002604460CB9254622E02046FFF764FBE9
S2140104B005462046FFF77CFB05EB000B5D450AD39E
S2140104C021463846FFF7EBFE0446EBE77B8801360C
S2140104D01D44B6B2F2E7BB88B342F1D9514628466D
S2140104E0C8470028F2D0B8F1000F01D0A8F8006084
S2140104F02846BDE8F88F2DE9F84F89460021804649
S2140105009246FFF776FE00260446374614B9304673
S214010510BDE8F88F2046FFF72FFB05462046FFF77C
S21401052047FB05EB000B5D4505D321464046FFF72B
S214010530B6FE0446EAE7B8F80430BB42F5D95146A0
S2140105402846C84708B10136B6B2B8F802300137B6
S2140105501D44BFB2E7E7F8B583888B4206460F46CF
S21401056001D80020F8BD0021FFF743FE748814FB74
S21401057007F40546A4B2002DF3D02846FFF718FB72
S214010580844204D22846FFF7F7FA2044EAE7241A01
S21401059029463046FFF783FEA4B20546EBE72DE970
S2140105A0F0410F4600210646FFF723FE4FF00008F4
S2140105B0054615B94FF6FF7011E02846FFF7DCFA3D
S2140105C004462846FFF7F4FABC420AD823189F428D
S2140105D007D2381B73884044B0FBF3F080B2BDE805
S2140105E0F081404429461FFA80F83046FFF757FE4F
S2140105F00546DEE7F8B5C68804460D4646B181884D
S214010600013E4B1C8380C680BDE8F840FFF7A3BFC0
S214010610408810FB01F080B23146FFF7D7FB074652
S21401062070B1324601462046FFF7E9FDA388013D39
S2140106300133A380E5803846BDE8F840FFF79CBA51
S214010640F8BD00BF7047704708B5FFF7FBFF0348CA
S214010650FFF7ECF8FFF7F7FF08BD00BFE056020012
S21401066000887047008840BA80B270470170090A56
S214010670417070470B0A03704170704710B5002433
S214010680E3B210B9C3F10303DBB20134042CCA543C
S2140106904FEA1222F4D110BD10B50B784C788A7847
S2140106A0C97828B910462246044608461946034624
S2140106B042EA012043EA042343EA004010BD014414
S2140106C0884201D10120704710F8013B9342F7D0D0
S2140106D000207047013A0A44013801398A4200D1A4
S2140106E0704712F8013900F8013FF7E708B588B1FD
S2140106F00023C25C4AB10133B3F5803FF9D1064904
S21401070006486722FCF73AFBFEE798B24FF6FF73FE
S2140107109842F4D008BD00BF08570200A454020056
S21401072010F8013B11F8012B13B9524250B2704731
S2140107309342F5D0981A40B270478B42F0B528BF65
S2140107400B4604460020C11D99421546264602DB8B
S21401075098420BD3F0BD377829788F4204F1010413
S21401076002F10102F4D1083080B2ECE73278297840
S2140107704A40D243D2B280242242EBD0013080B22A
S21401078083424FEA5404F7D1E4E7F8B5C2F3C7044D
S21401079002F00707224605460E4612F06AF947B1EF
S2140107A0325D295DFF233B4122EA03020B401343DE
S2140107B02B55F8BD38B50A4C2378013B2370FEF75C
S2140107C027FD05460CF0F8FE0146284610F013FCFE
S2140107D028B1201DC821BDE83840FEF7B6BD38BD9A
S2140107E0D44B00201FB50C2301AA00210320FAF7E1
S2140107F067FEBDF80C004FF6FF7398423BD0FEF73C
S2140108001BFDBDF804001D4CFEF71CFD1C4BBDF87E
S2140108100E20BDF808001A8001F09EFCBDF9060006
S21401082001F0E7FC9DF80A00164AC30900F00F0024
S2140108301370FEF70DFD0CF0D7FEFDF737FE20789E
S214010840042816D0C21F5042504101F01AFC022063
S214010850FEF710FD2078012808D110F01AF80306DB
S21401086004D500214FF6FF7010F0A3FB002004B062
S21401087010BD0120E9E79320F9E700BF8E4B002069
S214010880C2210020114C00201FB5002101AA0C2313
S2140108904FF0FF340320CDE901440394FAF760FEDC
S2140108A0002000F0F8FA0020FEF7D2FC4FF6FE70AA
S2140108B0FEF7C2FC4FF6FF70FEF7C4FC044B0120A6
S2140108C01C8001F0DEFB0020FEF7D4FC04B010BD56
S2140108D0C221002008B5FEF7E5FA58B1064B1B7891
S2140108E0023B022B06D8054B08221A70FFF762FF5F
S2140108F0002008BD7020FCE78E4B0020D44B002062
S2140109002DE9F04186B01C468846174606460FF08C
S214010910DEFF2044FFF7A4FE05460FF0D8FF204473
S214010920FFF79EFEC5F3C005C0F3401045EA40053B
S21401093020468DF8045010F0F6F9042805D8294908
S21401094029488F22FCF71AFAFEE70921204610F003
S214010950DAF8235CDB0706D52146304610F0E0FACC
S21401096006B0BDE8F0810B21204610F0CCF82044FB
S214010970FFF776FE0546FEF745FC8542F0D10A21D3
S214010980204610F0C0F82044FFF76AFE0921ADF8B2
S2140109900600204610F0B7F8235C20461B118DF8A0
S2140109A0083010F0C0F905380C21ADF80A002046D1
S2140109B010F0A9F8044403948DF809808DF810709E
S2140109C0FEF72EFA0446F1F745F94FF47A7300F56F
S2140109D0FA7001A9B0FBF3F0241A304605940EF024
S2140109E0D6FEBDE72F570200A45402002DE9F04FB2
S2140109F006218BB0044610F086F82044FFF730FE3F
S214010A0080460FF064FF2044FFF72AFE05460FF0EC
S214010A105EFF2044FFF724FE8346204610F02DFBA0
S214010A20002870D00B21204610F06DF82044FFF707
S214010A3017FE0A218146204610F065F82044FFF78C
S214010A400FFE594F06460921204610F05CF83B7808
S214010A5014F800A0013B012B4AD90921204610F0C9
S214010A6052F8235CCBF3401BC5F3C005DA0745EA11
S214010A704B054BD4204610F008FB002843D0FEF768
S214010A80C1FBB0424FEA1A1A49D1FEF7C1FB4045F5
S214010A9070D120468DF81450ADF816908DF818A038
S214010AA010F041F905380C21ADF81A00204610F077
S214010AB02AF820440790F1F7FFF88DF81900F1F7AE
S214010AC017F98DF82400FEF7ABF90446F1F7A0F804
S214010AD04FF47A73012100F5FA70B0FBF3F0241A93
S214010AE01020089402F070F905A80EF05AFE0AE0EC
S214010AF000214046FDF750FDFF28AED00021FDF74E
S214010B0029F80028A9D00BB0BDE8F08F2B46324655
S214010B10494620460BB0BDE8F04F10F09DB94FF6A0
S214010B20FF739E42B1D03B78052B04D1304600F0CE
S214010B3003FE0028A9D13B78013B012B17D820469C
S214010B4010F0F1F80C21074620460FF0DCFF053FB8
S214010B5004440023BFB200930395029401975346C1
S214010B60324649464046FCF7DBFE0028CBD0012141
S214010B70122013E03B78052B8BD0013B012B0BD8C1
S214010B8001200FF086FE030683D500214046FDF7BF
S214010B9003FDFF287FF47DAF012111200BB0BDE8D6
S214010BA0F04F02F011B900BF8E4B002038B50A4B4A
S214010BB01B78023B022B05460C460CD8FEF728FB99
S214010BC0A84208D10CF0F8FC08B1E30703D5BDE84C
S214010BD03840FFF759BE38BD8E4B0020034B00222C
S214010BE01A711B7803B1E5E5FFF74EBED44B002022
S214010BF018B1034B1B7803B1DCE5FFF745BE00BF18
S214010C00D44B00202DE9F04387B089469DF8447007
S214010C10BDF83C600221804614461D46002207F0BE
S214010C2001030846FEF7B4F9B0421ED32A464346EE
S214010C30012104A8CDF800900FF052FF0C4B10993B
S214010C401B780297063B012B98BF0022CDE9006175
S214010C5098BF13469DF8381084BF052204AB204682
S214010C6001F074F807B0BDE8F0837420FAE700BF1E
S214010C708E4B002010B50446FCF7C6FC28B1B4F92B
S214010C800200BDE8104001F0B4BAA088F0F760FB9E
S214010C900028F4D010BDF7B51D46184B089C0F462A
S214010CA0164600221A701A72FEF7D2FA3846FEF776
S214010CB0C3FA3046FEF7C6FA114B1D8024B94FF031
S214010CC0FF33CDE900336C462046FEF7E3FAFDF725
S214010CD013FFFDF793FB0CF05BFC0A4B1878042816
S214010CE009D0C31F5842584101F0CBF90220FEF744
S214010CF0C1FA03B0F0BD0120F6E700BFE04B0020CB
S214010D00C22100208E4B002010B50A4A0023137022
S214010D1082F828301372084A04464FF6FF701370A3
S214010D20FEF790FA012001F0ACF92046BDE810402C
S214010D300EF015BDE04B00208D4B00202DE9F84F3D
S214010D4006468A4601464FF6FE7099461746DDF876
S214010D5028B01E4CFDF720FC8046608DFEF728FF6C
S214010D6084F824A03368E36173682362184B1B7808
S214010D70063B012B054604F11C0A04D8042384F81B
S214010D802830BDE8F88F60B1484501D90723F6E75A
S214010D90608DFEF7F1FE2A46594611F05AFE0028EC
S214010DA0F4D1B8F1FF0F0ED1FDF7BCFBFF2801D13E
S214010DB00623E4E7032384F8283039465046BDE885
S214010DC0F84FFCF757BF0523D9E700BFE04B0020DB
S214010DD08E4B002037B5114B114A1B7812781343FE
S214010DE0054615D101200FF054FD030612D59DB11D
S214010DF02846FFF73FFF044638B9009001462A8887
S214010E004FF6FF730120FFF746FF204603B030BDC3
S214010E107024FAE7B524F8E70224F6E78D4B0020A4
S214010E20964C00202DE9F3411746174A1278831F86
S214010E3005460E46DBB222B17024204602B0BDE85C
S214010E40F081012B0BD90528F6D14FF6FE73994296
S214010E50F2D04FF6FF78464506D10224EDE7FCF7BF
S214010E60D3FB0028F5D0E7E7002FF6D03846FFF78A
S214010E7001FF04460028E0D100903A8843463146F7
S214010E802846FFF708FFD8E78D4B002002460021D1
S214010E900620FFF7C7BF08B5104B00221A70104A8C
S214010EA01278022A18D10F4A1278511E012902D946
S214010EB0063A012A10D818B983F82C00002008BD7C
S214010EC00121FF2883F82C10F8D001EB80010902DC
S214010ED00248FEF73AFAF1E77020F0E7E04B00200F
S214010EE08D4B00208E4B002038B505460C4679B157
S214010EF010280DD80021FEF769FF074AD08548B1B2
S214010F00FEF73AFE2A46214611F006FD002038BDBE
S214010F100220FCE71820FAE7E04B002038B505462A
S214010F200C4679B132280DD80021FEF74FFF074A4B
S214010F30508548B1FEF720FE2A46214611F0ECFC0A
S214010F40002038BD0220FCE71820FAE7E04B00201D
S214010F50014B002058857047E04B002008B501F092
S214010F60CBFD18B9024B022283F8302008BD00BF22
S214010F70E04B002008B5084A1278062A09D1074A2C
S214010F8082F83100F0F77CF90020FEF783F90020A3
S214010F9008BD7020FCE700BF8E4B0020E04B002010
S214010FA01FB5194C0023237294F82830012B21D148
S214010FB003238DF80C30FEF73DF9024600685168B0
S214010FC0628B01AB03C304F1100101A801F006FC1A
S214010FD0F0F7F6F94FF4F04358434FF47A71B0FB4B
S214010FE0F1F104F10800FEF7B0F9022384F8283085
S214010FF004B010BD054B1B78012BF9D1962004B027
S214011000BDE8104080E600BFE04B00208D4B00207D
S2140110100020FFF740BF2DE9F341504C94F83050C3
S214011020FDF740FF30B14E4B187804280ED0C21F92
S2140110305042504101F025F894F8303043B94949FF
S214011040494840F28912FBF799FEFEE70120F1E7D5
S214011050002315F0020584F8303004D002B0BDE854
S214011060F0410EF0E2BB237E002B71D03C4EE38CA8
S214011070317884F824508A1F012A0BD84FF6FE7265
S2140110809B1A18BF012307294FEAC3134ED184F8D0
S214011090243009E04FF6FF704A1E8342D2B23FD099
S2140110A0012A41D9042945D100200FF0F2FB03069D
S2140110B048BF94F82430608B44BF43F0400384F863
S2140110C02430FEF7BFF83378063B012B37D9608D05
S2140110D0FEF76EFD10B194F8293023B9E28C4FF675
S2140110E0FD739A422BD894F82900668B94F82470E5
S2140110F0B4F8268048B1608DFEF75AFDC5B294F863
S214011100290010B1608DFEF737FDCDE9005043464A
S21401111016483A46314601F0C3FA02B0BDE8F081FE
S214011120802384F82430BBE794F8243043F002038C
S21401113084F8243094F8243043F00803A7E794F8A1
S2140111402420618B094802B0BDE8F04101F070BA75
S214011150AB2002B0BDE8F041D6E500BFE04B002071
S2140111608E4B00204D570200A4540200F04B002085
S2140111702DE9F843DFF8E4801646364A98F8003041
S2140111801278134305460F4603D070242046BDE867
S214011190F883841FE4B2FCF737FA58B1022DF4D075
S2140111A0012CF2D926B1AB1E052B01D8052D4CD149
S2140111B00224EBE7002EFBD0AB1E052BF8D8052D3D
S2140111C0F6D0012C0CD94FF6FE739F42F0D0022DBB
S2140111D00AD101200FF05DFB030605D4B524D5E73F
S2140111E04FF6FD739F42E3D93046FFF743FD0446B1
S2140111F00028CBD100F045FFF0F796FD18BB4FF065
S21401120001092846144D88F80090FEF721F8338826
S2140112106B832C76EF8485F83090FCF7F5F928B1CE
S21401122002232B762C82FFF7F6FEAFE7B08801F09B
S21401123063FC06460028A9D0922085F83040FFF7C7
S21401124063FD3446A2E78E24A0E74FF6FE739F4265
S214011250AED0C9E7964C0020E04B00208D4B002015
S2140112600A464FF6FF71FFF783BF2DE9F04F0921BC
S2140112708BB004460FF047FC04EB000920460FF044
S21401128052FD0521054620460FF03DFC2044FFF7A0
S214011290E7F980464846FFF7E3F90DF11B010746DB
S2140112A020460FF07AFD064648B3214607A80FF000
S2140112B0A5FC354B1B78A3F1060B5FFA8BFBBBF144
S2140112C0010F0FFA87FA1DD8304A92F8302091079D
S2140112D02FD59DF81B4000231E44F0F7EDFC9DF82A
S2140112E01B30CDF80490ED1AEDB20246CDE9024668
S2140112F000954FEADA7307A940460EF06CFA0BB078
S214011300BDE8F08F9DF81B4005930D2CF7D92048BA
S2140113100E22314611F09DFB0028F0D11B4A059B99
S21401132092F8302012F0020F03D00E3CE4B20E23E6
S214011330D2E7D207E3D5174A1278012ADFD1134A3A
S214011340518B4145DBD1BAF1000FD8DA9DF8241054
S214011350022902D1BDF81C1029B1033B012B0ED87E
S214011360137E002BCBD107AB03CB0B4C1B88106134
S214011370C7F340376160238182F82970BFE7BBF16C
S214011380010FF0D9BBE700BF8E4B0020E04B0020D9
S2140113906F5702008D4B0020F04B002070B50C4EAD
S2140113A00C4CF08D002386F834300B4B1B78063B33
S2140113B0012B98BF0024FEF7DFFB0546F08DFEF7F4
S2140113C0F7FB2946C2B22046BDE8704001F086B858
S2140113D0E04B00206F5702008E4B002010B5FDF742
S2140113E061FDF8B1104B1B785A1E012A02D9063B43
S2140113F0012B17D8FDF706FF4FF6FF73984211D061
S2140114000A4C94F834306BB9FAF7C6FC3223B0FBB9
S214011410F3F202FB130189B204F13400BDE8104077
S214011420FDF793BF10BD00BF8E4B0020E04B0020A0
S21401143037B50D4B1B785A1E012A04460D4602D9B4
S214011440063B012B0ED8FDF72DFD58B1074B93F83F
S2140114502C303BB1002300934FF6FF7229462046FD
S214011460FFF76CFC03B030BD8E4B0020E04B002034
S2140114702DE9F0471E46124B9DF820701B78BDF8EB
S2140114802480DDF82890013B012B0446154615D82B
S214011490FDF708FD90B10B4B93F82C3043B1CDF816
S2140114A020904346324629462046BDE8F04745E4AB
S2140114B00CF082F80028F2D0002FF0D1BDE8F087BA
S2140114C08E4B0020E04B002008B590B90B4B1B78E3
S2140114D0063B012B07D80A48FDF72CFF094B0122D2
S2140114E083F8282008BD06484FF4FA71FDF72DFF52
S2140114F0F4E7BDE80840962006E400BF8E4B0020C6
S214011500E84B0020E04B0020FFF7DEBF73B5124B1F
S2140115101B78012B06460C460CD1B1B90F4DFDF7D1
S21401152083FE297E6A8B022906D12B8A00943146D6
S214011530FFF7B1FB02B070BD032905F110054FF6A8
S214011540FE730CBF2C460024F0E7952002B0BDE8E0
S2140115507040FFF7D9BB00BF8D4B0020E04B002049
S21401156008B5074B014693F8280038B1082203F165
S2140115701C0011F06EFAB0FA80F0400908BD00BFF9
S214011580E04B00202DE9F34104460FF0A0F920447A
S214011590FFF766F88013032804D00027384602B008
S2140115A0BDE8F081062120460FF0ADFA221820583A
S2140115B051686B4603C36846FFF7D2FF074600280B
S2140115C0EBD03C4E96F82830072B4DD0032B20D17C
S2140115D0FCF74AFB4FF6FF739842044644D096F850
S2140115E0242006F11C01FDF778F8051E18BF012519
S2140115F0314B96F824201B789107A3F10603DBB242
S2140116003CD5012B88BF4FF0020898BF4FF0060863
S2140116103CE0042B0CD196F92430002B28DA4FF647
S214011620FD75FAF7B9FBA8420446FAD80025DFE7AC
S214011630052B21D169464FF6FE70FCF7ADFFFF285A
S21401164012D0FDF79DF996F8242006F11C010446F8
S214011650FDF743F805460028CAD01849184840F255
S214011660DB22FBF78BFBFEE702254FF6FF74BFE795
S21401167000254FF6FE74BBE70125F6E7120713D4E3
S214011680022B34BF4FF007084FF004080D482A46D6
S214011690214601F05BF81DB9214640460EF067F879
S2140116A0002386F8283079E7012B88BF4FF003081E
S2140116B0ABE700BFE04B00208E4B00204D570200E9
S2140116C0A4540200FC4B0020024B1878431E5842DB
S2140116D0584170478D4B002010B5054C04F12E0083
S2140116E0FEF762F804F12A00BDE81040FEF75CB888
S2140116F0E04B0020012908B508D8054A22F8110058
S2140117000131C9B2EFF722FB002008BD0220FCE739
S2140117103450002001289ABF024B33F810004FF6D0
S214011720FF70704734500020024B4FF6FF721A804C
S2140117305A80704734500020054B1A88824204D0E4
S2140117405B881B1A5842584170470120704700BFFA
S214011750345000200148FDF7EDBD00BF604C00206D
S2140117602DE9F04F8FB092469DF86440DDF8609009
S2140117702B4D4FF6FF721F46904204F04003804601
S2140117800E4608BF04F0FD047BB1A8683A464946F8
S21401179011F0C2F884F02001A8682C73C1F340113F
S2140117A00FB0BDE8F04FEFF74DBA4FF0020B0793BD
S2140117B08DF828B0FDF726FD8DF834B0ADF82C80F5
S2140117C0D5F808B0ADF82000FDF728FD8046FDF7F6
S2140117D025FDF21992B2CDE9030208AACDE90182EC
S2140117E00BAA0092079B0122214658460FF0D8F813
S2140117F056B1D5F80880092140460FF084F93246E3
S2140118005146404411F088F8D5F808800921404631
S2140118100FF079F930443A4649464044B8E700BFEC
S214011820604C002038B50D46EFF754FD044610B95C
S2140118300DB1FDF72FFD204638BDEFF757BDEFF789
S2140118405BBDEFF75FBD0128034604D8044A507B11
S21401185018B993737047022070477020704700BF15
S214011860604C00200B4B1B78063B012B0DD870B14A
S214011870037A023B012B0AD8074B02681A614268B9
S2140118805A6102891A83002070477020704702202F
S214011890704700BF8E4B0020604C002010B5134CE3
S2140118A0A47E86B0FCB98DF80730BDF82030ADF8BF
S2140118B00830BDF82430ADF80A309DF828308DF890
S2140118C00C300B9B8DF80400049301A8BDF8303052
S2140118D08DF805108DF80620ADF81430EFF700FAF4
S2140118E0204606B010BD3E20FBE700BF604C00203E
S2140118F013B5174B1B78063B012B044624D828B397
S214011900FDF786FC4FF6FF73984204D1002323723D
S214011910002002B010BDFDF77BFC4FF6FE73984227
S2140119200CD10823002118466A46F9F7C9FD03239E
S21401193023726B4603CB20606160E9E702232372C2
S214011940FDF766FC2080E3E77020E2E70220E0E78F
S2140119508E4B002010B58AB0FDF7A4FA10B970209E
S2140119600AB010BD254C2378DA1E012A26D8FDF7C9
S21401197049FC4FF6FE7398422DD103238DF80C30A7
S214011980FDF758FC02460068516801AB03C3237893
S214011990063B012B29D89DF8243023B307AA1068EB
S2140119A05168128904AB03C31A80FDF737FC04A9FA
S2140119B0024601A800F012FF0020D1E7063B012BEA
S2140119C0CDD807A8FFF794FF0D4B9DF824201B7E6A
S2140119D01343CCD1C3E702238DF80C30FDF712FC7C
S2140119E0ADF80400D3E7074AD9E702238DF818308B
S2140119F0FDF70EFCADF81000D7E700BF8E4B0020B8
S214011A00604C0020704C00200346084601B10B6074
S214011A10F0F792B90020F0F78FB9F0F7B5B9F0F703
S214011A20C9B9014BD8697047604C002070B58CB0BD
S214011A3004460EF04CFF2044FEF712FE00F00706A7
S214011A400EF045FF2044FEF70BFEC0F3812002286E
S214011A5037D1042120460FF056F82044FEF700FE49
S214011A604FF6FF7398422CD10121032001F0ACF907
S214011A700EF02DFF2044FEF7F3FD030726D50721C0
S214011A8020460FF040F8235C03F00703052B04D033
S214011A90484B1B78063B012B18D8012E14D1454B19
S214011AA019780639012994BF0021012120460BF03F
S214011AB0ADFD58B101210E200CB0BDE8704001F01B
S214011AC083B901210220D1E70021EFE70121204659
S214011AD0FCF7D0FE012E58D1FDF7E4F900284CD0D2
S214011AE0344B1B78063B012B49D80EF0F0FE204400
S214011AF0FEF7B6FD00F008050EF0E9FE2044FEF7FD
S214011B00AFFD2B1E18BF0123C0F3401043EA40036C
S214011B108DF80030F0F7D0F88DF81C00F0F7E8F8F3
S214011B208DF81D0045B1082120460EF0ECFF211866
S214011B303046FEF7B1FD05460895FDF771F90546F5
S214011B40F0F766F84FF47A7300F5FA70B0FBF3F02D
S214011B502D1A20460B950FF0E6F80921ADF8240062
S214011B6020460EF0D0FF20440A9021460DF10200D7
S214011B700FF09AF868460DF026FE0CB070BD2046B0
S214011B800CB0BDE87040FEF731BF032E0AD12046E7
S214011B900FF03BFA0028F0D020460CB0BDE87040AC
S214011BA000F060BB002EE8D120460CB0BDE87040C6
S214011BB0FFF75BBB8E4B00202DE9F0438FB0144638
S214011BC00F4605460EF083FE2044FEF749FD00F061
S214011BD007080EF07CFE2044FEF742FD81460EF01B
S214011BE076FE2044FEF73CFDC0F38120022820D17A
S214011BF0042120460EF087FF2044FEF731FD4FF604
S214011C00FF73C21A564256410EF061FE2044FEF79B
S214011C1027FD03070FD5352D1BD0002120460BF0DD
S214011C20F5FC40B1454946484FF4DD72FBF7A6F88E
S214011C30FEE70026E8E709F02000002D4DD1002838
S214011C405AD00121052001F0BFF829462046FCF7AD
S214011C5011FEB8F1010F66D13A4B3B4E1B78063B9D
S214011C60012B56D8337B03F00F0213F001008DF8D9
S214011C70042007D0082120460EF045FF21184046D3
S214011C80FEF70AFD099020460FF04DF80921ADF840
S214011C90280020460EF037FF96F820308DF82030C9
S214011CA020440B908DF83070FDF7BAF80646EFF732
S214011CB0D1FF4FF47A73214600F5FA70B0FBF3F0CA
S214011CC0361A0DF106000D960EF0EEFF01A9284614
S214011CD00DF06FFD0FB0BDE8F083312D06D08D2DD0
S214011CE010D0402DB5D10121062002E020B10121FE
S214011CF0052001F069F8ACE701210EB10920F8E7EB
S214011D000420F6E7002E4FF001010CBF07200A2041
S214011D10EFE796F8201023463A4628460FB0BDE86E
S214011D20F043FEF7EDBDB8F1030FD3D121462846A7
S214011D300FB0BDE8F04300F061BB00BF40580200A1
S214011D40A45402008E4B0020604C00202DE9FF4772
S214011D50044602201F46BDF83090DDF834A09DF8F9
S214011D6038800D4616460EF094FD030602D518F08F
S214011D70800F11D0114B1B78F3B9114B3A4683F8FB
S214011D8020503146CDE900A84B462046FFF7E8FC37
S214011D90002004B0BDE8F087CDE901A8CDF8009099
S214011DA03B463246294620460BF03CFD0028F0D142
S214011DB00348FDF7BFFAEBE78C20EAE71E4C00204C
S214011DC0604C002010B53D4B1B7888B0002B6BD1C2
S214011DD0FBF72EFC28B93A4808B0BDE81040FDF7DD
S214011DE0A9BA374C94F82130DB0709D5354B18785A
S214011DF0EFF75CFA94F8213023F0010384F82130E0
S214011E0094F82130980714D594F82200EFF7A0FA39
S214011E1094F8213023F00202190784F8212008D50E
S214011E200020FDF737FA94F8213023F0080384F8F0
S214011E30213094F821305A070BD523F0040384F897
S214011E4021300123A376636A002008B0BDE8104064
S214011E501847A37E43BB0BF06FFD38BB1A4B1B78AC
S214011E60042B01D0072B03D11848FBF737FDD8B94F
S214011E7003A80BF075FD30B9154916484FF41A72D0
S214011E80FAF77CFFFEE79DF8113084F820309DF8C4
S214011E900C3001930022059B0093BDF80E00BDF89F
S214011EA012301146FFF75CFC08B010BDA37E002B74
S214011EB0FAD108B0BDE81040EFF766BA1E4C002014
S214011EC0604C0020E52100208E4B002055170100B4
S214011ED040580200A4540200024B00221A70FFF779
S214011EE071BF00BF604C002002461248837E10B5C9
S214011EF01BB990F82130590703D5012090470020DF
S214011F0008E00D49097831B95BB901248476184691
S214011F109047204610BD43F00403426280F821300A
S214011F20EDE743F00403426280F82130FDF702FA40
S214011F30E5E700BF604C00201E4C00200248837E6F
S214011F400BB9FDF7F7B97047604C002010B5164A7B
S214011F50037A1278063A012A04460ED8032B08D1D2
S214011F60FFF7FEFAE0B92046FCF7BEF900F00100E3
S214011F7010BDBDE81040FCF7B7B9022B05D1BDE88E
S214011F80104000880021FCF727BC032B0AD1FFF77D
S214011F90E7FA28B921464FF6FE70FCF71DFCE5E787
S214011FA00120E3E70020E3E78E4B0020F0B585B083
S214011FB004460EF08CFC2044FEF752FB00F00707A7
S214011FC00EF085FC2044FEF74BFB274B06461FBB55
S214011FD093F828500135EDB283F828500EF077FCBF
S214011FE02044857001A821460EF032FE01A8FFF7B5
S214011FF0ADFF38B10EF06BFC46F0100189B22044FB
S214012000FEF734FB0EF063FC2044FEF729FB0307C2
S21401201012D4002005B0F0BD93F829500135EDB279
S21401202083F829500EF053FC2044032F8570D9D134
S214012030204600F009FAD5E7072120460EF063FD99
S214012040451C0BF0C1FA2544024629460120FEF73D
S21401205015FB20460BF0D8FA0028DAD00B20012118
S21401206000F0B2FE3520D5E7604C00201FB50146D2
S21401207001A80EF0C3FD01A8FFF768FF05B05DF8E3
S21401208004FB0A4A117881420ED0094B10701B7866
S2140120900BB9EFF70BB9074890F8213043F001036D
S2140120A080F82130FDF746B9704700BFE5210020D2
S2140120B01E4C0020604C002010B5044B00241C7000
S2140120C0FFF7DFFF024B1C7010BD00BF604C002005
S2140120D01E4C002038B5164C002323760546EFF734
S2140120E08FFAF9F759FE84F82900F9F755FE84F8B6
S2140120F028002846FFF7E0FFA368ABB9EEF768FEB5
S21401210060B14FF400600AF0F5F9A06060B90949C2
S214012110094840F26912FAF731FEFEE7EEF766FE6D
S2140121200028EED18020EEE701236373002038BD3E
S214012130604C002040580200A4540200014B18785D
S214012140704700BFE5210020024800238376FDF793
S214012150F1B800BF604C002038B50E4D2B78044610
S21401216023B92046EFF7F4F8012038BDFBF74CFA07
S21401217010B12B78012BF4D0074890F8213080F865
S214012180224043F0020380F82130FDF7D3F8002007
S214012190EBE700BF1E4C0020604C0020F8B5124E45
S2140121A0B37E05460F46C3B9FBF72EFA0446B0B90F
S2140121B02846EFF7C1F8A0B12846FFF7CDFF1FB1BB
S2140121C020B12046FDF766F80020F8BD96F82130CC
S2140121D043F0080386F82130F6E73E20F5E7702045
S2140121E0F3E78A20F1E700BF604C00200121FFF7EA
S2140121F0D5BFEFF76FB8024BD8610DF0C2BA00BF7A
S214012200604C002038B5064CE56A034608462DB9F1
S214012210E362EFF7C9FC00B1E56238BD7020FCE768
S214012220604C0020024B0022DA62EFF7D5BC00BFFB
S214012230604C0020084A08B5D36A33B907490848F4
S2140122404FF44772FAF79AFDFEE70021D1629847EC
S214012250BDE808400DF005BB604C00204058020068
S214012260A45402002DE9F043092187B004460EF07C
S2140122704AFC265C012E04EB00052CD106212046E3
S2140122800EF041FC22182058516804AB012E03C3FE
S2140122903AD07D2E41D120460EF045FD461FE81C62
S2140122A095F8018095F80290FEF7DAF907460EF0E8
S2140122B00EFB2044FEF7D4F9B6B2C0F3C00056B305
S2140122C005350090CDE901653B464A46414604A8DE
S2140122D0FFF7CEF81CE07D2ED0D0042E40F08B8088
S2140122E00EF0F5FA2044FEF7BBF980130328C5D09B
S2140122F0EFF7C6FCC1070BD52046FFF743F938B9FF
S2140123002046FBF731FF03E0697804A8FFF790F851
S21401231007B0BDE8F0833546D3E7022E06D1681C28
S214012320FEF79EF9E978FFF7F1F8F1E7042EDFD022
S214012330072E02D1FFF752F8EAE77E2E26D10621B4
S21401234020460EF0E0FB2044FEF78AF906460EF022
S214012350BEFA2044FEF784F9800B13D00EF0B7FACC
S2140123602044FEF77DF942060CD4052120460EF0E6
S214012370CAFB2044FEF774F96A7801463046FBF73B
S214012380D3F9C5E70321F1E7032118E07F2EBFD17A
S214012390062120460EF0B7FB2044FEF761F90646FB
S2140123A00EF095FA2044FEF75BF9800BECD00EF0A8
S2140123B08EFA2044FEF754F94306E5D4052120465B
S2140123C00EF0A1FB2044FEF74BF90446A81C95F835
S2140123D00180FEF745F9691D0746012095F804902E
S2140123E0FEF75AF93B46CDE9009042462146304673
S2140123F0FBF7C2F98CE7022E9AD190E738B50D4665
S2140124000446092128460EF07EFB2B5C7E2B16D057
S21401241004D8012B09D07D2B0CD038BD7F2BFCD1E5
S2140124202046BDE83840FBF70DBA2046BDE83840E7
S214012430FFF74AB82046BDE83840FFF765B82046A2
S214012440BDE83840FBF77AB938B5092104460EF0E5
S2140124505AFB235C7F2B04EB00050BD1FBF7B6F888
S2140124602871FBF7B9F8691D0246BDE8384001201E
S214012470FEF704B938BD70B590B0022300248DF87C
S2140124802C3001234FF6FF75CDE9034306AB0CAEA6
S214012490CDE9015309AB0093032223463046802140
S2140124A08DF82040ADF824500EF07AFA0921304616
S2140124B00EF029FB00F140030DEB0300072300F8A3
S2140124C0103CC023CDE901630E2300932246234628
S2140124D021462846FFF73AFC10B070BD2DE9F047BB
S2140124E0051E9AB014BF0E26002688469146FCF7B4
S2140124F089FE4FF6FE73984206AC66D103238DF82B
S2140125002030FCF797FE024600685168234603C355
S2140125104FF0000A8DF82CA0FCF780FE4E44331DC8
S214012520CDE903030CAF09AB009352465346042191
S214012530CDE901A438460EF033FA3A4B1A783A4BF5
S214012540012A197852D0062A5AD1384B1B78002B0B
S21401255043D140F6FF7348F6FF7251450CBF1C4647
S2140125601446092138460EF0CEFA07EB000A50460B
S2140125702146FEF77BF800238AF802300AF10400B0
S2140125808AF803305DB105F10C0355F8042B40F8C9
S214012590042B9D42F9D12B8803800AF11200B8F171
S2140125A0000F03D04A46414610F0B6F94423CDE960
S2140125B001733736002300961A4619464FF6FF7008
S2140125C0FFF7C4FB1AB0BDE8F08702238DF8203070
S2140125D0FCF718FEADF818009AE74CF6FF7344F6C0
S2140125E0FF72002914BF1C461446BAE744F6FF736F
S2140125F04CF6FF72002918BF134643F40054B0E7A7
S21401260048F6FF7340F6FF70002908BF0346042A08
S21401261002D143F48053F0E7072AEED143F4805405
S2140126209FE700BF8E4B00200C4C0020114C002071
S2140126302DE9F04192B04FF003080F4615460646C5
S2140126408DF82480FCF7F6FD04460068616807AB48
S21401265003C34FF6FF740223CDE9034307AB42469B
S214012660CDE901730AA80023009606210EF098F919
S21401267009210AA80EF047FA0AAB0AA90344012267
S2140126800A545D70462302931F2300930023019191
S2140126901A4619462046FFF759FB12B0BDE8F081ED
S2140126A02DE9F04FA1B08A4690461F469DF8A840F6
S2140126B081460AF081FF4FF0030B851D8DF820B08F
S2140126C0FCF7B8FD03460068596806AE631D03C6ED
S2140126D004934FF6FF730393EDB206AB5A46CDE96A
S2140126E001A32946002309A8CDF800900EF058F959
S2140126F0092109A80EF007FA09AB09AA1E187D23BD
S21401270013540223737086F80280394606EB0B00D9
S214012710FDF7ACFF24B12B992246701D10F0FCF892
S2140127200AF04AFF80B1273409ABCDE9004345F0F2
S2140127304005002302951A4619464FF6FF70FFF72B
S21401274005FB21B0BDE8F08F2234EDE72DE9F0411D
S21401275094B04FF00308164604460F468DF82080C5
S214012760FCF768FD0546006869688DF82C8006ABA5
S21401277003C36168206809AB03C3FCF74FFD044639
S214012780FCF74CFD0423CDE9030306ABCDE9014379
S21401279009AB424600930CA8002306210EF000F96F
S2140127A009210CA80EF0AFF90CAA0CAB1C180223D9
S2140127B013543946601CFDF759FF4623E670029311
S2140127C00CAB01931F23009300231A4619464FF6BC
S2140127D0FF70FFF7BBFA14B0BDE8F081F0B58FB01B
S2140127E00C4616460746FCF719FD07AD01230322E2
S2140127F0CDE90303009400232846CDE901670621AD
S2140128000EF0CEF8092128460EF07DF900F13803C6
S2140128100DEB0300042300F81C3C0EF058F80446A8
S21401282028460EF05FF846230444CDE90153A4B2CE
S214012830002300941A4619464FF6FF70FFF786FAF2
S2140128400FB0F0BDF0B593B002260C46154607460C
S2140128508DF82460FCF7D6FC8DF83060ADF81C00CE
S214012860ADF82870FCF7DAFC07ABCDE901430AABFB
S214012870CDE903060093032200230DA8A2210EF042
S2140128808FF809210DA80EF03EF90DAB0DA90344F2
S2140128907E220A545D70FCF7C1FCE223A04214BFFD
S2140128A01320112002930DABCDE9000300231A4635
S2140128B019464FF6FF70FFF749FA13B0F0BD2DE940
S2140128C0F04194B0002A4FF002050CBF20242424C6
S2140128D00E4607468DF82450FCF794FC8DF83050D0
S2140128E04FF6FF75ADF81C00ADF82850FCF796FCC6
S2140128F007ABCDE901534FF009080AABCDE9030850
S21401290000930322002321460DA80EF049F8414604
S2140129100DA80EF0F8F80DAB03440DA97F220A545A
S2140129205F703146981CFDF7A1FE0DAB01931A238B
S214012930009344F04004002302941A4619462846A0
S214012940FFF704FA14B0BDE8F08100BF38B50A4CB1
S2140129502078FFF796FB6088FFF7FEFB0025A0882E
S214012960FCF770FCA571FFF7EFFB044B1D70BDE88B
S2140129703840FFF7E3BA00BF904C00201E4C002001
S21401298010B5FEF75CFF044C6080FCF747FCA080A6
S214012990FFF7D4FB207010BD904C00200148FCF7D7
S2140129A0C9BC00BF984C002010B5104B9A795C88C2
S2140129B0012A05D00E490F48C122FAF7DFF9FEE7D2
S2140129C003229A71FFF7DCFFE0B2FFF7C5FB022096
S2140129D0FFF757FB08480821FFF714FC28B1044904
S2140129E00448CC22FAF7CAF9FEE710BD904C002045
S2140129F05C580200A45402009D2901002DE9F04113
S214012A00394FBB790024022B3C7205D1FFF79EFF9C
S214012A10BDE8F041FEF7FFBA032B63D1EEF7C2FC27
S214012A200546388A28B931493148D722FAF7A6F936
S214012A30FEE7FDF7A1F8437803449D7043780278DA
S214012A400133DBB29A4243700BD92A480821FFF7BB
S214012A50D9FB002846D025492548E322FAF78EF906
S214012A60FEE7388AFDF788F810F8011B234605466D
S214012A70A0462646DAB291421BD894FBF1F4002216
S214012A8064B21346D5B2A94225D8012989BF01F1FE
S214012A90FF31002593FBF1F39DB200233B82FFF744
S214012AA055FF2B46424631462046BDE8F0410CF024
S214012AB0C2BE15F9012F002B04BF1646904696425A
S214012AC0A8BF164642451444B8BF424676B24FFAEE
S214012AD082F80133CEE710F9015F2D1B05FB0533A4
S214012AE00132CFE7BDE8F081904C00205C5802002F
S214012AF0A45402009D29010070B50546FAF784FD2D
S214012B0070B90A4EB4796CB92846EEF715FC58B17F
S214012B1001230748B3717580FFF7E6F9204670BDBB
S214012B207024FBE73D24F9E78A24F7E7904C002060
S214012B30692B0100014B188000207047CA21002034
S214012B4008B5084B18884FF6FF73984209D1EEF77F
S214012B5037FC47F6C03358434FF47A73B0FBF3F0B3
S214012B6080B208BDCA21002038B5124CA379658809
S214012B70012B05D0104911484922FAF7FFF8FEE764
S214012B800223A371FFF7FCFE0020FFF77AFA4FF647
S214012B90FF70FCF757FBE8B2FFF7DEFAFFF76BFCB6
S214012BA0FFF7CEFF014604F10800BDE83840FCF708
S214012BB0CCBB00BF904C00205C580200A45402001D
S214012BC00148FCF7F1BD00BFA04C0020F8B5074650
S214012BD00D46FAF719FD10BB1DB3164EB47914BB9A
S214012BE03846EEF7A9FB00B3338A33B112491348CE
S214012BF040F20312FAF7C2F8FEE72146A81CFDF7D9
S214012C00E5F8308298B17780FCF7B6FF0123B371FF
S214012C10447005700A48FFF767F92046F8BD70242E
S214012C20FBE70224F9E73D24F7E78A24F5E71824B1
S214012C30F3E700BF904C00205C580200A454020049
S214012C40A92901002DE9F04F054685B00C469A46A4
S214012C509046D2B128B92C492C482C22FAF78EF886
S214012C60FEE701B902ACDFF8A8900027CB4639F899
S214012C70020B002842D0FCF79BFF0A2811D02249FC
S214012C8022483E22FAF77AF8FEE729B91E491F487C
S214012C903122FAF773F8FEE70028E4D10DF10605B4
S214012CA0E1E739F8020CFCF767FF0646B8F1000FBA
S214012CB014D0FDF7D5FC2B8883421FD1D6F80230FD
S214012CC02360D6F806306360BAF1000F02D0002305
S214012CD02BF81730012005B0BDE8F08F811C0822C3
S214012CE020460FF0B6FE48B93046FDF7B9FC2880FD
S214012CF0BAF1000FEED02BF81780EBE701370A2F59
S214012D00B5D10020E7E700BF73580200A4540200C3
S214012D10385000202DE9F3411E4BADF806001B7814
S214012D20063B012B0D4630D801231A4600210DF132
S214012D300600FFF787FF0022012329461046FFF70A
S214012D4081FF154B0026984633F8024B34B1013605
S214012D500A2EF9D1B42002B0BDE8F08121460A203E
S214012D60BDF80670FDF732F828F8160078B1FCF7C2
S214012D7003FF39460646FDF779FC2B68C6F8023094
S214012D806B68C6F806302046E5E77020E3E71820B2
S214012D90E1E700BF8E4B0020385000200248142285
S214012DA000210FF080BE00BF3850002008B5FFF7A5
S214012DB0F5FF002008BD00BF0248902200210FF059
S214012DC072BE00BFA44C0020232808B505D90649C9
S214012DD006482122F9F7D2FFFEE7054A52F82030CD
S214012DE00B4442F8203008BDA7580200A454020044
S214012DF0A44C002023289FBF034B53F820300B60C0
S214012E00002088BF70207047A44C00202DE9F04FA9
S214012E1014469B46C36B87B005465B6960680E46E1
S214012E20012202A99847EB6B01225B6903A9304690
S214012E30984702A80EF01FFD074648B10023A37568
S214012E4063754FF0FF33A360002007B0BDE8F08F35
S214012E5003A80EF01DFD0123A375237E04EBC30317
S214012E60DE611F846368B3420ED1206003A80EF0B2
S214012E7031FD4FF0FF332075A360237D043B022B09
S214012E8025D80023A375DFE723681A1A5342534156
S214012E90A37503A80EF01EFD237D834218BFA775F8
S214012EA003A80EF0F9FC074602A80EF0F5FC8742CF
S214012EB01CBF0023A37503A80EF0F6FC074602A864
S214012EC00EF0F2FC87421CBF0023A375D5E703A8CA
S214012ED00EF0E2FC80B1EB6B02225B6904A930467E
S214012EE0984704A80EF0E7FC0346207D032839D84E
S214012EF0DFE800F03838040903A8F3E7237E04EB83
S214012F00C303CC221A8401F08BFC109B1870277E19
S214012F1003A80EF0B5FC04EBC70787F82200237E52
S214012F2004EBC30303A8B3F8209093F822700EF0C5
S214012F30B3FC804603A80EF0B7FC8246B8F1000F3A
S214012F4015D0EB6B02225B6904A93046984704A8AA
S214012F500EF076FC6075637D6BB90023A3754FF0A8
S214012F60000838E0227E04EBC2021384CBE703A8F4
S214012F700EF051FCEEE794F81680B8F1000FEED093
S214012F80B9F1000F09D1DFB10123E375637E002B90
S214012F904FD1012F42D1677614E06B6C06EB0A0223
S214012FA0594286EA020008421CBF0021A175591E3B
S214012FB00A409B1A9945D0D8A37D002BE3D1CEE7D2
S214012FC0E37D43B94FF000084B465246314628464A
S214012FD00EF0CBF9A060A27D12B123694B442361A8
S214012FE01949237E097899422AD901332376BBF100
S214012FF0000F27D032B3E37D23B3B8F1000F21D100
S214013000032F1FD0A1684B1C1CD0109B0093224697
S21401301001232846FFF7FAFEA07513E095F8343031
S21401302063B9EB6A0133CFD1032FCDD10123A37648
S214013030C8E7012FCFD0032FC4D1F7E79846C3E7DF
S2140130400023A375A07D00E7604D02002DE9F04F37
S2140130508BB00E46044698464FF0FF3100231046CB
S21401306017468DF8133001F0C5FBB6F5801F3BD32C
S214013070B21C53D1E56A6B1C57D1616A20460EF02B
S214013080BAF80546B31C18BF0123DFF81491019363
S214013090636A626C0293236802FB053AE36B05A937
S2140130A05B6905225046984705A80EF09DFC0EF078
S2140130B0C0FC50460EF0C8FC4FF0000B824601469D
S2140130C04B1C05D0636C81EA0A025B42134232D084
S2140130D0294620460EF08FF8029BAB424DD0BBF13D
S2140130E0000F4DD10546D3E7314605AA04F1080085
S2140130F00EF076FB0146481C10D0384601F07AFBEC
S2140131000DF113030122394620460EF0A9F928B124
S2140131109DF8133088F80030002003E0237C002B54
S214013120A8D11D480BB0BDE8F08F2368ED1A636C7B
S214013130B5FBF3F5A6E7484601F05CFB0DF113037A
S214013140019A494620460EF08BF9034690B1B21C0F
S21401315003D0D9F80020B2420CD103930F4B9DF84F
S214013160132088F8002049461A6838460FF0D4FB29
S214013170039B9B46D9F80810A2E7BBF1000FD0D0FD
S214013180B6F5801FC8D298F800307A68314604F147
S214013190080001F073FABFE70BE000F05C4D020097
S2140131A0F83500202DE9F3410E461B4D816A044691
S2140131B017469846E36A8B422AD04B1C18E02846ED
S2140131C001F018FB0DF107030122294620460EF0F7
S2140131D047F930B19DF80720434629462046B847AF
S2140131E0B0B1A9684A1C05D0012E0AD0E36A9942FB
S2140131F0E5D10DE0696820460EF08AF8012E0146F9
S214013200D8D16B6881EA0302636C5B421A42D1D063
S21401321002B0BDE8F08100BFCC3500202DE9F041B9
S214013220036B07689046826B9A4288BF8363426C41
S214013230436A02FB0377C36B90B05B690E460522B7
S21401324001A904463846984701A80EF0CDFB01288F
S2140132500146307057D0656CE26B2368606AD2F81D
S21401326014C005FB0030052206A9E04706A80EF0AB
S214013270BBFB01284FF0000523D0D4E90A32012117
S2140132809342CDE90B458DF834800E958DF83C10B0
S2140132902AD1194620460EF03BF8236B626CE06299
S2140132A014339B1A23630C9B53B99DF83C303BB1F6
S2140132B0626A616C2368E06B01FB02310EF04CFB25
S2140132C00C9DE36B05225B6901A93846984701A866
S2140132D00EF08AFB3070236BA26B28469A4288BF99
S2140132E0A36310B0BDE8F081237C33B91C490BAA57
S2140132F004F1080001F012FAD5E71A4A0BAB204692
S214013300FFF750FFCFE7237C23BB1749224604F182
S214013310080001F003FA616A20460DF08DFF616A2C
S214013320421C20460DF056FF054620B9236B626C01
S2140133301344143B2363A16A20460DF0E9FF23687A
S214013340A062C01A636CB0FBF3F0606220460EF018
S21401335022F8B6E7054A00232046FFF723FFDAE7FF
S2140133601D3D0100993C0100E9140200851402008C
S21401337073B50D46D11E4A421C461B7E4A419A42EF
S21401338026D129682368994222D3636899421FD8B7
S214013390114E0DF107033246FFF758FEC0B97268A9
S2140133A06B689A4214D19DF80730DA1E5342534196
S2140133B0227E93420CD1636901336361D4E903230E
S2140133C0934205D2A268296842F82310013323618B
S2140133D0012002B070BD00BF243600202DE9F04F59
S2140133E08BB0DFF858B19A469DF850300293DBF85F
S2140133F01030534580460D461646C0F09980DBF8DE
S21401340004300193D146B9F1000F00F08D80D8F851
S2140134103C3001985B69012207A9984707A80EF07E
S21401342037FADBF80030984240F0858007A80EF0A6
S2140134303BFA0428074614D107A80EF03CFA019B74
S214013440029A04463B44002A3FD1864212D9361AD4
S2140134501446019940460DF05BFFA9EB0409019063
S214013460D1E7D8F83C3001985B69022208A9984751
S21401347008A8E2E7841B544528BF5446032C03EBF7
S2140134800607AAEB040A4FEA94021CD9D8F83C3086
S21401349029465B693846984724F0030304F003067F
S2140134A01F441D44002ED4D0D8F83C3001225B695D
S2140134B008A9384698473246284608A935440FF0E9
S2140134C02BFA0026C5E72646ECE700F00302039236
S2140134D003442A18074604920593049BDD1B059BAB
S2140134E0D81B039B9F420FD1002FB2D0D8F83C3097
S2140134F0012208A95B6998473A4608A928460FF0B1
S214013500A8FA78B93D44A4E7D8F83C30012208A9C6
S2140135105B699847042208A928460FF09AFA08B969
S214013520043FDAE7DFF8189048460BB0BDE8F08FA5
S214013530DFF81090F8E7DFF81090F5E75036002036
S21401354012E000F011E000F022E000F02DE9F04179
S2140135500F4688B016469846044660B390F8345035
S214013560FDB101210DF00CFE0E9BCDF80480CDE9D6
S21401357002379DF83C308DF81C30237C04960021E0
S214013580CDE905118BB90D4901AA04F1080001F036
S214013590C5F8DDE90553E06B002E08BF1D460DF0AA
S2140135A0B1FF284608B0BDE8F081054A01AB2046C8
S2140135B0FFF7F8FDEDE70546F3E700BFB314020099
S2140135C0713301007FB590F84260019204460DF117
S2140135D00B030A46304612490DF09CFF012EE36BA1
S2140135E0054619D15B69324603A998479DF80B1029
S2140135F0039B019A59B19BB243EA02430393E36BDF
S2140136009B69012203A92846984704B070BD1B0C8C
S2140136101B0492B21343F1E79B69012201A9F3E768
S214013620503600202DE9F04F99B00F4609920A69ED
S214013630416C0E931439D31DB3FBF1F3013302EB46
S214013640C302036B93420446C0F00D820023DFF8E9
S21401365020940D93E36A07931946484601F0CAF889
S214013660D7E9033604930E9B022B4ED1CC2E40F0A5
S2140136708A81099B002B42D0394620460DF0A1FFD6
S214013680656C079A14906B1E1340ED1AE36B78680D
S2140136905B69012216A9984716A80EF0FDF80028C6
S2140136A00CBF04230823782E06933DD90123002559
S2140136B005934FF0080A3B6805990E98C9F8003043
S2140136C0C9F810600EF00AF94FEA9A031093DDF874
S2140136D01CB089F8140000230B930F9308930C93E6
S2140136E0616C4A1E0BEA02028B1A002E38D0554432
S2140136F0AB4240D8236B5B1A13442363ABE0049BB5
S2140137001B68149308230693D0E7656C079A6B1E13
S2140137101340782EA5EB030516D8FB7D7BB9099BD4
S214013720002BB3D104230693331DAB4210D9A6B1A7
S214013730082DBBD8042500230593AA46BBE7099BA1
S214013740002BA3D10823EEE7099B002B9ED1D9E7D6
S214013750002505954FF0040AADE704250596F9E71F
S2140137605345C7D30BEB0A030393B046089B002BC4
S21401377018BF032313E0A3EB0A039E42B0460BEBEC
S2140137800A0228BF98469E420392EFD9D9F8102024
S2140137900123964289F8173071D1C9F804B008930D
S2140137A099F81730002B6CD099F818200899D31C7B
S2140137B009EBC3030132C3F804B0A3F80880997279
S2140137C089F81820B8F1000F14D00E9B022B5BD19C
S2140137D00B9B7BB90F9B4344032B0BD9E36B0398DD
S2140137E09B69012214A998470546002840F03D81AF
S2140137F001230B93089B0193059B009399F81420D2
S2140138003968434616A800F0ABFFE36B109A9B6934
S21401381016A958469847051E0D9B18BF5B460D9383
S21401382052464346594620460DF09FFD236BC9F884
S214013830080008F10302A3EB0A0322F003029B1A15
S2140138402363002D40F011810F9BDDF80CB043443B
S214013850A6EB08060F93594620460DF059FD0025A4
S2140138608346002E7FF43CAF814A39689368E36251
S21401387052680E9B04F1080000F000FFDEE0022310
S2140138808DE7C9F804B09DE7099B002B30D1049B56
S214013890B8F1030F43440A9327D9E36BDDE903012B
S2140138A09B694FEA980298470546002865D118F0AB
S2140138B003025FD0049B28F003052B440493039B6B
S2140138C01D444FF0FF330499159315A80FF024F803
S2140138D0E36B28469B69012215A998470A9B049326
S2140138E00546002D86D0039B99E7039D4246E8E7EF
S2140138F0039B0A9307F120031193FB7D78689BB124
S2140139003D7E0C9A0023D9B28D4211D9119931F816
S2140139103310914203F1010C26D907EBC303069934
S214013920D8690A44104403E00C9B069A13441844D1
S214013930E36B01225B6915A99847159B13930C9BB2
S2140139400A9804330C93E36B01229B6913A99847E9
S214013950039B0A9A43449B1A042B054607D978B958
S214013960134604330A93C8E7521A6346CBE70A9B09
S2140139700393B6E70A9B04933CE70A9B0493B2E7DA
S2140139800A9B0393AFE73B4E04F1080303932368B6
S214013990079A606CA2EB030ABAFBF0FA00FB0A3046
S2140139A00EF052F8E16A804620460DF0B1FCA26A9C
S2140139B082424AD0626CD9F808302568E062511E0E
S2140139C00B40216B891A0B4423630D9B5D1BB5FBD2
S2140139D0F2F5AA4536D1079BB3EB080A12D0E36B82
S2140139E04FEA9A029B6941469847E36A079A53440D
S2140139F0E362236B9B1A43448346236303980DF0CB
S214013A00BFFEDA462368616CE06B01FB05310DF001
S214013A1090FF20460DF0BFFB20460DF0BCFC206356
S214013A20BAF1000F11D03A69616CD31D1439B3FB9A
S214013A30F1F3013302EBC3029042A8D2304619B02B
S214013A40BDE8F08F4FF0000ADCE73A69616CD31DE0
S214013A501439B3FBF1F3013302EBC302236B934238
S214013A60BFF4F8ADEAE7044EE8E72E468CE700BF60
S214013A70F835002023E000F006E000F02DE9F347DA
S214013A801E4643699DF82890B34204468846174669
S214013A903DD300258DF8075020460DF048FBD4F89D
S214013AA030A082450AD2236AB5EB430F06D2002224
S214013AB00DF107012046FFF7B1FB30B39DF8073043
S214013AC0012B05D100220DF107012046FFF7A6FBC9
S214013AD0B9F1030F06D0314620460DF013FB256BD6
S214013AE0854218D30D4D4FF0FF31284600F082FE77
S214013AF04B46002229462046C5E90376C5F80080D4
S214013B0002B0BDE8F047FFF78DBD0135C4E70448B4
S214013B1002B0BDE8F0870348FAE700BF243600206C
S214013B200FE000F006E000F02DE9F04790F8426063
S214013B3086B0012E05460391A1EB020715D1B7F514
S214013B40807F28BF03264FF06408DFF848A10024D1
S214013B504FF6FF7995F84230012B14BF32236423C8
S214013B609C420AD35FFA88F415E0B7F5803F34BF6C
S214013B70012602264FF03208E7E705AB22465146FA
S214013B8028460DF0FCFC95F84230012B059B34D1FC
S214013B904B452DD1E4B295F84230012B0CBF64227F
S214013BA03222121BB24217D3012E39D10022012B29
S214013BB005978DF8132027D1082205A90DF11300CA
S214013BC00DF099FE9DF81330059A42EA032221462C
S214013BD02846FFF7F7FC40B102232E4900930968F7
S214013BE0CC2303AA2846FFF749FF06B0BDE8F087B5
S214013BF0DBB203B902340134ACE7591CCAD09BB21C
S214013C00002BF8D10134F6E7102205A90DF11300B7
S214013C100DF071FE9DF81330059A42EA0342D6E78D
S214013C20039A0592012B23D10823202205A90DF121
S214013C3013008DF813300DF05EFE9DF8132012026E
S214013C4021462846FFF7BEFC95F84230611C012B41
S214013C50C9B21AD10028BFD1BDF814202846FFF7F3
S214013C60B1FC0028B8D10234BDF81620E1B2AFE7A6
S214013C701023202205A90DF113008DF813300DF045
S214013C803AFE9DF813201204DAE70028A4D1059A1B
S214013C909EE700BF50360020032A2DE9F341064671
S214013CA00D4617461C4606D1237A012B23D0012048
S214013CB002B0BDE8F081DFF8608009680DF1070306
S214013CC04246FFF7C3F960600028EDD19DF8072052
S214013CD0237A032AE8D0D8F804106A689142E3D11F
S214013CE0012B2969D4F80CC007D172690CEB0103CA
S214013CF0934202D92074207CDAE708316144E160FE
S214013D003B46012229463046FFF78CFC60600028BE
S214013D10CAD00020CCE700BF243600202DE9F341AD
S214013D20089C032A2668174606D1237A012B24D03D
S214013D30012002B0BDE8F081DFF890800DF10703A5
S214013D4042463046FFF782F960600028EDD12568CB
S214013D50D8F80400A96AD5F844C0227A4840CCF1C4
S214013D6000031840E1D1012A09D1E268D8F81030E1
S214013D7013447269934202D92074207CD9E72868DB
S214013D80EB6A1B1A081AB3FBFCF3B0FBFCF0834288
S214013D900BD1706CF36A421E1340326B121A134435
S214013DA0336328460DF0B4FAE862D8F81020E368C9
S214013DB00649206808321344E36001223B46FFF7B8
S214013DC031FC60600028B0D00020B2E72436002025
S214013DD02DE9F04F4FF0FF334FF6FF72002500F14B
S214013DE00806C0E9092387B00446C3620562056375
S214013DF030460F460DF0C4FC20460DF0CCF928BB2A
S214013E00204639460DF047FA20460DF0C4F928BB86
S214013E108A4D20460DF0F2FAECE0E26B2368606C06
S214013E20D2F814C001A9052200FB0530E04701A81D
S214013E300DF0DAFD012828D1294620460DF0FCF9BF
S214013E40421C294620460DF0C5F90135E3699D421D
S214013E50E3D320460DF09FF90028D1D000254FF678
S214013E60FF73C4E908534FF0FF39CA46A846E36911
S214013E70984514D3A5EB0905012D37D8636A4FF68B
S214013E80FF72934247D16E4DC3E70DF0D7FD002870
S214013E90DBD0294620460DF0CFF90246D1E723684C
S214013EA0E26B606C576901A9052200FB0830B84730
S214013EB001A80DF099FD834601A80DF06CFD07469B
S214013EC058460DF0B6FD70B15745236A38BFC4F8A1
S214013ED02480B94503F1010328BFB946BD422362D8
S214013EE038BF3D46BA4608F10108C0E74FF6FF73F2
S214013EF063620025E3699D42C0D2676C2068E36B6C
S214013F0005225B6901A907FB0500984701A80DF08A
S214013F1042FD0135EEE7E26B676C2068556901A941
S214013F20052207FB0300A84701A80DF034FD626ACD
S214013F302368606C434D00FB02300DF085FD4FF0A9
S214013F40FF33A062E3622A460DF103036FF001011D
S214013F502046FFF77BF8002850D1AD68E562294678
S214013F6020460DF0F4F8206320B9E16A20460DF0F2
S214013F70CFF9E062294620460DF0CAF90546A36A44
S214013F809D423DD16569626CE91C143A2046B1FB3D
S214013F90F2F105EBC1050335B5FBF2F50DF02EFA8E
S214013FA00235A84280463DD2616A20460DF023F9CB
S214013FB00027064604F1400A474512D3626C23687F
S214013FC002FB0639E36B05225B6901A9484698475F
S214013FD001A80DF0E0FC534602464946E06B0DF0A1
S214013FE035FD314620460DF006F90137AF4206464B
S214013FF0E2D3154D284607B0BDE8F08FA56AADE7B8
S214014000294620460DF0A3F8236B034429460746AC
S214014010236320460DF07CF90546002FAFD1C4E995
S2140140200B07ACE730460DF0ABFB0023074A1946F9
S2140140302046FFF7B7F80025EBE600BF03E000F0E7
S21401404016E000F02436002013E000F04F140200C2
S214014050634A00232DE9F041176813600E460446B3
S21401406018B9604D2846BDE8F08190F834500DB37C
S21401407009680268914240F0AA80716842689142DC
S21401408040F0A580B1688268914240F0A080F16856
S214014090C268914240F09B8031694269914240F08A
S2140140A09680B169C26B914240F0918072698261DB
S2140140B01D46D7E750222946D0F838800EF0F3FC8B
S2140140C03368236073686360336963617369A361EE
S2140140D0D6E9021204F10800C4F838800DF062FB3C
S2140140E0B369E36304F140009B68984794F8432062
S2140140F020B1E561002AB4D03B4DB3E7656C002DD5
S214014100F7D06668B6FBF5F3E361002AA9D0B5429D
S214014110F2D82268B2FBF5F105FB1122002A58D12C
S21401412005FB1363002B54D120460DF000F8A3695C
S214014130043303449E424ED3636940F63472CC3B4B
S21401414093424AD8B5F5007FD6D3032120460DF019
S21401415017F8E36BD4E900011B689847E36B054643
S214014160DB68022098471DB1002384F834301EE036
S21401417039462046FFF72CFE1C4B9842054604D1D3
S21401418039462046FFF724FE0546636C143B002D96
S214014190EAD1226A204602FB03F60CF0C8FFA369A7
S2140141A0043303449E4206D284F83450104DE06B2B
S2140141B00DF0A8F956E70F4A012384F83430136846
S2140141C0D4E900010133136009F0A7FEEFE70A4DB9
S2140141D048E70A4D46E7064D44E7094D42E700BF6A
S2140141E0384D002009E000F004E000F013E000F094
S2140141F002E000F0344D002008E000F001E000F09D
S21401420005E000F02DE9FF410F4690461E460546A3
S21401421098B390F8343093B3B1F5801F31D21A4C6D
S21401422002210CF0ADFF22460DF10F033946284658
S214014230FEF70CFF024678B101230093424633464F
S21401424039462846FFF71AFC0446E86B0DF05AF982
S214014250204604B0BDE8F0819DF80F30012BEBD16C
S2140142602169B142E8D10093414633462846FFF71B
S214014270B5F804460028DFD1E7E7044CE8E7044C2C
S214014280E6E7044CE4E700BF5036002009E000F002
S21401429007E000F00AE000F02DE9FF410C46164663
S2140142A01F46054688B390F8343083B3B1F5801FB6
S2140142B02FD2DFF87C8001210CF062FF21460DF140
S2140142C00F0342462846FEF7C1FE044670B99DF824
S2140142D00F30012B11D1D8F81030BB4213D100900A
S2140142E0024631462846FFF779F80446E86B0DF09A
S2140142F009F9204604B0BDE8F081074C074A022BB5
S21401430008BF1446F2E7064CF0E7064CF1E7064C08
S214014310EFE7064CEDE700BF0BE000F00CE000F025
S21401432011E000F009E000F007E000F00AE000F01C
S214014330503600202DE9F04385B00C46DDF830807C
S21401434017461E460546A0B390F834309BB3B1F528
S214014350801F32D2DFF8809001210CF011FF214638
S2140143600DF10F034A462846FEF770FE044688B94B
S2140143709DF80F30012B14D1D9F8102006EB080355
S2140143809A4214D300904346324639462846FFF7F0
S21401439025F80446E86B0DF0B5F8204605B0BDE8F3
S2140143A0F083074C074A022B08BF1446F2E7064C77
S2140143B0F0E7064CF1E7064CEFE7064CEDE700BFE9
S2140143C00BE000F00CE000F011E000F009E000F076
S2140143D007E000F00AE000F05036002070B586B025
S2140143E00E4603920546A0B390F834309BB3B1F560
S2140143F0801F32D202210CF0C3FE194A0DF11703B9
S21401440031462846FEF722FE044618B99DF81730B5
S214014410032B0ED10223009303AACC233146284650
S214014420FFF72CFB0446E86B0DF06CF8204606B04F
S21401443070BD022B0BD10A4928460DF0C2F803992C
S21401444081420246EFD02846FFF76EFBEAE7054CAD
S214014450E9E7054CEAE7054CE8E7054CE6E700BF67
S214014460503600200DE000F009E000F007E000F013
S2140144700AE000F073B50C461646054630B390F8D0
S21401448034302BB3B1F5801F24D201210CF078FE15
S2140144902146114A0DF107032846FEF7D7FD0446CB
S2140144A080B99DF80730032B0CD0022B0CD10A499A
S2140144B028460DF086F83060E86B0DF023F82046AC
S2140144C002B070BD054CF7E7054CF5E7054CF6E77D
S2140144D0054CF4E7054CF2E7503600200BE000F0FF
S2140144E00DE000F009E000F007E000F00AE000F05F
S2140144F0F7B50C461646054668B390F8343063B3F4
S214014500B1F5801F2BD202210CF03AFE154A0DF1AF
S214014510070321462846FEF799FDC0B99DF80730E6
S214014520032B14D0022B14D10E4928460DF049F85E
S214014530471C024639462846FFF7F6FA044606B1F6
S2140145403760E86B0CF0DEFF204603B0F0BD064C8A
S214014550F7E7064CF5E7064CF6E7064CF4E7064C9B
S214014560F2E700BF503600200BE000F00DE000F04F
S21401457009E000F007E000F00AE000F02DE9F34161
S2140145801F4600230C4616463B60054650B390F87E
S21401459034304BB3B1F5801F28D2DFF86480012197
S2140145A00CF0EEFD21460DF1070342462846FEF7C4
S2140145B04DFD0446A0B99DF80730032B10D0022B01
S2140145C00AD10123336004233B60E86B0CF09AFFA9
S2140145D0204602B0BDE8F081D8F810303060F3E72D
S2140145E0034CF2E7034CF3E7034CF1E7034CEFE728
S2140145F00BE000F009E000F007E000F00AE000F050
S2140146005036002030B50C4685B0054628B390F8E4
S214014610343023B3B1F5801F23D202210CF0B0FD54
S2140146200DF10F03104A21462846FEF70FFD0346FB
S21401463088B99DF80F20032A0DD003220092214647
S21401464002462846FFF71AFA0446E86B0CF05AFFB2
S214014650204605B030BD054CF7E7054CF8E7054C9C
S214014660F6E7054CF4E700BF503600200BE000F0FB
S21401467009E000F007E000F00AE000F02DE9F04361
S21401468046688EB3056898464FF0000CA946AE46BC
S21401469055F83C40C4F3130701340CF1010C01D06A
S2140146A0B94218D066450EF1080EF1D12F46002406
S2140146B003E0A64207F1080713D055F8343001335A
S2140146C004F10104F5D1C1F3130141EA0851C7E928
S2140146D00012BDE8F08341EA0851CEE90012BDE8B8
S2140146E0F083B8F1030F03D101230372BDE8F08311
S2140146F0002303E09E4209F10809F5D055F833403E
S214014700C4F30754032C03F10103F3D1C1F31303DC
S21401471043EA0853C9E90032BDE8F0832DE9F043C6
S214014720476883B0CFB10646884691460024336871
S21401473053F83450C5F30752C5F31301013503EBA3
S214014740C403304604F1010405D05B68CDF800903F
S214014750C04710B17768BC42E9D303B0BDE8F08327
S21401476073B5044622489DF81850012A00EAC11183
S21401477023F07C4007D9961E012E28D9073303F073
S2140147807F03194308E09DF81C30DB060A4303F05B
S214014790C053134343F060410023C4E900108DF871
S2140147A00730B5B1202221460DF107000DF0A3F820
S2140147B01A220DF10700211D0DF09DF863689DF882
S2140147C0072043EA82636360082002B070BD11438C
S2140147D0E2E71B220DF1070021460DF08CF8236855
S2140147E09DF8072043EAC26323600420EDE700BF7B
S2140147F080FFFF0738B5094B04461A680D460021AD
S2140148000EF051F900234FF0FF322383C4E900254F
S2140148102361A260E382A37638BD00BF5C4D02002F
S2140148200138C0B205289ABF014B185C01207047B9
S214014830C85802002DE9F0410E46596888B007466F
S2140148401546490A0024012922464FEA510104F17E
S2140148500104F8D8DC7899781B882403C90201F48E
S214014860006104F480540C43C3F30A035203234447
S21401487092B29C18284B03934FF0000825F078431A
S21401488002A90DF107001B2202938DF807800DF097
S21401489032F89DF80720029B8DF80780ED4343EA26
S2140148A0C26302A90DF1070025F078451B22049387
S2140148B002950DF020F89DF80720029B6FEA04444C
S2140148C043EAC26305936FEA14444FF0FF3306933D
S2140148D00794BB6907A9012206F110009847BB6936
S2140148E005A90446012206F108009847BB69404520
S2140148F018BF044604A90122301D9847BB694045EC
S21401490018BF0446012203A930469847404508BF10
S214014910204608B0BDE8F08101009AB2034B186842
S214014920034B002808BF1846704700BF3C4D0020C7
S214014930D0580200F8B50D4610B900242046F8BD3F
S2140149400E4F3E68002EF8D100F07CF80446002891
S214014950F3D0386000F0C2F820460DF0E5F838B123
S21401496030463E6000F0BAF820460DF0D8F8E4E78D
S214014970002DE3D02046A847E0E700BF404D0020C9
S214014980024B1868003818BF01207047404D0020C0
S214014990024B00215B680846184700BF1021002023
S2140149A010B50DF080FE044618B9034B01215B6873
S2140149B09847204610BD00BF1021002010B506F014
S2140149C0B5F8044618B9034B01215B6898472046A1
S2140149D010BD00BF1021002010B50DF065F904468A
S2140149E018B9034B01215B689847204610BD00BFEC
S2140149F01021002010B50DF02BF9044620B9034B09
S214014A0001215B6808469847204610BD102100200A
S214014A1010B50DF02AF920B9024BBDE810401B680D
S214014A20184710BD10210020431E033306D8044B3F
S214014A30984228BF1846642838BF6420704700BFD4
S214014A4040420F00F8B5054609F079FA0F4B1E688B
S214014A50074626B9384609F076FA344611E0B468B6
S214014A608CB194F810C01CF0010F0CD195E80F0022
S214014A704CF0010C84E80F0084F810C0384609F0A9
S214014A8062FA2046F8BD3668E3E700BF0821002039
S214014A9038B505460C4641B10B6833B11B68013386
S214014AA003D0CB680BB18B684BB90DF09DFBBDE80D
S214014AB038404FF492724121002000F015BA0846A2
S214014AC001F05AFB0023044A85F8DC30C5E923438C
S214014AD0C2E9003338BD00BF6022002010B504468D
S214014AE018B9054B054A136010BD04F051FFD4F800
S214014AF09830002BF6D1F4E7071B020004210020B2
S214014B00014B1868704700BF6022002010B50C46A4
S214014B1004F07CFF054B00215B68032098471CB11D
S214014B2006F0E2F80128FBD110BD00BF10210020DD
S214014B3008B502460868FFF777FF08604868FFF780
S214014B4073FF48608868FFF76FFF8860C868FFF7E3
S214014B506BFF0B69C860581C03D00B48834228BF03
S214014B6003460B614B69581C03D00748834228BF94
S214014B70034688694B61FFF757FFBDE80840886127
S214014B80104605F01DBE00BF40420F002DE9F84F4C
S214014B90D0F8903006460F4613B1038B8B4244D0B3
S214014BA0D6F88CB0BBF1000F42D0DBF80830002BF2
S214014BB03ED0DBF80C1000293AD0D6F8A0A0BAF106
S214014BC0000F38D04FF000094D46C84601E0DBF82B
S214014BD0083005EBC50203EB82040135E389BB42CD
S214014BE014D8238ABB42304610D3B4F91220B6F942
S214014BF024309342A04653DD96F8D010F3F788F997
S214014C00337D834281464BD9DBF80C108D42DED3CF
S214014C10B8F1000F3ED00023424619463046D04731
S214014C203783C6F8908086F8D9900020BDE8F88FC3
S214014C300320BDE8F88FD1465446524647F6FF7525
S214014C4004EBC40803EB8808B8F80E30BB421BD847
S214014C50B8F81030BB4217D3B8F91220AA4207D1D0
S214014C604FF0FF093783C6F8908086F8D990DCE7C5
S214014C7096F8D0103046F3F74BF9337D83428146E0
S214014C804246EFD9DBF80C100134A14204D9DBF817
S214014C900830D5E70120C9E7002AFBD09046E1E7B6
S214014CA0A046B8E72DE9F04782B004468946164685
S214014CB005F0DAFF3B4D08B100236B602B68D4F892
S214014CC08CA0D4F890700BB153454BD04FF0000830
S214014CD0C5F8089006F008F8012836D12B68DAF8EE
S214014CE000103A6813B11868884246D020460DF085
S214014CF0B6FCC5E900A7D4F8A0508DF80760002DD2
S214014D0042D000220DF1070311462046A84720464F
S214014D1005F07EF90546B8F1000F00D08EB1B5FA60
S214014D2085F040F2DE324009332100F0DDF83146ED
S214014D30204605F003FC1C4B05461B6839462046F9
S214014D409847284602B0BDE8F087012004F05EFED1
S214014D50164B00215B680320984705F0C5FF012824
S214014D60FBD1BBE76B68002BB0D0BB42AED1AB68C2
S214014D70994514D04FF00108AAE7696811B109688E
S214014D809142B6D05968B1E7217D94F8D93099425D
S214014D9028BF19463246204605F00EF9B7E700252A
S214014DA0CFE700BF60220020042100201021002050
S214014DB0F8B505460E4609F0C2F8314607462846BC
S214014DC0FFF7E4FE044620B1384609F0BCF8204659
S214014DD0F8BD05F031FF224631462846FFF762FF4F
S214014DE00446384609F0AFF82046F8BD084B10B423
S214014DF0002A14BF14461C46064B1C6019B15DF808
S214014E00044B0CF0B8BE08465DF8044B704700BF73
S214014E10071B02000421002013B5044669460CF066
S214014E208CFF20460DF07AFBFF28024606D09DF83F
S214014E3000102046F3F704F902B010BD0048FBE766
S214014E400080FFFF2DE9FF4105460F4690460AB94F
S214014E50D0F82C80414628460CF0D5FF18F0010FFB
S214014E6002D0284602F0FCFE0DF02FFA184B04463D
S214014E700FCB6E4686E80F0037B104AB03EB840315
S214014E8057F8242043F8102C18F4803F10D12246FE
S214014E90314628460DF06BF938B937B104AB03EB50
S214014EA0840353F8103C47F8243004B0BDE8F08181
S214014EB004AB03EB8403224653F8103C013331461E
S214014EC0284602D00DF062F9E6E70CF00DFEE3E7A6
S214014ED00459020008B50B46024919400CF075FF4B
S214014EE0002008BD0700110008B550B90548064B5B
S214014EF001601A60054B1A68054B1A601868ECF7D2
S214014F00C5FF08BD0C210020484D0020404D002063
S214014F10444D00202DE9F0411B4A8AB001AC0546FC
S214014F200B4602F1200C274610685168264603C638
S214014F30083262453446F7D1002B08BF3B4610685D
S214014F403060002703F10C061C46384690B95FFA1C
S214014F5087F82188424628460DF026FC50B9E1889C
S214014F60424628460DF031FC20B9424631462846D5
S214014F700DF03DFC0137032F06F1080604F102048B
S214014F80E4D10AB0BDE8F0811C590200F0B589B041
S214014F9005460E460DF042FC044600BB06F10C0722
S214014FA00FCF01AC0FC497E8070084E8070001A9FA
S214014FB02846FFF7BDFD311D28460CF056FF044676
S214014FC048B90849284605F0BDFB044618B92846E5
S214014FD005F002FF044631682846FFF79BFF20468E
S214014FE009B0F0BD1459020001490CF0C8BF00BF5A
S214014FF0C9AD010070B5164E0328337804460D4638
S2140150001ED023FA04F202F00102AA421DD053B1C7
S2140150100122A24023EA0203A5402B43DBB23370F0
S2140150204BB1012070BD2DB10A4B01201B6898477A
S2140150303378EDE73570074B00201B689847F0E79B
S2140150409A07DED003F0FC03E9E7002070BD00BF3D
S214015050AD500020884D002038B504460D46FFF7B8
S2140150608FFC60B105F00EFE48B9012D07D801206E
S2140150700DF075FB0D4B1B6823B15B6898470C4B15
S2140150801C7038BD0AF039FA0A4B1A68801A186083
S214015090F5F7A0FE084B1B684FF47A7202FB00304E
S2140150A00CF06BFF012005F0F5FDE8E7404E00200F
S2140150B0E7210020804D0020844D0020F8B5124FD6
S2140150C005460C4608F03BFF3B78064633B1012DFA
S2140150D004D01CB90D48F5F719FD3C702146284649
S2140150E0FFF788FF0A4B1B7804463BB93B782BB980
S2140150F00DF0D7FA10B1074B1B689847304608F0F9
S21401510022FF2046F8BD00BFAE5000205C4D0020B7
S214015110AD50002010210020054A0B46117831B110
S21401512000211170034A1878526801211047704710
S214015130AE50002010210020124B0239012910B573
S21401514018701ED8FFF71CFCD8B105F09BFDC0B146
S21401515005F096FBA8B90C4B1C6834B12368984738
S214015160BDE8104000200DF0FABA0CF004FF074B22
S21401517018600AF0C2F9064B1860204605F08AFD51
S214015180EEE710BDE7210020404E0020844D0020B0
S214015190804D002038B5044680B108F0D0FE0121CC
S2140151A004460846F5F710F9012108460A4A0AF0AE
S2140151B050F92046BDE8384008F0C5BE08F0BFFEED
S2140151C0214605460120F5F7FFF80120024A21464F
S2140151D00AF03FF92846EDE740590200F0B5324D96
S2140151E085B008F0ACFE2B78044623B12F48F5F7BE
S2140151F08DFC00284AD1F5F77DFD02AA03A90DF022
S2140152003AFA0346002832D00DF049FA029B98423A
S2140152101ED10020264B03991B68264E99423070FA
S21401522021D9C91A00270123CDE900771F482B7021
S214015230214A33460AF03BF900282FD11F4A13783A
S214015240D90717D4204608F07EFE002005B0F0BD31
S2140152500DF023FA029B98421ED0154B154A1B6887
S2140152600393002010700121FFF7C4FEEAE72046F1
S2140152702B70E8E731780029E4D103F0FE031370C0
S214015280002BDFD10E4B1B689847DBE7204608F062
S2140152905AFE032005B0F0BD0220BBE703232046DB
S2140152A02F703370F3E700BFAE5000205C4D002036
S2140152B07C4D0020E621002019510100AD50002050
S2140152C0884D002038B5134D08F039FE2B7804467A
S2140152D0C3B9114A11491370114B124A1A60124888
S2140152E0124A5A60F5F7A0F811491248F5F79CF8EA
S2140152F0114B124A1A60124B1B68124B02221A609B
S21401530001232B70AFF30080204608F01CFE00201E
S21401531038BD00BFAF500020AE50002048590200F3
S21401532010210020DD5101004C4D0020BD50010030
S21401533050590200544D0020884D0020955101001F
S21401534000300E407C4D00200D4BD3F8E020D203F8
S21401535014D50C494FF48032C3F8E820C1F8EC208C
S2140153609A6BD1B2C2F3072299679A6704229A67A9
S21401537000229A679A679A679A679A67704700BF8A
S2140153800010084000100846F8B50C4C0D461746AC
S214015390064608F0D4FD0123A36204232760666055
S2140153A0A560C4F8E830064B4FF48072C3F880213C
S2140153B008F0C9FD0DB10223A362F8BD0010084034
S2140153C000E100E0054B1860054B01229A6540F6A6
S2140153D0FF72196358635A65704700BF904D0020ED
S2140153E0001008402DE9F04F042A83B0054639D94C
S2140153F00B7883614B7883618B788361CB7883618B
S2140154000068D5F808B06E6800F007000123063082
S21401541003FA00F808F1FF3909EA0B07A2F1040ABA
S214015420A8EB0702924501F1040446F000560DD898
S214015430F019214652460DF06FFA0AEB0B0248EAC4
S21401544009031A40AA6003B0BDE8F08F2146F0199F
S21401545001920DF061FA019AA118AAEB08023046F2
S2140154603A44E8E7013A032AEDD8DFE802F00B08F0
S214015470050211F8013B836111F8013BAB6111F89C
S214015480013BAB610B78AB6103B0BDE8F08F00BFA9
S2140154902DE9F7433024444304F180440746884607
S2140154A0154604F501244FF00109266AC6F30C06D9
S2140154B086B1E368CDF80090AE4228BFAEB29BB28B
S2140154C03246414620460CF094FDAD1BEDD103B0AB
S2140154D0BDE8F083002DFAD0034AFF000223BB404B
S2140154E0C2F8E430F3E700BF0010084038B50C46B8
S2140154F0104B1546014668B10122C3F8B8200E4884
S2140155002246FFF76FFF1DB10A4B0422C3F8B820ED
S214015510002038BD64B1D3F89C20A24284BF01228A
S214015520C3F8B820C3F898400222C3F8B820EAE7C7
S2140155300122FAE7001008409010084010B508F064
S214015540FEFC184B184901229A65C3F888201A6692
S214015550164A5A660722C3F884200A801449002294
S2140155600A804FF4A021C3F8E81003F1C063044693
S214015570C3F8EC100F4B1A600F4BD3F888305B0260
S2140155800AD50E4B18680E4B4FF48002C3F88820DC
S214015590416BA43002F05EF82046BDE8104008F0EA
S2140155A0D2BC00BF001008404E500020B823002097
S2140155B04C5000208C4D002000400840404D0020FB
S2140155C0004008440D4B07221A800D4B00221A801A
S2140155D00C4B0121C3F8B810C3F890204FF40052C9
S2140155E0C3F89400C3F8B420074BF0221A6403F101
S2140155F00073A0221A64FFF7A1BF00BF4E5000201F
S2140156004C50002000100840000008442DE9F041ED
S214015610044688B1394E3A4F08F091FC3388394A2E
S21401562003F07801032C054603F07F0C114453D197
S2140156303C6824B908F087FC0320BDE8F08124F01B
S2140156400104386820F00100A0424AD100223A60E5
S21401565022886FEA42426FEA52428C42228036D159
S214015660294CDFF8B8C02788ACF180083A46083ADA
S21401567092B201F10800604528BF4046082A04D9C5
S214015680B0F900E0BEF1000F36DB22803B440C8807
S21401569088781E499B1ADBB2C4F30C04CC6300F075
S2140156A007003380CB66C1F88420FFF74DFE04283F
S2140156B00DD1174BD3F88830164B1868164B4FF49C
S2140156C08002C3F88820416BA43001F0C3FF28464E
S2140156D008F039FC0020B0E7601E012898BF0C4690
S2140156E0AFE7094862440088A21A48BF80320838EA
S2140156F09042ADDC28469DE70146B8E74C500020B5
S2140157008C4D0020B82300204E5000200010084089
S21401571000400840404D0020004008443824002046
S2140157200E490F4B0A881B880E481344073B03F0AB
S214015730780303440832987892B20A8000F0070092
S21401574009490428C1F8842004D101F540514A686A
S2140157501203FCD4054A1360704700BF4E50002068
S2140157604C500020B8230020001008408C4D00202B
S21401577010B5054C206828B1C30701D4FFF746FFD2
S2140157800023236010BD00BF8C4D0020084B4FF452
S2140157908032C3F8EC2003F17C43C3F8E420D3F84D
S2140157A08030C3F30C03782B01D8FFF7CDBD7047CB
S2140157B0001008442DE9F84304460E4608F0BFFBE6
S2140157C0504B514D1A882D888146504802F0780179
S2140157D0032C02F07F03014417D14D4C24688CB989
S2140157E02A44073A02F0780284180344E31A48BFB1
S2140157F08033AB4210DB484608F0A5FB0024204668
S214015800BDE8F88324F00104EFE7012C02D0022C56
S214015810EBD1083D0C46E8E7002E41D08C423D49CD
S21401582042D1D1F83C800A6B02F00702063201270A
S2140158309740D1F88020C2F30C029A4247DDB4F9B2
S21401584000302588002BD6DBA378C5F30C0503F0C2
S21401585007037A1EA5EB08053A43052B337005EAC4
S21401586002052CD82DB2E84340F236420421C00F7F
S214015870FFF73AFB7580E378274A337412687B1E7C
S21401588003EA0803D118B160A9B213FA85F5BD423F
S21401589089BFFF1A0023B780F2609CBFB180F36016
S2140158A0484608F050FBAAE7A4F10802824238BF36
S2140158B004F17802B2F80080C8F30C08B3E7174B7E
S2140158C0DB6C003B18BF0123A5EBC305CAE78B6B56
S2140158D07A1EA3EB08033A431A40114B15B25B68D4
S2140158E06AB9C3F30363D91E4B424B41DB003370E5
S2140158F00B4B7280D3F89030C3F30723BCE7082321
S214015900F5E700BF4C5000204E500020B823002081
S2140159108C4D002000100840904D002000000840EB
S2140159200040084000284CD00378112B49D9294B58
S21401593042781A7082785A70C2789A700279DA7050
S21401594042791A718279003A18BF01225A71C279D6
S214015950003A18BF01229A71027A003A18BF012252
S214015960DA71427A1A721C4A002111700278172ADB
S21401597018D9827C521A18BF01225A72C27C9A72B6
S214015980027DDA72B0F815209A81B0F81720DA8114
S214015990427C1A740278182A8CBF427E00225A74FE
S2140159A000207047827A003A18BF01225A72C27AE2
S2140159B09A72027BDA72B0F80D209A81B0F80F2045
S2140159C0E5E7064AD2F83C311B0C1B04C2F83C3111
S2140159D00120704750500020B05000200040084081
S2140159E00346032823D8DFE800F00213171B114AE9
S2140159F0137A012B02D15079A8B97047022B02D134
S214015A00907980B97047032B11D1D07958B9704776
S214015A10084A507938B97047064A907918B97047DC
S214015A20044AD07920B1044A01201370704700203F
S214015A30704700BF50500020B050002008B5034901
S214015A400878FFF7CDFF087808BD00BFB0500020EA
S214015A50431C08D0044AD2F83C311B0C1B0480B20C
S214015A600343C2F83C317047004008402DE9F0413D
S214015A70FFF764FD3B4B3C4E1C683C4BDFF80C814A
S214015A801A6E3B4A1B6B15683A4F0121084640F2D5
S214015A902322FFF729FA384BD3F810212260D3F8D6
S214015AA0F82062607269A260B26AE260B26C22613A
S214015AB0F26C6261B26FA261D8F88020E261D8F818
S214015AC0182022627A686262D3F81821A262D3F89B
S214015AD01C21E262D3F820212263D3F824216263D9
S214015AE0D3F85021A263D8F8B820E263033525F035
S214015AF003059B6B2B60B3696B60D8F88430AB6091
S214015B0001F0C8FFE860FB6F1C4C2B61D4F8BC3E6B
S214015B106B613B6AAB61002001F02EFA0023C8F8E6
S214015B208430174B4FF40072C3F88820D4F8BC3E7B
S214015B3023F40063C4F8BC3E2023C8F81032114B8E
S214015B4001221A6403F580434022DA600E4BB269E3
S214015B501B7C1B0203F4706322F470621343B3616F
S214015B60BDE8F08158590200007008400010084056
S214015B70904D002000000840004008400010002121
S214015B8000400844000008465050002000600840CD
S214015B9013B5044601F084FF104B1B6B400013F451
S214015BA0801F0F4B14BF201A00190024CDE90004F2
S214015BB0186801F07BFF21468DF80600684601F063
S214015BC0D1FF40B1074AD2F83C311B0C1B04C2F886
S214015BD03C314FF0FF3002B010BD00BF003008402E
S214015BE0404D0020004008400C4B4FF4001210B509
S214015BF09A6103F17E430122094CC3F8F8206368D9
S214015C0013F0706FFBD1FFF799FC064B08221A6060
S214015C106368C3F30363022BFAD110BD0060084624
S214015C2000400840004008460B4BFF2210B51A60A2
S214015C3008F085F90E210446032001F00DFC074B00
S214015C4040F201225A62204608F07DF9044A536860
S214015C5013F0706FFBD110BD0040084400000840EF
S214015C60004008400A4A0B4B916A0B4043F08043C0
S214015C7043F418439362084B4FF480025A61A3F52C
S214015C8040534FF40022C3F81021C3F8F8207047A0
S214015C9000700840FF01108000700846694A936C46
S214015CA023F47F5323F03F0343F4605343F03E0352
S214015CB073B59364D36C644C644D654E1B0D1B0524
S214015CC043F4165343F03C03D364936F03F07F43CE
S214015CD043F4DB0343F490639367936A23F0BF03B3
S214015CE043F0A70393625B4B4FF480025A615A4B11
S214015CF00022C3F8802003F180634FF4E0729A61BA
S214015D0003F100734FF480729A61544A536823F08A
S214015D10070343F005035360514A4FF40023C2F8CA
S214015D201031D4F8183123F0404343F08043C4F8CF
S214015D3018314FF44043C2F81C31C5F81C31D4F871
S214015D402011484B0B4043F4886343F00503C4F825
S214015D502031D4F8243123F0370343F02003C4F86C
S214015D602431D4F8243123F4472323F4E06343F4A5
S214015D70042343F4A063C4F824314FF4F873C2F843
S214015D8050310823C5F818314FF48033C5F8103167
S214015D9014200CF08FFAD4F8183123F47F5343F013
S214015DA04003C4F818314FF40033C5F810311420FD
S214015DB00CF080FAD4F81831334043F0807343F482
S214015DC08043C4F8183114200CF074FA4FF4802381
S214015DD0C5F8103114200CF06DFA0923AB63224D7F
S214015DE014200CF067FA687CC8B101AA69460CF069
S214015DF020FAD4F81831019A23F47F5343EA821328
S214015E00C4F81831D4F81831334043EA8233009A83
S214015E1043EA0263C4F8183114200CF04BFA0E4A18
S214015E20A978D2F8B830C3F3160343EA016343F402
S214015E3000031420C2F8B83002B0BDE870400CF080
S214015E4039BA00BF007008400040084000400846CC
S214015E50FF3FC0E0007008460060084000000840B0
S214015E600040084432F33FFF5050002010B504466E
S214015E70FFF7DAFEFFF7FAFD022C15D1114BD978A0
S214015E80104A2046537812780CF0F8FC431C0DD0CB
S214015E90FFF77EFE013009D0FFF7A6FE022C0BD1DC
S214015EA0FFF7E0FE002003E0032C02D04FF0FF30A6
S214015EB010BD044B1979E3E7032CF7D1FFF7EEFE8B
S214015EC0F0E700BF505000202DE9F84F0E2A054696
S214015ED0BDF828701646184658D82E4BDFF8C4A0D1
S214015EE0D3F83C41DFF8C08024F4FE4424F07F045C
S214015EF07F2994BF0C4344F07F047F2D28BF7F2564
S214015F0044EA0524C3F83C410CF0D4F9224B4FF087
S214015F10010909FA06F9D3F800B0002635463446D9
S214015F2038460CF0C7F99AF80930ABB91B49D8F8CE
S214015F303C202023CB63C8F83830012302F020022E
S214015F40C8F84030D8F830309B06FBD52023CAB1BC
S214015F50134AC8F83830D3639AF80B30B34206D8E0
S214015F604FF0FF31584601F0CFFA013504440136AF
S214015F704E45D5D1002D08BF012594FBF5F000B2A2
S214015F80BDE8F88FCB63C8F83830E5E747F6FF7011
S214015F90F6E700BF00400840404D0020007008446E
S214015FA0007008465050002000700840344B73B50E
S214015FB01C68344B1D68FFF737FE05F07BF8324B43
S214015FC02268C3F810216268C3F8F8202F4AA16836
S214015FD05161E1689162216991646169D164A16945
S214015FE091672B49E069C1F88000206A88612948D9
S214015FF0666A4660A06AC3F81801E06AC3F81C0125
S214016000206BC3F82001606BC3F82401A06BC3F8B2
S2140160105001033525F00305E06BC1F8B800286888
S21401602098636B689361AB68C1F88430EB68009342
S214016030194B00241868019401F038FDAB698DF8FE
S214016040060021466846ADF8043001F08BFD2B6949
S2140160509B0702D0012000F08FFF104B6A69C3F83E
S214016060BC2EFFF76BFA0E4B01221A6403F5804330
S2140160704022DA60074B4FF0FF329A6602B070BDDD
S21401608058590200904D002000400840007008401A
S2140160900060084000000840404D0020001000212C
S2140160A00000084408B501F0F5FC30B1044BD3F804
S2140160B0C000431C00D080B208BD4FF0FF30FBE7A4
S2140160C00081E00F2DE9F04104460E46174698463A
S2140160D00CF0DAF8012C05460FD0A31E012B06D8CA
S2140160E02046FFF7C3FE013023D1FFF75FFF0CF018
S2140160F0CBF84FF0FF30BDE8F081FFF7D3FF044641
S214016100FFF71CFA0CF0C0F80F4B401B98423BBF40
S2140161104FF6FE714FF47A730021B0FBF3F038BFEF
S2140161200140631CE5D02046FFF792FC44EA01409B
S214016130E1E7BDF818304246394630460BF0F6FF27
S2140161400446FFF733FFDDE718FCE70307B5FFF763
S21401615075FCFF280AD0074AD38900939389927A5F
S2140161600221FFF7AFFF03B05DF804FB4FF0FF30ED
S214016170F9E700BF50500020054BD3F8B400431C8C
S21401618014BFC0F380700120A6223121FEF7ACBEF9
S2140161900081E00F034B1A689B8802608380002011
S2140161A0704700BFCC2100200F4B0628D3F888315A
S2140161B004D183F40013C3F340507047022805D17D
S2140161C013F4400F0CBF01200020704750B9074A56
S2140161D0D2F8D40010F0010005D083F48003C3F395
S2140161E0805070470020704700400E400081E00F4D
S2140161F00C4A5288B2F5E16F94BFC8225A2210B5F4
S21401620094BF7824502490428CBF172210220A7023
S214016210054A0346107818B19C422CBF0020012085
S21401622010BD00BFCC210020EB21002013B5234B6D
S2140162301B780E2B04463ED00DF10701FFF7D8FF61
S2140162401E2C8CBF1E4C1F4C9DF807304FF00102D0
S2140162508CBF01210021C4F8082170B1194A4DF6FE
S2140162600174C2F804411B0202F1007243F4404378
S214016270C2F80431144AA2F8D430134A134C92F8E7
S214016280D83023F00103034323F0020343EA41031A
S214016290DBB282F8D83024786CB923F0040343EAE1
S2140162A0800323F00803B2F8D440A2F8D64043EAAC
S2140162B0C10382F8D83002B010BD00BFCC21002047
S2140162C00040084600400844001F0021B35000204B
S2140162D0084B094AD3F88831DB4303F4FE1343F431
S2140162E00053B3FA83F30E33A3EB4313013B13704E
S2140162F0704700BF00400E40EA21002002280CD063
S214016300062802D020B100207047054B1878704748
S214016310034B18780430C0B270470720704700BF9F
S214016320EA2100202DE9F7433A4E3B4F96F80090BC
S21401633015463A4AD2F8C820B9F1020F04468846F3
S21401634007EA02071AD147EA006788F80000002327
S21401635072882B60B2F5E16F94BFC8225A2227F4E7
S2140163607F57944227F008079ABF380A00F47F50F7
S21401637043F6C870384303B0BDE8F083284A127864
S214016380904228BF144604EB83030B70F4B1013C22
S214016390E4B24FF030632B606A4601A920460BF049
S2140163A048FFDDE9002347EA03671E4B98F8001013
S2140163B01B7847EA823747F47F5747F008073BB90F
S2140163C00029194B18BF4FF07F43C1E7164BE2E790
S2140163D0164B1748B9F1060F08BF03462AB900291C
S2140163E0114B18BF4FF07F43B2E7B2FA82F2C2F107
S2140163F01F02D2B29B5CDBB239B15A1ED2B2FD2A61
S21401640005D81B0643F00403A2E7074BA0E74FF0AD
S2140164107F439DE7CC2100203F00C0E0001F002104
S214016420EA210020B45000200400000BB883E00FDE
S214016430B083E00F2DE9F3410446C820FFF7F6FECE
S2140164402B4B2C4E18780E2801D0FF2C05D1FF249B
S2140164503470204602B0BDE8F08102282DD1072C09
S214016460204628BF072001284FF0000301AA0DF19E
S214016470030138BF0120FFF755FF05461E4B1F4F8E
S214016480DDF80480C3F85881C7F8C8509DF803406A
S21401649034702046FFF7CAFE194A4FEA082303F470
S2140164A0E063127843EA1863A7F8D030002AD0D107
S2140164B0C7F8CC50A7F8D230CBE7A0B9052C32BF2D
S2140164C0002701270420201A3B4601AA0DF10301EB
S2140164D0C0B2FFF727FF4FF48003054637B1094ADC
S2140164E0C2F80831CAE700273846ECE7064AF7E75C
S2140164F0CC210020EC21002000400840001F002194
S214016500B3500020004008460040084408B501F09A
S214016510E1FA094B094A002818BF1A46136823F402
S2140165207F115B0803F4FE130B431360044B4FF01B
S2140165300072DA6108BD00BF0041084018410840FA
S2140165400040084008B501F0C5FA064B4FF40012AA
S21401655028B1C3F800214FF000621A6208BDC3F8E3
S2140165601821F8E700400844014B1868704700BF3F
S214016570944D0020436C012B38BF01232DE9F047D1
S2140165809A46464B464F9B69464E474D03F4E07389
S214016590A3F5C072804645485142514102685245B2
S2140165A0434A0FD114788C420CD198F8D0C03C786D
S2140165B0A44507D198F815C03478A44502D1A88817
S2140165C0BDE8F087B3F5C07FC0F800A011704AD1CE
S2140165D0D8F8944024B12368082B58D994F8384049
S2140165E00F2120460BF007FEBAFA8AF3002852D094
S2140165F0B0FA80F29B1A002BC6BFD840C3F10F0930
S2140166004FF00F09504501D909F1FF39234B2004FA
S214016610C3F8BC0003F1806340F6FF72C3F8B820EC
S21401662003F100734FEA0921C3F8B8100BF014FE0A
S214016630A88000F08DFE09F01F094FF4FA7304FAE2
S21401664009F45C4341F66A03B0FBF3F00A23B4FB9A
S214016650F0F45C43174B1C6098F8D0303B7098F808
S21401666015303370ABE798F8D030062B06D1124BB5
S2140166701B78002B0CBF9624C824B1E7022B08D048
S2140166800D4B1B78002B0CBFB424F024A8E7002484
S214016690A6E73224A4E74FF00F09B7E700600840E9
S2140166A0E9210020E8210020CC210020182100202B
S2140166B0B6500020944D0020B4500020FF290DD084
S2140166C00F4B1048C3F850010B04090501F0F8718F
S2140166D003F4E0230B430C49C1F85031FF2A0DD0D7
S2140166E0074B40F2F711C3F85011130103F4F87386
S2140166F002F007021343044AC2F8503100207047E3
S214016700004008440000F70100400846F8B5134B66
S214016710134E1F68134D384601F0C8F93378C4B2DA
S214016720A34201D12B78A3B1092C14D80E4B012C0E
S214016730195D05D10D4B1B78022B01D141F04001AB
S21401674001F00F0238460909FFF7B8FF002334703D
S2140167502B700020F8BD0024FA21F1E7404D0020FF
S214016760B2500020B15000205C590200CC2100201C
S21401677038B5044600F094FD142200212E480CF092
S21401678092F92E4B25781A782D49521B18BF0122F3
S2140167900A7022681A60C820A2889A80FFF746FD10
S2140167A0284BD3F8C820284BFF211970274B2849BE
S2140167B0062D03EA0203274A1AD14FF4EE40C2F827
S2140167C024014FF48A42C1F82421012243F0804378
S2140167D0C1F820211B4AC2F8C8301E4B0322C3F859
S2140167E05821FFF793FF1C4B01221A70002038BD79
S2140167F0022D4FF007000ED1C2F80C010620C1F899
S2140168000C011649C2F808114FF4404143F0030346
S214016810C2F80411DEE7C2F80C010520C1F80C012C
S214016820C020C2F8080143F08043812243F00403EC
S214016830C1F80821CEE700BFC81F0021CC210020E7
S214016840B1500020001F0021EC2100202800C0A02C
S2140168500040084600400844B5500020C1004000F2
S214016860014B1870704700BFB45000202DE9F04767
S2140168702D4C2E4B236000F06BFD4FF4FA73074648
S2140168804FF47A76B0FBF6F629482A4A7343190E76
S2140168901B02181841F10001002305F0DBFAA0F5F0
S2140168A080730546A36220B966222B21FEF71CFBE6
S2140168B001254FF47A726A434FF0000A5346500896
S2140168C0310205F0C7FA1C4B19601C4BB7F57A7FED
S2140168D04FEA05688946044618604FEA152505D231
S2140168E076222B215046FEF7FFFA01264FF47A73E3
S2140168F0A8FB030103FB05117308C01841F1000151
S2140169000023324605F0A6FA0D4B023419600D4BF2
S21401691049F10009A408186044EA8974024B013C55
S2140169201C63BDE8F08700BF00500840021101005B
S21401693020A1070040420F00A44D0020A04D0020DA
S2140169409C4D0020984D0020044B4FF00052C3F898
S21401695080211A60024B01225A60704700E100E074
S21401696000500840074B4FF00052C3F88021C3F88F
S2140169708020BFF34F8FBFF36F8F034B04225A6003
S214016980704700BF00E100E00050084010B5044623
S214016990A242A2EB0000A3EB010104D2034B1B6B46
S2140169A001331844013901F0030110BD00500840BD
S2140169B038B502010A4B01259D500A4A4FF48073EF
S2140169C083405366044607F0BAFA074A1378A5408F
S2140169D023EA05031370BDE8384007F0B4BA00BFD8
S2140169E00051084400500840B75000202DE9F047F8
S2140169F01546044688461E4607F0A1FA022D00F009
S214016A00B880074607F0AAFA6C4B6D4AD3F818907F
S214016A1092F815A0DA6D5FFA8AFA520744BFD3F8E6
S214016A2018900AF1010A07F09FFA664B664A1B683E
S214016A3011684FEA8A7CA3FB093213F1004301FB7C
S214016A4009CCD8F800304CEB020C012D04BF013301
S214016A506344ACEB030C08BFC8F80030BCF1804FB0
S214016A600AF0030AC0F09880584AD2F800C0584A83
S214016A70D2F800E0514A23F04041106B4FF0004835
S214016A800022ECFB01820EFB012282424FEA937345
S214016A9081BF01330130121A03F00303A3EB0A038B
S214016AA0914588BF4549DFF848C184BF096B03F1AA
S214016AB0FF3303F003030CF80430A2EB0900A3B183
S214016AC0F10742BF434B41F61F71D966B30742BF78
S214016AD0404B4149D966710742BF384B00211967BF
S214016AE0330742BF354B00211965344B04F11001C1
S214016AF003EB041E0901CEF80C2111225A50374926
S214016B009A694FF0010EA2EB090A0EFA04F8D3F8BF
S214016B105C900A785FFA88F848EA020282450A70B1
S214016B2026D34FF48072A24019EA020F20D11CF836
S214016B30040000283FD10DB3F0071A6608D5254B8F
S214016B40274941F61F7240F20110DA66C866DA6616
S214016B50B10706D51F4B22491F4A2248DA66C86686
S214016B60DA66720742BF204B01229A60330719D4B6
S214016B70384607F0E8F90120BDE8F0871B482401F4
S214016B8040F804E05A6607F0DAF914490B7823EA6C
S214016B9008030B7007F0D7F9384607F0D4F9002040
S214016BA0BDE8F087212000F0B9FA044B4FF480329B
S214016BB05A603846DDE71A663846DAE7005008407C
S214016BC00C4E0020984D00209C4D0020A04D00202A
S214016BD0A44D00200050084400001F1FB75000209D
S214016BE000500846000001010040084000510844DA
S214016BF0B8500020024B1878003818BF01207047A3
S214016C00B75000201030034B0001185800F0010067
S214016C10704700BF005008401030044B01F460017B
S214016C20000141F003011950704700BF00500840B1
S214016C3038B507F093F9084B084A9D69547DDA6D1B
S214016C40520748BF9D69E4B248BF013407F08CF98A
S214016C50284604F0030138BD005008400C4E0020C1
S214016C6038B50B4B03EB001210300001D2F80C4183
S214016C701D58FFF7DDFFAB0706D5844200D9013961
S214016C80204601F0030138BD844238BF0131F7E7E1
S214016C900050084070B5184CE66B26BB202000F06B
S214016CA03DFA164B10251D6002F010FC144B802295
S214016CB0C3F8802101F002FD38B1324600200821D8
S214016CC002F08AFD0F4B65669D660F4A536803F016
S214016CD07063B3F1807FF9D9074B0C4ADA6641F24B
S214016CE001421A6770BD01F0E9FC0028F4D0054A9C
S214016CF0074B63669366EFE700500840004008467E
S214016D0000E100E00050084600400840011B011861
S214016D101000000208B5212000F000FA024B4FF4E3
S214016D2080325A6008BD00BF0050084008B52220D6
S214016D3000F0F4F9024B4FF480225A6008BD00BF00
S214016D4000500840064B1B68434303EB8171054B1B
S214016D501B68A3FB003013F1004341EB00007047B2
S214016D609C4D0020984D00200D4A10B5146820F067
S214016D70404301464FF000420020E4FB0320094A4D
S214016D80126802FB0300084B1B6B98424FEA917195
S214016D9004D901330131C01A01F0030110BD00BF4F
S214016DA0A04D0020A44D002000500840F8B506462E
S214016DB003F068FF044608B1FFF7D4FD084D094FFC
S214016DC000232B6130466B61AB617B75FFF7CCFF0F
S214016DD0C9B27975A8610CB1FFF7B6FD0020F8BD00
S214016DE0005008400C4E00202DE9F041224F064687
S214016DF0386820F4700040F4A00038609DF81C400C
S214016E001D1E9DF818304FEA042444EA036444EA40
S214016E10021408BF002144EA05440C43FC64D7F879
S214016E202C80B8F5803F40F2B5224FF018012CBFF8
S214016E3000200120FEF758F8C7F83880CDB10F4B77
S214016E40B468D3F88030412C38BF41245B0606D5A0
S214016E5000F014FB18B10A4BB3FBF0F31C442046B8
S214016E60FFF782FF01308045034B3ABF0022DA6309
S214016E70D863BDE8F08100BF0050084000700840AC
S214016E8000093D00F8B5184DAB691B04044626D52C
S214016E9000F0B0FBAB6913F0787FA0FB04464FEA25
S214016EA09367C3F34450C3F3044505D140F25E42F1
S214016EB02B21FEF719F80120AD01B5FBF0F010EB20
S214016EC0871005D140F263422B21FEF70DF8012011
S214016ED0024600232046314604F0BCFFF8BD00F010
S214016EE0CDFAA0FB0401F9E70070084030B50C4C60
S214016EF002460120A0F12003C0F1200524FA05F581
S214016F0004FA03F32B4304FA00F595428B4100D3B0
S214016F1030BD0F2801D00130ECE7FF20F8E700BFB5
S214016F2040420F0010B50C46FFF7ACFFC30943EA19
S214016F304163C01A61EBD111FFF7D8FFFF2814D0C7
S214016F400C4B0F22C3F8802003F1007340F01000B1
S214016F50C3F8800003F17A439B69DBB2802B06D02D
S214016F602046BDE8104000F031BB012010BD0220D4
S214016F70FCE700BF007008443B4B082270B50121B6
S214016F800546C3F8C8203948394CEFF731F9394B73
S214016F901D702378013B012B0CD8237CE07B01225A
S214016FA09A400C21302313FB001303F1884303F5A9
S214016FB020431A60304B00225A677DB92F4A4FF69C
S214016FC0FF71D16702F10072F821D1675D672C4B22
S214016FD04FF08042C3F89420002070BD636853B31D
S214016FE000F0B6F9626800EB5203B3FBF2F3013B23
S214016FF01B0243F0F80326782049224A022E1CD0B1
S214017000032E1D484FF6FF7521D0012E27D143F0E0
S2140170100203CD67D36707234367237CE07B012206
S2140170209A400C21302313FB001303F18C4303F524
S21401703020431A6011E0F823DDE743F001034FF621
S214017040FF70C867D3670C4B05225A67E5E743F024
S2140170500503CD67D367012343670B4BB8E7CD67BD
S214017060D3670023F8E700BF00400E4600350A004C
S214017070A84D0020BD500020000008400000084434
S214017080004008440000084600400846F8B5064699
S21401709004460FCE1C4F3D460FC533682B601B4B75
S2140170A01B480822C3F8C8200121EFF7A1F8194AA6
S2140170B000235367A37BE17A1B0443EA0123217A69
S2140170C00B4393673B78032B1BD8DFE803F01402CE
S2140170D0080E617B207B00230422F0F725FB217C30
S2140170E0E07B00230422F0F71FFBA17A607A0123DC
S2140170F00422F0F719FB084B1878BDE8F840FFF7B3
S2140171003BBF0120F8BD00BFA84D002000400E4641
S21401711000350A0000000840BD500020044BD3F89B
S2140171209430002BBCBF034BC3F88000704700BFF0
S214017130004008400000084008B5064B06491A689A
S2140171404FF0045092000BF0E7FBBDE8084000F05A
S214017150BDBF00BFA0590200A459020070B50C685B
S214017160651C15D0C4F302669E42C4F3074530D1B0
S214017170A4B294422DD804EB8506B24229D2141B40
S214017180A50824F003040E59340F04D0012C09D0AD
S2140171900022012303E06B1C51F823200023026028
S2140171A0037170BD0D4C34F8133042EA03431A687C
S2140171B06B1C51F8234001EB830122404B685E4073
S2140171C036F07044EAD11B0F032B04BF8B681A43B9
S2140171D0E4E7013501EB8501C1E700BF6E59020006
S2140171E007B501A8F0F7CCFD134B144AC3F84421A8
S2140171F048F2E672C3F838214FF40862C3F8342126
S2140172000F4AC3F8A0200F4A4AF63F41916002F5A3
S21401721080424FF0C07191620022C3F8FC200A4AF6
S214017220C3F89C20094B7F225A6203F10073232284
S2140172305A6203B05DF804FB00400840C0E65351B3
S2140172407A27000F00300840806D63030030084441
S2140172500F4B002210B5C3F88820C3F88C20C3F862
S21401726090200C4A0121D1605A6812F0706FFBD150
S2140172704FF00452DA67012402F5FD52C3F880404C
S2140172801A66054B1B689847044BDC6010BD00BFAF
S21401729000400840004008461C21002000400844E9
S2140172A0034BFD22C3F8C8200122C3F8CC20704747
S2140172B000400E4638B5FFF7F3FF1B4B1B481C4C2E
S2140172C01C490222C3F8C8201B4B1A6842B102EAC5
S2140172D00005A54204BF5D68156008338B42F4D1F2
S2140172E0164B0222C3F8C820154B164AD3F83C1198
S2140172F01160154AC3F8942000F08AFCFFF770FF6E
S214017300124B0322C3F8D820A3F500530122C3F879
S21401731094204FF46072DA604FF04072C3F8F820A0
S214017320C3F8102138BD00BF00400E460000FFFF25
S21401733000000840B081E00F0080E00F00400E44DE
S21401734000400840202100200048F0000060084668
S21401735008B5EDF733FF044BD3F81031C3F3082318
S2140173600133B0FBF3F008BD00400E4070B5044693
S21401737018B1284D2268531C00D170BDC2F30063BA
S214017380110C35F8130011F0FE0F93B243EA0043D7
S214017390606818D00434CAB2022A216808D9D4E930
S2140173A00160033AC3E9001698600C340C33F3E726
S2140173B004D16268C3E900120834DBE7012AD9D197
S2140173C004341960D6E7120F072AF5D8DFE802F071
S2140173D00704090D1013181DC04303F180631860DC
S2140173E0EAE71A6842401A60E6E703F1C063F6E787
S2140173F00AF060FFE0E70122824003F1C063F2E792
S2140174000122824003F18063EDE71A6830EA020246
S214017410FBD1D1E76E590200024B0122C3F894203A
S214017420704700BF00400846024B0122C3F8942073
S214017430704700BF00400844024B4022C3F8942026
S214017440704700BF00400844024B4022C3F8942016
S214017450704700BF00400846064B5B68C3F30363F2
S214017460984206D1044A936B23F0F00343EA0111D4
S2140174709163704700400840001F00211F4B1B68A6
S214017480D3F8943070B52BB11A680A2A02D91C6C4D
S214017490204670BD1A4DAA6D6B6DC2F34544C2F30A
S2140174A0CD010134C3F3441601FB0444C3F3822126
S2140174B003F01F0306FB01335C4302F00702114B86
S2140174C09B5C5C43640004D0FFF742FF7043B0FB53
S2140174D0F4F4D5F8E430190505D513F0FF021CBF06
S2140174E0E401B4FBF2F41A01D2D5C3F30A43002B2C
S2140174F0CED0A402B4FBF3F4CAE700BF404D00208F
S21401750000600840665902002DE9F0470E460AF071
S214017510BBFEDFF8B090DFF8B0A08046002506F08D
S2140175200EFDD9F80430C3F30363012B07460BD1D4
S214017530711C1AD00AF0A8FEA0EB0805384606F022
S21401754002FDAE42EBD80DE0052BF1D00B2BEFD0B0
S214017550023B012B0CD9013602D00AF095FE3846C3
S21401756006F0F1FC1648BDE8F08706F0ECFCD6E71D
S214017570DAF808301A04C3F389140FD4013602D09E
S2140175800AF082FE384606F0DEFC24B2A4F1C800FA
S2140175906FF4FF739842B8BF1846E4E7731C03D034
S2140175A00AF072FEA0EB08056FEA84546FEA945461
S2140175B0384606F0C8FC14F5007FC2D0E6E700BFE7
S2140175C000FEFFFF004008400070084010F1800FE9
S2140175D004D04D28DABF323040B27F20044BFF2260
S2140175E09A6103F10073C0B298610020704700BF32
S2140175F0007008440B4B0C499A6D70B502F00702F7
S2140176009E6D8C5C9D6DFFF7A3FEC6F3CD0606FB53
S2140176100444C5F3454505FB04448001B0FBF4F082
S21401762070BD00BF0060084066590200084910B5E9
S214017630D1F8703140B11C464A68D1F870319C428D
S214017640F9D1C2F30362027003F00F0010BD00BF50
S21401765000400840094BD3F8883001F0800103F45C
S21401766080030B4309D1064B4FF400129A61837FC6
S2140176701BB1044B0122C3F8F820704700400840B4
S2140176800060084400600846144B197829BB144A68
S21401769090695860D2F880009860D26DDA60114A1D
S2140176A050681861506B5861D2F8A0009861D2F802
S2140176B0A400D861906A1862D06A5862126B9A6206
S2140176C0094AD2F8B820DA6201221A70074B084A32
S2140176D0D3F8BC0E1060C3F8BC1E7047C04D002026
S2140176E000600840000008400040084000100021EB
S2140176F0BC4D0020184B1A78002A2CD0174A59681E
S21401770091619968C2F88010D968D165A2F5C04226
S21401771019695160596951639969C2F8A010D9690C
S214017720C2F8A410196A9162596AD162996A116302
S21401773002F58042D96AC2F8B810094A01211164DB
S21401774002F100721021D16700221A70054B1A68E7
S214017750054BC3F8BC2E7047C04D002000600840A2
S21401776000000844BC4D00200010002120B9144B35
S2140177704FF47002C3F8B820124A936903F4E0711B
S214017780C02913D003F0C003802B15D10E4B0F4A2E
S214017790DA6503F17E433022DA650D4B05225A6025
S2140177A00C4A012313640C4A9360704723F4E07378
S2140177B043F080039361E9E70023C2F88030E5E7F0
S2140177C00040084400600840006008460F00FFFFC4
S2140177D0000008400000084600400840012801D08B
S2140177E0042823D1154BD3F8A02022F48042C3F8F5
S2140177F0A020D3F8A42022F48042C3F8A4200122BA
S2140178005A6324229A624FF48072DA624FF49C72B1
S2140178101A6303F180631022DA67084B05225A6067
S214017820074A01231364074A93607047064B3F22B9
S214017830DA6503F10073054ADA65EEE700000840F1
S2140178400000084600400840006008441200FFFFA0
S21401785010B506F074FB084B1B6804463BB198470D
S21401786028B1002200204FF4806100F061FD20461F
S214017870BDE8104006F067BBF04D00202DE9F04151
S2140178801F4CDFF89080069F0646A2FB03502C197A
S21401789060F1000E9C46A0454FF0000373EB0E0E00
S2140178A007D24FF4B4720E211846FDF71DFB0220D5
S2140178B01BE00029FBD0C6F3130601EB5C04B4FB06
S2140178C0FCF4A4FB0646E40C44EA46340D4E346050
S2140178D00D4C22600D4A914209D10D4AA5FB025377
S2140178E002FB00339B093B600020BDE8F081C40425
S2140178F00A46E80444EA553104F0ACFA3860F3E786
S21401790000C9E876F44D0020F84D002000F0490249
S2140179100A3BB2DF0046C32338B5164D2B780C461A
S21401792023B9154B1B6D03F03F032B70134BD3F894
S21401793094305B051CD5124BB0FBF3F040F24D536F
S2140179404343A3F546430C3B584300F5C91000F5E5
S214017950556028B940F21B322B21FDF7C5FA0120EC
S2140179602B78084A5343B3FBF0F30020236038BD5D
S2140179700220FCE7C15000200030084000400840CB
S21401798000366E018096980070B5374C374B256BE4
S214017990374C1B682468ED024CBF1B191B1BB3F147
S2140179A0804F04D8002B3AD1324E1C460AE0B3FA77
S2140179B083F4314EC4F10204E340304DAB4201D9A9
S2140179C001345B0803EB5605B5FBF6F52C4EB342C6
S2140179D034BF002601262403013D44EA86242C43B5
S2140179E00C60D8B1B3FBF0F1642400FB11336343A0
S2140179F0984288BF01F1FF3148080138013907284C
S214017A00204D214C4FEA510311D90021297006213E
S214017A10C4F894101B0243EA0013136070BDB3FA56
S214017A2083F4D4F10204134EC6D50024C5E7102909
S214017A30EBD068B1012129700621C4F894101349CE
S214017A4009780029E6D012490224C1F89440E1E7FA
S214017A50012914BF0121002129704FF00601C4F845
S214017A609410ECD1D6E700BF00300840F84D002056
S214017A70F44D0020E0673500C0CF6A003FBE4025C8
S214017A80401B5F13BE50002000400844BF5000203A
S214017A9000400846014B1868704700BFF84D0020AB
S214017AA0014B1868704700BFF44D0020084B5B6B14
S214017AB003F00700C3F3C20213F0380F18BF504398
S214017AC0C3F3821213F4E07F18BF5043704700BF20
S214017AD000300840034BD3F8380180F01000C0F3A3
S214017AE00010704700400840174B4FF4002210B5B5
S214017AF0C3F89420154C164BB0F1804F88BF1C4636
S214017B00144BDA6CD2071DD51B6F134A04F5F42407
S214017B1004F59074B4FBF2F4033CE4B203F00703FB
S214017B20A34202D02046EFF709FD0C4B1B784BB160
S214017B300B4B4FF47022C3F8942003F10073240416
S214017B40C3F8944010BD00BF00400846E06735000A
S214017B50C0CF6A0000300E4040420F00C0500020E7
S214017B60004008447FB50446EDF766FB1C4B06460D
S214017B702C3358680093A37922683146FFF77EFEBE
S214017B80054648BBA379012B14BF16491649102296
S214017B90C1F83821206815495843FFF7BDFE03AAEE
S214017BA002A93046FFF7F0FE0F4A43F6FF53C2F82C
S214017BB0A4300C4B0299C3F8A4104FF4EE61116384
S214017BC0039A1A632068FFF78FFF094BA2881A628F
S214017BD003F5405300229A63284604B070BD00BFE7
S214017BE00030084000400846004008445030084035
S214017BF00000084008B5044B01221A70034B1868B0
S214017C00FFF772FF002008BDC0500020F84D00208D
S214017C10024B4FF48062C3F8942070470040084638
S214017C200D4BD3F80421D3F8B030D2B2FF2A03D0DB
S214017C3043F30743591C01D190221923074903EB4B
S214017C40D37302EB6302022381F84630232381F8C3
S214017C50472081F8453070470081E00F001F002162
S214017C60044A5368C3F30363022B04BF8023936063
S214017C70002070470040084040B10368012B05D939
S214017C800069034B002808BF184670470048704734
S214017C907459020038B5054614480C46FFF764F8D7
S214017CA02DB1C30103EB5503B3FBF5F32360104A73
S214017CB05368D80217D40F4B1B68D2F8A810C3F329
S214017CC0810311F4806203F10103C9B218BFDA001F
S214017CD0FF2906D00649D1F8AC10490501D502EBBB
S214017CE0C302626038BD0022FBE700BF40420F00BE
S214017CF00000084000200840084B1A68C117A2FB84
S214017D00000310F1807002FB013343F10003400EC3
S214017D1040EAC310803820EAE0707047004E002029
S214017D20174B072270B5C3F88420FFF711FB154BDC
S214017D30154A164EC408010B0546E005C01841F168
S214017D400001002304F086F8114B18604EF66020FF
S214017D50FFF7D2FF4042C6F89C000E48FFF704F832
S214017D60024658B1E301500818184FEA15714FF052
S214017D70000341F1000104F06DF8706770BD00BFAB
S214017D8000400840B2E60E0065CD1D00001F002130
S214017D90004E002040420F002DE9F84305460846F4
S214017DA09846FFF769FF16460746002D00F0A980A2
S214017DB018F0050F5DD02C69002C00F0A480FEF7AA
S214017DC0D3FB4FF47A735C43201A7B68A0F6AC5061
S214017DD0C01AFFF791FFAC8B3062002C00F0968042
S214017DE0FEF7C2FB4FF47A735C43201A7B68A0F659
S214017DF0AC50C01AFFF780FF70614A4BEC68D3F8AD
S214017E000090002C00F08580FEF7AEFB4FF47A73ED
S214017E105C43241A7B68A4F6AC54E41A3B68E41A63
S214017E20414B1A68E117A2FB044314F1807402FB6C
S214017E30013343F10003640E44EAC314803C3B4B18
S214017E40B4613B4CD3F88430F36123684BB14846A8
S214017E500AF0A7FC28B12368D9F84800324639460B
S214017E609847AC69FEF780FB014620460AF081FA86
S214017E70F06218F0020F29D06B684FF47A705843FD
S214017E805BB13B6803F51C5310331844AB7F002BE2
S214017E9046F2A81308BF00231844FFF72DFF6B69AD
S214017EA0B062002B38D078684FF47A7202FB030078
S214017EB0AB7FA0F50350002BA0F1100046F2A813EB
S214017EC008BF0023C01AFFF717FF706218F0040FEF
S214017ED017D0A86818B34FF47A735843A0F5035027
S214017EE01038FFF709FFF0602B684FF47A7058439B
S214017EF023B13B6803F51C5310331844FFF7FCFE0F
S214017F003061BDE8F8834CF2503062E74CF25030F5
S214017F1070E74CF2503483E747F23050D3E747F22C
S214017F203050DEE7404D0020004E0020001F0021AB
S214017F30FC4D002010B508461C460AF0ACF9094B6A
S214017F400246D3F8F800FFF797FE0368A018002B47
S214017F50054AA8BF4FF4FA721A44044B92FBF3F297
S214017F60104410BD001F00210CFEFFFF18FCFFFF90
S214017F70094B10B50246D3F8F800FFF77DFE04461C
S214017F8010460AF088F963684FF47A7203F5FA73BB
S214017F9093FBF2F3184410BD001F00212DE9F04FAA
S214017FA0384C0A4685B00D46002181460AF07BFD15
S214017FB0D4F8C83043F06C029A4204D00025284613
S214017FC005B0BDE8F08F304BDB68D907F6D4FCF777
S214017FD097FD0028F2D0D4F81061C6F30826002ECB
S214017FE0ECD12A4C2A4BD3F81880D4F8843001936C
S214017FF0284B4FF060529A6103F100734FF0006214
S2140180009A612423C4F88430234B04221A604FF467
S214018010804A4FF48053C4F868A0B3466362AB4508
S21401802012D31E4B04221A60184A019BC2F88430F0
S214018030184B4FF06051996108EA010318498B61AA
S2140180404FF480439366BAE7226E5204FCD5226849
S214018050D305F9D5C4F868A00136D4F88820039270
S214018060012EDCD9A5EB0B07042FA8BF04273A463F
S21401807009EB0B0003A95F440AF04EFC1FFA87FBCD
S214018080CDE700BF00400E40004008400000084019
S214018090006008400060084400400846004008446C
S2140180A000600846074BD3F8D8304FF604014FF668
S2140180B005029BB28B4208BF1346034A0120936513
S2140180C0704700BF0081E00F0050084070B5194CA2
S2140180D00FCC86B001AD0FC5C822236816482B60A9
S2140180E000210AF0E0FC7C22002114480AF0DBFCA7
S2140180F0134B144AC3F8F020FFF792FD124B1B787E
S2140181002BB101AD0FCD0B4E0FC62B6823600F4B65
S2140181100F4AC3F8DC2F0F4AC3F8E02F0E4AC3F804
S214018120E42F02F1957202F27112C3F8E82F06B03D
S21401813070BD00BFC81F0021381F0021BC1E0021D2
S214018140001F00213F003700B5500020001000211D
S2140181500200620209C805780708DC060A4B19788E
S21401816001F0FF0229B10021197008499202C1F8F5
S214018170A020597801F0FF0229B10021597093021D
S214018180024AC2F8A4307047C250002000000846D8
S214018190074BD3F8E40E074BD3F88C301A0103D4FF
S2140181A0054B1B6E1B0401D500F58070704700BFA0
S2140181B000100021004008400000084008B505F006
S2140181C0BEFE0F4B1A78B2B90E4A126812F4843FFB
S2140181D011D10D4A1021C2F894101B786BB9094BC6
S2140181E01B68DB0509D4084B2022C3F89420BDE8A0
S2140181F0084005F0A8BE054AECE7044BF4E700BFCB
S214018200C65000203824002000400844004008469C
S21401821010B505F094FE0E2104460320FFF71CF965
S214018220044B40F2012220465A62BDE8104005F098
S2140182308ABE00BF00000840044B00221A70044B9F
S214018240197811B11A70FFF7B9BF7047C5500020F1
S214018250C650002008B505F072FE244B4FF0805240
S214018260C3F88020BFF34F8FBFF36F8F4FF4807238
S214018270C3F88020BFF34F8FBFF36F8F0222C3F87E
S2140182808020BFF34F8FBFF36F8F1022C3F880207B
S214018290BFF34F8FBFF36F8F2022C3F88020BFF349
S2140182A04F8FBFF36F8F4FF00052C3F88020BFF39C
S2140182B04F8FBFF36F8F8022C3F88020BFF34F8F9D
S2140182C0BFF36F8F4022C3F88020BFF34F8FBFF3F9
S2140182D06F8F4FF00042C3F88020BFF34F8FBFF37C
S2140182E06F8FBDE8084005F02EBE00BF00E100E03C
S2140182F008B505F024FE0D4B4FF080521A604FF47E
S21401830080721A6002221A60002283F8012310226A
S2140183101A6020221A604FF000521A6080221A60FA
S21401832040221A60BDE8084005F00DBE00E100E0FD
S21401833070B5084C01232370074B1E68074BD3E921
S214018340005332401940284001F046FA00232370BA
S21401835070BD00BFC4500020084E00203824002005
S2140183602DE9F047DDF820A003EA0108099B06463F
S2140183700D4602EA000703EA0A09BAF1000F40F0C7
S2140183804981031F0B4300F00F81052871F100039B
S21401839080F0E38050EA010300F05C81431E0B434A
S2140183A000F01D81FFF756FFAB4AD2E9004323EAEE
S2140183B0050324EA06043C4343EA0807A74BA84DF5
S2140183C01E68DFF8EC8226EA0A0646EA09061E60FF
S2140183D0C2E90047FFF7F2FE14F02A4F14BF48F235
S2140183E002034FF40043B0079E48C26E48BF43F4F1
S2140183F0005383EA020122EA0302EA669A4A816688
S2140184000B40D366C4F380421203210348BF42F4F3
S2140184108072E30648BF42F40052A50648BF42F404
S214018420007260069148924DD0F80C3248BF42F473
S2140184308062210648BF42F4006282EA030123EA11
S2140184400203C5F80C328B4BC0F808120A40C7F37A
S2140184504025AD04C3F80C22E20448BF45F480353C
S214018460A30348BF45F48015A00748BF45F400158F
S21401847014F4001F06D0D8F800000AF0FDF908B978
S21401848045F40025E1027C497C4848BF45F40035A7
S214018490FA0648BF45F480050A6A730748BF45F0E7
S2140184A0040585EA020323F001031A4002621D4017
S2140184B0CB61734B73481D62734B744A16F0010F00
S2140184C018BF1A46836E7D0748BF42F40012704DEE
S2140184D082EA030123EA0203AB666E4B41660A4059
S2140184E000F500509A66C16B04F0010305F50055CE
S2140184F081EA030221EA0301E96382631A40664BBB
S214018500DA63D8F80020200248BF644B92F8E920CD
S21401851058BF634B610748BF43F4806322B114F42C
S214018520C06F18BF43F480735E485F4CD0F8EC1000
S214018530320748BF43F0004383EA010222F4A02237
S2140185401140C4F8EC101340C0F8E820574ABDE8C3
S214018550F047C2F8EC30FFF7CBBEA0F580630B43C3
S21401856006D020F48063A3F500730B437FF41AAFA3
S21401857005F0E5FC3849D1E9003223EA060322EA90
S214018580050242EA08023B43C1E90032484A126842
S21401859092F8E9200AB313F4C06F1ED0434B4FF490
S2140185A08072C3F8EC2014E005F0C9FC2A4AD2E92F
S2140185B0003123F004033B4341EA080157EA080768
S2140185C0C2E9003114BF394A374A4FF48063C2F812
S2140185D0EC30BDE8F04705F0B6BC334BDFE705F0FD
S2140185E0AEFC1D4AD2E9003123F001033B4341EAC8
S2140185F00801C2E900312F4A57EA08074FF0010384
S21401860015BF93632C4902F1C062CB6314BFD363D9
S2140186109363DEE750EA01037FF4C4AEBAF1010FBB
S2140186207FF4C0AE05F08BFC0C4A136823F00103FF
S21401863043EA09031360134A4FF48063B9F1000F4C
S21401864004D0536602F1C0629366C2E710498B6696
S2140186505366BEE7BDE8F08738240020084E0020A8
S214018660000008440000084000000846006008407A
S2140186700060084400600846004008400040084486
S2140186800040084600500840041C500004185000E2
S2140186900050084400500846007008460D0A0A09B2
S2140186A0090A0A090010084000100844001008468C
S2140186B0404D00200070084000700844024B586886
S2140186C0C0F3C000704700BF38240020024B186872
S2140186D000F00100704700BF38240020024B5868A4
S2140186E0C0F3C030704700BF38240020034B1B681E
S2140186F013F4C06F14BF01200020704738240020F7
S21401870010B50446FEF7D6FDFFF7A4FD04F14C00B4
S214018710FCF758FFFEF79CFDFEF7A8F8FEF714F9E4
S214018720FFF7FEFA1049114AD1F8F810072304F1B1
S214018730A400FFF731FB4FF440010020FEF76CFA6E
S2140187404FF400110120FEF767FAFFF7ABFC20B9E2
S21401875040F2E7221421FCF7C7FBFFF74BFABDE80E
S21401876010400120FEF708BC001F00216C1F0021ED
S214018770084B8022C3F8882003F17E430822C3F801
S2140187808820054AD2F8BC3E23F02003C2F8BC3E3E
S214018790704700BF004008460010002108B505F0EC
S2140187A0CEFBFFF7E5FF034B01229A60BDE80840C8
S2140187B005F0C9BB00400840F0B583B00646144634
S2140187C002F060FA002800F09B80514BDD6815F03E
S2140187D0060540F0958005F0B2FB23790095022B43
S2140187E007463ED1237B022B35D00320FEF70AFA3B
S2140187F018B9484B5B685B047FD5A37B257B46494C
S214018800A2680192003B18BF0123012D0B705DD0B9
S214018810424A434C002313702278002A61D13C4E11
S2140188200420FEF7C5F8F36E23F0F85323F4F8138B
S21401883043F0506343F48033F3662A46022301A9CA
S2140188400420FEF7D3F8002852D0364B01213022FF
S2140188502170C3F89420384605F075FB002003B05C
S214018860F0BD0320FEF7CEF9002846D12279D6F8CE
S214018870AC30012A226838D0D51A254B2A4A0095F1
S214018880DA6600221A67627B284B002A0CBF012297
S21401889000221A70264B264AD3F8BC3E0CBF43F082
S2140188A0200323F02003C2F8BC3E0320FEF780F825
S2140188B0174B204ADA662279012369460320FEF720
S2140188C095F8F8B11C4B01221A708BE72379022B1D
S2140188D09ED0009BD6F8AC100B44134400250193A0
S2140188E096E72370FFF76AFC99E79A42C5D3C3E778
S2140188F00320FEF75DF80C4BF366384605F023FBC4
S2140189000320ACE7384605F01EFB0120A7E700BFB1
S2140189100050084000400840C8500020C5500020C4
S214018920C65000200040084600000101C750002044
S21401893000100021010C0100C9500020F8B5194CA7
S21401894005462078B0FA80F040F206423E21400902
S214018950FCF7CAFA55B96078B0FA80F0BDE8F8407D
S21401896040F206423E214009FCF7BEBA0E4F0F4DBB
S214018970D7F8A0304FF44066C3F381232370C5F8BF
S214018980A0606078B0FA80F040F206423E214009CD
S214018990FCF7AAFAD7F8A430C3F381236370C5F8AD
S2140189A0A460F8BDC2500020000008400000084442
S2140189B0F8B50B4C0B4DD4F888300B4F0423C5F893
S2140189C08830D4F888305B0300D4F8BD0426C7F895
S2140189D08860022009F06EFCC5F88860F1E700BFE8
S2140189E00040084000400846004008441C4B70B553
S2140189F0D3F888601B4D03F18063A822C3F8882052
S214018A0010221A60184A194B93666B66FFF7A6FB8D
S214018A10174B1B7813B90320FDF7CAFF00242C67F8
S214018A20FFF7C6FF134A144BD2F8E41E0B40C2F8F8
S214018A30E43E124B0422C3F88820114BB206C3F859
S214018A40C44008D503F580739B6CB3F5817F22BFC4
S214018A50034B80229A60BDE8704001F02FBF00BF33
S214018A600040084000500840005008441000000232
S214018A70C950002000100021DF0000FF004008441C
S214018A80001E002110B549B918B3144A53681B0ECD
S214018A9013F00E0F1DD113689A061AD4FFF7B8FB10
S214018AA00E4C0020FEF7C2FD032801D0092806D18E
S214018AB0D4F88C30DB03F4D4636F0C2BF1D9FFF7B9
S214018AC077FF074B0122DA6003F17E430422C3F8E5
S214018AD08820044B4FF4C0625A6210BD0040084023
S214018AE0004008460060084408B503210920FEF747
S214018AF0B3FC024B20229A6008BD00BF004008402C
S214018B0038B5054605F01BFA0446FCF717FD35B1E6
S214018B10FFF792FB2046BDE8384005F014BA084B33
S214018B201B78002BF6D0074B1D78002DF2D1FFF7EE
S214018B3083FB2A464FF480400021FFF7F9FBE9E763
S214018B40C5500020C45000202DE9F84F564B06466C
S214018B50D3F888300D461446002A40F0A28013F060
S214018B60A00F14BF4FF001094FF00009DFF8548140
S214018B704E4F01F0A3FEA023C8F888300320FDF76E
S214018B8017FF0420FDF714FF4FF0000AFFF754FB10
S214018B90474BFB66C7F870A0FFF70AFF454BD3F8B3
S214018BA0BC2E42F02002C3F8BC2EFF22C8F80020DB
S214018BB03D4A4FF480719160D3F8E42E3E494FF060
S214018BC0040B1140C3F8E41EC8F888B0C3F8C4AE5D
S214018BD0FB6813F0060F04D0FEF7A8F85846FDF719
S214018BE0E7FEB9F1000F08D0344B4FF40062C3F82A
S214018BF08820334B4FF400425A6666B1304B5B6CAB
S214018C00180701D4FFF704FBFFF76EFF0420FDF7FA
S214018C10CFFEFFF7A3FA244BDA68D1073FD55A688F
S214018C2012F0706FFBD1274B274AC3F88820274ADA
S214018C30936B23F0F003936315B12046FFF760FFB3
S214018C40234BD3F8B4305A1C01D05B0002D51D4B20
S214018C500122DA601CB31A4BDA6E9A66124A136A5C
S214018C6023F00103D3611B4BD3F80C22C3F808226F
S214018C70A3F54053DA6F9A67A3F50053D3F8EC20B7
S214018C80C3F8E82003F5C043DA6B9A63A3F50053F3
S214018C90114A5A660B4B4FF60842C3F88820BDE8C6
S214018CA0F88F4FF0000961E7004008400050084087
S214018CB00000010100100021DF0000FF004008460F
S214018CC0000008400040084410003000001F00214A
S214018CD00081E00F006008405000F0029A4B196EC8
S214018CE0DA6E2DE9F04F01EA0209C3F8689003F540
S214018CF0805385B0D3F8E060D3F8EC201640C3F873
S214018D00E86003F5A043D3F80012D3F80C2201EA79
S214018D10020AC3F808A2A3F5005359691A6A01EAC0
S214018D2002088A4A08EA0202DA61894BD3F800226D
S214018D30910006D4D3F800319A00C3F3407740F18E
S214018D40E18005F0FCF8834BDA68DF6D12F0060F60
S214018D509A6E07EA020727F4800222F4006214BF23
S214018D604FF0010B4FF0000B5A667B0704D57A4A89
S214018D70537D0133DBB2537505F0E5F8B9F1000F09
S214018D8000F0DF8019F4004427D005F0D8F801463A
S214018D90FFF7FEF96F4D0446AA69AB699A42FCD00B
S214018DA0AA699342FCD0FFF7F3F9A04240F0AC80E9
S214018DB0084605F0C8F8694B1C60694BD3F8885023
S214018DC015F4E05240F0A28024F07F4424F0DF0442
S214018DD00CB9FFF70BFE4FF0807419F0020F4FF03D
S214018DE0000516D05E4B5F49D3F8883003F4604225
S214018DF0C1F88820002A00F09E801D0400F19E80A4
S214018E0013F4005F0CBF4FF000534FF000631C4398
S214018E100025C9F340394FEA4909534B3340002B2B
S214018E204AD016F4206F0AD040F60F020621002021
S214018E30FCF75AF80020FFF763FE26F48026F005BB
S214018E4006D5484BFF221A6044F4C064FFF7E0F9E8
S214018E5016F0090F0AD040F6240208210020FCF77C
S214018E6043F8FFF741FE414B01229A6216F0106F5C
S214018E700CD040F62D0209210020FCF735F8FFF74B
S214018E8033FE002211461046FCF730FB16F4202F65
S214018E900AD040F6350207210020FCF725F800200D
S214018EA0FFF72EFE26F48026F10301D5FCF76EFCB3
S214018EB0002EB8BF49F0080972070DD52B4B5B6A27
S214018EC013F4005F14BF2A4A2A4A4FF400531ABF0C
S214018ED0536244F400045362730548BF44F004042B
S214018EE016F4802600F0AA80FCF71AFC0138062842
S214018EF042D8DFE810F021012401210127012A01CF
S214018F002D012D01BB4639E7044645E70192FFF7DF
S214018F106DFD144B019AC3F8882015F4805307D1D0
S214018F2015F4806F0CBF4FF080544FF0806454E707
S214018F304FF0804451E74FF0007368E74FF000436D
S214018F4065E74C464D4668E7000008400000F7FF1D
S214018F5000E100E0005008400C4E0020044E0020C6
S214018F600040084000400844090B0B8900100840E7
S214018F70001008440010084640F66602032100204F
S214018F80FBF7B2FF7C4A136ED2F8800003F00703AA
S214018F900633012101FA03F3C0F30C001B1A9BB23E
S214018FA0072B13D9754BD3F8883058020ED4744862
S214018FB0136B126DC06C58B103F00703063399406A
S214018FC0C2F30C03C91A89B2072901D844F4007404
S214018FD06C4B1B78002B31D0674BD3F8E03013F481
S214018FE0A02F2BD1684B694A1B7893B9FB0410D488
S214018FF0137873B1E308664943EA457383F00103C6
S214019000D1F8E41E03F001035B0021FA03F398078D
S21401901014D10420FDF7CCFC5E4B5F49D966FFF7FF
S2140190200BF95A4A13782BB95C4B5D4A1B682340EF
S214019030134201D144F4804427F48057BAF1000F5B
S2140190401DD01AF4805F18BF44F480241AF4807F80
S21401905018BF44F400241AF4005F18BF44F010044B
S2140190601AF4007F18BF44F020041AF4806F18BF6A
S21401907044F040041AF4006F18BF44F08004B8F1BD
S214019080000F3BD018F4802F18BF45F4007518F474
S214019090803F18BF44F4805418F4801F18BF44F46E
S2140190A0003418F4001F18BF44F0020418F4003FFF
S2140190B018BF44F4801418F4800F18BF45F010054B
S2140190C018F4002F1AD0324BD3F8BC3E13F0C00F61
S2140190D014D02A4B5A68C2F30362032A01D0072A26
S2140190E007D1D3F88C20D10603D4D3F890201207E9
S2140190F031D54FF40022DA6128F40028002F00F061
S2140191000D81380540F18180264ADFF888A0D378A2
S214019110002B4DD0013B4FF40061DBB2CAF864105E
S214019120D37033B9204B1B78C3B1204B40F60142B4
S214019130DA660023002266E044F4803422E744F431
S21401914000641FE744F480641CE744F4807419E764
S21401915044F0080416E744F40014CFE7DAF8703058
S21401916013F4A05F15BF4FF4807340F60143CAF8AD
S2140191705030CAF87030DCE7001008400040084064
S21401918000000840C6500020C5500020C7500020EF
S2140191900010002100500840000001013824002082
S2140191A0088D0100B8500020C95000200050084624
S2140191B00320FDF7FDFBDAF80C30A848A84913F0A8
S2140191C0060F02BFA74B41F61F72DA664FF4006323
S2140191D0CAF86430DAF80C3013F0060308BFCAF890
S2140191E07030C38A13F4006260D023F40063C38234
S2140191F00B7803F0FF0A002B5CD1FDF797FDFFF714
S214019200F5FB534620221C431543B9010BD52E20EE
S214019210FDF784FF934A4FF00073936602F17C4298
S21401922045F008055366FA0608D52B20FDF776FFAC
S2140192308C4A1023936602F17C42536617F4E00FC2
S21401924005D1FB045ED5BBF1000F00F0AC80B8027F
S21401925010D52920FDF762FFFFF730FA40B18249A9
S214019260824A834B53668B6682494968490424D4F3
S21401927045F0040517F4800BDFF8F0A129D004208F
S214019280FDF796FB2720FDF749FFFFF7AFFB4FF4ED
S2140192908003CAF86430784BD3F8E42E50067CD4A9
S2140192A0764B02221A6045F0020528E00B784FF44F
S2140192B00053A8E74FF400433CE76A4920208B6639
S2140192C05366FDF72BFF2D2045F00C05FDF726FF15
S2140192D0D0E7FA024CD50420FDF76AFB2820FDF7FB
S2140192E01DFFDAF87030002B3FD1FFF77FFB5D4A98
S2140192F05F4B936602F17C4245F0010553665B4B7A
S21401930000221A657B0509D55D4A9378002B00F08B
S2140193109880013B9370002349EA03094A46204698
S2140193202946FFF705F80EB1FCF722FA18F4002FCC
S21401933000F08C804F4B4FF40022DA6118F0206F5A
S21401934000F0888018F0007F01D0FDF7DFF818F0F4
S214019350006F01D0FDF7F6F8002200204FF40061FF
S21401936005B0BDE8F04FFEF7E3BFCAF870B0BEE740
S214019370FB04C4D50420FDF71BFB424BCAF86C3036
S214019380FDF7D4FCDAF85C3013F4A00FB7D12A202D
S214019390FDF7C4FEFFF72AFB7DE7D3F8BC3E99062E
S2140193A081D4394B7DE7364A13794BB1013BDBB2A9
S2140193B0137113B92C4B354ADA6600231C43A1E717
S2140193C00420FDF7F5FA0320FDF7F2FA274B2D4AA4
S2140193D0DA6604F0B4FD82460DF10F00FEF726F9B9
S2140193E02B4B1B7883460BB1FEF712FFBBF1030F25
S2140193F00ED1DFF880B00020FEF718F9032807D158
S214019400DBF88C30DA03F6D4DBF874300C2BF2D9A7
S2140194109DF80F30032B06D11E4B012250461A70C1
S21401942004F091FDC9E71C4BD3F8E03013F4A02FEC
S214019430F2D1FEF701FF504604F085FD4FF480435C
S214019440BCE70220FDF7B4FA012365E7B8F1000F87
S2140194507FF474AF05B0BDE8F08F00BF0C4E00205E
S214019460C9500020005008440050084600500840EB
S214019470100000020040084000100021004008448F
S214019480B850002000000101004008460000010D10
S214019490C8500020C550002000100840014B024A69
S2140194A01A6070473021002041B20100014B1B6851
S2140194B0184700BF30210020034A0123136202F13E
S2140194C07C42D361704700BF004008440B4B10B587
S2140194D05C691A6A1440A2B2DA61E20704D55868D8
S2140194E0C0F30360FFF7E8FF630706D5BDE8104049
S2140194F0042200200021FEF71BBF10BD00400840DB
S2140195000C4A08B5136BD16B0B409363DB070FD581
S214019510094B187840F6AC22122100F00100FBF747
S214019520E3FCBDE80840002201200021FEF700BF51
S21401953008BD00BF0070084038240020044BDA6FD5
S214019540D207FCD41A6FD96F0A409A67704700BFDA
S2140195500030084070B50D46144604F0F0FC064B8A
S214019560D3F8BC6E74402C407440C3F8BC4E04F073
S214019570EAFC05EA060070BD00100021034BD3F893
S214019580BC3E99430CBF012000207047001000210B
S2140195902DE9F04117460A43012A9DF818409DF827
S2140195A01C60DDF820801D4629D8B44227D2082E3B
S2140195B025D8032B23D8B8F1000F20D00A46002166
S2140195C001F0E4F8EB00FF219940DFF838C0C94309
S2140195D008F1FF38FF00E2B2964202D80020BDE84B
S2140195E0F0813D190CEB850518F8010FD5F8EC2034
S2140195F098400A401043C5F8EC000134EBE701201F
S214019600EDE700BF001E00210A4A5368C3F3036357
S214019610032B01D0072B0AD1D2F88C30DB0606D4F7
S214019620D2F8900080F00800C0F3C0007047002018
S214019630704700BF0040084009490A4AD1F8EC00CB
S21401964010B504230124C2F8EC308C624FF40051AB
S2140196505162410744BF02F10072C2F8EC3010BDFE
S21401966000100840001008442DE9F7438E780F2EAD
S21401967080460C4603D9012003B0BDE8F08326B925
S21401968001232E4A00201370F6E70D7891F8019019
S214019690002D3BD1B9F1000FEDD194F90310E0880C
S2140196A0FDF740FC0128E6D055EA0903A088244FBF
S2140196B032D1FDF759FB23498A6D4FF6040583B273
S2140196C092B24FF60500AA4208BF02463A80082524
S2140196D0802201278F658A672A461A4903B1013B12
S2140196E0013ECB62F6B20023019300960123294680
S2140196F008F1A400FDF778FB1FB1134B4FF480125D
S214019700DA64124BA2681A600223BAE7082DB2D8AF
S214019710B9F1080FAFD8C0E7FDF726FB3A884FF638
S21401972004039A421EBF07498A653B80A9454A46FB
S21401973083B238BF2A460027CFE700BFCA500020B1
S214019740D22100200050084000500846284E002034
S2140197500C4BD0F8C42010B5C3F8C020027C0446D8
S214019760120202F400624FF40061FFF7F3FE237C5D
S21401977013F0080F14BF044A044A4FF40073C2F8EA
S214019780883010BD001E00210040084600400844F5
S214019790431C07D0044B6FF0FF029A6103F100737C
S2140197A010409861704700BF0070084400F018032D
S2140197B0182B0AD003070AD410F0100040F2011348
S2140197C018BF1846034BD86470470020FAE70120FB
S2140197D0F8E700BF001F0021344B2DE9F7431E6850
S2140197E001F4007900F00103174653EA0902054621
S2140197F00C462ED04FF0000803B3002300220120B0
S2140198000021CDE90088FEF7ABFD41463046FDF765
S2140198107BFE414670830120FBF778F9716B06F1F8
S214019820A400FDF717FF22490868FFF7B1FF4FF0C4
S214019830FF330B60337C43F004033374B9F1000F3C
S21401984007D00121304608F0CCFA24F40074054311
S2140198500C43D6E93E232A40234052EA030103D0B3
S2140198601449304609688847FB070FD51249134A41
S2140198700868136800211160114A0121117003B1B3
S2140198809847104B00215B680220984717F00E0F8F
S21401989008D040F2F3123B21002003B0BDE8F043AC
S2140198A0FBF722BB03B0BDE8F08300BF404D0020AC
S2140198B03421002038210020384E00203C4E002064
S2140198C0CD5000201021002070B50446D0B10E4EB8
S2140198D0007BD6E9372300280CBF10461846FEF752
S2140198E047FB0623A371237B2060054643B9D6F8C0
S2140198F0D8000130FEF73CFB2D1AA560002070BD94
S2140199000025FAE70120FAE7001E0021F7B5044614
S214019910D4E93EC71046DDE908268CEA020587EA47
S21401992006010540194085EA0C057940C4E93E5117
S21401993023F4004106EA010320F00100002543F468
S2140199400073024043F00203CDE90055FEF708FD1F
S214019950237C9A0717D5D4F8FC309B0513D54FF412
S2140199608811204608F03DFA237C65F341032374F1
S214019970D4E93E2302400B4052EA030103D00349D7
S214019980204609688847002003B0F0BD3821002032
S21401999038B10368044A002B08BF1346034A136014
S2140199A07047014BFAE700BF9B23020038210020D5
S2140199B0024B986B00F00F00704700BF001F00219C
S2140199C00F2938B505460C460ED801F08DF9012849
S2140199D00CD1074A936B23F00F0323439363284666
S2140199E008F02BFF002038BD0120FCE70220FAE733
S2140199F0001F0021014BD86B704700BF001F0021DC
S214019A00014B0020D9637047001F002103282DE970
S214019A10F7434CD8274B13F80080274B1E5C274B87
S214019A2013F8009004F08BFA0746FEF74FFE054642
S214019A3040B10023CDE9003300220023012000219C
S214019A40FEF78EFCFEF74AFE48B10023CDE900334F
S214019A500022002300204FF40041FEF781FC26B3CC
S214019A60174B5C6C04F00804164B31465C644046A8
S214019A70FFF708F84A4631464046FFF765F8124BAD
S214019A805C6465B1114B1868416BA430FDF7E2FDCB
S214019A900F490868FFF77CFE4FF0FF330B6038462E
S214019AA003B0BDE8F04304F04EBA3446DCE703B039
S214019AB0BDE8F08384590200805902007C590200F7
S214019AC0000008400000084400000846404D002001
S214019AD034210020104AD2F8883013F0A00F16D196
S214019AE0D2F88C0010F0040013D10C4BD3F8E43EEE
S214019AF023F07F4323F0FF035BB15368C3F3036294
S214019B00092A07D0B2F10C0018BF012070470020C7
S214019B1070470120704700BF004008400010002138
S214019B2070B50D46064620B9194B1B68A3B1032034
S214019B3011E001F0D9F8012828D1164B93F900401D
S214019B40C4F11C04641BC4F11C03002BB8BF5B42A8
S214019B50232B0CDD012070BD81EAE173A3EBE173D9
S214019B60DBB2232BF6D80B4B19700020F3E7B57444
S214019B7004F0E5F9084A5369E40223F4FF2304F4E8
S214019B80FF241C43546104F0DEF9EEE70220E2E70D
S214019B90404D0020CB5000200070084008B5FFF76C
S214019BA0D7FD04F0CCF9074AD2F8BC3E23F02003D7
S214019BB0C2F8BC3E04F0C7F9034B02221A6000202B
S214019BC008BD00BF001000210040084690F8C230D2
S214019BD053B9074BDA69920208D49B6F13F4706F7E
S214019BE014BF0120002070470020704701207047F5
S214019BF000600840F8B5436B02EA010523EA010359
S214019C002B434363344A01F00B030C4623EA050158
S214019C10516402F100722B4061070646536411D568
S214019C200121FFF7D3FF68B1FEF7C2FE15F0040F5E
S214019C3014BF2A4A2A4A4FF40073D361294B0422DF
S214019C40C3F88820E20606D515F0100F264B14BF80
S214019C5000221B22DA6423061DD52F0616D51F4BBC
S214019C604FF400129A6103F17E430122C3F8F820F3
S214019C7004F065F90E2107460320FDF7EDFB1A4BAC
S214019C8040F201225A62384604F05DF9294606F18F
S214019C90A400FDF7DFFCE00503D5E90516D5FDF7C1
S214019CA0C3FBA20503D5AB0513D5FDF7CDFB14F019
S214019CB0600F09D0D6F89410304608F06FFB0B4BB6
S214019CC098640B4B80229A600020F8BDFDF7A4FB38
S214019CD0E7E7FDF7B1FBEAE7000008440060084645
S214019CE0006008440040084400000840001F0021AE
S214019CF000400840014B1868704700BF344E0020F2
S214019D0037B5012300240022CDE900340023104694
S214019D101946FEF725FB0220FCF74AFE054D064BC9
S214019D2021461C6002206B6898472B6803B0BDE88B
S214019D3030401847102100203C4E00202DE9FF41FD
S214019D40022903900C461546984605D1FFF7D8FF21
S214019D50002004B0BDE8F081194E04F0F0F8336835
S214019D6007463BB1AB4205D004F0EDF80023336063
S214019D700120EEE7134B3560C3F800800123002273
S214019D80CDE90033002310461946FEF7E9FA0E4BDB
S214019D90002502201D70FCF70BFE22462B4603A968
S214019DA00220FCF723FE094B039A1A60084B1B6836
S214019DB004469847384604F0C6F8002CC8D1D5E7C3
S214019DC03C4E0020384E0020CD500020344E00205E
S214019DD010210020044BDB6D5B055ABF034B18783E
S214019DE0012000F00100704700500840CD500020CF
S214019DF010B50C4608F048FBA288D30080B1B3F535
S214019E00803F0DD80749430901FB02332268000948
S214019E10B3FBF0F3D21A05232260A371002010BD14
S214019E200220FCE720A1070070B50E4604F087F873
S214019E30054600F07DFF044620B1284604F083F86D
S214019E40204670BDFEF7B4FD114B3278D3F8E43EE0
S214019E50022A23F0F00316D0101F4242424152005C
S214019E6043EA02137278022A0FD0111F4A424A416E
S214019E70520043EA8213064AC2F8E43E054B042226
S214019E80C3F88820D9E70122EAE70122F1E700BFFB
S214019E90001000210040084470B50E4604F04FF84B
S214019EA0054600F05DFF044620B1284604F04BF855
S214019EB0204670BDFEF77CFD104B3278D3F8E43EA9
S214019EC0022A23F00F0315D0101F424242415200CE
S214019ED013437278022A0FD0111F4A424A41520098
S214019EE043EA8203054AC2F8E43E054B0422C3F85E
S214019EF08820DAE70122EBE70122F1E700100021D2
S214019F0000400844F8B50E7890F8D0700446304604
S214019F100D46FCF749F9002844D094F8D030B342F6
S214019F2008D1AA88636C9A4204D16A88B4F8D23000
S214019F309A4235D084F8D060AB88A4F8D4306B88C8
S214019F40A4F8D230AB886364FF236375304608F00B
S214019F5062F904F1D00520752846FCF709FC10BB10
S214019F602846FCF717F9F0B9D4F8903053B194F8B5
S214019F70D010B94206D0B3F912202046EDF7C8FF3B
S214019F8084F8D9002046FCF7F5FA0949A4F8D4006C
S214019F90084AD1F8F810012304F1A400FDF7FCFEED
S214019FA00020F8BD01200E2384F8D030F9E700BF69
S214019FB0001F00216C1F002170B5054690F8D000E7
S214019FC00E280C461DD0FF291DD01AB10F4B4FF09D
S214019FD0FF321A6008F01FF9064695F8D000FCF724
S214019FE08DF9844228BF0446E4B2B44238BF3446F1
S214019FF0E0B26875FCF71EFAA0F1FF03584258411B
S21401A00070BD0220FCE70120FAE700BF18210020FE
S21401A010C36B012B01D10020704770B5364BD0F8C9
S21401A0209060D3F8F830C0F8943086B03146058B8E
S21401A030044608F085F9B3898DF80600D6E90121B2
S21401A040EB1A9BB201FB032268460021ADF80430EF
S21401A0500092FDF787FD38B9284B228BDA63FCF7AF
S21401A06055FB20B106B070BD022006B070BD227C43
S21401A07060F34102227408F028F9D4F89030596947
S21401A080431EDBB209680291FD2B02460BD9CD1C9B
S21401A09009D91B4B01311B680CD0D81C07D802A963
S21401A0A02046029301E002A9204608F06FF800203E
S21401A0B006B070BDD91C04D802A92046029308F048
S21401A0C065F8D4F8FC309B0504D4237C43F00203E6
S21401A0D02374ECE74FF48031204607F082FED4E982
S21401A0E03E2302400B4052EA0301E0D005492046D8
S21401A0F009688847DBE700BF001F002100300840E1
S21401A100202100203821002038B505460C4641B1F3
S21401A11008F047FB28B14FF400312846FFF72EFA26
S21401A12004342046FCF720FE024B4042C3F8D40E0E
S21401A130002038BD0010002170B54C30814214BF9C
S21401A1400C460024164603F0FAFE0D494A684FF401
S21401A1509C53C2F30362D340DA07054603D5D1F810
S21401A16088309B030AD4204601223146FBF7BEF90C
S21401A1700446284603F0E7FE204670BD0324F8E7B0
S21401A1800040084010B503F0DAFE0146FFF73CFA3E
S21401A19078B1094BD3F8884014F4003409D103F19F
S21401A1A0C0632022C3F89020084603F0CCFE204668
S21401A1B010BD0224F8E700BF0040084010B58B78B8
S21401A1C0012B02460C4600F28280C87801287ED810
S21401A1D00B78012B7BD84978052978D819B1012845
S21401A1E075D105293DD0012B73D02068C2F8E8004F
S21401A1F06378002B36D13849C1F88430374B4FF09D
S21401A20060519961364B1B7813B1364B062119679D
S21401A210354B4FF08051C3F89410516B02F1A400F6
S21401A220FDF718FA314A4FF48073C2F8EC3002F1A8
S21401A2307C42C2F8E830A378002B40D12C4B40F684
S21401A240FF725A62E378002B3CD1294B40F6FF722D
S21401A2505A65284B60225A64234B4022C3F8882053
S21401A260002010BD013BDBB2032BE4D8224A52F892
S21401A27023301A4A4FF06051916102F1007243F4A3
S21401A28000139361144A0423C2F88430136F23F039
S21401A290060343F004031367184B4FF08052C3F8CC
S21401A2A09420FEF723FA0028C5D0114A4FF4807394
S21401A2B0C2F8E83002F1C062C2F8EC30BBE7FFF743
S21401A2C0BBF9BFE7074B60225A640C4BC5E7012078
S21401A2D0C7E71846C5E700BF00000840006008440D
S21401A2E0CC500020000008440040084400100844F8
S21401A2F00010084000000846885902000040084641
S21401A3002DE9F74F06461546084619B9012003B050
S21401A310BDE8F08F002AF9D0032904D80021FBF705
S21401A32049FA0028F2D082780488037990F805B0BB
S21401A330C788B0F90000002802F00701C0F2D180FA
S21401A340A1F1070CDCF1000040EB0C000529287395
S21401A3508CBFC2F300100020C2F3801C6873900902
S21401A36085F810C000F00200C2F3C00C40EA0C00F1
S21401A370C2F340126874AA74AF820BB996F8CA3059
S21401A380013BDBB2EB74736BD80600F1968006399D
S21401A390012900F29280544BDB6C544B5A6B1B6BB9
S21401A3A003F0070306334FF0010909FA03F909F12F
S21401A3B0FF39083C42F0005804EA0904002318F863
S21401A3C004A0AB60013404EA0904631D03EA09032F
S21401A3D05A1C02EA090218F8037018F80220BAF1AA
S21401A3E0800F47EA0227727C18BFAAF1320A3BB2F5
S21401A3F014BF4FFA8AFA6FF07F0AC7F30B079AB3B6
S21401A4000020D6F89C300BB151469847631C03EAEE
S21401A4100903E87385F80EA018F80310013303EA60
S21401A420090318F80320013303EA090341EA02216C
S21401A43018F80320013303EA090341EA024118F838
S21401A44003006A7C002341EA00613046FDF772FD95
S21401A4502860737C042B03D1022FDCBF01302860F7
S21401A4600423AB71002052E7D90422D5D6F89420F4
S21401A4709AB11368022B10D992F82400FB0008B198
S21401A480B3FBF0F39B45BBD8002BB9D0CBEB0B202D
S21401A490B0FBF3F0C043C0B2B3E7304607F0F4FFB9
S21401A4A00190304607F0E0FF019BB3FBF0F0C0B22D
S21401A4B0E4E718F804004000EDE70023EB730C4BCB
S21401A4C0DA68C2F30723120448BF63F0FF035AB2E7
S21401A4D012F1800F1CBF323B5AB20023AA732B60C5
S21401A4E0BFE7022013E700BF000008400010084045
S21401A4F000700840024B186DC0F30C00704700BF97
S21401A5000010084070B50A4B0A4DD3F8EC604FF4C2
S21401A5108064C5F8EC400020FEF7F2FA4FF40053D1
S21401A5206B65730544BF044BC3F8EC4070BD00BFB8
S21401A530001008400010084400100846F8B504460C
S21401A5400E4641B9037C5A0641BF4FF6FF7261F3CE
S21401A5508613828303743C4BD4F894701B680BB14A
S21401A56020469847394BA18BD3F8842012F4E05F3C
S21401A57004BF2022C3F810224FF6FF73994204D07D
S21401A580334B1B680BB120469847324DD4F89410D4
S21401A5902A68914207D0204607F000FF2E4B9864A8
S21401A5A02E4B80209860974245D02D4B1B684BB1AF
S21401A5B01FB13A68002A40D0BF68394620469847FE
S21401A5C0D4F89410084607F001FF30B32549FDF78B
S21401A5D061FB07272046FBF7CDFF16B3224B94F904
S21401A5E0122093F900302149D4F89400C3F11C03DA
S21401A5F09B1A4A69DB0222F4FF2203F4FF2313436A
S21401A6001B4A4B611B4B286006211167204601221D
S21401A6101A7008F012F90020F8BD204603F093FAEC
S21401A620D4E70D4B0F4AD3F8F81004F1A4003B46CB
S21401A630FDF7B2FBD2E70127CCE71746394620469D
S21401A6409847D4F89410BDE7444E002000600840B7
S21401A650304E0020244E0020001F002100400840FC
S21401A6602C4E00206C1F0021CB50002000700840AB
S21401A67000000844CC50002002484822002108F07F
S21401A68012BA00BFE81E0021002373B58374642349
S21401A690C0E92C33C0E92E334FF0FF35C0F8AC309B
S21401A6A0A0F8C0300E264FF6FF73C0E9075580F8B4
S21401A6B0D06045648582837504461120EBF760FE01
S21401A6C0042834D11B4B5B6813F4403F2FD120463E
S21401A6D0FEF716F82046FFF7CFFF94F91210204632
S21401A6E0FFF71EFA144A6023536402F5805240F6BF
S21401A6F0FF7151625165114A5364114B4022C3F8F0
S21401A7008820626B29462046FFF774FA002240F241
S21401A710022310461946CDE90066FDF721FEFBF738
S21401A720D7FD204602B0BDE87040EAF7EBB802203C
S21401A73002B070BD00300E40000008400000084620
S21401A7400040084410B50C46FFF796FFBCB1A3784D
S21401A750082B16D8E278082A13D843EA021313F016
S21401A760FF03094A14BF61681946C2F8E810217848
S21401A77082F82C11617882F82D1182F82F31002091
S21401A78010BD0120FCE700BF001E0021012A10B504
S21401A79012D8032B10D803EB8202084C01239340F6
S21401A7A094F82E01DBB221B1034384F82E31002048
S21401A7B010BD20EA0303F8E70120F9E7001E002197
S21401A7C070B50C68B0F8D4208D680346013404BF18
S21401A7D0D3F8AC400C604C68013404BFD3F8B840E1
S21401A7E04C606E1C00F1A40038D1D3F8B440CE689A
S21401A7F08C60751C38D1D3F8B0500E69CD60013627
S21401A80004BFD3F8A4600E614E69013604BFD3F8C5
S21401A810A8604E618E69013604BFD3F8BC608E61B4
S21401A8208E693EB34132B24238BF32460E688A6103
S21401A830C3F8B4404C68C3E92E420A69C3F8A420A1
S21401A8404A690D49C3F8A820C3E92B650B4AD1F81C
S21401A850F8100723FDF7A0FA002070BD02F14104AD
S21401A860AC4238BF2C46C2E702F16405B54238BF98
S21401A8703546C2E76422D9E7001F00216C1F00217C
S21401A88070B503F05CFB0C4E054600F02DFA01286E
S21401A89004D0284603F057FB022070BD736813F0FE
S21401A8A0706FC3F30364F0D1F36BDB06EDD5284676
S21401A8B003F049FB2046F0E70040084038B503F0B6
S21401A8C03EFB0B4A13884FF6FF718B4203D103F010
S21401A8D03AFB032038BD074C074DE56504F10074CB
S21401A8E01B04E365118003F02EFB0020F2E700BF96
S21401A8F0D4210020006008440000FFFF2DE9F34149
S21401A90005460F461446FFF7E5F880B1DFF81882D2
S21401A910D8F80C30DE0740F1EA8003F010FB06465B
S21401A9200320FCF76FF938B1304603F00CFB022622
S21401A930304602B0BDE8F081D8F80C3013F0060FAF
S21401A940F2D1304603F0FFFA6A4B4FF40061284615
S21401A950D3F8E48ED3F8C46EFEF710FE40B1664B12
S21401A9604FF400720121C3F888200846FAF7CEF8A2
S21401A97039462846FAF71CFA5E4BC3F8C46EC3F88C
S21401A980E48E06460028D3D12B7CD80601D4002CB1
S21401A99066D0C4F34000FDF7D1FF14F4807F14BFE6
S21401A9A0564A554A4FF002031BBFC2F88830544A34
S21401A9B0C2F8883000211CBFD16093624D4BD3F89A
S21401A9C0BC7EFDF7F5FF4F4A14F0040F07EA0203B9
S21401A9D04FF480616BD04C489342C16106D14B4A1B
S21401A9E092F8D03043F0020382F8D030424B042272
S21401A9F014F0400FC3F8882014BF454A454A402347
S21401AA002046C2F88030FEF7D1FE284607F0BDFD8D
S21401AA1040B114F0010F14BF384A374A4FF480731F
S21401AA20C2F88830A1064CD56B8C4FF6FF72934264
S21401AA300FD0394A3949D26D100CC2F30112088081
S21401AA4001323749B3FBF2F32F4A3648C8651B0477
S21401AA50D3652B7C003C18BF012464F304132B74CC
S21401AA60284607F09EFEF0B1284607F08EFDD0B1CD
S21401AA704FF400312846FEF781FD431C9BB20322AA
S21401AA801F4801A907F0E9FA9DF8042002F0070320
S21401AA90052B9DF805301DD1120715D443F480739C
S21401AAA01A4AC2F8CC30002007F0A1FB40E71C4848
S21401AAB09342C1619AD1154A92F8D03023F002032D
S21401AAC092E7FFF7FBFEC4E713F0040F09D19DF8E8
S21401AAD00630E3E703F03002202A05D113F0010F18
S21401AAE0F4E74FF48073DBE79DF80630D8E70326DA
S21401AAF01EE700BF00100021004008440040084641
S21401AB00001008408000004000600846001E00213A
S21401AB10007008460070084400600840D4210020F8
S21401AB20006008440000FFFF005008402DE9F34193
S21401AB300646884615461F4603F001FA04460320DA
S21401AB40FCF760F838B1204603F0FDF903242046EF
S21401AB5002B0BDE8F0810420FCF754F80028F2D1D9
S21401AB60204603F0F0F92A4641463046FFF7C6FE76
S21401AB7004460028EBD1DFF8BC80002F38D088F8D7
S21401AB80000039463046FEF76FFD002845D198F89B
S21401AB900030012B29D0224B2022C3F88820214BDC
S21401ABA09B6CB3F5817F2BD2012007F083FB03F06A
S21401ABB0C6F91D4B1B68019306464BB10420FBF7F3
S21401ABC0F7FE0023012201A90420FBF70FFF00B3C3
S21401ABD0FCF760F82B0617D5144B00221A67FCF712
S21401ABE099F8304603F0AFF9B1E7FDF7D7FDAEE7C8
S21401ABF098F80030012BF8D0002BCCD10124A6E721
S21401AC000B4B80229A60CFE7FCF784F8FDF7B0FD86
S21401AC10E7E7FDF7EBFE0124E3E7044697E700BF0D
S21401AC2000400846001F0021284E00200050084022
S21401AC3000400840CA50002008B5094BD3F8B4308C
S21401AC405A1C0BD05B0009D40320FEF7DFFE054B30
S21401AC504FF08062C3F894200122DA6008BD00BF7D
S21401AC600081E00F00400846054BD3F8880003F149
S21401AC7080634FF40022C3F88820C0F3C0407047B9
S21401AC8000400840024BD86800F00100704700BF42
S21401AC9000500840084BDA68D10707D508B9FBF71A
S21401ACA061BEDB68DA0706D4FBF74EBEDB68DB075E
S21401ACB001D40028F8D1704700500840084A4FF0E8
S21401ACC0807330B1936602F1C062D3660123D36507
S21401ACD0704704490120C865CB669366704700BF7C
S21401ACE000000840000008440F4B5B68C3F3036391
S21401ACF0013B0B2B0FD8DFE803F006060C06060611
S21401AD0006080A0808080220704704207047052034
S21401AD10704703207047054BDB6813F0060F0CBF26
S21401AD2001200420704700BF004008400050084042
S21401AD300A4A5368C3F303630B2B08D06FF4905091
S21401AD40184100F0010080F0010040007047D2F881
S21401AD50880010F48030ECD1704700BF00400840F6
S21401AD600C4A5368C3F30363062B07D8042BD8B2E7
S21401AD700CD8C31E5842584140007047072B07D1D4
S21401AD80D2F8440110F00050EBD170470220704712
S21401AD9000207047004008400A4A5368C3F3036323
S21401ADA0032B01D0072B0AD1D2F88C30DB0606D450
S21401ADB0D2F8900080F00800C0F3C0007047002071
S21401ADC0704700BF00400840024B0022196807F098
S21401ADD0C7BC00BF5C74020010B5FF224FF6FF71BE
S21401ADE0044607F0E1FC68B9FF224FF6FF712046E2
S21401ADF007F0EBFC30B920460349BDE81040FF22BE
S21401AE0007F0F5BC10BD00BF9859020010B55B07EE
S21401AE1043EA02439DF80820520543EAC16302F063
S21401AE20BC621A43084942F4C8720446FEF792FB14
S21401AE30064B1B680BB12046984700221146204658
S21401AE40FFF77AF9002010BD9007E12D484E00204B
S21401AE5008B507F0A6FC20B1024B586D003818BFA4
S21401AE60012008BD0000084038B50546FFF7F0FF91
S21401AE70044628B103494FF480322846FEF76AFBA0
S21401AE80204638BD1001010008B5114BD3F8BC3E71
S21401AE901A061AD50F4A134217D0FFF7E5FFA0B1DD
S21401AEA00D4B0E495A6B91F8D03002F44062B2F560
S21401AEB0806F0CBF43F0010303F0FE0381F8D0302E
S21401AEC00120BDE80840FFF7F9BE0020F9E700BF02
S21401AED0001000210000024000000840001E002172
S21401AEE02DE9F04104460F461546FFF7FDFE012801
S21401AEF006465FD1F80717D52F4B5B6815F001089A
S21401AF0003F007033CD0022B37D92046FEF772FD2B
S21401AF1040F080012046FEF773FD4FF400324FF4F7
S21401AF2000312046FEF716FBB9071AD515F00208C0
S21401AF3032D0224B1A6E02B35A6EF2B1DB699A0511
S21401AF401BD54FF0804211462046FEF703FB7B07D8
S21401AF5007D515F0040210D14FF000412046FEF748
S21401AF60F9FA174B174A1A60FEF798FA164B174A62
S21401AF701A602046FFF788FF00263046BDE8F081BC
S21401AF80022BFAD82046FEF735FD20F08001204638
S21401AF90FEF736FD4246C2E742464FF08041204664
S21401AFA0FEF7D8FA0A49204607F091F9024B4246C5
S21401AFB05863D1E70226E0E7000008400060084039
S21401AFC0444E002089AE0100484E002069AE0100C3
S21401AFD03400084008B5FFF7DFFEA8B10B4B5A69ED
S21401AFE0110311D5D3F8882092030DD4D3F89030ED
S21401AFF013F0100F4FF0100304D1054AC2F8903039
S21401B000002008BD034AF9E70220FAE7004008409D
S21401B010004008460040084438B5044608B3134AC1
S21401B02053691B031FD5D2F88C50114BC5F38115FC
S21401B030032DB3F8C8300ED1083B9BB208220D4849
S21401B040214607F00AF8094B2572D3F890301B0AFF
S21401B0506372002038BD022D05D1023B9BB22A4601
S21401B060EDE70120F6E70220F4E700BF00400840C4
S21401B070001E002130100840064AD2F8C03043F0C6
S21401B0804073C2F8C030044B4FF08062C3F81421FD
S21401B090704700BF0040084000400846044A0423A9
S21401B0A0C2F8BC3002F10072C2F8C430704700BF6B
S21401B0B000400844074B084AC3F8C0200122C3F8E1
S21401B0C0C4204FF08062C3F814210422C3F8C420C0
S21401B0D0704700BF00400844CA078000023816289F
S21401B0E09ABF024B185C0020704700BF44740200F0
S21401B0F02DE9F047344F354D4FF00108C7F8C480AD
S21401B100D5F8C04024F47E0424F0300444F46804E6
S21401B11044F03004C5F8C0402D4C06460846D4F825
S21401B12034A09946FFF7DAFF2AF47C1A4AEA00406F
S21401B1306063D5F8C01021F4FF3121F4807141EA33
S21401B140C92141EA0222C5F8C020A36D23F07F037E
S21401B1503343A3651F4B4A22C3F8C02080254FF412
S21401B1600002C3F8C480C3F8C050C3F8C0201A4A0E
S21401B1701021D1650822C7F8C020184AC3F8C0209C
S21401B1804FF47A7007F096F84FF48072656062604B
S21401B19023681905FCD423685B04F7D40D4B0822F9
S21401B1A0C3F8C0200E4B1022DA65084A40236360BC
S21401B1B0D2F8C03023F4000323F0040343F4000361
S21401B1C0C2F8C030BDE8F08700400844004008409F
S21401B1D00030084000400846003008460400800061
S21401B1E00030084410F0080F0A4B0AD141F20E72E3
S21401B1F01A604FF0FF321A61074A9A6101229A607B
S21401B200704741F204721A6000221A6148F208423D
S21401B210F3E700BF002008402083B8ED064B10225C
S21401B2205A63064A92F8D020D2074CBF4FF4806288
S21401B2304FF440625A63704700000846001E002122
S21401B24070B5704D2B6EE96E1940CB0101F07F444D
S21401B2504AD56D4BD3F8BC3E1E0642D56B4A134207
S21401B2603FD06B48066E426E6D6D03F08043002D35
S21401B27000F085809BB90AB1964224D1614B5B6B85
S21401B28013F4406F00F089805E4B44F20D02DA65DC
S21401B290604A4FF0007393661A44D36621E0036850
S21401B2A0D8066FD4002A6DD096426BD05A4A92F8CF
S21401B2B0D13023F0010382F8D130564B4FF443626C
S21401B2C05A63FFF7ABFF4F4B48F20522DA6503F1ED
S21401B2D080634FF090529A6603F100734FF08052EC
S21401B2E0DA66484B02225A62CA0001F0007513D58D
S21401B2F0454B444AD3F8BC6ED36BD2F8901003EB9F
S21401B300810303F100534349588C4FF08053CB66B9
S21401B310C30747D5002E63DA002D2DD03A4B3D4E9C
S21401B320D3F8BC1E374BD3F88C504FF00072F26640
S21401B330EA0762D4354A114261D0A8B2FFF752FF3C
S21401B340354A92F8D130072003F0FD0382F8D13058
S21401B3507063E8060AD511F0804F304914BF032008
S21401B360012043F00203486382F8D130254B40F2B6
S21401B3700C425A620122DA65264B9C6670BD002B90
S21401B3803FF47CAF244A92F8D13043F0010382F8AF
S21401B390D130204B4FF443625A63204B4FF4406246
S21401B3A05A6371E7194B1E421AD0FFF71BFF1A4A60
S21401B3B007234B6392F8D130C60603F0FD0382F8EB
S21401B3C0D13006D51549032043F00203486382F8BD
S21401B3D0D1300C4B40F214425A620122DA659BE7E7
S21401B3E014235362002D99D109210320FCF734F868
S21401B3F0044B40F201225A62BEE70029BCDB0C2254
S21401B4005A62F1E7000008400010002100000240E7
S21401B4100060084000000844001E002100000846A5
S21401B4202DE9F74FDFF8ECB08146DBF800A00F46B8
S21401B430FBF7FEFB4FF0FF35CDE9000100202C465F
S21401B440064606F110031B015BF8033003F0030800
S21401B450B8F1010F15D13046FBF702FC02460B4648
S21401B460DDE90001FBF792FADBF85C3006F1080231
S21401B470D340DB0737D5002F3ED000253E602C4653
S21401B48040460136052EDCD150B3224F396B0131CF
S21401B490A4FB014164190AF4403341F10001B3F5FC
S21401B4A0003F4FF000022FD1FB6A0AF4405A0133E5
S21401B4B042F10006BAF5805F21D1BD6A15F58075A7
S21401B4C042F100026E4303FB0266A5FB03323244DF
S21401B4D0594304FB0212A3FB04341444C9E90034A3
S21401B4E003B0BDE8F08FA84271EB0403C8D207B1E0
S21401B4F03E6005460C46C3E73D463C46C0E7320281
S21401B50042EA13621B02E3E7BB6A13F5807342F15A
S21401B5100002DDE70050084081F0004102E000BF74
S21401B52083F0004330B54FEA41044FEA430594EAFD
S21401B530050F08BF90EA020F1FBF54EA000C55EA38
S21401B540020C7FEA645C7FEA655C00F0E2804FEA09
S21401B5505454D4EB5555B8BF6D420CDD2C4480EAEB
S21401B560020281EA030382EA000083EA010180EA1B
S21401B570020281EA0303362D88BF30BD11F0004F69
S21401B5804FEA01314FF4801C4CEA113102D040429F
S21401B59061EB410113F0004F4FEA03334CEA1333DA
S21401B5A002D0524263EB430394EA050F00F0A780F2
S21401B5B0A4F10104D5F1200E0DDB02FA0EFC22FAED
S21401B5C005F2801841F1000103FA0EF2801843FAE1
S21401B5D005F359410EE0A5F120050EF1200E012AD2
S21401B5E003FA0EFC28BF4CF0020C43FA05F3C01810
S21401B5F051EBE37101F0004507D54FF0000EDCF189
S21401B600000C7EEB00006EEB0101B1F5801F1BD331
S21401B610B1F5001F0CD349085FEA30004FEA3C0C35
S21401B62004F101044FEA445212F5800F80F09A802B
S21401B630BCF1004F08BF5FEA500C50F1000041EB2F
S21401B640045141EA050130BD5FEA4C0C404141EB33
S21401B6500101013C28BFB1F5801FE9D291F0000F2E
S21401B66004BF01460020B1FA81F308BF2033A3F1DD
S21401B6700B03B3F120020CDA0C3208DD02F1140CD4
S21401B680C2F10C0201FA0CF021FA02F10CE002F10F
S21401B6901402D8BFC2F1200C01FA02F120FA0CFC08
S21401B6A0DCBF41EA0C019040E41AA2BF01EB045151
S21401B6B0294330BD6FEA04041F3C1CDA0C340EDC4F
S21401B6C004F11404C4F1200220FA04F001FA02F392
S21401B6D040EA030021FA04F345EA030130BDC4F150
S21401B6E00C04C4F1200220FA02F001FA04F340EA45
S21401B6F00300294630BD21FA04F0294630BD94F0F6
S21401B700000F83F4801306BF81F480110134013DDC
S21401B7104EE77FEA645C18BF7FEA655C29D094EA4D
S21401B720050F08BF90EA020F05D054EA000C04BFCB
S21401B7301946104630BD91EA030F1EBF00210020B6
S21401B74030BD5FEA545C05D14000494128BF41F055
S21401B750004130BD14F580043CBF01F5801130BDB9
S21401B76001F0004545F0FE4141F470014FF0000044
S21401B77030BD7FEA645C1ABF194610467FEA655CF5
S21401B7801CBF0B46024650EA013406BF52EA033597
S21401B79091EA030F41F4002130BD00BF90F0000F85
S21401B7A004BF0021704730B54FF4806404F13204C1
S21401B7B04FF000054FF0000150E700BF90F0000F7A
S21401B7C004BF0021704730B54FF4806404F13204A1
S21401B7D010F0004548BF40424FF000013EE700BF71
S21401B7E042004FEAE2014FEA31014FEA02701FBF01
S21401B7F012F07F4393F07F4F81F06051704732F033
S21401B8007F4208BF704793F07F4F04BF41F4002189
S21401B810704730B54FF4607401F0004521F00041E7
S21401B8201CE700BF50EA010208BF704730B54FF071
S21401B83000050AE050EA010208BF704730B511F072
S21401B840004502D5404261EB41014FF4806404F1AA
S21401B85032045FEA915C3FF4D8AE4FF003025FEA30
S21401B860DC0C18BF03325FEADC0C18BF033202EBB4
S21401B870DC02C2F1200300FA03FC20FA02F001FA0E
S21401B88003FE40EA0E0021FA02F11444BDE600BFB1
S21401B89070B54FF0FF0C4CF4E06C1CEA11541DBF60
S21401B8A01CEA135594EA0C0F95EA0C0F00F0DEF82B
S21401B8B02C4481EA030621EA4C5123EA4C5350EA10
S21401B8C0013518BF52EA033541F4801143F4801361
S21401B8D038D0A0FB02CE4FF00005E1FB02E506F0F2
S21401B8E00042E0FB03E54FF00006E1FB03569CF047
S21401B8F0000F18BF4EF0010EA4F1FF04B6F5007F4D
S21401B90064F5407404D25FEA4E0E6D4146EB0606BE
S21401B91042EAC62141EA55514FEAC52040EA5E5047
S21401B9204FEACE2EB4F1FD0C88BFBCF5E06F1ED8F1
S21401B930BEF1004F08BF5FEA500E50F1000041EB28
S21401B940045170BD06F0004646EA010140EA0200D5
S21401B95081EA0301B4EB5C04C2BFD4EB0C0541EAF7
S21401B960045170BD41F480114FF0000E013C00F30C
S21401B970AB8014F1360FDEBF002001F0004170BD30
S21401B980C4F10004203C35DA0C341BDC04F1140449
S21401B990C4F1200500FA05F320FA04F001FA05F2D5
S21401B9A040EA020001F0004221F0004110EBD370A2
S21401B9B021FA04F642EB06015EEA430E08BF20EACE
S21401B9C0D37070BDC4F10C04C4F1200500FA04F371
S21401B9D020FA05F001FA04F240EA020001F0004103
S21401B9E010EBD37041F100015EEA430E08BF20EA76
S21401B9F0D37070BDC4F1200500FA05F24EEA020EBE
S21401BA0020FA04F301FA05F243EA020321FA04F0EC
S21401BA1001F0004121FA04F220EA020000EBD370A3
S21401BA205EEA430E08BF20EAD37070BD94F0000FA3
S21401BA300FD101F00046400041EB010111F4801FD7
S21401BA4008BF013CF7D041EA060195F0000F18BF88
S21401BA50704703F00046520043EB030313F4801FC4
S21401BA6008BF013DF7D043EA0603704794EA0C0F7E
S21401BA700CEA135518BF95EA0C0F0CD050EA410694
S21401BA8018BF52EA4306D1D181EA030101F0004111
S21401BA904FF0000070BD50EA410606BF1046194639
S21401BAA052EA430619D094EA0C0F02D150EA013645
S21401BAB013D195EA0C0F05D152EA03361CBF104686
S21401BAC019460AD181EA030101F0004141F0FE4125
S21401BAD041F470014FF0000070BD41F0FE4141F4A9
S21401BAE0780170BD70B54FF0FF0C4CF4E06C1CEAA9
S21401BAF011541DBF1CEA135594EA0C0F95EA0C0F5E
S21401BB0000F0A7F8A4EB050481EA030E52EA033518
S21401BB104FEA013100F088804FEA03334FF0805539
S21401BB2045EA131343EA12634FEA022245EA111566
S21401BB3045EA10654FEA00260EF000419D4208BF17
S21401BB40964244F1FD0404F5407402D25B084FEAC4
S21401BB503202B61A65EB03055B084FEA32024FF470
S21401BB6080104FF4002CB6EB020E75EB030E22BFCD
S21401BB70B61A754640EA0C005B084FEA3202B6EB8D
S21401BB80020E75EB030E22BFB61A754640EA5C003C
S21401BB905B084FEA3202B6EB020E75EB030E22BFCC
S21401BBA0B61A754640EA9C005B084FEA3202B6EBCD
S21401BBB0020E75EB030E22BFB61A754640EADC008C
S21401BBC055EA060E18D04FEA051545EA16754FEAEE
S21401BBD006164FEAC30343EA52734FEAC2025FEA0C
S21401BBE01C1CC0D111F4801F0BD141EA00014FF09B
S21401BBF000004FF0004CB6E711F4801F04BF01436C
S21401BC000020B4F1FD0C88BFBCF5E06F3FF6AFAE87
S21401BC10B5EB030C04BFB6EB020C5FEA500C50F117
S21401BC20000041EB045170BD0EF0004E4EEA11319A
S21401BC3014EB5C04C2BFD4EB0C0541EA045170BDA1
S21401BC4041F480114FF0000E013C90E645EA060EE5
S21401BC508DE60CEA135594EA0C0F08BF95EA0C0F13
S21401BC603FF43BAF94EA0C0F0AD150EA01347FF45B
S21401BC7034AF95EA0C0F7FF425AF104619462CE732
S21401BC8095EA0C0F06D152EA03353FF4FDAE104695
S21401BC90194622E750EA410618BF52EA43067FF4E6
S21401BCA0C5AE50EA41047FF40DAF52EA43057FF476
S21401BCB0EBAE12E74FF0FF3C06E000BF4FF0010C81
S21401BCC002E000BF4FF0010C4DF804CD4FEA410CE5
S21401BCD07FEA6C5C4FEA430C18BF7FEA6C5C1BD0B2
S21401BCE001B050EA410C0CBF52EA430C91EA030F33
S21401BCF002BF90EA020F0020704710F1000F91EA90
S21401BD00030F58BF994208BF90422CBFD8176FEA5D
S21401BD10E37040F0010070474FEA410C7FEA6C5C2B
S21401BD2002D150EA013C07D14FEA430C7FEA6C5C32
S21401BD30D6D152EA033CD3D05DF8040B704700BF5E
S21401BD408446104662468C461946634600E000BFAC
S21401BD5001B5FFF7B7FF002848BF10F1000F01BD7E
S21401BD604DF808EDFFF7F4FF0CBF012000205DF849
S21401BD7008FB00BF4DF808EDFFF7EAFF34BF0120CE
S21401BD8000205DF808FB00BF4DF808EDFFF7E0FF67
S21401BD9094BF012000205DF808FB00BF4DF808EDB8
S21401BDA0FFF7CEFF94BF012000205DF808FB00BF1F
S21401BDB04DF808EDFFF7C4FF34BF012000205DF801
S21401BDC008FB00BF4FEA410212F5001215D211D549
S21401BDD06FF47873B3EB625212D94FEAC12343F082
S21401BDE0004343EA505311F0004F23FA02F018BF04
S21401BDF0404270474FF00000704750EA013005D1CD
S21401BE0011F0004008BF6FF0004070474FF000008F
S21401BE10704700BF4A0011D212F5001211D20DD59B
S21401BE206FF47873B3EB62520ED44FEAC12343F03A
S21401BE30004343EA505323FA02F070474FF00000E4
S21401BE40704750EA013002D14FF0FF3070474FF093
S21401BE500000704753B94AB9002908BF00281CBF23
S21401BE604FF0FF314FF0FF3000F06AB9ADF1080C2A
S21401BE706DE904CE00F006F8DDF804E0DDE9022302
S21401BE8004B070472DE9F047089D0C46002B4ED1B3
S21401BE9094468C458646B2FA82F262D94AB1C2F11C
S21401BEA02003914020FA03F30CFA02FC194300FA2E
S21401BEB002FE4FEA1C471FFA8CF6B1FBF7F44FEA75
S21401BEC01E4307FB141143EA014304FB06F19942A2
S21401BED00AD91CEB030304F1FF3080F01381994269
S21401BEE040F21081023C6344591A1FFA8EF3B1FBEB
S21401BEF0F7F007FB101143EA014300FB06F69E42EA
S21401BF000AD91CEB030300F1FF3180F0FD809E424D
S21401BF1040F2FA80634402389B1B40EA0440002149
S21401BF201DB1D3400022C5E90032BDE8F0878B423F
S21401BF3005D90DB1C5E9000100210846F5E7B3FAB8
S21401BF4083F1002946D1A34202D39042C0F0F1808A
S21401BF50861A64EB03030120002DE6D0C5E90063D1
S21401BF60E3E7002A40F09180A1EB0C044FEA1C485D
S21401BF701FFA8CF70121B4FBF8F64FEA1E4308FBC3
S21401BF80164443EA044307FB06F0984208D91CEB23
S21401BF90030306F1FF3402D2984200F2CE80264611
S21401BFA01C1A1FFA8EF3B4FBF8F008FB104443EAA0
S21401BFB0044300FB07F79F4208D91CEB030300F17B
S21401BFC0FF3402D29F4200F2B1802046DB1B40EADA
S21401BFD00640A5E7C1F120068B4022FA06F71F436B
S21401BFE020FA06FC04FA01F343EA0C03F44000FAD3
S21401BFF001F8380C4FEA1349B4FBF0FE1FFA87FC30
S21401C00000FB1E4449EA04440EFB0CF9A14502FA62
S21401C01001F20AD93C190EF1FF3A80F08580A1455C
S21401C02040F28280AEF1020E3C44A4EB09041FFAF2
S21401C03083F9B4FBF0F300FB134449EA044403FB21
S21401C0400CFCA44507D93C1903F1FF3068D2A4457E
S21401C05066D9023B3C4443EA0E40A0FB0293A4EBA4
S21401C0600C049C42CE469C4652D34FD055B1B8EBF9
S21401C0700E0364EB0C0404FA06F6CB40CC401E43D8
S21401C080C5E900640021BDE8F087C2F1200320FA6B
S21401C09003F10CFA02FC24FA03F394400C434FEA32
S21401C0A01C4800FA02FE1FFA8CF7B3FBF8F008FBF7
S21401C0B01031230C43EA014300FB07F1994208D9EA
S21401C0C01CEB030300F1FF362CD299422AD9023821
S21401C0D063445B1AA4B2B3FBF8F108FB113344EADC
S21401C0E0034401FB07F3A34208D91CEB040401F146
S21401C0F0FF3613D2A34211D902396444E41A41EA45
S21401C100004138E70446EFE6084605E7C845ADD2E4
S21401C110B9EB020E63EB070C0138A7E73146EDE7F2
S21401C120034698E73046D4E7D6467EE763440238AE
S21401C1304CE70646234608460EE7023E63442FE7D1
S21401C140704700BF08B5064B044613B10021AFF394
S21401C1500080044B1B6803B19847204602F0DAFEC4
S21401C160000000008C4F0020242B2DE9F047864666
S21401C170904601D8012B06D100F024FC162303605B
S21401C1800020BDE8F08736480D462A4615F8014BD3
S21401C190065D16F00806F8D12D2C24D12C78012640
S21401C1A0951C2BBB302C30D00A2306F1004C0CF129
S21401C1B0FF3C0022BCFBF3F9104603FB19CAA4F1AD
S21401C1C03007092F28D83C46A34234DD571C07D038
S21401C1D081452DD301D1A2452ADB00FB0340012274
S21401C1E015F8014BEBE72B2C04BF2C78951CD8E7F0
S21401C1F0102BDAD1302CD8D12A7802F0DF02582A57
S21401C200D3D16C7810230235CFE72B7803F0DF0308
S21401C210582BF6D00823C8E7A4F14107192F01D8F7
S21401C220373CD1E7A4F16107192F04D8573CCBE777
S21401C2304FF0FF32D4E7531C08D12223CEF800304A
S21401C2406046B8F1000F9CD0691E06E006B1404278
S21401C250B8F1000F95D0002AF6D1C8F8001090E783
S21401C2606B77020013460A46014602480068FFF74C
S21401C2707BBF00BF442100202DE9F043364E8646A1
S21401C2800D46284615F8014B375D17F00807F8D11B
S21401C2902D2C26D12C780127851C3BBB302C32D087
S21401C2A00A234FF0FF380026B8FBF3F803FB08F922
S21401C2B06FEA09093046A4F1300CBCF1090F29D800
S21401C2C06446A34237DDB6F1FF3F07D080452FD342
S21401C2D001D1A1452CDB00FB0340012615F8014BDB
S21401C2E0E9E72B2C04BF2C78851CD6E7102BD8D178
S21401C2F0302CD6D1287800F0DF005828D1D16C78C0
S21401C30010230235CDE72B7803F0DF03582BF6D048
S21401C3100823C6E7A4F1410CBCF1190F01D8373C3C
S21401C320CFE7A4F1610CBCF1190F04D8573CC8E75C
S21401C3304FF0FF36D2E7731C06D12223CEF8003029
S21401C340304632B9BDE8F08307B14042002AF9D041
S21401C35006B1691E1160F5E76B77020013460A46BF
S21401C360014602480068FFF787BF00BF442100204E
S21401C3702DE9F04F85B09046464A029089461E4602
S21401C3800D462B4615F8014B175D17F00807F8D137
S21401C3902D2C41D12C7801279D1C002E41D1302C0B
S21401C3A04CD00A2607F1004A07F1FF3B0AF1FF3A93
S21401C3B0F3173246584651460393FFF74BFD019259
S21401C3C000228E46844611461046A4F13003092BFE
S21401C3D005D9A4F14103192B37D8A4F137039E429E
S21401C3E03DDD541C15D084457EEB010234D38E45C9
S21401C3F008BF844502D1019A9A422DDB039A714304
S21401C40000FB0211A6FB00020A44181842EBE37176
S21401C410012215F8014BD8E72B2C04BF2C789D1C64
S21401C420BBE7102EBED1302CBCD12B7803F0DF0336
S21401C430582BB7D16C7810260235B3E72B7803F06A
S21401C440DF03582BF6D00826ACE7A4F16103192BBD
S21401C45005D8A4F15703C2E74FF0FF32D9E7531CC2
S21401C4600AD1029A2223136058465146B8F1000FAA
S21401C4700AD105B0BDE8F08F17B1404261EB41012A
S21401C480B8F1000FF5D00AB105F1FF39C8F80090F0
S21401C490EFE700BF6B77020013460A4601460248E3
S21401C4A00068FFF765BF00BF4421002070B50D4D41
S21401C4B00D4C641BA4100026A64209D10B4D0C4C52
S21401C4C006F01EFD641BA4100026A64205D170BD11
S21401C4D055F8043B98470136EEE755F8043B984774
S21401C4E00136F2E708220020082200200822002058
S21401C4F00C220020024B0146186800F02DB800BF40
S21401C50044210020024B0146186800F061BA00BFC2
S21401C5104421002070B50F4E0C463168054611B90E
S21401C52000F02EFA30602146284600F029FA431C16
S21401C53003D14FF0FF34204670BDC41C24F0030421
S21401C540A042F8D0211A284600F01AFA0130F2D19A
S21401C550EFE700BF4C4E00202DE9F041CD1C25F041
S21401C560030508350C2D38BF0C25002D064601DBCA
S21401C570A94204D90C2333600020BDE8F081314F75
S21401C58000F0EAF93B681C4644BB29463046FFF7F3
S21401C590C1FF431C044650D13C682146002941D1C5
S21401C5A0002C44D02368304604EB030800F0E8F979
S21401C5B080453CD121686D1A29463046FFF7AAFF0F
S21401C5C0013034D023682B4423603B68002B36D0DF
S21401C5D05A68A24229D100225A600EE02268521BF4
S21401C5E01DD40B2A16D96119A342256018BF5960BC
S21401C5F0636808BF396062514B60304600F0B2F99B
S21401C60004F10B00231D20F00700C21AB5D01B1A37
S21401C610A350B2E7A3426268DED13A60EDE7234653
S21401C6206468B1E70C464968B8E71346CEE70C23C1
S21401C6303360304600F096F99EE70560DDE75B6003
S21401C640FFDE00BF504E00201FB514461A46094BA8
S21401C6501B680546D86854B9074B1C46CDE901341A
S21401C66000912B46054900F0B1F806F009FC044B91
S21401C670F4E700BF44210020B55402003B770200D6
S21401C6802E770200002310B50446C0E90033C0E946
S21401C6900433836081814366C2818361194608221F
S21401C6A05C3006F000FA0D4B63620D4BA3620D4B36
S21401C6B0E3620D4B23630D4B24629C4206D003F1CB
S21401C6C06802944202D0D0339C4205D104F158004E
S21401C6D0BDE8104006F0EFB910BD00BF69290200A1
S21401C6E08B290200C3290200E7290200544E0020CC
S21401C6F0024A0349034806F08EB900BF9421002080
S21401C700312E02004821002041680C4B994210B599
S21401C710044601D006F08CFBA168094B994202D071
S21401C720204606F085FBE168064B994204D0204678
S21401C730BDE8104006F07CBB10BD00BF544E002083
S21401C740BC4E0020244F002010B50B4B0B4C0C4A5E
S21401C7501A60204600220421FFF794FF04F16800C6
S21401C76001220921FFF78EFF04F1D0000222BDE865
S21401C77010401221FFF786BF8C4F0020544E002038
S21401C780F1C60100014806F097B900BFCF5000205E
S21401C790014806F092B900BFCF50002010B50446FC
S21401C7A0FFF7F0FF236A1BB1BDE81040FFF7F0BFAB
S21401C7B0044B2362044B1B68002BF5D1FFF7C4FF23
S21401C7C0F2E700BF09C701008C4F00200EB403B585
S21401C7D0014603AB054853F8042B0068019300F0AB
S21401C7E041F902B05DF804EB03B070474421002024
S21401C7F02DE9F7431D46574B1F6804460E469046E3
S21401C80027B13B6A13B93846FFF7C8FFB8F1020FE4
S21401C81006D0B8F1010F00F29A80002DC0F2978081
S21401C820636ED90705D4A3899A0502D4A06D06F0D4
S21401C83043F92146384606F0FBFA616B41B104F133
S21401C8404403994202D0384600F0C2F800236363DD
S21401C8500023A3616360A3891B0603D521693846BB
S21401C86000F0B6F8A38923F44A6323F00303B8F172
S21401C870020FA38161D001AB6A462146384606F015
S21401C8801DF9A3891843A0812DBB009D2846FFF7FB
S21401C89031FE0646002852D1DDF80090A94540D168
S21401C8A04FF0FF35B4F90C3043F00202A2810022AA
S21401C8B0A26004F147022260226101226261626E77
S21401C8C0D60704D4980502D4A06D06F0F6F82846DB
S21401C8D003B0BDE8F083002ED8D03B6A13B93846C2
S21401C8E0FFF75CFFB8F1010F08BFA389266004BFFC
S21401C8F043F00103A381B4F90C3013F00802C4E934
S21401C90004651ED0D90741BF00226D42A260A56111
S21401C91058BFA560626ED20701D49B0513D50025CA
S21401C920D5E74846FFF7E6FD06460028B8D0A389B6
S21401C93043F08003A3814D46CFE70025B2E7A94621
S21401C940F5E7A260E6E7A06D06F0B7F8E7E74FF077
S21401C950FF35BCE744210020014806F0ADB800BF12
S21401C960CE500020014806F0A8B800BFCE500020E7
S21401C970024B0A460146186806F039B844210020E1
S21401C98038B5064D0023044608462B60E8F792FEAC
S21401C990431C02D12B6803B1236038BD904F0020A1
S21401C9A038B5074D04460846114600222A601A4645
S21401C9B002F0CEFA431C02D12B6803B1236038BDC6
S21401C9C0904F0020014B1868704700BF442100209B
S21401C9D038B50546002941D051F8043C0C1F002B00
S21401C9E0B8BFE418FFF7B8FF1D4A136833B9636090
S21401C9F014602846BDE83840FFF7B4BFA34208D903
S21401CA00206821188B4201BF19685B6809182160EC
S21401CA10EDE71A465B680BB1A342FAD911685018C4
S21401CA20A0420BD120680144501883421160E0D126
S21401CA3018685B68536008441060DAE702D90C2373
S21401CA402B60D6E7206821188B4204BF19685B6803
S21401CA50636004BF091821605460CAE738BD00BF8F
S21401CA60504E00202DE9F04F0D469DB014469846D5
S21401CA70064618B1036A0BB9FFF790FE6B6ED9072D
S21401CA8005D4AB899A0502D4A86D06F015F8AB89D2
S21401CA901B0701D52B699BB92946304600F0FAF8E9
S21401CAA070B16B6EDC0704D54FF0FF301DB0BDE8EA
S21401CAB0F08FAB899805F7D4A86D05F0FEFFF3E774
S21401CAC00023099320238DF82930CDF80C803023DC
S21401CAD0DFF8AC818DF82A304FF0010923469A46DB
S21401CAE013F8012B0AB1252AF9D1BAEB040B0BD0A6
S21401CAF05B4622462946304606F059F8013000F0DA
S21401CB00A780099A5A4409929AF80030002B00F03F
S21401CB109F8000234FF0FF32CDE905230AF1010A79
S21401CB20049307938DF853301A935446052214F84C
S21401CB30011B5348E3F7F4FA049AD8B9D10644BF67
S21401CB4020238DF85330130744BF2B238DF8533021
S21401CB509AF800302A2B15D0079A544600204FF039
S21401CB600A0C214611F8013B303B092B4BD9B0B1D9
S21401CB70079214E0A0EB080309FA03F313430493A6
S21401CB80A246D2E7039B191D1B680391002BBBBF6E
S21401CB905B4242F0020207930793B8BF04922378E0
S21401CBA02E2B0AD163782A2B32D1039B1A1D1B68C0
S21401CBB0039243EAE37302340593DFF8D4A02178A5
S21401CBC003225046E3F7ACFA38B1049BA0EB0A0007
S21401CBD04022824013430134049314F8011B294870
S21401CBE08DF828100622E3F79BFA00283FD0264B43
S21401CBF01BBB039B073323F0070308330393099BEF
S21401CC003B4409936AE70CFB02320C460120A8E775
S21401CC1000230134059319464FF00A0C204610F8FC
S21401CC20012B303A092A03D9002BC6D00591C4E757
S21401CC300CFB012104460123F0E703AB00932A46CF
S21401CC40124B04A93046AFF300800746781CD6D1B4
S21401CC506B6ED90705D4AB899A0502D4A86D05F089
S21401CC602CFFAB895B063FF51FAF09981EE703ABA8
S21401CC7000932A46054B04A9304600F061F8E4E724
S21401CC806B7802007578020000000000AF2B0200EE
S21401CC907178020038B5294B054618680C4618B15C
S21401CCA0036A0BB9FFF77AFDB4F90C30190722D4E1
S21401CCB0DA0607D409222A6043F04003A3814FF025
S21401CCC0FF3033E0580712D5616B41B104F14403DC
S21401CCD0994202D02846FFF77BFE00236363A389AF
S21401CCE023F02403A3810023636023692360A389BF
S21401CCF043F00803A38123694BB9A38903F4207386
S21401CD00B3F5007F03D02146284605F0FDFEB4F9B1
S21401CD100C3013F001020AD00022A260626952426E
S21401CD20A261226942B913F08000C5D138BD9907C6
S21401CD3058BF6269A260F4E70020F7E744210020AB
S21401CD402DE9FF470F7E0C9E782F914680460C46B4
S21401CD509A4601F1430207D8622F0AD8002F00F045
S21401CD60DD80582F00F0C38004F1420684F842703B
S21401CD703AE0A7F16303152BF6D801A151F823F089
S21401CD80D9CD0100EDCD010069CD010069CD0100CD
S21401CD9069CD010069CD0100EDCD010069CD01002D
S21401CDA069CD010069CD010069CD010003CF010005
S21401CDB07BCE0100BBCE010069CD010069CD01002B
S21401CDC025CF010069CD01007BCE010069CD0100B0
S21401CDD069CD0100C3CE010033681A1D1B6832609D
S21401CDE004F1420684F842300123A8E03168236842
S21401CDF0081D30601E0601D50D6803E05D06FBD5F3
S21401CE00B1F900506168002D78DA2D20002984F8E8
S21401CE104300A1602DDA5E486D420A231646B5FB33
S21401CE20F3F103FB1157C75D06F8017D2F46BB42A0
S21401CE300D46F4D9082B0BD12368DF0708D52369E3
S21401CE4061689942DEBF302306F8013C06F1FF36E1
S21401CE50921B2261CDF800A04B4603AA214640460C
S21401CE6005F0F5FE01306FD14FF0FF3004B0BDE89C
S21401CE70F08723F004032360CDE7216833680806B2
S21401CE8053F8045B02D4490648BFADB26F2F404841
S21401CE90336014BF0A230823002184F84310666810
S21401CEA0A660002EBADB216821F004012160002D66
S21401CEB0B4D1002EB2D11646BCE7236843F0200356
S21401CEC023603448782784F84570236831681F0644
S21401CED051F8045B02D45F0648BFADB23160D90792
S21401CEE044BF43F0200323601DB11023D4E7284834
S21401CEF0E9E7236823F020032360F6E724480A23A2
S21401CF00CDE7336825686169181D30602E061B68F9
S21401CF1001D5196002E06806FBD51980002323615C
S21401CF20164697E733681A1D32601E68626800214C
S21401CF303046E3F7F5F808B1801B6060636823614B
S21401CF40002384F8433085E7236932464946404644
S21401CF50D047013088D023689B0714D4E068039B30
S21401CF609842B8BF184681E70123324649464046F3
S21401CF70D04701303FF478AF0135E36803995B1A77
S21401CF80AB42F1DCEAE7002504F11906F5E700BF3C
S21401CF907C7802008D78020038B5064D00230446E1
S21401CFA008462B6001F0B4FF431C02D12B6803B185
S21401CFB0236038BD904F002038B5074D0023044646
S21401CFC0084611462B6001F0A6FF431C02D12B68D0
S21401CFD003B1236038BD00BF904F002038B5064D21
S21401CFE00023044608462B6001F09CFF431C02D137
S21401CFF02B6803B1236038BD904F002038B5074D2C
S21401D00004460846114600222A601A4601F08FFFA0
S21401D010431C02D12B6803B1236038BD904F00201A
S21401D02038B5074D04460846114600222A601A46BE
S21401D03001F07FFF431C02D12B6803B1236038BD8A
S21401D040904F0020024B0146186805F020BF00BF34
S21401D0504421002038B5074D0023044608461146F2
S21401D0602B6001F061FF431C02D12B6803B12360E2
S21401D07038BD00BF904F0020F7B510220C460021A6
S21401D080054605F010FD03F022FC2044F3F7E8FA0C
S21401D090800B02D1002003B0F0BD03F018FC204441
S21401D0A0F3F7DEFA0307F5D52B4B1B78063B012B6E
S21401D0B035D803F00CFC2044F3F7D2FA801303288A
S21401D0C04FF00601204614D103F01DFD2118082259
S21401D0D0681CF3F7FFFA0821204603F014FD04222A
S21401D0E0211805F10900F3F7F5FA05236B73012002
S21401D0F0D1E703F008FD2044F3F7B2FA0646F2F74B
S21401D10081F8B04203D1F2F795F80146DFE76946A8
S21401D110304600F03DFB0028BCD06946D7E7062123
S21401D120204603F0F0FC271803F0D1FB2044F3F768
S21401D13097FA8013022805F1010614BF082202227D
S21401D1403946304605F0E8FB0821204603F0DBFCB3
S21401D1502358C5F80930C8E78E4B00202DE9F04367
S21401D16085B00746FE180C98C91A9B1ADCB21744FC
S21401D170431C8DB2A0460DF101020D3053F8041B7D
S21401D18042F8041B8342F9D11B78137049238DF8AA
S21401D190003068466BBAADF80E3000F01BFB9DF808
S21401D1A001305C408DF80140022422464FF0000910
S21401D1B01BE0C2F11003A8EB09019BB289B28B42B6
S21401D1C028BF0B4600201FFA80FC11186345C9B220
S21401D1D019D81A44D2B21F44102A4B441FFA83F9B5
S21401D1E003D1684600F0F6FA0022C845E1D812B12C
S21401D1F0684600F0EFFA012C4FF000020DD0012432
S21401D200A8463746D2E717F800C01DF801E08CEAB9
S21401D2100E0C0DF801C00130D5E70D9B009A1A607F
S21401D22005B0BDE8F0832DE9F0478EB004460AA8A4
S21401D230894603F05EFF09210746204603F063FC9A
S21401D2400646204603F06FFD0546002F66D10AA864
S21401D25000F0BFFA0F2239460DF1190005F023FC44
S21401D26001238DF8183003F032FB2044F3F7F8F968
S21401D270801302283FD00621204603F044FC0822F2
S21401D28021180DF11900F3F725FA4A460DF121018F
S21401D2900020F3F7F3F9042326448DF8253002AC79
S21401D2A00DF11808D5B39DF8273001338DF82730D6
S21401D2B098E80F00102DA94628BF4FF010091FFA55
S21401D2C089FA84E80F00A5EB0A05204600F082FAE9
S21401D2D05FFA89F9ADB2721E2046002312F801CF1B
S21401D2E010F8011B0133DBB281EA0C01994511707C
S21401D2F0F4D85644D6E70621204603F004FC204421
S21401D300F3F7AEF98046F1F77DFF4045B3D06946A5
S21401D310404600F03DFA0028ADD1702738460EB0E1
S21401D320BDE8F0872DE9FF4706460D4614461F4621
S21401D33003F10D094FF0010A15B904B0BDE8F087F5
S21401D340102DA84607F1010228BF4FF010080DF175
S21401D350010352F8041B43F8041B4A45F9D199F816
S21401D36000201A70684663BA01348DF800A0ADF843
S21401D3700E30A4B200F02EFA6A4606EB08013046DB
S21401D38010F8016B12F8013B884283EA060300F8A5
S21401D390013CF5D1A5EB080806465FFA88F5CBE710
S21401D3A08020704700F014BA2DE9F0478CB004468F
S21401D3B0EFF74AFD002860D000F0DAF9052840D1E1
S21401D3C008A803F096FE0D210546204603F09BFBB8
S21401D3D0064695BB08A80DF1100800F0FAF921469B
S21401D3E04046FFF749FE002847D00121204603F0BA
S21401D3F08AFB09218146204603F085FB0DF10C0AC4
S21401D400C7B23B465FFA89F231462046CDE9008A2B
S21401D410FFF7A4FE43462A4604215046FFF782FF43
S21401D420F11B43460122C9B2E019FFF77BFF0D212C
S21401D430204603F068FB039B235028460CB0BDE84A
S21401D440F08700F095F9042819D10821204603F049
S21401D4505AFB21180120F3F71FF90721054620463C
S21401D46003F051FB2A4621180020F3F707F9294655
S21401D47020460CB0BDE8F047D5E63525DDE770253A
S21401D480DBE72DE9F0478CB00446EFF7DDFCF8B199
S21401D49000F06EF905284FD10721204603F033FB33
S21401D4A0235C03F00703052B46D108A803F021FEF1
S21401D4B00D210546204603F026FB8046C5BB08A87D
S21401D4C004AF00F086F921463846FFF7D5FD08B9C6
S21401D4D035252DE00121204603F015FB0921824662
S21401D4E0204603F010FBC6B2A8EB06010DF10C09AD
S21401D4F03B460122C9B2A019FFF714FF33465FFA73
S21401D5008AF241462046CDE90079FFF727FE2A46F2
S21401D5103B4604214846FFF705FF0D21204603F050
S21401D520F2FA04222118484605F093FA0028CFD1D2
S21401D53028460CB0BDE8F08700F01AF904281CD183
S21401D5400721204603F0DFFA0721204603F0DBFA25
S21401D55021180020F3F7A0F807210546204603F01E
S21401D560D2FA411C21442A460120F3F787F82946BE
S21401D57020460CB0BDE8F04755E67025D8E710B553
S21401D580044600F0F5F8042808BF0020207010BDFE
S21401D59038B5084C00250423224629460620256076
S21401D5A0EDF7DEFFA580F5F7F9FBBDE83840FFF79C
S21401D5B0F9BE00BF944F002008B5002003F069F9BA
S21401D5C0003818BF012008BD38B5064C2568C5F3DC
S21401D5D00D0313B90620EEF713F823680133236011
S21401D5E0284638BD944F002010B5054C042322462A
S21401D5F000210620EDF764FF23689B03236010BD1E
S21401D600944F0020FFF7BBBFFFF7CEBE2DE9F047D2
S21401D61004460E46FFF735FF0546002840F08B808E
S21401D620002E00F08880012003F033F9064603F04F
S21401D6304EF92044F3F714F8020705D4484949483F
S21401D640EB22EFF79BFBFEE703F041F92044F3F7EB
S21401D65007F880130228F1D10621204603F053FA79
S21401D6602044F2F7FDFF08210746204603F04BFA57
S21401D67021180120F3F710F88046F1F7C9FD87421B
S21401D68004D0394B1B78053B022B36D8374E2C4637
S21401D690B088F2F78DFA8442B08836D3F2F788FA6A
S21401D6A00630002180B2F2F791FB814600283DD07A
S21401D6B0B38873B1F2F760FA0446B088F2F75CFA01
S21401D6C08246B088F2F774FA51460246204605F0C3
S21401D6D023F94846F2F750FA0446B088F2F768FA9A
S21401D6E0044439462046F2F7C1FF4246A11C0120F8
S21401D6F0F2F7C4FFA6F804901DE03306C6D54146EE
S21401D7003846F1F71FF9B0B910E0F2F735FA00EB39
S21401D71004094846F2F7A4FF09F1020182460120F6
S21401D720F2F7BAFF574517D1804507D801210D20DA
S21401D730F5F74AFB35252846BDE8F087B088F2F7AD
S21401D7401BFA044439462046F2F790FF4246A11CD4
S21401D7500120F2F793FFEEE70634A4B298E700BF84
S21401D7609E780200A45402008E4B0020944F0020A5
S21401D770014B1878704700BFED210020031F012BD5
S21401D7809DBF024B1870002070207047ED210020CD
S21401D79007B50023ADF8060001220DF10600F5F7E6
S21401D7A051FA03B05DF804FB38B5074D002428464E
S21401D7B00134F1F7F9FF0A2C05F10205F7D1BDE8AE
S21401D7C038400248F1F7F0BF38500020984F00204B
S21401D7D07047704710B586B00446EFF735FB05ABCA
S21401D7E002931023CDE9004302492246EEF73CFDA1
S21401D7F006B010BD004440048020704710B5074BAA
S21401D8001878074B1A68002304321C46D9B288429E
S21401D81000D810BD22F833400133F7E7E02100209D
S21401D820D42000202DE9F74F354CBDF830B09DF8D7
S21401D83038A015461F46627823789A428146884664
S21401D84006D1304B1B6803EBC2039B88002B52D1D9
S21401D85005EB0B00002180B2F2F7B8FAADF80090A4
S21401D8600646ADF804008DF806A08DF80380002862
S21401D87043D0F2F781F92A46394605F04DF830468D
S21401D880F2F77AF90D99204E5A46284405F044F8E5
S21401D8901AF0040F1B482CD025786378026831787B
S21401D8A0AB4213D16B46026803CB637842F835006E
S21401D8B002EBC507327879600133B3FBF2F102FB64
S21401D8C011336370002003B0BDE8F08F0FFA83FCBC
S21401D8D002EBC3075BB1013B52F8331042F83C1030
S21401D8E002EBC30EDBB2DEF804107960D6E74B1EFE
S21401D8F0F2E76578D6E73920E5E71820E3E700BFC9
S21401D900D0500020D4200020E021002070B5084D22
S21401D910084E00242A78E3B29A4200D870BD3068D7
S21401D92000EBC3000430F1F73FFF0134F2E700BF1C
S21401D930E0210020D4200020074B19785A788A422B
S21401D94001BF064B1B6803EBC203988806BFB0FAFB
S21401D95080F0400900207047D0500020D4200020DD
S21401D960F8B50446FFF7E8FF064638BB144D154FD9
S21401D97029783A6802EBC10398792070D8786071EB
S21401D98032F8312098886280F2F712F92A783B68DB
S21401D990E08003EBC2039888F2F7EEF82B783A683A
S21401D9A0A06002EBC30201339680074A1278B3FBEC
S21401D9B0F2F102FB11332B700120F8BD0020FCE7C9
S21401D9C0D0500020D4200020E021002030B58BB0BC
S21401D9D0044624252A46002101A805F064F82A46B3
S21401D9E00021204605F05FF820460BB030BD0368E5
S21401D9F013F4805F02D043F480630360036813F47A
S21401DA00005F02D043F400630360704708B5C36942
S21401DA1023B100231A4602F048FB08BD0180FCE74B
S21401DA2008B5E4F7C3FA30B58BB0044624252A4678
S21401DA30002101A805F037F82A460021204605F006
S21401DA4032F820460BB030BD036813F4805F02D075
S21401DA5043F480630360036813F4005F02D043F469
S21401DA6000630360704708B5C36923B100231A46F3
S21401DA7002F01BFB08BD0180FCE77047704770B5DC
S21401DA8084B00646084615461C4603A9EDF74CF930
S21401DA90034610B1184604B070BDBDF8243001939A
S21401DAA09DF82030009323462A460399304601F01C
S21401DAB0FEFC0346EEE738B5054600F040FA04469C
S21401DAC001212846ECF780FC204600F03CFA38BDE0
S21401DAD038B5054600F033FA044600212846ECF72F
S21401DAE073FC204600F02FFA38BD08B501F05CFD46
S21401DAF001F066FDECF7DAFCFAE708B501F03AFF4B
S21401DB00E7F716FA08BD704708B501F058FF08BDDB
S21401DB107047704770477047704708B501F02BFF94
S21401DB2008BD704770477047704770477047704729
S21401DB307047704770477047704708B501F095FF0A
S21401DB4008BD0020704700207047704708B500F0F8
S21401DB50ABF808BD08B5E7F7A1F8EBF7FDFEE7F768
S21401DB6007FAEBF79FFEEBF7E3FEEBF7ABFEE7F703
S21401DB7071F801F063F9E7F7EBF9E7F79BFBE8F7D4
S21401DB8049FAECF7EBFB08BD08B5E7F731FEE8F715
S21401DB90CDF9E7F7B7F8E7F755F900F0ACF808BDA7
S21401DBA008B5EAF7D5FA00F0F1FBEAF7E3FAEDF784
S21401DBB06BFEEDF787FEEDF7A9FE08BD08B5E7F7A2
S21401DBC069F908BD704708B5E7F730F808BD08B52C
S21401DBD001F07CFDEDF78EFE08BD704708B5E7F74E
S21401DBE00DF908BD08B500F05BF8ECF753FF01F03E
S21401DBF0FFFEEBF7FBFE00F0CDFBECF799F9EEF735
S21401DC0019FCFFF7EBFFE6F7E9FF08BD01207047B7
S21401DC100120704738B5E7F701F80446EDF78CFEAA
S21401DC20054600B1254601F06BFF044600B12C46BF
S21401DC30FFF7ECFF00B1204638BD38B5ECF7F2FC33
S21401DC40044601F05FFF042811D0022811D00025F8
S21401DC50E7F7F0F804280FD002280FD0FFF7D8FF17
S21401DC6004280FD002280BD06DB100240BE001254B
S21401DC70EEE700250124EBE70125EFE70124EDE7B8
S21401DC800124F1E70024204638BD7047704708B5E7
S21401DC900123042205210020E9F746FD002008BDE6
S21401DCA008B5FFF7F4FF08BD08B5002304220521D7
S21401DCB01846E9F739FD002008BD012801D00E20DD
S21401DCC0704708B5012304220A211846E9F72CFDFE
S21401DCD0002008BD20F07F4040EA8170704701298E
S21401DCE007D0022320F07F4040EAC36040EA8270FA
S21401DCF070470323F6E708B5082000F09AF8E7F71F
S21401DD0087F9082000F0A0F808BD00B583B000230D
S21401DD100093019301238DF80030FFF7DBFF01909C
S21401DD2008216846E7F72CF903B05DF804FBFEE727
S21401DD304FF4004070474FF47A7070470023036039
S21401DD40704703680B6001607047D0B18446C2B16A
S21401DD50B9B10020137883B100B501F1FF3E8645C5
S21401DD6006D90CF8013B013201301378002BF4D1AF
S21401DD7000238CF800305DF804FB00238CF800309B
S21401DD8070477047034648B1002001E00133013077
S21401DD90884204D21A78002AF8D1704700207047CA
S21401DDA008B54FF0FF31FFF7EDFF08BD80B170B544
S21401DDB00C461546064622B119B1FFF7F1FF84421B
S21401DDC000D870BD2A46211A3044FFF7BEFFF8E797
S21401DDD0704708B543680BB1984708BD2220FCE799
S21401DDE0704703681878704708B503681A78022ADE
S21401DDF000D008BD00225A80E7F78AFCF9E710B583
S21401DE0082B004682378022B04D0A379022B03D0B6
S21401DE100223237002B010BD00216079E8F79EF856
S21401DE20617920790023019300930A46E9F726FCDD
S21401DE30EEE74FF06041D1F8003E012282401343E5
S21401DE40C1F8003E002070474FF06041D1F8003E17
S21401DE500122824023EA0203C1F8003E00207047F7
S21401DE6000B589B084460E9807900D9806909DF8E7
S21401DE70300005900B9804909DF828000390002030
S21401DE800290019300920B4662460121E7F7A6FD38
S21401DE9009B05DF804FB8908002301E00430013372
S21401DEA08B4205D20268B2F1FF3FF7D000207047DF
S21401DEB001207047704708B50346084613F0030F64
S21401DEC002D111F0030F0AD09200194604F024FD86
S21401DED0002008BD53F8041B40F8041B013A002A31
S21401DEE0F8D1F5E710B582B0044601A8E9F748FF76
S21401DEF09DF8063023800123E370A370E9F76EFFD7
S21401DF006060002002B010BD08B5E9F79BFD08BDB2
S21401DF1008B5E9F787FD002008BD08B50A4641188F
S21401DF200139ECF785F808BD03300F2828BF0F200C
S21401DF300007704708B5E8F7A5F9013008BDEFF30B
S21401DF40108072B6704700B962B67047602383F3DB
S21401DF5011887047002383F311887047EFF311800F
S21401DF60602383F31188704780F311887047EFF3BD
S21401DF70108313F0010F05D1EFF311835F2B03D844
S21401DF8000207047012070470120704784B00B685D
S21401DF9003934B6802938B680193CB680093039BB2
S21401DFA00360029B0360019B0360009B03600023E8
S21401DFB0039302930193009304B0704730B40D6845
S21401DFC04C688A68CB68056004600260036030BCF8
S21401DFD0704730B405680468026803680D604C60D9
S21401DFE08A60CB6030BC704708B5FFF7E7FF08BD15
S21401DFF000B585B084460B4611F0030F0DD0EE46F2
S21401E000086849689A68DB68AEE80F0069466046AA
S21401E010FFF7EAFF05B05DF804FB00910099FFF7F2
S21401E020E3FFF7E708B5FFF7D4FF08BD10B584B0E6
S21401E0300C4611F0030F0BD06946FFF7F3FFEC46D1
S21401E040BCE80F0020606160A260E36004B010BD10
S21401E05000910099FFF7E6FFF8E738B50D46102A5C
S21401E0600AD000F1424303F580135B0100221A60D7
S21401E0702430FFF78BFF38BD00F1424303F58013D0
S21401E0805B0101221A6000F588742046FFF77EFFC7
S21401E09005F110012046FFF779FFECE730B589B0AE
S21401E0A086460C46154611F0030F2BD0082A16D0CB
S21401E0B0EC4608684968A268E368ACE80F00206986
S21401E0C06169A269E369ACE80F002A4669467046B1
S21401E0D0FFF7C3FF082D0AD008226B460DE0EC4679
S21401E0E008684968A268E368ACE80F00EDE7042217
S21401E0F0F3E7002243F8042B0A46511E002AF8D102
S21401E10009B030BD00910099FFF7A7FFF8E7704707
S21401E1107047704708B50020E8F7AEFE08BD08B5A1
S21401E1200120E8F7A9FE08BD70B505460E4614465F
S21401E130FFF705FF2B685C4034405C402C60FFF71E
S21401E14002FF70BD70B505460E461446FFF7F7FE92
S21401E1502B685C4034405C402C60FFF7F4FE70BDD9
S21401E16000F1424000F5801040010160704708B59B
S21401E170E9F7BEFC08BD41F0800181657047CB43DD
S21401E1805B0003F00A03C360C160704738B50546FB
S21401E1900C46E9F775FEA37C1BB12B6843F0804360
S21401E1A02B60E37C002B2CD1637B228A1343E2890C
S21401E1B013436B60237BA26861682846E9F71AFE61
S21401E1C0637D1BB12B6843F480332B60A37D1BB1A9
S21401E1D02B6843F400432B60E37D1B0703F0E04309
S21401E1E0227E120502F4E00213432B666B6F23F0C6
S21401E1F030036B676B6F627E13436B672378EB604C
S21401E20038BD217D2846FFF7B6FFCDE738B5054670
S21401E2100C46E9F735FE2A68238A43F00103A17B01
S21401E220002934D04FF480610B4313432B602B68D5
S21401E230227D002A2DD04FF0005213432B60A37C81
S21401E2404BBB237B43F480536B60A268616828460E
S21401E250E9F702FE637B0BB11023EB60637D1BB114
S21401E2602B6843F480332B60A37D1BB12B6843F4EA
S21401E27000432B60E37D1B0703F0E043227E12057B
S21401E28002F4E00213432B662378EB6038BD0021CD
S21401E290CAE70022D1E7E17C2846FFF76CFFD0E70A
S21401E2A0036913F0400FFBD04163036913F0200F9D
S21401E2B0FBD0C069C0B27047036913F0400FFBD0B2
S21401E2C041637047036813F0010F09D0836813F0A8
S21401E2D0020F05D1836813F0010FFBD101234360C0
S21401E2E070470B78002B3BD001234A78002A39D09F
S21401E2F0022213438A78002A36D04FF08042134315
S21401E300CA789AB3042213430A798AB308221343BC
S21401E3104A797AB3202213438A796AB34022134397
S21401E320CA795AB3102213430A7A43EA02334A7A65
S21401E33043EA02230A7B1AB34FF0004213438A7A58
S21401E34043EA0243CA7A43EA02610023826812F072
S21401E350010F17D047F22F52934213DC0133F5E732
S21401E3600023C2E70022C4E70022C8E70022CAE76A
S21401E3700022CCE70022CEE70022D0E70022D2E737
S21401E3800022DBE7016070470020704708B5F6F70A
S21401E39099FF08BD70474140012201E0184401324F
S21401E3A0032A08D8D30021FA03F34B4013F0030FD6
S21401E3B0F4D09B00F2E77047CAB110B58CB0144692
S21401E3C00022089209920A920B920792069205ABD6
S21401E3D0029307AB019306AB009308ABEAF70AF882
S21401E3E018B9099B6360079B23600CB010BD6FF0E2
S21401E3F086007047002070472DE9F843804689461D
S21401E40015461F46E9F7DEFE044600234360036017
S21401E410FFF795FD0646B9F1100F25D010224146AB
S21401E4202046FFF73BFE04F1800839464046FFF7D9
S21401E430DFFD3046FFF787FD012D17D00623A360C9
S21401E440236913F0020FFBD1FFF779FD0546089902
S21401E4504046FFF7EBFD2846FFF775FD2046E9F736
S21401E460BBFE0020BDE8F8830822D8E70523A36099
S21401E470E6E7002070472DE9F0410F4616461C4698
S21401E4800023236005256FF0960000E0013D85B16D
S21401E49078B1D4F800802246A6EB080107EB080005
S21401E4A0EAF708FA236843442360B342EED3002018
S21401E4B0ECE7BDE8F0817047002070470020704708
S21401E4C010B48468C3680B4454F82310084610F847
S21401E4D0023B497803EB012313605DF8044B704758
S21401E4E0012380F88830037803B9704710B50446D5
S21401E4F000F04CFB21462046EAF792FC204600F04D
S21401E50038FB10BD38B504460D46EAF771FC6B685A
S21401E510C4F8B032A968204600F06EFA4FF0FF3317
S21401E520C4F8B4322046FFF7C7FF38BD10B504461D
S21401E530D0F8B432B3F1FF3F09D0D4F8B432B3F116
S21401E540FF3F09D194F8B83243B9012005E000F045
S21401E550B0FBC4F8B402F0E7002010BD0020FCE7D1
S21401E56008B5EAF779FC08BD1038072801D801205C
S21401E570704700207047A0F11003072B00D8D8B2CF
S21401E580704708B50B782D2B04D000220138EAF726
S21401E590BFFC08BD012211440138EAF7B9FCF8E7CF
S21401E5A008B5072826D8DFE800F0060B1015191D58
S21401E5B00421012008BD00220820EAF7A9FCF9E79A
S21401E5C000221020EAF7A4FCF4E700222020EAF754
S21401E5D09FFCEFE70820FFF7D4FFEBE71020FFF7DB
S21401E5E0D0FFE7E72020FFF7CCFFE3E70846EAF78E
S21401E5F00BFDDFE70020DDE72DE9F04383B00C4695
S21401E60017461D460A9EDDF82C8021282BD8DFE808
S21401E61000F0112D445A71889EA22A2A2A2A2A2AF3
S21401E6202A2A2A2A2A2A2A2A2A2A2A2A2A2A2A2A44
S21401E6302A2A2AD3002211462046FDF78FFED8F853
S21401E6400030C0B245F82300D8F80030326805EB38
S21401E650830347F82230D8F800300133C8F8003079
S21401E66033680133336003B0BDE8F08300221146FE
S21401E6702046FDF773FED8F8003080B245F8230037
S21401E680D8F80030326805EB830347F82230D8F813
S21401E69000300133C8F80030E2E700221146204678
S21401E6A0FDF75CFED8F8003045F82300D8F80030B6
S21401E6B0326805EB830347F82230D8F8003001337F
S21401E6C0C8F80030CCE7002211462046FDF7CAFD07
S21401E6D040B2D8F8003045F82300D8F80030326848
S21401E6E005EB830347F82230D8F800300133C8F829
S21401E6F00030B5E7002211462046FDF7B3FD00B213
S21401E700D8F8003045F82300D8F80030326805EB19
S21401E710830347F82230D8F800300133C8F80030B8
S21401E7209EE7002211462046FDF79CFDD8F80030F2
S21401E73045F82300D8F80020336805EB820547F832
S21401E7402350D8F800300133C8F8003088E7336822
S21401E75047F8231084E74FF000098DF80690C84665
S21401E760012512E0013510E08DF8053008F10108A9
S21401E7701022002101A8FDF775FD09F10203E054FE
S21401E78009F101091FFA89F90135635D7D2B09D06D
S21401E790202BE7D018F0010FE6D18DF8043008F1F0
S21401E7A00108F1E784F800904FEA192984F80190EE
S21401E7B0336847F8234053E7336847F823104FE799
S21401E7C02DE9F04F87B09B460023059304938B45B4
S21401E7D000F38D8007468A4616461C461D46984617
S21401E7E002E04FF001080134385DFF280CD02028E4
S21401E7F0F7D0212805D0FFF7B7FE0028F3D005464D
S21401E800F1E74FF00108EEE781465C44B8F1000FEE
S21401E81008D0013C54456CDC002402943B46274654
S21401E820984645E045B1013C544564DC0024029419
S21401E8303B46474698463BE0A2455ED100240294FB
S21401E8403B462F46984633E043445B78FF2B0FD078
S21401E8502B2049E0039B43445B78FF2B4FD10127D4
S21401E86006E0029B01330293A94601E04FF0060938
S21401E87097B956F824104846FFF792FE002842D072
S21401E88004AB019305AB0093119B109A56F8241024
S21401E8904846FFF7B1FE0AE004AB019305AB0093CF
S21401E8A0119B109A56F824102120FFF7A5FE01347B
S21401E8B0544518DA5C45D9DB029B039318F80350DC
S21401E8C0202DC1D0212DC5D02846FFF74DFE0028AA
S21401E8D0C7D0039B43445B78FF2B12D12846FFF732
S21401E8E04AFE8146C4E7002007B0BDE8F08F21202C
S21401E8F0FAE72B20F8E72B20F6E72B20F4E72B206E
S21401E900F2E72B20F0E72620EEE708B5E6F7A8FEAB
S21401E91008BD2DE9F04784B081468A4690461D46DB
S21401E9200C9F0D9E04460EE018680F9B03930E9BEA
S21401E9300293019600972B4642460121FFF7E9FF15
S21401E940044618E00C342068A8B133682A6893425C
S21401E95011DA57F82310FFF7D8FF0028F2D13368F1
S21401E9600133336063681A7BFE2ADDD001230E9AD9
S21401E970137088F8003098F800305BB90F9B1B784D
S21401E98043B9BAF1000F09D001230F9A137088F822
S21401E99000304C46204604B0BDE8F0870024F9E775
S21401E9A038B50546002402E0EAF7DCFB013404EB47
S21401E9B0440305EB830055F8233023B1037A002B7B
S21401E9C0F2D00134F3E738BD10B539B1084612B1BB
S21401E9D0EAF7C8FB10BDFFF7E3FFFBE7D0F89C4062
S21401E9E000E02468002CF5D0A0680028F9D0FFF7D5
S21401E9F0D7FFF6E77047704759B10A790AB1002088
S21401EA00704710B501240C719C30FFF79AF9204627
S21401EA1010BD00207047F0B5A3B0054608461AAAF7
S21401EA2019A900F08AF9044610B1204623B0F0BDBA
S21401EA3000238DF80B300DF10B0301930DF10A0342
S21401EA40009303AB1AAA19A92846EAF7E9FC9DF830
S21401EA500B3013BB40B3466806F10C0711AB0193AC
S21401EA6009AB0093039B1AAA19993846FFF7A8FE2B
S21401EA7004460028D9D10495199B059309AB069342
S21401EA80039B0793089704A8FFF7B4FF336804A80D
S21401EA90984704A8FFF7AFFFC7E79DF80A2001468D
S21401EAA02846FFF791FFC0E72D24BEE700230B6041
S21401EAB01360D0F8AC32B3B3944690F8AC30A3B33D
S21401EAC000B54FF0010E002313E00133B3F5007FCC
S21401EAD00DD20A6801320A60DCF800200132CCF857
S21401EAE00020C21892F8AC200A2AEED101330EF1AA
S21401EAF0010ED0F8AC227245E8D805E0DCF800201B
S21401EB000132CCF800200133B3F5007F08D2C218D9
S21401EB1092F8AC200A2A0AD0002AEFD1012000E0A0
S21401EB2001205DF804FB002070470020704701209B
S21401EB30F7E770B505460024264600E0013405F1E6
S21401EB40AC0003F009FFA04207D92B1993F8AC30AB
S21401EB501BB10A2BF2D10136F0E7304670BD08B57D
S21401EB60405C00F0B6F808BD08B5082000F0B1F822
S21401EB7008BD10B50446D0F88C20002103F093FFA1
S21401EB800023C4F89030C4F8943010BD70B582B03C
S21401EB9004460EE02046FFF7CCFFC4F8AC0201AAFB
S21401EBA069462046FFF782FF009B2344002283F834
S21401EBB0AC2080212046FFF7E5F8451C04F1AC06A1
S21401EBC04FF400713046FFF7DDF8C0F5007085425E
S21401EBD0E0D8204603F0C0FE451C304603F0BCFEDC
S21401EBE0421C3146701903F044FF204603F0B4FE80
S21401EBF002462146304603F08FFE204603F0ACFE67
S21401EC0020440A2380F8AC300023C4F8AC3202B0AA
S21401EC1070BD30B583B004460D46FFF78AFFB5F1E7
S21401EC20FF3F13D0012D0FD1D4F8AC3283420BD263
S21401EC300133C4F8AC320123D4F8AC2202B9012363
S21401EC400BBBD4F8AC3203BB03B030BDD4F8AC3246
S21401EC5023B1013BC4F8AC320123EDE70023EBE717
S21401EC60082000F036F8202000F033F8082000F0E5
S21401EC7030F80135204603F06FFEA842F0D8204652
S21401EC80FFF777FFDDE70025F4E701AA694620468E
S21401EC90FFF70CFF0028D7D0009D06E0631993F814
S21401ECA0AC102046EAF7E6FC0135019BAB42F5D8ED
S21401ECB0CAE700B583B00DF10701002000F014F992
S21401ECC020B99DF8070003B05DF804FB4FF0FF3054
S21401ECD0F9E710B50446C1B2002000F0F2F808B911
S21401ECE0204610BD4FF0FF30FBE70FB400B583B0F0
S21401ECF004A951F8040B0191EEF756F8002003B071
S21401ED005DF804EB04B0704708B50B4601F1010C41
S21401ED1000EB0C0110F80CC0BCF1220F07D0BCF1BF
S21401ED207B0F04D0BCF15C0F01D0002004E0D21AA6
S21401ED30184403F09EFE012008BD2DE9F843054660
S21401ED408846914603F008FE0646002400E001349A
S21401ED502A192B5D202BFAD0C9F800200123C8F808
S21401ED60003030E07B2B14D0D8F8003003F180431C
S21401ED70013B621C2A4449F823202227012C06D98C
S21401ED802B1913F8013C202B01D0002B49D101345B
S21401ED9004E07D27F2E70134A64246D928192B5D07
S21401EDA0BB4209D05C2BF6D1324621462846FFF7F6
S21401EDB0ABFFC0B3013EEEE74378202B00D0BBBBD0
S21401EDC0222F21D00134A64229D92A192B5D7B2B6B
S21401EDD0C8D0222BC6D05C2B19D0202BF2D1002311
S21401EDE01370631CB342EDD2EA18EB5C202BE9D01A
S21401EDF0D8F80030072B1FDC49F82320D8F800305C
S21401EE000133C8F80030DDE700230370DAE7324645
S21401EE1021462846FFF778FF60B1013ED2E7002081
S21401EE2004E0212002E0212000E02120BDE8F88353
S21401EE302120FBE72120F9E71E20F7E710B582B075
S21401EE4000240094ADF8044002238DF8053068468E
S21401EE50E8F758F9204602B010BD70B50C461546C5
S21401EE60034630B15E684EB12A4621461868B0475F
S21401EE7070BDEAF799FD03460028F3D12320F7E792
S21401EE802DE9F04182B00E4617461C46054670B184
S21401EE908CB195B1D5F80880B8F1000F0FD0234694
S21401EEA03A4631462868C04702B0BDE8F081EAF725
S21401EEB07BFD0546ECE701ACEBE72320F4E72320D6
S21401EEC0F2E700B583B08DF8071001220DF10701B6
S21401EED0FFF7C3FF03B05DF804FB08B50B46014618
S21401EEE01846FFF7EEFF08BD08B500230122FFF71D
S21401EEF0C7FF08BD0EB400B582B003AA52F8041BC2
S21401EF000192EAF75DFD02B05DF804EB03B07047CD
S21401EF1000207047FEE74FF400534B600020704717
S21401EF2001207047012070474FF0FF3070470020E6
S21401EF30704700B583B00020019001ABFFF7A0FF3A
S21401EF40019810B103B05DF804FB4FF0FF30F9E70C
S21401EF5010B514460020FFF780FF204610BD03467B
S21401EF60A0B190F838201AB190F83C00022805D0DC
S21401EF7093F83C00042805D001207047012283F84D
S21401EF803C207047012283F83C20704701207047DF
S21401EF9080F82C10704790F82C00704790F83900D4
S21401EFA07047037E73B330B4037A03EB43031B014C
S21401EFB003F1804303F56223D3F89440C1680569E1
S21401EFC04B199C4213D0013C8C4201D26C1E0C445E
S21401EFD02346026B9A4212D01A78112A09D0132AB4
S21401EFE007D0013B8B42F4D26B1E0B44F1E70C4673
S21401EFF0E9E7112A14BF0022012280F834200463B5
S21401F00030BC704770472DE9F0411646002A5ED0A5
S21401F01004460D46037E002B6AD0037A03EB4303B6
S21401F0201B0103F1804303F56223D3F89430C168D2
S21401F03002690A44934212D067699F4211D09F42E7
S21401F04011D2DF1BB74228BF3746FEF787FF80463F
S21401F05094F82D30002B3FD03E46002210E00B46A0
S21401F060EAE7617EEBE7D71BECE7206B814212D023
S21401F070013E6369216B8B4214D001336361013217
S21401F080BA4212D261690B78112BEED0132BECD059
S21401F09005F8013BEDE7112B14BF0023012384F88B
S21401F0A03430E5E701312163E7E7216BE268236944
S21401F0B0134499420ED06169E26823691344994268
S21401F0C014D02046EAF73CFD4046FEF74DFF304699
S21401F0D0BDE8F0812263EEE73A466169284603F00F
S21401F0E01BFC63693B4463613E46E4E76261E8E713
S21401F0F00026ECE72DE9F04106460F4690461C46F1
S21401F100FEF72CFF0546424639463046FFF77BFFA1
S21401F11020602846FEF728FF236813B10020BDE8CB
S21401F120F0811B20FBE738B50546FEF708FF0446CD
S21401F13001212846EBF748F92046FEF704FF38BDC3
S21401F1402DE9F04704460F46154690F82C90FEF739
S21401F15005FF94F838302BB9FEF706FF00264FF06E
S21401F16001080EE0FEF700FF94F83B00FFF7DBFF17
S21401F170FEF7F4FE002384F83830EDE794F83430D7
S21401F1807BB9AE4221D294F82D30002BF6D0FEF793
S21401F190E5FE82462046FFF704FF5046FEF7E4FEF2
S21401F1A0ECE7B9F1000F02D03B780A2B08D0E369EF
S21401F1B0397820469847804658B901370136E0E746
S21401F1C0E3690D2120469847F1E7236A012120468D
S21401F1D098474046BDE8F08708B5FFF7B1FF002025
S21401F1E008BD38B50546FEF7AAFE044600212846A6
S21401F1F0EBF7EAF82046FEF7A6FE38BD10B5044642
S21401F20090F8393049B103B110BD90F83A00FFF7D4
S21401F2108AFF012384F83930F6E7002BF4D090F802
S21401F2203A00FFF7DEFF002384F83930ECE790F868
S21401F23038307BB910B50446036A0021984701238C
S21401F24084F8383094F83B00FFF7CBFF022384F8AC
S21401F2503C3010BD7047026CD36C43F00403D3649A
S21401F260704729B1026CD36C43F00103D364704735
S21401F270026CD36C23F00103D364036C01229A64FD
S21401F280704710B50446236C1B6913F0400FFAD083
S21401F29000231A4694F8491094F84800E8F744FA0F
S21401F2A000231A4694F84B1094F84A00E8F73CFA03
S21401F2B094F8503013F0010F18D194F8503013F031
S21401F2C0020F1CD1226CD36C23F00103D364226C91
S21401F2D0D36C23F00403D3640021206CFEF74FFFA8
S21401F2E00021606CE6F784FF002010BD00231A465B
S21401F2F094F84D1094F84C00E8F716FADDE7002371
S21401F3001A4694F84F1094F84E00E8F70DFAD9E72C
S21401F31008B5006CFEF7D0FF002008BD10B50468E4
S21401F320206C036C13F0010F0ED1042384F83C30DB
S21401F330237EA3B1637E13B194F82D30B3B9C36CA9
S21401F34023F00403C36410BD01238364236C1B698B
S21401F35013F0200FF7D02046FFF769FFF3E7C36CE1
S21401F36023F00403C36401232376ECE7002384F827
S21401F37035301321FEF7A0FF226CD36C43F0040353
S21401F380D364236CDB69DBB2112B04D0132B12D0B0
S21401F390132BD8D102E0012384F83430237A03EB0F
S21401F3A043031B0103F1804303F56223D3F8943032
S21401F3B0013B2363C7E7002284F83420E8E70138DD
S21401F3C040EA500040EA900040EA101040EA10205F
S21401F3D040EA10400130704770B504460D461E469F
S21401F3E01046FFF7ECFFB0F5807F38BF4FF4807012
S21401F3F042422240831803E04000424222408318E2
S21401F400AB42F9D33260049A1360059B186070BD55
S21401F41028B1B0FA80F0C0F11E00C0B270472020BB
S21401F420F9E708B5EAF75EFD08B5FFF7FAFF08BD8C
S21401F430EFF3108072B6704700B962B6704710B528
S21401F440FEF77DFD0446EAF79DFE2046FEF77BFDAE
S21401F45010BD704708B5FEF75DFE08BD70477047E2
S21401F4600120704708B54FF41670EBF70DF808BD8C
S21401F470D8B12DE9F04184B0884617461D460446AA
S21401F48000268683C683EBF741FBBDF82C3002933A
S21401F4909DF82830019300953B463246414620466A
S21401F4A0EBF7BCFA04B0BDE8F08122207047F0B556
S21401F4B087B00D4600218DF81710D0B117461E46AD
S21401F4C004468183C1830DF11701EBF74FFB9DF8CD
S21401F4D0173083B9BDF8343002939DF8303001936C
S21401F4E000963B46002229462046EBF797FA07B0DE
S21401F4F0F0BD2220FBE70320F9E738B5FEF72EFD25
S21401F5000546EBF7FDFD04462846FEF72DFD204691
S21401F51038BDF0B587B01E4600238DF8173090B37E
S21401F5200C46154607460DF11701EBF71FFB9DF834
S21401F530173053BB04A92046EBF7F6FBF0B9EBF7FF
S21401F540D9FB4FF47A720023A4FB0001FCF782FC7E
S21401F550C2F57A7292B2BA83B2F57A7F10D00023DE
S21401F560FB830499BDF8343002939DF83030019343
S21401F57000962B460A463846EBF750FA07B0F0BD20
S21401F5800023BB83EBE72220F8E70220F6E738B535
S21401F5900546FEF7D4FC044601212846EAF714FF87
S21401F5A02046FEF7D0FC38BD08B5FEF7D3FAFEF7C5
S21401F5B0EBFAFEF717FBFEF7F3FAFEF7FFFA08BDC4
S21401F5C008B5FEF7FFFAFEF7FEFAFEF700FBFEF7B8
S21401F5D004FB08BD704700B583B0034620F0030066
S21401F5E013F0020F0CD04FF6FF7343EA0143019369
S21401F5F004220DEB0201FEF7BAFD03B05DF804FB31
S21401F6006FEA01416FEA11410191F1E711F0010F33
S21401F61055D12DE9F04106460C46174610F0010F6C
S21401F6204FD1002A50D08446531C8E4603E00CF17D
S21401F630020C0EF1020E013B0BD0BCF800504FF647
S21401F640FF718D42F3D0BEF80020002AEFD04B2088
S21401F65038E0E8F7E7F9012F02D016F0020F07D0DD
S21401F66021883046FFF7B7FF70B902360234013FF2
S21401F670012F0DD827B121883046FFF7ACFFD0B94E
S21401F680E8F7E0F900201DE0E8F7DCF94B2019E087
S21401F69027F001084FEA48052A4621463046FEF77C
S21401F6A066FD20B92E442C44A7EB0807E2E7E8F7ED
S21401F6B0C9F94B2006E0E8F7C5F94B2002E0012026
S21401F6C070470120BDE8F0810020FBE708B500F097
S21401F6D0D8F908BD01207047704708B5022802D046
S21401F6E0022903D008BDEFF7B1FBFBE7EFF7B4FB48
S21401F6F0F8E738B50546FEF722FC04460121284600
S21401F700EAF762FE2046FEF71EFC38BD38B5054610
S21401F710FEF715FC044600212846EAF755FE20466A
S21401F720FEF711FC38BD70B584B00646084615468E
S21401F7301C4603A9EBF7F8FA034610B1184604B0C5
S21401F74070BDBDF8243001939DF820300093234608
S21401F7502A4603993046FFF78BFE0346EEE710B5BF
S21401F7600446FEF7D1F92046E4F722F810BD38B575
S21401F77004460D46FEF7CCF929462046FEF7D9F990
S21401F78038BD08B5FEF7C5F9FEF7D7F908BD38B597
S21401F79004460D46FEF7BFF929462046E3F7A8FFC3
S21401F7A038BD10B50446FEF7B8F92046E3F71AFF50
S21401F7B010BD38B504460D46FEF7AEF9294620467B
S21401F7C0FEF7B6F938BD10B50446FEF7AAF920468D
S21401F7D0FEF7ADF910BD2DE9F04F85B004460D4694
S21401F7E016461F469DF83880DDF83C909DF840A0EF
S21401F7F0DDF844B0CDF80CB0CDF808A0CDF80490F3
S21401F800CDF80080FEF78EF9CDF80CB0CDF808A043
S21401F810CDF80490CDF800803B4632462946204676
S21401F820FEF78AF905B0BDE8F08F08B5FEF77BF95B
S21401F830FEF780F908BDF8B504460D4616461F4684
S21401F840FEF772F93B46324629462046E4F75EFB50
S21401F850F8BD10B50446FEF769F92046E4F72EFB1D
S21401F86010BD08B5FEF756F908BD08B5FEF75DF9F7
S21401F870FEF761F908BD10B584B004461B0143F0DC
S21401F88006038DF808308DF809100DF10A010120E4
S21401F890F0F7F4FE0323019302AB00930623002244
S21401F8A00D21204600F0F5F804B010BD00B585B076
S21401F8B0120142F005028DF80C208DF80D10FF2381
S21401F8C08DF80E300323019303AA009200220D2126
S21401F8D000F0DFF805B05DF804FB10B584B004460F
S21401F8E01B0143F001038DF808308DF809100DF166
S21401F8F00A010120F0F7C2FEFF238DF80E30032324
S21401F900019302AB0093072300220D21204600F04D
S21401F910C0F804B010BD00B585B013469AB10322F5
S21401F9208DF80C208DF80D107BB108238DF80E3064
S21401F9300323019303AA009200220D2100F0A9F8E7
S21401F94005B05DF804FB3322EAE70A23EEE738B593
S21401F950044681684D7802310120F0F79DFE02468B
S21401F96029466088E4F758FA024629466088FFF778
S21401F970D2FF38BD704708B503790D2B0CD103783B
S21401F98013F0010F08D083681B7803F00F03022BD6
S21401F9900FD0042B01D033B108BDC388062BFBD191
S21401F9A0ECF766F8F8E7C388062BF5D9ECF7ECF820
S21401F9B0F2E7C388062BEFD1FFF7C9FFECE708B5DE
S21401F9C000F01BF800B908BD00F04BF8032803D07F
S21401F9D000F047F8042802D1ECF766F9F3E700F0E7
S21401F9E040F80628F8D000F03CF80728EBD1F3E7FA
S21401F9F0704708B5EFF74EFA08BD08B5EFF752FAAB
S21401FA0008BD08B5EDF7F2F908BD08B5EDF716FA29
S21401FA1008BD08B5F3F7EEF908BD08B5F2F7BEFB69
S21401FA2008BD08B5F1F70BFF08BD08B5F1F7FAFEFA
S21401FA3008BD08B5F1F701FF08BD08B5EFF7BAFB39
S21401FA4008BD08B5EFF7BFFB08BD08B5EFF7F2FB39
S21401FA5008BD08B5EFF7D6FB08BD08B5EFF7DEFB26
S21401FA6008BD08B5EFF7E0FB08BD08B5F1F7D2FF12
S21401FA7008BD08B5EFF7D4F908BD08B5EFF7B8F932
S21401FA8008BD08B5EFF75AF908BD08B5EFF732F922
S21401FA9008BD10B582B09DF814400194049C0094F2
S21401FAA0EFF70AFA02B010BD08B5F1F753FF08BD2B
S21401FAB008B5F3F78BF808BD08B5F1F72FFA08BDBE
S21401FAC008B5F1F745FA08BD08B5F1F7C9FB08BD59
S21401FAD008B5F1F7E0F908BD08B5F0F7D5FE08BDA1
S21401FAE008B5F1F7AEFE08BD08B5844608461146CE
S21401FAF06246EBF711FE08BD08B5EBF737FE08BD09
S21401FB00012070470420704703460088B3F900209F
S21401FB10002A02DB42001A8070474840FAE770B5B7
S21401FB2004460E46FEF70BFA054631462046FCF71C
S21401FB301FFF04462846FEF706FA204670BD38B574
S21401FB400546FEF7FCF904462846FCF7DBFC204692
S21401FB50FEF7F9F938BD10B5044608B1ECF72EF9F1
S21401FB602046FFF7ECFF10BD00F4E040B0F5805FE3
S21401FB7006D0B0F5005F01D0002070470120704725
S21401FB8001207047036823F47F4323F003030BB976
S21401FB90002070476FF0860070470B8813B102880B
S21401FBA0934208D10B6A4BB94B8853B142889342B2
S21401FBB009D1002070476FF0860070476FF086000D
S21401FBC07047002070476FF086007047002070472E
S21401FBD0002303604360704700230360436070475F
S21401FBE02DE9F041884614461F460022ECF7E0FC5A
S21401FBF00646F8B9D8F80050298801F4E043B3F571
S21401FC00804F0CD0EB6834EA03030BD197B13A4628
S21401FC1005F10C00ECF78EFA064658B104E024F024
S21401FC200104EFE76FF084060023C8F80030284689
S21401FC3000F0FDFA3046BDE8F08170B5044645682F
S21401FC408668284600F01FFB00B170BD284600F00C
S21401FC501CFB0028F9D115F0FF0F11D1CEB904F124
S21401FC600C00FFF78FFF0028EFD162884FF6F8737C
S21401FC709A4211D8238B012BE7D96FF08600E4E76F
S21401FC800021A06800F044FA0028E8D16FF0860051
S21401FC90DBE76FF08600D8E76FF08500D5E7F0B5B3
S21401FCA083B00C461546194600230B602046FFF725
S21401FCB0C4FF064610B1304603B0F0BD294601A880
S21401FCC0ECF72EFC06460028F5D12F683D46A446E3
S21401FCD0BCE80F000FC59CE8070085E807003B79E4
S21401FCE00BB9019BBB603B8B23F001033B830121D6
S21401FCF0384600F022FADEE738B5044615460379A1
S21401FD0023B1826A416A00F0A5FB40B9A3682B6063
S21401FD100221204600F011FA08B100232B6038BDFD
S21401FD2010B588B044685FEA142C11D1109C069473
S21401FD300F9C05940E9C04940D9C03940C9C0294B9
S21401FD400B9C01940A9C0094E8F710FF08B010BDC4
S21401FD506FF08600FAE741F2052398420BD9B0F519
S21401FD60105F25D1802926D0C02926D0B1F5807F05
S21401FD7025D100207047B0F5905F09D241F201030A
S21401FD80984210D0B0F5885F0DD06FF085007047AF
S21401FD90A0F5905080B22923C34013F0010F02D181
S21401FDA06FF08500704711F0070F0BD100207047E8
S21401FDB06FF08500704700207047002070476FF095
S21401FDC0860070476FF08600704738B5436A4BB9B6
S21401FDD004460D460120FFF7A2FE606228B1A56227
S21401FDE0002038BD6FF08A00FBE76FF08C00F8E763
S21401FDF0F8B505460E4614461146FFF7E6FF0746D8
S21401FE0008B13846F8BD22463146686A02F084FDDC
S21401FE10F7E72DE9F84304460A9E00882AB3884688
S21401FE201F469146FFF7A0FE10B3336813B94FEA99
S21401FE30C9033360356829462088FFF78CFF0446DE
S21401FE4080B90735EA08B9EBD50F14D1089B9A4259
S21401FE5014D84146384602F05FFD33680733DB08A5
S21401FE60099A13602046BDE8F8836FF08504F9E728
S21401FE706FF08504F6E76FF08604F3E76FF0890408
S21401FE80F0E710B584B044685FEA142C09D1089CE9
S21401FE900294079C0194069C0094FFF7BAFF04B0F5
S21401FEA010BD6FF08600FAE710B50446406A10B13F
S21401FEB0A16AFFF750FE00206062A06210BD38B54F
S21401FEC00446FFF7F1FF94F82030043BDBB2012B28
S21401FED009D80546E3694BB92C220021204602F0D9
S21401FEE0E2FD284638BD6FF09605F5E76FF09605FA
S21401FEF0F2E740B110B50446042100F01EF9204691
S21401FF00FFF7DDFF10BD704738B590F82030052BA0
S21401FF1017D104460379FF2B07D06BB9002520467D
S21401FF20FFF7CDFF00B9284638BDFFF7C8FF002808
S21401FF30FAD16FF08400F7E7806800F022FA0546F0
S21401FF40EDE76FF08800EFE708B90020704700B5CD
S21401FF5083B0012201A9ECF72BFB10B103B05DF8C9
S21401FF6004FB019800F05DF918B10198FFF7CCFF8A
S21401FF70F4E76FF09900F1E730B583B005460C461B
S21401FF80084600F087F800231A4601A92846FFF71D
S21401FF9027FE08B103B030BDA446DDF804E0BEE894
S21401FFA00F00ACE80F009EE807008CE80700238BE3
S21401FFB003F001032383019800F039F9EAE72DE9FC
S21401FFC0F04188B01D460023079306932B60002A54
S21401FFD05AD004460E469046B2F1005F57D206ABA1
S21401FFE007AA01460020FFF75AFE0746002833D12C
S21401FFF00798436A5BB3079A53880593536A05A922
S214020000029102F128010191926A0092424631461B
S2140200102046FFF736FF0746F0B9079A538853BBC8
S214020020BDF814305380059A4FF6F8739A4228D8D2
S214020030079E21463046FFF7B0FD074660B92A46BE
S21402004006993046FFF758FE074648B104E0636853
S2140200501B0A09D06FF0860706990798FFF749FF33
S214020060384608B0BDE8F0814146FFF7AEFE0746C7
S2140200700028C0D0F0E7059A9342D4D06FF08607E6
S214020080EAE76FF08507E7E76FF08607E8E76FF0C5
S2140200908507E5E710B50446C069FFF750FD242240
S2140200A00021204602F0FFFC10BD2DE9F041044677
S2140200B088461E4673B90027E06920B1FFF73FFD68
S2140200C00023E3612362E7612662A4F80080002031
S2140200D0BDE8F081154619460120FFF720FD0746C8
S2140200E020B13246294602F017FCE5E76FF08C0095
S2140200F0EEE7036813F4805F02D043F48063036084
S214020100036813F4005F02D043F400630360704791
S214020110421E6FF040439A4207D341B1B0F1804F7E
S21402012007D3002807DA00207047012070470846E8
S2140201307047002070470120704790F82030052B4A
S21402014030D8DFE803F0030C151E332E4B1EDBB24D
S214020150012B27D9042925D06FF087007047022982
S21402016020D005291ED004291CD06FF088007047C5
S214020170032917D0052915D0042913D06FF088005B
S2140201807047022908D005290CD004290AD0032971
S21402019008D06FF088007047C3691BB16FF0880003
S2140201A0704751B980F82010002070470529F9D011
S2140201B00029F7D06FF0880070476FF0880070470C
S2140201C030B583B005460023019300936A4601A921
S2140201D000F075F9044638B10099019800F06BF901
S2140201E04CB1204603B030BD009A01992846FFF76D
S2140201F0FFFD0446F0E702212846FFF79EFF04466D
S214020200EFE710B504460321FFF797FF28B9E36925
S214020210B3F1FF3F02D00133E36110BD6FF09600E9
S214020220FBE7C3690BB1002070470120704710B38B
S21402023038B5044690F82050032D03D0052D01D082
S214020240042D1AD1E369DBB1013BE3612046FFF7D7
S214020250E8FF38B1052D06D0042D08D0022120462D
S214020260FFF76BFF38BD2046FFF74EFEFAE7204643
S214020270FFF725FEF6E7002070476FF08800F1E7EB
S2140202806FF09600EEE70020704710F0FF0006D0F1
S214020290FF2801D0002070476FF0860070470020CC
S2140202A070470021704710B582B00C46FFF7F9FF81
S2140202B06A46FEF781F808B9009B236002B010BDBB
S2140202C0F0B587B00E461446FFF7EBFF07460D461D
S2140202D00023039304AAFEF76FF808B107B0F0BD37
S2140202E003AB019300962346002238462946E8F7D8
S2140202F0ADF9039BA342F1D06FF09800EEE700B58C
S21402030083B0FFF7CEFF6A46FEF756F810F18C0F61
S21402031003D0012003B05DF804FB0020FAE72DE9C4
S214020320F04184B0054688461746FFF7BAFF0646F0
S2140203300C462846FFF7E3FF01281CD00023009353
S21402034043463A4630462146E8F710F9B0B902AAC3
S21402035030462146FEF730F8054620B9029BBB42DE
S21402036005D06FF0980530462146E8F7CDF92846C5
S21402037004B0BDE8F0816FF08A05F8E76FF09805E3
S214020380F5E770B582B0FFF78CFF05460C466A4665
S214020390FEF712F810F18C0F10D028462146E8F727
S2140203A0B3F9064660B96A4628462146FEF704F8BF
S2140203B010F18C0F07D1304602B070BD0026FAE766
S2140203C06FF09806F7E76FF09806F4E72DE9F84322
S2140203D0089E23292FD904460D4690461F46ECF761
S2140203E041F98146C0B9A36843BB216A3960243DFE
S2140203F08D4226D3B1F5005F26D281B9C8F8003007
S214020400E3687360238A3380638A73806369F36068
S214020410A3693361E36973614846BDE8F883012046
S214020420FFF77DFBC8F8000088B13A6804F12401A2
S21402043002F072FAE4E76FF09809EDE76FF09809B8
S214020440EAE76FF09809E7E76FF09809E4E76FF0DC
S2140204508C09E1E72DE9F04109B3054614468846C2
S21402046002B3B2F5005F20D202F124063146012023
S214020470FFF755FB0746D8B103462A4621464046B3
S214020480ECF7FCF832463946A868FFF748FF044600
S21402049031463846FFF75FFB2046BDE8F0816FF035
S2140204A08604F9E76FF08604F6E76FF08D04F3E74B
S2140204B06FF08C04F0E708B5FFF74DFB08BD2DE999
S2140204C0F04385B004468846174600200390A66887
S2140204D003A93046FFF7E7FE054618B1284605B0E1
S2140204E0BDE8F08303990120FFF719FB814608B3A4
S2140204F0039A01463046FFF7E3FE054620B103990C
S2140205004846FFF728FBE9E700943B464246039934
S2140205104846FFF75BFF05460028F0D1D8F80030C2
S2140205202BB13B68002BEAD16FF09105E7E76FF03D
S2140205309105E4E76FF08C05D0E7704720B108B567
S2140205400A684968904708BD70470146002008E0DF
S21402055000EB8000531C0B60137803EB4003A3F1FF
S21402056030000A681378303BDBB2092BF0D97047AB
S2140205702DE9F04F83B005460E4693461F46DDF83A
S21402058030A00D9CDDF838900F9B13F0030F19D1A5
S214020590A0460192C84509D202F1010B3B463146FC
S2140205A02020A84708F101085A46F3E7DDF804B010
S2140205B008E0013C02F101083B4631461AF8040005
S2140205C0A8474246002CF4D10F9B13F0020F03D12A
S2140205D0104603B0BDE8F08FA2EB0B034B45F7D2F3
S2140205E0541C3B4631462020A8472246F4E72DE914
S2140205F0F04385B099460C9D0D9C9DF83880DDF839
S21402060040E0119F129E16F0020F21D17FB116F024
S214020610010F0CD0B8F1000F02D116F00C0F06D065
S214020620013F04E04FF0300C05F804C00134744575
S21402063001D21F2CF6D916F0010F09D0BC4207D200
S2140206401F2C05D84FF0300C05F804C00134F2E731
S21402065016F0100F14D016F4806F04D11CB1744536
S21402066022D0BC4220D00F9B102B36D00F9B022BE1
S2140206703ED01F2C0ED84FF0300C05F804C00134C3
S2140206801F2C07D8B8F1000F3AD04FF02D0C05F802
S21402069004C0013403960297019400954B46FFF777
S2140206A067FF05B0BDE8F083B4F1010C13D00F9BD1
S2140206B0102B0ED064460F9B102BD7D116F0200FAE
S2140206C0D4D01F2CD2D84FF0580C05F804C00134F1
S2140206D0CFE7023CC7E76446C5E716F0200FEAD12B
S2140206E01F2CE8D84FF0780C05F804C00134C0E798
S2140206F01F2CCFD84FF0620C05F804C00134B8E7BF
S21402070016F0040F05D04FF02B0C05F804C0013488
S214020710C0E716F0080FBDD04FF0200C05F804C055
S2140207200134B7E7F0B591B0169C189D1B9E0CB924
S21402073026F0100616F4806E16D064B34FF0000E44
S21402074012E00CF1300C5FFA8CFC0EF101070EF190
S214020750400EEE440EF820CCB4FBF5FCAC421BD3A4
S2140207601F2F19D8BE466446B4FBF5FC05FB1C4C8D
S2140207705FFA8CFCBCF1090FE3D916F0200F08D003
S2140207804127BC445FFA8CFCACF10A0C5FFA8CFC85
S214020790DBE76127F5E7274606961A9C0594199C1F
S2140207A0049403959DF85C400294019708AC00946B
S2140207B0FFF71DFF11B0F0BD2DE9F04F95B009907F
S2140207C00A910B929846DDF878B0DDF87C90229D6F
S2140207D0239F269E5BEA090201D126F0100616F434
S2140207E080641ED05BEA09022FD0002419E0303262
S2140207F0D3B204F1010A04F150020DEB020404F82C
S214020800203C2A463B4658464946FBF723FBAB4567
S21402081079EB07091BD3BAF11F0F18D85446834643
S21402082089462A463B4658464946FBF713FBD2B250
S214020830092ADCD916F0200F05D041231344DBB277
S2140208400A3BDBB2D5E76123F8E74FF0000A0696CB
S214020850259B0593249B049303959DF88030029371
S214020860CDF804A00CAB009343460B9A0A9909985C
S214020870FFF7BDFE15B0BDE8F08F00B9704708B5AA
S21402088000F001F808BD08B501460020FEF719FB86
S21402089008BD03280DD8022809D0032803D0012852
S2140208A003D0FCF77DBDECF789BEEDF737B8FCF751
S2140208B0A3BFFF20704743081F220BB99040704722
S2140208C003F0010141EA4000013A5B08F5E708B58A
S2140208D0E0F77EFA20B9E0F789FA0130C0B208BD27
S2140208E00420FCE710B50446E0F772FA40B1214650
S2140208F00120EFF7D1FEFFF7DEFFC0F3CA1010BDEE
S214020900E0F774FA38B12046EFF7AAFEFFF7D3FFF6
S214020910C0F30A40F3E72078F1E708B5E0F758FAA3
S21402092008B1042008BDE0F761FA0028F9D10220D8
S214020930F8E708B5E0F74CFA10B14FF4006008BDCE
S214020940E0F754FA0028F8D18020F8E737B50546D4
S2140209500C46E0F73DFA88B10DF10700E0F754FCCB
S2140209609DF80700E40144EAC040FFF7A4FF2946C9
S21402097002460120EFF782FE03B030BDE0F736FAFA
S21402098060B1C4F30A0444F40060FFF794FF010C5C
S214020990284603B0BDE83040EFF768BE2C70EBE7A0
S2140209A02DE9F74F0C9D0E9E019304469346BDF823
S2140209B034A0BDF83C90BDF840700091FFF787FF69
S2140209C004EB0008307A95F808C0019B4BEA8032A7
S2140209D042EA8C2212B20BB142F01002009B990737
S2140209E0009B48BF42F0200213F0010318BF42F0FA
S2140209F00802CA45019391B203D110B142F04002F7
S214020A0091B24046EFF732FE2A7A08F1030B2AB17A
S214020A1058465146EFF72AFE08F1050B2A7A022AB3
S214020A203ED158462988EFF721FE0BF1020B337AA6
S214020A303BB1CA4505D058464946EFF717FE0BF1BB
S214020A40020B337A022B36D158463188EFF70EFE68
S214020A500BF1020B019BABEB0406B6B2B3B33946FD
S214020A60009A5846FCF7CEFDFCF782FE0537804614
S214020A70FFF753FF3E44B6B28519FFF728FFA8F1E9
S214020A800503ADB2D3F1000848EB0308291A01EBBF
S214020A90880189B2204603B0BDE8F04FFFF756BF83
S214020AA0032AC4D12A68CBF800206A68CBF804204F
S214020AB00BF1080BBBE7032BCCD13368CBF8003025
S214020AC07368CBF804300BF1080BC3E7FFF725FF7A
S214020AD03E44B6B28519FFF7FAFEADB2291AD8E738
S214020AE038B581F0010141EA02120446BDF8101041
S214020AF000F8012B1D46EFF7B9FD2946E01CBDE8BC
S214020B003840EFF7B3BD73B500230C468DF80430BA
S214020B100646FFF7DCFE8DF80500FFF7D8FE02302A
S214020B208DF80600FFF7D3FEC51CEDB2032C8DF838
S214020B30075007D804F108030DEB030414F8040C5D
S214020B4002B070BD0D2C0DD1FFF7C1FE0446304633
S214020B50FFF7C8FE0546FFF7E0FE043D2C44241AC4
S214020B60A0B2EDE7FFF7B3FE3044EFF779FD10F4DD
S214020B70406F0246C0F3812310D1042C2846DFD0F2
S214020B80052CDDD0C2F38F31A9B9062CD8D0072C9C
S214020B90D6D0082C1FD1013080B2D1E7042C05F143
S214020BA00200CDD0022B01D1281DE9E7032B08BF96
S214020BB005F10A00E4E755065CBF831C98B2062CD2
S214020BC0BED0022902D1831C98B2E0E70329DED107
S214020BD000F10803F8E7130744BF053080B2092C7A
S214020BE0AED00A2CD7D00B2C01D10330D4E70C2C74
S214020BF001D10530D0E74FF6FF70A1E738B50C46B5
S214020C000546FFF764FE2044EFF72AFD80131DD049
S214020C10FFF75DFE2044EFF723FD8013022809D17B
S214020C20287206212046FFF76EFF2044EFF718FDD4
S214020C30288038BD06212046FFF765FF23582B6023
S214020C40221853686B6003232B72F2E72872F0E7D0
S214020C5038B50C460546FFF73AFE2044EFF700FD8E
S214020C6010F4406FC0F381231CD0FFF730FE2044FF
S214020C70EFF7F6FCC0F38120022809D1287204217E
S214020C802046FFF740FF2044EFF7EAFC288038BDF5
S214020C9004212046FFF737FF23582B60221853689B
S214020CA06B6003232B72F2E738B50C460546FFF756
S214020CB00EFE2044EFF7D4FC800B2FD0FFF707FE82
S214020CC02044EFF7CDFC430628D401232B760521DA
S214020CD02046FFF718FF2044EFF7C2FCA882FFF772
S214020CE0F6FD2044EFF7BCFC10F4406FC0F38123FE
S214020CF017D001236B7603212046FFF704FF20441A
S214020D00EFF7AEFCE88221462846FFF777FF21463A
S214020D1005F10A00BDE83840FFF79ABF00232B769C
S214020D20DDE76B76EFE770B50546FFF7D0FD2844A2
S214020D30EFF796FC02071ED5FFF7C9FD06462846C2
S214020D40FFF7D0FD092104462846FFF7DCFE0721FF
S214020D50361A2846FFF7D7FE2D5C05F007056B1FEF
S214020D605D425D41FFF7D9FD3444A4B2AD00201ABE
S214020D70401B80B270BDFFF7AAFD06462846FFF765
S214020D80B1FD092104462846FFF7BDFE361AFFF7D5
S214020D90C4FD3444A4B2201AEBE7F8B50D46092187
S214020DA00646FFF7B0FE34183046FFF7BCFF0328AE
S214020DB026D9E31CA47814F004041FD004EB4402E2
S214020DC0053282421CD8032101FB0434631C1C78C2
S214020DD004F00401241104F0040401EB8407214406
S214020DE008294FEA470602EB470209D0824207D893
S214020DF00DB1801A2870721C9818F8BD0422E6E716
S214020E000020FAE7F0B587B00C46054616461F46A0
S214020E10EEF7F8F922464FF6FF74034600950021D6
S214020E2004A8A5420CBF04240624FFF759FE344347
S214020E3066B99DF830300093CDE9017404AB052203
S214020E4000212846F0F782FF07B0F0BDFCF7B4FB9E
S214020E500028EED13820F7E72DE9F7430D460C219E
S214020E6091461E460746FFF74EFE04463846FFF7F3
S214020E705AFF8046EEF7C6F9484522D1384600F0BA
S214020E800CF9F0B109213846FFF73DFE3A5C121123
S214020E90013A3C44052A14D8DFE802F00316212959
S214020EA0343B2046EFF7DCFBD4F806100746D4F8AE
S214020EB002006B4603C36A46334639462846EDF7B8
S214020EC08DFE03B0BDE8F083002DFAD12046EFF781
S214020ED0C7FB314603B0BDE8F043ECF7F1BE002D88
S214020EE0EFD1304603B0BDE8F043ECF7CFBDA8F132
S214020EF00503DBB222463146284603B0BDE8F0437E
S214020F00EDF74ABE3146284603B0BDE8F043EFF798
S214020F104DBE3146284603B0BDE8F043ECF7FCBDB3
S214020F2038B50C46054609212046FFF7ECFD235C42
S214020F301B11052B02D0062B0DD038BD0A212046E8
S214020F40FFF7E1FD2044EFF78BFB01462846BDE89C
S214020F503840ECF7BBBD2846BDE83840EFF748BE40
S214020F6010B50C4686B0014603A8EFF77FFB236850
S214020F70CDF80E306368CDF81230FCF71DFB0A235D
S214020F8002460093012103AB0020FFF73BFF06B0A9
S214020F9010BD30B585B0044603A81546EFF766FBCC
S214020FA00221009103AB2A462046FFF72BFF05B02D
S214020FB030BD07B500230A4600930321FFF722FF40
S214020FC003B05DF804FB37B50D460446FCF7F4FAA9
S214020FD000950246234604210020FFF713FF03B0C4
S214020FE030BD07B500230A4600930521FFF70AFF26
S214020FF003B05DF804FB07B500230A4600930621FA
S214021000FFF700FF03B05DF804FB38B5092104467C
S214021010FFF779FD05462046FFF785FE024690B1AA
S214021020605D072809D8E0B1431E062B0BD8DFE81F
S21402103003F00C1C0A1E0A0A1E007E2819D07F28FE
S21402104019D07D280ED000200BE0022AFBD1FFF734
S2140210503EFC2044EFF704FB8013032814BF002055
S214021060012038BD042AEED9F1E7042AF6E7012A60
S214021070F4E7022AF2E7092AF0E708B5FFF753FE7B
S214021080042894BF0020012008BD08B5FFF74BFED8
S214021090052894BF0020012008BD38B50546FFF795
S2140210A042FE0538C4B209212846FFF72CFD2B5C08
S2140210B01B11013B052B11D8DFE803F0050A030CD0
S2140210C00303012038BD0A2C14BF00200120F9E7D3
S2140210D0022CF9E7E04300F00100F3E70020F1E715
S2140210E008B50246102300210120EAF739FA00204B
S2140210F008BD08B50246102300210120EAF7E0F9F0
S214021100002008BD4369406CDA1C1438B2FBF0F2CA
S21402111003EBC203CA1DB2FBF0F2013201EBC201BD
S2140211200333B3FBF0F3023300FB0310704738B50A
S214021130446905462146FFF7E5FF6A6CE31D143A4B
S214021140B3FBF2F3013304EBC304204438BD73B59A
S21402115006460D460024F36B01225B6901A9281995
S2140211609847019B013309D1736C043462196A40B3
S2140211705B421A42EFD0204602B070BD0024FAE766
S21402118070B505460C46E4F78DFFEB6B2046DB6830
S214021190BDE87040184770B5002586B00446056263
S2140211A0E369AB4202D8206A06B070BD666C20685E
S2140211B0E36B05225B6901A906FB0500984701A8B7
S2140211C000F012FC00F035FC10B1236A01332362F2
S2140211D00135E5E738B50446456C006804F140037E
S2140211E005FB0101E06B00F031FC05462046FFF7E7
S2140211F0D2FF284638BDF0B5054687B00026EC6912
S214021200013CB44203D80C46204607B0F0BD01B1FB
S2140212104C1E6F6C2868EB6B05225B6901A907FB05
S2140212200400984701A800F0DFFB00F002FC00284B
S214021230EAD101362146E2E7F0B50446466CE36B96
S21402124000685B6987B00D46052201A906FB05000A
S214021250984701A800F0C8FB00F0EBFB20B101A8FC
S21402126000F099FB07B0F0BD29462046FFF7C3FF02
S214021270676CE36B064620685B69052201A907FBDB
S2140212800600984701A800F086FB431CEAD0B54248
S21402129038BF0130E6E72DE9F043D0F824804FF658
S2140212A0FF7987B004460E46C84514BF454600255A
S2140212B00027E369BB4202D807B0BDE8F083E26BC1
S2140212C02368606CD2F814C001A9052200FB053021
S2140212D0E04701A800F088FB022806D0C8450CD1DA
S2140212E0721C29462046FFF775FFE3690135013770
S2140212F0B5FBF3F203FB1255DBE729462046FFF760
S2140213009BFFB0F1FF3F14BF024632460132E8E7C8
S214021310F0B5036887B006460025CC1A436CB4FBCA
S214021320F3F4F3693768706C5A1E954208D3706CF2
S214021330336800FB043007B0BDE8F04000F084BB21
S2140213400134B4FBF3F203FB1244F36B05225B6930
S21402135001A900FB0470984701A800F045FB00F0C5
S21402136068FB0028E3D10135DBE710B423F0030461
S21402137022449B070A44436C18BF04325B4282EA4B
S2140213800104234203D05DF8044BFFF7C1BF1046A9
S2140213905DF8044B70472DE9F041D0E90A369E42CB
S2140213A086B0044628D1C3694568142202FB135549
S2140213B0284606B0BDE8F0812068676CE26B331AF7
S2140213C0D2F81480B3FBF7F3052201A907FB03004A
S2140213D0C04701A800F008FB012804D0636C1D4436
S2140213E0013B3340ED1A31462046FFF791FF064691
S2140213F0A36AB342E0D1DBE70025F9E7F0B50025A2
S21402140087B004462E46E369B34202D8284607B0A0
S214021410F0BD636C276803FB0677E36B05225B6906
S21402142001A93846984701A800F0DEFA00F001FB51
S21402143058B1384600F008FB01462046FFF787FE03
S214021440636C143B834208BF01350136DBE708B5FF
S21402145008301346D1E90012F3F710F9012008BD4F
S21402146013B50C4600212176009361681346224686
S214021470F1F7CCFC18B1E37D03B1A07EA075A07D88
S21402148002B010BD73B500F1080516460C460DF104
S21402149007020968284600F0A3F9032E06D16368FE
S2140214A0834203D12168284600F080F9012002B069
S2140214B070BDD01E009B42424241187E824211D12C
S2140214C01A688A420ED85A688A420BD35A6901327F
S2140214D05A61D3E9030282423FBF986840F822105D
S2140214E001321A610120704710B5032A029C07D107
S2140214F0A26A5340626C5242134201D100F056F97E
S214021500012010BD08B5C36800209847BDE8084012
S214021510E4F7D0BD70B5002401281C7014BF042067
S2140215200220CC7D4243101D02F002024CB91AB1D1
S214021530012220F003001A7000F1080348681844DC
S21402154070BD1AB1012220F003001A700C7E00232F
S21402155001F12005DAB2944201D80020F0E735F80E
S2140215603320824203F1010606D901EBC30300F1E0
S2140215700802D8691044E3E7801A3346EAE773B5EF
S21402158090F8426005461C4630460DF10303FFF70D
S214021590C1FFEB6B012E5B690DD1324601A998475C
S2140215A09DF8033013B1BDF806300193BDF8043040
S2140215B0236002B070BD0122214602B0BDE8704031
S2140215C01847F0B5054687B04868EB6B00245B69A0
S2140215D002940E46012202A908309847274695F83B
S2140215E04230012B40F08480632C02D9029807B067
S2140215F0F0BD612C08D805AB224631462846FFF7D7
S214021600BEFF9DF814301BB305AB22463146284672
S2140216108DF81070FFF7B3FF95F84230012B059B4B
S21402162055D14FF6FF72934200F09680082205A924
S21402163004A800F060F9059B9DF81010C3F307227A
S214021640914240F08980DBB2029A1A44029283E009
S21402165095F84230012B30D103AB2246314628465C
S214021660FFF78DFF04AB621C31462846FFF787FF63
S21402167005ABA21C31462846FFF781FF102208233D
S2140216800DEB02010DF107008DF8073000F033F97B
S214021690102205A90DF1070000F02DF9039BDAB21E
S2140216A0002A52D19DF80720B2EB132F4DD1DDE967
S2140216B0043203EB0243029347E0302C2BD944E07A
S2140216C09DF80720B2EB134F3FD1049BF3E701339B
S2140216D042D0102205A90DEB020000F00CF9059B82
S2140216E09DF81010C3F30742914235D19BB2ABE787
S2140216F0312C3FF67BAF87D005AB224631462846D3
S214021700FFF73DFFBDF81430002B7FF47DAF95F850
S2140217104230012BA0D003AB224631462846FFF7C3
S2140217202EFF04AB621C31462846FFF728FF102323
S21402173020220DEB03010DF107008DF8073000F0B3
S214021740DAF8039B9AB2002ABAD095F84230012BF7
S21402175014BF012302231C44013440E713B50024BE
S2140217600194049C0094F1F7F1FE02B010BD13B58B
S21402177001240194049C0094F1F7E8FE02B010BD27
S21402178030B5446800234FF0FF329C4202D100235A
S214021790037230BD016801EBC30541F833206A606D
S2140217A00133F2E7C0E90012FFF7EABFF0B5456879
S2140217B000239D4211D0046854F83320B2F1FF3F53
S2140217C04FEAC30704EBC30608D0C2F313029142E2
S2140217D004D14FF0FF33E3517360F0BD0133E8E705
S2140217E0F0B5456800239D4202D14FF0FF300FE06E
S2140217F0046854F83340671C4FEAC30609D0C4F3A2
S2140218001307B94205D1240D14700368334458688F
S214021810F0BD0133E7E713B50446002301461B2259
S2140218200DF107008DF8073000F065F822689DF884
S2140218300730B3EBD26F0CBF0120002002B010BD00
S21402184013B500230446014620220DF107008DF849
S214021850073000F050F80DF107001A22211D00F0A3
S2140218604AF862689DF80730B3EB926F0CBF01200E
S214021870002002B010BD0068431C58425841704711
S214021880006810F07E0F0CBFC0F3C16000207047E6
S2140218900068C0F3D3107047006800F07F0001288C
S2140218A08CBF002001207047036813F07E0F14BF20
S2140218B0042008207047036813F07E0F03D14068A7
S2140218C020F07C40704713F078001CBF03F07F03C3
S2140218D0D81F7047006800F07F007047032809D0C1
S2140218E0022803D1C1F10201C8B2704700290CBF19
S2140218F00720002070471F2A0B689EBF4FF0FF315B
S21402190091408B43590801F055315B1A03F033318D
S2140219109B0803F033330B44017803EB13130A449A
S21402192003F00F334FF001314B43A2EB1362027008
S214021930704737B501F10C04436905466946012232
S21402194020469847BDF8003001930122AB6901A9F1
S2140219502046984703B030BD37B501F10C04436901
S21402196001226946054620469847009B4FF6FF72BD
S21402197099B291420DD11B0C1B0443F4254343F04C
S214021980A50301930122AB6901A92046984703B03B
S21402199030BD0020FBE737B504461B22011D00259B
S2140219A00DF107008DF80750FFF7A5FF60689DF858
S2140219B00720B2EBD06F03D120F0784003B030BDE1
S2140219C00DF107001B2204F108018DF80750FFF7FE
S2140219D092FFA0689DF80730B3EBD06F01D1C043E9
S2140219E0EAE74FF0FF30E9E703684BF29A22B2EBE0
S2140219F0134F10B5044613D19BB2012B13D1FFF738
S214021A00CAFF01300CD0E0684FF6FF72B2EB104FFF
S214021A104FEA104309D180B2C01A18BF012010BD88
S214021A202368013303D00420F9E70220F7E70320F6
S214021A30F5E701288CBF00200120704703380128F3
S214021A408CBF002001207047143070472DE9F0410A
S214021A5005469846036908460E46174698470446C2
S214021A6038B943463A4631462846F2F7E3FE04467C
S214021A7018B131462846FFF75CFF2046BDE8F081E4
S214021A8002207047002070470120704700207047F0
S214021A900020704701207047F9F726B9084611461C
S214021AA0F3F734B870B505460C4611461A46F2F7F7
S214021AB035FF06682B462046B446BDE870406047B0
S214021AC010B5F2F72BFFBDE81040836818470023D5
S214021AD0F2F782BF08B500F028FD002008BDF5F732
S214021AE013BD4942FFF7FBBF70B504460D461646C6
S214021AF04FF4881100F087F9324629462046BDE8A1
S214021B00704000F057BB7047431E012B03D9031FDA
S214021B105842584170470120704700F067BB4FF4A7
S214021B20A472002100F0BFBF10B500210446FCF7E6
S214021B300CF82046BDE81040F8F7A6BDF7F740BF00
S214021B4000F092BC00F0A0BCD0F88C0070B5C4685F
S214021B50002324259C4201D1012070BD826805FB2A
S214021B600322D6898E4202D8128A8A4201D20133D1
S214021B70F0E70020F1E7F8B505460E46F2F788FFD3
S214021B80D5F88C307BB15B696BB1F5F7E1FBD5F824
S214021B908C305B691B1A584240F26B124FF04201BE
S214021BA05841F3F7A1F9F76800224FF6FF734FF09A
S214021BB0240CD0B2B84208D31C4621462846F3F776
S214021BC0F7F800F016FB2046F8BDB1680CFB0011D2
S214021BD0CC899C4202D2002CEFD023460132E8E7A1
S214021BE0008B70470A7838B505461046FFF78CFF1B
S214021BF060B14C782046FFF787FF38B1224353077F
S214021C0004D42846BDE83840F8F70EB9012038BD9E
S214021C1010B504460878FFF777FF58B14A781046A1
S214021C20FFF772FF30B1042A04D02046BDE8104008
S214021C30F8F732B9012010BDF7F768BE10B4BDF848
S214021C40044001945DF8044B00F036BDF7F7D2BFAE
S214021C5038B504460D46F3F7ABF828B929462046B0
S214021C60BDE83840F7F79ABF38BD70B504460D4652
S214021C701646F3F79DF830B9324629462046BDE8A7
S214021C807040F6F799BD70BD70B516460C46FCF767
S214021C9056F9314605462046F6F780F904462846A8
S214021CA0FCF751F9204670BD052A2DE9F04106469B
S214021CB00C4615461F462BD8FFF792FF2146804654
S214021CC03046F3F775F8044638B9F7F703FF38B924
S214021CD041463046F3F76CF802242046BDE8F08110
S214021CE001210846F2F712FF204600F080FAF5F7C7
S214021CF0CBFC3846F7F75AFD6FF029032B41DB077A
S214021D00284602D4F5F732FDE7E7F5F767FDE4E784
S214021D100124E2E738B5044648880D4600F067FA23
S214021D20D4F8A0302BB929462046BDE83840F8F74B
S214021D30E9B8022038BD00F05BBA00F0E6BB73B526
S214021D40044600200D4600F052FAD4F8A060694618
S214021D502046FFF7F2FF5EB99DF800102A4620469D
S214021D60E6F7D6F80146204600F09BFB02B070BDAF
S214021D7000231A4629462046B047F7E71FB5002338
S214021D800393CDE9013368461368009314468DF831
S214021D900C10F7F799FD009B236004B010BD1FB529
S214021DA00023CDF80630CDF80A30ADF80E30ADF887
S214021DB004101368009369461446F8F719F8009B56
S214021DC0236004B010BDF4F74BBD38B504460D468B
S214021DD0FCF7B5F800232563E362BDE83840FCF75C
S214021DE0B2B838B505460C46FCF7A9F82B6B1C4072
S214021DF0EB6A2343EB62FCF7A6F8211E18BF01210B
S214021E000020490238BD38B504460D46FCF797F85F
S214021E10236B1D40E36A23EA0505E562FCF793F8A7
S214021E20284638BDC06A70477FB504460E4600F0A5
S214021E304CFA431EDBB2FD2B05464FF488112046B2
S214021E4088BF0096FFF7DFFF2A466946204600F065
S214021E509DF904B070BD10B501210446FFF7D3FF0B
S214021E602046BDE81040F5F7FBBE73B50D78064672
S214021E700C4635B304238DF8043023798DF80530EB
S214021E8001A93046FFF7C4FE0546B8B92278A37901
S214021E9052BB8DF80430E3798DF8053001A930463F
S214021EA0FFF7A0FE054648B923783BB16188304665
S214021EB0F8F72AF90121304600F03EFB284602B028
S214021EC070BD294600F038FB2946304600F061FB1B
S214021ED02946304600F062FB2378002BCAD12379CC
S214021EE08DF804306379C9E702228DF80420D3E71F
S214021EF0F8F748B9F8F762B900F070BB00F08FBB8C
S214021F0000F051BB08461146F3F754BCF8F7F8B98F
S214021F1070B5144686B005460E46122200210DF113
S214021F20060000F0C0FD2368009369462846ADF817
S214021F30046000F04FFB009B236006B070BD0846AD
S214021F40F3F764BBF8F7D6BA38B50446154609B1B6
S214021F5000F083FB25B12046BDE83840F8F7D2BA38
S214021F6038BD084611461A46BDF8003000F041BAA0
S214021F700846F5F78BB800F087B9F4F717BF08479D
S214021F80022A01D800F010BC01207047022A01D8AC
S214021F9000F01BBC01207047022A01D800F027BCC3
S214021FA00120704738B504460D4600F0FAFB28B10A
S214021FB029462046BDE8384000F028BC022038BD3D
S214021FC070B504460D46164600F0EBFB30B13246BD
S214021FD029462046BDE87040F8F782BF022070BD51
S214021FE0F8F7F8BF0846F9F717B800207047002040
S214021FF070472DE9F74F1C469DF830300193036871
S21402200003F00703063301259D400646174605F1F1
S214022010FF380B46A1B1416804EA080BA5EB0B0A90
S21402202041F00059524509EB0B0114D952461846A5
S21402203000F072FC7A1B5A444946504400F06CFC8D
S214022040019B2BB13C4448EA050804EA0804F46004
S21402205003B0BDE8F08F1846F0E737B500250095C7
S2140220601446FFF7C6FF204603B030BD2DE9F04FF9
S21402207085B00646BDF838A0894617469846052517
S214022080002447F6FF7B3F2D9ABFC5F14000C0B241
S2140220902846CDF800A043463A46B9F1000F1CD0B8
S2140220A03146F3F711FF5845B8BF2C4605F10A052D
S2140220B0EDB2B8BF8346872DE5D1631F621DDBB242
S2140220C0002547F6FF7B0392039A93420BD93F2DD6
S2140220D028D9284605B0BDE8F08F01463046E0E72D
S2140220E00146304614E01A06F1D4012B38BF01230C
S2140220F03F2B98BFC3F140001C468CBF1846C0B2A7
S214022100CDF800A043463A46B9F1000FE8D0314672
S214022110F3F7DAFE5845ACBF584625460134E3B21B
S2140221208346D1E7C5F14005EDB2D2E70228F7B5FE
S2140221300D4616461F4617D10093002013460A4640
S2140221400121FFF793FF33462A4600210097FFF747
S2140221508DFF009733462A4601210446FFF786FF85
S21402216044EA002003B0F0BD4FF0FF30FAE7D0F8A3
S21402217090304BB15B693BB11B689A1C08BF4FF0AD
S214022180FF330B60002070470120704738B50D689A
S21402219004462846F3F75CFCD4F8903043B15B69FA
S2140221A033B1013504BF6FF001020A600A681A6093
S2140221B0002038BD7FB5D0F8943005460C4616464A
S2140221C023B11A6812B1D868F3F7ACFBF3F7BEFF77
S2140221D03246009069462846FFF7D8FF0CB1009BAE
S2140221E02360002004B070BDF8F726BD7047704724
S2140221F070477047704738B50D460446F5F7A8F89D
S214022200AC4042F2107364095C436423B0FBF3F003
S214022210B4FBF0F038BD022807D0062807D00038F5
S21402222018BF01204042C0B270470120704700200C
S214022230704730B51F23B0FBF3F35D1CEDB24FF0D1
S214022240FF34C3EB4313AC40C01AE4430130E4B29C
S214022250C0B21460086030BD70B505460E46C0B206
S21402226001F00F01FFF7C7FFC6F303110446C5F3DB
S2140222700720FFF7C0FFC6F303210444C5F3074057
S214022280FFF7B9FF204470BD08B5F4F7D1FCBDE8EE
S2140222900840F4F757BD10B50446F4F7C9FC84426B
S2140222A088BF01F1FF31204601F00301BDE810406E
S2140222B0F4F748BD38B50446FFF7E6FF0546FFF7D4
S2140222C0E3FF431BA342FAD338BD00207047F7B59D
S2140222D044F20802B2EB114F05460C468FB24FEAA3
S2140222E011430ED0B3F5045F14BF02260126D5F8BB
S2140222F090300BB1196831B9D5F88C307BB92068AB
S2140223000BE00026F3E7334668463A46F4F726FF24
S2140223109DF804300098002BEED103B0F0BD19688A
S2140223200029ECD0334668463A46F4F717FF9DF884
S21402233004300098002BE2D1EFE70320F7F766BBE4
S21402234010B5044651B10B6843B15B6833B11A68E5
S214022350032A03D99C6A640E204610BDFBF7EFFDE4
S21402236001462046F5F7A2FB04460846FBF7EBFDBE
S214022370F2E738B14FF47A735843A0F6AC50401ADD
S214022380F5F7BABC4CF25030FAE7F6F7A7BCF6F708
S214022390A5BCF6F7A3BCF6F7A1BC7047436B03F0E7
S2140223A06003402B0DD0602B03D0203B584258418F
S2140223B0704749B10B68012B06D9486940F0010005
S2140223C0704740F20110704700207047034670B114
S2140223D00268022A0BD9426A12F47F4FC2F3072020
S2140223E006D01B6AD2B25A43B2FBF0F07047002006
S2140223F07047F0B5144687B01E460F4619B900243A
S214022400204607B0F0BD002AF9D00028F7D001A96F
S214022410F3F7D0F90028F2D0BDF80630BDF8085020
S214022420A2199A42C4BF9B1B9CB2B54212D9039909
S214022430AD1BADB23144A5420391ADF808500DD2A2
S2140224402A46384600F068FA0499621B781900F0AA
S21402245063FAD5E70499761B31440491224638463E
S214022460F5E70220F4F7CEBBD0F894304BB11A68E9
S214022470022A06D993F8250028B11B6AB3FBF0F0AE
S2140224807047FBF75EBB704708B50146D0F894006C
S214022490FFF79CFF20B9BDE808400846FBF753BB90
S2140224A008BD10B590F8D0300E2B04462BD001751F
S2140224B0D0F8900020B3D4F8A0304BB994F8D930B5
S2140224C08B420BD320460022BDE81040F7F774BDBE
S2140224D0B4F92420B0F912309A42F3DD94F8D910F8
S2140224E000222046F7F768FD60B9C4F8900020463F
S2140224F0FFF776FB01462046BDE81040F2F758BCCF
S214022500FF23637510BD0220FCE70346D0F8D00017
S2140225100860B3F8D4308B800020704790F8D03033
S2140225200E2B14BF407DFF20704708B5FFF705FF4E
S214022530BDE80840F5F7DEB838B505460C46F8F7AC
S21402254087FC88B10CB1002038BD4FF400612846E4
S214022550F7F714F800224FF480712846F6F7FAFFD0
S214022560003818BF0120EFE74FF400612846F7F75E
S21402257005F840B1002CEDD095F8CA30002BE2D118
S2140225804FF48072E7E72202E5E74FF48071F6F730
S214022590F5BF4A024FF40071F6F7DCBF8A024FF429
S2140225A08061F6F7D7BF70B586B00D46012001A947
S2140225B01646F3F7FFF8044648B1BDF80640B442A3
S2140225C028BF3446224629460120F2F761FF2046FC
S2140225D006B070BD04238B71002070473F2B08465F
S2140225E010B5114619D9B3FA83F3C3F11902D2B260
S2140225F0062A01D8192B0ED0062A28BF0622931DBA
S214022600DBB201249C40A4B2A14228BF2146F2F7C5
S214022610BBFE204610BD0022F1E70024F9E713882E
S2140226203F2B10B5084616D9B3FA83F3C3F1190146
S214022630C9B2062901D8192B0BD0062928BF0621B4
S2140226408C1DE4B20123A3401380F2F7BBFE0020E8
S21402265010BD0021F4E70120FAE7F6F7EDBF10B54A
S214022660084614460121F4F781FE20460121BDE802
S2140226701040F4F77BBEF8B504460E461746FBF745
S2140226805EFC3A4605463146204600F01BF90446F3
S2140226902846FBF758FC2046F8BD02207047032068
S2140226A07047F4F7A7BA10B5F8F728F9044608B940
S2140226B0F6F774F8204610BD2DE9F04F85B0D0F835
S2140226C08CC00293BDF838300393BCF1000F44D09F
S2140226D0DCF80C300193002528464FF02409A1F1BE
S2140226E0080A019BAB4204D11080002005B0BDE869
S2140226F0F08FDCF8084009FB0544B4F80E80238A04
S21402270000934346009E9E4201D20135E9E7029EAF
S214022710B34210D3039EB3420DD80026B7B2B842D6
S21402272004D81688864209D10120DFE701363AF836
S21402273036709F42F2D101339BB2E3E7D4E90167D8
S21402274001EBC00BA3EB080E21F8303007FB0E6638
S2140227500130CBF8046080B2EDE70220C6E770478E
S21402276070B505460E461446FFF744FD3146284628
S214022770FFF701FAFFF73EFD04F00903082B04D128
S2140227800C2C1CBF24F00804A4B221462846F7F7F6
S21402279037F900224FF400312846F6F7DBFE002018
S2140227A070BD8021F6F7EABE7FB5531C05AAADF8C8
S2140227B01410029202210022CDE90021DBB211465A
S2140227C0F6F7E6FE07B05DF804FB7FB5531C05AAD4
S2140227D0ADF81410029204210222CDE90021DBB2E8
S2140227E000220121F6F7D4FE07B05DF804FB1FB500
S2140227F0531C029100220821CDE900210122DBB2FE
S2140228001146F6F7C5FE05B05DF804FB08B5CA0624
S2140228104FF00061F6F79EFE002008BD07B591F85E
S2140228202830009391F82B3091F8292091F82A103D
S214022830F8F7ECFA03B05DF804FB38B50546F7F78F
S214022840D9F804462846F7F7B3F8072811D1D5F881
S2140228509030DB6924F47F4121F0080103B15B78F4
S21402286041EA032141F020012846BDE83840F7F747
S214022870C7B824F02001F7E7002070472DE9F041A1
S2140228801F46164605468846E2F7D6FCB0FBF7F426
S2140228907443631C13D043462A4639463046F8F73B
S2140228A027FC022D04D1F8F7E7FB2046BDE8F081AD
S2140228B0032D02D1F8F7F2FBF7E7F8F7FBFB4FF030
S2140228C0FF34F2E7F7B505460F4668461146F8F7B5
S2140228D0A7FD064698B197B1DDE900311B0A43EA27
S2140228E00163A5FB0343090A05FB0135F4F730FD36
S2140228F00023024629462046F9F7ACFA38603046ED
S21402290003B0F0BD10F8012B11F8013B012A28BFD5
S2140229109A42F7D0D01A70470A44914200F1FF3328
S21402292000D1704710B511F8014B03F8014F9142E0
S214022930F9D110BD10B56AB10139841810F8012B0F
S21402294011F8013F9A4203D1A04201D0002AF5D1E4
S214022950D01A10BD1046FCE7034613F8012B002AD6
S214022960FBD1181A0138704710B50C46B1F90E1093
S214022970FAF756FB0028ABBF636DA3891B1823F436
S2140229808053ACBF6365A38110BD2DE9F0411F469D
S2140229908B89DB0505460C46164605D5B1F90E10A1
S2140229A002230022FAF72AFBA389B4F90E1023F4B5
S2140229B08053A38132463B462846BDE8F041F9F7EC
S2140229C0EFBF10B50C46B1F90E10FAF717FB431C11
S2140229D0A38915BF606523F4805343F48053A38113
S2140229E018BFA38110BDB1F90E10FAF7D5BA70B5AB
S2140229F0A1FB02543CB92946F9F7AEFD064628B9B2
S214022A000026304670BD0C220260F9E72A462146AF
S214022A1000F049F8F5E72DE9F843074688461446DC
S214022A200026D4E90195B9F1010905D52468002CE0
S214022A30F7D13046BDE8F883AB89012B07D9B5F943
S214022A400E30013303D029463846C0470643683560
S214022A50E9E710B501390244904201D1002005E0B1
S214022A60037811F8014FA34201D0181B10BD0130A4
S214022A70F2E7884210B501EB020402D984422346EB
S214022A8007D8431EA14208D011F8012B03F8012FE4
S214022A90F8E7024401468A4200D110BD13F8014D00
S214022AA002F8014DF7E702440346934200D170470D
S214022AB003F8011BF9E770477047704770B50C467C
S214022AC0B1F90E10002996B015461E460DDAA389F6
S214022AD013F0800F4FF0000114BF40234FF48063C1
S214022AE0002031602B6016B070BD6A46FAF764FAB1
S214022AF00028ECDB019901F47041A1F5005359421C
S214022B0059414FF48063EBE78B89F7B59D0706467C
S214022B100C4607D504F14703236023610123636152
S214022B2003B0F0BD01AB6A46FFF7C8FF009F05463B
S214022B3039463046F9F710FD48B9B4F90C309A0513
S214022B40EED423F0030343F00203A381E2E7A38952
S214022B50206043F08003A381019BC4E904075BB1B4
S214022B60B4F90E103046FAF739FA28B1A38923F0E1
S214022B70030343F00103A381A3891D43A581CFE785
S214022B809368013B002B10B4936008DA9469A34261
S214022B9001DB0A2903D15DF8044B00F01AB813686A
S214022BA0581C1060197008465DF8044B7047F8B55B
S214022BB006460F461446D518AC4201D1002007E05F
S214022BC014F8011B3A463046FFF7DAFF431CF3D1EE
S214022BD0F8BDF8B50E461446054618B1036A0BB999
S214022BE0F9F7DCFDA369A360A3891A0701D5236957
S214022BF043B921462846FAF74DF818B14FF0FF3789
S214022C003846F8BD23682269981A6369F6B2834289
S214022C10374605DC2146284600F00AF90028EDD1A1
S214022C20A368013BA36023685A1C22601E70626977
S214022C30431C9A4204D0A389DB07E1D50A2EDFD1D2
S214022C402146284600F0F4F80028D9D0D6E72DE928
S214022C50F047164698468A680B69DDF8209093423C
S214022C60B8BF1346336091F8432007460C460AB1B4
S214022C70013333602368990642BF336802333360F8
S214022C80256815F0060506D104F1190AE3683268CC
S214022C909B1AAB4226DC94F843302268003B18BFEE
S214022CA0012392062BD404F1430241463846C84714
S214022CB001301ED02368226903F00603042B02BFEC
S214022CC0E5683368ED1AA3680CBF25EAE5750025AA
S214022CD09342C4BF9B1AED1800261A34B5421AD185
S214022CE0002008E00123524641463846C8470130D4
S214022CF003D14FF0FF30BDE8F0870135C6E7E11893
S214022D005A1C302081F84300224494F8451082F879
S214022D1043100233C7E70123224641463846C847D6
S214022D200130E6D00136D9E7B1F90C202DE9F041A1
S214022D30170705460C4656D44B68002B02DC0B6C74
S214022D40002B3DDDE66A002E3AD0002312F48052B4
S214022D502F68216A2B6025D0626DA389580705D596
S214022D606368D21A636B0BB1236CD21A216AE66AC5
S214022D7000232846B047411C24D000236360236901
S214022D802360A389DA0400D56065616B2F60B9B150
S214022D9004F14403994202D02846F9F719FE0023AB
S214022DA063630DE001232846B047461C0246D4D191
S214022DB02B68002BD1D01D2B01D0162B2BD12F60C8
S214022DC000202FE02A68B4F90C3042B11D2A01D047
S214022DD0162A22D10023636023692360D5E7626046
S214022DE022692260CEE70F69002FE9D093070E68AA
S214022DF008BF4B690F6018BF0023A6EB07088B605D
S214022E00B8F1000FDCDD216AA66A43463A46284638
S214022E10B047002808DCB4F90C3043F04003A38125
S214022E204FF0FF30BDE8F0810744A8EB0008E7E763
S214022E3038B50B6905460C4613B90025284638BD39
S214022E4018B1036A0BB9F9F7A9FCB4F90C30002BD8
S214022E50F3D0626ED00704D4990502D4A06DFFF7B2
S214022E602BFE28462146FFF75FFF636EDA0705460C
S214022E70E4D4A3899B05E1D4A06DFFF71EFEDDE72F
S214022E8008B50620FAF7DEF80120FCF743F81F29FA
S214022E9038B505460C4604D9162303604FF0FF30BA
S214022EA038BDC26B12B152F821304BB9284600F039
S214022EB016F8224601462846BDE83840FAF7CAB850
S214022EC0012B0AD0591C03D1162303600120E7E721
S214022ED0002142F82410204698470020E0E7FCF73D
S214022EE01FB8000000000000000000000000000004
S214022EF000000000000000000000000000000000CB
S214022F00F8B500BFF8BC08BC9E467047F8B500BFCF
S214022F10F8BC08BC9E4670475FF800F0F12100201E
S214022F20000000000000000000000000000000009A
S214022F30000000000000000000000000000000008A
S214022F404368616E6E656C20256420697320696E25
S214022F5076616C69642C2074686520666972737485
S214022F602076616C6964206368616E6E656C2069A8
S214022F7073202564210A00006A6F696E20656E64FC
S214022F80206465766963653A20737461747573208C
S214022F903078253032580A006A6F696E20736C6585
S214022FA0657079203078253032580A006A6F696E6B
S214022FB02072616E676520657874656E646572203E
S214022FC03078253032580A004A6F696E205061798F
S214022FD06C6F6164207374617475733A25642000A3
S214022FE05065726D6974206A6F696E2073746174BD
S214022FF075733A203078253032580000656E61626B
S2140230006C65640064697361626C6564000000004C
S21402301028554E50524F564953494F4E4544212942
S21402302000000000284E564D33290000496E666F98
S2140230303A0A00002020202020202020204D435540
S2140230402049643A203078253031366C6C580A00B4
S21402305020204E6574776F726B2073746174653AC4
S214023060203078253032580A000000002020202028
S21402307020204E6F646520747970653A203078257A
S2140230803032580A00000000202020202020202075
S2140230904E6F64652069643A203078253034580AC9
S2140230A00000000020202020202020202050616EDA
S2140230B02069643A203078253034580A000000002F
S2140230C020202020202020204368616E6E656C3A06
S2140230D02025640A00000000202020202020202036
S2140230E02020506F7765723A2025640A000000009F
S2140230F02020446576696365204944202020203AD2
S2140231002025642025730A0020202020202020204D
S214023110202045554936343A2000000025303258E2
S2140231200000000020202020205458206F70746970
S2140231306F6E733A204D41432061636B7320257393
S2140231402C2073656375726974792025732C207040
S21402315072696F726974792025730A00436F756EFF
S21402316074657220747970653D3078253032583A2D
S21402317020256C750A00000047657420636F756E23
S214023180746572206661696C65642C207374617460
S21402319075733D3078253032580A000053746172D8
S2140231A07420656E65726779207363616E6E696EF0
S2140231B0673A206368616E6E656C2025642C207306
S2140231C0616D706C65732025640A00005374617229
S2140231D07420656E65726779207363616E6E696EC0
S2140231E067206661696C65642C20737461747573FC
S2140231F03D3078253032580A000000005741524EC2
S214023200494E473A20546869732065726173657344
S214023210204E564D33206E6574776F726B20737432
S2140232206174652E20557365206F6E6C7920666F0B
S214023230722064656275672F72657365742E0A0064
S2140232405458206F7074696F6E73207365743A20D9
S21402325061636B732025732C2073656375726974C2
S214023260792025732C207072696F72697479202513
S214023270730A00005265706F727420706572696F0F
S214023280642073657420746F202564206D730A00B1
S214023290646174613A207265706F72745F636F6EF8
S2140232A074726F6C206E6F7420696E697469616CDB
S2140232B0697A65642E0A0000545820706F7765722A
S2140232C0207365743A2025640A0000005458207062
S2140232D06F77657220736574206661696C65640A2F
S2140232E0000000005365637572697479206B657916
S2140232F020696D706F72742073756363657373668D
S214023300756C2C206B65792069643A20256C750AE9
S214023310000000005365637572697479204B657905
S21402332020696D706F7274206661696C65643A20FC
S214023330256C640A0000000053656375726974792F
S214023340206B657920736574207375636365737388
S21402335066756C0A000000005365637572697479BD
S214023360206B657920736574206661696C656420DC
S2140233703078253032580A0053656375726974795D
S214023380206B6579206C656E677468206D75737442
S2140233902062653A2025642062797465730A00000B
S2140233A05365637572697479206B657920756E73DF
S2140233B06574207375636365737366756C0A0000C3
S2140233C075706461746564005752495445204641DD
S2140233D0494C45440000000044657669636520490F
S2140233E04420666F726365642062792046414C4CC5
S2140233F04241434B3D256420E28692204E564D3391
S2140234002025732E0A00000044657669636520490C
S21402341044203D202564202846414C4C4241434BE3
S2140234202C206D617463686573204E564D33292EC9
S2140234300A0000004E6574776F726B20636C6561DC
S2140234407265642E205374617274696E67206A6FA7
S214023450696E2E2E2E0A000053746F726167652005
S214023460736C6F7420303A20616464723D30782544
S21402347030386C582C206C656E3D256C7520627950
S2140234807465730A000000004661696C6564207406
S2140234906F2067657420736C6F74203020696E66C7
S2140234A06F3A203078256C580A000000626F6F74FD
S2140234B06C6F616465725F696E6974204641494C3F
S2140234C045443A203078256C582028726F6C6C621E
S2140234D061636B206775617264206C696D697465DF
S2140234E064290A003D3D3D2044455649434520494E
S2140234F044204E4F542050524F564953494F4E4542
S2140235004421203D3D3D0A00202052756E3A20732C
S21402351065745F6964203C312D343E2020746865F2
S2140235206E2072657365742E0A0000000A3D3D3DEA
S21402353020536C61766520284F544120436C6965A0
S2140235406E7429207C206465766963655F69643DD4
S2140235502564203D3D3D0A00496D706F7274696EA8
S214023560672050534120414553206B6579202861DE
S2140235706C77617973206672657368292E0A00007B
S2140235805365637572697479206B657920696D700D
S2140235906F7274204F4B2C2069643A20256C750A92
S2140235A0000000005365637572697479206B657953
S2140235B020696D706F7274204641494C3A20256C22
S2140235C0640A0000536C61766520696E6974206334
S2140235D06F6D706C6574652E0A0000004F544120B2
S2140235E070726570617265206D736720746F6F20EC
S2140235F073686F72743A2025640A00004F544120A3
S214023600505245504152452072656365697665643D
S2140236103A207461673D3078253032582C20736921
S2140236207A653D256C752E20446566657272696EF4
S214023630672065726173652E0A0000005B504F4C6E
S2140236404C5D20526573706F6E736520E286922021
S214023650307825303458202869643D25642C20664D
S214023660773D307825303258290A00005B504F4C9F
S2140236704C5D20526573706F6E7365206572723A88
S214023680203078253032580A0000000050726570EB
S2140236906172652041434B2073656E7420746F20FF
S2140236A03078253034582E0A0000000050726570BB
S2140236B06172652041434B206572723A203078254C
S2140236C03032580A0000000049445F414E4E4F55C2
S2140236D04E434520736B69707065643A2064657664
S2140236E06963655F6964206E6F742070726F7669B5
S2140236F073696F6E65642E0A0000000049445F41DC
S2140237004E4E4F554E43452073656E743A2064659F
S214023710766963655F69643D25640A0049445F41D2
S2140237204E4E4F554E4345206572723A20307825EC
S2140237303032580A000000005374616C65204A4F0C
S214023740494E4544207768696C6520756E6A6F69D4
S2140237506E656420E28692207265736574206E65DB
S21402376074776F726B2073746174652C207468654D
S2140237706E2072656A6F696E2E0A00004A6F696E65
S21402378020696E69746961746564206F6E2063686F
S2140237903D25642E0A000000656D6265724A6F69F7
S2140237A06E4E6574776F726B204641494C45443ABB
S2140237B02030782530325820287469636B20776968
S2140237C06C6C207265747279290A00005B4D454163
S2140237D0535D2054582073747265616D2073746152
S2140237E07274206661696C6564202863683D25757D
S2140237F0290A00005B4D4541535D20737472656172
S2140238006D2067756172642066697265642028742B
S21402381069636B20737461727665642920E2809412
S2140238202072657475726E696E6720686F6D652E9C
S2140238300A0000004F54413A20496D6167652076C0
S21402384065726966696564204F4B2E0A00000000A7
S2140238504F54413A20496D61676520766572696604
S21402386079204641494C45443A203078256C580A1E
S214023870000000004F54413A205265626F6F74692F
S2140238806E6720746F20696E7374616C6C206E654F
S21402389077206669726D776172652E2E2E0A000099
S2140238A052582066726F6D203078253034583A2090
S2140238B065703D25642C20747970653D307825301E
S2140238C032582C206C656E3D25640A0054582066DA
S2140238D061696C3A20307825303258202825752FB9
S2140238E02575290A00000000506172656E74207505
S2140238F06E726561636861626C652E20536F6674D2
S2140239002072656A6F696E2E0A0000004E65747733
S2140239106F726B2055502E204E6F646549443D30C1
S21402392078253034582C206465766963655F69644F
S2140239303D25640A000000005B5245434F5645523F
S2140239405D205374616C6520636F6F7264696E618B
S214023950746F7220737461746520284E6F646549B3
S214023960443D307830303030292E2057696C6C2038
S2140239707265736574206E6574776F726B20696EFC
S214023980207469636B2E0A004E6574776F726B2023
S214023990444F574E2E0A0000537461636B207374B3
S2140239A0617475733A203078253032580A00000068
S2140239B05B5245434F5645525D20436C65617269C2
S2140239C06E67207374616C65206E6574776F726BB8
S2140239D020737461746520616E64207265626F6F15
S2140239E074696E672E2E2E0A000000005B47554152
S2140239F052445D20426F6F74206865616C74682063
S214023A0074696D656F757420E280942073656C66C8
S214023A102D7265736574202870726F626174696FA7
S214023A206E20636F756E74292E0A00005B49515D25
S214023A3020726164696F205258207265636F7665E2
S214023A407265642E0A0000005B5245434F5645528B
S214023A505D20556E6A6F696E6564203E20256C7522
S214023A606D732E2053656C662D72657365742066C1
S214023A706F7220636C65616E207265737461727416
S214023A802E0A00004A6F696E2F726573756D652087
S214023A907374616C6C65642028256C756D73292EB1
S214023AA02052657365742B72657472792E0A000053
S214023AB052656A6F696E20286261636B6F66663D47
S214023AC0256C756D73292E2E2E0A00004F54413A2E
S214023AD02045726173696E6720736C6F7420302E96
S214023AE02E2E0A00536C6F74206572617365204631
S214023AF041494C45443A203078256C582E20536B69
S214023B00697070696E67204F5441207072657061EB
S214023B1072652E0A00000000536C6F742030206518
S214023B2072617365642E20526561647920666F72D5
S214023B30204F544120287461673D30782530325832
S214023B402C2073697A653D256C75292E0A000000C3
S214023B504F54413A204E657720696D61676520664D
S214023B60726F6D203078253034582C207461673D92
S214023B703078253032582C2073697A653D256C756D
S214023B800A0000004F54413A2077726974655374F4
S214023B906F72616765204641494C20617420256C2E
S214023BA0753A203078256C580A0000004F544120A0
S214023BB052583A20256C7525252028256C752F2508
S214023BC06C75206279746573290A00004F54413A75
S214023BD020446F776E6C6F616420434F4D504C45A6
S214023BE054452E207461673D3078253032582C209B
S214023BF073697A653D256C750A0000004F54413A98
S214023C0020446F776E6C6F6164204641494C454490
S214023C102C207374617475733D3078253032580ADF
S214023C20000000004F54413A20426F6F746C6F617F
S214023C306420726571756573742066726F6D2030CC
S214023C4078253034582C2064656C61793D256C7576
S214023C506D732E0A000000004F54413A20496D61F0
S214023C606765206E6F742076657269666965642E74
S214023C70205265667573696E672E0A004F54413A84
S214023C80205265626F6F74696E6720696E20256CBC
S214023C90756D732E2E2E0A00464820436C69656E9B
S214023CA0742073796E63206661696C65643A2030AD
S214023CB078253032580A0000464820436C69656E03
S214023CC0742053796E6320537563636573730A00B9
S214023CD0456E65726779207363616E3A206D656121
S214023CE06E3D2564206D696E3D2564206D61783DCC
S214023CF02564207661723D25640A00005B475541C3
S214023D0052445D204E6F2073746F7261676520693E
S214023D106E666F20E2809420726F6C6C6261636BD9
S214023D202044495341424C45442E0A005B475541C4
S214023D3052445D20676F6C64656E20726567696FBA
S214023D406E206578636565647320666C61736820AF
S214023D5028706172743D256C752920E28094207269
S214023D606F6C6C6261636B2044495341424C45441C
S214023D702E0A00005B47554152445D20676F6C6413
S214023D80656E2061646472206E6F74207061676570
S214023D902D616C69676E65642028706167653D25D4
S214023DA06C752920E2809420726F6C6C6261636B82
S214023DB02044495341424C45442E0A005B47554134
S214023DC052445D204E6F2076616C69642073746184
S214023DD0746520696E204E564D3320E2809420642E
S214023DE0656661756C74732E0A0000005B47554168
S214023DF052445D20696E76616C696420676F6C64FC
S214023E00656E2073697A6520256C752E0A0000009F
S214023E105B47554152445D20534C4F5430206572E7
S214023E20617365206661696C65642E0A0000000095
S214023E305B47554152445D20676F6C64656E207225
S214023E40656164206661696C20403078256C582E66
S214023E500A0000005B47554152445D20534C4F54C4
S214023E6030207772697465206661696C2040256C23
S214023E70752E0A005B47554152445D20534C4F5401
S214023E803020726561646261636B206D69736D6177
S214023E907463682040256C752E0A00005B47554106
S214023EA052445D20726573746F72656420676F6C2E
S214023EB064656E20766572696679204641494C458E
S214023EC0442E0A005B47554152445D20736574498F
S214023ED06D616765546F426F6F746C6F61642066C4
S214023EE061696C65642E0A005B47554152445D2049
S214023EF0676F6C64656E20726573746F726564209A
S214023F00746F20534C4F54302C20696E7374616C5E
S214023F106C696E672E2E2E0A000000005B47554124
S214023F2052445D20534C4F54302076657269667950
S214023F30206661696C656420E2809420736B697008
S214023F4020676F6C64656E20636170747572652E8F
S214023F500A0000005B47554152445D206765745372
S214023F60746F72616765536C6F74496E666F206614
S214023F7061696C65642E0A005B47554152445D20B8
S214023F806261642047424C2073697A6520256C750D
S214023F9020286D617820256C752920E28094207394
S214023FA06B697020636170747572652E0A0000007A
S214023FB05B47554152445D20676F6C64656E2065B1
S214023FC072617365206661696C656420403078258D
S214023FD06C582E0A000000005B47554152445D2093
S214023FE0534C4F54302072656164206661696C20C0
S214023FF040256C752E0A00005B47554152445D20F1
S214024000676F6C64656E2077726974652066616995
S2140240106C20403078256C582E0A00005B475541CC
S21402402052445D20676F6C64656E207265616462DF
S21402403061636B206D69736D6174636820403078CC
S214024040256C582E0A0000005B47554152445D20FD
S214024050696E69743A2070656E64696E673D25758F
S21402406020617474656D7074733D257520676F6C7E
S21402407064656E3D25752876616C69643D25752CF0
S21402408073697A653D256C75292072623D25750A2D
S214024090000000005B47554152445D204E564D33AA
S2140240A02073617665206661696C6564206475724A
S2140240B0696E672070726F626174696F6E20636FDB
S2140240C0756E742E0A0000005B47554152445D200F
S2140240D050524F424154494F4E20626F6F74202512
S2140240E0752F25750A0000005B47554152445D2036
S2140240F05468726573686F6C642072656163686584
S2140241006420627574206E6F2076616C6964206725
S2140241106F6C64656E20E280942063616E6E6F74CD
S21402412020726F6C6C206261636B2E0A00000000C6
S2140241305B47554152445D2053746179696E67202E
S2140241406F6E2063757272656E7420696D61676545
S2140241503B20636F756E7465722066726F7A656E49
S214024160206174207468726573686F6C642E0A002E
S2140241705B47554152445D203D3D3D20524F4C4CDD
S2140241804241434B20746F20676F6C64656E202536
S21402419063203D3D3D0A00005B47554152445D2089
S2140241A07265626F6F74416E64496E7374616C6C93
S2140241B02072657475726E656420E2809420696E62
S2140241C07374616C6C206661696C65642E0A00000B
S2140241D05B47554152445D20526F6C6C6261636B63
S2140241E020726573746F7265206661696C65642EF1
S2140241F02057696C6C207265747279206E657874CB
S21402420020626F6F742E0A005B47554152445D2050
S21402421061726D5F70656E64696E67204E564D33CF
S2140242202073617665204641494C454420E28094DD
S2140242302061626F727420696E7374616C6C210AFD
S214024240000000005B47554152445D2041726D6597
S214024250642070656E64696E672D636F6D6D697438
S2140242602E204E65787420626F6F742069732070FA
S214024270726F626174696F6E2E0A00005B47554169
S21402428052445D20476F6C64656E2063617074757E
S21402429072656420E28692202563202873697A6517
S2140242A03D256C75292E20436F6E6669726D6564B6
S2140242B0206865616C7468792E0A00005B47554178
S2140242C052445D20476F6C64656E2063617074753E
S2140242D07265204641494C454420E28094206B6535
S2140242E065702070726576696F757320676F6C648F
S2140242F0656E2E0A000000005B47554152445D2061
S214024300636F6E6669726D5F6865616C746879204A
S2140243104E564D332073617665204641494C4544DE
S2140243202E0A00005B47554152445D204865616C89
S21402433074687920636F6E6669726D65642E2043B9
S2140243406F756E7465727320636C65617265642E38
S2140243500A0000000000180000001C000100000017
S21402436000000000010F0000000000000002010132
S214024370000000007437002085BC00007C37002057
S214024380D9BC0000882800207D4B00008028002031
S2140243908D4B0000782800209D4B000070280020DE
S2140243A0AD4B000068280020BD4B000060280020AE
S2140243B0CD4B00000000000000000000F8430200A1
S2140243C000000000D44302000100000000000000CC
S2140243D000F0490200000000C0CA8936801A0600B2
S2140243E0000000001400FF7F2020002000000000D4
S2140243F00000000000000000DC1F040100000000B6
S214024400000000000000000000000000F01F040191
S2140244103F003F0000000000FC45020000000000D4
S21402442004000200017015007F0000001800020060
S2140244300000000000000000280007000000000046
S214024440080100000000000001000000000000005B
S21402445000000000A0070000480001000000000065
S214024460540002000000000000000000A00004004B
S21402447000400000FF4C000000410000FF4D00001D
S21402448000200100040700001020010000000000C8
S21402449018200100088400000830010013AC000157
S2140244A0303002007055100003000000403001005A
S2140244B000000000A0400100AA27000FB84001003B
S2140244C000C08300F44001002010000034410200C6
S2140244D080080000F6870000404102008300880042
S2140244E0C1E6524D604104000000000000000000DA
S2140244F0060000000600000014600800100000001D
S214024500000000040F4002000050000000500A00A5
S21402451000000003000000000000000050600600DB
S2140245209009FF00410C0000120000001200140067
S214024530B42B00000000000078600C001F08E008A2
S21402454000000000F2032A00000000000000000045
S214024550040A142232414A4F000000000000000004
S214024560000000000000000000000000E4600700F9
S2140245708108A18B00000000640483078813C83AF0
S2140245809C20060000612000B756852004610300C7
S214024590D5E310002030000088BB00002061010037
S2140245A0000000001470011000F8070014700130BB
S2140245B0FE00000018700110FF00000018700130A5
S2140245C0001300001C7005006000AA8400000000B2
S2140245D08200000000000000D500000048700200C3
S2140245E03E380000BC250000707003000301120074
S2140245F01A30080080846D00FFFFFFFF10000000E5
S2140246006666660000000000544602004C46020041
S21402461000000000C0A39B0080DE800220A10700ED
S21402462001010000705500060000000000000000B6
S21402463000000000000000000000000010A10700BB
S2140246400000000000000000000000000000000063
S21402465000000000194703060410000101030106CA
S21402466000102700000A0000000000000000000002
S214024670696E666F00000000726573657400000064
S214024680636F756E746572006C6561766500000016
S2140246907365745F74785F6F7074696F6E73000011
S2140246A073746172745F656E657267795F73636156
S2140246B06E0000007365745F6B657900756E7365D6
S2140246C0745F6B65790000007365745F74785F7061
S2140246D06F77657200000000706A6F696E000000F6
S2140246E064617461000000007365745F7265706FC8
S2140246F072745F706572696F640000006A6F696E3B
S214024700000000006A6F696E5F736C656570790001
S2140247106A6F696E5F657874656E64657200000024
S2140247204A6F696E2061732052616E676520456E1E
S2140247307874656E646572004368616E6E656C1FA0
S2140247404F7074696F6E616C2050414E2049441F51
S214024750000000004A6F696E20617320536C656525
S214024760707920456E6420446576696365000000B2
S2140247704A6F696E20617320456E642044657669CF
S2140247806365000053656E736F72207265706F7298
S2140247907420706572696F6420696E206D731F00E5
S2140247A0466F7263652073656E736F7220746F2036
S2140247B073656E642061207265706F727420746F08
S2140247C0207468652073696E6B0000005065726D18
S2140247D06974206A6F696E696E6720666F722061FF
S2140247E020676976656E2074696D652070657269EA
S2140247F06F642077697468206F7074696F6E616C7D
S2140248002073656C656374697665207061796C6F78
S214024810616400004475726174696F6E1F4F707434
S214024820696F6E616C204A6F696E207061796C6F79
S21402483061641F00536574732074686520616E742A
S214024840656E6E61206F757470757420706F776513
S214024850722E20546865207365636F6E64206F70D5
S21402486074696F6E616C20706172616D65746572D9
S2140248702063616E206265207573656420746F2004
S214024880736176652074686520545820706F77656A
S214024890722061732064656661756C7400000000A6
S2140248A0545820706F7765722076616C7565206942
S2140248B06E20302E312064426D2073746570731F33
S2140248C031202D20545820706F77657220706572E3
S2140248D073697374656E74202873617665642069E3
S2140248E06E20746F6B656E292C2030202D20545854
S2140248F020706F77657220766F6C6174696C651FC5
S21402490000000000556E7365742063757272656EE2
S21402491074207365637572697479206B657900001B
S214024920536574207365637572697479206B657953
S214024930000000005365637572697479206B6579AF
S214024940202873697A653A454D4245525F454E4383
S21402495052595054494F4E5F4B45595F53495A4539
S214024960291F00005363616E2074686520656E65BA
S214024970726779206C6576656C206F6E2074686548
S21402498020676976656E206368616E6E656C0000EE
S2140249904368616E6E656C2049441F4E756D626594
S2140249A072206F662073616D706C65731F00000065
S2140249B0536574205478206F7074696F6E730000AC
S2140249C05365637572697479283078303129204DC1
S2140249D041432041636B283078303229204869678A
S2140249E068205072696F2830783034291F00000022
S2140249F0466F7267657420746865206375727265A7
S214024A006E74206E6574776F726B20616E642072AE
S214024A10657665727420746F20454D4245525F4E2E
S214024A204F5F4E4554574F524B0000005072696E0E
S214024A3074206F7574207468652070617373656482
S214024A4020737461636B20636F756E746572000009
S214024A50436F756E74657220747970651F0000006E
S214024A605265736574207468652068617264776144
S214024A70726500004D43552049442C204E657477DC
S214024A806F726B2073746174652C204E6F646520A0
S214024A9049442C2050414E2049442C204368616EE4
S214024AA06E656C2049442C206574632E000000005D
S214024AB070460200504C02000000000078460200D9
S214024AC0404C02000000000080460200304C02000B
S214024AD00000000088460200204C02000000000091
S214024AE090460200104C020000000000A0460200A1
S214024AF0004C020000000000B4460200F04B020028
S214024B0000000000BC460200E04B0200000000006D
S214024B10C8460200D04B020000000000D846020041
S214024B20C04B020000000000E0460200B04B02004C
S214024B3000000000E8460200A04B02000000000051
S214024B40FC460200904B02000000000004470200F0
S214024B50804B02000000000010470200704B02006B
S214024B60000000000000000000000000000000003E
S214024B702521000020470200384702000011FF00EE
S214024B809D20000054470200384702000011FF0033
S214024B901120000070470200384702000011FF0093
S214024BA0292600004C5002008447020001FF000044
S214024BB069260000A04702004C500200FF000000D9
S214024BC0AD210000CC470200144802000016FF0088
S214024BD0A126000034480200A04802000410FF008C
S214024BE0F1280000044902004C500200FF000000B9
S214024BF0AD280000204902003449020007FF0000E9
S214024C001925000064490200904902000000FF00D6
S214024C10B5250000B0490200C049020000FF0000AE
S214024C2089250000F04902004C500200FF000000F7
S214024C30AD2400002C4A0200504A020000FF000089
S214024C4021DA0100604A02004C500200FF00000018
S214024C5039220000744A02004C500200FF00000095
S214024C60434C4920696E7374616E63652065786192
S214024C706D706C650000000005000000000000007A
S214024C8000C2010000050000001000000000000045
S214024C900000000000000C001C0001405C20002008
S214024CA01157000085570000E9DD0100FFDD010015
S214024CB0E3DD0100626F6F746C6F616465725F6939
S214024CC06E6974206661696C6564210A00000000E2
S214024CD0050000000000000040420F000501000031
S214024CE000000000000000000000000013B779FA80
S214024CF0C925DDB7ADF3CFE0F1B614B80102000066
S214024D0000000000FFFFFFFF04000000010000009B
S214024D10000000000000000000000000000000008C
S214024D20000000000000000000000000000000007C
S214024D300000000000000000000000000700000362
S214024D4011DF010009DF0100E5DE0100B5DE01002A
S214024D5079600000B7DE0100496000002C00000008
S214024D600200000040787D0100000000005A620246
S214024D7000010000C0CF6A0002000000809FD5003C
S214024D8002010000002D31010202000000000000B6
S214024D9008091108010000000000000004000000DD
S214024DA001000000080000000100000010000000E2
S214024DB001000000000100000100000000080000E1
S214024DC01D000000000200001D000000000400009C
S214024DD01D000000000001001D000000000301038A
S214024DE003030200000800FC584E020001000107FF
S214024DF0044E0200000800F8144E020000000000F4
S214024E000000000083FFBFFFE2FFF1FFF9FFFEFF95
S214024E1000000000C800FCFEF800C50A571EFBFF93
S214024E207B0095047C02FFFF4A00B60246DFFFFFC6
S214024E302D00AD01412F00001C0007018547000030
S214024E401200A700974600000B0067001A3C0000FD
S214024E500600220068230000C800FCFEFC00D80AF8
S214024E60066CFBFF8800370518E2FEFF53000403BA
S214024E70F5E3FFFF3200B9019D4300002900570108
S214024E80F85700001600D100585700000E007C00AC
S214024E90D0490000070028001729000000000F4034
S214024EA00000000000040F40010000005468652066
S214024EB0617267756D656E74206973206E6F7420FB
S214024EC0666F726D617474656420636F7272656377
S214024ED0746C79004E6F20636F6D6D616E64206630
S214024EE06F756E64000000004D6178696D756D2007
S214024EF06E756D626572206F6620617267756D658C
S214024F006E747320657863656564656400000000EE
S214024F10496E636F727265637420617267756D6540
S214024F206E74207479706500496E636F7272656381
S214024F3074206E756D626572206F66206172677589
S214024F406D656E7473000000556E6B6E6F776E2023
S214024F506572726F720000003E200000257300002A
S214024F60756E6B6E6F776E0075696E743136000003
S214024F7075696E7433320000696E74380000000082
S214024F80696E743136000000696E743332000000B8
S214024F90737472696E6700006865780075696E746E
S214024FA0386F70740000000075696E7431366F7069
S214024FB07400000075696E7433326F7074000000FE
S214024FC0696E74386F707400696E7431366F7074FF
S214024FD000000000696E7433326F707400000000C7
S214024FE0737472696E676F70740000006865786F1C
S214024FF0707400006164646974696F6E616C0000AD
S21402500077696C64636172640000000067726F7592
S21402501070000000656E640075696E7438000000EA
S2140250202A0000005B0000005D2000002E2E2E20CD
S2140250300000000068656C70000000000A25730A14
S2140250402573257300000000257320080000000069
S21402505025732000000108070F000A00C800200080
S214025060A000010000000000A00068010A20070658
S214025070020A040700000000000207000100000008
S214025080050000000000000002000003000000000F
S214025090F4500200E4500200E0500200D450020035
S2140250A0D0500200C4500200C0500200BC500200A1
S2140250B0B4500200FFFFFFFFFFFFFFFF00000000EB
S2140250C000000000000000000000000000000000D9
S2140250D000000000FFFF0000FF00FF00FFFFFFFFD1
S2140250E000000000000000000000000000000000B9
S2140250F000000000FC030000010101010110010193
S214025100010000000210040C020C04040800000057
S2140251100000000000010000000000000000000087
S214025120000001010000000001000300040003006B
S2140251309A0003000300030090000300100003001F
S214025140050003009100030092000300216E766DB5
S214025150335F64656661756C7448616E646C652D58
S2140251603E63616368652E6F766572666C6F770064
S2140251702F686F6D652F6C6D682F53696D706C6943
S2140251806369747953747564696F2F53444B732F34
S2140251906765636B6F5F73646B2F706C6174666FA9
S2140251A0726D2F736572766963652F746F6B656EA9
S2140251B05F6D616E616765722F7372632F736C5FCA
S2140251C0746F6B656E5F6D616E616765722E6300EC
S2140251D066616C7365000000736C5F746F6B656E5E
S2140251E05F7365745F64617461000000736C5F7462
S2140251F06F6B656E5F6765745F6461746100000063
S214025200736C5F746F6B656E5F696E697400000025
S2140252102F686F6D652F6C6D682F53696D706C69A2
S2140252206369747953747564696F2F53444B732F93
S2140252306765636B6F5F73646B2F706C6174666F08
S214025240726D2F736572766963652F746F6B656E08
S2140252505F6D616E616765722F7372632F736C5F29
S214025260746F6B656E5F6D616E7566616374757281
S214025270696E672E63000000FFFFFFFFFFFFFFFF60
S21402528034B600002F686F6D652F6C6D682F5369FA
S2140252906D706C696369747953747564696F2F53A2
S2140252A0444B732F6765636B6F5F73646B2F70720B
S2140252B06F746F636F6C2F666C65782F6170702DDC
S2140252C06672616D65776F726B2D636F6D6D6F6E53
S2140252D02F6170705F6672616D65776F726B5F6368
S2140252E06F6D6D6F6E2E63004153534552542069A5
S2140252F06E2025733A25640D0A0000002F686F6D34
S214025300652F6C6D682F53696D706C69636974796B
S21402531053747564696F2F53444B732F6765636BC1
S2140253206F5F73646B2F70726F746F636F6C2F6630
S2140253306C65782F6170702D6672616D65776F721D
S2140253406B2D636F6D6D6F6E2F6170705F6672612D
S2140253506D65776F726B5F736C6565702E630000A8
S2140253602F686F6D652F6C6D682F53696D706C6951
S2140253706369747953747564696F2F53444B732F42
S2140253806765636B6F5F73646B2F70726F746F63A6
S2140253906F6C2F666C65782F6F74612D756E6963FE
S2140253A06173742D626F6F746C6F616465722F6FB8
S2140253B074612D756E69636173742D626F6F746CA0
S2140253C06F616465722D636C69656E742F6F7461AC
S2140253D02D756E69636173742D626F6F746C6F6185
S2140253E06465722D636C69656E742E63000000003E
S2140253F0A00F0000030000000D0A5B415353455204
S214025400543A25733A25645D0D0A00005053410054
S2140254104B455900666E692B00000000666E6900F7
S2140254206E616E00666E692D0000000000000000CE
S214025430000000000000F03F0000000000002440D2
S21402544000000000000059400000000000408F40AD
S214025450000000000088C34000000000006AF84018
S2140254600000000080842E4100000000D01263413C
S2140254700000000084D797410000000065CDCD41B2
S2140254802E2E2F2E2E2F737461636B2F6D61632F5A
S2140254906672657175656E63792D686F7070696E78
S2140254A0672E630041535345525420696E2025737C
S2140254B03A25640D0A002E2E2F2E2E2F737461634A
S2140254C06B2F6E6574776F726B2F706172656E7478
S2140254D02D737570706F72742E63002E2E2F2E2E03
S2140254E02F737461636B2F6E6574776F726B2F699F
S2140254F06E6469726563742D71756575652E6300D9
S2140255002E2E2F2E2E2F737461636B2F6E6574777B
S2140255106F726B2F6368696C642D7461626C652EA2
S21402552063002E2E2F2E2E2F737461636B2F6E65E3
S21402553074776F726B2F636F6F7264696E61746FCC
S214025540722D737570706F72742E63002E2E2F2E4E
S2140255502E2F737461636B2F636F72652F73746182
S214025560636B2E63000000003C4C0020711A0000A2
S214025570604C0020D91E0100984C0020FD29010035
S214025580E04B002011100100E84B0020A10F0100A3
S214025590144C00209D130100D84B0020DD0B0100A7
S2140255A0984B002005E10000A04B002045DA0000E1
S2140255B0904B002031E40000A84B002051D600009A
S2140255C000000000000000002E2E2F2E2E2F7374D7
S2140255D061636B2F6672616D65776F726B2F65768E
S2140255E0656E742D636F6E74726F6C2E6300756ECB
S2140255F0636C61696D6564002E2E2F2E2E2F2E2E63
S2140256002F2E2E2F7574696C2F73696C69636F6EFB
S2140256105F6C6162732F73696C6162735F636F7232
S214025620652F6275666665725F6D616E616765722B
S2140256302F6275666665722D6D616E6167656D6552
S2140256406E742E63007461696C20213D204E554CA9
S2140256504C5F425546464552002E2E2F2E2E2F2E9A
S2140256602E2F2E2E2F7574696C2F73696C69636FDB
S2140256706E5F6C6162732F73696C6162735F636FD6
S21402568072652F6275666665725F6D616E616765CB
S214025690722F6275666665722D71756575652E6305
S2140256A0006E65787420213D207461696C00736C0D
S2140256B0695F6C65676163795F6275666665725F6E
S2140256C06D616E616765725F636F70795F66726F38
S2140256D06D5F67656E657269635F71756575650096
S2140256E0ED1D00000DD9010019D6000039E30000B7
S2140256F09DEA0000A9D70100C12B0100D9160100BE
S2140257006BF80100000000002E2E2F2E2E2F737431
S21402571061636B2F6672616D65776F726B2F62794C
S21402572074652D7574696C69746965732E63002ED1
S2140257302E2F2E2E2F737461636B2F6E6574776F08
S214025740726B2F6E6574776F726B2E63002E2E2F20
S2140257502E2E2F737461636B2F6E6574776F726B68
S2140257602F6173736F63696174696F6E2E63007362
S214025770696C6162732D636F6E6E6563742E2E2F75
S2140257802E2E2F737461636B2F6D61632F6C6F7790
S21402579065722D6D61632D7261696C2D3830322E03
S2140257A031352E342E630000000000006400000035
S2140257B01900000000000000010000000A000000BE
S2140257C0010000000000320032006400640096000F
S2140257D0C800C8002C0100003200320064006400D9
S2140257E09600C800C8002C016400C800900120037F
S2140257F0B00440066009100E000032006400C800C3
S214025800900158022003B004080700001900320075
S2140258106400C8002C0190015802840300000D00A9
S2140258201900320064009600C8002C01C201000074
S214025830FFFFFFFFFFFFFFFFFFFFFFFFFFFFFFFF71
S2140258402E2E2F2E2E2F737461636B2F6D61632F96
S21402585075707065722D6D61632E63002E2E2F2E6D
S2140258602E2F737461636B2F6D61632F7363616E8A
S2140258702E63002E2E2F2E2E2F737461636B2F73C2
S214025880656375726974792F736563757269747965
S2140258902D6170692D616464726573732D6D61701C
S2140258A070696E672E63002E2E2F2E2E2F73746154
S2140258B0636B2F6672616D65776F726B2F636F75A0
S2140258C06E746572732E630002020300000000000D
S2140258D03D9D0100F59C0100019D0100D59D010042
S2140258E063240200811A0200851A0200911A02003D
S2140258F0891A02008D1A020000000000480100000A
S21402590070220020FFFFFFFFFFFFFFFFFFFFFFFFEA
S214025910FFFFFFFF0000020800000000FFFFFFFF7E
S214025920FFFFFFFFFFFFFFFF000000000000000078
S2140259300000000000000000000000000000000060
S2140259405241494C00000000A000000059500100DE
S2140259505000000039510100B8230020FA04FA0072
S2140259600033330A0A0A0304040808080808084031
S21402597000210000000000000000000000000001FE
S21402598000000101000101010000003800000018BB
S21402599000000020000000000000000000000000E0
S2140259A0A806000048704C0D4470D80C3070641283
S2140259B03C70AE163870340D34705A0D30700A0FC3
S2140259C02C700A0F2870DC102470F41020703E0D24
S2140259D01C7080111870F21114703A0DB110076025
S2140259E001D80A7108B87F78020C7E78641000C667
S2140259F0A01F00218CB8707801B007680F305CB326
S214025A000F330111C04806984A022FB006D80C710F
S214025A1009DD087100B853A809BB111007680168B0
S214025A202148076004100112FF32215007605148D6
S214025A30076000880698441300C4401F002103DD57
S214025A40087214BA281400A000BA03DF107109DF26
S214025A500672029860058CB8507800A04413281489
S214025A6041158110076002D81471108806982E1806
S214025A7000C00C70084006987C1A009106986002D6
S214025A800060B83020D8067190BC637C784D541202
S214025A90F03240DE0472404804DB08720DDD0C7200
S214025AA0044BEF3014480698FC0600C4E010084089
S214025AB04412076201322140084C287C811140D9E9
S214025AC01C72B1123032CF4A013AB1DA107208D8DB
S214025AD0067104D80871B04C237C4070684C44129E
S214025AE0FF328722047580B8D84C81D8327140D9EB
S214025AF00472237C084B0698FC0604BA88B97679A9
S214025B0000C1186008403579E049007906B904A951
S214025B1001D86E72227CBC4C307C0298320208D8C5
S214025B203C7100C14C000840141110D93071104C61
S214025B3000C11400084014111814076100C5206043
S214025B4008405415FF35047110491814A84C441225
S214025B5007620132067102981201B84C08D80C711D
S214025B6007BA24D8047106BA187004D80C7101BAA0
S214025B7040D80E7102BA0A7005BA20D8047203BA67
S214025B80227C604C4411404C181407611814911181
S214025B90383111429111076910D90472EF3200C1EF
S214025BA00060084014111031016911422814A11135
S214025BB0076118140698621A181400C1006008409B
S214025BC014110769FF31181400C13C300840141143
S214025BD0181407611814308802480698C005009306
S214025BE008DB047101F800A05CB00F3000A010883A
S214025BF0B111076980D90A7100C1800008400811F6
S214025C00009100A000C400010840441000A000C09B
S214025C1020300E40041104101050F47200A05415E7
S214025C2050451271069806070698960618B87078B8
S214025C3000B841780698400390BA5B7A5C7A5D7A3F
S214025C4000C218500840241200C1501F002128111B
S214025C50069838182088008800C5441F002154156D
S214025C605112FF350762FF3206986A02015951291E
S214025C700475115900902129207506988604069805
S214025C80A2040698FA02009203D80C7281110761E8
S214025C9002D90472FF0FBA7018B8727800F804D8E6
S214025CA042710088308800C0FC1F0021041000C129
S214025CB0501F00211412012A215A00C3185008400E
S214025CC03413312A1A7500C00060084004100730E9
S214025CD0FE200C76381108B87F78020C7E78009386
S214025CE0009000A000C0F41F0021041000BB1DB4E9
S214025CF000A000C1DC1F002114111088FF3100C56E
S214025D00FFFF0000311207620762513A513B0E72E2
S214025D100698720C1159011201131E703114008874
S214025D2031100698720C1159415C41280698740C81
S214025D30513801130090012B00902088076001144F
S214025D400760FF30215D411207620762312D087637
S214025D50FF34415C4128015D31100698740CFF3017
S214025D603088011300C0E01F00210410512B0C766E
S214025D70076801150768FF356070315BFF32212B1B
S214025D800C75076001150760FF354E7000C5E41FED
S214025D9000215415076507655112FF35FF30012BA8
S214025DA0087521100760327021100768FF30012B3A
S214025DB00A75211007600760207000C2E81F0021E4
S214025DC02412211007600760FF30012B087521108E
S214025DD00768067021100760FF300093009200C12A
S214025DE00060084014142C490734FE242A76141541
S214025DF0F0BC076C513C076803680154107100C47C
S214025E00FF0FFFFF513C01444811311200C5E81F45
S214025E1000215415FF3507620762214354491412C4
S214025E202155FF355152281100A001D8187100885B
S214025E3000C00470084004108020FF3006710698E7
S214025E404E03009000A002D8047200A000880698B4
S214025E5096061DB428B9112C408800C3EC1F0021F9
S214025E60341440445A71441306982005411500C064
S214025E700060084004100730FD20447500C2087018
S214025E80084024100760FF3080DC34710698AE0CA0
S214025E9001591C4A241007600260FF300698AE0CB7
S214025EA00158B2200129541331100698AE0C11285D
S214025EB00A75042554155045EE720698200500947E
S214025EC0009000A07FB9066100C01C6008400698DA
S214025ED04A1304155153113B315558100298441376
S214025EE0EBBD00C0401F00210411113D10D91271F4
S214025EF0FF33076B00C190400846381118B9747911
S214025F00581000A0069860028024E4240D30047223
S214025F10044800C11C510840141100C3DC1E0021B5
S214025F20911504351A72181388BB08D804716C7B55
S214025F3004D804716A7B8CBB2F7C5B7B16703C4B4F
S214025F40181388BB08D804716F7B04D804716D7B64
S214025F50217C0C300160069882060698680B06982B
S214025F60320700B8B111076940D906720298660670
S214025F7001BC00C20060084000DC0A7124150165FD
S214025F80604A0A701C4A241507657C4A043508D9FB
S214025F9020712024512A241200C180000840320CAD
S214025FA02811076228110762281107622811500C6F
S214025FB000C1381F0021141200DC1A7120D80671A5
S214025FC001B80C70F0DA0C720CDB087102B8069895
S214025FD08A0648240449141100C380000840FFB80A
S214025FE0012011410871014118130824014200C121
S214025FF02000084014110141036D514191152035CE
S214026000016D514118132813481300C37C00084041
S214026010341003D80C71073005DC0671084B227B5E
S2140260208CB8507800B800C1381F002114120368DB
S2140260302150F0300152281100A04024066400C00E
S214026040FFFF0100013C1DB00220015840280675E2
S2140260501EAC01EC00A0208800C0185008400412B4
S2140260601DB4211304123052F871066C402400C38A
S214026070741F0021341014110698C00C0669009291
S21402608011592129067600BB11590698960C80B83C
S2140260900158013A0662313B0472215A412A00A095
S2140260A000C200010840317A00A0308880B9076932
S2140260B000C30000C0FF3110312800BC002D0C7553
S2140260C011541EAC01EC312DF470066C511341557F
S2140260D0312C009300A000C028400E40041331511A
S2140260E007610C3107691153381000A006984A0858
S2140260F000C0F41F0021041106983207217A237A81
S21402610000C3000010000698720700C0581F002146
S2140261101DB1181000A000C0541F00211DB1181098
S21402612000C09C1F00210410002D067500B826A88A
S2140261300698060700C09C1F00210410012C067555
S2140261400698960628B010B9115911380EB91140A2
S21402615028A880B800C144300840081100C1F01FCA
S21402616000211410303B06710760076000C4083037
S214026170084044111150FF30015118146FB80768D7
S21402618026A8217A050C21102048267800C063EF45
S2140261900000314026A8050C20ECB11140D9087247
S2140261A0247A20EC217A184826A828B00AB9015188
S2140261B00F31115028A8050C207A20EC0F0C98B845
S2140261C04678417806986A0200C2441F00212410CD
S2140261D00151FF311150081200A006984A0800B873
S2140261E026A800C05C1F00211DB1181000A030B800
S2140261F040780DB101D9FC72427800C074300E406E
S21402620004114CBA407A1810144804115C7A18101B
S214026210A4BB707B4E7B4F7B00C20430084000A0BC
S21402622006984A08217A227A00BB0698720700C0AE
S214026230681F00211DB11810A4BB00C040300E40DC
S2140262400411033101492872B1120762076230480D
S214026250041121510F3118726E7B6F7B10480411A6
S2140262604CBA7C7A181014480411607A1810B110CF
S21402627002D81071707B30B8627860780DB001D8A1
S214026280FC7100C0F8600840041101D90C7100C00E
S2140262901800084002B9181008B86E780EB84EB149
S2140262A010D90C723EA8140C0FB83EA8107044A861
S2140262B0140C01B800C1B0300E40081100C077803F
S2140262C01F003DB201423DAA00C0FFFFFFFC013A9B
S2140262D03DAA140C00C077E01F0001423DAAFFB899
S2140262E045207D7808B87E7800C1246008401411E5
S2140262F007610631087100B906985A1006984A13C3
S214026300B11101D90E710698881A02D9067206983A
S214026310AE0B06984413511406989606F4B84578C0
S2140263200A0C00C0641F00211DB118100298341018
S214026330FFB845205D7803B8076044A83EA800C1B0
S214026340B0300E40081110B807683DB101393DA9BA
S21402635008B86F7800A046A800C0FFFF0000013B07
S214026360076356AB94BA437A01D91471013C47B31A
S21402637000C0FE20FFFF013B314447AC637AFFB802
S2140263802120407802D90471607800A0C8BC066C4F
S214026390415C512C06750698960606986E0DB1104D
S2140263A0076805D8347140BA06981A1308B8657893
S2140263B0911004D8187188B86E78577800C06400B7
S2140263C0084021780698821001400A728CB84278FA
S2140263D0069856130298400B08B86C7820B859787D
S2140263E05B7800C0F44008407878797800C1C81F0E
S2140263F00021141040A818491413044940881414A4
S2140264000C4914118112076A006A01DA187188B8F9
S214026410577800C0CC1F0021041001610763076390
S214026420076407640698B20900944EB010D8427208
S2140264304DB161B80158113840B102D90A726048AC
S21402644004BB41540870204802BB02BC4DA8F8B8F1
S2140264507078190C3EB141413EA9F4B9737973784C
S214026460717800C4F840084000C20041084022701B
S21402647000C20000010044AA230C00C200000B0068
S21402648044AA00C41041084000C21841084004BB98
S214026490587C050C597C0C240F0C2FAB050CB11044
S2140264A008D81471647A657A1CB879787B7820B833
S2140264B079787B78607CF42441130698FC065114A4
S2140264C04044067506989606727BFFB84D20050C6A
S2140264D0687840EC00C0601F00211DB118109110B2
S2140264E004D8147100C0BC1E0021041080D80671A6
S2140264F01CB8737800F818B800C1D81E002100C274
S2140265001850084024122811767800F800C0B860A7
S214026510084004110761076180D9047240EC00C488
S214026520F84008404EB010D80471182441130C23CA
S214026530527C407B11512FA9050C797C0A0C00C0B5
S214026540000001020814787C050C507C08B86D78AF
S21402655000A000C0287008400411108800C100186E
S2140265600040181044480411108878480411108816
S21402657000884CBA757A18103DB11088F4B8427883
S2140265804420727828487378F8B873784FB200C4FB
S214026590FFFF8080413A4FAA01BC016441130763A2
S2140265A000C06C70084003B918100110011001B940
S2140265B0181001100110011001106848041107613B
S2140265C001B80160003A0471044904D904724152C8
S2140265D00760003A0471084908D90472315204600F
S2140265E0003B0E7200630064314241424FAAB27011
S2140265F04FAAF8B853781820537828485278009152
S2140266003DA900900091181000917848181000914A
S2140266104448181000A0115910D906710760076087
S21402662008D90471076004D90471036002D90471A1
S214026630016001D90471006000A000BA01D8067199
S2140266400148112A0069006001D8F6720138F67214
S21402665000A08020FF30FF48812000A000C2185012
S2140266600840241211592129127300210E7100C20A
S2140266703050084024120121212900A006984A0819
S21402668088B8577800C57C1F00215088044D88BC06
S21402669000C0C81E0021811101D91E71407C0095E0
S2140266A00115044D50881C4DFFBB076B315B04116E
S2140266B00698B80C3129F875069876195415069876
S2140266C0881A01D9087206987C0806700698DE08B1
S2140266D088BB547B009500F806988C090E700698C5
S2140266E0680B06988C09069860110698360891126F
S2140266F0211900C0246008400A78097800F810B909
S21402670001BA069810130698341000C57C1F0021A3
S21402671000F89112033288B900C3BC1E002134135C
S21402672000C4A81008408CB84278707903DE06715F
S21402673044786E707179A11020D806710298160FEF
S21402674080DB507102D84C7205B830880763076345
S21402675002DB2A7100C3AC0008403413066380DBF8
S2140267600472804800C3102008403413315B047260
S214026770404831283128026008140768009308143C
S214026780A11010300248081400B8081491100760CF
S21402679008148CB86278A11000DC0676517900BA2B
S2140267A080DB587100C000000200003B4E7150882A
S2140267B04110344803DE0471904804150820041181
S2140267C0F82058101C2021780698AE0E00C0A400AF
S2140267D008400E7810D91C7151451A7100C5340054
S2140267E0084407B8081500C53400084604B808155A
S2140267F004702E780698741600959111203102695D
S214026800911004D80E7200C14C1F0021141101D938
S2140268100A71208806985A10009200C11800084093
S2140268200533054B1872184C03DE0471904C441461
S21402683000C3FF1F0000413BFF233811B849076A17
S2140268400698A20E04490879097914102140081105
S21402685000A000C5540008405415514550711088D8
S21402686000C13400084407B8081101B83088076B25
S21402687040DB247100C0370C00000811364800C502
S214026880D01E0021541102D90E72104801D9087187
S21402689000C01104000000C134000846081100C1FF
S2140268A034000840141530350093009100A000BD56
S2140268B00698440210B903DC047100B901BA0698BE
S2140268C0101302D9067100404E7201B107690F31EA
S2140268D006988210FFD82872811008D8187106DD33
S2140268E00A710698440203DC0C720698C8100698D1
S2140268F056130C7006DD10710698CE10487020B83C
S21402690002A806DD107206988C090698360801F869
S21402691040B802A800F800C0BC1E0021041307639A
S21402692001DB227191100111076911388CB910D858
S214026930087144790298160F02DBFA72A11328DB5B
S214026940F47203BD0698281006988C098CBA7F7AD2
S2140269500698FC0600C5801F00210698440200BA6D
S21402696003DC3272044DA11002D804710C4D00C033
S214026970140008400410026800C3701F002134117E
S2140269801128FC2334110698960C00C10C510840BD
S2140269900698B2065415212D00C0F860084004116E
S2140269A001D9227100C03C1F00210410033001DC13
S2140269B0147200C0140008400411FD21087602BAC1
S2140269C0076A212D069848070298E8099110015592
S2140269D003355150011900A000C1481F00211410B0
S2140269E001D8427101480760FE200E75811020D83A
S2140269F0087100C14C1F0021141101D9287100C072
S214026A00246008400412215107610F3107691152B0
S214026A10281000C000600840041191122151203154
S214026A201152211900A0811380DB067201B800A062
S214026A3000C30C5008403410063030727C4B3412BF
S214026A402C4B34100760076040302072811080D8CB
S214026A50DC713410014A07620360803021508C4892
S214026A600A717F2355233410013000A000BD06981A
S214026A70281088B847784578437800B8447800A04C
S214026A8006988C090698C81000C58C1F002154155C
S214026A90069848070298E80900C374000840027B7B
S214026AA006984A1350BA06981A1306988210FFD808
S214026AB04A71911004D84872811007601CD840723F
S214026AC020D938721112FF3221513471802180216F
S214026AD0111400C0E41E00210413FFBA3151113A0A
S214026AE0215111538CB938107B7940440E7200B98B
S214026AF000C2C41E00211812067008B860780698F4
S214026B00441300F800B900C29C1008401812244A28
S214026B100AB9181288BA507A517A577A8CB94279D9
S214026B205F7900A00698440207DC107291100020DC
S214026B300A75069860110298660D0698360801B91D
S214026B40911004D8047100B910BA0698101300BA4E
S214026B5000402A7100C0BC1E00210411076101D941
S214026B60127104D9E2728110076001D8DA718CB80A
S214026B70647800C11C5108400698B2060698601157
S214026B8000C5901F00215415212D06987C0800C5CB
S214026B90941F002100F800BC811108D9167280D912
S214026BA0207201B910BA0698101300400E7101BC8B
S214026BB010700698C8100698561320B802A800F857
S214026BC00698601181110231127100B900C20C10D0
S214026BD008401812244A02B918120698C81000C5AE
S214026BE0981F002154150698001A0298E809041105
S214026BF00121147188BA737A042004122811042021
S214026C0004110121F47200A00698FC0601F8911006
S214026C1010D8347106984003069886040698A20493
S214026C2000C51C51084054110698B80C00C5D41E65
S214026C30002154155129E27518B875788CB8447835
S214026C4001B802A800F8B110076810D82E7100C06B
S214026C504810084000C3000008403114884C441114
S214026C603411076101D9FA714412281007622810FC
S214026C700762281007622810E87000C1BC1E0021B7
S214026C80141080D82C7100C1540008401411114110
S214026C90207100C1000002401038167100C0340096
S214026CA0084407B9181000C03400084601B9181085
S214026CB002987A020698600211380472016A00BBD2
S214026CC000C1E41E0021141120390C72911210DA50
S214026CD00672417B00A006984A1300C2BC1E002121
S214026CE0241220DA0472617B88BA527A00A088BA2B
S214026CF0727A811204DAFC7200A088B86B78577830
S214026D0000C0640008402F7800A006986E10076343
S214026D10076390B9637900B902DB367131120762F4
S214026D2040DA2E7200C2540008402410014022723B
S214026D3002EC00C909B801D9507200C2AC00084082
S214026D400E7A10D904722E7A06987416E03107610C
S214026D5002EC00CD114502EC00CC01DB087100BB51
S214026D600298CA1703B841110731FA211C76062188
S214026D70911210DA087102DD10721E7020B80698A1
S214026D80720C3038147208B80698820600C02400C6
S214026D9008402978207800F8046020D80671029806
S214026DA02C1502EC00CA05B823DA187104DBDA7176
S214026DB020DAD67110DAD27290B8617800B801DAA9
S214026DC0067202EC00C8911110D9267100C1CC1EC1
S214026DD0002114111150FF300C720661A1101150DF
S214026DE002300A7180DB0A720AB89E708CB97C790E
S214026DF00768911111402111C0311140011990B854
S214026E00411108D90471667820D904726578A110F8
S214026E1002D80672C0DA1E7190B8273123DD0872D6
S214026E2010DB1072607825DD0A7121DD087208DB3E
S214026E300471627803B8411107310872A115203532
S214026E40AA7102DD3272A11120D9A07102D928726C
S214026E50CCDA9872411140D9927206B802DB1071F0
S214026E60046500C1102008401411112D112D054D86
S214026E705C720298BA1321114049C0D94E71A031F2
S214026E8041154035016551410361076308DA1E72F8
S214026E9004DA38721049A1150235067110DB0E723B
S214026EA001340A7108DB247190B86778CC3211106D
S214026EB01A300ADC0872CCDE0471FD3100C00D0FF8
S214026EC00C0D0698740C01D8607207B80298E41389
S214026ED000BA411108D90C7102EC00CA05B830DAC2
S214026EE0EC720734F031026101DA0471014900C024
S214026EF0F300A3E30698740C01D8D07100C098146E
S214026F0040680698740C4030014440DA0471204C04
S214026F1004320162204A111006300068014218311C
S214026F200269114202980214204A00C0051708504E
S214026F300698740C113001422088FFBB0DDA50719E
S214026F4000C1DE1B250180BC04DA107208DA0A7260
S214026F5000C120841000E024A0240763414301649A
S214026F6001DA06711E49024B00C02C1F002107637E
S214026F703810BC2002DA127101B91159A11380DB54
S214026F80087100C100FCFF0118100298561700C4D1
S214026F90BC1E0021441080D87C710092D0DA0671A3
S214026FA00DDA0C7190BD437DEFBD06983E05036277
S214026FB00DDA8672A11105D95C7100C2381008403C
S214026FC024120C24281401D9067202D9327140D92F
S214026FD01E7102EC00CA211018320471FA2220D85F
S214026FE004720822FE22087502EC00C8F87001D965
S214026FF00E7102EC00C802D9067204DC187200C0D8
S214027000BC1E00210410026801D8067190B864788C
S21402701018B873780298CA1700C50020084000C046
S2140270200417000008D904720A480815104D00B863
S21402703008D90472FF200815084D00C00884000015
S21402704008D9087200C02083B8ED0815104D207DBF
S21402705000A000B8011A00C074000840027891101F
S2140270601030011905BA06981A1302D9067101B82A
S21402707002A800C0BC1E0021041380DB0671029821
S21402708066138CBA7C7A01DB6C7100C2301F002159
S21402709024111114FF3402EC00C8FF24FA760761AB
S2140270A00698820C036111380F3003611114011126
S2140270B041100698820C01D8087203B80298E413AD
S2140270C0044A02DB2471241011281128041202300B
S2140270D006710762076200C0FFFF0000213800C287
S2140270E018000840FF200812411007600698820C1C
S2140270F001D87C7120BC1033767100BB00C12C1FF6
S21402710000211415C021112C5112076A0F320E717C
S214027110408851140698FA174143009451120765A5
S214027120036A0F320E71411151140698FA17036C56
S21402713041430765513B00C1E81E0021141111129C
S21402714031100F30127100BA046101D80471114275
S21402715000600FD8F472311002601E30047201B85B
S214027160003A087204B80298E4130298EA1500C0BE
S214027170381F002104110F3103DD1A7200C00060AF
S2140271800840041007D80E7200C01040084004B928
S214027190181000F806986E1006983C0500F830881D
S2140271A05088FF34087102ECFF24F87002EC00CD20
S2140271B0141001BB5150FFD8047131440760006BB4
S2140271C010DBF2710421FF22E4720F4C009500934B
S2140271D000A000C1C01E0021141100A0308806982D
S2140271E0381A8111076102D906720298141988BBEF
S2140271F0557B076120D90671029804190088A110F0
S214027200076806982E1808211415FC2590BB5C7B8F
S2140272105D7B00C10060084014110731FE21307604
S21402722008D82A725113FC23341304DB2071076B2F
S214027230FF33315B00C108700840141107618049B2
S2140272400C71FF313029547590BB7B7B10707B7BB1
S2140272507C7B00DD04717D7B01BB3815EC25541365
S21402726000DF5471042505DF54715415211120885E
S2140272700698B80C009251293E7500C1006008407D
S214027280141102DB0C710731315B31292A760C703E
S21402729004DF0872006180D91E7206982E1800C09C
S2140272A00870084006987C1A06982E181411FFD902
S2140272B0607202985A190090009300A05415A1110A
S2140272C0076910D9A672082508D8A071082510D813
S2140272D09A71208821110698B80CFC255412112A9E
S2140272E0F82554110C2520D80871F02554111025C4
S2140272F0202904762159181500920298C61818B942
S2140273007179811010D80A7188B8447800B841782B
S21402731088B9747908B9677900F88110A0D808711D
S21402732088B9497900A0076002D8FA7106982E1823
S214027330108806984A130762076210DA0871082155
S2140273401415F025541100C20020FEFF20291275E4
S2140273500698881A01D90A7206988C090698360881
S21402736000941CBB41100C2006984A1241110821B9
S214027370141006984A123128441111120761FF317F
S214027380FF320122105210720769181404244413A3
S214027390042438140C7007692141181408240814B0
S2140273A0029844134044147100C1C41E00211415EF
S2140273B05113036B0FDB0C72066D06980607411518
S2140273C000A00698360806984A1308BB5114069879
S2140273D0C0194415FC2554150298480788B900C3FD
S2140273E0BC1E00213413076308DB1A718113A0DB6D
S2140273F00671497910706979076302DB087208B969
S214027400677900F800A08111076102D9107188B966
S214027410757906982E181411FF3100A0FFB900A046
S214027420041008211411F421081100A0811107612B
S214027430076110310E7106982E1808211411F821D2
S214027440141100A0010203000600070A00000E0045
S21402745000000F001A00000000001B00607402000B
S2140274601C75020000000000787402000100000093
S21402747000000000000000009C7402004063598F68
S214027480404B4C000B000B001A00FF7F3C210020F3
S214027490000000000000000000000000F81F0101CC
S2140274A0C0760200DC1F04010200620609C80578E5
S2140274B00704DC0678070607F41F01010100000036
S2140274C0FC1F01010000000038000200000000005E
S2140274D0000000002C6002000050010F40B800407F
S2140274E0786001005063820BE8600100590B0000CF
S2140274F01470011000F8070014700130F500000047
S21402750018700100001800007070030003010100EB
S2140275100F9C030006E04900FFFFFFFFF01F01017A
S2140275203F00370004000200018014007F000000C4
S21402753018000200000000000000000028000400FE
S2140275400000000000000000000000000000000034
S21402755040000100A00700004800010000000000F3
S214027560540002000000000000000000A00004001A
S21402757000400000FF4C000000410000FF4D0000EC
S2140275800020010004070000102001000000000097
S21402759018200100088400000830010013AC000126
S2140275A03030020024491000010000004030010083
S2140275B000000000A04001007A27000FB84001003A
S2140275C000C0A300F4400100201000003441020075
S2140275D080080000E6870000404102006D00880037
S2140275E0C0E6524D604104000000000000000000AA
S2140275F006000000060000001460060010000000EE
S21402760020F913040B007200607000000080000076
S2140276100000000350600600FC00690041080000FC
S21402762001000000B0070700700A0000000000001A
S2140276307C600B009BC34A74F003000003800000CA
S214027640BE0A00000101103050707F7F000000006B
S2140276500000000000000000000000000000000023
S214027660E46001008000D78BEC60050064048307A9
S2140276708813C83A9C20060000612000B756852071
S21402768004610300383E12002030000088BB000070
S21402769020610100001E00001C7005006000050548
S2140276A0030050AB8200000000008001D5000000FD
S2140276B0487002003C3D0000BC190000FFFFFFFFBF
S2140276C00D000000D75403000000000014770200EB
S2140276D00C77020000000000001A9A00005A6202AC
S2140276E080841E00042000002449000200000000DE
S2140276F00000000000000000000000000000000083
S214027700D1841E000000000000000000ED170000FB
S21402771000000000193F01060410010000010106E6
S21402772000102700000900000000000000002C20C6
S21402773066756E6374696F6E3A2000617373657264
S21402774074696F6E2022257322206661696C6564F7
S2140277503A2066696C6520222573222C206C696E9D
S21402776065202564257325730A000020202020202A
S21402777020202020282828282820202020202020DA
S21402778020202020202020202020208810101010CA
S214027790101010101010101010101004040404041E
S2140277A0040404040410101010101010414141414A
S2140277B04141010101010101010101010101010132
S2140277C00101010101011010101010104242424244
S2140277D04242020202020202020202020202020202
S2140277E00202020202021010101020000000000026
S2140277F00000000000000000000000000000000082
S2140278000000000000000000000000000000000071
S2140278100000000000000000000000000000000061
S2140278200000000000000000000000000000000051
S2140278300000000000000000000000000000000041
S2140278400000000000000000000000000000000031
S2140278500000000000000000000000000000000021
S2140278600000000000000000000000232D302B2046
S21402787000686C4C00656667454647003031323317
S2140278803435363738394142434445460030313282
S21402789033343536373839616263646566002E2EB6
S2140278A02F2E2E2F737461636B2F73656375726947
S2140278B074792F73656375726974792D636F6D6D54
S20C0278C06F6E2E63000000004B
S20C0278C868A6FD7F0100000026
S2100278D0DC78020000200020840000008B
S2140278DCAAAAAAAAAAAAAAAAAAAAAAAAAAAAAAAAF5
S2140278ECD007000000100000BC430200000000009D
S2140278FCFFFFFFFF00000000000000000000000079
S21402790CB04A0200A828002000C00040020A020B5F
S21402791C0E1000000000000060670100000000006E
S21402792CD82B002002000000214D000000000000B1
S21402793C05060200C0EA2101C0EA2101008000000F
S21402794C00F04902D85000207C20002000700F0066
S21402795C009000008C2F0020C8000000FE000000E3
S21402796C00000000404D020010220020C0EA210157
S21402797C0600E40C0A0000000000E40C0A000000FA
S21402798C3F000000DBF601003C000000401F000038
S21402799C283800208837002068380020E838002075
S2140279AC100E0000283A0020A72A0200EE5502000C
S2140279BCFFFFFFFFFFFF03FF050E000000000000A5
S2140279CC584C00200000000000080808080C0C0C9C
S2140279DC18000000071B0200F8580200FFFFFFFF0A
S2140279ECEF1F0200EB1F0200FFFFFFFF39710100C1
S2140279FCFFFFFFFFFFFFFFFFFFFFFFFFFFFFFFFF84
S214027A0CDD8C0100FFFFFFFF9B230200FFFFFFFF41
S214027A1C000000004821002000000000544E002008
S214027A2CBC4E0020244F0020000000000000000086
S214027A3C0000000000000000000000000000000033
S214027A4C0000000000000000000000000000000023
S214027A5C0000000000000000000000000000000013
S214027A6C000000000000000003000000544E00203E
S214027A7CE803FFFFFFFF5802010064003C000F0002
S214027A8C140090010900CEFAEFBEFFFFFFFF0100C3
S214027A9CFEFFFFFFFFFF0100FFFFFFFF0E000000CF
S214027AAC000004F8FFFFFF031F040101010410107D
S214027ABC0803BF19FF010301FF0EFE01FF050000BC
S214027ACC30BF4223013BFDD1024B5B6813F0805F53
S214027ADCFAD1704700300E400D1F0000E51E000064
S80400515555
