:10000000002000203949000019D3010019D3010054
:1000100013EA010019D3010019D3010019D301001B
:1000200019D3010019D3010019D3010019D301001C
:1000300019D30100D442020019D3010019D30100E1
:1000400019D30100558C01000DB5000019D3010032
:1000500085840100531902004F190200758C0100BC
:100060004719020051560000B957000019D301008A
:1000700009460000F945000019D3010019D3010019
:1000800019D3010019D30100D957000019D3010079
:1000900019D3010019D3010019D3010019D30100AC
:1000A00019D3010019D3010019D3010019D301009C
:1000B000A98C01004B190200F9A90000E58C010090
:1000C00019D301000D70010019D3010019D30100EB
:1000D00019D3010019D3010019D3010019D301006C
:1000E00019D3010019D3010019D3010019D301005C
:1000F00019D3010019D3010019D3010019D301004C
:1001000019D3010019D3010019D301000000000028
:10011000013800D0FCE7704700000000000000003C
:1001200001F0FF01102A2BDB10F0070F08D010F8A8
:10013000013B013A8B422DD010F0070F42B3F6D1AC
:10014000F0B441EA012141EA014122F007047FF0C5
:1001500000070023F0E80256083C85EA010586EA1C
:10016000010685FA47F5A3FA87F586FA47F6A5FA58
:1001700087F68EB9EED1F0BC01F0FF0102F0070264
:1001800032B110F8013B013A83EA010313B1F8D10F
:100190000020704701387047002D06BF35460338F0
:1001A000073815F0010F07D1013015F4807F02BF29
:1001B000013015F4C03F0130F0BC0138704700BF7A
:1001C0002DE9F04F2DED028B91B082460C469346FF
:1001D0001D46DDE91C23104619461BF0B7F8002820
:1001E00000F007814FF0FF32B14BDDE91C011BF03D
:1001F000D5F8002840F0FD804FF0FF326FF48013F7
:10020000DDE91C011BF0ACF8002840F0F280002270
:100210000023DDE91C011BF0A3F8002840F0FE805C
:100220009DED1C7B8DED067B209B13F480630F936B
:1002300001D106231E93DDE906010246C1F30A50EF
:10024000C1F31303904643F07F5949F44019A0F2DB
:10025000FF301AF0A9FD84A3D3E900231AF00EFEA3
:1002600083A3D3E900231AF053FC06460F4600226D
:10027000904B404649461AF049FC7FA3D3E900233E
:100280001AF0FCFD02460B46304639461AF040FC97
:100290001BF08EF806461AF087FD8046894678A343
:1002A000D3E900231AF0EAFD0022834B1AF030FC58
:1002B0001BF07EF8074674A3D3E900234046494665
:1002C0001AF0DCFD8046894638461AF06DFD70A3B1
:1002D000D3E900231AF0D2FD02460B4640464946B8
:1002E0001AF014FC8046894602460B461AF0C6FDF9
:1002F000CDE90A0107F2FF3700210022CDE90812FB
:100300003B0509930023089342464B464046494625
:100310001AF0FEFBCDE90C0142464B4600204FF09F
:1003200080411AF0F3FB804689460022634BDDE9E9
:100330000A011AF0CDFE0022614B1AF0E9FB0246D9
:100340000B46DDE90A011AF0C3FE00225D4B1AF0EC
:10035000DFFB02460B46DDE90A011AF0B9FE024650
:100360000B46404649461AF0D3FB02460B46DDE9F0
:100370000C011AF0ADFE0022534B1AF0C9FBDDE967
:1003800008231AF07BFD8046894649EC188BDDE98D
:1003900006231BF003F840B1013E0022484B4046C3
:1003A00049461AF095FE41EC180B06F16303C62B83
:1003B0003FD80427209B13F4006F44D036A3D3E921
:1003C0000023DDE90689404649461AF0DDFF002892
:1003D0003FD033A3D3E90023404649461AF0C0FF7B
:1003E000002836D01E9BB34225DD9E1B731E1E9334
:1003F00023E0209B04931F9B03931E9B02939DED80
:100400001C7B8DED007B2B465A462146504600F062
:10041000CFF811B0BDEC028BBDE8F08F9FED227BD1
:100420008DED067B1C9B06931D9B03F100430793F8
:10043000FAE60527BEE700231E93209B43F4806362
:10044000209300273E461F9B9F423FD2A3EB070805
:100450003EE01E9B002BF6D00F9B002BF3D01E9B83
:10046000013B1E93EFE700BFFB799F501344D33F3E
:10047000B3C8608B288AC63F61436F63A787D23FAA
:1004800071A379094F930A401655B5BBB16B024071
:10049000EF39FAFE422EE63F2D431CEBE2361A3FBF
:1004A0000000000080842E410000000000000000D9
:1004B000FFFFEF7F0000F83F0000E03F00002C400E
:1004C00000002440000018400000F03F4FF00008FA
:1004D000209B13F0020902D00FB14FF000083EB18B
:1004E00053EC182BDDE906011AF0F2FDCDE9060107
:1004F00000220023DDE91C011AF032FF00283DD163
:10050000209B23F400630493CDF80C801E9B029380
:100510009DED067B8DED007B2B465A4621465046CD
:1005200000F046F8002F3FF474AF209B13F0200F2B
:100530002CD04FF0450C00F101082B460246214615
:100540006046D04786EAE672A2EBE6720523059381
:10055000013F0497002303930A230293F30F0193AF
:1005600000922B464246214650461FF0CCFBB9F183
:10057000000F3FF44EAF02461F9F10E0DDE9060179
:10058000024601F10043CDE90623B9E74FF0650CBF
:10059000D1E7561C2B4621462020D0473246A2EBFD
:1005A0000B03BB42F5D3104633E700BF0000000049
:1005B0002DE9F04F2DED028B95B007900A919246F0
:1005C0009B46DDE92089229D42464B4640464946EE
:1005D0001AF0BCFE002840D04FF0FF326FF48013B9
:1005E000404649461AF0BCFE002845D14FF0FF3284
:1005F0009F4B404649461AF0D1FE00284BD198A3A4
:10060000D3E90023404649461AF0C8FE00285AD1D3
:1006100095A3D3E90023404649461AF0A1FE0028DD
:1006200051D100220023404649461AF099FE002885
:1006300057D100230B93249B13F4806F5CD00024CC
:100640001F2C5BD8092D59D904F150036B4430227B
:1006500003F8202C013D0134F2E7249B0393239BF4
:10066000029303230193834B00935B4652460A99FE
:1006700007981FF06EFA2CE1249B0393239B0293AF
:10068000042301937C4B00935B4652460A990798DA
:100690001FF05FFA1DE1249B13F004030FD0774A8B
:1006A0007BB1042324990391239902910193009231
:1006B0005B4652460A9907981FF04BFA09E1704AC7
:1006C000EEE70323EEE7249B0493239B0393029519
:1006D000CDE900895B4652460A990798FFF770FDFD
:1006E000F7E042464B46002000211AF00FFA804600
:1006F000894601230B939EE70625A0E7404649461D
:100700001AF056FE06461AF04FFB02460B464046CC
:1007100049461AF0FBF95B4B03EBC50393ED008BE5
:1007200053EC182B1AF0AAFB02460B46CDE908231E
:100730001AF066FE07461AF027FB02460B46DDE973
:1007400008011AF0E3F902460B46CDE9082300221E
:100750004D4B1AF023FE50B3013738461AF014FB04
:1007600002460B4651EC180B1AF004FE08B1013694
:10077000002755BB30461AF017FB02460B46404691
:1007800049461AF0C3F90746884600223E4B1AF044
:10079000E7FD38B100223C4B384641461AF0FEFDD9
:1007A000002842D016F0010F3FD001363DE0002274
:1007B000354BDDE908011AF0D3FD0028D9D117B176
:1007C00017F0010FD5D00137D3E71F2C17D8013D03
:1007D0002E4BA3FB0723DB08194603EB8303A7EB90
:1007E0004303621C303304F150000DEB000404F8A5
:1007F000203C092F02D90F461446E6E714461F2C69
:100800000AD86B1E45B104F150026A44302102F847
:10081000201C1D460134F2E71F2C06D804F15003BA
:100820006B442E2203F8202C01341F2C33D8184A95
:1008300082FB0632F317C3EBA2031A4603EB8303D2
:10084000A6EB4303611C303304F150000DEB0004B0
:1008500004F8203C1646EAB10C46E6E7AFF3008008
:100860000000000065CDCD410000000065CDCDC188
:10087000FFFFEF7F084A02000C4A0200FC49020019
:10088000044A0200184A02000000E03FCDCCCCCC64
:10089000676666660C46249B03F00303012B1DD09C
:1008A0001F2C09D80B9B002B35D004F150036B444F
:1008B0002D2203F8202C0134249B0393239B0293C5
:1008C00001940CAB00935B4652460A9907981FF0BF
:1008D00040F915B0BDEC028BBDE8F08F239BB3B19E
:1008E0000B9B1BB9249B13F00C0F12D0239B013BD5
:1008F0002393194606E004F150036B44302203F8B9
:10090000202C01348C42CBD21F2CF4D9C8E7239978
:10091000F8E72399F6E7249B13F0040F07D004F1BE
:1009200050036B442B2203F8202C0134C4E7249B92
:1009300013F0080FC0D004F150036B44202203F8D9
:10094000202C0134B8E700BF7FB54E6802A90446E9
:1009500020F0E4FC9DF808300E2B19D1134BB3F9AD
:100960000050134B9E4218D806F0F2FF0346006871
:1009700000909B88ADF804306946204620F0BBFC0F
:1009800070B10C490C4840F21C620BF0E9FDFEE727
:10099000204613F033FE0546E3E706F0D5FFE5E712
:1009A0002946204620F0BCFC04B070BD584E002003
:1009B000FFC99A3B654D02008C4A020038B50446D7
:1009C0000D461CF0C0FD064A13889BB22DB123438F
:1009D0001380BDE838401CF0BCBD23EA0403F7E7F0
:1009E000C8480020034B002201214FF480709A7008
:1009F000E4E700BFC84800207FB50023134C0393F1
:100A0000CDE90133FF238DF804301CF09CFD2288D2
:100A100063880F4E9A4205460DD061887068218028
:100A200001AA13F0D9FB58B10A490B4840F297626A
:100A30000BF096FDFEE7706820F01FFB0128ECD05C
:100A400028461CF086FD04B070BD00BFE0200020E9
:100A5000C8480020654D02008C4A020038B50F4C92
:100A6000A56835B90E490F4840F27C720BF078FD4D
:100A7000FEE71FF01DFA28440FF0E4F900F007002C
:100A8000032809D1A468092120461FF02DFB205C12
:100A9000031F5842584138BD0020FCE7C8480020D9
:100AA000654D02008C4A020010B5114CA378042B4E
:100AB00006D01049104840F244520BF051FDFEE7B9
:100AC00023881B0706D40B490B4840F245520BF014
:100AD00047FDFEE700210820FFF770FF074B606825
:100AE00002221A7113F046FBBDE810401EF0AEB9A9
:100AF000C8480020654D02008C4A0200E02000201A
:100B000010B5084C606813F035FB606820F0B5FA4A
:100B1000012806D0012260681146BDE8104020F08F
:100B2000AEBA10BDC848002038B5194DAB7833B106
:100B3000184919484FF4DC620BF012FDFEE71CF077
:100B400002FD298811F00601044609D001214FF465
:100B50008070FFF733FF2046BDE838401CF0F9BC39
:100B60004FF48070FFF72AFF10F0DAFE012805D05D
:100B700010F0FD0F05D1FFF73FFFECE7FFF7C0FFD7
:100B8000E9E70449044840F2F6620BF0E9FCFEE7AD
:100B9000C8480020654D02008C4A020070B5074D20
:100BA00095F90C600446FFF7BFFF10F0B9FDAA6885
:100BB00031462046BDE8704010F0F0BBC848002028
:100BC00008B50A4B1B88DB0606D40949094840F2E0
:100BD00069520BF0C5FCFEE700211020FFF7EEFE86
:100BE00010F01AFFBDE808401EF030B9C8480020D8
:100BF000654D02008C4A02000D4B1B889B0710B507
:100C0000044613D500210220FFF7D8FE094B5A797C
:100C1000FF2A06D00849094840F29A420BF0A0FC8E
:100C2000FEE75C71BDE810401EF010B910BD00BFBA
:100C3000C8480020E0200020654D02008C4A0200D8
:100C40007047704710B50E4CA37833B10D490E486C
:100C500040F2C5120BF084FCFEE7A06019B1A17C44
:100C6000003918BF01212020FFF7A8FE074B0848D4
:100C70009B7923770223A370BDE810400DF04CBF91
:100C8000C8480020654D02008C4A0200E020002088
:100C9000E848002008B50EF041FD80F00100C0B228
:100CA00008BD0A4B9A780AB1062A0CD11B8803F4B6
:100CB0008B7343B9064B5A79FF2A04D11879FF3850
:100CC00018BF012070470120704700BFC8480020AE
:100CD000E020002008B50EF011FD0028FBD108BD72
:100CE0000C4B42881A8242789A740278DA748288AD
:100CF0009A82C288DA82C2689A61074A017A91713F
:100D0000028A198D914204D001214FF400701A8596
:100D100054E67047C8480020E0200020094B1A8A9A
:100D200042809A7C4270DA7C02709A8A8280DA8AE7
:100D3000C2809A69C260044A1B8D92790272038252
:100D4000704700BFC8480020E02000204B1E012B48
:100D500070B50C4606D91B491B484FF42A720BF09C
:100D6000FFFBFEE7194D0A460146686820F0ECFBE0
:100D700030B11449144840F2AA220BF0F1FBFEE70F
:100D80006E680DF03DFE22460146304620F0D6FB4F
:100D900030B10C490C4840F2AE220BF0E1FBFEE70B
:100DA0006D680DF039FE22460146284620F0D2FB40
:100DB00030B10449044840F2B2220BF0D1FBFEE707
:100DC00070BD00BF654D02008C4A0200C84800207B
:100DD000054BDB791B0913F00E0003D0052B8CBFEC
:100DE00000200120704700BFE0200020044BDB7989
:100DF0001B0913F00E0F0CBF01200020704700BF2D
:100E0000E02000202DE9F04F16469A0591B081466A
:100E10001F4603D501218020FFF7D0FDF3014FF0DD
:100E2000000852D59A4C23889D074ED5994D6B7971
:100E3000FF2B06D09849994840F266420BF090FB90
:100E4000FEE7A36833B99449944840F267420BF037
:100E500087FBFEE741460220FFF7B0FDA37885F847
:100E60000580042B03D101210820FFF7A7FD8C4A40
:100E70006068002120F073FA30B18749874840F25A
:100E800071420BF06DFBFEE7FFF7A2FFA8B9D4F8A3
:100E900004801FF00DF80546A0681FF014F829180B
:100EA0007F4A89B2404620F06BFA30B17A497B48DC
:100EB00040F277420BF054FBFEE7A378032B02D1FC
:100EC000606813F057F91DF0C1FFB80702D5012083
:100ED000FFF792FE16F0A84F02D00220FFF78CFE1B
:100EE000B10220D50021402005ACFFF767FD214667
:100EF000484620F055FBB0B99DF81C30022B0AAAD9
:100F000022D18DF83030BDF81430ADF828301046BD
:100F100010F00EFC38B1484620F040FB18B9012112
:100F20004020FFF74BFD320752D5594D05AA68689E
:100F3000032120F0D4FA804688B95749574840F237
:100F4000B3420BF00DFBFEE7032B05BFD4E9000114
:100F50008DF830308DF83000C2E90001D7E79DF8F8
:100F600014306868072B40F022810AAA414620F01D
:100F7000BAFA824630B14849484840F2B6420BF0CE
:100F8000EFFAFEE7FFF724FFBDF8161090B9FFF760
:100F90002DFF68B10431686889B20AAA20F0A5FA69
:100FA00040B13D493D4840F2C7420BF0D9FAFEE757
:100FB0000231F0E7BDF816000730012180B20EF0D3
:100FC000F7FA039000284AD101210C2011F0EEFA23
:100FD000B10705D52E4B1B881A0701D5FFF764FD15
:100FE000B3010AD500210420FFF7E8FC284B9A78CA
:100FF000012A02D1586813F0BDF816F0284F03D02B
:1010000000210420FFF7DAFC7E060CD5204C238853
:101010001D0701D5FFF748FD2388580703D5002198
:101020000420FFF7CBFCF90540F1CF80484620F0C3
:1010300022F8022802D0032840F0C080144C2388F4
:101040005A0703D500210420FFF7B8FC23889B072B
:1010500040F1BB80012011B0BDE8F04FCCE50EF0AF
:101060007DF94FF0000BCDF800B0BDF81630024608
:1010700004464146686820F052FABDF816308342B3
:1010800010D0054905484FF49B620BF069FAFEE762
:10109000C8480020E0200020654D02008C4A020074
:1010A000F44800201EF004FF20440EF0CBFE00F0B8
:1010B0000700022823D1AB78042B89D11EF0F8FE5B
:1010C000434B20441B7882789A4281D159460820AC
:1010D000FFF774FC1EF0ECFE20440EF0B3FE3D4B17
:1010E000C0F3001018719DF836302B73FFF7B6FC73
:1010F00000287FF46DAF686813F03CF868E71EF0D5
:10110000D7FE20440EF09EFE830649D51EF0D0FE89
:1011100020440EF097FE00F00700032828D001219C
:101120000420FFF74BFC20F004FA2863BDF81630CA
:101130009DF83620E254BDF816309DF83720234440
:1011400001209A71BDF816100A9A013121440EF05F
:1011500087FEBDF8163003981C4484F805A00EF0F5
:10116000BBFA1D4B18780DF0DDFD1DF06FFE2FE76B
:10117000092120461EF0B8FF205C04284FF0010131
:10118000CED1FFF71BFC20F0D4F928632B8858063A
:10119000CCD559464020FFF711FC4FF0010AC5E7B6
:1011A000AB78012BC2D1686812F0E4FFBEE720F0F3
:1011B00090F96868414620F0AFF909E70749084807
:1011C00040F2B5520BF0CCF9FEE711B0BDE8F08F5C
:1011D00035490020E020002038480020654D0200FD
:1011E0008C4A020008B50246FFF7F2FD30B1072A2B
:1011F00006D8044B002083F8342008BD7020FCE79B
:101200000220FAE7C848002008B50246FFF7E0FDD3
:1012100028B1044B93F834301370002008BD7020BF
:10122000FCE700BFC848002008B5074B0146002274
:10123000586820F089F930B1044905484FF43772F5
:101240000BF08EF9FEE708BDC8480020654D02008E
:101250008C4A020008B5074B01460022586820F06E
:101260006DF930B10449054840F2E2220BF078F9FB
:10127000FEE708BDC8480020654D02008C4A020008
:1012800008B5074B0146586820F06AF930B10549A6
:1012900005484FF43A720BF063F9FEE708BD00BF52
:1012A000C8480020654D02008C4A020008B5064B74
:1012B0009B7833B10549064840F2F2220BF050F911
:1012C000FEE7BDE808402FE4C8480020654D020055
:1012D0008C4A020008B5044B0146586820F020F8FB
:1012E000002818BF8B2008BDC8480020014B586853
:1012F00013F084B9C8480020014B5888704700BFDC
:10130000E02000207FB50123ADF80E3009484FF6EC
:10131000FE7300930DF10E02002304A940681FF034
:101320007EFF012894BFBDF810004FF6FF7007B094
:101330005DF804FBC848002008B5044B0146586816
:101340001FF0F3FEB0FA80F0400908BDC848002045
:1013500038B50B4DAB78012B04460DD8FFF7ECFFE9
:1013600060B1084B5C80AB781BB9FFF7DDFB002058
:1013700038BDFFF741FBFAE73E20F9E78A20F7E79F
:10138000C8480020E0200020024B9B780BB9FFF7F3
:10139000CBBB7047C8480020014BD874704700BFD2
:1013A000C848002008B5054B012158681FF08AFE87
:1013B0000028B8BF033040F3870008BDC8480020AC
:1013C00008B5044B58681FF0ACFE034BB3FBF0F0BC
:1013D00080B208BDC848002040420F0030B58DB033
:1013E0002C220446002101A820F022FE0123264DD4
:1013F0008DF808304FF002326423CDE903230693C1
:101400000B238DF82C302B8DADF80A30FFF7E0FC64
:10141000A0B140F2F23307934FF47A7305930CB9FD
:10142000FFF76EFB686801A913F0BCF9B8B1174962
:10143000174840F269620BF093F8FEE7FFF7C0FF30
:101440000C234343902BA3F10A0207930592DCBFC0
:1014500091230793059B8B2BE1D88C23DEE7FFF7C5
:10146000C5FC60B101226868114620F087F830B1F0
:101470000649074840F26C620BF072F8FEE70CB9BF
:10148000FFF752FB0DB030BDC8480020654D02008B
:101490008C4A0200F8B5574C1CF055F82388D90542
:1014A000064603D5A37843BBFFF73EFB524D6B794D
:1014B000FF2B13D06B7903F0FF0723BBFF236B7166
:1014C000A378032B0AD100233046A3701CF041F807
:1014D0003846FFF763FB1CF036F80646A378042B6A
:1014E00008D12B79FF2B05D02B79022B14D143483F
:1014F0000DF012FBFF232B7128E000214FF48070C8
:10150000FFF75CFAD2E76B79012B4FF0FF036B71A9
:1015100014BF89278D27D6E72B7913B12B79012B9F
:101520001FD1FFF79BFA2B790022FF212971DBB233
:1015300084F820200546002848D0012B0AD12F48E6
:10154000A37064210DF0F3FAFFF756FA30461CF051
:1015500000F806E03046A2701BF0FBFF3120FFF7D9
:101560001DFB23881A0608D500218020FFF726FAE4
:1015700060681FF048FF10F030FA23889B0507D5FC
:101580004FF400700021FFF719FA0020FFF726FF43
:101590000EF0B4F8E08628B30DF0E0FE0121054618
:1015A000002011F003F8A678012E15D1002684F84A
:1015B0002060A670FFF7B8FA28460FF029FEA3783E
:1015C000E6867BB9BDE8F84010F0AAB8A0703046B6
:1015D0001BF0BFFF2846C2E72EB128460FF018FEC9
:1015E0000023E386F8BDFFF79FFA28460FF010FEB0
:1015F000E686F7E7C8480020E0200020E848002001
:101600007FB5794C2388DB0700F1E7800121774D16
:101610000846FFF7D3F905237549A37005F10800C3
:1016200012F07AFD606028B972497348F3220AF01B
:1016300097FFFEE771481FF061FD69A3D3E900231E
:10164000CDE900234FF0FF324FF0FF3360681FF009
:10165000E4FD4FF48811606813F02EF8014630B1B4
:101660006449654840F20B120AF07AFFFEE7644BCA
:101670001B78012B0ED1634A606812F0A9FF6068E5
:1016800013F0BEF8E0B15B495B4840F217120AF074
:1016900067FFFEE75C4E316831B9564956484FF452
:1016A0008D720AF05DFFFEE7564A606812F090FF07
:1016B00033689B6823B1DB6913B15B7803B1EB71CD
:1016C000FFF720FE514B68801B78C3EB431203EBFE
:1016D0008203DB0001202385FFF780FE65680DF0A3
:1016E0009BF90022014628461FF034FF054630B121
:1016F0004049414840F22D120AF032FFFEE740F225
:1017000003532382424B04261B78E374A674FFF72D
:1017100057FE00EB80039B00A382FFF751FEC00041
:10172000E08231466068A5611FF0F9FC30B13149B3
:1017300031484FF49E720AF013FFFEE760683246AC
:1017400003A91FF092FD042806D02A492A484FF425
:10175000A0720AF005FFFEE703A901200EF08EFB40
:1017600009F0F8FE606808224FF0FF311FF05FFDBE
:1017700030B12049204840F249120AF0F1FEFEE75C
:1017800013F0ACF930B11B491B4840F24F120AF07C
:10179000E7FEFEE7FFF71CFB68B11CF0EAF8014624
:1017A00060681FF0A8FD30B11249134840F253128F
:1017B0000AF0D6FEFEE76468FFF7A4FD154B01466C
:1017C00003F10C02204612F015FD30B109490A4818
:1017D0004FF4AD720AF0C4FEFEE704B070BD00BF66
:1017E0000A0020FF42030000C8480020E02000203B
:1017F000E5090000654D02008C4A0200690345ECD2
:101800001A4900204909000018200020E321002087
:10181000E2210020904D020008B5044B58681FF0EB
:1018200082FC034BB3FBF0F080B208BDC848002037
:1018300040420F002DE9F043864D2B889B0787B06F
:1018400006D48549854840F201720AF089FEFEE718
:10185000AB78033B012B06D97F49804840F20372E5
:101860000AF07EFEFEE7AA6832B97B497B4840F267
:1018700006720AF075FEFEE7794E2C88F77914F0AF
:10188000200418BF4FF47A744FEA1718FFF7A0FA34
:10189000002872D0B8F1020F0AD0A8F10303022B7E
:1018A00069D96D496D4840F21A720AF059FEFEE797
:1018B000032795F8343008EBC8089844694B03EBCC
:1018C00048031046B3F81C801EF0FDFA4FF4FA539B
:1018D00043437822B3FBF8F37733B3FBF2F31F44AF
:1018E000C7EB0717AB78FF00BFB204F5347417FAE3
:1018F00084F4042BA4B203D107F6E8072744BCB252
:10190000D5F808801EF0D4FA0746A8681EF0DBFA66
:1019100007441EF0F3FABFB23F1A1EF0C9FA404462
:101920000EF090FA64238DF80C304F4BD5F80490EC
:10193000CDE90434C0F340141EF0ECFABFB2034604
:1019400041463A4648461FF0C6FD2B8871883180D3
:1019500013F0200F03AB75D000936868434B224609
:1019600012F01EFC002872D03B493C4840F2D9627C
:101970000AF0F6FDFEE706279BE7FFF737FA002897
:1019800044D0384B07F00F0708EBC801394403EB8C
:1019900041031046B3F81C901EF095FAB8F1000F01
:1019A0002AD0B8F1010F2AD1400080B24FF00408CC
:1019B000F3191B7E4BB10233034443449BB24FF4F3
:1019C000FA525343B3FBF9F39CB2AB78042B97D193
:1019D0003744FFF7F5FC3B7E053398448146FFF71B
:1019E0001BFF0C2308FB00F003FB09F909EBC009FE
:1019F000A1441FFA89F483E74FF00208D8E716499B
:101A0000164840F23B720AF0ABFDFEE7FFF704FF19
:101A10000746A8681EF057FAAB780930784304EB04
:101A2000C000042B84B27FF46BAFFFF7C9FC0746FC
:101A3000FFF7F2FE602358430C2303FB070020440A
:101A400084B25DE76868224612F09CFB8AE707B023
:101A5000BDE8F083C8480020654D02008C4A0200B2
:101A6000E0200020904D020020A10700D84800206F
:101A7000F8B5484C258815F0020506D04649474878
:101A80004FF4B3720AF06CFDFEE784F820501BF0AF
:101A90005AFD23885A0706460AD51FF04AFD236BD4
:101AA000C01A238D984203D929460420FEF786FFE9
:101AB00030461BF04EFDA778022F37D11BF043FDB7
:101AC000238813F00405064607D035480DF024F8A6
:101AD0003046BDE8F8401BF03CBD1BF03AFDA06865
:101AE0000FF056FE20B1A570BDE8F840FFF756B8DC
:101AF0001BF029FDA66805461EF0DAF930440EF009
:101B0000A1F910F0200F0CBF032304230121384654
:101B1000A370FEF753FFFFF78DFE28461BF019FD5B
:101B200001210846BDE8F84010F040BD042F27D140
:101B30001C4B1B79FF2B2CD1237FF3B11BF003FD32
:101B400023885B07054604D515480CF0E5FF2846B9
:101B5000BFE71BF0FEFC237F013B23771BF0F3FC68
:101B6000012104460220FEF729FFFFF763FE20460D
:101B70001BF0EFFC01210820D4E7A3704020B3E75D
:101B8000012F06D160680023A37012F0F3FA312010
:101B9000AAE7F8BDC8480020654D02008C4A020043
:101BA000E8480020E020002038B50121044610203C
:101BB000FEF704FF064B5D68FFF702FC054B00FBD8
:101BC00004F1012228461FF05EFA002038BD00BF54
:101BD000C8480020C10B000010B50A4C2388DB0662
:101BE00006D40949094840F275320AF0B9FCFEE70B
:101BF00010200021FEF7E2FE6068BDE810401FF0F3
:101C000050BA00BFC8480020654D02008C4A02004F
:101C100038B50D4DE88E30B90C490D4840F282328E
:101C20000AF09EFCFEE70DF099FB0446E88E0DF0ED
:101C3000B1FB811F214401200EF020F904461FF062
:101C400078FC001B38BD00BFC8480020654D02006D
:101C50008C4A020010B5074CA36833B906490748FF
:101C600040F291320AF07CFCFEE71FF062FCE36A6E
:101C7000C01A10BDC8480020654D02008C4A020001
:101C800038B50A4DE88E30B909490A4840F29B320E
:101C90000AF066FCFEE70DF061FB0446E88E0DF0ED
:101CA00079FB044414F8020C38BD00BFC84800207A
:101CB000654D02008C4A020038B50A4DE88E30B9F5
:101CC00009490A4840F2AA320AF04AFCFEE70DF040
:101CD00045FB0446E88E0DF05DFB044414F9070C47
:101CE00038BD00BFC8480020654D02008C4A020084
:101CF00038B50A4DE88E30B909490A4840F2B93280
:101D00000AF02EFCFEE70DF029FB0446E88E0DF0EC
:101D100041FB044414F9010C38BD00BFC848002041
:101D2000654D02008C4A0200024B1888C0F3C010B7
:101D3000704700BFC848002030B50F4B05460FCB99
:101D400085B06C4684E80F000DB12B6800930B4BF7
:101D500021465868002212F067FC044630B1084959
:101D6000084840F2D7320AF0FBFBFEE7FEF744FEDC
:101D7000204605B030BD00BF184E0200C848002004
:101D8000654D02008C4A020008B5074B01465868B1
:101D90001FF03BFB30B10549054840F2E5320AF03F
:101DA000DFFBFEE708BD00BFC8480020654D02000C
:101DB0008C4A020008B5064B58681FF03DFB30B155
:101DC000044905484FF47C720AF0CAFBFEE708BDDF
:101DD000C8480020654D02008C4A0200024B0122D7
:101DE000586811461FF04BB9C84800207047F8B535
:101DF000054604200C461EF03DF803061DD5104E86
:101E0000B778D7B91DB1012D02D00220F8BD012746
:101E10002046FFF791FA0028F7D070683A4621462D
:101E20001FF046F930B1074907484FF486620AF0BF
:101E300097FBFEE70623B370E8E77020E6E700BFF4
:101E4000C8480020654D02008C4A020010B50420ED
:101E50001EF010F8030610D5094CA378062B0CD100
:101E600060681FF028F930B10649074840F249423E
:101E70000AF076FBFEE7A07010BD7020FCE700BF03
:101E8000C8480020654D02008C4A020008B503498D
:101E9000034840F261520AF063FBFEE7654D020021
:101EA0008C4A02000348044B834202D0034B03B127
:101EB0001847704710220020102200200000000068
:101EC0000548064B1B1AD90F01EBA301491002D09C
:101ED000034B03B118477047102200201022002046
:101EE0000000000010B5064C237843B9FFF7DAFF75
:101EF000044B13B10448AFF300800123237010BDDD
:101F0000084F002000000000A06E020008B5054B3D
:101F10001BB105490548AFF30080BDE80840FFF755
:101F2000CFBF00BF0000000040240020A06E0200D0
:101F3000A3F5803A704700BF174B002B08BF134B27
:101F40009D46FFF7F5FF00218B460F461348144AC4
:101F5000121A20F06DF80E4B002B00D098470D4B55
:101F6000002B00D098470020002104000D000D48F0
:101F7000002802D00C48AFF3008019F08DFD20003E
:101F800029001BF0A7F819F0D3FB00BF00000800E0
:101F900000000000000000000020002010220020AF
:101FA000644F00200000000000000000BFF34F8FCE
:101FB0000549CA6802F4E062044B1343CB60BFF3E7
:101FC0004F8F00BFFDE700BF00ED00E00400FA0501
:101FD00038B504461DF075F8A04201D8012038BD7F
:101FE0000546032002F028FB08B90020F7E71BF0A4
:101FF00041F91BF040F92B4622460349034800688B
:102000001CF06DFAF1E700BFC0240200B0280020E8
:1020100030B583B08368C26853F822301C78631EE1
:10202000DBB2032B16D8019404230DEB030201212C
:102030002348006811F0D8FC0546D8B9214B1C7024
:10204000032002F0F9FA28BB032002F0F5FA60BB86
:1020500003B030BD012002F0EFFA0028F8D01BF0E9
:1020600009F91BF008F922461749184B18681CF0AB
:1020700036FAEDE7012002F0DFFA0028E8D01BF085
:10208000F9F81BF0F8F82A461149104B18681CF0B3
:1020900026FADDE71BF0EEF81BF0EDF822460D49BD
:1020A0000A4B18681CF01BFACEE71BF0E3F81BF094
:1020B000E2F80949054B18681CF011FAC8E700BF9F
:1020C00098200020D6210020F8240200B02800200B
:1020D00020250200442502007C25020030B583B093
:1020E00004468368C26853F822301D782846FFF7FB
:1020F0006FFF08B903B030BD00230093ADF8043082
:10210000164B1B88ADF80230ADF804506368E268E6
:102110009B1A012B1DDDA368013253F822301B8866
:10212000ADF800301CF0BDFF694603201CF0BDFF78
:102130000446032002F080FA0028DBD01BF09AF856
:102140001BF099F822460649064B18681CF0C7F99F
:10215000D0E740F2FF13ADF80030E3E7464E002031
:1021600098250200B028002030B583B0044683686B
:10217000C26853F822301D782846FFF729FF08B9B6
:1021800003B030BD00230093ADF80430154B1B881D
:10219000ADF80230ADF804506368E2689B1A012B79
:1021A0001BDDA368013253F822301B88ADF80030E4
:1021B000694604201CF079FF0446032002F03CFA33
:1021C0000028DDD01BF056F81BF055F822460649D2
:1021D000064B18681CF083F9D2E740F2FF13ADF804
:1021E0000030E5E7464E0020B8250200B028002068
:1021F00030B583B004468368C26853F822301D7836
:102200002846FFF7E5FE08B903B030BD0023009370
:10221000ADF80430154B1B88ADF80230ADF8045012
:102220006368E2689B1A012B1BDDA368013253F837
:1022300022301B88ADF80030694602201CF035FFC3
:102240000446032002F0F8F90028DDD01BF012F854
:102250001BF011F822460649064B18681CF03FF99E
:10226000D2E740F2FF13ADF80030E5E7464E00201C
:10227000CC250200B028002030B583B08368C26846
:1022800053F822301C780023019343689B1A012BDA
:1022900019DD01AA01211BF008FC01469DF804008C
:1022A0001CF0FBFE054680B1022002F0C5F960B1CA
:1022B0001AF0E0FF1AF0DFFF2A460F490F4B1868AB
:1022C0001CF00DF901E01CF0ECFE20461CF0F1FEC4
:1022D000044608B903B030BD032002F0ADF9002870
:1022E000F8D01AF0C7FF1AF0C6FF22460449034B84
:1022F00018681CF0F4F8EDE7E8250200B02800208B
:10230000002602002DE9F04182B01CF08FFE054648
:10231000854B1B7813F0020F3ED0844E13F0010F53
:102320003CD0824F13F0040F3AD0DFF80082032034
:1023300002F082F9002836D1032002F07DF900284E
:102340003BD1032002F078F9002845D1032002F0A8
:1023500073F900284ED1032002F06EF9002857D1FE
:10236000032002F069F9002860D1032002F064F92B
:10237000002869D1032002F05FF9002872D1032000
:1023800002F05AF900287BD1032002F055F9002809
:1023900040F08780082490E0654EBFE7644FC1E7B6
:1023A000DFF88C81C3E71AF065FF1AF064FF61491A
:1023B000614B18681CF093F8BEE71AF05BFF1AF047
:1023C0005AFF5D4B1C6805F0EBF802460B465B4973
:1023D00020461CF084F8B4E71AF04CFF1AF04BFFCB
:1023E000554B1C681CF0FAFD0246554920461CF06E
:1023F00076F8ABE71AF03EFF1AF03DFF4E4B1C6833
:102400001CF020FE02464F4920461CF068F8A2E767
:102410001AF030FF1AF02FFF474B1C681CF00AFE21
:102420000246494920461CF05AF899E71AF022FF63
:102430001AF021FF404B1C681CF000FE0246434985
:1024400020461CF04CF890E71AF014FF1AF013FF26
:10245000394B1C681CF0D6FD02463D4920461CF055
:102460003EF887E71AF006FF1AF005FF324B1C68AA
:102470001CF0D0FD0246374920461CF030F87EE7BC
:102480001AF0F8FE1AF0F7FE2B4B1868324B1A7848
:10249000FF2A04D0314B32491CF021F874E7314B4C
:1024A000F9E71AF0E7FE1AF0E6FE2F49224B18680A
:1024B0001CF015F86EE7013CE4B28CB1032002F089
:1024C000BBF80028F7D01AF0D5FE1AF0D4FE2B196D
:1024D00013F8012C2549184B18681CF000F8EAE79E
:1024E000032002F0A9F830B9032002F0A5F860B982
:1024F00002B0BDE8F0811AF0BDFE1AF0BCFE1C4926
:102500000D4B18681BF0EBFFEEE71AF0B3FE1AF064
:10251000B2FECDF800803B463246164906480068B8
:102520001BF0DDFFE4E700BFD72100201C260200DE
:10253000242602004C260200B02800205426020067
:10254000702602008C260200A8260200C426020083
:10255000E0260200F8260200D621002044260200D0
:102560001027020030260200282702003C27020024
:10257000E04802004427020030B583B08368C26897
:1025800053F822301C7801A920461CF037FD88B989
:10259000032002F051F808B903B030BD1AF06AFE0A
:1025A0001AF069FE019B22460B490C4800681BF09B
:1025B00096FFF1E70546012002F03EF80028EBD037
:1025C0001AF058FE1AF057FE2A460549034B1868C0
:1025D0001BF085FFE0E700BF7C270200B028002049
:1025E0009827020070B58268C36852F823100C78EF
:1025F000013352F823301D78294620461CF049FD4E
:1026000080B9032002F018F800B970BD1AF032FE4C
:102610001AF031FE2B4622460B490C4800681BF08D
:102620005EFFF2E70646012002F006F80028ECD033
:102630001AF020FE1AF01FFE32460549034B1868B7
:102640001BF04DFFE1E700BFBC270200B0280020CF
:10265000EC27020008B5022001F0EEFF10B91CF0D3
:102660002CFD08BD1AF006FE1AF005FE0249034BC8
:1026700018681BF034FFF2E71C280200B028002085
:1026800000B583B08368C26853F822301A78144BBF
:102690001A70032001F0D0FF10B903B05DF804FBFD
:1026A0001AF0E8FD1AF0E7FD0E4B18680C4B19788C
:1026B00011F0020F0DD00C4A11F0010F0BD00A4B94
:1026C00011F0040F09D00849009108491BF007FFD9
:1026D000E3E7074AF0E7064BF2E70549F4E700BFF6
:1026E000D7210020B02800201C260200602802000C
:1026F0002426020008B58368C26853F822301A887D
:10270000094B1A80032001F097FF00B908BD1AF0A9
:10271000B1FD1AF0B0FD044B1A880449044B186847
:102720001BF0DDFEF2E700BFA0210020942802008C
:10273000B028002008B50A4B186810B10CF0ECF96D
:1027400008BD012001F078FF0028F9D01AF092FDB1
:102750001AF091FD0349044B18681BF0C0FEEFE727
:10276000D8240020B0280200B028002010B503466D
:102770008168C26851F82200B0F900001A4C20802C
:102780005B689B1A012B0FDD013251F8223093F95F
:102790000010003918BF01211CF038FCA0B903203B
:1027A00001F04AFF10B910BD0021F5E71AF062FDF3
:1027B0001AF061FD0D4B1C681CF02CFC02460C4904
:1027C00020461BF08CFEEEE7012001F035FF0028CB
:1027D000E9D01AF04FFD1AF04EFD0649034B186878
:1027E0001BF07DFEDFE700BF464E0020B028002032
:1027F000D8280200EC28020030B595B004460D46FA
:1028000068461AF0D9FB0DF12C0EEC46BCE80F001F
:10281000AEE80F00BCE80F00AEE80F00DCF80030B7
:10282000CEF800300BA94D4B18681CF096FE10F145
:10283000880F54D00BA81CF01EFF484B18681CF0E2
:1028400074FE68461AF0B8FB0DF12C0EEC46BCE89D
:102850000F00AEE80F00BCE80F00AEE80F00DCF898
:102860000030CEF800304FF410510BA81AF0C4FB22
:102870008023ADF82E304FF440730A930AA81AF063
:10288000ACFB0A9B0E93364B0F93344B1A680C9B90
:102890000D9213F0FF0F04D123F0FF0343F0010367
:1028A0000C9301230C932D4B2A4621460BA81CF0B8
:1028B00077FE04460BA81CF0DEFE04BB032001F0EB
:1028C000BBFE80B9254B18681CF090FB054680BB09
:1028D000032001F0B1FE044608BB01242EE00BA842
:1028E0001CF0C9FEADE71AF0C5FC1AF0C4FC1B4B86
:1028F0001A681C491C4B18681BF0F1FDE2E7032025
:1029000001F09AFE0028DDD01AF0B4FC1AF0B3FCF6
:1029100022461649144B18681BF0E1FDD2E71AF065
:10292000A9FC1AF0A8FC12490F4B18681BF0D7FD40
:1029300004E0032001F080FE044610B9204615B0E3
:1029400030BD1AF097FC1AF096FC2A460949064B4E
:1029500018681BF0C4FD0024F0E700BF58240020D5
:102960000044400404290200B02800203429020059
:10297000582902007829020000B583B00021019196
:1029800001AA1BF092F8019910290ED0032001F042
:1029900053FE60B11AF06EFC1AF06DFC102205496E
:1029A000054B18681BF09BFD01E0FFF725FF03B006
:1029B0005DF804FB98290200B028002008B51CF03F
:1029C00019FB032001F038FE00B908BD1AF052FCD3
:1029D0001AF051FC0249034B18681BF080FDF4E724
:1029E000C0290200B028002010B582B00023019356
:1029F00004230DEB030201212148006811F03EF889
:102A000028B9019BCBB1042B19D9002300E0002386
:102A10001BB19DF80430042B22D0042300936A4696
:102A200001211748006810F0DFFF0446032001F081
:102A300003FE30B9042002B010BD0023E8E70123F3
:102A4000E6E71AF017FC1AF016FC0E4B18682CB9C2
:102A50000D4B04220D491BF042FDEBE70C4BF8E750
:102A6000032001F0E9FD0028E4D01AF003FC1AF07D
:102A700002FC04220749034B18681BF030FDD9E71C
:102A800098200020B0280020E0290200F829020048
:102A9000E8290200282A020008B51CF00EFB0C48A9
:102AA00008F0C0FA00230B4A13700B4A137003207E
:102AB00001F0C2FD10B900F0BDFF08BD1AF0DAFB4D
:102AC0001AF0D9FB0549064B18681BF008FDF2E720
:102AD000A08601000A4F0020094F0020542A02005E
:102AE000B028002010B582B06946002002F054F8EA
:102AF00088B9032001F0A0FD08B902B010BD1AF09A
:102B0000B9FB1AF0B8FB019B009A0B490B4800680F
:102B10001BF0E5FCF1E70446012001F08DFD0028E3
:102B2000EBD01AF0A7FB1AF0A6FB22460449034B90
:102B300018681BF0D4FCE0E7782A0200B0280020D7
:102B4000A82A020010B58AB009F066F801F0A4FFC7
:102B5000002859D101F072FAFFF746FF5F4B187059
:102B6000FF2862D0032001F067FD00287AD1012000
:102B70005B4B18601CF0D9FC01A81AF04AFA03203C
:102B800001F05AFD002879D1554B1A68029B039237
:102B900013F0FF0F04D123F0FF0343F0010302936E
:102BA000504B05934FF44073009368461AF042FA75
:102BB000009B04934FF4105101A81AF04AFA8023A5
:102BC000ADF8063001230293454B1022464901A877
:102BD0001CF0E6FC044601A81CF04DFD002C63D15E
:102BE000032001F029FD002852D13D4B18681CF04C
:102BF000FDF9FFF751FFFFF775FF032001F01CFD02
:102C0000002861D10AB010BD0446012001F014FD76
:102C100000289FD01AF02EFB1AF02DFB22463349D4
:102C2000334B18681BF05BFC94E7012001F004FDB6
:102C300070B9012001F000FD002893D01AF01AFBB2
:102C40001AF019FB2B492A4B18681BF048FC89E73E
:102C50001AF010FB1AF00FFB2749254B18681BF0E0
:102C60003EFCE6E71AF006FB1AF005FB1B4B1A7850
:102C700022491F4B18681BF032FC78E71AF0FAFA69
:102C80001AF0F9FA1E491A4B18681BF028FC7BE76A
:102C90001AF0F0FA1AF0EFFA114B1A681949144BAE
:102CA00018681BF01CFCA0E7012001F0C5FC0028FF
:102CB0009BD01AF0DFFA1AF0DEFA224612490C4BCA
:102CC00018681BF00CFC90E71AF0D4FA1AF0D3FA4B
:102CD0000E49074B18681BF002FC93E7D621002031
:102CE000582400200044400400200020CC2A020088
:102CF000B0280020282B0200042B02004C2B0200DD
:102D0000782B0200A02B0200C42B0200E42B02004F
:102D1000BFF34F8F0549CA6802F4E062044B1343C6
:102D2000CB60BFF34F8F00BFFDE700BF00ED00E0B9
:102D30000400FA0570B50546C388052B1DD98368C4
:102D40005E789C78DA7844EA02241A7944EA0244EC
:102D50005B7944EA0364032001F06EFCE8B96A88F9
:102D6000144B1A80144B1E70144B1C60144B002221
:102D70001A70144B01221A7070BD012001F05CFC26
:102D80000028F9D01AF076FA1AF075FAEA880E4996
:102D90000E4B18681BF0A3FBEEE71AF06BFA1AF063
:102DA0006AFA234632460A49084800681BF097FB36
:102DB000D5E700BF484E00200B4F0020C024002064
:102DC000144F00200C4F0020FC2B0200B0280020E4
:102DD0001C2C020030B585B0044601F0ABFA48BBAC
:102DE000002501F09FFA08B145F0020501F0AAFAAA
:102DF00008B145F00405B1238DF80C301E4B1B784B
:102E00008DF80D3001238DF80E308DF80F501B4BCF
:102E10001B78019303AB0093042300220221204678
:102E20001CF028F90546B0B9032001F005FC18B9DB
:102E300005B030BD0125D4E71AF01CFA1AF01BFAD0
:102E4000012300930C4B1B7822460D490D48006866
:102E50001BF045FBECE7012001F0EEFB0028E7D07A
:102E60001AF008FA1AF007FA2A460749054B1868BB
:102E70001BF035FBDCE700BFD6210020D721002066
:102E80005C2C0200B02800208C2C020008B5C388FE
:102E9000012B05D983685B78044A12789A4200D0E6
:102EA00008BD4088FFF796FFFAE700BFD621002053
:102EB00030B585B00446F1238DF80C30164B1B78E5
:102EC000019303AB00930123002202211CF0D2F8EE
:102ED00080B9032001F0B0FB08B905B030BD1AF08D
:102EE000C9F91AF0C8F922460C490D4B18681BF0B5
:102EF000F6FAF2E70546012001F09EFB0028ECD02F
:102F00001AF0B8F91AF0B7F92A460649044B1868BE
:102F10001BF0E5FAE1E700BFD7210020AC2C02004E
:102F2000B0280020CC2C020008B51BF0DBFD014BC3
:102F3000186008BDD024002010B586B0284B1B783F
:102F4000FF2B21D01CF072F8A0238DF80C30244BFD
:102F50001B788DF80D3002684368CDF80E20CDF84F
:102F60001230204B1B78019303AB00930A230022FD
:102F7000022110461CF07EF8044600BB032001F03D
:102F80005BFB80B906B010BD012001F055FB0028A5
:102F9000F8D01AF06FF91AF06EF91349134B18684C
:102FA0001BF09DFAEEE71AF065F91AF064F90C4B84
:102FB0001A780F490D4B18681BF091FAE2E70120CF
:102FC00001F03AFB0028DDD01AF054F91AF053F959
:102FD00022460849054B18681BF081FAD2E700BF6A
:102FE000D6210020D7210020E82C0200B0280020A4
:102FF0001C2D02003C2D02000B4B1B789BB100B531
:1030000083B00A4B1B785BB1002301930093084AFD
:1030100042F2107107481AF027F803B05DF804FB7C
:10302000FFF78AFFF0E770470A4F0020104F00209B
:10303000F92F00006024002000B583B0A8B1124B26
:103040001B7813B103B05DF804FB01201AF028F8D7
:103050000D4B01221A700023019300930B4A4FF489
:103060007A710B481BF04AFDECE7074B1B78002BED
:10307000E8D001201AF021F8034B00221A7004480E
:1030800007F036F9DEE700BF154F002067D00100DA
:10309000DC24002010B582B01BF0A0FF022802D073
:1030A000D0B102B010BD032001F0C6FA50B91CF037
:1030B00004F8264B4FF4FA621A601BF013FD244B00
:1030C0001860EEE71AF0D6F81AF0D5F82149224B2D
:1030D00018681BF004FAEAE700230093ADF8043007
:1030E0004FF6FF73ADF800301BF0FCFC184B186076
:1030F000694603201BF0D9FF044698B9174B0122FB
:103100001A70032001F098FA0028CAD01AF0B2F819
:103110001AF0B1F8BDF8042011490F4B18681BF0E4
:10312000DEF9BEE70D4B00221A70012001F084FA8F
:103130000028B6D01AF09EF81AF09DF822460949E8
:10314000054B18681BF0CBF9ABE700BF102000203F
:10315000D0240020582D0200B0280020094F002064
:103160009C2D0200B82D020010B50021084601F088
:10317000E5FD98B901F088FD124B01221A70032079
:1031800001F05AFA00B910BD1AF074F81AF073F889
:103190000D490E4B18681BF0A2F9F4E70446094BE1
:1031A00000221A70012001F047FA0028EBD01AF033
:1031B00061F81AF060F822460549044B18681BF0C4
:1031C0008EF9E0E7124F0020EC2D0200B02800201D
:1031D000082E020008B501F007F8032001F02CFAD0
:1031E00010B901F0ABFC08BD1AF044F81AF043F82E
:1031F0000249034B18681BF072F9F2E72C2E02000B
:10320000B0280020C38843B330B583B00446836838
:103210001D780379022B07D00D2B03D0032001F07A
:103220000BFA58B903B030BDB02D04D0F02DF3D156
:10323000FFF780FDF6E7FFF729FEF3E71AF01AF82B
:103240001AF019F8E38801930095237962880349FD
:10325000034800681BF043F9E4E77047582E02006A
:10326000B028002050B110B582B00446224B1B7824
:1032700043B1224B00221A7002B010BD1F4B002236
:103280001A707047032001F0D7F9D0B91C4B1B7896
:10329000002BF1D0194A13780133DBB21370022BE3
:1032A000EAD9012001F0C8F9D8B90023134A1370F4
:1032B000134A1370134B4FF4FA621A60FFF734FE8F
:1032C000DAE719F0D7FF19F0D6FF0C4B1B78032271
:1032D0000092013322460C490C4800681BF0FFF8AD
:1032E000D4E719F0C7FF19F0C6FF0949074B186862
:1032F0001BF0F5F8D9E700BF104F0020114F002058
:103300000A4F002010200020842E0200B028002048
:10331000A02E020030B583B0902812D00446912828
:1033200068D0032001F088F9002840F08680484BDF
:103330001B78002B75D0464B00221A70FFF7F4FD66
:103340006FE0032001F078F9A0B91BF073FE58BBC1
:10335000012001F071F9E8B900233E4A13703C4A9C
:1033600013703D4A13603D4806F0C2FF3C4B0122FA
:103370001A7056E019F07EFF19F07DFF394B1C687A
:103380001BF058FE0246384B1B78384920461BF08C
:10339000A6F8DAE719F06EFF19F06DFF3449314BEA
:1033A00018681BF09CF8D7E72A4B01221A700024FA
:1033B000274B1C702F4B4FF4FA621A602E4B1C7077
:1033C0002046FFF739FE1BF08DFB234B1860234D81
:1033D000284606F08DFF019400942346274A4FF4B7
:1033E0007A71284619F040FE254B1B6913F0200F17
:1033F000FAD016E0032001F01FF9A0B90023154A06
:103400001370134A1370144A13601A4B4FF4FA6284
:103410001A600120FFF710FE104806F069FFFFF761
:1034200083FD03B030BD19F025FF19F024FF1549C5
:103430000C4B18681BF053F8E0E719F01BFF19F06C
:103440001AFF22461049074B18681BF048F86EE730
:10345000094F00200A4F0020C424002060240020CF
:103460000D4F0020B0280020D6210020C42E0200DD
:10347000F02E020010200020114F0020F92F000034
:1034800000000140402F0200502F020010B500F054
:103490005FFF944B1B7893B9934B1B7823B3934BEB
:1034A0001B784BB3924B1B78002B5AD0914B0022C8
:1034B0001A60914B1B78002B40F0C78010BD894BE0
:1034C00000221A70012001F0B7F818B91BF0F5FDC1
:1034D000FFF71EFC19F0CEFE19F0CDFE8749884B90
:1034E00018681AF0FCFFF1E71BF0FCFA854B186036
:1034F0007D4B01221A70D2E71BF0F4FA04467C4B94
:103500001B782BB1804B186810B1804B1B788BB1A6
:1035100000F008FF0028C5D07A4B1868201A07F081
:103520004BF87B4B9842BDD9012001F085F870B96A
:10353000FFF7EEFB201A07F03FF843F69723984277
:10354000E6D900F081FE694B01221A70AAE719F052
:1035500091FE19F090FE6F49694B18681AF0BFFF91
:10356000E6E70120FFF768FD1BF0BCFA0446614B5B
:103570001868F8B91C60684B1868201A07F01CF826
:103580000446664B1B78002B3ED043F698239842A6
:1035900094D9012001F050F840BB604B00221A7012
:1035A0001BF01CFD68BB5E4B4FF4FA621A60FFF71C
:1035B000BBFC83E7201A06F0FFFF5A4B9842DAD98A
:1035C000012001F039F830B9574B1B6913F0200F77
:1035D000FAD0FFF79DFB19F04DFE19F04CFE514A51
:1035E0005249474B18681AF07AFFEDE719F042FE8E
:1035F00019F041FE22464E49414B18681AF06FFF00
:10360000CBE71BF05AFDCEE7454B1B6883423FF6E4
:1036100055AF032001F010F858B9FFF73BFD404AC1
:1036200013685B0044F620618B4228BF0B46136091
:1036300044E719F01FFE19F01EFE394B1A683D4988
:103640002F4B18681AF04BFFE7E72B4B1A7003203B
:1036500000F0F2FFE0B9002001F0F8FA044608BBE0
:10366000354B1A88354B1A80354B1A78354B1A7002
:10367000354B1A68354B1A60354B01221A700320FE
:1036800000F0DAFFF8B92D4B1888FFF711FC15E7A9
:1036900019F0F0FD19F0EFFD2E49194B18681AF0DA
:1036A0001EFFD8E7012000F0C7FF00283FF406AF57
:1036B00019F0E0FD19F0DFFD22462749104B18688C
:1036C0001AF00DFFFAE619F0D5FD19F0D4FD1F4BE5
:1036D0001B681C4A12782149094800681AF0FFFE4D
:1036E000D1E700BF0D4F00200E4F00200F4F0020EC
:1036F0000A4F0020CC2400200C4F0020682F02002D
:10370000B0280020C8240020C4240020104F00202E
:103710001FBF0200A42F0200D0240020094F002068
:1037200010200020E093040000000140E42F02007C
:10373000203002004C300200484E00204A4E00204B
:103740000B4F0020134F0020C0240020D424002061
:10375000144F00206830020080300200B4300200B4
:10376000F0B583B007460D4614461E46032000F010
:1037700063FF50B901200B4B18700B4B1D700B4BA6
:103780001C600023336003B0F0BD19F073FD19F025
:1037900072FD00942B463A460549064800681AF027
:1037A0009EFEE7E7104F0020134F0020D424002096
:1037B000EC300200B028002070B582B00D461446EF
:1037C000264B01221A70631A1344069A002001F056
:1037D0001FFAC8B9224B1B68DBB1651C642204FBCD
:1037E0000222B2FBF3F41F4AA2FB04311E4B1B68FA
:1037F000A2FB0323DB08B3EBD10F18D3632C08D94A
:10380000194B00221A6004E00646012000F014FF64
:1038100008B902B070BD19F02DFD19F02CFD33462A
:103820002A461249124800681AF059FEF1E70320AF
:1038300000F002FF10B90C4B1C60DFE719F01AFD15
:1038400019F019FD064B1B6800932B4622460949C7
:10385000074800681AF043FEEDE700BF104F002054
:10386000D4240020CDCCCCCC5C240020203102001C
:10387000B02800204831020070B582B015461A4BBE
:1038800000221A70E0B90C46032000F0D5FE58B9AA
:103890000023164A137001930093154A64211548BA
:1038A00019F0E2FB02B070BD19F0E4FC19F0E3FC82
:1038B0002B4622461049114800681AF010FEE7E72F
:1038C0000646012000F0B8FE18B9084B00221A7015
:1038D000E8E719F0CFFC19F0CEFC32460849074B57
:1038E00018681AF0FCFDF0E7104F0020124F00207E
:1038F000693100008024002068310200B0280020D7
:103900009831020070B582B005461446032000F0DD
:1039100093FEA0B91D4B1E78EEB1032000F08CFE83
:1039200040BB0025019500952B46194A21461948B0
:1039300019F09AFB154B1D70304602B070BD19F09E
:1039400099FC19F098FC23462A461349134800684D
:103950001AF0C5FDDEE7012000F06EFE0028EBD076
:1039600019F088FC19F087FC0D490C4B18681AF007
:10397000B6FDE1E719F07EFC19F07DFC224609490D
:10398000064B18681AF0ABFDCBE700BF124F0020C2
:10399000D5310000A0240020C0310200B028002052
:1039A000F43102001832020010B580B10446012043
:1039B00000F042FE00B910BD19F05CFC19F05BFC90
:1039C00022460A490A4B18681AF089FDF3E70320DA
:1039D00000F032FE0028EED019F04CFC19F04BFC40
:1039E0000449034B18681AF07AFDE4E73432020008
:1039F000B028002054320200F0B583B004460D46D2
:103A000016461F46032000F017FE08B903B0F0BDAC
:103A100019F030FC19F02FFC019700962B46224636
:103A20000249034800681AF05AFDEFE76C320200C1
:103A3000B028002010B50120FFF7FEFA084B4FF424
:103A4000FA621A60074B00221A601BF04BF804461A
:103A500040F2A46006F046FD241A034B1C6010BD22
:103A600010200020CC240020D024002010B584B0E9
:103A70000D4BEC460FCBACE807008CF8003001236F
:103A80008DF803308DF8043000238DF808300E23B4
:103A90008DF80930054C6946204619F017FF20467D
:103AA00019F005FF04B010BDF838020000200540F1
:103AB000044B00221A605A609A60DA60024A1A6067
:103AC000704700BFFC2400203152474610B58EB02D
:103AD00001A801F049F8059A0AB3D3680BB94FF46D
:103AE000805329490B6014694CB3B4F5E01F26D309
:103AF000B4F5001F23D34FF4C012B2FBF3F203FB63
:103B000002F2B2F5C01F2CD14FF4E012B2FBF3F277
:103B100002FB03F3B3F5E01F23D1012014E00120E1
:103B200000F08AFD08B900200EE019F0A3FB19F09F
:103B3000A2FB1649164B18681AF0D1FCF3E70120D6
:103B400000F07AFD10B900200EB010BD19F092FB04
:103B500019F091FB22460F490D4B18681AF0BFFC73
:103B6000F1E7012000F068FD08B90020ECE719F04A
:103B700081FB19F080FB044B1A680749044B186855
:103B80001AF0ADFCF1E700BF1420002098320200CB
:103B9000B0280020C83202001033020008B51023FC
:103BA000044A0321044800680FF01EFFB0FA80F0B9
:103BB000400908BDFC2400209820002008B51023EF
:103BC0000F4A03210F4800680FF058FF20B90C4B33
:103BD0001A680D4B9A4207D0032000F02DFD20B942
:103BE000FFF766FFFFF7DAFF08BD19F043FB19F096
:103BF00042FB0649064B18681AF071FCF0E700BF5B
:103C0000FC240020982000203152474658330200FF
:103C1000B02800202DE9F041ADF5007D674BD97942
:103C2000674A52F821809E68731EB3F5802F33D205
:103C3000002001F00BF8002842D1033626F00306DD
:103C40000024B4427FD2351BB5F5807F28BF4FF4E6
:103C5000807504EB08072A4640A9384601F098F819
:103C600000283DD12B4640AA2146002000F0D0FF7D
:103C7000002846D12B466A462146002000F0AAFFC4
:103C800000284FD12A46694640A81EF0A7F900280F
:103C900048D104F58074D4E7012000F0CDFC20B9B0
:103CA00000200DF5007DBDE8F08119F0E3FA19F070
:103CB000E2FA32464349444B18681AF010FCEFE729
:103CC000012000F0B9FC08B90020EAE719F0D2FAA7
:103CD00019F0D1FA3D493C4B18681AF000FCF3E7A3
:103CE000012000F0A9FC08B90020DAE719F0C2FAB7
:103CF00019F0C1FA3A463649334B18681AF0EFFB0F
:103D0000F2E7012000F098FC08B90020C9E719F09B
:103D1000B1FA19F0B0FA22462E492B4B18681AF066
:103D2000DEFBF2E7012000F087FC08B90020B8E7CD
:103D300019F0A0FA19F09FFA22462749224B186879
:103D40001AF0CDFBF2E70021084600F0F7FF58B962
:103D5000002000F099FFB8B9032000F06DFC18BBFB
:103D600000F0ECFE01209CE7012000F065FC08B9A2
:103D7000002096E719F07EFA19F07DFA1749124BE8
:103D800018681AF0ACFBF3E7012000F055FC08B905
:103D9000002086E719F06EFA19F06DFA10490A4B07
:103DA00018681AF09CFBF3E719F064FA19F063FA4B
:103DB0000C49054B18681AF092FBD1E7FC2400204F
:103DC000F038020088330200B0280020AC33020033
:103DD000CC330200F0330200103402003834020009
:103DE00060340200843402002DE9F047ADF5047D13
:103DF0000021084600F0A2FF00283AD182A9002045
:103E000000F0CAFE002847D1002404F10803839A79
:103E1000934251D808236A462146002000F0DAFE7A
:103E2000002840F090809DF800309DF8012043EA82
:103E300002239DF8022043EA02439DF8032043EA4F
:103E400002629DF804309DF8051043EA01239DF8B5
:103E5000061043EA01439DF8071043EA0163839982
:103E6000994272D3234403F10804694B9A42CCD19E
:103E700023E0012000F0E0FB20B900200DF5047DD7
:103E8000BDE8F08719F0F6F919F0F5F96149624BD0
:103E900018681AF024FBF0E7012000F0CDFB08B908
:103EA0000020EBE719F0E6F919F0E5F95B495A4B08
:103EB00018681AF014FBF3E70024631EB3F5802F93
:103EC00045D2574B93F807A0BAFA8AFA4FEA5A1A22
:103ED000544B53F82A904FF48021484600F094FF49
:103EE000002847D104F1030828F0030800264645BE
:103EF00080F08480A8EB0605B5F5807F28BF4FF4DD
:103F000080752B4642AA3146002000F063FE00284F
:103F100041D106EB09072A4642A9384600F056FF70
:103F2000002849D12A4602A9384600F031FF00286E
:103F300053D12A4602A942A81EF050F800284CD1BD
:103F400006F58076D3E70024B7E70024B5E7012023
:103F500000F072FB08B9002090E719F08BF919F016
:103F60008AF94FF4802322462F492B4800681AF023
:103F7000B6FAF0E7012000F05FFB08B900207DE70A
:103F800019F078F919F077F94A462849224B186850
:103F90001AF0A5FAF2E7012000F04EFB08B9002064
:103FA0006CE719F067F919F066F9324620491A4BA7
:103FB00018681AF094FAF2E7012000F03DFB08B906
:103FC00000205BE719F056F919F055F93A461949FE
:103FD000114B18681AF083FAF2E7012000F02CFB6D
:103FE00008B900204AE719F045F919F044F93A46B2
:103FF0001149094B18681AF072FAF2E7084B83F876
:1040000007A09C6001221A73FFF7C8FD36E700BFC6
:10401000FC0404FCB8340200B0280020F034020094
:10402000FC240020F0380200143502004C35020058
:104030007435020094350200B835020010B584B022
:10404000FFF714FDFFF7BAFDFFF740FD5B4B18705B
:10405000032000F0F1FA20B9594B9B79BBB904B0A9
:1040600010BD19F007F919F006F9554AD379117BFB
:104070009068524C247803940290019100939388A5
:1040800092795049504800681AF029FAE4E74C4AFE
:10409000938801339380FFF781FD08B3032000F07C
:1040A000CBFA60BB464B9B88042BD8D9434B1B787B
:1040B0001BB1434B1B7B002B42D1012000F0BCFA0B
:1040C00050BB012000F0B8FA00282FD13C4B9B8850
:1040D000052BC4D93A4B05229A80FFF75FFDBEE756
:1040E000012000F0A9FA0028D8D019F0C3F819F07F
:1040F000C2F83649344B18681AF0F1F9CEE719F0D6
:10410000B9F819F0B8F805232D4A928830492E489D
:1041100000681AF0E4F9C5E719F0ACF819F0ABF84B
:104120002C49294B18681AF0DAF9CAE719F0A2F8F5
:1041300019F0A1F82849244B18681AF0D0F9C5E7FE
:10414000032000F079FAC8B91D4B00229A800122A1
:104150009A71FFF723FDFFF75DFDF8B1012000F034
:104160006BFA00283FF47BAF19F084F819F083F85C
:104170001A49154B18681AF0B2F970E719F07AF875
:1041800019F079F8104B18680D4BDB7923B14222F6
:1041900013491AF0A4F9D7E74122F9E7012000F00A
:1041A0004BFA00283FF45BAF19F064F819F063F89C
:1041B0000C49054B18681AF092F950E7164F002089
:1041C000FC240020E4350200B02800203036020034
:1041D0006436020084360200CC3602003437020016
:1041E0000C3702006C37020008B5134B01229A719C
:1041F00000229A80FFF7D2FC70B9012000F01CFA6F
:1042000000B908BD19F036F819F035F80B490C4B18
:1042100018681AF064F9F4E7032000F00DFA00289A
:10422000EFD019F027F819F026F80649044B186862
:104230001AF055F9E5E700BFFC240020A43702007E
:10424000B0280020E037020008B52F4B9B792BB92E
:104250002D4A127B12B12C4A928892B113B92A4B83
:104260001B7B13B9294B1B7863B9274B00229A712A
:104270009A80FFF793FC002837D1012000F0DCF989
:1042800048BB08BDFFF7B0FDB0B1032000F0D4F982
:104290000028EAD018F0EEFF18F0EDFF1C4B18686C
:1042A000194BDB7933B14222174B9B6819491AF03D
:1042B00016F9DAE74122F7E7012000F0BDF90028FE
:1042C000D3D018F0D7FF18F0D6FF1349104B186859
:1042D0001AF005F9C9E718F0CDFF18F0CCFF0F4927
:1042E0000B4B18681AF0FBF8CBE7032000F0A4F999
:1042F0000028C6D018F0BEFF18F0BDFF0849044BD7
:1043000018681AF0ECF8BCE7FC240020164F0020D7
:10431000B0280020183802005838020094380200F3
:10432000C0380200024B9879003818BF012070474E
:10433000FC240020024B187B003818BF0120704776
:10434000FC240020014BD879704700BFFC240020DA
:1043500008B5024819F0ABFA08BD00BF00200540BF
:1043600008B5024B1B6803B1984708BD3C250020E7
:1043700008B5024B5B6803B1984708BD3C25002097
:1043800008B5024B9B6803B1984708BD3C25002047
:1043900008B5024BDB6803B1984708BD3C250020F7
:1043A00008B5024B1B6903B1984708BD3C250020A6
:1043B00008B5024B5B6903B1984708BD3C25002056
:1043C00030B585B0094C2268094B1A60094D0A4B7B
:1043D0002B600A4B019304F0D9FE02902B680393E3
:1043E00001A9206819F083FB05B030BD34200020FE
:1043F000843300208033002028200020484202001F
:1044000008B5024B186819F086FB08BD342000205F
:1044100038B504F0BBFE0446064D2B68D3F8B00255
:1044200004F0A8FE286819F090FB204604F0A2FED4
:1044300038BD00BF3420002038B501F0F9FE01215D
:104440000D4801F0C7FA01221146002001F034FEA8
:104450000A4C0225C4F8805001221146002001F0C8
:104460002BFEC4F8845001221146002001F024FEE6
:10447000C4F88850002038BD30253E0000400E4072
:1044800008B5164B01225A6403F092F8024668B947
:10449000134B4AF6E851C3F89011D3F8981141F044
:1044A0000401C3F898110021C3F89011012A0DD915
:1044B0000C4A136A23F4441343F488131362A2F5DD
:1044C0008042136843F48073136008BD044AD2F835
:1044D000643143F40053C2F86431E9E700000E4050
:1044E00000300E4000400E4008B50121034801F0A5
:1044F00071FA034800F0FEFD08BD00BF00350A0058
:1045000038200020012900D9704708B5034B1B68EB
:10451000186808B1436A984708BD00BF50200020C2
:1045200030B599B0284D11ACAC46BCE80F000FC4B3
:104530009CE8070084E8070000240B940C940D9479
:104540000E940F941094214B0B93214B0C9301224A
:104550008DF8372002238DF8393003238DF83B3056
:104560001E238DF83F308DF8403009AB1C3595E89F
:10457000030083E803000DF10C0C039404940594EC
:104580000694079408948CE803000C238DF81430EB
:104590000D238DF815300F4B0693202307938DF8CC
:1045A00020208DF821200C4B00930BAB11AA614603
:1045B0000A4804F0C3FF054621464FF4E13018F0E5
:1045C00099FE284619B030BD60420200000001404B
:1045D00000420400102800203028002084280020F9
:1045E00008B50349034805F011FBFFF799FF08BD23
:1045F00054200020A828002008B502481AF083F9AA
:1046000008BD00BF8428002008B502481AF07BF9D5
:1046100008BD00BF8428002008B5024B1A6A18683C
:10462000904708BD8428002008B5024818F0C6FE4F
:1046300008BD00BF8442020003460B4A107828B12F
:104640000A4A12789A4202D2002000E00120084A69
:1046500012783AB1074A127842FA03F313F0010FC5
:1046600000D10020704700BFDA210020D9210020AE
:10467000174F0020D821002008B5084B01221A70DE
:10468000074B00221A70074B04221A70064B1F2298
:104690001A7004F07BFD054B186008BDDA2100207C
:1046A000174F0020D9210020D8210020B028002059
:1046B00000B591B000F0F0F950B903A800F054FA39
:1046C000069BABB901200F4B187011B05DF804FBCD
:1046D0000120FFF7B1FF08B90020F6E718F0CAFD86
:1046E00018F0C9FD0849094B186819F0F8FEF3E7FE
:1046F00001A9002000F050FA0028E3D1019A044BF0
:104700001A60DFE7184F00209C420200B02800200A
:10471000B428002008B5064B1B782BB100F0E6F951
:10472000034B00221A7008BDFFF7C2FFF6E700BF77
:10473000184F002008B50121054801F04BF918F089
:10474000FAFC012018F0AEFD00F076F808BD00BFBD
:1047500000350A0008B50121014801F03BF908BD08
:1047600000350A002DE9F04180460F4601F10905A8
:104770000026344604E05B21082000F093FC01345D
:10478000AC4233D2052C1BD801A353F824F000BF50
:1047900077470000A9470000DD470000B14700004F
:1047A000B5470000B9470000FBB20433D9B2E3E7D4
:1047B0008021E1E70021DFE7731C3146DEB2DBE751
:1047C000BB1DA3420CD0FB1DA3420BD007F1080375
:1047D000A34209D0A31F18F80310CDE7D121CBE7DE
:1047E0005A21C9E75A21C7E75D21C5E70020BDE886
:1047F000F08100BF00B583B0002200920192022137
:104800008DF80010054818F05FFD019008216846FA
:10481000FFF7A8FF03B05DF804FB00BF006A1800B3
:10482000014B1022DA60704700A00044014B1022B7
:10483000DA60704700A0004670B588B00DF1040C36
:10484000374C0FCCACE80F0094E807008CE8070069
:104850000121344801F0BEF8334E0121304601F009
:10486000B9F801258DF81250304B0393304C01A953
:10487000204618F0C0FF2B4604220621022002F039
:1048800045FB00232A460721022002F03FFB2B466E
:1048900004220821022002F039FB2B460422114693
:1048A000002002F033FB234BA3670B2363674FF415
:1048B000487006F0B7FBFFF7B3FF142006F0B2FB19
:1048C000FFF7B4FF232006F0ADFBFFF7A9FFB921E6
:1048D000204618F0DAFFFFF7A9FF00231A46062149
:1048E000022002F013FB00231A460721022002F0E7
:1048F0000DFB2B4600220821022002F007FB2B466D
:1049000000220421104602F001FB204602F0AAFE1C
:104910000021A1676167304601F05CF808B070BD06
:10492000B842020000350A000052040000127A006A
:10493000000401400B0B000B08B500F087F8124A89
:104940000AE01068516850F8230041F82300013351
:1049500091688B42F5D30C320C4B9A4201D2002362
:10496000F6E70B4A08E01168002041F82300013304
:1049700051688B42F7D30832064B9A4201D200238A
:10498000F6E7FDF7D9FA00BFA86E0200B46E020088
:10499000B46E0200B46E02000048704700F0490295
:1049A000114BD3F8943003F00703023B032B0DD8CF
:1049B000DFE803F0050F02080C4B18680BE00C4B06
:1049C000186808E00B4B1868400804E0094B1868A9
:1049D00001E04FF40040044BD3F80031C3F304234B
:1049E0000133B0FBF3F0704700400E406C20002014
:1049F000702000206420002008B5FFF7D1FF054B90
:104A0000D3F80831C3F308230133B0FBF3F0024BB2
:104A1000186008BD00400E4068200020014B186857
:104A2000704700BF7020002008B5064B1860064B89
:104A3000D3F8943003F00703022B00D008BDFFF732
:104A4000DBFFFBE77020002000400E40044B054ACE
:104A50009A60D3F8882042F47002C3F88820704727
:104A600000ED00E000000000014B1868704700BF37
:104A70006C200020BFF34F8F0549CA6802F4E06242
:104A8000044B1343CB60BFF34F8F00BFFDE700BF64
:104A900000ED00E00400FA0508B5114BD3F8282812
:104AA000A2F17E63A3F58433B3F5104F11D21168E0
:104AB0000C4B994210D10C4B1B781BB1022B01D02F
:104AC000002008E0D369984728B9074B01221A70E3
:104AD00001E04FF4817008BD4FF48170FBE700BF27
:104AE0000000E10F07B0CD5E194F002008B5104B54
:104AF000D3F82828A2F17E63A3F58433B3F5104FD1
:104B000010D211680B4B99420FD10B4B1B78012B24
:104B100001D0002008E0136A984728B9064B02220A
:104B20001A7001E04FF4817008BD4FF48170FBE70B
:104B30000000E10F07B0CD5E194F002008B54FF01F
:104B4000005340F202221A804FF20F025A80054AA7
:104B500001239360136823F4E06343F480631360DC
:104B6000FFF788FF00500E4008B50A4BD3F82828FD
:104B7000A2F17E63A3F58433B3F5104F09D2126B13
:104B8000A2F17E63A3F58433B3F5104F01D25368CD
:104B9000984708BD0000E10F08B50D4BD3F8282851
:104BA000A2F17E63A3F58433B3F5104F0AD2126BE2
:104BB000A2F17E63A3F58433B3F5104F05D2936859
:104BC000984701E04FF4817008BD4FF48170FBE716
:104BD0000000E10F38B50D4CD4F82848A4F17E6CE4
:104BE000ACF5843CBCF5104F0AD2256BA5F17E6470
:104BF000A4F58434B4F5104F05D2EC68A04701E069
:104C00004FF4817038BD4FF48170FBE70000E10F75
:104C100038B50D4CD4F82848A4F17E6CACF5843C32
:104C2000BCF5104F0AD2256BA5F17E64A4F584343F
:104C3000B4F5104F05D22C69A04701E04FF4817004
:104C400038BD4FF48170FBE70000E10F08B50D4B54
:104C5000D3F82828A2F17E63A3F58433B3F5104F6F
:104C60000AD2126BA2F17E63A3F58433B3F5104F21
:104C700005D25369984701E04FF4817008BD4FF4A5
:104C80008170FBE70000E10F00B583B001900F4B8E
:104C9000D3F82828A2F17E63A3F58433B3F5104F2F
:104CA0000CD2126BA2F17E63A3F58433B3F5104FDF
:104CB00009D29369012101A8984701E04FF481705E
:104CC00003B05DF804FB4FF48170F9E70000E10FD9
:104CD00010B50A4BD3F82848A4F17E63A3F58433BA
:104CE000B3F5104F04D2236B2BB15B6A984701E0F8
:104CF0004FF4017010BD4FF40170FBE70000E10FAD
:104D000008B50D4BD3F82828A2F17E63A3F58433B0
:104D1000B3F5104F0AD2126BA2F17E63A3F5843370
:104D2000B3F5104F05D2936A984701E04FF4017034
:104D300008BD4FF40170FBE70000E10F30B5E1B0B2
:104D4000124BD3F82838A3F17E63A3F58433B3F56F
:104D5000104F15D20C464FF4C0726946FFF7B8FFEA
:104D6000054678B921466846FFF7CAFF40F201239D
:104D70009842F7D040F20323984203D0054601E061
:104D80004FF40175284661B030BD00BF0000E10F4F
:104D900010B50D4BD3F82848A4F17E63A3F58433F6
:104DA000B3F5104F0AD2246BA4F17E63A3F58433CC
:104DB000B3F5104F05D2636B984701E040F2011044
:104DC00010BD40F20110FBE70000E10F10B50D4BE4
:104DD000D3F82848A4F17E63A3F58433B3F5104FCC
:104DE0000AD2246BA4F17E63A3F58433B3F5104F8C
:104DF00005D2A36B984701E040F2011010BD40F2CC
:104E00000110FBE70000E10F08B50D4BD3F828288F
:104E1000A2F17E63A3F58433B3F5104F0AD2126B6F
:104E2000A2F17E63A3F58433B3F5104F05D2D36BA3
:104E3000984701E040F2011008BD40F20110FBE785
:104E40000000E10FF0B18446F1B110B409E004F1C3
:104E500020000FE02033C01A18D1BCB10CF1010CB6
:104E600001319CF800400B4B1B5D03F00303012B49
:104E7000EDD020460B78074AD25C02F00302012AEB
:104E8000E9D1E7E701207047012070475DF8044B46
:104E9000704700BF436D02000346064A1068034492
:104EA000054A934202D8034A136070474FF0FF301F
:104EB000704700BF74200020000004200B681A789F
:104EC000022A00D1704710B508461A79597902EBC9
:104ED00042021201064C144401EBC4029200126813
:104EE000B2FA82F252091A7018F06FFA10BD00BFC0
:104EF0001CA0100230B583B0054604680121174894
:104F000000F068FD002301226179207901F0FEFFA5
:104F10002379627903EB43031B011149194402EB26
:104F2000C1039B001B68B3FA83F35B092370A37969
:104F3000022B02D0002003B030BD00F0E9FB2A466E
:104F40000849607900F00CFC024661792079012360
:104F50000193009301F084FFECE700BF00350A00E5
:104F60001CA01002BD4E000002681378022B15D061
:104F70001379517903EB43031B011548184401EBE6
:104F8000C0039B0019680B1E18BF012390790128EC
:104F900005D018B9B1FA81F14909117070475188EB
:104FA000490089B20B4343F47F4343F0C0034FF6FB
:104FB000E0718B4205D04FF6DF718B4204D05380F5
:104FC000704701211170FAE700211170F7E700BF67
:104FD0001CA0100208B50121294800F0FBFC0123A8
:104FE00004220221052001F091FF002001F02CFF96
:104FF0000121244BC3F810180A46042001F05CF884
:10500000214800F0A5FE214BD3F8F02042F0010228
:10501000C3F8F020D3F8FC2042F08072C3F8FC20E3
:10502000A3F55D431A4A1A6000F5D52000F2FC4052
:10503000C008184BA3FB0030800A0138164B1861DA
:105040000222C3F8F0204FF48072C3F804234FF01B
:105050006043124AC3F8B02F114AC3F8802ED3F828
:10506000002E42F48072C3F8002EFF2283F8202025
:10507000D3F8002E22F48072C3F8002E002008BD61
:1050800000350A000080144206000E0000ED00E02A
:10509000FF03004017916502000004E055CEACC547
:1050A000090001004FF06043D3F8803E13F0010F78
:1050B00001D1112070470E4AD2F8FC3043F08073C2
:1050C000C2F8FC304FF06043D3F8002E4FF0010CD3
:1050D0000CFA00FC42EA0C02C3F8002E53F8203010
:1050E000002BE8D04FF0604303F8201000207047F9
:1050F00000ED00E070B584B0044601212A4800F0BC
:1051000069FC2368294A934215D002F580629342D4
:1051100047D12748012100F05DFC01230A22617973
:10512000207901F0F3FE01230A22E179A07901F050
:10513000EDFE00251AE01F48ECE72379617903EBC7
:1051400043031B01012606FA01F11B4AD1506420DA
:1051500005F068FF2379627903EB43031B01964056
:10516000164AD650642005F05DFF0135092DE4DDB7
:10517000236803225A64637A227A43EA022322686C
:10518000936401238DF800308DF801302369029378
:10519000E3680193237D8DF80C306946206801F0A7
:1051A00047FF04B070BD00BF4041050000C0004093
:1051B00000920400008204000CA000440CA00046F1
:1051C000F0B585B00C4694469DF83410664A1278C6
:1051D000002A00F0BD800546BCF1070F00F2BA803E
:1051E0000A9A002A00F0B8800B9A002A00F0B680D4
:1051F0000E9AB2F5006F00F3B38001285BD05B4AD2
:1052000002EB0C12127B002A00F0AC80002200920C
:10521000019202920392564A02EB4C1E002C4FD18F
:105220004FEA4C1600209051CEF80400CEF808004A
:10523000CEF80C009EF8020040F010008EF802003C
:105240009EF8030040F030008EF8030021B9C1B28F
:1052500041F003018EF8031000930E9B013B444A7A
:105260004FEA4C1002EB4C11165A63F30E1616520D
:105270000A9B8B600B9B4B60CB789DF83C2062F3C4
:105280008303CB70012D36D0109B002B56D0374AAC
:105290004FEA0C1102EB0C1310985050119A5A60FF
:1052A00000249C605D7372466946604601F02AFFE7
:1052B000204605B0F0BD0C9A002AA0D12D48F8E791
:1052C0002B4F4FEA4C1607EB4C120020B8515060A0
:1052D0009060D060907840F010009070D07840F0EE
:1052E0000300D0700029B7D107EB4C12C1B241F0D6
:1052F0003001D170B0E70E460A7B42F001020A731A
:10530000D2B242F002020A73CA68042161F39F021A
:10531000F26006F1100796E80F0087E80F00F269C7
:105320006FF0030161F39F02F2610C9B7361012C2A
:10533000AAD10B9AB2610C9A7260A5E7002DA6D192
:105340000B4B03EB4C139A786FF304129A709EE7A1
:105350000948AEE70748ACE70648AAE70548A8E7CA
:105360000448A6E70548A4E71A4F0020B829002002
:10537000B8280020018000F0028000F0078000F0D3
:10538000134B1B78FBB110B50446F0B118F0DBF8F5
:105390000023072B13D80F4A02EB0312127B0AB12A
:1053A0000133F6E723600B4A190102EB03130124D2
:1053B0001C730024545018F0CCF8204602E018F07A
:1053C000C8F8054810BD054870470548FAE700BF12
:1053D0001A4F0020B8290020048000F0028000F05D
:1053E000018000F038B518F0AEF804460023072B12
:1053F00006DC0C4A02EB0312127B12B90133F6E70A
:10540000002222B1204618F0A4F8074838BD01F068
:105410002DFE0025054B1D70204618F09AF82846F1
:10542000F4E700BFB8290020058000F01A4F0020E3
:105430000F4B1B78BBB110B50446072815D818F0E0
:1054400082F80C4B03EB04131B7B1BB918F081F89B
:1054500009480BE0074B03EB041300241C7318F0FE
:1054600078F8204602E005487047054810BD00BFA7
:105470001A4F0020B8290020068000F0028000F0BA
:10548000018000F000B583B0144B1B68019300232A
:105490008DF8043018F057F8114B1B7833B9104BC6
:1054A00001221A7018F055F8002309E018F051F89D
:1054B0000C480FE00C4A02EB031200211173013378
:1054C000072BF7DD04238DF807300DEB030001F007
:1054D000EFFD002003B05DF804FB00BF2443020091
:1054E0001A4F0020038000F0B829002008B50A4BAD
:1054F0001B785BB107280BD8084B03EB00131B7B11
:1055000043B1002101F0CAFD002008BD0448FCE7BA
:105510000448FAE70448F8E71A4F0020B8290020A9
:10552000028000F0018000F0078000F008B50A4B0F
:105530001B785BB107280BD8084B03EB00131B7BD0
:1055400043B1012101F0AAFD002008BD0448FCE799
:105550000448FAE70448F8E71A4F0020B829002069
:10556000028000F0018000F0078000F008B50A4BCF
:105570001B7853B107280AD8084B03EB00131B7B99
:105580003BB101F013FE002008BD0548FCE70548CB
:10559000FAE70548F8E700BF1A4F0020B8290020B5
:1055A000028000F0018000F0078000F0104B1B78B3
:1055B000ABB1072815D8B1B10E4B03EB00131B7B21
:1055C0009BB10D4B1B6E0122824013EA020003D0F7
:1055D00001230B700020704700230B7070470748B1
:1055E000704707487047064870470648704700BF35
:1055F0001A4F0020B829002000200E40028000F041
:10560000018000F0078000F00C4B1B7873B110B5DF
:105610000C4607280CD869B1094B03EB00131B7B20
:1056200053B101F0D7FD2070002010BD0548704730
:105630000548FAE70448F8E70448F6E71A4F00205F
:10564000B8290020028000F0018000F0078000F0FF
:10565000F8B5194B1F6EDB6E1F4002D401250024E4
:1056600002E0FEE701346D00072C24D83D42F9D05A
:10567000114B9D662301114AD358002BF2D002EB47
:105680000416B1680131B16072682046984780F015
:105690000100C0B2737B012BE4D10028E2D0084B9B
:1056A00003EB44131A7B6FF341021A731A7F6FF3F3
:1056B00041021A77D6E7F8BD00200E40B829002035
:1056C000B828002010B5044602E0202007E09047EB
:1056D000DCB194FAA4F00028F7D0B0FA80F00123EE
:1056E000834024EA0304094B03EB00135A68002AA1
:1056F000EED0064B03EB00131B7B002BE7D0034BD4
:1057000003EB001399689047E2E710BD382A0020A8
:1057100008B5122000F046FE28B1084B4FF4802255
:10572000C3F880211A600A2000F03CFE28B1034B28
:105730004FF48062C3F880211A6008BD00E100E0E8
:1057400038B505460C4617F0FEFE044B03EB051377
:105750005C6000221A7317F0FCFE38BD382A002066
:10576000F8B505460F46164617F0EDFE05F0FC0CA1
:105770000F4BD3F828140023032B0BD85C1904F02B
:105780000304644421FA04F212F0010F03D0013340
:10579000DBB2F1E7FF24FF2C06D0064B03EB04132A
:1057A0005F609E6001221A7317F0D3FE2046F8BD99
:1057B00000A00040382A002008B5064BD3F8280482
:1057C000D3F81C24104000F05530C3F82404FFF730
:1057D00079FF08BD00A0004008B5064BD3F82804A7
:1057E000D3F81C24104000F0AA30C3F82404FFF7BB
:1057F00069FF08BD00A0004008B5034B1968034BC2
:1058000018680EF017F808BD7820002098200020B6
:10581000B0F1FF3F01D010B970470248704702480D
:10582000704700BF21E000F024E000F0F8B5054625
:105830000E469400224617F08FFFFFF7E9FF074658
:1058400028B92246314628461CF0C8FB08B938461C
:10585000F8BD014FFBE700BF10E000F038B504468B
:1058600001F08CFDFFF7D4FF054608B1284638BD8E
:1058700001F0A6FE0146204617F002FE0028F5D1F1
:10588000004DF3E70EE000F008B517F04DFE014BB8
:10589000186008BD2833002008B5024B186817F0BF
:1058A00047FE08BD28330020074BDB6B13F0400F89
:1058B00004D1064BD3F8C830002BFAD1024B5868FC
:1058C000C0F30140704700BF00300E400000C643E7
:1058D0000C4B984205D90C4B984210D801210A462E
:1058E00001E000210A46094B1A64094AD2F8003146
:1058F00023F0807343EA0163C2F80031704702214C
:105900000122F0E70048E8010090D0030000C843FE
:1059100000400E40014B1868704700BF9C200020DB
:10592000114B5B68002300E00133042B0CD80F4AB5
:1059300002EBC30292F804C0CAB29445F4D10B4AF8
:1059400052F833208242EFD3052B0BD0074A02EBEB
:10595000C3035979044A536823F0407343EA01634F
:10596000536070470321F5E700000E404C430200EE
:1059700008B5FFF715F8044BD3F80031C3F304233F
:1059800003FB000008BD00BF00400E4010B5084BEF
:105990001C6CA4B241F671321A64FEF7FDFF0021BF
:1059A000FFF7BEFF14B1024B00221A6410BD00BF06
:1059B00000000E4010B5064B1C6CA4B241F67132CB
:1059C0001A64FFF7ADFF14B1014B00221A6410BD39
:1059D00000000E4010B4C0F30323013B092B21D873
:1059E000DFE803F00508202030232620292D00249D
:1059F000164A01E00024164AC0F3043054B1134B98
:105A0000D3F8443113F0010F04D1104BD3F84031D7
:105A10001C42FAD102F1424303F5801300EBC300AC
:105A2000800001605DF8044B70470124094AE3E7F8
:105A30001024094AE0E74FF48034084ADCE70024E8
:105A4000074AD9E70024074AD6E700BF00400E40C6
:105A5000C0400E40E0400E40E8400E40F0400E4096
:105A600050410E40B0400E40C0F30313013B092BE0
:105A70006BD8DFE803F0050B111B6A6A2127415F31
:105A8000334BD3F80001C0F304207047304BD3F8F8
:105A90001401C0F3042070472D4BD3F80031C3F339
:105AA000006301330120984001387047284BD3F838
:105AB0000C01C0F308207047254BD3F80801C0F350
:105AC00008207047234B984204D0234B98420AD0B9
:105AD000002070471E4BD3F8203103F00F03012044
:105AE0009840013870471A4BD3F82031C3F30113A3
:105AF0000120984001387047184B984207D003F5B1
:105B0000B01303F5805398420AD000207047104B21
:105B1000D3F82831C3F301130120984001387047AE
:105B20000B4BD3F82831C3F30123043301209840F1
:105B3000013870470A4B984201D000207047044B4F
:105B4000D3F8300100F0030070470020704700BF19
:105B500000400E408006160080162E0090171A0096
:105B6000A009140000F00F000138072865D8DFE80D
:105B700000F0041B2A643E4D64553B4BD3F894302F
:105B800003F00703023B052B0CD8DFE803F00558B0
:105B900003070B0902207047042070470B20704751
:105BA0000C207047052070472F4BD3F8803003F04E
:105BB0000703022B45D0042B45D0012B01D0012037
:105BC000704703207047284BD3F8843003F0070355
:105BD000013B032B09D8DFE803F002380604032059
:105BE00070470A20704706207047012070471E4BFF
:105BF000D3F8883003F00703022B28D0042B28D0D9
:105C0000012B01D00120704703207047164B1B6FFA
:105C100013F001031FD003B309207047124BD3F8D0
:105C20005C3103F03003202B19D0302B19D0102B0E
:105C300001D00120704707207047002070470320E3
:105C40007047022070470A207047022070470220E8
:105C500070470A20704707207047012070470420D2
:105C600070470820704700BF00400E4010B5044642
:105C7000FFF778FF1B4B9C4212D01B4B9C4215D068
:105C80001A4B9C4206D00138032828D8DFE800F0E0
:105C900014171D1A164BD3F8800000F00700F2E726
:105CA000134BD3F8840000F00700ECE7104BD3F857
:105CB000880000F00700E6E717F02FFB10BDFEF7A5
:105CC000D3FEFBE717F02CFBF8E7FEF769FE084B65
:105CD000D3F80031C3F300630133D840EEE700206E
:105CE000ECE700BF030020000500240002001E00B6
:105CF00000400E4008B50748FFF734FF072804D0DE
:105D0000092805D1FEF74CFE03E0FFF703FE00E093
:105D1000002008BD06000E0008B10020704710B535
:105D200004460A48FFF71EFF072805D0082809D0B7
:105D3000042804D0204610BDFFF7ECFDFBE7FEF77A
:105D40006DFEF8E7FFF714FEF5E700BFB80032007C
:105D500038B500F47813B3F5B01F00F09380054612
:105D60003BD8B3F5402F00F0828010D9B3F5801FE7
:105D700000F0AA80B3F5A01F27D15748FFF776FFA0
:105D8000564BD3F8303103F00303D8401CE0B3F591
:105D9000802F61D005D9B3F5202F14D1FEF700FE76
:105DA00012E0002B55D0B3F5003F0AD1FEF7F8FD05
:105DB0004A4BD3F80831C3F308230133B0FBF3F0A7
:105DC00002E0002000E0002038BDB3F5602F02D1D2
:105DD000FFF790FFF8E70020F6E7B3F5381F5BD038
:105DE0000ED9B3F5481F72D0B3F5781F21D1FEF755
:105DF000D7FD0446284617F092FBB4FBF0F0E3E72A
:105E0000B3F5001F52D006D9B3F5101F0FD1324899
:105E1000FFF72CFFD8E7B3F5D01F4BD0B3F5F01F39
:105E200003D12F48FFF722FFCEE70020CCE7002068
:105E3000CAE7B3F5401F0AD12A48FFF717FF274BDF
:105E4000D3F82831C3F301230433D840BCE7002042
:105E5000BAE7FEF7A5FDB7E7FEF7A2FD1F4BD3F8A3
:105E60000C31C3F308230133B0FBF3F0ACE7FEF7CA
:105E700097FD1A4BD3F81431C3F304230133B0FB5D
:105E8000F3F0A1E71648FFF7F1FE144BD3F82031E9
:105E900003F00F03D84097E71148FFF7E7FE0F4BD9
:105EA000D3F82031C3F30113D8408DE70D48FFF735
:105EB000DDFE89E70B48FFF7D9FE084BD3F8283100
:105EC000C3F30113D8407FE7FFF724FD7CE70020F0
:105ED000FFF722FF78E700BF0500240000400E40D6
:105EE00002001E000300200010B5FFF74FFD084B15
:105EF00007225A67FEF754FDFFF7EAFCFEF77CFD28
:105F00000446FFF7D1FC01462046FFF753FD10BDC4
:105F100000400E40014B1880704700BFA4210020B4
:105F2000014B1880704700BFA221002004281ED812
:105F3000DFE800F0180312080D000E4B186AC0F3DA
:105F4000080070470B4B186900F07F007047094B41
:105F5000986900F07F007047064BD3F89C00C0F3AF
:105F60000A007047034B986B00F07F0070470020D9
:105F7000704700BF00400E4038B50C46042813D8C7
:105F8000DFE800F043032F132100C1F30804274B7F
:105F9000D3F86838002BFAD1254A136A23F4FF732B
:105FA00023F001032343136238BD01F07F041F4B2C
:105FB000D3F86038002BFAD11D4A136923F07F0310
:105FC00023431361F0E701F07F04184BD3F86438E2
:105FD000002BFAD1164A936923F07F032343936180
:105FE000E2E7134DD5F890306B6A23F0300343F0AD
:105FF00010036B62C1F3C31017F08BFA2A6B0D4BC1
:106000001340234303432B63CEE74F2928BF4F247C
:10601000064BD3F87438002BFAD1054A936B23F062
:106020007F03E4B21C439463BEE700BF0020C84373
:1060300000400E4000F8FF0F134B5B6A13F0300F67
:1060400009D0202914D0302915D009B10F4A04E015
:106050004FF4400201E04FF440020B4BD3F8903074
:1060600032EA0303F9D112F4800F07D101207047FF
:106070004FF40002F1E74FF44002EEE7024BD3F891
:10608000A000C0F38020704700400E40FF33E107BE
:10609000022801D00120704710B529B1054B4FF4FB
:1060A0008064C3F8A84059660AB9012010BDFFF703
:1060B000C3FFFBE700400E4070B5042800F2858066
:1060C000DFE800F0484250033C0002230125002491
:1060D000AC46002967D002284AD000213B4B1D6600
:1060E0003B4B23449B001B68002BF9D0002A6CD04B
:1060F000374C6444A4002368002BF9D0022864D1F3
:10610000002962D0314B5B6A13F0010F46D00122A7
:106110002021FFF7BDFF0220FFF708FF06460122FE
:1061200000210220FFF7C8FF31460220FFF724FFBD
:10613000264B1D662368002BFCD046E0202310254B
:1061400004244FF0050CC4E78023402506244FF0BB
:10615000070CBEE74FF400734FF4807508244FF02E
:10616000090CB6E70823042502244FF0030CB0E71E
:10617000164B5B6A13F0300F0ED1164BDB6B134BD3
:106180005B6A13F0010FA9D0104E736A23F030033D
:1061900043F010037362A1E700219FE70021022072
:1061A000FFF74AFFB7E709490B66084BD3F8901091
:1061B0000123A3401942F8D13AB1044BD3F89020FF
:1061C000012303FA0CF31A42F7D170BD00400E40D0
:1061D0008004F21000300E4010B50446A8B101282A
:1061E00018D0FFF7D3FBDCB9104B04225A67FEF737
:1061F000D7FBFFF76DFBFEF7FFFB0446FFF754FBF1
:1062000001462046FFF7D6FB10BD01221146FFF7DD
:1062100053FFE6E7012211461046FFF74DFFE0E786
:10622000012CE4D1014B03225A67E0E700400E4005
:1062300038B5FEF7F3FB0446002100F0B5FB164825
:10624000FFF746FB012211460220FFF735FFFFF75B
:106250009DFB4CB1114BDB6B13F0400F04D1104B85
:10626000D3F8C830002BFAD10E4B02225A67FEF742
:1062700097FBFFF72DFBFEF7BFFB0546FFF714FB6F
:1062800001462846FFF796FB04B138BD01210020E6
:1062900000F08AFBF9E700BF0148E80100300E403A
:1062A0000000C64300400E4010B5012211460320F5
:1062B000FFF702FFFFF76AFB084B05225A67FEF75C
:1062C0006FFBFFF705FBFEF797FB0446FFF7ECFAC1
:1062D00001462046FFF76EFB10BD00BF00400E4098
:1062E00070B504461120FFF73DFC01220021022079
:1062F000FFF7E2FE237C022B2AD00022154E736AA0
:1063000023F00103134373622278134BC3F8A024D4
:10631000A288637A43EAC223F362356B05F07F6596
:10632000E38845EAC325A37A1D43207A45EAC015D0
:1063300017F0EFF805433563627BA37B1B0143EA4B
:106340000233E27B1343227B43EA0243736370BD53
:106350000122D3E700400E400000C84338B505468F
:106360001120FFF7FFFB0D4A916B0D4C0C40297873
:106370000C436B7844EAC324AB7844EA0364EB78BB
:1063800044EA0324936BA34200D138BD01220021CB
:106390000846FFF791FE014B9C63F6E700400E4074
:1063A00080E4FFF84209064B53F8223000F01F004A
:1063B00023FA00F080F0010000F00100704700BFF8
:1063C00000E100E0074BDB6B13F0400F04D1064BFC
:1063D000D3F8C830002BFAD1024B5868C0F3014003
:1063E000704700BF00300E400000C643114BDB6B0E
:1063F00013F0400F1DD10F4BDB6B13F0400F04D196
:106400000D4BD3F8C830002BFAD10A4B1A68C2F3EF
:1064100001225B68C3F301439A4205D9054A136818
:1064200043F0100313607047024A136823F010030F
:106430001360704700300E400000C643074B1B68D6
:1064400013F0100F05D0064B1B69C3F30443082B50
:1064500000D07047034B044A1A60FAE700300E4040
:1064600000400E4064200020C0EA21011A48C26C9E
:10647000C2F30322194B1B8803F1280103EB5103DC
:106480002833013202EB8201B3FBF1F3013B072B0E
:1064900028BF0723C16C21F0EE6141EA036343F496
:1064A0008013C3640E4BB3F90030002B13DB9BB297
:1064B00003F1280103EB51032833510801EB420299
:1064C000B3FBF2F3072B28BF0723026D22F0700203
:1064D00042EA03130365704700300E40504E00201F
:1064E0004C4E0020024B1880024B1980704700BFB1
:1064F000504E00204C4E002010B1012804D07047AF
:10650000034B044A9A657047014B034A9A657047EA
:1065100000300E4077402057372110B71A4BD3F880
:106520003032032929D8DFE801F002121518DBB256
:106530004AB91B0333F4704121D11448C16E21F4D0
:1065400070411943C166012A09D001207047C3F385
:106550000723EDE7C3F30743EAE71B0EE8E71B0356
:1065600033F470420DD10949D1F8EC2022F4704285
:106570001343C1F8EC300120704700207047002021
:1065800070470020704700BF0081E00F00300E40D0
:106590001B02A2B101221343B3F5007F4DD022D8D4
:1065A000B3F5807F42D00CD940F20112934215D14D
:1065B000294BD3F824321A0EC3F3074310E000220C
:1065C000E9E763B3012B06D1234BD3F82432C3F39D
:1065D0000722DBB204E00022134601E0002213464A
:1065E00003600A607047B3F5407F2DD040F201325E
:1065F000934206D1184BD3F828321A0EC3F307433F
:10660000EEE740F20122934206D1134BD3F8283231
:10661000C3F30722DBB2E3E700221346E0E70E4BA9
:10662000D3F81C32C3F30722DBB2D9E70A4BD3F805
:106630001C321A0EC3F30743D2E7074BD3F82032BC
:10664000C3F30722DBB2CBE7034BD3F820321A0E99
:10665000C3F30743C4E700BF0081E00F38B500284B
:1066600050D04B4BDB6B13F0400F07D1494B1A78DE
:10667000C2F1020210239340454A1361464AD2F800
:10668000804104F0010445F60E03C2F88031434B0B
:106690001B6803F0010103F01000014303F0400008
:1066A000084303F00401014303F480730B431366B2
:1066B000374BDB6B13F0400F04D1394BD3F8C830A4
:1066C000002BFAD1324B1B6813F0100F0DD0324B58
:1066D000D3F8403113F0807FF9D1324B1A682E4B3A
:1066E0001A61314B1B78052B2BD02F4B1B78023BAB
:1066F0000A2B32D8DFE803F02E3F433131313131FC
:1067000031464900244BD3F89020244B1A601120C5
:10671000FFF728FA244B18701D4BDB6B13F0400F6A
:1067200004D11F4BD3F8C830002BFAD1184B5B684B
:10673000C3F30143174A1370174B1A69194B1A60B8
:1067400018E01A4B1D68FFF73DFE01462846FFF78B
:1067500031F9CAE70020FFF73FFD104B1B6813F02B
:10676000010F02D10C4B02221A661CB10A4B002207
:10677000C3F8802138BD0120FFF72EFDEDE7FFF7BC
:1067800057FDEAE7FFF790FDE7E7FFF7ADFBE4E72A
:1067900000300E401B4F002000400E4030330020E0
:1067A0000000C6432C3300201C4F00206420002032
:1067B000074A136823F44073417843EA01231360C6
:1067C0004378022B00D07047024B5B6AFBE700BFA7
:1067D00000300E4000400E4038B50446F8B9FFF7CF
:1067E00005FE184A136943F00403136116F084FF91
:1067F00016F083FF144B154AC3F8242403F55923DC
:106800001B6813F0100F0ED130BF16F077FF03F0A6
:10681000BBFB8CB10120FFF721FF84B138BD002004
:10682000FFF71CFFDBE716F07FFE05461BF034FE8A
:10683000284616F07DFEE8E7FFF700FEEDE7FEF7DD
:10684000DBF8EBE700ED00E000A000400000FFFFF8
:1068500038B5044650BBFFF7C9FD1E4BD3F8802165
:1068600045F60E01C3F880114FF42071196612F03D
:10687000010F02D00022C3F88021174A136943F0A8
:1068800004031361154B164AC3F8242416F034FF91
:10689000144B1B6813F0100F0CD130BF03F074FBC6
:1068A0008CB10120FFF7DAFE84B138BD0020FFF77C
:1068B000D5FED0E716F038FE05461BF0EDFD284664
:1068C00016F036FEEAE7FFF7B9FDEDE7FEF794F8BC
:1068D000EBE700BF00400E4000ED00E000A00040EC
:1068E0000000FFFF00300E40134B9A6922F03F0278
:1068F0000378D3B104234178C9B102210B438178D5
:10690000B9B108210B43C178012900D000210B4304
:1069100001790B431343084A9361136823F440330E
:10692000417943EA0143136070470023E3E7002104
:10693000E4E70021E6E700BF00300E40174BDB6BB9
:1069400013F0400F29D170B504460D46FFF73AFD0C
:10695000A04218D0124BD3F80031FEF721F80646BA
:10696000022C11D0C4F10202102393400B4A136190
:1069700045B1D36B13F0400F04D10A4BD3F8C830A4
:10698000002BFAD124B170BD0221FFF713F8E9E71B
:1069900000213046FFF70EF8F5E7704700300E4053
:1069A00000400E400000C64338B5114BDB6B13F0BE
:1069B000400F0BD10C4650B10E4B1B7813B10E4B50
:1069C00098420FD921460020FFF7B8FF38BD0B4B86
:1069D000D3F80051C5F304250135FDF7E1FF05FBB0
:1069E00000F0E9E721460220FFF7A8FFEEE700BF2D
:1069F00000300E4034330020002D310100400E40A5
:106A000008B50278034B1A7001210020FFF7CCFF74
:106A100008BD00BF3433002010B42C4B5A6B4AF62B
:106A2000E8515963294B9B6F13F0010FFAD1274BA3
:106A30001B6C13F0030303D025490124C1F8B44AA9
:106A4000D9B2814221D0032B00D01BB9431EDBB247
:106A5000012B21D91D4B9B6F13F0010FFAD11B495C
:106A60000B6C23F0030303430B64184B9B6F13F071
:106A7000010FFAD1003818BF0120154BC3F8B40A32
:106A8000012A1FD05DF8044B70470028FAD1104B43
:106A90000022C3F8B42AF5E70C4B4FF40021D96269
:106AA0000A4B9B6F13F0010FFAD108490B6C23F0CE
:106AB000030343F001030B64044B5B6A13F4002FE0
:106AC000FAD0C7E7014B00225A63DBE700300E40E3
:106AD0000000C6432DE9F04F8DB0009101920023D4
:106AE00009930A930B9306930793089303930493D4
:106AF0000593654A1288ADF808208DF80A30A0F594
:106B0000E163B3F5966F00F2AE800646B0F5E16F33
:106B10008CBF4FF001094FF000096DD94FF4966A10
:106B20004FF4E164B6F5E16F6BD9584BD3F81832E6
:106B300008931A0E0592C3F307430893544DEF6C64
:106B4000C7F301778DF808703B464A4603A906A8AB
:106B5000FFF71EFDD5F8EC30C3F301288DF809804E
:106B600043464A4604A907A8FFF712FD321B089BBB
:106B70000599C91A02FB01F1B1FBFAF10B91194415
:106B80000B91DDF80CB0DDF818C0ABEB0C0502FB87
:106B900005F5B5FBFAF5099565440995DDF810E0B2
:106BA0000798AEEB000404FB02F2B2FBFAF20A9281
:106BB00084180A94059A8A4259D38B4259D8A6451B
:106BC00059D3A04259D8AB4559D3AC4559D8019BAC
:106BD00073B12F4BDB6D23F4FE4323F0020343EA32
:106BE0000123B6F5E16F16D902221343284AD36573
:106BF000009B93B9012037E04FF4167A4FF4966466
:106C000090E7224BD3F818320893C3F3072205927A
:106C1000DBB2089392E70022E7E7002239464846B4
:106C2000FFF77CFC00B3012241464846FFF776FCA3
:106C3000D0B1A54238BF25460995E72D28BFE725E5
:106C40000995134B5B6E23F4FF7323F0010343EAB2
:106C50004503B6F5E16F04D9012213430C4A53668C
:106C600002E00022F9E700200DB0BDE8F08F00201F
:106C7000FAE70020F8E70020F6E70020F4E700201C
:106C8000F2E70020F0E700BF744302000081E00F4C
:106C900000300E4008B5214B1A6FDB6C13F0010F6A
:106CA00009D012F0060F06D013281FD91438132864
:106CB0001ED8082323E0194BDB6C13F0010F09D118
:106CC00012F0060F06D1092814D90A38092813D85A
:106CD000082314E0114BDB6C13F001030FD012F00A
:106CE000060F0BD1272817D8082308E0042306E055
:106CF000102304E0042302E0102300E00023013B02
:106D00001A0342EA03220549CB6C23F47F43134361
:106D1000CB64FFF7ABFB08BD1023F0E700300E405B
:106D200008B5074BD3F88039064A136F23F00703E1
:106D300003431367044B1888FFF7ACFF08BD00BF7F
:106D40000000C64300300E404E4E002008B5084AF1
:106D5000D36E43F08073D366064BD3F880391BB1F2
:106D60000420FFF7DDFF08BD0020FFF7D9FFFAE799
:106D700000300E400000C64338B5304B02229A6303
:106D80009B6B03F00F03934254D10446B0F90C10EF
:106D9000C3884A2B09D9B3F5FA7F41D340F6C31211
:106DA000934240D84FF0005200E00022234BDB6CAE
:106DB00023F0405323F00103002937DB01210A436C
:106DC00013431E4AD364D2F8EC3043F44073C2F844
:106DD000EC30A2881A4B1A80FFF7B8FFB4F90C10F8
:106DE0002089FFF77FFBA088FFF754FFA07BFFF708
:106DF00083FB012211466088FFF76CFE0546D0B187
:106E00000E4AD36B43F48063D3636078FFF704FECC
:106E1000A37A202B0CD000220A4BC3F894270AE057
:106E20004FF08052C2E74FF04052BFE70021C6E763
:106E30000122F1E70025284638BD00BF00300E4092
:106E40004E4E00200000C643044AD2F8443423F0DA
:106E500003030343C2F84434704700BF00A000405E
:106E6000F8B50D4614461E46072A2AD8930000FAA4
:106E700003F20F2199401D4816F04BFC0027072C08
:106E80002AD8A10005F003028A40032303FA01F186
:106E9000174816F03EFC174A224492001660164B23
:106EA00023449B009DF818201A600123A340134A35
:106EB000C2F82434124B23449B009DF81C201A6016
:106EC000F8BDA2F10807BB0000FA03F20F219940B8
:106ED0000C4816F01EFCD2E7BF0005F00302BA40D2
:106EE0000321B940084816F014FCD4E700A4004080
:106EF00008A4004080208510A020851000A000403C
:106F00004021851004A400400CA40040F8B50446BC
:106F10000D461E4617463AB1FBB100EB4001090190
:106F20000122AA401D4B5A50072D1ED8A90004EB80
:106F300044031B0107FA01F20F2000FA01F118487F
:106F4000184416F0E6FB3FB9FEB104EB44042401FB
:106F50000122AA40114B1A51F8BD00EB4001090172
:106F60000122AA400F4B5A50DEE7A5F108039B000F
:106F700004EB440C4FEA0C1C07FA03F20F21994072
:106F80000948604416F0C5FBDDE704EB4404240126
:106F90000122AA40034B1A51DEE700BF0CA00046B5
:106FA00004A000400CA0004408A0004002B97047B3
:106FB000F8B504460E46174603F00305036823F4AC
:106FC000407303602A024FF4407116F0B0FB2EB9F3
:106FD000124B9C4217D0124B9C4219D02368114B84
:106FE0005A5D07FB02F26AB1A6EBC7031344013BEB
:106FF000B3FBF2F3013B226812F0020F01D003B998
:1070000001232361F8BD0848FEF7A2FE0646E5E726
:107010000648FEF79DFE0646E0E700BF00C00040C0
:1070200000C4004078430200008204000092040083
:1070300038B505460C46002303640B4BC3634A78FE
:1070400082F0010200F1424303F58013DB000133BB
:107050009B001A600B7B8A684968FFF7A7FF2178BD
:10706000284616F072FB38BDFFFF070008B5094B34
:107070004FF40072C3F88020BFF34F8FBFF36F8FC0
:10708000054B0021D96619624FF4AA40FEF7A2FC15
:1070900008BD00BF00E100E000200E4081F00101CA
:1070A000024B03449B001960704700BFA001F11020
:1070B00010B5044601214FF4AA40FEF78BFC23785B
:1070C0006178A27842EA012242EA03620B4B1A601D
:1070D00000221A62DA625A634FF00042DA664FF019
:1070E000FF329A66064A4FF40071C2F88011E378C5
:1070F0005B01DBB282F80933116010BD00200E4045
:1071000000E100E070B50C46C3B201259D40254E5C
:10711000B5660B6800EB400106EB0111C1F8803049
:10712000637BC1F8883094F80AC0E37A1B0543EA10
:107130000C4394F80CC043EA4C53C1F8843022F05D
:107140000302C1F8982016F0FEF9F36E2B43F366A4
:10715000237A13B1736B2B437363637A1BB1114AA8
:10716000D36A2B43D3620F4B1B68227922B1D243DF
:10717000120262F47F42134062790AB143EA0223A9
:10718000A2791AB1D24362F0FF021340E27902B150
:107190001343044A1360044B9D62D56316F0D9F97A
:1071A00070BD00BF00200E4000200E4410B5C0B2DC
:1071B0000124844016F0C7F9044AD36E23EA04037D
:1071C000D366034B1C6216F0C4F910BD00200E40BC
:1071D00000200E4410B5C0B20124844016F0B3F96B
:1071E000084B1B6A234205D1064B9B6A9C4306D081
:1071F000002400E0002416F0ACF9204610BD012464
:10720000F9E700BF00200E40054B5A685B68054B4C
:1072100041F671321A649A6822F001029A6070474E
:1072200000300E4000000E40034B9A6822F001022D
:107230009A6000221A64704700000E400C4B0D4A01
:10724000D26912F0010F02D00BB1013BF7E74BB14D
:10725000084B18610122DA60DB6913F0040F04D1D6
:10726000002070476FF0020070474FF0FF3070470A
:107270008096980000000E408C46E9B900207047C7
:10728000013B124AD26912F0010F04D0002BF7D152
:107290006FF0020070479BB10C4BDB6913F0020FDB
:1072A00011D161450AD250F8042B084B9A61013183
:1072B0000822DA60064BE4E70021F2E7002070477D
:1072C0006FF0020070476FF00100704700000E4041
:1072D000809698002DE9F04780460E46254B196CA4
:1072E0001FFA81F941F671311964234948684968E8
:1072F000996841F001019960970800231D4614E048
:107300001C498A6822F001028A60B9F1000F2DD071
:107310000A460021116429E051463046FFF7ACFFD0
:107320000346C0B9554406EB8A06BD4213D208EBAA
:1073300085042046FFF782FF03460028E0D1C4F30E
:107340000A04C4F50064A308A7EB050ABAEB940F7E
:10735000E2D39A46E0E707498A6822F001028A6090
:10736000B9F1000F02D00A46002111641846BDE8A9
:10737000F08700BF00000E4000300E4010B42B4BD1
:10738000196C89B241F671321A64294A54685268FC
:107390009A6842F001029A6018610122DA60DB69A2
:1073A00013F0040F0BD1214B0222DA60214B1F4A4C
:1073B000D26912F0010F0ED06BB1013BF7E71B4A07
:1073C000936823F00103936011B1134600221A64FD
:1073D0004FF0FF300DE0154AD26912F0020F0BD1C9
:1073E000B3B1124A936823F001039360E1B1002026
:1073F00010645DF8044B70470C4A936823F0010356
:10740000936011B1134600221A646FF00100F0E797
:10741000064A936823F00103936011B113460022DA
:107420001A646FF00200E4E70020E2E700000E407B
:1074300000300E4080969800014B01229A60704700
:1074400000500E4010B4184B5C68002318460BE047
:10745000B2F5803F21D0154A52F83320224202D0A3
:10746000214200D110430133082B19D80F4A02EBF7
:10747000C30251680E4AD2F8E82112F0040FEAD193
:107480000A4A52F83320B2F5006F06D0E0D8B2F5C0
:10749000007F02D0B2F5806FDDD141F48071DAE770
:1074A0005DF8044B704700BF00500E407C43020063
:1074B0000040E00F4A790B7891F801C043EA8C0351
:1074C00091F802C043EA8C1391F803C043EA0C130D
:1074D00091F804C043EACC2343EA02338A7943EAB1
:1074E000424304300001014A135070470020044019
:1074F000014B1860704700BF00008442037813B34B
:10750000012342780AB3042213438278FAB110228D
:107510001343C278EAB120221343027943EA0223DB
:10752000427943EA02338279AAB14FF4004213430D
:10753000C27943EA0243027A7AB14FF4003213432C
:10754000074A136070470023DBE70022DCE70022D4
:10755000DEE70022E0E70022E9E70022EFE700BFD4
:10756000002004400D4AD2F8E4309B0003F03C03B5
:10757000D2F8E010C1F381110B438370D2F8E030F0
:1075800003F03F034370D2F8E83003F0F003D2F881
:10759000EC20C2F3031213430370704700FF0FE0A7
:1075A000024BD3F8F000D3F8F41070470081E00FDD
:1075B000024BD3F8FC00000E704700BF0081E00FC3
:1075C000044BD3F8E4301B0E0A3303F01F030120F1
:1075D000984070470081E00F70B5054616461C467E
:1075E0000846D1B1402C20D01BD804B3202C13D195
:1075F000082306FB03F2530803EB4013B3FBF2F33B
:10760000203B0C4A02EAC3032A6822F060022A6087
:107610002A6814432C606B6170BD0748FEF798FB25
:10762000E0E7602CF8D10423E3E70623E1E7102329
:10763000DFE700BFF8FF7F004041050038B5054691
:1076400014460B4631B1013B6400B3FBF4F31B025B
:107650006B6138BD0248FEF77BFB0346F3E700BFD2
:107660004041050040F6AA63C3600023036041F275
:107670000502426083604361C364134A8264036607
:1076800043678367C367114B98420BD003F5806350
:10769000984207D003F58063984203D003F58063D6
:1076A000984201D1002303650023836503F18043E1
:1076B00003F58233984203D003F50063984201D169
:1076C0000023C365704700BFF9FF010000000140BF
:1076D00038B5044619F020FE054DA446BCE80F005D
:1076E0000FC59CE80F0085E80F00002038BD00BFE3
:1076F0003833002047F6FF739A4200F08480062951
:1077000000F2838070B5444B13F801E0BEF1020F24
:107710007DD8424B03EBCE0191F802C0BCF1010FC2
:1077200038BF4FF0010C604613F83E30012B26D0D5
:107730003A4B03EBCE035C68002C6AD0B4F90030FE
:10774000934204DBB4F90230934200DC1346A28872
:10775000FF2A2CD000212826C8221D46D21A92FBCF
:10776000F6F20A4412B22D4B03EBCE0393F801E07C
:10777000964501DD002A2FDA0EF1FF322CE0CB789E
:10778000A3EB0C0300249C420ED2191BA3EB510166
:10779000224800EBCE00406830F91100904201DC35
:1077A0000C46F0E74B1EEEE76344D8B230E0B4F984
:1077B0000620B4F908600121CFE75C331849A1FB2A
:1077C00003139B09013212B2164696450FDD04EBF6
:1077D000C201898899420AD304EBC2018B68B1F9CE
:1077E000061001FB0533002BE7DA0023E5E7013E35
:1077F00004EBC604A2889A4200D31A46624500D31D
:107800001046C0B204E0FF207047002070470020FF
:1078100070BD0020FCE700BFC443020038330020E5
:10782000D34D6210062975D83E4B5B5C022B73D892
:107830003D4911F83310012923D0002A6ED010B42D
:10784000394901EBC3014C68002C69D0201D364931
:1078500001EBC301897891422FD2334901EBC30177
:10786000C97891422ED9304901EBC30393F801C086
:107870000CF1FF3C5FFA8CFCA388FF2B25D0002382
:1078800027E0294901EBC301C978914200D20A4699
:10789000254800EBC300807801282CBF121A02F1A2
:1078A000FF32D2B2091A8A4200DD00221E4901EBE2
:1078B000C3035B6833F912007047B4F902005DF846
:1078C000044B7047B4F90000F9E7012301E00133EC
:1078D000DBB2634504D2591C30F831109142F6D224
:1078E0004FF47A7101FB02F200EBC3004368D31A34
:1078F000B0F9022002EBD27103EB610393FBF2F3C8
:10790000B4F900009842DADBB4F902009842D6DC00
:1079100018B2D4E7054870470448704704487047D8
:107920000248CCE7C4430200383300200080FFFF48
:107930000CFEFFFF08B50348FFF7CAFE012019F04F
:1079400033FD08BDCC43020000487047A82000204A
:1079500000487047A020002000B587B000230193A5
:10796000029303930493059302238DF804300D4B87
:10797000029306228DF80C2001238DF80D300C2186
:107980008DF80E108DF812208DF813300D238DF820
:10799000143001A94FF0FF3019F0C8FD07B05DF8B1
:1079A00004FB00BF006A1800024B0122C3F8002646
:1079B000014870470010C84300000F400A4B98422E
:1079C00006D003F58063984200D07047012200E0A2
:1079D0000022064B03EBC2035A68054B13449B007D
:1079E00000221A60F1E700BF00000F40844402004B
:1079F0008005F21000F01F0201239340A0F506203D
:107A0000A0F550604009074951F820201A4341F879
:107A10002020054951F8202022EA030241F82020C5
:107A2000704700BF6C3300205833002000F01F0C5B
:107A3000A0F50620A0F5506040090F4951F820300C
:107A4000012202FA0CF2134341F8203000231A46B7
:107A500004E00A4951F823100A440133042BF8D9F1
:107A600002B17047042A05D8034B002143F82210C5
:107A70000132F7E7704700BF583300206C33002015
:107A800000F01F0CA0F50620A0F550604009054944
:107A900051F82030012202FA0CF2534041F8203014
:107AA000704700BF6C3300202DE9F041A2B04024A4
:107AB0002246002112A81AF0BBFA2246002102A891
:107AC0001AF0B6FA214F23E0DFF88C8029E022ABD0
:107AD00003EB840353F8400CFFF78CFF0134AC42F6
:107AE000F5D3CDF800803B46102202A91848006863
:107AF00019F02EF90546002407E022AB03EB8403BE
:107B000053F8800CFFF792FF0134AC42F5D33746AF
:107B1000104B9F4213D807F110060F4B9E42D3D84B
:107B2000B04608F1FF38CDF800803B46102212A97C
:107B30000748006819F003F905460024CFE7074B12
:107B400001221A7022B0BDE8F08100BF006D08006C
:107B500098200020FF700800007108001D4F0020D1
:107B60002DE9F04184B006460D461C4617460AB181
:107B7000002313600CB10023236010230093002323
:107B80002A463146114800680BF0C6FF8046C8B946
:107B90000FB110233B602A680D4B9A4210D18FB170
:107BA00084B1234603AA3146084800680CF0D8F88F
:107BB00020B923683A689B1A236003E0804601E0FD
:107BC000DFF81080404604B0BDE8F0819820002026
:107BD000105D175EFFDF00F02DE9F0478046894613
:107BE00017461E4615F0CCFE524CA4FB0034E408A8
:107BF00004EBC414041B04F5062404F550644E4B36
:107C00001B7813B10025AA464EE0FDF7F5FD0028CC
:107C10007DD1FFF749FFF5E7BAF1000F00D1A24689
:107C2000A4F50624A4F6FF44424BA3FB0423DB087F
:107C300003EBC313E31A03F5062404F5506432E0A2
:107C40000A9B1C6000204FE0099B089A31462046A1
:107C5000FFF786FF394B984209D01233984206D07D
:107C600060B1374B984209D06FF091003CE021465B
:107C7000344B18680CF0B8F800284ED1B268F3689D
:107C80004B4508BF424531D0A4F50624A4F6FF4475
:107C9000284BA3FB0423DB0803EBC313E31A03F510
:107CA000062404F550640135802D27D8A4F5062C50
:107CB000ACF5506C4FEA5C1C234B53F82C3004F0AD
:107CC0001F02D34013F0010FBED1204B53F82C30CC
:107CD000D34013F0010F9FD1E7B1BAF1000FAFD03D
:107CE0000A9BC3F800A00020BDE8F08717B17368B5
:107CF000012B15D00A9B1C600020F5E79FB1BAF15B
:107D0000000F13D00A9BC3F800A00020ECE76FF02F
:107D10009100E9E76FF08B00E6E76FF08B00E3E797
:107D20006FF08400E0E76FF08B00DDE76FF08B0011
:107D3000DAE700BF813FE00F1D4F0020FFDF00F0BA
:107D4000FEDF00F0982000206C3300205833002024
:107D50002DE9F04F87B006460D469846DDF840A065
:107D600091462AB1002B52D040F26C739A4251D8FE
:107D7000BAF1010F51D80023059309F110073946D4
:107D8000012017F0BDF90446002849D03A460021E9
:107D90001AF04EF905AB029300230193009323469A
:107DA000012230462946FFF717FF8346F0B91E4BE4
:107DB0002360A660E560C4F804A0B9F1000F1BD1F0
:107DC0003B4622460599194800680BF00DFED0B1DC
:107DD0006FF0910B3A46002120461AF029F920460F
:107DE00017F09EF9584607B0BDE8F08F10F18C0FE0
:107DF000F0D16FF08D0BEDE74A46414604F11000DB
:107E00001AF04FF8DCE70598FFF7F4FDE2E76FF0B2
:107E1000860BE7E76FF0910BE4E76FF0850BE1E786
:107E20006FF08C0BDEE700BF105D175E982000201E
:107E30002DE9F0418CB01446129D139F1E4663B18C
:107E4000002F44D0002D45D0B5F1005F45D3C3F1DC
:107E5000005303F580239D4242D8002208920992E4
:107E60000A920B920792069205AB029307AB01931D
:107E700006AB009308ABFFF7AFFE8046D8B9079B6F
:107E800036B1A34206D8E3B924B16FF0860812E0F8
:107E9000A34219D31B1BB34211D23B603B68009332
:107EA000069B23442A4605990F4800680BF034FED0
:107EB00008B16FF0910840460CB0BDE8F0813E601B
:107EC000ECE76FF08608F6E76FF08608F3E76FF0EF
:107ED0008608F0E76FF08608EDE76FF08608EAE7BE
:107EE0006FF08608E7E700BF9820002010B58CB03F
:107EF0000022089209920A920B920792069205AB11
:107F0000029307AB019306AB009308ABFFF764FE47
:107F1000044670B9099B012B0ED00599094B1868CE
:107F20000BF062FF58B90598FFF7AAFD0598FFF717
:107F30007DFD20460CB010BD6FF08404F9E76FF0B2
:107F40009104F6E798200020074B5B685BB182B094
:107F5000054BD3F800310193019B034B5B68002B69
:107F6000F6D102B07047704700D00140144B5B68F7
:107F700010F0030F06D018E0114BD3F8003140F891
:107F8000043B04390329F7D8C1B10D4BD3F80031B4
:107F900012E00B4BD3F8003103701A0A42701A0C2E
:107FA00082701B0EC370043904300329F1D8EBE74B
:107FB00000F8013B1B0A01390029F9D1704700BFC5
:107FC00000D0014010B5002403E0124B5B68FBB900
:107FD0000134092C14D80F4A136843F480711160DE
:107FE00023F4807313600C48FDF7B2FE800A00236F
:107FF000084A5268002AE8D18342E6D20133F7E703
:10800000044A136823F0010313606FF0920010BD5F
:108010000020FCE700D001407000020008B50D4BC5
:1080200040F271621A60FFF7CDFF90B9094B5B68AF
:10803000032BFBD9074BD3F800211A61D3F8002199
:108040005A61D3F800219A61D3F80021DA61FFF771
:10805000B9FF08BD00D0014010B50E4B1C6B14F4E5
:108060005C7F11D014F4807F06D1FFF7ABFF10B90D
:1080700014F41C7F0AD110BD24F480741C63FFF734
:1080800063FF6FF09300F6E70020F4E76FF09300D2
:10809000F1E700BF00D001402DE9F04F83B001901F
:1080A0000F46914615F09BFC0446002856D1344AF1
:1080B000D2F8C03043F40033C2F8C030314B1B68F3
:1080C00013F0010F07D0DDF804A03E464FF0000B7F
:1080D0004FF00A082BE0FFF7A1FF04460028F2D07A
:1080E0003CE02948FDF734FEC00A844204D2254B07
:1080F0005B680BB90134F8E7224B5B68E3B9D846FB
:1081000037466FF0930423E0DDF804A03E464FF0BD
:10811000000B0CE01B4B5D68AD00B54228BF354637
:1081200029465046FFF722FFAA44AB44761BCEB146
:10813000144B5C68A400D4D0FFF78EFF044610F106
:10814000930F12D010F1940FE4D1B8F10108DBD1F4
:1081500014B114F1940F0BD1C9F80080204603B07C
:10816000BDE8F08FD8463746F2E7D8463746EFE706
:108170003A460021019819F05BFF4FF00008EBE749
:1081800000400E4000D00140700002002DE9F04F89
:108190008FB0049005919346DDF868A0DDF86C90EF
:1081A0001C464BB11B68009300250A950B950C9556
:1081B0000D955746A246AEE000230093F4E7FFF783
:1081C000F3FB0446002343604FF44043036015F083
:1081D000ABF90646059B102B19D0102204992046B6
:1081E00015F051FA04F1840301931899184615F01B
:1081F000F4F9304615F09CF9ABEB05031B09DDF8EB
:108200000080CDF808B0CDF80CA09A460CE008220A
:10821000E4E70AA904F1800015F0FDF9304615F0F5
:1082200087F9103508F10108D04520D215F07CF906
:108230000646464B2365236913F0010FFBD17919DC
:1082400004F1A00015F0C9F90F2DE2D9A5F1100B2A
:1082500009EB0B0E0DF1280CBCE80F0049F80B00E0
:10826000CEF80410CEF80820CEF80C30D1E7DDF8B7
:1082700008B0DDF80CA07B1906AE785959689A68E9
:10828000DB680FC60F2D34D9A5F1100E09EB0E0CCB
:108290000FCE49F80E00CCF80410CCF80820CCF82A
:1082A0000C30009EDDF864800DE006F138036B446D
:1082B00013F8203C18F80620534009F80530013621
:1082C00006F00F0601355D4517D0002EEDD115F0F3
:1082D0002BF900901D4B2365236913F0010FFBD18F
:1082E000414604F1800015F096F9009815F020F948
:1082F000DBE7009EDDF86480E5E7009615F014F9F1
:1083000006461899019815F086F9304615F010F9CF
:108310002046FFF753FB5D450FD2009900293FF43B
:108320004EAF7B5D199A525C534009F805304E1CE4
:1083300006F00F0300930135EDE7544614B1009B9E
:10834000CAF8003000200FB0BDE8F08F48050301E7
:108350002DE9F0458DB0DDF85880179F189E002953
:1083600000F0E18005461C468A46002A00F0DE80C7
:10837000B8F1000F16D0D6B11A9B002B00F0D980AF
:10838000734B9C4220D018D9724B9C421CD003F5F1
:1083900080739C4218D0A3F500739C4214D06FF0F8
:1083A000850040E0002FE6D06FF086003BE0199B8F
:1083B000002BE1D06FF0860035E0674B9C4203D084
:1083C00003F540739C4231D12B88B3F5105F40F028
:1083D000B3806B88B2EBD30FC0F0B180802B03D099
:1083E000B3F5807F40F0AE803FB3B0450DD208EBCF
:1083F0000703B34209D9199B9F4200F2A6803A466F
:108400004146304619F0FAFDB0466D88ED08504BF4
:108410009C4233D003F540739C422FD04F4B9C427B
:108420000FD06FF085000DB0BDE8F085A3F5806337
:108430009C42C9D06FF08500F5E700201A9B1860B8
:10844000F1E7199B9F4257D817F00F0457D16FF0EF
:108450009203BC420CD23319009308EB04030122AF
:108460002946504615F0BDFA034618B91034F0E716
:108470001A9A1760002B4BD10020D4E7199B9F421A
:1084800040D8374B9C421AD0159B102B3DD108ACDD
:10849000149B186859689A68DB680FC40396CDF876
:1084A000088004AB019308AB009300233A462946A9
:1084B0005046FFF76BFE58BB1A9B1F60DCE7159B0D
:1084C0000D2B02D06FF08600ADE701238DF8203030
:1084D000149A106851689268CDF82100CDF82510E3
:1084E000CDF82920149A127B8DF82D2000228DF8CA
:1084F0002E208DF82F30D1E76FF0860093E76FF0D4
:10850000860090E76FF086008DE76FF086008AE7BF
:10851000199A0021304619F08BFD00231A9A136036
:108520006FF092007FE76FF086007CE76FF08600C7
:1085300079E76FF0860076E76FF0850073E76FF0FC
:10854000850070E76FF085006DE76FF086006AE7E1
:108550000010C0040012C004004140040044400464
:108560000013C0042D2822D8DFE800F017212121B4
:1085700021212121212121212121212121212121EB
:10858000212121212121212121211B2121232121DF
:1085900021211D212121211F21190748704707484A
:1085A00070470748704707487047074870470748B3
:1085B00070470748704700BF34460200BC440200C1
:1085C000D0440200F8440200104502003045020089
:1085D0009444020010B504464FF42F72002119F0A4
:1085E00027FD8023C4F88C30054BC4F88430012368
:1085F00084F8883004F19C0014F095FE10BD00BF93
:108600004045020010B503460846D3F8A0202AB121
:10861000D3F8A41090470024204610BD184615F04A
:10862000EFFC04460028F7D0FFF79CFF0146024804
:1086300015F050FEF0E700BF242702002DE9F041BD
:1086400090F880601EB100263046BDE8F0810546F6
:1086500015F029FA0028F7D1012385F8803095F824
:1086600088300BB9B0461BE0002385F88830D5F878
:1086700084101F4815F02EFEF4E715F00FFE044697
:1086800017E0284615F00CFA3946284600F0E4FBBE
:10869000064601E04FF00108B4F1FF3F12D08EB959
:1086A000D5F8B442B4F1FF3FE7D04FF0FF33C5F83F
:1086B000B432B4F1FF3FEDD014F0FF07E1D14FF039
:1086C0000108E9E726B9002385F880304646BBE774
:1086D000284615F0FAF995F88830002BF3D0D5F834
:1086E0008410034815F0F6FD002385F88830EAE78A
:1086F00044450200F8B506460D4617460B78302B68
:108700000DD04FF0000C15F80C30002B4AD0364C31
:10871000E35C13F0040F65D00CF1010CF3E74B7828
:10872000782B04D0582B0CD04FF0000CEBE7022232
:10873000AB5C43B12C49CB5C13F0440F50D00132F9
:10874000F6E70222F4E7724206F0030302F00302A6
:1087500058BF5342032B16D1284619F0C2FB0238EA
:10876000013608D4B310B0EBA60F06D09842ACBFC8
:108770000020012037E00336F4E7A87837288CBFC3
:10878000002001202FE0284619F0ABFB831E324663
:10879000002E05DBB3EBA20FD4BF0120002022E0A6
:1087A000F21CF7E70A220021284613F06BF9024673
:1087B0000C46202E10D027B1084302D0013A61F1B7
:1087C00000040123B340013B1340002C08BF934237
:1087D0000CBF0120002006E0B1FA81F0400902E060
:1087E000002000E00020F8BD436D020003787B2BE1
:1087F0001CD14FF0000C0122835C7D2B0ED00E4962
:10880000C95C11F0440F03D00CF1010C0132F3E705
:10881000202B01D0002070470132EDE7104443784F
:1088200033B91CF0010F05D10120704700207047BB
:108830000020704700207047436D0200212816D8A1
:1088400021283AD8DFE800F0113B191B1D1F212316
:1088500039393939393939392527292B2D2F3133F0
:108860003939393939393939353718487047FE2897
:1088700027D0FF2827D1164870471648704716485A
:108880007047164870471648704716487047164894
:108890007047164870471648704716487047164884
:1088A0007047164870471648704716487047164874
:1088B0007047164870471648704716487047164864
:1088C0007047164870471348704700BF00460200C3
:1088D000FC45020058450200604502006845020060
:1088E0007045020078450200804502008445020080
:1088F000904502009C450200A8450200B0450200D8
:10890000BC450200C8450200D4450200DC45020017
:10891000E84502004845020050450200F4450200C7
:1089200070B506460D4619F0DCFA0446304615F0DF
:10893000D1FC03E0034815F0CDFC0134AC42F9D37F
:1089400070BD00BF382702002DE9F84F0446022110
:108950003248FFF7E5FF1E212068FFF7E1FF63685B
:10896000586815F0B7FC2E4815F0B4FC63681A7B04
:10897000FD2A51D803F10C09D3F808A0504619F08C
:10898000B0FA80464FF0FF34002510E02B2015F0A0
:1089900095FC36E015F092FC01341AF804001F280B
:1089A00001D04445F6DB1E4815F094FC0135AB467A
:1089B00019F80560FF2E2FD03046FFF73FFF07461E
:1089C000B8F1000F00DD0134202EEFD0134E02214C
:1089D0003046FFF7A5FF1E213046FFF7A1FF1148E3
:1089E00015F078FC1049384619F051FA00B90F4FCC
:1089F00039460F4815F06EFCCB449BF80130202B14
:108A0000C4D00C4815F066FCB8F1000FCBDD1AF8A5
:108A100004301F2BC7D0C0E7BDE8F88F34460200F2
:108A2000E04802000C460200E84502000846020049
:108A300044450200104602002DE9F04F93B08146F4
:108A4000069107921C4603931C9E19F04AFA804631
:108A50000023236033600AAA09A9484615F062FC86
:108A6000002840F0C4800A9819F03BFA2060D9F839
:108A70009C5000231C4605939A460495A7E00024C9
:108A80002AE0013428E0099B013B534551D00F688F
:108A90003468029819F025FA04440134346001E086
:108AA00001333360336819F80320002AF8D00AF143
:108AB000010A019C10E0059B013305932A46DDF86D
:108AC0001CB05946069D284614F065FC4B4A594691
:108AD000284614F060FC013404EB440307EB830BDD
:108AE00057F82330002B37D0099B534534DB9BF8D4
:108AF0000830002BC5D1D9F894203368D21A039BD3
:108B00001A6012AB03EB8A0353F8203C0293DBF8A4
:108B100000502946184619F0D2F901900028DAD100
:108B2000284619F0DEF90090DBF804100A7BFE2AD3
:108B3000A9D0D9F8943030681B1A009883420EDC13
:108B4000069819F0CEF9009B03447B2BB3D92C4A2D
:108B50000799069814F01FFC4B4642462CE0FE2A6B
:108B6000B9D1099B013B5345B5D10F680094CDF8AD
:108B700008A0019C059DDDF818A0DDF81CB004EBF1
:108B8000440357F823205AB15946504614F003FCC9
:108B90001A4A5946504614F0FEFB01350134EEE7FF
:108BA000009CDDF808A00595C6F800800023039A14
:108BB0001360D1E70133013A002A05DD1978002955
:108BC000F8D120211970F5E7049B1B680493049BDE
:108BD0007BB1049B9F68002FF6D019F80430202B3E
:108BE0007FF44DAF3368013333600134F5E7002380
:108BF0000593059813B0BDE8F08F00BF3827020039
:108C0000144602002DE9F04786B004460F4616468A
:108C10001D46DDF83890DDF83C8000238DF81730D4
:108C20002B6089F8003088F800302B6852F8231048
:108C3000164815F05FF940B92B6801332B604FF0EF
:108C4000010AD4F89C40002003E04FF0000AF8E746
:108C5000246894B1A0680028FAD0CDF80C80CDF833
:108C60000890019500963B460DF11702002115F082
:108C700045F99DF81730002BEAD0BAF1000F02D069
:108C8000012388F8003006B0BDE8F0871C460200DA
:108C900070B5ADF5447D04460021A4917C22A5A8C1
:108CA00019F0C6F9A3AB0093A2AB8022A4A9204679
:108CB000FFF7C2FE012804D0012840DC0DF5447DF9
:108CC00070BDA4A819F00DF90546A299431AA39AFC
:108CD0000A442244A4A8014404E011F8010B02F85C
:108CE000010B013B002BF8DC00231370D4F89060DB
:108CF0000AE0D4F89010204615F026FAD4F8903007
:108D00000133C4F890300136A29AA39B1344B342B6
:108D1000EFDCD4F89430AD1A2B44C4F89430D4F876
:108D200090302B44C4F89030A4AB9C1804E014F8A5
:108D3000010B15F0C3FA013D002DF8DCBEE78022DF
:108D4000002102A819F074F94FF40072002122A842
:108D500019F06EF90125002300E0013303F5447298
:108D60006A4412F8802C3AB1202AF6D15A1C22A962
:108D700041F825200135F0E722AA42F82530A4A8C1
:108D800019F0AFF8002115E0013222AB53F8223080
:108D9000834209D00B4403F544736B4413F8803CC1
:108DA0006345F1D0002300E0012363B102AB03F877
:108DB00001C001318D4209DB01F544736B4413F8A6
:108DC00080CC0022E1E702AB00225A54D4F8905044
:108DD0000AE0D4F89010204615F0B6F9D4F8903097
:108DE0000133C4F890300135A29BAB42F1DC23463D
:108DF000174AA4A9174815F06DFA02A819F071F8DE
:108E0000A29AA39B1344E11802AB9D18821A0EE0AC
:108E100015F8013B01F8013BD4F890300133C4F858
:108E20009030D4F894300133C4F89430013A002AD9
:108E3000EEDC00230B70A29C02AB1D19041B04E0A6
:108E400015F8010B15F03AFA013C002CF8DC35E777
:108E500040450200244602002DE9F04104460D463B
:108E6000D0F89070D0F8946090F89830012B0AD028
:108E7000012B0ED9022B00F0BC80032B00F0C88020
:108E80000020BDE8F0810A29F2D1002084F8980082
:108E9000F7E71B2D26D00D2D29D0002384F898301C
:108EA000082D28D07F2D60D00D2D7ED00A2D7CD0AE
:108EB000092D00F08780D4F88C30013BB34240F399
:108EC000DA80B742C0F28380E5550137C4F890706C
:108ED000D4F894300133C4F89430284615F0EEF9F4
:108EE0000020CEE7022384F898300020C9E7012350
:108EF00084F89830D6E79F4203DDB7420AD0B742E4
:108F000016DB002F00F0B580C4F89070C4F89460B0
:108F10000020B6E7082015F0D1F9202015F0CEF991
:108F2000082015F0CBF9013F0023E355013EEBE7A4
:108F300007F1FF38082015F0C1F904EB0805A6EB8E
:108F40000802E119284619F059F80023A3552946CB
:108F50004B4815F0BFF9013E354602E015F0F9F82F
:108F6000013D4545FADC4746CEE7002E01DDB7421C
:108F700001DB002085E7E519791CF21B2144284616
:108F800019F03CF80023A35529463E4815F0A2F9F4
:108F900003E0082015F092F9013EBE42F9DCD4F856
:108FA0009430013BC4F89430E3E70D2015F086F9C6
:108FB0000A2015F083F90023C4F89030C4F89430E7
:108FC00001205EE72046FFF763FE002059E7781C8A
:108FD00004EB0708F21B4146204419F00FF8404605
:108FE00015F078F902E015F0B4F8013EBE42FADA65
:108FF0006AE75B2D04D1032384F89830002040E712
:10900000002384F8983029462046FFF725FF38E7EB
:10901000002384F89830413D032D2ED8DFE805F079
:1090200002080F1E0121204615F0E8F8002028E76D
:109030004FF0FF31204615F0E1F8002021E7B7425C
:1090400001DB00201DE73946204615F07DF8D4F8F5
:1090500090300133C4F89030002012E7002F01DC7B
:1090600000200EE7013FC4F8907015F072F8002060
:1090700007E7002005E7002003E7002001E700BF25
:10908000304602003846020000B585B0054BEC467C
:109090000FCB8CE80F006046FDF76EFE002005B098
:1090A0005DF804FB3C46020010B586B00DF1040CDF
:1090B000144C0FCCACE80F002368ACF80030124B16
:1090C000D3F8B43013F4002F08D0104B1B884FF6A0
:1090D000FF72934207D140F2431304E00A4BD3F8E6
:1090E000B830C3F30803ADF80A300948FBF79CFC1D
:1090F00001A8FDF7F5F83220FCF712FF002006B0BA
:1091000010BD00BF4C4602000081E00F0001E00FDF
:1091100000F0490200B583B0074B1B680193202380
:109120008DF8043001A8FDF719F93220FCF7F2FEA2
:10913000002003B05DF804FB604602006FF00403FA
:1091400007E003F00F010A4A0A44A0211176013317
:109150005BB2322B09DC002BF3DB03F1604202F53A
:109160006142A02182F80013F1E70020704700BFA0
:10917000FCEC00E010B5044614F0D6F9024B1C607C
:1091800014F0D6F9002010BD8833002010B514F07B
:10919000CBF9034B1C6814F0CBF9204610BD00BF7F
:1091A0008833002038B50C461546014640B12B46A1
:1091B0002246064803F0FAF9002805DD002038BDF4
:1091C000FFF7E4FF0146F2E73720F8E7C5E40100C6
:1091D00008B5044B1868002302221946806812F073
:1091E000FDFD08BD44210020002807DB00F01F0220
:1091F000400901239340024A42F82030704700BFE3
:1092000000E100E000280CDB00F01F024009012310
:1092100093402030034A42F82030BFF34F8FBFF312
:109220006F8F704700E100E010B586B01446137AE6
:1092300003EB43031B0103F1804303F56223D3F8DF
:109240009420E16823690B449A4216D061699142E7
:1092500015D38B1AABB90123637694F82D304BB13B
:10926000002384F83530E369132120469847636A68
:1092700020469847002006B010BD0A46E6E79B1A34
:10928000E8E7049405490391002102910193012329
:1092900000936368216814F0D8F8EBE72992000086
:1092A00038B504460568FFF771FF844233D095F95D
:1092B0003630002B08DB03F01F015B0901228A40D6
:1092C0006033174941F8232095F93600FFF79AFFDC
:1092D00095F93730002B08DB03F01F015B090122F1
:1092E0008A4060330E4941F8232095F93700FFF793
:1092F00089FF287AFCF73AF9287AFCF799F8FCF705
:1093000071F8002323606360A36023616361AB6A2B
:109310002846984738BD0020FFF72CFFC7E700BF5D
:1093200000E100E030B589B0044600234376007ABE
:10933000FCF7DCF8207A00EB40031B0103F18043CB
:1093400003F56223D3F89420E56823692B449A42FD
:1093500019D06369934218D0012323760DF11F01C0
:10936000FCF752F99DF81F3043B30DF11E01207A2E
:10937000FCF71CF99DF81E3003BB22460021207A21
:10938000FFF752FF1AE02A46E3E7002323766561E0
:1093900094F82D3003B12563636A2046984723690A
:1093A0000494094A0392002202920193012300933C
:1093B00063682A462168207A14F047F8207AFCF77F
:1093C000B5F809B030BD00BF29920000F0B587B0F4
:1093D00006460C4615461F4640220021204618F03E
:1093E00027FE95E8030084E8030000232376EB685A
:1093F000E3602A69226163612A7D84F82C20AA7DBA
:1094000084F82D202363012384F8343084F8353028
:10941000E7610C9B23620D9B63620E9BA36295F92F
:10942000083084F8363095F9093084F837303460E4
:10943000374B7360374BB360374B3361374B7361D6
:10944000374BF360FCF71EF810B1364A904259D101
:10945000002104F10800FBF793FF002854D1324BA0
:109460003362012384F83C30304AB261304AF26101
:109470009DF8402084F83B209DF83C2084F83A2059
:10948000002284F8392084F83830697D204615F0B0
:10949000AAF995F90930002B08DB03F01F015B09DD
:1094A00001228A406033234941F8232095F90900BD
:1094B000FFF79AFE236904941F4A03920022029246
:1094C0000193012300936368E2682168207A13F016
:1094D000BCFF0446D0B995F90830002B08DB03F037
:1094E0001F015B0901228A406033124941F82320A1
:1094F00095F90800FFF778FE3046FFF73BFE20465F
:1095000007B0F0BD1024FAE71024F8E71024F6E7BE
:10951000C3E70100DFE601007BE5010081E5010012
:10952000A1920000038000F049E50100E7E7010097
:1095300087E5010000E100E0299200002DE9F041FB
:1095400086B016461C460C9D012304930393584B8A
:109550000293584B0193584B0093584B0A462946A7
:10956000FFF734FF074618B1384606B0BDE8F08172
:1095700023682B6463686B64637A85F84930237AC7
:1095800085F84830E37A85F84B30A37A85F84A307D
:10959000637B85F84D30237B85F84C30E37B85F881
:1095A0004F30A37B85F84E3001214548FCF712FA75
:1095B00001214448FCF70EFA01230422617A207A43
:1095C000FDF7A4FC01230222E17AA07AFDF79EFCBC
:1095D00001216068FCF7FEF94FF0000886F8008072
:1095E0003146206814F0C7F82268536F43F0030334
:1095F00053672268936F23F4F85323F01F03617CB1
:1096000043EA0123A17C0B439367236803225A6733
:1096100085F85080737E202B31D027D8002B33D093
:10962000102B21D1012385F850300026002302227F
:10963000617B207BFDF76AFCE27C2368DA672268A5
:10964000536E43F0040353662268536F43F01003D4
:109650005367DEB92A6CD36C43F00403D36405214D
:10966000206814F081F87FE723277DE7302B04D1B1
:10967000032385F850300126D8E7232774E7022317
:1096800085F850300126E4E70026E2E700230422B3
:10969000E17BA07BFDF73AFC2268D36F217D43EA92
:1096A0000123D3672268536F43F020035367D1E748
:1096B0006DE8010041E801004DE80100FBE8010010
:1096C0004041050000350A00BFF34F8F0549CA68C5
:1096D00002F4E062044B1343CB60BFF34F8F00BF33
:1096E000FDE700BF00ED00E00400FA05BFF35F8F67
:1096F000074B5A6A22F480325A62D3F8942022F03F
:109700000102C3F89420BFF34F8FBFF36F8F7047F0
:1097100000ED00E070B586B0002305930493FFF7D9
:10972000E5FF4FF0005015F068F936490B6840002E
:1097300000F03E0040F0985040F00110324AC2F86C
:1097400098304FF00054C2F89C40C2F8A00001339A
:109750000B602E4D2E4CA54213D1BFF35F8F2A4BC9
:109760000522C3F894205A6A42F480325A62BFF349
:109770004F8FBFF36F8FBFF34F8FBFF36F8F06B065
:1097800070BD03AB019304AB009305AB2A1B2946C4
:10979000204615F016F90398C208072800D82022A1
:1097A000049B5B1BB3FBF2F3012101FA03F3DBB271
:1097B000013BDBB2059E013DAD1BB5FBF2F50D444F
:1097C000AB40DBB2A41BB4FBF2F401FA04F4013C9D
:1097D000E4B21C4315F011F90A4D2A68430003F066
:1097E0003E0343EA042343F0407343F00113064968
:1097F000C1F89820C1F89C60C1F8A03001322A60FD
:10980000ABE700BF8C33002000ED00E00822002011
:10981000F021002070B586B004460D4616460023A0
:1098200005930493FFF762FF03AB019304AB00932E
:1098300005AB32462946204615F0C3F80398C20806
:10984000072800D82022049B5B1B1344013BB3FB79
:10985000F2F3012101FA03F3DBB2013BDBB2059E17
:10986000AD1B013DB5FBF2F5AB40DBB2A41B1444CC
:10987000013CB4FBF2F401FA04F4013CE4B21C43F1
:10988000FF2C29D015F0B9F8144D2968430003F0D6
:109890003E0343EA042343F0985343F00113104A74
:1098A000C2F89810C2F89C60C2F8A030013129605B
:1098B000BFF35F8F0523C2F89430536A43F48033BB
:1098C0005362BFF34F8FBFF36F8FBFF34F8FBFF361
:1098D0006F8F002006B070BD2820FBE78C3300207E
:1098E00000ED00E0012000E00130022804D8431E12
:1098F000024AD35C002BF7D0C0B27047B8330020C7
:10990000F8B506460F46032903D8DFE801F00A043C
:109910000608002506E0042504E0102502E04025A5
:1099200000E00125032E05D8DFE806F002070A0D46
:1099300045F002050B4B1C6809E045F00805F9E706
:1099400045F02005F6E745F08005F3E7246844B1CB
:1099500063681A682A42F9D05B68394630469847EE
:10996000F4E7F8BDC0330020134B1B7813B310B5D8
:10997000124B1B785BB9002015F067F868B9104BE3
:1099800001221A700F4B1A780F4B1A7010BD15F088
:109990005BF80A4B00221A70EDE700F017FB064B4C
:1099A00000221A70074C01212078FFF7A9FF01233C
:1099B0002370EBE7704700BF234F0020214F0020AA
:1099C000244F0020274F0020254F002008B50B4BC7
:1099D0001B78024660B101210B4408490B7032B17B
:1099E000074B1B78012B02D9064B1B7813B108BD1E
:1099F000FF21F1E7FFF7B8FFF9E700BFB833002018
:109A0000274F0020244F002010B513F08DFD044691
:109A1000054B1B782BB9FFF7A7FF204613F088FDF5
:109A200010BD13F085FDFBE7204F002010B513F0AB
:109A30007BFD0446164B1B78D3B1164B1B782BB914
:109A4000144B01221A70144B00221A70134B1B780E
:109A500093B9204613F06CFD012014F0F6FF13F0CB
:109A600063FD04460B4B1B7863B9094B00221A7047
:109A7000204613F05DFD10BD14F0E6FF074B0022F9
:109A80001A70E6E700F0A2FA024B00221A70ECE727
:109A9000234F0020204F0020244F0020214F002082
:109AA00010B584B0A0B1831EDBB2012B13D803A97B
:109AB000002000F0AFFC70B91C4B1B68039A9A425F
:109AC00012D80120FFF782FF194B01221A7002E021
:109AD000174B1B780BB904B010BD0020FFF776FFC1
:109AE000134B00221A70F6E7124B1C6800F0B4FA10
:109AF0000444039B9C4206D30120FFF767FF0C4BF5
:109B000001221A70E7E700F0D1FA60B9002343F0B0
:109B10000203019300230093074A0399091B074896
:109B200014F09BFFD7E70423F1E700BF9433002034
:109B3000224F002090330020099A00009833002023
:109B400038B513F0F1FC0446134B1B788BB900F0C9
:109B500093FB0546E0B9AFF30080104813F0E3FB38
:109B600000F070FF0E4B00221A6000F0B5FC0D4BA8
:109B7000186000F085F914F06AFF0B4B1860064B73
:109B800001221A70204613F0D3FC0025284638BD68
:109B9000204613F0CDFCF9E7284F0020C033002009
:109BA00090330020BC3300209433002038B50138B6
:109BB000144B1B5C0A46A1B101210B4411490B5403
:109BC00072B1114B1D78012D0AD9FFF78BFE0446A7
:109BD000012808D9032D09D00B4B1878A0420AD1CF
:109BE00038BDFF21E9E7FFF721FFF5E70228F3D1B0
:109BF00000F040FAF0E72146FFF782FE024B1C70AE
:109C0000EEE700BFB8330020274F002038B50446E8
:109C1000416013F089FC05462146034813F086FB9A
:109C2000284613F085FC38BDC0330020014B18686E
:109C3000704700BF9033002038B513F075FC05461F
:109C4000094B1B78012B0AD9FFF7F0FF044600F0FF
:109C500003FA0444284613F06BFC204638BD13F089
:109C600067FC0024F9E700BF274F0020064B1B6864
:109C700003FB00F000F5742000F23F20034BA3FB30
:109C80000030800C704700BFBC33002083DE1B43D4
:109C900038B514F0C2FE0546AFF3008013F0AFFAFA
:109CA00000283CD1AFF30080284614F0BAFE98E0BB
:109CB0000020FFF78BFE4B4B00221A7033E014F0AC
:109CC000BEFE3DE02146FFF71BFE41E0464B012270
:109CD0001A70464B187800F0A5F9454B1B781BB15C
:109CE000444B1A78414B1A70AFF30080284614F0A9
:109CF00098FE14F092FE05463F4B1B7843B13E4B55
:109D000000221A70394B1B783A4A1078834231D0BE
:109D10003A4800F0EDFA13F085FA002830D0314BC4
:109D20001B78002BC4D1FFF7DDFDFFF7B9FEFFF76D
:109D3000D9FD0446012803D92B4B1B78002BBED03C
:109D40002A4B1878A04205D0294B1B78002BB9D09C
:109D5000264B1C70012CBCD9234B1B78002BB8D18F
:109D6000274B1B78002BB1D114F06DFE254B01223F
:109D70001A70ABE701211D4B1970FFF7C1FDC7E752
:109D8000194B1B78F3B11A4B00221A701D4B1B782C
:109D900073B114F059FE1B4B00221A7008E0012029
:109DA00000F040F9284614F03CFE14F036FE05465B
:109DB000002014F04AFE0028F1D000F007F90A4B09
:109DC00000221A700020FFF76BFE084C002120785B
:109DD000FFF796FD00232370AFF30080284614F0B0
:109DE00020FE38BD224F0020234F0020274F0020A7
:109DF000244F0020254F00201E4F002098330020C4
:109E0000264F0020214F002010B513F08DFB054B8D
:109E10001C7800221A7013F08BFB00F013FD204316
:109E2000C0B210BD1F4F0020134B1B78834222D0BD
:109E300010B582B0044600238DF804308DF805304B
:109E400010B902238DF8053001A8FCF7B1FC54B11C
:109E50001E20FFF70BFF094A13681B1A1360064BFD
:109E60001C7002B010BD1E20FFF700FF034A1368EC
:109E700003441360F3E77047DB210020C833002060
:109E800030B583B0394C636A636A00258DF804509D
:109E900001A8FCF7B5FD2846FFF7C6FFD4F89030BF
:109EA000C3F38003324A1370D4F89020C2F3003217
:109EB00030490A70D3B92F4B1B78F3B92E4B1B686E
:109EC000C3F3032301209840C0F1010000EB8000A0
:109ED0006430FFF7CBFE294A136803441360234B19
:109EE000D3F89020264B1A6003B030BD4FF41670A3
:109EF000FFF7BCFE234B1860DDE71120FBF728FFBE
:109F00001A4BD3F80031C3F3042303FB0002002AE9
:109F1000D4D0164B5B6CC3F30B43013303EB8303C9
:109F2000D90E5801C01A61F10001490241EAD0512D
:109F30004002C01841F100018D0145EA906584019D
:109F4000201A65EB0101C01841F10001531EC01831
:109F50004FF0000341F1000111F072FAFFF786FEA5
:109F6000064A136803441360A8E700BF00400E4090
:109F70002B4F0020294F002000200440C833002030
:109F8000C4330020D033002008B50D4B1B7803B933
:109F900008BD022000F020FD0028F9D000F06CFA86
:109FA0000028F5D0002201210220FCF785F814F0EA
:109FB00099FD044B1860044B01221A70E8E700BFBA
:109FC0002B4F0020CC3300202A4F002008B5104B27
:109FD0001B7813B90F4B1B78ABB913F095FB0D4BE6
:109FE0001B787BB10C4BD3F8903013F0080FF9D0ED
:109FF00014F078FD094B1B68C01A094B1860044B1C
:10A0000000221A7008BD14F06DFD044B1860E4E7DF
:10A010002A4F00202B4F002000400E40CC33002060
:10A02000D033002008B502280BD003280DD001281A
:10A0300000D008BD074A136923F00403136130BF41
:10A04000F7E70020FCF7C8FBF3E70020FCF700FC73
:10A05000EFE700BF00ED00E0044B1B680BB103EB22
:10A06000D303034A10681844704700BFD033002060
:10A07000C83300200B4AD2F8800145F60E03C2F81F
:10A080008031094B1B6803F0400103F480730B43DC
:10A09000136610F0010F03D013460022C3F880218D
:10A0A000704700BF00400E40C4330020014B1878B9
:10A0B000704700BF2B4F00200E4B1B68002201E0B1
:10A0C0001A469B680BB18342FAD183420ED14AB142
:10A0D0008368936083685BB15A6941690A445A6135
:10A0E000002070478268034B1A60F3E70220704734
:10A0F00000207047DC3300200A4B1B6800220A490D
:10A100000A7005E0084B01221A70704759690A4429
:10A11000012A06D8D98811F0020FF3D19B68002BD1
:10A12000F4D17047DC3300202D4F002008B500F03B
:10A13000D9FB0B4B1B680B4A1268821A03E0521AB8
:10A14000002159619B683BB132B159699142F6D304
:10A15000891A59610022F5E7024B186008BD00BF5B
:10A16000DC330020D833002070B505460C46C38888
:10A170002BB16C61134B1B68FBB100210CE0FFF7A6
:10A180005BFD06468442F4D214F04EFC3446F0E700
:10A19000A41A6C6119469B6823B15A69A242F7D987
:10A1A000002AF5D031B18D60AB6013B15A69121B32
:10A1B0005A6170BD034A1560F6E7024B1D6000232B
:10A1C000AB60F6E7DC33002010B50B4B1B685B6916
:10A1D0005BB10A4A14681C44022000F08FFB204641
:10A1E00000F09EFBFFF788FF10BD022000F086FB09
:10A1F000022000F0E7FBF5E7DC330020D833002035
:10A2000070B504460E4615469DF814200271049A56
:10A210000260002282600561C360BDF81830C3800F
:10A22000F5B900F05FFB3044A061F6B9002363612B
:10A23000E36813B12168204698477DB113F074F9A3
:10A240000646FFF773FF29462046FFF78DFF094BAF
:10A250001B68A3420BD0304613F06AF9002070BD92
:10A2600000F040FB2844A061DFE73546E6E7FFF752
:10A27000ABFFF0E7DC33002010B513F064F90446BF
:10A28000144B1B78DBB9144A1360144A1360144A48
:10A29000138000F0E3FA012000F030FB00F0CAFB6D
:10A2A0000246104B186078B100230F4840F2E731A6
:10A2B00011F0C6F80D4B1860064B01221A702046AB
:10A2C00013F047F9002010BD204613F042F9232077
:10A2D000F9E700BF2E4F0020DC330020D8330020E8
:10A2E000524E0020E033002018FCFFFFD433002042
:10A2F00070B540B3054613F017F90446FFF716FF93
:10A30000124B1B68AB420CD000262846FFF7D4FE48
:10A31000054640B95EB10D4B1B6843B1FFF754FFD2
:10A3200008E00126F1E7204613F002F905E0074BAB
:10A330001B6823B1204613F0FBF8284670BD0220AD
:10A3400000F022FBF6E72225F7E700BFDC33002010
:10A35000B8B138B50C460546A9B100230B7013F00F
:10A36000F2F80A4B1B6801E0012222702BB122781F
:10A370001AB9AB42F8D09B68F8E713F0EAF800206E
:10A3800038BD222070472220FAE700BFDC330020CE
:10A39000002836D070B50C460546002933D013F09E
:10A3A000D2F80646FFF7C2FE6B692360174B1B68A5
:10A3B00004E0226859690A4422609B68AB4201D0DC
:10A3C000002BF6D1AB420ED1256800F08BFA104B72
:10A3D0001B68C01A85420BD800232360304613F057
:10A3E000B8F8002070BD304613F0B3F80320F9E749
:10A3F00000F078FA064B1B6822681B1A134423608E
:10A40000ECE7222070472220ECE700BFDC3300207D
:10A41000D8330020F8B504460F4613F094F80646EA
:10A42000134B1B68002507E000F05CFA114B1B681A
:10A430001B1A2B4410E09B68A3B15A691544DA88B3
:10A44000A24201D0FF2CF6D100F04CFA094B1B6858
:10A45000C01AA842E8D300233B60304613F079F8D5
:10A460000020F8BD304613F074F81B20F9E700BF58
:10A47000DC330020D833002010B5074B1C780CB912
:10A48000204610BD14F02EFB044B1B689B69C01ABC
:10A490000228F5D90024F3E72D4F0020DC330020FB
:10A4A00070B513F050F8064600F01CFA0446094B4C
:10A4B0001D88ADB2012000F08FFA28B9304613F0A4
:10A4C00048F82046294670BD00F00CFA04460135D4
:10A4D000F4E700BF524E0020014B1868704700BFE0
:10A4E000E033002008B5084B1968A1FB000140F2D9
:10A4F000E733C0184FF47A724FF0000341F10001C6
:10A5000010F09EFF08BD00BFE03300200C4B1B681D
:10A51000834213D310B50C460A4B1968A1FB000106
:10A5200040F2E733C0184FF47A724FF0000341F164
:10A53000000110F085FF2060002010BD2120704731
:10A54000D4330020E033002090B3F0B587B00F463D
:10A5500014461D46064605A93846FFF7D7FF10BB2F
:10A56000FFF7BAFF07FB00F1124BA3FB01239B0986
:10A570004FF47A7202FB1311511A89B2B1839142DE
:10A5800013D00023F3833046FFF7B2FE0599BDF8E0
:10A59000343002939DF830300193009523460A46EB
:10A5A0003046FFF72DFE07B0F0BD0023B383E8E788
:10A5B00022207047D34D621008B503461D4A10682B
:10A5C00000B3421E10421ED1D90E5A01D21A61F1B7
:10A5D0000001890041EA92719200D21841F1000312
:10A5E000DB0043EA5273D200B0FA80F0C0F11F0CD6
:10A5F000411CC04322FA0CF203FA01F10A4323FA88
:10A6000000F0104308BDDA0E5901C91A62F10002C8
:10A61000920042EA91728900C91842F100024FEAA1
:10A62000C20C02460023C8004CEA517110F008FF2A
:10A63000E8E700BFE03300202D4B83422D4B8B41D8
:10A6400052D370B5844614462B4B1A68002A4DD05D
:10A65000501E10402AD14D0145EADC654FEA4C1EE0
:10A66000BEEB0C0E65EB0105AD0045EA9E754FEAA9
:10A670008E0E1EEB0C0E41EB050C4FEACC0C4CEA97
:10A680005E7C4FEACE0EB2FA82F2C2F11F05531C75
:10A69000D2432EFA05F10CFA03F319432CFA02F215
:10A6A00011432CFA05F52160656070BD480140EA50
:10A6B000DC604FEA4C13B3EB0C0360EB010080004D
:10A6C00040EA93709B0013EB0C0C41EB0001C900B6
:10A6D000002633464FEACC0041EA5C7110F0B0FE30
:10A6E000C4E900013046E0E7212070472120DCE783
:10A6F000EFA7C64B37894100E03300202DE9F8432E
:10A70000044610F0010F04D114F0020F10D1BDE87F
:10A71000F883494A13889BB201339BB21380FFF739
:10A7200005FD464B1B68002BEED0FFF74DFDEBE718
:10A7300012F009FF0546FFF7F9FC00273E4643E00B
:10A740009B683BB15A692AB921791A799142F7D9A4
:10A750001C46F5E7284612F0FCFE2569002D3AD18B
:10A760000025A8462F46002D46D0236903B3FDB926
:10A77000B8EB0707A38B6BB1E28B13449BB2E38367
:10A78000B3F57A7F06D3A3F57A73E383013FA36918
:10A79000013BA36112F0D7FE054639462046FFF77C
:10A7A000E3FCA36922691344A361284612F0D1FE99
:10A7B000E7880136E36813B121682046984712F014
:10A7C000C2FE0546FFF7B2FC1C4B1C68F4B163697E
:10A7D000E3B92346B5E7A84600F084F8A369C71A91
:10A7E000FA17AF4272F1000204DB22691344A3613D
:10A7F0000125B8E70025B6E712F0A5FE8146204600
:10A80000FFF75AFC484612F0A4FEAEE70C4B0022BC
:10A810001A70012E06D05CB1FFF7D6FC284612F064
:10A8200098FE74E717F0020FF5D001221A70F2E7D4
:10A83000022000F0A9F8F1E7524E0020DC3300209E
:10A840002C4F002010B512F07EFE034B1C7812F046
:10A8500080FE204610BD00BF2C4F002010B586B0F2
:10A860001C4B0DF10C0C93E80700ACE803008CF8CE
:10A8700000200C3393E803000190ADF80810090C98
:10A880008DF80A1001211448FBF7A4F800248DF874
:10A890000C408DF8104003A8FCF730FE8DF8044002
:10A8A00001A90120FCF706FE0C4A536A23F4FF635A
:10A8B00023F00703536240F2FF7313629460012098
:10A8C000FCF716FE064B4FF08042C3F880211A6059
:10A8D00006B010BD64460200A00914000020044028
:10A8E00000E100E0014B9868704700BF0020044081
:10A8F000014B586D704700BF0020044010F0010F5D
:10A900000AD1002310F0020F01D043F00403034AE0
:10A91000516A0B43536270470123F3E70020044060
:10A9200070B5044612F000FE0646FFF7DBFF054651
:10A93000FFF7DEFF124B9B6913F0040F04D1431B9A
:10A94000032B01D885420CD1631B022B00D8EC1CD1
:10A95000B4F1FF3F38BF013C094B5C650220FFF7B3
:10A96000CDFF304612F0E4FD064B1B783BB1044AA4
:10A97000136D43F002031365024B00221A7070BD81
:10A9800000200440DC21002010F0010F13D1002131
:10A9900010F0020F09D041F00401084B01221A7097
:10A9A000074A136D23F003031365054A536A23EA2C
:10A9B0000103536270470121EAE700BFDC21002058
:10A9C0000020044010F0020F02D0024B0422DA6192
:10A9D000704700BF00200440064B9B69012804D04B
:10A9E000022805D1C3F38000704703F001007047CF
:10A9F000002070470020044010B512F0A4FD04466A
:10AA00000B4B9B6913F0010F0FD1002013F0040FC3
:10AA100001D040F0020003F00703054A1362FFF77C
:10AA20006DFE204612F095FD10BD0120EEE700BF3F
:10AA30000020044008B50248FBF78AF908BD00BFB2
:10AA4000A009140008B5064BD3F8883003F00703BB
:10AA5000013B012B00D908BD022014F08DF8FAE764
:10AA600000400E4000B583B0044B009300231A460B
:10AA7000194616F064F903B05DF804FBFFFF0F0000
:10AA800038B50546082801D8284638BD0024084BAB
:10AA90001868FFF7E7FFA042F6D9082CF4D8054B59
:10AAA00053F82430AB4201D00134F0E72546EBE700
:10AAB00098200020104702002DE9F04387B06C4B2E
:10AAC00019686C4B186808F0B5FE8146002831D033
:10AAD000674C23689A691268596818689047236818
:10AAE0009B699B686846984723689B69DB680220DE
:10AAF0009847002407E093691B69106801FB040074
:10AB000098470134E4B25A4B1A6853680199B3FB71
:10AB1000F1F39C42EFD39369DB6800209847544CD3
:10AB200023689B695B6898472168524B186808F056
:10AB300081FE81464FF000083CE0002B2AD14E4BAD
:10AB40009B5D4E4A52F8262029464A48006808F084
:10AB50004BFF814630BB0134E4B2494B9F5DA742B5
:10AB600020D9484B53F82650254405AB04AA294662
:10AB70004048006809F0F4F8434B9842DFD00028C1
:10AB8000E9D1049B002BD8D13B4A915D059A9142B3
:10AB9000D3D1E0E72946374B186809F025F9CEE70D
:10ABA0000024DAE7394B9B5D002B31D108F1010815
:10ABB0005FFA88F8B8F1080F45D8B9F1000FF5D160
:10ABC0004646334B13F80830002BE9D02D4B53F891
:10ABD000284005AB04AA21462648006809F0C0F8C1
:10ABE000294B984209D00028E0D1049B012BDDD0ED
:10ABF0002146204B186809F0F7F8204B53F826300F
:10AC00001A6821461B4B186808F0DAFF8146CDE729
:10AC10007E2FCBD81B4B53F826403C4405AB04AAEF
:10AC200021461448006809F09BF8174B9842BDD0A4
:10AC30002146104B186809F0D7F881460028B5D195
:10AC40000137FFB2E4E7B9FA89F35B09114A1370DF
:10AC5000084B1B681B7C1BB9484607B0BDE8F08356
:10AC60000D4B0E4A4FF48B710D4810F0E3FF00BFFF
:10AC70007820002098200020EC4602007846020050
:10AC8000E0460200104702000BE000F0F846020028
:10AC9000044702002F4F002034470200E84702001B
:10ACA0005847020070B50E4615461C46FFF7E8FEF1
:10ACB000082825D81C4B1B78002B33D01B4B1B5C62
:10ACC00093B97F2E1AD0F1B2194B53F820002346C6
:10ACD0002A4601441748006808F0D0FE0446C4B173
:10ACE000204613F06CFF14E02A46114B53F8201055
:10ACF000104B186808F0B0FF0446F0E70021E3E7C6
:10AD0000FF2808D92346F2B281B2284614F0DDF9B3
:10AD10000024204670BD084B084A4FF4A67108482D
:10AD200010F088FF0024F4E72F4F002004470200B2
:10AD30001047020098200020B8470200D4470200C4
:10AD40005847020070B50E4615461C46FFF798FEA0
:10AD5000082825D81C4B1B78002B32D01B4B1B5CC2
:10AD600093B97F2E1AD0F1B2194B53F82000234625
:10AD70002A4601441748006808F036FE0446BCB174
:10AD8000204613F01CFF13E02A68114B53F82010E3
:10AD9000104B186808F014FF0446F0E70021E3E7C1
:10ADA000FF2807D92246294680B214F096F90024DC
:10ADB000204670BD084B094A4FF4C371084810F093
:10ADC00039FF0024F4E700BF2F4F002004470200A2
:10ADD0001047020098200020B8470200C047020038
:10ADE0005847020010B5FFF74BFE0A4B1B7813B90A
:10ADF0000024204610BD0022074B53F82010074BBB
:10AE0000186808F067FF04460028F2D013F0D7FE58
:10AE1000EFE700BF2F4F00201047020098200020CE
:10AE200010B582B004467F2A14D04BF234608142C0
:10AE300012D041F2F010814228D001F47040B0F5F8
:10AE4000805F3ED0B0F5005F46D0B0F5405F43D0A4
:10AE500002B010BD0022E8E708237F2241F2020180
:10AE6000684614F032F908222249684617F0B6F80D
:10AE700020B16B4603CB20606160E9E708237F22A5
:10AE800041F2F011684614F020F9F2E71A4AD2F8BC
:10AE9000F000D2F8F420002104E06054000A013BE5
:10AEA0000131C9B2032907D8002BF6D104E062545E
:10AEB000120A013B0131C9B20729C9D8002BF6D1CA
:10AEC000C6E7C1F30B0103FB02111A4601F17E61D3
:10AED000204616F0E6FFBBE7C1F30B0103FB0211AE
:10AEE0001A4601F17E6101F58041204616F0D9FF36
:10AEF000AEE700BF604802000081E00F0BB370B501
:10AF00000D4614461E464BF23463984211D1082E6A
:10AF100000D9082633467F2241F202012046FFF77E
:10AF20007FFF32460949204617F058F858B941F2D8
:10AF3000F0103346EAB281B22046FFF771FF0020DD
:10AF400070BD212070470020FAE700BF6048020072
:10AF50002DE9F04104460F46154610F0010F16D1B9
:10AF600015F0010F19D104F47043B3F5805F1AD0C6
:10AF7000B3F5005F02D0B3F5405F27D1C4F30B04F3
:10AF800004F17E6606F58046B046002428E040F2D3
:10AF9000D311224800F0D2FAE2E74FF4EA711F48D9
:10AFA00000F0CCFADFE7C4F30B0404F17E66B04690
:10AFB000B6F17E6F04D3AB19013B194A9342E4D931
:10AFC00040F2D911154800F0B9FADEE74FF4F071FC
:10AFD000124800F0B3FA6FF00F080026D5E70134ED
:10AFE000AC4209D218F80430FF2BF8D04FF4F571B9
:10AFF0000A4800F0A3FAF2E715B90020BDE8F08195
:10B000006A083946304613F0F6FD0028F5D04FF4B3
:10B010000271024800F092FAEFE700BFF847020021
:10B02000FF07E00F10B50446F9F7E6FC0C4BA3FB55
:10B030000023B0F57A7F0FD39B090A4AB2FBF3F2E3
:10B04000094B984208D84FF47A7304FB03F3B3FB1F
:10B05000F2F39808032B00D810BDF5F759F8FBE779
:10B06000D34D621040420F00E7CD9A3B08B5FCF784
:10B07000E9F9094B1860FCF7DFF90120074B18616B
:10B0800003F05AFE13F0F2FF00B908BD4F22044945
:10B09000044801F065FAFEE7E433002000300E407A
:10B0A0006C480200D048020008B5084803F0D2FD01
:10B0B000074B18700021074BB3F9000013F0A6FFEF
:10B0C00012F010F8F7F73EFD08BD00BF0839020086
:10B0D000304F0020584E002008B5F8F7D7F912F08D
:10B0E00007F8024B187803F09AFD08BD304F002096
:10B0F00008B507490748FEF789FD022013F0EEFD69
:10B10000012013F0EBFD044B01221A7008BD00BFB3
:10B11000B020002008340020314F002030B583B02B
:10B1200012F009FA13F07AFF68B9344B1B78002B40
:10B1300032D0324B1B78002B35D19922304931481F
:10B1400001F00EFAFEE713F06DFF90B14FF0FF3102
:10B150002D4803F033FD044604280ED8274B1B78F6
:10B16000002BE6D1012013F0B9FD244B01221A7007
:10B17000DFE703F01FFA0146EAE7204B1B7823B90B
:10B18000002CD6D012F0DBF918E0012013F0B3FD4B
:10B190001A4B00221A70F3E7012013F09FFD174BA2
:10B1A00001221A70C5E7002013F058FF0146164827
:10B1B00003F004FD044612F0C2F9DCB10F4B18781D
:10B1C000214680F0010013F07AFD054698B194B154
:10B1D000B4F1FF3F0FD00023019300930B4A2146A7
:10B1E0000B4813F095FD30B1AB220549054801F03D
:10B1F000B7F9FEE70025284603B030BD314F0020E7
:10B20000E4480200D048020008390200C3EC010003
:10B21000E8330020034B9B88834214BF00200120A9
:10B22000704700BF1034002008B5002206490A709C
:10B2300006490A70064A917918B91268F8F71CFB9A
:10B2400008BD0022FAE700BF324F00202034002062
:10B2500010340020F8B5458883685F782E4B1B7842
:10B260002BB12846FFF7D6FF00284FD0F8BD044683
:10B270002A4EB360B580B77181680231012004F0B5
:10B28000FDFD0246334643F8080BB179B088F8F764
:10B2900067FAE8B1A3681B7813F0100F21D01F4B99
:10B2A0009B681F4AA2FB03239B091E4A13601B4B8A
:10B2B0009A681B689A421AD2174B01221A70194BCE
:10B2C0001A68EAB101233946284613F0C9FDCDE7D3
:10B2D00003223946284613F0DEFD0820FFF7A4FFBD
:10B2E000C4E700230F4A13600C4A9360DFE7022291
:10B2F0003946284613F0CFFD0620FFF795FFB5E746
:10B3000001223946284613F0C6FDAFE7032239462D
:10B31000284613F0C0FDA9E7324F0020103400206A
:10B32000ABAAAAAA1C34002008B50C4B1A680C481A
:10B33000A0FB02305AB18009094BA3FB02139B0901
:10B3400003EB430359018A4200D0013008BDA82213
:10B350000449054801F004F9FEE700BF103400205D
:10B36000ABAAAAAA48490200D04802002DE9F0433E
:10B3700083B005464788816891F801800231012039
:10B3800004F07CFDAB79063B00EB40094FEA49191C
:10B3900059FA83F35C1E304B1B7813B10646012B20
:10B3A00002D003B0BDE8F0833846FFF733FF18B191
:10B3B0002A4B9B79434506D0032332464146384603
:10B3C00013F080FDEDE7264B1B68B3423AD310D053
:10B3D000FFF7AAFF0138B0422AD001233246414686
:10B3E000384613F06FFD4FF4A0511E4803F09FFB49
:10B3F000D7E71A4B9968494518D9C9B25FFA89F35A
:10B40000C91AC9B2154B1B68A34200D85C1EAB68B1
:10B410008A1D134400934346224649443846F8F7B0
:10B42000CBF90F4A136801331360D1E70021E9E734
:10B43000002332464146384613F044FD0020FFF712
:10B44000F3FED0E7052332464146384613F03AFD75
:10B450000620FFF7E9FEA4E7324F00201034002059
:10B460001C3400202034002008B5064B00221A703E
:10B47000054B1B78012B00D008BD0520FFF7D4FE3B
:10B48000FAE700BF20340020324F002008B5074BF8
:10B490001B7833B1064B19780902064803F047FBC5
:10B4A00008BD054B19888902F7E700BF334F00201C
:10B4B000DD21002028340020A621002010B513F043
:10B4C000C9FD04460F4B00221A7013F08BFD00B922
:10B4D00010BD13F0B7FD032803D013F0B3FD04280B
:10B4E00006D1094B1C60FFF7D1FF13F0CEFDEFE74B
:10B4F00013F0A8FD0628F4D013F0A4FD0728E7D127
:10B50000EFE700BF2834002030340020014BDA6917
:10B510005A62704700200540BFF34F8F0549CA6843
:10B5200002F4E062044B1343CB60BFF34F8F00BFC4
:10B53000FDE700BF00ED00E00400FA0508B5024693
:10B540000B460349002012F0CAFFFFF7E5FF00BFDA
:10B55000E049020083B2074A13801BB913464BF639
:10B56000EF621A80000C044B188010B94FF6CE22FF
:10B570001A807047B8210020B621002010B5622142
:10B58000054813F0B2FD044641F20B01034813F0E5
:10B59000ACFD604080B210BDB8210020B621002073
:10B5A00039B110B504460A46024B1B680021984782
:10B5B00010BD7047D8200020114B0340B3F1607FCD
:10B5C0000FD0B3F1707F14D101F4E043B3F5005F05
:10B5D00012D1C1F3022101238B40012B06D9002097
:10B5E0007047B1F5885FECD1002070476FF086009E
:10B5F00070476FF0860070476FF08600704700BF9D
:10B600000000C07F8A4200F071812DE9F0410646BA
:10B610000C46154622F0FF03B64A934214D002F5B9
:10B620008052934210D0A2F5885293420CD025F458
:10B63000FF7222F00102B2F1062F05D0AE498B4213
:10B6400002D0AE4B9A4221D124F0FF03A94A934283
:10B6500014D002F58052934210D0A2F58852934242
:10B660000CD024F4FF7222F00102B2F1062F05D0B3
:10B67000A1498B4202D0A14B9A4207D114F0FF039B
:10B6800004D043F000739E4A93420ED004F0FE476C
:10B69000B7F1A06F10D0B7F1407F23D0B7F1106F92
:10B6A00000F00F810020BDE8F08185EA0400FF284A
:10B6B0008CBF00200120F6E705F0FE43B3F1A06F38
:10B6C000E9D185EA040333F47E13E4D114F4004F86
:10B6D000E1D0C4F30540C5F30545A8428CBF002066
:10B6E0000120E0E705F0FE43B3F1407FD6D185EAC3
:10B6F000040333F47E18D1D131462046FFF75CFFB6
:10B70000002840F0F58015F47C101ED0C5F30540EC
:10B710007C4B2B40B3F1607F70D0B3F1707F00F0B1
:10B72000B980C4F3054314F47C1F00F0C58015F400
:10B730007C1F02D1434500F0EB8014F4004FADD0E4
:10B7400083428CBF00200120ADE76E4B2B40B3F14C
:10B75000607F0CD0B3F1707FDAD106F4E043B3F52B
:10B76000005FD5D1C6F3022301209840D0E7EBB2A9
:10B7700043F00073644A93423CD003F17E43043BA0
:10B780000F2BC5D801A252F823F000BFF9B7000073
:10B79000F9B7000011B7000011B70000CDB70000E5
:10B7A000D1B70000D5B70000D9B70000DDB7000061
:10B7B000E1B7000011B7000011B70000E5B70000C5
:10B7C000E9B70000EDB70000F1B700001C209FE7CB
:10B7D00020209DE730209BE7402099E71C2097E739
:10B7E000202095E71C2093E7202091E730208FE769
:10B7F00040208DE710208BE7142089E7EBB243F05F
:10B800000073414A934251D003F17E43043B0F2B16
:10B8100087D801A252F823F0B3B80000B3B80000F3
:10B8200023B7000023B7000059B800005FB800003C
:10B8300065B800006BB8000071B8000077B8000070
:10B8400023B7000023B700007DB8000083B80000D4
:10B8500089B800008FB800004FF01C0861E74FF076
:10B8600020085EE74FF030085BE74FF0400858E7EC
:10B870004FF01C0855E74FF0200852E74FF01C0826
:10B880004FE74FF020084CE74FF0300849E74FF002
:10B89000400846E706F4E043B3F5005F7FF441AFAC
:10B8A000C6F30226012303FA06F83AE74FF0100820
:10B8B00037E74FF0140834E7404514BF002001205B
:10B8C000F1E624F01F6323F470231BBB05F0FE4355
:10B8D000B3F1106F01D00020E5E60C48284040F09D
:10B8E0001060A04214BF00200120DCE60120704758
:10B8F0000020D8E600030006000900060004000648
:10B90000FF0000020000C07F030000020000FFF6FD
:10B910000120C8E60020C6E6F8B5002A64D0064635
:10B920000D46144622F0FF03354A934233D002F508
:10B93000805293422FD0A2F5885293422BD024F408
:10B94000FF7222F00102B2F1062F24D02D498B4262
:10B9500021D0A1F5A0618A421DD004F0FE43B3F1CD
:10B96000407F3BD0B3F1A06F3BD0274B9C4214BF2C
:10B9700000230123002B3AD1224671682846FFF7A5
:10B9800041FE0746B0BB2246B1682846FFF73AFEA3
:10B9900090B33846F8BD14F0FF02DED018498B4250
:10B9A00014D001F580518B4210D0A1F588518B4203
:10B9B0000CD024F4FF7121F00101B1F1062F05D064
:10B9C0001048834202D0114B9942D5D142F0007207
:10B9D0000D4B9A42D0D16FF08607DAE7C4F3C0333B
:10B9E000C8E7C4F3C033C5E76FF08607D1E76FF04F
:10B9F0008607CEE70027CCE76FF08407C9E700BFD2
:10BA00000003000600090006FF0000020004000613
:10BA10000C4B1B7883B110B582B00C460023019308
:10BA200001AB0A460146084812F01AF810B9019B0A
:10BA3000A34204D102B010BD6FF0880070476FF0D0
:10BA40009300F7E7D8460020DC4600202DE9F043BC
:10BA50009FB01F46DDF8A0800023169301F0FE433F
:10BA6000B3F1806F18D04FF000096FF0860516987B
:10BA700013F0CEFE0446002D40F0AA80002840F0CE
:10BA8000A680B9F1000F40F09C80D8F800304B44FC
:10BA9000C8F8003025469EE00C4616460B464FF48B
:10BAA000807216A913F08DFB0546002840F08680B1
:10BAB000DDF8589017ADCC46BCE80F000FC59CE8E8
:10BAC000070085E80700242200210DEB020016F094
:10BAD000AFFA09AD0DF15C0CBCE80F000FC59CE896
:10BAE000070085E80700B9F8003003F4E042B2F53A
:10BAF000005F11D042F20402934232D0384B9C4294
:10BB000035D04FF00009B9F1000F3BD0279B994584
:10BB100030D96FF08905AAE7C3F302224FF001097B
:10BB200009FA02F9B9F1010FE4D92E4A944212D070
:10BB300002F5807294420ED002F5807294420AD0CF
:10BB4000294A944207D0A2F53F42944203D002F51D
:10BB500080729442CED1B9F1100FD4D96FF0830521
:10BB600085E7224B9C42C9D14FF00C09CBE74FF03F
:10BB70000D09C8E7494612A8FFF74AFF0546002805
:10BB80007FF475AF169B596A9A6A269BA3B103EBA3
:10BB90000900CDF81880279BA3EB090305930490B7
:10BBA00003970296CDF8049012AB0093234609A8A0
:10BBB00013F0A7FB05465AE72698EAE74FF000097D
:10BBC00055E74A4612A9269816F06BF95DE7054637
:10BBD0000023C8F8003028461FB0BDE8F08300BF3E
:10BBE0000013C0040010C00400FF400400018004E2
:10BBF00008B500F06FF8064B5B7823B90C210448B8
:10BC0000FFF7CEFC08BD034813F0D3FAF6E700BFF8
:10BC1000D8460020DC46002070B5124B1B7813B1CB
:10BC20000024204670BD11F019FF044660B90D4C88
:10BC30000126A670251D284613F0BFFA6670284617
:10BC400013F0B5FA044610B1FFF7D2FFE9E72B1F56
:10BC500002225A7000F036F804460028F4D12B1F57
:10BC60001E70DEE7D846002038B504460D4600F1C8
:10BC700000420532042A09D82C21114B01FB023362
:10BC80009A68824215D12B60002038BD012113F043
:10BC900030FD88B100231A46042A08D82C21084B0D
:10BCA00001FB02339968A14201D00132F4E7042A72
:10BCB000E9D96FF08B00E8E76FF08700E5E700BF98
:10BCC000E4460020024B012283F8DC20002070476C
:10BCD000E446002038B500250BE02C23084C03FB7C
:10BCE00005440421204613F019FD204613F0D8FB2B
:10BCF0000135042DF1D9024B002283F8DC2038BD38
:10BD0000E446002070B504460D46204B93F8DC3025
:10BD1000002B34D00026324600E00132042A0FD82E
:10BD20002C211A4B01FB023393F8201049B1002E4D
:10BD3000F3D118790028F0D00229EED11E46ECE7A5
:10BD4000002363B1114A9A1A9210114901FB02F2C1
:10BD500002F10042053A22602B60002070BD4EB116
:10BD60000421304613F0DAFC0028F7D1304613F0F6
:10BD700097FB3346002BE5D16FF08C0001E06FF0AC
:10BD8000880000232B602360E8E700BFE446002022
:10BD9000A38B2EBAF0B583B000230B60294B93F828
:10BDA000DC30002B4AD005460C461746FFF75CFFF7
:10BDB000064668B93FB1012F0DD10521206813F067
:10BDC000ADFC064607E0206813F00CFD064602E0D5
:10BDD00010F18C0F02D0304603B0F0BD214601A80F
:10BDE000FFF790FF06460028F5D123689D60236881
:10BDF00001225A60206813F0D4FC064660B1042189
:10BE0000206813F08BFC206813F04AFB16F18C0FAE
:10BE1000E1D16FF08706DEE720680C3013F05AFCA2
:10BE20003FB1012FD7D10521206813F077FC0646DA
:10BE3000D1E7206813F0D6FC0646CCE76FF0880601
:10BE4000C9E700BFE446002008B50822034916F000
:10BE5000C5F800B908BD6FF09800FBE7F44902008F
:10BE600010B586468C460D4C03CC186059600021F5
:10BE700099605168D9601188198251885982D168B6
:10BE80005961116999615269DA61C3F820C062464B
:10BE9000714603F1240016F004F810BDF4490200C5
:10BEA0002DE9F04F91B0804617460F93894600293F
:10BEB00000F0448300260F9B1878002800F041838F
:10BEC000252809D0741C3B4632464946C0470F9B83
:10BED00001330F932646EEE701330F9300251FE051
:10BEE00045F0010501320F92012318E045F00205EB
:10BEF00001320F92012312E045F0040501320F9246
:10BF000001230CE045F0080501320F92012306E001
:10BF100045F0100501320F92012300E000234BB3DE
:10BF20000F9A1378203B102BF8D801A151F823F079
:10BF300005BF00001DBF00001DBF000011BF0000B5
:10BF40001DBF00001DBF00001DBF00001DBF000081
:10BF50001DBF00001DBF00001DBF0000F9BE000096
:10BF60001DBF0000EDBE00001DBF00001DBF000092
:10BF7000E1BE00000B930F9B1A78A2F13003DBB2F5
:10BF8000092B18D92A2A1BD0DDF82CB00F9B1A7860
:10BF90002E2A25D00F9A1378683B122B5CD8DFE845
:10BFA00003F0495BAA5B3B5B5B5B5B5B5B5B575B8B
:10BFB0005B5B5B5BAF000FA813F0B8FD8346E5E762
:10BFC0001A9B1A1D1A921B68002B04DB9B460F9BC1
:10BFD00001330F93DAE745F00205C3F1000BF6E7F2
:10BFE00045F480655A1C0F925A78A2F13003DBB2F7
:10BFF000092B0CD92A2ACDD11A9B1A1D1A921C681A
:10C0000024EAE4730B930F9B01330F93C2E70FA84D
:10C0100013F08CFD0B90BDE745F48071531C0F931A
:10C0200053786C2B01D00D4616E045F44075023272
:10C030000F9211E045F08001531C0F935378682B49
:10C0400001D00D4608E045F0C00502320F9203E032
:10C0500045F4807501320F920F9B1878672854D8E9
:10C06000252867D3A0F12503422B63D8DFE813F01E
:10C070005B026200620062006200620062006200B5
:10C0800062006200620062006200620062006200A0
:10C090006200620062006200620062006200620090
:10C0A0006200620062006200620062006200620080
:10C0B000820162018201620062006200620062002D
:10C0C0006200620062006200620062006200620060
:10C0D0006200620062006C00620062006200620046
:10C0E000620062006200620062006C00A9016C00E4
:10C0F00082016201820145F4007501320F92ABE7C3
:10C1000045F4807501320F92A6E7782812D8692885
:10C1100010D3A0F16902D2B20123934049F2410247
:10C12000134211D113F0800F40F0E28113F4806FBD
:10C1300040F07981741C3B4632464946C0470F9B0C
:10C1400001330F932646B6E6782809D062283AD004
:10C150006F283AD058283AD025F010050A2300E07D
:10C160001023582835D0692803D0642801D025F041
:10C170000C0515F4806F01D025F0010569282BD03E
:10C18000642829D015F4007F40F0968015F4807F54
:10C1900040F0AE8015F0400F00F0BF801A9A111DDC
:10C1A0001A9112780595CDF810B00B99039102936E
:10C1B0000023019300923B4632464946404613F025
:10C1C000A2FD064629E00223CBE70823C9E7102396
:10C1D000C7E745F02005C6E715F4007F21D115F427
:10C1E000807F42D115F0400F58D01A9A111D1A9134
:10C1F000127882EAE271A1EBE2710595CDF810B0F8
:10C200000B9803900293D20F019200913B46324665
:10C210004946404613F077FD06460F9B01330F93C6
:10C2200049E61A9A073222F0070202F108011A9130
:10C23000516812680846002913DB0895CDF81CB038
:10C240000B9C0694049300230593C90F029100925E
:10C2500001903B4632464946404613F09EFD064655
:10C26000DBE7524261EB4100E7E71A9A111D1A9190
:10C27000126882EAE271A1EBE2710595CDF810B087
:10C280000B9803900293D20F019200913B463246E5
:10C290004946404613F037FD0646BEE715F0800FCD
:10C2A00005D01A9A111D1A91B2F90020A1E71A9A25
:10C2B000111D1A9112689CE71A9A073222F00702A0
:10C2C00002F108011A910895CDF81CB00B9906915E
:10C2D0000021049305910291D2E90023CDE90023C6
:10C2E0003B4632464946404613F057FD064694E722
:10C2F0001A9A111D1A910595CDF810B00B9903915A
:10C30000029300230193136800933B46324649464B
:10C31000404613F0F8FC06467FE715F0800F04D086
:10C320001A9A111D1A9112883CE71A9A111D1A9136
:10C33000126837E746281AD01A9B073323F0070301
:10C3400003F108021A920495CDF80CB00B9A0292F0
:10C35000D3E90023CDE900233B4632464946404617
:10C36000F4F726F906460F9B01330F93A3E545F03A
:10C370002005E1E7672801D0472801D145F4006591
:10C38000452801D0472801D145F020051A9B0733E5
:10C3900023F0070303F108021A920495CDF80CB0BC
:10C3A0000B9A0292D3E90023CDE900233B463246A3
:10C3B00049464046F3F704FF06460F9B01330F93AF
:10C3C00079E515F002051DD001241A98031D1A9372
:10C3D00006F1010A3B46324649460078C047A5B9F6
:10C3E0000F9B01330F93564665E502F1010A3B4668
:10C3F00049462020C047234652465C1C9B45F4D842
:10C400001646E2E701233246F7E7524606E0561C9D
:10C410003B4649462020C0472C463246651CA34572
:10C42000F5D89246DCE71A9B1A1D1A92D3F800A0A1
:10C430000B9BFBB94FF0FF32534601E001330A4634
:10C44000197811B1511E002AF8D1A3EB0A0315F493
:10C4500080620C9203D00B9A934228BF134615F0CA
:10C46000020409D00D94CDF838B00B9D32460C9ED5
:10C470009B461FE00B9ADFE73246264606E0541C37
:10C480003B4649462020C0472B4622465D1C9B4523
:10C49000F5D834462B460D94CDF838B00B9D0C9E44
:10C4A0009B4607E01D460AF1010A541C3B464946DB
:10C4B000C04722469AF8000020B1002EF3D06B1E30
:10C4C000002DEFD10D9C16465B46DDF838B054B90F
:10C4D0000F9B01330F93EEE4551C3B464946202049
:10C4E000C04723462A465C1C9B45F5D81646EFE715
:10C4F00045F021051A9B1A1D1A921B680595082202
:10C5000004920B9A0392102202920022019200934D
:10C510003B4632464946404613F0F5FB06460F9B24
:10C5200001330F93C7E4741C3B463246494625202D
:10C53000C0470F9B01330F932646BCE4DFF81C80F5
:10C54000B8E4BE4208D37A1E3B4649460020C047A5
:10C55000304611B0BDE8F08F3246F5E71DFB010013
:10C560000FB400B585B006AA52F8043B03920092BE
:10C570004FF0FF3202A90448FFF792FC05B05DF8C6
:10C5800004EB04B0704700BF5DFE010000B585B04C
:10C59000034600914FF0FF3203A90348FFF780FCE8
:10C5A00005B05DF804FB00BF5DFE010000B585B07D
:10C5B00002900391009313464FF0FF3202A9034803
:10C5C000FFF76EFC05B05DF804FB00BF1FFB010028
:10C5D00010B58AB004462422002101A815F028FDD8
:10C5E00001A9204612F0B9FFBDF80430B3F5105F81
:10C5F00010D1BDF80630802B0CD1049B13F4407F82
:10C6000008D0031E18BF012358002BB9034B1C6030
:10C610000AB010BDBD20FBE70220F9E7C4470020A7
:10C62000014B002018607047C4470020014B186878
:10C63000704700BFC4470020014B1868704700BF17
:10C64000C44700200B4B0C4A1B8830B514880146A8
:10C6500000209C4200D230BDDA0803F007058A5C56
:10C660002A41D20748BF421C03F1010348BF90B2E0
:10C670009BB2EEE7544E0020B421002038B50A4D9D
:10C680002888F4F759FE08B9002038BD074C2088E7
:10C69000F4F752FE0028F7D02888238898422CBF50
:10C6A00000200120F1E700BF544E0020B4210020FB
:10C6B00010B50C4A0C4C002313700C4A23804FF623
:10C6C000FF7104F10C00638023716371A371A36097
:10C6D00011805180FDF70CFE04F12C00BDE81040E4
:10C6E000FDF706BE54480020C8470020BA210020AC
:10C6F000194B002210B504461A7081B91748F4F797
:10C70000EFFA05F013F901F0BFFF40B1144B1B78AD
:10C71000042B01D0072B02D1012005F0A4F8002C36
:10C72000104B0CBF032200221A719A79D10707D54A
:10C7300022F001029A712046BDE8104012F07EBB43
:10C740009B68204698472CB1204612F0FDFABDE8C0
:10C750001040ADE710BD00BF544800201448002031
:10C760003A480020C84700203C4B3D4A1B881288AD
:10C77000B3EB420F2DE9F04106DC3A493A4840F26A
:10C78000FF12FFF7EDFEFEE7384C394B61881B883E
:10C79000384E2366002938D133880833C3F3C707DE
:10C7A000384602F005FF608002F0D8FD3A46FF21CE
:10C7B000054615F03DFC2846FFF744FF0021A4F88C
:10C7C000640002F0F5FE208002F0C8FD2A4B1B88B1
:10C7D0000022318899421DD22088284E02F0BEFDE9
:10C7E0000021D4F860E0451E0A4643F23907B4F848
:10C7F0006430884603F1FF3CE04501F1010118DB9C
:10C800000AB1C4F860E0BDE8F081084602F0A6FD78
:10C810000546D0E7D90803F00707695C3941C90725
:10C8200044BF8354013203F1010348BF92B29BB26B
:10C83000CFE7A3EB08035A1EBEFBF2F302FB13E3A0
:10C840000B449BB206FB0E7CC25C15F801EF00F8AE
:10C8500003E02A702CF0004E0122C8E7B22100202C
:10C86000B0210020684A02008C4A0200C84700201C
:10C87000564E0020B4210020544E00206D4EC6417B
:10C8800010B5084CA379024613F0040008D1064BFA
:10C89000198805F006FC18B9A37943F00403A371C5
:10C8A00010BD00BFC8470020564E002010B5264CD2
:10C8B0002379022B06D02549254840F24322FFF771
:10C8C0004FFEFEE794F8663094F8672083B9B4F819
:10C8D0006430013B84F86630531C84F8673094F868
:10C8E0006730052B08D900213320BDE81040FFE652
:10C8F000013B84F86630F2E7208830B913491448C8
:10C9000040F25522FFF72CFEFEE702F043FDB4F89B
:10C910006430834206D00D490D4840F25622FFF79D
:10C920001FFEFEE7208802F019FD94F86630C05C17
:10C9300005F004F8074B00225988188805F074FBAD
:10C9400008B10021D1E710BDC8470020684A0200A5
:10C950008C4A0200BA210020F0B51D4C2379013B1E
:10C96000012B87B0054606D91A491B484FF41B72A4
:10C97000FFF7F6FDFEE728B10121084607B0BDE844
:10C98000F040B5E604F14C0004F14C07F4F7C6F9A9
:10C990000FCF01AE0FC63B68336028468DF80550B7
:10C9A0008DF80C5004F05FFF01A8F4F799F9237992
:10C9B000022B07D184F8665084F86750FFF776FFA2
:10C9C00007B0F0BDA37943F00803A371F8E700BFF7
:10C9D000C8470020684A02008C4A020030B585B082
:10C9E0000446084603A91546FDF790FD38B9CDE980
:10C9F0000000034603992A46204612F02EF805B09F
:10CA000030BD174B1B8810B533B91649164840F294
:10CA10006232FFF7A5FDFEE7144C6279511E012931
:10CA200006D91049104840F26332FFF799FDFEE73E
:10CA3000012A10D10E4A11880E4AA1EB430104F1DC
:10CA40002C00FFF7CBFF48B10649074840F2673298
:10CA5000FFF786FDFEE70323637110BD0223FBE7AA
:10CA6000B0210020684A02008C4A0200C84700201A
:10CA7000B221002003CA000037B5334C94F8683067
:10CA80009BB10023CDE900333049314A098804F1D4
:10CA90000C00FDF759FD30B12E492F4840F22932E4
:10CAA000FFF75EFDFEE784F86800208802F056FC80
:10CAB0006379023B012B054606D9264926484FF4E7
:10CAC0004D72FFF74DFDFEE7244B198859B1244AFA
:10CAD0002448FFF783FF68B31E491F484FF44E7286
:10CAE000FFF73EFDFEE70223637194F86630B4F869
:10CAF00064200133DBB29A4284F8663004BF00231D
:10CB000084F866302379052B04D094F86630E85C0D
:10CB100004F014FF2379042B0ED1A37913F0020F34
:10CB200010D00A4B10481988490803B0BDE83040BE
:10CB300001F0FDBF0123D7E7012B03D1A37913F047
:10CB4000080FEDE703B030BDC8470020B221002038
:10CB500079CA0000684A02008C4A0200B021002015
:10CB600003CA0000F447002054480020F8B5374CB1
:10CB7000074620880E4602F0F1FB054604F12C0022
:10CB8000FDF7B6FB04F10C00FDF7B2FB237984F846
:10CB90006670052B24D0E85D04F0D0FE4FF47A7364
:10CBA000B6FBF3F503FB1566B6F5FA7F05D3284A05
:10CBB00012886B1C934218BF1D46264B1988A94248
:10CBC0001ED9491B0123244A24486371FFF706FF3D
:10CBD00010B32349234840F20D32FFF7C1FCFEE7B2
:10CBE000B4F86430013BDBB20127E85C84F86930BB
:10CBF00084F86A7004F0A2FE3846FFF741FECDE7E4
:10CC0000134B1B88591AA94202D9491B0223DAE7A0
:10CC1000AB4213D903236371012384F868300C4BB2
:10CC2000114A19881148491BFFF7D8FE68B10C4911
:10CC30000C4840F21A32FFF793FCFEE70849094816
:10CC400040F20932FFF78CFCFEE7F8BDC847002030
:10CC5000B2210020B021002003CA0000F4470020C8
:10CC6000684A02008C4A020079CA0000D4470020BA
:10CC7000144B2DE9F0411D880835C5F3C7050F4653
:10CC8000E1B185421AD8104E0846FFF7DBFC347933
:10CC90008046ACB9A0B1738823B92146284602F07A
:10CCA00087FC7080708802F059FB2A46394615F0DF
:10CCB000F8F8A6F864802046BDE8F0810224FAE77F
:10CCC0007024F8E7B4210020C847002038B501F0EF
:10CCD000DBFC10B97024204638BD0D4D2C79002C9A
:10CCE000F8D1FFF7CBFC0028F4D001F08FFE01282B
:10CCF00008D1FFF739FD0021052308462B71FFF706
:10CD000035FFE8E701F082FE0528F2D0E2E700BF38
:10CD1000C8470020F8B5184B1B78063B012B074687
:10CD20000E4602D870252846F8BD144C2579002DF2
:10CD3000F8D1FFF7A3FC0028F4D04FF6FF739F4211
:10CD400018D09E4216D0FFF70FFD0D4B1F805E805E
:10CD5000A37943F00103A37104F10C0002232371B2
:10CD6000FDF7C6FA04F12C00FDF7C2FA054804F0FD
:10CD7000ADFCD8E70225D6E73A480020C847002096
:10CD8000BA21002059C9000008B5044B1B791BB11A
:10CD9000FFF78EFC002008BD7020FCE7C84700208C
:10CDA00080207047014B188802F0D8BAC84700208D
:10CDB000014B93F866007047C847002007B5094843
:10CDC00001A9FDF7E5FA0198FDF7F6FB064B1B8874
:10CDD000181A4FF47A73584300F5167003B05DF8D3
:10CDE00004FB00BFD4470020B2210020024B187979
:10CDF000003818BF01207047C847002010B5044C08
:10CE0000204602F0C3F8A01CBDE8104002F0BEB8F6
:10CE1000C8470020064B1A79033A012A06D85A79E6
:10CE2000022A03D09879C0F3800070470120704730
:10CE3000C847002010B52D4B2D4C00221A702379C5
:10CE4000013B032B4AD8DFE803F01623022F01F041
:10CE5000D9FB284B1B884FF6FF72934223D0E26E1A
:10CE60001344C01AB0F1004F1DD8332011F06CFFED
:10CE7000BDE810401CE4A37923F008021907A27151
:10CE800009D402232371002384F8663084F86730C4
:10CE9000BDE810400AE5184B00225988188805F0B3
:10CEA000C3F80028EDD110BDA3799A0712D523F05D
:10CEB00002030020A371FFF7E3FC104B0B481B8813
:10CEC0004FF47A7253430E4A1188BDE81040591A44
:10CED00001F02DBE43F00203A371E4E709490A48BB
:10CEE00040F24312FFF73CFBFEE700BF544800202E
:10CEF000C8470020AA210020BA210020AE2100202E
:10CF0000B2210020684A02008C4A0200034B1B79C0
:10CF1000042B01D10120B3E4704700BFC8470020B3
:10CF20000C4B1A79511E012912D818B90A4832211E
:10CF300001F0FDBD012A0AD102221A719A7922F06C
:10CF400008029A71002283F8662083F86720ADE416
:10CF5000704700BFC8470020544800202DE9F04129
:10CF60002A4F9DF81840079D1E463B79013B022B36
:10CF700049D8274B1A88824245D15B888B4242D1DF
:10CF8000DFF8A080F4F744FEB8F80030B34211D1C6
:10CF9000204B1B884FF47A725343B7F86420054442
:10CFA000013AAB4227D301F02DFB2946F866204613
:10CFB000FFF7DCFD3B79013B012B08D8B8F80000F6
:10CFC0000021B04214BF34200846FFF791FB124BFA
:10CFD0001B78042B17D0072B15D0B8F80030B342BC
:10CFE00011D10E4B0E481B884FF47A71BDE8F04109
:10CFF000594301F09CBD013494FBF2F102FB114452
:10D00000ED1AE4B2CDE7BDE8F08100BFC8470020CB
:10D01000BA210020B22100203A480020AA21002095
:10D0200054480020564E002070B5204CA37923F0C0
:10D030000403A3712379052B36D1208802F08EF9E1
:10D0400094F86950064655B1013DEDB284F8695037
:10D05000405D04F073FCBDE87040002010E4144A09
:10D0600094F86A3012789A420AD9013384F86A3007
:10D07000B4F86430013BDBB284F86930C05CE8E7A7
:10D08000042323710B4B0C481B884FF47A725343D3
:10D090000A4A1188591A01F04AFD94F86630F05C8A
:10D0A000BDE8704004F04ABC70BD00BFC847002016
:10D0B000E1210020AE21002054480020B2210020B0
:10D0C00038B50C4D2B7904460BB9002038BD01F062
:10D0D00099FAEB6EC01A084B1B884FF47A725343CF
:10D0E0009842F2D3AC60054801242C7104F0EEFAAA
:10D0F0002046EBE7C8470020AC21002059C90000BA
:10D10000802070472DE9F04F87B083460D461046CA
:10D11000002114461E469DF84080BDF84490DDF87D
:10D1200048A09DF84C7000F029FE3A4B1A78531E27
:10D13000012B05D9384939486A22FFF711FAFEE771
:10D14000374B1978FB070DD5884231D2354A03B2E7
:10D15000126803EB830302EB83039B7CD90603D4A1
:10D16000382022E0884223D200B200EB8000DFF8B2
:10D17000B4B083000593DBF8003003EB80039A7CA6
:10D1800052071ED5CDE90197CDF800A0434632469F
:10D190002146284600F038FC38B9059ADBF8003003
:10D1A00013449A7C42F008029A7407B0BDE8F08FED
:10D1B0004FF6FF718C422AD0022A13D1E4B9002223
:10D1C00004E04FF6FF72944221D01A89334621467B
:10D1D0002846CDE912A7CDE9108907B0BDE8F04F88
:10D1E00003F002B9204601F053F94FF6FF7188426F
:10D1F0000246EBD13720D8E78B45E0D000215846D6
:10D2000000F0BCFD064B1B788342D8D8F2E72246DB
:10D21000DCE700BF3A4800209E4A02008C4A020028
:10D22000DF210020CC20002010B50E4C92B000234E
:10D23000237001F029FA98B10B4B1B78022B0FD108
:10D240000DF1070102A800F0D3FE9DF8071002A817
:10D2500013F0AAF9054B19682046890201F067FC12
:10D2600012B010BD4C4800203A480020B8200020E1
:10D2700010B50D4B1B78022B044613D1002012F081
:10D28000F9FD020601D5E3070CD5FEF777F9642313
:10D29000B0FBF3F202FB1301BDE81040034889B272
:10D2A00001F045BC10BD00BF3A4800204C480020AA
:10D2B00038B50C4605460021204600F05FFDFF28EA
:10D2C00005D10B490B48DE22FFF74AF9FEE745B1CD
:10D2D000094B00B21B6800EB800003EB8003DB7C92
:10D2E0002BB920460021BDE8384000F051BE38BDC2
:10D2F0009E4A02008C4A0200CC20002038B50D4620
:10D300000021044600F03AFDFF2811D0094A03B27B
:10D31000126803EB830302EB83039B7CDA0601D5DF
:10D32000EB0705D520460021BDE8384000F030BEAF
:10D3300038BD00BFCC2000200346FF2B70B5084647
:10D3400005D118491848F922FFF70AF9FEE7174DE9
:10D350002A6803EB830302EB83029C0092F912100C
:10D36000937C00291CDA590700D570B1D17C16894D
:10D3700091B113F0100001D00FF014FC00F0010186
:10D38000304613F01FF908B1012070BD2B6823440B
:10D39000DA7C013ADA74F7E7304600F0F9FDF3E79A
:10D3A0000020F2E79E4A02008C4A0200CC200020B6
:10D3B00010B5044601F068F908B9702010BD204B83
:10D3C0001B785A1E012A06D81CB1237A9A1E012AFC
:10D3D00013D90220F2E7063B012BEED8002CF8D03F
:10D3E000237A9A1E012AF4D8032B20880CBF2146E9
:10D3F0000021BDE8104000F0CBBD022B0BBF208800
:10D40000214600214FF6FE7000F0B8FCFF280446CC
:10D41000D3D003B203EB83020A4B0B481B6803EB28
:10D4200082039A7C62F07F029A740822DA7401F017
:10D4300073FB00212046FFF77FFF0020BEE700BFFF
:10D440003A480020CC2000203C480020014B18889E
:10D45000704700BFC821002010B50E4A127803465D
:10D460000846511E012906D90B490C4840F22112E9
:10D47000FFF776F8FEE7012A094C03D100F00CFF14
:10D48000208010BD4FF6FF7222801946BDE8104083
:10D4900013F057B83A4800209E4A02008C4A020016
:10D4A000C821002038B5084B1B78022B04460D46D6
:10D4B00008D1002012F0DEFC020601D5EB0701D5F1
:10D4C000024B1C8038BD00BF3A480020C821002014
:10D4D000044B187828B9044B1B689B880BB1034B8D
:10D4E00018787047344F0020C8200020DE2100202B
:10D4F00070B593795B068EB00646144622D59088A7
:10D5000001F02CFFA37903F00F038DF80430002302
:10D510000993E3788DF82030054612F0F5FE0921D5
:10D52000ADF82800284612F0DFFD28440B9029466C
:10D530000DF1060012F0A9FE01A9304611F02EFCF3
:10D540000EB070BD0D8801F04FFA8542F8D1A37975
:10D550008DF80430A0882388ADF8063001F01AFF5A
:10D56000ADF80A00A08801F0F9FE6388039001A9D4
:10D570003046ADF8083011F0FFFBE1E72DE9F84F38
:10D580000546FFF7A5FF0026DFF8A480DFF8A4908A
:10D5900007463446F3B29F4201D8FF243EE0D8F854
:10D5A000003003EBC40221B29079400639D590884F
:10D5B00001F0D4FE95F808B0824612F079FC504490
:10D5C00002F040FCC0F3812083450AD099F8003076
:10D5D0000134E4B2B4FBF3F203FB1244E4B20136CB
:10D5E000D8E72B7A022B0ED02B7A032BEED1042115
:10D5F000504612F079FD08222946504414F0EEFC02
:10D600000028E3D10AE004215046B5F800B012F03A
:10D610006BFD504402F016FC8345E5D12046BDE881
:10D62000F88F33F831202B889A42CFD1F6E700BF2C
:10D63000C8200020DE2100202DE9F047FFF748FF39
:10D640000546002400F0DEFF35B9214B1D70214B4B
:10D65000FF221A70BDE8F0871F4BD3F800E01F4B84
:10D660001A681F4BA2EB000893F800C02746264615
:10D670004FF0FF3123465EF82390A0EB090A524594
:10D6800017D9C144894518D30133DBB20137B3FB45
:10D69000FCF90CFB19335FFA87F94D45DBB2EAD888
:10D6A0000EB10C4B1C7061B9BDE8F047084801F0A1
:10D6B00033BA1C4601260021E6E71C4649460126EE
:10D6C000E2E78A42C6D3BDE8F047014801F02FBA2D
:10D6D00044480020E4210020C0200020BC2000207D
:10D6E000DE2100202DE9F04F484B494F1A683C7865
:10D6F000DFF838A1DFF838B102EBC40387B09E79B8
:10D7000016F04003009301BF02238DF8143032F865
:10D710003030ADF80C303F4B1D780130691EC9B276
:10D72000B0FBF5F305FB1303DBB201919C4225D15D
:10D73000002C58D1013DECB202EBC40200239380CF
:10D74000354B3C701B78063B012B5AD9009B002BB4
:10D7500057D103A8FFF712FFFF2852D10099BDF857
:10D760000C0000F00BFB2D4B1B7883423ED82C495C
:10D770002C484FF4AC72FEF7F3FEFEE783BB019832
:10D7800052F8331042F8301002EBC30E02EBC00C1B
:10D79000DEF80410CCF80410DAF8001003EB830C68
:10D7A00000EB800901EB4C0851F81CC041F819C08E
:10D7B00001EB490ED8F804C0CEF804C0B8F8081040
:10D7C000AEF80810DBF8001051F8236041F8206033
:10D7D0000133DBB2B3FBF5F105FB1133DBB2A5E797
:10D7E000581EC0B2CCE7013CE4B2A5E70E4B00B234
:10D7F0001B6800EB800003EB80039A7C22F0080298
:10D800009A7407B0BDE8F04F16E700BFC8200020AB
:10D81000344F0020DE2100203A480020DF21002084
:10D82000C34A02008C4A0200CC200020C420002001
:10D83000C020002038B50D461446FFF79FFEFF2894
:10D840001AD00E4A03B2126802EBC30152F8332019
:10D850002A604A686A600A4A03EB8303116801EB95
:10D86000430251F8133023605368636013892381A6
:10D87000FFF738FF012038BD0020FCE7C82000205A
:10D88000C420002038B5074C074DFFF721FE00B932
:10D8900038BD226829684220FFF72AFE0020FFF7E2
:10D8A00021FFF2E7C8200020C4200020B0F1004F83
:10D8B0009DBF024B1860002002207047BC20002052
:10D8C00010B5074B1878074B1A68002304321C4622
:10D8D000D9B2884200D810BD22F833400133F7E7AF
:10D8E000DE210020C820002010B5114B114C002271
:10D8F0001A70114A237812789A4206D90F4A126890
:10D9000002EBC30219B293882BB90D490D485A2274
:10D91000FEF726FEFEE70C4B1B6801EB8101412060
:10D9200003EB4101FFF7E4FD2078BDE81040D9E6A4
:10D9300044480020E4210020DE210020C8200020EF
:10D94000C34A02008C4A0200C420002030B52D4B8F
:10D950001B78063B012B8DB0044629D8214606A82A
:10D9600012F03DFC09AA04A906A8FFF763FFC0B3A3
:10D97000BDF81450284601F0F1FC0446284601F099
:10D9800009FD9DF816209DF8131042F0040352067D
:10D9900029D5CDE90143002300901A464FF6FF70C8
:10D9A00003F0C6FDE8B104AA09A9FFF7A1FD18E03C
:10D9B00012F07EFA204402F045FA80130228CDD1FD
:10D9C0000621204612F090FB204402F03BFA002191
:10D9D00000F0D4F9FF2804D00121FFF7ADFC0028A6
:10D9E000BCD00DB030BDBDF81020CDE90010CDE9A0
:10D9F0000243BDF824009DF81230114602F0F4FCF9
:10DA0000D0E700BF3A4800202DE9F84FDFF8B8A072
:10DA10009DF830B01E460546FFF75AFD9AF80030D3
:10DA200083428846174643D0234B244C1A682178FA
:10DA30000A9802EBC109BDF82C10002201F03AFE51
:10DA40001D4BA9F804001A6894F8009002EBC90372
:10DA5000998879B322F839809F70DE7083F806B018
:10DA6000174B1E6800F0CEFD164B46F829002078B3
:10DA70001B681BF0400F00EB800012D00A9903EBEB
:10DA8000400012F0ACFB23789AF800200133B3FB7E
:10DA9000F2F102FB11332370FFF7CEFD0020BDE849
:10DAA000F88F03EB40020221117223F81050EAE7CD
:10DAB0003920F4E71820F2E7C8200020344F002076
:10DAC000C0200020C4200020DE21002008B5FFF780
:10DAD00055FDFF3818BF012008BD10B5044686B0BB
:10DAE00003AA01A92046FFF7A5FE08B906B010BD9C
:10DAF00001AA03A94220FFF7FBFCF1E7054B1B78C5
:10DB000033B9054B1B689888B0FA80F0400970471C
:10DB100000207047344F0020C820002070B5084D09
:10DB2000084E00242A78E3B29A4200D870BD3068CB
:10DB300000EBC300043001F029FA0134F2E700BF22
:10DB4000DE210020C82000201FB50E4B1B6800EB13
:10DB5000800203EB820304461A89D3F80A00D3F843
:10DB60000E109B7CADF80C2023F0080301AA03C221
:10DB70008DF80E3001AA0C2321460520FDF7E2F8AE
:10DB800004B010BDCC2000202DE9FF41134F3B68AD
:10DB900000EB800203EB82034FEA820802228DF839
:10DBA0000C209E7C1B89ADF80430044601A80D466C
:10DBB000FFF793FF3B68434406F002069A7C22F08D
:10DBC00001029A742046FFF7BFFF1EB115B120462F
:10DBD00000F0A2FB04B0BDE8F08100BFCC20002023
:10DBE00038B50A4D0A4B2A78186802EB8202920077
:10DBF000002114F01DFA00242B78E0B2834200D8F3
:10DC000038BDFFF7A1FF0134F6E700BFDF21002098
:10DC1000CC200020F8B500F0F5FC194B1F78194B0B
:10DC20001C684FF47A735C43174B1A6800254FF059
:10DC3000FF31EBB29F4206D84B1C1CD0BDE8F84028
:10DC4000124800F074BF937CDE070BD55E0609D442
:10DC50001E0607D41668A0EB060C644505D843F0F1
:10DC60004003937401351432E3E7231A3344994295
:10DC700028BF1946F6E7054B00221A70F8BD00BF11
:10DC8000DF210020D0200020CC2000203C480020B4
:10DC90002DE9FF41194F1A4E00253B78ECB2A34203
:10DCA00005D8184804B0BDE8F04100F035BF0C239A
:10DCB00001AA21460520FCF7F5FF9DF80E20D307A9
:10DCC00019D5D6F80080BDF80C1014235C4308EB7E
:10DCD000040322F0080219819A7401AA03CAC3F846
:10DCE0000A00C3F80E1000F08DFC336848F80400F9
:10DCF000234400225A600135CFE700BFDF21002016
:10DD0000CC2000203C480020F8B51A4E1A4D32684D
:10DD10002978002312321420DCB2A14210D800F07E
:10DD200071FC00222D7833681746FF24D6B2AE422C
:10DD30000ED3A5420AD900212046FFF725FF05E0B2
:10DD400000FB03F70133D75DFF07E5D42046F8BD9C
:10DD500093F912C0997CBCF1000F01DB490605D58F
:10DD60001968411AB94284BF0F4634460132143350
:10DD7000DCE700BFCC200020DF2100202DE9F843A4
:10DD8000104B93F80090104B1C6880460D460A34E7
:10DD90000027FEB2B14501D8FF2609E0237ADB0750
:10DDA0000DD545B108222146284614F017F930B99F
:10DDB0003046BDE8F88334F8023C4345F8D00137DB
:10DDC0001434E6E7DF210020CC2000202DE9F041CB
:10DDD000344B93F8008008F1FF33012B06460C46C4
:10DDE000174603D9A8F10603012B57D8002E57D0A8
:10DDF000337A9A1E012A53D8032B0CBF31460021D7
:10DE00003088FFF7BBFFB8F1010F054604D0FF2DA6
:10DE100009D1B620BDE8F081404612F02BF8030688
:10DE2000F5D5FF2D0CD014BBDFB11F4B2DB21B68F5
:10DE300005EB850503EB85039B7C03F03E030FE0B8
:10DE4000337A022BE5D100253188E8B200F0F6FAEA
:10DE500048B11CB100232360636023810FB12023EC
:10DE60003B700020D6E70135202DEDD1D1E72BB254
:10DE700003EB83020C4B1B6803EB8203327A022A0A
:10DE800009BFD3F80A201B892260D3F80E2015BFE2
:10DE900023800323022362602372C5E77020B9E761
:10DEA0000220B7E73A480020CC2000200A4608B5F7
:10DEB0000021FFF78BFF002818BF702008BD2DE957
:10DEC000FF4707464FF6FE700E461546FFF756FF12
:10DED000FF28044643D1FFF717FF0446294B1B7860
:10DEE000A3424DD9DFF8A49085F00801AA10D9F813
:10DEF00000A0C1F3C00123B202F0100242EA810285
:10DF000003EB830305F002054FEA83082A430AEB7B
:10DF1000830342F001029A741F813268C3F80A2019
:10DF20007268C3F80E2000F06DFBD9F800304AF893
:10DF30000800434400225A602046FFF705FED9F846
:10DF4000003043449B7C9B0702D5204600F0E4F957
:10DF50000D4800F0E1FD002004B0BDE8F0870B4A59
:10DF600002238DF80C30126803B203EB830302EB3B
:10DF7000830301A81B89ADF80430FFF7AEFDADE7C0
:10DF8000B420E9E7DF2100203C480020CC2000201D
:10DF900008B5FFF7F3FE074B1B78834207D9012131
:10DFA000FFF7F2FD044800F0B7FD002008BD702027
:10DFB000FCE700BFDF2100203C48002008B5FFF748
:10DFC000DDFE094B1B7883420CD9084B00B21B685D
:10DFD00000EB800003EB8003987C030754BFC0096B
:10DFE000012008BD0020FCE7DF210020CC2000201C
:10DFF0002DE9F8430024144FDFF858800C700646D2
:10E000000D464FF014093B782878E2B2934208D8C5
:10E01000402816D90D490E484FF4AF72FEF7A0FA0A
:10E02000FEE7D8F8003009FB02339A7CD20706D508
:10E030001989304401F00CFF2B7802332B70013426
:10E04000E1E7BDE8F88300BFDF210020E84A0200D5
:10E050008C4A0200CC20002073B50446002944D02D
:10E0600011F026FF204401F0EDFE801302280CD1B0
:10E070000621204612F038F8204401F0E3FE4FF666
:10E08000FF73984209D000210AE011F011FF2044EB
:10E0900001F0D8FE801303281DD04FF6FF706946AB
:10E0A000FFF76CFE1D4B1B78834234D91C4D00B228
:10E0B00000EB800084002E6800F0A4FA2B68305139
:10E0C000234418489A7C22F040029A7402B0BDE8BA
:10E0D000704000F021BD0621204612F005F82218FC
:10E0E000205851686B4603C3D7E711F0E1FE204486
:10E0F00001F0A8FEC0F38120022801D10421B8E775
:10E1000011F0D6FE204401F09DFEC0F381200328CB
:10E11000C3D10421E0E702B070BD00BFDF210020C1
:10E12000CC2000203C48002010B50C460021FFF711
:10E1300025FE0A4B1B7883420DD9094B00B21B68A0
:10E1400000EB800003EB80035A68A24203D801343D
:10E150005C60012010BD0020FCE700BFDF21002033
:10E16000CC200020034B1B6800EB800003EB8003F6
:10E1700018897047CC2000200E49096870B500EB63
:10E1800080020D4C01EB8201034600224FF6FF7521
:10E1900014F82200FF2807D0D0B2834208D0FF2B0A
:10E1A00002D00E89AE4203D00132202AF0D1FF20E6
:10E1B00070BD00BFCC2000205A4E00202DE9F8434E
:10E1C00006460F4615469846FFF7D6FFFF28DFF8AC
:10E1D000909033D1002419F82430FF2B2BD0013438
:10E1E000202CF8D1BDE8F88301F0D4F8284441464A
:10E1F00080B201F0DDF904460028F3D001F0AEF85A
:10E200008046708801F0AAF88146708801F0C2F853
:10E2100049460246404613F044FE204601F09EF86F
:10E220008046708801F0B6F82A463946404413F01B
:10E2300038FE7480D6E709F82460E0B28400B8F1B3
:10E24000000F04D109EB040670880028CCD100220D
:10E250002946384601F02EFA4C446080C2E700BFE0
:10E260005A4E00200023054AFF2019460133202B77
:10E270001070518002F10402F8D170475A4E00200C
:10E2800038B5044D00242819043400F07FFE802C9A
:10E29000F9D138BD5C4E00204FF6FF73984213B59C
:10E2A000044618D102230DF1060200210420FCF7D8
:10E2B000F9FCBDF806304FF6FC7293420BD80133DF
:10E2C000ADF806300DF10602022300210420FCF710
:10E2D00039FDBDF80640204602B010BD0B4B1B882F
:10E2E00007B52BB90A490B485C22FEF739F9FEE75E
:10E2F000013BADF806300DF1060202230021042097
:10E30000FCF720FD03B05DF804FB00BFA82100204E
:10E310000A4B02008C4A020010B50446FFF72CFF9E
:10E32000144A126804EB840102EB81020346927CDA
:10E3300012F001020BD0FF280F4A13D1002312F86C
:10E340002310FF290DD00133202BF8D110BDFF2859
:10E35000FCD0094BFF2103F8201003EB80035A8007
:10E36000F4E7DBB202F8234002EB83020023538080
:10E37000ECE700BFCC2000205A4E00202DE9F041F0
:10E380000F46002115461E46FFF7F8FCFF2813D064
:10E390000A4B04B21B6804EB840403EB84039B7CEC
:10E3A000990709D5DA0601D5FB0705D53246294676
:10E3B0000123BDE8F04101E7BDE8F081CC20002059
:10E3C0002DE9F7430C46002106461F46FFF7D6FC11
:10E3D000FF2805462DD0DFF8609002B2D9F8003052
:10E3E00002EB820203EB82034FEA82089B7C9907CF
:10E3F0001FD5DA0601D5FB071BD52046FFF74CFFDA
:10E400004FF6FF739842044613D0014601A801F06D
:10E410001FFD0023022201A92846FFF7CFFED9F8ED
:10E420000030434421469A7C3046C2F3001212F079
:10E43000A1F803B0BDE8F083CC200020F8B5134C60
:10E4400014F82030FF2B0F4601D10020F8BD04EB5B
:10E45000800460880028F8D000F080FF0025064680
:10E46000608800F097FFEAB2C0F34F008242ECD21E
:10E4700006EB42030135597816F8123003EB0123FD
:10E480009BB2BB42ECD10120E0E700BF5A4E002016
:10E4900038B500210446FFF771FCFF280FD1002595
:10E4A0002146E8B2FFF7CAFF58B1094B094A13F8F1
:10E4B0002530126803EB830302EB83031C8920469B
:10E4C00038BD0135202DEBD14FF6FF74F7E700BFC3
:10E4D0005A4E0020CC20002010B50FF030F8FCF789
:10E4E000EBFA10F0FF0415D10B4800F0B3FB0B4B17
:10E4F000187000F027FC00F0F1FC0EF075FCFFF73F
:10E50000DFF9FFF7AFFE012003F0D6F902F0FEFCC1
:10E5100004F044F8204610BD504B0200384800205B
:10E5200038B50B4D01F082FCF2F7B4FF287800F00B
:10E5300076FB0FF008F80446F2F7ACFB10B9287828
:10E5400000F0B8FB2046BDE838400FF002B800BF2D
:10E550003848002010B50EF0E5FCE0B1F2F7A1FB61
:10E56000044603F0DDF9C0B944F00404A4B2F2F7A4
:10E5700091FB10B144F00204A4B202F097FC10B178
:10E5800044F00804A4B2094B1B7813B144F0100402
:10E59000A4B2204610BD0124E3E703F0C1F902282C
:10E5A000E2D0034B1B78062BE1D1DDE74249002086
:10E5B000CA48002008B5F2F76DFB30B9BDE8084045
:10E5C00003484FF0FF3100F0F9BA002008BD00BF4A
:10E5D000504B020013B5044608B90DF10604FFF7CD
:10E5E000B9FF8307208007D105484FF0FF3102B003
:10E5F000BDE8104000F0E2BA002002B010BD00BF3C
:10E60000504B020007B5FBF74BFF6A46FCF714F8C6
:10E6100028B105490548D122FDF7A2FFFEE7009881
:10E6200003B05DF804FB00BF344B02008C4A0200CB
:10E63000014B187803F032B9BE21002008B50A4B0F
:10E640001B782BB109490A48E122FDF789FFFEE753
:10E6500003F066F9074B1870012003F004F9BDE8D8
:10E660000840F2F737BB00BFCA480020344B020015
:10E670008C4A0200BE210020024B587800F00F00A7
:10E68000704700BF38480020034B587800F00F0057
:10E69000831E584258417047384800202DE9FF4BEF
:10E6A000DDF830909DF834B004460D4690461E4685
:10E6B000FFF7EAFF002843D0224FBB78063B012B2F
:10E6C0003ED91EB9022004B0BDE8F08BB9F1000FAD
:10E6D000F8D00F29F6D81BF0010F17D1BB781A4FCD
:10E6E000013B012B0BF00F0B1AD8012011F0C2FBDC
:10E6F000030615D5CDE9029BCDE900862B46798826
:10E7000022464FF6FF70FEF7FDFCDCE70EF026FB1D
:10E710000528D7D10EF046FA0028DFD13820D2E7FD
:10E72000BA88CDE9029BCDE900864FF6FF718A4297
:10E7300008BF224678882B46214601F055FEC2E7E5
:10E740007020C0E738480020BE21002008B50246EE
:10E75000FFF79AFF48B1064B9B78052B05D182F055
:10E76000010003F080F8002008BD7020FCE700BF26
:10E77000384800202DE9F8431E460D4690460746CE
:10E7800011F0C8FB044611F093FB814611F0B6FB73
:10E79000214B81449B78A4EB0904A4B2002B39D00F
:10E7A000063B012B33D8631F9BB2BFB9AA1E012AB7
:10E7B00030D8B8F1000F01D0073CA3B2022D0CBF36
:10E7C000023B083B9CB236B10EF0C8FA052814BFD4
:10E7D000053C093CA4B22046BDE8F883022F0BD0CB
:10E7E000032F17D1AA1E012A14D8B8F1000F01D0A7
:10E7F000073CA3B2083B08E0AA1E012A0AD8B8F1D8
:10E80000000F01D0073CA3B2023B9BB2D6E70E3CFF
:10E81000A4B2D8E7FF24DEE7384800202DE9F04F06
:10E8200089B005469DF8486006938B461746F2F777
:10E83000CFFAC0B14FF400600DF052F90446002841
:10E8400000F0A080FFF720FF002800F09D80504BD3
:10E850009B78063B012B00F2978055B9022528468C
:10E8600009B0BDE8F08FF2F7C1FA0028E2D18020AC
:10E87000E2E7002FF2D0069B002BEFD0AB7C002B01
:10E88000ECD006F00103F10707934FD416F0080807
:10E8900004D0012011F0EEFA0306DFD52B7E002B09
:10E8A00055D0B5F814A06B7E002B54D0B5F8169057
:10E8B000079BA97C287ABAEB090218BF0122FFF74F
:10E8C00059FFB84262D3CDE9019506F00F060A352B
:10E8D0000023012231462046CDE903A7009511F01F
:10E8E00050FB0921204611F0FFFB06993A462044CF
:10E8F00013F0D7FA46F04006B8F1000F2FD011F010
:10E90000D7FA0546204611F0DEFA0544ADB24FF6BF
:10E91000FF71CDE9004502965B46FF220846FFF7EE
:10E9200073F8054620460DF0E3F898E72B7A002BA4
:10E9300094D016F0080804D0012011F09BFA0206CA
:10E940008CD50EF02FF90028A8D1382587E7114B78
:10E95000B3F806A0A7E70F4BB3F80690A8E711F0AD
:10E96000A7FA0546204611F0AEFA0544ADB2CDE94E
:10E97000014600954346424659464FF6FF7002F065
:10E98000D7FDCEE718256AE7702568E7742566E7A6
:10E9900038480020BE21002008B5FFF7DBFD10F04D
:10E9A000070F0CBF0120002008BD08B5FFF7D2FDFE
:10E9B000B0FA80F0400908BD10B5044600F0CEF969
:10E9C00008220146204613F009FBB0FA80F0400906
:10E9D00010BD014B187A7047BE210020014B187200
:10E9E00000207047BE210020014B5888704700BFAF
:10E9F000BE210020014B9888704700BFBE21002037
:10EA0000014BD888704700BFBE210020014B987889
:10EA1000704700BF3848002000F0A0B9014B588073
:10EA2000F2F702BCBE210020014BD880F2F712BCE5
:10EA3000BE210020064B0128987004D0062806BF8E
:10EA4000044B1878002000F00100F2F719BC00BF59
:10EA500038480020BD48002008B5064B02285870F1
:10EA600006D1FEF7E1FB9020BDE8084010F06CB93C
:10EA70009120F9E73848002010B51A4B86B05A8823
:10EA8000ADF81420DA889B88ADF81630164BADF837
:10EA90000C209B788DF81230062B044605D1134BC1
:10EAA0001B7813B186238DF8123002F0BAFAADF854
:10EAB000100002F0B4FA0C23ADF80E000DEB0302C7
:10EAC00000210320FCF73EF94CB12068616801ABDE
:10EAD00003C3082301AA00211846FCF733F906B046
:10EAE00010BD00BFBE21002038480020BD480020D6
:10EAF00038B5447845680EF026FD0C23634305497C
:10EB0000CA58521BB2F1004F98BFCD50BDE83840F3
:10EB10000EF01FBDB446002010B50446FFF772FD8D
:10EB20000423237060602046BDE81040E0E738B55C
:10EB300004460D46FFF766FD0123284423706060FC
:10EB40002046BDE83840D3E710B50378044663B1EA
:10EB5000042B01D1002010BDFFF754FD6368C21AD9
:10EB6000B2F1004FF6D9181AF5E74FF0FF30F2E78F
:10EB7000F8B50C4606461546FFF744FD01460DB1B3
:10EB8000FF232B702046002256F8323033B11F7815
:10EB900087B1042FD4B202D175B90020F8BD5B68EB
:10EBA000CF1AB7F1004FF7D95B1A984202D905B1D5
:10EBB0002C7018460132E7E72C70EEE70022FFF7D1
:10EBC000D7BF70B50446FFF71DFD06460EF0BBFC2F
:10EBD0006FF0004105466068FFF7F0FF30442060A9
:10EBE0002846BDE870400EF0B4BC70B50446FFF78F
:10EBF00009FD08340546042654F8080C70B1037862
:10EC000053B1042B04D04368EB1AB3F1004F03D87F
:10EC1000067054F8043C98470834EDE770BD38B5E9
:10EC20000446FFF7EFFC0C23094D6343EA18EB5849
:10EC3000C01AB0F1004F09D8506804EB4404FFF744
:10EC4000D4FF05EB8400BDE83840BAE738BD00BF0B
:10EC5000B446002010B5124A124914780978A1422E
:10EC6000034605D810491148EC22FDF779FCFEE770
:10EC7000611C11700E4A0C2104EB440002EB800071
:10EC800001FB0422012153601172083353F8082C50
:10EC900008330AB15470F9E7FFF793FF204610BD1F
:10ECA000354F0020DC490200B04B02008C4A0200C4
:10ECB000B446002070B5174E7378054623B90EF0A0
:10ECC0003EFC0024204670BD0EF046FC044630B9E0
:10ECD000114912484FF49272FDF742FCFEE7FFF72C
:10ECE00091FC0F4B0C2202FB053500222A7235786D
:10ECF000D1B28D42E6D91968461AB6F1004FDED975
:10ED00001E7A002EDBD1884202F1010203F10C03CE
:10ED1000EED1D4E7354F0020B04B02008C4A020000
:10ED2000B4460020034B0C2202FB003301221A726E
:10ED3000704700BFB4460020014B5870704700BFB9
:10ED4000354F00200348044A008808230021FCF7BF
:10ED5000D5B800BF68480200374F00200048704710
:10ED6000374F002028B1034B1B68C01A40100130F8
:10ED700080B270476048002030B1044B00F1004081
:10ED80001B68013803EB4000704700BF604800205B
:10ED90004088C0F30C000330800840000430704706
:10EDA00010B50346FFF7F4FF074A03EB400354682E
:10EDB0004FF6FF729C42184604D90188914203F134
:10EDC0000203F7D010BD00BF604800202DE9F843D2
:10EDD0001E4F3B8905468BB3B0F90230002B2DDB6B
:10EDE000DFF874801A49D8F8000013F050F820B901
:10EDF000184840F2CD11FCF7A1FBDFF8589000262F
:10EE00003A89B3B29A4204D840F2CF114846FCF78F
:10EE100095FBFB68D8F80010B2B203EBC20453F8BC
:10EE2000320068B943F83210A3880133A380284622
:10EE3000FFF7AEFFE38803EB4003E380BDE8F88310
:10EE400013F025F801360028DAD1EDE760480020FC
:10EE5000D64B0200E04B0200DC200020034BD3E93C
:10EE60000030C01AC0F34F00704700BF6048002058
:10EE7000024A136803EB4003536070476048002068
:10EE8000704710B5084CD4E900329A4204D20748C2
:10EE90004FF48071FCF752FBD4E90030C01A20F027
:10EEA000010080B210BD00BF60480020E04B0200AE
:10EEB00010B5084C626823699A4204D906484FF499
:10EEC0008371FCF73BFB20696368C01A20F00100E6
:10EED00080B210BD60480020E04B020008B50A4B2C
:10EEE0000A491B680A4A23F001030B4411601361AD
:10EEF0005160FFF7DDFF642805D8BDE808400548EC
:10EF0000F021FCF71BBB08BDD849020014370020D4
:10EF100060480020E04B020010B5084C22682369CD
:10EF20009A4204D306484FF48671FCF707FB206928
:10EF30002368C01A20F0010080B210BD6048002094
:10EF4000E04B0200054B1A68824205D85B68834299
:10EF500094BF0020012070470020704760480020C7
:10EF600008B520B1FFF7EEFF00F0010008BD012059
:10EF7000FAE7014B18607047DC200020014B024A81
:10EF80001A607047DC200020D64B02002DE9F041CA
:10EF90001D4B1B7D012B044624D10088FFF7ECFE9E
:10EFA0000546D8B1DFF8648004262C460EF0CBFA73
:10EFB00007462046FFF70AFF638843EA0803638099
:10EFC000A05BFFF7D9FE044638460EF0C2FA1CB12A
:10EFD000B4F90230002BE9DA062E01D1BDE8F08148
:10EFE0000626E2E7022BF9D10EF0ADFA02462088A0
:10EFF000FFF7C2FE18B10388C3F30E032380BDE8F8
:10F00000F04110460EF0A5BA604800200080FFFFD6
:10F010002DE9F04FAF4D95B000240646EC820EF07E
:10F0200092FA01232B752B8BADF80E30D5F80480A6
:10F030002C830EF08EFA2A89E868D200214612F05D
:10F04000F7FF0DF10E00FFF7A1FF002E36D1D5F826
:10F05000009000244FF0010AC14536D3002C36D170
:10F06000BAF1000FF3D02F68A4F50044B9463A4630
:10F07000424569D302230DF10E002B75FFF786FF81
:10F08000002E40F083802C6822464A4580F096800E
:10F090009088FFF771FE18B10388C3F30E039380C5
:10F0A000D088FFF769FE18B10388C3F30E03D3803D
:10F0B0001046FFF775FE0246E7E79847E3B20134D2
:10F0C00056F82330002BF8D1C1E7002C36D0013C94
:10F0D000E4B214AB03EB840353F8407CB7F902208D
:10F0E0007B88002AB8DA5A04B6D4BB4643F480437E
:10F0F0002BF8023F06373BF8020FFFF73DFED0B179
:10F10000B0F902C04188BCF1000F14DB6FEA414145
:10F110006FEA514141800190FFF758FE0F2C9FBFCD
:10F1200014AB03EB8401019B41F8403C9ABF0134CE
:10F13000E4B24FF0000ABB45DDD18DE74846FFF74A
:10F140002FFE4F468146C9E71046FFF721FEB2F970
:10F1500002301188002B824601EA040108DA3846A1
:10F16000FFF700FE014389B207EB4A0702EB4A09A9
:10F1700011801046FFF714FE024679E79847E3B284
:10F18000013456F82330002BF8D17CE70024F6E751
:10F190002046FFF705FE80467CB1B4F90230618855
:10F1A000002B0ADA2088C0F30E00FFF7E5FD844249
:10F1B00003462CD1C1F30D01618044464C45E7D391
:10F1C000DFF814810EF0BFF900210646404600F03A
:10F1D00074FCFFF7D1FD044600286FD030460EF0D6
:10F1E000B8F92046FFF7D4FD06463846FFF7BAFDCA
:10F1F0007600814632462146384612F0FFFE002254
:10F2000049460DF10E0000F0ECFB3744DAE71BD95C
:10F210002046FFF7BDFDC1F30D014200618092B2AF
:10F220002146184612F0EAFEC7E74046FFF7B8FD50
:10F230004646814503D9B0F90230002B01DA8046F9
:10F2400003E0FFF7ADFDF4E72646C14507D9B8F85E
:10F250000000C0F30E00FFF78FFD8045E5D35EB3DD
:10F260003088C0F30E00FFF787FD034638B9A24689
:10F27000B346564511D8A6429FD05E46EFE73046CA
:10F28000FFF786FD7288C2F30D027280420092B2CF
:10F290003146184612F0B2FEE9E75046FFF780FD0E
:10F2A000D346814503D9B0F90230002B01DA8246FA
:10F2B000DFE7FFF775FDF4E7B346DEE7BDF80E3094
:10F2C000287530462B836F600EF043F915B0BDE80A
:10F2D000F08F00BF604800207848002070B51A4CBD
:10F2E00014230846A8B02381C4F80CD0FFF790FE81
:10F2F000E2682089002302EBC0001946824213D144
:10F3000003EBC103D4E90012521A9BB222F00102AE
:10F31000934204D00D4840F20221FCF70FF900237C
:10F32000E360238128B070BD52F8085B002DE7D060
:10F3300032F8046C32F8025CA5EBC60531442B446C
:10F3400089B29BB2DAE700BF60480020E04B0200C0
:10F3500008B5FFF711FDBDE8084001E610B5044609
:10F3600008B9002010BDFFF7F3FF20B9084840F2AC
:10F37000C441FCF7E3F82046FFF7FEFC0028F0D07C
:10F380000388DB0B14BFD0F80A000830EAE700BF9F
:10F39000E04B020010B508B9002010BDFFF7ECFCEF
:10F3A0000446FFF7DDFD20B9074840F2DE41FCF7D7
:10F3B000C5F8002CF0D02388DB0B0ABF60882089B9
:10F3C000C0F30C00E9E700BFE04B02002DE9F0417B
:10F3D0000546FFF7D1FC0F460446D8B1FFF7C0FD44
:10F3E00020B9214840F2F141FCF7A8F82846FFF780
:10F3F000D1FF05462046FFF7D3FCBD42064609D0A3
:10F4000004D8194840F2F941FCF798F82588ED0B2B
:10F4100002D02781BDE8F08167802046FFF7B8FC65
:10F42000074604EB40080EF08EF8104B5A68B242C3
:10F430000AD1C3F804800EF08CF82A464046FF211A
:10F44000BDE8F04112F0F4BDA6EB0806B5B20EF02F
:10F4500080F8072DF1D90023083D44F81730C8F88B
:10F460000430A8F80250D5E7E04B020060480020C5
:10F47000F8B50746FFF780FC064638460D46FFF70D
:10F4800089FFA842044611D004D80F4840F2235106
:10F49000FCF754F856B13388641BDB0BA4B206D0DA
:10F4A000D6F80A3035812344C6F80A30F8BD38460C
:10F4B000FFF754FF2A46011912F0A0FD29463846ED
:10F4C000BDE8F840FFF782BFE04B020038B5FFF718
:10F4D00053FC0D46044650B1FFF742FD20B90448E5
:10F4E00040F23651FCF72AF8023534F8150038BDE1
:10F4F000E04B020070B5FFF73FFC0C461646054690
:10F50000B0B1FFF72DFD20B90D4840F24151FCF795
:10F5100015F83046FFF730FCFFF722FD20B9084808
:10F5200040F24251FCF70AF8023425F8146070BD2D
:10F53000BDE87040024840F24651FBF7FFBF00BFF4
:10F54000E04B020070B504460E4600250CB9284673
:10F5500070BD2046FFF71EFF314605442046FFF7E9
:10F56000B5FFADB20446F1E738B50C4DC41CEB69EC
:10F57000A408640023B10A4840F25B51FBF7DEFFA8
:10F580002A696B68D31AC3F34F03A34283BFA2EB6C
:10F590004402EA610120002038BD00BF604800201D
:10F5A000E04B0200014B0022DA6170476048002006
:10F5B0002DE9F047C41CA408DFF8A8A064000434B7
:10F5C000B0F5005FDAF8106081460F46A4B204D3AC
:10F5D000234840F27251FBF7B1FF0DF0B4FFDAF8A7
:10F5E0001C3080467BB9DAF80450761BC6F34F0610
:10F5F000B44224D9002540460DF0ABFF2846BDE8B3
:10F60000F047FFF7AFBB87B1DAF804505A1BC2F3DB
:10F610004F029442EED8620005EB4404CAF804405D
:10F620008FB91344CAF81C300DE0F61AC6F34F0622
:10F6300086B90B4840F28351FBF780FFDAE705EB10
:10F640004404CAF804400023A5F80290AB80EB8084
:10F650002B80D0E7B442CDD8DAF80450DBE700BF06
:10F66000E04B020060480020F8B506460D460A202F
:10F6700000211746FFF79CFF0446FFF77DFB60B1B2
:10F68000038807816FEA43436FEA5343C0F80A6077
:10F690000380C0F80E502046F8BD0446FBE708B5CD
:10F6A000FFF76AFB28B10388DB0B14BFD0F80E000C
:10F6B000184608BD70B50E46054611463046FFF7A0
:10F6C00077FF044635B128B1FFF748FE3246294698
:10F6D00012F094FC204670BD38B505460DF033FF9E
:10F6E000294604460022044800F07BF92046BDE884
:10F6F00038400DF02EBF00BF7848002038B50DF01F
:10F7000022FF00210546044800F0D7F904462846A8
:10F710000DF01FFF204638BD78480020024B188BA3
:10F72000B0FA80F04009704760480020014B002289
:10F730001A8370476048002010B5044648B112F0A3
:10F74000D0FB411C0022204689B2BDE81040FFF7E3
:10F75000B1BF10BD08B50146FFF7F4FB28B1BDE805
:10F760000840A1F10800FFF7FDBA08BD08B5FFF792
:10F7700003FB034638B1FFF70BFB03EB4000BDE88A
:10F780000840FFF7EFBA08BD38B50246FFF7F4FAB4
:10F790000546C0B10846FFF7EFFAFFF7F9FA6C88A3
:10F7A000C4F30C04013424F0010404EB40041046BB
:10F7B000FFF7DCFF8842A4B204D0034840F28D6119
:10F7C000FBF7BCFE6C8038BDE04B0200F8B5FFF7DC
:10F7D000D3FA0E46074668B34588C5F30C056C1C82
:10F7E0004B1C24F0010423F00103E41AA4B2FFF738
:10F7F000B7FBC0B18D421BD20F484FF4D561FBF768
:10F800009DFE082C16D9F31C9B08023307EB8300DE
:10F8100000227E8047F82320083C42604480BDE8F7
:10F82000F840FFF79FBA04484FF4D561FBF786FE16
:10F83000B542E6D10020F8BDE04B020037B50546E1
:10F840000068FFF787FFADF80600E8B1FFF794FA0C
:10F85000D0B10388DB0B04D00C4840F2C461FBF745
:10F860006DFE0DF10600FFF791FBBDF80600FFF7F6
:10F8700083FA0446FFF774FB20B9044840F2CA61DA
:10F88000FBF75CFE08342C6003B030BDE04B020097
:10F890002DE9F74F044600881F46FFF76DFA8846AA
:10F8A00015460646FFF75CFB20B9404840F2DA6196
:10F8B000FBF744FE3388DB0B009306D033892B44DF
:10F8C0003381002003B0BDE8F08F2088DFF8E0B07E
:10F8D000FFF760FD82463046FFF762FA01900DF0B7
:10F8E00032FEDBF80420019B9A4281461DD1FFF7CE
:10F8F000DFFA854204D948460DF02BFE1A20E1E7D5
:10F9000005EB0A0373803FB12088FFF727FD2A46E5
:10F910004146504412F0C5FA3046FFF741FACBF8A1
:10F92000040048460DF015FECBE70DF012FE2088CE
:10F93000FFF730FD2844009980B2FFF739FE0646F4
:10F940000028DBD0FFF70AFD81462088FFF706FD7F
:10F9500082462088FFF71EFD51460246484612F0B7
:10F96000A0FA3046AFB1FFF7F9FC07462088FFF751
:10F9700011FD2A464146384412F093FA01212088AD
:10F98000FFF7A4FD012102463046FFF7B3FD2680B4
:10F9900097E7FFF7E3FC80462088FFF7FBFC2A4649
:10F9A0003946404412F044FBE8E700BFE04B020058
:10F9B000604800200021FFF7FBBDFFF7E7BAFFF723
:10F9C000CDBCFFF7E7BCFFF773BA70470088B0FA09
:10F9D00080F040097047008810B1C9B2FFF776BDCA
:10F9E00070472DE9F041B0F8008006460C46D5B2CC
:10F9F000B8F1000F11D029464046FFF767FD2246B7
:10FA0000074629464046FFF775FD3A4629462046F7
:10FA1000FFF770FD3480BDE8F0810F46F5E738B59B
:10FA2000058800220446FFF7DCFF05B1258038BDBC
:10FA3000F8B507460D46008800211646FFF746FD3B
:10FA4000B042044605D129463846BDE8F840FFF7E4
:10FA5000E6BF00212046FFF739FDB04205D0204621
:10FA60000021FFF733FD0446F3E72A462046002134
:10FA7000FFF740FD324628460021BDE8F840FFF779
:10FA800039BD034608461B888B4202D00021FFF790
:10FA90001DBD0020704738B5044638B10021FFF77E
:10FAA0009AFF002301465D1C09B998B238BD204673
:10FAB000FFF7E7FF2B460146F5E7F8B5058807464F
:10FAC0007DB1CCB221462846FFF700FD85420646AF
:10FAD00009D100233B80002221463046FFF70AFD72
:10FAE00035462846F8BD2146FFF7F0FC2146024680
:10FAF0002846FFF7FFFCEEE72DE9F047078882462E
:10FB0000884614465FB33846FFF744FC3D46064638
:10FB1000E4B221462846FFF7D9FC4045814616D17C
:10FB20002146FFF7D3FC214602462846FFF7E2FCB8
:10FB3000474504D1454508BF0025AAF800500022DA
:10FB400021464046FFF7D6FC3046BDE8F0878742A5
:10FB5000FAD0FFF71FFC304486B24D46D9E73E4647
:10FB6000F2E72DE9F84307460E4690460C46BCB135
:10FB70003B88B3B141463846FFF72DFF8146FFF77A
:10FB800009FC8442054606D341463846641BFFF70C
:10FB900094FFA4B2EBE7051BA9B24846FFF768FC47
:10FBA0000024301B80B2BDE8F8832DE9F843B0F89B
:10FBB000009017460D4649B3B9F1000F05D1144B1B
:10FBC000144AF92114480CF035F84E465FFA83F8D0
:10FBD00041463046FFF77AFC0646FFF7DBFBA842BA
:10FBE00028BF284684B23046FFF7B8FB22460146BC
:10FBF000384627442C1BA5B212F000FA35B1B145A6
:10FC0000E6D1064B034A4FF48371DBE7BDE8F88386
:10FC10002D4C0200964C0200414C0200894C02001F
:10FC200070B50688054696B970BD20460121FFF7DC
:10FC30004DFC044601212046FFF748FC0028F4D182
:10FC4000324601212046FFF755FC2C80ECE7344674
:10FC5000F0E770B50688044656B101213046FFF73B
:10FC600035FC0022054601213046FFF743FC258084
:10FC700070BD2DE9F84F8946002107469246984607
:10FC8000FFF7A9FE002604460CB9254622E02046CF
:10FC9000FFF764FB05462046FFF77CFB05EB000BF6
:10FCA0005D450AD321463846FFF7EBFE0446EBE7F5
:10FCB0007B8801361D44B6B2F2E7BB88B342F1D966
:10FCC00051462846C8470028F2D0B8F1000F01D0AD
:10FCD000A8F800602846BDE8F88F2DE9F84F89465E
:10FCE000002180469246FFF776FE002604463746FE
:10FCF00014B93046BDE8F88F2046FFF72FFB0546C4
:10FD00002046FFF747FB05EB000B5D4505D3214679
:10FD10004046FFF7B6FE0446EAE7B8F80430BB42B7
:10FD2000F5D951462846C84708B10136B6B2B8F8E9
:10FD3000023001371D44BFB2E7E7F8B583888B4234
:10FD400006460F4601D80020F8BD0021FFF743FE0C
:10FD5000748814FB07F40546A4B2002DF3D028469E
:10FD6000FFF718FB844204D22846FFF7F7FA204435
:10FD7000EAE7241A29463046FFF783FEA4B2054677
:10FD8000EBE72DE9F0410F4600210646FFF723FE81
:10FD90004FF00008054615B94FF6FF7011E02846F0
:10FDA000FFF7DCFA04462846FFF7F4FABC420AD80B
:10FDB00023189F4207D2381B73884044B0FBF3F0EE
:10FDC00080B2BDE8F081404429461FFA80F83046F1
:10FDD000FFF757FE0546DEE7F8B5C68804460D4630
:10FDE00046B18188013E4B1C8380C680BDE8F84047
:10FDF000FFF7A3BF408810FB01F080B23146FFF748
:10FE0000D7FB074670B1324601462046FFF7E9FDB1
:10FE1000A388013D0133A380E5803846BDE8F84062
:10FE2000FFF79CBAF8BD00BF7047704708B5FFF7F1
:10FE3000FBFF0348FFF7ECF8FFF7F7FF08BD00BF33
:10FE4000C84C020000887047008840BA80B27047F2
:10FE50000170090A417070470B0A037041707047C6
:10FE600010B50024E3B210B9C3F10303DBB20134CF
:10FE7000042CCA544FEA1222F4D110BD10B50B78ED
:10FE80004C788A78C97828B9104622460446084634
:10FE90001946034642EA012043EA042343EA0040AC
:10FEA00010BD0144884201D10120704710F8013B88
:10FEB0009342F7D000207047013A0A4401380139D3
:10FEC0008A4200D1704712F8013900F8013FF7E784
:10FED00008B588B10023C25C4AB10133B3F5803F55
:10FEE000F9D1064906486722FCF73AFBFEE798B2CB
:10FEF0004FF6FF739842F4D008BD00BFF04C0200EB
:10FF00008C4A020010F8013B11F8012B13B9524240
:10FF100050B270479342F5D0981A40B270478B4266
:10FF2000F0B528BF0B4604460020C11D9942154676
:10FF3000264602DB98420BD3F0BD377829788F42F2
:10FF400004F1010402F10102F4D1083080B2ECE7BF
:10FF5000327829784A40D243D2B280242242EBD070
:10FF6000013080B283424FEA5404F7D1E4E7F8B598
:10FF7000C2F3C70402F00707224605460E4612F0F8
:10FF80003DF847B1325D295DFF233B4122EA030280
:10FF90000B4013432B55F8BD38B50A4C2378013B71
:10FFA0002370FEF727FD05460CF0FCFD01462846B0
:10FFB00010F012FB28B1201DC821BDE83840FEF723
:10FFC000B6BD38BD804800201FB50C2301AA002112
:10FFD0000320FAF767FEBDF80C004FF6FF73984256
:10FFE0003BD0FEF71BFDBDF804001D4CFEF71CFDC9
:10FFF0001C4BBDF80E20BDF808001A8001F09EFCD5
:020000021000EC
:10000000BDF9060001F0E7FC9DF80A00164AC30995
:1000100000F00F001370FEF70DFD0CF0DBFDFDF797
:1000200037FE2078042816D0C21F5042504101F0FC
:100030001AFC0220FEF710FD2078012808D10FF0ED
:1000400019FF030604D500214FF6FF7010F0A2FA45
:10005000002004B010BD0120E9E79320F9E700BFBC
:100060003A480020C2210020BD4800201FB50021D1
:1000700001AA0C234FF0FF340320CDE9014403947F
:10008000FAF760FE002000F0F8FA0020FEF7D2FC3C
:100090004FF6FE70FEF7C2FC4FF6FF70FEF7C4FC91
:1000A000044B01201C8001F0DEFB0020FEF7D4FC95
:1000B00004B010BDC221002008B5FEF7E5FA58B122
:1000C000064B1B78023B022B06D8054B08221A7000
:1000D000FFF762FF002008BD7020FCE73A480020CF
:1000E000804800202DE9F04186B01C46884617461E
:1000F00006460FF0DDFE2044FFF7A4FE05460FF094
:10010000D7FE2044FFF79EFEC5F3C005C0F34010A4
:1001100045EA400520468DF8045010F0F5F8042813
:1001200005D8294929488F22FCF71AFAFEE7092148
:1001300020460FF0D9FF235CDB0706D52146304669
:1001400010F0DFF906B0BDE8F0810B2120460FF07A
:10015000CBFF2044FFF776FE0546FEF745FC8542BF
:10016000F0D10A2120460FF0BFFF2044FFF76AFEBE
:100170000921ADF8060020460FF0B6FF235C2046AB
:100180001B118DF8083010F0BFF805380C21ADF8C0
:100190000A0020460FF0A8FF044403948DF809805C
:1001A0008DF81070FEF72EFA0446F1F753FD4FF468
:1001B0007A7300F5FA7001A9B0FBF3F0241A304607
:1001C00005940EF0D9FDBDE7174D02008C4A0200E0
:1001D0002DE9F04F06218BB004460FF085FF204437
:1001E000FFF730FE80460FF063FE2044FFF72AFE43
:1001F00005460FF05DFE2044FFF724FE83462046AF
:1002000010F02CFA002870D00B2120460FF06CFF64
:100210002044FFF717FE0A21814620460FF064FFB5
:100220002044FFF70FFE594F0646092120460FF0E4
:100230005BFF3B7814F800A0013B012B4AD9092150
:1002400020460FF051FF235CCBF3401BC5F3C005E4
:10025000DA0745EA4B054BD4204610F007FA002890
:1002600043D0FEF7C1FBB0424FEA1A1A49D1FEF75C
:10027000C1FB404570D120468DF81450ADF8169062
:100280008DF818A010F040F805380C21ADF81A00D0
:1002900020460FF029FF20440790F1F70DFD8DF85F
:1002A0001900F1F725FD8DF82400FEF7ABF904469F
:1002B000F1F7AEFC4FF47A73012100F5FA70B0FB50
:1002C000F3F0241A1020089402F070F905A80EF03B
:1002D0005DFD0AE000214046FDF750FDFF28AED04D
:1002E0000021FDF729F80028A9D00BB0BDE8F08F58
:1002F0002B463246494620460BB0BDE8F04F10F081
:100300009CB84FF6FF739E42B1D03B78052B04D1C9
:10031000304600F003FE0028A9D13B78013B012BB9
:1003200017D820460FF0F0FF0C21074620460FF0AB
:10033000DBFE053F04440023BFB200930395029403
:1003400001975346324649464046FCF7DBFE0028FB
:10035000CBD00121122013E03B78052B8BD0013B41
:10036000012B0BD801200FF085FD030683D500215A
:100370004046FDF703FDFF287FF47DAF01211120EA
:100380000BB0BDE8F04F02F011B900BF3A480020B1
:1003900038B50A4B1B78023B022B05460C460CD89D
:1003A000FEF728FBA84208D10CF0FCFB08B1E307DC
:1003B00003D5BDE83840FFF759BE38BD3A480020A4
:1003C000034B00221A711B7803B1E5E5FFF74EBE1F
:1003D0008048002018B1034B1B7803B1DCE5FFF720
:1003E00045BE00BF804800202DE9F04387B0894614
:1003F0009DF84470BDF83C600221804614461D46BD
:10040000002207F001030846FEF7B4F9B0421ED3FC
:100410002A464346012104A8CDF800900FF051FE72
:100420000C4B10991B780297063B012B98BF0022BA
:10043000CDE9006198BF13469DF8381084BF0522AE
:1004400004AB204601F074F807B0BDE8F0837420D7
:10045000FAE700BF3A48002010B50446FCF7C6FC96
:1004600028B1B4F90200BDE8104001F0B4BAA08888
:10047000F0F76EFF0028F4D010BDF7B51D46184BFD
:10048000089C0F46164600221A701A72FEF7D2FA1E
:100490003846FEF7C3FA3046FEF7C6FA114B1D8008
:1004A00024B94FF0FF33CDE900336C462046FEF708
:1004B000E3FAFDF713FFFDF793FB0CF05FFB0A4B2C
:1004C0001878042809D0C31F5842584101F0CBF9CD
:1004D0000220FEF7C1FA03B0F0BD0120F6E700BF2D
:1004E0008C480020C22100203A48002010B50A4A5A
:1004F0000023137082F828301372084A04464FF61E
:10050000FF701370FEF790FA012001F0ACF920465D
:10051000BDE810400EF018BC8C480020394800207F
:100520002DE9F84F06468A4601464FF6FE70994679
:100530001746DDF828B01E4CFDF720FC8046608D84
:10054000FEF728FF84F824A03368E3617368236210
:10055000184B1B78063B012B054604F11C0A04D8F6
:10056000042384F82830BDE8F88F60B1484501D9EC
:100570000723F6E7608DFEF7F1FE2A46594611F093
:100580002DFD0028F4D1B8F1FF0F0ED1FDF7BCFB13
:10059000FF2801D10623E4E7032384F828303946F5
:1005A0005046BDE8F84FFCF757BF0523D9E700BF19
:1005B0008C4800203A48002037B5114B114A1B786F
:1005C00012781343054615D101200FF053FC0306A2
:1005D00012D59DB12846FFF73FFF044638B9009079
:1005E00001462A884FF6FF730120FFF746FF204699
:1005F00003B030BD7024FAE7B524F8E70224F6E72B
:1006000039480020424900202DE9F3411746174A96
:100610001278831F05460E46DBB222B170242046B5
:1006200002B0BDE8F081012B0BD90528F6D14FF6B9
:10063000FE739942F2D04FF6FF78464506D1022468
:10064000EDE7FCF7D3FB0028F5D0E7E7002FF6D065
:100650003846FFF701FF04460028E0D100903A88B1
:10066000434631462846FFF708FFD8E739480020BF
:10067000024600210620FFF7C7BF08B5104B002235
:100680001A70104A1278022A18D10F4A1278511E95
:10069000012902D9063A012A10D818B983F82C008A
:1006A000002008BD0121FF2883F82C10F8D001EBB1
:1006B000800109020248FEF73AFAF1E77020F0E7FC
:1006C0008C480020394800203A48002038B50546BB
:1006D0000C4679B110280DD80021FEF769FF074AB2
:1006E000D08548B1FEF73AFE2A46214611F0D9FBE3
:1006F000002038BD0220FCE71820FAE78C480020D3
:1007000038B505460C4679B132280DD80021FEF7E0
:100710004FFF074A508548B1FEF720FE2A46214682
:1007200011F0BFFB002038BD0220FCE71820FAE7DB
:100730008C480020014B0020588570478C480020D1
:1007400008B501F0CBFD18B9024B022283F8302026
:1007500008BD00BF8C48002008B5084A1278062A58
:1007600009D1074A82F83100F0F78AFD0020FEF730
:1007700083F9002008BD7020FCE700BF3A48002044
:100780008C4800201FB5194C0023237294F82830A0
:10079000012B21D103238DF80C30FEF73DF90246E1
:1007A00000685168628B01AB03C304F1100101A81A
:1007B00001F006FCF0F704FE4FF4F04358434FF409
:1007C0007A71B0FBF1F104F10800FEF7B0F90223F1
:1007D00084F8283004B010BD054B1B78012BF9D1EB
:1007E000962004B0BDE8104080E600BF8C48002091
:1007F000394800200020FFF740BF2DE9F341504C5D
:1008000094F83050FDF740FF30B14E4B1878042873
:100810000ED0C21F5042504101F025F894F83030FC
:1008200043B94949494840F28912FBF799FEFEE76E
:100830000120F1E7002315F0020584F8303004D0E0
:1008400002B0BDE8F0410EF0E5BA237E002B71D076
:100850003C4EE38C317884F824508A1F012A0BD84F
:100860004FF6FE729B1A18BF012307294FEAC313E4
:100870004ED184F8243009E04FF6FF704A1E8342BF
:10088000D2B23FD0012A41D9042945D100200FF02E
:10089000F1FA030648BF94F82430608B44BF43F05C
:1008A000400384F82430FEF7BFF83378063B012B71
:1008B00037D9608DFEF76EFD10B194F8293023B959
:1008C000E28C4FF6FD739A422BD894F82900668B80
:1008D00094F82470B4F8268048B1608DFEF75AFD74
:1008E000C5B294F8290010B1608DFEF737FDCDE94F
:1008F0000050434616483A46314601F0C3FA02B06A
:10090000BDE8F081802384F82430BBE794F82430DC
:1009100043F0020384F8243094F8243043F00803B1
:10092000A7E794F82420618B094802B0BDE8F041A4
:1009300001F070BAAB2002B0BDE8F041D6E500BFCF
:100940008C4800203A480020354D02008C4A0200B5
:100950009C4800202DE9F843DFF8E4801646364A2B
:1009600098F800301278134305460F4603D07024E0
:100970002046BDE8F883841FE4B2FCF737FA58B18B
:10098000022DF4D0012CF2D926B1AB1E052B01D8D3
:10099000052D4CD10224EBE7002EFBD0AB1E052B1E
:1009A000F8D8052DF6D0012C0CD94FF6FE739F42D6
:1009B000F0D0022D0AD101200FF05CFA030605D415
:1009C000B524D5E74FF6FD739F42E3D93046FFF7D4
:1009D00043FD04460028CBD100F045FFF1F7A4F910
:1009E00018BB4FF001092846144D88F80090FEF717
:1009F00021F833886B832C76EF8485F83090FCF7F0
:100A0000F5F928B102232B762C82FFF7F6FEAFE72B
:100A1000B08801F063FC06460028A9D0922085F832
:100A20003040FFF763FD3446A2E78E24A0E74FF67F
:100A3000FE739F42AED0C9E7424900208C48002097
:100A4000394800200A464FF6FF71FFF783BF2DE9B2
:100A5000F04F09218BB004460FF046FB04EB000970
:100A600020460FF051FC0521054620460FF03CFBC7
:100A70002044FFF7E7F980464846FFF7E3F90DF118
:100A80001B01074620460FF079FC064648B3214675
:100A900007A80FF0A4FB354B1B78A3F1060B5FFAF8
:100AA0008BFBBBF1010F0FFA87FA1DD8304A92F881
:100AB000302091072FD59DF81B4000231E44F1F7ED
:100AC000FBF89DF81B30CDF80490ED1AEDB202460C
:100AD000CDE9024600954FEADA7307A940460EF0C9
:100AE0006FF90BB0BDE8F08F9DF81B4005930D2CFE
:100AF000F7D920480E22314611F070FA0028F0D1C3
:100B00001B4A059B92F8302012F0020F03D00E3CD6
:100B1000E4B20E23D2E7D207E3D5174A1278012AAE
:100B2000DFD1134A518B4145DBD1BAF1000FD8DA3E
:100B30009DF82410022902D1BDF81C1029B1033BF5
:100B4000012B0ED8137E002BCBD107AB03CB0B4C64
:100B50001B881061C7F340376160238182F82970D8
:100B6000BFE7BBF1010FF0D9BBE700BF3A48002057
:100B70008C480020574D0200394800209C48002036
:100B800070B50C4E0C4CF08D002386F834300B4BB6
:100B90001B78063B012B98BF0024FEF7DFFB0546C0
:100BA000F08DFEF7F7FB2946C2B22046BDE8704043
:100BB00001F086B88C480020574D02003A480020CA
:100BC00010B5FDF761FDF8B1104B1B785A1E012AD4
:100BD00002D9063B012B17D8FDF706FF4FF6FF732E
:100BE000984211D00A4C94F834306BB9FAF7C6FC2D
:100BF0003223B0FBF3F202FB130189B204F134009B
:100C0000BDE81040FDF793BF10BD00BF3A4800207B
:100C10008C48002037B50D4B1B785A1E012A04461C
:100C20000D4602D9063B012B0ED8FDF72DFD58B11C
:100C3000074B93F82C303BB1002300934FF6FF7223
:100C400029462046FFF76CFC03B030BD3A4800202F
:100C50008C4800202DE9F0471E46124B9DF820706D
:100C60001B78BDF82480DDF82890013B012B044659
:100C7000154615D8FDF708FD90B10B4B93F82C30B5
:100C800043B1CDF820904346324629462046BDE880
:100C9000F04745E40BF086FF0028F2D0002FF0D19A
:100CA000BDE8F0873A4800208C48002008B590B98C
:100CB0000B4B1B78063B012B07D80A48FDF72CFF8E
:100CC000094B012283F8282008BD06484FF4FA7129
:100CD000FDF72DFFF4E7BDE80840962006E400BFCD
:100CE0003A480020944800208C480020FFF7DEBFDF
:100CF00073B5124B1B78012B06460C460CD1B1B9CB
:100D00000F4DFDF783FE297E6A8B022906D12B8ABF
:100D100000943146FFF7B1FB02B070BD032905F125
:100D200010054FF6FE730CBF2C460024F0E795200B
:100D300002B0BDE87040FFF7D9BB00BF39480020C2
:100D40008C48002008B5074B014693F8280038B1BD
:100D5000082203F11C0011F041F9B0FA80F04009BB
:100D600008BD00BF8C4800202DE9F34104460FF078
:100D70009FF82044FFF766F88013032804D000276B
:100D8000384602B0BDE8F081062120460FF0ACF9EC
:100D90002218205851686B4603C36846FFF7D2FFFC
:100DA00007460028EBD03C4E96F82830072B4DD054
:100DB000032B20D1FCF74AFB4FF6FF739842044601
:100DC00044D096F8242006F11C01FDF778F8051EA2
:100DD00018BF0125314B96F824201B789107A3F109
:100DE0000603DBB23CD5012B88BF4FF0020898BF49
:100DF0004FF006083CE0042B0CD196F92430002B70
:100E000028DA4FF6FD75FAF7B9FBA8420446FAD87E
:100E10000025DFE7052B21D169464FF6FE70FCF770
:100E2000ADFFFF2812D0FDF79DF996F8242006F1BA
:100E30001C010446FDF743F805460028CAD01849AE
:100E4000184840F2DB22FBF78BFBFEE702254FF64A
:100E5000FF74BFE700254FF6FE74BBE70125F6E7F8
:100E6000120713D4022B34BF4FF007084FF00408C9
:100E70000D482A46214601F05BF81DB9214640463F
:100E80000DF06AFF002386F8283079E7012B88BF30
:100E90004FF00308ABE700BF8C4800203A48002021
:100EA000354D02008C4A0200A8480020024B1878F9
:100EB000431E5842584170473948002010B5054C30
:100EC00004F12E00FEF762F804F12A00BDE810409C
:100ED000FEF75CB88C480020012908B508D8054AFF
:100EE00022F811000131C9B2EFF730FF002008BD30
:100EF0000220FCE7DA4E002001289ABF024B33F8AB
:100F000010004FF6FF707047DA4E0020024B4FF68C
:100F1000FF721A805A807047DA4E0020054B1A88FB
:100F2000824204D05B881B1A584258417047012006
:100F3000704700BFDA4E00200148FDF7EDBD00BF4D
:100F40000C4900202DE9F04F8FB092469DF8644087
:100F5000DDF860902B4D4FF6FF721F46904204F073
:100F6000400380460E4608BF04F0FD047BB1A8682C
:100F70003A46494610F095FF84F02001A8682C738A
:100F8000C1F340110FB0BDE8F04FEFF75BBE4FF07B
:100F9000020B07938DF828B0FDF726FD8DF834B0CD
:100FA000ADF82C80D5F808B0ADF82000FDF728FD8D
:100FB0008046FDF725FDF21992B2CDE9030208AA99
:100FC000CDE901820BAA0092079B012221465846D7
:100FD0000EF0D7FF56B1D5F80880092140460FF032
:100FE00083F832465146404410F05BFFD5F8088044
:100FF000092140460FF078F830443A4649464044CB
:10100000B8E700BF0C49002038B50D46F0F762F98B
:10101000044610B90DB1FDF72FFD204638BDF0F79D
:1010200065B9F0F769B9F0F76DB90128034604D83E
:10103000044A507B18B993737047022070477020A0
:10104000704700BF0C4900200B4B1B78063B012B5F
:101050000DD870B1037A023B012B0AD8074B026806
:101060001A6142685A6102891A8300207047702011
:1010700070470220704700BF3A4800200C4900200A
:1010800010B5134CA47E86B0FCB98DF80730BDF8BE
:101090002030ADF80830BDF82430ADF80A309DF8A6
:1010A00028308DF80C300B9B8DF80400049301A8B8
:1010B000BDF830308DF805108DF80620ADF81430ED
:1010C000EFF70EFE204606B010BD3E20FBE700BF46
:1010D0000C49002013B5174B1B78063B012B044627
:1010E00024D828B3FDF786FC4FF6FF73984204D14D
:1010F00000232372002002B010BDFDF77BFC4FF6E9
:10110000FE7398420CD10823002118466A46F9F76D
:10111000C9FD032323726B4603CB20606160E9E7BE
:1011200002232372FDF766FC2080E3E77020E2E7EC
:101130000220E0E73A48002010B58AB0FDF7A4FA93
:1011400010B970200AB010BD254C2378DA1E012A90
:1011500026D8FDF749FC4FF6FE7398422DD10323A4
:101160008DF80C30FDF758FC02460068516801AB61
:1011700003C32378063B012B29D89DF8243023B3E1
:1011800007AA10685168128904AB03C31A80FDF7DF
:1011900037FC04A9024601A800F012FF0020D1E7A5
:1011A000063B012BCDD807A8FFF794FF0D4B9DF808
:1011B00024201B7E1343CCD1C3E702238DF80C30CF
:1011C000FDF712FCADF80400D3E7074AD9E7022384
:1011D0008DF81830FDF70EFCADF81000D7E700BF12
:1011E0003A4800200C4900201C49002003460846CC
:1011F00001B10B60F0F7A0BD0020F0F79DBDF0F746
:10120000C3BDF0F7D7BD014BD86970470C4900202A
:1012100070B58CB004460EF04BFE2044FEF712FE73
:1012200000F007060EF044FE2044FEF70BFEC0F36C
:101230008120022837D1042120460EF055FF20449A
:10124000FEF700FE4FF6FF7398422CD101210320D8
:1012500001F0ACF90EF02CFE2044FEF7F3FD03077D
:1012600026D5072120460EF03FFF235C03F007033D
:10127000052B04D0484B1B78063B012B18D8012EB8
:1012800014D1454B19780639012994BF0021012159
:1012900020460BF0B1FC58B101210E200CB0BDE886
:1012A000704001F083B901210220D1E70021EFE76E
:1012B00001212046FCF7D0FE012E58D1FDF7E4F9BC
:1012C00000284CD0344B1B78063B012B49D80EF03C
:1012D000EFFD2044FEF7B6FD00F008050EF0E8FD36
:1012E0002044FEF7AFFD2B1E18BF0123C0F34010B2
:1012F00043EA40038DF80030F0F7DEFC8DF81C0067
:10130000F0F7F6FC8DF81D0045B1082120460EF0DF
:10131000EBFE21183046FEF7B1FD05460895FDF7B6
:1013200071F90546F0F774FC4FF47A7300F5FA7022
:10133000B0FBF3F02D1A20460B950EF0E5FF0921C6
:10134000ADF8240020460EF0CFFE20440A9021463E
:101350000DF102000EF099FF68460DF029FD0CB06A
:1013600070BD20460CB0BDE87040FEF731BF032EC3
:101370000AD120460FF03AF90028F0D020460CB0F0
:10138000BDE8704000F060BB002EE8D120460CB0F4
:10139000BDE87040FFF75BBB3A4800202DE9F04301
:1013A0008FB014460F4605460EF082FD2044FEF72E
:1013B00049FD00F007080EF07BFD2044FEF742FDDA
:1013C00081460EF075FD2044FEF73CFDC0F3812000
:1013D000022820D1042120460EF086FE2044FEF78C
:1013E00031FD4FF6FF73C21A564256410EF060FDB2
:1013F0002044FEF727FD03070FD5352D1BD0002114
:1014000020460BF0F9FB40B1454946484FF4DD72E8
:10141000FBF7A6F8FEE70026E8E709F02000002D1C
:101420004DD100285AD00121052001F0BFF82946EE
:101430002046FCF711FEB8F1010F66D13A4B3B4E46
:101440001B78063B012B56D8337B03F00F0213F0B9
:1014500001008DF8042007D0082120460EF044FE3C
:1014600021184046FEF70AFD099020460EF04CFF79
:101470000921ADF8280020460EF036FE96F82030FF
:101480008DF8203020440B908DF83070FDF7BAF8BD
:101490000646F0F7DFFB4FF47A73214600F5FA7049
:1014A000B0FBF3F0361A0DF106000D960EF0EDFECE
:1014B00001A928460DF072FC0FB0BDE8F083312D74
:1014C00006D08D2D10D0402DB5D10121062002E08F
:1014D00020B10121052001F069F8ACE701210EB12E
:1014E0000920F8E70420F6E7002E4FF001010CBFB9
:1014F00007200A20EFE796F8201023463A462846B0
:101500000FB0BDE8F043FEF7EDBDB8F1030FD3D146
:10151000214628460FB0BDE8F04300F061BB00BF94
:10152000284E02008C4A02003A4800200C49002054
:101530002DE9FF47044602201F46BDF83090DDF834
:1015400034A09DF838800D4616460EF093FC030635
:1015500002D518F0800F11D0114B1B78F3B9114B45
:101560003A4683F820503146CDE900A84B46204644
:10157000FFF7E8FC002004B0BDE8F087CDE901A842
:10158000CDF800903B463246294620460BF040FC01
:101590000028F0D10348FDF7BFFAEBE78C20EAE71B
:1015A000CA4800200C49002010B53D4B1B7888B07C
:1015B000002B6BD1FBF72EFC28B93A4808B0BDE8E8
:1015C0001040FDF7A9BA374C94F82130DB0709D554
:1015D000354B1878EFF76AFE94F8213023F00103B9
:1015E00084F8213094F82130980714D594F822001B
:1015F000EFF7AEFE94F8213023F00202190784F8C9
:10160000212008D50020FDF737FA94F8213023F087
:10161000080384F8213094F821305A070BD523F0C1
:10162000040384F821300123A376636A002008B004
:10163000BDE810401847A37E43BB0BF073FC38BBDA
:101640001A4B1B78042B01D0072B03D11848FBF74A
:1016500037FDD8B903A80BF079FC30B91549164805
:101660004FF41A72FAF77CFFFEE79DF8113084F808
:1016700020309DF80C3001930022059B0093BDF8AB
:101680000E00BDF812301146FFF75CFC08B010BD2B
:10169000A37E002BFAD108B0BDE81040EFF774BE6E
:1016A000CA4800200C490020E52100203A480020CB
:1016B000390F0100284E02008C4A0200024B002222
:1016C0001A70FFF771BF00BF0C4900200246124894
:1016D000837E10B51BB990F82130590703D501203E
:1016E0009047002008E00D49097831B95BB9012421
:1016F000847618469047204610BD43F004034262AA
:1017000080F82130EDE743F00403426280F8213095
:10171000FDF702FAE5E700BF0C490020CA480020A7
:101720000248837E0BB9FDF7F7B970470C490020DA
:1017300010B5164A037A1278063A012A04460ED8E2
:10174000032B08D1FFF7FEFAE0B92046FCF7BEF9FB
:1017500000F0010010BDBDE81040FCF7B7B9022B46
:1017600005D1BDE8104000880021FCF727BC032B01
:101770000AD1FFF7E7FA28B921464FF6FE70FCF7C9
:101780001DFCE5E70120E3E70020E3E73A480020FD
:10179000F0B585B004460EF08BFB2044FEF752FBFB
:1017A00000F007070EF084FB2044FEF74BFB274BAD
:1017B00006461FBB93F828500135EDB283F8285038
:1017C0000EF076FB2044857001A821460EF031FD15
:1017D00001A8FFF7ADFF38B10EF06AFB46F010012B
:1017E00089B22044FEF734FB0EF062FB2044FEF782
:1017F00029FB030712D4002005B0F0BD93F829504F
:101800000135EDB283F829500EF052FB2044032F2E
:101810008570D9D1204600F009FAD5E70721204686
:101820000EF062FC451C0BF0C5F925440246294622
:101830000120FEF715FB20460BF0DCF90028DAD07A
:101840000B20012100F0B2FE3520D5E70C49002025
:101850001FB5014601A80EF0C2FC01A8FFF768FF02
:1018600005B05DF804FB0A4A117881420ED0094B9D
:1018700010701B780BB9EFF719BD074890F82130AD
:1018800043F0010380F82130FDF746B9704700BFEF
:10189000E5210020CA4800200C49002010B5044B67
:1018A00000241C70FFF7DFFF024B1C7010BD00BF4F
:1018B0000C490020CA48002038B5164C0023237676
:1018C0000546EFF79DFEF9F759FE84F82900F9F770
:1018D00055FE84F828002846FFF7E0FFA368ABB95F
:1018E000EFF776FA60B14FF400600AF0F9F8A06003
:1018F00060B90949094840F26912FAF731FEFEE77A
:10190000EFF774FA0028EED18020EEE7012363732D
:10191000002038BD0C490020284E02008C4A0200ED
:10192000014B1878704700BFE521002002480023D2
:101930008376FDF7F1B800BF0C49002038B50E4D95
:101940002B78044623B92046EFF702FD012038BD6D
:10195000FBF74CFA10B12B78012BF4D0074890F824
:10196000213080F8224043F0020380F82130FDF757
:10197000D3F80020EBE700BFCA4800200C49002044
:10198000F8B5124EB37E05460F46C3B9FBF72EFAE3
:101990000446B0B92846EFF7CFFCA0B12846FFF7C0
:1019A000CDFF1FB120B12046FDF766F80020F8BD3D
:1019B00096F8213043F0080386F82130F6E73E2000
:1019C000F5E77020F3E78A20F1E700BF0C4900201B
:1019D0000121FFF7D5BFEFF77DBC024BD8610DF0B9
:1019E000C5B900BF0C49002038B5064CE56A03466E
:1019F00008462DB9E362F0F7D7F800B1E56238BDCB
:101A00007020FCE70C490020024B0022DA62F0F75C
:101A1000E3B800BF0C490020084A08B5D36A33B9BF
:101A2000074908484FF44772FAF79AFDFEE700218C
:101A3000D1629847BDE808400DF008BA0C49002073
:101A4000284E02008C4A02002DE9F043092187B09C
:101A500004460EF049FB265C012E04EB00052CD158
:101A6000062120460EF040FB22182058516804AB96
:101A7000012E03C33AD07D2E41D120460EF044FC06
:101A8000461FE81C95F8018095F80290FEF7DAF9F8
:101A900007460EF00DFA2044FEF7D4F9B6B2C0F3B3
:101AA000C00056B305350090CDE901653B464A4676
:101AB000414604A8FFF7CEF81CE07D2ED0D0042EBE
:101AC00040F08B800EF0F4F92044FEF7BBF9801350
:101AD0000328C5D0F0F7D4F8C1070BD52046FFF78F
:101AE00043F938B92046FBF731FF03E0697804A8D1
:101AF000FFF790F807B0BDE8F0833546D3E7022E34
:101B000006D1681CFEF79EF9E978FFF7F1F8F1E7D6
:101B1000042EDFD0072E02D1FFF752F8EAE77E2E1F
:101B200026D1062120460EF0DFFA2044FEF78AF97E
:101B300006460EF0BDF92044FEF784F9800B13D061
:101B40000EF0B6F92044FEF77DF942060CD40521CB
:101B500020460EF0C9FA2044FEF774F96A7801466F
:101B60003046FBF7D3F9C5E70321F1E7032118E07D
:101B70007F2EBFD1062120460EF0B6FA2044FEF794
:101B800061F906460EF094F92044FEF75BF9800BEC
:101B9000ECD00EF08DF92044FEF754F94306E5D45D
:101BA000052120460EF0A0FA2044FEF74BF904462A
:101BB000A81C95F80180FEF745F9691D074601202C
:101BC00095F80490FEF75AF93B46CDE9009042465D
:101BD00021463046FBF7C2F98CE7022E9AD190E7F6
:101BE00038B50D460446092128460EF07DFA2B5CD7
:101BF0007E2B16D004D8012B09D07D2B0CD038BDFC
:101C00007F2BFCD12046BDE83840FBF70DBA2046BB
:101C1000BDE83840FFF74AB82046BDE83840FFF736
:101C200065B82046BDE83840FBF77AB938B50921D8
:101C300004460EF059FA235C7F2B04EB00050BD110
:101C4000FBF7B6F82871FBF7B9F8691D0246BDE845
:101C500038400120FEF704B938BD70B590B00223BA
:101C600000248DF82C3001234FF6FF75CDE9034396
:101C700006AB0CAECDE9015309AB0093032223461A
:101C8000304680218DF82040ADF824500EF079F9CF
:101C9000092130460EF028FA00F140030DEB030055
:101CA000072300F8103CC023CDE901630E23009305
:101CB0002246234621462846FFF73AFC10B070BD65
:101CC0002DE9F047051E9AB014BF0E26002688465F
:101CD0009146FCF789FE4FF6FE73984206AC66D13A
:101CE00003238DF82030FCF797FE02460068516808
:101CF000234603C34FF0000A8DF82CA0FCF780FEAA
:101D00004E44331DCDE903030CAF09AB009352469B
:101D100053460421CDE901A438460EF032F93A4B7E
:101D20001A783A4B012A197852D0062A5AD1384BE0
:101D30001B78002B43D140F6FF7348F6FF725145E4
:101D40000CBF1C461446092138460EF0CDF907EBAE
:101D5000000A50462146FEF77BF800238AF802303D
:101D60000AF104008AF803305DB105F10C0355F85F
:101D7000042B40F8042B9D42F9D12B8803800AF1F3
:101D80001200B8F1000F03D04A46414610F089F81E
:101D90004423CDE901733736002300961A461946CD
:101DA0004FF6FF70FFF7C4FB1AB0BDE8F0870223BF
:101DB0008DF82030FCF718FEADF818009AE74CF6C5
:101DC000FF7344F6FF72002914BF1C461446BAE79D
:101DD00044F6FF734CF6FF72002918BF134643F414
:101DE0000054B0E748F6FF7340F6FF70002908BFC3
:101DF0000346042A02D143F48053F0E7072AEED1C8
:101E000043F480549FE700BF3A480020B8480020C0
:101E1000BD4800202DE9F04192B04FF003080F4675
:101E2000154606468DF82480FCF7F6FD044600684A
:101E3000616807AB03C34FF6FF740223CDE9034388
:101E400007AB4246CDE901730AA80023009606219C
:101E50000EF097F809210AA80EF046F90AAB0AA974
:101E6000034401220A545D70462302931F2300930A
:101E7000002301911A4619462046FFF759FB12B07C
:101E8000BDE8F0812DE9F04FA1B08A4690461F468B
:101E90009DF8A84081460AF085FE4FF0030B851D92
:101EA0008DF820B0FCF7B8FD03460068596806AE0F
:101EB000631D03C604934FF6FF730393EDB206ABA5
:101EC0005A46CDE901A32946002309A8CDF8009080
:101ED0000EF057F8092109A80EF006F909AB09AA76
:101EE0001E187D2313540223737086F8028039462E
:101EF00006EB0B00FDF7ACFF24B12B992246701DB9
:101F00000FF0CFFF0AF04EFE80B1273409ABCDE9C8
:101F1000004345F04005002302951A4619464FF646
:101F2000FF70FFF705FB21B0BDE8F08F2234EDE72D
:101F30002DE9F04194B04FF00308164604460F46D1
:101F40008DF82080FCF768FD0546006869688DF80B
:101F50002C8006AB03C36168206809AB03C3FCF7A0
:101F60004FFD0446FCF74CFD0423CDE9030306AB0B
:101F7000CDE9014309AB424600930CA8002306219A
:101F80000DF0FFFF09210CA80EF0AEF80CAA0CAB67
:101F90001C18022313543946601CFDF759FF4623D1
:101FA000E67002930CAB01931F23009300231A46A3
:101FB00019464FF6FF70FFF7BBFA14B0BDE8F08189
:101FC000F0B58FB00C4616460746FCF719FD07AD75
:101FD00001230322CDE90303009400232846CDE921
:101FE000016706210DF0CDFF092128460EF07CF88F
:101FF00000F138030DEB0300042300F81C3C0DF046
:1020000057FF044628460DF05EFF46230444CDE901
:102010000153A4B2002300941A4619464FF6FF70EC
:10202000FFF786FA0FB0F0BDF0B593B002260C466C
:10203000154607468DF82460FCF7D6FC8DF8306015
:10204000ADF81C00ADF82870FCF7DAFC07ABCDE961
:1020500001430AABCDE903060093032200230DA838
:10206000A2210DF08EFF09210DA80EF03DF80DAB59
:102070000DA903447E220A545D70FCF7C1FCE223E3
:10208000A04214BF1320112002930DABCDE9000331
:1020900000231A4619464FF6FF70FFF749FA13B0AE
:1020A000F0BD2DE9F04194B0002A4FF002050CBFBD
:1020B000202424240E4607468DF82450FCF794FC77
:1020C0008DF830504FF6FF75ADF81C00ADF8285074
:1020D000FCF796FC07ABCDE901534FF009080AABBA
:1020E000CDE9030800930322002321460DA80DF03B
:1020F00048FF41460DA80DF0F7FF0DAB03440DA9B5
:102100007F220A545F703146981CFDF7A1FE0DAB8B
:1021100001931A23009344F04004002302941A46CA
:1021200019462846FFF704FA14B0BDE8F08100BF55
:1021300038B50A4C2078FFF796FB6088FFF7FEFB66
:102140000025A088FCF770FCA571FFF7EFFB044B9E
:102150001D70BDE83840FFF7E3BA00BF3C490020DE
:10216000CA48002010B5FEF75CFF044C6080FCF705
:1021700047FCA080FFF7D4FB207010BD3C49002035
:102180000148FCF7C9BC00BF4449002010B5104B02
:102190009A795C88012A05D00E490F48C122FAF7C6
:1021A000DFF9FEE703229A71FFF7DCFFE0B2FFF7E9
:1021B000C5FB0220FFF757FB08480821FFF714FC76
:1021C00028B104490448CC22FAF7CAF9FEE710BD49
:1021D0003C490020444E02008C4A0200812101004B
:1021E0002DE9F041394FBB790024022B3C7205D117
:1021F000FFF79EFFBDE8F041FEF7FFBA032B63D166
:10220000EFF7D0F80546388A28B931493148D72246
:10221000FAF7A6F9FEE7FDF7A1F8437803449D70AD
:10222000437802780133DBB29A4243700BD92A48D3
:102230000821FFF7D9FB002846D025492548E3228D
:10224000FAF78EF9FEE7388AFDF788F810F8011BD7
:1022500023460546A0462646DAB291421BD894FB97
:10226000F1F4002264B21346D5B2A94225D801295F
:1022700089BF01F1FF31002593FBF1F39DB20023EB
:102280003B82FFF755FF2B46424631462046BDE8CC
:10229000F0410CF0C5BD15F9012F002B04BF164607
:1022A00090469642A8BF164642451444B8BF4246DF
:1022B00076B24FFA82F80133CEE710F9015F2D1B99
:1022C00005FB05330132CFE7BDE8F0813C49002032
:1022D000444E02008C4A02008121010070B505467F
:1022E000FAF784FD70B90A4EB4796CB92846EFF755
:1022F00023F858B101230748B3717580FFF7E6F959
:10230000204670BD7024FBE73D24F9E78A24F7E7F7
:102310003C4900204D230100014B188000207047EC
:10232000CA21002008B5084B18884FF6FF73984261
:1023300009D1EFF745F847F6C03358434FF47A73A5
:10234000B0FBF3F080B208BDCA21002038B5124CB2
:10235000A3796588012B05D0104911484922FAF765
:10236000FFF8FEE70223A371FFF7FCFE0020FFF752
:102370007AFA4FF6FF70FCF757FBE8B2FFF7DEFA88
:10238000FFF76BFCFFF7CEFF014604F10800BDE844
:102390003840FCF7CCBB00BF3C490020444E020053
:1023A0008C4A02000148FCF7F1BD00BF4C490020F7
:1023B000F8B507460D46FAF719FD10BB1DB3164ECA
:1023C000B47914BB3846EEF7B7FF00B3338A33B1A4
:1023D0001249134840F20312FAF7C2F8FEE7214609
:1023E000A81CFDF7E5F8308298B17780FCF7B6FFBE
:1023F0000123B371447005700A48FFF767F920465E
:10240000F8BD7024FBE70224F9E73D24F7E78A24AE
:10241000F5E71824F3E700BF3C490020444E0200D2
:102420008C4A02008D2101002DE9F04F054685B050
:102430000C469A469046D2B128B92C492C482C22F9
:10244000FAF78EF8FEE701B902ACDFF8A890002792
:10245000CB4639F8020B002842D0FCF79BFF0A2834
:1024600011D0224922483E22FAF77AF8FEE729B92C
:102470001E491F483122FAF773F8FEE70028E4D11D
:102480000DF10605E1E739F8020CFCF767FF064697
:10249000B8F1000F14D0FDF7D5FC2B8883421FD173
:1024A000D6F802302360D6F806306360BAF1000F28
:1024B00002D000232BF81730012005B0BDE8F08FC3
:1024C000811C082220460FF089FD48B93046FDF7EF
:1024D000B9FC2880BAF1000FEED02BF81780EBE79B
:1024E00001370A2FB5D10020E7E700BF5B4E02009D
:1024F0008C4A0200DE4E00202DE9F3411E4BADF860
:1025000006001B78063B012B0D4630D801231A46E6
:1025100000210DF10600FFF787FF00220123294665
:102520001046FFF781FF154B0026984633F8024B03
:1025300034B101360A2EF9D1B42002B0BDE8F081E1
:1025400021460A20BDF80670FDF732F828F816007B
:1025500078B1FCF703FF39460646FDF779FC2B6896
:10256000C6F802306B68C6F806302046E5E77020F2
:10257000E3E71820E1E700BF3A480020DE4E0020E4
:102580000248142200210FF053BD00BFDE4E002090
:1025900008B5FFF7F5FF002008BD00BF02489022F4
:1025A00000210FF045BD00BF50490020232808B589
:1025B00005D9064906482122F9F7D2FFFEE7054A68
:1025C00052F820300B4442F8203008BD8F4E0200F4
:1025D0008C4A02005049002023289FBF034B53F828
:1025E00020300B60002088BF7020704750490020C9
:1025F0002DE9F04F14469B46C36B87B005465B69D7
:1026000060680E46012202A99847EB6B01225B69C4
:1026100003A93046984702A80EF01EFC074648B1B1
:102620000023A37563754FF0FF33A360002007B04C
:10263000BDE8F08F03A80EF01CFC0123A375237ED8
:1026400004EBC303DE611F846368B3420ED12060D4
:1026500003A80EF030FC4FF0FF332075A360237DFC
:10266000043B022B25D80023A375DFE723681A1A41
:1026700053425341A37503A80EF01DFC237D8342F2
:1026800018BFA77503A80EF0F8FB074602A80EF0C6
:10269000F4FB87421CBF0023A37503A80EF0F5FBD3
:1026A000074602A80EF0F1FB87421CBF0023A3756A
:1026B000D5E703A80EF0E1FB80B1EB6B02225B696A
:1026C00004A93046984704A80EF0E6FB0346207D97
:1026D000032839D8DFE800F03838040903A8F3E705
:1026E000237E04EBC303CC221A8401F08BFC109BE5
:1026F0001870277E03A80EF0B4FB04EBC70787F819
:102700002200237E04EBC30303A8B3F8209093F8C0
:1027100022700EF0B2FB804603A80EF0B6FB824694
:10272000B8F1000F15D0EB6B02225B6904A93046AB
:10273000984704A80EF075FB6075637D6BB90023A4
:10274000A3754FF0000838E0227E04EBC202138428
:10275000CBE703A80EF050FBEEE794F81680B8F133
:10276000000FEED0B9F1000F09D1DFB10123E375FD
:10277000637E002B4FD1012F42D1677614E06B6C42
:1027800006EB0A02594286EA020008421CBF0021F9
:10279000A175591E0A409B1A9945D0D8A37D002BDC
:1027A000E3D1CEE7E37D43B94FF000084B465246F4
:1027B000314628460EF0CAF8A060A27D12B1236906
:1027C0004B4423611949237E097899422AD9013360
:1027D0002376BBF1000F27D032B3E37D23B3B8F1EA
:1027E000000F21D1032F1FD0A1684B1C1CD0109BC0
:1027F0000093224601232846FFF7FAFEA07513E056
:1028000095F8343063B9EB6A0133CFD1032FCDD1C2
:102810000123A376C8E7012FCFD0032FC4D1F7E758
:102820009846C3E70023A375A07D00E74843020054
:102830002DE9F04F8BB00E46044698464FF0FF311D
:102840000023104617468DF8133001F0C5FBB6F58E
:10285000801F3BD3B21C53D1E56A6B1C57D1616A10
:1028600020460DF0B9FF0546B31C18BF0123DFF861
:1028700014910193636A626C0293236802FB053A28
:10288000E36B05A95B6905225046984705A80EF041
:102890009CFB0EF0BFFB50460EF0C7FB4FF0000B49
:1028A000824601464B1C05D0636C81EA0A025B42FA
:1028B000134232D0294620460DF08EFF029BAB42D8
:1028C0004DD0BBF1000F4DD10546D3E7314605AAE7
:1028D00004F108000EF075FA0146481C10D0384685
:1028E00001F07AFB0DF113030122394620460EF068
:1028F000A8F828B19DF8133088F80030002003E0D4
:10290000237C002BA8D11D480BB0BDE8F08F2368B5
:10291000ED1A636CB5FBF3F5A6E7484601F05CFBE6
:102920000DF11303019A494620460EF08AF803463A
:1029300090B1B21C03D0D9F80020B2420CD103935D
:102940000F4B9DF8132088F8002049461A68384636
:102950000FF0A7FA039B9B46D9F80810A2E7BBF13A
:10296000000FD0D0B6F5801FC8D298F800307A6832
:10297000314604F1080001F073FABFE70BE000F004
:1029800044430200A43200202DE9F3410E461B4DC2
:10299000816A044617469846E36A8B422AD04B1C4C
:1029A00018E0284601F018FB0DF107030122294623
:1029B00020460EF046F830B19DF8072043462946E0
:1029C0002046B847B0B1A9684A1C05D0012E0AD0EC
:1029D000E36A9942E5D10DE0696820460DF089FF70
:1029E000012E0146D8D16B6881EA0302636C5B4219
:1029F0001A42D1D002B0BDE8F08100BF7832002089
:102A00002DE9F041036B07689046826B9A4288BFBC
:102A10008363426C436A02FB0377C36B90B05B69CC
:102A20000E46052201A904463846984701A80EF033
:102A3000CCFA01280146307057D0656CE26B2368F0
:102A4000606AD2F814C005FB0030052206A9E047F1
:102A500006A80EF0BAFA01284FF0000523D0D4E9F9
:102A60000A3201219342CDE90B458DF834800E9551
:102A70008DF83C102AD1194620460DF03AFF236B01
:102A8000626CE06214339B1A23630C9B53B99DF86C
:102A90003C303BB1626A616C2368E06B01FB023140
:102AA0000EF04BFA0C9DE36B05225B6901A93846D9
:102AB000984701A80EF089FA3070236BA26B284664
:102AC0009A4288BFA36310B0BDE8F081237C33B97C
:102AD0001C490BAA04F1080001F012FAD5E71A4AC2
:102AE0000BAB2046FFF750FFCFE7237C23BB1749F2
:102AF000224604F1080001F003FA616A20460DF055
:102B00008CFE616A421C20460DF055FE054620B938
:102B1000236B626C1344143B2363A16A20460DF0BF
:102B2000E8FE2368A062C01A636CB0FBF3F0606239
:102B300020460DF021FFB6E7054A00232046FFF7A7
:102B400023FFDAE7013501007D340100CB0A0200E2
:102B5000670A020073B50D46D11E4A421C461B7E11
:102B60004A419A4226D129682368994222D3636850
:102B700099421FD8114E0DF107033246FFF758FE58
:102B8000C0B972686B689A4214D19DF80730DA1E9A
:102B900053425341227E93420CD1636901336361F6
:102BA000D4E90323934205D2A268296842F823108E
:102BB00001332361012002B070BD00BFD03200207C
:102BC0002DE9F04F8BB0DFF858B19A469DF85030A0
:102BD0000293DBF81030534580460D461646C0F090
:102BE0009980DBF804300193D146B9F1000F00F071
:102BF0008D80D8F83C3001985B69012207A998477D
:102C000007A80EF036F9DBF80030984240F08580D6
:102C100007A80EF03AF90428074614D107A80EF0C9
:102C20003BF9019B029A04463B44002A3FD186426D
:102C300012D9361A1446019940460DF05AFEA9EBF6
:102C400004090190D1E7D8F83C3001985B69022271
:102C500008A9984708A8E2E7841B544528BF5446B2
:102C6000032C03EB0607AAEB040A4FEA94021CD9D3
:102C7000D8F83C3029465B693846984724F003036E
:102C800004F003061F441D44002ED4D0D8F83C3075
:102C900001225B6908A9384698473246284608A9A8
:102CA00035440FF0FEF80026C5E72646ECE700F0B5
:102CB0000302039203442A18074604920593049BD7
:102CC000DD1B059BD81B039B9F420FD1002FB2D069
:102CD000D8F83C30012208A95B6998473A4608A910
:102CE00028460FF07BF978B93D44A4E7D8F83C308A
:102CF000012208A95B699847042208A928460FF019
:102D00006DF908B9043FDAE7DFF8189048460BB0D0
:102D1000BDE8F08FDFF81090F8E7DFF81090F5E7E6
:102D2000FC32002012E000F011E000F022E000F0A0
:102D30002DE9F0410F4688B016469846044660B328
:102D400090F83450FDB101210DF00BFD0E9BCDF834
:102D50000480CDE902379DF83C308DF81C30237C8F
:102D600004960021CDE905118BB90D4901AA04F1A2
:102D7000080001F0C5F8DDE90553E06B002E08BF3F
:102D80001D460DF0B0FE284608B0BDE8F081054AAA
:102D900001AB2046FFF7F8FDEDE70546F3E700BF7E
:102DA000950A0200552B01007FB590F84260019210
:102DB00004460DF10B030A46304612490DF09BFE06
:102DC000012EE36B054619D15B69324603A998478A
:102DD0009DF80B10039B019A59B19BB243EA024341
:102DE0000393E36B9B69012203A92846984704B02B
:102DF00070BD1B0C1B0492B21343F1E79B690122C7
:102E000001A9F3E7FC3200202DE9F04F99B00F46FD
:102E100009920A69416C0E931439D31DB3FBF1F387
:102E2000013302EBC302036B93420446C0F00D82F0
:102E30000023DFF820940D93E36A07931946484670
:102E400001F0CAF8D7E9033604930E9B022B4ED14A
:102E5000CC2E40F08A81099B002B42D03946204677
:102E60000DF0A0FE656C079A14906B1E1340ED1ACE
:102E7000E36B78685B69012216A9984716A80DF0E4
:102E8000FCFF00280CBF04230823782E06933DD9AD
:102E90000123002505934FF0080A3B6805990E9819
:102EA000C9F80030C9F810600EF009F84FEA9A032B
:102EB0001093DDF81CB089F8140000230B930F93D6
:102EC00008930C93616C4A1E0BEA02028B1A002EC7
:102ED00038D05544AB4240D8236B5B1A134423636C
:102EE000ABE0049B1B68149308230693D0E7656C42
:102EF000079A6B1E1340782EA5EB030516D8FB7DB1
:102F00007BB9099B002BB3D104230693331DAB423D
:102F100010D9A6B1082DBBD8042500230593AA46D5
:102F2000BBE7099B002BA3D10823EEE7099B002BED
:102F30009ED1D9E7002505954FF0040AADE7042599
:102F40000596F9E75345C7D30BEB0A030393B04645
:102F5000089B002B18BF032313E0A3EB0A039E4238
:102F6000B0460BEB0A0228BF98469E420392EFD967
:102F7000D9F810200123964289F8173071D1C9F889
:102F800004B0089399F81730002B6CD099F81820EA
:102F90000899D31C09EBC3030132C3F804B0A3F8AA
:102FA0000880997289F81820B8F1000F14D00E9B90
:102FB000022B5BD10B9B7BB90F9B4344032B0BD99B
:102FC000E36B03989B69012214A9984705460028E2
:102FD00040F03D8101230B93089B0193059B0093D7
:102FE00099F814203968434616A800F0ABFFE36B4C
:102FF000109A9B6916A958469847051E0D9B18BF45
:103000005B460D9352464346594620460DF09EFCC2
:10301000236BC9F8080008F10302A3EB0A0322F0AE
:1030200003029B1A2363002D40F011810F9BDDF8F2
:103030000CB04344A6EB08060F93594620460DF00A
:1030400058FC00258346002E7FF43CAF814A396846
:103050009368E36252680E9B04F1080000F000FFE1
:10306000DEE002238DE7C9F804B09DE7099B002B41
:1030700030D1049BB8F1030F43440A9327D9E36B83
:10308000DDE903019B694FEA98029847054600284D
:1030900065D118F003025FD0049B28F003052B4490
:1030A0000493039B1D444FF0FF330499159315A817
:1030B0000EF0F7FEE36B28469B69012215A998479D
:1030C0000A9B04930546002D86D0039B99E7039D38
:1030D0004246E8E7039B0A9307F120031193FB7D27
:1030E00078689BB13D7E0C9A0023D9B28D4211D9EC
:1030F000119931F83310914203F1010C26D907EBF5
:10310000C3030699D8690A44104403E00C9B069A4D
:1031100013441844E36B01225B6915A99847159B7A
:1031200013930C9B0A9804330C93E36B01229B6965
:1031300013A99847039B0A9A43449B1A042B0546FC
:1031400007D978B9134604330A93C8E7521A63467D
:10315000CBE70A9B0393B6E70A9B04933CE70A9BE1
:103160000493B2E70A9B0393AFE73B4E04F10803D5
:1031700003932368079A606CA2EB030ABAFBF0FA88
:1031800000FB0A300DF051FFE16A804620460DF049
:10319000B0FBA26A82424AD0626CD9F80830256836
:1031A000E062511E0B40216B891A0B4423630D9B77
:1031B0005D1BB5FBF2F5AA4536D1079BB3EB080AB8
:1031C00012D0E36B4FEA9A029B6941469847E36A43
:1031D000079A5344E362236B9B1A43448346236359
:1031E00003980DF0BEFDDA462368616CE06B01FBCD
:1031F00005310DF08FFE20460DF0BEFA20460DF091
:10320000BBFB2063BAF1000F11D03A69616CD31D8A
:103210001439B3FBF1F3013302EBC3029042A8D29D
:10322000304619B0BDE8F08F4FF0000ADCE73A698C
:10323000616CD31D1439B3FBF1F3013302EBC3020C
:10324000236B9342BFF4F8ADEAE7044EE8E72E465D
:103250008CE700BFA432002023E000F006E000F07D
:103260002DE9F3471E4643699DF82890B342044672
:10327000884617463DD300258DF8075020460DF0AF
:1032800047FAD4F830A082450AD2236AB5EB430F3F
:1032900006D200220DF107012046FFF7B1FB30B343
:1032A0009DF80730012B05D100220DF107012046C2
:1032B000FFF7A6FBB9F1030F06D0314620460DF00B
:1032C00012FA256B854218D30D4D4FF0FF31284679
:1032D00000F082FE4B46002229462046C5E90376CF
:1032E000C5F8008002B0BDE8F047FFF78DBD01359D
:1032F000C4E7044802B0BDE8F0870348FAE700BF1E
:10330000D03200200FE000F006E000F02DE9F04799
:1033100090F8426086B0012E05460391A1EB0207AA
:1033200015D1B7F5807F28BF03264FF06408DFF87A
:1033300048A100244FF6FF7995F84230012B14BFC5
:10334000322364239C420AD35FFA88F415E0B7F570
:10335000803F34BF012602264FF03208E7E705AB75
:103360002246514628460DF0FBFB95F84230012BD2
:10337000059B34D14B452DD1E4B295F84230012B59
:103380000CBF64223222121BB24217D3012E39D154
:103390000022012B05978DF8132027D1082205A9BB
:1033A0000DF113000DF098FD9DF81330059A42EAD7
:1033B000032221462846FFF7F7FC40B102232E499D
:1033C00000930968CC2303AA2846FFF749FF06B0FB
:1033D000BDE8F087DBB203B902340134ACE7591C15
:1033E000CAD09BB2002BF8D10134F6E7102205A910
:1033F0000DF113000DF070FD9DF81330059A42EAAF
:103400000342D6E7039A0592012B23D108232022F9
:1034100005A90DF113008DF813300DF05DFD9DF839
:103420001320120221462846FFF7BEFC95F84230D1
:10343000611C012BC9B21AD10028BFD1BDF81420DC
:103440002846FFF7B1FC0028B8D10234BDF8162099
:10345000E1B2AFE71023202205A90DF113008DF88A
:1034600013300DF039FD9DF813201204DAE700281F
:10347000A4D1059A9EE700BFFC320020032A2DE963
:10348000F34106460D4617461C4606D1237A012B0A
:1034900023D0012002B0BDE8F081DFF86080096828
:1034A0000DF107034246FFF7C3F960600028EDD134
:1034B0009DF80720237A032AE8D0D8F804106A6818
:1034C0009142E3D1012B2969D4F80CC007D172696C
:1034D0000CEB0103934202D92074207CDAE7083117
:1034E0006144E1603B46012229463046FFF78CFCEF
:1034F00060600028CAD00020CCE700BFD032002096
:103500002DE9F341089C032A2668174606D1237A41
:10351000012B24D0012002B0BDE8F081DFF89080BB
:103520000DF1070342463046FFF782F9606000283C
:10353000EDD12568D8F80400A96AD5F844C0227AEC
:103540004840CCF100031840E1D1012A09D1E268DA
:10355000D8F8103013447269934202D92074207C49
:10356000D9E72868EB6A1B1A081AB3FBFCF3B0FB17
:10357000FCF083420BD1706CF36A421E1340326B35
:10358000121A1344336328460DF0B3F9E862D8F8F1
:103590001020E3680649206808321344E3600122E2
:1035A0003B46FFF731FC60600028B0D00020B2E756
:1035B000D03200202DE9F04F4FF0FF334FF6FF726D
:1035C000002500F10806C0E9092387B00446C3625C
:1035D0000562056330460F460DF0C3FB20460DF033
:1035E000CBF828BB204639460DF046F920460DF0B1
:1035F000C3F828BB8A4D20460DF0F1F9ECE0E26BF0
:103600002368606CD2F814C001A9052200FB0530C4
:10361000E04701A80DF0D9FC012828D12946204611
:103620000DF0FBF8421C294620460DF0C4F8013588
:10363000E3699D42E3D320460DF09EF80028D1D0E7
:1036400000254FF6FF73C4E908534FF0FF39CA460F
:10365000A846E369984514D3A5EB0905012D37D891
:10366000636A4FF6FF72934247D16E4DC3E70DF088
:10367000D6FC0028DBD0294620460DF0CEF80246C5
:10368000D1E72368E26B606C576901A9052200FB52
:103690000830B84701A80DF098FC834601A80DF04A
:1036A0006BFC074658460DF0B5FC70B15745236AD0
:1036B00038BFC4F82480B94503F1010328BFB946D7
:1036C000BD42236238BF3D46BA4608F10108C0E753
:1036D0004FF6FF7363620025E3699D42C0D2676CB9
:1036E0002068E36B05225B6901A907FB0500984789
:1036F00001A80DF041FC0135EEE7E26B676C206834
:10370000556901A9052207FB0300A84701A80DF090
:1037100033FC626A2368606C434D00FB02300DF09D
:1037200084FC4FF0FF33A062E3622A460DF10303ED
:103730006FF001012046FFF77BF8002850D1AD68FB
:10374000E562294620460CF0F3FF206320B9E16AC8
:1037500020460DF0CEF8E062294620460DF0C9F86B
:103760000546A36A9D423DD16569626CE91C143A25
:103770002046B1FBF2F105EBC1050335B5FBF2F5CF
:103780000DF02DF90235A84280463DD2616A2046EF
:103790000DF022F80027064604F1400A474512D3EF
:1037A000626C236802FB0639E36B05225B6901A9A1
:1037B0004846984701A80DF0DFFB534602464946AC
:1037C000E06B0DF034FC314620460DF005F8013772
:1037D000AF420646E2D3154D284607B0BDE8F08F4C
:1037E000A56AADE7294620460CF0A2FF236B0344EF
:1037F00029460746236320460DF07BF80546002F37
:10380000AFD1C4E90B07ACE730460DF0AAFA0023AC
:10381000074A19462046FFF7B7F80025EBE600BF38
:1038200003E000F016E000F0D032002013E000F0DA
:10383000310A0200634A00232DE9F0411768136042
:103840000E46044618B9604D2846BDE8F08190F850
:1038500034500DB309680268914240F0AA80716843
:103860004268914240F0A580B1688268914240F080
:10387000A080F168C268914240F09B803169426942
:10388000914240F09680B169C26B914240F09180C4
:10389000726982611D46D7E750222946D0F83880E8
:1038A0000EF0C6FB3368236073686360336963613D
:1038B0007369A361D6E9021204F10800C4F83880E4
:1038C0000DF061FAB369E36304F140009B68984727
:1038D00094F8432020B1E561002AB4D03B4DB3E712
:1038E000656C002DF7D06668B6FBF5F3E361002A3E
:1038F000A9D0B542F2D82268B2FBF5F105FB11223E
:10390000002A58D105FB1363002B54D120460CF03C
:10391000FFFEA369043303449E424ED3636940F61D
:103920003472CC3B93424AD8B5F5007FD6D30321FD
:1039300020460CF016FFE36BD4E900011B689847A2
:10394000E36B0546DB68022098471DB1002384F82D
:1039500034301EE039462046FFF72CFE1C4B9842BF
:10396000054604D139462046FFF724FE0546636C20
:10397000143B002DEAD1226A204602FB03F60CF02C
:10398000C7FEA369043303449E4206D284F8345030
:10399000104DE06B0DF0A7F856E70F4A012384F8AD
:1039A00034301368D4E900010133136009F0AAFD33
:1039B000EFE70A4D48E70A4D46E7064D44E7094D53
:1039C00042E700BFE449002009E000F004E000F015
:1039D00013E000F002E000F0E049002008E000F011
:1039E00001E000F005E000F02DE9FF410F469046B0
:1039F0001E46054698B390F8343093B3B1F5801F56
:103A000031D21A4C02210CF0ACFE22460DF10F030C
:103A100039462846FEF70CFF024678B10123009391
:103A20004246334639462846FFF71AFC0446E86BFF
:103A30000DF059F8204604B0BDE8F0819DF80F3034
:103A4000012BEBD12169B142E8D1009341463346C5
:103A50002846FFF7B5F804460028DFD1E7E7044C15
:103A6000E8E7044CE6E7044CE4E700BFFC32002042
:103A700009E000F007E000F00AE000F02DE9FF4166
:103A80000C4616461F46054688B390F8343083B37B
:103A9000B1F5801F2FD2DFF87C8001210CF061FE90
:103AA00021460DF10F0342462846FEF7C1FE0446AB
:103AB00070B99DF80F30012B11D1D8F81030BB42EE
:103AC00013D10090024631462846FFF779F80446A4
:103AD000E86B0DF008F8204604B0BDE8F081074C13
:103AE000074A022B08BF1446F2E7064CF0E7064CE3
:103AF000F1E7064CEFE7064CEDE700BF0BE000F006
:103B00000CE000F011E000F009E000F007E000F048
:103B10000AE000F0FC3200202DE9F04385B00C46AD
:103B2000DDF8308017461E460546A0B390F83430C5
:103B30009BB3B1F5801F32D2DFF8809001210CF0E9
:103B400010FE21460DF10F034A462846FEF770FE8F
:103B5000044688B99DF80F30012B14D1D9F81020F4
:103B600006EB08039A4214D3009043463246394686
:103B70002846FFF725F80446E86B0CF0B4FF204612
:103B800005B0BDE8F083074C074A022B08BF144676
:103B9000F2E7064CF0E7064CF1E7064CEFE7064C7F
:103BA000EDE700BF0BE000F00CE000F011E000F0EA
:103BB00009E000F007E000F00AE000F0FC3200202D
:103BC00070B586B00E4603920546A0B390F8343027
:103BD0009BB3B1F5801F32D202210CF0C2FD194A0D
:103BE0000DF1170331462846FEF722FE044618B9A8
:103BF0009DF81730032B0ED10223009303AACC2388
:103C000031462846FFF72CFB0446E86B0CF06BFFAF
:103C1000204606B070BD022B0BD10A4928460CF095
:103C2000C1FF039981420246EFD02846FFF76EFBA1
:103C3000EAE7054CE9E7054CEAE7054CE8E7054CFF
:103C4000E6E700BFFC3200200DE000F009E000F0E4
:103C500007E000F00AE000F073B50C461646054692
:103C600030B390F834302BB3B1F5801F24D201214A
:103C70000CF077FD2146114A0DF107032846FEF7A7
:103C8000D7FD044680B99DF80730032B0CD0022BDA
:103C90000CD10A4928460CF085FF3060E86B0CF027
:103CA00022FF204602B070BD054CF7E7054CF5E752
:103CB000054CF6E7054CF4E7054CF2E7FC32002032
:103CC0000BE000F00DE000F009E000F007E000F08C
:103CD0000AE000F0F7B50C461646054668B390F8C2
:103CE000343063B3B1F5801F2BD202210CF039FDC3
:103CF000154A0DF1070321462846FEF799FDC0B984
:103D00009DF80730032B14D0022B14D10E492846FE
:103D10000CF048FF471C024639462846FFF7F6FAE2
:103D2000044606B13760E86B0CF0DDFE204603B0B8
:103D3000F0BD064CF7E7064CF5E7064CF6E7064CF7
:103D4000F4E7064CF2E700BFFC3200200BE000F085
:103D50000DE000F009E000F007E000F00AE000F0FC
:103D60002DE9F3411F4600230C4616463B600546ED
:103D700050B390F834304BB3B1F5801F28D2DFF840
:103D8000648001210CF0EDFC21460DF10703424651
:103D90002846FEF74DFD0446A0B99DF80730032BD9
:103DA00010D0022B0AD10123336004233B60E86B5F
:103DB0000CF099FE204602B0BDE8F081D8F8103032
:103DC0003060F3E7034CF2E7034CF3E7034CF1E711
:103DD000034CEFE70BE000F009E000F007E000F033
:103DE0000AE000F0FC32002030B50C4685B00546F4
:103DF00028B390F8343023B3B1F5801F23D20221C9
:103E00000CF0AFFC0DF10F03104A21462846FEF7D7
:103E10000FFD034688B99DF80F20032A0DD0032219
:103E20000092214602462846FFF71AFA0446E86B3C
:103E30000CF059FE204605B030BD054CF7E7054CA7
:103E4000F8E7054CF6E7054CF4E700BFFC3200202C
:103E50000BE000F009E000F007E000F00AE000F0FD
:103E60002DE9F04346688EB3056898464FF0000C84
:103E7000A946AE4655F83C40C4F3130701340CF193
:103E8000010C01D0B94218D066450EF1080EF1D1EF
:103E90002F46002403E0A64207F1080713D055F887
:103EA0003430013304F10104F5D1C1F3130141EAC7
:103EB0000851C7E90012BDE8F08341EA0851CEE994
:103EC0000012BDE8F083B8F1030F03D101230372A0
:103ED000BDE8F083002303E09E4209F10809F5D014
:103EE00055F83340C4F30754032C03F10103F3D115
:103EF000C1F3130343EA0853C9E90032BDE8F08374
:103F00002DE9F043476883B0CFB106468846914615
:103F10000024336853F83450C5F30752C5F3130136
:103F2000013503EBC403304604F1010405D05B689E
:103F3000CDF80090C04710B17768BC42E9D303B018
:103F4000BDE8F08373B5044622489DF81850012A55
:103F500000EAC11123F07C4007D9961E012E28D912
:103F6000073303F07F03194308E09DF81C30DB069C
:103F70000A4303F0C053134343F060410023C4E9F4
:103F800000108DF80730B5B1202221460DF1070051
:103F90000CF0A2FF1A220DF10700211D0CF09CFF6E
:103FA00063689DF8072043EA82636360082002B0DB
:103FB00070BD1143E2E71B220DF1070021460CF012
:103FC0008BFF23689DF8072043EAC2632360042027
:103FD000EDE700BF80FFFF0738B5094B04461A68BC
:103FE0000D4600210EF024F800234FF0FF3223830A
:103FF000C4E900252361A260E382A37638BD00BF37
:10400000444302000138C0B205289ABF014B185C36
:1040100001207047B04E02002DE9F0410E4659686C
:1040200088B007461546490A0024012922464FEA6E
:10403000510104F10104F8D8DC7899781B88240335
:10404000C90201F4006104F480540C43C3F30A0371
:104050005203234492B29C18284B03934FF000085C
:1040600025F0784302A90DF107001B2202938DF879
:1040700007800CF031FF9DF80720029B8DF8078028
:10408000ED4343EAC26302A90DF1070025F078452C
:104090001B22049302950CF01FFF9DF80720029B42
:1040A0006FEA044443EAC26305936FEA14444FF095
:1040B000FF3306930794BB6907A9012206F110009C
:1040C0009847BB6905A90446012206F108009847F4
:1040D000BB69404518BF044604A90122301D98471A
:1040E000BB69404518BF0446012203A930469847E2
:1040F000404508BF204608B0BDE8F08101009AB2F3
:10410000034B1868034B002808BF1846704700BFD0
:10411000E8490020B84E0200F8B50D4610B9002459
:104120002046F8BD0E4F3E68002EF8D100F07CF816
:1041300004460028F3D0386000F0C2F820460CF0A6
:10414000E4FF38B130463E6000F0BAF820460CF08B
:10415000D7FFE4E7002DE3D02046A847E0E700BF03
:10416000EC490020024B1868003818BF0120704746
:10417000EC490020024B00215B680846184700BF4D
:104180001021002010B50DF053FD044618B9034B63
:1041900001215B689847204610BD00BF1021002018
:1041A00010B505F0B9FF044618B9034B01215B684F
:1041B0009847204610BD00BF1021002010B50DF01B
:1041C00064F8044618B9034B01215B689847204600
:1041D00010BD00BF1021002010B50DF02AF80446D4
:1041E00020B9034B01215B6808469847204610BD63
:1041F0001021002010B50DF029F820B9024BBDE8C0
:1042000010401B68184710BD10210020431E0333C7
:1042100006D8044B984228BF1846642838BF64204B
:10422000704700BF40420F00F8B5054609F07CF921
:104230000F4B1E68074626B9384609F079F934460F
:1042400011E0B4688CB194F810C01CF0010F0CD1CF
:1042500095E80F004CF0010C84E80F0084F810C0C2
:10426000384609F065F92046F8BD3668E3E700BF37
:104270000821002038B505460C4641B10B6833B122
:104280001B68013303D0CB680BB18B684BB90DF0C1
:1042900089FABDE838404FF492724121002000F0C5
:1042A0002FBA084601F046FB0023044A85F8DC30AB
:1042B000C5E92343C2E9003338BD00BF60220020B6
:1042C00010B5044618B9054B054A136010BD04F03B
:1042D0001BFFD4F89830002BF6D1F4E7E910020068
:1042E00004210020014B1868704700BF60220020A5
:1042F00010B50C4604F046FF054B00215B68032017
:1043000098471CB105F0E6FF0128FBD110BD00BFA6
:104310001021002008B502460868FFF777FF086003
:104320004868FFF773FF48608868FFF76FFF886091
:10433000C868FFF76BFF0B69C860581C03D00B48B7
:10434000834228BF03460B614B69581C03D00748C2
:10435000834228BF034688694B61FFF757FFBDE8DA
:1043600008408861104605F021BD00BF40420F00A3
:104370002DE9F84FD0F8903006460F4613B1038B65
:104380008B4244D0D6F88CB0BBF1000F42D0DBF8A2
:104390000830002B3ED0DBF80C1000293AD0D6F8BC
:1043A000A0A0BAF1000F38D04FF000094D46C84622
:1043B00001E0DBF8083005EBC50203EB82040135B0
:1043C000E389BB4214D8238ABB42304610D3B4F9E8
:1043D0001220B6F924309342A04653DD96F8D0104F
:1043E000F3F788F9337D834281464BD9DBF80C1013
:1043F0008D42DED3B8F1000F3ED00023424619466D
:104400003046D0473783C6F8908086F8D990002090
:10441000BDE8F88F0320BDE8F88FD14654465246D8
:1044200047F6FF7504EBC40803EB8808B8F80E30B4
:10443000BB421BD8B8F81030BB4217D3B8F91220D2
:10444000AA4207D14FF0FF093783C6F8908086F85B
:10445000D990DCE796F8D0103046F3F74BF9337D6E
:10446000834281464246EFD9DBF80C100134A14269
:1044700004D9DBF80830D5E70120C9E7002AFBD0D2
:104480009046E1E7A046B8E72DE9F04782B0044640
:104490008946164605F0DEFE3B4D08B100236B60F1
:1044A0002B68D4F88CA0D4F890700BB153454BD046
:1044B0004FF00008C5F8089005F00CFF012836D130
:1044C0002B68DAF800103A6813B11868884246D0B1
:1044D00020460DF089FBC5E900A7D4F8A0508DF85F
:1044E0000760002D42D000220DF10703114620463F
:1044F000A847204605F048F90546B8F1000F00D05E
:104500008EB1B5FA85F040F2DE324009332100F079
:10451000F7F83146204605F007FB1C4B05461B68A3
:10452000394620469847284602B0BDE8F08701206A
:1045300004F028FE164B00215B680320984705F025
:10454000C9FE0128FBD1BBE76B68002BB0D0BB4292
:10455000AED1AB68994514D04FF00108AAE769685D
:1045600011B109689142B6D05968B1E7217D94F83C
:10457000D930994228BF19463246204605F0D8F86E
:10458000B7E70025CFE700BF60220020042100200C
:1045900010210020F8B505460E4608F0C5FF31464B
:1045A00007462846FFF7E4FE044620B1384608F0E7
:1045B000BFFF2046F8BD05F035FE224631462846AD
:1045C000FFF762FF0446384608F0B2FF2046F8BD08
:1045D000084B10B4002A14BF14461C46064B1C603E
:1045E00019B15DF8044B0CF0B7BD08465DF8044BFB
:1045F000704700BFE91002000421002013B50446F3
:1046000069460CF08BFE20460DF066FAFF28024644
:1046100006D09DF800102046F3F704F902B010BD53
:104620000048FBE70080FFFF2DE9FF4105460F46EC
:1046300090460AB9D0F82C80414628460CF0D4FEAA
:1046400018F0010F02D0284602F0E8FE0DF01BF929
:10465000184B04460FCB6E4686E80F0037B104AB0B
:1046600003EB840357F8242043F8102C18F4803F00
:1046700010D12246314628460DF057F838B937B1E7
:1046800004AB03EB840353F8103C47F8243004B028
:10469000BDE8F08104AB03EB8403224653F8103CE1
:1046A00001333146284602D00DF04EF8E6E70CF013
:1046B0000CFDE3E7EC4E020008B50B460249194039
:1046C0000CF074FE002008BD0700110007B54FF480
:1046D00000730A49ADF806300DF106020CF0FDFE3C
:1046E000BDF80630B3F5007F05D1022808BF0020D1
:1046F00003B05DF804FB0120FAE700BFF049002099
:1047000008B550B90548064B01601A60054B1A6898
:10471000054B1A601868EDF7B9FB08BD0C210020A5
:10472000F44B0020EC490020F04B00202DE9F04133
:104730001B4A8AB001AC05460B4602F1200C274605
:1047400010685168264603C6083262453446F7D1E0
:10475000002B08BF3B4610683060002703F10C06B1
:104760001C46384690B95FFA87F8218842462846A9
:104770000DF0DFFA50B9E188424628460DF0EAFA1A
:1047800020B94246314628460DF0F6FA0137032F8C
:1047900006F1080604F10204E4D10AB0BDE8F08194
:1047A000044F0200F0B589B005460E460DF0FBFA45
:1047B000044600BB06F10C070FCF01AC0FC497E80D
:1047C000070084E8070001A92846FFF7A3FD311D73
:1047D00028460CF03BFE044648B90849284605F037
:1047E000A7FA044618B9284605F0ECFD04463168DE
:1047F0002846FFF79BFF204609B0F0BDFC4E0200A3
:1048000001490CF09ABE00BFB5A3010070B5164E69
:104810000328337804460D461ED023FA04F202F032
:104820000102AA421DD053B10122A24023EA020391
:10483000A5402B43DBB233704BB1012070BD2DB1CD
:104840000A4B01201B6898473378EDE73570074B1A
:1048500000201B689847F0E79A07DED003F0FC03BE
:10486000E9E7002070BD00BF3F4F0020344C00201E
:1048700038B504460D46FFF775FC60B105F0F8FC4D
:1048800048B9012D07D801200DF02EFA0D4B1B68F9
:1048900023B15B6898470C4B1C7038BD0AF022F9B5
:1048A0000A4B1A68801A1860F5F786FE084B1B68D9
:1048B0004FF47A7202FB00300CF03DFE012005F04F
:1048C000DFFCE8E7EC4C0020E72100202C4C002026
:1048D000304C0020F8B5124F05460C4608F024FE77
:1048E0003B78064633B1012D04D01CB90D48F5F7CD
:1048F000FFFC3C7021462846FFF788FF0A4B1B78D7
:1049000004463BB93B782BB90DF090F910B1074B39
:104910001B689847304608F00BFE2046F8BD00BFE4
:10492000404F0020084C00203F4F00201021002065
:10493000054A0B46117831B100211170034A1878ED
:104940005268012110477047404F0020102100207D
:10495000124B0239012910B518701ED8FFF702FC5E
:10496000D8B105F085FCC0B105F080FAA8B90C4BB0
:104970001C6834B123689847BDE8104000200DF052
:10498000B3B90CF0D6FD074B18600AF0ABF8064B34
:104990001860204605F074FCEEE710BDE72100200A
:1049A000EC4C0020304C00202C4C002038B5044644
:1049B00080B108F0B9FD012104460846F5F7F6F884
:1049C000012108460A4A0AF039F82046BDE8384075
:1049D00008F0AEBD08F0A8FD214605460120F5F718
:1049E000E5F80120024A21460AF028F82846EDE7BA
:1049F000284F0200F0B5324D85B008F095FD2B78B8
:104A0000044623B12F48F5F773FC00284AD1F5F787
:104A100063FD02AA03A90DF0F3F80346002832D083
:104A20000DF002F9029B98421ED10020264B0399FB
:104A30001B68264E9942307021D9C91A00270123DC
:104A4000CDE900771F482B70214A33460AF024F83D
:104A500000282FD11F4A1378D90717D4204608F011
:104A600067FD002005B0F0BD0DF0DCF8029B984218
:104A70001ED0154B154A1B680393002010700121AE
:104A8000FFF7C4FEEAE720462B70E8E731780029FB
:104A9000E4D103F0FE031370002BDFD10E4B1B6833
:104AA0009847DBE7204608F043FD032005B0F0BD42
:104AB0000220BBE7032320462F703370F3E700BFCB
:104AC000404F0020084C0020284C0020E621002008
:104AD000314901003F4F0020344C002038B5134DC0
:104AE00008F022FD2B780446C3B9114A114913700E
:104AF000114B124A1A601248124A5A60F5F786F8AA
:104B000011491248F5F782F8114B124A1A60124BFC
:104B10001B68124B02221A6001232B70AFF3008036
:104B2000204608F005FD002038BD00BF414F0020A1
:104B3000404F0020304F020010210020F5490100B5
:104B4000F84B0020D5480100384F0200004C0020EF
:104B5000344C0020AD49010000300E40284C0020AC
:104B60000D4BD3F8E020D20314D50C494FF480321A
:104B7000C3F8E820C1F8EC209A6BD1B2C2F3072247
:104B800099679A6704229A6700229A679A679A67D8
:104B90009A679A67704700BF0010084000100846E7
:104BA000F8B50C4C0D461746064608F0BDFC01232F
:104BB000A362042327606660A560C4F8E830064B52
:104BC0004FF48072C3F8802108F0B2FC0DB10223CB
:104BD000A362F8BD0010084000E100E0054B18603A
:104BE000054B01229A6540F6FF72196358635A65B6
:104BF000704700BF3C4C0020001008402DE9F04FEA
:104C0000042A83B0054639D90B7883614B788361D8
:104C10008B788361CB7883610068D5F808B06E68C3
:104C200000F007000123063003FA00F808F1FF390D
:104C300009EA0B07A2F1040AA8EB0702924501F169
:104C4000040446F000560DD8F019214652460DF0E6
:104C500028F90AEB0B0248EA09031A40AA6003B0DC
:104C6000BDE8F08F2146F01901920DF01AF9019A72
:104C7000A118AAEB080230463A44E8E7013A032AB1
:104C8000EDD8DFE802F00B08050211F8013B836163
:104C900011F8013BAB6111F8013BAB610B78AB61E3
:104CA00003B0BDE8F08F00BF38B50C46104B154679
:104CB000014668B10122C3F8B8200E482246FFF72A
:104CC0009DFF1DB10A4B0422C3F8B820002038BD57
:104CD00064B1D3F89C20A24284BF0122C3F8B8205B
:104CE000C3F898400222C3F8B820EAE70122FAE7A5
:104CF000001008409010084010B508F015FC184B43
:104D0000184901229A65C3F888201A66164A5A661D
:104D10000722C3F884200A80144900220A804FF435
:104D2000A021C3F8E81003F1C0630446C3F8EC10F7
:104D30000F4B1A600F4BD3F888305B020AD50E4B2D
:104D400018680E4B4FF48002C3F88820416BA430E2
:104D500002F05EF82046BDE8104008F0E9BB00BF55
:104D600000100840F44E0020B8230020F24E00202E
:104D7000384C002000400840EC4900200040084426
:104D80000D4B07221A800D4B00221A800C4B01217B
:104D9000C3F8B810C3F890204FF40052C3F8940041
:104DA000C3F8B420074BF0221A6403F10073A02269
:104DB0001A64FFF7A1BF00BFF44E0020F24E00209E
:104DC00000100840000008442DE9F041044688B175
:104DD000394E3A4F08F0A8FB3388394A03F078017E
:104DE000032C054603F07F0C114453D13C6824B9D1
:104DF00008F09EFB0320BDE8F08124F00104386830
:104E000020F00100A0424AD100223A6022886FEAD5
:104E100042426FEA52428C42228036D1294CDFF85E
:104E2000B8C02788ACF180083A46083A92B201F13E
:104E30000800604528BF4046082A04D9B0F900E0C0
:104E4000BEF1000F36DB22803B440C8888781E4977
:104E50009B1ADBB2C4F30C04CC6300F00700338070
:104E6000CB66C1F88420FFF77BFE04280DD1174BD9
:104E7000D3F88830164B1868164B4FF48002C3F8ED
:104E80008820416BA43001F0C3FF284608F050FB96
:104E90000020B0E7601E012898BF0C46AFE7094824
:104EA00062440088A21A48BF803208389042ADDCC4
:104EB00028469DE70146B8E7F24E0020384C002016
:104EC000B8230020F44E00200010084000400840A5
:104ED000EC49002000400844382400200E490F4BC4
:104EE0000A881B880E481344073B03F078030344E9
:104EF0000832987892B20A8000F007000949042825
:104F0000C1F8842004D101F540514A681203FCD451
:104F1000054A1360704700BFF44E0020F24E002097
:104F2000B823002000100840384C002010B5054C74
:104F3000206828B1C30701D4FFF746FF0023236090
:104F400010BD00BF384C0020084B4FF48032C3F82E
:104F5000EC2003F17C43C3F8E420D3F88030C3F3A2
:104F60000C03782B01D8FFF7FBBD704700100844F5
:104F70002DE9F84304460E4608F0D6FA504B514D41
:104F80001A882D888146504802F07801032C02F0DF
:104F90007F03014417D14D4C24688CB92A44073A49
:104FA00002F0780284180344E31A48BF8033AB420E
:104FB00010DB484608F0BCFA00242046BDE8F88320
:104FC00024F00104EFE7012C02D0022CEBD1083DC4
:104FD0000C46E8E7002E41D08C423D4942D1D1F841
:104FE0003C800A6B02F00702063201279740D1F895
:104FF0008020C2F30C029A4247DDB4F900302588C4
:10500000002BD6DBA378C5F30C0503F007037A1E4B
:10501000A5EB08053A43052B337005EA02052CD8A9
:105020002DB2E84340F236420421C00FFFF768FB7F
:105030007580E378274A337412687B1E03EA0803FD
:10504000D118B160A9B213FA85F5BD4289BFFF1A24
:105050000023B780F2609CBFB180F360484608F03F
:1050600067FAAAE7A4F10802824238BF04F1780285
:10507000B2F80080C8F30C08B3E7174BDB6C003BB9
:1050800018BF0123A5EBC305CAE78B6B7A1EA3EB00
:1050900008033A431A40114B15B25B686AB9C3F36F
:1050A0000363D91E4B424B41DB0033700B4B7280C4
:1050B000D3F89030C3F30723BCE70823F5E700BF1C
:1050C000F24E0020F44E0020B8230020384C00207F
:1050D000001008403C4C0020000008400040084000
:1050E00000284CD00378112B49D9294B42781A70EB
:1050F00082785A70C2789A700279DA7042791A719D
:105100008279003A18BF01225A71C279003A18BF59
:1051100001229A71027A003A18BF0122DA71427AAA
:105120001A721C4A002111700278172A18D9827C41
:10513000521A18BF01225A72C27C9A72027DDA7228
:10514000B0F815209A81B0F81720DA81427C1A74E1
:105150000278182A8CBF427E00225A7400207047C1
:10516000827A003A18BF01225A72C27A9A72027B7E
:10517000DA72B0F80D209A81B0F80F20E5E7064A00
:10518000D2F83C311B0C1B04C2F83C3101207047A3
:10519000F64E0020424F00200040084003460328FE
:1051A00023D8DFE800F00213171B114A137A012BF2
:1051B00002D15079A8B97047022B02D1907980B9F9
:1051C0007047032B11D1D07958B97047084A5079EC
:1051D00038B97047064A907918B97047044AD079AF
:1051E00020B1044A0120137070470020704700BFAF
:1051F000F64E0020424F002008B503490878FFF71B
:10520000CDFF087808BD00BF424F0020431C08D0E6
:10521000044AD2F83C311B0C1B0480B20343C2F891
:105220003C317047004008402DE9F041FFF764FD34
:105230003B4B3C4E1C683C4BDFF80C811A6E3B4AE2
:105240001B6B15683A4F0121084640F22322FFF7F5
:1052500057FA384BD3F810212260D3F8F820626057
:105260007269A260B26AE260B26C2261F26C626141
:10527000B26FA261D8F88020E261D8F818202262CB
:105280007A686262D3F81821A262D3F81C21E26224
:10529000D3F820212263D3F824216263D3F850216C
:1052A000A263D8F8B820E263033525F003059B6BB1
:1052B0002B60B3696B60D8F88430AB6001F0C8FF35
:1052C000E860FB6F1C4C2B61D4F8BC3E6B613B6A01
:1052D000AB61002001F02EFA0023C8F88430174B90
:1052E0004FF40072C3F88820D4F8BC3E23F4006366
:1052F000C4F8BC3E2023C8F81032114B01221A64B6
:1053000003F580434022DA600E4BB2691B7C1B021E
:1053100003F4706322F470621343B361BDE8F0815B
:10532000404F020000700840001008403C4C002034
:1053300000000840004008400010002100400844E0
:1053400000000846F64E00200060084013B50446F1
:1053500001F084FF104B1B6B400013F4801F0F4BB8
:1053600014BF201A00190024CDE90004186801F0C8
:105370007BFF21468DF80600684601F0D1FF40B161
:10538000074AD2F83C311B0C1B04C2F83C314FF0E9
:10539000FF3002B010BD00BF00300840EC490020D3
:1053A000004008400C4B4FF4001210B59A6103F115
:1053B0007E430122094CC3F8F820636813F0706F34
:1053C000FBD1FFF799FC064B08221A606368C3F310
:1053D0000363022BFAD110BD00600846004008406C
:1053E000004008460B4BFF2210B51A6008F09CF8ED
:1053F0000E210446032001F00DFC074B40F2012270
:105400005A62204608F094F8044A536813F0706F0B
:10541000FBD110BD00400844000008400040084097
:105420000A4A0B4B916A0B4043F0804343F4184304
:105430009362084B4FF480025A61A3F540534FF436
:105440000022C3F81021C3F8F8207047007008400C
:10545000FF01108000700846694A936C23F47F5363
:1054600023F03F0343F4605343F03E0373B593646A
:10547000D36C644C644D654E1B0D1B0543F41653F1
:1054800043F03C03D364936F03F07F4343F4DB03A7
:1054900043F490639367936A23F0BF0343F0A70339
:1054A00093625B4B4FF480025A615A4B0022C3F85F
:1054B000802003F180634FF4E0729A6103F100737E
:1054C0004FF480729A61544A536823F0070343F003
:1054D00005035360514A4FF40023C2F81031D4F849
:1054E000183123F0404343F08043C4F818314FF49F
:1054F0004043C2F81C31C5F81C31D4F82011484B88
:105500000B4043F4886343F00503C4F82031D4F81A
:10551000243123F0370343F02003C4F82431D4F8B6
:10552000243123F4472323F4E06343F4042343F4B6
:10553000A063C4F824314FF4F873C2F85031082343
:10554000C5F818314FF48033C5F8103114200CF031
:105550008FF9D4F8183123F47F5343F04003C4F893
:1055600018314FF40033C5F8103114200CF080F9D5
:10557000D4F81831334043F0807343F48043C4F8C7
:10558000183114200CF074F94FF48023C5F8103151
:1055900014200CF06DF90923AB63224D14200CF09C
:1055A00067F9687CC8B101AA69460CF020F9D4F803
:1055B0001831019A23F47F5343EA8213C4F8183157
:1055C000D4F81831334043EA8233009A43EA026345
:1055D000C4F8183114200CF04BF90E4AA978D2F80F
:1055E000B830C3F3160343EA016343F40003142005
:1055F000C2F8B83002B0BDE870400CF039B900BF55
:10560000007008400040084000400846FF3FC0E0EE
:105610000070084600600840000008400040084450
:1056200032F33FFFF64E002010B50446FFF7DAFED6
:10563000FFF7FAFD022C15D1114BD978104A2046FC
:10564000537812780CF0DFFB431C0DD0FFF77EFE81
:10565000013009D0FFF7A6FE022C0BD1FFF7E0FEC8
:10566000002003E0032C02D04FF0FF3010BD044BAC
:105670001979E3E7032CF7D1FFF7EEFEF0E700BF5F
:10568000F64E00202DE9F84F0E2A0546BDF8287089
:105690001646184658D82E4BDFF8C4A0D3F83C4124
:1056A000DFF8C08024F4FE4424F07F047F2994BFF7
:1056B0000C4344F07F047F2D28BF7F2544EA052456
:1056C000C3F83C410CF0D4F8224B4FF0010909FA21
:1056D00006F9D3F800B000263546344638460CF0BB
:1056E000C7F89AF80930ABB91B49D8F83C202023F9
:1056F000CB63C8F83830012302F02002C8F84030EC
:10570000D8F830309B06FBD52023CAB1134AC8F81D
:105710003830D3639AF80B30B34206D84FF0FF31DC
:10572000584601F0CFFA0135044401364E45D5D133
:10573000002D08BF012594FBF5F000B2BDE8F88FFD
:10574000CB63C8F83830E5E747F6FF70F6E700BFEF
:1057500000400840EC4900200070084400700846F2
:10576000F64E002000700840344B73B51C68344B73
:105770001D68FFF737FE04F093FF324B2268C3F831
:1057800010216268C3F8F8202F4AA1685161E168CE
:105790009162216991646169D164A16991672B4922
:1057A000E069C1F88000206A88612948666A46601D
:1057B000A06AC3F81801E06AC3F81C01206BC3F8A3
:1057C0002001606BC3F82401A06BC3F850010335BE
:1057D00025F00305E06BC1F8B800286898636B6892
:1057E0009361AB68C1F88430EB680093194B0024D7
:1057F0001868019401F038FDAB698DF80600214668
:105800006846ADF8043001F08BFD2B699B0702D090
:10581000012000F08FFF104B6A69C3F8BC2EFFF720
:105820006BFA0E4B01221A6403F580434022DA60C2
:10583000074B4FF0FF329A6602B070BD404F020036
:105840003C4C0020004008400070084000600840C8
:1058500000000840EC49002000100021000008442E
:1058600008B501F0F5FC30B1044BD3F8C000431C7F
:1058700000D080B208BD4FF0FF30FBE70081E00FA1
:105880002DE9F04104460E46174698460BF0DAFF24
:10589000012C05460FD0A31E012B06D82046FFF78A
:1058A000C3FE013023D1FFF75FFF0BF0CBFF4FF0BA
:1058B000FF30BDE8F081FFF7D3FF0446FFF71CFA85
:1058C0000BF0C0FF0F4B401B98423BBF4FF6FE71E1
:1058D0004FF47A730021B0FBF3F038BF0140631C32
:1058E000E5D02046FFF792FC44EA0140E1E7BDF82D
:1058F00018304246394630460BF0F6FE0446FFF7B4
:1059000033FFDDE718FCE70307B5FFF775FCFF2859
:105910000AD0074AD38900939389927A0221FFF72C
:10592000AFFF03B05DF804FB4FF0FF30F9E700BFB5
:10593000F64E0020054BD3F8B400431C14BFC0F34F
:1059400080700120A6223121FEF7DABE0081E00F2F
:10595000034B1A689B88026083800020704700BF59
:10596000CC2100200F4B0628D3F8883104D183F4D2
:105970000013C3F340507047022805D113F4400FC1
:105980000CBF01200020704750B9074AD2F8D4005C
:1059900010F0010005D083F48003C3F380507047FA
:1059A0000020704700400E400081E00F0C4A5288F2
:1059B000B2F5E16F94BFC8225A2210B594BF782483
:1059C000502490428CBF172210220A70054A0346C9
:1059D000107818B19C422CBF0020012010BD00BFE0
:1059E000CC210020EB21002013B5234B1B780E2B7C
:1059F00004463ED00DF10701FFF7D8FF1E2C8CBFE7
:105A00001E4C1F4C9DF807304FF001028CBF012146
:105A10000021C4F8082170B1194A4DF60174C2F88A
:105A200004411B0202F1007243F44043C2F8043106
:105A3000144AA2F8D430134A134C92F8D83023F009
:105A40000103034323F0020343EA4103DBB282F87C
:105A5000D83024786CB923F0040343EA800323F0A0
:105A60000803B2F8D440A2F8D64043EAC10382F852
:105A7000D83002B010BD00BFCC2100200040084645
:105A800000400844001F0021454F0020084B094AF0
:105A9000D3F88831DB4303F4FE1343F40053B3FA25
:105AA00083F30E33A3EB4313013B1370704700BF26
:105AB00000400E40EA21002002280CD0062802D027
:105AC00020B100207047054B18787047034B1878B9
:105AD0000430C0B270470720704700BFEA210020A1
:105AE0002DE9F7433A4E3B4F96F8009015463A4A57
:105AF000D2F8C820B9F1020F0446884607EA020727
:105B00001AD147EA006788F80000002372882B60EA
:105B1000B2F5E16F94BFC8225A2227F47F5794420E
:105B200027F008079ABF380A00F47F5043F6C87080
:105B3000384303B0BDE8F083284A1278904228BF6A
:105B4000144604EB83030B70F4B1013CE4B24FF054
:105B500030632B606A4601A920460BF048FEDDE960
:105B6000002347EA03671E4B98F800101B7847EAAA
:105B7000823747F47F5747F008073BB90029194B94
:105B800018BF4FF07F43C1E7164BE2E7164B1748AB
:105B9000B9F1060F08BF03462AB90029114B18BFF7
:105BA0004FF07F43B2E7B2FA82F2C2F11F02D2B2E3
:105BB0009B5CDBB239B15A1ED2B2FD2A05D81B0656
:105BC00043F00403A2E7074BA0E74FF07F439DE7B4
:105BD000CC2100203F00C0E0001F0021EA2100206E
:105BE000464F00200400000BB883E00FB083E00FA5
:105BF0002DE9F3410446C820FFF7F6FE2B4B2C4E4F
:105C000018780E2801D0FF2C05D1FF2434702046CF
:105C100002B0BDE8F08102282DD1072C204628BF14
:105C2000072001284FF0000301AA0DF1030138BF3E
:105C30000120FFF755FF05461E4B1F4FDDF804807E
:105C4000C3F85881C7F8C8509DF803403470204607
:105C5000FFF7CAFE194A4FEA082303F4E0631278FB
:105C600043EA1863A7F8D030002AD0D1C7F8CC5047
:105C7000A7F8D230CBE7A0B9052C32BF0027012707
:105C80000420201A3B4601AA0DF10301C0B2FFF720
:105C900027FF4FF48003054637B1094AC2F808319F
:105CA000CAE700273846ECE7064AF7E7CC21002090
:105CB000EC21002000400840001F0021454F00203B
:105CC000004008460040084408B501F0E1FA094BDD
:105CD000094A002818BF1A46136823F47F115B088D
:105CE00003F4FE130B431360044B4FF00072DA61B0
:105CF00008BD00BF0041084018410840004008406E
:105D000008B501F0C5FA064B4FF4001228B1C3F8EC
:105D100000214FF000621A6208BDC3F81821F8E7AD
:105D200000400844014B1868704700BF404C0020F9
:105D3000436C012B38BF01232DE9F0479A46464BAF
:105D4000464F9B69464E474D03F4E073A3F5C0727E
:105D5000804645485142514102685245434A0FD15D
:105D600014788C420CD198F8D0C03C78A44507D167
:105D700098F815C03478A44502D1A888BDE8F0870A
:105D8000B3F5C07FC0F800A011704AD1D8F8944094
:105D900024B12368082B58D994F838400F212046A5
:105DA0000BF007FDBAFA8AF3002852D0B0FA80F25D
:105DB0009B1A002BC6BFD840C3F10F094FF00F0943
:105DC000504501D909F1FF39234B2004C3F8BC0029
:105DD00003F1806340F6FF72C3F8B82003F100734B
:105DE0004FEA0921C3F8B8100BF014FDA88000F0A9
:105DF0008DFE09F01F094FF4FA7304FA09F45C43AD
:105E000041F66A03B0FBF3F00A23B4FBF0F45C4301
:105E1000174B1C6098F8D0303B7098F815303370F1
:105E2000ABE798F8D030062B06D1124B1B78002B2D
:105E30000CBF9624C824B1E7022B08D00D4B1B7869
:105E4000002B0CBFB424F024A8E70024A6E73224DA
:105E5000A4E74FF00F09B7E700600840E9210020F0
:105E6000E8210020CC21002018210020484F0020EC
:105E7000404C0020464F0020FF290DD00F4B10480A
:105E8000C3F850010B04090501F0F87103F4E02395
:105E90000B430C49C1F85031FF2A0DD0074B40F29B
:105EA000F711C3F85011130103F4F87302F007025D
:105EB0001343044AC2F850310020704700400844A0
:105EC0000000F70100400846F8B5134B134E1F6859
:105ED000134D384601F0C8F93378C4B2A34201D15A
:105EE0002B78A3B1092C14D80E4B012C195D05D1C8
:105EF0000D4B1B78022B01D141F0400101F00F0244
:105F000038460909FFF7B8FF002334702B700020D2
:105F1000F8BD0024FA21F1E7EC490020444F0020AD
:105F2000434F0020444F0200CC21002038B50446E6
:105F300000F094FD142200212E480CF079F82E4B2D
:105F400025781A782D49521B18BF01220A70226841
:105F50001A60C820A2889A80FFF746FD284BD3F824
:105F6000C820284BFF211970274B2849062D03EA2A
:105F70000203274A1AD14FF4EE40C2F824014FF42D
:105F80008A42C1F82421012243F08043C1F8202134
:105F90001B4AC2F8C8301E4B0322C3F85821FFF732
:105FA00093FF1C4B01221A70002038BD022D4FF0C8
:105FB00007000ED1C2F80C010620C1F80C011649E9
:105FC000C2F808114FF4404143F00303C2F8041132
:105FD000DEE7C2F80C010520C1F80C01C020C2F8B0
:105FE000080143F08043812243F00403C1F80821F3
:105FF000CEE700BFC81F0021CC210020434F002066
:10600000001F0021EC2100202800C0A0004008460D
:1060100000400844474F0020C1004000014B187069
:10602000704700BF464F00202DE9F0472D4C2E4B06
:10603000236000F06BFD4FF4FA7307464FF47A7655
:10604000B0FBF6F629482A4A7343190E1B021818AA
:1060500041F10001002305F0F3F9A0F58073054636
:10606000A36220B966222B21FEF74AFB01254FF4DB
:106070007A726A434FF0000A53465008310205F025
:10608000DFF91C4B19601C4BB7F57A7F4FEA0568A6
:106090008946044618604FEA152505D276222B2141
:1060A0005046FEF72DFB01264FF47A73A8FB03013F
:1060B00003FB05117308C01841F1000100233246AB
:1060C00005F0BEF90D4B023419600D4B49F1000982
:1060D000A408186044EA8974024B013C1C63BDE8C3
:1060E000F08700BF005008400211010020A1070006
:1060F00040420F00504C00204C4C0020484C0020E7
:10610000444C0020044B4FF00052C3F880211A6029
:10611000024B01225A60704700E100E00050084045
:10612000074B4FF00052C3F88021C3F88020BFF323
:106130004F8FBFF36F8F034B04225A60704700BF2D
:1061400000E100E00050084010B50446A242A2EB76
:106150000000A3EB010104D2034B1B6B0133184475
:10616000013901F0030110BD0050084038B50201AB
:106170000A4B01259D500A4A4FF4807383405366B1
:10618000044607F0D1F9074A1378A54023EA05032E
:106190001370BDE8384007F0CBB900BF0051084488
:1061A00000500840494F00202DE9F04715460446AD
:1061B00088461E4607F0B8F9022D00F0B880074661
:1061C00007F0C1F96C4B6D4AD3F8189092F815A0FE
:1061D000DA6D5FFA8AFA520744BFD3F818900AF1D1
:1061E000010A07F0B6F9664B664A1B6811684FEA68
:1061F0008A7CA3FB093213F1004301FB09CCD8F8D8
:1062000000304CEB020C012D04BF01336344ACEBB6
:10621000030C08BFC8F80030BCF1804F0AF0030A35
:10622000C0F09880584AD2F800C0584AD2F800E02E
:10623000514A23F04041106B4FF000480022ECFB24
:1062400001820EFB012282424FEA937381BF013328
:106250000130121A03F00303A3EB0A03914588BF30
:106260004549DFF848C184BF096B03F1FF3303F0F0
:1062700003030CF80430A2EB0900A3B1F10742BFFD
:10628000434B41F61F71D966B30742BF404B4149AA
:10629000D966710742BF384B00211967330742BFE7
:1062A000354B00211965344B04F1100103EB041E3A
:1062B0000901CEF80C2111225A5037499A694FF042
:1062C000010EA2EB090A0EFA04F8D3F85C900A78E2
:1062D0005FFA88F848EA020282450A7026D34FF432
:1062E0008072A24019EA020F20D11CF80400002895
:1062F0003FD10DB3F0071A6608D5254B274941F663
:106300001F7240F20110DA66C866DA66B10706D578
:106310001F4B22491F4A2248DA66C866DA667207AE
:1063200042BF204B01229A60330719D4384607F048
:10633000FFF80120BDE8F0871B48240140F804E085
:106340005A6607F0F1F814490B7823EA08030B703A
:1063500007F0EEF8384607F0EBF80020BDE8F087CC
:10636000212000F0B9FA044B4FF480325A603846CD
:10637000DDE71A663846DAE700500840B84C0020DE
:10638000444C0020484C00204C4C0020504C002035
:106390000050084400001F1F494F002000500846CD
:1063A0000000010100400840005108444A4F00200D
:1063B000024B1878003818BF01207047494F002061
:1063C0001030034B0001185800F00100704700BF67
:1063D000005008401030044B01F46001000141F00E
:1063E00003011950704700BF0050084038B507F04E
:1063F000AAF8084B084A9D69547DDA6D520748BFD8
:106400009D69E4B248BF013407F0A3F8284604F0C0
:10641000030138BD00500840B84C002038B50B4B84
:1064200003EB001210300001D2F80C411D58FFF7A9
:10643000DDFFAB0706D5844200D90139204601F0C3
:10644000030138BD844238BF0131F7E700500840EE
:1064500070B5184CE66B26BB202000F03DFA164BB9
:1064600010251D6002F006FC144B8022C3F8802129
:1064700001F002FD38B132460020082102F068FD2B
:106480000F4B65669D660F4A536803F07063B3F166
:10649000807FF9D9074B0C4ADA6641F201421A674C
:1064A00070BD01F0E9FC0028F4D0054A074B636693
:1064B0009366EFE7005008400040084600E100E026
:1064C0000050084600400840011B0118100000025F
:1064D00008B5212000F000FA024B4FF480325A60D8
:1064E00008BD00BF0050084008B5222000F0F4F9B4
:1064F000024B4FF480225A6008BD00BF0050084094
:10650000064B1B68434303EB8171054B1B68A3FBE0
:10651000003013F1004341EB00007047484C00206D
:10652000444C00200D4A10B5146820F04043014649
:106530004FF000420020E4FB0320094A126802FBEE
:106540000300084B1B6B98424FEA917104D9013349
:106550000131C01A01F0030110BD00BF4C4C0020F6
:10656000504C002000500840F8B5064603F080FE6D
:10657000044608B1FFF7D4FD084D094F00232B61F5
:1065800030466B61AB617B75FFF7CCFFC9B27975A3
:10659000A8610CB1FFF7B6FD0020F8BD005008401F
:1065A000B84C00202DE9F041224F0646386820F40F
:1065B000700040F4A00038609DF81C401D1E9DF83E
:1065C00018304FEA042444EA036444EA021408BF82
:1065D000002144EA05440C43FC64D7F82C80B8F54C
:1065E000803F40F2B5224FF018012CBF002001205F
:1065F000FEF786F8C7F83880CDB10F4BB468D3F8F2
:106600008030412C38BF41245B0606D500F014FBD6
:1066100018B10A4BB3FBF0F31C442046FFF782FF8E
:1066200001308045034B3ABF0022DA63D863BDE8EE
:10663000F08100BF005008400070084000093D0094
:10664000F8B5184DAB691B04044626D500F0B0FB25
:10665000AB6913F0787FA0FB04464FEA9367C3F35E
:106660004450C3F3044505D140F25E422B21FEF7AE
:1066700047F80120AD01B5FBF0F010EB871005D114
:1066800040F263422B21FEF73BF801200246002333
:106690002046314604F0D4FEF8BD00F0CDFAA0FB50
:1066A0000401F9E70070084030B50C4C02460120A7
:1066B000A0F12003C0F1200524FA05F504FA03F344
:1066C0002B4304FA00F595428B4100D330BD0F28CF
:1066D00001D00130ECE7FF20F8E700BF40420F0097
:1066E00010B50C46FFF7ACFFC30943EA4163C01A7B
:1066F00061EBD111FFF7D8FFFF2814D00C4B0F220C
:10670000C3F8802003F1007340F01000C3F880004C
:1067100003F17A439B69DBB2802B06D02046BDE8AB
:10672000104000F031BB012010BD0220FCE700BF8B
:10673000007008443B4B082270B501210546C3F8A0
:10674000C8203948394CEFF745F9394B1D7023788B
:10675000013B012B0CD8237CE07B01229A400C21C9
:10676000302313FB001303F1884303F520431A6021
:10677000304B00225A677DB92F4A4FF6FF71D1671F
:1067800002F10072F821D1675D672C4B4FF0804217
:10679000C3F89420002070BD636853B300F0B6F9CD
:1067A000626800EB5203B3FBF2F3013B1B0243F0C0
:1067B000F80326782049224A022E1CD0032E1D48B9
:1067C0004FF6FF7521D0012E27D143F00203CD678C
:1067D000D36707234367237CE07B01229A400C2187
:1067E000302313FB001303F18C4303F520431A609D
:1067F00011E0F823DDE743F001034FF6FF70C867AF
:10680000D3670C4B05225A67E5E743F00503CD67D4
:10681000D367012343670B4BB8E7CD67D3670023EA
:10682000F8E700BF00400E4600350A00544C002037
:106830004F4F00200000084000000844004008447A
:106840000000084600400846F8B5064604460FCE4C
:106850001C4F3D460FC533682B601B4B1B4808225D
:10686000C3F8C8200121EFF7B5F8194A0023536790
:10687000A37BE17A1B0443EA0123217A0B4393674C
:106880003B78032B1BD8DFE803F01402080E617B72
:10689000207B00230422F0F739FB217CE07B0023DE
:1068A0000422F0F733FBA17A607A01230422F0F787
:1068B0002DFB084B1878BDE8F840FFF73BBF0120DF
:1068C000F8BD00BF544C002000400E4600350A00C1
:1068D000000008404F4F0020044BD3F89430002BA9
:1068E000BCBF034BC3F88000704700BF00400840A6
:1068F0000000084008B5064B06491A684FF00450DE
:1069000092000BF0CEFABDE8084000F0BDBF00BF1A
:10691000784F02007C4F020070B50C68651C15D0E2
:10692000C4F302669E42C4F3074530D1A4B2944238
:106930002DD804EB8506B24229D2141BA50824F0F9
:1069400003040E59340F04D0012C09D00022012376
:1069500003E06B1C51F8232000230260037170BD1B
:106960000D4C34F8133042EA03431A686B1C51F89B
:10697000234001EB830122404B685E4036F07044B7
:10698000EAD11B0F032B04BF8B681A43E4E70135E0
:1069900001EB8501C1E700BF564F020007B501A812
:1069A000F0F7E0FD134B144AC3F8442148F2E672B5
:1069B000C3F838214FF40862C3F834210F4AC3F8F2
:1069C000A0200F4A4AF63F41916002F580424FF005
:1069D000C07191620022C3F8FC200A4AC3F89C20CF
:1069E000094B7F225A6203F1007323225A6203B0DB
:1069F0005DF804FB00400840C0E653517A27000FC1
:106A000000300840806D6303003008440F4B0022C3
:106A100010B5C3F88820C3F88C20C3F890200C4A26
:106A20000121D1605A6812F0706FFBD14FF004520F
:106A3000DA67012402F5FD52C3F880401A66054B5F
:106A40001B689847044BDC6010BD00BF0040084045
:106A5000004008461C21002000400844034BFD2252
:106A6000C3F8C8200122C3F8CC20704700400E466E
:106A700038B5FFF7F3FF1B4B1B481C4C1C49022287
:106A8000C3F8C8201B4B1A6842B102EA0005A542B0
:106A900004BF5D68156008338B42F4D1164B0222A7
:106AA000C3F8C820154B164AD3F83C111160154A9B
:106AB000C3F8942000F08AFCFFF770FF124B03220A
:106AC000C3F8D820A3F500530122C3F894204FF453
:106AD0006072DA604FF04072C3F8F820C3F81021FA
:106AE00038BD00BF00400E460000FFFF0000084018
:106AF000B081E00F0080E00F00400E4400400840ED
:106B0000202100200048F0000060084608B5EDF79D
:106B100047FF044BD3F81031C3F308230133B0FB14
:106B2000F3F008BD00400E4070B5044618B1284D82
:106B30002268531C00D170BDC2F30063110C35F8FC
:106B4000130011F0FE0F93B243EA0043606818D0BF
:106B50000434CAB2022A216808D9D4E90160033A90
:106B6000C3E9001698600C340C33F3E704D1626873
:106B7000C3E900120834DBE7012AD9D104341960D3
:106B8000D6E7120F072AF5D8DFE802F00704090D4F
:106B90001013181DC04303F180631860EAE71A68F8
:106BA00042401A60E6E703F1C063F6E70AF060FED0
:106BB000E0E70122824003F1C063F2E70122824054
:106BC00003F18063EDE71A6830EA0202FBD1D1E7F6
:106BD000564F0200024B0122C3F89420704700BFB9
:106BE00000400846024B0122C3F89420704700BFC2
:106BF00000400844024B4022C3F89420704700BF75
:106C000000400844024B4022C3F89420704700BF64
:106C100000400846064B5B68C3F30363984206D105
:106C2000044A936B23F0F00343EA01119163704728
:106C300000400840001F00211F4B1B68D3F8943010
:106C400070B52BB11A680A2A02D91C6C204670BD97
:106C50001A4DAA6D6B6DC2F34544C2F3CD010134E8
:106C6000C3F3441601FB0444C3F3822103F01F0362
:106C700006FB01335C4302F00702114B9B5C5C4353
:106C8000640004D0FFF742FF7043B0FBF4F4D5F882
:106C9000E430190505D513F0FF021CBFE401B4FB75
:106CA000F2F41A01D2D5C3F30A43002BCED0A402CA
:106CB000B4FBF3F4CAE700BFEC49002000600840D1
:106CC0004E4F02002DE9F0470E460AF0BBFDDFF8FB
:106CD000B090DFF8B0A08046002506F025FCD9F87A
:106CE0000430C3F30363012B07460BD1711C1AD088
:106CF0000AF0A8FDA0EB0805384606F019FCAE42E4
:106D0000EBD80DE0052BF1D00B2BEFD0023B012B84
:106D10000CD9013602D00AF095FD384606F008FC81
:106D20001648BDE8F08706F003FCD6E7DAF808302D
:106D30001A04C3F389140FD4013602D00AF082FD7D
:106D4000384606F0F5FB24B2A4F1C8006FF4FF73D7
:106D50009842B8BF1846E4E7731C03D00AF072FDEE
:106D6000A0EB08056FEA84546FEA9454384606F0A5
:106D7000DFFB14F5007FC2D0E6E700BF00FEFFFF97
:106D8000004008400070084010F1800F04D04D28EA
:106D9000DABF323040B27F20044BFF229A6103F108
:106DA0000073C0B298610020704700BF00700844B3
:106DB0000B4B0C499A6D70B502F007029E6D8C5C0E
:106DC0009D6DFFF7A3FEC6F3CD0606FB0444C5F395
:106DD000454505FB04448001B0FBF4F070BD00BFE5
:106DE000006008404E4F0200084910B5D1F87031DC
:106DF00040B11C464A68D1F870319C42F9D1C2F3C7
:106E00000362027003F00F0010BD00BF0040084095
:106E1000094BD3F8883001F0800103F480030B4361
:106E200009D1064B4FF400129A61837F1BB1044BCA
:106E30000122C3F8F8207047004008400060084471
:106E400000600846144B197829BB144A90695860B1
:106E5000D2F880009860D26DDA60114A50681861EB
:106E6000506B5861D2F8A0009861D2F8A400D861A4
:106E7000906A1862D06A5862126B9A62094AD2F814
:106E8000B820DA6201221A70074B084AD3F8BC0E08
:106E90001060C3F8BC1E70476C4C002000600840B6
:106EA000000008400040084000100021684C00200D
:106EB000184B1A78002A2CD0174A596891619968A2
:106EC000C2F88010D968D165A2F5C0421969516035
:106ED000596951639969C2F8A010D969C2F8A41020
:106EE000196A9162596AD162996A116302F5804206
:106EF000D96AC2F8B810094A0121116402F100727E
:106F00001021D16700221A70054B1A68054BC3F88F
:106F1000BC2E70476C4C0020006008400000084404
:106F2000684C00200010002120B9144B4FF470026F
:106F3000C3F8B820124A936903F4E071C02913D052
:106F400003F0C003802B15D10E4B0F4ADA6503F115
:106F50007E433022DA650D4B05225A600C4A01232C
:106F600013640C4A9360704723F4E07343F080038A
:106F70009361E9E70023C2F88030E5E70040084468
:106F800000600840006008460F00FFFF0000084056
:106F90000000084600400840012801D0042823D101
:106FA000154BD3F8A02022F48042C3F8A020D3F8D8
:106FB000A42022F48042C3F8A42001225A63242290
:106FC0009A624FF48072DA624FF49C721A6303F192
:106FD00080631022DA67084B05225A60074A0123B2
:106FE0001364074A93607047064B3F22DA6503F14A
:106FF0000073054ADA65EEE7000008400000084625
:1070000000400840006008441200FFFF10B506F081
:107010008BFA084B1B6804463BB1984728B1002205
:1070200000204FF4806100F061FD2046BDE8104073
:1070300006F07EBA9C4C00202DE9F0411F4CDFF891
:107040009080069F0646A2FB03502C1960F1000EAB
:107050009C46A0454FF0000373EB0E0E07D24FF491
:10706000B4720E211846FDF74BFB02201BE00029ED
:10707000FBD0C6F3130601EB5C04B4FBFCF4A4FBE9
:107080000646E40C44EA46340D4E34600D4C226052
:107090000D4A914209D10D4AA5FB025302FB003370
:1070A0009B093B600020BDE8F081C4040A46E80467
:1070B00044EA553104F0C4F93860F3E700C9E876D2
:1070C000A04C0020A44C002000F049020A3BB2DF93
:1070D0000046C32338B5164D2B780C4623B9154B03
:1070E0001B6D03F03F032B70134BD3F894305B05FB
:1070F0001CD5124BB0FBF3F040F24D534343A3F5C4
:1071000046430C3B584300F5C91000F5556028B9BB
:1071100040F21B322B21FDF7F3FA01202B78084AAD
:107120005343B3FBF0F30020236038BD0220FCE79B
:10713000534F0020003008400040084000366E01E8
:107140008096980070B5374C374B256B374C1B68D1
:107150002468ED024CBF1B191B1BB3F1804F04D8F0
:10716000002B3AD1324E1C460AE0B3FA83F4314E7A
:10717000C4F10204E340304DAB4201D901345B0855
:1071800003EB5605B5FBF6F52C4EB34234BF002693
:1071900001262403013D44EA86242C430C60D8B127
:1071A000B3FBF0F1642400FB11336343984288BFC2
:1071B00001F1FF314808013801390728204D214CE1
:1071C0004FEA510311D9002129700621C4F8941007
:1071D0001B0243EA0013136070BDB3FA83F4D4F1C9
:1071E0000204134EC6D50024C5E71029EBD068B1C0
:1071F000012129700621C4F8941013490978002947
:10720000E6D012490224C1F89440E1E7012914BFF5
:107210000121002129704FF00601C4F89410ECD12F
:10722000D6E700BF00300840A44C0020A04C00204E
:10723000E0673500C0CF6A003FBE4025401B5F13AA
:10724000504F002000400844514F002000400846A5
:10725000014B1868704700BFA44C0020014B186810
:10726000704700BFA04C0020084B5B6B03F0070089
:10727000C3F3C20213F0380F18BF5043C3F3821296
:1072800013F4E07F18BF5043704700BF0030084040
:10729000034BD3F8380180F01000C0F300107047A2
:1072A00000400840174B4FF4002210B5C3F894205B
:1072B000154C164BB0F1804F88BF1C46144BDA6C4E
:1072C000D2071DD51B6F134A04F5F42404F59074FE
:1072D000B4FBF2F4033CE4B203F00703A34202D090
:1072E0002046EFF71DFD0C4B1B784BB10B4B4FF4B9
:1072F0007022C3F8942003F100732404C3F894406F
:1073000010BD00BF00400846E0673500C0CF6A00EE
:1073100000300E4040420F00524F00200040084411
:107320007FB50446EDF77AFB1C4B06462C335868B4
:107330000093A37922683146FFF77EFE054648BBDD
:10734000A379012B14BF164916491022C1F8382120
:10735000206815495843FFF7BDFE03AA02A930462D
:10736000FFF7F0FE0F4A43F6FF53C2F8A4300C4B70
:107370000299C3F8A4104FF4EE611163039A1A63E3
:107380002068FFF78FFF094BA2881A6203F540536C
:1073900000229A63284604B070BD00BF0030084048
:1073A00000400846004008445030084000000840B3
:1073B00008B5044B01221A70034B1868FFF772FFDF
:1073C000002008BD524F0020A44C0020024B4FF477
:1073D0008062C3F894207047004008460D4BD3F8F4
:1073E0000421D3F8B030D2B2FF2A03D043F30743CD
:1073F000591C01D190221923074903EBD37302EBE7
:107400006302022381F84630232381F8472081F864
:10741000453070470081E00F001F0021044A536887
:10742000C3F30363022B04BF8023936000207047E3
:107430000040084040B10368012B05D90069034BA7
:10744000002808BF18467047004870475C4F02008C
:1074500038B5054614480C46FFF764F82DB1C30152
:1074600003EB5503B3FBF5F32360104A5368D802CE
:1074700017D40F4B1B68D2F8A810C3F3810311F483
:10748000806203F10103C9B218BFDA00FF2906D0F8
:107490000649D1F8AC10490501D502EBC302626080
:1074A00038BD0022FBE700BF40420F00000008404B
:1074B00000200840084B1A68C117A2FB000310F116
:1074C000807002FB013343F10003400E40EAC31019
:1074D000803820EAE0707047AC4C0020174B072240
:1074E00070B5C3F88420FFF711FB154B154A164EF3
:1074F000C408010B0546E005C01841F10001002356
:1075000003F09EFF114B18604EF66020FFF7D2FF8C
:107510004042C6F89C000E48FFF704F8024658B1F6
:10752000E301500818184FEA15714FF0000341F1BC
:10753000000103F085FF706770BD00BF0040084088
:10754000B2E60E0065CD1D00001F0021AC4C0020EE
:1075500040420F002DE9F843054608469846FFF7DC
:1075600069FF16460746002D00F0A98018F0050FA8
:107570005DD02C69002C00F0A480FEF7D3FB4FF403
:107580007A735C43201A7B68A0F6AC50C01AFFF7F0
:1075900091FFAC8B3062002C00F09680FEF7C2FBAE
:1075A0004FF47A735C43201A7B68A0F6AC50C01A83
:1075B000FFF780FF70614A4BEC68D3F80090002C15
:1075C00000F08580FEF7AEFB4FF47A735C43241A1B
:1075D0007B68A4F6AC54E41A3B68E41A414B1A6881
:1075E000E117A2FB044314F1807402FB013343F161
:1075F0000003640E44EAC314803C3B4BB4613B4C33
:10760000D3F88430F36123684BB148460AF08EFB0F
:1076100028B12368D9F84800324639469847AC6902
:10762000FEF780FB014620460AF081F9F06218F06F
:10763000020F29D06B684FF47A7058435BB13B68F6
:1076400003F51C5310331844AB7F002B46F2A813EC
:1076500008BF00231844FFF72DFF6B69B062002BB1
:1076600038D078684FF47A7202FB0300AB7FA0F544
:107670000350002BA0F1100046F2A81308BF00230E
:10768000C01AFFF717FF706218F0040F17D0A86830
:1076900018B34FF47A735843A0F503501038FFF72E
:1076A00009FFF0602B684FF47A70584323B13B68B0
:1076B00003F51C5310331844FFF7FCFE3061BDE89E
:1076C000F8834CF2503062E74CF2503070E74CF2E5
:1076D000503483E747F23050D3E747F23050DEE7CB
:1076E000EC490020AC4C0020001F0021A84C0020D9
:1076F00010B508461C460AF0ACF8094B0246D3F810
:10770000F800FFF797FE0368A018002B054AA8BFF2
:107710004FF4FA721A44044B92FBF3F2104410BD7A
:10772000001F00210CFEFFFF18FCFFFF094B10B5E6
:107730000246D3F8F800FFF77DFE044610460AF033
:1077400088F863684FF47A7203F5FA7393FBF2F3E7
:10775000184410BD001F00212DE9F04F384C0A4697
:1077600085B00D46002181460AF062FCD4F8C8308D
:1077700043F06C029A4204D00025284605B0BDE8CB
:10778000F08F304BDB68D907F6D4FCF7ABFD00284F
:10779000F2D0D4F81061C6F30826002EECD12A4CA2
:1077A0002A4BD3F81880D4F884300193284B4FF03B
:1077B00060529A6103F100734FF000629A612423D2
:1077C000C4F88430234B04221A604FF4804A4FF4EB
:1077D0008053C4F868A0B3466362AB4512D31E4B16
:1077E00004221A60184A019BC2F88430184B4FF0EB
:1077F0006051996108EA010318498B614FF4804395
:107800009366BAE7226E5204FCD52268D305F9D5F7
:10781000C4F868A00136D4F888200392012EDCD980
:10782000A5EB0B07042FA8BF04273A4609EB0B0072
:1078300003A95F440AF035FB1FFA87FBCDE700BFC1
:1078400000400E4000400840000008400060084032
:1078500000600844004008460040084400600846B4
:10786000074BD3F8D8304FF604014FF605029BB210
:107870008B4208BF1346034A01209365704700BF3F
:107880000081E00F0050084070B5194C0FCC86B055
:1078900001AD0FC5C822236816482B6000210AF0ED
:1078A000C7FB7C22002114480AF0C2FB134B144A88
:1078B000C3F8F020FFF792FD124B1B782BB101ADFE
:1078C0000FCD0B4E0FC62B6823600F4B0F4AC3F82A
:1078D000DC2F0F4AC3F8E02F0E4AC3F8E42F02F161
:1078E000957202F27112C3F8E82F06B070BD00BFA6
:1078F000C81F0021381F0021BC1E0021001F0021CD
:107900003F003700474F00200010002102006202B4
:1079100009C805780708DC060A4B197801F0FF0250
:1079200029B10021197008499202C1F8A0205978A4
:1079300001F0FF0229B1002159709302024AC2F8F6
:10794000A4307047544F002000000846074BD3F87E
:10795000E40E074BD3F88C301A0103D4054B1B6E91
:107960001B0401D500F58070704700BF0010002196
:10797000004008400000084008B505F0D5FD0F4B59
:107980001A78B2B90E4A126812F4843F11D10D4A26
:107990001021C2F894101B786BB9094B1B68DB05EA
:1079A00009D4084B2022C3F89420BDE8084005F014
:1079B000BFBD054AECE7044BF4E700BF584F002079
:1079C00038240020004008440040084610B505F067
:1079D000ABFD0E2104460320FFF71CF9044B40F2D7
:1079E000012220465A62BDE8104005F0A1BD00BF4B
:1079F00000000840044B00221A70044B197811B1A2
:107A00001A70FFF7B9BF7047574F0020584F00203A
:107A100008B505F089FD244B4FF08052C3F8802053
:107A2000BFF34F8FBFF36F8F4FF48072C3F8802086
:107A3000BFF34F8FBFF36F8F0222C3F88020BFF3D5
:107A40004F8FBFF36F8F1022C3F88020BFF34F8F8B
:107A5000BFF36F8F2022C3F88020BFF34F8FBFF397
:107A60006F8F4FF00052C3F88020BFF34F8FBFF3EA
:107A70006F8F8022C3F88020BFF34F8FBFF36F8FCB
:107A80004022C3F88020BFF34F8FBFF36F8F4FF0BA
:107A90000042C3F88020BFF34F8FBFF36F8FBDE864
:107AA000084005F045BD00BF00E100E008B505F065
:107AB0003BFD0D4B4FF080521A604FF480721A60FC
:107AC00002221A60002283F8012310221A60202269
:107AD0001A604FF000521A6080221A6040221A6029
:107AE000BDE8084005F024BD00E100E070B5084C99
:107AF00001232370074B1E68074BD3E90053324024
:107B00001940284001F024FA0023237070BD00BF03
:107B1000564F0020B44C0020382400202DE9F047B7
:107B2000DDF820A003EA0108099B06460D4602EA9B
:107B3000000703EA0A09BAF1000F40F04981031F68
:107B40000B4300F00F81052871F1000380F0E38002
:107B500050EA010300F05C81431E0B4300F01D81DD
:107B6000FFF756FFAB4AD2E9004323EA050324EAB4
:107B700006043C4343EA0807A74BA84D1E68DFF8FC
:107B8000EC8226EA0A0646EA09061E60C2E90047B8
:107B9000FFF7F2FE14F02A4F14BF48F202034FF42D
:107BA0000043B0079E48C26E48BF43F4005383EAC7
:107BB000020122EA0302EA669A4A81660B40D36612
:107BC000C4F380421203210348BF42F48072E306EB
:107BD00048BF42F40052A50648BF42F40072600656
:107BE0009148924DD0F80C3248BF42F48062210691
:107BF00048BF42F4006282EA030123EA0203C5F8A7
:107C00000C328B4BC0F808120A40C7F34025AD0474
:107C1000C3F80C22E20448BF45F48035A30348BFF3
:107C200045F48015A00748BF45F4001514F4001F63
:107C300006D0D8F800000AF0E4F808B945F40025A9
:107C4000E1027C497C4848BF45F40035FA0648BF4C
:107C500045F480050A6A730748BF45F0040585EAC4
:107C6000020323F001031A4002621D40CB61734BF3
:107C700073481D62734B744A16F0010F18BF1A4601
:107C8000836E7D0748BF42F40012704D82EA030103
:107C900023EA0203AB666E4B41660A4000F50050D2
:107CA0009A66C16B04F0010305F5005581EA0302F1
:107CB00021EA0301E96382631A40664BDA63D8F86C
:107CC0000020200248BF644B92F8E92058BF634B64
:107CD000610748BF43F4806322B114F4C06F18BF3A
:107CE00043F480735E485F4CD0F8EC10320748BF15
:107CF00043F0004383EA010222F4A0221140C4F8B9
:107D0000EC101340C0F8E820574ABDE8F047C2F82D
:107D1000EC30FFF7CBBEA0F580630B4306D020F418
:107D20008063A3F500730B437FF41AAF05F0FCFBEF
:107D30003849D1E9003223EA060322EA050242EA81
:107D400008023B43C1E90032484A126892F8E92030
:107D50000AB313F4C06F1ED0434B4FF48072C3F8C4
:107D6000EC2014E005F0E0FB2A4AD2E9003123F0D0
:107D700004033B4341EA080157EA0807C2E900311E
:107D800014BF394A374A4FF48063C2F8EC30BDE87B
:107D9000F04705F0CDBB334BDFE705F0C5FB1D4ACF
:107DA000D2E9003123F001033B4341EA0801C2E973
:107DB00000312F4A57EA08074FF0010315BF9363BC
:107DC0002C4902F1C062CB6314BFD3639363DEE737
:107DD00050EA01037FF4C4AEBAF1010F7FF4C0AEE4
:107DE00005F0A2FB0C4A136823F0010343EA0903E0
:107DF0001360134A4FF48063B9F1000F04D0536647
:107E000002F1C0629366C2E710498B665366BEE713
:107E1000BDE8F08738240020B44C0020000008445E
:107E20000000084000000846006008400060084468
:107E300000600846004008400040084400400846F2
:107E400000500840041C5000041850000050084422
:107E500000500846007008460D0A0A09090A0A0976
:107E6000001008400010084400100846EC490020AB
:107E70000070084000700844024B5868C0F3C0000E
:107E8000704700BF38240020024B186800F0010042
:107E9000704700BF38240020024B5868C0F3C03040
:107EA000704700BF3824002010B50446FEF7E0FDFF
:107EB000FFF7AEFD04F14C00FCF762FFFEF7A6FDF4
:107EC000FEF7B2F8FEF71EF9FFF708FB1049114A5A
:107ED000D1F8F810072304F1A400FFF73BFB4FF49F
:107EE00040010020FEF776FA4FF400110120FEF762
:107EF00071FAFFF7B5FC20B940F2E7221421FCF734
:107F0000FFFBFFF755FABDE810400120FEF712BC59
:107F1000001F00216C1F0021084B8022C3F888201D
:107F200003F17E430822C3F88820054AD2F8BC3EFC
:107F300023F02003C2F8BC3E704700BF0040084653
:107F40000010002108B505F0EFFAFFF7E5FF034B3D
:107F500001229A60BDE8084005F0EABA00400840F6
:107F6000F0B583B00646144602F082F9002800F00E
:107F70009B80514BDD6815F0060540F0958005F0BB
:107F8000D3FA23790095022B07463ED1237B022B9F
:107F900035D00320FEF714FA18B9484B5B685B0430
:107FA0007FD5A37B257B4649A2680192003B18BF81
:107FB0000123012D0B705DD0424A434C0023137006
:107FC0002278002A61D13C4E0420FEF7CFF8F36EF0
:107FD00023F0F85323F4F81343F0506343F4803351
:107FE000F3662A46022301A90420FEF7DDF80028E3
:107FF00052D0364B012130222170C3F894203846EC
:1080000005F096FA002003B0F0BD0320FEF7D8F982
:10801000002846D12279D6F8AC30012A226838D01F
:10802000D51A254B2A4A0095DA6600221A67627B28
:10803000284B002A0CBF012200221A70264B264A28
:10804000D3F8BC3E0CBF43F0200323F02003C2F85A
:10805000BC3E0320FEF78AF8174B204ADA662279E5
:10806000012369460320FEF79FF8F8B11C4B01225B
:108070001A708BE72379022B9ED0009BD6F8AC10A8
:108080000B4413440025019396E72370FFF774FC1B
:1080900099E79A42C5D3C3E70320FEF767F80C4B74
:1080A000F366384605F044FA0320ACE7384605F09D
:1080B0003FFA0120A7E700BF0050084000400840F9
:1080C0005A4F0020574F0020584F002000400846CC
:1080D00000000101594F002000100021010C010097
:1080E0005B4F0020F8B5194C05462078B0FA80F0B7
:1080F00040F206423E214009FCF702FB55B9607888
:10810000B0FA80F0BDE8F84040F206423E21400956
:10811000FCF7F6BA0E4F0F4DD7F8A0304FF440667B
:10812000C3F381232370C5F8A0606078B0FA80F0B3
:1081300040F206423E214009FCF7E2FAD7F8A430AB
:10814000C3F381236370C5F8A460F8BD544F0020C9
:108150000000084000000844F8B50B4C0B4DD4F863
:1081600088300B4F0423C5F88830D4F888305B037F
:1081700000D4F8BD0426C7F88860022009F078FB17
:10818000C5F88860F1E700BF00400840004008469D
:10819000004008441C4B70B5D3F888601B4D03F1B8
:1081A0008063A822C3F8882010221A60184A194B4D
:1081B00093666B66FFF7B0FB174B1B7813B9032070
:1081C000FDF7D4FF00242C67FFF7C6FF134A144BBA
:1081D000D2F8E41E0B40C2F8E43E124B0422C3F86E
:1081E0008820114BB206C3F8C44008D503F580734C
:1081F0009B6CB3F5817F22BF034B80229A60BDE860
:10820000704001F051BE00BF0040084000500840DF
:1082100000500844100000025B4F002000100021B5
:10822000DF0000FF00400844001E002110B549B9DE
:1082300018B3144A53681B0E13F00E0F1DD11368A8
:108240009A061AD4FFF7C2FB0E4C0020FEF7CCFDB5
:10825000032801D0092806D1D4F88C30DB03F4D4EC
:10826000636F0C2BF1D9FFF777FF074B0122DA6020
:1082700003F17E430422C3F88820044B4FF4C0620C
:108280005A6210BD004008400040084600600844A3
:1082900008B503210920FEF7BDFC024B20229A609D
:1082A00008BD00BF0040084038B5054605F03CF960
:1082B0000446FCF721FD35B1FFF79CFB2046BDE8E5
:1082C000384005F035B9084B1B78002BF6D0074B2A
:1082D0001D78002DF2D1FFF78DFB2A464FF4804028
:1082E0000021FFF703FCE9E7574F0020564F00201D
:1082F0002DE9F84F564B0646D3F888300D46144604
:10830000002A40F0A28013F0A00F14BF4FF0010923
:108310004FF00009DFF854814E4F01F0C5FDA02356
:10832000C8F888300320FDF721FF0420FDF71EFF69
:108330004FF0000AFFF75EFB474BFB66C7F870A0E3
:10834000FFF70AFF454BD3F8BC2E42F02002C3F8DA
:10835000BC2EFF22C8F800203D4A4FF48071916086
:10836000D3F8E42E3E494FF0040B1140C3F8E41E4D
:10837000C8F888B0C3F8C4AEFB6813F0060F04D089
:10838000FEF7B2F85846FDF7F1FEB9F1000F08D03C
:10839000344B4FF40062C3F88820334B4FF4004253
:1083A0005A6666B1304B5B6C180701D4FFF70EFBC1
:1083B000FFF76EFF0420FDF7D9FEFFF7ADFA244B5F
:1083C000DA68D1073FD55A6812F0706FFBD1274B9E
:1083D000274AC3F88820274A936B23F0F00393635E
:1083E00015B12046FFF760FF234BD3F8B4305A1C79
:1083F00001D05B0002D51D4B0122DA601CB31A4B81
:10840000DA6E9A66124A136A23F00103D3611B4B9A
:10841000D3F80C22C3F80822A3F54053DA6F9A6709
:10842000A3F50053D3F8EC20C3F8E82003F5C043CC
:10843000DA6B9A63A3F50053114A5A660B4B4FF659
:108440000842C3F88820BDE8F88F4FF0000961E7C3
:1084500000400840005008400000010100100021C9
:10846000DF0000FF004008460000084000400844CC
:1084700010003000001F00210081E00F0060084064
:108480005000F0029A4B196EDA6E2DE9F04F01EAB6
:108490000209C3F8689003F5805385B0D3F8E06013
:1084A000D3F8EC201640C3F8E86003F5A043D3F8F6
:1084B0000012D3F80C2201EA020AC3F808A2A3F5BD
:1084C000005359691A6A01EA02088A4A08EA020254
:1084D000DA61894BD3F80022910006D4D3F8003139
:1084E0009A00C3F3407740F1E18005F01DF8834B1B
:1084F000DA68DF6D12F0060F9A6E07EA020727F4BA
:10850000800222F4006214BF4FF0010B4FF0000B09
:108510005A667B0704D57A4A537D0133DBB2537523
:1085200005F006F8B9F1000F00F0DF8019F40044FF
:1085300027D004F0F9FF0146FFF708FA6F4D044613
:10854000AA69AB699A42FCD0AA699342FCD0FFF7B2
:10855000FDF9A04240F0AC80084604F0E9FF694B09
:108560001C60694BD3F8885015F4E05240F0A280AB
:1085700024F07F4424F0DF040CB9FFF70BFE4FF02A
:10858000807419F0020F4FF0000516D05E4B5F4962
:10859000D3F8883003F46042C1F88820002A00F044
:1085A0009E801D0400F19E8013F4005F0CBF4FF00D
:1085B00000534FF000631C430025C9F340394FEAD4
:1085C0004909534B3340002B4AD016F4206F0AD090
:1085D00040F60F0206210020FCF792F80020FFF77A
:1085E00063FE26F48026F00506D5484BFF221A606C
:1085F00044F4C064FFF7EAF916F0090F0AD040F618
:10860000240208210020FCF77BF8FFF741FE414BD4
:1086100001229A6216F0106F0CD040F62D0209214B
:108620000020FCF76DF8FFF733FE002211461046DC
:10863000FCF73AFB16F4202F0AD040F6350207214A
:108640000020FCF75DF80020FFF72EFE26F48026C0
:10865000F10301D5FCF778FC002EB8BF49F00809FA
:1086600072070DD52B4B5B6A13F4005F14BF2A4AC7
:108670002A4A4FF400531ABF536244F40004536271
:10868000730548BF44F0040416F4802600F0AA8065
:10869000FCF724FC0138062842D8DFE810F021015D
:1086A0002401210127012A012D012D01BB4639E7B3
:1086B000044645E70192FFF76DFD144B019AC3F89C
:1086C000882015F4805307D115F4806F0CBF4FF04C
:1086D00080544FF0806454E74FF0804451E74FF0EE
:1086E000007368E74FF0004365E74C464D4668E786
:1086F000000008400000F7FF00E100E000500840E3
:10870000B84C0020B04C0020004008400040084415
:10871000090B0B890010084000100844001008469F
:1087200040F6660203210020FBF7EAFF7C4A136E45
:10873000D2F8800003F007030633012101FA03F3A6
:10874000C0F30C001B1A9BB2072B13D9754BD3F83F
:10875000883058020ED47448136B126DC06C58B137
:1087600003F0070306339940C2F30C03C91A89B218
:10877000072901D844F400746C4B1B78002B31D0CE
:10878000674BD3F8E03013F4A02F2BD1684B694A24
:108790001B7893B9FB0410D4137873B1E3086649CE
:1087A00043EA457383F00103D1F8E41E03F00103AB
:1087B0005B0021FA03F3980714D10420FDF7D6FCDF
:1087C0005E4B5F49D966FFF715F95A4A13782BB902
:1087D0005C4B5D4A1B682340134201D144F4804442
:1087E00027F48057BAF1000F1DD01AF4805F18BF2C
:1087F00044F480241AF4807F18BF44F400241AF44F
:10880000005F18BF44F010041AF4007F18BF44F052
:1088100020041AF4806F18BF44F040041AF4006F6B
:1088200018BF44F08004B8F1000F3BD018F4802F3B
:1088300018BF45F4007518F4803F18BF44F4805405
:1088400018F4801F18BF44F4003418F4001F18BF38
:1088500044F0020418F4003F18BF44F4801418F4E4
:10886000800F18BF45F0100518F4002F1AD0324BB6
:10887000D3F8BC3E13F0C00F14D02A4B5A68C2F391
:108880000362032A01D0072A07D1D3F88C20D1062E
:1088900003D4D3F89020120731D54FF40022DA61C7
:1088A00028F40028002F00F00D81380540F1818068
:1088B000264ADFF888A0D378002B4DD0013B4FF437
:1088C0000061DBB2CAF86410D37033B9204B1B7857
:1088D000C3B1204B40F60142DA660023002266E075
:1088E00044F4803422E744F400641FE744F48064D5
:1088F0001CE744F4807419E744F0080416E744F4D4
:108900000014CFE7DAF8703013F4A05F15BF4FF40E
:10891000807340F60143CAF85030CAF87030DCE783
:10892000001008400040084000000840584F002058
:10893000574F0020594F00200010002100500840E0
:108940000000010138240020088D01004A4F00205A
:108950005B4F0020005008460320FDF707FCDAF8C3
:108960000C30A848A84913F0060F02BFA74B41F6E8
:108970001F72DA664FF40063CAF86430DAF80C301C
:1089800013F0060308BFCAF87030C38A13F40062FC
:1089900060D023F40063C3820B7803F0FF0A002B3E
:1089A0005CD1FDF7A1FDFFF7F5FB534620221C43E8
:1089B0001543B9010BD52E20FDF78EFF934A4FF0DA
:1089C0000073936602F17C4245F008055366FA068F
:1089D00008D52B20FDF780FF8C4A1023936602F107
:1089E0007C42536617F4E00F05D1FB045ED5BBF162
:1089F000000F00F0AC80B80210D52920FDF76CFF05
:108A0000FFF73AFA40B18249824A834B53668B663C
:108A100082494968490424D445F0040517F4800BC1
:108A2000DFF8F0A129D00420FDF7A0FB2720FDF7F7
:108A300053FFFFF7AFFB4FF48003CAF86430784B65
:108A4000D3F8E42E50067CD4764B02221A6045F00F
:108A5000020528E00B784FF40053A8E74FF40043D9
:108A60003CE76A4920208B665366FDF735FF2D20D1
:108A700045F00C05FDF730FFD0E7FA024CD5042095
:108A8000FDF774FB2820FDF727FFDAF87030002B84
:108A90003FD1FFF77FFB5D4A5F4B936602F17C425B
:108AA00045F0010553665B4B00221A657B0509D52D
:108AB0005D4A9378002B00F09880013B937000236F
:108AC00049EA03094A4620462946FFF70FF80EB146
:108AD000FCF72CFA18F4002F00F08C804F4B4FF469
:108AE0000022DA6118F0206F00F0888018F0007F13
:108AF00001D0FDF7E9F818F0006F01D0FDF700F99B
:108B0000002200204FF4006105B0BDE8F04FFEF7F1
:108B1000EDBFCAF870B0BEE7FB04C4D50420FDF772
:108B200025FB424BCAF86C30FDF7DEFCDAF85C300E
:108B300013F4A00FB7D12A20FDF7CEFEFFF72AFBD2
:108B40007DE7D3F8BC3E990681D4394B7DE7364AA0
:108B500013794BB1013BDBB2137113B92C4B354A7E
:108B6000DA6600231C43A1E70420FDF7FFFA032087
:108B7000FDF7FCFA274B2D4ADA6604F0D5FC824655
:108B80000DF10F00FEF730F92B4B1B7883460BB12C
:108B9000FEF71CFFBBF1030F0ED1DFF880B0002001
:108BA000FEF722F9032807D1DBF88C30DA03F6D47C
:108BB000DBF874300C2BF2D99DF80F30032B06D163
:108BC0001E4B012250461A7004F0B2FCC9E71C4B40
:108BD000D3F8E03013F4A02FF2D1FEF70BFF50468C
:108BE00004F0A6FC4FF48043BCE70220FDF7BEFA78
:108BF000012365E7B8F1000F7FF474AF05B0BDE85D
:108C0000F08F00BFB84C00205B4F0020005008449C
:108C10000050084600500840100000020040084084
:108C200000100021004008444A4F002000000101CC
:108C3000004008460000010D5A4F0020574F002009
:108C400000100840014B024A1A6070473021002092
:108C50002DA80100014B1B68184700BF30210020E0
:108C6000034A0123136202F17C42D361704700BFC3
:108C7000004008440B4B10B55C691A6A1440A2B25C
:108C8000DA61E20704D55868C0F30360FFF7E8FF34
:108C9000630706D5BDE81040042200200021FEF73E
:108CA00025BF10BD004008400C4A08B5136BD16BBE
:108CB0000B409363DB070FD5094B187840F6AC22C5
:108CC000122100F00100FBF71BFDBDE80840002267
:108CD00001200021FEF70ABF08BD00BF0070084058
:108CE00038240020044BDA6FD207FCD41A6FD96FF6
:108CF0000A409A67704700BF0030084070B50D46C3
:108D0000144604F011FC064BD3F8BC6E74402C40A2
:108D10007440C3F8BC4E04F00BFC05EA060070BDBD
:108D200000100021034BD3F8BC3E99430CBF012037
:108D300000207047001000212DE9F04117460A433A
:108D4000012A9DF818409DF81C60DDF820801D4622
:108D500029D8B44227D2082E25D8032B23D8B8F11E
:108D6000000F20D00A46002101F006F8EB00FF2199
:108D70009940DFF838C0C94308F1FF38FF00E2B27C
:108D8000964202D80020BDE8F0813D190CEB850524
:108D900018F8010FD5F8EC2098400A401043C5F8A8
:108DA000EC000134EBE70120EDE700BF001E0021DD
:108DB0000A4A5368C3F30363032B01D0072B0AD17C
:108DC000D2F88C30DB0606D4D2F8900080F0080090
:108DD000C0F3C00070470020704700BF004008404B
:108DE0002DE9F7438E780F2E80460C4603D90120DB
:108DF00003B0BDE8F08326B901232E4A002013708A
:108E0000F6E70D7891F80190002D3BD1B9F1000FF4
:108E1000EDD194F90310E088FDF762FC0128E6D05B
:108E200055EA0903A088244F32D1FDF77BFB234983
:108E30008A6D4FF6040583B292B24FF60500AA423E
:108E400008BF02463A800825802201278F658A677D
:108E50002A461A4903B1013B013ECB62F6B2002318
:108E6000019300960123294608F1A400FDF79AFB1F
:108E70001FB1134B4FF48012DA64124BA2681A60D0
:108E80000223BAE7082DB2D8B9F1080FAFD8C0E76E
:108E9000FDF748FB3A884FF604039A421EBF074984
:108EA0008A653B80A9454A4683B238BF2A460027D7
:108EB000CFE700BF5C4F0020D221002000500840C7
:108EC00000500846D44C00200C4BD0F8C42010B5FC
:108ED000C3F8C020027C0446120202F400624FF480
:108EE0000061FFF70BFF237C13F0080F14BF044A47
:108EF000044A4FF40073C2F8883010BD001E0021F0
:108F00000040084600400844431C07D0044B6FF063
:108F1000FF029A6103F1007310409861704700BF2F
:108F20000070084400F01803182B0AD003070AD475
:108F300010F0100040F2011318BF1846034BD8641C
:108F400070470020FAE70120F8E700BF001F00216A
:108F5000344B2DE9F7431E6801F4007900F001035A
:108F6000174653EA090205460C462ED04FF000087A
:108F700003B30023002201200021CDE90088FEF781
:108F8000CDFD41463046FDF79DFE414670830120F0
:108F9000FBF7AEF9716B06F1A400FDF739FF22492A
:108FA0000868FFF7B1FF4FF0FF330B60337C43F0ED
:108FB00004033374B9F1000F07D00121304608F0E3
:108FC00001FA24F4007405430C43D6E93E232A40F9
:108FD000234052EA030103D0144930460968884708
:108FE000FB070FD51249134A086813680021116066
:108FF000114A0121117003B19847104B00215B68A1
:109000000220984717F00E0F08D040F2F3123B21D0
:10901000002003B0BDE8F043FBF772BB03B0BDE82E
:10902000F08300BFEC4900203421002038210020CB
:10903000E44C0020E84C00205F4F0020102100206D
:1090400070B50446D0B10E4E007BD6E93723002818
:109050000CBF10461846FEF769FB0623A371237B5D
:109060002060054643B9D6F8D8000130FEF75EFB14
:109070002D1AA560002070BD0025FAE70120FAE74F
:10908000001E0021F7B50446D4E93EC71046DDE9CD
:1090900008268CEA020587EA06010540194085EAA0
:1090A0000C057940C4E93E5123F4004106EA01036E
:1090B00020F00100002543F40073024043F0020356
:1090C000CDE90055FEF72AFD237C9A0717D5D4F881
:1090D000FC309B0513D54FF48811204608F072F937
:1090E000237C65F341032374D4E93E2302400B4003
:1090F00052EA030103D0034920460968884700204B
:1091000003B0F0BD3821002038B10368044A002BB9
:1091100008BF1346034A13607047014BFAE700BFCC
:109120005719020038210020024B986B00F00F0005
:10913000704700BF001F00210F2938B505460C46B7
:109140000ED801F0C7F801280CD1074A936B23F021
:109150000F0323439363284608F034FE002038BDF4
:109160000120FCE70220FAE7001F0021014BD86B29
:10917000704700BF001F0021014B0020D9637047DA
:10918000001F002103282DE9F7434CD8274B13F883
:109190000080274B1E5C274B13F8009004F0C4F9A5
:1091A0000746FEF771FE054640B10023CDE90033C6
:1091B0000022002301200021FEF7B0FCFEF76CFE28
:1091C00048B10023CDE900330022002300204FF4F2
:1091D0000041FEF7A3FC26B3174B5C6C04F00804B7
:1091E000164B31465C644046FFF720F84A4631464C
:1091F0004046FFF77DF8124B5C6465B1114B18686F
:10920000416BA430FDF704FE0F490868FFF77CFEB0
:109210004FF0FF330B60384603B0BDE8F04304F075
:1092200087B93446DCE703B0BDE8F0836C4F020039
:10923000684F0200644F020000000840000008442C
:1092400000000846EC49002034210020104AD2F8E2
:10925000883013F0A00F16D1D2F88C0010F0040063
:1092600013D10C4BD3F8E43E23F07F4323F0FF03EC
:109270005BB15368C3F30362092A07D0B2F10C0053
:1092800018BF01207047002070470120704700BFC1
:10929000004008400010002170B50D46064620B978
:1092A000194B1B68A3B1032011E001F013F801284A
:1092B00028D1164B93F90040C4F11C04641BC4F17F
:1092C0001C03002BB8BF5B42232B0CDD012070BDBB
:1092D00081EAE173A3EBE173DBB2232BF6D80B4BEE
:1092E00019700020F3E7B57404F01EF9084A5369B9
:1092F000E40223F4FF2304F4FF241C43546104F02C
:1093000017F9EEE70220E2E7EC4900205D4F00206C
:109310000070084008B5FFF7D7FD04F005F9074ACB
:10932000D2F8BC3E23F02003C2F8BC3E04F000F9A2
:10933000034B02221A60002008BD00BF001000216C
:109340000040084690F8C23053B9074BDA699202E0
:1093500008D49B6F13F4706F14BF01200020704776
:10936000002070470120704700600840F8B5436B4B
:1093700002EA010523EA01032B434363344A01F067
:109380000B030C4623EA0501516402F100722B40E5
:1093900061070646536411D50121FFF7D3FF68B179
:1093A000FEF7DAFE15F0040F14BF2A4A2A4A4FF4DA
:1093B0000073D361294B0422C3F88820E20606D546
:1093C00015F0100F264B14BF00221B22DA6423066F
:1093D0001DD52F0616D51F4B4FF400129A6103F1CD
:1093E0007E430122C3F8F82004F09EF80E210746C0
:1093F0000320FDF70FFC1A4B40F201225A62384657
:1094000004F096F8294606F1A400FDF701FDE005F9
:1094100003D5E90516D5FDF7E5FBA20503D5AB0598
:1094200013D5FDF7EFFB14F0600F09D0D6F89410B8
:10943000304608F091FA0B4B98640B4B80229A60EF
:109440000020F8BDFDF7C6FBE7E7FDF7D3FBEAE731
:1094500000000844006008460060084400400844DA
:1094600000000840001F002100400840014B186820
:10947000704700BFE04C002037B5012300240022D4
:10948000CDE90034002310461946FEF747FB0220C1
:10949000FCF76CFE054D064B21461C6002206B68F4
:1094A00098472B6803B0BDE83040184710210020D2
:1094B000E84C00202DE9FF41022903900C46154697
:1094C000984605D1FFF7D8FF002004B0BDE8F08131
:1094D000194E04F029F8336807463BB1AB4205D07A
:1094E00004F026F8002333600120EEE7134B3560CB
:1094F000C3F8008001230022CDE900330023104689
:109500001946FEF70BFB0E4B002502201D70FCF7E1
:109510002DFE22462B4603A90220FCF745FE094BEF
:10952000039A1A60084B1B6804469847384603F0B4
:10953000FFFF002CC8D1D5E7E84C0020E44C002008
:109540005F4F0020E04C002010210020044BDB6D19
:109550005B055ABF034B1878012000F001007047EB
:10956000005008405F4F002010B50C4608F06AFA22
:10957000A288D30080B1B3F5803F0DD807494309D5
:1095800001FB023322680009B3FBF0F3D21A052372
:109590002260A371002010BD0220FCE720A107007B
:1095A00070B50E4603F0C0FF054600F0B7FE044656
:1095B00020B1284603F0BCFF204670BDFEF7CCFD6D
:1095C000114B3278D3F8E43E022A23F0F00316D090
:1095D000101F42424241520043EA02137278022AAB
:1095E0000FD0111F4A424A41520043EA8213064AF1
:1095F000C2F8E43E054B0422C3F88820D9E70122D3
:10960000EAE70122F1E700BF001000210040084412
:1096100070B50E4603F088FF054600F097FE04463D
:1096200020B1284603F084FF204670BDFEF794FD6C
:10963000104B3278D3F8E43E022A23F00F0315D002
:10964000101F42424241520013437278022A0FD047
:10965000111F4A424A41520043EA8203054AC2F8B6
:10966000E43E054B0422C3F88820DAE70122EBE749
:109670000122F1E70010002100400844F8B50E78FF
:1096800090F8D070044630460D46FCF76BF9002880
:1096900044D094F8D030B34208D1AA88636C9A427F
:1096A00004D16A88B4F8D2309A4235D084F8D060B8
:1096B000AB88A4F8D4306B88A4F8D230AB8863644C
:1096C000FF236375304608F084F804F1D005207557
:1096D0002846FCF72BFC10BB2846FCF739F9F0B9FB
:1096E000D4F8903053B194F8D010B94206D0B3F901
:1096F00012202046EDF7FEFF84F8D9002046FCF743
:1097000017FB0949A4F8D400084AD1F8F81001233E
:1097100004F1A400FDF71EFF0020F8BD01200E2378
:1097200084F8D030F9E700BF001F00216C1F002132
:1097300070B5054690F8D0000E280C461DD0FF29C4
:109740001DD01AB10F4B4FF0FF321A6008F041F8EC
:10975000064695F8D000FCF7AFF9844228BF0446CE
:10976000E4B2B44238BF3446E0B26875FCF740FA60
:10977000A0F1FF035842584170BD0220FCE70120D0
:10978000FAE700BF18210020C36B012B01D1002094
:10979000704770B5364BD0F89060D3F8F830C0F809
:1097A000943086B03146058B044608F0A7F8B3899B
:1097B0008DF80600D6E90121EB1A9BB201FB0322CA
:1097C00068460021ADF804300092FDF7A9FD38B9D4
:1097D000284B228BDA63FCF777FB20B106B070BD13
:1097E000022006B070BD227C60F34102227408F0B2
:1097F0004AF8D4F890305969431EDBB209680291E7
:10980000FD2B02460BD9CD1C09D91B4B01311B681E
:109810000CD0D81C07D802A92046029301E002A967
:10982000204607F091FF002006B070BDD91C04D877
:1098300002A92046029307F087FFD4F8FC309B056D
:1098400004D4237C43F002032374ECE74FF480310B
:10985000204607F0B7FDD4E93E2302400B4052EA10
:109860000301E0D00549204609688847DBE700BFCF
:10987000001F002100300840202100203821002056
:1098800038B505460C4641B108F050FA28B14FF4FE
:1098900000312846FFF746FA04342046FCF742FE22
:1098A000024B4042C3F8D40E002038BD0010002106
:1098B00070B54C30814214BF0C460024164603F0AC
:1098C00033FE0D494A684FF49C53C2F30362D34000
:1098D000DA07054603D5D1F888309B030AD4204621
:1098E00001223146FBF7E0F90446284603F020FE4A
:1098F000204670BD0324F8E70040084010B503F08F
:1099000013FE0146FFF754FA78B1094BD3F88840AB
:1099100014F4003409D103F1C0632022C3F890206D
:10992000084603F005FE204610BD0224F8E700BFFC
:10993000004008402DE9F74F06461546084619B97C
:10994000012003B0BDE8F08F002AF9D0032904D824
:109950000021FBF70DFB0028F2D082780488037900
:1099600090F805B0C788B0F90000002802F00701A0
:10997000C0F2D180A1F1070CDCF1000040EB0C003B
:10998000052928738CBFC2F300100020C2F3801C8D
:109990006873900985F810C000F00200C2F3C00C93
:1099A00040EA0C00C2F340126874AA74AF820BB98B
:1099B00096F8CA30013BDBB2EB74736BD80600F14A
:1099C00096800639012900F29280544BDB6C544B8F
:1099D0005A6B1B6B03F0070306334FF0010909FABA
:1099E00003F909F1FF39083C42F0005804EA090480
:1099F000002318F804A0AB60013404EA0904631DD5
:109A000003EA09035A1C02EA090218F8037018F85D
:109A10000220BAF1800F47EA0227727C18BFAAF130
:109A2000320A3BB214BF4FFA8AFA6FF07F0AC7F3CB
:109A30000B079AB30020D6F89C300BB151469847DB
:109A4000631C03EA0903E87385F80EA018F80310F5
:109A5000013303EA090318F80320013303EA090379
:109A600041EA022118F80320013303EA090341EA1D
:109A7000024118F803006A7C002341EA0061304685
:109A8000FDF736FE2860737C042B03D1022FDCBF68
:109A9000013028600423AB71002052E7D90422D59D
:109AA000D6F894209AB11368022B10D992F82400AA
:109AB000FB0008B1B3FBF0F39B45BBD8002BB9D03A
:109AC000CBEB0B20B0FBF3F0C043C0B2B3E73046A2
:109AD00007F0B8FF0190304607F0A4FF019BB3FBED
:109AE000F0F0C0B2E4E718F804004000EDE700230E
:109AF000EB730C4BDA68C2F30723120448BF63F020
:109B0000FF035AB212F1800F1CBF323B5AB200233E
:109B1000AA732B60BFE7022013E700BF00000840D4
:109B20000010084000700840F8B504460E4641B9E0
:109B3000037C5A0641BF4FF6FF7261F3861382839E
:109B400003743C4BD4F894701B680BB120469847C3
:109B5000394BA18BD3F8842012F4E05F04BF20229C
:109B6000C3F810224FF6FF73994204D0334B1B68A1
:109B70000BB120469847324DD4F894102A68914290
:109B800007D0204607F0E8FE2E4B98642E4B80202D
:109B90009860974245D02D4B1B684BB11FB13A6876
:109BA000002A40D0BF68394620469847D4F8941020
:109BB000084607F0E9FE30B32549FDF749FC0727C1
:109BC0002046FCF7B5F816B3224B94F9122093F90E
:109BD00000302149D4F89400C3F11C039B1A4A6950
:109BE000DB0222F4FF2203F4FF2313431B4A4B61E1
:109BF0001B4B286006211167204601221A7008F0CD
:109C0000E1F80020F8BD204603F092FAD4E70D4BAE
:109C10000F4AD3F8F81004F1A4003B46FDF79AFC74
:109C2000D2E70127CCE71746394620469847D4F8B3
:109C30009410BDE7F04C002000600840DC4C002090
:109C4000D04C0020001F002100400840D84C0020CC
:109C50006C1F00215D4F0020007008400000084488
:109C60005E4F002002484822002108F0E1B900BF01
:109C7000E81E0021002373B583746423C0E92C33EC
:109C8000C0E92E334FF0FF35C0F8AC30A0F8C0303B
:109C90000E264FF6FF73C0E9075580F8D060456483
:109CA0008582837504461120EBF75CFF042834D1CC
:109CB0001B4B5B6813F4403F2FD12046FEF7F4F8AE
:109CC0002046FFF7CFFF94F912102046FFF7E4FA81
:109CD000144A6023536402F5805240F6FF715162CA
:109CE0005165114A5364114B4022C3F88820626BBE
:109CF00029462046FFF73AFB002240F20223104695
:109D00001946CDE90066FDF709FFFBF7BFFE2046C7
:109D100002B0BDE87040FAF7D9BC022002B070BDB5
:109D200000300E4000000840000008460040084493
:109D300010B50C46FFF796FFBCB1A378082B16D8D8
:109D4000E278082A13D843EA021313F0FF03094A02
:109D500014BF61681946C2F8E810217882F82C1106
:109D6000617882F82D1182F82F31002010BD01207A
:109D7000FCE700BF001E0021012A10B512D8032BFA
:109D800010D803EB8202084C0123934094F82E0173
:109D9000DBB221B1034384F82E31002010BD20EA4C
:109DA0000303F8E70120F9E7001E002170B50C68F5
:109DB000B0F8D4208D680346013404BFD3F8AC401A
:109DC0000C604C68013404BFD3F8B8404C606E1C82
:109DD00000F1A40038D1D3F8B440CE688C60751C73
:109DE00038D1D3F8B0500E69CD60013604BFD3F836
:109DF000A4600E614E69013604BFD3F8A8604E61BD
:109E00008E69013604BFD3F8BC608E618E693EB3A3
:109E10004132B24238BF32460E688A61C3F8B4405C
:109E20004C68C3E92E420A69C3F8A4204A690D4967
:109E3000C3F8A820C3E92B650B4AD1F8F810072313
:109E4000FDF788FB002070BD02F14104AC4238BF31
:109E50002C46C2E702F16405B54238BF3546C2E779
:109E60006422D9E7001F00216C1F002170B503F0A8
:109E70005BFB0C4E054600F02DFA012804D0284665
:109E800003F056FB022070BD736813F0706FC3F3CC
:109E90000364F0D1F36BDB06EDD5284603F048FBF5
:109EA0002046F0E70040084038B503F03DFB0B4A80
:109EB00013884FF6FF718B4203D103F039FB032067
:109EC00038BD074C074DE56504F100741B04E365DC
:109ED000118003F02DFB0020F2E700BFD421002009
:109EE000006008440000FFFF2DE9F34105460F46DE
:109EF0001446FFF7ABF980B1DFF81882D8F80C30C0
:109F0000DE0740F1EA8003F00FFB06460320FCF772
:109F100057FA38B1304603F00BFB0226304602B048
:109F2000BDE8F081D8F80C3013F0060FF2D13046BE
:109F300003F0FEFA6A4B4FF400612846D3F8E48E32
:109F4000D3F8C46EFEF7EEFE40B1664B4FF40072DC
:109F50000121C3F888200846FAF7CAF9394628468D
:109F6000FAF718FB5E4BC3F8C46EC3F8E48E0646DE
:109F70000028D3D12B7CD80601D4002C66D0C4F3A2
:109F80004000FEF7AFF814F4807F14BF564A554ADC
:109F90004FF002031BBFC2F88830544AC2F8883021
:109FA00000211CBFD16093624D4BD3F8BC7EFEF7FD
:109FB000D3F84F4A14F0040F07EA02034FF480610C
:109FC0006BD04C489342C16106D14B4A92F8D030D5
:109FD00043F0020382F8D030424B042214F0400FC9
:109FE000C3F8882014BF454A454A40232046C2F89A
:109FF0008030FEF797FF284607F0A5FD40B114F02A
:10A00000010F14BF384A374A4FF48073C2F88830C2
:10A01000A1064CD56B8C4FF6FF7293420FD0394A94
:10A020003949D26D100CC2F3011208800132374950
:10A03000B3FBF2F32F4A3648C8651B04D3652B7C6B
:10A04000003C18BF012464F304132B74284607F066
:10A050006DFEF0B1284607F076FDD0B14FF4003127
:10A060002846FEF75FFE431C9BB203221F4801A94E
:10A0700007F0D1FA9DF8042002F00703052B9DF8A4
:10A0800005301DD1120715D443F480731A4AC2F863
:10A09000CC30002007F089FB40E71C489342C161A7
:10A0A0009AD1154A92F8D03023F0020392E7FFF7D5
:10A0B000FBFEC4E713F0040F09D19DF80630E3E777
:10A0C00003F03002202A05D113F0010FF4E74FF41A
:10A0D0008073DBE79DF80630D8E703261EE700BF54
:10A0E00000100021004008440040084600100840CD
:10A0F0008000004000600846001E002100700846F5
:10A100000070084400600840D4210020006008442A
:10A110000000FFFF005008402DE9F3410646884645
:10A1200015461F4603F000FA04460320FCF748F9E1
:10A1300038B1204603F0FCF90324204602B0BDE804
:10A14000F0810420FCF73CF90028F2D1204603F00E
:10A15000EFF92A4641463046FFF7C6FE044600287E
:10A16000EBD1DFF8BC80002F38D088F800003946EA
:10A170003046FEF735FE002845D198F80030012B17
:10A1800029D0224B2022C3F88820214B9B6CB3F5A9
:10A19000817F2BD2012007F06BFB03F0C5F91D4B2B
:10A1A0001B68019306464BB10420FBF7DFFF002339
:10A1B000012201A90420FBF7F7FF00B3FCF748F9DF
:10A1C0002B0617D5144B00221A67FCF781F930468D
:10A1D00003F0AEF9B1E7FDF7B5FEAEE798F8003051
:10A1E000012BF8D0002BCCD10124A6E70B4B802209
:10A1F0009A60CFE7FCF76CF9FDF78EFEE7E7FDF715
:10A20000C9FF0124E3E7044697E700BF0040084682
:10A21000001F0021D44C002000500840004008409E
:10A220005C4F002008B5094BD3F8B4305A1C0BD052
:10A230005B0009D40320FEF7A5FF054B4FF08062B9
:10A24000C3F894200122DA6008BD00BF0081E00F4E
:10A2500000400846054BD3F8880003F180634FF4B3
:10A260000022C3F88820C0F3C04070470040084077
:10A27000024BD86800F00100704700BF0050084052
:10A28000084BDA68D10707D508B9FBF749BFDB6887
:10A29000DA0706D4FBF736BFDB68DB0701D40028FA
:10A2A000F8D1704700500840084A4FF0807330B131
:10A2B000936602F1C062D3660123D36570470449F7
:10A2C0000120C865CB669366704700BF0000084058
:10A2D000000008440F4B5B68C3F30363013B0B2B87
:10A2E0000FD8DFE803F006060C06060606080A0883
:10A2F000080802207047042070470520704703209B
:10A300007047054BDB6813F0060F0CBF01200420DB
:10A31000704700BF00400840005008400A4A536898
:10A32000C3F303630B2B08D06FF49050184100F077
:10A33000010080F0010040007047D2F8880010F45E
:10A340008030ECD1704700BF004008400C4A536891
:10A35000C3F30363062B07D8042BD8B20CD8C31E53
:10A360005842584140007047072B07D1D2F84401AA
:10A3700010F00050EBD1704702207047002070476A
:10A38000004008400A4A5368C3F30363032B01D01B
:10A39000072B0AD1D2F88C30DB0606D4D2F8900015
:10A3A00080F00800C0F3C00070470020704700BF75
:10A3B00000400840024B0022196807F096BC00BF1D
:10A3C000346A020010B5FF224FF6FF71044607F011
:10A3D000B0FC68B9FF224FF6FF71204607F0BAFCC7
:10A3E00030B920460349BDE81040FF2207F0C4BC45
:10A3F00010BD00BF704F020010B55B0743EA024377
:10A400009DF80820520543EAC16302F0BC621A437A
:10A41000084942F4C8720446FEF770FC064B1B68FC
:10A420000BB120469847002211462046FFF740FA1C
:10A43000002010BD9007E12DF44C002008B507F076
:10A4400075FC20B1024B586D003818BF012008BDC3
:10A450000000084038B50546FFF7F0FF044628B174
:10A4600003494FF480322846FEF748FC204638BDA9
:10A470001001010008B5114BD3F8BC3E1A061AD5DD
:10A480000F4A134217D0FFF7E5FFA0B10D4B0E495D
:10A490005A6B91F8D03002F44062B2F5806F0CBF75
:10A4A00043F0010303F0FE0381F8D0300120BDE842
:10A4B0000840FFF7F9BE0020F9E700BF00100021B7
:10A4C0000000024000000840001E00212DE9F0417C
:10A4D00004460F461546FFF7FDFE012806465FD1EC
:10A4E000F80717D52F4B5B6815F0010803F0070339
:10A4F0003CD0022B37D92046FEF738FE40F08001D1
:10A500002046FEF739FE4FF400324FF4003120466A
:10A51000FEF7F4FBB9071AD515F0020832D0224B2A
:10A520001A6E02B35A6EF2B1DB699A051BD54FF071
:10A53000804211462046FEF7E1FB7B0707D515F068
:10A54000040210D14FF000412046FEF7D7FB174B15
:10A55000174A1A60FEF776FB164B174A1A60204618
:10A56000FFF788FF00263046BDE8F081022BFAD8BD
:10A570002046FEF7FBFD20F080012046FEF7FCFDA3
:10A580004246C2E742464FF080412046FEF7B6FB06
:10A590000A49204607F079F9024B42465863D1E751
:10A5A0000226E0E70000084000600840F04C002070
:10A5B00075A40100F44C002055A4010034000840AB
:10A5C00008B5FFF7DFFEA8B10B4B5A69110311D58F
:10A5D000D3F8882092030DD4D3F8903013F0100FE5
:10A5E0004FF0100304D1054AC2F89030002008BD96
:10A5F000034AF9E70220FAE7004008400040084615
:10A600000040084438B5044608B3134A53691B0395
:10A610001FD5D2F88C50114BC5F38115032DB3F81B
:10A62000C8300ED1083B9BB208220D48214606F0E7
:10A63000F2FF094B2572D3F890301B0A6372002099
:10A6400038BD022D05D1023B9BB22A46EDE7012021
:10A65000F6E70220F4E700BF00400840001E00219A
:10A6600030100840064AD2F8C03043F04073C2F8B8
:10A67000C030044B4FF08062C3F81421704700BF14
:10A680000040084000400846044A0423C2F8BC3099
:10A6900002F10072C2F8C430704700BF00400844A5
:10A6A000074B084AC3F8C0200122C3F8C4204FF06A
:10A6B0008062C3F814210422C3F8C420704700BF8D
:10A6C00000400844CA078000023816289ABF024B8F
:10A6D000185C0020704700BF1C6A02002DE9F0479B
:10A6E000344F354D4FF00108C7F8C480D5F8C0404D
:10A6F00024F47E0424F0300444F4680444F030046C
:10A70000C5F8C0402D4C06460846D4F834A09946FA
:10A71000FFF7DAFF2AF47C1A4AEA00406063D5F8B2
:10A72000C01021F4FF3121F4807141EAC92141EACE
:10A730000222C5F8C020A36D23F07F033343A36535
:10A740001F4B4A22C3F8C02080254FF40002C3F8F3
:10A75000C480C3F8C050C3F8C0201A4A1021D16584
:10A760000822C7F8C020184AC3F8C0204FF47A70F6
:10A7700007F07EF84FF48072656062602368190507
:10A78000FCD423685B04F7D40D4B0822C3F8C02027
:10A790000E4B1022DA65084A40236360D2F8C030BD
:10A7A00023F4000323F0040343F40003C2F8C03091
:10A7B000BDE8F087004008440040084000300840F1
:10A7C000004008460030084604008000003008447D
:10A7D00010F0080F0A4B0AD141F20E721A604FF0C6
:10A7E000FF321A61074A9A6101229A60704741F26A
:10A7F00004721A6000221A6148F20842F3E700BFAF
:10A80000002008402083B8ED064B10225A63064A08
:10A8100092F8D020D2074CBF4FF480624FF44062D0
:10A820005A63704700000846001E002170B5704D45
:10A830002B6EE96E1940CB0101F07F444AD56D4B78
:10A84000D3F8BC3E1E0642D56B4A13423FD06B483C
:10A85000066E426E6D6D03F08043002D00F0858022
:10A860009BB90AB1964224D1614B5B6B13F4406FE4
:10A8700000F089805E4B44F20D02DA65604A4FF0C9
:10A88000007393661A44D36621E00368D8066FD438
:10A89000002A6DD096426BD05A4A92F8D13023F0FC
:10A8A000010382F8D130564B4FF443625A63FFF7ED
:10A8B000ABFF4F4B48F20522DA6503F180634FF09E
:10A8C00090529A6603F100734FF08052DA66484B5B
:10A8D00002225A62CA0001F0007513D5454B444A62
:10A8E000D3F8BC6ED36BD2F8901003EB810303F165
:10A8F00000534349588C4FF08053CB66C30747D56C
:10A90000002E63DA002D2DD03A4B3D4ED3F8BC1EFD
:10A91000374BD3F88C504FF00072F266EA0762D4DE
:10A92000354A114261D0A8B2FFF752FF354A92F87A
:10A93000D130072003F0FD0382F8D1307063E806C0
:10A940000AD511F0804F304914BF0320012043F095
:10A950000203486382F8D130254B40F20C425A6220
:10A960000122DA65264B9C6670BD002B3FF47CAF5C
:10A97000244A92F8D13043F0010382F8D130204BC1
:10A980004FF443625A63204B4FF440625A6371E7BD
:10A99000194B1E421AD0FFF71BFF1A4A07234B63BD
:10A9A00092F8D130C60603F0FD0382F8D13006D507
:10A9B0001549032043F00203486382F8D1300C4B61
:10A9C00040F214425A620122DA659BE71423536273
:10A9D000002D99D109210320FCF71CF9044B40F20A
:10A9E00001225A62BEE70029BCDB0C225A62F1E761
:10A9F00000000840001000210000024000600840F4
:10AA000000000844001E0021000008462DE9F74F11
:10AA1000DFF8ECB08146DBF800A00F46FBF7E6FC60
:10AA20004FF0FF35CDE9000100202C46064606F127
:10AA300010031B015BF8033003F00308B8F1010FAA
:10AA400015D13046FBF7EAFC02460B46DDE9000172
:10AA5000FBF77AFBDBF85C3006F10802D340DB073A
:10AA600037D5002F3ED000253E602C4640460136AB
:10AA7000052EDCD150B3224F396B0131A4FB0141CB
:10AA800064190AF4403341F10001B3F5003F4FF07F
:10AA900000022FD1FB6A0AF4405A013342F100064A
:10AAA000BAF5805F21D1BD6A15F5807542F10002CB
:10AAB0006E4303FB0266A5FB03323244594304FB99
:10AAC0000212A3FB04341444C9E9003403B0BDE806
:10AAD000F08FA84271EB0403C8D207B13E6005466F
:10AAE0000C46C3E73D463C46C0E7320242EA1362E9
:10AAF0001B02E3E7BB6A13F5807342F10002DDE756
:10AB00000050084081F0004102E000BF83F00043A4
:10AB100030B54FEA41044FEA430594EA050F08BFF8
:10AB200090EA020F1FBF54EA000C55EA020C7FEABC
:10AB3000645C7FEA655C00F0E2804FEA5454D4EB39
:10AB40005555B8BF6D420CDD2C4480EA020281EA03
:10AB5000030382EA000083EA010180EA020281EA3B
:10AB60000303362D88BF30BD11F0004F4FEA01318D
:10AB70004FF4801C4CEA113102D0404261EB41019C
:10AB800013F0004F4FEA03334CEA133302D0524222
:10AB900063EB430394EA050F00F0A780A4F10104DE
:10ABA000D5F1200E0DDB02FA0EFC22FA05F2801818
:10ABB00041F1000103FA0EF2801843FA05F35941FE
:10ABC0000EE0A5F120050EF1200E012A03FA0EFC7D
:10ABD00028BF4CF0020C43FA05F3C01851EBE371A7
:10ABE00001F0004507D54FF0000EDCF1000C7EEBC4
:10ABF00000006EEB0101B1F5801F1BD3B1F5001F02
:10AC00000CD349085FEA30004FEA3C0C04F1010420
:10AC10004FEA445212F5800F80F09A80BCF1004F49
:10AC200008BF5FEA500C50F1000041EB045141EACB
:10AC3000050130BD5FEA4C0C404141EB0101013C94
:10AC400028BFB1F5801FE9D291F0000F04BF014683
:10AC50000020B1FA81F308BF2033A3F10B03B3F155
:10AC600020020CDA0C3208DD02F1140CC2F10C02E5
:10AC700001FA0CF021FA02F10CE002F11402D8BF43
:10AC8000C2F1200C01FA02F120FA0CFCDCBF41EA0F
:10AC90000C019040E41AA2BF01EB0451294330BDDE
:10ACA0006FEA04041F3C1CDA0C340EDC04F11404BB
:10ACB000C4F1200220FA04F001FA02F340EA030092
:10ACC00021FA04F345EA030130BDC4F10C04C4F1D8
:10ACD000200220FA02F001FA04F340EA03002946B8
:10ACE00030BD21FA04F0294630BD94F0000F83F402
:10ACF000801306BF81F480110134013D4EE77FEAE5
:10AD0000645C18BF7FEA655C29D094EA050F08BF30
:10AD100090EA020F05D054EA000C04BF1946104611
:10AD200030BD91EA030F1EBF0021002030BD5FEA55
:10AD3000545C05D14000494128BF41F0004130BD7D
:10AD400014F580043CBF01F5801130BD01F00045D1
:10AD500045F0FE4141F470014FF0000030BD7FEA44
:10AD6000645C1ABF194610467FEA655C1CBF0B463F
:10AD7000024650EA013406BF52EA033591EA030F56
:10AD800041F4002130BD00BF90F0000F04BF00214E
:10AD9000704730B54FF4806404F132044FF0000581
:10ADA0004FF0000150E700BF90F0000F04BF0021FA
:10ADB000704730B54FF4806404F1320410F0004560
:10ADC00048BF40424FF000013EE700BF42004FEA5B
:10ADD000E2014FEA31014FEA02701FBF12F07F43D8
:10ADE00093F07F4F81F06051704732F07F4208BF8F
:10ADF000704793F07F4F04BF41F40021704730B596
:10AE00004FF4607401F0004521F000411CE700BFE1
:10AE100050EA010208BF704730B54FF000050AE064
:10AE200050EA010208BF704730B511F0004502D565
:10AE3000404261EB41014FF4806404F132045FEA67
:10AE4000915C3FF4D8AE4FF003025FEADC0C18BF10
:10AE500003325FEADC0C18BF033202EBDC02C2F102
:10AE6000200300FA03FC20FA02F001FA03FE40EA94
:10AE70000E0021FA02F11444BDE600BF70B54FF098
:10AE8000FF0C4CF4E06C1CEA11541DBF1CEA135576
:10AE900094EA0C0F95EA0C0F00F0DEF82C4481EADE
:10AEA000030621EA4C5123EA4C5350EA013518BFFE
:10AEB00052EA033541F4801143F4801338D0A0FBEB
:10AEC00002CE4FF00005E1FB02E506F00042E0FB98
:10AED00003E54FF00006E1FB03569CF0000F18BF9E
:10AEE0004EF0010EA4F1FF04B6F5007F64F5407446
:10AEF00004D25FEA4E0E6D4146EB060642EAC621D9
:10AF000041EA55514FEAC52040EA5E504FEACE2E45
:10AF1000B4F1FD0C88BFBCF5E06F1ED8BEF1004F48
:10AF200008BF5FEA500E50F1000041EB045170BDC4
:10AF300006F0004646EA010140EA020081EA030108
:10AF4000B4EB5C04C2BFD4EB0C0541EA045170BD04
:10AF500041F480114FF0000E013C00F3AB8014F17E
:10AF6000360FDEBF002001F0004170BDC4F10004C7
:10AF7000203C35DA0C341BDC04F11404C4F1200548
:10AF800000FA05F320FA04F001FA05F240EA0200A3
:10AF900001F0004221F0004110EBD37021FA04F6D9
:10AFA00042EB06015EEA430E08BF20EAD37070BD93
:10AFB000C4F10C04C4F1200500FA04F320FA05F0F2
:10AFC00001FA04F240EA020001F0004110EBD370F4
:10AFD00041F100015EEA430E08BF20EAD37070BD64
:10AFE000C4F1200500FA05F24EEA020E20FA04F33D
:10AFF00001FA05F243EA020321FA04F001F00041EC
:10B0000021FA04F220EA020000EBD3705EEA430E5C
:10B0100008BF20EAD37070BD94F0000F0FD101F08B
:10B020000046400041EB010111F4801F08BF013CC4
:10B03000F7D041EA060195F0000F18BF704703F002
:10B040000046520043EB030313F4801F08BF013D89
:10B05000F7D043EA0603704794EA0C0F0CEA135545
:10B0600018BF95EA0C0F0CD050EA410618BF52EAFF
:10B070004306D1D181EA030101F000414FF0000005
:10B0800070BD50EA410606BF1046194652EA430613
:10B0900019D094EA0C0F02D150EA013613D195EA87
:10B0A0000C0F05D152EA03361CBF104619460AD1CF
:10B0B00081EA030101F0004141F0FE4141F47001D9
:10B0C0004FF0000070BD41F0FE4141F4780170BDC9
:10B0D00070B54FF0FF0C4CF4E06C1CEA11541DBF2E
:10B0E0001CEA135594EA0C0F95EA0C0F00F0A7F830
:10B0F000A4EB050481EA030E52EA03354FEA01315D
:10B1000000F088804FEA03334FF0805545EA13136F
:10B1100043EA12634FEA022245EA111545EA106537
:10B120004FEA00260EF000419D4208BF964244F1CE
:10B13000FD0404F5407402D25B084FEA3202B61AED
:10B1400065EB03055B084FEA32024FF480104FF4C1
:10B15000002CB6EB020E75EB030E22BFB61A754635
:10B1600040EA0C005B084FEA3202B6EB020E75EBC8
:10B17000030E22BFB61A754640EA5C005B084FEA30
:10B180003202B6EB020E75EB030E22BFB61A7546FD
:10B1900040EA9C005B084FEA3202B6EB020E75EB08
:10B1A000030E22BFB61A754640EADC0055EA060EC9
:10B1B00018D04FEA051545EA16754FEA06164FEA0C
:10B1C000C30343EA52734FEAC2025FEA1C1CC0D1B8
:10B1D00011F4801F0BD141EA00014FF000004FF045
:10B1E000004CB6E711F4801F04BF01430020B4F106
:10B1F000FD0C88BFBCF5E06F3FF6AFAEB5EB030CBE
:10B2000004BFB6EB020C5FEA500C50F1000041EBBA
:10B21000045170BD0EF0004E4EEA113114EB5C0487
:10B22000C2BFD4EB0C0541EA045170BD41F480115A
:10B230004FF0000E013C90E645EA060E8DE60CEA62
:10B24000135594EA0C0F08BF95EA0C0F3FF43BAF7F
:10B2500094EA0C0F0AD150EA01347FF434AF95EA36
:10B260000C0F7FF425AF104619462CE795EA0C0F1A
:10B2700006D152EA03353FF4FDAE1046194622E7E7
:10B2800050EA410618BF52EA43067FF4C5AE50EAC1
:10B2900041047FF40DAF52EA43057FF4EBAE12E7B1
:10B2A0004FF0FF3C06E000BF4FF0010C02E000BF92
:10B2B0004FF0010C4DF804CD4FEA410C7FEA6C5C75
:10B2C0004FEA430C18BF7FEA6C5C1BD001B050EA18
:10B2D000410C0CBF52EA430C91EA030F02BF90EA03
:10B2E000020F0020704710F1000F91EA030F58BFC2
:10B2F000994208BF90422CBFD8176FEAE37040F024
:10B30000010070474FEA410C7FEA6C5C02D150EAC1
:10B31000013C07D14FEA430C7FEA6C5CD6D152EA7C
:10B32000033CD3D05DF8040B704700BF8446104641
:10B3300062468C461946634600E000BF01B5FFF740
:10B34000B7FF002848BF10F1000F01BD4DF808ED10
:10B35000FFF7F4FF0CBF012000205DF808FB00BFE1
:10B360004DF808EDFFF7EAFF34BF012000205DF83B
:10B3700008FB00BF4DF808EDFFF7E0FF94BF012088
:10B3800000205DF808FB00BF4DF808EDFFF7CEFF89
:10B3900094BF012000205DF808FB00BF4DF808EDC8
:10B3A000FFF7C4FF34BF012000205DF808FB00BF99
:10B3B0004FEA410212F5001215D211D56FF47873DD
:10B3C000B3EB625212D94FEAC12343F0004343EA80
:10B3D000505311F0004F23FA02F018BF404270475B
:10B3E0004FF00000704750EA013005D111F00040E5
:10B3F00008BF6FF0004070474FF00000704700BF7B
:10B400004A0011D212F5001211D20DD56FF47873E3
:10B41000B3EB62520ED44FEAC12343F0004343EA38
:10B42000505323FA02F070474FF00000704750EA83
:10B43000013002D14FF0FF3070474FF000007047ED
:10B4400053B94AB9002908BF00281CBF4FF0FF318B
:10B450004FF0FF3000F06AB9ADF1080C6DE904CE91
:10B4600000F006F8DDF804E0DDE9022304B07047DF
:10B470002DE9F047089D0C46002B4ED194468C4593
:10B480008646B2FA82F262D94AB1C2F120039140F3
:10B4900020FA03F30CFA02FC194300FA02FE4FEA09
:10B4A0001C471FFA8CF6B1FBF7F44FEA1E4307FB6B
:10B4B000141143EA014304FB06F199420AD91CEB3B
:10B4C000030304F1FF3080F01381994240F21081B0
:10B4D000023C6344591A1FFA8EF3B1FBF7F007FBE5
:10B4E000101143EA014300FB06F69E420AD91CEB09
:10B4F000030300F1FF3180F0FD809E4240F2FA80AC
:10B50000634402389B1B40EA044000211DB1D34034
:10B510000022C5E90032BDE8F0878B4205D90DB1A4
:10B52000C5E9000100210846F5E7B3FA83F10029D7
:10B5300046D1A34202D39042C0F0F180861A64EB58
:10B5400003030120002DE6D0C5E90063E3E7002AEC
:10B5500040F09180A1EB0C044FEA1C481FFA8CF7D5
:10B560000121B4FBF8F64FEA1E4308FB164443EAF8
:10B57000044307FB06F0984208D91CEB030306F1CD
:10B58000FF3402D2984200F2CE8026461C1A1FFADF
:10B590008EF3B4FBF8F008FB104443EA044300FBCD
:10B5A00007F79F4208D91CEB030300F1FF3402D2D6
:10B5B0009F4200F2B1802046DB1B40EA0640A5E72F
:10B5C000C1F120068B4022FA06F71F4320FA06FC41
:10B5D00004FA01F343EA0C03F44000FA01F8380CD2
:10B5E0004FEA1349B4FBF0FE1FFA87FC00FB1E4430
:10B5F00049EA04440EFB0CF9A14502FA01F20AD90A
:10B600003C190EF1FF3A80F08580A14540F282801E
:10B61000AEF1020E3C44A4EB09041FFA83F9B4FB1B
:10B62000F0F300FB134449EA044403FB0CFCA4457B
:10B6300007D93C1903F1FF3068D2A44566D9023B13
:10B640003C4443EA0E40A0FB0293A4EB0C049C4252
:10B65000CE469C4652D34FD055B1B8EB0E0364EBA7
:10B660000C0404FA06F6CB40CC401E43C5E9006446
:10B670000021BDE8F087C2F1200320FA03F10CFAA3
:10B6800002FC24FA03F394400C434FEA1C4800FAEE
:10B6900002FE1FFA8CF7B3FBF8F008FB1031230C05
:10B6A00043EA014300FB07F1994208D91CEB03036D
:10B6B00000F1FF362CD299422AD9023863445B1A32
:10B6C000A4B2B3FBF8F108FB113344EA034401FBD5
:10B6D00007F3A34208D91CEB040401F1FF3613D28F
:10B6E000A34211D902396444E41A41EA004138E71F
:10B6F0000446EFE6084605E7C845ADD2B9EB020EB1
:10B7000063EB070C0138A7E73146EDE7034698E7FE
:10B710003046D4E7D6467EE7634402384CE7064617
:10B72000234608460EE7023E63442FE7704700BFFA
:10B7300008B5064B044613B10021AFF30080044B5B
:10B740001B6803B19847204602F0D9FE00000000B4
:10B75000384E0020242B2DE9F0478646904601D82C
:10B76000012B06D100F024FC162303600020BDE865
:10B77000F08736480D462A4615F8014B065D16F04F
:10B780000806F8D12D2C24D12C780126951C2BBB32
:10B79000302C30D00A2306F1004C0CF1FF3C002283
:10B7A000BCFBF3F9104603FB19CAA4F13007092FBB
:10B7B00028D83C46A34234DD571C07D081452DD301
:10B7C00001D1A2452ADB00FB0340012215F8014B01
:10B7D000EBE72B2C04BF2C78951CD8E7102BDAD183
:10B7E000302CD8D12A7802F0DF02582AD3D16C78D5
:10B7F00010230235CFE72B7803F0DF03582BF6D068
:10B800000823C8E7A4F14107192F01D8373CD1E735
:10B81000A4F16107192F04D8573CCBE74FF0FF3252
:10B82000D4E7531C08D12223CEF800306046B8F18B
:10B83000000F9CD0691E06E006B14042B8F1000F2F
:10B8400095D0002AF6D1C8F8001090E7436D0200A9
:10B8500013460A46014602480068FFF77BBF00BF57
:10B86000442100202DE9F043364E86460D462846F9
:10B8700015F8014B375D17F00807F8D12D2C26D1AC
:10B880002C780127851C3BBB302C32D00A234FF08B
:10B89000FF380026B8FBF3F803FB08F96FEA090943
:10B8A0003046A4F1300CBCF1090F29D86446A342FC
:10B8B00037DDB6F1FF3F07D080452FD301D1A14539
:10B8C0002CDB00FB0340012615F8014BE9E72B2C8C
:10B8D00004BF2C78851CD6E7102BD8D1302CD6D1BC
:10B8E000287800F0DF005828D1D16C781023023579
:10B8F000CDE72B7803F0DF03582BF6D00823C6E7FB
:10B90000A4F1410CBCF1190F01D8373CCFE7A4F1E9
:10B91000610CBCF1190F04D8573CC8E74FF0FF3653
:10B92000D2E7731C06D12223CEF80030304632B95C
:10B93000BDE8F08307B14042002AF9D006B1691E84
:10B940001160F5E7436D020013460A4601460248BE
:10B950000068FFF787BF00BF442100202DE9F04FAA
:10B9600085B09046464A029089461E460D462B46B3
:10B9700015F8014B175D17F00807F8D12D2C41D1B0
:10B980002C7801279D1C002E41D1302C4CD00A264A
:10B9900007F1004A07F1FF3B0AF1FF3AF31732467D
:10B9A000584651460393FFF74BFD019200228E4605
:10B9B000844611461046A4F13003092B05D9A4F1A1
:10B9C0004103192B37D8A4F137039E423DDD541CA7
:10B9D00015D084457EEB010234D38E4508BF8445E3
:10B9E00002D1019A9A422DDB039A714300FB0211A6
:10B9F000A6FB00020A44181842EBE371012215F875
:10BA0000014BD8E72B2C04BF2C789D1CBBE7102ED4
:10BA1000BED1302CBCD12B7803F0DF03582BB7D12B
:10BA20006C7810260235B3E72B7803F0DF03582B30
:10BA3000F6D00826ACE7A4F16103192B05D8A4F1D0
:10BA40005703C2E74FF0FF32D9E7531C0AD1029ADD
:10BA50002223136058465146B8F1000F0AD105B0B1
:10BA6000BDE8F08F17B1404261EB4101B8F1000F22
:10BA7000F5D00AB105F1FF39C8F80090EFE700BF33
:10BA8000436D020013460A46014602480068FFF76C
:10BA900065BF00BF4421002070B50D4D0D4C641BE7
:10BAA000A4100026A64209D10B4D0C4C06F0E8FC70
:10BAB000641BA4100026A64205D170BD55F8043BB6
:10BAC00098470136EEE755F8043B98470136F2E710
:10BAD0000822002008220020082200200C2200203A
:10BAE000024B0146186800F02DB800BF4421002029
:10BAF000024B0146186800F061BA00BF44210020E3
:10BB000070B50F4E0C463168054611B900F02EFA9B
:10BB100030602146284600F029FA431C03D14FF03B
:10BB2000FF34204670BDC41C24F00304A042F8D0AA
:10BB3000211A284600F01AFA0130F2D1EFE700BFCF
:10BB4000F84C00202DE9F041CD1C25F00305083507
:10BB50000C2D38BF0C25002D064601DBA94204D967
:10BB60000C2333600020BDE8F081314F00F0EAF98A
:10BB70003B681C4644BB29463046FFF7C1FF431CC7
:10BB8000044650D13C682146002941D1002C44D0C4
:10BB90002368304604EB030800F0E8F980453CD107
:10BBA00021686D1A29463046FFF7AAFF013034D0CC
:10BBB00023682B4423603B68002B36D05A68A2428E
:10BBC00029D100225A600EE02268521B1DD40B2A94
:10BBD00016D96119A342256018BF5960636808BF70
:10BBE000396062514B60304600F0B2F904F10B004D
:10BBF000231D20F00700C21AB5D01B1AA350B2E7CC
:10BC0000A3426268DED13A60EDE723466468B1E79B
:10BC10000C464968B8E71346CEE70C23336030463C
:10BC200000F096F99EE70560DDE75B60FFDE00BF90
:10BC3000FC4C00201FB514461A46094B1B680546EC
:10BC4000D86854B9074B1C46CDE9013400912B4606
:10BC5000054900F0B1F806F0D8FB044BF4E700BF4B
:10BC6000442100209D4A0200136D0200066D02006F
:10BC7000002310B50446C0E90033C0E904338360F3
:10BC800081814366C2818361194608225C3006F0D7
:10BC9000CFF90D4B63620D4BA3620D4BE3620D4B6D
:10BCA00023630D4B24629C4206D003F16802944248
:10BCB00002D0D0339C4205D104F15800BDE81040B9
:10BCC00006F0BEB910BD00BFF31E0200151F020032
:10BCD0004D1F0200711F0200004D0020024A03495F
:10BCE000034806F05DB900BF94210020BB23020089
:10BCF0004821002041680C4B994210B5044601D000
:10BD000006F05BFBA168094B994202D0204606F081
:10BD100054FBE168064B994204D02046BDE8104030
:10BD200006F04BBB10BD00BF004D0020684D002049
:10BD3000D04D002010B50B4B0B4C0C4A1A6020461E
:10BD400000220421FFF794FF04F168000122092179
:10BD5000FFF78EFF04F1D0000222BDE8104012214F
:10BD6000FFF786BF384E0020004D0020DDBC0100EB
:10BD7000014806F066B900BF614F0020014806F097
:10BD800061B900BF614F002010B50446FFF7F0FF16
:10BD9000236A1BB1BDE81040FFF7F0BF044B2362DC
:10BDA000044B1B68002BF5D1FFF7C4FFF2E700BF7F
:10BDB000F5BC0100384E00200EB403B5014603ABBC
:10BDC000054853F8042B0068019300F041F902B0D4
:10BDD0005DF804EB03B07047442100202DE9F743E0
:10BDE0001D46574B1F6804460E46904627B13B6AD6
:10BDF00013B93846FFF7C8FFB8F1020F06D0B8F103
:10BE0000010F00F29A80002DC0F29780636ED9076F
:10BE100005D4A3899A0502D4A06D06F012F9214633
:10BE2000384606F0CAFA616B41B104F14403994205
:10BE300002D0384600F0C2F8002363630023A361F8
:10BE40006360A3891B0603D52169384600F0B6F864
:10BE5000A38923F44A6323F00303B8F1020FA381FB
:10BE600061D001AB6A462146384606F0ECF8A3895A
:10BE70001843A0812DBB009D2846FFF731FE0646E2
:10BE8000002852D1DDF80090A94540D14FF0FF3590
:10BE9000B4F90C3043F00202A2810022A26004F146
:10BEA00047022260226101226261626ED60704D4D9
:10BEB000980502D4A06D06F0C5F8284603B0BDE889
:10BEC000F083002ED8D03B6A13B93846FFF75CFFE9
:10BED000B8F1010F08BFA389266004BF43F0010336
:10BEE000A381B4F90C3013F00802C4E904651ED034
:10BEF000D90741BF00226D42A260A56158BFA5606D
:10BF0000626ED20701D49B0513D50025D5E74846BC
:10BF1000FFF7E6FD06460028B8D0A38943F080036A
:10BF2000A3814D46CFE70025B2E7A946F5E7A26019
:10BF3000E6E7A06D06F086F8E7E74FF0FF35BCE7CF
:10BF400044210020014806F07CB800BF604F00206B
:10BF5000014806F077B800BF604F0020024B0A4648
:10BF60000146186806F008B84421002038B5064D8F
:10BF70000023044608462B60E8F78EFF431C02D1DD
:10BF80002B6803B1236038BD3C4E002038B5074D07
:10BF900004460846114600222A601A4602F0CDFAED
:10BFA000431C02D12B6803B1236038BD3C4E0020F6
:10BFB000014B1868704700BF4421002038B5054682
:10BFC000002941D051F8043C0C1F002BB8BFE418E5
:10BFD000FFF7B8FF1D4A136833B963601460284641
:10BFE000BDE83840FFF7B4BFA34208D92068211844
:10BFF0008B4201BF19685B6809182160EDE71A469A
:10C000005B680BB1A342FAD911685018A0420BD15A
:10C0100020680144501883421160E0D118685B68C1
:10C02000536008441060DAE702D90C232B60D6E78E
:10C03000206821188B4204BF19685B68636004BFE5
:10C04000091821605460CAE738BD00BFFC4C0020CD
:10C050002DE9F04F0D469DB014469846064618B19E
:10C06000036A0BB9FFF790FE6B6ED90705D4AB8955
:10C070009A0502D4A86D05F0E4FFAB891B0701D532
:10C080002B699BB92946304600F0FAF870B16B6E07
:10C09000DC0704D54FF0FF301DB0BDE8F08FAB8951
:10C0A0009805F7D4A86D05F0CDFFF3E700230993B9
:10C0B00020238DF82930CDF80C803023DFF8AC81B7
:10C0C0008DF82A304FF0010923469A4613F8012BC8
:10C0D0000AB1252AF9D1BAEB040B0BD05B462246F4
:10C0E0002946304606F028F8013000F0A780099A6A
:10C0F0005A4409929AF80030002B00F09F800023E8
:10C100004FF0FF32CDE905230AF1010A04930793AA
:10C110008DF853301A935446052214F8011B5348E6
:10C12000E3F7FEFF049AD8B9D10644BF20238DF867
:10C130005330130744BF2B238DF853309AF8003047
:10C140002A2B15D0079A544600204FF00A0C21469E
:10C1500011F8013B303B092B4BD9B0B1079214E0E9
:10C16000A0EB080309FA03F313430493A246D2E7B2
:10C17000039B191D1B680391002BBBBF5B4242F060
:10C18000020207930793B8BF049223782E2B0AD19B
:10C1900063782A2B32D1039B1A1D1B68039243EA52
:10C1A000E37302340593DFF8D4A0217803225046CC
:10C1B000E3F7B6FF38B1049BA0EB0A0040228240AF
:10C1C00013430134049314F8011B29488DF82810F7
:10C1D0000622E3F7A5FF00283FD0264B1BBB039B9D
:10C1E000073323F0070308330393099B3B44099368
:10C1F0006AE70CFB02320C460120A8E70023013459
:10C20000059319464FF00A0C204610F8012B303ADE
:10C21000092A03D9002BC6D00591C4E70CFB0121E4
:10C2200004460123F0E703AB00932A46124B04A90E
:10C230003046AFF300800746781CD6D16B6ED90725
:10C2400005D4AB899A0502D4A86D05F0FBFEAB8935
:10C250005B063FF51FAF09981EE703AB00932A4624
:10C26000054B04A9304600F061F8E4E7436E020094
:10C270004D6E02000000000039210200496E0200EC
:10C2800038B5294B054618680C4618B1036A0BB936
:10C29000FFF77AFDB4F90C30190722D4DA0607D477
:10C2A00009222A6043F04003A3814FF0FF3033E0BE
:10C2B000580712D5616B41B104F14403994202D091
:10C2C0002846FFF77BFE00236363A38923F0240342
:10C2D000A3810023636023692360A38943F00803DB
:10C2E000A38123694BB9A38903F42073B3F5007FBD
:10C2F00003D02146284605F0CCFEB4F90C3013F0EB
:10C3000001020AD00022A26062695242A26122693F
:10C3100042B913F08000C5D138BD990758BF626992
:10C32000A260F4E70020F7E7442100202DE9FF4751
:10C330000F7E0C9E782F914680460C469A4601F15E
:10C34000430207D8622F0AD8002F00F0DD80582F53
:10C3500000F0C38004F1420684F842703AE0A7F18D
:10C360006303152BF6D801A151F823F0C5C30100D2
:10C37000D9C3010055C3010055C3010055C30100D5
:10C3800055C30100D9C3010055C3010055C30100C5
:10C3900055C3010055C30100EFC4010067C401008B
:10C3A000A7C4010055C3010055C3010011C5010018
:10C3B00055C3010067C4010055C3010055C3010006
:10C3C000AFC4010033681A1D1B68326004F14206D5
:10C3D00084F842300123A8E031682368081D3060EA
:10C3E0001E0601D50D6803E05D06FBD5B1F90050CE
:10C3F0006168002D78DA2D20002984F84300A160BF
:10C400002DDA5E486D420A231646B5FBF3F103FBB5
:10C410001157C75D06F8017D2F46BB420D46F4D982
:10C42000082B0BD12368DF0708D52369616899427F
:10C43000DEBF302306F8013C06F1FF36921B226175
:10C44000CDF800A04B4603AA2146404605F0C4FEA5
:10C4500001306FD14FF0FF3004B0BDE8F08723F01A
:10C4600004032360CDE721683368080653F8045BB2
:10C4700002D4490648BFADB26F2F4048336014BFA5
:10C480000A230823002184F843106668A660002E62
:10C49000BADB216821F004012160002DB4D1002E07
:10C4A000B2D11646BCE7236843F02003236034482A
:10C4B000782784F84570236831681F0651F8045BBB
:10C4C00002D45F0648BFADB23160D90744BF43F024
:10C4D000200323601DB11023D4E72848E9E723682F
:10C4E00023F020032360F6E724480A23CDE73368CE
:10C4F00025686169181D30602E061B6801D519601A
:10C5000002E06806FBD5198000232361164697E7F1
:10C5100033681A1D32601E68626800213046E3F7F6
:10C52000FFFD08B1801B606063682361002384F80D
:10C53000433085E72369324649464046D0470130BB
:10C5400088D023689B0714D4E068039B9842B8BF47
:10C55000184681E70123324649464046D04701301C
:10C560003FF478AF0135E36803995B1AAB42F1DC25
:10C57000EAE7002504F11906F5E700BF546E020052
:10C58000656E020038B5064D0023044608462B6050
:10C5900001F0B3FF431C02D12B6803B1236038BD07
:10C5A0003C4E002038B5074D00230446084611468E
:10C5B0002B6001F0A5FF431C02D12B6803B123605F
:10C5C00038BD00BF3C4E002038B5064D0023044660
:10C5D00008462B6001F09BFF431C02D12B6803B17E
:10C5E000236038BD3C4E002038B5074D0446084650
:10C5F000114600222A601A4601F08EFF431C02D128
:10C600002B6803B1236038BD3C4E002038B5074D80
:10C6100004460846114600222A601A4601F07EFFB1
:10C62000431C02D12B6803B1236038BD3C4E00206F
:10C63000024B0146186805F0EFBE00BF4421002000
:10C6400038B5074D00230446084611462B6001F01B
:10C6500060FF431C02D12B6803B1236038BD00BFCB
:10C660003C4E0020F7B510220C460021054605F08F
:10C67000DFFC03F01DFC2044F3F7E4FB800B02D148
:10C68000002003B0F0BD03F013FC2044F3F7DAFB05
:10C690000307F5D52B4B1B78063B012B35D803F050
:10C6A00007FC2044F3F7CEFB801303284FF006016C
:10C6B000204614D103F018FD21180822681CF3F756
:10C6C000FBFB0821204603F00FFD0422211805F191
:10C6D0000900F3F7F1FB05236B730120D1E703F0A9
:10C6E00003FD2044F3F7AEFB0646F2F77DF9B042B6
:10C6F00003D1F2F791F90146DFE76946304600F0D1
:10C700003DFB0028BCD06946D7E70621204603F050
:10C71000EBFC271803F0CCFB2044F3F793FB8013CA
:10C72000022805F1010614BF0822022239463046CC
:10C7300005F0B7FB0821204603F0D6FC2358C5F8C6
:10C740000930C8E73A4800202DE9F04385B0074694
:10C75000FE180C98C91A9B1ADCB21744431C8DB200
:10C76000A0460DF101020D3053F8041B42F8041BE2
:10C770008342F9D11B78137049238DF80030684645
:10C780006BBAADF80E3000F01BFB9DF801305C4039
:10C790008DF80140022422464FF000091BE0C2F14F
:10C7A0001003A8EB09019BB289B28B4228BF0B464C
:10C7B00000201FFA80FC11186345C9B219D81A4429
:10C7C000D2B21F44102A4B441FFA83F903D16846A2
:10C7D00000F0F6FA0022C845E1D812B1684600F030
:10C7E000EFFA012C4FF000020DD00124A846374685
:10C7F000D2E717F800C01DF801E08CEA0E0C0DF826
:10C8000001C00130D5E70D9B009A1A6005B0BDE864
:10C81000F0832DE9F0478EB004460AA8894603F05C
:10C8200059FF09210746204603F05EFC06462046D4
:10C8300003F06AFD0546002F66D10AA800F0BFFA92
:10C840000F2239460DF1190005F0F2FB01238DF896
:10C85000183003F02DFB2044F3F7F4FA801302287C
:10C860003FD00621204603F03FFC082221180DF19D
:10C870001900F3F721FB4A460DF121010020F3F7DF
:10C88000EFFA042326448DF8253002AC0DF1180888
:10C89000D5B39DF8273001338DF8273098E80F0085
:10C8A000102DA94628BF4FF010091FFA89FA84E815
:10C8B0000F00A5EB0A05204600F082FA5FFA89F91D
:10C8C000ADB2721E2046002312F801CF10F8011BF2
:10C8D0000133DBB281EA0C0199451170F4D856445A
:10C8E000D6E70621204603F0FFFB2044F3F7AAFA1F
:10C8F0008046F2F779F84045B3D06946404600F0EB
:10C900003DFA0028ADD1702738460EB0BDE8F0875B
:10C910002DE9FF4706460D4614461F4603F10D0953
:10C920004FF0010A15B904B0BDE8F087102DA846F4
:10C9300007F1010228BF4FF010080DF1010352F872
:10C94000041B43F8041B4A45F9D199F800201A70DA
:10C95000684663BA01348DF800A0ADF80E30A4B279
:10C9600000F02EFA6A4606EB0801304610F8016B1B
:10C9700012F8013B884283EA060300F8013CF5D136
:10C98000A5EB080806465FFA88F5CBE780207047DC
:10C9900000F014BA2DE9F0478CB00446EFF746FEDC
:10C9A000002860D000F0DAF9052840D108A803F08B
:10C9B00091FE0D210546204603F096FB064695BBE9
:10C9C00008A80DF1100800F0FAF921464046FFF7DB
:10C9D00049FE002847D00121204603F085FB0921AC
:10C9E0008146204603F080FB0DF10C0AC7B23B469E
:10C9F0005FFA89F231462046CDE9008AFFF7A4FEAE
:10CA000043462A4604215046FFF782FFF11B434666
:10CA10000122C9B2E019FFF77BFF0D21204603F088
:10CA200063FB039B235028460CB0BDE8F08700F061
:10CA300095F9042819D10821204603F055FB211847
:10CA40000120F3F71BFA07210546204603F04CFBB3
:10CA50002A4621180020F3F703FA294620460CB095
:10CA6000BDE8F047D5E63525DDE77025DBE72DE9A4
:10CA7000F0478CB00446EFF7D9FDF8B100F06EF93D
:10CA800005284FD10721204603F02EFB235C03F03D
:10CA90000703052B46D108A803F01CFE0D2105460F
:10CAA000204603F021FB8046C5BB08A804AF00F078
:10CAB00086F921463846FFF7D5FD08B935252DE022
:10CAC0000121204603F010FB09218246204603F095
:10CAD0000BFBC6B2A8EB06010DF10C093B46012287
:10CAE000C9B2A019FFF714FF33465FFA8AF2414634
:10CAF0002046CDE90079FFF727FE2A463B46042170
:10CB00004846FFF705FF0D21204603F0EDFA042209
:10CB10002118484605F062FA0028CFD128460CB00B
:10CB2000BDE8F08700F01AF904281CD1072120463F
:10CB300003F0DAFA0721204603F0D6FA2118002084
:10CB4000F3F79CF907210546204603F0CDFA411C76
:10CB500021442A460120F3F783F9294620460CB0E8
:10CB6000BDE8F04755E67025D8E710B5044600F05B
:10CB7000F5F8042808BF0020207010BD38B5084C17
:10CB8000002504232246294606202560EEF7DAF820
:10CB9000A580F5F7F5FCBDE83840FFF7F9BE00BF0A
:10CBA000404E002008B5002003F064F9003818BF9B
:10CBB000012008BD38B5064C2568C5F30D0313B92F
:10CBC0000620EEF70FF9236801332360284638BDAD
:10CBD000404E002010B5054C0423224600210620BB
:10CBE000EEF760F823689B03236010BD404E0020E1
:10CBF000FFF7BBBFFFF7CEBE2DE9F04704460E4658
:10CC0000FFF735FF0546002840F08B80002E00F02E
:10CC10008880012003F02EF9064603F049F92044EC
:10CC2000F3F710F9020705D448494948EB22EFF71A
:10CC300097FCFEE703F03CF92044F3F703F9801377
:10CC40000228F1D10621204603F04EFA2044F3F7E2
:10CC5000F9F808210746204603F046FA211801207A
:10CC6000F3F70CF98046F1F7C5FE874204D0394B43
:10CC70001B78053B022B36D8374E2C46B088F2F78E
:10CC800089FB8442B08836D3F2F784FB063000215A
:10CC900080B2F2F78DFC814600283DD0B38873B195
:10CCA000F2F75CFB0446B088F2F758FB8246B08886
:10CCB000F2F770FB51460246204605F0F2F848466E
:10CCC000F2F74CFB0446B088F2F764FB04443946A3
:10CCD0002046F3F7BDF84246A11C0120F3F7C0F847
:10CCE000A6F804901DE03306C6D541463846F1F754
:10CCF0001BFAB0B910E0F2F731FB00EB040948462B
:10CD0000F3F7A0F809F1020182460120F3F7B6F823
:10CD1000574517D1804507D801210D20F5F746FC6E
:10CD200035252846BDE8F087B088F2F717FB0444A4
:10CD300039462046F3F78CF84246A11C0120F3F750
:10CD40008FF8EEE70634A4B298E700BF766E0200D3
:10CD50008C4A02003A480020404E0020014B1878CF
:10CD6000704700BFED210020031F012B9DBF024B28
:10CD70001870002070207047ED21002007B50023B7
:10CD8000ADF8060001220DF10600F5F74DFB03B0EA
:10CD90005DF804FB38B5074D002428460134F2F74E
:10CDA000F5F80A2C05F10205F7D1BDE83840024834
:10CDB000F2F7ECB8DE4E0020444E0020704770477A
:10CDC00010B586B00446EFF731FC05AB0293102393
:10CDD000CDE9004302492246EEF738FE06B010BD09
:10CDE000004440048020704710B5074B1878074B6B
:10CDF0001A68002304321C46D9B2884200D810BDFC
:10CE000022F833400133F7E7E0210020D42000204E
:10CE10002DE9F74F354CBDF830B09DF838A01546D8
:10CE20001F46627823789A428146884606D1304B65
:10CE30001B6803EBC2039B88002B52D105EB0B0050
:10CE4000002180B2F2F7B4FBADF800900646ADF8D1
:10CE500004008DF806A08DF80380002843D0F2F777
:10CE60007DFA2A46394605F01CF83046F2F776FA84
:10CE70000D99204E5A46284405F013F81AF0040F75
:10CE80001B482CD02578637802683178AB4213D1E7
:10CE90006B46026803CB637842F8350002EBC507A6
:10CEA000327879600133B3FBF2F102FB1133637026
:10CEB000002003B0BDE8F08F0FFA83FC02EBC3073C
:10CEC0005BB1013B52F8331042F83C1002EBC30E49
:10CED000DBB2DEF804107960D6E74B1EF2E7657826
:10CEE000D6E73920E5E71820E3E700BF624F0020CE
:10CEF000D4200020E021002070B5084D084E002409
:10CF00002A78E3B29A4200D870BD306800EBC300C3
:10CF10000430F2F73BF80134F2E700BFE0210020D3
:10CF2000D4200020074B19785A788A4201BF064B5B
:10CF30001B6803EBC203988806BFB0FA80F0400973
:10CF400000207047624F0020D4200020F8B504462E
:10CF5000FFF7E8FF064638BB144D154F29783A68AD
:10CF600002EBC10398792070D878607132F83120D3
:10CF700098886280F2F70EFA2A783B68E08003EB2B
:10CF8000C2039888F2F7EAF92B783A68A06002EBBE
:10CF9000C30201339680074A1278B3FBF2F102FB19
:10CFA00011332B700120F8BD0020FCE7624F0020F8
:10CFB000D4200020E021002030B58BB00446242589
:10CFC0002A46002101A805F033F82A460021204610
:10CFD00005F02EF820460BB030BD036813F4805FD7
:10CFE00002D043F480630360036813F4005F02D04F
:10CFF00043F400630360704708B5C36923B100239D
:10D000001A4602F043FB08BD0180FCE708B5E4F7CF
:10D01000CDFF30B58BB0044624252A46002101A857
:10D0200005F006F82A460021204605F001F82046C2
:10D030000BB030BD036813F4805F02D043F480630B
:10D040000360036813F4005F02D043F400630360DD
:10D05000704708B5C36923B100231A4602F016FBD6
:10D0600008BD0180FCE7704770B584B006460846ED
:10D0700015461C4603A9EDF749FA034610B11846B8
:10D0800004B070BDBDF8243001939DF820300093AA
:10D0900023462A460399304601F0FEFC0346EEE79C
:10D0A00038B5054600F040FA044601212846ECF761
:10D0B0007DFD204600F03CFA38BD38B5054600F04D
:10D0C00033FA044600212846ECF770FD204600F0B4
:10D0D0002FFA38BD08B501F05CFD01F066FDECF7F4
:10D0E000D7FDFAE708B501F03AFFE7F713FB08BDF3
:10D0F000704708B501F058FF08BD7047704770478A
:10D100007047704708B501F02BFF08BD70477047A6
:10D110007047704770477047704770477047704757
:10D120007047704708B501F091FF08BD00207047B7
:10D1300000207047704708B500F0ABF808BD08B58F
:10D14000E7F79EF9EBF7FAFFE7F704FBEBF79CFF35
:10D15000EBF7E0FFEBF7A8FFE7F76EF901F063F9F3
:10D16000E7F7E8FAE7F798FCE8F746FBECF7E8FCA6
:10D1700008BD08B5E7F72EFFE8F7CAFAE7F7B4F9F4
:10D18000E7F752FA00F0ACF808BD08B5EAF7D2FBB1
:10D1900000F0F1FBEAF7E0FBEDF768FFEDF784FF45
:10D1A000EDF7A6FF08BD08B5E7F766FA08BD7047BA
:10D1B00008B5E7F72DF908BD08B501F07CFDEDF7DE
:10D1C0008BFF08BD704708B5E7F70AFA08BD08B538
:10D1D00000F05BF8EDF750F801F0FFFEEBF7F8FF19
:10D1E00000F0CDFBECF796FAEEF716FDFFF7EBFF3C
:10D1F000E7F7E6F808BD012070470120704738B511
:10D20000E7F7FEF80446EDF789FF054600B125462D
:10D2100001F067FF044600B12C46FFF7ECFF00B1B8
:10D22000204638BD38B5ECF7EFFD044601F05BFF52
:10D23000042811D0022811D00025E7F7EDF90428C1
:10D240000FD002280FD0FFF7D8FF04280FD00228F4
:10D250000BD06DB100240BE00125EEE70025012481
:10D26000EBE70125EFE70124EDE70124F1E70024D6
:10D27000204638BD7047704708B5012304220521B8
:10D280000020E9F743FE002008BD08B5FFF7F4FFD2
:10D2900008BD08B50023042205211846E9F736FE2B
:10D2A000002008BD012801D00E20704708B50123D9
:10D2B00004220A211846E9F729FE002008BD20F0C3
:10D2C0007F4040EA81707047012907D0022320F097
:10D2D0007F4040EAC36040EA827070470323F6E76C
:10D2E00008B5082000F09AF8E7F784FA082000F063
:10D2F000A0F808BD00B583B000230093019301237B
:10D300008DF80030FFF7DBFF019008216846E7F752
:10D3100029FA03B05DF804FBFEE74FF400407047C4
:10D320004FF47A70704700230360704703680B6006
:10D3300001607047D0B18446C2B1B9B10020137802
:10D3400083B100B501F1FF3E864506D90CF8013BDB
:10D35000013201301378002BF4D100238CF8003017
:10D360005DF804FB00238CF80030704770470346DB
:10D3700048B1002001E001330130884204D21A781C
:10D38000002AF8D170470020704708B54FF0FF31F0
:10D39000FFF7EDFF08BD80B170B50C461546064697
:10D3A00022B119B1FFF7F1FF844200D870BD2A46BF
:10D3B000211A3044FFF7BEFFF8E7704708B543680D
:10D3C0000BB1984708BD2220FCE770470368187826
:10D3D000704708B503681A78022A00D008BD0022F9
:10D3E0005A80E7F787FDF9E710B582B00468237823
:10D3F000022B04D0A379022B03D00223237002B0A6
:10D4000010BD00216079E8F79BF96179207900234C
:10D41000019300930A46E9F723FDEEE74FF06041E0
:10D42000D1F8003E012282401343C1F8003E0020A3
:10D4300070474FF06041D1F8003E0122824023EA5C
:10D440000203C1F8003E0020704700B589B0844651
:10D450000E9807900D9806909DF8300005900B9857
:10D4600004909DF828000390002002900193009200
:10D470000B4662460121E7F7A3FE09B05DF804FB05
:10D480008908002301E0043001338B4205D2026891
:10D49000B2F1FF3FF7D0002070470120704770477E
:10D4A00008B50346084613F0030F02D111F0030F2D
:10D4B0000AD09200194604F0F4FC002008BD53F88D
:10D4C000041B40F8041B013A002AF8D1F5E710B517
:10D4D00082B0044601A8EAF745F89DF8063023809B
:10D4E0000123E370A370EAF76BF86060002002B0DC
:10D4F00010BD08B5E9F798FE08BD08B5E9F784FE48
:10D50000002008BD08B50A4641180139ECF782F938
:10D5100008BD03300F2828BF0F200007704708B54B
:10D52000E8F7A2FA013008BDEFF3108072B6704739
:10D5300000B962B67047602383F3118870470023F7
:10D5400083F311887047EFF31180602383F3118810
:10D55000704780F311887047EFF3108313F0010FC9
:10D5600005D1EFF311835F2B03D800207047012012
:10D5700070470120704784B00B6803934B68029397
:10D580008B680193CB680093039B0360029B03604D
:10D59000019B0360009B03600023039302930193AC
:10D5A000009304B0704730B40D684C688A68CB684B
:10D5B000056004600260036030BC704730B40568E9
:10D5C0000468026803680D604C608A60CB6030BC00
:10D5D000704708B5FFF7E7FF08BD00B585B0844682
:10D5E0000B4611F0030F0DD0EE46086849689A68A3
:10D5F000DB68AEE80F0069466046FFF7EAFF05B05A
:10D600005DF804FB00910099FFF7E3FFF7E708B529
:10D61000FFF7D4FF08BD10B584B00C4611F0030F1E
:10D620000BD06946FFF7F3FFEC46BCE80F00206023
:10D630006160A260E36004B010BD00910099FFF743
:10D64000E6FFF8E738B50D46102A0AD000F142434C
:10D6500003F580135B0100221A602430FFF78BFF73
:10D6600038BD00F1424303F580135B0101221A60CB
:10D6700000F588742046FFF77EFF05F11001204673
:10D68000FFF779FFECE730B589B086460C461546C2
:10D6900011F0030F2BD0082A16D0EC460868496811
:10D6A000A268E368ACE80F0020696169A269E369D8
:10D6B000ACE80F002A4669467046FFF7C3FF082D05
:10D6C0000AD008226B460DE0EC4608684968A2685B
:10D6D000E368ACE80F00EDE70422F3E7002243F82B
:10D6E000042B0A46511E002AF8D109B030BD009122
:10D6F0000099FFF7A7FFF8E770477047704708B534
:10D700000020E8F7ABFF08BD08B50120E8F7A6FF49
:10D7100008BD70B505460E461446FFF705FF2B6899
:10D720005C4034405C402C60FFF702FF70BD70B578
:10D7300005460E461446FFF7F7FE2B685C40344062
:10D740005C402C60FFF7F4FE70BD00F1424000F534
:10D75000801040010160704708B5E9F7BBFD08BDC6
:10D7600041F0800181657047CB435B0003F00A0301
:10D77000C360C160704738B505460C46E9F772FFD3
:10D78000A37C1BB12B6843F080432B60E37C002B10
:10D790002CD1637B228A1343E28913436B60237B82
:10D7A000A26861682846E9F717FF637D1BB12B6803
:10D7B00043F480332B60A37D1BB12B6843F40043FB
:10D7C0002B60E37D1B0703F0E043227E120502F489
:10D7D000E00213432B666B6F23F030036B676B6FB4
:10D7E000627E13436B672378EB6038BD217D28464A
:10D7F000FFF7B6FFCDE738B505460C46E9F732FF2F
:10D800002A68238A43F00103A17B002934D04FF416
:10D8100080610B4313432B602B68227D002A2DD09F
:10D820004FF0005213432B60A37C4BBB237B43F48C
:10D8300080536B60A26861682846E9F7FFFE637B4E
:10D840000BB11023EB60637D1BB12B6843F4803375
:10D850002B60A37D1BB12B6843F400432B60E37D59
:10D860001B0703F0E043227E120502F4E00213439B
:10D870002B662378EB6038BD0021CAE70022D1E790
:10D88000E17C2846FFF76CFFD0E7036913F0400FF7
:10D89000FBD04163036913F0200FFBD0C069C0B215
:10D8A0007047036913F0400FFBD041637047036872
:10D8B00013F0010F09D0836813F0020F05D18368BC
:10D8C00013F0010FFBD10123436070470B78002B4D
:10D8D0003BD001234A78002A39D0022213438A78A8
:10D8E000002A36D04FF080421343CA789AB30422FC
:10D8F00013430A798AB3082213434A797AB3202260
:10D9000013438A796AB340221343CA795AB3102267
:10D9100013430A7A43EA02334A7A43EA02230A7B30
:10D920001AB34FF0004213438A7A43EA0243CA7A99
:10D9300043EA02610023826812F0010F17D047F218
:10D940002F52934213DC0133F5E70023C2E7002294
:10D95000C4E70022C8E70022CAE70022CCE7002281
:10D96000CEE70022D0E70022D2E70022DBE7016009
:10D9700070470020704708B5F7F7B0F808BD70474A
:10D980004140012201E018440132032A08D8D300A3
:10D9900021FA03F34B4013F0030FF4D09B00F2E79E
:10D9A0007047CAB110B58CB0144600220892099293
:10D9B0000A920B920792069205AB029307AB019372
:10D9C00006AB009308ABEAF707F918B9099B636047
:10D9D000079B23600CB010BD6FF0860070470020DD
:10D9E00070472DE9F8438046894615461F46E9F7FA
:10D9F000DBFF0446002343600360FFF795FD064606
:10DA0000B9F1100F25D0102241462046FFF73BFE0A
:10DA100004F1800839464046FFF7DFFD3046FFF746
:10DA200087FD012D17D00623A360236913F0020F91
:10DA3000FBD1FFF779FD054608994046FFF7EBFD5E
:10DA40002846FFF775FD2046E9F7B8FF0020BDE83E
:10DA5000F8830822D8E70523A360E6E70020704793
:10DA60002DE9F0410F4616461C460023236005258C
:10DA70006FF0960000E0013D85B178B1D4F80080E8
:10DA80002246A6EB080107EB0800EAF705FB23682E
:10DA900043442360B342EED30020ECE7BDE8F081BD
:10DAA0007047002070470020704710B48468C36836
:10DAB0000B4454F82310084610F8023B497803EB56
:10DAC000012313605DF8044B7047012380F8883010
:10DAD000037803B9704710B5044600F04CFB2146AB
:10DAE0002046EAF78FFD204600F038FB10BD38B520
:10DAF00004460D46EAF76EFD6B68C4F8B032A968BB
:10DB0000204600F06EFA4FF0FF33C4F8B4322046DE
:10DB1000FFF7C7FF38BD10B50446D0F8B432B3F1F3
:10DB2000FF3F09D0D4F8B432B3F1FF3F09D194F8E4
:10DB3000B83243B9012005E000F0B0FBC4F8B402EC
:10DB4000F0E7002010BD0020FCE708B5EAF776FDFD
:10DB500008BD1038072801D8012070470020704701
:10DB6000A0F11003072B00D8D8B2704708B50B7886
:10DB70002D2B04D000220138EAF7BCFD08BD01229C
:10DB800011440138EAF7B6FDF8E708B5072826D8AA
:10DB9000DFE800F0060B1015191D0421012008BD57
:10DBA00000220820EAF7A6FDF9E700221020EAF794
:10DBB000A1FDF4E700222020EAF79CFDEFE7082012
:10DBC000FFF7D4FFEBE71020FFF7D0FFE7E72020B7
:10DBD000FFF7CCFFE3E70846EAF708FEDFE700209F
:10DBE000DDE72DE9F04383B00C4617461D460A9E3B
:10DBF000DDF82C8021282BD8DFE800F0112D445AC5
:10DC000071889EA22A2A2A2A2A2A2A2A2A2A2A2AE3
:10DC10002A2A2A2A2A2A2A2A2A2A2A2A2AD30022ED
:10DC200011462046FDF790FED8F80030C0B245F806
:10DC30002300D8F80030326805EB830347F8223020
:10DC4000D8F800300133C8F800303368013333604E
:10DC500003B0BDE8F083002211462046FDF774FEB4
:10DC6000D8F8003080B245F82300D8F80030326888
:10DC700005EB830347F82230D8F800300133C8F8A9
:10DC80000030E2E7002211462046FDF75DFED8F89D
:10DC9000003045F82300D8F80030326805EB8303E4
:10DCA00047F82230D8F800300133C8F80030CCE70C
:10DCB000002211462046FDF7CBFD40B2D8F80030D7
:10DCC00045F82300D8F80030326805EB830347F8A5
:10DCD0002230D8F800300133C8F80030B5E7002210
:10DCE00011462046FDF7B4FD00B2D8F8003045F8E3
:10DCF0002300D8F80030326805EB830347F8223060
:10DD0000D8F800300133C8F800309EE700221146F1
:10DD10002046FDF79DFDD8F8003045F82300D8F8DF
:10DD20000020336805EB820547F82350D8F800300F
:10DD30000133C8F8003088E7336847F8231084E7D8
:10DD40004FF000098DF80690C846012512E0013514
:10DD500010E08DF8053008F101081022002101A81B
:10DD6000FDF776FD09F10203E05409F101091FFAFC
:10DD700089F90135635D7D2B09D0202BE7D018F0A0
:10DD8000010FE6D18DF8043008F10108F1E784F8BD
:10DD900000904FEA192984F80190336847F823402E
:10DDA00053E7336847F823104FE72DE9F04F87B06A
:10DDB0009B460023059304938B4500F38D80074613
:10DDC0008A4616461C461D46984602E04FF001085A
:10DDD0000134385DFF280CD02028F7D0212805D049
:10DDE000FFF7B7FE0028F3D00546F1E74FF0010832
:10DDF000EEE781465C44B8F1000F08D0013C544581
:10DE00006CDC002402943B462746984645E045B129
:10DE1000013C544564DC002402943B464746984646
:10DE20003BE0A2455ED1002402943B462F46984633
:10DE300033E043445B78FF2B0FD02B2049E0039B5A
:10DE400043445B78FF2B4FD1012706E0029B01334F
:10DE50000293A94601E04FF0060997B956F824103D
:10DE60004846FFF792FE002842D004AB019305AB71
:10DE70000093119B109A56F824104846FFF7B1FE04
:10DE80000AE004AB019305AB0093119B109A56F87E
:10DE900024102120FFF7A5FE0134544518DA5C4513
:10DEA000D9DB029B039318F80350202DC1D0212DFC
:10DEB000C5D02846FFF74DFE0028C7D0039B43443A
:10DEC0005B78FF2B12D12846FFF74AFE8146C4E754
:10DED000002007B0BDE8F08F2120FAE72B20F8E7FB
:10DEE0002B20F6E72B20F4E72B20F2E72B20F0E79E
:10DEF0002620EEE708B5E6F7A5FF08BD2DE9F047B7
:10DF000084B081468A4690461D460C9F0D9E04466D
:10DF10000EE018680F9B03930E9B029301960097E7
:10DF20002B4642460121FFF7E9FF044618E00C3476
:10DF30002068A8B133682A68934211DA57F8231091
:10DF4000FFF7D8FF0028F2D13368013333606368EC
:10DF50001A7BFE2ADDD001230E9A137088F8003058
:10DF600098F800305BB90F9B1B7843B9BAF1000FEA
:10DF700009D001230F9A137088F800304C462046D0
:10DF800004B0BDE8F0870024F9E738B50546002461
:10DF900002E0EAF7D9FC013404EB440305EB83000B
:10DFA00055F8233023B1037A002BF2D00134F3E784
:10DFB00038BD10B539B1084612B1EAF7C5FC10BD3D
:10DFC000FFF7E3FFFBE7D0F89C4000E02468002C5B
:10DFD000F5D0A0680028F9D0FFF7D7FFF6E7704723
:10DFE000704759B10A790AB10020704710B5012471
:10DFF0000C719C30FFF79AF9204610BD0020704745
:10E00000F0B5A3B0054608461AAA19A900F08AF986
:10E01000044610B1204623B0F0BD00238DF80B302C
:10E020000DF10B0301930DF10A03009303AB1AAA40
:10E0300019A92846EAF7E6FD9DF80B3013BB40B35B
:10E04000466806F10C0711AB019309AB0093039BE3
:10E050001AAA19993846FFF7A8FE04460028D9D114
:10E060000495199B059309AB0693039B07930897A7
:10E0700004A8FFF7B4FF336804A8984704A8FFF783
:10E08000AFFFC7E79DF80A2001462846FFF791FF3A
:10E09000C0E72D24BEE700230B601360D0F8AC323C
:10E0A000B3B3944690F8AC30A3B300B54FF0010E73
:10E0B000002313E00133B3F5007F0DD20A6801326B
:10E0C0000A60DCF800200132CCF80020C21892F877
:10E0D000AC200A2AEED101330EF1010ED0F8AC22A9
:10E0E0007245E8D805E0DCF800200132CCF80020C9
:10E0F0000133B3F5007F08D2C21892F8AC200A2A87
:10E100000AD0002AEFD1012000E001205DF804FBD5
:10E1100000207047002070470120F7E770B50546E2
:10E120000024264600E0013405F1AC0003F0D9FEDE
:10E13000A04207D92B1993F8AC301BB10A2BF2D1AE
:10E140000136F0E7304670BD08B5405C00F0B6F827
:10E1500008BD08B5082000F0B1F808BD10B50446A8
:10E16000D0F88C20002103F063FF0023C4F8903026
:10E17000C4F8943010BD70B582B004460EE020465D
:10E18000FFF7CCFFC4F8AC0201AA69462046FFF7AE
:10E1900082FF009B2344002283F8AC20802120468C
:10E1A000FFF7E5F8451C04F1AC064FF4007130466A
:10E1B000FFF7DDF8C0F500708542E0D8204603F097
:10E1C00090FE451C304603F08CFE421C314670190F
:10E1D00003F014FF204603F084FE02462146304639
:10E1E00003F05FFE204603F07CFE20440A2380F803
:10E1F000AC300023C4F8AC3202B070BD30B583B08F
:10E2000004460D46FFF78AFFB5F1FF3F13D0012DFD
:10E210000FD1D4F8AC3283420BD20133C4F8AC3204
:10E220000123D4F8AC2202B901230BBBD4F8AC32E1
:10E2300003BB03B030BDD4F8AC3223B1013BC4F80A
:10E24000AC320123EDE70023EBE7082000F036F8BD
:10E25000202000F033F8082000F030F80135204687
:10E2600003F03FFEA842F0D82046FFF777FFDDE736
:10E270000025F4E701AA69462046FFF70CFF0028B5
:10E28000D7D0009D06E0631993F8AC102046EAF75A
:10E29000E3FD0135019BAB42F5D8CAE700B583B079
:10E2A0000DF10701002000F014F920B99DF80700D6
:10E2B00003B05DF804FB4FF0FF30F9E710B50446FA
:10E2C000C1B2002000F0F2F808B9204610BD4FF0AE
:10E2D000FF30FBE70FB400B583B004A951F8040B7D
:10E2E0000191EEF753F9002003B05DF804EB04B0A0
:10E2F000704708B50B4601F1010C00EB0C0110F85A
:10E300000CC0BCF1220F07D0BCF17B0F04D0BCF1D4
:10E310005C0F01D0002004E0D21A184403F06EFE16
:10E32000012008BD2DE9F84305468846914603F0D3
:10E33000D8FD0646002400E001342A192B5D202B6D
:10E34000FAD0C9F800200123C8F8003030E07B2B58
:10E3500014D0D8F8003003F18043013B621C2A44FA
:10E3600049F823202227012C06D92B1913F8013C48
:10E37000202B01D0002B49D1013404E07D27F2E7A6
:10E380000134A64246D928192B5DBB4209D05C2B2B
:10E39000F6D1324621462846FFF7ABFFC0B3013E17
:10E3A000EEE74378202B00D0BBBB222F21D00134D5
:10E3B000A64229D92A192B5D7B2BC8D0222BC6D087
:10E3C0005C2B19D0202BF2D100231370631CB342B5
:10E3D000EDD2EA18EB5C202BE9D0D8F80030072BFF
:10E3E0001FDC49F82320D8F800300133C8F800308A
:10E3F000DDE700230370DAE7324621462846FFF7BF
:10E4000078FF60B1013ED2E7002004E0212002E065
:10E41000212000E02120BDE8F8832120FBE7212016
:10E42000F9E71E20F7E710B582B000240094ADF89C
:10E43000044002238DF805306846E8F755FA204677
:10E4400002B010BD70B50C461546034630B15E688B
:10E450004EB12A4621461868B04770BDEAF796FECD
:10E4600003460028F3D12320F7E72DE9F04182B0DD
:10E470000E4617461C46054670B18CB195B1D5F8CD
:10E480000880B8F1000F0FD023463A46314628687D
:10E49000C04702B0BDE8F081EAF778FE0546ECE738
:10E4A00001ACEBE72320F4E72320F2E700B583B0CB
:10E4B0008DF8071001220DF10701FFF7C3FF03B02C
:10E4C0005DF804FB08B50B4601461846FFF7EEFF62
:10E4D00008BD08B500230122FFF7C7FF08BD0EB431
:10E4E00000B582B003AA52F8041B0192EAF75AFE63
:10E4F00002B05DF804EB03B0704700207047FEE700
:10E500004FF400534B6000207047012070470120FA
:10E5100070474FF0FF3070470020704700B583B060
:10E520000020019001ABFFF7A0FF019810B103B0EC
:10E530005DF804FB4FF0FF30F9E710B514460020FA
:10E54000FFF780FF204610BD0346A0B190F83820A9
:10E550001AB190F83C00022805D093F83C0004283A
:10E5600005D001207047012283F83C20704701222A
:10E5700083F83C2070470120704780F82C107047CA
:10E5800090F82C00704790F839007047037E73B301
:10E5900030B4037A03EB43031B0103F1804303F51B
:10E5A0006223D3F89440C16805694B199C4213D08B
:10E5B000013C8C4201D26C1E0C442346026B9A42F1
:10E5C00012D01A78112A09D0132A07D0013B8B42A6
:10E5D000F4D26B1E0B44F1E70C46E9E7112A14BF95
:10E5E0000022012280F83420046330BC7047704759
:10E5F0002DE9F0411646002A5ED004460D46037E02
:10E60000002B6AD0037A03EB43031B0103F1804321
:10E6100003F56223D3F89430C16802690A44934237
:10E6200012D067699F4211D09F4211D2DF1BB742BF
:10E6300028BF3746FEF787FF804694F82D30002B21
:10E640003FD03E46002210E00B46EAE7617EEBE752
:10E65000D71BECE7206B814212D0013E6369216B2E
:10E660008B4214D0013363610132BA4212D2616924
:10E670000B78112BEED0132BECD005F8013BEDE716
:10E68000112B14BF0023012384F83430E5E7013156
:10E690002163E7E7216BE2682369134499420ED0B6
:10E6A0006169E26823691344994214D02046EAF76D
:10E6B00039FE4046FEF74DFF3046BDE8F08122634B
:10E6C000EEE73A466169284603F0EBFB63693B4499
:10E6D00063613E46E4E76261E8E70026ECE72DE986
:10E6E000F04106460F4690461C46FEF72CFF0546B5
:10E6F000424639463046FFF77BFF20602846FEF74A
:10E7000028FF236813B10020BDE8F0811B20FBE740
:10E7100038B50546FEF708FF044601212846EBF709
:10E7200045FA2046FEF704FF38BD2DE9F0470446C0
:10E730000F46154690F82C90FEF705FF94F83830F8
:10E740002BB9FEF706FF00264FF001080EE0FEF79A
:10E7500000FF94F83B00FFF7DBFFFEF7F4FE002319
:10E7600084F83830EDE794F834307BB9AE4221D2EA
:10E7700094F82D30002BF6D0FEF7E5FE82462046B9
:10E78000FFF704FF5046FEF7E4FEECE7B9F1000F97
:10E7900002D03B780A2B08D0E369397820469847A5
:10E7A000804658B901370136E0E7E3690D2120467C
:10E7B0009847F1E7236A0121204698474046BDE883
:10E7C000F08708B5FFF7B1FF002008BD38B5054652
:10E7D000FEF7AAFE044600212846EBF7E7F920469B
:10E7E000FEF7A6FE38BD10B5044690F8393049B1A1
:10E7F00003B110BD90F83A00FFF78AFF012384F8B7
:10E800003930F6E7002BF4D090F83A00FFF7DEFF3E
:10E81000002384F83930ECE790F838307BB910B534
:10E820000446036A00219847012384F8383094F89D
:10E830003B00FFF7CBFF022384F83C3010BD70474C
:10E84000026CD36C43F00403D364704729B1026CAB
:10E85000D36C43F00103D3647047026CD36C23F094
:10E860000103D364036C01229A64704710B5044617
:10E87000236C1B6913F0400FFAD000231A4694F85A
:10E88000491094F84800E8F741FB00231A4694F831
:10E890004B1094F84A00E8F739FB94F8503013F025
:10E8A000010F18D194F8503013F0020F1CD1226CD4
:10E8B000D36C23F00103D364226CD36C23F00403E4
:10E8C000D3640021206CFEF74FFF0021606CE7F756
:10E8D00081F8002010BD00231A4694F84D1094F8DA
:10E8E0004C00E8F713FBDDE700231A4694F84F10BD
:10E8F00094F84E00E8F70AFBD9E708B5006CFEF77C
:10E90000D0FF002008BD10B50468206C036C13F024
:10E91000010F0ED1042384F83C30237EA3B1637E23
:10E9200013B194F82D30B3B9C36C23F00403C3645E
:10E9300010BD01238364236C1B6913F0200FF7D0F3
:10E940002046FFF769FFF3E7C36C23F00403C364B9
:10E9500001232376ECE7002384F835301321FEF7FA
:10E96000A0FF226CD36C43F00403D364236CDB69F7
:10E97000DBB2112B04D0132B12D0132BD8D102E011
:10E98000012384F83430237A03EB43031B0103F1A2
:10E99000804303F56223D3F89430013B2363C7E738
:10E9A000002284F83420E8E7013840EA500040EAC9
:10E9B000900040EA101040EA102040EA1040013078
:10E9C000704770B504460D461E461046FFF7ECFF33
:10E9D000B0F5807F38BF4FF48070424222408318E8
:10E9E00003E04000424222408318AB42F9D3326038
:10E9F000049A1360059B186070BD28B1B0FA80F0CE
:10EA0000C0F11E00C0B270472020F9E708B5EAF750
:10EA10005BFE08B5FFF7FAFF08BDEFF3108072B692
:10EA2000704700B962B6704710B5FEF77DFD044629
:10EA3000EAF79AFF2046FEF77BFD10BD704708B548
:10EA4000FEF75DFE08BD704770470120704708B5AE
:10EA50004FF41670EBF70AF908BDD8B12DE9F04173
:10EA600084B0884617461D46044600268683C68322
:10EA7000EBF73EFCBDF82C3002939DF82830019353
:10EA800000953B46324641462046EBF7B9FB04B0C1
:10EA9000BDE8F08122207047F0B587B00D46002117
:10EAA0008DF81710D0B117461E4604468183C183E6
:10EAB0000DF11701EBF74CFC9DF8173083B9BDF849
:10EAC000343002939DF83030019300963B4600228B
:10EAD00029462046EBF794FB07B0F0BD2220FBE768
:10EAE0000320F9E738B5FEF72EFD0546EBF7FAFEF1
:10EAF00004462846FEF72DFD204638BDF0B587B008
:10EB00001E4600238DF8173090B30C461546074675
:10EB10000DF11701EBF71CFC9DF8173053BB04A94E
:10EB20002046EBF7F3FCF0B9EBF7D6FC4FF47A7222
:10EB30000023A4FB0001FCF783FCC2F57A7292B2B9
:10EB4000BA83B2F57A7F10D00023FB830499BDF815
:10EB5000343002939DF83030019300962B460A46DC
:10EB60003846EBF74DFB07B0F0BD0023BB83EBE766
:10EB70002220F8E70220F6E738B50546FEF7D4FC78
:10EB8000044601212846EBF711F82046FEF7D0FC99
:10EB900038BD08B5FEF7D3FAFEF7EBFAFEF717FB20
:10EBA000FEF7F3FAFEF7FFFA08BD08B5FEF7FFFA25
:10EBB000FEF7FEFAFEF700FBFEF704FB08BD704708
:10EBC00000B583B0034620F0030013F0020F0CD011
:10EBD0004FF6FF7343EA0143019304220DEB020158
:10EBE000FEF7BAFD03B05DF804FB6FEA01416FEA7E
:10EBF00011410191F1E711F0010F55D12DE9F041DB
:10EC000006460C46174610F0010F4FD1002A50D08F
:10EC10008446531C8E4603E00CF1020C0EF1020EEA
:10EC2000013B0BD0BCF800504FF6FF718D42F3D082
:10EC3000BEF80020002AEFD04B2038E0E8F7E4FAD5
:10EC4000012F02D016F0020F07D021883046FFF7BF
:10EC5000B7FF70B902360234013F012F0DD827B13A
:10EC600021883046FFF7ACFFD0B9E8F7DDFA002085
:10EC70001DE0E8F7D9FA4B2019E027F001084FEA28
:10EC800048052A4621463046FEF766FD20B92E4447
:10EC90002C44A7EB0807E2E7E8F7C6FA4B2006E0AA
:10ECA000E8F7C2FA4B2002E0012070470120BDE8DE
:10ECB000F0810020FBE708B500F0D4F908BD012081
:10ECC0007047704708B5022802D0022903D008BD5A
:10ECD000EFF7AEFCFBE7EFF7B1FCF8E738B5054618
:10ECE000FEF722FC044601212846EAF75FFF204692
:10ECF000FEF71EFC38BD38B50546FEF715FC044688
:10ED000000212846EAF752FF2046FEF711FC38BDE5
:10ED100070B584B00646084615461C4603A9EBF7B5
:10ED2000F5FB034610B1184604B070BDBDF82430A1
:10ED300001939DF82030009323462A4603993046DC
:10ED4000FFF78BFE0346EEE710B50446FEF7D1F958
:10ED50002046E4F7DFFA10BD38B504460D46FEF74D
:10ED6000CCF929462046FEF7D9F938BD08B5FEF79B
:10ED7000C5F9FEF7D7F908BD38B504460D46FEF7CC
:10ED8000BFF929462046E4F76DFA38BD10B50446B0
:10ED9000FEF7B8F92046E4F735FA10BD38B5044659
:10EDA0000D46FEF7AEF929462046FEF7B6F938BD06
:10EDB00010B50446FEF7AAF92046FEF7ADF910BDDE
:10EDC0002DE9F04F85B004460D4616461F469DF8C6
:10EDD0003880DDF83C909DF840A0DDF844B0CDF8D7
:10EDE0000CB0CDF808A0CDF80490CDF80080FEF767
:10EDF0008EF9CDF80CB0CDF808A0CDF80490CDF880
:10EE000000803B46324629462046FEF78AF905B087
:10EE1000BDE8F08F08B5FEF77BF9FEF780F908BD75
:10EE2000F8B504460D4616461F46FEF772F93B46F6
:10EE3000324629462046E4F7DFFDF8BD10B504460A
:10EE4000FEF769F92046E4F7AFFD10BD08B5FEF7FF
:10EE500056F908BD08B5FEF75DF9FEF761F908BD82
:10EE600010B584B004461B0143F006038DF808304A
:10EE70008DF809100DF10A010120F0F7F1FF0323CD
:10EE8000019302AB0093062300220D21204600F0DF
:10EE9000F1F804B010BD00B585B0120142F00502D2
:10EEA0008DF80C208DF80D10FF238DF80E30032304
:10EEB000019303AA009200220D2100F0DBF805B0B7
:10EEC0005DF804FB10B584B004461B0143F0010358
:10EED0008DF808308DF809100DF10A010120F0F7C6
:10EEE000BFFFFF238DF80E300323019302AB009385
:10EEF000072300220D21204600F0BCF804B010BD0D
:10EF000000B585B013469AB103228DF80C208DF818
:10EF10000D107BB108238DF80E300323019303AA53
:10EF2000009200220D2100F0A5F805B05DF804FB69
:10EF30003322EAE70A23EEE738B5044681684D78C4
:10EF400002310120F0F79AFF024629466088E4F773
:10EF5000D9FC024629466088FFF7D2FF38BD7047CA
:10EF600008B503790D2B0CD1037813F0010F08D0ED
:10EF700083681B7803F00F03022B0FD0042B01D002
:10EF800033B108BDC388062BFBD1ECF763F9F8E772
:10EF9000C388062BF5D9ECF7E9F9F2E7C388062B0D
:10EFA000EFD1FFF7C9FFECE708B500F01BF800B997
:10EFB00008BD00F047F8032803D000F043F8042808
:10EFC00002D1ECF763FAF3E700F03CF80628F8D03A
:10EFD00000F038F80728EBD1F3E7704708B5EFF7F2
:10EFE0004BFB08BD08B5EFF74FFB08BD08B5EDF7C3
:10EFF000EFFA08BD08B5EDF713FB08BD08B5F3F748
:10F00000EBFA08BD08B5F2F70CF808BD08B5F1F742
:10F01000FBFF08BD08B5F2F702F808BD08B5EFF729
:10F02000BBFC08BD08B5EFF7C0FC08BD08B5EFF79D
:10F03000F3FC08BD08B5EFF7D7FC08BD08B5EFF73E
:10F04000DFFC08BD08B5EFF7E1FC08BD08B5F2F735
:10F05000D3F808BD08B5EFF7D5FA08BD08B5EFF746
:10F06000B9FA08BD08B5EFF75BFA08BD08B5EFF7C8
:10F0700033FA08BD10B582B09DF814400194049C89
:10F080000094EFF70BFB02B010BD08B5F2F754F88F
:10F0900008BD08B5F3F78CF908BD08B5F1F730FBEA
:10F0A00008BD08B5F1F746FB08BD08B5F1F7CAFC85
:10F0B00008BD08B5F1F7E1FA08BD08B5F0F7D6FFCD
:10F0C00008BD08B5F1F7AFFF08BD08B5844608468E
:10F0D00011466246EBF712FF08BD08B5EBF738FFA3
:10F0E00008BD012070470420704703460088B3F92B
:10F0F0000020002A02DB42001A8070474840FAE7ED
:10F1000070B504460E46FEF70FFA05463146204616
:10F11000FCF724FF04462846FEF70AFA204670BD95
:10F1200038B50546FEF700FA04462846FCF7E0FC31
:10F130002046FEF7FDF938BD10B5044608B1ECF7DE
:10F140002FFA2046FFF7ECFF10BD00F4E040B0F5C9
:10F15000805F06D0B0F5005F01D00020704701202D
:10F16000704701207047036823F47F4323F00303B3
:10F170000BB9002070476FF0860070470B8813B101
:10F180000288934208D10B6A4BB94B8853B142882D
:10F19000934209D1002070476FF0860070476FF0EE
:10F1A00086007047002070476FF08600704700208F
:10F1B000704700230360436070470023036043608F
:10F1C00070472DE9F041884614461F460022ECF7AF
:10F1D000E1FD0646F8B9D8F80050298801F4E0436B
:10F1E000B3F5804F0CD0EB6834EA03030BD197B131
:10F1F0003A4605F10C00ECF78FFB064658B104E0E7
:10F2000024F00104EFE76FF084060023C8F8003013
:10F21000284600F0FDFA3046BDE8F08170B504469E
:10F2200045688668284600F01FFB00B170BD28467F
:10F2300000F01CFB0028F9D115F0FF0F11D1CEB959
:10F2400004F10C00FFF78FFF0028EFD162884FF622
:10F25000F8739A4211D8238B012BE7D96FF08600FF
:10F26000E4E70021A06800F044FA0028E8D16FF03C
:10F270008600DBE76FF08600D8E76FF08500D5E702
:10F28000F0B583B00C461546194600230B602046A6
:10F29000FFF7C4FF064610B1304603B0F0BD294663
:10F2A00001A8ECF72FFD06460028F5D12F683D4652
:10F2B000A446BCE80F000FC59CE8070085E80700DE
:10F2C0003B790BB9019BBB603B8B23F001033B8374
:10F2D0000121384600F022FADEE738B5044615462B
:10F2E000037923B1826A416A00F0A5FB40B9A368A3
:10F2F0002B600221204600F011FA08B100232B6098
:10F3000038BD10B588B044685FEA142C11D1109C48
:10F3100006940F9C05940E9C04940D9C03940C9CE5
:10F3200002940B9C01940A9C0094E9F711F808B030
:10F3300010BD6FF08600FAE741F2052398420BD921
:10F34000B0F5105F25D1802926D0C02926D0B1F58F
:10F35000807F25D100207047B0F5905F09D241F23F
:10F360000103984210D0B0F5885F0DD06FF0850092
:10F370007047A0F5905080B22923C34013F0010FCD
:10F3800002D16FF08500704711F0070F0BD10020FC
:10F3900070476FF08500704700207047002070476D
:10F3A0006FF0860070476FF08600704738B5436A8B
:10F3B0004BB904460D460120FFF7A2FE606228B15A
:10F3C000A562002038BD6FF08A00FBE76FF08C006B
:10F3D000F8E7F8B505460E4614461146FFF7E6FF76
:10F3E000074608B13846F8BD22463146686A02F041
:10F3F00058FDF7E72DE9F84304460A9E00882AB332
:10F4000088461F469146FFF7A0FE10B3336813B934
:10F410004FEAC9033360356829462088FFF78CFF1F
:10F42000044680B90735EA08B9EBD50F14D1089B1B
:10F430009A4214D84146384602F033FD3368073308
:10F44000DB08099A13602046BDE8F8836FF0850455
:10F45000F9E76FF08504F6E76FF08604F3E76FF0E5
:10F460008904F0E710B584B044685FEA142C09D130
:10F47000089C0294079C0194069C0094FFF7BAFF35
:10F4800004B010BD6FF08600FAE710B50446406A7C
:10F4900010B1A16AFFF750FE00206062A06210BDAB
:10F4A00038B50446FFF7F1FF94F82030043BDBB297
:10F4B000012B09D80546E3694BB92C2200212046CF
:10F4C00002F0B6FD284638BD6FF09605F5E76FF0FF
:10F4D0009605F2E740B110B50446042100F01EF98C
:10F4E0002046FFF7DDFF10BD704738B590F820309B
:10F4F000052B17D104460379FF2B07D06BB90025E4
:10F500002046FFF7CDFF00B9284638BDFFF7C8FFFA
:10F510000028FAD16FF08400F7E7806800F022FA43
:10F520000546EDE76FF08800EFE708B90020704767
:10F5300000B583B0012201A9ECF72CFC10B103B097
:10F540005DF804FB019800F05DF918B10198FFF730
:10F55000CCFFF4E76FF09900F1E730B583B00546D2
:10F560000C46084600F087F800231A4601A92846F1
:10F57000FFF727FE08B103B030BDA446DDF804E074
:10F58000BEE80F00ACE80F009EE807008CE807001B
:10F59000238B03F001032383019800F039F9EAE794
:10F5A0002DE9F04188B01D460023079306932B6098
:10F5B000002A5AD004460E469046B2F1005F57D258
:10F5C00006AB07AA01460020FFF75AFE07460028AF
:10F5D00033D10798436A5BB3079A53880593536AFC
:10F5E00005A9029102F128010191926A0092424616
:10F5F00031462046FFF736FF0746F0B9079A538891
:10F6000053BBBDF814305380059A4FF6F8739A42F5
:10F6100028D8079E21463046FFF7B0FD074660B95F
:10F620002A4606993046FFF758FE074648B104E0DF
:10F6300063681B0A09D06FF0860706990798FFF7E1
:10F6400049FF384608B0BDE8F0814146FFF7AEFEFD
:10F6500007460028C0D0F0E7059A9342D4D06FF057
:10F660008607EAE76FF08507E7E76FF08607E8E7C8
:10F670006FF08507E5E710B50446C069FFF750FD58
:10F6800024220021204602F0D3FC10BD2DE9F041D8
:10F69000044688461E4673B90027E06920B1FFF78B
:10F6A0003FFD0023E3612362E7612662A4F8008046
:10F6B0000020BDE8F081154619460120FFF720FD26
:10F6C000074620B13246294602F0EBFBE5E76FF032
:10F6D0008C00EEE7036813F4805F02D043F480638C
:10F6E0000360036813F4005F02D043F40063036017
:10F6F0007047421E6FF040439A4207D341B1B0F1C8
:10F70000804F07D3002807DA002070470120704798
:10F7100008467047002070470120704790F820305D
:10F72000052B30D8DFE803F0030C151E332E4B1EDB
:10F73000DBB2012B27D9042925D06FF08700704751
:10F74000022920D005291ED004291CD06FF0880082
:10F750007047032917D0052915D0042913D06FF05D
:10F7600088007047022908D005290CD004290AD046
:10F77000032908D06FF088007047C3691BB16FF090
:10F780008800704751B980F8201000207047052983
:10F79000F9D00029F7D06FF0880070476FF088002B
:10F7A000704730B583B005460023019300936A4645
:10F7B00001A900F075F9044638B10099019800F0EC
:10F7C0006BF94CB1204603B030BD009A0199284630
:10F7D000FFF7FFFD0446F0E702212846FFF79EFFF2
:10F7E0000446EFE710B504460321FFF797FF28B959
:10F7F000E369B3F1FF3F02D00133E36110BD6FF065
:10F800009600FBE7C3690BB10020704701207047E9
:10F8100010B338B5044690F82050032D03D0052DC1
:10F8200001D0042D1AD1E369DBB1013BE36120462D
:10F83000FFF7E8FF38B1052D06D0042D08D00221CE
:10F840002046FFF76BFF38BD2046FFF74EFEFAE774
:10F850002046FFF725FEF6E7002070476FF088008E
:10F86000F1E76FF09600EEE70020704710F0FF0020
:10F8700006D0FF2801D0002070476FF08600704747
:10F88000002070470021704710B582B00C46FFF78A
:10F89000F9FF6A46FEF785F808B9009B236002B0BD
:10F8A00010BDF0B587B00E461446FFF7EBFF0746D4
:10F8B0000D460023039304AAFEF773F808B107B0BE
:10F8C000F0BD03AB0193009623460022384629463B
:10F8D000E8F7AEFA039BA342F1D06FF09800EEE791
:10F8E00000B583B0FFF7CEFF6A46FEF75AF810F175
:10F8F0008C0F03D0012003B05DF804FB0020FAE771
:10F900002DE9F04184B0054688461746FFF7BAFF57
:10F9100006460C462846FFF7E3FF01281CD00023CB
:10F92000009343463A4630462146E8F711FAB0B90B
:10F9300002AA30462146FEF734F8054620B9029B5C
:10F94000BB4205D06FF0980530462146E8F7CEFA65
:10F95000284604B0BDE8F0816FF08A05F8E76FF043
:10F960009805F5E770B582B0FFF78CFF05460C46A9
:10F970006A46FEF716F810F18C0F10D02846214683
:10F98000E8F7B4FA064660B96A4628462146FEF70B
:10F9900008F810F18C0F07D1304602B070BD002678
:10F9A000FAE76FF09806F7E76FF09806F4E72DE9AD
:10F9B000F843089E23292FD904460D4690461F463A
:10F9C000ECF742FA8146C0B9A36843BB216A3960AB
:10F9D000243D8D4226D3B1F5005F26D281B9C8F807
:10F9E0000030E3687360238A3380638A73806369BD
:10F9F000F360A3693361E36973614846BDE8F88346
:10FA00000120FFF77DFBC8F8000088B13A6804F1D7
:10FA1000240102F046FAE4E76FF09809EDE76FF091
:10FA20009809EAE76FF09809E7E76FF09809E4E7CB
:10FA30006FF08C09E1E72DE9F04109B30546144662
:10FA4000884602B3B2F5005F20D202F124063146A7
:10FA50000120FFF755FB0746D8B103462A46214649
:10FA60004046ECF7FDF932463946A868FFF748FFF3
:10FA7000044631463846FFF75FFB2046BDE8F0817B
:10FA80006FF08604F9E76FF08604F6E76FF08D04F7
:10FA9000F3E76FF08C04F0E708B5FFF74DFB08BD06
:10FAA0002DE9F04385B004468846174600200390B0
:10FAB000A66803A93046FFF7E7FE054618B12846B9
:10FAC00005B0BDE8F08303990120FFF719FB8146DB
:10FAD00008B3039A01463046FFF7E3FE054620B11E
:10FAE00003994846FFF728FBE9E700943B46424666
:10FAF00003994846FFF75BFF05460028F0D1D8F888
:10FB000000302BB13B68002BEAD16FF09105E7E79D
:10FB10006FF09105E4E76FF08C05D0E7704720B1F6
:10FB200008B50A684968904708BD7047014600203B
:10FB300008E000EB8000531C0B60137803EB4003DC
:10FB4000A3F130000A681378303BDBB2092BF0D9FF
:10FB500070472DE9F04F83B005460E4693461F4689
:10FB6000DDF830A00D9CDDF838900F9B13F0030FEB
:10FB700019D1A0460192C84509D202F1010B3B46BA
:10FB800031462020A84708F101085A46F3E7DDF87E
:10FB900004B008E0013C02F101083B4631461AF886
:10FBA0000400A8474246002CF4D10F9B13F0020F2B
:10FBB00003D1104603B0BDE8F08FA2EB0B034B4519
:10FBC000F7D2541C3B4631462020A8472246F4E792
:10FBD0002DE9F04385B099460C9D0D9C9DF8388029
:10FBE000DDF840E0119F129E16F0020F21D17FB187
:10FBF00016F0010F0CD0B8F1000F02D116F00C0F67
:10FC000006D0013F04E04FF0300C05F804C0013489
:10FC1000744501D21F2CF6D916F0010F09D0BC4251
:10FC200007D21F2C05D84FF0300C05F804C0013462
:10FC3000F2E716F0100F14D016F4806F04D11CB147
:10FC4000744522D0BC4220D00F9B102B36D00F9B86
:10FC5000022B3ED01F2C0ED84FF0300C05F804C0FC
:10FC600001341F2C07D8B8F1000F3AD04FF02D0CFB
:10FC700005F804C0013403960297019400954B46A1
:10FC8000FFF767FF05B0BDE8F083B4F1010C13D0B6
:10FC90000F9B102B0ED064460F9B102BD7D116F064
:10FCA000200FD4D01F2CD2D84FF0580C05F804C028
:10FCB0000134CFE7023CC7E76446C5E716F0200FE2
:10FCC000EAD11F2CE8D84FF0780C05F804C00134B5
:10FCD000C0E71F2CCFD84FF0620C05F804C00134E8
:10FCE000B8E716F0040F05D04FF02B0C05F804C050
:10FCF0000134C0E716F0080FBDD04FF0200C05F816
:10FD000004C00134B7E7F0B591B0169C189D1B9E56
:10FD10000CB926F0100616F4806E16D064B34FF0BE
:10FD2000000E12E00CF1300C5FFA8CFC0EF10107B2
:10FD30000EF1400EEE440EF820CCB4FBF5FCAC42C4
:10FD40001BD31F2F19D8BE466446B4FBF5FC05FB38
:10FD50001C4C5FFA8CFCBCF1090FE3D916F0200FA4
:10FD600008D04127BC445FFA8CFCACF10A0C5FFA66
:10FD70008CFCDBE76127F5E7274606961A9C05947D
:10FD8000199C049403959DF85C400294019708AC7B
:10FD90000094FFF71DFF11B0F0BD2DE9F04F95B0B5
:10FDA00009900A910B929846DDF878B0DDF87C90C6
:10FDB000229D239F269E5BEA090201D126F01006B0
:10FDC00016F480641ED05BEA09022FD0002419E0EB
:10FDD0003032D3B204F1010A04F150020DEB0204F7
:10FDE00004F8203C2A463B4658464946FBF728FB88
:10FDF000AB4579EB07091BD3BAF11F0F18D854464E
:10FE0000834689462A463B4658464946FBF718FB37
:10FE1000D2B2092ADCD916F0200F05D041231344B1
:10FE2000DBB20A3BDBB2D5E76123F8E74FF0000A0B
:10FE30000696259B0593249B049303959DF880309B
:10FE40000293CDF804A00CAB009343460B9A0A9999
:10FE50000998FFF7BDFE15B0BDE8F08F00B97047F7
:10FE600008B500F001F808BD08B501460020FEF70E
:10FE70001DFB08BD03280DD8022809D0032803D094
:10FE8000012803D0FCF782BDECF78ABFEDF738B943
:10FE9000FCF7A8BFFF20704743081F220BB9904012
:10FEA000704703F0010141EA4000013A5B08F5E7C1
:10FEB00008B5E0F78DFF20B9E0F798FF0130C0B238
:10FEC00008BD0420FCE710B50446E0F781FF40B10F
:10FED00021460120EFF7D2FFFFF7DEFFC0F3CA1083
:10FEE00010BDE0F783FF38B12046EFF7ABFFFFF717
:10FEF000D3FFC0F30A40F3E72078F1E708B5E0F755
:10FF000067FF08B1042008BDE0F770FF0028F9D1B1
:10FF10000220F8E708B5E0F75BFF10B14FF400608E
:10FF200008BDE0F763FF0028F8D18020F8E737B577
:10FF300005460C46E0F74CFF88B10DF10700E1F7EC
:10FF400063F99DF80700E40144EAC040FFF7A4FF0D
:10FF5000294602460120EFF783FF03B030BDE0F7EA
:10FF600045FF60B1C4F30A0444F40060FFF794FF56
:10FF7000010C284603B0BDE83040EFF769BF2C7094
:10FF8000EBE72DE9F74F0C9D0E9E01930446934637
:10FF9000BDF834A0BDF83C90BDF840700091FFF76B
:10FFA00087FF04EB0008307A95F808C0019B4BEA04
:10FFB000803242EA8C2212B20BB142F01002009B56
:10FFC0009907009B48BF42F0200213F0010318BFBD
:10FFD00042F00802CA45019391B203D110B142F038
:10FFE000400291B24046EFF733FF2A7A08F1030B43
:10FFF0002AB158465146EFF72BFF08F1050B2A7A34
:020000022000DC
:10000000022A3ED158462988EFF722FF0BF1020B56
:10001000337A3BB1CA4505D058464946EFF718FF39
:100020000BF1020B337A022B36D158463188EFF7A9
:100030000FFF0BF1020B019BABEB0406B6B2B3B39F
:100040003946009A5846FCF7D3FDFCF787FE053782
:100050008046FFF753FF3E44B6B28519FFF728FFED
:10006000A8F10503ADB2D3F1000848EB0308291A43
:1000700001EB880189B2204603B0BDE8F04FFFF7DD
:1000800056BF032AC4D12A68CBF800206A68CBF88F
:1000900004200BF1080BBBE7032BCCD13368CBF862
:1000A00000307368CBF804300BF1080BC3E7FFF79F
:1000B00025FF3E44B6B28519FFF7FAFEADB2291A04
:1000C000D8E738B581F0010141EA02120446BDF8D3
:1000D000101000F8012B1D46EFF7BAFE2946E01C70
:1000E000BDE83840EFF7B4BE73B500230C468DF879
:1000F00004300646FFF7DCFE8DF80500FFF7D8FE5A
:1001000002308DF80600FFF7D3FEC51CEDB2032CBC
:100110008DF8075007D804F108030DEB030414F819
:10012000040C02B070BD0D2C0DD1FFF7C1FE0446CA
:100130003046FFF7C8FE0546FFF7E0FE043D2C44BD
:10014000241AA0B2EDE7FFF7B3FE3044EFF77AFED2
:1001500010F4406F0246C0F3812310D1042C2846CE
:10016000DFD0052CDDD0C2F38F31A9B9062CD8D051
:10017000072CD6D0082C1FD1013080B2D1E7042C37
:1001800005F10200CDD0022B01D1281DE9E7032B98
:1001900008BF05F10A00E4E755065CBF831C98B26E
:1001A000062CBED0022902D1831C98B2E0E70329B5
:1001B000DED100F10803F8E7130744BF053080B231
:1001C000092CAED00A2CD7D00B2C01D10330D4E7A8
:1001D0000C2C01D10530D0E74FF6FF70A1E738B500
:1001E0000C460546FFF764FE2044EFF72BFE801314
:1001F0001DD0FFF75DFE2044EFF724FE8013022898
:1002000009D1287206212046FFF76EFF2044EFF740
:1002100019FE288038BD06212046FFF765FF2358C8
:100220002B60221853686B6003232B72F2E728724D
:10023000F0E738B50C460546FFF73AFE2044EFF7E5
:1002400001FE10F4406FC0F381231CD0FFF730FE95
:100250002044EFF7F7FDC0F38120022809D128726E
:1002600004212046FFF740FF2044EFF7EBFD2880F4
:1002700038BD04212046FFF737FF23582B60221892
:1002800053686B6003232B72F2E738B50C460546C2
:10029000FFF70EFE2044EFF7D5FD800B2FD0FFF7C0
:1002A00007FE2044EFF7CEFD430628D401232B762A
:1002B00005212046FFF718FF2044EFF7C3FDA88271
:1002C000FFF7F6FD2044EFF7BDFD10F4406FC0F3DB
:1002D000812317D001236B7603212046FFF704FF0B
:1002E0002044EFF7AFFDE88221462846FFF777FF6D
:1002F000214605F10A00BDE83840FFF79ABF002308
:100300002B76DDE76B76EFE770B50546FFF7D0FD9E
:100310002844EFF797FD02071ED5FFF7C9FD0646F3
:100320002846FFF7D0FD092104462846FFF7DCFEEA
:100330000721361A2846FFF7D7FE2D5C05F0070582
:100340006B1F5D425D41FFF7D9FD3444A4B2AD009F
:10035000201A401B80B270BDFFF7AAFD0646284652
:10036000FFF7B1FD092104462846FFF7BDFE361A06
:10037000FFF7C4FD3444A4B2201AEBE7F8B50D46EC
:1003800009210646FFF7B0FE34183046FFF7BCFFE0
:10039000032826D9E31CA47814F004041FD004EB2E
:1003A0004402053282421CD8032101FB0434631C41
:1003B0001C7804F00401241104F0040401EB840708
:1003C000214408294FEA470602EB470209D082423E
:1003D00007D80DB1801A2870721C9818F8BD042235
:1003E000E6E70020FAE7F0B587B00C46054616466A
:1003F0001F46EEF7F9FA22464FF6FF7403460095C2
:10040000002104A8A5420CBF04240624FFF759FECE
:10041000344366B99DF830300093CDE9017404ABE4
:10042000052200212846F1F783F807B0F0BDFCF75C
:10043000B9FB0028EED13820F7E72DE9F7430D4648
:100440000C2191461E460746FFF74EFE04463846ED
:10045000FFF75AFF8046EEF7C7FA484522D13846E3
:1004600000F00CF9F0B109213846FFF73DFE3A5C87
:100470001211013A3C44052A14D8DFE802F00316B1
:100480002129343B2046EFF7DDFCD4F8061007465F
:10049000D4F802006B4603C36A4633463946284601
:1004A000EDF78EFF03B0BDE8F083002DFAD12046B2
:1004B000EFF7C8FC314603B0BDE8F043ECF7F2BFFC
:1004C000002DEFD1304603B0BDE8F043ECF7D0BECD
:1004D000A8F10503DBB222463146284603B0BDE849
:1004E000F043EDF74BBF3146284603B0BDE8F0437B
:1004F000EFF74EBF3146284603B0BDE8F043ECF7B6
:10050000FDBE38B50C46054609212046FFF7ECFD37
:10051000235C1B11052B02D0062B0DD038BD0A2100
:100520002046FFF7E1FD2044EFF78CFC014628460A
:10053000BDE83840ECF7BCBE2846BDE83840EFF7D0
:1005400049BF10B50C4686B0014603A8EFF780FC02
:100550002368CDF80E306368CDF81230FCF722FB2B
:100560000A2302460093012103AB0020FFF73BFF63
:1005700006B010BD30B585B0044603A81546EFF7A8
:1005800067FC0221009103AB2A462046FFF72BFFB0
:1005900005B030BD07B500230A4600930321FFF7DD
:1005A00022FF03B05DF804FB37B50D460446FCF7A7
:1005B000F9FA00950246234604210020FFF713FFB5
:1005C00003B030BD07B500230A4600930521FFF7AD
:1005D0000AFF03B05DF804FB07B500230A46009349
:1005E0000621FFF700FF03B05DF804FB38B50921D1
:1005F0000446FFF779FD05462046FFF785FE0246D3
:1006000090B1605D072809D8E0B1431E062B0BD8D6
:10061000DFE803F00C1C0A1E0A0A1E007E2819D00F
:100620007F2819D07D280ED000200BE0022AFBD1B4
:10063000FFF73EFC2044EFF705FC8013032814BFAE
:100640000020012038BD042AEED9F1E7042AF6E79C
:10065000012AF4E7022AF2E7092AF0E708B5FFF7D2
:1006600053FE042894BF0020012008BD08B5FFF701
:100670004BFE052894BF0020012008BD38B5054673
:10068000FFF742FE0538C4B209212846FFF72CFDCA
:100690002B5C1B11013B052B11D8DFE803F0050A89
:1006A000030C0303012038BD0A2C14BF00200120D5
:1006B000F9E7022CF9E7E04300F00100F3E700203E
:1006C000F1E708B50246102300210120EAF73AFBC2
:1006D000002008BD08B50246102300210120EAF7DA
:1006E000E1FA002008BD4369406CDA1C1438B2FB03
:1006F000F0F203EBC203CA1DB2FBF0F2013201EBD0
:10070000C2010333B3FBF0F3023300FB0310704765
:1007100038B5446905462146FFF7E5FF6A6CE31DDD
:10072000143AB3FBF2F3013304EBC304204438BDA5
:1007300073B506460D460024F36B01225B6901A9DF
:1007400028199847019B013309D1736C043462194D
:100750006A405B421A42EFD0204602B070BD0024CE
:10076000FAE770B505460C46E5F78EF8EB6B2046C8
:10077000DB68BDE87040184770B5002586B00446B8
:100780000562E369AB4202D8206A06B070BD666CB0
:100790002068E36B05225B6901A906FB0500984709
:1007A00001A800F012FC00F035FC10B1236A0133FF
:1007B00023620135E5E738B50446456C006804F16D
:1007C000400305FB0101E06B00F031FC05462046CB
:1007D000FFF7D2FF284638BDF0B5054687B00026A2
:1007E000EC69013CB44203D80C46204607B0F0BD8A
:1007F00001B14C1E6F6C2868EB6B05225B6901A987
:1008000007FB0400984701A800F0DFFB00F002FCA2
:100810000028EAD101362146E2E7F0B50446466CED
:10082000E36B00685B6987B00D46052201A906FBF2
:100830000500984701A800F0C8FB00F0EBFB20B1D1
:1008400001A800F099FB07B0F0BD29462046FFF74C
:10085000C3FF676CE36B064620685B69052201A94C
:1008600007FB0600984701A800F086FB431CEAD06E
:10087000B54238BF0130E6E72DE9F043D0F82480D7
:100880004FF6FF7987B004460E46C84514BF45466B
:1008900000250027E369BB4202D807B0BDE8F0831A
:1008A000E26B2368606CD2F814C001A9052200FB3A
:1008B0000530E04701A800F088FB022806D0C845B3
:1008C0000CD1721C29462046FFF775FFE3690135FC
:1008D0000137B5FBF3F203FB1255DBE7294620464F
:1008E000FFF79BFFB0F1FF3F14BF024632460132D3
:1008F000E8E7F0B5036887B006460025CC1A436CDC
:10090000B4FBF3F4F3693768706C5A1E954208D350
:10091000706C336800FB043007B0BDE8F04000F0B5
:1009200084BB0134B4FBF3F203FB1244F36B0522E6
:100930005B6901A900FB0470984701A800F045FB22
:1009400000F068FB0028E3D10135DBE710B423F0A9
:10095000030422449B070A44436C18BF04325B42E1
:1009600082EA0104234203D05DF8044BFFF7C1BFC4
:1009700010465DF8044B70472DE9F041D0E90A3686
:100980009E4286B0044628D1C3694568142202FB02
:100990001355284606B0BDE8F0812068676CE26B0D
:1009A000331AD2F81480B3FBF7F3052201A907FB31
:1009B0000300C04701A800F008FB012804D0636CC5
:1009C0001D44013B3340ED1A31462046FFF791FFAD
:1009D0000646A36AB342E0D1DBE70025F9E7F0B5AC
:1009E000002587B004462E46E369B34202D8284664
:1009F00007B0F0BD636C276803FB0677E36B052245
:100A00005B6901A93846984701A800F0DEFA00F0BA
:100A100001FB58B1384600F008FB01462046FFF7BD
:100A200087FE636C143B834208BF01350136DBE768
:100A300008B508301346D1E90012F3F711FA012086
:100A400008BD13B50C46002121760093616813465A
:100A50002246F1F7CDFD18B1E37D03B1A07EA0756C
:100A6000A07D02B010BD73B500F1080516460C4616
:100A70000DF107020968284600F0A3F9032E06D1FC
:100A80006368834203D12168284600F080F9012081
:100A900002B070BDD01E009B42424241187E82428D
:100AA00011D11A688A420ED85A688A420BD35A6901
:100AB00001325A61D3E9030282423FBF986840F88D
:100AC000221001321A610120704710B5032A029CDE
:100AD00007D1A26A5340626C5242134201D100F026
:100AE00056F9012010BD08B5C36800209847BDE83D
:100AF0000840E4F7D1BE70B5002401281C7014BF73
:100B000004200220CC7D4243101D02F002024CB9A9
:100B10001AB1012220F003001A7000F1080348689E
:100B2000184470BD1AB1012220F003001A700C7E27
:100B3000002301F12005DAB2944201D80020F0E749
:100B400035F83320824203F1010606D901EBC303D5
:100B500000F10802D8691044E3E7801A3346EAE757
:100B600073B590F8426005461C4630460DF103030C
:100B7000FFF7C1FFEB6B012E5B690DD1324601A976
:100B800098479DF8033013B1BDF806300193BDF8C6
:100B90000430236002B070BD0122214602B0BDE8DE
:100BA00070401847F0B5054687B04868EB6B0024E5
:100BB0005B6902940E46012202A908309847274635
:100BC00095F84230012B40F08480632C02D90298C2
:100BD00007B0F0BD612C08D805AB22463146284647
:100BE000FFF7BEFF9DF814301BB305AB224631461C
:100BF00028468DF81070FFF7B3FF95F84230012BAF
:100C0000059B55D14FF6FF72934200F09680082263
:100C100005A904A800F060F9059B9DF81010C3F326
:100C20000722914240F08980DBB2029A1A44029274
:100C300083E095F84230012B30D103AB2246314698
:100C40002846FFF78DFF04AB621C31462846FFF7AC
:100C500087FF05ABA21C31462846FFF781FF102213
:100C600008230DEB02010DF107008DF8073000F0AD
:100C700033F9102205A90DF1070000F02DF9039BAF
:100C8000DAB2002A52D19DF80720B2EB132F4DD1D2
:100C9000DDE9043203EB0243029347E0302C2BD909
:100CA00044E09DF80720B2EB134F3FD1049BF3E7DC
:100CB000013342D0102205A90DEB020000F00CF91F
:100CC000059B9DF81010C3F30742914235D19BB2AA
:100CD000ABE7312C3FF67BAF87D005AB22463146E0
:100CE0002846FFF73DFFBDF81430002B7FF47DAFA1
:100CF00095F84230012BA0D003AB2246314628465E
:100D0000FFF72EFF04AB621C31462846FFF728FF91
:100D1000102320220DEB03010DF107008DF80730A1
:100D200000F0DAF8039B9AB2002ABAD095F8423064
:100D3000012B14BF012302231C44013440E713B5E7
:100D400000240194049C0094F1F7F2FF02B010BD5E
:100D500013B501240194049C0094F1F7E9FF02B05B
:100D600010BD30B5446800234FF0FF329C4202D1E1
:100D70000023037230BD016801EBC30541F8332045
:100D80006A600133F2E7C0E90012FFF7EABFF0B58D
:100D9000456800239D4211D0046854F83320B2F115
:100DA000FF3F4FEAC30704EBC30608D0C2F31302A8
:100DB000914204D14FF0FF33E3517360F0BD013332
:100DC000E8E7F0B5456800239D4202D14FF0FF30BF
:100DD0000FE0046854F83340671C4FEAC30609D09B
:100DE000C4F31307B94205D1240D147003683344CA
:100DF0005868F0BD0133E7E713B504460023014608
:100E00001B220DF107008DF8073000F065F822680D
:100E10009DF80730B3EBD26F0CBF0120002002B069
:100E200010BD13B500230446014620220DF1070032
:100E30008DF8073000F050F80DF107001A22211D3F
:100E400000F04AF862689DF80730B3EB926F0CBF70
:100E50000120002002B010BD0068431C58425841D8
:100E60007047006810F07E0F0CBFC0F3C160002017
:100E700070470068C0F3D3107047006800F07F002F
:100E800001288CBF002001207047036813F07E0FFB
:100E900014BF042008207047036813F07E0F03D1AD
:100EA000406820F07C40704713F078001CBF03F0CE
:100EB0007F03D81F7047006800F07F007047032849
:100EC00009D0022803D1C1F10201C8B2704700293C
:100ED0000CBF0720002070471F2A0B689EBF4FF0F1
:100EE000FF3191408B43590801F055315B1A03F0F3
:100EF00033319B0803F033330B44017803EB1313B6
:100F00000A4403F00F334FF001314B43A2EB13625D
:100F10000270704737B501F10C0443690546694614
:100F2000012220469847BDF8003001930122AB69A9
:100F300001A92046984703B030BD37B501F10C0434
:100F4000436901226946054620469847009B4FF6B3
:100F5000FF7299B291420DD11B0C1B0443F425433F
:100F600043F0A50301930122AB6901A920469847EC
:100F700003B030BD0020FBE737B504461B22011D3E
:100F800000250DF107008DF80750FFF7A5FF6068F9
:100F90009DF80720B2EBD06F03D120F0784003B06A
:100FA00030BD0DF107001B2204F108018DF8075038
:100FB000FFF792FFA0689DF80730B3EBD06F01D127
:100FC000C043EAE74FF0FF30E9E703684BF29A22AB
:100FD000B2EB134F10B5044613D19BB2012B13D1C2
:100FE000FFF7CAFF01300CD0E0684FF6FF72B2EB9A
:100FF000104F4FEA104309D180B2C01A18BF012028
:1010000010BD2368013303D00420F9E70220F7E77D
:101010000320F5E701288CBF00200120704703382A
:1010200001288CBF002001207047143070472DE943
:10103000F04105469846036908460E46174698470C
:10104000044638B943463A4631462846F2F7E4FFAB
:10105000044618B131462846FFF75CFF2046BDE83C
:10106000F081022070470020704701207047002067
:1010700070470020704701207047F9F72BB90846E8
:101080001146F3F735B970B505460C4611461A46B8
:10109000F3F736F806682B462046B446BDE87040A4
:1010A000604710B5F3F72CF8BDE810408368184787
:1010B0000023F3F783B808B500F015FD002008BD44
:1010C000F5F700BE4942FFF7FBBF70B504460D4679
:1010D00016464FF4881100F087F93246294620461B
:1010E000BDE8704000F044BB7047431E012B03D99C
:1010F000031F5842584170470120704700F054BB0D
:101100004FF4A472002100F093BF10B500210446F3
:10111000FCF710F82046BDE81040F8F7ABBDF8F733
:101120000BB800F07FBC00F08DBCD0F88C0070B51F
:10113000C468002324259C4201D1012070BD82682F
:1011400005FB0322D6898E4202D8128A8A4201D236
:101150000133F0E70020F1E7F8B505460E46F3F756
:1011600089F8D5F88C307BB15B696BB1F5F7CEFCB3
:10117000D5F88C305B691B1A584240F26B124FF065
:1011800042015841F3F7BCFAF76800224FF6FF73AB
:101190004FF0240CD0B2B84208D31C462146284652
:1011A000F3F7F8F900F003FB2046F8BDB1680CFB3B
:1011B0000011CC899C4202D2002CEFD02346013290
:1011C000E8E7008B70470A7838B505461046FFF708
:1011D0008CFF60B14C782046FFF787FF38B122437F
:1011E000530704D42846BDE83840F8F7D9B90120A0
:1011F00038BD10B504460878FFF777FF58B14A7834
:101200001046FFF772FF30B1042A04D02046BDE833
:101210001040F8F7FDB9012010BDF7F733BF10B447
:10122000BDF8044001945DF8044B00F00ABDF8F7E6
:101230009DB838B504460D46F3F7ACF928B92946F0
:101240002046BDE83840F8F765B838BD70B50446AB
:101250000D461646F3F79EF930B932462946204628
:10126000BDE87040F6F77CBE70BD70B516460C4602
:10127000FCF75AF9314605462046F6F76DFA044662
:101280002846FCF755F9204670BD052A2DE9F041A6
:1012900006460C4615461F462BD8FFF792FF2146FF
:1012A00080463046F3F776F9044638B9F7F7CEFFB3
:1012B00038B941463046F3F76DF902242046BDE8BF
:1012C000F08101210846F3F713F8204600F06DFA8B
:1012D000F5F7B8FD3846F7F725FE6FF029032B41E7
:1012E000DB07284602D4F5F71FFEE7E7F5F754FEC3
:1012F000E4E70124E2E738B5044648880D4600F0EB
:1013000054FAD4F8A0302BB929462046BDE838401D
:10131000F8F7B4B9022038BD00F048BA00F0D3BBEA
:1013200073B5044600200D4600F03FFAD4F8A060E3
:1013300069462046FFF7F2FF5EB99DF800102A4685
:101340002046E6F7D7F90146204600F088FB02B0B8
:1013500070BD00231A4629462046B047F7E71FB55F
:1013600000230393CDE901336846136800931446C4
:101370008DF80C10F7F764FE009B236004B010BDDD
:101380001FB50023CDF80630CDF80A30ADF80E3089
:10139000ADF804101368009369461446F8F7E4F8B2
:1013A000009B236004B010BDF4F738BE38B5044686
:1013B0000D46FCF7B9F800232563E362BDE8384029
:1013C000FCF7B6B838B505460C46FCF7ADF82B6B04
:1013D0001C40EB6A2343EB62FCF7AAF8211E18BFFE
:1013E00001210020490238BD38B504460D46FCF7FE
:1013F0009BF8236B1D40E36A23EA0505E562FCF7D1
:1014000097F8284638BDC06A70477FB504460E4637
:1014100000F039FA431EDBB2FD2B05464FF488116C
:10142000204688BF0096FFF7DFFF2A466946204620
:1014300000F08AF904B070BD10B501210446FFF731
:10144000D3FF2046BDE81040F5F7E8BF73B50D782F
:1014500006460C4635B304238DF8043023798DF805
:10146000053001A93046FFF7C4FE0546B8B9227819
:10147000A37952BB8DF80430E3798DF8053001A9CA
:101480003046FFF7A0FE054648B923783BB1618896
:101490003046F8F7F5F90121304600F02BFB2846DD
:1014A00002B070BD294600F025FB2946304600F009
:1014B0004EFB2946304600F04FFB2378002BCAD163
:1014C00023798DF804306379C9E702228DF804206E
:1014D000D3E7F8F713BA00F048BB00F067BB084643
:1014E0001146F3F745BDF8F725BA70B5144686B036
:1014F00005460E46122200210DF1060000F098FD6F
:101500002368009369462846ADF8046000F029FB83
:10151000009B236006B070BD0846F3F755BC084633
:1015200011461A46BDF8003000F041BA0846F5F7FA
:101530008BB900F087B9F5F717B80847022A01D828
:1015400000F0F7BB01207047022A01D800F002BC6E
:1015500001207047022A01D800F00EBC012070471C
:1015600038B504460D4600F0E1FB28B12946204677
:10157000BDE8384000F00FBC022038BD70B504460D
:101580000D46164600F0D2FB30B1324629462046C1
:10159000BDE87040F8F79ABF022070BDF9F710B8A7
:1015A0000846F9F72FB800207047002070472DE952
:1015B000F74F1C469DF830300193036803F0070392
:1015C000063301259D400646174605F1FF380B46B8
:1015D000A1B1416804EA080BA5EB0B0A41F00059E0
:1015E000524509EB0B0114D95246184600F059FC3C
:1015F0007A1B5A444946504400F053FC019B2BB1DE
:101600003C4448EA050804EA0804F46003B0BDE875
:10161000F08F1846F0E737B5002500951446FFF720
:10162000C6FF204603B030BD2DE9F04F85B0064619
:10163000BDF838A08946174698460525002447F688
:10164000FF7B3F2D9ABFC5F14000C0B22846CDF8C0
:1016500000A043463A46B9F1000F1CD03146F4F7DA
:1016600011F85845B8BF2C4605F10A05EDB2B8BFD0
:101670008346872DE5D1631F621DDBB2002547F647
:10168000FF7B0392039A93420BD93F2D28D928461A
:1016900005B0BDE8F08F01463046E0E70146304630
:1016A00014E01A06F1D4012B38BF01233F2B98BF59
:1016B000C3F140001C468CBF1846C0B2CDF800A054
:1016C00043463A46B9F1000FE8D03146F3F7DAFF66
:1016D0005845ACBF584625460134E3B28346D1E7AE
:1016E000C5F14005EDB2D2E70228F7B50D46164622
:1016F0001F4617D10093002013460A460121FFF729
:1017000093FF33462A4600210097FFF78DFF00978D
:1017100033462A4601210446FFF786FF44EA0020AB
:1017200003B0F0BD4FF0FF30FAE7D0F890304BB186
:101730005B693BB11B689A1C08BF4FF0FF330B601D
:10174000002070470120704738B50D6804462846D0
:10175000F3F75CFDD4F8903043B15B6933B10135E8
:1017600004BF6FF001020A600A681A60002038BDE9
:101770007FB5D0F8943005460C46164623B11A685A
:1017800012B1D868F3F7ACFCF4F7BEF8324600901B
:1017900069462846FFF7D8FF0CB1009B2360002064
:1017A00004B070BDF8F73EBD704770477047704792
:1017B000704738B50D460446F5F7A8F9AC4042F23B
:1017C000107364095C436423B0FBF3F0B4FBF0F0E6
:1017D00038BD022807D0062807D0003818BF0120DE
:1017E0004042C0B27047012070470020704730B5BA
:1017F0001F23B0FBF3F35D1CEDB24FF0FF34C3EBDE
:101800004313AC40C01AE4430130E4B2C0B21460E8
:10181000086030BD70B505460E46C0B201F00F013C
:10182000FFF7C7FFC6F303110446C5F30720FFF710
:10183000C0FFC6F303210444C5F30740FFF7B9FF17
:10184000204470BD08B5F4F7D1FDBDE80840F4F7B9
:1018500057BE10B50446F4F7C9FD844288BF01F1B4
:10186000FF31204601F00301BDE81040F4F748BE07
:1018700038B50446FFF7E6FF0546FFF7E3FF431BD5
:10188000A342FAD338BD00207047F7B544F20802EE
:10189000B2EB114F05460C468FB24FEA11430ED002
:1018A000B3F5045F14BF02260126D5F890300BB1C2
:1018B000196831B9D5F88C307BB920680BE0002667
:1018C000F3E7334668463A46F5F726F89DF80430C4
:1018D0000098002BEED103B0F0BD19680029ECD0C0
:1018E000334668463A46F5F717F89DF804300098F5
:1018F000002BE2D1EFE70320F7F744BC10B5044614
:1019000051B10B6843B15B6833B11A68032A03D93C
:101910009C6A640E204610BDFBF706FE0146204679
:10192000F5F7A2FC04460846FBF702FEF2E738B1E1
:101930004FF47A735843A0F6AC50401AF5F7BABD8D
:101940004CF25030FAE7F6F79DBDF6F79BBDF6F77F
:1019500099BDF6F797BD7047436B03F06003402BCA
:101960000DD0602B03D0203B58425841704749B1FD
:101970000B68012B06D9486940F00100704740F21E
:101980000110704700207047034670B10268022AB8
:101990000BD9426A12F47F4FC2F3072006D01B6AAC
:1019A000D2B25A43B2FBF0F0704700207047F0B556
:1019B000144687B01E460F4619B90024204607B0CA
:1019C000F0BD002AF9D00028F7D001A9F3F7D0FA2A
:1019D0000028F2D0BDF80630BDF80850A2199A428E
:1019E000C4BF9B1B9CB2B54212D90399AD1BADB2CB
:1019F0003144A5420391ADF808500DD22A4638462D
:101A000000F04FFA0499621B781900F04AFAD5E702
:101A10000499761B3144049122463846F5E70220AA
:101A2000F4F7CEBCD0F894304BB11A68022A06D92C
:101A300093F8250028B11B6AB3FBF0F07047FBF761
:101A400075BB704708B50146D0F89400FFF79CFFBE
:101A500020B9BDE808400846FBF76ABB08BD10B5D1
:101A600090F8D0300E2B04462BD00175D0F89000A2
:101A700020B3D4F8A0304BB994F8D9308B420BD3B3
:101A800020460022BDE81040F7F752BEB4F92420EA
:101A9000B0F912309A42F3DD94F8D91000222046B2
:101AA000F7F746FE60B9C4F890002046FFF789FBBF
:101AB00001462046BDE81040F2F76CBDFF23637578
:101AC00010BD0220FCE70346D0F8D0000860B3F850
:101AD000D4308B800020704790F8D0300E2B14BF8C
:101AE000407DFF20704708B5FFF705FFBDE80840BF
:101AF000F5F7DEB938B505460C46F8F79FFC88B116
:101B00000CB1002038BD4FF400612846F7F70AF900
:101B100000224FF480712846F7F7F0F8003818BF1C
:101B20000120EFE74FF400612846F7F7FBF840B1DA
:101B3000002CEDD095F8CA30002BE2D14FF4807222
:101B4000E7E72202E5E74FF48071F7F7EBB84A02C6
:101B50004FF40071F7F7D2B88A024FF48061F7F7BB
:101B6000CDB804238B71002070473F2B084610B579
:101B7000114619D9B3FA83F3C3F11902D2B2062A76
:101B800001D8192B0ED0062A28BF0622931DDBB2DE
:101B900001249C40A4B2A14228BF2146F3F700F8DB
:101BA000204610BD0022F1E70024F9E713883F2BFF
:101BB00010B5084616D9B3FA83F3C3F11901C9B2B7
:101BC000062901D8192B0BD0062928BF06218C1D08
:101BD000E4B20123A3401380F3F700F8002010BD06
:101BE0000021F4E70120FAE710B508461446012168
:101BF000F4F79AFF20460121BDE81040F4F794BFA6
:101C0000F8B504460E461746FBF78EFC3A460546E5
:101C10003146204600F01BF904462846FBF788FCB5
:101C20002046F8BD0220704703207047F4F7C0BB80
:101C300010B5F8F759F9044608B9F6F783F92046C4
:101C400010BD2DE9F04F85B0D0F88CC00293BDF8DF
:101C500038300393BCF1000F44D0DCF80C30019312
:101C6000002528464FF02409A1F1080A019BAB4248
:101C700004D11080002005B0BDE8F08FDCF80840EA
:101C800009FB0544B4F80E80238A00934346009E66
:101C90009E4201D20135E9E7029EB34210D3039E72
:101CA000B3420DD80026B7B2B84204D8168886428F
:101CB00009D10120DFE701363AF836709F42F2D1B0
:101CC00001339BB2E3E7D4E9016701EBC00BA3EB5F
:101CD000080E21F8303007FB0E660130CBF80460A7
:101CE00080B2EDE70220C6E7704770B505460E46A4
:101CF0001446FFF75DFD31462846FFF72DFAFFF742
:101D000057FD04F00903082B04D10C2C1CBF24F050
:101D10000804A4B221462846F7F72EFA00224FF411
:101D200000312846F6F7EAFF002070BD8021F6F763
:101D3000F9BF7FB5531C05AAADF814100292022119
:101D40000022CDE90021DBB21146F6F7F5FF07B01E
:101D50005DF804FB7FB5531C05AAADF81410029280
:101D600004210222CDE90021DBB200220121F6F795
:101D7000E3FF07B05DF804FB1FB5531C029100227E
:101D80000821CDE900210122DBB21146F6F7D4FF8C
:101D900005B05DF804FB08B5CA064FF00061F6F720
:101DA000ADFF002008BD07B591F82830009391F8E9
:101DB0002B3091F8292091F82A10F8F71DFB03B079
:101DC0005DF804FB38B50546F7F7D0F90446284618
:101DD000F7F7AAF9072811D1D5F89030DB6924F478
:101DE0007F4121F0080103B15B7841EA032141F012
:101DF00020012846BDE83840F7F7BEB924F020019D
:101E0000F7E7002070472DE9F0411F4616460546CA
:101E10008846E2F703FEB0FBF7F47443631C13D06B
:101E200043462A4639463046F8F758FC022D04D17D
:101E3000F8F718FC2046BDE8F081032D02D1F8F731
:101E400023FCF7E7F8F72CFC4FF0FF34F2E7F7B587
:101E500005460F4668461146F8F7D8FD064698B184
:101E600097B1DDE900311B0A43EA0163A5FB034397
:101E7000090A05FB0135F4F749FE0023024629460D
:101E80002046F9F7DDFA3860304603B0F0BD10F8AF
:101E9000012B11F8013B012A28BF9A42F7D0D01A32
:101EA00070470A44914200F1FF3300D1704710B5EA
:101EB00011F8014B03F8014F9142F9D110BD10B553
:101EC0006AB10139841810F8012B11F8013F9A42C8
:101ED00003D1A04201D0002AF5D1D01A10BD10467E
:101EE000FCE7034613F8012B002AFBD1181A01382E
:101EF000704710B50C46B1F90E10FAF787FB0028B1
:101F0000ABBF636DA3891B1823F48053ACBF63651B
:101F1000A38110BD2DE9F0411F468B89DB050546E5
:101F20000C46164605D5B1F90E1002230022FAF729
:101F30005BFBA389B4F90E1023F48053A3813246CE
:101F40003B462846BDE8F041FAF720B810B50C46EC
:101F5000B1F90E10FAF748FB431CA38915BF606561
:101F600023F4805343F48053A38118BFA38110BD91
:101F7000B1F90E10FAF706BB70B5A1FB02543CB9DB
:101F80002946F9F7DFFD064628B90026304670BD20
:101F90000C220260F9E72A46214600F049F8F5E7ED
:101FA0002DE9F8430746884614460026D4E90195F2
:101FB000B9F1010905D52468002CF7D13046BDE8F8
:101FC000F883AB89012B07D9B5F90E30013303D063
:101FD00029463846C04706436835E9E710B5013958
:101FE0000244904201D1002005E0037811F8014F2E
:101FF000A34201D0181B10BD0130F2E7884210B592
:1020000001EB020402D98442234607D8431EA142B1
:1020100008D011F8012B03F8012FF8E7024401461C
:102020008A4200D110BD13F8014D02F8014DF7E7C7
:1020300002440346934200D1704703F8011BF9E7BD
:1020400070477047704770B50C46B1F90E10002903
:1020500096B015461E460DDAA38913F0800F4FF097
:10206000000114BF40234FF48063002031602B60D7
:1020700016B070BD6A46FAF795FA0028ECDB0199B4
:1020800001F47041A1F50053594259414FF4806366
:10209000EBE78B89F7B59D0706460C4607D504F19B
:1020A0004703236023610123636103B0F0BD01ABEB
:1020B0006A46FFF7C8FF009F054639463046F9F7E4
:1020C00041FD48B9B4F90C309A05EED423F003036E
:1020D00043F00203A381E2E7A389206043F0800379
:1020E000A381019BC4E904075BB1B4F90E1030462B
:1020F000FAF76AFA28B1A38923F0030343F0010336
:10210000A381A3891D43A581CFE79368013B002BE1
:1021100010B4936008DA9469A34201DB0A2903D161
:102120005DF8044B00F01AB81368581C1060197061
:1021300008465DF8044B7047F8B506460F4614464E
:10214000D518AC4201D1002007E014F8011B3A4633
:102150003046FFF7DAFF431CF3D1F8BDF8B50E4661
:102160001446054618B1036A0BB9F9F70DFEA369C9
:10217000A360A3891A0701D5236943B921462846DC
:10218000FAF77EF818B14FF0FF373846F8BD2368EC
:102190002269981A6369F6B28342374605DC214604
:1021A000284600F00AF90028EDD1A368013BA3609E
:1021B00023685A1C22601E706269431C9A4204D034
:1021C000A389DB07E1D50A2EDFD12146284600F09E
:1021D000F4F80028D9D0D6E72DE9F04716469846FE
:1021E0008A680B69DDF820909342B8BF13463360CC
:1021F00091F8432007460C460AB101333360236847
:10220000990642BF336802333360256815F006052E
:1022100006D104F1190AE36832689B1AAB4226DC46
:1022200094F843302268003B18BF012392062BD458
:1022300004F1430241463846C84701301ED02368A6
:10224000226903F00603042B02BFE5683368ED1A28
:10225000A3680CBF25EAE57500259342C4BF9B1A0D
:10226000ED1800261A34B5421AD1002008E00123E7
:10227000524641463846C847013003D14FF0FF303F
:10228000BDE8F0870135C6E7E1185A1C302081F817
:102290004300224494F8451082F843100233C7E704
:1022A0000123224641463846C8470130E6D0013670
:1022B000D9E7B1F90C202DE9F041170705460C4686
:1022C00056D44B68002B02DC0B6C002B3DDDE66A1C
:1022D000002E3AD0002312F480522F68216A2B601E
:1022E00025D0626DA389580705D56368D21A636B40
:1022F0000BB1236CD21A216AE66A00232846B04744
:10230000411C24D00023636023692360A389DA047D
:1023100000D56065616B2F60B9B104F14403994247
:1023200002D02846F9F74AFE002363630DE001233B
:102330002846B047461C0246D4D12B68002BD1D08A
:102340001D2B01D0162B2BD12F6000202FE02A68E7
:10235000B4F90C3042B11D2A01D0162A22D1002333
:10236000636023692360D5E7626022692260CEE75B
:102370000F69002FE9D093070E6808BF4B690F6003
:1023800018BF0023A6EB07088B60B8F1000FDCDD57
:10239000216AA66A43463A462846B047002808DC28
:1023A000B4F90C3043F04003A3814FF0FF30BDE897
:1023B000F0810744A8EB0008E7E738B50B6905464C
:1023C0000C4613B90025284638BD18B1036A0BB96D
:1023D000F9F7DAFCB4F90C30002BF3D0626ED007B9
:1023E00004D4990502D4A06DFFF72BFE28462146A0
:1023F000FFF75FFF636EDA070546E4D4A3899B0508
:10240000E1D4A06DFFF71EFEDDE708B50620FAF760
:102410000FF90120FCF773F81F2938B505460C4663
:1024200004D9162303604FF0FF3038BDC26B12B1E0
:1024300052F821304BB9284600F016F822460146E2
:102440002846BDE83840FAF7FBB8012B0AD0591CE2
:1024500003D1162303600120E7E7002142F824108E
:10246000204698470020E0E7FCF74FB80000000046
:10247000000000000000000000000000000000005C
:10248000F8B500BFF8BC08BC9E467047F8B500BF61
:10249000F8BC08BC9E4670475FF800F0F1210020B0
:1024A000000000000000000000000000000000002C
:1024B000000000000000000000000000000000001C
:1024C0004368616E6E656C20256420697320696EB7
:1024D00076616C69642C2074686520666972737417
:1024E0002076616C6964206368616E6E656C20693A
:1024F00073202564210A00007365745F69643A20C3
:10250000696E76616C69642076616C75653D2564E1
:10251000202876616C69643A20317E34290A0000F3
:102520007365745F69643A204E564D332077726943
:102530007465204641494C45443A203078256C5812
:102540000A0000004465766963652049442073658C
:102550007420746F20256420616E64207361766539
:102560006420746F204E564D332E20537572766959
:10257000766573204F54412E0A0000005265736542
:102580007420746F206170706C793A20636C695F9D
:1025900072657365740A00006A6F696E20656E6407
:1025A000206465766963653A20737461747573207D
:1025B0003078253032580A006A6F696E20736C6576
:1025C000657079203078253032580A006A6F696E5C
:1025D0002072616E676520657874656E646572202F
:1025E0003078253032580A004A6F696E2050617980
:1025F0006C6F6164207374617475733A2564200094
:102600005065726D6974206A6F696E2073746174AD
:1026100075733A203078253032580000656E61625B
:102620006C65640064697361626C6564000000003D
:1026300028554E50524F564953494F4E4544212933
:1026400000000000284E564D33290000496E666F89
:102650003A0A00002020202020202020204D435531
:102660002049643A203078253031366C6C580A00A5
:1026700020204E6574776F726B2073746174653AB5
:10268000203078253032580A000000002020202019
:1026900020204E6F646520747970653A203078256B
:1026A0003032580A00000000202020202020202066
:1026B0004E6F64652069643A203078253034580ABA
:1026C0000000000020202020202020202050616ECB
:1026D0002069643A203078253034580A0000000020
:1026E00020202020202020204368616E6E656C3AF7
:1026F0002025640A00000000202020202020202027
:102700002020506F7765723A2025640A000000008F
:102710002020446576696365204944202020203AC2
:102720002025642025730A0020202020202020203E
:10273000202045554936343A2000000025303258D3
:102740000000000020202020205458206F70746961
:102750006F6E733A204D41432061636B7320257384
:102760002C2073656375726974792025732C207031
:1027700072696F726974792025730A00436F756EF0
:1027800074657220747970653D3078253032583A1E
:1027900020256C750A00000047657420636F756E14
:1027A000746572206661696C65642C207374617451
:1027B00075733D3078253032580A000053746172C9
:1027C0007420656E65726779207363616E6E696EE1
:1027D000673A206368616E6E656C2025642C2073F7
:1027E000616D706C65732025640A0000537461721A
:1027F0007420656E65726779207363616E6E696EB1
:1028000067206661696C65642C20737461747573EC
:102810003D3078253032580A000000005741524EB2
:10282000494E473A20546869732065726173657335
:10283000204E564D33206E6574776F726B20737423
:102840006174652E20557365206F6E6C7920666FFC
:10285000722064656275672F72657365742E0A0055
:102860005458206F7074696F6E73207365743A20CA
:1028700061636B732025732C2073656375726974B3
:10288000792025732C207072696F72697479202504
:10289000730A00005265706F727420706572696F00
:1028A000642073657420746F202564206D730A00A2
:1028B000646174613A207265706F72745F636F6EE9
:1028C00074726F6C206E6F7420696E697469616CCC
:1028D000697A65642E0A0000545820706F7765721B
:1028E000207365743A2025640A0000005458207053
:1028F0006F77657220736574206661696C65640A20
:10290000000000005365637572697479206B657906
:1029100020696D706F72742073756363657373667D
:10292000756C2C206B65792069643A20256C750ADA
:10293000000000005365637572697479204B6579F6
:1029400020696D706F7274206661696C65643A20ED
:10295000256C640A00000000536563757269747920
:10296000206B657920736574207375636365737379
:1029700066756C0A000000005365637572697479AE
:10298000206B657920736574206661696C656420CD
:102990003078253032580A0053656375726974794E
:1029A000206B6579206C656E677468206D75737433
:1029B0002062653A2025642062797465730A0000FC
:1029C0005365637572697479206B657920756E73D0
:1029D0006574207375636365737366756C0A0000B4
:1029E00075706461746564005752495445204641CE
:1029F000494C454400000000446576696365204900
:102A00004420666F726365642062792046414C4CB5
:102A10004241434B3D256420E28692204E564D3381
:102A20002025732E0A0000004465766963652049FD
:102A300044203D202564202846414C4C4241434BD4
:102A40002C206D617463686573204E564D33292EBA
:102A50000A0000004E6574776F726B20636C6561CD
:102A60007265642E205374617274696E67206A6F98
:102A7000696E2E2E2E0A000053746F7261676520F6
:102A8000736C6F7420303A20616464723D30782535
:102A900030386C582C206C656E3D256C7520627941
:102AA0007465730A000000004661696C65642074F7
:102AB0006F2067657420736C6F74203020696E66B8
:102AC0006F3A203078256C580A000000626F6F74EE
:102AD0006C6F616465725F696E6974204641494C30
:102AE00045443A203078256C582028726F6C6C620F
:102AF00061636B206775617264206C696D697465D0
:102B000064290A003D3D3D2044455649434520493E
:102B100044204E4F542050524F564953494F4E4532
:102B20004421203D3D3D0A00202052756E3A20731D
:102B300065745F6964203C312D343E2020746865E3
:102B40006E2072657365742E0A0000000A3D3D3DDB
:102B500020536C61766520284F544120436C696591
:102B60006E7429207C206465766963655F69643DC5
:102B70002564203D3D3D0A00496D706F7274696E99
:102B8000672050534120414553206B6579202861CF
:102B90006C77617973206672657368292E0A00006C
:102BA0005365637572697479206B657920696D70FE
:102BB0006F7274204F4B2C2069643A20256C750A83
:102BC000000000005365637572697479206B657944
:102BD00020696D706F7274204641494C3A20256C13
:102BE000640A0000536C61766520696E6974206325
:102BF0006F6D706C6574652E0A0000004F544120A3
:102C000070726570617265206D736720746F6F20DC
:102C100073686F72743A2025640A00004F54412093
:102C2000505245504152452072656365697665642E
:102C30003A207461673D3078253032582C20736912
:102C40007A653D256C752E20446566657272696EE5
:102C5000672065726173652E0A0000005B504F4C5F
:102C60004C5D20526573706F6E736520E286922012
:102C7000307825303458202869643D25642C20663E
:102C8000773D307825303258290A00005B504F4C90
:102C90004C5D20526573706F6E7365206572723A79
:102CA000203078253032580A0000000050726570DC
:102CB0006172652041434B2073656E7420746F20F0
:102CC0003078253034582E0A0000000050726570AC
:102CD0006172652041434B206572723A203078253D
:102CE0003032580A0000000049445F414E4E4F55B3
:102CF0004E434520736B69707065643A2064657655
:102D00006963655F6964206E6F742070726F7669A5
:102D100073696F6E65642E0A0000000049445F41CC
:102D20004E4E4F554E43452073656E743A20646590
:102D3000766963655F69643D25640A0049445F41C3
:102D40004E4E4F554E4345206572723A20307825DD
:102D50003032580A000000005374616C65204A4FFD
:102D6000494E4544207768696C6520756E6A6F69C5
:102D70006E656420E28692207265736574206E65CC
:102D800074776F726B2073746174652C207468653E
:102D90006E2072656A6F696E2E0A00004A6F696E56
:102DA00020696E69746961746564206F6E20636860
:102DB0003D25642E0A000000656D6265724A6F69E8
:102DC0006E4E6574776F726B204641494C45443AAC
:102DD0002030782530325820287469636B20776959
:102DE0006C6C207265747279290A00004F54413A64
:102DF00020496D6167652076657269666965642042
:102E00004F4B2E0A000000004F54413A20496D619B
:102E1000676520766572696679204641494C45446C
:102E20003A203078256C580A000000004F54413A8F
:102E3000205265626F6F74696E6720746F20696ECF
:102E40007374616C6C206E6577206669726D776152
:102E500072652E2E2E0A000052582066726F6D2069
:102E60003078253034583A2065703D25642C207424
:102E70007970653D3078253032582C206C656E3D78
:102E800025640A005458206661696C3A2030782520
:102E9000303258202825752F2575290A000000009A
:102EA000506172656E7420756E72656163686162EF
:102EB0006C652E20536F66742072656A6F696E2E82
:102EC0000A0000004E6574776F726B2055502E20FB
:102ED0004E6F646549443D3078253034582C206469
:102EE00065766963655F69643D25640A00000000DA
:102EF0005B5245434F5645525D205374616C6520CB
:102F0000636F6F7264696E61746F72207374617441
:102F10006520284E6F646549443D3078303030304C
:102F2000292E2057696C6C207265736574206E655C
:102F300074776F726B20696E207469636B2E0A0060
:102F40004E6574776F726B20444F574E2E0A000007
:102F5000537461636B207374617475733A203078B5
:102F6000253032580A0000005B5245434F56455207
:102F70005D20436C656172696E67207374616C6576
:102F8000206E6574776F726B207374617465206155
:102F90006E64207265626F6F74696E672E2E2E0AE2
:102FA000000000005B47554152445D20426F6F7442
:102FB000206865616C74682074696D656F75742034
:102FC000E280942073656C662D72657365742028A9
:102FD00070726F626174696F6E20636F756E7429B1
:102FE0002E0A00005B5245434F5645525D20556EF8
:102FF0006A6F696E6564203E20256C756D732E20A6
:1030000053656C662D726573657420666F722063FC
:103010006C65616E20726573746172742E0A0000B3
:103020004A6F696E2F726573756D65207374616C7C
:103030006C65642028256C756D73292E205265738C
:1030400065742B72657472792E0A000052656A6F7E
:10305000696E20286261636B6F66663D256C756DD5
:1030600073292E2E2E0A00004F54413A20457261DA
:1030700073696E6720736C6F7420302E2E2E0A00D9
:10308000536C6F74206572617365204641494C45ED
:10309000443A203078256C582E20536B6970706943
:1030A0006E67204F544120707265706172652E0A00
:1030B00000000000536C6F742030206572617365EE
:1030C000642E20526561647920666F72204F5441EE
:1030D00020287461673D3078253032582C20736980
:1030E0007A653D256C75292E0A0000004F54413A3F
:1030F000204E657720696D6167652066726F6D206F
:103100003078253034582C207461673D3078253074
:1031100032582C2073697A653D256C750A000000D1
:103120004F54413A20777269746553746F726167C6
:1031300065204641494C20617420256C753A203049
:1031400078256C580A0000004F54412052583A200C
:10315000256C7525252028256C752F256C7520621A
:1031600079746573290A00004F54413A20446F77FF
:103170006E6C6F616420434F4D504C4554452E207A
:103180007461673D3078253032582C2073697A6538
:103190003D256C750A0000004F54413A20446F777A
:1031A0006E6C6F6164204641494C45442C20737419
:1031B000617475733D3078253032580A0000000084
:1031C0004F54413A20426F6F746C6F616420726596
:1031D00071756573742066726F6D20307825303498
:1031E000582C2064656C61793D256C756D732E0AD1
:1031F000000000004F54413A20496D616765206E20
:103200006F742076657269666965642E2052656602
:103210007573696E672E0A004F54413A20526562F9
:103220006F6F74696E6720696E20256C756D732EE3
:103230002E2E0A00464820436C69656E742073790F
:103240006E63206661696C65643A2030782530329F
:10325000580A0000464820436C69656E7420537913
:103260006E6320537563636573730A00456E657200
:103270006779207363616E3A206D65616E3D2564E8
:10328000206D696E3D2564206D61783D2564207652
:1032900061723D25640A00005B47554152445D2040
:1032A0004E6F2073746F7261676520696E666F2060
:1032B000E2809420726F6C6C6261636B20444953AE
:1032C00041424C45442E0A005B47554152445D2023
:1032D000676F6C64656E20726567696F6E206578D4
:1032E000636565647320666C617368202870617221
:1032F000743D256C752920E2809420726F6C6C629D
:1033000061636B2044495341424C45442E0A0000FE
:103310005B47554152445D20676F6C64656E206168
:10332000646472206E6F7420706167652D616C69D2
:10333000676E65642028706167653D256C7529207E
:10334000E2809420726F6C6C6261636B204449531D
:1033500041424C45442E0A005B47554152445D2092
:103360004E6F2076616C69642073746174652069A6
:103370006E204E564D3320E2809420646566617560
:103380006C74732E0A0000005B47554152445D2067
:10339000696E76616C696420676F6C64656E20731A
:1033A000697A6520256C752E0A0000005B4755413F
:1033B00052445D20534C4F54302065726173652038
:1033C0006661696C65642E0A000000005B47554128
:1033D00052445D20676F6C64656E20726561642085
:1033E0006661696C20403078256C582E0A00000018
:1033F0005B47554152445D20534C4F543020777207
:10340000697465206661696C2040256C752E0A0020
:103410005B47554152445D20534C4F5430207265F8
:1034200061646261636B206D69736D6174636820B0
:1034300040256C752E0A00005B47554152445D20C3
:10344000726573746F72656420676F6C64656E205B
:10345000766572696679204641494C45442E0A00DA
:103460005B47554152445D20736574496D616765E2
:10347000546F426F6F746C6F6164206661696C6534
:10348000642E0A005B47554152445D20676F6C64AF
:10349000656E20726573746F72656420746F20535B
:1034A0004C4F54302C20696E7374616C6C696E677C
:1034B0002E2E2E0A000000005B47554152445D202D
:1034C000534C4F5430207665726966792066616985
:1034D0006C656420E2809420736B697020676F6C68
:1034E00064656E20636170747572652E0A00000059
:1034F0005B47554152445D2067657453746F726138
:103500006765536C6F74496E666F206661696C65A0
:10351000642E0A005B47554152445D20626164207D
:1035200047424C2073697A6520256C7520286D61AF
:103530007820256C752920E2809420736B697020B7
:10354000636170747572652E0A0000005B47554117
:1035500052445D20676F6C64656E206572617365AF
:10356000206661696C656420403078256C582E0AAD
:10357000000000005B47554152445D20534C4F54BE
:10358000302072656164206661696C2040256C752D
:103590002E0A00005B47554152445D20676F6C6402
:1035A000656E207772697465206661696C204030B1
:1035B00078256C582E0A00005B47554152445D2027
:1035C000676F6C64656E20726561646261636B2015
:1035D0006D69736D6174636820403078256C582E76
:1035E0000A0000005B47554152445D20696E6974D2
:1035F0003A2070656E64696E673D2575206174744C
:10360000656D7074733D257520676F6C64656E3DE4
:1036100025752876616C69643D25752C73697A651A
:103620003D256C75292072623D25750A0000000059
:103630005B47554152445D204E564D3320736176B1
:1036400065206661696C656420647572696E6720C7
:1036500070726F626174696F6E20636F756E742E25
:103660000A0000005B47554152445D2050524F42D2
:103670004154494F4E20626F6F742025752F257578
:103680000A0000005B47554152445D205468726552
:1036900073686F6C6420726561636865642062752D
:1036A00074206E6F2076616C696420676F6C64654E
:1036B0006E20E280942063616E6E6F7420726F6C76
:1036C0006C206261636B2E0A000000005B4755416D
:1036D00052445D2053746179696E67206F6E206378
:1036E000757272656E7420696D6167653B20636FEA
:1036F000756E7465722066726F7A656E20617420D3
:103700007468726573686F6C642E0A005B4755417C
:1037100052445D203D3D3D20524F4C4C4241434B75
:1037200020746F20676F6C64656E202563203D3DBB
:103730003D0A00005B47554152445D207265626F4F
:103740006F74416E64496E7374616C6C2072657441
:1037500075726E656420E2809420696E7374616C8A
:103760006C206661696C65642E0A00005B475541F8
:1037700052445D20526F6C6C6261636B20726573A2
:10378000746F7265206661696C65642E2057696C80
:103790006C207265747279206E65787420626F6F28
:1037A000742E0A005B47554152445D2061726D5F83
:1037B00070656E64696E67204E564D332073617676
:1037C00065204641494C454420E280942061626F67
:1037D000727420696E7374616C6C210A00000000C1
:1037E0005B47554152445D2041726D6564207065B0
:1037F0006E64696E672D636F6D6D69742E204E6502
:10380000787420626F6F742069732070726F6261C8
:1038100074696F6E2E0A00005B47554152445D206B
:10382000476F6C64656E20636170747572656420A7
:10383000E28692202563202873697A653D256C75A0
:10384000292E20436F6E6669726D6564206865611C
:103850006C7468792E0A00005B47554152445D2024
:10386000476F6C64656E2063617074757265204685
:1038700041494C454420E28094206B65657020707E
:10388000726576696F757320676F6C64656E2E0A5A
:10389000000000005B47554152445D20636F6E6637
:1038A00069726D5F6865616C746879204E564D333E
:1038B0002073617665204641494C45442E0A00003C
:1038C0005B47554152445D204865616C74687920BE
:1038D000636F6E6669726D65642E20436F756E74DA
:1038E00065727320636C65617265642E0A00000066
:1038F0000000180000001C00010000000000000093
:10390000010F0000000000002034002069B4000016
:1039100028340020BDB4000034250020614300009D
:103920002C25002071430000242500208143000045
:103930001C2500209143000014250020A143000015
:103940000C250020B1430000000000000000000032
:103950008C390200000000006839020001000000FC
:103960000000000000F0490200000000C0CA8936D3
:10397000801A0600000000001400FF7F20200020B5
:10398000000000000000000000000000DC1F040137
:103990000000000000000000000000000000000027
:1039A000F01F04013F003F0000000000903B0200B8
:1039B0000000000004000200017015007F000000FC
:1039C00018000200000000000000000028000700AE
:1039D00000000000080100000000000001000000DD
:1039E0000000000000000000A007000048000100E7
:1039F0000000000054000200000000000000000071
:103A0000A000040000400000FF4C00000041000046
:103A1000FF4D0000002001000407000010200100FD
:103A20000000000018200100088400000830010098
:103A300013AC00013030020070551000030000008C
:103A40004030010000000000A0400100AA27000F44
:103A5000B840010000C08300F440010020100000C5
:103A60003441020080080000F68700004041020057
:103A700083008800C1E6524D604104000000000050
:103A800000000000060000000600000014600800AE
:103A900010000000000000040F4002000050000071
:103AA00000500A00000000030000000000000000B9
:103AB000506006009009FF00410C00001200000059
:103AC00012001400B42B00000000000078600C000D
:103AD0001F08E00800000000F2032A0000000000B8
:103AE00000000000040A142232414A4F0000000086
:103AF00000000000000000000000000000000000C6
:103B0000E46007008108A18B0000000064048307C3
:103B10008813C83A9C20060000612000B756852013
:103B200004610300D5E310002030000088BB0000D2
:103B300020610100000000001470011000F807006F
:103B400014700130FE00000018700110FF0000002A
:103B500018700130001300001C7005006000AA847A
:103B6000000000008200000000000000D5000000FE
:103B7000487002003E380000BC2500007070030051
:103B8000030112001A30080080846D00FFFFFFFF60
:103B9000100000006666660000000000E83B0200BE
:103BA000E03B020000000000C0A39B0080DE80021A
:103BB00020A1070001010000705500060000000070
:103BC00000000000000000000000000000000000F5
:103BD00010A107000000000000000000000000002D
:103BE0000000000000000000194703060410000157
:103BF0000103010600102700000A00000000000079
:103C000000000000696E666F000000007265736559
:103C100074000000636F756E746572006C65617688
:103C2000650000007365745F74785F6F7074696F0E
:103C30006E73000073746172745F656E657267798C
:103C40005F7363616E0000007365745F6B6579007C
:103C5000756E7365745F6B65790000007365745FE2
:103C600074785F706F77657200000000706A6F692A
:103C70006E00000064617461000000007365745F91
:103C80007265706F72745F706572696F64000000B6
:103C90006A6F696E000000006A6F696E5F736C6521
:103CA000657079006A6F696E5F657874656E6465CA
:103CB000720000007365745F6964000053657420CE
:103CC0006465766963652049442028312D342920B4
:103CD000746F204E564D33006465766963655F6985
:103CE000642028312D34291F000000004A6F696EBE
:103CF0002061732052616E676520456E7874656E31
:103D0000646572004368616E6E656C1F4F70746904
:103D10006F6E616C2050414E2049441F000000002E
:103D20004A6F696E20617320536C65657079204518
:103D30006E64204465766963650000004A6F696EB1
:103D400020617320456E64204465766963650000D8
:103D500053656E736F72207265706F727420706538
:103D600072696F6420696E206D731F00466F726305
:103D7000652073656E736F7220746F2073656E6457
:103D80002061207265706F727420746F2074686592
:103D90002073696E6B0000005065726D6974206A53
:103DA0006F696E696E6720666F7220612067697641
:103DB000656E2074696D6520706572696F64207727
:103DC000697468206F7074696F6E616C2073656CC4
:103DD000656374697665207061796C6F6164000059
:103DE0004475726174696F6E1F4F7074696F6E6194
:103DF0006C204A6F696E207061796C6F61641F007E
:103E0000536574732074686520616E74656E6E61AD
:103E1000206F757470757420706F7765722E2054E2
:103E20006865207365636F6E64206F7074696F6E70
:103E3000616C20706172616D657465722063616E82
:103E4000206265207573656420746F2073617665E8
:103E50002074686520545820706F776572206173F4
:103E60002064656661756C74000000005458207011
:103E70006F7765722076616C756520696E20302ED3
:103E8000312064426D2073746570731F31202D20C2
:103E9000545820706F7765722070657273697374FF
:103EA000656E742028736176656420696E20746F76
:103EB0006B656E292C2030202D20545820706F7790
:103EC000657220766F6C6174696C651F000000007C
:103ED000556E7365742063757272656E74207365B8
:103EE000637572697479206B65790000536574207D
:103EF0007365637572697479206B657900000000E1
:103F00005365637572697479206B657920287369CC
:103F10007A653A454D4245525F454E435259505499
:103F2000494F4E5F4B45595F53495A45291F000081
:103F30005363616E2074686520656E6572677920D1
:103F40006C6576656C206F6E207468652067697695
:103F5000656E206368616E6E656C00004368616E1B
:103F60006E656C2049441F4E756D626572206F66E8
:103F70002073616D706C65731F00000053657420C1
:103F80005478206F7074696F6E73000053656375A9
:103F900072697479283078303129204D41432041AD
:103FA000636B283078303229204869676820507266
:103FB000696F2830783034291F000000466F72671F
:103FC0006574207468652063757272656E74206E06
:103FD0006574776F726B20616E64207265766572AE
:103FE0007420746F20454D4245525F4E4F5F4E45E1
:103FF00054574F524B0000005072696E74206F7519
:1040000074207468652070617373656420737461D3
:10401000636B20636F756E7465720000436F756E1D
:1040200074657220747970651F00000052657365B5
:10403000742074686520686172647761726500003D
:104040004D43552049442C204E6574776F726B2088
:1040500073746174652C204E6F64652049442C2074
:1040600050414E2049442C204368616E6E656C209F
:1040700049442C206574632E00000000043C0200BB
:1040800038420200000000000C3C020028420200FE
:1040900000000000143C0200184202000000000072
:1040A0001C3C02000842020000000000243C020008
:1040B000F841020000000000343C0200E841020028
:1040C00000000000483C0200D8410200000000004F
:1040D000503C0200C8410200000000005C3C0200AD
:1040E000B8410200000000006C3C0200A841020040
:1040F00000000000743C0200984102000000000033
:104100007C3C02008841020000000000903C02005C
:104110007841020000000000983C02006841020063
:1041200000000000A43C0200584102000000000012
:10413000B43C020048410200000000000000000002
:10414000000000000000000011200000BC3C020044
:10415000D83C020000FF0000F1210000EC3C02000E
:10416000043D02000011FF0069210000203D020013
:10417000043D02000011FF00DD2000003C3D020074
:10418000043D02000011FF00F52600003446020045
:10419000503D020001FF0000352700006C3D020089
:1041A00034460200FF00000079220000983D020022
:1041B000E03D02000016FF006D270000003E0200F7
:1041C0006C3E02000410FF00BD290000D03E02003A
:1041D00034460200FF00000079290000EC3E020096
:1041E000003F020007FF0000E5250000303F02000D
:1041F0005C3F02000000FF00812600007C3F0200BF
:104200008C3F020000FF000055260000BC3F02006A
:1042100034460200FF00000079250000F83F02004C
:104220001C40020000FF00000DD001002C400200E5
:1042300034460200FF000000052300004040020059
:1042400034460200FF000000434C4920696E73743D
:10425000616E6365206578616D706C6500000000BB
:10426000050000000000000000C201000005000081
:1042700000100000000000000000000000000C0022
:104280001C0001405C200020F54E0000694F00003A
:10429000D3D30100E9D30100CDD30100626F6F7465
:1042A0006C6F616465725F696E6974206661696CC8
:1042B0006564210A00000000050000000000000005
:1042C00040420F0005010000000000000000000057
:1042D0000000000013B779FAC925DDB7ADF3CFE0D0
:1042E000F1B614B80102000000000000FFFFFFFF5C
:1042F00004000000010000000000000000000000B9
:1043000000000000000000000000000000000000AD
:10431000000000000000000000000000000000009D
:104320000000000007000003FBD40100F3D40100EB
:10433000CFD401009FD401005D580000A1D401003A
:104340002D5800002C0000000200000040787D0184
:1043500000000000005A620200010000C0CF6A00A5
:1043600002000000809FD50002010000002D3101F5
:10437000020200000000000008091108010000000E
:104380000000000004000000010000000800000020
:10439000010000001000000001000000000100000A
:1043A00001000000000800001D00000000020000E5
:1043B0001D000000000400001D00000000000100BE
:1043C0001D0000000003010303030200000800FCBD
:1043D0004044020001000107EC430200000800F81D
:1043E000FC430200000000000000000083FFBFFF4C
:1043F000E2FFF1FFF9FFFEFF00000000C800FCFE35
:10440000F800C50A571EFBFF7B0095047C02FFFFE6
:104410004A00B60246DFFFFF2D00AD01412F00002C
:104420001C000701854700001200A7009746000006
:104430000B0067001A3C0000060022006823000001
:10444000C800FCFEFC00D80A066CFBFF880037059C
:1044500018E2FEFF53000403F5E3FFFF3200B90149
:104460009D43000029005701F85700001600D100B5
:10447000585700000E007C00D049000007002800BB
:104480001729000000000F400000000000040F404A
:104490000100000054686520617267756D656E7477
:1044A000206973206E6F7420666F726D617474651D
:1044B0006420636F72726563746C79004E6F206361
:1044C0006F6D6D616E6420666F756E640000000034
:1044D0004D6178696D756D206E756D626572206FC6
:1044E0006620617267756D656E74732065786365AB
:1044F0006564656400000000496E636F72726563F5
:104500007420617267756D656E74207479706500D2
:10451000496E636F7272656374206E756D62657249
:10452000206F6620617267756D656E7473000000A0
:10453000556E6B6E6F776E206572726F7200000041
:104540003E20000025730000756E6B6E6F776E0065
:1045500075696E743136000075696E74333200000F
:10456000696E743800000000696E74313600000016
:10457000696E743332000000737472696E670000F4
:104580006865780075696E74386F7074000000009B
:1045900075696E7431366F707400000075696E74E1
:1045A00033326F7074000000696E74386F7074007D
:1045B000696E7431366F707400000000696E743378
:1045C000326F707400000000737472696E676F70F0
:1045D000740000006865786F70740000616464693D
:1045E00074696F6E616C000077696C6463617264FA
:1045F0000000000067726F7570000000656E640057
:1046000075696E74380000002A0000005B0000002D
:104610005D2000002E2E2E200000000068656C70CA
:10462000000000000A25730A2573257300000000AE
:1046300025732008000000002573200000010807F2
:104640000F000A00C8002000A000010000000000C8
:10465000A00068010A200706020A04070000000003
:10466000000207000100000005000000000000003B
:104670000200000300000000DC460200CC460200FD
:10468000C8460200BC460200B8460200AC46020022
:10469000A8460200A44602009C460200FFFFFFFF5E
:1046A000FFFFFFFF0000000000000000000000000E
:1046B000000000000000000000000000FFFF0000FC
:1046C000FF00FF00FFFFFFFF0000000000000000F0
:1046D000000000000000000000000000FC030000DB
:1046E0000101010101100101010000000210040C90
:1046F000020C04040800000000000000000100009B
:1047000000000000000000000000010100000000A7
:1047100001000300040003009A00030003000300EB
:104720009000030010000300050003009100030047
:1047300092000300216E766D335F64656661756C6F
:104740007448616E646C652D3E63616368652E6FAD
:10475000766572666C6F77002F686F6D652F6C6D74
:10476000682F53696D706C696369747953747564EB
:10477000696F2F53444B732F6765636B6F5F73646F
:104780006B2F706C6174666F726D2F7365727669D2
:1047900063652F746F6B656E5F6D616E61676572C7
:1047A0002F7372632F736C5F746F6B656E5F6D61D7
:1047B0006E616765722E630066616C736500000050
:1047C000736C5F746F6B656E5F7365745F64617447
:1047D00061000000736C5F746F6B656E5F6765747A
:1047E0005F64617461000000736C5F746F6B656E71
:1047F0005F696E69740000002F686F6D652F6C6DC6
:10480000682F53696D706C6963697479537475644A
:10481000696F2F53444B732F6765636B6F5F7364CE
:104820006B2F706C6174666F726D2F736572766931
:1048300063652F746F6B656E5F6D616E6167657226
:104840002F7372632F736C5F746F6B656E5F6D6136
:104850006E75666163747572696E672E6300000021
:10486000FFFFFFFFFFFFFFFF34B600002F686F6DF3
:10487000652F6C6D682F53696D706C69636974790D
:1048800053747564696F2F53444B732F6765636B63
:104890006F5F73646B2F70726F746F636F6C2F66D2
:1048A0006C65782F6170702D6672616D65776F72BF
:1048B0006B2D636F6D6D6F6E2F6170705F667261CF
:1048C0006D65776F726B5F636F6D6D6F6E2E6300DA
:1048D00041535345525420696E2025733A25640D87
:1048E0000A0000002F686F6D652F6C6D682F53698B
:1048F0006D706C696369747953747564696F2F5353
:10490000444B732F6765636B6F5F73646B2F7072BB
:104910006F746F636F6C2F666C65782F6170702D8C
:104920006672616D65776F726B2D636F6D6D6F6E03
:104930002F6170705F6672616D65776F726B5F7308
:104940006C6565702E6300002F686F6D652F6C6D50
:10495000682F53696D706C696369747953747564F9
:10496000696F2F53444B732F6765636B6F5F73647D
:104970006B2F70726F746F636F6C2F666C65782F1E
:104980006F74612D756E69636173742D626F6F74DE
:104990006C6F616465722F6F74612D756E696361F0
:1049A00073742D626F6F746C6F616465722D636CCC
:1049B00069656E742F6F74612D756E6963617374B0
:1049C0002D626F6F746C6F616465722D636C6965C5
:1049D0006E742E6300000000A00F000003000000B2
:1049E0000D0A5B4153534552543A25733A25645D91
:1049F0000D0A0000505341004B455900666E692B6B
:104A000000000000666E69006E616E00666E692DC2
:104A10000000000000000000000000000000F03F67
:104A20000000000000002440000000000000594089
:104A30000000000000408F40000000000088C340DC
:104A400000000000006AF8400000000080842E4151
:104A500000000000D01263410000000084D797419D
:104A60000000000065CDCD412E2E2F2E2E2F737409
:104A700061636B2F6D61632F6672657175656E631F
:104A8000792D686F7070696E672E630041535345CE
:104A9000525420696E2025733A25640D0A002E2E8B
:104AA0002F2E2E2F737461636B2F6E6574776F7268
:104AB0006B2F706172656E742D737570706F727488
:104AC0002E63002E2E2F2E2E2F737461636B2F6E8C
:104AD0006574776F726B2F696E6469726563742D8C
:104AE00071756575652E63002E2E2F2E2E2F737413
:104AF00061636B2F6E6574776F726B2F6368696C7F
:104B0000642D7461626C652E63002E2E2F2E2E2F65
:104B1000737461636B2F6E6574776F726B2F636F45
:104B20006F7264696E61746F722D737570706F72DD
:104B3000742E63002E2E2F2E2E2F737461636B2F15
:104B4000636F72652F737461636B2E6300000000E6
:104B5000E8480020711A00000C490020BD16010031
:104B600044490020E12101008C480020F5070100A4
:104B70009448002085070100C0480020810B0100F7
:104B800084480020C103010044480020E9D8000007
:104B90004C48002029D200003C48002015DC0000D1
:104BA0005448002035CE0000000000000000000046
:104BB0002E2E2F2E2E2F737461636B2F6672616DF4
:104BC00065776F726B2F6576656E742D636F6E748B
:104BD000726F6C2E6300756E636C61696D65640045
:104BE0002E2E2F2E2E2F2E2E2F2E2E2F7574696CDB
:104BF0002F73696C69636F6E5F6C6162732F736989
:104C00006C6162735F636F72652F62756666657251
:104C10005F6D616E616765722F6275666665722D84
:104C20006D616E6167656D656E742E630074616998
:104C30006C20213D204E554C4C5F42554646455216
:104C4000002E2E2F2E2E2F2E2E2F2E2E2F757469E6
:104C50006C2F73696C69636F6E5F6C6162732F7325
:104C6000696C6162735F636F72652F6275666665FA
:104C7000725F6D616E616765722F627566666572DF
:104C80002D71756575652E63006E65787420213D04
:104C9000207461696C00736C695F6C65676163792E
:104CA0005F6275666665725F6D616E616765725F92
:104CB000636F70795F66726F6D5F67656E6572694D
:104CC000635F717565756500ED1D0000F9CE01002B
:104CD000FDCD00001DDB000081E2000095CD01004C
:104CE000A5230100BD0E010055EE010000000000EB
:104CF0002E2E2F2E2E2F737461636B2F6672616DB3
:104D000065776F726B2F627974652D7574696C6944
:104D1000746965732E63002E2E2F2E2E2F737461EF
:104D2000636B2F6E6574776F726B2F6E6574776F20
:104D3000726B2E63002E2E2F2E2E2F737461636BD9
:104D40002F6E6574776F726B2F6173736F63696118
:104D500074696F6E2E630073696C6162732D636F8B
:104D60006E6E6563742E2E2F2E2E2F737461636BFF
:104D70002F6D61632F6C6F7765722D6D61632D727E
:104D800061696C2D3830322E31352E342E6300009F
:104D90000000000064000000190000000000000096
:104DA000010000000A0000000100000000003200C5
:104DB0003200640064009600C800C8002C010000A6
:104DC00032003200640064009600C800C8002C0164
:104DD0006400C80090012003B00440066009100E72
:104DE000000032006400C800900158022003B004A3
:104DF00008070000190032006400C8002C0190016F
:104E00005802840300000D0019003200640096006F
:104E1000C8002C01C2010000FFFFFFFFFFFFFFFFE2
:104E2000FFFFFFFFFFFFFFFF2E2E2F2E2E2F73748D
:104E300061636B2F6D61632F75707065722D6D618D
:104E4000632E63002E2E2F2E2E2F737461636B2F13
:104E50006D61632F7363616E2E63002E2E2F2E2ED5
:104E60002F737461636B2F73656375726974792F27
:104E700073656375726974792D6170692D616464FD
:104E8000726573732D6D617070696E672E63002E8D
:104E90002E2F2E2E2F737461636B2F6672616D65DA
:104EA000776F726B2F636F756E746572732E63000C
:104EB0000202030000000000B59401006D9401009F
:104EC000799401004D9501001F1A02006310020041
:104ED00067100200731002006B1002006F100200D6
:104EE000000000004801000070220020FFFFFFFFCB
:104EF000FFFFFFFFFFFFFFFFFFFFFFFF00000208B4
:104F000000000000FFFFFFFFFFFFFFFFFFFFFFFFAD
:104F10000000000000000000000000000000000091
:104F200000000000000000005241494C0000000059
:104F3000A00000007148010050000000514901002C
:104F4000B8230020FA04FA000033330A0A0A0304E3
:104F500004080808080808400021000000000000BC
:104F6000000000000000000100000101000101013B
:104F70000000000000000000A806000048704C0D72
:104F80004470D80C307064123C70AE163870340D1A
:104F900034705A0D30700A0F2C700A0F2870DC1014
:104FA0002470F41020703E0D1C7080111870F211E6
:104FB00014703A0DB110076001D80A7108B87F78F3
:104FC000020C7E78641000C6A01F00218CB8707897
:104FD00001B007680F305CB30F330111C048069869
:104FE0004A022FB006D80C7109DD087100B853A829
:104FF00009BB1110076801682148076004100112FD
:10500000FF3221500760514807600088069844131A
:1050100000C4401F002103DD087214BA281400A048
:1050200000BA03DF107109DF0672029860058CB8C0
:10503000507800A04413281441158110076002D84D
:105040001471108806982E1800C00C70084006983D
:105050007C1A0091069860020060B83020D8067172
:1050600090BC637C784D5412F03240DE04724048AC
:1050700004DB08720DDD0C72044BEF301448069807
:10508000FC0600C4E01008404412076201322140CF
:10509000084C287C811140D91C72B1123032CF4AA1
:1050A000013AB1DA107208D8067104D80871B04C10
:1050B000237C4070684C4412FF328722047580B80C
:1050C000D84C81D8327140D90472237C084B0698A1
:1050D000FC0604BA88B9767900C1186008403579B1
:1050E000E049007906B904A901D86E72227CBC4C53
:1050F000307C0298320208D83C7100C14C00084054
:10510000141110D93071104C00C114000840141152
:105110001814076100C5206008405415FF3504715C
:1051200010491814A84C4412076201320671029803
:105130001201B84C08D80C7107BA24D8047106BA09
:10514000187004D80C7101BA40D80E7102BA0A70F6
:1051500005BA20D8047203BA227C604C4411404C3A
:10516000181407611814911138311142911107690F
:1051700010D90472EF3200C10060084014111031E0
:10518000016911422814A111076118140698621AC6
:10519000181400C10060084014110769FF31181489
:1051A00000C13C30084014111814076118143088ED
:1051B00002480698C005009308DB047101F800A0BE
:1051C0005CB00F3000A01088B111076980D90A7156
:1051D00000C1800008400811009100A000C4000137
:1051E0000840441000A000C020300E4004110410FC
:1051F0001050F47200A0541550451271069806071D
:105200000698960618B8707800B84178069840035A
:1052100090BA5B7A5C7A5D7A00C21850084024121A
:1052200000C1501F002128110698381820880088D6
:1052300000C5441F002154155112FF350762FF328B
:1052400006986A02015951290475115900902129C3
:105250002075069886040698A2040698FA02009221
:1052600003D80C728111076102D90472FF0FBA7062
:1052700018B8727800F804D842710088308800C0ED
:10528000FC1F0021041000C1501F00211412012A2C
:10529000215A00C3185008403413312A1A7500C02F
:1052A0000060084004100730FE200C76381108B862
:1052B0007F78020C7E780093009000A000C0F41F5D
:1052C0000021041000BB1DB400A000C1DC1F0021A0
:1052D00014111088FF3100C5FFFF00003112076272
:1052E0000762513A513B0E720698720C1159011225
:1052F00001131E703114008831100698720C115978
:10530000415C41280698740C513801130090012B20
:1053100000902088076001140760FF30215D411272
:1053200007620762312D0876FF34415C4128015D38
:1053300031100698740CFF303088011300C0E01F54
:1053400000210410512B0C76076801150768FF3502
:105350006070315BFF32212B0C750760011507600F
:10536000FF354E7000C5E41F002154150765076521
:105370005112FF35FF30012B087521100760327084
:1053800021100768FF30012B0A75211007600760A4
:10539000207000C2E81F002124122110076007605E
:1053A000FF30012B08752110076806702110076077
:1053B000FF300093009200C10060084014142C4993
:1053C0000734FE242A761415F0BC076C513C07689C
:1053D00003680154107100C4FF0FFFFF513C0144EA
:1053E0004811311200C5E81F00215415FF3507622E
:1053F00007622143544914122155FF355152281197
:1054000000A001D81871008800C004700840041082
:105410008020FF30067106984E03009000A002D84D
:10542000047200A00088069896061DB428B9112CB5
:10543000408800C3EC1F0021341440445A714413C7
:1054400006982005411500C0006008400410073090
:10545000FD20447500C20870084024100760FF302A
:1054600080DC34710698AE0C01591C4A2410076088
:105470000260FF300698AE0C0158B2200129541387
:1054800031100698AE0C11280A75042554155045A4
:10549000EE72069820050094009000A07FB9066186
:1054A00000C01C60084006984A1304155153113B74
:1054B0003155581002984413EBBD00C0401F002125
:1054C0000411113D10D91271FF33076B00C19040D8
:1054D0000846381118B97479581000A0069860026F
:1054E0008024E4240D300472044800C11C5108409B
:1054F000141100C3DC1E0021911504351A72181313
:1055000088BB08D804716C7B04D804716A7B8CBB9F
:105510002F7C5B7B16703C4B181388BB08D804713A
:105520006F7B04D804716D7B217C0C300160069880
:1055300082060698680B0698320700B8B111076911
:1055400040D906720298660601BC00C2006008409D
:1055500000DC0A7124150165604A0A701C4A241592
:1055600007657C4A043508D920712024512A241269
:1055700000C180000840320C281107622811076220
:10558000281107622811500C00C1381F0021141285
:1055900000DC1A7120D8067101B80C70F0DA0C72B8
:1055A0000CDB087102B806988A06482404491411D5
:1055B00000C380000840FFB801201141087101417B
:1055C00018130824014200C12000084014110141B1
:1055D000036D514191152035016D51411813281368
:1055E000481300C37C000840341003D80C71073006
:1055F00005DC0671084B227B8CB8507800B800C1DE
:10560000381F0021141203682150F0300152281174
:1056100000A04024066400C0FFFF0100013C1DB053
:1056200002200158402806751EAC01EC00A020881D
:1056300000C01850084004121DB421130412305247
:10564000F871066C402400C3741F0021341014113B
:105650000698C00C0669009211592129067600BBF4
:1056600011590698960C80B80158013A0662313BF0
:105670000472215A412A00A000C200010840317A78
:1056800000A0308880B9076900C30000C0FF311056
:10569000312800BC002D0C7511541EAC01EC312DCD
:1056A000F470066C51134155312C009300A000C0DA
:1056B00028400E400413315107610C310769115322
:1056C000381000A006984A0800C0F41F00210411F9
:1056D00006983207217A237A00C30000100006984A
:1056E000720700C0581F00211DB1181000A000C093
:1056F000541F00211DB1181000C09C1F0021041070
:10570000002D067500B826A80698060700C09C1F45
:1057100000210410012C06750698960628B010B9D1
:10572000115911380EB9114028A880B800C1443071
:105730000840081100C1F01F00211410303B067111
:105740000760076000C40830084044111150FF3062
:10575000015118146FB8076826A8217A050C21108A
:105760002048267800C063EF0000314026A8050CD1
:1057700020ECB11140D90872247A20EC217A184823
:1057800026A828B00AB901510F31115028A8050CDC
:10579000207A20EC0F0C98B84678417806986A0277
:1057A00000C2441F002124100151FF311150081282
:1057B00000A006984A0800B826A800C05C1F002177
:1057C0001DB1181000A030B840780DB101D9FC729D
:1057D000427800C074300E4004114CBA407A181060
:1057E000144804115C7A1810A4BB707B4E7B4F7B6D
:1057F00000C20430084000A006984A08217A227AA4
:1058000000BB0698720700C0681F00211DB1181068
:10581000A4BB00C040300E4004110331014928727E
:10582000B112076207623048041121510F3118721A
:105830006E7B6F7B104804114CBA7C7A18101448A8
:105840000411607A1810B11002D81071707B30B852
:10585000627860780DB001D8FC7100C0F860084033
:10586000041101D90C7100C01800084002B91810C9
:1058700008B86E780EB84EB110D90C723EA8140C50
:105880000FB83EA8107044A8140C01B800C1B03085
:105890000E40081100C077801F003DB201423DAAB2
:1058A00000C0FFFFFFFC013A3DAA140C00C077E0E6
:1058B0001F0001423DAAFFB845207D7808B87E78D8
:1058C00000C124600840141107610631087100B955
:1058D00006985A1006984A13B11101D90E7106980C
:1058E000881A02D906720698AE0B06984413511412
:1058F00006989606F4B845780A0C00C0641F00218B
:105900001DB1181002983410FFB845205D7803B817
:10591000076044A83EA800C1B0300E40081110B87E
:1059200007683DB101393DA908B86F7800A046A8C5
:1059300000C0FFFF0000013B076356AB94BA437AF7
:1059400001D91471013C47B300C0FE20FFFF013BA9
:10595000314447AC637AFFB82120407802D9047102
:10596000607800A0C8BC066C415C512C0675069896
:10597000960606986E0DB110076805D8347140BAC6
:1059800006981A1308B86578911004D8187188B869
:105990006E78577800C0640008402178069882101D
:1059A00001400A728CB84278069856130298400B50
:1059B00008B86C7820B859785B7800C0F44008408B
:1059C0007878797800C1C81F0021141040A81849C0
:1059D00014130449408814140C4914118112076AE5
:1059E000006A01DA187188B8577800C0CC1F00210E
:1059F0000410016107630763076407640698B2092E
:105A000000944EB010D842724DB161B801581138AF
:105A100040B102D90A72604804BB41540870204862
:105A200002BB02BC4DA8F8B87078190C3EB14141D8
:105A30003EA9F4B973797378717800C4F8400840CE
:105A400000C200410840227000C20000010044AAC8
:105A5000230C00C200000B0044AA00C410410840FF
:105A600000C21841084004BB587C050C597C0C242A
:105A70000F0C2FAB050CB11008D81471647A657A3D
:105A80001CB879787B7820B879787B78607CF424AE
:105A900041130698FC065114404406750698960674
:105AA000727BFFB84D20050C687840EC00C0601F89
:105AB00000211DB11810911004D8147100C0BC1E33
:105AC0000021041080D806711CB8737800F818B84B
:105AD00000C1D81E002100C218500840241228110D
:105AE000767800F800C0B8600840041107610761CB
:105AF00080D9047240EC00C4F84008404EB010D881
:105B00000471182441130C23527C407B11512FA99E
:105B1000050C797C0A0C00C0000001020814787C96
:105B2000050C507C08B86D7800A000C028700840B3
:105B30000411108800C100180040181044480411D6
:105B4000108878480411108800884CBA757A1810AB
:105B50003DB11088F4B842784420727828487378B0
:105B6000F8B873784FB200C4FFFF8080413A4FAA63
:105B700001BC01644113076300C06C70084003B9A5
:105B800018100110011001B91810011001100110B6
:105B9000011068480411076101B80160003A0471FE
:105BA000044904D9047241520760003A047108495B
:105BB00008D9047231520460003B0E720063006425
:105BC000314241424FAAB2704FAAF8B85378182018
:105BD00053782848527800913DA900900091181000
:105BE00000917848181000914448181000A01159ED
:105BF00010D906710760076008D90471076004D9DD
:105C00000471036002D90471016001D9047100605C
:105C100000A000BA01D806710148112A006900608D
:105C200001D8F6720138F67200A08020FF30FF48DC
:105C3000812000A000C218500840241211592129C7
:105C4000127300210E7100C230500840241201214D
:105C5000212900A006984A0888B8577800C57C1FFB
:105C600000215088044D88BC00C0C81E002181114D
:105C700001D91E71407C00950115044D50881C4DC2
:105C8000FFBB076B315B04110698B80C3129F8751E
:105C90000698761954150698881A01D9087206983C
:105CA0007C0806700698DE0888BB547B009500F8D7
:105CB00006988C090E700698680B06988C09069851
:105CC0006011069836089112211900C0246008401E
:105CD0000A78097800F810B901BA069810130698E6
:105CE000341000C57C1F002100F89112033288B9DE
:105CF00000C3BC1E0021341300C4A81008408CB897
:105D00004278707903DE067144786E707179A11063
:105D100020D806710298160F80DB507102D84C72A1
:105D200005B830880763076302DB2A7100C3AC0043
:105D300008403413066380DB0472804800C31020DF
:105D400008403413315B0472404831283128026026
:105D50000814076800930814A110103002480814B2
:105D600000B808149110076008148CB86278A1106C
:105D700000DC0676517900BA80DB587100C0000063
:105D80000200003B4E7150884110344803DE04711C
:105D90009048041508200411F82058101C20217880
:105DA0000698AE0E00C0A40008400E7810D91C71F1
:105DB00051451A7100C53400084407B8081500C5DC
:105DC0003400084604B8081504702E780698741636
:105DD0000095911120310269911004D80E7200C112
:105DE0004C1F0021141101D90A71208806985A10FD
:105DF000009200C1180008400533054B1872184C7A
:105E000003DE0471904C441400C3FF1F0000413BAB
:105E1000FF233811B849076A0698A20E0449087989
:105E2000097914102140081100A000C55400084051
:105E3000541551455071108800C13400084407B80A
:105E4000081101B83088076B40DB247100C0370CA3
:105E500000000811364800C5D01E0021541102D997
:105E60000E72104801D9087100C01104000000C171
:105E700034000846081100C13400084014153035BC
:105E80000093009100A000BD0698440210B903DC05
:105E9000047100B901BA0698101302D906710040C6
:105EA0004E7201B107690F3106988210FFD828722F
:105EB000811008D8187106DD0A710698440203DCC7
:105EC0000C720698C810069856130C7006DD1071F7
:105ED0000698CE10487020B802A806DD1072069809
:105EE0008C090698360801F840B802A800F800C0EE
:105EF000BC1E00210413076301DB22719110011104
:105F0000076911388CB910D8087144790298160FB6
:105F100002DBFA72A11328DBF47203BD0698281085
:105F200006988C098CBA7F7A0698FC0600C5801FFB
:105F300000210698440200BA03DC3272044DA1101D
:105F400002D804710C4D00C014000840041002680F
:105F500000C3701F002134111128FC23341106984E
:105F6000960C00C10C5108400698B2065415212D1C
:105F700000C0F8600840041101D9227100C03C1F24
:105F800000210410033001DC147200C0140008402A
:105F90000411FD21087602BA076A212D06984807E8
:105FA0000298E8099110015503355150011900A0DC
:105FB00000C1481F0021141001D842710148076038
:105FC000FE200E75811020D8087100C14C1F0021E1
:105FD000141101D9287100C0246008400412215115
:105FE00007610F3107691152281000C00060084096
:105FF00004119112215120311152211900A0811355
:1060000080DB067201B800A000C30C5008403410B9
:10601000063030727C4B34122C4B34100760076012
:1060200040302072811080D8DC713410014A076240
:106030000360803021508C480A717F23552334102F
:10604000013000A000BD0698281088B84778457830
:10605000437800B8447800A006988C090698C810C8
:1060600000C58C1F00215415069848070298E809BE
:1060700000C374000840027B06984A1350BA069881
:106080001A1306988210FFD84A71911004D84872EA
:10609000811007601CD8407220D938721112FF326B
:1060A0002151347180218021111400C0E41E00218F
:1060B0000413FFBA3151113A215111538CB93810E0
:1060C0007B7940440E7200B900C2C41E0021181230
:1060D000067008B860780698441300F800B900C24A
:1060E0009C1008401812244A0AB9181288BA507A2B
:1060F000517A577A8CB942795F7900A006984402A8
:1061000007DC1072911000200A7506986011029841
:10611000660D0698360801B9911004D8047100B9CB
:1061200010BA0698101300BA00402A7100C0BC1EB5
:1061300000210411076101D9127104D9E2728110A2
:10614000076001D8DA718CB8647800C11C5108402E
:106150000698B2060698601100C5901F00215415DC
:10616000212D06987C0800C5941F002100F800BC72
:10617000811108D9167280D9207201B910BA069817
:10618000101300400E7101BC10700698C8100698DC
:10619000561320B802A800F8069860118111023148
:1061A000127100B900C20C1008401812244A02B93A
:1061B00018120698C81000C5981F0021541506989B
:1061C000001A0298E80904110121147188BA737A3F
:1061D000042004122811042004110121F47200A0EB
:1061E0000698FC0601F8911010D834710698400307
:1061F000069886040698A20400C51C510840541154
:106200000698B80C00C5D41E002154155129E2751A
:1062100018B875788CB8447801B802A800F8B110A5
:10622000076810D82E7100C04810084000C3000055
:1062300008403114884C44113411076101D9FA71B6
:1062400044122810076228100762281007622810DD
:10625000E87000C1BC1E0021141080D82C7100C150
:106260005400084014111141207100C10000024087
:106270001038167100C03400084407B9181000C067
:106280003400084601B9181002987A020698600294
:1062900011380472016A00BB00C1E41E0021141110
:1062A00020390C72911210DA0672417B00A0069818
:1062B0004A1300C2BC1E0021241220DA0472617B42
:1062C00088BA527A00A088BA727A811204DAFC7213
:1062D00000A088B86B78577800C0640008402F7819
:1062E00000A006986E100763076390B9637900B940
:1062F00002DB36713112076240DA2E7200C254009E
:10630000084024100140227202EC00C909B801D9EA
:10631000507200C2AC0008400E7A10D904722E7A76
:1063200006987416E031076102EC00CD114502ECCD
:1063300000CC01DB087100BB0298CA1703B84111F9
:106340000731FA211C760621911210DA087102DD5C
:1063500010721E7020B80698720C3038147208B88B
:106360000698820600C0240008402978207800F8AA
:10637000046020D8067102982C1502EC00CA05B8FA
:1063800023DA187104DBDA7120DAD67110DAD272EE
:1063900090B8617800B801DA067202EC00C8911179
:1063A00010D9267100C1CC1E002114111150FF30EC
:1063B0000C720661A110115002300A7180DB0A7262
:1063C0000AB89E708CB97C7907689111114021112F
:1063D000C0311140011990B8411108D90471667893
:1063E00020D904726578A11002D80672C0DA1E7135
:1063F00090B8273123DD087210DB1072607825DD3C
:106400000A7121DD087208DB0471627803B841115A
:1064100007310872A1152035AA7102DD3272A1116F
:1064200020D9A07102D92872CCDA9872411140D9D2
:10643000927206B802DB1071046500C1102008409A
:106440001411112D112D054D5C720298BA132111F2
:106450004049C0D94E71A0314115403501655141C7
:106460000361076308DA1E7204DA38721049A11555
:106470000235067110DB0E7201340A7108DB2471DB
:1064800090B86778CC3211101A300ADC0872CCDE72
:106490000471FD3100C00D0F0C0D0698740C01D86D
:1064A000607207B80298E41300BA411108D90C7160
:1064B00002EC00CA05B830DAEC720734F031026140
:1064C00001DA0471014900C0F300A3E30698740CDB
:1064D00001D8D07100C0981440680698740C403000
:1064E000014440DA0471204C04320162204A111048
:1064F0000630006801421831026911420298021404
:10650000204A00C0051708500698740C113001424B
:106510002088FFBB0DDA507100C1DE1B250180BC55
:1065200004DA107208DA0A7200C120841000E02434
:10653000A02407634143016401DA06711E49024B3E
:1065400000C02C1F002107633810BC2002DA127132
:1065500001B91159A11380DB087100C100FCFF01D2
:1065600018100298561700C4BC1E0021441080D891
:106570007C710092D0DA06710DDA0C7190BD437D0A
:10658000EFBD06983E0503620DDA8672A11105D9AA
:106590005C7100C23810084024120C24281401D960
:1065A000067202D9327140D91E7102EC00CA211064
:1065B00018320471FA2220D804720822FE220875CB
:1065C00002EC00C8F87001D90E7102EC00C802D9C3
:1065D000067204DC187200C0BC1E002104100268A0
:1065E00001D8067190B8647818B873780298CA1701
:1065F00000C50020084000C00417000008D904723C
:106600000A480815104D00B808D90472FF20081573
:10661000084D00C00884000008D9087200C020831B
:10662000B8ED0815104D207D00A000B8011A00C07B
:1066300074000840027891101030011905BA0698CC
:106640001A1302D9067101B802A800C0BC1E0021AD
:10665000041380DB0671029866138CBA7C7A01DB26
:106660006C7100C2301F002124111114FF3402ECA0
:1066700000C8FF24FA7607610698820C036111387E
:106680000F3003611114011141100698820C01D8DA
:10669000087203B80298E413044A02DB2471241040
:1066A000112811280412023006710762076200C027
:1066B000FFFF0000213800C218000840FF20081228
:1066C000411007600698820C01D87C7120BC103301
:1066D000767100BB00C12C1F00211415C021112CA4
:1066E0005112076A0F320E71408851140698FA173A
:1066F0004143009451120765036A0F320E71411134
:1067000051140698FA17036C41430765513B00C1C9
:10671000E81E00211411111231100F30127100BA4D
:10672000046101D80471114200600FD8F472311075
:1067300002601E30047201B8003A087204B8029870
:10674000E4130298EA1500C0381F002104110F312C
:1067500003DD1A7200C000600840041007D80E72F2
:1067600000C01040084004B9181000F806986E10D8
:1067700006983C0500F830885088FF34087102EC18
:10678000FF24F87002EC00CD141001BB5150FFD86B
:10679000047131440760006B10DBF2710421FF22A9
:1067A000E4720F4C0095009300A000C1C01E0021B0
:1067B000141100A030880698381A8111076102D997
:1067C00006720298141988BB557B076120D906719F
:1067D000029804190088A110076806982E1808214D
:1067E0001415FC2590BB5C7B5D7B00C100600840FC
:1067F00014110731FE21307608D82A725113FC2378
:10680000341304DB2071076BFF33315B00C1087068
:1068100008401411076180490C71FF31302954750B
:1068200090BB7B7B10707B7B7C7B00DD04717D7B70
:1068300001BB3815EC25541300DF5471042505DF26
:1068400054715415211120880698B80C00925129D2
:106850003E7500C100600840141102DB0C71073165
:10686000315B31292A760C7004DF0872006180D90F
:106870001E7206982E1800C00870084006987C1AF0
:1068800006982E181411FFD9607202985A190090B8
:10689000009300A05415A111076910D9A67208250C
:1068A00008D8A071082510D89A712088211106985F
:1068B000B80CFC255412112AF82554110C2520D8A7
:1068C0000871F02554111025202904762159181536
:1068D00000920298C61818B97179811010D80A71FF
:1068E00088B8447800B8417888B9747908B967796C
:1068F00000F88110A0D8087188B9497900A0076014
:1069000002D8FA7106982E18108806984A13076262
:10691000076210DA087108211415F025541100C21D
:106920000020FEFF202912750698881A01D90A72E4
:1069300006988C090698360800941CBB41100C2060
:1069400006984A1241110821141006984A1231285B
:10695000441111120761FF31FF32012210521072EF
:106960000769181404244413042438140C700769AC
:106970002141181408240814029844134044147147
:1069800000C1C41E002114155113036B0FDB0C72E0
:10699000066D06980607411500A006983608069869
:1069A0004A1308BB51140698C0194415FC25541508
:1069B0000298480788B900C3BC1E0021341307633E
:1069C00008DB1A718113A0DB0671497910706979AF
:1069D000076302DB087208B9677900F800A081112B
:1069E000076102D9107188B9757906982E181411AB
:1069F000FF3100A0FFB900A0041008211411F421F8
:106A0000081100A081110761076110310E7106980D
:106A10002E1808211411F821141100A001020300FE
:106A20000600070A00000E0000000F001A00000018
:106A300000001B00386A0200F46A02000000000037
:106A4000506A020001000000000000000000000089
:106A5000746A02004063598F404B4C000B000B00DE
:106A60001A00FF7F3C210020000000000000000011
:106A700000000000F81F0101986C0200DC1F0401F7
:106A80000200620609C805780704DC0678070607D5
:106A9000F41F010101000000FC1F010100000000C3
:106AA0003800020000000000000000002C6002001E
:106AB0000050010F40B80040786001005063820B25
:106AC000E8600100590B00001470011000F8070085
:106AD00014700130F500000018700100001800006B
:106AE00070700300030101000F9C030006E04900E1
:106AF000FFFFFFFFF01F01013F003700040002000D
:106B0000018014007F000000180002000000000057
:106B10000000000028000400000000000000000049
:106B2000000000000000000040000100A00700007D
:106B300048000100000000005400020000000000B6
:106B400000000000A000040000400000FF4C000016
:106B500000410000FF4D000000200100040700007C
:106B6000102001000000000018200100088400002F
:106B70000830010013AC000130300200244910003D
:106B8000010000004030010000000000A0400100B2
:106B90007A27000FB840010000C0A300F4400100B4
:106BA000201000003441020080080000E687000049
:106BB000404102006D008800C0E6524D6041040073
:106BC00000000000000000000600000006000000B9
:106BD000146006001000000020F913040B0072007E
:106BE000607000000080000000000003506006009C
:106BF000FC0069004108000001000000B007070028
:106C0000700A0000000000007C600B009BC34A7407
:106C1000F003000003800000BE0A000001011030F4
:106C200050707F7F000000000000000000000000A6
:106C30000000000000000000E46001008000D78B2D
:106C4000EC600500640483078813C83A9C200600A2
:106C500000612000B756852004610300383E120011
:106C60002030000088BB000020610100001E0000F1
:106C70001C70050060000505030050AB8200000099
:106C800000008001D5000000487002003C3D00007B
:106C9000BC190000FFFFFFFF0D000000D7540300E8
:106CA00000000000EC6C0200E46C02000000000038
:106CB000001A9A00005A620280841E00042000001C
:106CC0002449000200000000000000000000000055
:106CD0000000000000000000D1841E000000000041
:106CE00000000000ED17000000000000193F010641
:106CF0000410010000010106001027000009000037
:106D00000000000000002C2066756E6374696F6ED1
:106D10003A2000617373657274696F6E2022257367
:106D200022206661696C65643A2066696C65202280
:106D30002573222C206C696E6520256425732573CC
:106D40000A00002020202020202020202828282879
:106D5000282020202020202020202020202020202B
:106D6000202020881010101010101010101010107B
:106D7000101010040404040404040404041010108B
:106D80001010101041414141414101010101010137
:106D900001010101010101010101010101011010C5
:106DA000101010104242424242420202020202020B
:106DB0000202020202020202020202020202101097
:106DC0001010200000000000000000000000000083
:106DD00000000000000000000000000000000000B3
:106DE00000000000000000000000000000000000A3
:106DF0000000000000000000000000000000000093
:106E00000000000000000000000000000000000082
:106E10000000000000000000000000000000000072
:106E20000000000000000000000000000000000062
:106E30000000000000000000000000000000000052
:106E4000000000232D302B2000686C4C0065666725
:106E500045464700303132333435363738394142D0
:106E600043444546003031323334353637383961A2
:106E70006263646566002E2E2F2E2E2F737461635D
:106E80006B2F73656375726974792F73656375729F
:106E90006974792D636F6D6D6F6E2E630000000055
:086EA00090B0FD7F010000002D
:0C6EA800B46E02000020002084000000F6
:106EB400AAAAAAAAAAAAAAAAAAAAAAAAAAAAAAAA2E
:106EC400D00700000010000050390200000000004C
:106ED400FFFFFFFF000000000000000000000000B2
:106EE4007C4002005425002000C00040020A020B2E
:106EF4000E100000000000006067010000000000A8
:106F04008428002002000000054500000000000065
:106F140005060200C0EA2101C0EA21010080000048
:106F240000F04902684F00207C20002000700F0010
:106F340000900000382C0020C8000000FE00000073
:106F4400000000002843020010220020C0EA2101B2
:106F54000600E40C0A0000000000E40C0A00000033
:106F64003F000000C5EC01003C000000401F000091
:106F7400D43400203434002014350020943500200B
:106F8400100E0000D436002031200200D64B02003F
:106F9400FFFFFFFFFFFF03FF050E000000000000DE
:106FA400044900200000000000080808080C0C0C2C
:106FB40018000000E9100200E04E0200FFFFFFFF8E
:106FC400AB150200A7150200FFFFFFFFF5680100E3
:106FD400FFFFFFFFFFFFFFFFFFFFFFFFFFFFFFFFBD
:106FE40085840100FFFFFFFF57190200FFFFFFFF29
:106FF400000000004821002000000000004D002097
:10700400684D0020D04D002000000000000000006A
:10701400000000000000000000000000000000006C
:10702400000000000000000000000000000000005C
:10703400000000000000000000000000000000004C
:10704400000000000000000003000000004D0020CC
:10705400E803FFFFFFFF5802010064003C000F003B
:10706400140090010900CEFAEFBEFFFFFFFF0100FC
:10707400FEFFFFFFFFFF0100FFFFFFFF0E00000008
:10708400000004F8FFFFFF031F04010101041010B6
:107094000803BF19FF010301FF0EFE01FF050000F5
:1070A40030BF4223013BFDD1024B5B6813F0805F8C
:1070B400FAD1704700300E400D1F0000E51E00009D
:040000030000493977
:00000001FF
