S0110000637562657361745F52582E733337F3
S214000000002000203949000019D3010019D301004F
S21400001013EA010019D3010019D3010019D3010016
S21400002019D3010019D3010019D3010019D3010017
S21400003019D30100D442020019D3010019D30100DC
S21400004019D30100558C01000DB5000019D301002D
S21400005085840100531902004F190200758C0100B7
S2140000604719020051560000B957000019D3010085
S21400007009460000F945000019D3010019D3010014
S21400008019D3010019D30100D957000019D3010074
S21400009019D3010019D3010019D3010019D30100A7
S2140000A019D3010019D3010019D3010019D3010097
S2140000B0A98C01004B190200F9A90000E58C01008B
S2140000C019D301000D70010019D3010019D30100E6
S2140000D019D3010019D3010019D3010019D3010067
S2140000E019D3010019D3010019D3010019D3010057
S2140000F019D3010019D3010019D3010019D3010047
S21400010019D3010019D3010019D301000000000023
S214000110013800D0FCE77047000000000000000037
S21400012001F0FF01102A2BDB10F0070F08D010F8A3
S214000130013B013A8B422DD010F0070F42B3F6D1A7
S214000140F0B441EA012141EA014122F007047FF0C0
S21400015000070023F0E80256083C85EA010586EA17
S214000160010685FA47F5A3FA87F586FA47F6A5FA53
S21400017087F68EB9EED1F0BC01F0FF0102F007025F
S21400018032B110F8013B013A83EA010313B1F8D10A
S2140001900020704701387047002D06BF35460338EB
S2140001A0073815F0010F07D1013015F4807F02BF24
S2140001B0013015F4C03F0130F0BC0138704700BF75
S2140001C02DE9F04F2DED028B91B082460C469346FA
S2140001D01D46DDE91C23104619461BF0B7F800281B
S2140001E000F007814FF0FF32B14BDDE91C011BF038
S2140001F0D5F8002840F0FD804FF0FF326FF48013F2
S214000200DDE91C011BF0ACF8002840F0F28000226B
S2140002100023DDE91C011BF0A3F8002840F0FE8057
S2140002209DED1C7B8DED067B209B13F480630F9366
S21400023001D106231E93DDE906010246C1F30A50EA
S214000240C1F31303904643F07F5949F44019A0F2D6
S214000250FF301AF0A9FD84A3D3E900231AF00EFE9E
S21400026083A3D3E900231AF053FC06460F46002268
S214000270904B404649461AF049FC7FA3D3E9002339
S2140002801AF0FCFD02460B46304639461AF040FC92
S2140002901BF08EF806461AF087FD8046894678A33E
S2140002A0D3E900231AF0EAFD0022834B1AF030FC53
S2140002B01BF07EF8074674A3D3E900234046494660
S2140002C01AF0DCFD8046894638461AF06DFD70A3AC
S2140002D0D3E900231AF0D2FD02460B4640464946B3
S2140002E01AF014FC8046894602460B461AF0C6FDF4
S2140002F0CDE90A0107F2FF3700210022CDE90812F6
S2140003003B0509930023089342464B464046494620
S2140003101AF0FEFBCDE90C0142464B4600204FF09A
S21400032080411AF0F3FB804689460022634BDDE9E4
S2140003300A011AF0CDFE0022614B1AF0E9FB0246D4
S2140003400B46DDE90A011AF0C3FE00225D4B1AF0E7
S214000350DFFB02460B46DDE90A011AF0B9FE02464B
S2140003600B46404649461AF0D3FB02460B46DDE9EB
S2140003700C011AF0ADFE0022534B1AF0C9FBDDE962
S21400038008231AF07BFD8046894649EC188BDDE988
S21400039006231BF003F840B1013E0022484B4046BE
S2140003A049461AF095FE41EC180B06F16303C62B7E
S2140003B03FD80427209B13F4006F44D036A3D3E91C
S2140003C00023DDE90689404649461AF0DDFF00288D
S2140003D03FD033A3D3E90023404649461AF0C0FF76
S2140003E0002836D01E9BB34225DD9E1B731E1E932F
S2140003F023E0209B04931F9B03931E9B02939DED7B
S2140004001C7B8DED007B2B465A462146504600F05D
S214000410CFF811B0BDEC028BBDE8F08F9FED227BCC
S2140004208DED067B1C9B06931D9B03F100430793F3
S214000430FAE60527BEE700231E93209B43F480635D
S214000440209300273E461F9B9F423FD2A3EB070800
S2140004503EE01E9B002BF6D00F9B002BF3D01E9B7E
S214000460013B1E93EFE700BFFB799F501344D33F39
S214000470B3C8608B288AC63F61436F63A787D23FA5
S21400048071A379094F930A401655B5BBB16B02406C
S214000490EF39FAFE422EE63F2D431CEBE2361A3FBA
S2140004A00000000080842E410000000000000000D4
S2140004B0FFFFEF7F0000F83F0000E03F00002C4009
S2140004C000002440000018400000F03F4FF00008F5
S2140004D0209B13F0020902D00FB14FF000083EB186
S2140004E053EC182BDDE906011AF0F2FDCDE9060102
S2140004F000220023DDE91C011AF032FF00283DD15E
S214000500209B23F400630493CDF80C801E9B02937B
S2140005109DED067B8DED007B2B465A4621465046C8
S21400052000F046F8002F3FF474AF209B13F0200F26
S2140005302CD04FF0450C00F101082B460246214610
S2140005406046D04786EAE672A2EBE672052305937C
S214000550013F0497002303930A230293F30F0193AA
S21400056000922B464246214650461FF0CCFBB9F17E
S214000570000F3FF44EAF02461F9F10E0DDE9060174
S214000580024601F10043CDE90623B9E74FF0650CBA
S214000590D1E7561C2B4621462020D0473246A2EBF8
S2140005A00B03BB42F5D3104633E700BF0000000044
S2140005B02DE9F04F2DED028B95B007900A919246EB
S2140005C09B46DDE92089229D42464B4640464946E9
S2140005D01AF0BCFE002840D04FF0FF326FF48013B4
S2140005E0404649461AF0BCFE002845D14FF0FF327F
S2140005F09F4B404649461AF0D1FE00284BD198A39F
S214000600D3E90023404649461AF0C8FE00285AD1CE
S21400061095A3D3E90023404649461AF0A1FE0028D8
S21400062051D100220023404649461AF099FE002880
S21400063057D100230B93249B13F4806F5CD00024C7
S2140006401F2C5BD8092D59D904F150036B44302276
S21400065003F8202C013D0134F2E7249B0393239BEF
S214000660029303230193834B00935B4652460A99F9
S21400067007981FF06EFA2CE1249B0393239B0293AA
S214000680042301937C4B00935B4652460A990798D5
S2140006901FF05FFA1DE1249B13F004030FD0774A86
S2140006A07BB104232499039123990291019300922C
S2140006B05B4652460A9907981FF04BFA09E1704AC2
S2140006C0EEE70323EEE7249B0493239B0393029514
S2140006D0CDE900895B4652460A990798FFF770FDF8
S2140006E0F7E042464B46002000211AF00FFA8046FB
S2140006F0894601230B939EE70625A0E74046494618
S2140007001AF056FE06461AF04FFB02460B464046C7
S21400071049461AF0FBF95B4B03EBC50393ED008BE0
S21400072053EC182B1AF0AAFB02460B46CDE9082319
S2140007301AF066FE07461AF027FB02460B46DDE96E
S21400074008011AF0E3F902460B46CDE90823002219
S2140007504D4B1AF023FE50B3013738461AF014FBFF
S21400076002460B4651EC180B1AF004FE08B101368F
S214000770002755BB30461AF017FB02460B4640468C
S21400078049461AF0C3F90746884600223E4B1AF03F
S214000790E7FD38B100223C4B384641461AF0FEFDD4
S2140007A0002842D016F0010F3FD001363DE000226F
S2140007B0354BDDE908011AF0D3FD0028D9D117B171
S2140007C017F0010FD5D00137D3E71F2C17D8013DFE
S2140007D02E4BA3FB0723DB08194603EB8303A7EB8B
S2140007E04303621C303304F150000DEB000404F8A0
S2140007F0203C092F02D90F461446E6E714461F2C64
S2140008000AD86B1E45B104F150026A44302102F842
S214000810201C1D460134F2E71F2C06D804F15003B5
S2140008206B442E2203F8202C01341F2C33D8184A90
S21400083082FB0632F317C3EBA2031A4603EB8303CD
S214000840A6EB4303611C303304F150000DEB0004AB
S21400085004F8203C1646EAB10C46E6E7AFF3008003
S2140008600000000065CDCD410000000065CDCDC183
S214000870FFFFEF7F084A02000C4A0200FC49020014
S214000880044A0200184A02000000E03FCDCCCCCC5F
S214000890676666660C46249B03F00303012B1DD097
S2140008A01F2C09D80B9B002B35D004F150036B444A
S2140008B02D2203F8202C0134249B0393239B0293C0
S2140008C001940CAB00935B4652460A9907981FF0BA
S2140008D040F915B0BDEC028BBDE8F08F239BB3B199
S2140008E00B9B1BB9249B13F00C0F12D0239B013BD0
S2140008F02393194606E004F150036B44302203F8B4
S214000900202C01348C42CBD21F2CF4D9C8E7239973
S214000910F8E72399F6E7249B13F0040F07D004F1B9
S21400092050036B442B2203F8202C0134C4E7249B8D
S21400093013F0080FC0D004F150036B44202203F8D4
S214000940202C0134B8E700BF7FB54E6802A90446E4
S21400095020F0E4FC9DF808300E2B19D1134BB3F9A8
S2140009600050134B9E4218D806F0F2FF034600686C
S21400097000909B88ADF804306946204620F0BBFC0A
S21400098070B10C490C4840F21C620BF0E9FDFEE722
S214000990204613F033FE0546E3E706F0D5FFE5E70D
S2140009A02946204620F0BCFC04B070BD584E0020FE
S2140009B0FFC99A3B654D02008C4A020038B50446D2
S2140009C00D461CF0C0FD064A13889BB22DB123438A
S2140009D01380BDE838401CF0BCBD23EA0403F7E7EB
S2140009E0C8480020034B002201214FF480709A7003
S2140009F0E4E700BFC84800207FB50023134C0393EC
S214000A00CDE90133FF238DF804301CF09CFD2288CD
S214000A1063880F4E9A4205460DD061887068218023
S214000A2001AA13F0D9FB58B10A490B4840F2976265
S214000A300BF096FDFEE7706820F01FFB0128ECD057
S214000A4028461CF086FD04B070BD00BFE0200020E4
S214000A50C8480020654D02008C4A020038B50F4C8D
S214000A60A56835B90E490F4840F27C720BF078FD48
S214000A70FEE71FF01DFA28440FF0E4F900F0070027
S214000A80032809D1A468092120461FF02DFB205C0D
S214000A90031F5842584138BD0020FCE7C8480020D4
S214000AA0654D02008C4A020010B5114CA378042B49
S214000AB006D01049104840F244520BF051FDFEE7B4
S214000AC023881B0706D40B490B4840F245520BF00F
S214000AD047FDFEE700210820FFF770FF074B606820
S214000AE002221A7113F046FBBDE810401EF0AEB9A4
S214000AF0C8480020654D02008C4A0200E020002015
S214000B0010B5084C606813F035FB606820F0B5FA45
S214000B10012806D0012260681146BDE8104020F08A
S214000B20AEBA10BDC848002038B5194DAB7833B101
S214000B30184919484FF4DC620BF012FDFEE71CF072
S214000B4002FD298811F00601044609D001214FF460
S214000B508070FFF733FF2046BDE838401CF0F9BC34
S214000B604FF48070FFF72AFF10F0DAFE012805D058
S214000B7010F0FD0F05D1FFF73FFFECE7FFF7C0FFD2
S214000B80E9E70449044840F2F6620BF0E9FCFEE7A8
S214000B90C8480020654D02008C4A020070B5074D1B
S214000BA095F90C600446FFF7BFFF10F0B9FDAA6880
S214000BB031462046BDE8704010F0F0BBC848002023
S214000BC008B50A4B1B88DB0606D40949094840F2DB
S214000BD069520BF0C5FCFEE700211020FFF7EEFE81
S214000BE010F01AFFBDE808401EF030B9C8480020D3
S214000BF0654D02008C4A02000D4B1B889B0710B502
S214000C00044613D500210220FFF7D8FE094B5A7977
S214000C10FF2A06D00849094840F29A420BF0A0FC89
S214000C20FEE75C71BDE810401EF010B910BD00BFB5
S214000C30C8480020E0200020654D02008C4A0200D3
S214000C407047704710B50E4CA37833B10D490E4867
S214000C5040F2C5120BF084FCFEE7A06019B1A17C3F
S214000C60003918BF01212020FFF7A8FE074B0848CF
S214000C709B7923770223A370BDE810400DF04CBF8C
S214000C80C8480020654D02008C4A0200E020002083
S214000C90E848002008B50EF041FD80F00100C0B223
S214000CA008BD0A4B9A780AB1062A0CD11B8803F4B1
S214000CB08B7343B9064B5A79FF2A04D11879FF384B
S214000CC018BF012070470120704700BFC8480020A9
S214000CD0E020002008B50EF011FD0028FBD108BD6D
S214000CE00C4B42881A8242789A740278DA748288A8
S214000CF09A82C288DA82C2689A61074A017A91713A
S214000D00028A198D914204D001214FF400701A8591
S214000D1054E67047C8480020E0200020094B1A8A95
S214000D2042809A7C4270DA7C02709A8A8280DA8AE2
S214000D30C2809A69C260044A1B8D9279027203824D
S214000D40704700BFC8480020E02000204B1E012B43
S214000D5070B50C4606D91B491B484FF42A720BF097
S214000D60FFFBFEE7194D0A460146686820F0ECFBDB
S214000D7030B11449144840F2AA220BF0F1FBFEE70A
S214000D806E680DF03DFE22460146304620F0D6FB4A
S214000D9030B10C490C4840F2AE220BF0E1FBFEE706
S214000DA06D680DF039FE22460146284620F0D2FB3B
S214000DB030B10449044840F2B2220BF0D1FBFEE702
S214000DC070BD00BF654D02008C4A0200C848002076
S214000DD0054BDB791B0913F00E0003D0052B8CBFE7
S214000DE000200120704700BFE0200020044BDB7984
S214000DF01B0913F00E0F0CBF01200020704700BF28
S214000E00E02000202DE9F04F16469A0591B0814665
S214000E101F4603D501218020FFF7D0FDF3014FF0D8
S214000E20000852D59A4C23889D074ED5994D6B796C
S214000E30FF2B06D09849994840F266420BF090FB8B
S214000E40FEE7A36833B99449944840F267420BF032
S214000E5087FBFEE741460220FFF7B0FDA37885F842
S214000E600580042B03D101210820FFF7A7FD8C4A3B
S214000E706068002120F073FA30B18749874840F255
S214000E8071420BF06DFBFEE7FFF7A2FFA8B9D4F89E
S214000E9004801FF00DF80546A0681FF014F8291806
S214000EA07F4A89B2404620F06BFA30B17A497B48D7
S214000EB040F277420BF054FBFEE7A378032B02D1F7
S214000EC0606813F057F91DF0C1FFB80702D501207E
S214000ED0FFF792FE16F0A84F02D00220FFF78CFE16
S214000EE0B10220D50021402005ACFFF767FD214662
S214000EF0484620F055FBB0B99DF81C30022B0AAAD4
S214000F0022D18DF83030BDF81430ADF828301046B8
S214000F1010F00EFC38B1484620F040FB18B901210D
S214000F204020FFF74BFD320752D5594D05AA686899
S214000F30032120F0D4FA804688B95749574840F232
S214000F40B3420BF00DFBFEE7032B05BFD4E900010F
S214000F508DF830308DF83000C2E90001D7E79DF8F3
S214000F6014306868072B40F022810AAA414620F018
S214000F70BAFA824630B14849484840F2B6420BF0C9
S214000F80EFFAFEE7FFF724FFBDF8161090B9FFF75B
S214000F902DFF68B10431686889B20AAA20F0A5FA64
S214000FA040B13D493D4840F2C7420BF0D9FAFEE752
S214000FB00231F0E7BDF816000730012180B20EF0CE
S214000FC0F7FA039000284AD101210C2011F0EEFA1E
S214000FD0B10705D52E4B1B881A0701D5FFF764FD10
S214000FE0B3010AD500210420FFF7E8FC284B9A78C5
S214000FF0012A02D1586813F0BDF816F0284F03D026
S21400100000210420FFF7DAFC7E060CD5204C23884E
S2140010101D0701D5FFF748FD2388580703D5002193
S2140010200420FFF7CBFCF90540F1CF80484620F0BE
S21400103022F8022802D0032840F0C080144C2388EF
S2140010405A0703D500210420FFF7B8FC23889B0726
S21400105040F1BB80012011B0BDE8F04FCCE50EF0AA
S2140010607DF94FF0000BCDF800B0BDF81630024603
S21400107004464146686820F052FABDF816308342AE
S21400108010D0054905484FF49B620BF069FAFEE75D
S214001090C8480020E0200020654D02008C4A02006F
S2140010A0F44800201EF004FF20440EF0CBFE00F0B3
S2140010B00700022823D1AB78042B89D11EF0F8FE56
S2140010C0434B20441B7882789A4281D159460820A7
S2140010D0FFF774FC1EF0ECFE20440EF0B3FE3D4B12
S2140010E0C0F3001018719DF836302B73FFF7B6FC6E
S2140010F000287FF46DAF686813F03CF868E71EF0D0
S214001100D7FE20440EF09EFE830649D51EF0D0FE84
S21400111020440EF097FE00F00700032828D0012197
S2140011200420FFF74BFC20F004FA2863BDF81630C5
S2140011309DF83620E254BDF816309DF8372023443B
S21400114001209A71BDF816100A9A013121440EF05A
S21400115087FEBDF8163003981C4484F805A00EF0F0
S214001160BBFA1D4B18780DF0DDFD1DF06FFE2FE766
S214001170092120461EF0B8FF205C04284FF001012C
S214001180CED1FFF71BFC20F0D4F928632B88580635
S214001190CCD559464020FFF711FC4FF0010AC5E7B1
S2140011A0AB78012BC2D1686812F0E4FFBEE720F0EE
S2140011B090F96868414620F0AFF909E70749084802
S2140011C040F2B5520BF0CCF9FEE711B0BDE8F08F57
S2140011D035490020E020002038480020654D0200F8
S2140011E08C4A020008B50246FFF7F2FD30B1072A26
S2140011F006D8044B002083F8342008BD7020FCE796
S2140012000220FAE7C848002008B50246FFF7E0FDCE
S21400121028B1044B93F834301370002008BD7020BA
S214001220FCE700BFC848002008B5074B014600226F
S214001230586820F089F930B1044905484FF43772F0
S2140012400BF08EF9FEE708BDC8480020654D020089
S2140012508C4A020008B5074B01460022586820F069
S2140012606DF930B10449054840F2E2220BF078F9F6
S214001270FEE708BDC8480020654D02008C4A020003
S21400128008B5074B0146586820F06AF930B10549A1
S21400129005484FF43A720BF063F9FEE708BD00BF4D
S2140012A0C8480020654D02008C4A020008B5064B6F
S2140012B09B7833B10549064840F2F2220BF050F90C
S2140012C0FEE7BDE808402FE4C8480020654D020050
S2140012D08C4A020008B5044B0146586820F020F8F6
S2140012E0002818BF8B2008BDC8480020014B58684E
S2140012F013F084B9C8480020014B5888704700BFD7
S214001300E02000207FB50123ADF80E3009484FF6E7
S214001310FE7300930DF10E02002304A940681FF02F
S2140013207EFF012894BFBDF810004FF6FF7007B08F
S2140013305DF804FBC848002008B5044B0146586811
S2140013401FF0F3FEB0FA80F0400908BDC848002040
S21400135038B50B4DAB78012B04460DD8FFF7ECFFE4
S21400136060B1084B5C80AB781BB9FFF7DDFB002053
S21400137038BDFFF741FBFAE73E20F9E78A20F7E79A
S214001380C8480020E0200020024B9B780BB9FFF7EE
S214001390CBBB7047C8480020014BD874704700BFCD
S2140013A0C848002008B5054B012158681FF08AFE82
S2140013B00028B8BF033040F3870008BDC8480020A7
S2140013C008B5044B58681FF0ACFE034BB3FBF0F0B7
S2140013D080B208BDC848002040420F0030B58DB02E
S2140013E02C220446002101A820F022FE0123264DCF
S2140013F08DF808304FF002326423CDE903230693BC
S2140014000B238DF82C302B8DADF80A30FFF7E0FC5F
S214001410A0B140F2F23307934FF47A7305930CB9F8
S214001420FFF76EFB686801A913F0BCF9B8B117495D
S214001430174840F269620BF093F8FEE7FFF7C0FF2B
S2140014400C234343902BA3F10A0207930592DCBFBB
S21400145091230793059B8B2BE1D88C23DEE7FFF7C0
S214001460C5FC60B101226868114620F087F830B1EB
S2140014700649074840F26C620BF072F8FEE70CB9BA
S214001480FFF752FB0DB030BDC8480020654D020086
S2140014908C4A0200F8B5574C1CF055F82388D9053D
S2140014A0064603D5A37843BBFFF73EFB524D6B7948
S2140014B0FF2B13D06B7903F0FF0723BBFF236B7161
S2140014C0A378032B0AD100233046A3701CF041F802
S2140014D03846FFF763FB1CF036F80646A378042B65
S2140014E008D12B79FF2B05D02B79022B14D143483A
S2140014F00DF012FBFF232B7128E000214FF48070C3
S214001500FFF75CFAD2E76B79012B4FF0FF036B71A4
S21400151014BF89278D27D6E72B7913B12B79012B9A
S2140015201FD1FFF79BFA2B790022FF212971DBB22E
S21400153084F820200546002848D0012B0AD12F48E1
S214001540A37064210DF0F3FAFFF756FA30461CF04C
S21400155000F806E03046A2701BF0FBFF3120FFF7D4
S2140015601DFB23881A0608D500218020FFF726FADF
S21400157060681FF048FF10F030FA23889B0507D5F7
S2140015804FF400700021FFF719FA0020FFF726FF3E
S2140015900EF0B4F8E08628B30DF0E0FE0121054613
S2140015A0002011F003F8A678012E15D1002684F845
S2140015B02060A670FFF7B8FA28460FF029FEA37839
S2140015C0E6867BB9BDE8F84010F0AAB8A0703046B1
S2140015D01BF0BFFF2846C2E72EB128460FF018FEC4
S2140015E00023E386F8BDFFF79FFA28460FF010FEAB
S2140015F0E686F7E7C8480020E0200020E8480020FC
S2140016007FB5794C2388DB0700F1E7800121774D11
S2140016100846FFF7D3F905237549A37005F10800BE
S21400162012F07AFD606028B972497348F3220AF016
S21400163097FFFEE771481FF061FD69A3D3E9002319
S214001640CDE900234FF0FF324FF0FF3360681FF004
S214001650E4FD4FF48811606813F02EF8014630B1AF
S2140016606449654840F20B120AF07AFFFEE7644BC5
S2140016701B78012B0ED1634A606812F0A9FF6068E0
S21400168013F0BEF8E0B15B495B4840F217120AF06F
S21400169067FFFEE75C4E316831B9564956484FF44D
S2140016A08D720AF05DFFFEE7564A606812F090FF02
S2140016B033689B6823B1DB6913B15B7803B1EB71C8
S2140016C0FFF720FE514B68801B78C3EB431203EBF9
S2140016D08203DB0001202385FFF780FE65680DF09E
S2140016E09BF90022014628461FF034FF054630B11C
S2140016F04049414840F22D120AF032FFFEE740F220
S21400170003532382424B04261B78E374A674FFF728
S21400171057FE00EB80039B00A382FFF751FEC0003C
S214001720E08231466068A5611FF0F9FC30B13149AE
S21400173031484FF49E720AF013FFFEE760683246A7
S21400174003A91FF092FD042806D02A492A484FF420
S214001750A0720AF005FFFEE703A901200EF08EFB3B
S21400176009F0F8FE606808224FF0FF311FF05FFDB9
S21400177030B12049204840F249120AF0F1FEFEE757
S21400178013F0ACF930B11B491B4840F24F120AF077
S214001790E7FEFEE7FFF71CFB68B11CF0EAF801461F
S2140017A060681FF0A8FD30B11249134840F253128A
S2140017B00AF0D6FEFEE76468FFF7A4FD154B014667
S2140017C003F10C02204612F015FD30B109490A4813
S2140017D04FF4AD720AF0C4FEFEE704B070BD00BF61
S2140017E00A0020FF42030000C8480020E020002036
S2140017F0E5090000654D02008C4A0200690345ECCD
S2140018001A4900204909000018200020E321002082
S214001810E2210020904D020008B5044B58681FF0E6
S21400182082FC034BB3FBF0F080B208BDC848002032
S21400183040420F002DE9F043864D2B889B0787B06A
S21400184006D48549854840F201720AF089FEFEE713
S214001850AB78033B012B06D97F49804840F20372E0
S2140018600AF07EFEFEE7AA6832B97B497B4840F262
S21400187006720AF075FEFEE7794E2C88F77914F0AA
S214001880200418BF4FF47A744FEA1718FFF7A0FA2F
S214001890002872D0B8F1020F0AD0A8F10303022B79
S2140018A069D96D496D4840F21A720AF059FEFEE792
S2140018B0032795F8343008EBC8089844694B03EBC7
S2140018C048031046B3F81C801EF0FDFA4FF4FA5396
S2140018D043437822B3FBF8F37733B3FBF2F31F44AA
S2140018E0C7EB0717AB78FF00BFB204F5347417FADE
S2140018F084F4042BA4B203D107F6E8072744BCB24D
S214001900D5F808801EF0D4FA0746A8681EF0DBFA61
S21400191007441EF0F3FABFB23F1A1EF0C9FA40445D
S2140019200EF090FA64238DF80C304F4BD5F80490E7
S214001930CDE90434C0F340141EF0ECFABFB20346FF
S21400194041463A4648461FF0C6FD2B8871883180CE
S21400195013F0200F03AB75D000936868434B224604
S21400196012F01EFC002872D03B493C4840F2D96277
S2140019700AF0F6FDFEE706279BE7FFF737FA002892
S21400198044D0384B07F00F0708EBC801394403EB87
S21400199041031046B3F81C901EF095FAB8F1000FFC
S2140019A02AD0B8F1010F2AD1400080B24FF00408C7
S2140019B0F3191B7E4BB10233034443449BB24FF4EE
S2140019C0FA525343B3FBF9F39CB2AB78042B97D18E
S2140019D03744FFF7F5FC3B7E053398448146FFF716
S2140019E01BFF0C2308FB00F003FB09F909EBC009F9
S2140019F0A1441FFA89F483E74FF00208D8E7164996
S214001A00164840F23B720AF0ABFDFEE7FFF704FF14
S214001A100746A8681EF057FAAB780930784304EBFF
S214001A20C000042B84B27FF46BAFFFF7C9FC0746F7
S214001A30FFF7F2FE602358430C2303FB0700204405
S214001A4084B25DE76868224612F09CFB8AE707B01E
S214001A50BDE8F083C8480020654D02008C4A0200AD
S214001A60E0200020904D020020A10700D84800206A
S214001A70F8B5484C258815F0020506D04649474873
S214001A804FF4B3720AF06CFDFEE784F820501BF0AA
S214001A905AFD23885A0706460AD51FF04AFD236BCF
S214001AA0C01A238D984203D929460420FEF786FFE4
S214001AB030461BF04EFDA778022F37D11BF043FDB2
S214001AC0238813F00405064607D035480DF024F8A1
S214001AD03046BDE8F8401BF03CBD1BF03AFDA06860
S214001AE00FF056FE20B1A570BDE8F840FFF756B8D7
S214001AF01BF029FDA66805461EF0DAF930440EF004
S214001B00A1F910F0200F0CBF03230423012138464F
S214001B10A370FEF753FFFFF78DFE28461BF019FD56
S214001B2001210846BDE8F84010F040BD042F27D13B
S214001B301C4B1B79FF2B2CD1237FF3B11BF003FD2D
S214001B4023885B07054604D515480CF0E5FF2846B4
S214001B50BFE71BF0FEFC237F013B23771BF0F3FC63
S214001B60012104460220FEF729FFFFF763FE204608
S214001B701BF0EFFC01210820D4E7A3704020B3E758
S214001B80012F06D160680023A37012F0F3FA31200B
S214001B90AAE7F8BDC8480020654D02008C4A02003E
S214001BA0E8480020E020002038B501210446102037
S214001BB0FEF704FF064B5D68FFF702FC054B00FBD3
S214001BC004F1012228461FF05EFA002038BD00BF4F
S214001BD0C8480020C10B000010B50A4C2388DB065D
S214001BE006D40949094840F275320AF0B9FCFEE706
S214001BF010200021FEF7E2FE6068BDE810401FF0EE
S214001C0050BA00BFC8480020654D02008C4A02004A
S214001C1038B50D4DE88E30B90C490D4840F2823289
S214001C200AF09EFCFEE70DF099FB0446E88E0DF0E8
S214001C30B1FB811F214401200EF020F904461FF05D
S214001C4078FC001B38BD00BFC8480020654D020068
S214001C508C4A020010B5074CA36833B906490748FA
S214001C6040F291320AF07CFCFEE71FF062FCE36A69
S214001C70C01A10BDC8480020654D02008C4A0200FC
S214001C8038B50A4DE88E30B909490A4840F29B3209
S214001C900AF066FCFEE70DF061FB0446E88E0DF0E8
S214001CA079FB044414F8020C38BD00BFC848002075
S214001CB0654D02008C4A020038B50A4DE88E30B9F0
S214001CC009490A4840F2AA320AF04AFCFEE70DF03B
S214001CD045FB0446E88E0DF05DFB044414F9070C42
S214001CE038BD00BFC8480020654D02008C4A02007F
S214001CF038B50A4DE88E30B909490A4840F2B9327B
S214001D000AF02EFCFEE70DF029FB0446E88E0DF0E7
S214001D1041FB044414F9010C38BD00BFC84800203C
S214001D20654D02008C4A0200024B1888C0F3C010B2
S214001D30704700BFC848002030B50F4B05460FCB94
S214001D4085B06C4684E80F000DB12B6800930B4BF2
S214001D5021465868002212F067FC044630B1084954
S214001D60084840F2D7320AF0FBFBFEE7FEF744FED7
S214001D70204605B030BD00BF184E0200C8480020FF
S214001D80654D02008C4A020008B5074B01465868AC
S214001D901FF03BFB30B10549054840F2E5320AF03A
S214001DA0DFFBFEE708BD00BFC8480020654D020007
S214001DB08C4A020008B5064B58681FF03DFB30B150
S214001DC0044905484FF47C720AF0CAFBFEE708BDDA
S214001DD0C8480020654D02008C4A0200024B0122D2
S214001DE0586811461FF04BB9C84800207047F8B530
S214001DF0054604200C461EF03DF803061DD5104E81
S214001E00B778D7B91DB1012D02D00220F8BD012741
S214001E102046FFF791FA0028F7D070683A46214628
S214001E201FF046F930B1074907484FF486620AF0BA
S214001E3097FBFEE70623B370E8E77020E6E700BFEF
S214001E40C8480020654D02008C4A020010B50420E8
S214001E501EF010F8030610D5094CA378062B0CD1FB
S214001E6060681FF028F930B10649074840F2494239
S214001E700AF076FBFEE7A07010BD7020FCE700BFFE
S214001E80C8480020654D02008C4A020008B5034988
S214001E90034840F261520AF063FBFEE7654D02001C
S214001EA08C4A02000348044B834202D0034B03B122
S214001EB01847704710220020102200200000000063
S214001EC00548064B1B1AD90F01EBA301491002D097
S214001ED0034B03B118477047102200201022002041
S214001EE00000000010B5064C237843B9FFF7DAFF70
S214001EF0044B13B10448AFF300800123237010BDD8
S214001F00084F002000000000A06E020008B5054B38
S214001F101BB105490548AFF30080BDE80840FFF750
S214001F20CFBF00BF0000000040240020A06E0200CB
S214001F30A3F5803A704700BF174B002B08BF134B22
S214001F409D46FFF7F5FF00218B460F461348144ABF
S214001F50121A20F06DF80E4B002B00D098470D4B50
S214001F60002B00D098470020002104000D000D48EB
S214001F70002802D00C48AFF3008019F08DFD200039
S214001F8029001BF0A7F819F0D3FB00BF00000800DB
S214001F9000000000000000000020002010220020AA
S214001FA0644F00200000000000000000BFF34F8FC9
S214001FB00549CA6802F4E062044B1343CB60BFF3E2
S214001FC04F8F00BFFDE700BF00ED00E00400FA05FC
S214001FD038B504461DF075F8A04201D8012038BD7A
S214001FE00546032002F028FB08B90020F7E71BF09F
S214001FF041F91BF040F92B46224603490348006886
S2140020001CF06DFAF1E700BFC0240200B0280020E3
S21400201030B583B08368C26853F822301C78631EDC
S214002020DBB2032B16D8019404230DEB0302012127
S2140020302348006811F0D8FC0546D8B9214B1C701F
S214002040032002F0F9FA28BB032002F0F5FA60BB81
S21400205003B030BD012002F0EFFA0028F8D01BF0E4
S21400206009F91BF008F922461749184B18681CF0A6
S21400207036FAEDE7012002F0DFFA0028E8D01BF080
S214002080F9F81BF0F8F82A461149104B18681CF0AE
S21400209026FADDE71BF0EEF81BF0EDF822460D49B8
S2140020A00A4B18681CF01BFACEE71BF0E3F81BF08F
S2140020B0E2F80949054B18681CF011FAC8E700BF9A
S2140020C098200020D6210020F8240200B028002006
S2140020D020250200442502007C25020030B583B08E
S2140020E004468368C26853F822301D782846FFF7F6
S2140020F06FFF08B903B030BD00230093ADF804307D
S214002100164B1B88ADF80230ADF804506368E268E1
S2140021109B1A012B1DDDA368013253F822301B8861
S214002120ADF800301CF0BDFF694603201CF0BDFF73
S2140021300446032002F080FA0028DBD01BF09AF851
S2140021401BF099F822460649064B18681CF0C7F99A
S214002150D0E740F2FF13ADF80030E3E7464E00202C
S21400216098250200B028002030B583B00446836866
S214002170C26853F822301D782846FFF729FF08B9B1
S21400218003B030BD00230093ADF80430154B1B8818
S214002190ADF80230ADF804506368E2689B1A012B74
S2140021A01BDDA368013253F822301B88ADF80030DF
S2140021B0694604201CF079FF0446032002F03CFA2E
S2140021C00028DDD01BF056F81BF055F822460649CD
S2140021D0064B18681CF083F9D2E740F2FF13ADF8FF
S2140021E00030E5E7464E0020B8250200B028002063
S2140021F030B583B004468368C26853F822301D7831
S2140022002846FFF7E5FE08B903B030BD002300936B
S214002210ADF80430154B1B88ADF80230ADF804500D
S2140022206368E2689B1A012B1BDDA368013253F832
S21400223022301B88ADF80030694602201CF035FFBE
S2140022400446032002F0F8F90028DDD01BF012F84F
S2140022501BF011F822460649064B18681CF03FF999
S214002260D2E740F2FF13ADF80030E5E7464E002017
S214002270CC250200B028002030B583B08368C26841
S21400228053F822301C780023019343689B1A012BD5
S21400229019DD01AA01211BF008FC01469DF8040087
S2140022A01CF0FBFE054680B1022002F0C5F960B1C5
S2140022B01AF0E0FF1AF0DFFF2A460F490F4B1868A6
S2140022C01CF00DF901E01CF0ECFE20461CF0F1FEBF
S2140022D0044608B903B030BD032002F0ADF900286B
S2140022E0F8D01AF0C7FF1AF0C6FF22460449034B7F
S2140022F018681CF0F4F8EDE7E8250200B028002086
S214002300002602002DE9F04182B01CF08FFE054643
S214002310854B1B7813F0020F3ED0844E13F0010F4E
S2140023203CD0824F13F0040F3AD0DFF8008203202F
S21400233002F082F9002836D1032002F07DF9002849
S2140023403BD1032002F078F9002845D1032002F0A3
S21400235073F900284ED1032002F06EF9002857D1F9
S214002360032002F069F9002860D1032002F064F926
S214002370002869D1032002F05FF9002872D10320FB
S21400238002F05AF900287BD1032002F055F9002804
S21400239040F08780082490E0654EBFE7644FC1E7B1
S2140023A0DFF88C81C3E71AF065FF1AF064FF614915
S2140023B0614B18681CF093F8BEE71AF05BFF1AF042
S2140023C05AFF5D4B1C6805F0EBF802460B465B496E
S2140023D020461CF084F8B4E71AF04CFF1AF04BFFC6
S2140023E0554B1C681CF0FAFD0246554920461CF069
S2140023F076F8ABE71AF03EFF1AF03DFF4E4B1C682E
S2140024001CF020FE02464F4920461CF068F8A2E762
S2140024101AF030FF1AF02FFF474B1C681CF00AFE1C
S2140024200246494920461CF05AF899E71AF022FF5E
S2140024301AF021FF404B1C681CF000FE0246434980
S21400244020461CF04CF890E71AF014FF1AF013FF21
S214002450394B1C681CF0D6FD02463D4920461CF050
S2140024603EF887E71AF006FF1AF005FF324B1C68A5
S2140024701CF0D0FD0246374920461CF030F87EE7B7
S2140024801AF0F8FE1AF0F7FE2B4B1868324B1A7843
S214002490FF2A04D0314B32491CF021F874E7314B47
S2140024A0F9E71AF0E7FE1AF0E6FE2F49224B186805
S2140024B01CF015F86EE7013CE4B28CB1032002F084
S2140024C0BBF80028F7D01AF0D5FE1AF0D4FE2B1968
S2140024D013F8012C2549184B18681CF000F8EAE799
S2140024E0032002F0A9F830B9032002F0A5F860B97D
S2140024F002B0BDE8F0811AF0BDFE1AF0BCFE1C4921
S2140025000D4B18681BF0EBFFEEE71AF0B3FE1AF05F
S214002510B2FECDF800803B463246164906480068B3
S2140025201BF0DDFFE4E700BFD72100201C260200D9
S214002530242602004C260200B02800205426020062
S214002540702602008C260200A8260200C42602007E
S214002550E0260200F8260200D621002044260200CB
S2140025601027020030260200282702003C2702001F
S214002570E04802004427020030B583B08368C26892
S21400258053F822301C7801A920461CF037FD88B984
S214002590032002F051F808B903B030BD1AF06AFE05
S2140025A01AF069FE019B22460B490C4800681BF096
S2140025B096FFF1E70546012002F03EF80028EBD032
S2140025C01AF058FE1AF057FE2A460549034B1868BB
S2140025D01BF085FFE0E700BF7C270200B028002044
S2140025E09827020070B58268C36852F823100C78EA
S2140025F0013352F823301D78294620461CF049FD49
S21400260080B9032002F018F800B970BD1AF032FE47
S2140026101AF031FE2B4622460B490C4800681BF088
S2140026205EFFF2E70646012002F006F80028ECD02E
S2140026301AF020FE1AF01FFE32460549034B1868B2
S2140026401BF04DFFE1E700BFBC270200B0280020CA
S214002650EC27020008B5022001F0EEFF10B91CF0CE
S2140026602CFD08BD1AF006FE1AF005FE0249034BC3
S21400267018681BF034FFF2E71C280200B028002080
S21400268000B583B08368C26853F822301A78144BBA
S2140026901A70032001F0D0FF10B903B05DF804FBF8
S2140026A01AF0E8FD1AF0E7FD0E4B18680C4B197887
S2140026B011F0020F0DD00C4A11F0010F0BD00A4B8F
S2140026C011F0040F09D00849009108491BF007FFD4
S2140026D0E3E7074AF0E7064BF2E70549F4E700BFF1
S2140026E0D7210020B02800201C2602006028020007
S2140026F02426020008B58368C26853F822301A8878
S214002700094B1A80032001F097FF00B908BD1AF0A4
S214002710B1FD1AF0B0FD044B1A880449044B186842
S2140027201BF0DDFEF2E700BFA02100209428020087
S214002730B028002008B50A4B186810B10CF0ECF968
S21400274008BD012001F078FF0028F9D01AF092FDAC
S2140027501AF091FD0349044B18681BF0C0FEEFE722
S214002760D8240020B0280200B028002010B5034668
S2140027708168C26851F82200B0F900001A4C208027
S2140027805B689B1A012B0FDD013251F8223093F95A
S2140027900010003918BF01211CF038FCA0B9032036
S2140027A001F04AFF10B910BD0021F5E71AF062FDEE
S2140027B01AF061FD0D4B1C681CF02CFC02460C49FF
S2140027C020461BF08CFEEEE7012001F035FF0028C6
S2140027D0E9D01AF04FFD1AF04EFD0649034B186873
S2140027E01BF07DFEDFE700BF464E0020B02800202D
S2140027F0D8280200EC28020030B595B004460D46F5
S21400280068461AF0D9FB0DF12C0EEC46BCE80F001A
S214002810AEE80F00BCE80F00AEE80F00DCF80030B2
S214002820CEF800300BA94D4B18681CF096FE10F140
S214002830880F54D00BA81CF01EFF484B18681CF0DD
S21400284074FE68461AF0B8FB0DF12C0EEC46BCE898
S2140028500F00AEE80F00BCE80F00AEE80F00DCF893
S2140028600030CEF800304FF410510BA81AF0C4FB1D
S2140028708023ADF82E304FF440730A930AA81AF05E
S214002880ACFB0A9B0E93364B0F93344B1A680C9B8B
S2140028900D9213F0FF0F04D123F0FF0343F0010362
S2140028A00C9301230C932D4B2A4621460BA81CF0B3
S2140028B077FE04460BA81CF0DEFE04BB032001F0E6
S2140028C0BBFE80B9254B18681CF090FB054680BB04
S2140028D0032001F0B1FE044608BB01242EE00BA83D
S2140028E01CF0C9FEADE71AF0C5FC1AF0C4FC1B4B81
S2140028F01A681C491C4B18681BF0F1FDE2E7032020
S21400290001F09AFE0028DDD01AF0B4FC1AF0B3FCF1
S21400291022461649144B18681BF0E1FDD2E71AF060
S214002920A9FC1AF0A8FC12490F4B18681BF0D7FD3B
S21400293004E0032001F080FE044610B9204615B0DE
S21400294030BD1AF097FC1AF096FC2A460949064B49
S21400295018681BF0C4FD0024F0E700BF58240020D0
S2140029600044400404290200B02800203429020054
S214002970582902007829020000B583B00021019191
S21400298001AA1BF092F8019910290ED0032001F03D
S21400299053FE60B11AF06EFC1AF06DFC1022054969
S2140029A0054B18681BF09BFD01E0FFF725FF03B001
S2140029B05DF804FB98290200B028002008B51CF03A
S2140029C019FB032001F038FE00B908BD1AF052FCCE
S2140029D01AF051FC0249034B18681BF080FDF4E71F
S2140029E0C0290200B028002010B582B00023019351
S2140029F004230DEB030201212148006811F03EF884
S214002A0028B9019BCBB1042B19D9002300E0002381
S214002A101BB19DF80430042B22D0042300936A4691
S214002A2001211748006810F0DFFF0446032001F07C
S214002A3003FE30B9042002B010BD0023E8E70123EE
S214002A40E6E71AF017FC1AF016FC0E4B18682CB9BD
S214002A500D4B04220D491BF042FDEBE70C4BF8E74B
S214002A60032001F0E9FD0028E4D01AF003FC1AF078
S214002A7002FC04220749034B18681BF030FDD9E717
S214002A8098200020B0280020E0290200F829020043
S214002A90E8290200282A020008B51CF00EFB0C48A4
S214002AA008F0C0FA00230B4A13700B4A1370032079
S214002AB001F0C2FD10B900F0BDFF08BD1AF0DAFB48
S214002AC01AF0D9FB0549064B18681BF008FDF2E71B
S214002AD0A08601000A4F0020094F0020542A020059
S214002AE0B028002010B582B06946002002F054F8E5
S214002AF088B9032001F0A0FD08B902B010BD1AF095
S214002B00B9FB1AF0B8FB019B009A0B490B4800680A
S214002B101BF0E5FCF1E70446012001F08DFD0028DE
S214002B20EBD01AF0A7FB1AF0A6FB22460449034B8B
S214002B3018681BF0D4FCE0E7782A0200B0280020D2
S214002B40A82A020010B58AB009F066F801F0A4FFC2
S214002B50002859D101F072FAFFF746FF5F4B187054
S214002B60FF2862D0032001F067FD00287AD10120FB
S214002B705B4B18601CF0D9FC01A81AF04AFA032037
S214002B8001F05AFD002879D1554B1A68029B039232
S214002B9013F0FF0F04D123F0FF0343F00103029369
S214002BA0504B05934FF44073009368461AF042FA70
S214002BB0009B04934FF4105101A81AF04AFA8023A0
S214002BC0ADF8063001230293454B1022464901A872
S214002BD01CF0E6FC044601A81CF04DFD002C63D159
S214002BE0032001F029FD002852D13D4B18681CF047
S214002BF0FDF9FFF751FFFFF775FF032001F01CFDFD
S214002C00002861D10AB010BD0446012001F014FD71
S214002C1000289FD01AF02EFB1AF02DFB22463349CF
S214002C20334B18681BF05BFC94E7012001F004FDB1
S214002C3070B9012001F000FD002893D01AF01AFBAD
S214002C401AF019FB2B492A4B18681BF048FC89E739
S214002C501AF010FB1AF00FFB2749254B18681BF0DB
S214002C603EFCE6E71AF006FB1AF005FB1B4B1A784B
S214002C7022491F4B18681BF032FC78E71AF0FAFA64
S214002C801AF0F9FA1E491A4B18681BF028FC7BE765
S214002C901AF0F0FA1AF0EFFA114B1A681949144BA9
S214002CA018681BF01CFCA0E7012001F0C5FC0028FA
S214002CB09BD01AF0DFFA1AF0DEFA224612490C4BC5
S214002CC018681BF00CFC90E71AF0D4FA1AF0D3FA46
S214002CD00E49074B18681BF002FC93E7D62100202C
S214002CE0582400200044400400200020CC2A020083
S214002CF0B0280020282B0200042B02004C2B0200D8
S214002D00782B0200A02B0200C42B0200E42B02004A
S214002D10BFF34F8F0549CA6802F4E062044B1343C1
S214002D20CB60BFF34F8F00BFFDE700BF00ED00E0B4
S214002D300400FA0570B50546C388052B1DD98368BF
S214002D405E789C78DA7844EA02241A7944EA0244E7
S214002D505B7944EA0364032001F06EFCE8B96A88F4
S214002D60144B1A80144B1E70144B1C60144B00221C
S214002D701A70144B01221A7070BD012001F05CFC21
S214002D800028F9D01AF076FA1AF075FAEA880E4991
S214002D900E4B18681BF0A3FBEEE71AF06BFA1AF05E
S214002DA06AFA234632460A49084800681BF097FB31
S214002DB0D5E700BF484E00200B4F0020C02400205F
S214002DC0144F00200C4F0020FC2B0200B0280020DF
S214002DD01C2C020030B585B0044601F0ABFA48BBA7
S214002DE0002501F09FFA08B145F0020501F0AAFAA5
S214002DF008B145F00405B1238DF80C301E4B1B7846
S214002E008DF80D3001238DF80E308DF80F501B4BCA
S214002E101B78019303AB0093042300220221204673
S214002E201CF028F90546B0B9032001F005FC18B9D6
S214002E3005B030BD0125D4E71AF01CFA1AF01BFACB
S214002E40012300930C4B1B7822460D490D48006861
S214002E501BF045FBECE7012001F0EEFB0028E7D075
S214002E601AF008FA1AF007FA2A460749054B1868B6
S214002E701BF035FBDCE700BFD6210020D721002061
S214002E805C2C0200B02800208C2C020008B5C388F9
S214002E90012B05D983685B78044A12789A4200D0E1
S214002EA008BD4088FFF796FFFAE700BFD62100204E
S214002EB030B585B00446F1238DF80C30164B1B78E0
S214002EC0019303AB00930123002202211CF0D2F8E9
S214002ED080B9032001F0B0FB08B905B030BD1AF088
S214002EE0C9F91AF0C8F922460C490D4B18681BF0B0
S214002EF0F6FAF2E70546012001F09EFB0028ECD02A
S214002F001AF0B8F91AF0B7F92A460649044B1868B9
S214002F101BF0E5FAE1E700BFD7210020AC2C020049
S214002F20B0280020CC2C020008B51BF0DBFD014BBE
S214002F30186008BDD024002010B586B0284B1B783A
S214002F40FF2B21D01CF072F8A0238DF80C30244BF8
S214002F501B788DF80D3002684368CDF80E20CDF84A
S214002F601230204B1B78019303AB00930A230022F8
S214002F70022110461CF07EF8044600BB032001F038
S214002F805BFB80B906B010BD012001F055FB0028A0
S214002F90F8D01AF06FF91AF06EF91349134B186847
S214002FA01BF09DFAEEE71AF065F91AF064F90C4B7F
S214002FB01A780F490D4B18681BF091FAE2E70120CA
S214002FC001F03AFB0028DDD01AF054F91AF053F954
S214002FD022460849054B18681BF081FAD2E700BF65
S214002FE0D6210020D7210020E82C0200B02800209F
S214002FF01C2D02003C2D02000B4B1B789BB100B52C
S21400300083B00A4B1B785BB1002301930093084AF8
S21400301042F2107107481AF027F803B05DF804FB77
S214003020FFF78AFFF0E770470A4F0020104F002096
S214003030F92F00006024002000B583B0A8B1124B21
S2140030401B7813B103B05DF804FB01201AF028F8D2
S2140030500D4B01221A700023019300930B4A4FF484
S2140030607A710B481BF04AFDECE7074B1B78002BE8
S214003070E8D001201AF021F8034B00221A70044809
S21400308007F036F9DEE700BF154F002067D00100D5
S214003090DC24002010B582B01BF0A0FF022802D06E
S2140030A0D0B102B010BD032001F0C6FA50B91CF032
S2140030B004F8264B4FF4FA621A601BF013FD244BFB
S2140030C01860EEE71AF0D6F81AF0D5F82149224B28
S2140030D018681BF004FAEAE700230093ADF8043002
S2140030E04FF6FF73ADF800301BF0FCFC184B186071
S2140030F0694603201BF0D9FF044698B9174B0122F6
S2140031001A70032001F098FA0028CAD01AF0B2F814
S2140031101AF0B1F8BDF8042011490F4B18681BF0DF
S214003120DEF9BEE70D4B00221A70012001F084FA8A
S2140031300028B6D01AF09EF81AF09DF822460949E3
S214003140054B18681BF0CBF9ABE700BF102000203A
S214003150D0240020582D0200B0280020094F00205F
S2140031609C2D0200B82D020010B50021084601F083
S214003170E5FD98B901F088FD124B01221A70032074
S21400318001F05AFA00B910BD1AF074F81AF073F884
S2140031900D490E4B18681BF0A2F9F4E70446094BDC
S2140031A000221A70012001F047FA0028EBD01AF02E
S2140031B061F81AF060F822460549044B18681BF0BF
S2140031C08EF9E0E7124F0020EC2D0200B028002018
S2140031D0082E020008B501F007F8032001F02CFACB
S2140031E010B901F0ABFC08BD1AF044F81AF043F829
S2140031F00249034B18681BF072F9F2E72C2E020006
S214003200B0280020C38843B330B583B00446836833
S2140032101D780379022B07D00D2B03D0032001F075
S2140032200BFA58B903B030BDB02D04D0F02DF3D151
S214003230FFF780FDF6E7FFF729FEF3E71AF01AF826
S2140032401AF019F8E38801930095237962880349F8
S214003250034800681BF043F9E4E77047582E020065
S214003260B028002050B110B582B00446224B1B781F
S21400327043B1224B00221A7002B010BD1F4B002231
S2140032801A707047032001F0D7F9D0B91C4B1B7891
S214003290002BF1D0194A13780133DBB21370022BDE
S2140032A0EAD9012001F0C8F9D8B90023134A1370EF
S2140032B0134A1370134B4FF4FA621A60FFF734FE8A
S2140032C0DAE719F0D7FF19F0D6FF0C4B1B7803226C
S2140032D00092013322460C490C4800681BF0FFF8A8
S2140032E0D4E719F0C7FF19F0C6FF0949074B18685D
S2140032F01BF0F5F8D9E700BF104F0020114F002053
S2140033000A4F002010200020842E0200B028002043
S214003310A02E020030B583B0902812D00446912823
S21400332068D0032001F088F9002840F08680484BDA
S2140033301B78002B75D0464B00221A70FFF7F4FD61
S2140033406FE0032001F078F9A0B91BF073FE58BBBC
S214003350012001F071F9E8B900233E4A13703C4A97
S21400336013703D4A13603D4806F0C2FF3C4B0122F5
S2140033701A7056E019F07EFF19F07DFF394B1C6875
S2140033801BF058FE0246384B1B78384920461BF087
S214003390A6F8DAE719F06EFF19F06DFF3449314BE5
S2140033A018681BF09CF8D7E72A4B01221A700024F5
S2140033B0274B1C702F4B4FF4FA621A602E4B1C7072
S2140033C02046FFF739FE1BF08DFB234B1860234D7C
S2140033D0284606F08DFF019400942346274A4FF4B2
S2140033E07A71284619F040FE254B1B6913F0200F12
S2140033F0FAD016E0032001F01FF9A0B90023154A01
S2140034001370134A1370144A13601A4B4FF4FA627F
S2140034101A600120FFF710FE104806F069FFFFF75C
S21400342083FD03B030BD19F025FF19F024FF1549C0
S2140034300C4B18681BF053F8E0E719F01BFF19F067
S2140034401AFF22461049074B18681BF048F86EE72B
S214003450094F00200A4F0020C424002060240020CA
S2140034600D4F0020B0280020D6210020C42E0200D8
S214003470F02E020010200020114F0020F92F00002F
S21400348000000140402F0200502F020010B500F04F
S2140034905FFF944B1B7893B9934B1B7823B3934BE6
S2140034A01B784BB3924B1B78002B5AD0914B0022C3
S2140034B01A60914B1B78002B40F0C78010BD894BDB
S2140034C000221A70012001F0B7F818B91BF0F5FDBC
S2140034D0FFF71EFC19F0CEFE19F0CDFE8749884B8B
S2140034E018681AF0FCFFF1E71BF0FCFA854B186031
S2140034F07D4B01221A70D2E71BF0F4FA04467C4B8F
S2140035001B782BB1804B186810B1804B1B788BB1A1
S21400351000F008FF0028C5D07A4B1868201A07F07C
S2140035204BF87B4B9842BDD9012001F085F870B965
S214003530FFF7EEFB201A07F03FF843F69723984272
S214003540E6D900F081FE694B01221A70AAE719F04D
S21400355091FE19F090FE6F49694B18681AF0BFFF8C
S214003560E6E70120FFF768FD1BF0BCFA0446614B56
S2140035701868F8B91C60684B1868201A07F01CF821
S2140035800446664B1B78002B3ED043F698239842A1
S21400359094D9012001F050F840BB604B00221A700D
S2140035A01BF01CFD68BB5E4B4FF4FA621A60FFF717
S2140035B0BBFC83E7201A06F0FFFF5A4B9842DAD985
S2140035C0012001F039F830B9574B1B6913F0200F72
S2140035D0FAD0FFF79DFB19F04DFE19F04CFE514A4C
S2140035E05249474B18681AF07AFFEDE719F042FE89
S2140035F019F041FE22464E49414B18681AF06FFFFB
S214003600CBE71BF05AFDCEE7454B1B6883423FF6DF
S21400361055AF032001F010F858B9FFF73BFD404ABC
S21400362013685B0044F620618B4228BF0B4613608C
S21400363044E719F01FFE19F01EFE394B1A683D4983
S2140036402F4B18681AF04BFFE7E72B4B1A70032036
S21400365000F0F2FFE0B9002001F0F8FA044608BBDB
S214003660354B1A88354B1A80354B1A78354B1A70FD
S214003670354B1A68354B1A60354B01221A700320F9
S21400368000F0DAFFF8B92D4B1888FFF711FC15E7A4
S21400369019F0F0FD19F0EFFD2E49194B18681AF0D5
S2140036A01EFFD8E7012000F0C7FF00283FF406AF52
S2140036B019F0E0FD19F0DFFD22462749104B186887
S2140036C01AF00DFFFAE619F0D5FD19F0D4FD1F4BE0
S2140036D01B681C4A12782149094800681AF0FFFE48
S2140036E0D1E700BF0D4F00200E4F00200F4F0020E7
S2140036F00A4F0020CC2400200C4F0020682F020028
S214003700B0280020C8240020C4240020104F002029
S2140037101FBF0200A42F0200D0240020094F002063
S21400372010200020E093040000000140E42F020077
S214003730203002004C300200484E00204A4E002046
S2140037400B4F0020134F0020C0240020D42400205C
S214003750144F00206830020080300200B4300200AF
S214003760F0B583B007460D4614461E46032000F00B
S21400377063FF50B901200B4B18700B4B1D700B4BA1
S2140037801C600023336003B0F0BD19F073FD19F020
S21400379072FD00942B463A460549064800681AF022
S2140037A09EFEE7E7104F0020134F0020D424002091
S2140037B0EC300200B028002070B582B00D461446EA
S2140037C0264B01221A70631A1344069A002001F051
S2140037D01FFAC8B9224B1B68DBB1651C642204FBC8
S2140037E00222B2FBF3F41F4AA2FB04311E4B1B68F5
S2140037F0A2FB0323DB08B3EBD10F18D3632C08D945
S214003800194B00221A6004E00646012000F014FF5F
S21400381008B902B070BD19F02DFD19F02CFD334625
S2140038202A461249124800681AF059FEF1E70320AA
S21400383000F002FF10B90C4B1C60DFE719F01AFD10
S21400384019F019FD064B1B6800932B4622460949C2
S214003850074800681AF043FEEDE700BF104F00204F
S214003860D4240020CDCCCCCC5C2400202031020017
S214003870B02800204831020070B582B015461A4BB9
S21400388000221A70E0B90C46032000F0D5FE58B9A5
S2140038900023164A137001930093154A64211548B5
S2140038A019F0E2FB02B070BD19F0E4FC19F0E3FC7D
S2140038B02B4622461049114800681AF010FEE7E72A
S2140038C00646012000F0B8FE18B9084B00221A7010
S2140038D0E8E719F0CFFC19F0CEFC32460849074B52
S2140038E018681AF0FCFDF0E7104F0020124F002079
S2140038F0693100008024002068310200B0280020D2
S2140039009831020070B582B005461446032000F0D8
S21400391093FEA0B91D4B1E78EEB1032000F08CFE7E
S21400392040BB0025019500952B46194A21461948AB
S21400393019F09AFB154B1D70304602B070BD19F099
S21400394099FC19F098FC23462A4613491348006848
S2140039501AF0C5FDDEE7012000F06EFE0028EBD071
S21400396019F088FC19F087FC0D490C4B18681AF002
S214003970B6FDE1E719F07EFC19F07DFC2246094908
S214003980064B18681AF0ABFDCBE700BF124F0020BD
S214003990D5310000A0240020C0310200B02800204D
S2140039A0F43102001832020010B580B1044601203E
S2140039B000F042FE00B910BD19F05CFC19F05BFC8B
S2140039C022460A490A4B18681AF089FDF3E70320D5
S2140039D000F032FE0028EED019F04CFC19F04BFC3B
S2140039E00449034B18681AF07AFDE4E73432020003
S2140039F0B028002054320200F0B583B004460D46CD
S214003A0016461F46032000F017FE08B903B0F0BDA7
S214003A1019F030FC19F02FFC019700962B46224631
S214003A200249034800681AF05AFDEFE76C320200BC
S214003A30B028002010B50120FFF7FEFA084B4FF41F
S214003A40FA621A60074B00221A601BF04BF8044615
S214003A5040F2A46006F046FD241A034B1C6010BD1D
S214003A6010200020CC240020D024002010B584B0E4
S214003A700D4BEC460FCBACE807008CF8003001236A
S214003A808DF803308DF8043000238DF808300E23AF
S214003A908DF80930054C6946204619F017FF204678
S214003AA019F005FF04B010BDF838020000200540EC
S214003AB0044B00221A605A609A60DA60024A1A6062
S214003AC0704700BFFC2400203152474610B58EB028
S214003AD001A801F049F8059A0AB3D3680BB94FF468
S214003AE0805329490B6014694CB3B4F5E01F26D304
S214003AF0B4F5001F23D34FF4C012B2FBF3F203FB5E
S214003B0002F2B2F5C01F2CD14FF4E012B2FBF3F272
S214003B1002FB03F3B3F5E01F23D1012014E00120DC
S214003B2000F08AFD08B900200EE019F0A3FB19F09A
S214003B30A2FB1649164B18681AF0D1FCF3E70120D1
S214003B4000F07AFD10B900200EB010BD19F092FBFF
S214003B5019F091FB22460F490D4B18681AF0BFFC6E
S214003B60F1E7012000F068FD08B90020ECE719F045
S214003B7081FB19F080FB044B1A680749044B186850
S214003B801AF0ADFCF1E700BF1420002098320200C6
S214003B90B0280020C83202001033020008B51023F7
S214003BA0044A0321044800680FF01EFFB0FA80F0B4
S214003BB0400908BDFC2400209820002008B51023EA
S214003BC00F4A03210F4800680FF058FF20B90C4B2E
S214003BD01A680D4B9A4207D0032000F02DFD20B93D
S214003BE0FFF766FFFFF7DAFF08BD19F043FB19F091
S214003BF042FB0649064B18681AF071FCF0E700BF56
S214003C00FC240020982000203152474658330200FA
S214003C10B02800202DE9F041ADF5007D674BD9793D
S214003C20674A52F821809E68731EB3F5802F33D200
S214003C30002001F00BF8002842D1033626F00306D8
S214003C400024B4427FD2351BB5F5807F28BF4FF4E1
S214003C50807504EB08072A4640A9384601F098F814
S214003C6000283DD12B4640AA2146002000F0D0FF78
S214003C70002846D12B466A462146002000F0AAFFBF
S214003C8000284FD12A46694640A81EF0A7F900280A
S214003C9048D104F58074D4E7012000F0CDFC20B9AB
S214003CA000200DF5007DBDE8F08119F0E3FA19F06B
S214003CB0E2FA32464349444B18681AF010FCEFE724
S214003CC0012000F0B9FC08B90020EAE719F0D2FAA2
S214003CD019F0D1FA3D493C4B18681AF000FCF3E79E
S214003CE0012000F0A9FC08B90020DAE719F0C2FAB2
S214003CF019F0C1FA3A463649334B18681AF0EFFB0A
S214003D00F2E7012000F098FC08B90020C9E719F096
S214003D10B1FA19F0B0FA22462E492B4B18681AF061
S214003D20DEFBF2E7012000F087FC08B90020B8E7C8
S214003D3019F0A0FA19F09FFA22462749224B186874
S214003D401AF0CDFBF2E70021084600F0F7FF58B95D
S214003D50002000F099FFB8B9032000F06DFC18BBF6
S214003D6000F0ECFE01209CE7012000F065FC08B99D
S214003D70002096E719F07EFA19F07DFA1749124BE3
S214003D8018681AF0ACFBF3E7012000F055FC08B900
S214003D90002086E719F06EFA19F06DFA10490A4B02
S214003DA018681AF09CFBF3E719F064FA19F063FA46
S214003DB00C49054B18681AF092FBD1E7FC2400204A
S214003DC0F038020088330200B0280020AC3302002E
S214003DD0CC330200F0330200103402003834020004
S214003DE060340200843402002DE9F047ADF5047D0E
S214003DF00021084600F0A2FF00283AD182A9002040
S214003E0000F0CAFE002847D1002404F10803839A74
S214003E10934251D808236A462146002000F0DAFE75
S214003E20002840F090809DF800309DF8012043EA7D
S214003E3002239DF8022043EA02439DF8032043EA4A
S214003E4002629DF804309DF8051043EA01239DF8B0
S214003E50061043EA01439DF8071043EA016383997D
S214003E60994272D3234403F10804694B9A42CCD199
S214003E7023E0012000F0E0FB20B900200DF5047DD2
S214003E80BDE8F08719F0F6F919F0F5F96149624BCB
S214003E9018681AF024FBF0E7012000F0CDFB08B903
S214003EA00020EBE719F0E6F919F0E5F95B495A4B03
S214003EB018681AF014FBF3E70024631EB3F5802F8E
S214003EC045D2574B93F807A0BAFA8AFA4FEA5A1A1D
S214003ED0544B53F82A904FF48021484600F094FF44
S214003EE0002847D104F1030828F0030800264645B9
S214003EF080F08480A8EB0605B5F5807F28BF4FF4D8
S214003F0080752B4642AA3146002000F063FE00284A
S214003F1041D106EB09072A4642A9384600F056FF6B
S214003F20002849D12A4602A9384600F031FF002869
S214003F3053D12A4602A942A81EF050F800284CD1B8
S214003F4006F58076D3E70024B7E70024B5E701201E
S214003F5000F072FB08B9002090E719F08BF919F011
S214003F608AF94FF4802322462F492B4800681AF01E
S214003F70B6FAF0E7012000F05FFB08B900207DE705
S214003F8019F078F919F077F94A462849224B18684B
S214003F901AF0A5FAF2E7012000F04EFB08B900205F
S214003FA06CE719F067F919F066F9324620491A4BA2
S214003FB018681AF094FAF2E7012000F03DFB08B901
S214003FC000205BE719F056F919F055F93A461949F9
S214003FD0114B18681AF083FAF2E7012000F02CFB68
S214003FE008B900204AE719F045F919F044F93A46AD
S214003FF01149094B18681AF072FAF2E7084B83F871
S21400400007A09C6001221A73FFF7C8FD36E700BFC1
S214004010FC0404FCB8340200B0280020F03402008F
S214004020FC240020F0380200143502004C35020053
S2140040307435020094350200B835020010B584B01D
S214004040FFF714FDFFF7BAFDFFF740FD5B4B187056
S214004050032000F0F1FA20B9594B9B79BBB904B0A4
S21400406010BD19F007F919F006F9554AD379117BF6
S2140040709068524C247803940290019100939388A0
S21400408092795049504800681AF029FAE4E74C4AF9
S214004090938801339380FFF781FD08B3032000F077
S2140040A0CBFA60BB464B9B88042BD8D9434B1B7876
S2140040B01BB1434B1B7B002B42D1012000F0BCFA06
S2140040C050BB012000F0B8FA00282FD13C4B9B884B
S2140040D0052BC4D93A4B05229A80FFF75FFDBEE751
S2140040E0012000F0A9FA0028D8D019F0C3F819F07A
S2140040F0C2F83649344B18681AF0F1F9CEE719F0D1
S214004100B9F819F0B8F805232D4A928830492E4898
S21400411000681AF0E4F9C5E719F0ACF819F0ABF846
S2140041202C49294B18681AF0DAF9CAE719F0A2F8F0
S21400413019F0A1F82849244B18681AF0D0F9C5E7F9
S214004140032000F079FAC8B91D4B00229A8001229C
S2140041509A71FFF723FDFFF75DFDF8B1012000F02F
S2140041606BFA00283FF47BAF19F084F819F083F857
S2140041701A49154B18681AF0B2F970E719F07AF870
S21400418019F079F8104B18680D4BDB7923B14222F1
S21400419013491AF0A4F9D7E74122F9E7012000F005
S2140041A04BFA00283FF45BAF19F064F819F063F897
S2140041B00C49054B18681AF092F950E7164F002084
S2140041C0FC240020E4350200B0280020303602002F
S2140041D06436020084360200CC3602003437020011
S2140041E00C3702006C37020008B5134B01229A7197
S2140041F000229A80FFF7D2FC70B9012000F01CFA6A
S21400420000B908BD19F036F819F035F80B490C4B13
S21400421018681AF064F9F4E7032000F00DFA002895
S214004220EFD019F027F819F026F80649044B18685D
S2140042301AF055F9E5E700BFFC240020A437020079
S214004240B0280020E037020008B52F4B9B792BB929
S2140042502D4A127B12B12C4A928892B113B92A4B7E
S2140042601B7B13B9294B1B7863B9274B00229A7125
S2140042709A80FFF793FC002837D1012000F0DCF984
S21400428048BB08BDFFF7B0FDB0B1032000F0D4F97D
S2140042900028EAD018F0EEFF18F0EDFF1C4B186867
S2140042A0194BDB7933B14222174B9B6819491AF038
S2140042B016F9DAE74122F7E7012000F0BDF90028F9
S2140042C0D3D018F0D7FF18F0D6FF1349104B186854
S2140042D01AF005F9C9E718F0CDFF18F0CCFF0F4922
S2140042E00B4B18681AF0FBF8CBE7032000F0A4F994
S2140042F00028C6D018F0BEFF18F0BDFF0849044BD2
S21400430018681AF0ECF8BCE7FC240020164F0020D2
S214004310B0280020183802005838020094380200EE
S214004320C0380200024B9879003818BF0120704749
S214004330FC240020024B187B003818BF0120704771
S214004340FC240020014BD879704700BFFC240020D5
S21400435008B5024819F0ABFA08BD00BF00200540BA
S21400436008B5024B1B6803B1984708BD3C250020E2
S21400437008B5024B5B6803B1984708BD3C25002092
S21400438008B5024B9B6803B1984708BD3C25002042
S21400439008B5024BDB6803B1984708BD3C250020F2
S2140043A008B5024B1B6903B1984708BD3C250020A1
S2140043B008B5024B5B6903B1984708BD3C25002051
S2140043C030B585B0094C2268094B1A60094D0A4B76
S2140043D02B600A4B019304F0D9FE02902B680393DE
S2140043E001A9206819F083FB05B030BD34200020F9
S2140043F0843300208033002028200020484202001A
S21400440008B5024B186819F086FB08BD342000205A
S21400441038B504F0BBFE0446064D2B68D3F8B00250
S21400442004F0A8FE286819F090FB204604F0A2FECF
S21400443038BD00BF3420002038B501F0F9FE012158
S2140044400D4801F0C7FA01221146002001F034FEA3
S2140044500A4C0225C4F8805001221146002001F0C3
S2140044602BFEC4F8845001221146002001F024FEE1
S214004470C4F88850002038BD30253E0000400E406D
S21400448008B5164B01225A6403F092F8024668B942
S214004490134B4AF6E851C3F89011D3F8981141F03F
S2140044A00401C3F898110021C3F89011012A0DD910
S2140044B00C4A136A23F4441343F488131362A2F5D8
S2140044C08042136843F48073136008BD044AD2F830
S2140044D0643143F40053C2F86431E9E700000E404B
S2140044E000300E4000400E4008B50121034801F0A0
S2140044F071FA034800F0FEFD08BD00BF00350A0053
S21400450038200020012900D9704708B5034B1B68E6
S214004510186808B1436A984708BD00BF50200020BD
S21400452030B599B0284D11ACAC46BCE80F000FC4AE
S2140045309CE8070084E8070000240B940C940D9474
S2140045400E940F941094214B0B93214B0C93012245
S2140045508DF8372002238DF8393003238DF83B3051
S2140045601E238DF83F308DF8403009AB1C3595E89A
S214004570030083E803000DF10C0C039404940594E7
S2140045800694079408948CE803000C238DF81430E6
S2140045900D238DF815300F4B0693202307938DF8C7
S2140045A020208DF821200C4B00930BAB11AA6146FE
S2140045B00A4804F0C3FF054621464FF4E13018F0E0
S2140045C099FE284619B030BD604202000000014046
S2140045D000420400102800203028002084280020F4
S2140045E008B50349034805F011FBFFF799FF08BD1E
S2140045F054200020A828002008B502481AF083F9A5
S21400460008BD00BF8428002008B502481AF07BF9D0
S21400461008BD00BF8428002008B5024B1A6A186837
S214004620904708BD8428002008B5024818F0C6FE4A
S21400463008BD00BF8442020003460B4A107828B12A
S2140046400A4A12789A4202D2002000E00120084A64
S21400465012783AB1074A127842FA03F313F0010FC0
S21400466000D10020704700BFDA210020D9210020A9
S214004670174F0020D821002008B5084B01221A70D9
S214004680074B00221A70074B04221A70064B1F2293
S2140046901A7004F07BFD054B186008BDDA21002077
S2140046A0174F0020D9210020D8210020B028002054
S2140046B000B591B000F0F0F950B903A800F054FA34
S2140046C0069BABB901200F4B187011B05DF804FBC8
S2140046D00120FFF7B1FF08B90020F6E718F0CAFD81
S2140046E018F0C9FD0849094B186819F0F8FEF3E7F9
S2140046F001A9002000F050FA0028E3D1019A044BEB
S2140047001A60DFE7184F00209C420200B028002005
S214004710B428002008B5064B1B782BB100F0E6F94C
S214004720034B00221A7008BDFFF7C2FFF6E700BF72
S214004730184F002008B50121054801F04BF918F084
S214004740FAFC012018F0AEFD00F076F808BD00BFB8
S21400475000350A0008B50121014801F03BF908BD03
S21400476000350A002DE9F04180460F4601F10905A3
S2140047700026344604E05B21082000F093FC013458
S214004780AC4233D2052C1BD801A353F824F000BF4B
S21400479077470000A9470000DD470000B14700004A
S2140047A0B5470000B9470000FBB20433D9B2E3E7CF
S2140047B08021E1E70021DFE7731C3146DEB2DBE74C
S2140047C0BB1DA3420CD0FB1DA3420BD007F1080370
S2140047D0A34209D0A31F18F80310CDE7D121CBE7D9
S2140047E05A21C9E75A21C7E75D21C5E70020BDE881
S2140047F0F08100BF00B583B0002200920192022132
S2140048008DF80010054818F05FFD019008216846F5
S214004810FFF7A8FF03B05DF804FB00BF006A1800AE
S214004820014B1022DA60704700A00044014B1022B2
S214004830DA60704700A0004670B588B00DF1040C31
S214004840374C0FCCACE80F0094E807008CE8070064
S2140048500121344801F0BEF8334E0121304601F004
S214004860B9F801258DF81250304B0393304C01A94E
S214004870204618F0C0FF2B4604220621022002F034
S21400488045FB00232A460721022002F03FFB2B4669
S21400489004220821022002F039FB2B46042211468E
S2140048A0002002F033FB234BA3670B2363674FF410
S2140048B0487006F0B7FBFFF7B3FF142006F0B2FB14
S2140048C0FFF7B4FF232006F0ADFBFFF7A9FFB921E1
S2140048D0204618F0DAFFFFF7A9FF00231A46062144
S2140048E0022002F013FB00231A460721022002F0E2
S2140048F00DFB2B4600220821022002F007FB2B4668
S21400490000220421104602F001FB204602F0AAFE17
S2140049100021A1676167304601F05CF808B070BD01
S214004920B842020000350A000052040000127A0065
S214004930000401400B0B000B08B500F087F8124A84
S2140049400AE01068516850F8230041F8230001334C
S21400495091688B42F5D30C320C4B9A4201D200235D
S214004960F6E70B4A08E01168002041F823000133FF
S21400497051688B42F7D30832064B9A4201D2002385
S214004980F6E7FDF7D9FA00BFA86E0200B46E020083
S214004990B46E0200B46E02000048704700F0490290
S2140049A0114BD3F8943003F00703023B032B0DD8CA
S2140049B0DFE803F0050F02080C4B18680BE00C4B01
S2140049C0186808E00B4B1868400804E0094B1868A4
S2140049D001E04FF40040044BD3F80031C3F3042346
S2140049E00133B0FBF3F0704700400E406C2000200F
S2140049F0702000206420002008B5FFF7D1FF054B8B
S214004A00D3F80831C3F308230133B0FBF3F0024BAD
S214004A10186008BD00400E4068200020014B186852
S214004A20704700BF7020002008B5064B1860064B84
S214004A30D3F8943003F00703022B00D008BDFFF72D
S214004A40DBFFFBE77020002000400E40044B054AC9
S214004A509A60D3F8882042F47002C3F88820704722
S214004A6000ED00E000000000014B1868704700BF32
S214004A706C200020BFF34F8F0549CA6802F4E0623D
S214004A80044B1343CB60BFF34F8F00BFFDE700BF5F
S214004A9000ED00E00400FA0508B5114BD3F828280D
S214004AA0A2F17E63A3F58433B3F5104F11D21168DB
S214004AB00C4B994210D10C4B1B781BB1022B01D02A
S214004AC0002008E0D369984728B9074B01221A70DE
S214004AD001E04FF4817008BD4FF48170FBE700BF22
S214004AE00000E10F07B0CD5E194F002008B5104B4F
S214004AF0D3F82828A2F17E63A3F58433B3F5104FCC
S214004B0010D211680B4B99420FD10B4B1B78012B1F
S214004B1001D0002008E0136A984728B9064B022205
S214004B201A7001E04FF4817008BD4FF48170FBE706
S214004B300000E10F07B0CD5E194F002008B54FF01A
S214004B40005340F202221A804FF20F025A80054AA2
S214004B5001239360136823F4E06343F480631360D7
S214004B60FFF788FF00500E4008B50A4BD3F82828F8
S214004B70A2F17E63A3F58433B3F5104F09D2126B0E
S214004B80A2F17E63A3F58433B3F5104F01D25368C8
S214004B90984708BD0000E10F08B50D4BD3F828284C
S214004BA0A2F17E63A3F58433B3F5104F0AD2126BDD
S214004BB0A2F17E63A3F58433B3F5104F05D2936854
S214004BC0984701E04FF4817008BD4FF48170FBE711
S214004BD00000E10F38B50D4CD4F82848A4F17E6CDF
S214004BE0ACF5843CBCF5104F0AD2256BA5F17E646B
S214004BF0A4F58434B4F5104F05D2EC68A04701E064
S214004C004FF4817038BD4FF48170FBE70000E10F70
S214004C1038B50D4CD4F82848A4F17E6CACF5843C2D
S214004C20BCF5104F0AD2256BA5F17E64A4F584343A
S214004C30B4F5104F05D22C69A04701E04FF48170FF
S214004C4038BD4FF48170FBE70000E10F08B50D4B4F
S214004C50D3F82828A2F17E63A3F58433B3F5104F6A
S214004C600AD2126BA2F17E63A3F58433B3F5104F1C
S214004C7005D25369984701E04FF4817008BD4FF4A0
S214004C808170FBE70000E10F00B583B001900F4B89
S214004C90D3F82828A2F17E63A3F58433B3F5104F2A
S214004CA00CD2126BA2F17E63A3F58433B3F5104FDA
S214004CB009D29369012101A8984701E04FF4817059
S214004CC003B05DF804FB4FF48170F9E70000E10FD4
S214004CD010B50A4BD3F82848A4F17E63A3F58433B5
S214004CE0B3F5104F04D2236B2BB15B6A984701E0F3
S214004CF04FF4017010BD4FF40170FBE70000E10FA8
S214004D0008B50D4BD3F82828A2F17E63A3F58433AB
S214004D10B3F5104F0AD2126BA2F17E63A3F584336B
S214004D20B3F5104F05D2936A984701E04FF401702F
S214004D3008BD4FF40170FBE70000E10F30B5E1B0AD
S214004D40124BD3F82838A3F17E63A3F58433B3F56A
S214004D50104F15D20C464FF4C0726946FFF7B8FFE5
S214004D60054678B921466846FFF7CAFF40F2012398
S214004D709842F7D040F20323984203D0054601E05C
S214004D804FF40175284661B030BD00BF0000E10F4A
S214004D9010B50D4BD3F82848A4F17E63A3F58433F1
S214004DA0B3F5104F0AD2246BA4F17E63A3F58433C7
S214004DB0B3F5104F05D2636B984701E040F201103F
S214004DC010BD40F20110FBE70000E10F10B50D4BDF
S214004DD0D3F82848A4F17E63A3F58433B3F5104FC7
S214004DE00AD2246BA4F17E63A3F58433B3F5104F87
S214004DF005D2A36B984701E040F2011010BD40F2C7
S214004E000110FBE70000E10F08B50D4BD3F828288A
S214004E10A2F17E63A3F58433B3F5104F0AD2126B6A
S214004E20A2F17E63A3F58433B3F5104F05D2D36B9E
S214004E30984701E040F2011008BD40F20110FBE780
S214004E400000E10FF0B18446F1B110B409E004F1BE
S214004E5020000FE02033C01A18D1BCB10CF1010CB1
S214004E6001319CF800400B4B1B5D03F00303012B44
S214004E70EDD020460B78074AD25C02F00302012AE6
S214004E80E9D1E7E701207047012070475DF8044B41
S214004E90704700BF436D02000346064A106803448D
S214004EA0054A934202D8034A136070474FF0FF301A
S214004EB0704700BF74200020000004200B681A789A
S214004EC0022A00D1704710B508461A79597902EBC4
S214004ED042021201064C144401EBC402920012680E
S214004EE0B2FA82F252091A7018F06FFA10BD00BFBB
S214004EF01CA0100230B583B005460468012117488F
S214004F0000F068FD002301226179207901F0FEFFA0
S214004F102379627903EB43031B011149194402EB21
S214004F20C1039B001B68B3FA83F35B092370A37964
S214004F30022B02D0002003B030BD00F0E9FB2A4669
S214004F400849607900F00CFC02466179207901235B
S214004F500193009301F084FFECE700BF00350A00E0
S214004F601CA01002BD4E000002681378022B15D05C
S214004F701379517903EB43031B011548184401EBE1
S214004F80C0039B0019680B1E18BF012390790128E7
S214004F9005D018B9B1FA81F14909117070475188E6
S214004FA0490089B20B4343F47F4343F0C0034FF6F6
S214004FB0E0718B4205D04FF6DF718B4204D05380F0
S214004FC0704701211170FAE700211170F7E700BF62
S214004FD01CA0100208B50121294800F0FBFC0123A3
S214004FE004220221052001F091FF002001F02CFF91
S214004FF00121244BC3F810180A46042001F05CF87F
S214005000214800F0A5FE214BD3F8F02042F0010223
S214005010C3F8F020D3F8FC2042F08072C3F8FC20DE
S214005020A3F55D431A4A1A6000F5D52000F2FC404D
S214005030C008184BA3FB0030800A0138164B1861D5
S2140050400222C3F8F0204FF48072C3F804234FF016
S2140050506043124AC3F8B02F114AC3F8802ED3F823
S214005060002E42F48072C3F8002EFF2283F8202020
S214005070D3F8002E22F48072C3F8002E002008BD5C
S21400508000350A000080144206000E0000ED00E025
S214005090FF03004017916502000004E055CEACC542
S2140050A0090001004FF06043D3F8803E13F0010F73
S2140050B001D1112070470E4AD2F8FC3043F08073BD
S2140050C0C2F8FC304FF06043D3F8002E4FF0010CCE
S2140050D00CFA00FC42EA0C02C3F8002E53F820300B
S2140050E0002BE8D04FF0604303F8201000207047F4
S2140050F000ED00E070B584B0044601212A4800F0B7
S21400510069FC2368294A934215D002F580629342CF
S21400511047D12748012100F05DFC01230A2261796E
S214005120207901F0F3FE01230A22E179A07901F04B
S214005130EDFE00251AE01F48ECE72379617903EBC2
S21400514043031B01012606FA01F11B4AD1506420D5
S21400515005F068FF2379627903EB43031B01964051
S214005160164AD650642005F05DFF0135092DE4DDB2
S214005170236803225A64637A227A43EA0223226867
S214005180936401238DF800308DF801302369029373
S214005190E3680193237D8DF80C306946206801F0A2
S2140051A047FF04B070BD00BF4041050000C000408E
S2140051B000920400008204000CA000440CA00046EC
S2140051C0F0B585B00C4694469DF83410664A1278C1
S2140051D0002A00F0BD800546BCF1070F00F2BA8039
S2140051E00A9A002A00F0B8800B9A002A00F0B680CF
S2140051F00E9AB2F5006F00F3B38001285BD05B4ACD
S21400520002EB0C12127B002A00F0AC800022009207
S214005210019202920392564A02EB4C1E002C4FD18A
S2140052204FEA4C1600209051CEF80400CEF8080045
S214005230CEF80C009EF8020040F010008EF8020037
S2140052409EF8030040F030008EF8030021B9C1B28A
S21400525041F003018EF8031000930E9B013B444A75
S2140052604FEA4C1002EB4C11165A63F30E16165208
S2140052700A9B8B600B9B4B60CB789DF83C2062F3BF
S2140052808303CB70012D36D0109B002B56D0374AA7
S2140052904FEA0C1102EB0C1310985050119A5A60FA
S2140052A000249C605D7372466946604601F02AFFE2
S2140052B0204605B0F0BD0C9A002AA0D12D48F8E78C
S2140052C02B4F4FEA4C1607EB4C120020B85150609B
S2140052D09060D060907840F010009070D07840F0E9
S2140052E00300D0700029B7D107EB4C12C1B241F0D1
S2140052F03001D170B0E70E460A7B42F001020A7315
S214005300D2B242F002020A73CA68042161F39F0215
S214005310F26006F1100796E80F0087E80F00F269C2
S2140053206FF0030161F39F02F2610C9B7361012C25
S214005330AAD10B9AB2610C9A7260A5E7002DA6D18D
S2140053400B4B03EB4C139A786FF304129A709EE79C
S2140053500948AEE70748ACE70648AAE70548A8E7C5
S2140053600448A6E70548A4E71A4F0020B8290020FD
S214005370B8280020018000F0028000F0078000F0CE
S214005380134B1B78FBB110B50446F0B118F0DBF8F0
S2140053900023072B13D80F4A02EB0312127B0AB125
S2140053A00133F6E723600B4A190102EB03130124CD
S2140053B01C730024545018F0CCF8204602E018F075
S2140053C0C8F8054810BD054870470548FAE700BF0D
S2140053D01A4F0020B8290020048000F0028000F058
S2140053E0018000F038B518F0AEF804460023072B0D
S2140053F006DC0C4A02EB0312127B12B90133F6E705
S214005400002222B1204618F0A4F8074838BD01F063
S2140054102DFE0025054B1D70204618F09AF82846EC
S214005420F4E700BFB8290020058000F01A4F0020DE
S2140054300F4B1B78BBB110B50446072815D818F0DB
S21400544082F80C4B03EB04131B7B1BB918F081F896
S21400545009480BE0074B03EB041300241C7318F0F9
S21400546078F8204602E005487047054810BD00BFA2
S2140054701A4F0020B8290020068000F0028000F0B5
S214005480018000F000B583B0144B1B680193002325
S2140054908DF8043018F057F8114B1B7833B9104BC1
S2140054A001221A7018F055F8002309E018F051F898
S2140054B00C480FE00C4A02EB031200211173013373
S2140054C0072BF7DD04238DF807300DEB030001F002
S2140054D0EFFD002003B05DF804FB00BF244302008C
S2140054E01A4F0020038000F0B829002008B50A4BA8
S2140054F01B785BB107280BD8084B03EB00131B7B0C
S21400550043B1002101F0CAFD002008BD0448FCE7B5
S2140055100448FAE70448F8E71A4F0020B8290020A4
S214005520028000F0018000F0078000F008B50A4B0A
S2140055301B785BB107280BD8084B03EB00131B7BCB
S21400554043B1012101F0AAFD002008BD0448FCE794
S2140055500448FAE70448F8E71A4F0020B829002064
S214005560028000F0018000F0078000F008B50A4BCA
S2140055701B7853B107280AD8084B03EB00131B7B94
S2140055803BB101F013FE002008BD0548FCE70548C6
S214005590FAE70548F8E700BF1A4F0020B8290020B0
S2140055A0028000F0018000F0078000F0104B1B78AE
S2140055B0ABB1072815D8B1B10E4B03EB00131B7B1C
S2140055C09BB10D4B1B6E0122824013EA020003D0F2
S2140055D001230B700020704700230B7070470748AC
S2140055E0704707487047064870470648704700BF30
S2140055F01A4F0020B829002000200E40028000F03C
S214005600018000F0078000F00C4B1B7873B110B5DA
S2140056100C4607280CD869B1094B03EB00131B7B1B
S21400562053B101F0D7FD2070002010BD054870472B
S2140056300548FAE70448F8E70448F6E71A4F00205A
S214005640B8290020028000F0018000F0078000F0FA
S214005650F8B5194B1F6EDB6E1F4002D401250024DF
S21400566002E0FEE701346D00072C24D83D42F9D055
S214005670114B9D662301114AD358002BF2D002EB42
S2140056800416B1680131B16072682046984780F010
S2140056900100C0B2737B012BE4D10028E2D0084B96
S2140056A003EB44131A7B6FF341021A731A7F6FF3EE
S2140056B041021A77D6E7F8BD00200E40B829002030
S2140056C0B828002010B5044602E0202007E09047E6
S2140056D0DCB194FAA4F00028F7D0B0FA80F00123E9
S2140056E0834024EA0304094B03EB00135A68002A9C
S2140056F0EED0064B03EB00131B7B002BE7D0034BCF
S21400570003EB001399689047E2E710BD382A0020A3
S21400571008B5122000F046FE28B1084B4FF4802250
S214005720C3F880211A600A2000F03CFE28B1034B23
S2140057304FF48062C3F880211A6008BD00E100E0E3
S21400574038B505460C4617F0FEFE044B03EB051372
S2140057505C6000221A7317F0FCFE38BD382A002061
S214005760F8B505460F46164617F0EDFE05F0FC0C9C
S2140057700F4BD3F828140023032B0BD85C1904F026
S2140057800304644421FA04F212F0010F03D001333B
S214005790DBB2F1E7FF24FF2C06D0064B03EB041325
S2140057A05F609E6001221A7317F0D3FE2046F8BD94
S2140057B000A00040382A002008B5064BD3F828047D
S2140057C0D3F81C24104000F05530C3F82404FFF72B
S2140057D079FF08BD00A0004008B5064BD3F82804A2
S2140057E0D3F81C24104000F0AA30C3F82404FFF7B6
S2140057F069FF08BD00A0004008B5034B1968034BBD
S21400580018680EF017F808BD7820002098200020B1
S214005810B0F1FF3F01D010B9704702487047024808
S214005820704700BF21E000F024E000F0F8B5054620
S2140058300E469400224617F08FFFFFF7E9FF074653
S21400584028B92246314628461CF0C8FB08B9384617
S214005850F8BD014FFBE700BF10E000F038B5044686
S21400586001F08CFDFFF7D4FF054608B1284638BD89
S21400587001F0A6FE0146204617F002FE0028F5D1EC
S214005880004DF3E70EE000F008B517F04DFE014BB3
S214005890186008BD2833002008B5024B186817F0BA
S2140058A047FE08BD28330020074BDB6B13F0400F84
S2140058B004D1064BD3F8C830002BFAD1024B5868F7
S2140058C0C0F30140704700BF00300E400000C643E2
S2140058D00C4B984205D90C4B984210D801210A4629
S2140058E001E000210A46094B1A64094AD2F8003141
S2140058F023F0807343EA0163C2F800317047022147
S2140059000122F0E70048E8010090D0030000C843F9
S21400591000400E40014B1868704700BF9C200020D6
S214005920114B5B68002300E00133042B0CD80F4AB0
S21400593002EBC30292F804C0CAB29445F4D10B4AF3
S21400594052F833208242EFD3052B0BD0074A02EBE6
S214005950C3035979044A536823F0407343EA01634A
S214005960536070470321F5E700000E404C430200E9
S21400597008B5FFF715F8044BD3F80031C3F304233A
S21400598003FB000008BD00BF00400E4010B5084BEA
S2140059901C6CA4B241F671321A64FEF7FDFF0021BA
S2140059A0FFF7BEFF14B1024B00221A6410BD00BF01
S2140059B000000E4010B5064B1C6CA4B241F67132C6
S2140059C01A64FFF7ADFF14B1014B00221A6410BD34
S2140059D000000E4010B4C0F30323013B092B21D86E
S2140059E0DFE803F00508202030232620292D002498
S2140059F0164A01E00024164AC0F3043054B1134B93
S214005A00D3F8443113F0010F04D1104BD3F84031D2
S214005A101C42FAD102F1424303F5801300EBC300A7
S214005A20800001605DF8044B70470124094AE3E7F3
S214005A301024094AE0E74FF48034084ADCE70024E3
S214005A40074AD9E70024074AD6E700BF00400E40C1
S214005A50C0400E40E0400E40E8400E40F0400E4091
S214005A6050410E40B0400E40C0F30313013B092BDB
S214005A706BD8DFE803F0050B111B6A6A2127415F2C
S214005A80334BD3F80001C0F304207047304BD3F8F3
S214005A901401C0F3042070472D4BD3F80031C3F334
S214005AA0006301330120984001387047284BD3F833
S214005AB00C01C0F308207047254BD3F80801C0F34B
S214005AC008207047234B984204D0234B98420AD0B4
S214005AD0002070471E4BD3F8203103F00F0301203F
S214005AE09840013870471A4BD3F82031C3F301139E
S214005AF00120984001387047184B984207D003F5AC
S214005B00B01303F5805398420AD000207047104B1C
S214005B10D3F82831C3F301130120984001387047A9
S214005B200B4BD3F82831C3F30123043301209840EC
S214005B30013870470A4B984201D000207047044B4A
S214005B40D3F8300100F0030070470020704700BF14
S214005B5000400E408006160080162E0090171A0091
S214005B60A009140000F00F000138072865D8DFE808
S214005B7000F0041B2A643E4D64553B4BD3F894302A
S214005B8003F00703023B052B0CD8DFE803F00558AB
S214005B9003070B0902207047042070470B2070474C
S214005BA00C207047052070472F4BD3F8803003F049
S214005BB00703022B45D0042B45D0012B01D0012032
S214005BC0704703207047284BD3F8843003F0070350
S214005BD0013B032B09D8DFE803F002380604032054
S214005BE070470A20704706207047012070471E4BFA
S214005BF0D3F8883003F00703022B28D0042B28D0D4
S214005C00012B01D00120704703207047164B1B6FF5
S214005C1013F001031FD003B309207047124BD3F8CB
S214005C205C3103F03003202B19D0302B19D0102B09
S214005C3001D00120704707207047002070470320DE
S214005C407047022070470A207047022070470220E3
S214005C5070470A20704707207047012070470420CD
S214005C6070470820704700BF00400E4010B504463D
S214005C70FFF778FF1B4B9C4212D01B4B9C4215D063
S214005C801A4B9C4206D00138032828D8DFE800F0DB
S214005C9014171D1A164BD3F8800000F00700F2E721
S214005CA0134BD3F8840000F00700ECE7104BD3F852
S214005CB0880000F00700E6E717F02FFB10BDFEF7A0
S214005CC0D3FEFBE717F02CFBF8E7FEF769FE084B60
S214005CD0D3F80031C3F300630133D840EEE7002069
S214005CE0ECE700BF030020000500240002001E00B1
S214005CF000400E4008B50748FFF734FF072804D0D9
S214005D00092805D1FEF74CFE03E0FFF703FE00E08E
S214005D10002008BD06000E0008B10020704710B530
S214005D2004460A48FFF71EFF072805D0082809D0B2
S214005D30042804D0204610BDFFF7ECFDFBE7FEF775
S214005D406DFEF8E7FFF714FEF5E700BFB800320077
S214005D5038B500F47813B3F5B01F00F0938005460D
S214005D603BD8B3F5402F00F0828010D9B3F5801FE2
S214005D7000F0AA80B3F5A01F27D15748FFF776FF9B
S214005D80564BD3F8303103F00303D8401CE0B3F58C
S214005D90802F61D005D9B3F5202F14D1FEF700FE71
S214005DA012E0002B55D0B3F5003F0AD1FEF7F8FD00
S214005DB04A4BD3F80831C3F308230133B0FBF3F0A2
S214005DC002E0002000E0002038BDB3F5602F02D1CD
S214005DD0FFF790FFF8E70020F6E7B3F5381F5BD033
S214005DE00ED9B3F5481F72D0B3F5781F21D1FEF750
S214005DF0D7FD0446284617F092FBB4FBF0F0E3E725
S214005E00B3F5001F52D006D9B3F5101F0FD1324894
S214005E10FFF72CFFD8E7B3F5D01F4BD0B3F5F01F34
S214005E2003D12F48FFF722FFCEE70020CCE7002063
S214005E30CAE7B3F5401F0AD12A48FFF717FF274BDA
S214005E40D3F82831C3F301230433D840BCE700203D
S214005E50BAE7FEF7A5FDB7E7FEF7A2FD1F4BD3F89E
S214005E600C31C3F308230133B0FBF3F0ACE7FEF7C5
S214005E7097FD1A4BD3F81431C3F304230133B0FB58
S214005E80F3F0A1E71648FFF7F1FE144BD3F82031E4
S214005E9003F00F03D84097E71148FFF7E7FE0F4BD4
S214005EA0D3F82031C3F30113D8408DE70D48FFF730
S214005EB0DDFE89E70B48FFF7D9FE084BD3F82831FB
S214005EC0C3F30113D8407FE7FFF724FD7CE70020EB
S214005ED0FFF722FF78E700BF0500240000400E40D1
S214005EE002001E000300200010B5FFF74FFD084B10
S214005EF007225A67FEF754FDFFF7EAFCFEF77CFD23
S214005F000446FFF7D1FC01462046FFF753FD10BDBF
S214005F1000400E40014B1880704700BFA4210020AF
S214005F20014B1880704700BFA221002004281ED80D
S214005F30DFE800F0180312080D000E4B186AC0F3D5
S214005F40080070470B4B186900F07F007047094B3C
S214005F50986900F07F007047064BD3F89C00C0F3AA
S214005F600A007047034B986B00F07F0070470020D4
S214005F70704700BF00400E4038B50C46042813D8C2
S214005F80DFE800F043032F132100C1F30804274B7A
S214005F90D3F86838002BFAD1254A136A23F4FF7326
S214005FA023F001032343136238BD01F07F041F4B27
S214005FB0D3F86038002BFAD11D4A136923F07F030B
S214005FC023431361F0E701F07F04184BD3F86438DD
S214005FD0002BFAD1164A936923F07F03234393617B
S214005FE0E2E7134DD5F890306B6A23F0300343F0A8
S214005FF010036B62C1F3C31017F08BFA2A6B0D4BBC
S2140060001340234303432B63CEE74F2928BF4F2477
S214006010064BD3F87438002BFAD1054A936B23F05D
S2140060207F03E4B21C439463BEE700BF0020C8436E
S21400603000400E4000F8FF0F134B5B6A13F0300F62
S21400604009D0202914D0302915D009B10F4A04E010
S2140060504FF4400201E04FF440020B4BD3F890306F
S21400606032EA0303F9D112F4800F07D101207047FA
S2140060704FF40002F1E74FF44002EEE7024BD3F88C
S214006080A000C0F38020704700400E40FF33E107B9
S214006090022801D00120704710B529B1054B4FF4F6
S2140060A08064C3F8A84059660AB9012010BDFFF7FE
S2140060B0C3FFFBE700400E4070B5042800F2858061
S2140060C0DFE800F0484250033C000223012500248C
S2140060D0AC46002967D002284AD000213B4B1D66FB
S2140060E03B4B23449B001B68002BF9D0002A6CD046
S2140060F0374C6444A4002368002BF9D0022864D1EE
S214006100002962D0314B5B6A13F0010F46D00122A2
S2140061102021FFF7BDFF0220FFF708FF06460122F9
S21400612000210220FFF7C8FF31460220FFF724FFB8
S214006130264B1D662368002BFCD046E02023102546
S21400614004244FF0050CC4E78023402506244FF0B6
S214006150070CBEE74FF400734FF4807508244FF029
S214006160090CB6E70823042502244FF0030CB0E719
S214006170164B5B6A13F0300F0ED1164BDB6B134BCE
S2140061805B6A13F0010FA9D0104E736A23F0300338
S21400619043F010037362A1E700219FE7002102206D
S2140061A0FFF74AFFB7E709490B66084BD3F890108C
S2140061B00123A3401942F8D13AB1044BD3F89020FA
S2140061C0012303FA0CF31A42F7D170BD00400E40CB
S2140061D08004F21000300E4010B50446A8B1012825
S2140061E018D0FFF7D3FBDCB9104B04225A67FEF732
S2140061F0D7FBFFF76DFBFEF7FFFB0446FFF754FBEC
S21400620001462046FFF7D6FB10BD01221146FFF7D8
S21400621053FFE6E7012211461046FFF74DFFE0E781
S214006220012CE4D1014B03225A67E0E700400E4000
S21400623038B5FEF7F3FB0446002100F0B5FB164820
S214006240FFF746FB012211460220FFF735FFFFF756
S2140062509DFB4CB1114BDB6B13F0400F04D1104B80
S214006260D3F8C830002BFAD10E4B02225A67FEF73D
S21400627097FBFFF72DFBFEF7BFFB0546FFF714FB6A
S21400628001462846FFF796FB04B138BD01210020E1
S21400629000F08AFBF9E700BF0148E80100300E4035
S2140062A00000C64300400E4010B5012211460320F0
S2140062B0FFF702FFFFF76AFB084B05225A67FEF757
S2140062C06FFBFFF705FBFEF797FB0446FFF7ECFABC
S2140062D001462046FFF76EFB10BD00BF00400E4093
S2140062E070B504461120FFF73DFC01220021022074
S2140062F0FFF7E2FE237C022B2AD00022154E736A9B
S21400630023F00103134373622278134BC3F8A024CF
S214006310A288637A43EAC223F362356B05F07F6591
S214006320E38845EAC325A37A1D43207A45EAC015CB
S21400633017F0EFF805433563627BA37B1B0143EA46
S2140063400233E27B1343227B43EA0243736370BD4E
S2140063500122D3E700400E400000C84338B505468A
S2140063601120FFF7FFFB0D4A916B0D4C0C4029786E
S2140063700C436B7844EAC324AB7844EA0364EB78B6
S21400638044EA0324936BA34200D138BD01220021C6
S2140063900846FFF791FE014B9C63F6E700400E406F
S2140063A080E4FFF84209064B53F8223000F01F0045
S2140063B023FA00F080F0010000F00100704700BFF3
S2140063C000E100E0074BDB6B13F0400F04D1064BF7
S2140063D0D3F8C830002BFAD1024B5868C0F30140FE
S2140063E0704700BF00300E400000C643114BDB6B09
S2140063F013F0400F1DD10F4BDB6B13F0400F04D191
S2140064000D4BD3F8C830002BFAD10A4B1A68C2F3EA
S21400641001225B68C3F301439A4205D9054A136813
S21400642043F0100313607047024A136823F010030A
S2140064301360704700300E400000C643074B1B68D1
S21400644013F0100F05D0064B1B69C3F30443082B4B
S21400645000D07047034B044A1A60FAE700300E403B
S21400646000400E4064200020C0EA21011A48C26C99
S214006470C2F30322194B1B8803F1280103EB5103D7
S2140064802833013202EB8201B3FBF1F3013B072B09
S21400649028BF0723C16C21F0EE6141EA036343F491
S2140064A08013C3640E4BB3F90030002B13DB9BB292
S2140064B003F1280103EB51032833510801EB420294
S2140064C0B3FBF2F3072B28BF0723026D22F07002FE
S2140064D042EA03130365704700300E40504E00201A
S2140064E04C4E0020024B1880024B1980704700BFAC
S2140064F0504E00204C4E002010B1012804D07047AA
S214006500034B044A9A657047014B034A9A657047E5
S21400651000300E4077402057372110B71A4BD3F87B
S2140065203032032929D8DFE801F002121518DBB251
S2140065304AB91B0333F4704121D11448C16E21F4CB
S21400654070411943C166012A09D001207047C3F380
S2140065500723EDE7C3F30743EAE71B0EE8E71B0351
S21400656033F470420DD10949D1F8EC2022F4704280
S2140065701343C1F8EC30012070470020704700201C
S21400658070470020704700BF0081E00F00300E40CB
S2140065901B02A2B101221343B3F5007F4DD022D8CF
S2140065A0B3F5807F42D00CD940F20112934215D148
S2140065B0294BD3F824321A0EC3F3074310E0002207
S2140065C0E9E763B3012B06D1234BD3F82432C3F398
S2140065D00722DBB204E00022134601E00022134645
S2140065E003600A607047B3F5407F2DD040F2013259
S2140065F0934206D1184BD3F828321A0EC3F307433A
S214006600EEE740F20122934206D1134BD3F828322C
S214006610C3F30722DBB2E3E700221346E0E70E4BA4
S214006620D3F81C32C3F30722DBB2D9E70A4BD3F800
S2140066301C321A0EC3F30743D2E7074BD3F82032B7
S214006640C3F30722DBB2CBE7034BD3F820321A0E94
S214006650C3F30743C4E700BF0081E00F38B5002846
S21400666050D04B4BDB6B13F0400F07D1494B1A78D9
S214006670C2F1020210239340454A1361464AD2F8FB
S214006680804104F0010445F60E03C2F88031434B06
S2140066901B6803F0010103F01000014303F0400003
S2140066A0084303F00401014303F480730B431366AD
S2140066B0374BDB6B13F0400F04D1394BD3F8C8309F
S2140066C0002BFAD1324B1B6813F0100F0DD0324B53
S2140066D0D3F8403113F0807FF9D1324B1A682E4B35
S2140066E01A61314B1B78052B2BD02F4B1B78023BA6
S2140066F00A2B32D8DFE803F02E3F433131313131F7
S21400670031464900244BD3F89020244B1A601120C0
S214006710FFF728FA244B18701D4BDB6B13F0400F65
S21400672004D11F4BD3F8C830002BFAD1184B5B6846
S214006730C3F30143174A1370174B1A69194B1A60B3
S21400674018E01A4B1D68FFF73DFE01462846FFF786
S21400675031F9CAE70020FFF73FFD104B1B6813F026
S214006760010F02D10C4B02221A661CB10A4B002202
S214006770C3F8802138BD0120FFF72EFDEDE7FFF7B7
S21400678057FDEAE7FFF790FDE7E7FFF7ADFBE4E725
S21400679000300E401B4F002000400E4030330020DB
S2140067A00000C6432C3300201C4F0020642000202D
S2140067B0074A136823F44073417843EA01231360C1
S2140067C04378022B00D07047024B5B6AFBE700BFA2
S2140067D000300E4000400E4038B50446F8B9FFF7CA
S2140067E005FE184A136943F00403136116F084FF8C
S2140067F016F083FF144B154AC3F8242403F55923D7
S2140068001B6813F0100F0ED130BF16F077FF03F0A1
S214006810BBFB8CB10120FFF721FF84B138BD0020FF
S214006820FFF71CFFDBE716F07FFE05461BF034FE85
S214006830284616F07DFEE8E7FFF700FEEDE7FEF7D8
S214006840DBF8EBE700ED00E000A000400000FFFFF3
S21400685038B5044650BBFFF7C9FD1E4BD3F8802160
S21400686045F60E01C3F880114FF42071196612F038
S214006870010F02D00022C3F88021174A136943F0A3
S21400688004031361154B164AC3F8242416F034FF8C
S214006890144B1B6813F0100F0CD130BF03F074FBC1
S2140068A08CB10120FFF7DAFE84B138BD0020FFF777
S2140068B0D5FED0E716F038FE05461BF0EDFD28465F
S2140068C016F036FEEAE7FFF7B9FDEDE7FEF794F8B7
S2140068D0EBE700BF00400E4000ED00E000A00040E7
S2140068E00000FFFF00300E40134B9A6922F03F0273
S2140068F00378D3B104234178C9B102210B438178D0
S214006900B9B108210B43C178012900D000210B43FF
S21400691001790B431343084A9361136823F4403309
S214006920417943EA0143136070470023E3E70021FF
S214006930E4E70021E6E700BF00300E40174BDB6BB4
S21400694013F0400F29D170B504460D46FFF73AFD07
S214006950A04218D0124BD3F80031FEF721F80646B5
S214006960022C11D0C4F10202102393400B4A13618B
S21400697045B1D36B13F0400F04D10A4BD3F8C8309F
S214006980002BFAD124B170BD0221FFF713F8E9E716
S21400699000213046FFF70EF8F5E7704700300E404E
S2140069A000400E400000C64338B5114BDB6B13F0B9
S2140069B0400F0BD10C4650B10E4B1B7813B10E4B4B
S2140069C098420FD921460020FFF7B8FF38BD0B4B81
S2140069D0D3F80051C5F304250135FDF7E1FF05FBAB
S2140069E000F0E9E721460220FFF7A8FFEEE700BF28
S2140069F000300E4034330020002D310100400E40A0
S214006A0008B50278034B1A7001210020FFF7CCFF6F
S214006A1008BD00BF3433002010B42C4B5A6B4AF626
S214006A20E8515963294B9B6F13F0010FFAD1274B9E
S214006A301B6C13F0030303D025490124C1F8B44AA4
S214006A40D9B2814221D0032B00D01BB9431EDBB242
S214006A50012B21D91D4B9B6F13F0010FFAD11B4957
S214006A600B6C23F0030303430B64184B9B6F13F06C
S214006A70010FFAD1003818BF0120154BC3F8B40A2D
S214006A80012A1FD05DF8044B70470028FAD1104B3E
S214006A900022C3F8B42AF5E70C4B4FF40021D96264
S214006AA00A4B9B6F13F0010FFAD108490B6C23F0C9
S214006AB0030343F001030B64044B5B6A13F4002FDB
S214006AC0FAD0C7E7014B00225A63DBE700300E40DE
S214006AD00000C6432DE9F04F8DB0009101920023CF
S214006AE009930A930B9306930793089303930493CF
S214006AF00593654A1288ADF808208DF80A30A0F58F
S214006B00E163B3F5966F00F2AE800646B0F5E16F2E
S214006B108CBF4FF001094FF000096DD94FF4966A0B
S214006B204FF4E164B6F5E16F6BD9584BD3F81832E1
S214006B3008931A0E0592C3F307430893544DEF6C5F
S214006B40C7F301778DF808703B464A4603A906A8A6
S214006B50FFF71EFDD5F8EC30C3F301288DF8098049
S214006B6043464A4604A907A8FFF712FD321B089BB6
S214006B700599C91A02FB01F1B1FBFAF10B91194410
S214006B800B91DDF80CB0DDF818C0ABEB0C0502FB82
S214006B9005F5B5FBFAF5099565440995DDF810E0AD
S214006BA00798AEEB000404FB02F2B2FBFAF20A927C
S214006BB084180A94059A8A4259D38B4259D8A64516
S214006BC059D3A04259D8AB4559D3AC4559D8019BA7
S214006BD073B12F4BDB6D23F4FE4323F0020343EA2D
S214006BE00123B6F5E16F16D902221343284AD3656E
S214006BF0009B93B9012037E04FF4167A4FF4966461
S214006C0090E7224BD3F818320893C3F30722059275
S214006C10DBB2089392E70022E7E7002239464846AF
S214006C20FFF77CFC00B3012241464846FFF776FC9E
S214006C30D0B1A54238BF25460995E72D28BFE725E0
S214006C400995134B5B6E23F4FF7323F0010343EAAD
S214006C504503B6F5E16F04D9012213430C4A536687
S214006C6002E00022F9E700200DB0BDE8F08F00201A
S214006C70FAE70020F8E70020F6E70020F4E7002017
S214006C80F2E70020F0E700BF744302000081E00F47
S214006C9000300E4008B5214B1A6FDB6C13F0010F65
S214006CA009D012F0060F06D013281FD9143813285F
S214006CB01ED8082323E0194BDB6C13F0010F09D113
S214006CC012F0060F06D1092814D90A38092813D855
S214006CD0082314E0114BDB6C13F001030FD012F005
S214006CE0060F0BD1272817D8082308E0042306E050
S214006CF0102304E0042302E0102300E00023013BFD
S214006D001A0342EA03220549CB6C23F47F4313435C
S214006D10CB64FFF7ABFB08BD1023F0E700300E4056
S214006D2008B5074BD3F88039064A136F23F00703DC
S214006D3003431367044B1888FFF7ACFF08BD00BF7A
S214006D400000C64300300E404E4E002008B5084AEC
S214006D50D36E43F08073D366064BD3F880391BB1ED
S214006D600420FFF7DDFF08BD0020FFF7D9FFFAE794
S214006D7000300E400000C64338B5304B02229A63FE
S214006D809B6B03F00F03934254D10446B0F90C10EA
S214006D90C3884A2B09D9B3F5FA7F41D340F6C3120C
S214006DA0934240D84FF0005200E00022234BDB6CA9
S214006DB023F0405323F00103002937DB01210A4367
S214006DC013431E4AD364D2F8EC3043F44073C2F83F
S214006DD0EC30A2881A4B1A80FFF7B8FFB4F90C10F3
S214006DE02089FFF77FFBA088FFF754FFA07BFFF703
S214006DF083FB012211466088FFF76CFE0546D0B182
S214006E000E4AD36B43F48063D3636078FFF704FEC7
S214006E10A37A202B0CD000220A4BC3F894270AE052
S214006E204FF08052C2E74FF04052BFE70021C6E75E
S214006E300122F1E70025284638BD00BF00300E408D
S214006E404E4E00200000C643044AD2F8443423F0D5
S214006E5003030343C2F84434704700BF00A0004059
S214006E60F8B50D4614461E46072A2AD8930000FA9F
S214006E7003F20F2199401D4816F04BFC0027072C03
S214006E802AD8A10005F003028A40032303FA01F181
S214006E90174816F03EFC174A224492001660164B1E
S214006EA023449B009DF818201A600123A340134A30
S214006EB0C2F82434124B23449B009DF81C201A6011
S214006EC0F8BDA2F10807BB0000FA03F20F219940B3
S214006ED00C4816F01EFCD2E7BF0005F00302BA40CD
S214006EE00321B940084816F014FCD4E700A400407B
S214006EF008A4004080208510A020851000A0004037
S214006F004021851004A400400CA40040F8B50446B7
S214006F100D461E4617463AB1FBB100EB400109018B
S214006F200122AA401D4B5A50072D1ED8A90004EB7B
S214006F3044031B0107FA01F20F2000FA01F118487A
S214006F40184416F0E6FB3FB9FEB104EB44042401F6
S214006F500122AA40114B1A51F8BD00EB400109016D
S214006F600122AA400F4B5A50DEE7A5F108039B000A
S214006F7004EB440C4FEA0C1C07FA03F20F2199406D
S214006F800948604416F0C5FBDDE704EB4404240121
S214006F900122AA40034B1A51DEE700BF0CA00046B0
S214006FA004A000400CA0004408A0004002B97047AE
S214006FB0F8B504460E46174603F00305036823F4A7
S214006FC0407303602A024FF4407116F0B0FB2EB9EE
S214006FD0124B9C4217D0124B9C4219D02368114B7F
S214006FE05A5D07FB02F26AB1A6EBC7031344013BE6
S214006FF0B3FBF2F3013B226812F0020F01D003B993
S21400700001232361F8BD0848FEF7A2FE0646E5E721
S2140070100648FEF79DFE0646E0E700BF00C00040BB
S21400702000C400407843020000820400009204007E
S21400703038B505460C46002303640B4BC3634A78F9
S21400704082F0010200F1424303F58013DB000133B6
S2140070509B001A600B7B8A684968FFF7A7FF2178B8
S214007060284616F072FB38BDFFFF070008B5094B2F
S2140070704FF40072C3F88020BFF34F8FBFF36F8FBB
S214007080054B0021D96619624FF4AA40FEF7A2FC10
S21400709008BD00BF00E100E000200E4081F00101C5
S2140070A0024B03449B001960704700BFA001F1101B
S2140070B010B5044601214FF4AA40FEF78BFC237856
S2140070C06178A27842EA012242EA03620B4B1A6018
S2140070D000221A62DA625A634FF00042DA664FF014
S2140070E0FF329A66064A4FF40071C2F88011E378C0
S2140070F05B01DBB282F80933116010BD00200E4040
S21400710000E100E070B50C46C3B201259D40254E57
S214007110B5660B6800EB400106EB0111C1F8803044
S214007120637BC1F8883094F80AC0E37A1B0543EA0B
S2140071300C4394F80CC043EA4C53C1F8843022F058
S2140071400302C1F8982016F0FEF9F36E2B43F3669F
S214007150237A13B1736B2B437363637A1BB1114AA3
S214007160D36A2B43D3620F4B1B68227922B1D243DA
S214007170120262F47F42134062790AB143EA0223A4
S214007180A2791AB1D24362F0FF021340E27902B14B
S2140071901343044A1360044B9D62D56316F0D9F975
S2140071A070BD00BF00200E4000200E4410B5C0B2D7
S2140071B00124844016F0C7F9044AD36E23EA040378
S2140071C0D366034B1C6216F0C4F910BD00200E40B7
S2140071D000200E4410B5C0B20124844016F0B3F966
S2140071E0084B1B6A234205D1064B9B6A9C4306D07C
S2140071F0002400E0002416F0ACF9204610BD01245F
S214007200F9E700BF00200E40054B5A685B68054B47
S21400721041F671321A649A6822F001029A60704749
S21400722000300E4000000E40034B9A6822F0010228
S2140072309A6000221A64704700000E400C4B0D4AFC
S214007240D26912F0010F02D00BB1013BF7E74BB148
S214007250084B18610122DA60DB6913F0040F04D1D1
S214007260002070476FF0020070474FF0FF30704705
S2140072708096980000000E408C46E9B900207047C2
S214007280013B124AD26912F0010F04D0002BF7D14D
S2140072906FF0020070479BB10C4BDB6913F0020FD6
S2140072A011D161450AD250F8042B084B9A6101317E
S2140072B00822DA60064BE4E70021F2E70020704778
S2140072C06FF0020070476FF00100704700000E403C
S2140072D0809698002DE9F04780460E46254B196C9F
S2140072E01FFA81F941F671311964234948684968E3
S2140072F0996841F001019960970800231D4614E043
S2140073001C498A6822F001028A60B9F1000F2DD06C
S2140073100A460021116429E051463046FFF7ACFFCB
S2140073200346C0B9554406EB8A06BD4213D208EBA5
S21400733085042046FFF782FF03460028E0D1C4F309
S2140073400A04C4F50064A308A7EB050ABAEB940F79
S214007350E2D39A46E0E707498A6822F001028A608B
S214007360B9F1000F02D00A46002111641846BDE8A4
S214007370F08700BF00000E4000300E4010B42B4BCC
S214007380196C89B241F671321A64294A54685268F7
S2140073909A6842F001029A6018610122DA60DB699D
S2140073A013F0040F0BD1214B0222DA60214B1F4A47
S2140073B0D26912F0010F0ED06BB1013BF7E71B4A02
S2140073C0936823F00103936011B1134600221A64F8
S2140073D04FF0FF300DE0154AD26912F0020F0BD1C4
S2140073E0B3B1124A936823F001039360E1B1002021
S2140073F010645DF8044B70470C4A936823F0010351
S214007400936011B1134600221A646FF00100F0E792
S214007410064A936823F00103936011B113460022D5
S2140074201A646FF00200E4E70020E2E700000E4076
S21400743000300E4080969800014B01229A607047FB
S21400744000500E4010B4184B5C68002318460BE042
S214007450B2F5803F21D0154A52F83320224202D09E
S214007460214200D110430133082B19D80F4A02EBF2
S214007470C30251680E4AD2F8E82112F0040FEAD18E
S2140074800A4A52F83320B2F5006F06D0E0D8B2F5BB
S214007490007F02D0B2F5806FDDD141F48071DAE76B
S2140074A05DF8044B704700BF00500E407C4302005E
S2140074B00040E00F4A790B7891F801C043EA8C034C
S2140074C091F802C043EA8C1391F803C043EA0C1308
S2140074D091F804C043EACC2343EA02338A7943EAAC
S2140074E0424304300001014A135070470020044014
S2140074F0014B1860704700BF00008442037813B346
S214007500012342780AB3042213438278FAB1102288
S2140075101343C278EAB120221343027943EA0223D6
S214007520427943EA02338279AAB14FF40042134308
S214007530C27943EA0243027A7AB14FF40032134327
S214007540074A136070470023DBE70022DCE70022CF
S214007550DEE70022E0E70022E9E70022EFE700BFCF
S214007560002004400D4AD2F8E4309B0003F03C03B0
S214007570D2F8E010C1F381110B438370D2F8E030EB
S21400758003F03F034370D2F8E83003F0F003D2F87C
S214007590EC20C2F3031213430370704700FF0FE0A2
S2140075A0024BD3F8F000D3F8F41070470081E00FD8
S2140075B0024BD3F8FC00000E704700BF0081E00FBE
S2140075C0044BD3F8E4301B0E0A3303F01F030120EC
S2140075D0984070470081E00F70B5054616461C4679
S2140075E00846D1B1402C20D01BD804B3202C13D190
S2140075F0082306FB03F2530803EB4013B3FBF2F336
S214007600203B0C4A02EAC3032A6822F060022A6082
S2140076102A6814432C606B6170BD0748FEF798FB20
S214007620E0E7602CF8D10423E3E70623E1E7102324
S214007630DFE700BFF8FF7F004041050038B505468C
S21400764014460B4631B1013B6400B3FBF4F31B0256
S2140076506B6138BD0248FEF77BFB0346F3E700BFCD
S2140076604041050040F6AA63C3600023036041F270
S2140076700502426083604361C364134A8264036602
S21400768043678367C367114B98420BD003F580634B
S214007690984207D003F58063984203D003F58063D1
S2140076A0984201D1002303650023836503F18043DC
S2140076B003F58233984203D003F50063984201D164
S2140076C00023C365704700BFF9FF010000000140BA
S2140076D038B5044619F020FE054DA446BCE80F0058
S2140076E00FC59CE80F0085E80F00002038BD00BFDE
S2140076F03833002047F6FF739A4200F0848006294C
S21400770000F2838070B5444B13F801E0BEF1020F1F
S2140077107DD8424B03EBCE0191F802C0BCF1010FBD
S21400772038BF4FF0010C604613F83E30012B26D0D0
S2140077303A4B03EBCE035C68002C6AD0B4F90030F9
S214007740934204DBB4F90230934200DC1346A2886D
S214007750FF2A2CD000212826C8221D46D21A92FBCA
S214007760F6F20A4412B22D4B03EBCE0393F801E077
S214007770964501DD002A2FDA0EF1FF322CE0CB7899
S214007780A3EB0C0300249C420ED2191BA3EB510161
S214007790224800EBCE00406830F91100904201DC30
S2140077A00C46F0E74B1EEEE76344D8B230E0B4F97F
S2140077B00620B4F908600121CFE75C331849A1FB25
S2140077C003139B09013212B2164696450FDD04EBF1
S2140077D0C201898899420AD304EBC2018B68B1F9C9
S2140077E0061001FB0533002BE7DA0023E5E7013E30
S2140077F004EBC604A2889A4200D31A46624500D318
S2140078001046C0B204E0FF207047002070470020FA
S21400781070BD0020FCE700BFC443020038330020E0
S214007820D34D6210062975D83E4B5B5C022B73D88D
S2140078303D4911F83310012923D0002A6ED010B428
S214007840394901EBC3014C68002C69D0201D36492C
S21400785001EBC301897891422FD2334901EBC30172
S214007860C97891422ED9304901EBC30393F801C081
S2140078700CF1FF3C5FFA8CFCA388FF2B25D000237D
S21400788027E0294901EBC301C978914200D20A4694
S214007890254800EBC300807801282CBF121A02F19D
S2140078A0FF32D2B2091A8A4200DD00221E4901EBDD
S2140078B0C3035B6833F912007047B4F902005DF841
S2140078C0044B7047B4F90000F9E7012301E00133E7
S2140078D0DBB2634504D2591C30F831109142F6D21F
S2140078E04FF47A7101FB02F200EBC3004368D31A2F
S2140078F0B0F9022002EBD27103EB610393FBF2F3C3
S214007900B4F900009842DADBB4F902009842D6DCFB
S21400791018B2D4E7054870470448704704487047D3
S2140079200248CCE7C4430200383300200080FFFF43
S2140079300CFEFFFF08B50348FFF7CAFE012019F04A
S21400794033FD08BDCC43020000487047A820002045
S21400795000487047A020002000B587B000230193A0
S214007960029303930493059302238DF804300D4B82
S214007970029306228DF80C2001238DF80D300C2181
S2140079808DF80E108DF812208DF813300D238DF81B
S214007990143001A94FF0FF3019F0C8FD07B05DF8AC
S2140079A004FB00BF006A1800024B0122C3F8002641
S2140079B0014870470010C84300000F400A4B984229
S2140079C006D003F58063984200D07047012200E09D
S2140079D00022064B03EBC2035A68054B13449B0078
S2140079E000221A60F1E700BF00000F408444020046
S2140079F08005F21000F01F0201239340A0F5062038
S214007A00A0F550604009074951F820201A4341F874
S214007A102020054951F8202022EA030241F82020C0
S214007A20704700BF6C3300205833002000F01F0C56
S214007A30A0F50620A0F5506040090F4951F8203007
S214007A40012202FA0CF2134341F8203000231A46B2
S214007A5004E00A4951F823100A440133042BF8D9EC
S214007A6002B17047042A05D8034B002143F82210C0
S214007A700132F7E7704700BF583300206C33002010
S214007A8000F01F0CA0F50620A0F55060400905493F
S214007A9051F82030012202FA0CF2534041F820300F
S214007AA0704700BF6C3300202DE9F041A2B040249F
S214007AB02246002112A81AF0BBFA2246002102A88C
S214007AC01AF0B6FA214F23E0DFF88C8029E022ABCB
S214007AD003EB840353F8400CFFF78CFF0134AC42F1
S214007AE0F5D3CDF800803B46102202A9184800685E
S214007AF019F02EF90546002407E022AB03EB8403B9
S214007B0053F8800CFFF792FF0134AC42F5D33746AA
S214007B10104B9F4213D807F110060F4B9E42D3D846
S214007B20B04608F1FF38CDF800803B46102212A977
S214007B300748006819F003F905460024CFE7074B0D
S214007B4001221A7022B0BDE8F08100BF006D080067
S214007B5098200020FF700800007108001D4F0020CC
S214007B602DE9F04184B006460D461C4617460AB17C
S214007B70002313600CB1002323601023009300231E
S214007B802A463146114800680BF0C6FF8046C8B941
S214007B900FB110233B602A680D4B9A4210D18FB16B
S214007BA084B1234603AA3146084800680CF0D8F88A
S214007BB020B923683A689B1A236003E0804601E0F8
S214007BC0DFF81080404604B0BDE8F0819820002021
S214007BD0105D175EFFDF00F02DE9F047804689460E
S214007BE017461E4615F0CCFE524CA4FB0034E408A3
S214007BF004EBC414041B04F5062404F550644E4B31
S214007C001B7813B10025AA464EE0FDF7F5FD0028C7
S214007C107DD1FFF749FFF5E7BAF1000F00D1A24684
S214007C20A4F50624A4F6FF44424BA3FB0423DB087A
S214007C3003EBC313E31A03F5062404F5506432E09D
S214007C400A9B1C6000204FE0099B089A314620469C
S214007C50FFF786FF394B984209D01233984206D078
S214007C6060B1374B984209D06FF091003CE0214656
S214007C70344B18680CF0B8F800284ED1B268F36898
S214007C804B4508BF424531D0A4F50624A4F6FF4470
S214007C90284BA3FB0423DB0803EBC313E31A03F50B
S214007CA0062404F550640135802D27D8A4F5062C4B
S214007CB0ACF5506C4FEA5C1C234B53F82C3004F0A8
S214007CC01F02D34013F0010FBED1204B53F82C30C7
S214007CD0D34013F0010F9FD1E7B1BAF1000FAFD038
S214007CE00A9BC3F800A00020BDE8F08717B17368B0
S214007CF0012B15D00A9B1C600020F5E79FB1BAF156
S214007D00000F13D00A9BC3F800A00020ECE76FF02A
S214007D109100E9E76FF08B00E6E76FF08B00E3E792
S214007D206FF08400E0E76FF08B00DDE76FF08B000C
S214007D30DAE700BF813FE00F1D4F0020FFDF00F0B5
S214007D40FEDF00F0982000206C330020583300201F
S214007D502DE9F04F87B006460D469846DDF840A060
S214007D6091462AB1002B52D040F26C739A4251D8F9
S214007D70BAF1010F51D80023059309F110073946CF
S214007D80012017F0BDF90446002849D03A460021E4
S214007D901AF04EF905AB0293002301930093234695
S214007DA0012230462946FFF717FF8346F0B91E4BDF
S214007DB02360A660E560C4F804A0B9F1000F1BD1EB
S214007DC03B4622460599194800680BF00DFED0B1D7
S214007DD06FF0910B3A46002120461AF029F920460A
S214007DE017F09EF9584607B0BDE8F08F10F18C0FDB
S214007DF0F0D16FF08D0BEDE74A46414604F11000D6
S214007E001AF04FF8DCE70598FFF7F4FDE2E76FF0AD
S214007E10860BE7E76FF0910BE4E76FF0850BE1E781
S214007E206FF08C0BDEE700BF105D175E9820002019
S214007E302DE9F0418CB01446129D139F1E4663B187
S214007E40002F44D0002D45D0B5F1005F45D3C3F1D7
S214007E50005303F580239D4242D8002208920992DF
S214007E600A920B920792069205AB029307AB019318
S214007E7006AB009308ABFFF7AFFE8046D8B9079B6A
S214007E8036B1A34206D8E3B924B16FF0860812E0F3
S214007E90A34219D31B1BB34211D23B603B6800932D
S214007EA0069B23442A4605990F4800680BF034FECB
S214007EB008B16FF0910840460CB0BDE8F0813E6016
S214007EC0ECE76FF08608F6E76FF08608F3E76FF0EA
S214007ED08608F0E76FF08608EDE76FF08608EAE7B9
S214007EE06FF08608E7E700BF9820002010B58CB03A
S214007EF00022089209920A920B920792069205AB0C
S214007F00029307AB019306AB009308ABFFF764FE42
S214007F10044670B9099B012B0ED00599094B1868C9
S214007F200BF062FF58B90598FFF7AAFD0598FFF712
S214007F307DFD20460CB010BD6FF08404F9E76FF0AD
S214007F409104F6E798200020074B5B685BB182B08F
S214007F50054BD3F800310193019B034B5B68002B64
S214007F60F6D102B07047704700D00140144B5B68F2
S214007F7010F0030F06D018E0114BD3F8003140F88C
S214007F80043B04390329F7D8C1B10D4BD3F80031AF
S214007F9012E00B4BD3F8003103701A0A42701A0C29
S214007FA082701B0EC370043904300329F1D8EBE746
S214007FB000F8013B1B0A01390029F9D1704700BFC0
S214007FC000D0014010B5002403E0124B5B68FBB9FB
S214007FD00134092C14D80F4A136843F480711160D9
S214007FE023F4807313600C48FDF7B2FE800A00236A
S214007FF0084A5268002AE8D18342E6D20133F7E7FE
S214008000044A136823F0010313606FF0920010BD5A
S2140080100020FCE700D001407000020008B50D4BC0
S21400802040F271621A60FFF7CDFF90B9094B5B68AA
S214008030032BFBD9074BD3F800211A61D3F8002194
S2140080405A61D3F800219A61D3F80021DA61FFF76C
S214008050B9FF08BD00D0014010B50E4B1C6B14F4E0
S2140080605C7F11D014F4807F06D1FFF7ABFF10B908
S21400807014F41C7F0AD110BD24F480741C63FFF72F
S21400808063FF6FF09300F6E70020F4E76FF09300CD
S214008090F1E700BF00D001402DE9F04F83B001901A
S2140080A00F46914615F09BFC0446002856D1344AEC
S2140080B0D2F8C03043F40033C2F8C030314B1B68EE
S2140080C013F0010F07D0DDF804A03E464FF0000B7A
S2140080D04FF00A082BE0FFF7A1FF04460028F2D075
S2140080E03CE02948FDF734FEC00A844204D2254B02
S2140080F05B680BB90134F8E7224B5B68E3B9D846F6
S21400810037466FF0930423E0DDF804A03E464FF0B8
S214008110000B0CE01B4B5D68AD00B54228BF354632
S21400812029465046FFF722FFAA44AB44761BCEB141
S214008130144B5C68A400D4D0FFF78EFF044610F101
S214008140930F12D010F1940FE4D1B8F10108DBD1EF
S21400815014B114F1940F0BD1C9F80080204603B077
S214008160BDE8F08FD8463746F2E7D8463746EFE701
S2140081703A460021019819F05BFF4FF00008EBE744
S21400818000400E4000D00140700002002DE9F04F84
S2140081908FB0049005919346DDF868A0DDF86C90EA
S2140081A01C464BB11B68009300250A950B950C9551
S2140081B00D955746A246AEE000230093F4E7FFF77E
S2140081C0F3FB0446002343604FF44043036015F07E
S2140081D0ABF90646059B102B19D0102204992046B1
S2140081E015F051FA04F1840301931899184615F016
S2140081F0F4F9304615F09CF9ABEB05031B09DDF8E6
S2140082000080CDF808B0CDF80CA09A460CE0082205
S214008210E4E70AA904F1800015F0FDF9304615F0F0
S21400822087F9103508F10108D04520D215F07CF901
S2140082300646464B2365236913F0010FFBD17919D7
S21400824004F1A00015F0C9F90F2DE2D9A5F1100B25
S21400825009EB0B0E0DF1280CBCE80F0049F80B00DB
S214008260CEF80410CEF80820CEF80C30D1E7DDF8B2
S21400827008B0DDF80CA07B1906AE785959689A68E4
S214008280DB680FC60F2D34D9A5F1100E09EB0E0CC6
S2140082900FCE49F80E00CCF80410CCF80820CCF825
S2140082A00C30009EDDF864800DE006F138036B4468
S2140082B013F8203C18F80620534009F8053001361C
S2140082C006F00F0601355D4517D0002EEDD115F0EE
S2140082D02BF900901D4B2365236913F0010FFBD18A
S2140082E0414604F1800015F096F9009815F020F943
S2140082F0DBE7009EDDF86480E5E7009615F014F9EC
S21400830006461899019815F086F9304615F010F9CA
S2140083102046FFF753FB5D450FD2009900293FF436
S2140083204EAF7B5D199A525C534009F805304E1CDF
S21400833006F00F0300930135EDE7544614B1009B99
S214008340CAF8003000200FB0BDE8F08F48050301E2
S2140083502DE9F0458DB0DDF85880179F189E00294E
S21400836000F0E18005461C468A46002A00F0DE80C2
S214008370B8F1000F16D0D6B11A9B002B00F0D980AA
S214008380734B9C4220D018D9724B9C421CD003F5EC
S21400839080739C4218D0A3F500739C4214D06FF0F3
S2140083A0850040E0002FE6D06FF086003BE0199B8A
S2140083B0002BE1D06FF0860035E0674B9C4203D07F
S2140083C003F540739C4231D12B88B3F5105F40F023
S2140083D0B3806B88B2EBD30FC0F0B180802B03D094
S2140083E0B3F5807F40F0AE803FB3B0450DD208EBCA
S2140083F00703B34209D9199B9F4200F2A6803A466A
S2140084004146304619F0FAFDB0466D88ED08504BEF
S2140084109C4233D003F540739C422FD04F4B9C4276
S2140084200FD06FF085000DB0BDE8F085A3F5806332
S2140084309C42C9D06FF08500F5E700201A9B1860B3
S214008440F1E7199B9F4257D817F00F0457D16FF0EA
S2140084509203BC420CD23319009308EB04030122AA
S2140084602946504615F0BDFA034618B91034F0E711
S2140084701A9A1760002B4BD10020D4E7199B9F4215
S21400848040D8374B9C421AD0159B102B3DD108ACD8
S214008490149B186859689A68DB680FC40396CDF871
S2140084A0088004AB019308AB009300233A462946A4
S2140084B05046FFF76BFE58BB1A9B1F60DCE7159B08
S2140084C00D2B02D06FF08600ADE701238DF820302B
S2140084D0149A106851689268CDF82100CDF82510DE
S2140084E0CDF82920149A127B8DF82D2000228DF8C5
S2140084F02E208DF82F30D1E76FF0860093E76FF0CF
S214008500860090E76FF086008DE76FF086008AE7BA
S214008510199A0021304619F08BFD00231A9A136031
S2140085206FF092007FE76FF086007CE76FF08600C2
S21400853079E76FF0860076E76FF0850073E76FF0F7
S214008540850070E76FF085006DE76FF086006AE7DC
S2140085500010C0040012C00400414004004440045F
S2140085600013C0042D2822D8DFE800F017212121AF
S21400857021212121212121212121212121212121E6
S214008580212121212121212121211B2121232121DA
S21400859021211D212121211F211907487047074845
S2140085A070470748704707487047074870470748AE
S2140085B070470748704700BF34460200BC440200BC
S2140085C0D0440200F8440200104502003045020084
S2140085D09444020010B504464FF42F72002119F09F
S2140085E027FD8023C4F88C30054BC4F88430012363
S2140085F084F8883004F19C0014F095FE10BD00BF8E
S2140086004045020010B503460846D3F8A0202AB11C
S214008610D3F8A41090470024204610BD184615F045
S214008620EFFC04460028F7D0FFF79CFF01460248FF
S21400863015F050FEF0E700BF242702002DE9F041B8
S21400864090F880601EB100263046BDE8F0810546F1
S21400865015F029FA0028F7D1012385F8803095F81F
S21400866088300BB9B0461BE0002385F88830D5F873
S21400867084101F4815F02EFEF4E715F00FFE044692
S21400868017E0284615F00CFA3946284600F0E4FBB9
S214008690064601E04FF00108B4F1FF3F12D08EB954
S2140086A0D5F8B442B4F1FF3FE7D04FF0FF33C5F83A
S2140086B0B432B4F1FF3FEDD014F0FF07E1D14FF034
S2140086C00108E9E726B9002385F880304646BBE76F
S2140086D0284615F0FAF995F88830002BF3D0D5F82F
S2140086E08410034815F0F6FD002385F88830EAE785
S2140086F044450200F8B506460D4617460B78302B63
S2140087000DD04FF0000C15F80C30002B4AD0364C2C
S214008710E35C13F0040F65D00CF1010CF3E74B7823
S214008720782B04D0582B0CD04FF0000CEBE702222D
S214008730AB5C43B12C49CB5C13F0440F50D00132F4
S214008740F6E70222F4E7724206F0030302F00302A1
S21400875058BF5342032B16D1284619F0C2FB0238E5
S214008760013608D4B310B0EBA60F06D09842ACBFC3
S2140087700020012037E00336F4E7A87837288CBFBE
S214008780002001202FE0284619F0ABFB831E32465E
S214008790002E05DBB3EBA20FD4BF0120002022E0A1
S2140087A0F21CF7E70A220021284613F06BF902466E
S2140087B00C46202E10D027B1084302D0013A61F1B2
S2140087C000040123B340013B1340002C08BF934232
S2140087D00CBF0120002006E0B1FA81F0400902E05B
S2140087E0002000E00020F8BD436D020003787B2BDC
S2140087F01CD14FF0000C0122835C7D2B0ED00E495D
S214008800C95C11F0440F03D00CF1010C0132F3E700
S214008810202B01D0002070470132EDE7104443784A
S21400882033B91CF0010F05D10120704700207047B6
S2140088300020704700207047436D0200212816D89C
S21400884021283AD8DFE800F0113B191B1D1F212311
S21400885039393939393939392527292B2D2F3133EB
S2140088603939393939393939353718487047FE2892
S21400887027D0FF2827D11648704716487047164855
S214008880704716487047164870471648704716488F
S214008890704716487047164870471648704716487F
S2140088A0704716487047164870471648704716486F
S2140088B0704716487047164870471648704716485F
S2140088C07047164870471348704700BF00460200BE
S2140088D0FC4502005845020060450200684502005B
S2140088E0704502007845020080450200844502007B
S2140088F0904502009C450200A8450200B0450200D3
S214008900BC450200C8450200D4450200DC45020012
S214008910E84502004845020050450200F4450200C2
S21400892070B506460D4619F0DCFA0446304615F0DA
S214008930D1FC03E0034815F0CDFC0134AC42F9D37A
S21400894070BD00BF382702002DE9F84F044602210B
S2140089503248FFF7E5FF1E212068FFF7E1FF636856
S214008960586815F0B7FC2E4815F0B4FC63681A7BFF
S214008970FD2A51D803F10C09D3F808A0504619F087
S214008980B0FA80464FF0FF34002510E02B2015F09B
S21400899095FC36E015F092FC01341AF804001F2806
S2140089A001D04445F6DB1E4815F094FC0135AB4675
S2140089B019F80560FF2E2FD03046FFF73FFF074619
S2140089C0B8F1000F00DD0134202EEFD0134E022147
S2140089D03046FFF7A5FF1E213046FFF7A1FF1148DE
S2140089E015F078FC1049384619F051FA00B90F4FC7
S2140089F039460F4815F06EFCCB449BF80130202B0F
S214008A00C4D00C4815F066FCB8F1000FCBDD1AF8A0
S214008A1004301F2BC7D0C0E7BDE8F88F34460200ED
S214008A20E04802000C460200E84502000846020044
S214008A3044450200104602002DE9F04F93B08146EF
S214008A40069107921C4603931C9E19F04AFA80462C
S214008A500023236033600AAA09A9484615F062FC81
S214008A60002840F0C4800A9819F03BFA2060D9F834
S214008A709C5000231C4605939A460495A7E00024C4
S214008A802AE0013428E0099B013B534551D00F688A
S214008A903468029819F025FA04440134346001E081
S214008AA001333360336819F80320002AF8D00AF13E
S214008AB0010A019C10E0059B013305932A46DDF868
S214008AC01CB05946069D284614F065FC4B4A59468C
S214008AD0284614F060FC013404EB440307EB830BD8
S214008AE057F82330002B37D0099B534534DB9BF8CF
S214008AF00830002BC5D1D9F894203368D21A039BCE
S214008B001A6012AB03EB8A0353F8203C0293DBF89F
S214008B1000502946184619F0D2F901900028DAD1FB
S214008B20284619F0DEF90090DBF804100A7BFE2ACE
S214008B30A9D0D9F8943030681B1A009883420EDC0E
S214008B40069819F0CEF9009B03447B2BB3D92C4A28
S214008B500799069814F01FFC4B4642462CE0FE2A66
S214008B60B9D1099B013B5345B5D10F680094CDF8A8
S214008B7008A0019C059DDDF818A0DDF81CB004EBEC
S214008B80440357F823205AB15946504614F003FCC4
S214008B901A4A5946504614F0FEFB01350134EEE7FA
S214008BA0009CDDF808A00595C6F800800023039A0F
S214008BB01360D1E70133013A002A05DD1978002950
S214008BC0F8D120211970F5E7049B1B680493049BD9
S214008BD07BB1049B9F68002FF6D019F80430202B39
S214008BE07FF44DAF3368013333600134F5E700237B
S214008BF00593059813B0BDE8F08F00BF3827020034
S214008C00144602002DE9F04786B004460F46164685
S214008C101D46DDF83890DDF83C8000238DF81730CF
S214008C202B6089F8003088F800302B6852F8231043
S214008C30164815F05FF940B92B6801332B604FF0EA
S214008C40010AD4F89C40002003E04FF0000AF8E741
S214008C50246894B1A0680028FAD0CDF80C80CDF82E
S214008C600890019500963B460DF11702002115F07D
S214008C7045F99DF81730002BEAD0BAF1000F02D064
S214008C80012388F8003006B0BDE8F0871C460200D5
S214008C9070B5ADF5447D04460021A4917C22A5A8BC
S214008CA019F0C6F9A3AB0093A2AB8022A4A9204674
S214008CB0FFF7C2FE012804D0012840DC0DF5447DF4
S214008CC070BDA4A819F00DF90546A299431AA39AF7
S214008CD00A442244A4A8014404E011F8010B02F857
S214008CE0010B013B002BF8DC00231370D4F89060D6
S214008CF00AE0D4F89010204615F026FAD4F8903002
S214008D000133C4F890300136A29AA39B1344B342B1
S214008D10EFDCD4F89430AD1A2B44C4F89430D4F871
S214008D2090302B44C4F89030A4AB9C1804E014F8A0
S214008D30010B15F0C3FA013D002DF8DCBEE78022DA
S214008D40002102A819F074F94FF40072002122A83D
S214008D5019F06EF90125002300E0013303F5447293
S214008D606A4412F8802C3AB1202AF6D15A1C22A95D
S214008D7041F825200135F0E722AA42F82530A4A8BC
S214008D8019F0AFF8002115E0013222AB53F822307B
S214008D90834209D00B4403F544736B4413F8803CBC
S214008DA06345F1D0002300E0012363B102AB03F872
S214008DB001C001318D4209DB01F544736B4413F8A1
S214008DC080CC0022E1E702AB00225A54D4F890503F
S214008DD00AE0D4F89010204615F0B6F9D4F8903092
S214008DE00133C4F890300135A29BAB42F1DC234638
S214008DF0174AA4A9174815F06DFA02A819F071F8D9
S214008E00A29AA39B1344E11802AB9D18821A0EE0A7
S214008E1015F8013B01F8013BD4F890300133C4F853
S214008E209030D4F894300133C4F89430013A002AD4
S214008E30EEDC00230B70A29C02AB1D19041B04E0A1
S214008E4015F8010B15F03AFA013C002CF8DC35E772
S214008E5040450200244602002DE9F04104460D4636
S214008E60D0F89070D0F8946090F89830012B0AD023
S214008E70012B0ED9022B00F0BC80032B00F0C8801B
S214008E800020BDE8F0810A29F2D1002084F898007D
S214008E90F7E71B2D26D00D2D29D0002384F8983017
S214008EA0082D28D07F2D60D00D2D7ED00A2D7CD0A9
S214008EB0092D00F08780D4F88C30013BB34240F394
S214008EC0DA80B742C0F28380E5550137C4F8907067
S214008ED0D4F894300133C4F89430284615F0EEF9EF
S214008EE00020CEE7022384F898300020C9E701234B
S214008EF084F89830D6E79F4203DDB7420AD0B742DF
S214008F0016DB002F00F0B580C4F89070C4F89460AB
S214008F100020B6E7082015F0D1F9202015F0CEF98C
S214008F20082015F0CBF9013F0023E355013EEBE79F
S214008F3007F1FF38082015F0C1F904EB0805A6EB89
S214008F400802E119284619F059F80023A3552946C6
S214008F504B4815F0BFF9013E354602E015F0F9F82A
S214008F60013D4545FADC4746CEE7002E01DDB74217
S214008F7001DB002085E7E519791CF21B2144284611
S214008F8019F03CF80023A35529463E4815F0A2F9EF
S214008F9003E0082015F092F9013EBE42F9DCD4F851
S214008FA09430013BC4F89430E3E70D2015F086F9C1
S214008FB00A2015F083F90023C4F89030C4F89430E2
S214008FC001205EE72046FFF763FE002059E7781C85
S214008FD004EB0708F21B4146204419F00FF8404600
S214008FE015F078F902E015F0B4F8013EBE42FADA60
S214008FF06AE75B2D04D1032384F89830002040E70D
S214009000002384F8983029462046FFF725FF38E7E6
S214009010002384F89830413D032D2ED8DFE805F074
S21400902002080F1E0121204615F0E8F8002028E768
S2140090304FF0FF31204615F0E1F8002021E7B74257
S21400904001DB00201DE73946204615F07DF8D4F8F0
S21400905090300133C4F89030002012E7002F01DC76
S21400906000200EE7013FC4F8907015F072F800205B
S21400907007E7002005E7002003E7002001E700BF20
S214009080304602003846020000B585B0054BEC4677
S2140090900FCB8CE80F006046FDF76EFE002005B093
S2140090A05DF804FB3C46020010B586B00DF1040CDA
S2140090B0144C0FCCACE80F002368ACF80030124B11
S2140090C0D3F8B43013F4002F08D0104B1B884FF69B
S2140090D0FF72934207D140F2431304E00A4BD3F8E1
S2140090E0B830C3F30803ADF80A300948FBF79CFC18
S2140090F001A8FDF7F5F83220FCF712FF002006B0B5
S21400910010BD00BF4C4602000081E00F0001E00FDA
S21400911000F0490200B583B0074B1B68019320237B
S2140091208DF8043001A8FDF719F93220FCF7F2FE9D
S214009130002003B05DF804FB604602006FF00403F5
S21400914007E003F00F010A4A0A44A0211176013312
S2140091505BB2322B09DC002BF3DB03F1604202F535
S2140091606142A02182F80013F1E70020704700BF9B
S214009170FCEC00E010B5044614F0D6F9024B1C6077
S21400918014F0D6F9002010BD8833002010B514F076
S214009190CBF9034B1C6814F0CBF9204610BD00BF7A
S2140091A08833002038B50C461546014640B12B469C
S2140091B02246064803F0FAF9002805DD002038BDEF
S2140091C0FFF7E4FF0146F2E73720F8E7C5E40100C1
S2140091D008B5044B1868002302221946806812F06E
S2140091E0FDFD08BD44210020002807DB00F01F021B
S2140091F0400901239340024A42F82030704700BFDE
S21400920000E100E000280CDB00F01F02400901230B
S21400921093402030034A42F82030BFF34F8FBFF30D
S2140092206F8F704700E100E010B586B01446137AE1
S21400923003EB43031B0103F1804303F56223D3F8DA
S2140092409420E16823690B449A4216D061699142E2
S21400925015D38B1AABB90123637694F82D304BB136
S214009260002384F83530E369132120469847636A63
S21400927020469847002006B010BD0A46E6E79B1A2F
S214009280E8E7049405490391002102910193012324
S21400929000936368216814F0D8F8EBE72992000081
S2140092A038B504460568FFF771FF844233D095F958
S2140092B03630002B08DB03F01F015B0901228A40D1
S2140092C06033174941F8232095F93600FFF79AFFD7
S2140092D095F93730002B08DB03F01F015B090122EC
S2140092E08A4060330E4941F8232095F93700FFF78E
S2140092F089FF287AFCF73AF9287AFCF799F8FCF700
S21400930071F8002323606360A36023616361AB6A26
S2140093102846984738BD0020FFF72CFFC7E700BF58
S21400932000E100E030B589B0044600234376007AB9
S214009330FCF7DCF8207A00EB40031B0103F18043C6
S21400934003F56223D3F89420E56823692B449A42F8
S21400935019D06369934218D0012323760DF11F01BB
S214009360FCF752F99DF81F3043B30DF11E01207A29
S214009370FCF71CF99DF81E3003BB22460021207A1C
S214009380FFF752FF1AE02A46E3E7002323766561DB
S21400939094F82D3003B12563636A20469847236905
S2140093A00494094A03920022029201930123009337
S2140093B063682A462168207A14F047F8207AFCF77A
S2140093C0B5F809B030BD00BF29920000F0B587B0EF
S2140093D006460C4615461F4640220021204618F039
S2140093E027FE95E8030084E8030000232376EB6855
S2140093F0E3602A69226163612A7D84F82C20AA7DB5
S21400940084F82D202363012384F8343084F8353023
S214009410E7610C9B23620D9B63620E9BA36295F92A
S214009420083084F8363095F9093084F837303460DF
S214009430374B7360374BB360374B3361374B7361D1
S214009440374BF360FCF71EF810B1364A904259D1FC
S214009450002104F10800FBF793FF002854D1324B9B
S2140094603362012384F83C30304AB261304AF261FC
S2140094709DF8402084F83B209DF83C2084F83A2054
S214009480002284F8392084F83830697D204615F0AB
S214009490AAF995F90930002B08DB03F01F015B09D8
S2140094A001228A406033234941F8232095F90900B8
S2140094B0FFF79AFE236904941F4A03920022029241
S2140094C00193012300936368E2682168207A13F011
S2140094D0BCFF0446D0B995F90830002B08DB03F032
S2140094E01F015B0901228A406033124941F823209C
S2140094F095F90800FFF778FE3046FFF73BFE20465A
S21400950007B0F0BD1024FAE71024F8E71024F6E7B9
S214009510C3E70100DFE601007BE5010081E501000D
S214009520A1920000038000F049E50100E7E7010092
S21400953087E5010000E100E0299200002DE9F041F6
S21400954086B016461C460C9D012304930393584B85
S2140095500293584B0193584B0093584B0A462946A2
S214009560FFF734FF074618B1384606B0BDE8F0816D
S21400957023682B6463686B64637A85F84930237AC2
S21400958085F84830E37A85F84B30A37A85F84A3078
S214009590637B85F84D30237B85F84C30E37B85F87C
S2140095A04F30A37B85F84E3001214548FCF712FA70
S2140095B001214448FCF70EFA01230422617A207A3E
S2140095C0FDF7A4FC01230222E17AA07AFDF79EFCB7
S2140095D001216068FCF7FEF94FF0000886F800806D
S2140095E03146206814F0C7F82268536F43F003032F
S2140095F053672268936F23F4F85323F01F03617CAC
S21400960043EA0123A17C0B439367236803225A672E
S21400961085F85080737E202B31D027D8002B33D08E
S214009620102B21D1012385F850300026002302227A
S214009630617B207BFDF76AFCE27C2368DA672268A0
S214009640536E43F0040353662268536F43F01003CF
S2140096505367DEB92A6CD36C43F00403D364052148
S214009660206814F081F87FE723277DE7302B04D1AC
S214009670032385F850300126D8E7232774E7022312
S21400968085F850300126E4E70026E2E700230422AE
S214009690E17BA07BFDF73AFC2268D36F217D43EA8D
S2140096A00123D3672268536F43F020035367D1E743
S2140096B06DE8010041E801004DE80100FBE801000B
S2140096C04041050000350A00BFF34F8F0549CA68C0
S2140096D002F4E062044B1343CB60BFF34F8F00BF2E
S2140096E0FDE700BF00ED00E00400FA05BFF35F8F62
S2140096F0074B5A6A22F480325A62D3F8942022F03A
S2140097000102C3F89420BFF34F8FBFF36F8F7047EB
S21400971000ED00E070B586B0002305930493FFF7D4
S214009720E5FF4FF0005015F068F936490B68400029
S21400973000F03E0040F0985040F00110324AC2F867
S21400974098304FF00054C2F89C40C2F8A000013395
S2140097500B602E4D2E4CA54213D1BFF35F8F2A4BC4
S2140097600522C3F894205A6A42F480325A62BFF344
S2140097704F8FBFF36F8FBFF34F8FBFF36F8F06B060
S21400978070BD03AB019304AB009305AB2A1B2946BF
S214009790204615F016F90398C208072800D820229C
S2140097A0049B5B1BB3FBF2F3012101FA03F3DBB26C
S2140097B0013BDBB2059E013DAD1BB5FBF2F50D444A
S2140097C0AB40DBB2A41BB4FBF2F401FA04F4013C98
S2140097D0E4B21C4315F011F90A4D2A68430003F061
S2140097E03E0343EA042343F0407343F00113064963
S2140097F0C1F89820C1F89C60C1F8A03001322A60F8
S214009800ABE700BF8C33002000ED00E0082200200C
S214009810F021002070B586B004460D46164600239B
S21400982005930493FFF762FF03AB019304AB009329
S21400983005AB32462946204615F0C3F80398C20801
S214009840072800D82022049B5B1B1344013BB3FB74
S214009850F2F3012101FA03F3DBB2013BDBB2059E12
S214009860AD1B013DB5FBF2F5AB40DBB2A41B1444C7
S214009870013CB4FBF2F401FA04F4013CE4B21C43EC
S214009880FF2C29D015F0B9F8144D2968430003F0D1
S2140098903E0343EA042343F0985343F00113104A6F
S2140098A0C2F89810C2F89C60C2F8A0300131296056
S2140098B0BFF35F8F0523C2F89430536A43F48033B6
S2140098C05362BFF34F8FBFF36F8FBFF34F8FBFF35C
S2140098D06F8F002006B070BD2820FBE78C33002079
S2140098E000ED00E0012000E00130022804D8431E0D
S2140098F0024AD35C002BF7D0C0B27047B8330020C2
S214009900F8B506460F46032903D8DFE801F00A0437
S2140099100608002506E0042504E0102502E04025A0
S21400992000E00125032E05D8DFE806F002070A0D41
S21400993045F002050B4B1C6809E045F00805F9E701
S21400994045F02005F6E745F08005F3E7246844B1C6
S21400995063681A682A42F9D05B68394630469847E9
S214009960F4E7F8BDC0330020134B1B7813B310B5D3
S214009970124B1B785BB9002015F067F868B9104BDE
S21400998001221A700F4B1A780F4B1A7010BD15F083
S2140099905BF80A4B00221A70EDE700F017FB064B47
S2140099A000221A70074C01212078FFF7A9FF012337
S2140099B02370EBE7704700BF234F0020214F0020A5
S2140099C0244F0020274F0020254F002008B50B4BC2
S2140099D01B78024660B101210B4408490B7032B176
S2140099E0074B1B78012B02D9064B1B7813B108BD19
S2140099F0FF21F1E7FFF7B8FFF9E700BFB833002013
S214009A00274F0020244F002010B513F08DFD04468C
S214009A10054B1B782BB9FFF7A7FF204613F088FDF0
S214009A2010BD13F085FDFBE7204F002010B513F0A6
S214009A307BFD0446164B1B78D3B1164B1B782BB90F
S214009A40144B01221A70144B00221A70134B1B7809
S214009A5093B9204613F06CFD012014F0F6FF13F0C6
S214009A6063FD04460B4B1B7863B9094B00221A7042
S214009A70204613F05DFD10BD14F0E6FF074B0022F4
S214009A801A70E6E700F0A2FA024B00221A70ECE722
S214009A90234F0020204F0020244F0020214F00207D
S214009AA010B584B0A0B1831EDBB2012B13D803A976
S214009AB0002000F0AFFC70B91C4B1B68039A9A425A
S214009AC012D80120FFF782FF194B01221A7002E01C
S214009AD0174B1B780BB904B010BD0020FFF776FFBC
S214009AE0134B00221A70F6E7124B1C6800F0B4FA0B
S214009AF00444039B9C4206D30120FFF767FF0C4BF0
S214009B0001221A70E7E700F0D1FA60B9002343F0AB
S214009B100203019300230093074A0399091B074891
S214009B2014F09BFFD7E70423F1E700BF943300202F
S214009B30224F002090330020099A0000983300201E
S214009B4038B513F0F1FC0446134B1B788BB900F0C4
S214009B5093FB0546E0B9AFF30080104813F0E3FB33
S214009B6000F070FF0E4B00221A6000F0B5FC0D4BA3
S214009B70186000F085F914F06AFF0B4B1860064B6E
S214009B8001221A70204613F0D3FC0025284638BD63
S214009B90204613F0CDFCF9E7284F0020C033002004
S214009BA090330020BC3300209433002038B50138B1
S214009BB0144B1B5C0A46A1B101210B4411490B54FE
S214009BC072B1114B1D78012D0AD9FFF78BFE0446A2
S214009BD0012808D9032D09D00B4B1878A0420AD1CA
S214009BE038BDFF21E9E7FFF721FFF5E70228F3D1AB
S214009BF000F040FAF0E72146FFF782FE024B1C70A9
S214009C00EEE700BFB8330020274F002038B50446E3
S214009C10416013F089FC05462146034813F086FB95
S214009C20284613F085FC38BDC0330020014B186869
S214009C30704700BF9033002038B513F075FC05461A
S214009C40094B1B78012B0AD9FFF7F0FF044600F0FA
S214009C5003FA0444284613F06BFC204638BD13F084
S214009C6067FC0024F9E700BF274F0020064B1B685F
S214009C7003FB00F000F5742000F23F20034BA3FB2B
S214009C800030800C704700BFBC33002083DE1B43CF
S214009C9038B514F0C2FE0546AFF3008013F0AFFAF5
S214009CA000283CD1AFF30080284614F0BAFE98E0B6
S214009CB00020FFF78BFE4B4B00221A7033E014F0A7
S214009CC0BEFE3DE02146FFF71BFE41E0464B01226B
S214009CD01A70464B187800F0A5F9454B1B781BB157
S214009CE0444B1A78414B1A70AFF30080284614F0A4
S214009CF098FE14F092FE05463F4B1B7843B13E4B50
S214009D0000221A70394B1B783A4A1078834231D0B9
S214009D103A4800F0EDFA13F085FA002830D0314BBF
S214009D201B78002BC4D1FFF7DDFDFFF7B9FEFFF768
S214009D30D9FD0446012803D92B4B1B78002BBED037
S214009D402A4B1878A04205D0294B1B78002BB9D097
S214009D50264B1C70012CBCD9234B1B78002BB8D18A
S214009D60274B1B78002BB1D114F06DFE254B01223A
S214009D701A70ABE701211D4B1970FFF7C1FDC7E74D
S214009D80194B1B78F3B11A4B00221A701D4B1B7827
S214009D9073B114F059FE1B4B00221A7008E0012024
S214009DA000F040F9284614F03CFE14F036FE054656
S214009DB0002014F04AFE0028F1D000F007F90A4B04
S214009DC000221A700020FFF76BFE084C0021207856
S214009DD0FFF796FD00232370AFF30080284614F0AB
S214009DE020FE38BD224F0020234F0020274F0020A2
S214009DF0244F0020254F00201E4F002098330020BF
S214009E00264F0020214F002010B513F08DFB054B88
S214009E101C7800221A7013F08BFB00F013FD204311
S214009E20C0B210BD1F4F0020134B1B78834222D0B8
S214009E3010B582B0044600238DF804308DF8053046
S214009E4010B902238DF8053001A8FCF7B1FC54B117
S214009E501E20FFF70BFF094A13681B1A1360064BF8
S214009E601C7002B010BD1E20FFF700FF034A1368E7
S214009E7003441360F3E77047DB210020C83300205B
S214009E8030B583B0394C636A636A00258DF8045098
S214009E9001A8FCF7B5FD2846FFF7C6FFD4F89030BA
S214009EA0C3F38003324A1370D4F89020C2F3003212
S214009EB030490A70D3B92F4B1B78F3B92E4B1B6869
S214009EC0C3F3032301209840C0F1010000EB80009B
S214009ED06430FFF7CBFE294A136803441360234B14
S214009EE0D3F89020264B1A6003B030BD4FF416709E
S214009EF0FFF7BCFE234B1860DDE71120FBF728FFB9
S214009F001A4BD3F80031C3F3042303FB0002002AE4
S214009F10D4D0164B5B6CC3F30B43013303EB8303C4
S214009F20D90E5801C01A61F10001490241EAD05128
S214009F304002C01841F100018D0145EA9065840198
S214009F40201A65EB0101C01841F10001531EC0182C
S214009F504FF0000341F1000111F072FAFFF786FEA0
S214009F60064A136803441360A8E700BF00400E408B
S214009F702B4F0020294F002000200440C83300202B
S214009F80C4330020D033002008B50D4B1B7803B92E
S214009F9008BD022000F020FD0028F9D000F06CFA81
S214009FA00028F5D0002201210220FCF785F814F0E5
S214009FB099FD044B1860044B01221A70E8E700BFB5
S214009FC02B4F0020CC3300202A4F002008B5104B22
S214009FD01B7813B90F4B1B78ABB913F095FB0D4BE1
S214009FE01B787BB10C4BD3F8903013F0080FF9D0E8
S214009FF014F078FD094B1B68C01A094B1860044B17
S21400A00000221A7008BD14F06DFD044B1860E4E7DA
S21400A0102A4F00202B4F002000400E40CC3300205B
S21400A020D033002008B502280BD003280DD0012815
S21400A03000D008BD074A136923F00403136130BF3C
S21400A040F7E70020FCF7C8FBF3E70020FCF700FC6E
S21400A050EFE700BF00ED00E0044B1B680BB103EB1D
S21400A060D303034A10681844704700BFD03300205B
S21400A070C83300200B4AD2F8800145F60E03C2F81A
S21400A0808031094B1B6803F0400103F480730B43D7
S21400A090136610F0010F03D013460022C3F8802188
S21400A0A0704700BF00400E40C4330020014B1878B4
S21400A0B0704700BF2B4F00200E4B1B68002201E0AC
S21400A0C01A469B680BB18342FAD183420ED14AB13D
S21400A0D08368936083685BB15A6941690A445A6130
S21400A0E0002070478268034B1A60F3E7022070472F
S21400A0F000207047DC3300200A4B1B6800220A4908
S21400A1000A7005E0084B01221A70704759690A4424
S21400A110012A06D8D98811F0020FF3D19B68002BCC
S21400A120F4D17047DC3300202D4F002008B500F036
S21400A130D9FB0B4B1B680B4A1268821A03E0521AB3
S21400A140002159619B683BB132B159699142F6D3FF
S21400A150891A59610022F5E7024B186008BD00BF56
S21400A160DC330020D833002070B505460C46C38883
S21400A1702BB16C61134B1B68FBB100210CE0FFF7A1
S21400A1805BFD06468442F4D214F04EFC3446F0E7FB
S21400A190A41A6C6119469B6823B15A69A242F7D982
S21400A1A0002AF5D031B18D60AB6013B15A69121B2D
S21400A1B05A6170BD034A1560F6E7024B1D60002326
S21400A1C0AB60F6E7DC33002010B50B4B1B685B6911
S21400A1D05BB10A4A14681C44022000F08FFB20463C
S21400A1E000F09EFBFFF788FF10BD022000F086FB04
S21400A1F0022000F0E7FBF5E7DC330020D833002030
S21400A20070B504460E4615469DF814200271049A51
S21400A2100260002282600561C360BDF81830C3800A
S21400A220F5B900F05FFB3044A061F6B90023636126
S21400A230E36813B12168204698477DB113F074F99E
S21400A2400646FFF773FF29462046FFF78DFF094BAA
S21400A2501B68A3420BD0304613F06AF9002070BD8D
S21400A26000F040FB2844A061DFE73546E6E7FFF74D
S21400A270ABFFF0E7DC33002010B513F064F90446BA
S21400A280144B1B78DBB9144A1360144A1360144A43
S21400A290138000F0E3FA012000F030FB00F0CAFB68
S21400A2A00246104B186078B100230F4840F2E731A1
S21400A2B011F0C6F80D4B1860064B01221A702046A6
S21400A2C013F047F9002010BD204613F042F9232072
S21400A2D0F9E700BF2E4F0020DC330020D8330020E3
S21400A2E0524E0020E033002018FCFFFFD43300203D
S21400A2F070B540B3054613F017F90446FFF716FF8E
S21400A300124B1B68AB420CD000262846FFF7D4FE43
S21400A310054640B95EB10D4B1B6843B1FFF754FFCD
S21400A32008E00126F1E7204613F002F905E0074BA6
S21400A3301B6823B1204613F0FBF8284670BD0220A8
S21400A34000F022FBF6E72225F7E700BFDC3300200B
S21400A350B8B138B50C460546A9B100230B7013F00A
S21400A360F2F80A4B1B6801E0012222702BB122781A
S21400A3701AB9AB42F8D09B68F8E713F0EAF8002069
S21400A38038BD222070472220FAE700BFDC330020C9
S21400A390002836D070B50C460546002933D013F099
S21400A3A0D2F80646FFF7C2FE6B692360174B1B68A0
S21400A3B004E0226859690A4422609B68AB4201D0D7
S21400A3C0002BF6D1AB420ED1256800F08BFA104B6D
S21400A3D01B68C01A85420BD800232360304613F052
S21400A3E0B8F8002070BD304613F0B3F80320F9E744
S21400A3F000F078FA064B1B6822681B1A1344236089
S21400A400ECE7222070472220ECE700BFDC33002078
S21400A410D8330020F8B504460F4613F094F80646E5
S21400A420134B1B68002507E000F05CFA114B1B6815
S21400A4301B1A2B4410E09B68A3B15A691544DA88AE
S21400A440A24201D0FF2CF6D100F04CFA094B1B6853
S21400A450C01AA842E8D300233B60304613F079F8D0
S21400A4600020F8BD304613F074F81B20F9E700BF53
S21400A470DC330020D833002010B5074B1C780CB90D
S21400A480204610BD14F02EFB044B1B689B69C01AB7
S21400A4900228F5D90024F3E72D4F0020DC330020F6
S21400A4A070B513F050F8064600F01CFA0446094B47
S21400A4B01D88ADB2012000F08FFA28B9304613F09F
S21400A4C048F82046294670BD00F00CFA04460135CF
S21400A4D0F4E700BF524E0020014B1868704700BFDB
S21400A4E0E033002008B5084B1968A1FB000140F2D4
S21400A4F0E733C0184FF47A724FF0000341F10001C1
S21400A50010F09EFF08BD00BFE03300200C4B1B6818
S21400A510834213D310B50C460A4B1968A1FB000101
S21400A52040F2E733C0184FF47A724FF0000341F15F
S21400A530000110F085FF2060002010BD212070472C
S21400A540D4330020E033002090B3F0B587B00F4638
S21400A55014461D46064605A93846FFF7D7FF10BB2A
S21400A560FFF7BAFF07FB00F1124BA3FB01239B0981
S21400A5704FF47A7202FB1311511A89B2B1839142D9
S21400A58013D00023F3833046FFF7B2FE0599BDF8DB
S21400A590343002939DF830300193009523460A46E6
S21400A5A03046FFF72DFE07B0F0BD0023B383E8E783
S21400A5B022207047D34D621008B503461D4A106826
S21400A5C000B3421E10421ED1D90E5A01D21A61F1B2
S21400A5D00001890041EA92719200D21841F100030D
S21400A5E0DB0043EA5273D200B0FA80F0C0F11F0CD1
S21400A5F0411CC04322FA0CF203FA01F10A4323FA83
S21400A60000F0104308BDDA0E5901C91A62F10002C3
S21400A610920042EA91728900C91842F100024FEA9C
S21400A620C20C02460023C8004CEA517110F008FF25
S21400A630E8E700BFE03300202D4B83422D4B8B41D3
S21400A64052D370B5844614462B4B1A68002A4DD058
S21400A650501E10402AD14D0145EADC654FEA4C1EDB
S21400A660BEEB0C0E65EB0105AD0045EA9E754FEAA4
S21400A6708E0E1EEB0C0E41EB050C4FEACC0C4CEA92
S21400A6805E7C4FEACE0EB2FA82F2C2F11F05531C70
S21400A690D2432EFA05F10CFA03F319432CFA02F210
S21400A6A011432CFA05F52160656070BD480140EA4B
S21400A6B0DC604FEA4C13B3EB0C0360EB0100800048
S21400A6C040EA93709B0013EB0C0C41EB0001C900B1
S21400A6D0002633464FEACC0041EA5C7110F0B0FE2B
S21400A6E0C4E900013046E0E7212070472120DCE77E
S21400A6F0EFA7C64B37894100E03300202DE9F84329
S21400A700044610F0010F04D114F0020F10D1BDE87A
S21400A710F883494A13889BB201339BB21380FFF734
S21400A72005FD464B1B68002BEED0FFF74DFDEBE713
S21400A73012F009FF0546FFF7F9FC00273E4643E006
S21400A7409B683BB15A692AB921791A799142F7D99F
S21400A7501C46F5E7284612F0FCFE2569002D3AD186
S21400A7600025A8462F46002D46D0236903B3FDB921
S21400A770B8EB0707A38B6BB1E28B13449BB2E38362
S21400A780B3F57A7F06D3A3F57A73E383013FA36913
S21400A790013BA36112F0D7FE054639462046FFF777
S21400A7A0E3FCA36922691344A361284612F0D1FE94
S21400A7B0E7880136E36813B121682046984712F00F
S21400A7C0C2FE0546FFF7B2FC1C4B1C68F4B1636979
S21400A7D0E3B92346B5E7A84600F084F8A369C71A8C
S21400A7E0FA17AF4272F1000204DB22691344A36138
S21400A7F00125B8E70025B6E712F0A5FE81462046FB
S21400A800FFF75AFC484612F0A4FEAEE70C4B0022B7
S21400A8101A70012E06D05CB1FFF7D6FC284612F05F
S21400A82098FE74E717F0020FF5D001221A70F2E7CF
S21400A830022000F0A9F8F1E7524E0020DC33002099
S21400A8402C4F002010B512F07EFE034B1C7812F041
S21400A85080FE204610BD00BF2C4F002010B586B0ED
S21400A8601C4B0DF10C0C93E80700ACE803008CF8C9
S21400A87000200C3393E803000190ADF80810090C93
S21400A8808DF80A1001211448FBF7A4F800248DF86F
S21400A8900C408DF8104003A8FCF730FE8DF80440FD
S21400A8A001A90120FCF706FE0C4A536A23F4FF6355
S21400A8B023F00703536240F2FF7313629460012093
S21400A8C0FCF716FE064B4FF08042C3F880211A6054
S21400A8D006B010BD64460200A00914000020044023
S21400A8E000E100E0014B9868704700BF002004407C
S21400A8F0014B586D704700BF0020044010F0010F58
S21400A9000AD1002310F0020F01D043F00403034ADB
S21400A910516A0B43536270470123F3E7002004405B
S21400A92070B5044612F000FE0646FFF7DBFF05464C
S21400A930FFF7DEFF124B9B6913F0040F04D1431B95
S21400A940032B01D885420CD1631B022B00D8EC1CCC
S21400A950B4F1FF3F38BF013C094B5C650220FFF7AE
S21400A960CDFF304612F0E4FD064B1B783BB1044A9F
S21400A970136D43F002031365024B00221A7070BD7C
S21400A98000200440DC21002010F0010F13D100212C
S21400A99010F0020F09D041F00401084B01221A7092
S21400A9A0074A136D23F003031365054A536A23EA27
S21400A9B00103536270470121EAE700BFDC21002053
S21400A9C00020044010F0020F02D0024B0422DA618D
S21400A9D0704700BF00200440064B9B69012804D046
S21400A9E0022805D1C3F38000704703F001007047CA
S21400A9F0002070470020044010B512F0A4FD044665
S21400AA000B4B9B6913F0010F0FD1002013F0040FBE
S21400AA1001D040F0020003F00703054A1362FFF777
S21400AA206DFE204612F095FD10BD0120EEE700BF3A
S21400AA300020044008B50248FBF78AF908BD00BFAD
S21400AA40A009140008B5064BD3F8883003F00703B6
S21400AA50013B012B00D908BD022014F08DF8FAE75F
S21400AA6000400E4000B583B0044B009300231A4606
S21400AA70194616F064F903B05DF804FBFFFF0F00FB
S21400AA8038B50546082801D8284638BD0024084BA6
S21400AA901868FFF7E7FFA042F6D9082CF4D8054B54
S21400AAA053F82430AB4201D00134F0E72546EBE7FB
S21400AAB098200020104702002DE9F04387B06C4B29
S21400AAC019686C4B186808F0B5FE8146002831D02E
S21400AAD0674C23689A691268596818689047236813
S21400AAE09B699B686846984723689B69DB680220D9
S21400AAF09847002407E093691B69106801FB04006F
S21400AB0098470134E4B25A4B1A6853680199B3FB6C
S21400AB10F1F39C42EFD39369DB6800209847544CCE
S21400AB2023689B695B6898472168524B186808F051
S21400AB3081FE81464FF000083CE0002B2AD14E4BA8
S21400AB409B5D4E4A52F8262029464A48006808F07F
S21400AB504BFF814630BB0134E4B2494B9F5DA742B0
S21400AB6020D9484B53F82650254405AB04AA29465D
S21400AB704048006809F0F4F8434B9842DFD00028BC
S21400AB80E9D1049B002BD8D13B4A915D059A9142AE
S21400AB90D3D1E0E72946374B186809F025F9CEE708
S21400ABA00024DAE7394B9B5D002B31D108F1010810
S21400ABB05FFA88F8B8F1080F45D8B9F1000FF5D15B
S21400ABC04646334B13F80830002BE9D02D4B53F88C
S21400ABD0284005AB04AA21462648006809F0C0F8BC
S21400ABE0294B984209D00028E0D1049B012BDDD0E8
S21400ABF02146204B186809F0F7F8204B53F826300A
S21400AC001A6821461B4B186808F0DAFF8146CDE724
S21400AC107E2FCBD81B4B53F826403C4405AB04AAEA
S21400AC2021461448006809F09BF8174B9842BDD09F
S21400AC302146104B186809F0D7F881460028B5D190
S21400AC400137FFB2E4E7B9FA89F35B09114A1370DA
S21400AC50084B1B681B7C1BB9484607B0BDE8F08351
S21400AC600D4B0E4A4FF48B710D4810F0E3FF00BFFA
S21400AC707820002098200020EC460200784602004B
S21400AC80E0460200104702000BE000F0F846020023
S21400AC90044702002F4F002034470200E847020016
S21400ACA05847020070B50E4615461C46FFF7E8FEEC
S21400ACB0082825D81C4B1B78002B33D01B4B1B5C5D
S21400ACC093B97F2E1AD0F1B2194B53F820002346C1
S21400ACD02A4601441748006808F0D0FE0446C4B16E
S21400ACE0204613F06CFF14E02A46114B53F8201050
S21400ACF0104B186808F0B0FF0446F0E70021E3E7C1
S21400AD00FF2808D92346F2B281B2284614F0DDF9AE
S21400AD100024204670BD084B084A4FF4A671084828
S21400AD2010F088FF0024F4E72F4F002004470200AD
S21400AD301047020098200020B8470200D4470200BF
S21400AD405847020070B50E4615461C46FFF798FE9B
S21400AD50082825D81C4B1B78002B32D01B4B1B5CBD
S21400AD6093B97F2E1AD0F1B2194B53F82000234620
S21400AD702A4601441748006808F036FE0446BCB16F
S21400AD80204613F01CFF13E02A68114B53F82010DE
S21400AD90104B186808F014FF0446F0E70021E3E7BC
S21400ADA0FF2807D92246294680B214F096F90024D7
S21400ADB0204670BD084B094A4FF4C371084810F08E
S21400ADC039FF0024F4E700BF2F4F0020044702009D
S21400ADD01047020098200020B8470200C047020033
S21400ADE05847020010B5FFF74BFE0A4B1B7813B905
S21400ADF00024204610BD0022074B53F82010074BB6
S21400AE00186808F067FF04460028F2D013F0D7FE53
S21400AE10EFE700BF2F4F00201047020098200020C9
S21400AE2010B582B004467F2A14D04BF234608142BB
S21400AE3012D041F2F010814228D001F47040B0F5F3
S21400AE40805F3ED0B0F5005F46D0B0F5405F43D09F
S21400AE5002B010BD0022E8E708237F2241F202017B
S21400AE60684614F032F908222249684617F0B6F808
S21400AE7020B16B4603CB20606160E9E708237F22A0
S21400AE8041F2F011684614F020F9F2E71A4AD2F8B7
S21400AE90F000D2F8F420002104E06054000A013BE0
S21400AEA00131C9B2032907D8002BF6D104E0625459
S21400AEB0120A013B0131C9B20729C9D8002BF6D1C5
S21400AEC0C6E7C1F30B0103FB02111A4601F17E61CE
S21400AED0204616F0E6FFBBE7C1F30B0103FB0211A9
S21400AEE01A4601F17E6101F58041204616F0D9FF31
S21400AEF0AEE700BF604802000081E00F0BB370B5FC
S21400AF000D4614461E464BF23463984211D1082E65
S21400AF1000D9082633467F2241F202012046FFF779
S21400AF207FFF32460949204617F058F858B941F2D3
S21400AF30F0103346EAB281B22046FFF771FF0020D8
S21400AF4070BD212070470020FAE700BF604802006D
S21400AF502DE9F04104460F46154610F0010F16D1B4
S21400AF6015F0010F19D104F47043B3F5805F1AD0C1
S21400AF70B3F5005F02D0B3F5405F27D1C4F30B04EE
S21400AF8004F17E6606F58046B046002428E040F2CE
S21400AF90D311224800F0D2FAE2E74FF4EA711F48D4
S21400AFA000F0CCFADFE7C4F30B0404F17E66B0468B
S21400AFB0B6F17E6F04D3AB19013B194A9342E4D92C
S21400AFC040F2D911154800F0B9FADEE74FF4F071F7
S21400AFD0124800F0B3FA6FF00F080026D5E70134E8
S21400AFE0AC4209D218F80430FF2BF8D04FF4F571B4
S21400AFF00A4800F0A3FAF2E715B90020BDE8F08190
S21400B0006A083946304613F0F6FD0028F5D04FF4AE
S21400B0100271024800F092FAEFE700BFF84702001C
S21400B020FF07E00F10B50446F9F7E6FC0C4BA3FB50
S21400B0300023B0F57A7F0FD39B090A4AB2FBF3F2DE
S21400B040094B984208D84FF47A7304FB03F3B3FB1A
S21400B050F2F39808032B00D810BDF5F759F8FBE774
S21400B060D34D621040420F00E7CD9A3B08B5FCF77F
S21400B070E9F9094B1860FCF7DFF90120074B186166
S21400B08003F05AFE13F0F2FF00B908BD4F22044940
S21400B090044801F065FAFEE7E433002000300E4075
S21400B0A06C480200D048020008B5084803F0D2FDFC
S21400B0B0074B18700021074BB3F9000013F0A6FFEA
S21400B0C012F010F8F7F73EFD08BD00BF0839020081
S21400B0D0304F0020584E002008B5F8F7D7F912F088
S21400B0E007F8024B187803F09AFD08BD304F002091
S21400B0F008B507490748FEF789FD022013F0EEFD64
S21400B100012013F0EBFD044B01221A7008BD00BFAE
S21400B110B020002008340020314F002030B583B026
S21400B12012F009FA13F07AFF68B9344B1B78002B3B
S21400B13032D0324B1B78002B35D19922304931481A
S21400B14001F00EFAFEE713F06DFF90B14FF0FF31FD
S21400B1502D4803F033FD044604280ED8274B1B78F1
S21400B160002BE6D1012013F0B9FD244B01221A7002
S21400B170DFE703F01FFA0146EAE7204B1B7823B906
S21400B180002CD6D012F0DBF918E0012013F0B3FD46
S21400B1901A4B00221A70F3E7012013F09FFD174B9D
S21400B1A001221A70C5E7002013F058FF0146164822
S21400B1B003F004FD044612F0C2F9DCB10F4B187818
S21400B1C0214680F0010013F07AFD054698B194B14F
S21400B1D0B4F1FF3F0FD00023019300930B4A2146A2
S21400B1E00B4813F095FD30B1AB220549054801F038
S21400B1F0B7F9FEE70025284603B030BD314F0020E2
S21400B200E4480200D048020008390200C3EC0100FE
S21400B210E8330020034B9B88834214BF00200120A4
S21400B220704700BF1034002008B5002206490A7097
S21400B23006490A70064A917918B91268F8F71CFB95
S21400B24008BD0022FAE700BF324F0020203400205D
S21400B25010340020F8B5458883685F782E4B1B783D
S21400B2602BB12846FFF7D6FF00284FD0F8BD04467E
S21400B2702A4EB360B580B77181680231012004F0B0
S21400B280FDFD0246334643F8080BB179B088F8F75F
S21400B29067FAE8B1A3681B7813F0100F21D01F4B94
S21400B2A09B681F4AA2FB03239B091E4A13601B4B85
S21400B2B09A681B689A421AD2174B01221A70194BC9
S21400B2C01A68EAB101233946284613F0C9FDCDE7CE
S21400B2D003223946284613F0DEFD0820FFF7A4FFB8
S21400B2E0C4E700230F4A13600C4A9360DFE702228C
S21400B2F03946284613F0CFFD0620FFF795FFB5E741
S21400B30001223946284613F0C6FDAFE70322394628
S21400B310284613F0C0FDA9E7324F00201034002065
S21400B320ABAAAAAA1C34002008B50C4B1A680C4815
S21400B330A0FB02305AB18009094BA3FB02139B09FC
S21400B34003EB430359018A4200D0013008BDA8220E
S21400B3500449054801F004F9FEE700BF1034002058
S21400B360ABAAAAAA48490200D04802002DE9F04339
S21400B37083B005464788816891F801800231012034
S21400B38004F07CFDAB79063B00EB40094FEA491917
S21400B39059FA83F35C1E304B1B7813B10646012B1B
S21400B3A002D003B0BDE8F0833846FFF733FF18B18C
S21400B3B02A4B9B79434506D00323324641463846FE
S21400B3C013F080FDEDE7264B1B68B3423AD310D04E
S21400B3D0FFF7AAFF0138B0422AD001233246414681
S21400B3E0384613F06FFD4FF4A0511E4803F09FFB44
S21400B3F0D7E71A4B9968494518D9C9B25FFA89F355
S21400B400C91AC9B2154B1B68A34200D85C1EAB68AC
S21400B4108A1D134400934346224649443846F8F7AB
S21400B420CBF90F4A136801331360D1E70021E9E72F
S21400B430002332464146384613F044FD0020FFF70D
S21400B440F3FED0E7052332464146384613F03AFD70
S21400B4500620FFF7E9FEA4E7324F00201034002054
S21400B4601C3400202034002008B5064B00221A7039
S21400B470054B1B78012B00D008BD0520FFF7D4FE36
S21400B480FAE700BF20340020324F002008B5074BF3
S21400B4901B7833B1064B19780902064803F047FBC0
S21400B4A008BD054B19888902F7E700BF334F002017
S21400B4B0DD21002028340020A621002010B513F03E
S21400B4C0C9FD04460F4B00221A7013F08BFD00B91D
S21400B4D010BD13F0B7FD032803D013F0B3FD042806
S21400B4E006D1094B1C60FFF7D1FF13F0CEFDEFE746
S21400B4F013F0A8FD0628F4D013F0A4FD0728E7D122
S21400B500EFE700BF2834002030340020014BDA6912
S21400B5105A62704700200540BFF34F8F0549CA683E
S21400B52002F4E062044B1343CB60BFF34F8F00BFBF
S21400B530FDE700BF00ED00E00400FA0508B502468E
S21400B5400B460349002012F0CAFFFFF7E5FF00BFD5
S21400B550E049020083B2074A13801BB913464BF634
S21400B560EF621A80000C044B188010B94FF6CE22FA
S21400B5701A807047B8210020B621002010B562213D
S21400B580054813F0B2FD044641F20B01034813F0E0
S21400B590ACFD604080B210BDB8210020B62100206E
S21400B5A039B110B504460A46024B1B68002198477D
S21400B5B010BD7047D8200020114B0340B3F1607FC8
S21400B5C00FD0B3F1707F14D101F4E043B3F5005F00
S21400B5D012D1C1F3022101238B40012B06D9002092
S21400B5E07047B1F5885FECD1002070476FF0860099
S21400B5F070476FF0860070476FF08600704700BF98
S21400B6000000C07F8A4200F071812DE9F0410646B5
S21400B6100C46154622F0FF03B64A934214D002F5B4
S21400B6208052934210D0A2F5885293420CD025F453
S21400B630FF7222F00102B2F1062F05D0AE498B420E
S21400B64002D0AE4B9A4221D124F0FF03A94A93427E
S21400B65014D002F58052934210D0A2F5885293423D
S21400B6600CD024F4FF7222F00102B2F1062F05D0AE
S21400B670A1498B4202D0A14B9A4207D114F0FF0396
S21400B68004D043F000739E4A93420ED004F0FE4767
S21400B690B7F1A06F10D0B7F1407F23D0B7F1106F8D
S21400B6A000F00F810020BDE8F08185EA0400FF2845
S21400B6B08CBF00200120F6E705F0FE43B3F1A06F33
S21400B6C0E9D185EA040333F47E13E4D114F4004F81
S21400B6D0E1D0C4F30540C5F30545A8428CBF002061
S21400B6E00120E0E705F0FE43B3F1407FD6D185EABE
S21400B6F0040333F47E18D1D131462046FFF75CFFB1
S21400B700002840F0F58015F47C101ED0C5F30540E7
S21400B7107C4B2B40B3F1607F70D0B3F1707F00F0AC
S21400B720B980C4F3054314F47C1F00F0C58015F4FB
S21400B7307C1F02D1434500F0EB8014F4004FADD0DF
S21400B74083428CBF00200120ADE76E4B2B40B3F147
S21400B750607F0CD0B3F1707FDAD106F4E043B3F526
S21400B760005FD5D1C6F3022301209840D0E7EBB2A4
S21400B77043F00073644A93423CD003F17E43043B9B
S21400B7800F2BC5D801A252F823F000BFF9B700006E
S21400B790F9B7000011B7000011B70000CDB70000E0
S21400B7A0D1B70000D5B70000D9B70000DDB700005C
S21400B7B0E1B7000011B7000011B70000E5B70000C0
S21400B7C0E9B70000EDB70000F1B700001C209FE7C6
S21400B7D020209DE730209BE7402099E71C2097E734
S21400B7E0202095E71C2093E7202091E730208FE764
S21400B7F040208DE710208BE7142089E7EBB243F05A
S21400B8000073414A934251D003F17E43043B0F2B11
S21400B81087D801A252F823F0B3B80000B3B80000EE
S21400B82023B7000023B7000059B800005FB8000037
S21400B83065B800006BB8000071B8000077B800006B
S21400B84023B7000023B700007DB8000083B80000CF
S21400B85089B800008FB800004FF01C0861E74FF071
S21400B86020085EE74FF030085BE74FF0400858E7E7
S21400B8704FF01C0855E74FF0200852E74FF01C0821
S21400B8804FE74FF020084CE74FF0300849E74FF0FD
S21400B890400846E706F4E043B3F5005F7FF441AFA7
S21400B8A0C6F30226012303FA06F83AE74FF010081B
S21400B8B037E74FF0140834E7404514BF0020012056
S21400B8C0F1E624F01F6323F470231BBB05F0FE4350
S21400B8D0B3F1106F01D00020E5E60C48284040F098
S21400B8E01060A04214BF00200120DCE60120704753
S21400B8F00020D8E600030006000900060004000643
S21400B900FF0000020000C07F030000020000FFF6F8
S21400B9100120C8E60020C6E6F8B5002A64D0064630
S21400B9200D46144622F0FF03354A934233D002F503
S21400B930805293422FD0A2F5885293422BD024F403
S21400B940FF7222F00102B2F1062F24D02D498B425D
S21400B95021D0A1F5A0618A421DD004F0FE43B3F1C8
S21400B960407F3BD0B3F1A06F3BD0274B9C4214BF27
S21400B97000230123002B3AD1224671682846FFF7A0
S21400B98041FE0746B0BB2246B1682846FFF73AFE9E
S21400B99090B33846F8BD14F0FF02DED018498B424B
S21400B9A014D001F580518B4210D0A1F588518B42FE
S21400B9B00CD024F4FF7121F00101B1F1062F05D05F
S21400B9C01048834202D0114B9942D5D142F0007202
S21400B9D00D4B9A42D0D16FF08607DAE7C4F3C03336
S21400B9E0C8E7C4F3C033C5E76FF08607D1E76FF04A
S21400B9F08607CEE70027CCE76FF08407C9E700BFCD
S21400BA000003000600090006FF000002000400060E
S21400BA100C4B1B7883B110B582B00C460023019303
S21400BA2001AB0A460146084812F01AF810B9019B05
S21400BA30A34204D102B010BD6FF0880070476FF0CB
S21400BA409300F7E7D8460020DC4600202DE9F043B7
S21400BA509FB01F46DDF8A0800023169301F0FE433A
S21400BA60B3F1806F18D04FF000096FF08605169876
S21400BA7013F0CEFE0446002D40F0AA80002840F0C9
S21400BA80A680B9F1000F40F09C80D8F800304B44F7
S21400BA90C8F8003025469EE00C4616460B464FF486
S21400BAA0807216A913F08DFB0546002840F08680AC
S21400BAB0DDF8589017ADCC46BCE80F000FC59CE8E3
S21400BAC0070085E80700242200210DEB020016F08F
S21400BAD0AFFA09AD0DF15C0CBCE80F000FC59CE891
S21400BAE0070085E80700B9F8003003F4E042B2F535
S21400BAF0005F11D042F20402934232D0384B9C428F
S21400BB0035D04FF00009B9F1000F3BD0279B99457F
S21400BB1030D96FF08905AAE7C3F302224FF0010976
S21400BB2009FA02F9B9F1010FE4D92E4A944212D06B
S21400BB3002F5807294420ED002F5807294420AD0CA
S21400BB40294A944207D0A2F53F42944203D002F518
S21400BB5080729442CED1B9F1100FD4D96FF083051C
S21400BB6085E7224B9C42C9D14FF00C09CBE74FF03A
S21400BB700D09C8E7494612A8FFF74AFF0546002800
S21400BB807FF475AF169B596A9A6A269BA3B103EB9E
S21400BB900900CDF81880279BA3EB090305930490B2
S21400BBA003970296CDF8049012AB0093234609A89B
S21400BBB013F0A7FB05465AE72698EAE74FF0000978
S21400BBC055E74A4612A9269816F06BF95DE7054632
S21400BBD00023C8F8003028461FB0BDE8F08300BF39
S21400BBE00013C0040010C00400FF400400018004DD
S21400BBF008B500F06FF8064B5B7823B90C210448B3
S21400BC00FFF7CEFC08BD034813F0D3FAF6E700BFF3
S21400BC10D8460020DC46002070B5124B1B7813B1C6
S21400BC200024204670BD11F019FF044660B90D4C83
S21400BC300126A670251D284613F0BFFA6670284612
S21400BC4013F0B5FA044610B1FFF7D2FFE9E72B1F51
S21400BC5002225A7000F036F804460028F4D12B1F52
S21400BC601E70DEE7D846002038B504460D4600F1C3
S21400BC7000420532042A09D82C21114B01FB02335D
S21400BC809A68824215D12B60002038BD012113F03E
S21400BC9030FD88B100231A46042A08D82C21084B08
S21400BCA001FB02339968A14201D00132F4E7042A6D
S21400BCB0E9D96FF08B00E8E76FF08700E5E700BF93
S21400BCC0E4460020024B012283F8DC200020704767
S21400BCD0E446002038B500250BE02C23084C03FB77
S21400BCE005440421204613F019FD204613F0D8FB26
S21400BCF00135042DF1D9024B002283F8DC2038BD33
S21400BD00E446002070B504460D46204B93F8DC3020
S21400BD10002B34D00026324600E00132042A0FD829
S21400BD202C211A4B01FB023393F8201049B1002E48
S21400BD30F3D118790028F0D00229EED11E46ECE7A0
S21400BD40002363B1114A9A1A9210114901FB02F2BC
S21400BD5002F10042053A22602B60002070BD4EB111
S21400BD600421304613F0DAFC0028F7D1304613F0F1
S21400BD7097FB3346002BE5D16FF08C0001E06FF0A7
S21400BD80880000232B602360E8E700BFE44600201D
S21400BD90A38B2EBAF0B583B000230B60294B93F823
S21400BDA0DC30002B4AD005460C461746FFF75CFFF2
S21400BDB0064668B93FB1012F0DD10521206813F062
S21400BDC0ADFC064607E0206813F00CFD064602E0D0
S21400BDD010F18C0F02D0304603B0F0BD214601A80A
S21400BDE0FFF790FF06460028F5D123689D6023687C
S21400BDF001225A60206813F0D4FC064660B1042184
S21400BE00206813F08BFC206813F04AFB16F18C0FA9
S21400BE10E1D16FF08706DEE720680C3013F05AFC9D
S21400BE203FB1012FD7D10521206813F077FC0646D5
S21400BE30D1E7206813F0D6FC0646CCE76FF08806FC
S21400BE40C9E700BFE446002008B50822034916F0FB
S21400BE50C5F800B908BD6FF09800FBE7F44902008A
S21400BE6010B586468C460D4C03CC186059600021F0
S21400BE7099605168D9601188198251885982D168B1
S21400BE805961116999615269DA61C3F820C0624646
S21400BE90714603F1240016F004F810BDF4490200C0
S21400BEA02DE9F04F91B0804617460F93894600293A
S21400BEB000F0448300260F9B1878002800F041838A
S21400BEC0252809D0741C3B4632464946C0470F9B7E
S21400BED001330F932646EEE701330F9300251FE04C
S21400BEE045F0010501320F92012318E045F00205E6
S21400BEF001320F92012312E045F0040501320F9241
S21400BF0001230CE045F0080501320F92012306E0FC
S21400BF1045F0100501320F92012300E000234BB3D9
S21400BF200F9A1378203B102BF8D801A151F823F074
S21400BF3005BF00001DBF00001DBF000011BF0000B0
S21400BF401DBF00001DBF00001DBF00001DBF00007C
S21400BF501DBF00001DBF00001DBF0000F9BE000091
S21400BF601DBF0000EDBE00001DBF00001DBF00008D
S21400BF70E1BE00000B930F9B1A78A2F13003DBB2F0
S21400BF80092B18D92A2A1BD0DDF82CB00F9B1A785B
S21400BF902E2A25D00F9A1378683B122B5CD8DFE840
S21400BFA003F0495BAA5B3B5B5B5B5B5B5B5B575B86
S21400BFB05B5B5B5BAF000FA813F0B8FD8346E5E75D
S21400BFC01A9B1A1D1A921B68002B04DB9B460F9BBC
S21400BFD001330F93DAE745F00205C3F1000BF6E7ED
S21400BFE045F480655A1C0F925A78A2F13003DBB2F2
S21400BFF0092B0CD92A2ACDD11A9B1A1D1A921C6815
S21400C00024EAE4730B930F9B01330F93C2E70FA848
S21400C01013F08CFD0B90BDE745F48071531C0F9315
S21400C02053786C2B01D00D4616E045F4407502326D
S21400C0300F9211E045F08001531C0F935378682B44
S21400C04001D00D4608E045F0C00502320F9203E02D
S21400C05045F4807501320F920F9B1878672854D8E4
S21400C060252867D3A0F12503422B63D8DFE813F019
S21400C0705B026200620062006200620062006200B0
S21400C080620062006200620062006200620062009B
S21400C090620062006200620062006200620062008B
S21400C0A0620062006200620062006200620062007B
S21400C0B08201620182016200620062006200620028
S21400C0C0620062006200620062006200620062005B
S21400C0D06200620062006C00620062006200620041
S21400C0E0620062006200620062006C00A9016C00DF
S21400C0F082016201820145F4007501320F92ABE7BE
S21400C10045F4807501320F92A6E7782812D8692880
S21400C11010D3A0F16902D2B20123934049F2410242
S21400C120134211D113F0800F40F0E28113F4806FB8
S21400C13040F07981741C3B4632464946C0470F9B07
S21400C14001330F932646B6E6782809D062283AD0FF
S21400C1506F283AD058283AD025F010050A2300E078
S21400C1601023582835D0692803D0642801D025F03C
S21400C1700C0515F4806F01D025F0010569282BD039
S21400C180642829D015F4007F40F0968015F4807F4F
S21400C19040F0AE8015F0400F00F0BF801A9A111DD7
S21400C1A01A9112780595CDF810B00B990391029369
S21400C1B00023019300923B4632464946404613F020
S21400C1C0A2FD064629E00223CBE70823C9E7102391
S21400C1D0C7E745F02005C6E715F4007F21D115F422
S21400C1E0807F42D115F0400F58D01A9A111D1A912F
S21400C1F0127882EAE271A1EBE2710595CDF810B0F3
S21400C2000B9803900293D20F019200913B46324660
S21400C2104946404613F077FD06460F9B01330F93C1
S21400C22049E61A9A073222F0070202F108011A912B
S21400C230516812680846002913DB0895CDF81CB033
S21400C2400B9C0694049300230593C90F0291009259
S21400C25001903B4632464946404613F09EFD064650
S21400C260DBE7524261EB4100E7E71A9A111D1A918B
S21400C270126882EAE271A1EBE2710595CDF810B082
S21400C2800B9803900293D20F019200913B463246E0
S21400C2904946404613F037FD0646BEE715F0800FC8
S21400C2A005D01A9A111D1A91B2F90020A1E71A9A20
S21400C2B0111D1A9112689CE71A9A073222F007029B
S21400C2C002F108011A910895CDF81CB00B99069159
S21400C2D00021049305910291D2E90023CDE90023C1
S21400C2E03B4632464946404613F057FD064694E71D
S21400C2F01A9A111D1A910595CDF810B00B99039155
S21400C300029300230193136800933B463246494646
S21400C310404613F0F8FC06467FE715F0800F04D081
S21400C3201A9A111D1A9112883CE71A9A111D1A9131
S21400C330126837E746281AD01A9B073323F00703FC
S21400C34003F108021A920495CDF80CB00B9A0292EB
S21400C350D3E90023CDE900233B4632464946404612
S21400C360F4F726F906460F9B01330F93A3E545F035
S21400C3702005E1E7672801D0472801D145F400658C
S21400C380452801D0472801D145F020051A9B0733E0
S21400C39023F0070303F108021A920495CDF80CB0B7
S21400C3A00B9A0292D3E90023CDE900233B4632469E
S21400C3B049464046F3F704FF06460F9B01330F93AA
S21400C3C079E515F002051DD001241A98031D1A936D
S21400C3D006F1010A3B46324649460078C047A5B9F1
S21400C3E00F9B01330F93564665E502F1010A3B4663
S21400C3F049462020C047234652465C1C9B45F4D83D
S21400C4001646E2E701233246F7E7524606E0561C98
S21400C4103B4649462020C0472C463246651CA3456D
S21400C420F5D89246DCE71A9B1A1D1A92D3F800A09C
S21400C4300B9BFBB94FF0FF32534601E001330A462F
S21400C440197811B1511E002AF8D1A3EB0A0315F48E
S21400C45080620C9203D00B9A934228BF134615F0C5
S21400C460020409D00D94CDF838B00B9D32460C9ED0
S21400C4709B461FE00B9ADFE73246264606E0541C32
S21400C4803B4649462020C0472B4622465D1C9B451E
S21400C490F5D834462B460D94CDF838B00B9D0C9E3F
S21400C4A09B4607E01D460AF1010A541C3B464946D6
S21400C4B0C04722469AF8000020B1002EF3D06B1E2B
S21400C4C0002DEFD10D9C16465B46DDF838B054B90A
S21400C4D00F9B01330F93EEE4551C3B464946202044
S21400C4E0C04723462A465C1C9B45F5D81646EFE710
S21400C4F045F021051A9B1A1D1A921B6805950822FD
S21400C50004920B9A03921022029200220192009348
S21400C5103B4632464946404613F0F5FB06460F9B1F
S21400C52001330F93C7E4741C3B4632464946252028
S21400C530C0470F9B01330F932646BCE4DFF81C80F0
S21400C540B8E4BE4208D37A1E3B4649460020C047A0
S21400C550304611B0BDE8F08F3246F5E71DFB01000E
S21400C5600FB400B585B006AA52F8043B03920092B9
S21400C5704FF0FF3202A90448FFF792FC05B05DF8C1
S21400C58004EB04B0704700BF5DFE010000B585B047
S21400C590034600914FF0FF3203A90348FFF780FCE3
S21400C5A005B05DF804FB00BF5DFE010000B585B078
S21400C5B002900391009313464FF0FF3202A90348FE
S21400C5C0FFF76EFC05B05DF804FB00BF1FFB010023
S21400C5D010B58AB004462422002101A815F028FDD3
S21400C5E001A9204612F0B9FFBDF80430B3F5105F7C
S21400C5F010D1BDF80630802B0CD1049B13F4407F7D
S21400C60008D0031E18BF012358002BB9034B1C602B
S21400C6100AB010BDBD20FBE70220F9E7C4470020A2
S21400C620014B002018607047C4470020014B186873
S21400C630704700BFC4470020014B1868704700BF12
S21400C640C44700200B4B0C4A1B8830B514880146A3
S21400C65000209C4200D230BDDA0803F007058A5C51
S21400C6602A41D20748BF421C03F1010348BF90B2DB
S21400C6709BB2EEE7544E0020B421002038B50A4D98
S21400C6802888F4F759FE08B9002038BD074C2088E2
S21400C690F4F752FE0028F7D02888238898422CBF4B
S21400C6A000200120F1E700BF544E0020B4210020F6
S21400C6B010B50C4A0C4C002313700C4A23804FF61E
S21400C6C0FF7104F10C00638023716371A371A36092
S21400C6D011805180FDF70CFE04F12C00BDE81040DF
S21400C6E0FDF706BE54480020C8470020BA210020A7
S21400C6F0194B002210B504461A7081B91748F4F792
S21400C700EFFA05F013F901F0BFFF40B1144B1B78A8
S21400C710042B01D0072B02D1012005F0A4F8002C31
S21400C720104B0CBF032200221A719A79D10707D545
S21400C73022F001029A712046BDE8104012F07EBB3E
S21400C7409B68204698472CB1204612F0FDFABDE8BB
S21400C7501040ADE710BD00BF54480020144800202C
S21400C7603A480020C84700203C4B3D4A1B881288A8
S21400C770B3EB420F2DE9F04106DC3A493A4840F265
S21400C780FF12FFF7EDFEFEE7384C394B61881B8839
S21400C790384E2366002938D133880833C3F3C707D9
S21400C7A0384602F005FF608002F0D8FD3A46FF21C9
S21400C7B0054615F03DFC2846FFF744FF0021A4F887
S21400C7C0640002F0F5FE208002F0C8FD2A4B1B88AC
S21400C7D00022318899421DD22088284E02F0BEFDE4
S21400C7E00021D4F860E0451E0A4643F23907B4F843
S21400C7F06430884603F1FF3CE04501F1010118DB97
S21400C8000AB1C4F860E0BDE8F081084602F0A6FD73
S21400C8100546D0E7D90803F00707695C3941C90720
S21400C82044BF8354013203F1010348BF92B29BB266
S21400C830CFE7A3EB08035A1EBEFBF2F302FB13E39B
S21400C8400B449BB206FB0E7CC25C15F801EF00F8A9
S21400C85003E02A702CF0004E0122C8E7B221002027
S21400C860B0210020684A02008C4A0200C847002017
S21400C870564E0020B4210020544E00206D4EC64176
S21400C88010B5084CA379024613F0040008D1064BF5
S21400C890198805F006FC18B9A37943F00403A371C0
S21400C8A010BD00BFC8470020564E002010B5264CCD
S21400C8B02379022B06D02549254840F24322FFF76C
S21400C8C04FFEFEE794F8663094F8672083B9B4F814
S21400C8D06430013B84F86630531C84F8673094F863
S21400C8E06730052B08D900213320BDE81040FFE64D
S21400C8F0013B84F86630F2E7208830B913491448C3
S21400C90040F25522FFF72CFEFEE702F043FDB4F896
S21400C9106430834206D00D490D4840F25622FFF798
S21400C9201FFEFEE7208802F019FD94F86630C05C12
S21400C93005F004F8074B00225988188805F074FBA8
S21400C94008B10021D1E710BDC8470020684A0200A0
S21400C9508C4A0200BA210020F0B51D4C2379013B19
S21400C960012B87B0054606D91A491B484FF41B729F
S21400C970FFF7F6FDFEE728B10121084607B0BDE83F
S21400C980F040B5E604F14C0004F14C07F4F7C6F9A4
S21400C9900FCF01AE0FC63B68336028468DF80550B2
S21400C9A08DF80C5004F05FFF01A8F4F799F923798D
S21400C9B0022B07D184F8665084F86750FFF776FF9D
S21400C9C007B0F0BDA37943F00803A371F8E700BFF2
S21400C9D0C8470020684A02008C4A020030B585B07D
S21400C9E00446084603A91546FDF790FD38B9CDE97B
S21400C9F00000034603992A46204612F02EF805B09A
S21400CA0030BD174B1B8810B533B91649164840F28F
S21400CA106232FFF7A5FDFEE7144C6279511E01292C
S21400CA2006D91049104840F26332FFF799FDFEE739
S21400CA30012A10D10E4A11880E4AA1EB430104F1D7
S21400CA402C00FFF7CBFF48B10649074840F2673293
S21400CA50FFF786FDFEE70323637110BD0223FBE7A5
S21400CA60B0210020684A02008C4A0200C847002015
S21400CA70B221002003CA000037B5334C94F8683062
S21400CA809BB10023CDE900333049314A098804F1CF
S21400CA900C00FDF759FD30B12E492F4840F22932DF
S21400CAA0FFF75EFDFEE784F86800208802F056FC7B
S21400CAB06379023B012B054606D9264926484FF4E2
S21400CAC04D72FFF74DFDFEE7244B198859B1244AF5
S21400CAD02448FFF783FF68B31E491F484FF44E7281
S21400CAE0FFF73EFDFEE70223637194F86630B4F864
S21400CAF064200133DBB29A4284F8663004BF002318
S21400CB0084F866302379052B04D094F86630E85C08
S21400CB1004F014FF2379042B0ED1A37913F0020F2F
S21400CB2010D00A4B10481988490803B0BDE83040B9
S21400CB3001F0FDBF0123D7E7012B03D1A37913F042
S21400CB40080FEDE703B030BDC8470020B221002033
S21400CB5079CA0000684A02008C4A0200B021002010
S21400CB6003CA0000F447002054480020F8B5374CAC
S21400CB70074620880E4602F0F1FB054604F12C001D
S21400CB80FDF7B6FB04F10C00FDF7B2FB237984F841
S21400CB906670052B24D0E85D04F0D0FE4FF47A735F
S21400CBA0B6FBF3F503FB1566B6F5FA7F05D3284A00
S21400CBB012886B1C934218BF1D46264B1988A94243
S21400CBC01ED9491B0123244A24486371FFF706FF38
S21400CBD010B32349234840F20D32FFF7C1FCFEE7AD
S21400CBE0B4F86430013BDBB20127E85C84F86930B6
S21400CBF084F86A7004F0A2FE3846FFF741FECDE7DF
S21400CC00134B1B88591AA94202D9491B0223DAE79B
S21400CC10AB4213D903236371012384F868300C4BAD
S21400CC20114A19881148491BFFF7D8FE68B10C490C
S21400CC300C4840F21A32FFF793FCFEE70849094811
S21400CC4040F20932FFF78CFCFEE7F8BDC84700202B
S21400CC50B2210020B021002003CA0000F4470020C3
S21400CC60684A02008C4A020079CA0000D4470020B5
S21400CC70144B2DE9F0411D880835C5F3C7050F464E
S21400CC80E1B185421AD8104E0846FFF7DBFC34792E
S21400CC908046ACB9A0B1738823B92146284602F075
S21400CCA087FC7080708802F059FB2A46394615F0DA
S21400CCB0F8F8A6F864802046BDE8F0810224FAE77A
S21400CCC07024F8E7B4210020C847002038B501F0EA
S21400CCD0DBFC10B97024204638BD0D4D2C79002C95
S21400CCE0F8D1FFF7CBFC0028F4D001F08FFE012826
S21400CCF008D1FFF739FD0021052308462B71FFF701
S21400CD0035FFE8E701F082FE0528F2D0E2E700BF33
S21400CD10C8470020F8B5184B1B78063B012B074682
S21400CD200E4602D870252846F8BD144C2579002DED
S21400CD30F8D1FFF7A3FC0028F4D04FF6FF739F420C
S21400CD4018D09E4216D0FFF70FFD0D4B1F805E8059
S21400CD50A37943F00103A37104F10C0002232371AD
S21400CD60FDF7C6FA04F12C00FDF7C2FA054804F0F8
S21400CD70ADFCD8E70225D6E73A480020C847002091
S21400CD80BA21002059C9000008B5044B1B791BB115
S21400CD90FFF78EFC002008BD7020FCE7C847002087
S21400CDA080207047014B188802F0D8BAC847002088
S21400CDB0014B93F866007047C847002007B509483E
S21400CDC001A9FDF7E5FA0198FDF7F6FB064B1B886F
S21400CDD0181A4FF47A73584300F5167003B05DF8CE
S21400CDE004FB00BFD4470020B2210020024B187974
S21400CDF0003818BF01207047C847002010B5044C03
S21400CE00204602F0C3F8A01CBDE8104002F0BEB8F1
S21400CE10C8470020064B1A79033A012A06D85A79E1
S21400CE20022A03D09879C0F380007047012070472B
S21400CE30C847002010B52D4B2D4C00221A702379C0
S21400CE40013B032B4AD8DFE803F01623022F01F03C
S21400CE50D9FB284B1B884FF6FF72934223D0E26E15
S21400CE601344C01AB0F1004F1DD8332011F06CFFE8
S21400CE70BDE810401CE4A37923F008021907A2714C
S21400CE8009D402232371002384F8663084F86730BF
S21400CE90BDE810400AE5184B00225988188805F0AE
S21400CEA0C3F80028EDD110BDA3799A0712D523F058
S21400CEB002030020A371FFF7E3FC104B0B481B880E
S21400CEC04FF47A7253430E4A1188BDE81040591A3F
S21400CED001F02DBE43F00203A371E4E709490A48B6
S21400CEE040F24312FFF73CFBFEE700BF5448002029
S21400CEF0C8470020AA210020BA210020AE21002029
S21400CF00B2210020684A02008C4A0200034B1B79BB
S21400CF10042B01D10120B3E4704700BFC8470020AE
S21400CF200C4B1A79511E012912D818B90A48322119
S21400CF3001F0FDBD012A0AD102221A719A7922F067
S21400CF4008029A71002283F8662083F86720ADE411
S21400CF50704700BFC8470020544800202DE9F04124
S21400CF602A4F9DF81840079D1E463B79013B022B31
S21400CF7049D8274B1A88824245D15B888B4242D1DA
S21400CF80DFF8A080F4F744FEB8F80030B34211D1C1
S21400CF90204B1B884FF47A725343B7F8642005443D
S21400CFA0013AAB4227D301F02DFB2946F86620460E
S21400CFB0FFF7DCFD3B79013B012B08D8B8F80000F1
S21400CFC00021B04214BF34200846FFF791FB124BF5
S21400CFD01B78042B17D0072B15D0B8F80030B342B7
S21400CFE011D10E4B0E481B884FF47A71BDE8F04104
S21400CFF0594301F09CBD013494FBF2F102FB11444D
S21400D000ED1AE4B2CDE7BDE8F08100BFC8470020C6
S21400D010BA210020B22100203A480020AA21002090
S21400D02054480020564E002070B5204CA37923F0BB
S21400D0300403A3712379052B36D1208802F08EF9DC
S21400D04094F86950064655B1013DEDB284F8695032
S21400D050405D04F073FCBDE87040002010E4144A04
S21400D06094F86A3012789A420AD9013384F86A3002
S21400D070B4F86430013BDBB284F86930C05CE8E7A2
S21400D080042323710B4B0C481B884FF47A725343CE
S21400D0900A4A1188591A01F04AFD94F86630F05C85
S21400D0A0BDE8704004F04ABC70BD00BFC847002011
S21400D0B0E1210020AE21002054480020B2210020AB
S21400D0C038B50C4D2B7904460BB9002038BD01F05D
S21400D0D099FAEB6EC01A084B1B884FF47A725343CA
S21400D0E09842F2D3AC60054801242C7104F0EEFAA5
S21400D0F02046EBE7C8470020AC21002059C90000B5
S21400D100802070472DE9F04F87B083460D461046C5
S21400D110002114461E469DF84080BDF84490DDF878
S21400D12048A09DF84C7000F029FE3A4B1A78531E22
S21400D130012B05D9384939486A22FFF711FAFEE76C
S21400D140374B1978FB070DD5884231D2354A03B2E2
S21400D150126803EB830302EB83039B7CD90603D49C
S21400D160382022E0884223D200B200EB8000DFF8AD
S21400D170B4B083000593DBF8003003EB80039A7CA1
S21400D18052071ED5CDE90197CDF800A0434632469A
S21400D1902146284600F038FC38B9059ADBF80030FE
S21400D1A013449A7C42F008029A7407B0BDE8F08FE8
S21400D1B04FF6FF718C422AD0022A13D1E4B900221E
S21400D1C004E04FF6FF72944221D01A893346214676
S21400D1D02846CDE912A7CDE9108907B0BDE8F04F83
S21400D1E003F002B9204601F053F94FF6FF7188426A
S21400D1F00246EBD13720D8E78B45E0D000215846D1
S21400D20000F0BCFD064B1B788342D8D8F2E72246D6
S21400D210DCE700BF3A4800209E4A02008C4A020023
S21400D220DF210020CC20002010B50E4C92B0002349
S21400D230237001F029FA98B10B4B1B78022B0FD103
S21400D2400DF1070102A800F0D3FE9DF8071002A812
S21400D25013F0AAF9054B19682046890201F067FC0D
S21400D26012B010BD4C4800203A480020B8200020DC
S21400D27010B50D4B1B78022B044613D1002012F07C
S21400D280F9FD020601D5E3070CD5FEF777F964230E
S21400D290B0FBF3F202FB1301BDE81040034889B26D
S21400D2A001F045BC10BD00BF3A4800204C480020A5
S21400D2B038B50C4605460021204600F05FFDFF28E5
S21400D2C005D10B490B48DE22FFF74AF9FEE745B1C8
S21400D2D0094B00B21B6800EB800003EB8003DB7C8D
S21400D2E02BB920460021BDE8384000F051BE38BDBD
S21400D2F09E4A02008C4A0200CC20002038B50D461B
S21400D3000021044600F03AFDFF2811D0094A03B276
S21400D310126803EB830302EB83039B7CDA0601D5DA
S21400D320EB0705D520460021BDE8384000F030BEAA
S21400D33038BD00BFCC2000200346FF2B70B5084642
S21400D34005D118491848F922FFF70AF9FEE7174DE4
S21400D3502A6803EB830302EB83029C0092F9121007
S21400D360937C00291CDA590700D570B1D17C168948
S21400D37091B113F0100001D00FF014FC00F0010181
S21400D380304613F01FF908B1012070BD2B68234406
S21400D390DA7C013ADA74F7E7304600F0F9FDF3E795
S21400D3A00020F2E79E4A02008C4A0200CC200020B1
S21400D3B010B5044601F068F908B9702010BD204B7E
S21400D3C01B785A1E012A06D81CB1237A9A1E012AF7
S21400D3D013D90220F2E7063B012BEED8002CF8D03A
S21400D3E0237A9A1E012AF4D8032B20880CBF2146E4
S21400D3F00021BDE8104000F0CBBD022B0BBF2088FB
S21400D400214600214FF6FE7000F0B8FCFF280446C7
S21400D410D3D003B203EB83020A4B0B481B6803EB23
S21400D42082039A7C62F07F029A740822DA7401F012
S21400D43073FB00212046FFF77FFF0020BEE700BFFA
S21400D4403A480020CC2000203C480020014B188899
S21400D450704700BFC821002010B50E4A1278034658
S21400D4600846511E012906D90B490C4840F22112E4
S21400D470FFF776F8FEE7012A094C03D100F00CFF0F
S21400D480208010BD4FF6FF7222801946BDE810407E
S21400D49013F057B83A4800209E4A02008C4A020011
S21400D4A0C821002038B5084B1B78022B04460D46D1
S21400D4B008D1002012F0DEFC020601D5EB0701D5EC
S21400D4C0024B1C8038BD00BF3A480020C82100200F
S21400D4D0044B187828B9044B1B689B880BB1034B88
S21400D4E018787047344F0020C8200020DE21002026
S21400D4F070B593795B068EB00646144622D59088A2
S21400D50001F02CFFA37903F00F038DF804300023FD
S21400D5100993E3788DF82030054612F0F5FE0921D0
S21400D520ADF82800284612F0DFFD28440B90294667
S21400D5300DF1060012F0A9FE01A9304611F02EFCEE
S21400D5400EB070BD0D8801F04FFA8542F8D1A37970
S21400D5508DF80430A0882388ADF8063001F01AFF55
S21400D560ADF80A00A08801F0F9FE6388039001A9CF
S21400D5703046ADF8083011F0FFFBE1E72DE9F84F33
S21400D5800546FFF7A5FF0026DFF8A480DFF8A49085
S21400D59007463446F3B29F4201D8FF243EE0D8F84F
S21400D5A0003003EBC40221B29079400639D590884A
S21400D5B001F0D4FE95F808B0824612F079FC50448B
S21400D5C002F040FCC0F3812083450AD099F8003071
S21400D5D00134E4B2B4FBF3F203FB1244E4B20136C6
S21400D5E0D8E72B7A022B0ED02B7A032BEED1042110
S21400D5F0504612F079FD08222946504414F0EEFCFD
S21400D6000028E3D10AE004215046B5F800B012F035
S21400D6106BFD504402F016FC8345E5D12046BDE87C
S21400D620F88F33F831202B889A42CFD1F6E700BF27
S21400D630C8200020DE2100202DE9F047FFF748FF34
S21400D6400546002400F0DEFF35B9214B1D70214B46
S21400D650FF221A70BDE8F0871F4BD3F800E01F4B7F
S21400D6601A681F4BA2EB000893F800C02746264610
S21400D6704FF0FF3123465EF82390A0EB090A52458F
S21400D68017D9C144894518D30133DBB20137B3FB40
S21400D690FCF90CFB19335FFA87F94D45DBB2EAD883
S21400D6A00EB10C4B1C7061B9BDE8F047084801F09C
S21400D6B033BA1C4601260021E6E71C4649460126E9
S21400D6C0E2E78A42C6D3BDE8F047014801F02FBA28
S21400D6D044480020E4210020C0200020BC20002078
S21400D6E0DE2100202DE9F04F484B494F1A683C7860
S21400D6F0DFF838A1DFF838B102EBC40387B09E79B3
S21400D70016F04003009301BF02238DF8143032F860
S21400D7103030ADF80C303F4B1D780130691EC9B271
S21400D720B0FBF5F305FB1303DBB201919C4225D158
S21400D730002C58D1013DECB202EBC40200239380CA
S21400D740354B3C701B78063B012B5AD9009B002BAF
S21400D75057D103A8FFF712FFFF2852D10099BDF852
S21400D7600C0000F00BFB2D4B1B7883423ED82C4957
S21400D7702C484FF4AC72FEF7F3FEFEE783BB01982D
S21400D78052F8331042F8301002EBC30E02EBC00C16
S21400D790DEF80410CCF80410DAF8001003EB830C63
S21400D7A000EB800901EB4C0851F81CC041F819C089
S21400D7B001EB490ED8F804C0CEF804C0B8F808103B
S21400D7C0AEF80810DBF8001051F8236041F820602E
S21400D7D00133DBB2B3FBF5F105FB1133DBB2A5E792
S21400D7E0581EC0B2CCE7013CE4B2A5E70E4B00B22F
S21400D7F01B6800EB800003EB80039A7C22F0080293
S21400D8009A7407B0BDE8F04F16E700BFC8200020A6
S21400D810344F0020DE2100203A480020DF2100207F
S21400D820C34A02008C4A0200CC200020C4200020FC
S21400D830C020002038B50D461446FFF79FFEFF288F
S21400D8401AD00E4A03B2126802EBC30152F8332014
S21400D8502A604A686A600A4A03EB8303116801EB90
S21400D860430251F8133023605368636013892381A1
S21400D870FFF738FF012038BD0020FCE7C820002055
S21400D880C420002038B5074C074DFFF721FE00B92D
S21400D89038BD226829684220FFF72AFE0020FFF7DD
S21400D8A021FFF2E7C8200020C4200020B0F1004F7E
S21400D8B09DBF024B1860002002207047BC2000204D
S21400D8C010B5074B1878074B1A68002304321C461D
S21400D8D0D9B2884200D810BD22F833400133F7E7AA
S21400D8E0DE210020C820002010B5114B114C00226C
S21400D8F01A70114A237812789A4206D90F4A12688B
S21400D90002EBC30219B293882BB90D490D485A226F
S21400D910FEF726FEFEE70C4B1B6801EB810141205B
S21400D92003EB4101FFF7E4FD2078BDE81040D9E69F
S21400D93044480020E4210020DE210020C8200020EA
S21400D940C34A02008C4A0200C420002030B52D4B8A
S21400D9501B78063B012B8DB0044629D8214606A825
S21400D96012F03DFC09AA04A906A8FFF763FFC0B39E
S21400D970BDF81450284601F0F1FC0446284601F094
S21400D98009FD9DF816209DF8131042F00403520678
S21400D99029D5CDE90143002300901A464FF6FF70C3
S21400D9A003F0C6FDE8B104AA09A9FFF7A1FD18E037
S21400D9B012F07EFA204402F045FA80130228CDD1F8
S21400D9C00621204612F090FB204402F03BFA00218C
S21400D9D000F0D4F9FF2804D00121FFF7ADFC0028A1
S21400D9E0BCD00DB030BDBDF81020CDE90010CDE99B
S21400D9F00243BDF824009DF81230114602F0F4FCF4
S21400DA00D0E700BF3A4800202DE9F84FDFF8B8A06D
S21400DA109DF830B01E460546FFF75AFD9AF80030CE
S21400DA2083428846174643D0234B244C1A682178F5
S21400DA300A9802EBC109BDF82C10002201F03AFE4C
S21400DA401D4BA9F804001A6894F8009002EBC9036D
S21400DA50998879B322F839809F70DE7083F806B013
S21400DA60174B1E6800F0CEFD164B46F829002078AE
S21400DA701B681BF0400F00EB800012D00A9903EBE6
S21400DA80400012F0ACFB23789AF800200133B3FB79
S21400DA90F2F102FB11332370FFF7CEFD0020BDE844
S21400DAA0F88F03EB40020221117223F81050EAE7C8
S21400DAB03920F4E71820F2E7C8200020344F002071
S21400DAC0C0200020C4200020DE21002008B5FFF77B
S21400DAD055FDFF3818BF012008BD10B5044686B0B6
S21400DAE003AA01A92046FFF7A5FE08B906B010BD97
S21400DAF001AA03A94220FFF7FBFCF1E7054B1B78C0
S21400DB0033B9054B1B689888B0FA80F04009704717
S21400DB1000207047344F0020C820002070B5084D04
S21400DB20084E00242A78E3B29A4200D870BD3068C6
S21400DB3000EBC300043001F029FA0134F2E700BF1D
S21400DB40DE210020C82000201FB50E4B1B6800EB0E
S21400DB50800203EB820304461A89D3F80A00D3F83E
S21400DB600E109B7CADF80C2023F0080301AA03C21C
S21400DB708DF80E3001AA0C2321460520FDF7E2F8A9
S21400DB8004B010BDCC2000202DE9FF41134F3B68A8
S21400DB9000EB800203EB82034FEA820802228DF834
S21400DBA00C209E7C1B89ADF80430044601A80D4667
S21400DBB0FFF793FF3B68434406F002069A7C22F088
S21400DBC001029A742046FFF7BFFF1EB115B120462A
S21400DBD000F0A2FB04B0BDE8F08100BFCC2000201E
S21400DBE038B50A4D0A4B2A78186802EB8202920072
S21400DBF0002114F01DFA00242B78E0B2834200D8EE
S21400DC0038BDFFF7A1FF0134F6E700BFDF21002093
S21400DC10CC200020F8B500F0F5FC194B1F78194B06
S21400DC201C684FF47A735C43174B1A6800254FF054
S21400DC30FF31EBB29F4206D84B1C1CD0BDE8F84023
S21400DC40124800F074BF937CDE070BD55E0609D43D
S21400DC501E0607D41668A0EB060C644505D843F0EC
S21400DC604003937401351432E3E7231A3344994290
S21400DC7028BF1946F6E7054B00221A70F8BD00BF0C
S21400DC80DF210020D0200020CC2000203C480020AF
S21400DC902DE9FF41194F1A4E00253B78ECB2A342FE
S21400DCA005D8184804B0BDE8F04100F035BF0C2395
S21400DCB001AA21460520FCF7F5FF9DF80E20D307A4
S21400DCC019D5D6F80080BDF80C1014235C4308EB79
S21400DCD0040322F0080219819A7401AA03CAC3F841
S21400DCE00A00C3F80E1000F08DFC336848F80400F4
S21400DCF0234400225A600135CFE700BFDF21002011
S21400DD00CC2000203C480020F8B51A4E1A4D326848
S21400DD102978002312321420DCB2A14210D800F079
S21400DD2071FC00222D7833681746FF24D6B2AE4227
S21400DD300ED3A5420AD900212046FFF725FF05E0AD
S21400DD4000FB03F70133D75DFF07E5D42046F8BD97
S21400DD5093F912C0997CBCF1000F01DB490605D58A
S21400DD601968411AB94284BF0F463446013214334B
S21400DD70DCE700BFCC200020DF2100202DE9F8439F
S21400DD80104B93F80090104B1C6880460D460A34E2
S21400DD900027FEB2B14501D8FF2609E0237ADB074B
S21400DDA00DD545B108222146284614F017F930B99A
S21400DDB03046BDE8F88334F8023C4345F8D00137D6
S21400DDC01434E6E7DF210020CC2000202DE9F041C6
S21400DDD0344B93F8008008F1FF33012B06460C46BF
S21400DDE0174603D9A8F10603012B57D8002E57D0A3
S21400DDF0337A9A1E012A53D8032B0CBF31460021D2
S21400DE003088FFF7BBFFB8F1010F054604D0FF2DA1
S21400DE1009D1B620BDE8F081404612F02BF8030683
S21400DE20F5D5FF2D0CD014BBDFB11F4B2DB21B68F0
S21400DE3005EB850503EB85039B7C03F03E030FE0B3
S21400DE40337A022BE5D100253188E8B200F0F6FAE5
S21400DE5048B11CB100232360636023810FB12023E7
S21400DE603B700020D6E70135202DEDD1D1E72BB24F
S21400DE7003EB83020C4B1B6803EB8203327A022A05
S21400DE8009BFD3F80A201B892260D3F80E2015BFDD
S21400DE9023800323022362602372C5E77020B9E75C
S21400DEA00220B7E73A480020CC2000200A4608B5F2
S21400DEB00021FFF78BFF002818BF702008BD2DE952
S21400DEC0FF4707464FF6FE700E461546FFF756FF0D
S21400DED0FF28044643D1FFF717FF0446294B1B785B
S21400DEE0A3424DD9DFF8A49085F00801AA10D9F80E
S21400DEF000A0C1F3C00123B202F0100242EA810280
S21400DF0003EB830305F002054FEA83082A430AEB76
S21400DF10830342F001029A741F813268C3F80A2014
S21400DF207268C3F80E2000F06DFBD9F800304AF88E
S21400DF300800434400225A602046FFF705FED9F841
S21400DF40003043449B7C9B0702D5204600F0E4F952
S21400DF500D4800F0E1FD002004B0BDE8F0870B4A54
S21400DF6002238DF80C30126803B203EB830302EB36
S21400DF70830301A81B89ADF80430FFF7AEFDADE7BB
S21400DF80B420E9E7DF2100203C480020CC20002018
S21400DF9008B5FFF7F3FE074B1B78834207D901212C
S21400DFA0FFF7F2FD044800F0B7FD002008BD702022
S21400DFB0FCE700BFDF2100203C48002008B5FFF743
S21400DFC0DDFE094B1B7883420CD9084B00B21B6858
S21400DFD000EB800003EB8003987C030754BFC00966
S21400DFE0012008BD0020FCE7DF210020CC20002017
S21400DFF02DE9F8430024144FDFF858800C700646CD
S21400E0000D464FF014093B782878E2B2934208D8C0
S21400E010402816D90D490E484FF4AF72FEF7A0FA05
S21400E020FEE7D8F8003009FB02339A7CD20706D503
S21400E0301989304401F00CFF2B7802332B70013421
S21400E040E1E7BDE8F88300BFDF210020E84A0200D0
S21400E0508C4A0200CC20002073B50446002944D028
S21400E06011F026FF204401F0EDFE801302280CD1AB
S21400E0700621204612F038F8204401F0E3FE4FF661
S21400E080FF73984209D000210AE011F011FF2044E6
S21400E09001F0D8FE801303281DD04FF6FF706946A6
S21400E0A0FFF76CFE1D4B1B78834234D91C4D00B223
S21400E0B000EB800084002E6800F0A4FA2B68305134
S21400E0C0234418489A7C22F040029A7402B0BDE8B5
S21400E0D0704000F021BD0621204612F005F82218F7
S21400E0E0205851686B4603C3D7E711F0E1FE204481
S21400E0F001F0A8FEC0F38120022801D10421B8E770
S21400E10011F0D6FE204401F09DFEC0F381200328C6
S21400E110C3D10421E0E702B070BD00BFDF210020BC
S21400E120CC2000203C48002010B50C460021FFF70C
S21400E13025FE0A4B1B7883420DD9094B00B21B689B
S21400E14000EB800003EB80035A68A24203D8013438
S21400E1505C60012010BD0020FCE700BFDF2100202E
S21400E160CC200020034B1B6800EB800003EB8003F1
S21400E17018897047CC2000200E49096870B500EB5E
S21400E18080020D4C01EB8201034600224FF6FF751C
S21400E19014F82200FF2807D0D0B2834208D0FF2B05
S21400E1A002D00E89AE4203D00132202AF0D1FF20E1
S21400E1B070BD00BFCC2000205A4E00202DE9F84349
S21400E1C006460F4615469846FFF7D6FFFF28DFF8A7
S21400E1D0909033D1002419F82430FF2B2BD0013433
S21400E1E0202CF8D1BDE8F88301F0D4F82844414645
S21400E1F080B201F0DDF904460028F3D001F0AEF855
S21400E2008046708801F0AAF88146708801F0C2F84E
S21400E21049460246404613F044FE204601F09EF86A
S21400E2208046708801F0B6F82A463946404413F016
S21400E23038FE7480D6E709F82460E0B28400B8F1AE
S21400E240000F04D109EB040670880028CCD1002208
S21400E2502946384601F02EFA4C446080C2E700BFDB
S21400E2605A4E00200023054AFF2019460133202B72
S21400E2701070518002F10402F8D170475A4E002007
S21400E28038B5044D00242819043400F07FFE802C95
S21400E290F9D138BD5C4E00204FF6FF73984213B597
S21400E2A0044618D102230DF1060200210420FCF7D3
S21400E2B0F9FCBDF806304FF6FC7293420BD80133DA
S21400E2C0ADF806300DF10602022300210420FCF70B
S21400E2D039FDBDF80640204602B010BD0B4B1B882A
S21400E2E007B52BB90A490B485C22FEF739F9FEE759
S21400E2F0013BADF806300DF1060202230021042092
S21400E300FCF720FD03B05DF804FB00BFA821002049
S21400E3100A4B02008C4A020010B50446FFF72CFF99
S21400E320144A126804EB840102EB81020346927CD5
S21400E33012F001020BD0FF280F4A13D1002312F867
S21400E3402310FF290DD00133202BF8D110BDFF2854
S21400E350FCD0094BFF2103F8201003EB80035A8002
S21400E360F4E7DBB202F8234002EB8302002353807B
S21400E370ECE700BFCC2000205A4E00202DE9F041EB
S21400E3800F46002115461E46FFF7F8FCFF2813D05F
S21400E3900A4B04B21B6804EB840403EB84039B7CE7
S21400E3A0990709D5DA0601D5FB0705D53246294671
S21400E3B00123BDE8F04101E7BDE8F081CC20002054
S21400E3C02DE9F7430C46002106461F46FFF7D6FC0C
S21400E3D0FF2805462DD0DFF8609002B2D9F800304D
S21400E3E002EB820203EB82034FEA82089B7C9907CA
S21400E3F01FD5DA0601D5FB071BD52046FFF74CFFD5
S21400E4004FF6FF739842044613D0014601A801F068
S21400E4101FFD0023022201A92846FFF7CFFED9F8E8
S21400E4200030434421469A7C3046C2F3001212F074
S21400E430A1F803B0BDE8F083CC200020F8B5134C5B
S21400E44014F82030FF2B0F4601D10020F8BD04EB56
S21400E450800460880028F8D000F080FF002506467B
S21400E460608800F097FFEAB2C0F34F008242ECD219
S21400E47006EB42030135597816F8123003EB0123F8
S21400E4809BB2BB42ECD10120E0E700BF5A4E002011
S21400E49038B500210446FFF771FCFF280FD1002590
S21400E4A02146E8B2FFF7CAFF58B1094B094A13F8EC
S21400E4B02530126803EB830302EB83031C89204696
S21400E4C038BD0135202DEBD14FF6FF74F7E700BFBE
S21400E4D05A4E0020CC20002010B50FF030F8FCF784
S21400E4E0EBFA10F0FF0415D10B4800F0B3FB0B4B12
S21400E4F0187000F027FC00F0F1FC0EF075FCFFF73A
S21400E500DFF9FFF7AFFE012003F0D6F902F0FEFCBC
S21400E51004F044F8204610BD504B02003848002056
S21400E52038B50B4D01F082FCF2F7B4FF287800F006
S21400E53076FB0FF008F80446F2F7ACFB10B9287823
S21400E54000F0B8FB2046BDE838400FF002B800BF28
S21400E5503848002010B50EF0E5FCE0B1F2F7A1FB5C
S21400E560044603F0DDF9C0B944F00404A4B2F2F79F
S21400E57091FB10B144F00204A4B202F097FC10B173
S21400E58044F00804A4B2094B1B7813B144F01004FD
S21400E590A4B2204610BD0124E3E703F0C1F9022827
S21400E5A0E2D0034B1B78062BE1D1DDE74249002081
S21400E5B0CA48002008B5F2F76DFB30B9BDE8084040
S21400E5C003484FF0FF3100F0F9BA002008BD00BF45
S21400E5D0504B020013B5044608B90DF10604FFF7C8
S21400E5E0B9FF8307208007D105484FF0FF3102B0FE
S21400E5F0BDE8104000F0E2BA002002B010BD00BF37
S21400E600504B020007B5FBF74BFF6A46FCF714F8C1
S21400E61028B105490548D122FDF7A2FFFEE700987C
S21400E62003B05DF804FB00BF344B02008C4A0200C6
S21400E630014B187803F032B9BE21002008B50A4B0A
S21400E6401B782BB109490A48E122FDF789FFFEE74E
S21400E65003F066F9074B1870012003F004F9BDE8D3
S21400E6600840F2F737BB00BFCA480020344B020010
S21400E6708C4A0200BE210020024B587800F00F00A2
S21400E680704700BF38480020034B587800F00F0052
S21400E690831E584258417047384800202DE9FF4BEA
S21400E6A0DDF830909DF834B004460D4690461E4680
S21400E6B0FFF7EAFF002843D0224FBB78063B012B2A
S21400E6C03ED91EB9022004B0BDE8F08BB9F1000FA8
S21400E6D0F8D00F29F6D81BF0010F17D1BB781A4FC8
S21400E6E0013B012B0BF00F0B1AD8012011F0C2FBD7
S21400E6F0030615D5CDE9029BCDE900862B46798821
S21400E70022464FF6FF70FEF7FDFCDCE70EF026FB18
S21400E7100528D7D10EF046FA0028DFD13820D2E7F8
S21400E720BA88CDE9029BCDE900864FF6FF718A4292
S21400E73008BF224678882B46214601F055FEC2E7E0
S21400E7407020C0E738480020BE21002008B50246E9
S21400E750FFF79AFF48B1064B9B78052B05D182F050
S21400E760010003F080F8002008BD7020FCE700BF21
S21400E770384800202DE9F8431E460D4690460746C9
S21400E78011F0C8FB044611F093FB814611F0B6FB6E
S21400E790214B81449B78A4EB0904A4B2002B39D00A
S21400E7A0063B012B33D8631F9BB2BFB9AA1E012AB2
S21400E7B030D8B8F1000F01D0073CA3B2022D0CBF31
S21400E7C0023B083B9CB236B10EF0C8FA052814BFCF
S21400E7D0053C093CA4B22046BDE8F883022F0BD0C6
S21400E7E0032F17D1AA1E012A14D8B8F1000F01D0A2
S21400E7F0073CA3B2083B08E0AA1E012A0AD8B8F1D3
S21400E800000F01D0073CA3B2023B9BB2D6E70E3CFA
S21400E810A4B2D8E7FF24DEE7384800202DE9F04F01
S21400E82089B005469DF8486006938B461746F2F772
S21400E830CFFAC0B14FF400600DF052F9044600283C
S21400E84000F0A080FFF720FF002800F09D80504BCE
S21400E8509B78063B012B00F2978055B90225284687
S21400E86009B0BDE8F08FF2F7C1FA0028E2D18020A7
S21400E870E2E7002FF2D0069B002BEFD0AB7C002BFC
S21400E880ECD006F00103F10707934FD416F0080802
S21400E89004D0012011F0EEFA0306DFD52B7E002B04
S21400E8A055D0B5F814A06B7E002B54D0B5F8169052
S21400E8B0079BA97C287ABAEB090218BF0122FFF74A
S21400E8C059FFB84262D3CDE9019506F00F060A3526
S21400E8D00023012231462046CDE903A7009511F01A
S21400E8E050FB0921204611F0FFFB06993A462044CA
S21400E8F013F0D7FA46F04006B8F1000F2FD011F00B
S21400E900D7FA0546204611F0DEFA0544ADB24FF6BA
S21400E910FF71CDE9004502965B46FF220846FFF7E9
S21400E92073F8054620460DF0E3F898E72B7A002B9F
S21400E93094D016F0080804D0012011F09BFA0206C5
S21400E9408CD50EF02FF90028A8D1382587E7114B73
S21400E950B3F806A0A7E70F4BB3F80690A8E711F0A8
S21400E960A7FA0546204611F0AEFA0544ADB2CDE949
S21400E970014600954346424659464FF6FF7002F060
S21400E980D7FDCEE718256AE7702568E7742566E7A1
S21400E99038480020BE21002008B5FFF7DBFD10F048
S21400E9A0070F0CBF0120002008BD08B5FFF7D2FDF9
S21400E9B0B0FA80F0400908BD10B5044600F0CEF964
S21400E9C008220146204613F009FBB0FA80F0400901
S21400E9D010BD014B187A7047BE210020014B1872FB
S21400E9E000207047BE210020014B5888704700BFAA
S21400E9F0BE210020014B9888704700BFBE21002032
S21400EA00014BD888704700BFBE210020014B987884
S21400EA10704700BF3848002000F0A0B9014B58806E
S21400EA20F2F702BCBE210020014BD880F2F712BCE0
S21400EA30BE210020064B0128987004D0062806BF89
S21400EA40044B1878002000F00100F2F719BC00BF54
S21400EA5038480020BD48002008B5064B02285870EC
S21400EA6006D1FEF7E1FB9020BDE8084010F06CB937
S21400EA709120F9E73848002010B51A4B86B05A881E
S21400EA80ADF81420DA889B88ADF81630164BADF832
S21400EA900C209B788DF81230062B044605D1134BBC
S21400EAA01B7813B186238DF8123002F0BAFAADF84F
S21400EAB0100002F0B4FA0C23ADF80E000DEB0302C2
S21400EAC000210320FCF73EF94CB12068616801ABD9
S21400EAD003C3082301AA00211846FCF733F906B041
S21400EAE010BD00BFBE21002038480020BD480020D1
S21400EAF038B5447845680EF026FD0C236343054977
S21400EB00CA58521BB2F1004F98BFCD50BDE83840EE
S21400EB100EF01FBDB446002010B50446FFF772FD88
S21400EB200423237060602046BDE81040E0E738B557
S21400EB3004460D46FFF766FD0123284423706060F7
S21400EB402046BDE83840D3E710B50378044663B1E5
S21400EB50042B01D1002010BDFFF754FD6368C21AD4
S21400EB60B2F1004FF6D9181AF5E74FF0FF30F2E78A
S21400EB70F8B50C4606461546FFF744FD01460DB1AE
S21400EB80FF232B702046002256F8323033B11F7810
S21400EB9087B1042FD4B202D175B90020F8BD5B68E6
S21400EBA0CF1AB7F1004FF7D95B1A984202D905B1D0
S21400EBB02C7018460132E7E72C70EEE70022FFF7CC
S21400EBC0D7BF70B50446FFF71DFD06460EF0BBFC2A
S21400EBD06FF0004105466068FFF7F0FF30442060A4
S21400EBE02846BDE870400EF0B4BC70B50446FFF78A
S21400EBF009FD08340546042654F8080C70B103785D
S21400EC0053B1042B04D04368EB1AB3F1004F03D87A
S21400EC10067054F8043C98470834EDE770BD38B5E4
S21400EC200446FFF7EFFC0C23094D6343EA18EB5844
S21400EC30C01AB0F1004F09D8506804EB4404FFF73F
S21400EC40D4FF05EB8400BDE83840BAE738BD00BF06
S21400EC50B446002010B5124A124914780978A14229
S21400EC60034605D810491148EC22FDF779FCFEE76B
S21400EC70611C11700E4A0C2104EB440002EB80006C
S21400EC8001FB0422012153601172083353F8082C4B
S21400EC9008330AB15470F9E7FFF793FF204610BD1A
S21400ECA0354F0020DC490200B04B02008C4A0200BF
S21400ECB0B446002070B5174E7378054623B90EF09B
S21400ECC03EFC0024204670BD0EF046FC044630B9DB
S21400ECD0114912484FF49272FDF742FCFEE7FFF727
S21400ECE091FC0F4B0C2202FB053500222A72357868
S21400ECF0D1B28D42E6D91968461AB6F1004FDED970
S21400ED001E7A002EDBD1884202F1010203F10C03C9
S21400ED10EED1D4E7354F0020B04B02008C4A0200FB
S21400ED20B4460020034B0C2202FB003301221A7269
S21400ED30704700BFB4460020014B5870704700BFB4
S21400ED40354F00200348044A008808230021FCF7BA
S21400ED50D5B800BF68480200374F0020004870470B
S21400ED60374F002028B1034B1B68C01A40100130F3
S21400ED7080B270476048002030B1044B00F100407C
S21400ED801B68013803EB4000704700BF6048002056
S21400ED904088C0F30C000330800840000430704701
S21400EDA010B50346FFF7F4FF074A03EB4003546829
S21400EDB04FF6FF729C42184604D90188914203F12F
S21400EDC00203F7D010BD00BF604800202DE9F843CD
S21400EDD01E4F3B8905468BB3B0F90230002B2DDB66
S21400EDE0DFF874801A49D8F8000013F050F820B9FC
S21400EDF0184840F2CD11FCF7A1FBDFF8589000262A
S21400EE003A89B3B29A4204D840F2CF114846FCF78A
S21400EE1095FBFB68D8F80010B2B203EBC20453F8B7
S21400EE20320068B943F83210A3880133A38028461D
S21400EE30FFF7AEFFE38803EB4003E380BDE8F8830B
S21400EE4013F025F801360028DAD1EDE760480020F7
S21400EE50D64B0200E04B0200DC200020034BD3E937
S21400EE600030C01AC0F34F00704700BF6048002053
S21400EE70024A136803EB4003536070476048002063
S21400EE80704710B5084CD4E900329A4204D20748BD
S21400EE904FF48071FCF752FBD4E90030C01A20F022
S21400EEA0010080B210BD00BF60480020E04B0200A9
S21400EEB010B5084C626823699A4204D906484FF494
S21400EEC08371FCF73BFB20696368C01A20F00100E1
S21400EED080B210BD60480020E04B020008B50A4B27
S21400EEE00A491B680A4A23F001030B4411601361A8
S21400EEF05160FFF7DDFF642805D8BDE808400548E7
S21400EF00F021FCF71BBB08BDD849020014370020CF
S21400EF1060480020E04B020010B5084C22682369C8
S21400EF209A4204D306484FF48671FCF707FB206923
S21400EF302368C01A20F0010080B210BD604800208F
S21400EF40E04B0200054B1A68824205D85B68834294
S21400EF5094BF0020012070470020704760480020C2
S21400EF6008B520B1FFF7EEFF00F0010008BD012054
S21400EF70FAE7014B18607047DC200020014B024A7C
S21400EF801A607047DC200020D64B02002DE9F041C5
S21400EF901D4B1B7D012B044624D10088FFF7ECFE99
S21400EFA00546D8B1DFF8648004262C460EF0CBFA6E
S21400EFB007462046FFF70AFF638843EA0803638094
S21400EFC0A05BFFF7D9FE044638460EF0C2FA1CB125
S21400EFD0B4F90230002BE9DA062E01D1BDE8F08143
S21400EFE00626E2E7022BF9D10EF0ADFA024620889B
S21400EFF0FFF7C2FE18B10388C3F30E032380BDE8F3
S21400F000F04110460EF0A5BA604800200080FFFFD1
S21400F0102DE9F04FAF4D95B000240646EC820EF079
S21400F02092FA01232B752B8BADF80E30D5F80480A1
S21400F0302C830EF08EFA2A89E868D200214612F058
S21400F040F7FF0DF10E00FFF7A1FF002E36D1D5F821
S21400F050009000244FF0010AC14536D3002C36D16B
S21400F060BAF1000FF3D02F68A4F50044B9463A462B
S21400F070424569D302230DF10E002B75FFF786FF7C
S21400F080002E40F083802C6822464A4580F0968009
S21400F0909088FFF771FE18B10388C3F30E039380C0
S21400F0A0D088FFF769FE18B10388C3F30E03D38038
S21400F0B01046FFF775FE0246E7E79847E3B20134CD
S21400F0C056F82330002BF8D1C1E7002C36D0013C8F
S21400F0D0E4B214AB03EB840353F8407CB7F9022088
S21400F0E07B88002AB8DA5A04B6D4BB4643F4804379
S21400F0F02BF8023F06373BF8020FFFF73DFED0B174
S21400F100B0F902C04188BCF1000F14DB6FEA414140
S21400F1106FEA514141800190FFF758FE0F2C9FBFC8
S21400F12014AB03EB8401019B41F8403C9ABF0134C9
S21400F130E4B24FF0000ABB45DDD18DE74846FFF745
S21400F1402FFE4F468146C9E71046FFF721FEB2F96B
S21400F15002301188002B824601EA040108DA38469C
S21400F160FFF700FE014389B207EB4A0702EB4A09A4
S21400F17011801046FFF714FE024679E79847E3B27F
S21400F180013456F82330002BF8D17CE70024F6E74C
S21400F1902046FFF705FE80467CB1B4F90230618850
S21400F1A0002B0ADA2088C0F30E00FFF7E5FD844244
S21400F1B003462CD1C1F30D01618044464C45E7D38C
S21400F1C0DFF814810EF0BFF900210646404600F035
S21400F1D074FCFFF7D1FD044600286FD030460EF0D1
S21400F1E0B8F92046FFF7D4FD06463846FFF7BAFDC5
S21400F1F07600814632462146384612F0FFFE00224F
S21400F20049460DF10E0000F0ECFB3744DAE71BD957
S21400F2102046FFF7BDFDC1F30D014200618092B2AA
S21400F2202146184612F0EAFEC7E74046FFF7B8FD4B
S21400F2304646814503D9B0F90230002B01DA8046F4
S21400F24003E0FFF7ADFDF4E72646C14507D9B8F859
S21400F2500000C0F30E00FFF78FFD8045E5D35EB3D8
S21400F2603088C0F30E00FFF787FD034638B9A24684
S21400F270B346564511D8A6429FD05E46EFE73046C5
S21400F280FFF786FD7288C2F30D027280420092B2CA
S21400F2903146184612F0B2FEE9E75046FFF780FD09
S21400F2A0D346814503D9B0F90230002B01DA8246F5
S21400F2B0DFE7FFF775FDF4E7B346DEE7BDF80E308F
S21400F2C0287530462B836F600EF043F915B0BDE805
S21400F2D0F08F00BF604800207848002070B51A4CB8
S21400F2E014230846A8B02381C4F80CD0FFF790FE7C
S21400F2F0E2682089002302EBC0001946824213D13F
S21400F30003EBC103D4E90012521A9BB222F00102A9
S21400F310934204D00D4840F20221FCF70FF9002377
S21400F320E360238128B070BD52F8085B002DE7D05B
S21400F33032F8046C32F8025CA5EBC60531442B4467
S21400F34089B29BB2DAE700BF60480020E04B0200BB
S21400F35008B5FFF711FDBDE8084001E610B5044604
S21400F36008B9002010BDFFF7F3FF20B9084840F2A7
S21400F370C441FCF7E3F82046FFF7FEFC0028F0D077
S21400F3800388DB0B14BFD0F80A000830EAE700BF9A
S21400F390E04B020010B508B9002010BDFFF7ECFCEA
S21400F3A00446FFF7DDFD20B9074840F2DE41FCF7D2
S21400F3B0C5F8002CF0D02388DB0B0ABF60882089B4
S21400F3C0C0F30C00E9E700BFE04B02002DE9F04176
S21400F3D00546FFF7D1FC0F460446D8B1FFF7C0FD3F
S21400F3E020B9214840F2F141FCF7A8F82846FFF77B
S21400F3F0D1FF05462046FFF7D3FCBD42064609D09E
S21400F40004D8194840F2F941FCF798F82588ED0B26
S21400F41002D02781BDE8F08167802046FFF7B8FC60
S21400F420074604EB40080EF08EF8104B5A68B242BE
S21400F4300AD1C3F804800EF08CF82A464046FF2115
S21400F440BDE8F04112F0F4BDA6EB0806B5B20EF02A
S21400F45080F8072DF1D90023083D44F81730C8F886
S21400F4600430A8F80250D5E7E04B020060480020C0
S21400F470F8B50746FFF780FC064638460D46FFF708
S21400F48089FFA842044611D004D80F4840F2235101
S21400F490FCF754F856B13388641BDB0BA4B206D0D5
S21400F4A0D6F80A3035812344C6F80A30F8BD384607
S21400F4B0FFF754FF2A46011912F0A0FD29463846E8
S21400F4C0BDE8F840FFF782BFE04B020038B5FFF713
S21400F4D053FC0D46044650B1FFF742FD20B90448E0
S21400F4E040F23651FCF72AF8023534F8150038BDDC
S21400F4F0E04B020070B5FFF73FFC0C46164605468B
S21400F500B0B1FFF72DFD20B90D4840F24151FCF790
S21400F51015F83046FFF730FCFFF722FD20B9084803
S21400F52040F24251FCF70AF8023425F8146070BD28
S21400F530BDE87040024840F24651FBF7FFBF00BFEF
S21400F540E04B020070B504460E4600250CB928466E
S21400F55070BD2046FFF71EFF314605442046FFF7E4
S21400F560B5FFADB20446F1E738B50C4DC41CEB69E7
S21400F570A408640023B10A4840F25B51FBF7DEFFA3
S21400F5802A696B68D31AC3F34F03A34283BFA2EB67
S21400F5904402EA610120002038BD00BF6048002018
S21400F5A0E04B0200014B0022DA6170476048002001
S21400F5B02DE9F047C41CA408DFF8A8A064000434B2
S21400F5C0B0F5005FDAF8106081460F46A4B204D3A7
S21400F5D0234840F27251FBF7B1FF0DF0B4FFDAF8A2
S21400F5E01C3080467BB9DAF80450761BC6F34F060B
S21400F5F0B44224D9002540460DF0ABFF2846BDE8AE
S21400F600F047FFF7AFBB87B1DAF804505A1BC2F3D6
S21400F6104F029442EED8620005EB4404CAF8044058
S21400F6208FB91344CAF81C300DE0F61AC6F34F061D
S21400F63086B90B4840F28351FBF780FFDAE705EB0B
S21400F6404404CAF804400023A5F80290AB80EB807F
S21400F6502B80D0E7B442CDD8DAF80450DBE700BF01
S21400F660E04B020060480020F8B506460D460A202A
S21400F67000211746FFF79CFF0446FFF77DFB60B1AD
S21400F680038807816FEA43436FEA5343C0F80A6072
S21400F6900380C0F80E502046F8BD0446FBE708B5C8
S21400F6A0FFF76AFB28B10388DB0B14BFD0F80E0007
S21400F6B0184608BD70B50E46054611463046FFF79B
S21400F6C077FF044635B128B1FFF748FE3246294693
S21400F6D012F094FC204670BD38B505460DF033FF99
S21400F6E0294604460022044800F07BF92046BDE87F
S21400F6F038400DF02EBF00BF7848002038B50DF01A
S21400F70022FF00210546044800F0D7F904462846A3
S21400F7100DF01FFF204638BD78480020024B188B9E
S21400F720B0FA80F04009704760480020014B002284
S21400F7301A8370476048002010B5044648B112F09E
S21400F740D0FB411C0022204689B2BDE81040FFF7DE
S21400F750B1BF10BD08B50146FFF7F4FB28B1BDE800
S21400F7600840A1F10800FFF7FDBA08BD08B5FFF78D
S21400F77003FB034638B1FFF70BFB03EB4000BDE885
S21400F7800840FFF7EFBA08BD38B50246FFF7F4FAAF
S21400F7900546C0B10846FFF7EFFAFFF7F9FA6C889E
S21400F7A0C4F30C04013424F0010404EB40041046B6
S21400F7B0FFF7DCFF8842A4B204D0034840F28D6114
S21400F7C0FBF7BCFE6C8038BDE04B0200F8B5FFF7D7
S21400F7D0D3FA0E46074668B34588C5F30C056C1C7D
S21400F7E04B1C24F0010423F00103E41AA4B2FFF733
S21400F7F0B7FBC0B18D421BD20F484FF4D561FBF763
S21400F8009DFE082C16D9F31C9B08023307EB8300D9
S21400F81000227E8047F82320083C42604480BDE8F2
S21400F820F840FFF79FBA04484FF4D561FBF786FE11
S21400F830B542E6D10020F8BDE04B020037B50546DC
S21400F8400068FFF787FFADF80600E8B1FFF794FA07
S21400F850D0B10388DB0B04D00C4840F2C461FBF740
S21400F8606DFE0DF10600FFF791FBBDF80600FFF7F1
S21400F87083FA0446FFF774FB20B9044840F2CA61D5
S21400F880FBF75CFE08342C6003B030BDE04B020092
S21400F8902DE9F74F044600881F46FFF76DFA8846A5
S21400F8A015460646FFF75CFB20B9404840F2DA6191
S21400F8B0FBF744FE3388DB0B009306D033892B44DA
S21400F8C03381002003B0BDE8F08F2088DFF8E0B079
S21400F8D0FFF760FD82463046FFF762FA01900DF0B2
S21400F8E032FEDBF80420019B9A4281461DD1FFF7C9
S21400F8F0DFFA854204D948460DF02BFE1A20E1E7D0
S21400F90005EB0A0373803FB12088FFF727FD2A46E0
S21400F9104146504412F0C5FA3046FFF741FACBF89C
S21400F920040048460DF015FECBE70DF012FE2088C9
S21400F930FFF730FD2844009980B2FFF739FE0646EF
S21400F9400028DBD0FFF70AFD81462088FFF706FD7A
S21400F95082462088FFF71EFD51460246484612F0B2
S21400F960A0FA3046AFB1FFF7F9FC07462088FFF74C
S21400F97011FD2A464146384412F093FA01212088A8
S21400F980FFF7A4FD012102463046FFF7B3FD2680AF
S21400F99097E7FFF7E3FC80462088FFF7FBFC2A4644
S21400F9A03946404412F044FBE8E700BFE04B020053
S21400F9B0604800200021FFF7FBBDFFF7E7BAFFF71E
S21400F9C0CDBCFFF7E7BCFFF773BA70470088B0FA04
S21400F9D080F040097047008810B1C9B2FFF776BDC5
S21400F9E070472DE9F041B0F8008006460C46D5B2C7
S21400F9F0B8F1000F11D029464046FFF767FD2246B2
S21400FA00074629464046FFF775FD3A4629462046F2
S21400FA10FFF770FD3480BDE8F0810F46F5E738B596
S21400FA20058800220446FFF7DCFF05B1258038BDB7
S21400FA30F8B507460D46008800211646FFF746FD36
S21400FA40B042044605D129463846BDE8F840FFF7DF
S21400FA50E6BF00212046FFF739FDB04205D020461C
S21400FA600021FFF733FD0446F3E72A46204600212F
S21400FA70FFF740FD324628460021BDE8F840FFF774
S21400FA8039BD034608461B888B4202D00021FFF78B
S21400FA901DBD0020704738B5044638B10021FFF779
S21400FAA09AFF002301465D1C09B998B238BD20466E
S21400FAB0FFF7E7FF2B460146F5E7F8B5058807464A
S21400FAC07DB1CCB221462846FFF700FD85420646AA
S21400FAD009D100233B80002221463046FFF70AFD6D
S21400FAE035462846F8BD2146FFF7F0FC214602467B
S21400FAF02846FFF7FFFCEEE72DE9F0470788824629
S21400FB00884614465FB33846FFF744FC3D46064633
S21400FB10E4B221462846FFF7D9FC4045814616D177
S21400FB202146FFF7D3FC214602462846FFF7E2FCB3
S21400FB30474504D1454508BF0025AAF800500022D5
S21400FB4021464046FFF7D6FC3046BDE8F0878742A0
S21400FB50FAD0FFF71FFC304486B24D46D9E73E4642
S21400FB60F2E72DE9F84307460E4690460C46BCB130
S21400FB703B88B3B141463846FFF72DFF8146FFF775
S21400FB8009FC8442054606D341463846641BFFF707
S21400FB9094FFA4B2EBE7051BA9B24846FFF768FC42
S21400FBA00024301B80B2BDE8F8832DE9F843B0F896
S21400FBB0009017460D4649B3B9F1000F05D1144B16
S21400FBC0144AF92114480CF035F84E465FFA83F8CB
S21400FBD041463046FFF77AFC0646FFF7DBFBA842B5
S21400FBE028BF284684B23046FFF7B8FB22460146B7
S21400FBF0384627442C1BA5B212F000FA35B1B145A1
S21400FC00E6D1064B034A4FF48371DBE7BDE8F88381
S21400FC102D4C0200964C0200414C0200894C02001A
S21400FC2070B50688054696B970BD20460121FFF7D7
S21400FC304DFC044601212046FFF748FC0028F4D17D
S21400FC40324601212046FFF755FC2C80ECE734466F
S21400FC50F0E770B50688044656B101213046FFF736
S21400FC6035FC0022054601213046FFF743FC25807F
S21400FC7070BD2DE9F84F8946002107469246984602
S21400FC80FFF7A9FE002604460CB9254622E02046CA
S21400FC90FFF764FB05462046FFF77CFB05EB000BF1
S21400FCA05D450AD321463846FFF7EBFE0446EBE7F0
S21400FCB07B8801361D44B6B2F2E7BB88B342F1D961
S21400FCC051462846C8470028F2D0B8F1000F01D0A8
S21400FCD0A8F800602846BDE8F88F2DE9F84F894659
S21400FCE0002180469246FFF776FE002604463746F9
S21400FCF014B93046BDE8F88F2046FFF72FFB0546BF
S21400FD002046FFF747FB05EB000B5D4505D3214674
S21400FD104046FFF7B6FE0446EAE7B8F80430BB42B2
S21400FD20F5D951462846C84708B10136B6B2B8F8E4
S21400FD30023001371D44BFB2E7E7F8B583888B422F
S21400FD4006460F4601D80020F8BD0021FFF743FE07
S21400FD50748814FB07F40546A4B2002DF3D0284699
S21400FD60FFF718FB844204D22846FFF7F7FA204430
S21400FD70EAE7241A29463046FFF783FEA4B2054672
S21400FD80EBE72DE9F0410F4600210646FFF723FE7C
S21400FD904FF00008054615B94FF6FF7011E02846EB
S21400FDA0FFF7DCFA04462846FFF7F4FABC420AD806
S21400FDB023189F4207D2381B73884044B0FBF3F0E9
S21400FDC080B2BDE8F081404429461FFA80F83046EC
S21400FDD0FFF757FE0546DEE7F8B5C68804460D462B
S21400FDE046B18188013E4B1C8380C680BDE8F84042
S21400FDF0FFF7A3BF408810FB01F080B23146FFF743
S21400FE00D7FB074670B1324601462046FFF7E9FDAC
S21400FE10A388013D0133A380E5803846BDE8F8405D
S21400FE20FFF79CBAF8BD00BF7047704708B5FFF7EC
S21400FE30FBFF0348FFF7ECF8FFF7F7FF08BD00BF2E
S21400FE40C84C020000887047008840BA80B27047ED
S21400FE500170090A417070470B0A037041707047C1
S21400FE6010B50024E3B210B9C3F10303DBB20134CA
S21400FE70042CCA544FEA1222F4D110BD10B50B78E8
S21400FE804C788A78C97828B910462246044608462F
S21400FE901946034642EA012043EA042343EA0040A7
S21400FEA010BD0144884201D10120704710F8013B83
S21400FEB09342F7D000207047013A0A4401380139CE
S21400FEC08A4200D1704712F8013900F8013FF7E77F
S21400FED008B588B10023C25C4AB10133B3F5803F50
S21400FEE0F9D1064906486722FCF73AFBFEE798B2C6
S21400FEF04FF6FF739842F4D008BD00BFF04C0200E6
S21400FF008C4A020010F8013B11F8012B13B952423B
S21400FF1050B270479342F5D0981A40B270478B4261
S21400FF20F0B528BF0B4604460020C11D9942154671
S21400FF30264602DB98420BD3F0BD377829788F42ED
S21400FF4004F1010402F10102F4D1083080B2ECE7BA
S21400FF50327829784A40D243D2B280242242EBD06B
S21400FF60013080B283424FEA5404F7D1E4E7F8B593
S21400FF70C2F3C70402F00707224605460E4612F0F3
S21400FF803DF847B1325D295DFF233B4122EA03027B
S21400FF900B4013432B55F8BD38B50A4C2378013B6C
S21400FFA02370FEF727FD05460CF0FCFD01462846AB
S21400FFB010F012FB28B1201DC821BDE83840FEF71E
S21400FFC0B6BD38BD804800201FB50C2301AA00210D
S21400FFD00320FAF767FEBDF80C004FF6FF73984251
S21400FFE03BD0FEF71BFDBDF804001D4CFEF71CFDC4
S21400FFF01C4BBDF80E20BDF808001A8001F09EFCD0
S214010000BDF9060001F0E7FC9DF80A00164AC3098F
S21401001000F00F001370FEF70DFD0CF0DBFDFDF791
S21401002037FE2078042816D0C21F5042504101F0F6
S2140100301AFC0220FEF710FD2078012808D10FF0E7
S21401004019FF030604D500214FF6FF7010F0A2FA3F
S214010050002004B010BD0120E9E79320F9E700BFB6
S2140100603A480020C2210020BD4800201FB50021CB
S21401007001AA0C234FF0FF340320CDE90144039479
S214010080FAF760FE002000F0F8FA0020FEF7D2FC36
S2140100904FF6FE70FEF7C2FC4FF6FF70FEF7C4FC8B
S2140100A0044B01201C8001F0DEFB0020FEF7D4FC8F
S2140100B004B010BDC221002008B5FEF7E5FA58B11C
S2140100C0064B1B78023B022B06D8054B08221A70FA
S2140100D0FFF762FF002008BD7020FCE73A480020C9
S2140100E0804800202DE9F04186B01C468846174618
S2140100F006460FF0DDFE2044FFF7A4FE05460FF08E
S214010100D7FE2044FFF79EFEC5F3C005C0F340109E
S21401011045EA400520468DF8045010F0F5F804280D
S21401012005D8294929488F22FCF71AFAFEE7092142
S21401013020460FF0D9FF235CDB0706D52146304663
S21401014010F0DFF906B0BDE8F0810B2120460FF074
S214010150CBFF2044FFF776FE0546FEF745FC8542B9
S214010160F0D10A2120460FF0BFFF2044FFF76AFEB8
S2140101700921ADF8060020460FF0B6FF235C2046A5
S2140101801B118DF8083010F0BFF805380C21ADF8BA
S2140101900A0020460FF0A8FF044403948DF8098056
S2140101A08DF81070FEF72EFA0446F1F753FD4FF462
S2140101B07A7300F5FA7001A9B0FBF3F0241A304601
S2140101C005940EF0D9FDBDE7174D02008C4A0200DA
S2140101D02DE9F04F06218BB004460FF085FF204431
S2140101E0FFF730FE80460FF063FE2044FFF72AFE3D
S2140101F005460FF05DFE2044FFF724FE83462046A9
S21401020010F02CFA002870D00B2120460FF06CFF5E
S2140102102044FFF717FE0A21814620460FF064FFAF
S2140102202044FFF70FFE594F0646092120460FF0DE
S2140102305BFF3B7814F800A0013B012B4AD909214A
S21401024020460FF051FF235CCBF3401BC5F3C005DE
S214010250DA0745EA4B054BD4204610F007FA00288A
S21401026043D0FEF7C1FBB0424FEA1A1A49D1FEF756
S214010270C1FB404570D120468DF81450ADF816905C
S2140102808DF818A010F040F805380C21ADF81A00CA
S21401029020460FF029FF20440790F1F70DFD8DF859
S2140102A01900F1F725FD8DF82400FEF7ABF9044699
S2140102B0F1F7AEFC4FF47A73012100F5FA70B0FB4A
S2140102C0F3F0241A1020089402F070F905A80EF035
S2140102D05DFD0AE000214046FDF750FDFF28AED047
S2140102E00021FDF729F80028A9D00BB0BDE8F08F52
S2140102F02B463246494620460BB0BDE8F04F10F07B
S2140103009CB84FF6FF739E42B1D03B78052B04D1C3
S214010310304600F003FE0028A9D13B78013B012BB3
S21401032017D820460FF0F0FF0C21074620460FF0A5
S214010330DBFE053F04440023BFB2009303950294FD
S21401034001975346324649464046FCF7DBFE0028F5
S214010350CBD00121122013E03B78052B8BD0013B3B
S214010360012B0BD801200FF085FD030683D5002154
S2140103704046FDF703FDFF287FF47DAF01211120E4
S2140103800BB0BDE8F04F02F011B900BF3A480020AB
S21401039038B50A4B1B78023B022B05460C460CD897
S2140103A0FEF728FBA84208D10CF0FCFB08B1E307D6
S2140103B003D5BDE83840FFF759BE38BD3A4800209E
S2140103C0034B00221A711B7803B1E5E5FFF74EBE19
S2140103D08048002018B1034B1B7803B1DCE5FFF71A
S2140103E045BE00BF804800202DE9F04387B089460E
S2140103F09DF84470BDF83C600221804614461D46B7
S214010400002207F001030846FEF7B4F9B0421ED3F6
S2140104102A464346012104A8CDF800900FF051FE6C
S2140104200C4B10991B780297063B012B98BF0022B4
S214010430CDE9006198BF13469DF8381084BF0522A8
S21401044004AB204601F074F807B0BDE8F0837420D1
S214010450FAE700BF3A48002010B50446FCF7C6FC90
S21401046028B1B4F90200BDE8104001F0B4BAA08882
S214010470F0F76EFF0028F4D010BDF7B51D46184BF7
S214010480089C0F46164600221A701A72FEF7D2FA18
S2140104903846FEF7C3FA3046FEF7C6FA114B1D8002
S2140104A024B94FF0FF33CDE900336C462046FEF702
S2140104B0E3FAFDF713FFFDF793FB0CF05FFB0A4B26
S2140104C01878042809D0C31F5842584101F0CBF9C7
S2140104D00220FEF7C1FA03B0F0BD0120F6E700BF27
S2140104E08C480020C22100203A48002010B50A4A54
S2140104F00023137082F828301372084A04464FF618
S214010500FF701370FEF790FA012001F0ACF9204657
S214010510BDE810400EF018BC8C4800203948002079
S2140105202DE9F84F06468A4601464FF6FE70994673
S2140105301746DDF828B01E4CFDF720FC8046608D7E
S214010540FEF728FF84F824A03368E361736823620A
S214010550184B1B78063B012B054604F11C0A04D8F0
S214010560042384F82830BDE8F88F60B1484501D9E6
S2140105700723F6E7608DFEF7F1FE2A46594611F08D
S2140105802DFD0028F4D1B8F1FF0F0ED1FDF7BCFB0D
S214010590FF2801D10623E4E7032384F828303946EF
S2140105A05046BDE8F84FFCF757BF0523D9E700BF13
S2140105B08C4800203A48002037B5114B114A1B7869
S2140105C012781343054615D101200FF053FC03069C
S2140105D012D59DB12846FFF73FFF044638B9009073
S2140105E001462A884FF6FF730120FFF746FF204693
S2140105F003B030BD7024FAE7B524F8E70224F6E725
S21401060039480020424900202DE9F3411746174A90
S2140106101278831F05460E46DBB222B170242046AF
S21401062002B0BDE8F081012B0BD90528F6D14FF6B3
S214010630FE739942F2D04FF6FF78464506D1022462
S214010640EDE7FCF7D3FB0028F5D0E7E7002FF6D05F
S2140106503846FFF701FF04460028E0D100903A88AB
S214010660434631462846FFF708FFD8E739480020B9
S214010670024600210620FFF7C7BF08B5104B00222F
S2140106801A70104A1278022A18D10F4A1278511E8F
S214010690012902D9063A012A10D818B983F82C0084
S2140106A0002008BD0121FF2883F82C10F8D001EBAB
S2140106B0800109020248FEF73AFAF1E77020F0E7F6
S2140106C08C480020394800203A48002038B50546B5
S2140106D00C4679B110280DD80021FEF769FF074AAC
S2140106E0D08548B1FEF73AFE2A46214611F0D9FBDD
S2140106F0002038BD0220FCE71820FAE78C480020CD
S21401070038B505460C4679B132280DD80021FEF7DA
S2140107104FFF074A508548B1FEF720FE2A4621467C
S21401072011F0BFFB002038BD0220FCE71820FAE7D5
S2140107308C480020014B0020588570478C480020CB
S21401074008B501F0CBFD18B9024B022283F8302020
S21401075008BD00BF8C48002008B5084A1278062A52
S21401076009D1074A82F83100F0F78AFD0020FEF72A
S21401077083F9002008BD7020FCE700BF3A4800203E
S2140107808C4800201FB5194C0023237294F828309A
S214010790012B21D103238DF80C30FEF73DF90246DB
S2140107A000685168628B01AB03C304F1100101A814
S2140107B001F006FCF0F704FE4FF4F04358434FF403
S2140107C07A71B0FBF1F104F10800FEF7B0F90223EB
S2140107D084F8283004B010BD054B1B78012BF9D1E5
S2140107E0962004B0BDE8104080E600BF8C4800208B
S2140107F0394800200020FFF740BF2DE9F341504C57
S21401080094F83050FDF740FF30B14E4B187804286D
S2140108100ED0C21F5042504101F025F894F83030F6
S21401082043B94949494840F28912FBF799FEFEE768
S2140108300120F1E7002315F0020584F8303004D0DA
S21401084002B0BDE8F0410EF0E5BA237E002B71D070
S2140108503C4EE38C317884F824508A1F012A0BD849
S2140108604FF6FE729B1A18BF012307294FEAC313DE
S2140108704ED184F8243009E04FF6FF704A1E8342B9
S214010880D2B23FD0012A41D9042945D100200FF028
S214010890F1FA030648BF94F82430608B44BF43F056
S2140108A0400384F82430FEF7BFF83378063B012B6B
S2140108B037D9608DFEF76EFD10B194F8293023B953
S2140108C0E28C4FF6FD739A422BD894F82900668B7A
S2140108D094F82470B4F8268048B1608DFEF75AFD6E
S2140108E0C5B294F8290010B1608DFEF737FDCDE949
S2140108F00050434616483A46314601F0C3FA02B064
S214010900BDE8F081802384F82430BBE794F82430D6
S21401091043F0020384F8243094F8243043F00803AB
S214010920A7E794F82420618B094802B0BDE8F0419E
S21401093001F070BAAB2002B0BDE8F041D6E500BFC9
S2140109408C4800203A480020354D02008C4A0200AF
S2140109509C4800202DE9F843DFF8E4801646364A25
S21401096098F800301278134305460F4603D07024DA
S2140109702046BDE8F883841FE4B2FCF737FA58B185
S214010980022DF4D0012CF2D926B1AB1E052B01D8CD
S214010990052D4CD10224EBE7002EFBD0AB1E052B18
S2140109A0F8D8052DF6D0012C0CD94FF6FE739F42D0
S2140109B0F0D0022D0AD101200FF05CFA030605D40F
S2140109C0B524D5E74FF6FD739F42E3D93046FFF7CE
S2140109D043FD04460028CBD100F045FFF1F7A4F90A
S2140109E018BB4FF001092846144D88F80090FEF711
S2140109F021F833886B832C76EF8485F83090FCF7EA
S214010A00F5F928B102232B762C82FFF7F6FEAFE725
S214010A10B08801F063FC06460028A9D0922085F82C
S214010A203040FFF763FD3446A2E78E24A0E74FF679
S214010A30FE739F42AED0C9E7424900208C48002091
S214010A40394800200A464FF6FF71FFF783BF2DE9AC
S214010A50F04F09218BB004460FF046FB04EB00096A
S214010A6020460FF051FC0521054620460FF03CFBC1
S214010A702044FFF7E7F980464846FFF7E3F90DF112
S214010A801B01074620460FF079FC064648B321466F
S214010A9007A80FF0A4FB354B1B78A3F1060B5FFAF2
S214010AA08BFBBBF1010F0FFA87FA1DD8304A92F87B
S214010AB0302091072FD59DF81B4000231E44F1F7E7
S214010AC0FBF89DF81B30CDF80490ED1AEDB2024606
S214010AD0CDE9024600954FEADA7307A940460EF0C3
S214010AE06FF90BB0BDE8F08F9DF81B4005930D2CF8
S214010AF0F7D920480E22314611F070FA0028F0D1BD
S214010B001B4A059B92F8302012F0020F03D00E3CD0
S214010B10E4B20E23D2E7D207E3D5174A1278012AA8
S214010B20DFD1134A518B4145DBD1BAF1000FD8DA38
S214010B309DF82410022902D1BDF81C1029B1033BEF
S214010B40012B0ED8137E002BCBD107AB03CB0B4C5E
S214010B501B881061C7F340376160238182F82970D2
S214010B60BFE7BBF1010FF0D9BBE700BF3A48002051
S214010B708C480020574D0200394800209C48002030
S214010B8070B50C4E0C4CF08D002386F834300B4BB0
S214010B901B78063B012B98BF0024FEF7DFFB0546BA
S214010BA0F08DFEF7F7FB2946C2B22046BDE870403D
S214010BB001F086B88C480020574D02003A480020C4
S214010BC010B5FDF761FDF8B1104B1B785A1E012ACE
S214010BD002D9063B012B17D8FDF706FF4FF6FF7328
S214010BE0984211D00A4C94F834306BB9FAF7C6FC27
S214010BF03223B0FBF3F202FB130189B204F1340095
S214010C00BDE81040FDF793BF10BD00BF3A48002075
S214010C108C48002037B50D4B1B785A1E012A044616
S214010C200D4602D9063B012B0ED8FDF72DFD58B116
S214010C30074B93F82C303BB1002300934FF6FF721D
S214010C4029462046FFF76CFC03B030BD3A48002029
S214010C508C4800202DE9F0471E46124B9DF8207067
S214010C601B78BDF82480DDF82890013B012B044653
S214010C70154615D8FDF708FD90B10B4B93F82C30AF
S214010C8043B1CDF820904346324629462046BDE87A
S214010C90F04745E40BF086FF0028F2D0002FF0D194
S214010CA0BDE8F0873A4800208C48002008B590B986
S214010CB00B4B1B78063B012B07D80A48FDF72CFF88
S214010CC0094B012283F8282008BD06484FF4FA7123
S214010CD0FDF72DFFF4E7BDE80840962006E400BFC7
S214010CE03A480020944800208C480020FFF7DEBFD9
S214010CF073B5124B1B78012B06460C460CD1B1B9C5
S214010D000F4DFDF783FE297E6A8B022906D12B8AB9
S214010D1000943146FFF7B1FB02B070BD032905F11F
S214010D2010054FF6FE730CBF2C460024F0E7952005
S214010D3002B0BDE87040FFF7D9BB00BF39480020BC
S214010D408C48002008B5074B014693F8280038B1B7
S214010D50082203F11C0011F041F9B0FA80F04009B5
S214010D6008BD00BF8C4800202DE9F34104460FF072
S214010D709FF82044FFF766F88013032804D0002765
S214010D80384602B0BDE8F081062120460FF0ACF9E6
S214010D902218205851686B4603C36846FFF7D2FFF6
S214010DA007460028EBD03C4E96F82830072B4DD04E
S214010DB0032B20D1FCF74AFB4FF6FF7398420446FB
S214010DC044D096F8242006F11C01FDF778F8051E9C
S214010DD018BF0125314B96F824201B789107A3F103
S214010DE00603DBB23CD5012B88BF4FF0020898BF43
S214010DF04FF006083CE0042B0CD196F92430002B6A
S214010E0028DA4FF6FD75FAF7B9FBA8420446FAD878
S214010E100025DFE7052B21D169464FF6FE70FCF76A
S214010E20ADFFFF2812D0FDF79DF996F8242006F1B4
S214010E301C010446FDF743F805460028CAD01849A8
S214010E40184840F2DB22FBF78BFBFEE702254FF644
S214010E50FF74BFE700254FF6FE74BBE70125F6E7F2
S214010E60120713D4022B34BF4FF007084FF00408C3
S214010E700D482A46214601F05BF81DB92146404639
S214010E800DF06AFF002386F8283079E7012B88BF2A
S214010E904FF00308ABE700BF8C4800203A4800201B
S214010EA0354D02008C4A0200A8480020024B1878F3
S214010EB0431E5842584170473948002010B5054C2A
S214010EC004F12E00FEF762F804F12A00BDE8104096
S214010ED0FEF75CB88C480020012908B508D8054AF9
S214010EE022F811000131C9B2EFF730FF002008BD2A
S214010EF00220FCE7DA4E002001289ABF024B33F8A5
S214010F0010004FF6FF707047DA4E0020024B4FF686
S214010F10FF721A805A807047DA4E0020054B1A88F5
S214010F20824204D05B881B1A584258417047012000
S214010F30704700BFDA4E00200148FDF7EDBD00BF47
S214010F400C4900202DE9F04F8FB092469DF8644081
S214010F50DDF860902B4D4FF6FF721F46904204F06D
S214010F60400380460E4608BF04F0FD047BB1A86826
S214010F703A46494610F095FF84F02001A8682C7384
S214010F80C1F340110FB0BDE8F04FEFF75BBE4FF075
S214010F90020B07938DF828B0FDF726FD8DF834B0C7
S214010FA0ADF82C80D5F808B0ADF82000FDF728FD87
S214010FB08046FDF725FDF21992B2CDE9030208AA93
S214010FC0CDE901820BAA0092079B012221465846D1
S214010FD00EF0D7FF56B1D5F80880092140460FF02C
S214010FE083F832465146404410F05BFFD5F808803E
S214010FF0092140460FF078F830443A4649464044C5
S214011000B8E700BF0C49002038B50D46F0F762F985
S214011010044610B90DB1FDF72FFD204638BDF0F797
S21401102065B9F0F769B9F0F76DB90128034604D838
S214011030044A507B18B9937370470220704770209A
S214011040704700BF0C4900200B4B1B78063B012B59
S2140110500DD870B1037A023B012B0AD8074B026800
S2140110601A6142685A6102891A830020704770200B
S21401107070470220704700BF3A4800200C49002004
S21401108010B5134CA47E86B0FCB98DF80730BDF8B8
S2140110902030ADF80830BDF82430ADF80A309DF8A0
S2140110A028308DF80C300B9B8DF80400049301A8B2
S2140110B0BDF830308DF805108DF80620ADF81430E7
S2140110C0EFF70EFE204606B010BD3E20FBE700BF40
S2140110D00C49002013B5174B1B78063B012B044621
S2140110E024D828B3FDF786FC4FF6FF73984204D147
S2140110F000232372002002B010BDFDF77BFC4FF6E3
S214011100FE7398420CD10823002118466A46F9F767
S214011110C9FD032323726B4603CB20606160E9E7B8
S21401112002232372FDF766FC2080E3E77020E2E7E6
S2140111300220E0E73A48002010B58AB0FDF7A4FA8D
S21401114010B970200AB010BD254C2378DA1E012A8A
S21401115026D8FDF749FC4FF6FE7398422DD103239E
S2140111608DF80C30FDF758FC02460068516801AB5B
S21401117003C32378063B012B29D89DF8243023B3DB
S21401118007AA10685168128904AB03C31A80FDF7D9
S21401119037FC04A9024601A800F012FF0020D1E79F
S2140111A0063B012BCDD807A8FFF794FF0D4B9DF802
S2140111B024201B7E1343CCD1C3E702238DF80C30C9
S2140111C0FDF712FCADF80400D3E7074AD9E702237E
S2140111D08DF81830FDF70EFCADF81000D7E700BF0C
S2140111E03A4800200C4900201C49002003460846C6
S2140111F001B10B60F0F7A0BD0020F0F79DBDF0F740
S214011200C3BDF0F7D7BD014BD86970470C49002024
S21401121070B58CB004460EF04BFE2044FEF712FE6D
S21401122000F007060EF044FE2044FEF70BFEC0F366
S2140112308120022837D1042120460EF055FF204494
S214011240FEF700FE4FF6FF7398422CD101210320D2
S21401125001F0ACF90EF02CFE2044FEF7F3FD030777
S21401126026D5072120460EF03FFF235C03F0070337
S214011270052B04D0484B1B78063B012B18D8012EB2
S21401128014D1454B19780639012994BF0021012153
S21401129020460BF0B1FC58B101210E200CB0BDE880
S2140112A0704001F083B901210220D1E70021EFE768
S2140112B001212046FCF7D0FE012E58D1FDF7E4F9B6
S2140112C000284CD0344B1B78063B012B49D80EF036
S2140112D0EFFD2044FEF7B6FD00F008050EF0E8FD30
S2140112E02044FEF7AFFD2B1E18BF0123C0F34010AC
S2140112F043EA40038DF80030F0F7DEFC8DF81C0061
S214011300F0F7F6FC8DF81D0045B1082120460EF0D9
S214011310EBFE21183046FEF7B1FD05460895FDF7B0
S21401132071F90546F0F774FC4FF47A7300F5FA701C
S214011330B0FBF3F02D1A20460B950EF0E5FF0921C0
S214011340ADF8240020460EF0CFFE20440A90214638
S2140113500DF102000EF099FF68460DF029FD0CB064
S21401136070BD20460CB0BDE87040FEF731BF032EBD
S2140113700AD120460FF03AF90028F0D020460CB0EA
S214011380BDE8704000F060BB002EE8D120460CB0EE
S214011390BDE87040FFF75BBB3A4800202DE9F043FB
S2140113A08FB014460F4605460EF082FD2044FEF728
S2140113B049FD00F007080EF07BFD2044FEF742FDD4
S2140113C081460EF075FD2044FEF73CFDC0F38120FA
S2140113D0022820D1042120460EF086FE2044FEF786
S2140113E031FD4FF6FF73C21A564256410EF060FDAC
S2140113F02044FEF727FD03070FD5352D1BD000210E
S21401140020460BF0F9FB40B1454946484FF4DD72E2
S214011410FBF7A6F8FEE70026E8E709F02000002D16
S2140114204DD100285AD00121052001F0BFF82946E8
S2140114302046FCF711FEB8F1010F66D13A4B3B4E40
S2140114401B78063B012B56D8337B03F00F0213F0B3
S21401145001008DF8042007D0082120460EF044FE36
S21401146021184046FEF70AFD099020460EF04CFF73
S2140114700921ADF8280020460EF036FE96F82030F9
S2140114808DF8203020440B908DF83070FDF7BAF8B7
S2140114900646F0F7DFFB4FF47A73214600F5FA7043
S2140114A0B0FBF3F0361A0DF106000D960EF0EDFEC8
S2140114B001A928460DF072FC0FB0BDE8F083312D6E
S2140114C006D08D2D10D0402DB5D10121062002E089
S2140114D020B10121052001F069F8ACE701210EB128
S2140114E00920F8E70420F6E7002E4FF001010CBFB3
S2140114F007200A20EFE796F8201023463A462846AA
S2140115000FB0BDE8F043FEF7EDBDB8F1030FD3D140
S214011510214628460FB0BDE8F04300F061BB00BF8E
S214011520284E02008C4A02003A4800200C4900204E
S2140115302DE9FF47044602201F46BDF83090DDF82E
S21401154034A09DF838800D4616460EF093FC03062F
S21401155002D518F0800F11D0114B1B78F3B9114B3F
S2140115603A4683F820503146CDE900A84B4620463E
S214011570FFF7E8FC002004B0BDE8F087CDE901A83C
S214011580CDF800903B463246294620460BF040FCFB
S2140115900028F0D10348FDF7BFFAEBE78C20EAE715
S2140115A0CA4800200C49002010B53D4B1B7888B076
S2140115B0002B6BD1FBF72EFC28B93A4808B0BDE8E2
S2140115C01040FDF7A9BA374C94F82130DB0709D54E
S2140115D0354B1878EFF76AFE94F8213023F00103B3
S2140115E084F8213094F82130980714D594F8220015
S2140115F0EFF7AEFE94F8213023F00202190784F8C3
S214011600212008D50020FDF737FA94F8213023F081
S214011610080384F8213094F821305A070BD523F0BB
S214011620040384F821300123A376636A002008B0FE
S214011630BDE810401847A37E43BB0BF073FC38BBD4
S2140116401A4B1B78042B01D0072B03D11848FBF744
S21401165037FDD8B903A80BF079FC30B915491648FF
S2140116604FF41A72FAF77CFFFEE79DF8113084F802
S21401167020309DF80C3001930022059B0093BDF8A5
S2140116800E00BDF812301146FFF75CFC08B010BD25
S214011690A37E002BFAD108B0BDE81040EFF774BE68
S2140116A0CA4800200C490020E52100203A480020C5
S2140116B0390F0100284E02008C4A0200024B00221C
S2140116C01A70FFF771BF00BF0C490020024612488E
S2140116D0837E10B51BB990F82130590703D5012038
S2140116E09047002008E00D49097831B95BB901241B
S2140116F0847618469047204610BD43F004034262A4
S21401170080F82130EDE743F00403426280F821308F
S214011710FDF702FAE5E700BF0C490020CA480020A1
S2140117200248837E0BB9FDF7F7B970470C490020D4
S21401173010B5164A037A1278063A012A04460ED8DC
S214011740032B08D1FFF7FEFAE0B92046FCF7BEF9F5
S21401175000F0010010BDBDE81040FCF7B7B9022B40
S21401176005D1BDE8104000880021FCF727BC032BFB
S2140117700AD1FFF7E7FA28B921464FF6FE70FCF7C3
S2140117801DFCE5E70120E3E70020E3E73A480020F7
S214011790F0B585B004460EF08BFB2044FEF752FBF5
S2140117A000F007070EF084FB2044FEF74BFB274BA7
S2140117B006461FBB93F828500135EDB283F8285032
S2140117C00EF076FB2044857001A821460EF031FD0F
S2140117D001A8FFF7ADFF38B10EF06AFB46F0100125
S2140117E089B22044FEF734FB0EF062FB2044FEF77C
S2140117F029FB030712D4002005B0F0BD93F8295049
S2140118000135EDB283F829500EF052FB2044032F28
S2140118108570D9D1204600F009FAD5E70721204680
S2140118200EF062FC451C0BF0C5F92544024629461C
S2140118300120FEF715FB20460BF0DCF90028DAD074
S2140118400B20012100F0B2FE3520D5E70C4900201F
S2140118501FB5014601A80EF0C2FC01A8FFF768FFFC
S21401186005B05DF804FB0A4A117881420ED0094B97
S21401187010701B780BB9EFF719BD074890F82130A7
S21401188043F0010380F82130FDF746B9704700BFE9
S214011890E5210020CA4800200C49002010B5044B61
S2140118A000241C70FFF7DFFF024B1C7010BD00BF49
S2140118B00C490020CA48002038B5164C0023237670
S2140118C00546EFF79DFEF9F759FE84F82900F9F76A
S2140118D055FE84F828002846FFF7E0FFA368ABB959
S2140118E0EFF776FA60B14FF400600AF0F9F8A060FD
S2140118F060B90949094840F26912FAF731FEFEE774
S214011900EFF774FA0028EED18020EEE70123637327
S214011910002038BD0C490020284E02008C4A0200E7
S214011920014B1878704700BFE521002002480023CC
S2140119308376FDF7F1B800BF0C49002038B50E4D8F
S2140119402B78044623B92046EFF702FD012038BD67
S214011950FBF74CFA10B12B78012BF4D0074890F81E
S214011960213080F8224043F0020380F82130FDF751
S214011970D3F80020EBE700BFCA4800200C4900203E
S214011980F8B5124EB37E05460F46C3B9FBF72EFADD
S2140119900446B0B92846EFF7CFFCA0B12846FFF7BA
S2140119A0CDFF1FB120B12046FDF766F80020F8BD37
S2140119B096F8213043F0080386F82130F6E73E20FA
S2140119C0F5E77020F3E78A20F1E700BF0C49002015
S2140119D00121FFF7D5BFEFF77DBC024BD8610DF0B3
S2140119E0C5B900BF0C49002038B5064CE56A034668
S2140119F008462DB9E362F0F7D7F800B1E56238BDC5
S214011A007020FCE70C490020024B0022DA62F0F756
S214011A10E3B800BF0C490020084A08B5D36A33B9B9
S214011A20074908484FF44772FAF79AFDFEE7002186
S214011A30D1629847BDE808400DF008BA0C4900206D
S214011A40284E02008C4A02002DE9F043092187B096
S214011A5004460EF049FB265C012E04EB00052CD152
S214011A60062120460EF040FB22182058516804AB90
S214011A70012E03C33AD07D2E41D120460EF044FC00
S214011A80461FE81C95F8018095F80290FEF7DAF9F2
S214011A9007460EF00DFA2044FEF7D4F9B6B2C0F3AD
S214011AA0C00056B305350090CDE901653B464A4670
S214011AB0414604A8FFF7CEF81CE07D2ED0D0042EB8
S214011AC040F08B800EF0F4F92044FEF7BBF980134A
S214011AD00328C5D0F0F7D4F8C1070BD52046FFF789
S214011AE043F938B92046FBF731FF03E0697804A8CB
S214011AF0FFF790F807B0BDE8F0833546D3E7022E2E
S214011B0006D1681CFEF79EF9E978FFF7F1F8F1E7D0
S214011B10042EDFD0072E02D1FFF752F8EAE77E2E19
S214011B2026D1062120460EF0DFFA2044FEF78AF978
S214011B3006460EF0BDF92044FEF784F9800B13D05B
S214011B400EF0B6F92044FEF77DF942060CD40521C5
S214011B5020460EF0C9FA2044FEF774F96A78014669
S214011B603046FBF7D3F9C5E70321F1E7032118E077
S214011B707F2EBFD1062120460EF0B6FA2044FEF78E
S214011B8061F906460EF094F92044FEF75BF9800BE6
S214011B90ECD00EF08DF92044FEF754F94306E5D457
S214011BA0052120460EF0A0FA2044FEF74BF9044624
S214011BB0A81C95F80180FEF745F9691D0746012026
S214011BC095F80490FEF75AF93B46CDE90090424657
S214011BD021463046FBF7C2F98CE7022E9AD190E7F0
S214011BE038B50D460446092128460EF07DFA2B5CD1
S214011BF07E2B16D004D8012B09D07D2B0CD038BDF6
S214011C007F2BFCD12046BDE83840FBF70DBA2046B5
S214011C10BDE83840FFF74AB82046BDE83840FFF730
S214011C2065B82046BDE83840FBF77AB938B50921D2
S214011C3004460EF059FA235C7F2B04EB00050BD10A
S214011C40FBF7B6F82871FBF7B9F8691D0246BDE83F
S214011C5038400120FEF704B938BD70B590B00223B4
S214011C6000248DF82C3001234FF6FF75CDE9034390
S214011C7006AB0CAECDE9015309AB00930322234614
S214011C80304680218DF82040ADF824500EF079F9C9
S214011C90092130460EF028FA00F140030DEB03004F
S214011CA0072300F8103CC023CDE901630E230093FF
S214011CB02246234621462846FFF73AFC10B070BD5F
S214011CC02DE9F047051E9AB014BF0E260026884659
S214011CD09146FCF789FE4FF6FE73984206AC66D134
S214011CE003238DF82030FCF797FE02460068516802
S214011CF0234603C34FF0000A8DF82CA0FCF780FEA4
S214011D004E44331DCDE903030CAF09AB0093524695
S214011D1053460421CDE901A438460EF032F93A4B78
S214011D201A783A4B012A197852D0062A5AD1384BDA
S214011D301B78002B43D140F6FF7348F6FF725145DE
S214011D400CBF1C461446092138460EF0CDF907EBA8
S214011D50000A50462146FEF77BF800238AF8023037
S214011D600AF104008AF803305DB105F10C0355F859
S214011D70042B40F8042B9D42F9D12B8803800AF1ED
S214011D801200B8F1000F03D04A46414610F089F818
S214011D904423CDE901733736002300961A461946C7
S214011DA04FF6FF70FFF7C4FB1AB0BDE8F0870223B9
S214011DB08DF82030FCF718FEADF818009AE74CF6BF
S214011DC0FF7344F6FF72002914BF1C461446BAE797
S214011DD044F6FF734CF6FF72002918BF134643F40E
S214011DE00054B0E748F6FF7340F6FF70002908BFBD
S214011DF00346042A02D143F48053F0E7072AEED1C2
S214011E0043F480549FE700BF3A480020B8480020BA
S214011E10BD4800202DE9F04192B04FF003080F466F
S214011E20154606468DF82480FCF7F6FD0446006844
S214011E30616807AB03C34FF6FF740223CDE9034382
S214011E4007AB4246CDE901730AA800230096062196
S214011E500EF097F809210AA80EF046F90AAB0AA96E
S214011E60034401220A545D70462302931F23009304
S214011E70002301911A4619462046FFF759FB12B076
S214011E80BDE8F0812DE9F04FA1B08A4690461F4685
S214011E909DF8A84081460AF085FE4FF0030B851D8C
S214011EA08DF820B0FCF7B8FD03460068596806AE09
S214011EB0631D03C604934FF6FF730393EDB206AB9F
S214011EC05A46CDE901A32946002309A8CDF800907A
S214011ED00EF057F8092109A80EF006F909AB09AA70
S214011EE01E187D2313540223737086F80280394628
S214011EF006EB0B00FDF7ACFF24B12B992246701DB3
S214011F000FF0CFFF0AF04EFE80B1273409ABCDE9C2
S214011F10004345F04005002302951A4619464FF640
S214011F20FF70FFF705FB21B0BDE8F08F2234EDE727
S214011F302DE9F04194B04FF00308164604460F46CB
S214011F408DF82080FCF768FD0546006869688DF805
S214011F502C8006AB03C36168206809AB03C3FCF79A
S214011F604FFD0446FCF74CFD0423CDE9030306AB05
S214011F70CDE9014309AB424600930CA80023062194
S214011F800DF0FFFF09210CA80EF0AEF80CAA0CAB61
S214011F901C18022313543946601CFDF759FF4623CB
S214011FA0E67002930CAB01931F23009300231A469D
S214011FB019464FF6FF70FFF7BBFA14B0BDE8F08183
S214011FC0F0B58FB00C4616460746FCF719FD07AD6F
S214011FD001230322CDE90303009400232846CDE91B
S214011FE0016706210DF0CDFF092128460EF07CF889
S214011FF000F138030DEB0300042300F81C3C0DF040
S21401200057FF044628460DF05EFF46230444CDE9FB
S2140120100153A4B2002300941A4619464FF6FF70E6
S214012020FFF786FA0FB0F0BDF0B593B002260C4666
S214012030154607468DF82460FCF7D6FC8DF830600F
S214012040ADF81C00ADF82870FCF7DAFC07ABCDE95B
S21401205001430AABCDE903060093032200230DA832
S214012060A2210DF08EFF09210DA80EF03DF80DAB53
S2140120700DA903447E220A545D70FCF7C1FCE223DD
S214012080A04214BF1320112002930DABCDE900032B
S21401209000231A4619464FF6FF70FFF749FA13B0A8
S2140120A0F0BD2DE9F04194B0002A4FF002050CBFB7
S2140120B0202424240E4607468DF82450FCF794FC71
S2140120C08DF830504FF6FF75ADF81C00ADF828506E
S2140120D0FCF796FC07ABCDE901534FF009080AABB4
S2140120E0CDE9030800930322002321460DA80DF035
S2140120F048FF41460DA80DF0F7FF0DAB03440DA9AF
S2140121007F220A545F703146981CFDF7A1FE0DAB85
S21401211001931A23009344F04004002302941A46C4
S21401212019462846FFF704FA14B0BDE8F08100BF4F
S21401213038B50A4C2078FFF796FB6088FFF7FEFB60
S2140121400025A088FCF770FCA571FFF7EFFB044B98
S2140121501D70BDE83840FFF7E3BA00BF3C490020D8
S214012160CA48002010B5FEF75CFF044C6080FCF7FF
S21401217047FCA080FFF7D4FB207010BD3C4900202F
S2140121800148FCF7C9BC00BF4449002010B5104BFC
S2140121909A795C88012A05D00E490F48C122FAF7C0
S2140121A0DFF9FEE703229A71FFF7DCFFE0B2FFF7E3
S2140121B0C5FB0220FFF757FB08480821FFF714FC70
S2140121C028B104490448CC22FAF7CAF9FEE710BD43
S2140121D03C490020444E02008C4A02008121010045
S2140121E02DE9F041394FBB790024022B3C7205D111
S2140121F0FFF79EFFBDE8F041FEF7FFBA032B63D160
S214012200EFF7D0F80546388A28B931493148D72240
S214012210FAF7A6F9FEE7FDF7A1F8437803449D70A7
S214012220437802780133DBB29A4243700BD92A48CD
S2140122300821FFF7D9FB002846D025492548E32287
S214012240FAF78EF9FEE7388AFDF788F810F8011BD1
S21401225023460546A0462646DAB291421BD894FB91
S214012260F1F4002264B21346D5B2A94225D8012959
S21401227089BF01F1FF31002593FBF1F39DB20023E5
S2140122803B82FFF755FF2B46424631462046BDE8C6
S214012290F0410CF0C5BD15F9012F002B04BF164601
S2140122A090469642A8BF164642451444B8BF4246D9
S2140122B076B24FFA82F80133CEE710F9015F2D1B93
S2140122C005FB05330132CFE7BDE8F0813C4900202C
S2140122D0444E02008C4A02008121010070B5054679
S2140122E0FAF784FD70B90A4EB4796CB92846EFF74F
S2140122F023F858B101230748B3717580FFF7E6F953
S214012300204670BD7024FBE73D24F9E78A24F7E7F1
S2140123103C4900204D230100014B188000207047E6
S214012320CA21002008B5084B18884FF6FF7398425B
S21401233009D1EFF745F847F6C03358434FF47A739F
S214012340B0FBF3F080B208BDCA21002038B5124CAC
S214012350A3796588012B05D0104911484922FAF75F
S214012360FFF8FEE70223A371FFF7FCFE0020FFF74C
S2140123707AFA4FF6FF70FCF757FBE8B2FFF7DEFA82
S214012380FFF76BFCFFF7CEFF014604F10800BDE83E
S2140123903840FCF7CCBB00BF3C490020444E02004D
S2140123A08C4A02000148FCF7F1BD00BF4C490020F1
S2140123B0F8B507460D46FAF719FD10BB1DB3164EC4
S2140123C0B47914BB3846EEF7B7FF00B3338A33B19E
S2140123D01249134840F20312FAF7C2F8FEE7214603
S2140123E0A81CFDF7E5F8308298B17780FCF7B6FFB8
S2140123F00123B371447005700A48FFF767F9204658
S214012400F8BD7024FBE70224F9E73D24F7E78A24A8
S214012410F5E71824F3E700BF3C490020444E0200CC
S2140124208C4A02008D2101002DE9F04F054685B04A
S2140124300C469A469046D2B128B92C492C482C22F3
S214012440FAF78EF8FEE701B902ACDFF8A89000278C
S214012450CB4639F8020B002842D0FCF79BFF0A282E
S21401246011D0224922483E22FAF77AF8FEE729B926
S2140124701E491F483122FAF773F8FEE70028E4D117
S2140124800DF10605E1E739F8020CFCF767FF064691
S214012490B8F1000F14D0FDF7D5FC2B8883421FD16D
S2140124A0D6F802302360D6F806306360BAF1000F22
S2140124B002D000232BF81730012005B0BDE8F08FBD
S2140124C0811C082220460FF089FD48B93046FDF7E9
S2140124D0B9FC2880BAF1000FEED02BF81780EBE795
S2140124E001370A2FB5D10020E7E700BF5B4E020097
S2140124F08C4A0200DE4E00202DE9F3411E4BADF85A
S21401250006001B78063B012B0D4630D801231A46E0
S21401251000210DF10600FFF787FF0022012329465F
S2140125201046FFF781FF154B0026984633F8024BFD
S21401253034B101360A2EF9D1B42002B0BDE8F081DB
S21401254021460A20BDF80670FDF732F828F8160075
S21401255078B1FCF703FF39460646FDF779FC2B6890
S214012560C6F802306B68C6F806302046E5E77020EC
S214012570E3E71820E1E700BF3A480020DE4E0020DE
S2140125800248142200210FF053BD00BFDE4E00208A
S21401259008B5FFF7F5FF002008BD00BF02489022EE
S2140125A000210FF045BD00BF50490020232808B583
S2140125B005D9064906482122F9F7D2FFFEE7054A62
S2140125C052F820300B4442F8203008BD8F4E0200EE
S2140125D08C4A02005049002023289FBF034B53F822
S2140125E020300B60002088BF7020704750490020C3
S2140125F02DE9F04F14469B46C36B87B005465B69D1
S21401260060680E46012202A99847EB6B01225B69BE
S21401261003A93046984702A80EF01EFC074648B1AB
S2140126200023A37563754FF0FF33A360002007B046
S214012630BDE8F08F03A80EF01CFC0123A375237ED2
S21401264004EBC303DE611F846368B3420ED12060CE
S21401265003A80EF030FC4FF0FF332075A360237DF6
S214012660043B022B25D80023A375DFE723681A1A3B
S21401267053425341A37503A80EF01DFC237D8342EC
S21401268018BFA77503A80EF0F8FB074602A80EF0C0
S214012690F4FB87421CBF0023A37503A80EF0F5FBCD
S2140126A0074602A80EF0F1FB87421CBF0023A37564
S2140126B0D5E703A80EF0E1FB80B1EB6B02225B6964
S2140126C004A93046984704A80EF0E6FB0346207D91
S2140126D0032839D8DFE800F03838040903A8F3E7FF
S2140126E0237E04EBC303CC221A8401F08BFC109BDF
S2140126F01870277E03A80EF0B4FB04EBC70787F813
S2140127002200237E04EBC30303A8B3F8209093F8BA
S21401271022700EF0B2FB804603A80EF0B6FB82468E
S214012720B8F1000F15D0EB6B02225B6904A93046A5
S214012730984704A80EF075FB6075637D6BB900239E
S214012740A3754FF0000838E0227E04EBC202138422
S214012750CBE703A80EF050FBEEE794F81680B8F12D
S214012760000FEED0B9F1000F09D1DFB10123E375F7
S214012770637E002B4FD1012F42D1677614E06B6C3C
S21401278006EB0A02594286EA020008421CBF0021F3
S214012790A175591E0A409B1A9945D0D8A37D002BD6
S2140127A0E3D1CEE7E37D43B94FF000084B465246EE
S2140127B0314628460EF0CAF8A060A27D12B1236900
S2140127C04B4423611949237E097899422AD901335A
S2140127D02376BBF1000F27D032B3E37D23B3B8F1E4
S2140127E0000F21D1032F1FD0A1684B1C1CD0109BBA
S2140127F00093224601232846FFF7FAFEA07513E050
S21401280095F8343063B9EB6A0133CFD1032FCDD1BC
S2140128100123A376C8E7012FCFD0032FC4D1F7E752
S2140128209846C3E70023A375A07D00E7484302004E
S2140128302DE9F04F8BB00E46044698464FF0FF3117
S2140128400023104617468DF8133001F0C5FBB6F588
S214012850801F3BD3B21C53D1E56A6B1C57D1616A0A
S21401286020460DF0B9FF0546B31C18BF0123DFF85B
S21401287014910193636A626C0293236802FB053A22
S214012880E36B05A95B6905225046984705A80EF03B
S2140128909CFB0EF0BFFB50460EF0C7FB4FF0000B43
S2140128A0824601464B1C05D0636C81EA0A025B42F4
S2140128B0134232D0294620460DF08EFF029BAB42D2
S2140128C04DD0BBF1000F4DD10546D3E7314605AAE1
S2140128D004F108000EF075FA0146481C10D038467F
S2140128E001F07AFB0DF113030122394620460EF062
S2140128F0A8F828B19DF8133088F80030002003E0CE
S214012900237C002BA8D11D480BB0BDE8F08F2368AF
S214012910ED1A636CB5FBF3F5A6E7484601F05CFBE0
S2140129200DF11303019A494620460EF08AF8034634
S21401293090B1B21C03D0D9F80020B2420CD1039357
S2140129400F4B9DF8132088F8002049461A68384630
S2140129500FF0A7FA039B9B46D9F80810A2E7BBF134
S214012960000FD0D0B6F5801FC8D298F800307A682C
S214012970314604F1080001F073FABFE70BE000F0FE
S21401298044430200A43200202DE9F3410E461B4DBC
S214012990816A044617469846E36A8B422AD04B1C46
S2140129A018E0284601F018FB0DF10703012229461D
S2140129B020460EF046F830B19DF8072043462946DA
S2140129C02046B847B0B1A9684A1C05D0012E0AD0E6
S2140129D0E36A9942E5D10DE0696820460DF089FF6A
S2140129E0012E0146D8D16B6881EA0302636C5B4213
S2140129F01A42D1D002B0BDE8F08100BF7832002083
S214012A002DE9F041036B07689046826B9A4288BFB6
S214012A108363426C436A02FB0377C36B90B05B69C6
S214012A200E46052201A904463846984701A80EF02D
S214012A30CCFA01280146307057D0656CE26B2368EA
S214012A40606AD2F814C005FB0030052206A9E047EB
S214012A5006A80EF0BAFA01284FF0000523D0D4E9F3
S214012A600A3201219342CDE90B458DF834800E954B
S214012A708DF83C102AD1194620460DF03AFF236BFB
S214012A80626CE06214339B1A23630C9B53B99DF866
S214012A903C303BB1626A616C2368E06B01FB02313A
S214012AA00EF04BFA0C9DE36B05225B6901A93846D3
S214012AB0984701A80EF089FA3070236BA26B28465E
S214012AC09A4288BFA36310B0BDE8F081237C33B976
S214012AD01C490BAA04F1080001F012FAD5E71A4ABC
S214012AE00BAB2046FFF750FFCFE7237C23BB1749EC
S214012AF0224604F1080001F003FA616A20460DF04F
S214012B008CFE616A421C20460DF055FE054620B932
S214012B10236B626C1344143B2363A16A20460DF0B9
S214012B20E8FE2368A062C01A636CB0FBF3F0606233
S214012B3020460DF021FFB6E7054A00232046FFF7A1
S214012B4023FFDAE7013501007D340100CB0A0200DC
S214012B50670A020073B50D46D11E4A421C461B7E0B
S214012B604A419A4226D129682368994222D363684A
S214012B7099421FD8114E0DF107033246FFF758FE52
S214012B80C0B972686B689A4214D19DF80730DA1E94
S214012B9053425341227E93420CD1636901336361F0
S214012BA0D4E90323934205D2A268296842F8231088
S214012BB001332361012002B070BD00BFD032002076
S214012BC02DE9F04F8BB0DFF858B19A469DF850309A
S214012BD00293DBF81030534580460D461646C0F08A
S214012BE09980DBF804300193D146B9F1000F00F06B
S214012BF08D80D8F83C3001985B69012207A9984777
S214012C0007A80EF036F9DBF80030984240F08580D0
S214012C1007A80EF03AF90428074614D107A80EF0C3
S214012C203BF9019B029A04463B44002A3FD1864267
S214012C3012D9361A1446019940460DF05AFEA9EBF0
S214012C4004090190D1E7D8F83C3001985B6902226B
S214012C5008A9984708A8E2E7841B544528BF5446AC
S214012C60032C03EB0607AAEB040A4FEA94021CD9CD
S214012C70D8F83C3029465B693846984724F0030368
S214012C8004F003061F441D44002ED4D0D8F83C306F
S214012C9001225B6908A9384698473246284608A9A2
S214012CA035440FF0FEF80026C5E72646ECE700F0AF
S214012CB00302039203442A18074604920593049BD1
S214012CC0DD1B059BD81B039B9F420FD1002FB2D063
S214012CD0D8F83C30012208A95B6998473A4608A90A
S214012CE028460FF07BF978B93D44A4E7D8F83C3084
S214012CF0012208A95B699847042208A928460FF013
S214012D006DF908B9043FDAE7DFF8189048460BB0CA
S214012D10BDE8F08FDFF81090F8E7DFF81090F5E7E0
S214012D20FC32002012E000F011E000F022E000F09A
S214012D302DE9F0410F4688B016469846044660B322
S214012D4090F83450FDB101210DF00BFD0E9BCDF82E
S214012D500480CDE902379DF83C308DF81C30237C89
S214012D6004960021CDE905118BB90D4901AA04F19C
S214012D70080001F0C5F8DDE90553E06B002E08BF39
S214012D801D460DF0B0FE284608B0BDE8F081054AA4
S214012D9001AB2046FFF7F8FDEDE70546F3E700BF78
S214012DA0950A0200552B01007FB590F8426001920A
S214012DB004460DF10B030A46304612490DF09BFE00
S214012DC0012EE36B054619D15B69324603A9984784
S214012DD09DF80B10039B019A59B19BB243EA02433B
S214012DE00393E36B9B69012203A92846984704B025
S214012DF070BD1B0C1B0492B21343F1E79B690122C1
S214012E0001A9F3E7FC3200202DE9F04F99B00F46F7
S214012E1009920A69416C0E931439D31DB3FBF1F381
S214012E20013302EBC302036B93420446C0F00D82EA
S214012E300023DFF820940D93E36A0793194648466A
S214012E4001F0CAF8D7E9033604930E9B022B4ED144
S214012E50CC2E40F08A81099B002B42D03946204671
S214012E600DF0A0FE656C079A14906B1E1340ED1AC8
S214012E70E36B78685B69012216A9984716A80DF0DE
S214012E80FCFF00280CBF04230823782E06933DD9A7
S214012E900123002505934FF0080A3B6805990E9813
S214012EA0C9F80030C9F810600EF009F84FEA9A0325
S214012EB01093DDF81CB089F8140000230B930F93D0
S214012EC008930C93616C4A1E0BEA02028B1A002EC1
S214012ED038D05544AB4240D8236B5B1A1344236366
S214012EE0ABE0049B1B68149308230693D0E7656C3C
S214012EF0079A6B1E1340782EA5EB030516D8FB7DAB
S214012F007BB9099B002BB3D104230693331DAB4237
S214012F1010D9A6B1082DBBD8042500230593AA46CF
S214012F20BBE7099B002BA3D10823EEE7099B002BE7
S214012F309ED1D9E7002505954FF0040AADE7042593
S214012F400596F9E75345C7D30BEB0A030393B0463F
S214012F50089B002B18BF032313E0A3EB0A039E4232
S214012F60B0460BEB0A0228BF98469E420392EFD961
S214012F70D9F810200123964289F8173071D1C9F883
S214012F8004B0089399F81730002B6CD099F81820E4
S214012F900899D31C09EBC3030132C3F804B0A3F8A4
S214012FA00880997289F81820B8F1000F14D00E9B8A
S214012FB0022B5BD10B9B7BB90F9B4344032B0BD995
S214012FC0E36B03989B69012214A9984705460028DC
S214012FD040F03D8101230B93089B0193059B0093D1
S214012FE099F814203968434616A800F0ABFFE36B46
S214012FF0109A9B6916A958469847051E0D9B18BF3F
S2140130005B460D9352464346594620460DF09EFCBC
S214013010236BC9F8080008F10302A3EB0A0322F0A8
S21401302003029B1A2363002D40F011810F9BDDF8EC
S2140130300CB04344A6EB08060F93594620460DF004
S21401304058FC00258346002E7FF43CAF814A396840
S2140130509368E36252680E9B04F1080000F000FFDB
S214013060DEE002238DE7C9F804B09DE7099B002B3B
S21401307030D1049BB8F1030F43440A9327D9E36B7D
S214013080DDE903019B694FEA980298470546002847
S21401309065D118F003025FD0049B28F003052B448A
S2140130A00493039B1D444FF0FF330499159315A811
S2140130B00EF0F7FEE36B28469B69012215A9984797
S2140130C00A9B04930546002D86D0039B99E7039D32
S2140130D04246E8E7039B0A9307F120031193FB7D21
S2140130E078689BB13D7E0C9A0023D9B28D4211D9E6
S2140130F0119931F83310914203F1010C26D907EBEF
S214013100C3030699D8690A44104403E00C9B069A47
S21401311013441844E36B01225B6915A99847159B74
S21401312013930C9B0A9804330C93E36B01229B695F
S21401313013A99847039B0A9A43449B1A042B0546F6
S21401314007D978B9134604330A93C8E7521A634677
S214013150CBE70A9B0393B6E70A9B04933CE70A9BDB
S2140131600493B2E70A9B0393AFE73B4E04F10803CF
S21401317003932368079A606CA2EB030ABAFBF0FA82
S21401318000FB0A300DF051FFE16A804620460DF043
S214013190B0FBA26A82424AD0626CD9F80830256830
S2140131A0E062511E0B40216B891A0B4423630D9B71
S2140131B05D1BB5FBF2F5AA4536D1079BB3EB080AB2
S2140131C012D0E36B4FEA9A029B6941469847E36A3D
S2140131D0079A5344E362236B9B1A43448346236353
S2140131E003980DF0BEFDDA462368616CE06B01FBC7
S2140131F005310DF08FFE20460DF0BEFA20460DF08B
S214013200BBFB2063BAF1000F11D03A69616CD31D84
S2140132101439B3FBF1F3013302EBC3029042A8D297
S214013220304619B0BDE8F08F4FF0000ADCE73A6986
S214013230616CD31D1439B3FBF1F3013302EBC30206
S214013240236B9342BFF4F8ADEAE7044EE8E72E4657
S2140132508CE700BFA432002023E000F006E000F077
S2140132602DE9F3471E4643699DF82890B34204466C
S214013270884617463DD300258DF8075020460DF0A9
S21401328047FAD4F830A082450AD2236AB5EB430F39
S21401329006D200220DF107012046FFF7B1FB30B33D
S2140132A09DF80730012B05D100220DF107012046BC
S2140132B0FFF7A6FBB9F1030F06D0314620460DF005
S2140132C012FA256B854218D30D4D4FF0FF31284673
S2140132D000F082FE4B46002229462046C5E90376C9
S2140132E0C5F8008002B0BDE8F047FFF78DBD013597
S2140132F0C4E7044802B0BDE8F0870348FAE700BF18
S214013300D03200200FE000F006E000F02DE9F04793
S21401331090F8426086B0012E05460391A1EB0207A4
S21401332015D1B7F5807F28BF03264FF06408DFF874
S21401333048A100244FF6FF7995F84230012B14BFBF
S214013340322364239C420AD35FFA88F415E0B7F56A
S214013350803F34BF012602264FF03208E7E705AB6F
S2140133602246514628460DF0FBFB95F84230012BCC
S214013370059B34D14B452DD1E4B295F84230012B53
S2140133800CBF64223222121BB24217D3012E39D14E
S2140133900022012B05978DF8132027D1082205A9B5
S2140133A00DF113000DF098FD9DF81330059A42EAD1
S2140133B0032221462846FFF7F7FC40B102232E4997
S2140133C000930968CC2303AA2846FFF749FF06B0F5
S2140133D0BDE8F087DBB203B902340134ACE7591C0F
S2140133E0CAD09BB2002BF8D10134F6E7102205A90A
S2140133F00DF113000DF070FD9DF81330059A42EAA9
S2140134000342D6E7039A0592012B23D108232022F3
S21401341005A90DF113008DF813300DF05DFD9DF833
S2140134201320120221462846FFF7BEFC95F84230CB
S214013430611C012BC9B21AD10028BFD1BDF81420D6
S2140134402846FFF7B1FC0028B8D10234BDF8162093
S214013450E1B2AFE71023202205A90DF113008DF884
S21401346013300DF039FD9DF813201204DAE7002819
S214013470A4D1059A9EE700BFFC320020032A2DE95D
S214013480F34106460D4617461C4606D1237A012B04
S21401349023D0012002B0BDE8F081DFF86080096822
S2140134A00DF107034246FFF7C3F960600028EDD12E
S2140134B09DF80720237A032AE8D0D8F804106A6812
S2140134C09142E3D1012B2969D4F80CC007D1726966
S2140134D00CEB0103934202D92074207CDAE7083111
S2140134E06144E1603B46012229463046FFF78CFCE9
S2140134F060600028CAD00020CCE700BFD032002090
S2140135002DE9F341089C032A2668174606D1237A3B
S214013510012B24D0012002B0BDE8F081DFF89080B5
S2140135200DF1070342463046FFF782F96060002836
S214013530EDD12568D8F80400A96AD5F844C0227AE6
S2140135404840CCF100031840E1D1012A09D1E268D4
S214013550D8F8103013447269934202D92074207C43
S214013560D9E72868EB6A1B1A081AB3FBFCF3B0FB11
S214013570FCF083420BD1706CF36A421E1340326B2F
S214013580121A1344336328460DF0B3F9E862D8F8EB
S2140135901020E3680649206808321344E3600122DC
S2140135A03B46FFF731FC60600028B0D00020B2E750
S2140135B0D03200202DE9F04F4FF0FF334FF6FF7267
S2140135C0002500F10806C0E9092387B00446C36256
S2140135D00562056330460F460DF0C3FB20460DF02D
S2140135E0CBF828BB204639460DF046F920460DF0AB
S2140135F0C3F828BB8A4D20460DF0F1F9ECE0E26BEA
S2140136002368606CD2F814C001A9052200FB0530BE
S214013610E04701A80DF0D9FC012828D1294620460B
S2140136200DF0FBF8421C294620460DF0C4F8013582
S214013630E3699D42E3D320460DF09EF80028D1D0E1
S21401364000254FF6FF73C4E908534FF0FF39CA4609
S214013650A846E369984514D3A5EB0905012D37D88B
S214013660636A4FF6FF72934247D16E4DC3E70DF082
S214013670D6FC0028DBD0294620460DF0CEF80246BF
S214013680D1E72368E26B606C576901A9052200FB4C
S2140136900830B84701A80DF098FC834601A80DF044
S2140136A06BFC074658460DF0B5FC70B15745236ACA
S2140136B038BFC4F82480B94503F1010328BFB946D1
S2140136C0BD42236238BF3D46BA4608F10108C0E74D
S2140136D04FF6FF7363620025E3699D42C0D2676CB3
S2140136E02068E36B05225B6901A907FB0500984783
S2140136F001A80DF041FC0135EEE7E26B676C20682E
S214013700556901A9052207FB0300A84701A80DF08A
S21401371033FC626A2368606C434D00FB02300DF097
S21401372084FC4FF0FF33A062E3622A460DF10303E7
S2140137306FF001012046FFF77BF8002850D1AD68F5
S214013740E562294620460CF0F3FF206320B9E16AC2
S21401375020460DF0CEF8E062294620460DF0C9F865
S2140137600546A36A9D423DD16569626CE91C143A1F
S2140137702046B1FBF2F105EBC1050335B5FBF2F5C9
S2140137800DF02DF90235A84280463DD2616A2046E9
S2140137900DF022F80027064604F1400A474512D3E9
S2140137A0626C236802FB0639E36B05225B6901A99B
S2140137B04846984701A80DF0DFFB534602464946A6
S2140137C0E06B0DF034FC314620460DF005F801376C
S2140137D0AF420646E2D3154D284607B0BDE8F08F46
S2140137E0A56AADE7294620460CF0A2FF236B0344E9
S2140137F029460746236320460DF07BF80546002F31
S214013800AFD1C4E90B07ACE730460DF0AAFA0023A6
S214013810074A19462046FFF7B7F80025EBE600BF32
S21401382003E000F016E000F0D032002013E000F0D4
S214013830310A0200634A00232DE9F041176813603C
S2140138400E46044618B9604D2846BDE8F08190F84A
S21401385034500DB309680268914240F0AA8071683D
S2140138604268914240F0A580B1688268914240F07A
S214013870A080F168C268914240F09B80316942693C
S214013880914240F09680B169C26B914240F09180BE
S214013890726982611D46D7E750222946D0F83880E2
S2140138A00EF0C6FB33682360736863603369636137
S2140138B07369A361D6E9021204F10800C4F83880DE
S2140138C00DF061FAB369E36304F140009B68984721
S2140138D094F8432020B1E561002AB4D03B4DB3E70C
S2140138E0656C002DF7D06668B6FBF5F3E361002A38
S2140138F0A9D0B542F2D82268B2FBF5F105FB112238
S214013900002A58D105FB1363002B54D120460CF036
S214013910FFFEA369043303449E424ED3636940F617
S2140139203472CC3B93424AD8B5F5007FD6D30321F7
S21401393020460CF016FFE36BD4E900011B6898479C
S214013940E36B0546DB68022098471DB1002384F827
S21401395034301EE039462046FFF72CFE1C4B9842B9
S214013960054604D139462046FFF724FE0546636C1A
S214013970143B002DEAD1226A204602FB03F60CF026
S214013980C7FEA369043303449E4206D284F834502A
S214013990104DE06B0DF0A7F856E70F4A012384F8A7
S2140139A034301368D4E900010133136009F0AAFD2D
S2140139B0EFE70A4D48E70A4D46E7064D44E7094D4D
S2140139C042E700BFE449002009E000F004E000F00F
S2140139D013E000F002E000F0E049002008E000F00B
S2140139E001E000F005E000F02DE9FF410F469046AA
S2140139F01E46054698B390F8343093B3B1F5801F50
S214013A0031D21A4C02210CF0ACFE22460DF10F0306
S214013A1039462846FEF70CFF024678B1012300938B
S214013A204246334639462846FFF71AFC0446E86BF9
S214013A300DF059F8204604B0BDE8F0819DF80F302E
S214013A40012BEBD12169B142E8D1009341463346BF
S214013A502846FFF7B5F804460028DFD1E7E7044C0F
S214013A60E8E7044CE6E7044CE4E700BFFC3200203C
S214013A7009E000F007E000F00AE000F02DE9FF4160
S214013A800C4616461F46054688B390F8343083B375
S214013A90B1F5801F2FD2DFF87C8001210CF061FE8A
S214013AA021460DF10F0342462846FEF7C1FE0446A5
S214013AB070B99DF80F30012B11D1D8F81030BB42E8
S214013AC013D10090024631462846FFF779F804469E
S214013AD0E86B0DF008F8204604B0BDE8F081074C0D
S214013AE0074A022B08BF1446F2E7064CF0E7064CDD
S214013AF0F1E7064CEFE7064CEDE700BF0BE000F000
S214013B000CE000F011E000F009E000F007E000F042
S214013B100AE000F0FC3200202DE9F04385B00C46A7
S214013B20DDF8308017461E460546A0B390F83430BF
S214013B309BB3B1F5801F32D2DFF8809001210CF0E3
S214013B4010FE21460DF10F034A462846FEF770FE89
S214013B50044688B99DF80F30012B14D1D9F81020EE
S214013B6006EB08039A4214D3009043463246394680
S214013B702846FFF725F80446E86B0CF0B4FF20460C
S214013B8005B0BDE8F083074C074A022B08BF144670
S214013B90F2E7064CF0E7064CF1E7064CEFE7064C79
S214013BA0EDE700BF0BE000F00CE000F011E000F0E4
S214013BB009E000F007E000F00AE000F0FC32002027
S214013BC070B586B00E4603920546A0B390F8343021
S214013BD09BB3B1F5801F32D202210CF0C2FD194A07
S214013BE00DF1170331462846FEF722FE044618B9A2
S214013BF09DF81730032B0ED10223009303AACC2382
S214013C0031462846FFF72CFB0446E86B0CF06BFFA9
S214013C10204606B070BD022B0BD10A4928460CF08F
S214013C20C1FF039981420246EFD02846FFF76EFB9B
S214013C30EAE7054CE9E7054CEAE7054CE8E7054CF9
S214013C40E6E700BFFC3200200DE000F009E000F0DE
S214013C5007E000F00AE000F073B50C46164605468C
S214013C6030B390F834302BB3B1F5801F24D2012144
S214013C700CF077FD2146114A0DF107032846FEF7A1
S214013C80D7FD044680B99DF80730032B0CD0022BD4
S214013C900CD10A4928460CF085FF3060E86B0CF021
S214013CA022FF204602B070BD054CF7E7054CF5E74C
S214013CB0054CF6E7054CF4E7054CF2E7FC3200202C
S214013CC00BE000F00DE000F009E000F007E000F086
S214013CD00AE000F0F7B50C461646054668B390F8BC
S214013CE0343063B3B1F5801F2BD202210CF039FDBD
S214013CF0154A0DF1070321462846FEF799FDC0B97E
S214013D009DF80730032B14D0022B14D10E492846F8
S214013D100CF048FF471C024639462846FFF7F6FADC
S214013D20044606B13760E86B0CF0DDFE204603B0B2
S214013D30F0BD064CF7E7064CF5E7064CF6E7064CF1
S214013D40F4E7064CF2E700BFFC3200200BE000F07F
S214013D500DE000F009E000F007E000F00AE000F0F6
S214013D602DE9F3411F4600230C4616463B600546E7
S214013D7050B390F834304BB3B1F5801F28D2DFF83A
S214013D80648001210CF0EDFC21460DF1070342464B
S214013D902846FEF74DFD0446A0B99DF80730032BD3
S214013DA010D0022B0AD10123336004233B60E86B59
S214013DB00CF099FE204602B0BDE8F081D8F810302C
S214013DC03060F3E7034CF2E7034CF3E7034CF1E70B
S214013DD0034CEFE70BE000F009E000F007E000F02D
S214013DE00AE000F0FC32002030B50C4685B00546EE
S214013DF028B390F8343023B3B1F5801F23D20221C3
S214013E000CF0AFFC0DF10F03104A21462846FEF7D1
S214013E100FFD034688B99DF80F20032A0DD0032213
S214013E200092214602462846FFF71AFA0446E86B36
S214013E300CF059FE204605B030BD054CF7E7054CA1
S214013E40F8E7054CF6E7054CF4E700BFFC32002026
S214013E500BE000F009E000F007E000F00AE000F0F7
S214013E602DE9F04346688EB3056898464FF0000C7E
S214013E70A946AE4655F83C40C4F3130701340CF18D
S214013E80010C01D0B94218D066450EF1080EF1D1E9
S214013E902F46002403E0A64207F1080713D055F881
S214013EA03430013304F10104F5D1C1F3130141EAC1
S214013EB00851C7E90012BDE8F08341EA0851CEE98E
S214013EC00012BDE8F083B8F1030F03D1012303729A
S214013ED0BDE8F083002303E09E4209F10809F5D00E
S214013EE055F83340C4F30754032C03F10103F3D10F
S214013EF0C1F3130343EA0853C9E90032BDE8F0836E
S214013F002DE9F043476883B0CFB10646884691460F
S214013F100024336853F83450C5F30752C5F3130130
S214013F20013503EBC403304604F1010405D05B6898
S214013F30CDF80090C04710B17768BC42E9D303B012
S214013F40BDE8F08373B5044622489DF81850012A4F
S214013F5000EAC11123F07C4007D9961E012E28D90C
S214013F60073303F07F03194308E09DF81C30DB0696
S214013F700A4303F0C053134343F060410023C4E9EE
S214013F8000108DF80730B5B1202221460DF107004B
S214013F900CF0A2FF1A220DF10700211D0CF09CFF68
S214013FA063689DF8072043EA82636360082002B0D5
S214013FB070BD1143E2E71B220DF1070021460CF00C
S214013FC08BFF23689DF8072043EAC2632360042021
S214013FD0EDE700BF80FFFF0738B5094B04461A68B6
S214013FE00D4600210EF024F800234FF0FF32238304
S214013FF0C4E900252361A260E382A37638BD00BF31
S214014000444302000138C0B205289ABF014B185C30
S21401401001207047B04E02002DE9F0410E46596866
S21401402088B007461546490A0024012922464FEA68
S214014030510104F10104F8D8DC7899781B8824032F
S214014040C90201F4006104F480540C43C3F30A036B
S2140140505203234492B29C18284B03934FF0000856
S21401406025F0784302A90DF107001B2202938DF873
S21401407007800CF031FF9DF80720029B8DF8078022
S214014080ED4343EAC26302A90DF1070025F0784526
S2140140901B22049302950CF01FFF9DF80720029B3C
S2140140A06FEA044443EAC26305936FEA14444FF08F
S2140140B0FF3306930794BB6907A9012206F1100096
S2140140C09847BB6905A90446012206F108009847EE
S2140140D0BB69404518BF044604A90122301D984714
S2140140E0BB69404518BF0446012203A930469847DC
S2140140F0404508BF204608B0BDE8F08101009AB2ED
S214014100034B1868034B002808BF1846704700BFCA
S214014110E8490020B84E0200F8B50D4610B9002453
S2140141202046F8BD0E4F3E68002EF8D100F07CF810
S21401413004460028F3D0386000F0C2F820460CF0A0
S214014140E4FF38B130463E6000F0BAF820460CF085
S214014150D7FFE4E7002DE3D02046A847E0E700BFFD
S214014160EC490020024B1868003818BF0120704740
S214014170EC490020024B00215B680846184700BF47
S2140141801021002010B50DF053FD044618B9034B5D
S21401419001215B689847204610BD00BF1021002012
S2140141A010B505F0B9FF044618B9034B01215B6849
S2140141B09847204610BD00BF1021002010B50DF015
S2140141C064F8044618B9034B01215B6898472046FA
S2140141D010BD00BF1021002010B50DF02AF80446CE
S2140141E020B9034B01215B6808469847204610BD5D
S2140141F01021002010B50DF029F820B9024BBDE8BA
S21401420010401B68184710BD10210020431E0333C1
S21401421006D8044B984228BF1846642838BF642045
S214014220704700BF40420F00F8B5054609F07CF91B
S2140142300F4B1E68074626B9384609F079F9344609
S21401424011E0B4688CB194F810C01CF0010F0CD1C9
S21401425095E80F004CF0010C84E80F0084F810C0BC
S214014260384609F065F92046F8BD3668E3E700BF31
S2140142700821002038B505460C4641B10B6833B11C
S2140142801B68013303D0CB680BB18B684BB90DF0BB
S21401429089FABDE838404FF492724121002000F0BF
S2140142A02FBA084601F046FB0023044A85F8DC30A5
S2140142B0C5E92343C2E9003338BD00BF60220020B0
S2140142C010B5044618B9054B054A136010BD04F035
S2140142D01BFFD4F89830002BF6D1F4E7E910020062
S2140142E004210020014B1868704700BF602200209F
S2140142F010B50C4604F046FF054B00215B68032011
S21401430098471CB105F0E6FF0128FBD110BD00BFA0
S2140143101021002008B502460868FFF777FF0860FD
S2140143204868FFF773FF48608868FFF76FFF88608B
S214014330C868FFF76BFF0B69C860581C03D00B48B1
S214014340834228BF03460B614B69581C03D00748BC
S214014350834228BF034688694B61FFF757FFBDE8D4
S21401436008408861104605F021BD00BF40420F009D
S2140143702DE9F84FD0F8903006460F4613B1038B5F
S2140143808B4244D0D6F88CB0BBF1000F42D0DBF89C
S2140143900830002B3ED0DBF80C1000293AD0D6F8B6
S2140143A0A0A0BAF1000F38D04FF000094D46C8461C
S2140143B001E0DBF8083005EBC50203EB82040135AA
S2140143C0E389BB4214D8238ABB42304610D3B4F9E2
S2140143D01220B6F924309342A04653DD96F8D01049
S2140143E0F3F788F9337D834281464BD9DBF80C100D
S2140143F08D42DED3B8F1000F3ED000234246194667
S2140144003046D0473783C6F8908086F8D99000208A
S214014410BDE8F88F0320BDE8F88FD14654465246D2
S21401442047F6FF7504EBC40803EB8808B8F80E30AE
S214014430BB421BD8B8F81030BB4217D3B8F91220CC
S214014440AA4207D14FF0FF093783C6F8908086F855
S214014450D990DCE796F8D0103046F3F74BF9337D68
S214014460834281464246EFD9DBF80C100134A14263
S21401447004D9DBF80830D5E70120C9E7002AFBD0CC
S2140144809046E1E7A046B8E72DE9F04782B004463A
S2140144908946164605F0DEFE3B4D08B100236B60EB
S2140144A02B68D4F88CA0D4F890700BB153454BD040
S2140144B04FF00008C5F8089005F00CFF012836D12A
S2140144C02B68DAF800103A6813B11868884246D0AB
S2140144D020460DF089FBC5E900A7D4F8A0508DF859
S2140144E00760002D42D000220DF107031146204639
S2140144F0A847204605F048F90546B8F1000F00D058
S2140145008EB1B5FA85F040F2DE324009332100F073
S214014510F7F83146204605F007FB1C4B05461B689D
S214014520394620469847284602B0BDE8F087012064
S21401453004F028FE164B00215B680320984705F01F
S214014540C9FE0128FBD1BBE76B68002BB0D0BB428C
S214014550AED1AB68994514D04FF00108AAE7696857
S21401456011B109689142B6D05968B1E7217D94F836
S214014570D930994228BF19463246204605F0D8F868
S214014580B7E70025CFE700BF602200200421002006
S21401459010210020F8B505460E4608F0C5FF314645
S2140145A007462846FFF7E4FE044620B1384608F0E1
S2140145B0BFFF2046F8BD05F035FE224631462846A7
S2140145C0FFF762FF0446384608F0B2FF2046F8BD02
S2140145D0084B10B4002A14BF14461C46064B1C6038
S2140145E019B15DF8044B0CF0B7BD08465DF8044BF5
S2140145F0704700BFE91002000421002013B50446ED
S21401460069460CF08BFE20460DF066FAFF2802463E
S21401461006D09DF800102046F3F704F902B010BD4D
S2140146200048FBE70080FFFF2DE9FF4105460F46E6
S21401463090460AB9D0F82C80414628460CF0D4FEA4
S21401464018F0010F02D0284602F0E8FE0DF01BF923
S214014650184B04460FCB6E4686E80F0037B104AB05
S21401466003EB840357F8242043F8102C18F4803FFA
S21401467010D12246314628460DF057F838B937B1E1
S21401468004AB03EB840353F8103C47F8243004B022
S214014690BDE8F08104AB03EB8403224653F8103CDB
S2140146A001333146284602D00DF04EF8E6E70CF00D
S2140146B00CFDE3E7EC4E020008B50B460249194033
S2140146C00CF074FE002008BD0700110007B54FF47A
S2140146D000730A49ADF806300DF106020CF0FDFE36
S2140146E0BDF80630B3F5007F05D1022808BF0020CB
S2140146F003B05DF804FB0120FAE700BFF049002093
S21401470008B550B90548064B01601A60054B1A6892
S214014710054B1A601868EDF7B9FB08BD0C2100209F
S214014720F44B0020EC490020F04B00202DE9F0412D
S2140147301B4A8AB001AC05460B4602F1200C2746FF
S21401474010685168264603C6083262453446F7D1DA
S214014750002B08BF3B4610683060002703F10C06AB
S2140147601C46384690B95FFA87F8218842462846A3
S2140147700DF0DFFA50B9E188424628460DF0EAFA14
S21401478020B94246314628460DF0F6FA0137032F86
S21401479006F1080604F10204E4D10AB0BDE8F0818E
S2140147A0044F0200F0B589B005460E460DF0FBFA3F
S2140147B0044600BB06F10C070FCF01AC0FC497E807
S2140147C0070084E8070001A92846FFF7A3FD311D6D
S2140147D028460CF03BFE044648B90849284605F031
S2140147E0A7FA044618B9284605F0ECFD04463168D8
S2140147F02846FFF79BFF204609B0F0BDFC4E02009D
S21401480001490CF09ABE00BFB5A3010070B5164E63
S2140148100328337804460D461ED023FA04F202F02C
S2140148200102AA421DD053B10122A24023EA02038B
S214014830A5402B43DBB233704BB1012070BD2DB1C7
S2140148400A4B01201B6898473378EDE73570074B14
S21401485000201B689847F0E79A07DED003F0FC03B8
S214014860E9E7002070BD00BF3F4F0020344C002018
S21401487038B504460D46FFF775FC60B105F0F8FC47
S21401488048B9012D07D801200DF02EFA0D4B1B68F3
S21401489023B15B6898470C4B1C7038BD0AF022F9AF
S2140148A00A4B1A68801A1860F5F786FE084B1B68D3
S2140148B04FF47A7202FB00300CF03DFE012005F049
S2140148C0DFFCE8E7EC4C0020E72100202C4C002020
S2140148D0304C0020F8B5124F05460C4608F024FE71
S2140148E03B78064633B1012D04D01CB90D48F5F7C7
S2140148F0FFFC3C7021462846FFF788FF0A4B1B78D1
S21401490004463BB93B782BB90DF090F910B1074B33
S2140149101B689847304608F00BFE2046F8BD00BFDE
S214014920404F0020084C00203F4F0020102100205F
S214014930054A0B46117831B100211170034A1878E7
S2140149405268012110477047404F00201021002077
S214014950124B0239012910B518701ED8FFF702FC58
S214014960D8B105F085FCC0B105F080FAA8B90C4BAA
S2140149701C6834B123689847BDE8104000200DF04C
S214014980B3B90CF0D6FD074B18600AF0ABF8064B2E
S2140149901860204605F074FCEEE710BDE721002004
S2140149A0EC4C0020304C00202C4C002038B504463E
S2140149B080B108F0B9FD012104460846F5F7F6F87E
S2140149C0012108460A4A0AF039F82046BDE838406F
S2140149D008F0AEBD08F0A8FD214605460120F5F712
S2140149E0E5F80120024A21460AF028F82846EDE7B4
S2140149F0284F0200F0B5324D85B008F095FD2B78B2
S214014A00044623B12F48F5F773FC00284AD1F5F781
S214014A1063FD02AA03A90DF0F3F80346002832D07D
S214014A200DF002F9029B98421ED10020264B0399F5
S214014A301B68264E9942307021D9C91A00270123D6
S214014A40CDE900771F482B70214A33460AF024F837
S214014A5000282FD11F4A1378D90717D4204608F00B
S214014A6067FD002005B0F0BD0DF0DCF8029B984212
S214014A701ED0154B154A1B680393002010700121A8
S214014A80FFF7C4FEEAE720462B70E8E731780029F5
S214014A90E4D103F0FE031370002BDFD10E4B1B682D
S214014AA09847DBE7204608F043FD032005B0F0BD3C
S214014AB00220BBE7032320462F703370F3E700BFC5
S214014AC0404F0020084C0020284C0020E621002002
S214014AD0314901003F4F0020344C002038B5134DBA
S214014AE008F022FD2B780446C3B9114A1149137008
S214014AF0114B124A1A601248124A5A60F5F786F8A4
S214014B0011491248F5F782F8114B124A1A60124BF6
S214014B101B68124B02221A6001232B70AFF3008030
S214014B20204608F005FD002038BD00BF414F00209B
S214014B30404F0020304F020010210020F5490100AF
S214014B40F84B0020D5480100384F0200004C0020E9
S214014B50344C0020AD49010000300E40284C0020A6
S214014B600D4BD3F8E020D20314D50C494FF4803214
S214014B70C3F8E820C1F8EC209A6BD1B2C2F3072241
S214014B8099679A6704229A6700229A679A679A67D2
S214014B909A679A67704700BF0010084000100846E1
S214014BA0F8B50C4C0D461746064608F0BDFC012329
S214014BB0A362042327606660A560C4F8E830064B4C
S214014BC04FF48072C3F8802108F0B2FC0DB10223C5
S214014BD0A362F8BD0010084000E100E0054B186034
S214014BE0054B01229A6540F6FF72196358635A65B0
S214014BF0704700BF3C4C0020001008402DE9F04FE4
S214014C00042A83B0054639D90B7883614B788361D2
S214014C108B788361CB7883610068D5F808B06E68BD
S214014C2000F007000123063003FA00F808F1FF3907
S214014C3009EA0B07A2F1040AA8EB0702924501F163
S214014C40040446F000560DD8F019214652460DF0E0
S214014C5028F90AEB0B0248EA09031A40AA6003B0D6
S214014C60BDE8F08F2146F01901920DF01AF9019A6C
S214014C70A118AAEB080230463A44E8E7013A032AAB
S214014C80EDD8DFE802F00B08050211F8013B83615D
S214014C9011F8013BAB6111F8013BAB610B78AB61DD
S214014CA003B0BDE8F08F00BF38B50C46104B154673
S214014CB0014668B10122C3F8B8200E482246FFF724
S214014CC09DFF1DB10A4B0422C3F8B820002038BD51
S214014CD064B1D3F89C20A24284BF0122C3F8B82055
S214014CE0C3F898400222C3F8B820EAE70122FAE79F
S214014CF0001008409010084010B508F015FC184B3D
S214014D00184901229A65C3F888201A66164A5A6617
S214014D100722C3F884200A80144900220A804FF42F
S214014D20A021C3F8E81003F1C0630446C3F8EC10F1
S214014D300F4B1A600F4BD3F888305B020AD50E4B27
S214014D4018680E4B4FF48002C3F88820416BA430DC
S214014D5002F05EF82046BDE8104008F0E9BB00BF4F
S214014D6000100840F44E0020B8230020F24E002028
S214014D70384C002000400840EC4900200040084420
S214014D800D4B07221A800D4B00221A800C4B012175
S214014D90C3F8B810C3F890204FF40052C3F894003B
S214014DA0C3F8B420074BF0221A6403F10073A02263
S214014DB01A64FFF7A1BF00BFF44E0020F24E002098
S214014DC000100840000008442DE9F041044688B16F
S214014DD0394E3A4F08F0A8FB3388394A03F0780178
S214014DE0032C054603F07F0C114453D13C6824B9CB
S214014DF008F09EFB0320BDE8F08124F0010438682A
S214014E0020F00100A0424AD100223A6022886FEACF
S214014E1042426FEA52428C42228036D1294CDFF858
S214014E20B8C02788ACF180083A46083A92B201F138
S214014E300800604528BF4046082A04D9B0F900E0BA
S214014E40BEF1000F36DB22803B440C8888781E4971
S214014E509B1ADBB2C4F30C04CC6300F0070033806A
S214014E60CB66C1F88420FFF77BFE04280DD1174BD3
S214014E70D3F88830164B1868164B4FF48002C3F8E7
S214014E808820416BA43001F0C3FF284608F050FB90
S214014E900020B0E7601E012898BF0C46AFE709481E
S214014EA062440088A21A48BF803208389042ADDCBE
S214014EB028469DE70146B8E7F24E0020384C002010
S214014EC0B8230020F44E002000100840004008409F
S214014ED0EC49002000400844382400200E490F4BBE
S214014EE00A881B880E481344073B03F078030344E3
S214014EF00832987892B20A8000F00700094904281F
S214014F00C1F8842004D101F540514A681203FCD44B
S214014F10054A1360704700BFF44E0020F24E002091
S214014F20B823002000100840384C002010B5054C6E
S214014F30206828B1C30701D4FFF746FF002323608A
S214014F4010BD00BF384C0020084B4FF48032C3F828
S214014F50EC2003F17C43C3F8E420D3F88030C3F39C
S214014F600C03782B01D8FFF7FBBD704700100844EF
S214014F702DE9F84304460E4608F0D6FA504B514D3B
S214014F801A882D888146504802F07801032C02F0D9
S214014F907F03014417D14D4C24688CB92A44073A43
S214014FA002F0780284180344E31A48BF8033AB4208
S214014FB010DB484608F0BCFA00242046BDE8F8831A
S214014FC024F00104EFE7012C02D0022CEBD1083DBE
S214014FD00C46E8E7002E41D08C423D4942D1D1F83B
S214014FE03C800A6B02F00702063201279740D1F88F
S214014FF08020C2F30C029A4247DDB4F900302588BE
S214015000002BD6DBA378C5F30C0503F007037A1E45
S214015010A5EB08053A43052B337005EA02052CD8A3
S2140150202DB2E84340F236420421C00FFFF768FB79
S2140150307580E378274A337412687B1E03EA0803F7
S214015040D118B160A9B213FA85F5BD4289BFFF1A1E
S2140150500023B780F2609CBFB180F360484608F039
S21401506067FAAAE7A4F10802824238BF04F178027F
S214015070B2F80080C8F30C08B3E7174BDB6C003BB3
S21401508018BF0123A5EBC305CAE78B6B7A1EA3EBFA
S21401509008033A431A40114B15B25B686AB9C3F369
S2140150A00363D91E4B424B41DB0033700B4B7280BE
S2140150B0D3F89030C3F30723BCE70823F5E700BF16
S2140150C0F24E0020F44E0020B8230020384C002079
S2140150D0001008403C4C00200000084000400840FA
S2140150E000284CD00378112B49D9294B42781A70E5
S2140150F082785A70C2789A700279DA7042791A7197
S2140151008279003A18BF01225A71C279003A18BF53
S21401511001229A71027A003A18BF0122DA71427AA4
S2140151201A721C4A002111700278172A18D9827C3B
S214015130521A18BF01225A72C27C9A72027DDA7222
S214015140B0F815209A81B0F81720DA81427C1A74DB
S2140151500278182A8CBF427E00225A7400207047BB
S214015160827A003A18BF01225A72C27A9A72027B78
S214015170DA72B0F80D209A81B0F80F20E5E7064AFA
S214015180D2F83C311B0C1B04C2F83C31012070479D
S214015190F64E0020424F00200040084003460328F8
S2140151A023D8DFE800F00213171B114A137A012BEC
S2140151B002D15079A8B97047022B02D1907980B9F3
S2140151C07047032B11D1D07958B97047084A5079E6
S2140151D038B97047064A907918B97047044AD079A9
S2140151E020B1044A0120137070470020704700BFA9
S2140151F0F64E0020424F002008B503490878FFF715
S214015200CDFF087808BD00BF424F0020431C08D0E0
S214015210044AD2F83C311B0C1B0480B20343C2F88B
S2140152203C317047004008402DE9F041FFF764FD2E
S2140152303B4B3C4E1C683C4BDFF80C811A6E3B4ADC
S2140152401B6B15683A4F0121084640F22322FFF7EF
S21401525057FA384BD3F810212260D3F8F820626051
S2140152607269A260B26AE260B26C2261F26C62613B
S214015270B26FA261D8F88020E261D8F818202262C5
S2140152807A686262D3F81821A262D3F81C21E2621E
S214015290D3F820212263D3F824216263D3F8502166
S2140152A0A263D8F8B820E263033525F003059B6BAB
S2140152B02B60B3696B60D8F88430AB6001F0C8FF2F
S2140152C0E860FB6F1C4C2B61D4F8BC3E6B613B6AFB
S2140152D0AB61002001F02EFA0023C8F88430174B8A
S2140152E04FF40072C3F88820D4F8BC3E23F4006360
S2140152F0C4F8BC3E2023C8F81032114B01221A64B0
S21401530003F580434022DA600E4BB2691B7C1B0218
S21401531003F4706322F470621343B361BDE8F08155
S214015320404F020000700840001008403C4C00202E
S21401533000000840004008400010002100400844DA
S21401534000000846F64E00200060084013B50446EB
S21401535001F084FF104B1B6B400013F4801F0F4BB2
S21401536014BF201A00190024CDE90004186801F0C2
S2140153707BFF21468DF80600684601F0D1FF40B15B
S214015380074AD2F83C311B0C1B04C2F83C314FF0E3
S214015390FF3002B010BD00BF00300840EC490020CD
S2140153A0004008400C4B4FF4001210B59A6103F10F
S2140153B07E430122094CC3F8F820636813F0706F2E
S2140153C0FBD1FFF799FC064B08221A606368C3F30A
S2140153D00363022BFAD110BD006008460040084066
S2140153E0004008460B4BFF2210B51A6008F09CF8E7
S2140153F00E210446032001F00DFC074B40F201226A
S2140154005A62204608F094F8044A536813F0706F05
S214015410FBD110BD00400844000008400040084091
S2140154200A4A0B4B916A0B4043F0804343F41843FE
S2140154309362084B4FF480025A61A3F540534FF430
S2140154400022C3F81021C3F8F82070470070084006
S214015450FF01108000700846694A936C23F47F535D
S21401546023F03F0343F4605343F03E0373B5936464
S214015470D36C644C644D654E1B0D1B0543F41653EB
S21401548043F03C03D364936F03F07F4343F4DB03A1
S21401549043F490639367936A23F0BF0343F0A70333
S2140154A093625B4B4FF480025A615A4B0022C3F859
S2140154B0802003F180634FF4E0729A6103F1007378
S2140154C04FF480729A61544A536823F0070343F0FD
S2140154D005035360514A4FF40023C2F81031D4F843
S2140154E0183123F0404343F08043C4F818314FF499
S2140154F04043C2F81C31C5F81C31D4F82011484B82
S2140155000B4043F4886343F00503C4F82031D4F814
S214015510243123F0370343F02003C4F82431D4F8B0
S214015520243123F4472323F4E06343F4042343F4B0
S214015530A063C4F824314FF4F873C2F8503108233D
S214015540C5F818314FF48033C5F8103114200CF02B
S2140155508FF9D4F8183123F47F5343F04003C4F88D
S21401556018314FF40033C5F8103114200CF080F9CF
S214015570D4F81831334043F0807343F48043C4F8C1
S214015580183114200CF074F94FF48023C5F810314B
S21401559014200CF06DF90923AB63224D14200CF096
S2140155A067F9687CC8B101AA69460CF020F9D4F8FD
S2140155B01831019A23F47F5343EA8213C4F8183151
S2140155C0D4F81831334043EA8233009A43EA02633F
S2140155D0C4F8183114200CF04BF90E4AA978D2F809
S2140155E0B830C3F3160343EA016343F400031420FF
S2140155F0C2F8B83002B0BDE870400CF039B900BF4F
S214015600007008400040084000400846FF3FC0E0E8
S214015610007008460060084000000840004008444A
S21401562032F33FFFF64E002010B50446FFF7DAFED0
S214015630FFF7FAFD022C15D1114BD978104A2046F6
S214015640537812780CF0DFFB431C0DD0FFF77EFE7B
S214015650013009D0FFF7A6FE022C0BD1FFF7E0FEC2
S214015660002003E0032C02D04FF0FF3010BD044BA6
S2140156701979E3E7032CF7D1FFF7EEFEF0E700BF59
S214015680F64E00202DE9F84F0E2A0546BDF8287083
S2140156901646184658D82E4BDFF8C4A0D3F83C411E
S2140156A0DFF8C08024F4FE4424F07F047F2994BFF1
S2140156B00C4344F07F047F2D28BF7F2544EA052450
S2140156C0C3F83C410CF0D4F8224B4FF0010909FA1B
S2140156D006F9D3F800B000263546344638460CF0B5
S2140156E0C7F89AF80930ABB91B49D8F83C202023F3
S2140156F0CB63C8F83830012302F02002C8F84030E6
S214015700D8F830309B06FBD52023CAB1134AC8F817
S2140157103830D3639AF80B30B34206D84FF0FF31D6
S214015720584601F0CFFA0135044401364E45D5D12D
S214015730002D08BF012594FBF5F000B2BDE8F88FF7
S214015740CB63C8F83830E5E747F6FF70F6E700BFE9
S21401575000400840EC4900200070084400700846EC
S214015760F64E002000700840344B73B51C68344B6D
S2140157701D68FFF737FE04F093FF324B2268C3F82B
S21401578010216268C3F8F8202F4AA1685161E168C8
S2140157909162216991646169D164A16991672B491C
S2140157A0E069C1F88000206A88612948666A466017
S2140157B0A06AC3F81801E06AC3F81C01206BC3F89D
S2140157C02001606BC3F82401A06BC3F850010335B8
S2140157D025F00305E06BC1F8B800286898636B688C
S2140157E09361AB68C1F88430EB680093194B0024D1
S2140157F01868019401F038FDAB698DF80600214662
S2140158006846ADF8043001F08BFD2B699B0702D08A
S214015810012000F08FFF104B6A69C3F8BC2EFFF71A
S2140158206BFA0E4B01221A6403F580434022DA60BC
S214015830074B4FF0FF329A6602B070BD404F020030
S2140158403C4C0020004008400070084000600840C2
S21401585000000840EC490020001000210000084428
S21401586008B501F0F5FC30B1044BD3F8C000431C79
S21401587000D080B208BD4FF0FF30FBE70081E00F9B
S2140158802DE9F04104460E46174698460BF0DAFF1E
S214015890012C05460FD0A31E012B06D82046FFF784
S2140158A0C3FE013023D1FFF75FFF0BF0CBFF4FF0B4
S2140158B0FF30BDE8F081FFF7D3FF0446FFF71CFA7F
S2140158C00BF0C0FF0F4B401B98423BBF4FF6FE71DB
S2140158D04FF47A730021B0FBF3F038BF0140631C2C
S2140158E0E5D02046FFF792FC44EA0140E1E7BDF827
S2140158F018304246394630460BF0F6FE0446FFF7AE
S21401590033FFDDE718FCE70307B5FFF775FCFF2853
S2140159100AD0074AD38900939389927A0221FFF726
S214015920AFFF03B05DF804FB4FF0FF30F9E700BFAF
S214015930F64E0020054BD3F8B400431C14BFC0F349
S21401594080700120A6223121FEF7DABE0081E00F29
S214015950034B1A689B88026083800020704700BF53
S214015960CC2100200F4B0628D3F8883104D183F4CC
S2140159700013C3F340507047022805D113F4400FBB
S2140159800CBF01200020704750B9074AD2F8D40056
S21401599010F0010005D083F48003C3F380507047F4
S2140159A00020704700400E400081E00F0C4A5288EC
S2140159B0B2F5E16F94BFC8225A2210B594BF78247D
S2140159C0502490428CBF172210220A70054A0346C3
S2140159D0107818B19C422CBF0020012010BD00BFDA
S2140159E0CC210020EB21002013B5234B1B780E2B76
S2140159F004463ED00DF10701FFF7D8FF1E2C8CBFE1
S214015A001E4C1F4C9DF807304FF001028CBF012140
S214015A100021C4F8082170B1194A4DF60174C2F884
S214015A2004411B0202F1007243F44043C2F8043100
S214015A30144AA2F8D430134A134C92F8D83023F003
S214015A400103034323F0020343EA4103DBB282F876
S214015A50D83024786CB923F0040343EA800323F09A
S214015A600803B2F8D440A2F8D64043EAC10382F84C
S214015A70D83002B010BD00BFCC210020004008463F
S214015A8000400844001F0021454F0020084B094AEA
S214015A90D3F88831DB4303F4FE1343F40053B3FA1F
S214015AA083F30E33A3EB4313013B1370704700BF20
S214015AB000400E40EA21002002280CD0062802D021
S214015AC020B100207047054B18787047034B1878B3
S214015AD00430C0B270470720704700BFEA2100209B
S214015AE02DE9F7433A4E3B4F96F8009015463A4A51
S214015AF0D2F8C820B9F1020F0446884607EA020721
S214015B001AD147EA006788F80000002372882B60E4
S214015B10B2F5E16F94BFC8225A2227F47F57944208
S214015B2027F008079ABF380A00F47F5043F6C8707A
S214015B30384303B0BDE8F083284A1278904228BF64
S214015B40144604EB83030B70F4B1013CE4B24FF04E
S214015B5030632B606A4601A920460BF048FEDDE95A
S214015B60002347EA03671E4B98F800101B7847EAA4
S214015B70823747F47F5747F008073BB90029194B8E
S214015B8018BF4FF07F43C1E7164BE2E7164B1748A5
S214015B90B9F1060F08BF03462AB90029114B18BFF1
S214015BA04FF07F43B2E7B2FA82F2C2F11F02D2B2DD
S214015BB09B5CDBB239B15A1ED2B2FD2A05D81B0650
S214015BC043F00403A2E7074BA0E74FF07F439DE7AE
S214015BD0CC2100203F00C0E0001F0021EA21002068
S214015BE0464F00200400000BB883E00FB083E00F9F
S214015BF02DE9F3410446C820FFF7F6FE2B4B2C4E49
S214015C0018780E2801D0FF2C05D1FF2434702046C9
S214015C1002B0BDE8F08102282DD1072C204628BF0E
S214015C20072001284FF0000301AA0DF1030138BF38
S214015C300120FFF755FF05461E4B1F4FDDF8048078
S214015C40C3F85881C7F8C8509DF803403470204601
S214015C50FFF7CAFE194A4FEA082303F4E0631278F5
S214015C6043EA1863A7F8D030002AD0D1C7F8CC5041
S214015C70A7F8D230CBE7A0B9052C32BF0027012701
S214015C800420201A3B4601AA0DF10301C0B2FFF71A
S214015C9027FF4FF48003054637B1094AC2F8083199
S214015CA0CAE700273846ECE7064AF7E7CC2100208A
S214015CB0EC21002000400840001F0021454F002035
S214015CC0004008460040084408B501F0E1FA094BD7
S214015CD0094A002818BF1A46136823F47F115B0887
S214015CE003F4FE130B431360044B4FF00072DA61AA
S214015CF008BD00BF00410840184108400040084068
S214015D0008B501F0C5FA064B4FF4001228B1C3F8E6
S214015D1000214FF000621A6208BDC3F81821F8E7A7
S214015D2000400844014B1868704700BF404C0020F3
S214015D30436C012B38BF01232DE9F0479A46464BA9
S214015D40464F9B69464E474D03F4E073A3F5C07278
S214015D50804645485142514102685245434A0FD157
S214015D6014788C420CD198F8D0C03C78A44507D161
S214015D7098F815C03478A44502D1A888BDE8F08704
S214015D80B3F5C07FC0F800A011704AD1D8F894408E
S214015D9024B12368082B58D994F838400F2120469F
S214015DA00BF007FDBAFA8AF3002852D0B0FA80F257
S214015DB09B1A002BC6BFD840C3F10F094FF00F093D
S214015DC0504501D909F1FF39234B2004C3F8BC0023
S214015DD003F1806340F6FF72C3F8B82003F1007345
S214015DE04FEA0921C3F8B8100BF014FDA88000F0A3
S214015DF08DFE09F01F094FF4FA7304FA09F45C43A7
S214015E0041F66A03B0FBF3F00A23B4FBF0F45C43FB
S214015E10174B1C6098F8D0303B7098F815303370EB
S214015E20ABE798F8D030062B06D1124B1B78002B27
S214015E300CBF9624C824B1E7022B08D00D4B1B7863
S214015E40002B0CBFB424F024A8E70024A6E73224D4
S214015E50A4E74FF00F09B7E700600840E9210020EA
S214015E60E8210020CC21002018210020484F0020E6
S214015E70404C0020464F0020FF290DD00F4B104804
S214015E80C3F850010B04090501F0F87103F4E0238F
S214015E900B430C49C1F85031FF2A0DD0074B40F295
S214015EA0F711C3F85011130103F4F87302F0070257
S214015EB01343044AC2F8503100207047004008449A
S214015EC00000F70100400846F8B5134B134E1F6853
S214015ED0134D384601F0C8F93378C4B2A34201D154
S214015EE02B78A3B1092C14D80E4B012C195D05D1C2
S214015EF00D4B1B78022B01D141F0400101F00F023E
S214015F0038460909FFF7B8FF002334702B700020CC
S214015F10F8BD0024FA21F1E7EC490020444F0020A7
S214015F20434F0020444F0200CC21002038B50446E0
S214015F3000F094FD142200212E480CF079F82E4B27
S214015F4025781A782D49521B18BF01220A7022683B
S214015F501A60C820A2889A80FFF746FD284BD3F81E
S214015F60C820284BFF211970274B2849062D03EA24
S214015F700203274A1AD14FF4EE40C2F824014FF427
S214015F808A42C1F82421012243F08043C1F820212E
S214015F901B4AC2F8C8301E4B0322C3F85821FFF72C
S214015FA093FF1C4B01221A70002038BD022D4FF0C2
S214015FB007000ED1C2F80C010620C1F80C011649E3
S214015FC0C2F808114FF4404143F00303C2F804112C
S214015FD0DEE7C2F80C010520C1F80C01C020C2F8AA
S214015FE0080143F08043812243F00403C1F80821ED
S214015FF0CEE700BFC81F0021CC210020434F002060
S214016000001F0021EC2100202800C0A00040084607
S21401601000400844474F0020C1004000014B187063
S214016020704700BF464F00202DE9F0472D4C2E4B00
S214016030236000F06BFD4FF4FA7307464FF47A764F
S214016040B0FBF6F629482A4A7343190E1B021818A4
S21401605041F10001002305F0F3F9A0F58073054630
S214016060A36220B966222B21FEF74AFB01254FF4D5
S2140160707A726A434FF0000A53465008310205F01F
S214016080DFF91C4B19601C4BB7F57A7F4FEA0568A0
S2140160908946044618604FEA152505D276222B213B
S2140160A05046FEF72DFB01264FF47A73A8FB030139
S2140160B003FB05117308C01841F1000100233246A5
S2140160C005F0BEF90D4B023419600D4B49F100097C
S2140160D0A408186044EA8974024B013C1C63BDE8BD
S2140160E0F08700BF005008400211010020A1070000
S2140160F040420F00504C00204C4C0020484C0020E1
S214016100444C0020044B4FF00052C3F880211A6023
S214016110024B01225A60704700E100E0005008403F
S214016120074B4FF00052C3F88021C3F88020BFF31D
S2140161304F8FBFF36F8F034B04225A60704700BF27
S21401614000E100E00050084010B50446A242A2EB70
S2140161500000A3EB010104D2034B1B6B013318446F
S214016160013901F0030110BD0050084038B50201A5
S2140161700A4B01259D500A4A4FF4807383405366AB
S214016180044607F0D1F9074A1378A54023EA050328
S2140161901370BDE8384007F0CBB900BF0051084482
S2140161A000500840494F00202DE9F04715460446A7
S2140161B088461E4607F0B8F9022D00F0B88007465B
S2140161C007F0C1F96C4B6D4AD3F8189092F815A0F8
S2140161D0DA6D5FFA8AFA520744BFD3F818900AF1CB
S2140161E0010A07F0B6F9664B664A1B6811684FEA62
S2140161F08A7CA3FB093213F1004301FB09CCD8F8D2
S21401620000304CEB020C012D04BF01336344ACEBB0
S214016210030C08BFC8F80030BCF1804F0AF0030A2F
S214016220C0F09880584AD2F800C0584AD2F800E028
S214016230514A23F04041106B4FF000480022ECFB1E
S21401624001820EFB012282424FEA937381BF013322
S2140162500130121A03F00303A3EB0A03914588BF2A
S2140162604549DFF848C184BF096B03F1FF3303F0EA
S21401627003030CF80430A2EB0900A3B1F10742BFF7
S214016280434B41F61F71D966B30742BF404B4149A4
S214016290D966710742BF384B00211967330742BFE1
S2140162A0354B00211965344B04F1100103EB041E34
S2140162B00901CEF80C2111225A5037499A694FF03C
S2140162C0010EA2EB090A0EFA04F8D3F85C900A78DC
S2140162D05FFA88F848EA020282450A7026D34FF42C
S2140162E08072A24019EA020F20D11CF8040000288F
S2140162F03FD10DB3F0071A6608D5254B274941F65D
S2140163001F7240F20110DA66C866DA66B10706D572
S2140163101F4B22491F4A2248DA66C866DA667207A8
S21401632042BF204B01229A60330719D4384607F042
S214016330FFF80120BDE8F0871B48240140F804E07F
S2140163405A6607F0F1F814490B7823EA08030B7034
S21401635007F0EEF8384607F0EBF80020BDE8F087C6
S214016360212000F0B9FA044B4FF480325A603846C7
S214016370DDE71A663846DAE700500840B84C0020D8
S214016380444C0020484C00204C4C0020504C00202F
S2140163900050084400001F1F494F002000500846C7
S2140163A00000010100400840005108444A4F002007
S2140163B0024B1878003818BF01207047494F00205B
S2140163C01030034B0001185800F00100704700BF61
S2140163D0005008401030044B01F46001000141F008
S2140163E003011950704700BF0050084038B507F048
S2140163F0AAF8084B084A9D69547DDA6D520748BFD2
S2140164009D69E4B248BF013407F0A3F8284604F0BA
S214016410030138BD00500840B84C002038B50B4B7E
S21401642003EB001210300001D2F80C411D58FFF7A3
S214016430DDFFAB0706D5844200D90139204601F0BD
S214016440030138BD844238BF0131F7E700500840E8
S21401645070B5184CE66B26BB202000F03DFA164BB3
S21401646010251D6002F006FC144B8022C3F8802123
S21401647001F002FD38B132460020082102F068FD25
S2140164800F4B65669D660F4A536803F07063B3F160
S214016490807FF9D9074B0C4ADA6641F201421A6746
S2140164A070BD01F0E9FC0028F4D0054A074B63668D
S2140164B09366EFE7005008400040084600E100E020
S2140164C00050084600400840011B01181000000259
S2140164D008B5212000F000FA024B4FF480325A60D2
S2140164E008BD00BF0050084008B5222000F0F4F9AE
S2140164F0024B4FF480225A6008BD00BF005008408E
S214016500064B1B68434303EB8171054B1B68A3FBDA
S214016510003013F1004341EB00007047484C002067
S214016520444C00200D4A10B5146820F04043014643
S2140165304FF000420020E4FB0320094A126802FBE8
S2140165400300084B1B6B98424FEA917104D9013343
S2140165500131C01A01F0030110BD00BF4C4C0020F0
S214016560504C002000500840F8B5064603F080FE67
S214016570044608B1FFF7D4FD084D094F00232B61EF
S21401658030466B61AB617B75FFF7CCFFC9B279759D
S214016590A8610CB1FFF7B6FD0020F8BD0050084019
S2140165A0B84C00202DE9F041224F0646386820F409
S2140165B0700040F4A00038609DF81C401D1E9DF838
S2140165C018304FEA042444EA036444EA021408BF7C
S2140165D0002144EA05440C43FC64D7F82C80B8F546
S2140165E0803F40F2B5224FF018012CBF0020012059
S2140165F0FEF786F8C7F83880CDB10F4BB468D3F8EC
S2140166008030412C38BF41245B0606D500F014FBD0
S21401661018B10A4BB3FBF0F31C442046FFF782FF88
S21401662001308045034B3ABF0022DA63D863BDE8E8
S214016630F08100BF005008400070084000093D008E
S214016640F8B5184DAB691B04044626D500F0B0FB1F
S214016650AB6913F0787FA0FB04464FEA9367C3F358
S2140166604450C3F3044505D140F25E422B21FEF7A8
S21401667047F80120AD01B5FBF0F010EB871005D10E
S21401668040F263422B21FEF73BF80120024600232D
S2140166902046314604F0D4FEF8BD00F0CDFAA0FB4A
S2140166A00401F9E70070084030B50C4C02460120A1
S2140166B0A0F12003C0F1200524FA05F504FA03F33E
S2140166C02B4304FA00F595428B4100D330BD0F28C9
S2140166D001D00130ECE7FF20F8E700BF40420F0091
S2140166E010B50C46FFF7ACFFC30943EA4163C01A75
S2140166F061EBD111FFF7D8FFFF2814D00C4B0F2206
S214016700C3F8802003F1007340F01000C3F8800046
S21401671003F17A439B69DBB2802B06D02046BDE8A5
S214016720104000F031BB012010BD0220FCE700BF85
S214016730007008443B4B082270B501210546C3F89A
S214016740C8203948394CEFF745F9394B1D70237885
S214016750013B012B0CD8237CE07B01229A400C21C3
S214016760302313FB001303F1884303F520431A601B
S214016770304B00225A677DB92F4A4FF6FF71D16719
S21401678002F10072F821D1675D672C4B4FF0804211
S214016790C3F89420002070BD636853B300F0B6F9C7
S2140167A0626800EB5203B3FBF2F3013B1B0243F0BA
S2140167B0F80326782049224A022E1CD0032E1D48B3
S2140167C04FF6FF7521D0012E27D143F00203CD6786
S2140167D0D36707234367237CE07B01229A400C2181
S2140167E0302313FB001303F18C4303F520431A6097
S2140167F011E0F823DDE743F001034FF6FF70C867A9
S214016800D3670C4B05225A67E5E743F00503CD67CE
S214016810D367012343670B4BB8E7CD67D3670023E4
S214016820F8E700BF00400E4600350A00544C002031
S2140168304F4F002000000840000008440040084474
S2140168400000084600400846F8B5064604460FCE46
S2140168501C4F3D460FC533682B601B4B1B48082257
S214016860C3F8C8200121EFF7B5F8194A002353678A
S214016870A37BE17A1B0443EA0123217A0B43936746
S2140168803B78032B1BD8DFE803F01402080E617B6C
S214016890207B00230422F0F739FB217CE07B0023D8
S2140168A00422F0F733FBA17A607A01230422F0F781
S2140168B02DFB084B1878BDE8F840FFF73BBF0120D9
S2140168C0F8BD00BF544C002000400E4600350A00BB
S2140168D0000008404F4F0020044BD3F89430002BA3
S2140168E0BCBF034BC3F88000704700BF00400840A0
S2140168F00000084008B5064B06491A684FF00450D8
S21401690092000BF0CEFABDE8084000F0BDBF00BF14
S214016910784F02007C4F020070B50C68651C15D0DC
S214016920C4F302669E42C4F3074530D1A4B2944232
S2140169302DD804EB8506B24229D2141BA50824F0F3
S21401694003040E59340F04D0012C09D00022012370
S21401695003E06B1C51F8232000230260037170BD15
S2140169600D4C34F8133042EA03431A686B1C51F895
S214016970234001EB830122404B685E4036F07044B1
S214016980EAD11B0F032B04BF8B681A43E4E70135DA
S21401699001EB8501C1E700BF564F020007B501A80C
S2140169A0F0F7E0FD134B144AC3F8442148F2E672AF
S2140169B0C3F838214FF40862C3F834210F4AC3F8EC
S2140169C0A0200F4A4AF63F41916002F580424FF0FF
S2140169D0C07191620022C3F8FC200A4AC3F89C20C9
S2140169E0094B7F225A6203F1007323225A6203B0D5
S2140169F05DF804FB00400840C0E653517A27000FBB
S214016A0000300840806D6303003008440F4B0022BD
S214016A1010B5C3F88820C3F88C20C3F890200C4A20
S214016A200121D1605A6812F0706FFBD14FF0045209
S214016A30DA67012402F5FD52C3F880401A66054B59
S214016A401B689847044BDC6010BD00BF004008403F
S214016A50004008461C21002000400844034BFD224C
S214016A60C3F8C8200122C3F8CC20704700400E4668
S214016A7038B5FFF7F3FF1B4B1B481C4C1C49022281
S214016A80C3F8C8201B4B1A6842B102EA0005A542AA
S214016A9004BF5D68156008338B42F4D1164B0222A1
S214016AA0C3F8C820154B164AD3F83C111160154A95
S214016AB0C3F8942000F08AFCFFF770FF124B032204
S214016AC0C3F8D820A3F500530122C3F894204FF44D
S214016AD06072DA604FF04072C3F8F820C3F81021F4
S214016AE038BD00BF00400E460000FFFF0000084012
S214016AF0B081E00F0080E00F00400E4400400840E7
S214016B00202100200048F0000060084608B5EDF797
S214016B1047FF044BD3F81031C3F308230133B0FB0E
S214016B20F3F008BD00400E4070B5044618B1284D7C
S214016B302268531C00D170BDC2F30063110C35F8F6
S214016B40130011F0FE0F93B243EA0043606818D0B9
S214016B500434CAB2022A216808D9D4E90160033A8A
S214016B60C3E9001698600C340C33F3E704D162686D
S214016B70C3E900120834DBE7012AD9D104341960CD
S214016B80D6E7120F072AF5D8DFE802F00704090D49
S214016B901013181DC04303F180631860EAE71A68F2
S214016BA042401A60E6E703F1C063F6E70AF060FECA
S214016BB0E0E70122824003F1C063F2E7012282404E
S214016BC003F18063EDE71A6830EA0202FBD1D1E7F0
S214016BD0564F0200024B0122C3F89420704700BFB3
S214016BE000400846024B0122C3F89420704700BFBC
S214016BF000400844024B4022C3F89420704700BF6F
S214016C0000400844024B4022C3F89420704700BF5E
S214016C1000400846064B5B68C3F30363984206D1FF
S214016C20044A936B23F0F00343EA01119163704722
S214016C3000400840001F00211F4B1B68D3F894300A
S214016C4070B52BB11A680A2A02D91C6C204670BD91
S214016C501A4DAA6D6B6DC2F34544C2F3CD010134E2
S214016C60C3F3441601FB0444C3F3822103F01F035C
S214016C7006FB01335C4302F00702114B9B5C5C434D
S214016C80640004D0FFF742FF7043B0FBF4F4D5F87C
S214016C90E430190505D513F0FF021CBFE401B4FB6F
S214016CA0F2F41A01D2D5C3F30A43002BCED0A402C4
S214016CB0B4FBF3F4CAE700BFEC49002000600840CB
S214016CC04E4F02002DE9F0470E460AF0BBFDDFF8F5
S214016CD0B090DFF8B0A08046002506F025FCD9F874
S214016CE00430C3F30363012B07460BD1711C1AD082
S214016CF00AF0A8FDA0EB0805384606F019FCAE42DE
S214016D00EBD80DE0052BF1D00B2BEFD0023B012B7E
S214016D100CD9013602D00AF095FD384606F008FC7B
S214016D201648BDE8F08706F003FCD6E7DAF8083027
S214016D301A04C3F389140FD4013602D00AF082FD77
S214016D40384606F0F5FB24B2A4F1C8006FF4FF73D1
S214016D509842B8BF1846E4E7731C03D00AF072FDE8
S214016D60A0EB08056FEA84546FEA9454384606F09F
S214016D70DFFB14F5007FC2D0E6E700BF00FEFFFF91
S214016D80004008400070084010F1800F04D04D28E4
S214016D90DABF323040B27F20044BFF229A6103F102
S214016DA00073C0B298610020704700BF00700844AD
S214016DB00B4B0C499A6D70B502F007029E6D8C5C08
S214016DC09D6DFFF7A3FEC6F3CD0606FB0444C5F38F
S214016DD0454505FB04448001B0FBF4F070BD00BFDF
S214016DE0006008404E4F0200084910B5D1F87031D6
S214016DF040B11C464A68D1F870319C42F9D1C2F3C1
S214016E000362027003F00F0010BD00BF004008408F
S214016E10094BD3F8883001F0800103F480030B435B
S214016E2009D1064B4FF400129A61837F1BB1044BC4
S214016E300122C3F8F820704700400840006008446B
S214016E4000600846144B197829BB144A90695860AB
S214016E50D2F880009860D26DDA60114A50681861E5
S214016E60506B5861D2F8A0009861D2F8A400D8619E
S214016E70906A1862D06A5862126B9A62094AD2F80E
S214016E80B820DA6201221A70074B084AD3F8BC0E02
S214016E901060C3F8BC1E70476C4C002000600840B0
S214016EA0000008400040084000100021684C002007
S214016EB0184B1A78002A2CD0174A5968916199689C
S214016EC0C2F88010D968D165A2F5C042196951602F
S214016ED0596951639969C2F8A010D969C2F8A4101A
S214016EE0196A9162596AD162996A116302F5804200
S214016EF0D96AC2F8B810094A0121116402F1007278
S214016F001021D16700221A70054B1A68054BC3F889
S214016F10BC2E70476C4C00200060084000000844FE
S214016F20684C00200010002120B9144B4FF4700269
S214016F30C3F8B820124A936903F4E071C02913D04C
S214016F4003F0C003802B15D10E4B0F4ADA6503F10F
S214016F507E433022DA650D4B05225A600C4A012326
S214016F6013640C4A9360704723F4E07343F0800384
S214016F709361E9E70023C2F88030E5E70040084462
S214016F8000600840006008460F00FFFF0000084050
S214016F900000084600400840012801D0042823D1FB
S214016FA0154BD3F8A02022F48042C3F8A020D3F8D2
S214016FB0A42022F48042C3F8A42001225A6324228A
S214016FC09A624FF48072DA624FF49C721A6303F18C
S214016FD080631022DA67084B05225A60074A0123AC
S214016FE01364074A93607047064B3F22DA6503F144
S214016FF00073054ADA65EEE700000840000008461F
S21401700000400840006008441200FFFF10B506F07B
S2140170108BFA084B1B6804463BB1984728B10022FF
S21401702000204FF4806100F061FD2046BDE810406D
S21401703006F07EBA9C4C00202DE9F0411F4CDFF88B
S2140170409080069F0646A2FB03502C1960F1000EA5
S2140170509C46A0454FF0000373EB0E0E07D24FF48B
S214017060B4720E211846FDF74BFB02201BE00029E7
S214017070FBD0C6F3130601EB5C04B4FBFCF4A4FBE3
S2140170800646E40C44EA46340D4E34600D4C22604C
S2140170900D4A914209D10D4AA5FB025302FB00336A
S2140170A09B093B600020BDE8F081C4040A46E80461
S2140170B044EA553104F0C4F93860F3E700C9E876CC
S2140170C0A04C0020A44C002000F049020A3BB2DF8D
S2140170D00046C32338B5164D2B780C4623B9154BFD
S2140170E01B6D03F03F032B70134BD3F894305B05F5
S2140170F01CD5124BB0FBF3F040F24D534343A3F5BE
S21401710046430C3B584300F5C91000F5556028B9B5
S21401711040F21B322B21FDF7F3FA01202B78084AA7
S2140171205343B3FBF0F30020236038BD0220FCE795
S214017130534F0020003008400040084000366E01E2
S2140171408096980070B5374C374B256B374C1B68CB
S2140171502468ED024CBF1B191B1BB3F1804F04D8EA
S214017160002B3AD1324E1C460AE0B3FA83F4314E74
S214017170C4F10204E340304DAB4201D901345B084F
S21401718003EB5605B5FBF6F52C4EB34234BF00268D
S21401719001262403013D44EA86242C430C60D8B121
S2140171A0B3FBF0F1642400FB11336343984288BFBC
S2140171B001F1FF314808013801390728204D214CDB
S2140171C04FEA510311D9002129700621C4F8941001
S2140171D01B0243EA0013136070BDB3FA83F4D4F1C3
S2140171E00204134EC6D50024C5E71029EBD068B1BA
S2140171F0012129700621C4F8941013490978002941
S214017200E6D012490224C1F89440E1E7012914BFEF
S2140172100121002129704FF00601C4F89410ECD129
S214017220D6E700BF00300840A44C0020A04C002048
S214017230E0673500C0CF6A003FBE4025401B5F13A4
S214017240504F002000400844514F0020004008469F
S214017250014B1868704700BFA44C0020014B18680A
S214017260704700BFA04C0020084B5B6B03F0070083
S214017270C3F3C20213F0380F18BF5043C3F3821290
S21401728013F4E07F18BF5043704700BF003008403A
S214017290034BD3F8380180F01000C0F3001070479C
S2140172A000400840174B4FF4002210B5C3F8942055
S2140172B0154C164BB0F1804F88BF1C46144BDA6C48
S2140172C0D2071DD51B6F134A04F5F42404F59074F8
S2140172D0B4FBF2F4033CE4B203F00703A34202D08A
S2140172E02046EFF71DFD0C4B1B784BB10B4B4FF4B3
S2140172F07022C3F8942003F100732404C3F8944069
S21401730010BD00BF00400846E0673500C0CF6A00E8
S21401731000300E4040420F00524F0020004008440B
S2140173207FB50446EDF77AFB1C4B06462C335868AE
S2140173300093A37922683146FFF77EFE054648BBD7
S214017340A379012B14BF164916491022C1F838211A
S214017350206815495843FFF7BDFE03AA02A9304627
S214017360FFF7F0FE0F4A43F6FF53C2F8A4300C4B6A
S2140173700299C3F8A4104FF4EE611163039A1A63DD
S2140173802068FFF78FFF094BA2881A6203F5405366
S21401739000229A63284604B070BD00BF0030084042
S2140173A000400846004008445030084000000840AD
S2140173B008B5044B01221A70034B1868FFF772FFD9
S2140173C0002008BD524F0020A44C0020024B4FF471
S2140173D08062C3F894207047004008460D4BD3F8EE
S2140173E00421D3F8B030D2B2FF2A03D043F30743C7
S2140173F0591C01D190221923074903EBD37302EBE1
S2140174006302022381F84630232381F8472081F85E
S214017410453070470081E00F001F0021044A536881
S214017420C3F30363022B04BF8023936000207047DD
S2140174300040084040B10368012B05D90069034BA1
S214017440002808BF18467047004870475C4F020086
S21401745038B5054614480C46FFF764F82DB1C3014C
S21401746003EB5503B3FBF5F32360104A5368D802C8
S21401747017D40F4B1B68D2F8A810C3F3810311F47D
S214017480806203F10103C9B218BFDA00FF2906D0F2
S2140174900649D1F8AC10490501D502EBC30262607A
S2140174A038BD0022FBE700BF40420F000000084045
S2140174B000200840084B1A68C117A2FB000310F110
S2140174C0807002FB013343F10003400E40EAC31013
S2140174D0803820EAE0707047AC4C0020174B07223A
S2140174E070B5C3F88420FFF711FB154B154A164EED
S2140174F0C408010B0546E005C01841F10001002350
S21401750003F09EFF114B18604EF66020FFF7D2FF86
S2140175104042C6F89C000E48FFF704F8024658B1F0
S214017520E301500818184FEA15714FF0000341F1B6
S214017530000103F085FF706770BD00BF0040084082
S214017540B2E60E0065CD1D00001F0021AC4C0020E8
S21401755040420F002DE9F843054608469846FFF7D6
S21401756069FF16460746002D00F0A98018F0050FA2
S2140175705DD02C69002C00F0A480FEF7D3FB4FF4FD
S2140175807A735C43201A7B68A0F6AC50C01AFFF7EA
S21401759091FFAC8B3062002C00F09680FEF7C2FBA8
S2140175A04FF47A735C43201A7B68A0F6AC50C01A7D
S2140175B0FFF780FF70614A4BEC68D3F80090002C0F
S2140175C000F08580FEF7AEFB4FF47A735C43241A15
S2140175D07B68A4F6AC54E41A3B68E41A414B1A687B
S2140175E0E117A2FB044314F1807402FB013343F15B
S2140175F00003640E44EAC314803C3B4BB4613B4C2D
S214017600D3F88430F36123684BB148460AF08EFB09
S21401761028B12368D9F84800324639469847AC69FC
S214017620FEF780FB014620460AF081F9F06218F069
S214017630020F29D06B684FF47A7058435BB13B68F0
S21401764003F51C5310331844AB7F002B46F2A813E6
S21401765008BF00231844FFF72DFF6B69B062002BAB
S21401766038D078684FF47A7202FB0300AB7FA0F53E
S2140176700350002BA0F1100046F2A81308BF002308
S214017680C01AFFF717FF706218F0040F17D0A8682A
S21401769018B34FF47A735843A0F503501038FFF728
S2140176A009FFF0602B684FF47A70584323B13B68AA
S2140176B003F51C5310331844FFF7FCFE3061BDE898
S2140176C0F8834CF2503062E74CF2503070E74CF2DF
S2140176D0503483E747F23050D3E747F23050DEE7C5
S2140176E0EC490020AC4C0020001F0021A84C0020D3
S2140176F010B508461C460AF0ACF8094B0246D3F80A
S214017700F800FFF797FE0368A018002B054AA8BFEC
S2140177104FF4FA721A44044B92FBF3F2104410BD74
S214017720001F00210CFEFFFF18FCFFFF094B10B5E0
S2140177300246D3F8F800FFF77DFE044610460AF02D
S21401774088F863684FF47A7203F5FA7393FBF2F3E1
S214017750184410BD001F00212DE9F04F384C0A4691
S21401776085B00D46002181460AF062FCD4F8C83087
S21401777043F06C029A4204D00025284605B0BDE8C5
S214017780F08F304BDB68D907F6D4FCF7ABFD002849
S214017790F2D0D4F81061C6F30826002EECD12A4C9C
S2140177A02A4BD3F81880D4F884300193284B4FF035
S2140177B060529A6103F100734FF000629A612423CC
S2140177C0C4F88430234B04221A604FF4804A4FF4E5
S2140177D08053C4F868A0B3466362AB4512D31E4B10
S2140177E004221A60184A019BC2F88430184B4FF0E5
S2140177F06051996108EA010318498B614FF480438F
S2140178009366BAE7226E5204FCD52268D305F9D5F1
S214017810C4F868A00136D4F888200392012EDCD97A
S214017820A5EB0B07042FA8BF04273A4609EB0B006C
S21401783003A95F440AF035FB1FFA87FBCDE700BFBB
S21401784000400E400040084000000840006008402C
S21401785000600844004008460040084400600846AE
S214017860074BD3F8D8304FF604014FF605029BB20A
S2140178708B4208BF1346034A01209365704700BF39
S2140178800081E00F0050084070B5194C0FCC86B04F
S21401789001AD0FC5C822236816482B6000210AF0E7
S2140178A0C7FB7C22002114480AF0C2FB134B144A82
S2140178B0C3F8F020FFF792FD124B1B782BB101ADF8
S2140178C00FCD0B4E0FC62B6823600F4B0F4AC3F824
S2140178D0DC2F0F4AC3F8E02F0E4AC3F8E42F02F15B
S2140178E0957202F27112C3F8E82F06B070BD00BFA0
S2140178F0C81F0021381F0021BC1E0021001F0021C7
S2140179003F003700474F00200010002102006202AE
S21401791009C805780708DC060A4B197801F0FF024A
S21401792029B10021197008499202C1F8A02059789E
S21401793001F0FF0229B1002159709302024AC2F8F0
S214017940A4307047544F002000000846074BD3F878
S214017950E40E074BD3F88C301A0103D4054B1B6E8B
S2140179601B0401D500F58070704700BF0010002190
S214017970004008400000084008B505F0D5FD0F4B53
S2140179801A78B2B90E4A126812F4843F11D10D4A20
S2140179901021C2F894101B786BB9094B1B68DB05E4
S2140179A009D4084B2022C3F89420BDE8084005F00E
S2140179B0BFBD054AECE7044BF4E700BF584F002073
S2140179C038240020004008440040084610B505F061
S2140179D0ABFD0E2104460320FFF71CF9044B40F2D1
S2140179E0012220465A62BDE8104005F0A1BD00BF45
S2140179F000000840044B00221A70044B197811B19C
S214017A001A70FFF7B9BF7047574F0020584F002034
S214017A1008B505F089FD244B4FF08052C3F880204D
S214017A20BFF34F8FBFF36F8F4FF48072C3F8802080
S214017A30BFF34F8FBFF36F8F0222C3F88020BFF3CF
S214017A404F8FBFF36F8F1022C3F88020BFF34F8F85
S214017A50BFF36F8F2022C3F88020BFF34F8FBFF391
S214017A606F8F4FF00052C3F88020BFF34F8FBFF3E4
S214017A706F8F8022C3F88020BFF34F8FBFF36F8FC5
S214017A804022C3F88020BFF34F8FBFF36F8F4FF0B4
S214017A900042C3F88020BFF34F8FBFF36F8FBDE85E
S214017AA0084005F045BD00BF00E100E008B505F05F
S214017AB03BFD0D4B4FF080521A604FF480721A60F6
S214017AC002221A60002283F8012310221A60202263
S214017AD01A604FF000521A6080221A6040221A6023
S214017AE0BDE8084005F024BD00E100E070B5084C93
S214017AF001232370074B1E68074BD3E9005332401E
S214017B001940284001F024FA0023237070BD00BFFD
S214017B10564F0020B44C0020382400202DE9F047B1
S214017B20DDF820A003EA0108099B06460D4602EA95
S214017B30000703EA0A09BAF1000F40F04981031F62
S214017B400B4300F00F81052871F1000380F0E380FC
S214017B5050EA010300F05C81431E0B4300F01D81D7
S214017B60FFF756FFAB4AD2E9004323EA050324EAAE
S214017B7006043C4343EA0807A74BA84D1E68DFF8F6
S214017B80EC8226EA0A0646EA09061E60C2E90047B2
S214017B90FFF7F2FE14F02A4F14BF48F202034FF427
S214017BA00043B0079E48C26E48BF43F4005383EAC1
S214017BB0020122EA0302EA669A4A81660B40D3660C
S214017BC0C4F380421203210348BF42F48072E306E5
S214017BD048BF42F40052A50648BF42F40072600650
S214017BE09148924DD0F80C3248BF42F4806221068B
S214017BF048BF42F4006282EA030123EA0203C5F8A1
S214017C000C328B4BC0F808120A40C7F34025AD046E
S214017C10C3F80C22E20448BF45F48035A30348BFED
S214017C2045F48015A00748BF45F4001514F4001F5D
S214017C3006D0D8F800000AF0E4F808B945F40025A3
S214017C40E1027C497C4848BF45F40035FA0648BF46
S214017C5045F480050A6A730748BF45F0040585EABE
S214017C60020323F001031A4002621D40CB61734BED
S214017C7073481D62734B744A16F0010F18BF1A46FB
S214017C80836E7D0748BF42F40012704D82EA0301FD
S214017C9023EA0203AB666E4B41660A4000F50050CC
S214017CA09A66C16B04F0010305F5005581EA0302EB
S214017CB021EA0301E96382631A40664BDA63D8F866
S214017CC00020200248BF644B92F8E92058BF634B5E
S214017CD0610748BF43F4806322B114F4C06F18BF34
S214017CE043F480735E485F4CD0F8EC10320748BF0F
S214017CF043F0004383EA010222F4A0221140C4F8B3
S214017D00EC101340C0F8E820574ABDE8F047C2F827
S214017D10EC30FFF7CBBEA0F580630B4306D020F412
S214017D208063A3F500730B437FF41AAF05F0FCFBE9
S214017D303849D1E9003223EA060322EA050242EA7B
S214017D4008023B43C1E90032484A126892F8E9202A
S214017D500AB313F4C06F1ED0434B4FF48072C3F8BE
S214017D60EC2014E005F0E0FB2A4AD2E9003123F0CA
S214017D7004033B4341EA080157EA0807C2E9003118
S214017D8014BF394A374A4FF48063C2F8EC30BDE875
S214017D90F04705F0CDBB334BDFE705F0C5FB1D4AC9
S214017DA0D2E9003123F001033B4341EA0801C2E96D
S214017DB000312F4A57EA08074FF0010315BF9363B6
S214017DC02C4902F1C062CB6314BFD3639363DEE731
S214017DD050EA01037FF4C4AEBAF1010F7FF4C0AEDE
S214017DE005F0A2FB0C4A136823F0010343EA0903DA
S214017DF01360134A4FF48063B9F1000F04D0536641
S214017E0002F1C0629366C2E710498B665366BEE70D
S214017E10BDE8F08738240020B44C00200000084458
S214017E200000084000000846006008400060084462
S214017E3000600846004008400040084400400846EC
S214017E4000500840041C500004185000005008441C
S214017E5000500846007008460D0A0A09090A0A0970
S214017E60001008400010084400100846EC490020A5
S214017E700070084000700844024B5868C0F3C00008
S214017E80704700BF38240020024B186800F001003C
S214017E90704700BF38240020024B5868C0F3C0303A
S214017EA0704700BF3824002010B50446FEF7E0FDF9
S214017EB0FFF7AEFD04F14C00FCF762FFFEF7A6FDEE
S214017EC0FEF7B2F8FEF71EF9FFF708FB1049114A54
S214017ED0D1F8F810072304F1A400FFF73BFB4FF499
S214017EE040010020FEF776FA4FF400110120FEF75C
S214017EF071FAFFF7B5FC20B940F2E7221421FCF72E
S214017F00FFFBFFF755FABDE810400120FEF712BC53
S214017F10001F00216C1F0021084B8022C3F8882017
S214017F2003F17E430822C3F88820054AD2F8BC3EF6
S214017F3023F02003C2F8BC3E704700BF004008464D
S214017F400010002108B505F0EFFAFFF7E5FF034B37
S214017F5001229A60BDE8084005F0EABA00400840F0
S214017F60F0B583B00646144602F082F9002800F008
S214017F709B80514BDD6815F0060540F0958005F0B5
S214017F80D3FA23790095022B07463ED1237B022B99
S214017F9035D00320FEF714FA18B9484B5B685B042A
S214017FA07FD5A37B257B4649A2680192003B18BF7B
S214017FB00123012D0B705DD0424A434C0023137000
S214017FC02278002A61D13C4E0420FEF7CFF8F36EEA
S214017FD023F0F85323F4F81343F0506343F480334B
S214017FE0F3662A46022301A90420FEF7DDF80028DD
S214017FF052D0364B012130222170C3F894203846E6
S21401800005F096FA002003B0F0BD0320FEF7D8F97C
S214018010002846D12279D6F8AC30012A226838D019
S214018020D51A254B2A4A0095DA6600221A67627B22
S214018030284B002A0CBF012200221A70264B264A22
S214018040D3F8BC3E0CBF43F0200323F02003C2F854
S214018050BC3E0320FEF78AF8174B204ADA662279DF
S214018060012369460320FEF79FF8F8B11C4B012255
S2140180701A708BE72379022B9ED0009BD6F8AC10A2
S2140180800B4413440025019396E72370FFF774FC15
S21401809099E79A42C5D3C3E70320FEF767F80C4B6E
S2140180A0F366384605F044FA0320ACE7384605F097
S2140180B03FFA0120A7E700BF0050084000400840F3
S2140180C05A4F0020574F0020584F002000400846C6
S2140180D000000101594F002000100021010C010091
S2140180E05B4F0020F8B5194C05462078B0FA80F0B1
S2140180F040F206423E214009FCF702FB55B9607882
S214018100B0FA80F0BDE8F84040F206423E21400950
S214018110FCF7F6BA0E4F0F4DD7F8A0304FF4406675
S214018120C3F381232370C5F8A0606078B0FA80F0AD
S21401813040F206423E214009FCF7E2FAD7F8A430A5
S214018140C3F381236370C5F8A460F8BD544F0020C3
S2140181500000084000000844F8B50B4C0B4DD4F85D
S21401816088300B4F0423C5F88830D4F888305B0379
S21401817000D4F8BD0426C7F88860022009F078FB11
S214018180C5F88860F1E700BF004008400040084697
S214018190004008441C4B70B5D3F888601B4D03F1B2
S2140181A08063A822C3F8882010221A60184A194B47
S2140181B093666B66FFF7B0FB174B1B7813B903206A
S2140181C0FDF7D4FF00242C67FFF7C6FF134A144BB4
S2140181D0D2F8E41E0B40C2F8E43E124B0422C3F868
S2140181E08820114BB206C3F8C44008D503F5807346
S2140181F09B6CB3F5817F22BF034B80229A60BDE85A
S214018200704001F051BE00BF0040084000500840D9
S21401821000500844100000025B4F002000100021AF
S214018220DF0000FF00400844001E002110B549B9D8
S21401823018B3144A53681B0E13F00E0F1DD11368A2
S2140182409A061AD4FFF7C2FB0E4C0020FEF7CCFDAF
S214018250032801D0092806D1D4F88C30DB03F4D4E6
S214018260636F0C2BF1D9FFF777FF074B0122DA601A
S21401827003F17E430422C3F88820044B4FF4C06206
S2140182805A6210BD0040084000400846006008449D
S21401829008B503210920FEF7BDFC024B20229A6097
S2140182A008BD00BF0040084038B5054605F03CF95A
S2140182B00446FCF721FD35B1FFF79CFB2046BDE8DF
S2140182C0384005F035B9084B1B78002BF6D0074B24
S2140182D01D78002DF2D1FFF78DFB2A464FF4804022
S2140182E00021FFF703FCE9E7574F0020564F002017
S2140182F02DE9F84F564B0646D3F888300D461446FE
S214018300002A40F0A28013F0A00F14BF4FF001091D
S2140183104FF00009DFF854814E4F01F0C5FDA02350
S214018320C8F888300320FDF721FF0420FDF71EFF63
S2140183304FF0000AFFF75EFB474BFB66C7F870A0DD
S214018340FFF70AFF454BD3F8BC2E42F02002C3F8D4
S214018350BC2EFF22C8F800203D4A4FF48071916080
S214018360D3F8E42E3E494FF0040B1140C3F8E41E47
S214018370C8F888B0C3F8C4AEFB6813F0060F04D083
S214018380FEF7B2F85846FDF7F1FEB9F1000F08D036
S214018390344B4FF40062C3F88820334B4FF400424D
S2140183A05A6666B1304B5B6C180701D4FFF70EFBBB
S2140183B0FFF76EFF0420FDF7D9FEFFF7ADFA244B59
S2140183C0DA68D1073FD55A6812F0706FFBD1274B98
S2140183D0274AC3F88820274A936B23F0F003936358
S2140183E015B12046FFF760FF234BD3F8B4305A1C73
S2140183F001D05B0002D51D4B0122DA601CB31A4B7B
S214018400DA6E9A66124A136A23F00103D3611B4B94
S214018410D3F80C22C3F80822A3F54053DA6F9A6703
S214018420A3F50053D3F8EC20C3F8E82003F5C043C6
S214018430DA6B9A63A3F50053114A5A660B4B4FF653
S2140184400842C3F88820BDE8F88F4FF0000961E7BD
S21401845000400840005008400000010100100021C3
S214018460DF0000FF004008460000084000400844C6
S21401847010003000001F00210081E00F006008405E
S2140184805000F0029A4B196EDA6E2DE9F04F01EAB0
S2140184900209C3F8689003F5805385B0D3F8E0600D
S2140184A0D3F8EC201640C3F8E86003F5A043D3F8F0
S2140184B00012D3F80C2201EA020AC3F808A2A3F5B7
S2140184C0005359691A6A01EA02088A4A08EA02024E
S2140184D0DA61894BD3F80022910006D4D3F8003133
S2140184E09A00C3F3407740F1E18005F01DF8834B15
S2140184F0DA68DF6D12F0060F9A6E07EA020727F4B4
S214018500800222F4006214BF4FF0010B4FF0000B03
S2140185105A667B0704D57A4A537D0133DBB253751D
S21401852005F006F8B9F1000F00F0DF8019F40044F9
S21401853027D004F0F9FF0146FFF708FA6F4D04460D
S214018540AA69AB699A42FCD0AA699342FCD0FFF7AC
S214018550FDF9A04240F0AC80084604F0E9FF694B03
S2140185601C60694BD3F8885015F4E05240F0A280A5
S21401857024F07F4424F0DF040CB9FFF70BFE4FF024
S214018580807419F0020F4FF0000516D05E4B5F495C
S214018590D3F8883003F46042C1F88820002A00F03E
S2140185A09E801D0400F19E8013F4005F0CBF4FF007
S2140185B000534FF000631C430025C9F340394FEACE
S2140185C04909534B3340002B4AD016F4206F0AD08A
S2140185D040F60F0206210020FCF792F80020FFF774
S2140185E063FE26F48026F00506D5484BFF221A6066
S2140185F044F4C064FFF7EAF916F0090F0AD040F612
S214018600240208210020FCF77BF8FFF741FE414BCE
S21401861001229A6216F0106F0CD040F62D02092145
S2140186200020FCF76DF8FFF733FE002211461046D6
S214018630FCF73AFB16F4202F0AD040F63502072144
S2140186400020FCF75DF80020FFF72EFE26F48026BA
S214018650F10301D5FCF778FC002EB8BF49F00809F4
S21401866072070DD52B4B5B6A13F4005F14BF2A4AC1
S2140186702A4A4FF400531ABF536244F4000453626B
S214018680730548BF44F0040416F4802600F0AA805F
S214018690FCF724FC0138062842D8DFE810F0210157
S2140186A02401210127012A012D012D01BB4639E7AD
S2140186B0044645E70192FFF76DFD144B019AC3F896
S2140186C0882015F4805307D115F4806F0CBF4FF046
S2140186D080544FF0806454E74FF0804451E74FF0E8
S2140186E0007368E74FF0004365E74C464D4668E780
S2140186F0000008400000F7FF00E100E000500840DD
S214018700B84C0020B04C002000400840004008440F
S214018710090B0B8900100840001008440010084699
S21401872040F6660203210020FBF7EAFF7C4A136E3F
S214018730D2F8800003F007030633012101FA03F3A0
S214018740C0F30C001B1A9BB2072B13D9754BD3F839
S214018750883058020ED47448136B126DC06C58B131
S21401876003F0070306339940C2F30C03C91A89B212
S214018770072901D844F400746C4B1B78002B31D0C8
S214018780674BD3F8E03013F4A02F2BD1684B694A1E
S2140187901B7893B9FB0410D4137873B1E3086649C8
S2140187A043EA457383F00103D1F8E41E03F00103A5
S2140187B05B0021FA03F3980714D10420FDF7D6FCD9
S2140187C05E4B5F49D966FFF715F95A4A13782BB9FC
S2140187D05C4B5D4A1B682340134201D144F480443C
S2140187E027F48057BAF1000F1DD01AF4805F18BF26
S2140187F044F480241AF4807F18BF44F400241AF449
S214018800005F18BF44F010041AF4007F18BF44F04C
S21401881020041AF4806F18BF44F040041AF4006F65
S21401882018BF44F08004B8F1000F3BD018F4802F35
S21401883018BF45F4007518F4803F18BF44F48054FF
S21401884018F4801F18BF44F4003418F4001F18BF32
S21401885044F0020418F4003F18BF44F4801418F4DE
S214018860800F18BF45F0100518F4002F1AD0324BB0
S214018870D3F8BC3E13F0C00F14D02A4B5A68C2F38B
S2140188800362032A01D0072A07D1D3F88C20D10628
S21401889003D4D3F89020120731D54FF40022DA61C1
S2140188A028F40028002F00F00D81380540F1818062
S2140188B0264ADFF888A0D378002B4DD0013B4FF431
S2140188C00061DBB2CAF86410D37033B9204B1B7851
S2140188D0C3B1204B40F60142DA660023002266E06F
S2140188E044F4803422E744F400641FE744F48064CF
S2140188F01CE744F4807419E744F0080416E744F4CE
S2140189000014CFE7DAF8703013F4A05F15BF4FF408
S214018910807340F60143CAF85030CAF87030DCE77D
S214018920001008400040084000000840584F002052
S214018930574F0020594F00200010002100500840DA
S2140189400000010138240020088D01004A4F002054
S2140189505B4F0020005008460320FDF707FCDAF8BD
S2140189600C30A848A84913F0060F02BFA74B41F6E2
S2140189701F72DA664FF40063CAF86430DAF80C3016
S21401898013F0060308BFCAF87030C38A13F40062F6
S21401899060D023F40063C3820B7803F0FF0A002B38
S2140189A05CD1FDF7A1FDFFF7F5FB534620221C43E2
S2140189B01543B9010BD52E20FDF78EFF934A4FF0D4
S2140189C00073936602F17C4245F008055366FA0689
S2140189D008D52B20FDF780FF8C4A1023936602F101
S2140189E07C42536617F4E00F05D1FB045ED5BBF15C
S2140189F0000F00F0AC80B80210D52920FDF76CFFFF
S214018A00FFF73AFA40B18249824A834B53668B6636
S214018A1082494968490424D445F0040517F4800BBB
S214018A20DFF8F0A129D00420FDF7A0FB2720FDF7F1
S214018A3053FFFFF7AFFB4FF48003CAF86430784B5F
S214018A40D3F8E42E50067CD4764B02221A6045F009
S214018A50020528E00B784FF40053A8E74FF40043D3
S214018A603CE76A4920208B665366FDF735FF2D20CB
S214018A7045F00C05FDF730FFD0E7FA024CD504208F
S214018A80FDF774FB2820FDF727FFDAF87030002B7E
S214018A903FD1FFF77FFB5D4A5F4B936602F17C4255
S214018AA045F0010553665B4B00221A657B0509D527
S214018AB05D4A9378002B00F09880013B9370002369
S214018AC049EA03094A4620462946FFF70FF80EB140
S214018AD0FCF72CFA18F4002F00F08C804F4B4FF463
S214018AE00022DA6118F0206F00F0888018F0007F0D
S214018AF001D0FDF7E9F818F0006F01D0FDF700F995
S214018B00002200204FF4006105B0BDE8F04FFEF7EB
S214018B10EDBFCAF870B0BEE7FB04C4D50420FDF76C
S214018B2025FB424BCAF86C30FDF7DEFCDAF85C3008
S214018B3013F4A00FB7D12A20FDF7CEFEFFF72AFBCC
S214018B407DE7D3F8BC3E990681D4394B7DE7364A9A
S214018B5013794BB1013BDBB2137113B92C4B354A78
S214018B60DA6600231C43A1E70420FDF7FFFA032081
S214018B70FDF7FCFA274B2D4ADA6604F0D5FC82464F
S214018B800DF10F00FEF730F92B4B1B7883460BB126
S214018B90FEF71CFFBBF1030F0ED1DFF880B00020FB
S214018BA0FEF722F9032807D1DBF88C30DA03F6D476
S214018BB0DBF874300C2BF2D99DF80F30032B06D15D
S214018BC01E4B012250461A7004F0B2FCC9E71C4B3A
S214018BD0D3F8E03013F4A02FF2D1FEF70BFF504686
S214018BE004F0A6FC4FF48043BCE70220FDF7BEFA72
S214018BF0012365E7B8F1000F7FF474AF05B0BDE857
S214018C00F08F00BFB84C00205B4F00200050084496
S214018C10005008460050084010000002004008407E
S214018C2000100021004008444A4F002000000101C6
S214018C30004008460000010D5A4F0020574F002003
S214018C4000100840014B024A1A607047302100208C
S214018C502DA80100014B1B68184700BF30210020DA
S214018C60034A0123136202F17C42D361704700BFBD
S214018C70004008440B4B10B55C691A6A1440A2B256
S214018C80DA61E20704D55868C0F30360FFF7E8FF2E
S214018C90630706D5BDE81040042200200021FEF738
S214018CA025BF10BD004008400C4A08B5136BD16BB8
S214018CB00B409363DB070FD5094B187840F6AC22BF
S214018CC0122100F00100FBF71BFDBDE80840002261
S214018CD001200021FEF70ABF08BD00BF0070084052
S214018CE038240020044BDA6FD207FCD41A6FD96FF0
S214018CF00A409A67704700BF0030084070B50D46BD
S214018D00144604F011FC064BD3F8BC6E74402C409C
S214018D107440C3F8BC4E04F00BFC05EA060070BDB7
S214018D2000100021034BD3F8BC3E99430CBF012031
S214018D3000207047001000212DE9F04117460A4334
S214018D40012A9DF818409DF81C60DDF820801D461C
S214018D5029D8B44227D2082E25D8032B23D8B8F118
S214018D60000F20D00A46002101F006F8EB00FF2193
S214018D709940DFF838C0C94308F1FF38FF00E2B276
S214018D80964202D80020BDE8F0813D190CEB85051E
S214018D9018F8010FD5F8EC2098400A401043C5F8A2
S214018DA0EC000134EBE70120EDE700BF001E0021D7
S214018DB00A4A5368C3F30363032B01D0072B0AD176
S214018DC0D2F88C30DB0606D4D2F8900080F008008A
S214018DD0C0F3C00070470020704700BF0040084045
S214018DE02DE9F7438E780F2E80460C4603D90120D5
S214018DF003B0BDE8F08326B901232E4A0020137084
S214018E00F6E70D7891F80190002D3BD1B9F1000FEE
S214018E10EDD194F90310E088FDF762FC0128E6D055
S214018E2055EA0903A088244F32D1FDF77BFB23497D
S214018E308A6D4FF6040583B292B24FF60500AA4238
S214018E4008BF02463A800825802201278F658A6777
S214018E502A461A4903B1013B013ECB62F6B2002312
S214018E60019300960123294608F1A400FDF79AFB19
S214018E701FB1134B4FF48012DA64124BA2681A60CA
S214018E800223BAE7082DB2D8B9F1080FAFD8C0E768
S214018E90FDF748FB3A884FF604039A421EBF07497E
S214018EA08A653B80A9454A4683B238BF2A460027D1
S214018EB0CFE700BF5C4F0020D221002000500840C1
S214018EC000500846D44C00200C4BD0F8C42010B5F6
S214018ED0C3F8C020027C0446120202F400624FF47A
S214018EE00061FFF70BFF237C13F0080F14BF044A41
S214018EF0044A4FF40073C2F8883010BD001E0021EA
S214018F000040084600400844431C07D0044B6FF05D
S214018F10FF029A6103F1007310409861704700BF29
S214018F200070084400F01803182B0AD003070AD46F
S214018F3010F0100040F2011318BF1846034BD86416
S214018F4070470020FAE70120F8E700BF001F002164
S214018F50344B2DE9F7431E6801F4007900F0010354
S214018F60174653EA090205460C462ED04FF0000874
S214018F7003B30023002201200021CDE90088FEF77B
S214018F80CDFD41463046FDF79DFE414670830120EA
S214018F90FBF7AEF9716B06F1A400FDF739FF224924
S214018FA00868FFF7B1FF4FF0FF330B60337C43F0E7
S214018FB004033374B9F1000F07D00121304608F0DD
S214018FC001FA24F4007405430C43D6E93E232A40F3
S214018FD0234052EA030103D0144930460968884702
S214018FE0FB070FD51249134A086813680021116060
S214018FF0114A0121117003B19847104B00215B689B
S2140190000220984717F00E0F08D040F2F3123B21CA
S214019010002003B0BDE8F043FBF772BB03B0BDE828
S214019020F08300BFEC4900203421002038210020C5
S214019030E44C0020E84C00205F4F00201021002067
S21401904070B50446D0B10E4E007BD6E93723002812
S2140190500CBF10461846FEF769FB0623A371237B57
S2140190602060054643B9D6F8D8000130FEF75EFB0E
S2140190702D1AA560002070BD0025FAE70120FAE749
S214019080001E0021F7B50446D4E93EC71046DDE9C7
S21401909008268CEA020587EA06010540194085EA9A
S2140190A00C057940C4E93E5123F4004106EA010368
S2140190B020F00100002543F40073024043F0020350
S2140190C0CDE90055FEF72AFD237C9A0717D5D4F87B
S2140190D0FC309B0513D54FF48811204608F072F931
S2140190E0237C65F341032374D4E93E2302400B40FD
S2140190F052EA030103D00349204609688847002045
S21401910003B0F0BD3821002038B10368044A002BB3
S21401911008BF1346034A13607047014BFAE700BFC6
S2140191205719020038210020024B986B00F00F00FF
S214019130704700BF001F00210F2938B505460C46B1
S2140191400ED801F0C7F801280CD1074A936B23F01B
S2140191500F0323439363284608F034FE002038BDEE
S2140191600120FCE70220FAE7001F0021014BD86B23
S214019170704700BF001F0021014B0020D9637047D4
S214019180001F002103282DE9F7434CD8274B13F87D
S2140191900080274B1E5C274B13F8009004F0C4F99F
S2140191A00746FEF771FE054640B10023CDE90033C0
S2140191B00022002301200021FEF7B0FCFEF76CFE22
S2140191C048B10023CDE900330022002300204FF4EC
S2140191D00041FEF7A3FC26B3174B5C6C04F00804B1
S2140191E0164B31465C644046FFF720F84A46314646
S2140191F04046FFF77DF8124B5C6465B1114B186869
S214019200416BA430FDF704FE0F490868FFF77CFEAA
S2140192104FF0FF330B60384603B0BDE8F04304F06F
S21401922087B93446DCE703B0BDE8F0836C4F020033
S214019230684F0200644F0200000008400000084426
S21401924000000846EC49002034210020104AD2F8DC
S214019250883013F0A00F16D1D2F88C0010F004005D
S21401926013D10C4BD3F8E43E23F07F4323F0FF03E6
S2140192705BB15368C3F30362092A07D0B2F10C004D
S21401928018BF01207047002070470120704700BFBB
S214019290004008400010002170B50D46064620B972
S2140192A0194B1B68A3B1032011E001F013F8012844
S2140192B028D1164B93F90040C4F11C04641BC4F179
S2140192C01C03002BB8BF5B42232B0CDD012070BDB5
S2140192D081EAE173A3EBE173DBB2232BF6D80B4BE8
S2140192E019700020F3E7B57404F01EF9084A5369B3
S2140192F0E40223F4FF2304F4FF241C43546104F026
S21401930017F9EEE70220E2E7EC4900205D4F002066
S2140193100070084008B5FFF7D7FD04F005F9074AC5
S214019320D2F8BC3E23F02003C2F8BC3E04F000F99C
S214019330034B02221A60002008BD00BF0010002166
S2140193400040084690F8C23053B9074BDA699202DA
S21401935008D49B6F13F4706F14BF01200020704770
S214019360002070470120704700600840F8B5436B45
S21401937002EA010523EA01032B434363344A01F061
S2140193800B030C4623EA0501516402F100722B40DF
S21401939061070646536411D50121FFF7D3FF68B173
S2140193A0FEF7DAFE15F0040F14BF2A4A2A4A4FF4D4
S2140193B00073D361294B0422C3F88820E20606D540
S2140193C015F0100F264B14BF00221B22DA64230669
S2140193D01DD52F0616D51F4B4FF400129A6103F1C7
S2140193E07E430122C3F8F82004F09EF80E210746BA
S2140193F00320FDF70FFC1A4B40F201225A62384651
S21401940004F096F8294606F1A400FDF701FDE005F3
S21401941003D5E90516D5FDF7E5FBA20503D5AB0592
S21401942013D5FDF7EFFB14F0600F09D0D6F89410B2
S214019430304608F091FA0B4B98640B4B80229A60E9
S2140194400020F8BDFDF7C6FBE7E7FDF7D3FBEAE72B
S21401945000000844006008460060084400400844D4
S21401946000000840001F002100400840014B18681A
S214019470704700BFE04C002037B5012300240022CE
S214019480CDE90034002310461946FEF747FB0220BB
S214019490FCF76CFE054D064B21461C6002206B68EE
S2140194A098472B6803B0BDE83040184710210020CC
S2140194B0E84C00202DE9FF41022903900C46154691
S2140194C0984605D1FFF7D8FF002004B0BDE8F0812B
S2140194D0194E04F029F8336807463BB1AB4205D074
S2140194E004F026F8002333600120EEE7134B3560C5
S2140194F0C3F8008001230022CDE900330023104683
S2140195001946FEF70BFB0E4B002502201D70FCF7DB
S2140195102DFE22462B4603A90220FCF745FE094BE9
S214019520039A1A60084B1B6804469847384603F0AE
S214019530FFFF002CC8D1D5E7E84C0020E44C002002
S2140195405F4F0020E04C002010210020044BDB6D13
S2140195505B055ABF034B1878012000F001007047E5
S214019560005008405F4F002010B50C4608F06AFA1C
S214019570A288D30080B1B3F5803F0DD807494309CF
S21401958001FB023322680009B3FBF0F3D21A05236C
S2140195902260A371002010BD0220FCE720A1070075
S2140195A070B50E4603F0C0FF054600F0B7FE044650
S2140195B020B1284603F0BCFF204670BDFEF7CCFD67
S2140195C0114B3278D3F8E43E022A23F0F00316D08A
S2140195D0101F42424241520043EA02137278022AA5
S2140195E00FD0111F4A424A41520043EA8213064AEB
S2140195F0C2F8E43E054B0422C3F88820D9E70122CD
S214019600EAE70122F1E700BF00100021004008440C
S21401961070B50E4603F088FF054600F097FE044637
S21401962020B1284603F084FF204670BDFEF794FD66
S214019630104B3278D3F8E43E022A23F00F0315D0FC
S214019640101F42424241520013437278022A0FD041
S214019650111F4A424A41520043EA8203054AC2F8B0
S214019660E43E054B0422C3F88820DAE70122EBE743
S2140196700122F1E70010002100400844F8B50E78F9
S21401968090F8D070044630460D46FCF76BF900287A
S21401969044D094F8D030B34208D1AA88636C9A4279
S2140196A004D16A88B4F8D2309A4235D084F8D060B2
S2140196B0AB88A4F8D4306B88A4F8D230AB88636446
S2140196C0FF236375304608F084F804F1D005207551
S2140196D02846FCF72BFC10BB2846FCF739F9F0B9F5
S2140196E0D4F8903053B194F8D010B94206D0B3F9FB
S2140196F012202046EDF7FEFF84F8D9002046FCF73D
S21401970017FB0949A4F8D400084AD1F8F810012338
S21401971004F1A400FDF71EFF0020F8BD01200E2372
S21401972084F8D030F9E700BF001F00216C1F00212C
S21401973070B5054690F8D0000E280C461DD0FF29BE
S2140197401DD01AB10F4B4FF0FF321A6008F041F8E6
S214019750064695F8D000FCF7AFF9844228BF0446C8
S214019760E4B2B44238BF3446E0B26875FCF740FA5A
S214019770A0F1FF035842584170BD0220FCE70120CA
S214019780FAE700BF18210020C36B012B01D100208E
S214019790704770B5364BD0F89060D3F8F830C0F803
S2140197A0943086B03146058B044608F0A7F8B38995
S2140197B08DF80600D6E90121EB1A9BB201FB0322C4
S2140197C068460021ADF804300092FDF7A9FD38B9CE
S2140197D0284B228BDA63FCF777FB20B106B070BD0D
S2140197E0022006B070BD227C60F34102227408F0AC
S2140197F04AF8D4F890305969431EDBB209680291E1
S214019800FD2B02460BD9CD1C09D91B4B01311B6818
S2140198100CD0D81C07D802A92046029301E002A961
S214019820204607F091FF002006B070BDD91C04D871
S21401983002A92046029307F087FFD4F8FC309B0567
S21401984004D4237C43F002032374ECE74FF4803105
S214019850204607F0B7FDD4E93E2302400B4052EA0A
S2140198600301E0D00549204609688847DBE700BFC9
S214019870001F002100300840202100203821002050
S21401988038B505460C4641B108F050FA28B14FF4F8
S21401989000312846FFF746FA04342046FCF742FE1C
S2140198A0024B4042C3F8D40E002038BD0010002100
S2140198B070B54C30814214BF0C460024164603F0A6
S2140198C033FE0D494A684FF49C53C2F30362D340FA
S2140198D0DA07054603D5D1F888309B030AD420461B
S2140198E001223146FBF7E0F90446284603F020FE44
S2140198F0204670BD0324F8E70040084010B503F089
S21401990013FE0146FFF754FA78B1094BD3F88840A5
S21401991014F4003409D103F1C0632022C3F8902067
S214019920084603F005FE204610BD0224F8E700BFF6
S214019930004008402DE9F74F06461546084619B976
S214019940012003B0BDE8F08F002AF9D0032904D81E
S2140199500021FBF70DFB0028F2D0827804880379FA
S21401996090F805B0C788B0F90000002802F007019A
S214019970C0F2D180A1F1070CDCF1000040EB0C0035
S214019980052928738CBFC2F300100020C2F3801C87
S2140199906873900985F810C000F00200C2F3C00C8D
S2140199A040EA0C00C2F340126874AA74AF820BB985
S2140199B096F8CA30013BDBB2EB74736BD80600F144
S2140199C096800639012900F29280544BDB6C544B89
S2140199D05A6B1B6B03F0070306334FF0010909FAB4
S2140199E003F909F1FF39083C42F0005804EA09047A
S2140199F0002318F804A0AB60013404EA0904631DCF
S214019A0003EA09035A1C02EA090218F8037018F857
S214019A100220BAF1800F47EA0227727C18BFAAF12A
S214019A20320A3BB214BF4FFA8AFA6FF07F0AC7F3C5
S214019A300B079AB30020D6F89C300BB151469847D5
S214019A40631C03EA0903E87385F80EA018F80310EF
S214019A50013303EA090318F80320013303EA090373
S214019A6041EA022118F80320013303EA090341EA17
S214019A70024118F803006A7C002341EA006130467F
S214019A80FDF736FE2860737C042B03D1022FDCBF62
S214019A90013028600423AB71002052E7D90422D597
S214019AA0D6F894209AB11368022B10D992F82400A4
S214019AB0FB0008B1B3FBF0F39B45BBD8002BB9D034
S214019AC0CBEB0B20B0FBF3F0C043C0B2B3E730469C
S214019AD007F0B8FF0190304607F0A4FF019BB3FBE7
S214019AE0F0F0C0B2E4E718F804004000EDE7002308
S214019AF0EB730C4BDA68C2F30723120448BF63F01A
S214019B00FF035AB212F1800F1CBF323B5AB2002338
S214019B10AA732B60BFE7022013E700BF00000840CE
S214019B200010084000700840F8B504460E4641B9DA
S214019B30037C5A0641BF4FF6FF7261F38613828398
S214019B4003743C4BD4F894701B680BB120469847BD
S214019B50394BA18BD3F8842012F4E05F04BF202296
S214019B60C3F810224FF6FF73994204D0334B1B689B
S214019B700BB120469847324DD4F894102A6891428A
S214019B8007D0204607F0E8FE2E4B98642E4B802027
S214019B909860974245D02D4B1B684BB11FB13A6870
S214019BA0002A40D0BF68394620469847D4F894101A
S214019BB0084607F0E9FE30B32549FDF749FC0727BB
S214019BC02046FCF7B5F816B3224B94F9122093F908
S214019BD000302149D4F89400C3F11C039B1A4A694A
S214019BE0DB0222F4FF2203F4FF2313431B4A4B61DB
S214019BF01B4B286006211167204601221A7008F0C7
S214019C00E1F80020F8BD204603F092FAD4E70D4BA8
S214019C100F4AD3F8F81004F1A4003B46FDF79AFC6E
S214019C20D2E70127CCE71746394620469847D4F8AD
S214019C309410BDE7F04C002000600840DC4C00208A
S214019C40D04C0020001F002100400840D84C0020C6
S214019C506C1F00215D4F0020007008400000084482
S214019C605E4F002002484822002108F0E1B900BFFB
S214019C70E81E0021002373B583746423C0E92C33E6
S214019C80C0E92E334FF0FF35C0F8AC30A0F8C03035
S214019C900E264FF6FF73C0E9075580F8D06045647D
S214019CA08582837504461120EBF75CFF042834D1C6
S214019CB01B4B5B6813F4403F2FD12046FEF7F4F8A8
S214019CC02046FFF7CFFF94F912102046FFF7E4FA7B
S214019CD0144A6023536402F5805240F6FF715162C4
S214019CE05165114A5364114B4022C3F88820626BB8
S214019CF029462046FFF73AFB002240F2022310468F
S214019D001946CDE90066FDF709FFFBF7BFFE2046C1
S214019D1002B0BDE87040FAF7D9BC022002B070BDAF
S214019D2000300E400000084000000846004008448D
S214019D3010B50C46FFF796FFBCB1A378082B16D8D2
S214019D40E278082A13D843EA021313F0FF03094AFC
S214019D5014BF61681946C2F8E810217882F82C1100
S214019D60617882F82D1182F82F31002010BD012074
S214019D70FCE700BF001E0021012A10B512D8032BF4
S214019D8010D803EB8202084C0123934094F82E016D
S214019D90DBB221B1034384F82E31002010BD20EA46
S214019DA00303F8E70120F9E7001E002170B50C68EF
S214019DB0B0F8D4208D680346013404BFD3F8AC4014
S214019DC00C604C68013404BFD3F8B8404C606E1C7C
S214019DD000F1A40038D1D3F8B440CE688C60751C6D
S214019DE038D1D3F8B0500E69CD60013604BFD3F830
S214019DF0A4600E614E69013604BFD3F8A8604E61B7
S214019E008E69013604BFD3F8BC608E618E693EB39D
S214019E104132B24238BF32460E688A61C3F8B44056
S214019E204C68C3E92E420A69C3F8A4204A690D4961
S214019E30C3F8A820C3E92B650B4AD1F8F81007230D
S214019E40FDF788FB002070BD02F14104AC4238BF2B
S214019E502C46C2E702F16405B54238BF3546C2E773
S214019E606422D9E7001F00216C1F002170B503F0A2
S214019E705BFB0C4E054600F02DFA012804D028465F
S214019E8003F056FB022070BD736813F0706FC3F3C6
S214019E900364F0D1F36BDB06EDD5284603F048FBEF
S214019EA02046F0E70040084038B503F03DFB0B4A7A
S214019EB013884FF6FF718B4203D103F039FB032061
S214019EC038BD074C074DE56504F100741B04E365D6
S214019ED0118003F02DFB0020F2E700BFD421002003
S214019EE0006008440000FFFF2DE9F34105460F46D8
S214019EF01446FFF7ABF980B1DFF81882D8F80C30BA
S214019F00DE0740F1EA8003F00FFB06460320FCF76C
S214019F1057FA38B1304603F00BFB0226304602B042
S214019F20BDE8F081D8F80C3013F0060FF2D13046B8
S214019F3003F0FEFA6A4B4FF400612846D3F8E48E2C
S214019F40D3F8C46EFEF7EEFE40B1664B4FF40072D6
S214019F500121C3F888200846FAF7CAF93946284687
S214019F60FAF718FB5E4BC3F8C46EC3F8E48E0646D8
S214019F700028D3D12B7CD80601D4002C66D0C4F39C
S214019F804000FEF7AFF814F4807F14BF564A554AD6
S214019F904FF002031BBFC2F88830544AC2F888301B
S214019FA000211CBFD16093624D4BD3F8BC7EFEF7F7
S214019FB0D3F84F4A14F0040F07EA02034FF4806106
S214019FC06BD04C489342C16106D14B4A92F8D030CF
S214019FD043F0020382F8D030424B042214F0400FC3
S214019FE0C3F8882014BF454A454A40232046C2F894
S214019FF08030FEF797FF284607F0A5FD40B114F024
S21401A000010F14BF384A374A4FF48073C2F88830BC
S21401A010A1064CD56B8C4FF6FF7293420FD0394A8E
S21401A0203949D26D100CC2F301120880013237494A
S21401A030B3FBF2F32F4A3648C8651B04D3652B7C65
S21401A040003C18BF012464F304132B74284607F060
S21401A0506DFEF0B1284607F076FDD0B14FF4003121
S21401A0602846FEF75FFE431C9BB203221F4801A948
S21401A07007F0D1FA9DF8042002F00703052B9DF89E
S21401A08005301DD1120715D443F480731A4AC2F85D
S21401A090CC30002007F089FB40E71C489342C161A1
S21401A0A09AD1154A92F8D03023F0020392E7FFF7CF
S21401A0B0FBFEC4E713F0040F09D19DF80630E3E771
S21401A0C003F03002202A05D113F0010FF4E74FF414
S21401A0D08073DBE79DF80630D8E703261EE700BF4E
S21401A0E000100021004008440040084600100840C7
S21401A0F08000004000600846001E002100700846EF
S21401A1000070084400600840D42100200060084424
S21401A1100000FFFF005008402DE9F341064688463F
S21401A12015461F4603F000FA04460320FCF748F9DB
S21401A13038B1204603F0FCF90324204602B0BDE8FE
S21401A140F0810420FCF73CF90028F2D1204603F008
S21401A150EFF92A4641463046FFF7C6FE0446002878
S21401A160EBD1DFF8BC80002F38D088F800003946E4
S21401A1703046FEF735FE002845D198F80030012B11
S21401A18029D0224B2022C3F88820214B9B6CB3F5A3
S21401A190817F2BD2012007F06BFB03F0C5F91D4B25
S21401A1A01B68019306464BB10420FBF7DFFF002333
S21401A1B0012201A90420FBF7F7FF00B3FCF748F9D9
S21401A1C02B0617D5144B00221A67FCF781F9304687
S21401A1D003F0AEF9B1E7FDF7B5FEAEE798F800304B
S21401A1E0012BF8D0002BCCD10124A6E70B4B802203
S21401A1F09A60CFE7FCF76CF9FDF78EFEE7E7FDF70F
S21401A200C9FF0124E3E7044697E700BF004008467C
S21401A210001F0021D44C0020005008400040084098
S21401A2205C4F002008B5094BD3F8B4305A1C0BD04C
S21401A2305B0009D40320FEF7A5FF054B4FF08062B3
S21401A240C3F894200122DA6008BD00BF0081E00F48
S21401A25000400846054BD3F8880003F180634FF4AD
S21401A2600022C3F88820C0F3C04070470040084071
S21401A270024BD86800F00100704700BF005008404C
S21401A280084BDA68D10707D508B9FBF749BFDB6881
S21401A290DA0706D4FBF736BFDB68DB0701D40028F4
S21401A2A0F8D1704700500840084A4FF0807330B12B
S21401A2B0936602F1C062D3660123D36570470449F1
S21401A2C00120C865CB669366704700BF0000084052
S21401A2D0000008440F4B5B68C3F30363013B0B2B81
S21401A2E00FD8DFE803F006060C06060606080A087D
S21401A2F00808022070470420704705207047032095
S21401A3007047054BDB6813F0060F0CBF01200420D5
S21401A310704700BF00400840005008400A4A536892
S21401A320C3F303630B2B08D06FF49050184100F071
S21401A330010080F0010040007047D2F8880010F458
S21401A3408030ECD1704700BF004008400C4A53688B
S21401A350C3F30363062B07D8042BD8B20CD8C31E4D
S21401A3605842584140007047072B07D1D2F84401A4
S21401A37010F00050EBD17047022070470020704764
S21401A380004008400A4A5368C3F30363032B01D015
S21401A390072B0AD1D2F88C30DB0606D4D2F890000F
S21401A3A080F00800C0F3C00070470020704700BF6F
S21401A3B000400840024B0022196807F096BC00BF17
S21401A3C0346A020010B5FF224FF6FF71044607F00B
S21401A3D0B0FC68B9FF224FF6FF71204607F0BAFCC1
S21401A3E030B920460349BDE81040FF2207F0C4BC3F
S21401A3F010BD00BF704F020010B55B0743EA024371
S21401A4009DF80820520543EAC16302F0BC621A4374
S21401A410084942F4C8720446FEF770FC064B1B68F6
S21401A4200BB120469847002211462046FFF740FA16
S21401A430002010BD9007E12DF44C002008B507F070
S21401A44075FC20B1024B586D003818BF012008BDBD
S21401A4500000084038B50546FFF7F0FF044628B16E
S21401A46003494FF480322846FEF748FC204638BDA3
S21401A4701001010008B5114BD3F8BC3E1A061AD5D7
S21401A4800F4A134217D0FFF7E5FFA0B10D4B0E4957
S21401A4905A6B91F8D03002F44062B2F5806F0CBF6F
S21401A4A043F0010303F0FE0381F8D0300120BDE83C
S21401A4B00840FFF7F9BE0020F9E700BF00100021B1
S21401A4C00000024000000840001E00212DE9F04176
S21401A4D004460F461546FFF7FDFE012806465FD1E6
S21401A4E0F80717D52F4B5B6815F0010803F0070333
S21401A4F03CD0022B37D92046FEF738FE40F08001CB
S21401A5002046FEF739FE4FF400324FF40031204664
S21401A510FEF7F4FBB9071AD515F0020832D0224B24
S21401A5201A6E02B35A6EF2B1DB699A051BD54FF06B
S21401A530804211462046FEF7E1FB7B0707D515F062
S21401A540040210D14FF000412046FEF7D7FB174B0F
S21401A550174A1A60FEF776FB164B174A1A60204612
S21401A560FFF788FF00263046BDE8F081022BFAD8B7
S21401A5702046FEF7FBFD20F080012046FEF7FCFD9D
S21401A5804246C2E742464FF080412046FEF7B6FB00
S21401A5900A49204607F079F9024B42465863D1E74B
S21401A5A00226E0E70000084000600840F04C00206A
S21401A5B075A40100F44C002055A4010034000840A5
S21401A5C008B5FFF7DFFEA8B10B4B5A69110311D589
S21401A5D0D3F8882092030DD4D3F8903013F0100FDF
S21401A5E04FF0100304D1054AC2F89030002008BD90
S21401A5F0034AF9E70220FAE700400840004008460F
S21401A6000040084438B5044608B3134A53691B038F
S21401A6101FD5D2F88C50114BC5F38115032DB3F815
S21401A620C8300ED1083B9BB208220D48214606F0E1
S21401A630F2FF094B2572D3F890301B0A6372002093
S21401A64038BD022D05D1023B9BB22A46EDE701201B
S21401A650F6E70220F4E700BF00400840001E002194
S21401A66030100840064AD2F8C03043F04073C2F8B2
S21401A670C030044B4FF08062C3F81421704700BF0E
S21401A6800040084000400846044A0423C2F8BC3093
S21401A69002F10072C2F8C430704700BF004008449F
S21401A6A0074B084AC3F8C0200122C3F8C4204FF064
S21401A6B08062C3F814210422C3F8C420704700BF87
S21401A6C000400844CA078000023816289ABF024B89
S21401A6D0185C0020704700BF1C6A02002DE9F04795
S21401A6E0344F354D4FF00108C7F8C480D5F8C04047
S21401A6F024F47E0424F0300444F4680444F0300466
S21401A700C5F8C0402D4C06460846D4F834A09946F4
S21401A710FFF7DAFF2AF47C1A4AEA00406063D5F8AC
S21401A720C01021F4FF3121F4807141EAC92141EAC8
S21401A7300222C5F8C020A36D23F07F033343A3652F
S21401A7401F4B4A22C3F8C02080254FF40002C3F8ED
S21401A750C480C3F8C050C3F8C0201A4A1021D1657E
S21401A7600822C7F8C020184AC3F8C0204FF47A70F0
S21401A77007F07EF84FF48072656062602368190501
S21401A780FCD423685B04F7D40D4B0822C3F8C02021
S21401A7900E4B1022DA65084A40236360D2F8C030B7
S21401A7A023F4000323F0040343F40003C2F8C0308B
S21401A7B0BDE8F087004008440040084000300840EB
S21401A7C00040084600300846040080000030084477
S21401A7D010F0080F0A4B0AD141F20E721A604FF0C0
S21401A7E0FF321A61074A9A6101229A60704741F264
S21401A7F004721A6000221A6148F20842F3E700BFA9
S21401A800002008402083B8ED064B10225A63064A02
S21401A81092F8D020D2074CBF4FF480624FF44062CA
S21401A8205A63704700000846001E002170B5704D3F
S21401A8302B6EE96E1940CB0101F07F444AD56D4B72
S21401A840D3F8BC3E1E0642D56B4A13423FD06B4836
S21401A850066E426E6D6D03F08043002D00F085801C
S21401A8609BB90AB1964224D1614B5B6B13F4406FDE
S21401A87000F089805E4B44F20D02DA65604A4FF0C3
S21401A880007393661A44D36621E00368D8066FD432
S21401A890002A6DD096426BD05A4A92F8D13023F0F6
S21401A8A0010382F8D130564B4FF443625A63FFF7E7
S21401A8B0ABFF4F4B48F20522DA6503F180634FF098
S21401A8C090529A6603F100734FF08052DA66484B55
S21401A8D002225A62CA0001F0007513D5454B444A5C
S21401A8E0D3F8BC6ED36BD2F8901003EB810303F15F
S21401A8F000534349588C4FF08053CB66C30747D566
S21401A900002E63DA002D2DD03A4B3D4ED3F8BC1EF7
S21401A910374BD3F88C504FF00072F266EA0762D4D8
S21401A920354A114261D0A8B2FFF752FF354A92F874
S21401A930D130072003F0FD0382F8D1307063E806BA
S21401A9400AD511F0804F304914BF0320012043F08F
S21401A9500203486382F8D130254B40F20C425A621A
S21401A9600122DA65264B9C6670BD002B3FF47CAF56
S21401A970244A92F8D13043F0010382F8D130204BBB
S21401A9804FF443625A63204B4FF440625A6371E7B7
S21401A990194B1E421AD0FFF71BFF1A4A07234B63B7
S21401A9A092F8D130C60603F0FD0382F8D13006D501
S21401A9B01549032043F00203486382F8D1300C4B5B
S21401A9C040F214425A620122DA659BE7142353626D
S21401A9D0002D99D109210320FCF71CF9044B40F204
S21401A9E001225A62BEE70029BCDB0C225A62F1E75B
S21401A9F000000840001000210000024000600840EE
S21401AA0000000844001E0021000008462DE9F74F0B
S21401AA10DFF8ECB08146DBF800A00F46FBF7E6FC5A
S21401AA204FF0FF35CDE9000100202C46064606F121
S21401AA3010031B015BF8033003F00308B8F1010FA4
S21401AA4015D13046FBF7EAFC02460B46DDE900016C
S21401AA50FBF77AFBDBF85C3006F10802D340DB0734
S21401AA6037D5002F3ED000253E602C4640460136A5
S21401AA70052EDCD150B3224F396B0131A4FB0141C5
S21401AA8064190AF4403341F10001B3F5003F4FF079
S21401AA9000022FD1FB6A0AF4405A013342F1000644
S21401AAA0BAF5805F21D1BD6A15F5807542F10002C5
S21401AAB06E4303FB0266A5FB03323244594304FB93
S21401AAC00212A3FB04341444C9E9003403B0BDE800
S21401AAD0F08FA84271EB0403C8D207B13E60054669
S21401AAE00C46C3E73D463C46C0E7320242EA1362E3
S21401AAF01B02E3E7BB6A13F5807342F10002DDE750
S21401AB000050084081F0004102E000BF83F000439E
S21401AB1030B54FEA41044FEA430594EA050F08BFF2
S21401AB2090EA020F1FBF54EA000C55EA020C7FEAB6
S21401AB30645C7FEA655C00F0E2804FEA5454D4EB33
S21401AB405555B8BF6D420CDD2C4480EA020281EAFD
S21401AB50030382EA000083EA010180EA020281EA35
S21401AB600303362D88BF30BD11F0004F4FEA013187
S21401AB704FF4801C4CEA113102D0404261EB410196
S21401AB8013F0004F4FEA03334CEA133302D052421C
S21401AB9063EB430394EA050F00F0A780A4F10104D8
S21401ABA0D5F1200E0DDB02FA0EFC22FA05F2801812
S21401ABB041F1000103FA0EF2801843FA05F35941F8
S21401ABC00EE0A5F120050EF1200E012A03FA0EFC77
S21401ABD028BF4CF0020C43FA05F3C01851EBE371A1
S21401ABE001F0004507D54FF0000EDCF1000C7EEBBE
S21401ABF000006EEB0101B1F5801F1BD3B1F5001FFC
S21401AC000CD349085FEA30004FEA3C0C04F101041A
S21401AC104FEA445212F5800F80F09A80BCF1004F43
S21401AC2008BF5FEA500C50F1000041EB045141EAC5
S21401AC30050130BD5FEA4C0C404141EB0101013C8E
S21401AC4028BFB1F5801FE9D291F0000F04BF01467D
S21401AC500020B1FA81F308BF2033A3F10B03B3F14F
S21401AC6020020CDA0C3208DD02F1140CC2F10C02DF
S21401AC7001FA0CF021FA02F10CE002F11402D8BF3D
S21401AC80C2F1200C01FA02F120FA0CFCDCBF41EA09
S21401AC900C019040E41AA2BF01EB0451294330BDD8
S21401ACA06FEA04041F3C1CDA0C340EDC04F11404B5
S21401ACB0C4F1200220FA04F001FA02F340EA03008C
S21401ACC021FA04F345EA030130BDC4F10C04C4F1D2
S21401ACD0200220FA02F001FA04F340EA03002946B2
S21401ACE030BD21FA04F0294630BD94F0000F83F4FC
S21401ACF0801306BF81F480110134013D4EE77FEADF
S21401AD00645C18BF7FEA655C29D094EA050F08BF2A
S21401AD1090EA020F05D054EA000C04BF194610460B
S21401AD2030BD91EA030F1EBF0021002030BD5FEA4F
S21401AD30545C05D14000494128BF41F0004130BD77
S21401AD4014F580043CBF01F5801130BD01F00045CB
S21401AD5045F0FE4141F470014FF0000030BD7FEA3E
S21401AD60645C1ABF194610467FEA655C1CBF0B4639
S21401AD70024650EA013406BF52EA033591EA030F50
S21401AD8041F4002130BD00BF90F0000F04BF002148
S21401AD90704730B54FF4806404F132044FF000057B
S21401ADA04FF0000150E700BF90F0000F04BF0021F4
S21401ADB0704730B54FF4806404F1320410F000455A
S21401ADC048BF40424FF000013EE700BF42004FEA55
S21401ADD0E2014FEA31014FEA02701FBF12F07F43D2
S21401ADE093F07F4F81F06051704732F07F4208BF89
S21401ADF0704793F07F4F04BF41F40021704730B590
S21401AE004FF4607401F0004521F000411CE700BFDB
S21401AE1050EA010208BF704730B54FF000050AE05E
S21401AE2050EA010208BF704730B511F0004502D55F
S21401AE30404261EB41014FF4806404F132045FEA61
S21401AE40915C3FF4D8AE4FF003025FEADC0C18BF0A
S21401AE5003325FEADC0C18BF033202EBDC02C2F1FC
S21401AE60200300FA03FC20FA02F001FA03FE40EA8E
S21401AE700E0021FA02F11444BDE600BF70B54FF092
S21401AE80FF0C4CF4E06C1CEA11541DBF1CEA135570
S21401AE9094EA0C0F95EA0C0F00F0DEF82C4481EAD8
S21401AEA0030621EA4C5123EA4C5350EA013518BFF8
S21401AEB052EA033541F4801143F4801338D0A0FBE5
S21401AEC002CE4FF00005E1FB02E506F00042E0FB92
S21401AED003E54FF00006E1FB03569CF0000F18BF98
S21401AEE04EF0010EA4F1FF04B6F5007F64F5407440
S21401AEF004D25FEA4E0E6D4146EB060642EAC621D3
S21401AF0041EA55514FEAC52040EA5E504FEACE2E3F
S21401AF10B4F1FD0C88BFBCF5E06F1ED8BEF1004F42
S21401AF2008BF5FEA500E50F1000041EB045170BDBE
S21401AF3006F0004646EA010140EA020081EA030102
S21401AF40B4EB5C04C2BFD4EB0C0541EA045170BDFE
S21401AF5041F480114FF0000E013C00F3AB8014F178
S21401AF60360FDEBF002001F0004170BDC4F10004C1
S21401AF70203C35DA0C341BDC04F11404C4F1200542
S21401AF8000FA05F320FA04F001FA05F240EA02009D
S21401AF9001F0004221F0004110EBD37021FA04F6D3
S21401AFA042EB06015EEA430E08BF20EAD37070BD8D
S21401AFB0C4F10C04C4F1200500FA04F320FA05F0EC
S21401AFC001FA04F240EA020001F0004110EBD370EE
S21401AFD041F100015EEA430E08BF20EAD37070BD5E
S21401AFE0C4F1200500FA05F24EEA020E20FA04F337
S21401AFF001FA05F243EA020321FA04F001F00041E6
S21401B00021FA04F220EA020000EBD3705EEA430E56
S21401B01008BF20EAD37070BD94F0000F0FD101F085
S21401B0200046400041EB010111F4801F08BF013CBE
S21401B030F7D041EA060195F0000F18BF704703F0FC
S21401B0400046520043EB030313F4801F08BF013D83
S21401B050F7D043EA0603704794EA0C0F0CEA13553F
S21401B06018BF95EA0C0F0CD050EA410618BF52EAF9
S21401B0704306D1D181EA030101F000414FF00000FF
S21401B08070BD50EA410606BF1046194652EA43060D
S21401B09019D094EA0C0F02D150EA013613D195EA81
S21401B0A00C0F05D152EA03361CBF104619460AD1C9
S21401B0B081EA030101F0004141F0FE4141F47001D3
S21401B0C04FF0000070BD41F0FE4141F4780170BDC3
S21401B0D070B54FF0FF0C4CF4E06C1CEA11541DBF28
S21401B0E01CEA135594EA0C0F95EA0C0F00F0A7F82A
S21401B0F0A4EB050481EA030E52EA03354FEA013157
S21401B10000F088804FEA03334FF0805545EA131369
S21401B11043EA12634FEA022245EA111545EA106531
S21401B1204FEA00260EF000419D4208BF964244F1C8
S21401B130FD0404F5407402D25B084FEA3202B61AE7
S21401B14065EB03055B084FEA32024FF480104FF4BB
S21401B150002CB6EB020E75EB030E22BFB61A75462F
S21401B16040EA0C005B084FEA3202B6EB020E75EBC2
S21401B170030E22BFB61A754640EA5C005B084FEA2A
S21401B1803202B6EB020E75EB030E22BFB61A7546F7
S21401B19040EA9C005B084FEA3202B6EB020E75EB02
S21401B1A0030E22BFB61A754640EADC0055EA060EC3
S21401B1B018D04FEA051545EA16754FEA06164FEA06
S21401B1C0C30343EA52734FEAC2025FEA1C1CC0D1B2
S21401B1D011F4801F0BD141EA00014FF000004FF03F
S21401B1E0004CB6E711F4801F04BF01430020B4F100
S21401B1F0FD0C88BFBCF5E06F3FF6AFAEB5EB030CB8
S21401B20004BFB6EB020C5FEA500C50F1000041EBB4
S21401B210045170BD0EF0004E4EEA113114EB5C0481
S21401B220C2BFD4EB0C0541EA045170BD41F4801154
S21401B2304FF0000E013C90E645EA060E8DE60CEA5C
S21401B240135594EA0C0F08BF95EA0C0F3FF43BAF79
S21401B25094EA0C0F0AD150EA01347FF434AF95EA30
S21401B2600C0F7FF425AF104619462CE795EA0C0F14
S21401B27006D152EA03353FF4FDAE1046194622E7E1
S21401B28050EA410618BF52EA43067FF4C5AE50EABB
S21401B29041047FF40DAF52EA43057FF4EBAE12E7AB
S21401B2A04FF0FF3C06E000BF4FF0010C02E000BF8C
S21401B2B04FF0010C4DF804CD4FEA410C7FEA6C5C6F
S21401B2C04FEA430C18BF7FEA6C5C1BD001B050EA12
S21401B2D0410C0CBF52EA430C91EA030F02BF90EAFD
S21401B2E0020F0020704710F1000F91EA030F58BFBC
S21401B2F0994208BF90422CBFD8176FEAE37040F01E
S21401B300010070474FEA410C7FEA6C5C02D150EABB
S21401B310013C07D14FEA430C7FEA6C5CD6D152EA76
S21401B320033CD3D05DF8040B704700BF844610463B
S21401B33062468C461946634600E000BF01B5FFF73A
S21401B340B7FF002848BF10F1000F01BD4DF808ED0A
S21401B350FFF7F4FF0CBF012000205DF808FB00BFDB
S21401B3604DF808EDFFF7EAFF34BF012000205DF835
S21401B37008FB00BF4DF808EDFFF7E0FF94BF012082
S21401B38000205DF808FB00BF4DF808EDFFF7CEFF83
S21401B39094BF012000205DF808FB00BF4DF808EDC2
S21401B3A0FFF7C4FF34BF012000205DF808FB00BF93
S21401B3B04FEA410212F5001215D211D56FF47873D7
S21401B3C0B3EB625212D94FEAC12343F0004343EA7A
S21401B3D0505311F0004F23FA02F018BF4042704755
S21401B3E04FF00000704750EA013005D111F00040DF
S21401B3F008BF6FF0004070474FF00000704700BF75
S21401B4004A0011D212F5001211D20DD56FF47873DD
S21401B410B3EB62520ED44FEAC12343F0004343EA32
S21401B420505323FA02F070474FF00000704750EA7D
S21401B430013002D14FF0FF3070474FF000007047E7
S21401B44053B94AB9002908BF00281CBF4FF0FF3185
S21401B4504FF0FF3000F06AB9ADF1080C6DE904CE8B
S21401B46000F006F8DDF804E0DDE9022304B07047D9
S21401B4702DE9F047089D0C46002B4ED194468C458D
S21401B4808646B2FA82F262D94AB1C2F120039140ED
S21401B49020FA03F30CFA02FC194300FA02FE4FEA03
S21401B4A01C471FFA8CF6B1FBF7F44FEA1E4307FB65
S21401B4B0141143EA014304FB06F199420AD91CEB35
S21401B4C0030304F1FF3080F01381994240F21081AA
S21401B4D0023C6344591A1FFA8EF3B1FBF7F007FBDF
S21401B4E0101143EA014300FB06F69E420AD91CEB03
S21401B4F0030300F1FF3180F0FD809E4240F2FA80A6
S21401B500634402389B1B40EA044000211DB1D3402E
S21401B5100022C5E90032BDE8F0878B4205D90DB19E
S21401B520C5E9000100210846F5E7B3FA83F10029D1
S21401B53046D1A34202D39042C0F0F180861A64EB52
S21401B54003030120002DE6D0C5E90063E3E7002AE6
S21401B55040F09180A1EB0C044FEA1C481FFA8CF7CF
S21401B5600121B4FBF8F64FEA1E4308FB164443EAF2
S21401B570044307FB06F0984208D91CEB030306F1C7
S21401B580FF3402D2984200F2CE8026461C1A1FFAD9
S21401B5908EF3B4FBF8F008FB104443EA044300FBC7
S21401B5A007F79F4208D91CEB030300F1FF3402D2D0
S21401B5B09F4200F2B1802046DB1B40EA0640A5E729
S21401B5C0C1F120068B4022FA06F71F4320FA06FC3B
S21401B5D004FA01F343EA0C03F44000FA01F8380CCC
S21401B5E04FEA1349B4FBF0FE1FFA87FC00FB1E442A
S21401B5F049EA04440EFB0CF9A14502FA01F20AD904
S21401B6003C190EF1FF3A80F08580A14540F2828018
S21401B610AEF1020E3C44A4EB09041FFA83F9B4FB15
S21401B620F0F300FB134449EA044403FB0CFCA44575
S21401B63007D93C1903F1FF3068D2A44566D9023B0D
S21401B6403C4443EA0E40A0FB0293A4EB0C049C424C
S21401B650CE469C4652D34FD055B1B8EB0E0364EBA1
S21401B6600C0404FA06F6CB40CC401E43C5E9006440
S21401B6700021BDE8F087C2F1200320FA03F10CFA9D
S21401B68002FC24FA03F394400C434FEA1C4800FAE8
S21401B69002FE1FFA8CF7B3FBF8F008FB1031230CFF
S21401B6A043EA014300FB07F1994208D91CEB030367
S21401B6B000F1FF362CD299422AD9023863445B1A2C
S21401B6C0A4B2B3FBF8F108FB113344EA034401FBCF
S21401B6D007F3A34208D91CEB040401F1FF3613D289
S21401B6E0A34211D902396444E41A41EA004138E719
S21401B6F00446EFE6084605E7C845ADD2B9EB020EAB
S21401B70063EB070C0138A7E73146EDE7034698E7F8
S21401B7103046D4E7D6467EE7634402384CE7064611
S21401B720234608460EE7023E63442FE7704700BFF4
S21401B73008B5064B044613B10021AFF30080044B55
S21401B7401B6803B19847204602F0D9FE00000000AE
S21401B750384E0020242B2DE9F0478646904601D826
S21401B760012B06D100F024FC162303600020BDE85F
S21401B770F08736480D462A4615F8014B065D16F049
S21401B7800806F8D12D2C24D12C780126951C2BBB2C
S21401B790302C30D00A2306F1004C0CF1FF3C00227D
S21401B7A0BCFBF3F9104603FB19CAA4F13007092FB5
S21401B7B028D83C46A34234DD571C07D081452DD3FB
S21401B7C001D1A2452ADB00FB0340012215F8014BFB
S21401B7D0EBE72B2C04BF2C78951CD8E7102BDAD17D
S21401B7E0302CD8D12A7802F0DF02582AD3D16C78CF
S21401B7F010230235CFE72B7803F0DF03582BF6D062
S21401B8000823C8E7A4F14107192F01D8373CD1E72F
S21401B810A4F16107192F04D8573CCBE74FF0FF324C
S21401B820D4E7531C08D12223CEF800306046B8F185
S21401B830000F9CD0691E06E006B14042B8F1000F29
S21401B84095D0002AF6D1C8F8001090E7436D0200A3
S21401B85013460A46014602480068FFF77BBF00BF51
S21401B860442100202DE9F043364E86460D462846F3
S21401B87015F8014B375D17F00807F8D12D2C26D1A6
S21401B8802C780127851C3BBB302C32D00A234FF085
S21401B890FF380026B8FBF3F803FB08F96FEA09093D
S21401B8A03046A4F1300CBCF1090F29D86446A342F6
S21401B8B037DDB6F1FF3F07D080452FD301D1A14533
S21401B8C02CDB00FB0340012615F8014BE9E72B2C86
S21401B8D004BF2C78851CD6E7102BD8D1302CD6D1B6
S21401B8E0287800F0DF005828D1D16C781023023573
S21401B8F0CDE72B7803F0DF03582BF6D00823C6E7F5
S21401B900A4F1410CBCF1190F01D8373CCFE7A4F1E3
S21401B910610CBCF1190F04D8573CC8E74FF0FF364D
S21401B920D2E7731C06D12223CEF80030304632B956
S21401B930BDE8F08307B14042002AF9D006B1691E7E
S21401B9401160F5E7436D020013460A4601460248B8
S21401B9500068FFF787BF00BF442100202DE9F04FA4
S21401B96085B09046464A029089461E460D462B46AD
S21401B97015F8014B175D17F00807F8D12D2C41D1AA
S21401B9802C7801279D1C002E41D1302C4CD00A2644
S21401B99007F1004A07F1FF3B0AF1FF3AF317324677
S21401B9A0584651460393FFF74BFD019200228E46FF
S21401B9B0844611461046A4F13003092B05D9A4F19B
S21401B9C04103192B37D8A4F137039E423DDD541CA1
S21401B9D015D084457EEB010234D38E4508BF8445DD
S21401B9E002D1019A9A422DDB039A714300FB0211A0
S21401B9F0A6FB00020A44181842EBE371012215F86F
S21401BA00014BD8E72B2C04BF2C789D1CBBE7102ECE
S21401BA10BED1302CBCD12B7803F0DF03582BB7D125
S21401BA206C7810260235B3E72B7803F0DF03582B2A
S21401BA30F6D00826ACE7A4F16103192B05D8A4F1CA
S21401BA405703C2E74FF0FF32D9E7531C0AD1029AD7
S21401BA502223136058465146B8F1000F0AD105B0AB
S21401BA60BDE8F08F17B1404261EB4101B8F1000F1C
S21401BA70F5D00AB105F1FF39C8F80090EFE700BF2D
S21401BA80436D020013460A46014602480068FFF766
S21401BA9065BF00BF4421002070B50D4D0D4C641BE1
S21401BAA0A4100026A64209D10B4D0C4C06F0E8FC6A
S21401BAB0641BA4100026A64205D170BD55F8043BB0
S21401BAC098470136EEE755F8043B98470136F2E70A
S21401BAD00822002008220020082200200C22002034
S21401BAE0024B0146186800F02DB800BF4421002023
S21401BAF0024B0146186800F061BA00BF44210020DD
S21401BB0070B50F4E0C463168054611B900F02EFA95
S21401BB1030602146284600F029FA431C03D14FF035
S21401BB20FF34204670BDC41C24F00304A042F8D0A4
S21401BB30211A284600F01AFA0130F2D1EFE700BFC9
S21401BB40F84C00202DE9F041CD1C25F00305083501
S21401BB500C2D38BF0C25002D064601DBA94204D961
S21401BB600C2333600020BDE8F081314F00F0EAF984
S21401BB703B681C4644BB29463046FFF7C1FF431CC1
S21401BB80044650D13C682146002941D1002C44D0BE
S21401BB902368304604EB030800F0E8F980453CD101
S21401BBA021686D1A29463046FFF7AAFF013034D0C6
S21401BBB023682B4423603B68002B36D05A68A24288
S21401BBC029D100225A600EE02268521B1DD40B2A8E
S21401BBD016D96119A342256018BF5960636808BF6A
S21401BBE0396062514B60304600F0B2F904F10B0047
S21401BBF0231D20F00700C21AB5D01B1AA350B2E7C6
S21401BC00A3426268DED13A60EDE723466468B1E795
S21401BC100C464968B8E71346CEE70C233360304636
S21401BC2000F096F99EE70560DDE75B60FFDE00BF8A
S21401BC30FC4C00201FB514461A46094B1B680546E6
S21401BC40D86854B9074B1C46CDE9013400912B4600
S21401BC50054900F0B1F806F0D8FB044BF4E700BF45
S21401BC60442100209D4A0200136D0200066D020069
S21401BC70002310B50446C0E90033C0E904338360ED
S21401BC8081814366C2818361194608225C3006F0D1
S21401BC90CFF90D4B63620D4BA3620D4BE3620D4B67
S21401BCA023630D4B24629C4206D003F16802944242
S21401BCB002D0D0339C4205D104F15800BDE81040B3
S21401BCC006F0BEB910BD00BFF31E0200151F02002C
S21401BCD04D1F0200711F0200004D0020024A034959
S21401BCE0034806F05DB900BF94210020BB23020083
S21401BCF04821002041680C4B994210B5044601D0FA
S21401BD0006F05BFBA168094B994202D0204606F07B
S21401BD1054FBE168064B994204D02046BDE810402A
S21401BD2006F04BBB10BD00BF004D0020684D002043
S21401BD30D04D002010B50B4B0B4C0C4A1A60204618
S21401BD4000220421FFF794FF04F168000122092173
S21401BD50FFF78EFF04F1D0000222BDE81040122149
S21401BD60FFF786BF384E0020004D0020DDBC0100E5
S21401BD70014806F066B900BF614F0020014806F091
S21401BD8061B900BF614F002010B50446FFF7F0FF10
S21401BD90236A1BB1BDE81040FFF7F0BF044B2362D6
S21401BDA0044B1B68002BF5D1FFF7C4FFF2E700BF79
S21401BDB0F5BC0100384E00200EB403B5014603ABB6
S21401BDC0054853F8042B0068019300F041F902B0CE
S21401BDD05DF804EB03B07047442100202DE9F743DA
S21401BDE01D46574B1F6804460E46904627B13B6AD0
S21401BDF013B93846FFF7C8FFB8F1020F06D0B8F1FD
S21401BE00010F00F29A80002DC0F29780636ED90769
S21401BE1005D4A3899A0502D4A06D06F012F921462D
S21401BE20384606F0CAFA616B41B104F144039942FF
S21401BE3002D0384600F0C2F8002363630023A361F2
S21401BE406360A3891B0603D52169384600F0B6F85E
S21401BE50A38923F44A6323F00303B8F1020FA381F5
S21401BE6061D001AB6A462146384606F0ECF8A38954
S21401BE701843A0812DBB009D2846FFF731FE0646DC
S21401BE80002852D1DDF80090A94540D14FF0FF358A
S21401BE90B4F90C3043F00202A2810022A26004F140
S21401BEA047022260226101226261626ED60704D4D3
S21401BEB0980502D4A06D06F0C5F8284603B0BDE883
S21401BEC0F083002ED8D03B6A13B93846FFF75CFFE3
S21401BED0B8F1010F08BFA389266004BF43F0010330
S21401BEE0A381B4F90C3013F00802C4E904651ED02E
S21401BEF0D90741BF00226D42A260A56158BFA56067
S21401BF00626ED20701D49B0513D50025D5E74846B6
S21401BF10FFF7E6FD06460028B8D0A38943F0800364
S21401BF20A3814D46CFE70025B2E7A946F5E7A26013
S21401BF30E6E7A06D06F086F8E7E74FF0FF35BCE7C9
S21401BF4044210020014806F07CB800BF604F002065
S21401BF50014806F077B800BF604F0020024B0A4642
S21401BF600146186806F008B84421002038B5064D89
S21401BF700023044608462B60E8F78EFF431C02D1D7
S21401BF802B6803B1236038BD3C4E002038B5074D01
S21401BF9004460846114600222A601A4602F0CDFAE7
S21401BFA0431C02D12B6803B1236038BD3C4E0020F0
S21401BFB0014B1868704700BF4421002038B505467C
S21401BFC0002941D051F8043C0C1F002BB8BFE418DF
S21401BFD0FFF7B8FF1D4A136833B96360146028463B
S21401BFE0BDE83840FFF7B4BFA34208D9206821183E
S21401BFF08B4201BF19685B6809182160EDE71A4694
S21401C0005B680BB1A342FAD911685018A0420BD154
S21401C01020680144501883421160E0D118685B68BB
S21401C020536008441060DAE702D90C232B60D6E788
S21401C030206821188B4204BF19685B68636004BFDF
S21401C040091821605460CAE738BD00BFFC4C0020C7
S21401C0502DE9F04F0D469DB014469846064618B198
S21401C060036A0BB9FFF790FE6B6ED90705D4AB894F
S21401C0709A0502D4A86D05F0E4FFAB891B0701D52C
S21401C0802B699BB92946304600F0FAF870B16B6E01
S21401C090DC0704D54FF0FF301DB0BDE8F08FAB894B
S21401C0A09805F7D4A86D05F0CDFFF3E700230993B3
S21401C0B020238DF82930CDF80C803023DFF8AC81B1
S21401C0C08DF82A304FF0010923469A4613F8012BC2
S21401C0D00AB1252AF9D1BAEB040B0BD05B462246EE
S21401C0E02946304606F028F8013000F0A780099A64
S21401C0F05A4409929AF80030002B00F09F800023E2
S21401C1004FF0FF32CDE905230AF1010A04930793A4
S21401C1108DF853301A935446052214F8011B5348E0
S21401C120E3F7FEFF049AD8B9D10644BF20238DF861
S21401C1305330130744BF2B238DF853309AF8003041
S21401C1402A2B15D0079A544600204FF00A0C214698
S21401C15011F8013B303B092B4BD9B0B1079214E0E3
S21401C160A0EB080309FA03F313430493A246D2E7AC
S21401C170039B191D1B680391002BBBBF5B4242F05A
S21401C180020207930793B8BF049223782E2B0AD195
S21401C19063782A2B32D1039B1A1D1B68039243EA4C
S21401C1A0E37302340593DFF8D4A0217803225046C6
S21401C1B0E3F7B6FF38B1049BA0EB0A0040228240A9
S21401C1C013430134049314F8011B29488DF82810F1
S21401C1D00622E3F7A5FF00283FD0264B1BBB039B97
S21401C1E0073323F0070308330393099B3B44099362
S21401C1F06AE70CFB02320C460120A8E70023013453
S21401C200059319464FF00A0C204610F8012B303AD8
S21401C210092A03D9002BC6D00591C4E70CFB0121DE
S21401C22004460123F0E703AB00932A46124B04A908
S21401C2303046AFF300800746781CD6D16B6ED9071F
S21401C24005D4AB899A0502D4A86D05F0FBFEAB892F
S21401C2505B063FF51FAF09981EE703AB00932A461E
S21401C260054B04A9304600F061F8E4E7436E02008E
S21401C2704D6E02000000000039210200496E0200E6
S21401C28038B5294B054618680C4618B1036A0BB930
S21401C290FFF77AFDB4F90C30190722D4DA0607D471
S21401C2A009222A6043F04003A3814FF0FF3033E0B8
S21401C2B0580712D5616B41B104F14403994202D08B
S21401C2C02846FFF77BFE00236363A38923F024033C
S21401C2D0A3810023636023692360A38943F00803D5
S21401C2E0A38123694BB9A38903F42073B3F5007FB7
S21401C2F003D02146284605F0CCFEB4F90C3013F0E5
S21401C30001020AD00022A26062695242A261226939
S21401C31042B913F08000C5D138BD990758BF62698C
S21401C320A260F4E70020F7E7442100202DE9FF474B
S21401C3300F7E0C9E782F914680460C469A4601F158
S21401C340430207D8622F0AD8002F00F0DD80582F4D
S21401C35000F0C38004F1420684F842703AE0A7F187
S21401C3606303152BF6D801A151F823F0C5C30100CC
S21401C370D9C3010055C3010055C3010055C30100CF
S21401C38055C30100D9C3010055C3010055C30100BF
S21401C39055C3010055C30100EFC4010067C4010085
S21401C3A0A7C4010055C3010055C3010011C5010012
S21401C3B055C3010067C4010055C3010055C3010000
S21401C3C0AFC4010033681A1D1B68326004F14206CF
S21401C3D084F842300123A8E031682368081D3060E4
S21401C3E01E0601D50D6803E05D06FBD5B1F90050C8
S21401C3F06168002D78DA2D20002984F84300A160B9
S21401C4002DDA5E486D420A231646B5FBF3F103FBAF
S21401C4101157C75D06F8017D2F46BB420D46F4D97C
S21401C420082B0BD12368DF0708D523696168994279
S21401C430DEBF302306F8013C06F1FF36921B22616F
S21401C440CDF800A04B4603AA2146404605F0C4FE9F
S21401C45001306FD14FF0FF3004B0BDE8F08723F014
S21401C46004032360CDE721683368080653F8045BAC
S21401C47002D4490648BFADB26F2F4048336014BF9F
S21401C4800A230823002184F843106668A660002E5C
S21401C490BADB216821F004012160002DB4D1002E01
S21401C4A0B2D11646BCE7236843F020032360344824
S21401C4B0782784F84570236831681F0651F8045BB5
S21401C4C002D45F0648BFADB23160D90744BF43F01E
S21401C4D0200323601DB11023D4E72848E9E7236829
S21401C4E023F020032360F6E724480A23CDE73368C8
S21401C4F025686169181D30602E061B6801D5196014
S21401C50002E06806FBD5198000232361164697E7EB
S21401C51033681A1D32601E68626800213046E3F7F0
S21401C520FFFD08B1801B606063682361002384F807
S21401C530433085E72369324649464046D0470130B5
S21401C54088D023689B0714D4E068039B9842B8BF41
S21401C550184681E70123324649464046D047013016
S21401C5603FF478AF0135E36803995B1AAB42F1DC1F
S21401C570EAE7002504F11906F5E700BF546E02004C
S21401C580656E020038B5064D0023044608462B604A
S21401C59001F0B3FF431C02D12B6803B1236038BD01
S21401C5A03C4E002038B5074D002304460846114688
S21401C5B02B6001F0A5FF431C02D12B6803B1236059
S21401C5C038BD00BF3C4E002038B5064D002304465A
S21401C5D008462B6001F09BFF431C02D12B6803B178
S21401C5E0236038BD3C4E002038B5074D044608464A
S21401C5F0114600222A601A4601F08EFF431C02D122
S21401C6002B6803B1236038BD3C4E002038B5074D7A
S21401C61004460846114600222A601A4601F07EFFAB
S21401C620431C02D12B6803B1236038BD3C4E002069
S21401C630024B0146186805F0EFBE00BF44210020FA
S21401C64038B5074D00230446084611462B6001F015
S21401C65060FF431C02D12B6803B1236038BD00BFC5
S21401C6603C4E0020F7B510220C460021054605F089
S21401C670DFFC03F01DFC2044F3F7E4FB800B02D142
S21401C680002003B0F0BD03F013FC2044F3F7DAFBFF
S21401C6900307F5D52B4B1B78063B012B35D803F04A
S21401C6A007FC2044F3F7CEFB801303284FF0060166
S21401C6B0204614D103F018FD21180822681CF3F750
S21401C6C0FBFB0821204603F00FFD0422211805F18B
S21401C6D00900F3F7F1FB05236B730120D1E703F0A3
S21401C6E003FD2044F3F7AEFB0646F2F77DF9B042B0
S21401C6F003D1F2F791F90146DFE76946304600F0CB
S21401C7003DFB0028BCD06946D7E70621204603F04A
S21401C710EBFC271803F0CCFB2044F3F793FB8013C4
S21401C720022805F1010614BF0822022239463046C6
S21401C73005F0B7FB0821204603F0D6FC2358C5F8C0
S21401C7400930C8E73A4800202DE9F04385B007468E
S21401C750FE180C98C91A9B1ADCB21744431C8DB2FA
S21401C760A0460DF101020D3053F8041B42F8041BDC
S21401C7708342F9D11B78137049238DF8003068463F
S21401C7806BBAADF80E3000F01BFB9DF801305C4033
S21401C7908DF80140022422464FF000091BE0C2F149
S21401C7A01003A8EB09019BB289B28B4228BF0B4646
S21401C7B000201FFA80FC11186345C9B219D81A4423
S21401C7C0D2B21F44102A4B441FFA83F903D168469C
S21401C7D000F0F6FA0022C845E1D812B1684600F02A
S21401C7E0EFFA012C4FF000020DD00124A84637467F
S21401C7F0D2E717F800C01DF801E08CEA0E0C0DF820
S21401C80001C00130D5E70D9B009A1A6005B0BDE85E
S21401C810F0832DE9F0478EB004460AA8894603F056
S21401C82059FF09210746204603F05EFC06462046CE
S21401C83003F06AFD0546002F66D10AA800F0BFFA8C
S21401C8400F2239460DF1190005F0F2FB01238DF890
S21401C850183003F02DFB2044F3F7F4FA8013022876
S21401C8603FD00621204603F03FFC082221180DF197
S21401C8701900F3F721FB4A460DF121010020F3F7D9
S21401C880EFFA042326448DF8253002AC0DF1180882
S21401C890D5B39DF8273001338DF8273098E80F007F
S21401C8A0102DA94628BF4FF010091FFA89FA84E80F
S21401C8B00F00A5EB0A05204600F082FA5FFA89F917
S21401C8C0ADB2721E2046002312F801CF10F8011BEC
S21401C8D00133DBB281EA0C0199451170F4D8564454
S21401C8E0D6E70621204603F0FFFB2044F3F7AAFA19
S21401C8F08046F2F779F84045B3D06946404600F0E5
S21401C9003DFA0028ADD1702738460EB0BDE8F08755
S21401C9102DE9FF4706460D4614461F4603F10D094D
S21401C9204FF0010A15B904B0BDE8F087102DA846EE
S21401C93007F1010228BF4FF010080DF1010352F86C
S21401C940041B43F8041B4A45F9D199F800201A70D4
S21401C950684663BA01348DF800A0ADF80E30A4B273
S21401C96000F02EFA6A4606EB0801304610F8016B15
S21401C97012F8013B884283EA060300F8013CF5D130
S21401C980A5EB080806465FFA88F5CBE780207047D6
S21401C99000F014BA2DE9F0478CB00446EFF746FED6
S21401C9A0002860D000F0DAF9052840D108A803F085
S21401C9B091FE0D210546204603F096FB064695BBE3
S21401C9C008A80DF1100800F0FAF921464046FFF7D5
S21401C9D049FE002847D00121204603F085FB0921A6
S21401C9E08146204603F080FB0DF10C0AC7B23B4698
S21401C9F05FFA89F231462046CDE9008AFFF7A4FEA8
S21401CA0043462A4604215046FFF782FFF11B434660
S21401CA100122C9B2E019FFF77BFF0D21204603F082
S21401CA2063FB039B235028460CB0BDE8F08700F05B
S21401CA3095F9042819D10821204603F055FB211841
S21401CA400120F3F71BFA07210546204603F04CFBAD
S21401CA502A4621180020F3F703FA294620460CB08F
S21401CA60BDE8F047D5E63525DDE77025DBE72DE99E
S21401CA70F0478CB00446EFF7D9FDF8B100F06EF937
S21401CA8005284FD10721204603F02EFB235C03F037
S21401CA900703052B46D108A803F01CFE0D21054609
S21401CAA0204603F021FB8046C5BB08A804AF00F072
S21401CAB086F921463846FFF7D5FD08B935252DE01C
S21401CAC00121204603F010FB09218246204603F08F
S21401CAD00BFBC6B2A8EB06010DF10C093B46012281
S21401CAE0C9B2A019FFF714FF33465FFA8AF241462E
S21401CAF02046CDE90079FFF727FE2A463B4604216A
S21401CB004846FFF705FF0D21204603F0EDFA042203
S21401CB102118484605F062FA0028CFD128460CB005
S21401CB20BDE8F08700F01AF904281CD10721204639
S21401CB3003F0DAFA0721204603F0D6FA211800207E
S21401CB40F3F79CF907210546204603F0CDFA411C70
S21401CB5021442A460120F3F783F9294620460CB0E2
S21401CB60BDE8F04755E67025D8E710B5044600F055
S21401CB70F5F8042808BF0020207010BD38B5084C11
S21401CB80002504232246294606202560EEF7DAF81A
S21401CB90A580F5F7F5FCBDE83840FFF7F9BE00BF04
S21401CBA0404E002008B5002003F064F9003818BF95
S21401CBB0012008BD38B5064C2568C5F30D0313B929
S21401CBC00620EEF70FF9236801332360284638BDA7
S21401CBD0404E002010B5054C0423224600210620B5
S21401CBE0EEF760F823689B03236010BD404E0020DB
S21401CBF0FFF7BBBFFFF7CEBE2DE9F04704460E4652
S21401CC00FFF735FF0546002840F08B80002E00F028
S21401CC108880012003F02EF9064603F049F92044E6
S21401CC20F3F710F9020705D448494948EB22EFF714
S21401CC3097FCFEE703F03CF92044F3F703F9801371
S21401CC400228F1D10621204603F04EFA2044F3F7DC
S21401CC50F9F808210746204603F046FA2118012074
S21401CC60F3F70CF98046F1F7C5FE874204D0394B3D
S21401CC701B78053B022B36D8374E2C46B088F2F788
S21401CC8089FB8442B08836D3F2F784FB0630002154
S21401CC9080B2F2F78DFC814600283DD0B38873B18F
S21401CCA0F2F75CFB0446B088F2F758FB8246B08880
S21401CCB0F2F770FB51460246204605F0F2F8484668
S21401CCC0F2F74CFB0446B088F2F764FB044439469D
S21401CCD02046F3F7BDF84246A11C0120F3F7C0F841
S21401CCE0A6F804901DE03306C6D541463846F1F74E
S21401CCF01BFAB0B910E0F2F731FB00EB0409484625
S21401CD00F3F7A0F809F1020182460120F3F7B6F81D
S21401CD10574517D1804507D801210D20F5F746FC68
S21401CD2035252846BDE8F087B088F2F717FB04449E
S21401CD3039462046F3F78CF84246A11C0120F3F74A
S21401CD408FF8EEE70634A4B298E700BF766E0200CD
S21401CD508C4A02003A480020404E0020014B1878C9
S21401CD60704700BFED210020031F012B9DBF024B22
S21401CD701870002070207047ED21002007B50023B1
S21401CD80ADF8060001220DF10600F5F74DFB03B0E4
S21401CD905DF804FB38B5074D002428460134F2F748
S21401CDA0F5F80A2C05F10205F7D1BDE8384002482E
S21401CDB0F2F7ECB8DE4E0020444E00207047704774
S21401CDC010B586B00446EFF731FC05AB029310238D
S21401CDD0CDE9004302492246EEF738FE06B010BD03
S21401CDE0004440048020704710B5074B1878074B65
S21401CDF01A68002304321C46D9B2884200D810BDF6
S21401CE0022F833400133F7E7E0210020D420002048
S21401CE102DE9F74F354CBDF830B09DF838A01546D2
S21401CE201F46627823789A428146884606D1304B5F
S21401CE301B6803EBC2039B88002B52D105EB0B004A
S21401CE40002180B2F2F7B4FBADF800900646ADF8CB
S21401CE5004008DF806A08DF80380002843D0F2F771
S21401CE607DFA2A46394605F01CF83046F2F776FA7E
S21401CE700D99204E5A46284405F013F81AF0040F6F
S21401CE801B482CD02578637802683178AB4213D1E1
S21401CE906B46026803CB637842F8350002EBC507A0
S21401CEA0327879600133B3FBF2F102FB1133637020
S21401CEB0002003B0BDE8F08F0FFA83FC02EBC30736
S21401CEC05BB1013B52F8331042F83C1002EBC30E43
S21401CED0DBB2DEF804107960D6E74B1EF2E7657820
S21401CEE0D6E73920E5E71820E3E700BF624F0020C8
S21401CEF0D4200020E021002070B5084D084E002403
S21401CF002A78E3B29A4200D870BD306800EBC300BD
S21401CF100430F2F73BF80134F2E700BFE0210020CD
S21401CF20D4200020074B19785A788A4201BF064B55
S21401CF301B6803EBC203988806BFB0FA80F040096D
S21401CF4000207047624F0020D4200020F8B5044628
S21401CF50FFF7E8FF064638BB144D154F29783A68A7
S21401CF6002EBC10398792070D878607132F83120CD
S21401CF7098886280F2F70EFA2A783B68E08003EB25
S21401CF80C2039888F2F7EAF92B783A68A06002EBB8
S21401CF90C30201339680074A1278B3FBF2F102FB13
S21401CFA011332B700120F8BD0020FCE7624F0020F2
S21401CFB0D4200020E021002030B58BB00446242583
S21401CFC02A46002101A805F033F82A46002120460A
S21401CFD005F02EF820460BB030BD036813F4805FD1
S21401CFE002D043F480630360036813F4005F02D049
S21401CFF043F400630360704708B5C36923B1002397
S21401D0001A4602F043FB08BD0180FCE708B5E4F7C9
S21401D010CDFF30B58BB0044624252A46002101A851
S21401D02005F006F82A460021204605F001F82046BC
S21401D0300BB030BD036813F4805F02D043F4806305
S21401D0400360036813F4005F02D043F400630360D7
S21401D050704708B5C36923B100231A4602F016FBD0
S21401D06008BD0180FCE7704770B584B006460846E7
S21401D07015461C4603A9EDF749FA034610B11846B2
S21401D08004B070BDBDF8243001939DF820300093A4
S21401D09023462A460399304601F0FEFC0346EEE796
S21401D0A038B5054600F040FA044601212846ECF75B
S21401D0B07DFD204600F03CFA38BD38B5054600F047
S21401D0C033FA044600212846ECF770FD204600F0AE
S21401D0D02FFA38BD08B501F05CFD01F066FDECF7EE
S21401D0E0D7FDFAE708B501F03AFFE7F713FB08BDED
S21401D0F0704708B501F058FF08BD70477047704784
S21401D1007047704708B501F02BFF08BD70477047A0
S21401D1107047704770477047704770477047704751
S21401D1207047704708B501F091FF08BD00207047B1
S21401D13000207047704708B500F0ABF808BD08B589
S21401D140E7F79EF9EBF7FAFFE7F704FBEBF79CFF2F
S21401D150EBF7E0FFEBF7A8FFE7F76EF901F063F9ED
S21401D160E7F7E8FAE7F798FCE8F746FBECF7E8FCA0
S21401D17008BD08B5E7F72EFFE8F7CAFAE7F7B4F9EE
S21401D180E7F752FA00F0ACF808BD08B5EAF7D2FBAB
S21401D19000F0F1FBEAF7E0FBEDF768FFEDF784FF3F
S21401D1A0EDF7A6FF08BD08B5E7F766FA08BD7047B4
S21401D1B008B5E7F72DF908BD08B501F07CFDEDF7D8
S21401D1C08BFF08BD704708B5E7F70AFA08BD08B532
S21401D1D000F05BF8EDF750F801F0FFFEEBF7F8FF13
S21401D1E000F0CDFBECF796FAEEF716FDFFF7EBFF36
S21401D1F0E7F7E6F808BD012070470120704738B50B
S21401D200E7F7FEF80446EDF789FF054600B1254627
S21401D21001F067FF044600B12C46FFF7ECFF00B1B2
S21401D220204638BD38B5ECF7EFFD044601F05BFF4C
S21401D230042811D0022811D00025E7F7EDF90428BB
S21401D2400FD002280FD0FFF7D8FF04280FD00228EE
S21401D2500BD06DB100240BE00125EEE7002501247B
S21401D260EBE70125EFE70124EDE70124F1E70024D0
S21401D270204638BD7047704708B5012304220521B2
S21401D2800020E9F743FE002008BD08B5FFF7F4FFCC
S21401D29008BD08B50023042205211846E9F736FE25
S21401D2A0002008BD012801D00E20704708B50123D3
S21401D2B004220A211846E9F729FE002008BD20F0BD
S21401D2C07F4040EA81707047012907D0022320F091
S21401D2D07F4040EAC36040EA827070470323F6E766
S21401D2E008B5082000F09AF8E7F784FA082000F05D
S21401D2F0A0F808BD00B583B0002300930193012375
S21401D3008DF80030FFF7DBFF019008216846E7F74C
S21401D31029FA03B05DF804FBFEE74FF400407047BE
S21401D3204FF47A70704700230360704703680B6000
S21401D33001607047D0B18446C2B1B9B100201378FC
S21401D34083B100B501F1FF3E864506D90CF8013BD5
S21401D350013201301378002BF4D100238CF8003011
S21401D3605DF804FB00238CF80030704770470346D5
S21401D37048B1002001E001330130884204D21A7816
S21401D380002AF8D170470020704708B54FF0FF31EA
S21401D390FFF7EDFF08BD80B170B50C461546064691
S21401D3A022B119B1FFF7F1FF844200D870BD2A46B9
S21401D3B0211A3044FFF7BEFFF8E7704708B5436807
S21401D3C00BB1984708BD2220FCE770470368187820
S21401D3D0704708B503681A78022A00D008BD0022F3
S21401D3E05A80E7F787FDF9E710B582B0046823781D
S21401D3F0022B04D0A379022B03D00223237002B0A0
S21401D40010BD00216079E8F79BF961792079002346
S21401D410019300930A46E9F723FDEEE74FF06041DA
S21401D420D1F8003E012282401343C1F8003E00209D
S21401D43070474FF06041D1F8003E0122824023EA56
S21401D4400203C1F8003E0020704700B589B084464B
S21401D4500E9807900D9806909DF8300005900B9851
S21401D46004909DF8280003900020029001930092FA
S21401D4700B4662460121E7F7A3FE09B05DF804FBFF
S21401D4808908002301E0043001338B4205D202688B
S21401D490B2F1FF3FF7D00020704701207047704778
S21401D4A008B50346084613F0030F02D111F0030F27
S21401D4B00AD09200194604F0F4FC002008BD53F887
S21401D4C0041B40F8041B013A002AF8D1F5E710B511
S21401D4D082B0044601A8EAF745F89DF80630238095
S21401D4E00123E370A370EAF76BF86060002002B0D6
S21401D4F010BD08B5E9F798FE08BD08B5E9F784FE42
S21401D500002008BD08B50A4641180139ECF782F932
S21401D51008BD03300F2828BF0F200007704708B545
S21401D520E8F7A2FA013008BDEFF3108072B6704733
S21401D53000B962B67047602383F3118870470023F1
S21401D54083F311887047EFF31180602383F311880A
S21401D550704780F311887047EFF3108313F0010FC3
S21401D56005D1EFF311835F2B03D80020704701200C
S21401D57070470120704784B00B6803934B68029391
S21401D5808B680193CB680093039B0360029B036047
S21401D590019B0360009B03600023039302930193A6
S21401D5A0009304B0704730B40D684C688A68CB6845
S21401D5B0056004600260036030BC704730B40568E3
S21401D5C00468026803680D604C608A60CB6030BCFA
S21401D5D0704708B5FFF7E7FF08BD00B585B084467C
S21401D5E00B4611F0030F0DD0EE46086849689A689D
S21401D5F0DB68AEE80F0069466046FFF7EAFF05B054
S21401D6005DF804FB00910099FFF7E3FFF7E708B523
S21401D610FFF7D4FF08BD10B584B00C4611F0030F18
S21401D6200BD06946FFF7F3FFEC46BCE80F0020601D
S21401D6306160A260E36004B010BD00910099FFF73D
S21401D640E6FFF8E738B50D46102A0AD000F1424346
S21401D65003F580135B0100221A602430FFF78BFF6D
S21401D66038BD00F1424303F580135B0101221A60C5
S21401D67000F588742046FFF77EFF05F1100120466D
S21401D680FFF779FFECE730B589B086460C461546BC
S21401D69011F0030F2BD0082A16D0EC46086849680B
S21401D6A0A268E368ACE80F0020696169A269E369D2
S21401D6B0ACE80F002A4669467046FFF7C3FF082DFF
S21401D6C00AD008226B460DE0EC4608684968A26855
S21401D6D0E368ACE80F00EDE70422F3E7002243F825
S21401D6E0042B0A46511E002AF8D109B030BD00911C
S21401D6F00099FFF7A7FFF8E770477047704708B52E
S21401D7000020E8F7ABFF08BD08B50120E8F7A6FF43
S21401D71008BD70B505460E461446FFF705FF2B6893
S21401D7205C4034405C402C60FFF702FF70BD70B572
S21401D73005460E461446FFF7F7FE2B685C4034405C
S21401D7405C402C60FFF7F4FE70BD00F1424000F52E
S21401D750801040010160704708B5E9F7BBFD08BDC0
S21401D76041F0800181657047CB435B0003F00A03FB
S21401D770C360C160704738B505460C46E9F772FFCD
S21401D780A37C1BB12B6843F080432B60E37C002B0A
S21401D7902CD1637B228A1343E28913436B60237B7C
S21401D7A0A26861682846E9F717FF637D1BB12B68FD
S21401D7B043F480332B60A37D1BB12B6843F40043F5
S21401D7C02B60E37D1B0703F0E043227E120502F483
S21401D7D0E00213432B666B6F23F030036B676B6FAE
S21401D7E0627E13436B672378EB6038BD217D284644
S21401D7F0FFF7B6FFCDE738B505460C46E9F732FF29
S21401D8002A68238A43F00103A17B002934D04FF410
S21401D81080610B4313432B602B68227D002A2DD099
S21401D8204FF0005213432B60A37C4BBB237B43F486
S21401D83080536B60A26861682846E9F7FFFE637B48
S21401D8400BB11023EB60637D1BB12B6843F480336F
S21401D8502B60A37D1BB12B6843F400432B60E37D53
S21401D8601B0703F0E043227E120502F4E002134395
S21401D8702B662378EB6038BD0021CAE70022D1E78A
S21401D880E17C2846FFF76CFFD0E7036913F0400FF1
S21401D890FBD04163036913F0200FFBD0C069C0B20F
S21401D8A07047036913F0400FFBD04163704703686C
S21401D8B013F0010F09D0836813F0020F05D18368B6
S21401D8C013F0010FFBD10123436070470B78002B47
S21401D8D03BD001234A78002A39D0022213438A78A2
S21401D8E0002A36D04FF080421343CA789AB30422F6
S21401D8F013430A798AB3082213434A797AB320225A
S21401D90013438A796AB340221343CA795AB3102261
S21401D91013430A7A43EA02334A7A43EA02230A7B2A
S21401D9201AB34FF0004213438A7A43EA0243CA7A93
S21401D93043EA02610023826812F0010F17D047F212
S21401D9402F52934213DC0133F5E70023C2E700228E
S21401D950C4E70022C8E70022CAE70022CCE700227B
S21401D960CEE70022D0E70022D2E70022DBE7016003
S21401D97070470020704708B5F7F7B0F808BD704744
S21401D9804140012201E018440132032A08D8D3009D
S21401D99021FA03F34B4013F0030FF4D09B00F2E798
S21401D9A07047CAB110B58CB014460022089209928D
S21401D9B00A920B920792069205AB029307AB01936C
S21401D9C006AB009308ABEAF707F918B9099B636041
S21401D9D0079B23600CB010BD6FF0860070470020D7
S21401D9E070472DE9F8438046894615461F46E9F7F4
S21401D9F0DBFF0446002343600360FFF795FD064600
S21401DA00B9F1100F25D0102241462046FFF73BFE04
S21401DA1004F1800839464046FFF7DFFD3046FFF740
S21401DA2087FD012D17D00623A360236913F0020F8B
S21401DA30FBD1FFF779FD054608994046FFF7EBFD58
S21401DA402846FFF775FD2046E9F7B8FF0020BDE838
S21401DA50F8830822D8E70523A360E6E7002070478D
S21401DA602DE9F0410F4616461C4600232360052586
S21401DA706FF0960000E0013D85B178B1D4F80080E2
S21401DA802246A6EB080107EB0800EAF705FB236828
S21401DA9043442360B342EED30020ECE7BDE8F081B7
S21401DAA07047002070470020704710B48468C36830
S21401DAB00B4454F82310084610F8023B497803EB50
S21401DAC0012313605DF8044B7047012380F888300A
S21401DAD0037803B9704710B5044600F04CFB2146A5
S21401DAE02046EAF78FFD204600F038FB10BD38B51A
S21401DAF004460D46EAF76EFD6B68C4F8B032A968B5
S21401DB00204600F06EFA4FF0FF33C4F8B4322046D8
S21401DB10FFF7C7FF38BD10B50446D0F8B432B3F1ED
S21401DB20FF3F09D0D4F8B432B3F1FF3F09D194F8DE
S21401DB30B83243B9012005E000F0B0FBC4F8B402E6
S21401DB40F0E7002010BD0020FCE708B5EAF776FDF7
S21401DB5008BD1038072801D80120704700207047FB
S21401DB60A0F11003072B00D8D8B2704708B50B7880
S21401DB702D2B04D000220138EAF7BCFD08BD012296
S21401DB8011440138EAF7B6FDF8E708B5072826D8A4
S21401DB90DFE800F0060B1015191D0421012008BD51
S21401DBA000220820EAF7A6FDF9E700221020EAF78E
S21401DBB0A1FDF4E700222020EAF79CFDEFE708200C
S21401DBC0FFF7D4FFEBE71020FFF7D0FFE7E72020B1
S21401DBD0FFF7CCFFE3E70846EAF708FEDFE7002099
S21401DBE0DDE72DE9F04383B00C4617461D460A9E35
S21401DBF0DDF82C8021282BD8DFE800F0112D445ABF
S21401DC0071889EA22A2A2A2A2A2A2A2A2A2A2A2ADD
S21401DC102A2A2A2A2A2A2A2A2A2A2A2A2AD30022E7
S21401DC2011462046FDF790FED8F80030C0B245F800
S21401DC302300D8F80030326805EB830347F822301A
S21401DC40D8F800300133C8F8003033680133336048
S21401DC5003B0BDE8F083002211462046FDF774FEAE
S21401DC60D8F8003080B245F82300D8F80030326882
S21401DC7005EB830347F82230D8F800300133C8F8A3
S21401DC800030E2E7002211462046FDF75DFED8F897
S21401DC90003045F82300D8F80030326805EB8303DE
S21401DCA047F82230D8F800300133C8F80030CCE706
S21401DCB0002211462046FDF7CBFD40B2D8F80030D1
S21401DCC045F82300D8F80030326805EB830347F89F
S21401DCD02230D8F800300133C8F80030B5E700220A
S21401DCE011462046FDF7B4FD00B2D8F8003045F8DD
S21401DCF02300D8F80030326805EB830347F822305A
S21401DD00D8F800300133C8F800309EE700221146EB
S21401DD102046FDF79DFDD8F8003045F82300D8F8D9
S21401DD200020336805EB820547F82350D8F8003009
S21401DD300133C8F8003088E7336847F8231084E7D2
S21401DD404FF000098DF80690C846012512E001350E
S21401DD5010E08DF8053008F101081022002101A815
S21401DD60FDF776FD09F10203E05409F101091FFAF6
S21401DD7089F90135635D7D2B09D0202BE7D018F09A
S21401DD80010FE6D18DF8043008F10108F1E784F8B7
S21401DD9000904FEA192984F80190336847F8234028
S21401DDA053E7336847F823104FE72DE9F04F87B064
S21401DDB09B460023059304938B4500F38D8007460D
S21401DDC08A4616461C461D46984602E04FF0010854
S21401DDD00134385DFF280CD02028F7D0212805D043
S21401DDE0FFF7B7FE0028F3D00546F1E74FF001082C
S21401DDF0EEE781465C44B8F1000F08D0013C54457B
S21401DE006CDC002402943B462746984645E045B123
S21401DE10013C544564DC002402943B464746984640
S21401DE203BE0A2455ED1002402943B462F4698462D
S21401DE3033E043445B78FF2B0FD02B2049E0039B54
S21401DE4043445B78FF2B4FD1012706E0029B013349
S21401DE500293A94601E04FF0060997B956F8241037
S21401DE604846FFF792FE002842D004AB019305AB6B
S21401DE700093119B109A56F824104846FFF7B1FEFE
S21401DE800AE004AB019305AB0093119B109A56F878
S21401DE9024102120FFF7A5FE0134544518DA5C450D
S21401DEA0D9DB029B039318F80350202DC1D0212DF6
S21401DEB0C5D02846FFF74DFE0028C7D0039B434434
S21401DEC05B78FF2B12D12846FFF74AFE8146C4E74E
S21401DED0002007B0BDE8F08F2120FAE72B20F8E7F5
S21401DEE02B20F6E72B20F4E72B20F2E72B20F0E798
S21401DEF02620EEE708B5E6F7A5FF08BD2DE9F047B1
S21401DF0084B081468A4690461D460C9F0D9E044667
S21401DF100EE018680F9B03930E9B029301960097E1
S21401DF202B4642460121FFF7E9FF044618E00C3470
S21401DF302068A8B133682A68934211DA57F823108B
S21401DF40FFF7D8FF0028F2D13368013333606368E6
S21401DF501A7BFE2ADDD001230E9A137088F8003052
S21401DF6098F800305BB90F9B1B7843B9BAF1000FE4
S21401DF7009D001230F9A137088F800304C462046CA
S21401DF8004B0BDE8F0870024F9E738B5054600245B
S21401DF9002E0EAF7D9FC013404EB440305EB830005
S21401DFA055F8233023B1037A002BF2D00134F3E77E
S21401DFB038BD10B539B1084612B1EAF7C5FC10BD37
S21401DFC0FFF7E3FFFBE7D0F89C4000E02468002C55
S21401DFD0F5D0A0680028F9D0FFF7D7FFF6E770471D
S21401DFE0704759B10A790AB10020704710B501246B
S21401DFF00C719C30FFF79AF9204610BD002070473F
S21401E000F0B5A3B0054608461AAA19A900F08AF980
S21401E010044610B1204623B0F0BD00238DF80B3026
S21401E0200DF10B0301930DF10A03009303AB1AAA3A
S21401E03019A92846EAF7E6FD9DF80B3013BB40B355
S21401E040466806F10C0711AB019309AB0093039BDD
S21401E0501AAA19993846FFF7A8FE04460028D9D10E
S21401E0600495199B059309AB0693039B07930897A1
S21401E07004A8FFF7B4FF336804A8984704A8FFF77D
S21401E080AFFFC7E79DF80A2001462846FFF791FF34
S21401E090C0E72D24BEE700230B601360D0F8AC3236
S21401E0A0B3B3944690F8AC30A3B300B54FF0010E6D
S21401E0B0002313E00133B3F5007F0DD20A68013265
S21401E0C00A60DCF800200132CCF80020C21892F871
S21401E0D0AC200A2AEED101330EF1010ED0F8AC22A3
S21401E0E07245E8D805E0DCF800200132CCF80020C3
S21401E0F00133B3F5007F08D2C21892F8AC200A2A81
S21401E1000AD0002AEFD1012000E001205DF804FBCF
S21401E11000207047002070470120F7E770B50546DC
S21401E1200024264600E0013405F1AC0003F0D9FED8
S21401E130A04207D92B1993F8AC301BB10A2BF2D1A8
S21401E1400136F0E7304670BD08B5405C00F0B6F821
S21401E15008BD08B5082000F0B1F808BD10B50446A2
S21401E160D0F88C20002103F063FF0023C4F8903020
S21401E170C4F8943010BD70B582B004460EE0204657
S21401E180FFF7CCFFC4F8AC0201AA69462046FFF7A8
S21401E19082FF009B2344002283F8AC208021204686
S21401E1A0FFF7E5F8451C04F1AC064FF40071304664
S21401E1B0FFF7DDF8C0F500708542E0D8204603F091
S21401E1C090FE451C304603F08CFE421C3146701909
S21401E1D003F014FF204603F084FE02462146304633
S21401E1E003F05FFE204603F07CFE20440A2380F8FD
S21401E1F0AC300023C4F8AC3202B070BD30B583B089
S21401E20004460D46FFF78AFFB5F1FF3F13D0012DF7
S21401E2100FD1D4F8AC3283420BD20133C4F8AC32FE
S21401E2200123D4F8AC2202B901230BBBD4F8AC32DB
S21401E23003BB03B030BDD4F8AC3223B1013BC4F804
S21401E240AC320123EDE70023EBE7082000F036F8B7
S21401E250202000F033F8082000F030F80135204681
S21401E26003F03FFEA842F0D82046FFF777FFDDE730
S21401E2700025F4E701AA69462046FFF70CFF0028AF
S21401E280D7D0009D06E0631993F8AC102046EAF754
S21401E290E3FD0135019BAB42F5D8CAE700B583B073
S21401E2A00DF10701002000F014F920B99DF80700D0
S21401E2B003B05DF804FB4FF0FF30F9E710B50446F4
S21401E2C0C1B2002000F0F2F808B9204610BD4FF0A8
S21401E2D0FF30FBE70FB400B583B004A951F8040B77
S21401E2E00191EEF753F9002003B05DF804EB04B09A
S21401E2F0704708B50B4601F1010C00EB0C0110F854
S21401E3000CC0BCF1220F07D0BCF17B0F04D0BCF1CE
S21401E3105C0F01D0002004E0D21A184403F06EFE10
S21401E320012008BD2DE9F84305468846914603F0CD
S21401E330D8FD0646002400E001342A192B5D202B67
S21401E340FAD0C9F800200123C8F8003030E07B2B52
S21401E35014D0D8F8003003F18043013B621C2A44F4
S21401E36049F823202227012C06D92B1913F8013C42
S21401E370202B01D0002B49D1013404E07D27F2E7A0
S21401E3800134A64246D928192B5DBB4209D05C2B25
S21401E390F6D1324621462846FFF7ABFFC0B3013E11
S21401E3A0EEE74378202B00D0BBBB222F21D00134CF
S21401E3B0A64229D92A192B5D7B2BC8D0222BC6D081
S21401E3C05C2B19D0202BF2D100231370631CB342AF
S21401E3D0EDD2EA18EB5C202BE9D0D8F80030072BF9
S21401E3E01FDC49F82320D8F800300133C8F8003084
S21401E3F0DDE700230370DAE7324621462846FFF7B9
S21401E40078FF60B1013ED2E7002004E0212002E05F
S21401E410212000E02120BDE8F8832120FBE7212010
S21401E420F9E71E20F7E710B582B000240094ADF896
S21401E430044002238DF805306846E8F755FA204671
S21401E44002B010BD70B50C461546034630B15E6885
S21401E4504EB12A4621461868B04770BDEAF796FEC7
S21401E46003460028F3D12320F7E72DE9F04182B0D7
S21401E4700E4617461C46054670B18CB195B1D5F8C7
S21401E4800880B8F1000F0FD023463A463146286877
S21401E490C04702B0BDE8F081EAF778FE0546ECE732
S21401E4A001ACEBE72320F4E72320F2E700B583B0C5
S21401E4B08DF8071001220DF10701FFF7C3FF03B026
S21401E4C05DF804FB08B50B4601461846FFF7EEFF5C
S21401E4D008BD08B500230122FFF7C7FF08BD0EB42B
S21401E4E000B582B003AA52F8041B0192EAF75AFE5D
S21401E4F002B05DF804EB03B0704700207047FEE7FA
S21401E5004FF400534B6000207047012070470120F4
S21401E51070474FF0FF3070470020704700B583B05A
S21401E5200020019001ABFFF7A0FF019810B103B0E6
S21401E5305DF804FB4FF0FF30F9E710B514460020F4
S21401E540FFF780FF204610BD0346A0B190F83820A3
S21401E5501AB190F83C00022805D093F83C00042834
S21401E56005D001207047012283F83C207047012224
S21401E57083F83C2070470120704780F82C107047C4
S21401E58090F82C00704790F839007047037E73B3FB
S21401E59030B4037A03EB43031B0103F1804303F515
S21401E5A06223D3F89440C16805694B199C4213D085
S21401E5B0013C8C4201D26C1E0C442346026B9A42EB
S21401E5C012D01A78112A09D0132A07D0013B8B42A0
S21401E5D0F4D26B1E0B44F1E70C46E9E7112A14BF8F
S21401E5E00022012280F83420046330BC7047704753
S21401E5F02DE9F0411646002A5ED004460D46037EFC
S21401E600002B6AD0037A03EB43031B0103F180431B
S21401E61003F56223D3F89430C16802690A44934231
S21401E62012D067699F4211D09F4211D2DF1BB742B9
S21401E63028BF3746FEF787FF804694F82D30002B1B
S21401E6403FD03E46002210E00B46EAE7617EEBE74C
S21401E650D71BECE7206B814212D0013E6369216B28
S21401E6608B4214D0013363610132BA4212D261691E
S21401E6700B78112BEED0132BECD005F8013BEDE710
S21401E680112B14BF0023012384F83430E5E7013150
S21401E6902163E7E7216BE2682369134499420ED0B0
S21401E6A06169E26823691344994214D02046EAF767
S21401E6B039FE4046FEF74DFF3046BDE8F081226345
S21401E6C0EEE73A466169284603F0EBFB63693B4493
S21401E6D063613E46E4E76261E8E70026ECE72DE980
S21401E6E0F04106460F4690461C46FEF72CFF0546AF
S21401E6F0424639463046FFF77BFF20602846FEF744
S21401E70028FF236813B10020BDE8F0811B20FBE73A
S21401E71038B50546FEF708FF044601212846EBF703
S21401E72045FA2046FEF704FF38BD2DE9F0470446BA
S21401E7300F46154690F82C90FEF705FF94F83830F2
S21401E7402BB9FEF706FF00264FF001080EE0FEF794
S21401E75000FF94F83B00FFF7DBFFFEF7F4FE002313
S21401E76084F83830EDE794F834307BB9AE4221D2E4
S21401E77094F82D30002BF6D0FEF7E5FE82462046B3
S21401E780FFF704FF5046FEF7E4FEECE7B9F1000F91
S21401E79002D03B780A2B08D0E3693978204698479F
S21401E7A0804658B901370136E0E7E3690D21204676
S21401E7B09847F1E7236A0121204698474046BDE87D
S21401E7C0F08708B5FFF7B1FF002008BD38B505464C
S21401E7D0FEF7AAFE044600212846EBF7E7F9204695
S21401E7E0FEF7A6FE38BD10B5044690F8393049B19B
S21401E7F003B110BD90F83A00FFF78AFF012384F8B1
S21401E8003930F6E7002BF4D090F83A00FFF7DEFF38
S21401E810002384F83930ECE790F838307BB910B52E
S21401E8200446036A00219847012384F8383094F897
S21401E8303B00FFF7CBFF022384F83C3010BD704746
S21401E840026CD36C43F00403D364704729B1026CA5
S21401E850D36C43F00103D3647047026CD36C23F08E
S21401E8600103D364036C01229A64704710B5044611
S21401E870236C1B6913F0400FFAD000231A4694F854
S21401E880491094F84800E8F741FB00231A4694F82B
S21401E8904B1094F84A00E8F739FB94F8503013F01F
S21401E8A0010F18D194F8503013F0020F1CD1226CCE
S21401E8B0D36C23F00103D364226CD36C23F00403DE
S21401E8C0D3640021206CFEF74FFF0021606CE7F750
S21401E8D081F8002010BD00231A4694F84D1094F8D4
S21401E8E04C00E8F713FBDDE700231A4694F84F10B7
S21401E8F094F84E00E8F70AFBD9E708B5006CFEF776
S21401E900D0FF002008BD10B50468206C036C13F01E
S21401E910010F0ED1042384F83C30237EA3B1637E1D
S21401E92013B194F82D30B3B9C36C23F00403C36458
S21401E93010BD01238364236C1B6913F0200FF7D0ED
S21401E9402046FFF769FFF3E7C36C23F00403C364B3
S21401E95001232376ECE7002384F835301321FEF7F4
S21401E960A0FF226CD36C43F00403D364236CDB69F1
S21401E970DBB2112B04D0132B12D0132BD8D102E00B
S21401E980012384F83430237A03EB43031B0103F19C
S21401E990804303F56223D3F89430013B2363C7E732
S21401E9A0002284F83420E8E7013840EA500040EAC3
S21401E9B0900040EA101040EA102040EA1040013072
S21401E9C0704770B504460D461E461046FFF7ECFF2D
S21401E9D0B0F5807F38BF4FF48070424222408318E2
S21401E9E003E04000424222408318AB42F9D3326032
S21401E9F0049A1360059B186070BD28B1B0FA80F0C8
S21401EA00C0F11E00C0B270472020F9E708B5EAF74A
S21401EA105BFE08B5FFF7FAFF08BDEFF3108072B68C
S21401EA20704700B962B6704710B5FEF77DFD044623
S21401EA30EAF79AFF2046FEF77BFD10BD704708B542
S21401EA40FEF75DFE08BD704770470120704708B5A8
S21401EA504FF41670EBF70AF908BDD8B12DE9F0416D
S21401EA6084B0884617461D46044600268683C6831C
S21401EA70EBF73EFCBDF82C3002939DF8283001934D
S21401EA8000953B46324641462046EBF7B9FB04B0BB
S21401EA90BDE8F08122207047F0B587B00D46002111
S21401EAA08DF81710D0B117461E4604468183C183E0
S21401EAB00DF11701EBF74CFC9DF8173083B9BDF843
S21401EAC0343002939DF83030019300963B46002285
S21401EAD029462046EBF794FB07B0F0BD2220FBE762
S21401EAE00320F9E738B5FEF72EFD0546EBF7FAFEEB
S21401EAF004462846FEF72DFD204638BDF0B587B002
S21401EB001E4600238DF8173090B30C46154607466F
S21401EB100DF11701EBF71CFC9DF8173053BB04A948
S21401EB202046EBF7F3FCF0B9EBF7D6FC4FF47A721C
S21401EB300023A4FB0001FCF783FCC2F57A7292B2B3
S21401EB40BA83B2F57A7F10D00023FB830499BDF80F
S21401EB50343002939DF83030019300962B460A46D6
S21401EB603846EBF74DFB07B0F0BD0023BB83EBE760
S21401EB702220F8E70220F6E738B50546FEF7D4FC72
S21401EB80044601212846EBF711F82046FEF7D0FC93
S21401EB9038BD08B5FEF7D3FAFEF7EBFAFEF717FB1A
S21401EBA0FEF7F3FAFEF7FFFA08BD08B5FEF7FFFA1F
S21401EBB0FEF7FEFAFEF700FBFEF704FB08BD704702
S21401EBC000B583B0034620F0030013F0020F0CD00B
S21401EBD04FF6FF7343EA0143019304220DEB020152
S21401EBE0FEF7BAFD03B05DF804FB6FEA01416FEA78
S21401EBF011410191F1E711F0010F55D12DE9F041D5
S21401EC0006460C46174610F0010F4FD1002A50D089
S21401EC108446531C8E4603E00CF1020C0EF1020EE4
S21401EC20013B0BD0BCF800504FF6FF718D42F3D07C
S21401EC30BEF80020002AEFD04B2038E0E8F7E4FACF
S21401EC40012F02D016F0020F07D021883046FFF7B9
S21401EC50B7FF70B902360234013F012F0DD827B134
S21401EC6021883046FFF7ACFFD0B9E8F7DDFA00207F
S21401EC701DE0E8F7D9FA4B2019E027F001084FEA22
S21401EC8048052A4621463046FEF766FD20B92E4441
S21401EC902C44A7EB0807E2E7E8F7C6FA4B2006E0A4
S21401ECA0E8F7C2FA4B2002E0012070470120BDE8D8
S21401ECB0F0810020FBE708B500F0D4F908BD01207B
S21401ECC07047704708B5022802D0022903D008BD54
S21401ECD0EFF7AEFCFBE7EFF7B1FCF8E738B5054612
S21401ECE0FEF722FC044601212846EAF75FFF20468C
S21401ECF0FEF71EFC38BD38B50546FEF715FC044682
S21401ED0000212846EAF752FF2046FEF711FC38BDDF
S21401ED1070B584B00646084615461C4603A9EBF7AF
S21401ED20F5FB034610B1184604B070BDBDF824309B
S21401ED3001939DF82030009323462A4603993046D6
S21401ED40FFF78BFE0346EEE710B50446FEF7D1F952
S21401ED502046E4F7DFFA10BD38B504460D46FEF747
S21401ED60CCF929462046FEF7D9F938BD08B5FEF795
S21401ED70C5F9FEF7D7F908BD38B504460D46FEF7C6
S21401ED80BFF929462046E4F76DFA38BD10B50446AA
S21401ED90FEF7B8F92046E4F735FA10BD38B5044653
S21401EDA00D46FEF7AEF929462046FEF7B6F938BD00
S21401EDB010B50446FEF7AAF92046FEF7ADF910BDD8
S21401EDC02DE9F04F85B004460D4616461F469DF8C0
S21401EDD03880DDF83C909DF840A0DDF844B0CDF8D1
S21401EDE00CB0CDF808A0CDF80490CDF80080FEF761
S21401EDF08EF9CDF80CB0CDF808A0CDF80490CDF87A
S21401EE0000803B46324629462046FEF78AF905B081
S21401EE10BDE8F08F08B5FEF77BF9FEF780F908BD6F
S21401EE20F8B504460D4616461F46FEF772F93B46F0
S21401EE30324629462046E4F7DFFDF8BD10B5044604
S21401EE40FEF769F92046E4F7AFFD10BD08B5FEF7F9
S21401EE5056F908BD08B5FEF75DF9FEF761F908BD7C
S21401EE6010B584B004461B0143F006038DF8083044
S21401EE708DF809100DF10A010120F0F7F1FF0323C7
S21401EE80019302AB0093062300220D21204600F0D9
S21401EE90F1F804B010BD00B585B0120142F00502CC
S21401EEA08DF80C208DF80D10FF238DF80E300323FE
S21401EEB0019303AA009200220D2100F0DBF805B0B1
S21401EEC05DF804FB10B584B004461B0143F0010352
S21401EED08DF808308DF809100DF10A010120F0F7C0
S21401EEE0BFFFFF238DF80E300323019302AB00937F
S21401EEF0072300220D21204600F0BCF804B010BD07
S21401EF0000B585B013469AB103228DF80C208DF812
S21401EF100D107BB108238DF80E300323019303AA4D
S21401EF20009200220D2100F0A5F805B05DF804FB63
S21401EF303322EAE70A23EEE738B5044681684D78BE
S21401EF4002310120F0F79AFF024629466088E4F76D
S21401EF50D9FC024629466088FFF7D2FF38BD7047C4
S21401EF6008B503790D2B0CD1037813F0010F08D0E7
S21401EF7083681B7803F00F03022B0FD0042B01D0FC
S21401EF8033B108BDC388062BFBD1ECF763F9F8E76C
S21401EF90C388062BF5D9ECF7E9F9F2E7C388062B07
S21401EFA0EFD1FFF7C9FFECE708B500F01BF800B991
S21401EFB008BD00F047F8032803D000F043F8042802
S21401EFC002D1ECF763FAF3E700F03CF80628F8D034
S21401EFD000F038F80728EBD1F3E7704708B5EFF7EC
S21401EFE04BFB08BD08B5EFF74FFB08BD08B5EDF7BD
S21401EFF0EFFA08BD08B5EDF713FB08BD08B5F3F742
S21401F000EBFA08BD08B5F2F70CF808BD08B5F1F73C
S21401F010FBFF08BD08B5F2F702F808BD08B5EFF723
S21401F020BBFC08BD08B5EFF7C0FC08BD08B5EFF797
S21401F030F3FC08BD08B5EFF7D7FC08BD08B5EFF738
S21401F040DFFC08BD08B5EFF7E1FC08BD08B5F2F72F
S21401F050D3F808BD08B5EFF7D5FA08BD08B5EFF740
S21401F060B9FA08BD08B5EFF75BFA08BD08B5EFF7C2
S21401F07033FA08BD10B582B09DF814400194049C83
S21401F0800094EFF70BFB02B010BD08B5F2F754F889
S21401F09008BD08B5F3F78CF908BD08B5F1F730FBE4
S21401F0A008BD08B5F1F746FB08BD08B5F1F7CAFC7F
S21401F0B008BD08B5F1F7E1FA08BD08B5F0F7D6FFC7
S21401F0C008BD08B5F1F7AFFF08BD08B58446084688
S21401F0D011466246EBF712FF08BD08B5EBF738FF9D
S21401F0E008BD012070470420704703460088B3F925
S21401F0F00020002A02DB42001A8070474840FAE7E7
S21401F10070B504460E46FEF70FFA05463146204610
S21401F110FCF724FF04462846FEF70AFA204670BD8F
S21401F12038B50546FEF700FA04462846FCF7E0FC2B
S21401F1302046FEF7FDF938BD10B5044608B1ECF7D8
S21401F1402FFA2046FFF7ECFF10BD00F4E040B0F5C3
S21401F150805F06D0B0F5005F01D000207047012027
S21401F160704701207047036823F47F4323F00303AD
S21401F1700BB9002070476FF0860070470B8813B1FB
S21401F1800288934208D10B6A4BB94B8853B1428827
S21401F190934209D1002070476FF0860070476FF0E8
S21401F1A086007047002070476FF086007047002089
S21401F1B07047002303604360704700230360436089
S21401F1C070472DE9F041884614461F460022ECF7A9
S21401F1D0E1FD0646F8B9D8F80050298801F4E04365
S21401F1E0B3F5804F0CD0EB6834EA03030BD197B12B
S21401F1F03A4605F10C00ECF78FFB064658B104E0E1
S21401F20024F00104EFE76FF084060023C8F800300D
S21401F210284600F0FDFA3046BDE8F08170B5044698
S21401F22045688668284600F01FFB00B170BD284679
S21401F23000F01CFB0028F9D115F0FF0F11D1CEB953
S21401F24004F10C00FFF78FFF0028EFD162884FF61C
S21401F250F8739A4211D8238B012BE7D96FF08600F9
S21401F260E4E70021A06800F044FA0028E8D16FF036
S21401F2708600DBE76FF08600D8E76FF08500D5E7FC
S21401F280F0B583B00C461546194600230B602046A0
S21401F290FFF7C4FF064610B1304603B0F0BD29465D
S21401F2A001A8ECF72FFD06460028F5D12F683D464C
S21401F2B0A446BCE80F000FC59CE8070085E80700D8
S21401F2C03B790BB9019BBB603B8B23F001033B836E
S21401F2D00121384600F022FADEE738B50446154625
S21401F2E0037923B1826A416A00F0A5FB40B9A3689D
S21401F2F02B600221204600F011FA08B100232B6092
S21401F30038BD10B588B044685FEA142C11D1109C42
S21401F31006940F9C05940E9C04940D9C03940C9CDF
S21401F32002940B9C01940A9C0094E9F711F808B02A
S21401F33010BD6FF08600FAE741F2052398420BD91B
S21401F340B0F5105F25D1802926D0C02926D0B1F589
S21401F350807F25D100207047B0F5905F09D241F239
S21401F3600103984210D0B0F5885F0DD06FF085008C
S21401F3707047A0F5905080B22923C34013F0010FC7
S21401F38002D16FF08500704711F0070F0BD10020F6
S21401F39070476FF085007047002070470020704767
S21401F3A06FF0860070476FF08600704738B5436A85
S21401F3B04BB904460D460120FFF7A2FE606228B154
S21401F3C0A562002038BD6FF08A00FBE76FF08C0065
S21401F3D0F8E7F8B505460E4614461146FFF7E6FF70
S21401F3E0074608B13846F8BD22463146686A02F03B
S21401F3F058FDF7E72DE9F84304460A9E00882AB32C
S21401F40088461F469146FFF7A0FE10B3336813B92E
S21401F4104FEAC9033360356829462088FFF78CFF19
S21401F420044680B90735EA08B9EBD50F14D1089B15
S21401F4309A4214D84146384602F033FD3368073302
S21401F440DB08099A13602046BDE8F8836FF085044F
S21401F450F9E76FF08504F6E76FF08604F3E76FF0DF
S21401F4608904F0E710B584B044685FEA142C09D12A
S21401F470089C0294079C0194069C0094FFF7BAFF2F
S21401F48004B010BD6FF08600FAE710B50446406A76
S21401F49010B1A16AFFF750FE00206062A06210BDA5
S21401F4A038B50446FFF7F1FF94F82030043BDBB291
S21401F4B0012B09D80546E3694BB92C2200212046C9
S21401F4C002F0B6FD284638BD6FF09605F5E76FF0F9
S21401F4D09605F2E740B110B50446042100F01EF986
S21401F4E02046FFF7DDFF10BD704738B590F8203095
S21401F4F0052B17D104460379FF2B07D06BB90025DE
S21401F5002046FFF7CDFF00B9284638BDFFF7C8FFF4
S21401F5100028FAD16FF08400F7E7806800F022FA3D
S21401F5200546EDE76FF08800EFE708B90020704761
S21401F53000B583B0012201A9ECF72CFC10B103B091
S21401F5405DF804FB019800F05DF918B10198FFF72A
S21401F550CCFFF4E76FF09900F1E730B583B00546CC
S21401F5600C46084600F087F800231A4601A92846EB
S21401F570FFF727FE08B103B030BDA446DDF804E06E
S21401F580BEE80F00ACE80F009EE807008CE8070015
S21401F590238B03F001032383019800F039F9EAE78E
S21401F5A02DE9F04188B01D460023079306932B6092
S21401F5B0002A5AD004460E469046B2F1005F57D252
S21401F5C006AB07AA01460020FFF75AFE07460028A9
S21401F5D033D10798436A5BB3079A53880593536AF6
S21401F5E005A9029102F128010191926A0092424610
S21401F5F031462046FFF736FF0746F0B9079A53888B
S21401F60053BBBDF814305380059A4FF6F8739A42EF
S21401F61028D8079E21463046FFF7B0FD074660B959
S21401F6202A4606993046FFF758FE074648B104E0D9
S21401F63063681B0A09D06FF0860706990798FFF7DB
S21401F64049FF384608B0BDE8F0814146FFF7AEFEF7
S21401F65007460028C0D0F0E7059A9342D4D06FF051
S21401F6608607EAE76FF08507E7E76FF08607E8E7C2
S21401F6706FF08507E5E710B50446C069FFF750FD52
S21401F68024220021204602F0D3FC10BD2DE9F041D2
S21401F690044688461E4673B90027E06920B1FFF785
S21401F6A03FFD0023E3612362E7612662A4F8008040
S21401F6B00020BDE8F081154619460120FFF720FD20
S21401F6C0074620B13246294602F0EBFBE5E76FF02C
S21401F6D08C00EEE7036813F4805F02D043F4806386
S21401F6E00360036813F4005F02D043F40063036011
S21401F6F07047421E6FF040439A4207D341B1B0F1C2
S21401F700804F07D3002807DA002070470120704792
S21401F71008467047002070470120704790F8203057
S21401F720052B30D8DFE803F0030C151E332E4B1ED5
S21401F730DBB2012B27D9042925D06FF0870070474B
S21401F740022920D005291ED004291CD06FF088007C
S21401F7507047032917D0052915D0042913D06FF057
S21401F76088007047022908D005290CD004290AD040
S21401F770032908D06FF088007047C3691BB16FF08A
S21401F7808800704751B980F820100020704705297D
S21401F790F9D00029F7D06FF0880070476FF0880025
S21401F7A0704730B583B005460023019300936A463F
S21401F7B001A900F075F9044638B10099019800F0E6
S21401F7C06BF94CB1204603B030BD009A019928462A
S21401F7D0FFF7FFFD0446F0E702212846FFF79EFFEC
S21401F7E00446EFE710B504460321FFF797FF28B953
S21401F7F0E369B3F1FF3F02D00133E36110BD6FF05F
S21401F8009600FBE7C3690BB10020704701207047E3
S21401F81010B338B5044690F82050032D03D0052DBB
S21401F82001D0042D1AD1E369DBB1013BE361204627
S21401F830FFF7E8FF38B1052D06D0042D08D00221C8
S21401F8402046FFF76BFF38BD2046FFF74EFEFAE76E
S21401F8502046FFF725FEF6E7002070476FF0880088
S21401F860F1E76FF09600EEE70020704710F0FF001A
S21401F87006D0FF2801D0002070476FF08600704741
S21401F880002070470021704710B582B00C46FFF784
S21401F890F9FF6A46FEF785F808B9009B236002B0B7
S21401F8A010BDF0B587B00E461446FFF7EBFF0746CE
S21401F8B00D460023039304AAFEF773F808B107B0B8
S21401F8C0F0BD03AB01930096234600223846294635
S21401F8D0E8F7AEFA039BA342F1D06FF09800EEE78B
S21401F8E000B583B0FFF7CEFF6A46FEF75AF810F16F
S21401F8F08C0F03D0012003B05DF804FB0020FAE76B
S21401F9002DE9F04184B0054688461746FFF7BAFF51
S21401F91006460C462846FFF7E3FF01281CD00023C5
S21401F920009343463A4630462146E8F711FAB0B905
S21401F93002AA30462146FEF734F8054620B9029B56
S21401F940BB4205D06FF0980530462146E8F7CEFA5F
S21401F950284604B0BDE8F0816FF08A05F8E76FF03D
S21401F9609805F5E770B582B0FFF78CFF05460C46A3
S21401F9706A46FEF716F810F18C0F10D0284621467D
S21401F980E8F7B4FA064660B96A4628462146FEF705
S21401F99008F810F18C0F07D1304602B070BD002672
S21401F9A0FAE76FF09806F7E76FF09806F4E72DE9A7
S21401F9B0F843089E23292FD904460D4690461F4634
S21401F9C0ECF742FA8146C0B9A36843BB216A3960A5
S21401F9D0243D8D4226D3B1F5005F26D281B9C8F801
S21401F9E00030E3687360238A3380638A73806369B7
S21401F9F0F360A3693361E36973614846BDE8F88340
S21401FA000120FFF77DFBC8F8000088B13A6804F1D1
S21401FA10240102F046FAE4E76FF09809EDE76FF08B
S21401FA209809EAE76FF09809E7E76FF09809E4E7C5
S21401FA306FF08C09E1E72DE9F04109B3054614465C
S21401FA40884602B3B2F5005F20D202F124063146A1
S21401FA500120FFF755FB0746D8B103462A46214643
S21401FA604046ECF7FDF932463946A868FFF748FFED
S21401FA70044631463846FFF75FFB2046BDE8F08175
S21401FA806FF08604F9E76FF08604F6E76FF08D04F1
S21401FA90F3E76FF08C04F0E708B5FFF74DFB08BD00
S21401FAA02DE9F04385B004468846174600200390AA
S21401FAB0A66803A93046FFF7E7FE054618B12846B3
S21401FAC005B0BDE8F08303990120FFF719FB8146D5
S21401FAD008B3039A01463046FFF7E3FE054620B118
S21401FAE003994846FFF728FBE9E700943B46424660
S21401FAF003994846FFF75BFF05460028F0D1D8F882
S21401FB0000302BB13B68002BEAD16FF09105E7E797
S21401FB106FF09105E4E76FF08C05D0E7704720B1F0
S21401FB2008B50A684968904708BD70470146002035
S21401FB3008E000EB8000531C0B60137803EB4003D6
S21401FB40A3F130000A681378303BDBB2092BF0D9F9
S21401FB5070472DE9F04F83B005460E4693461F4683
S21401FB60DDF830A00D9CDDF838900F9B13F0030FE5
S21401FB7019D1A0460192C84509D202F1010B3B46B4
S21401FB8031462020A84708F101085A46F3E7DDF878
S21401FB9004B008E0013C02F101083B4631461AF880
S21401FBA00400A8474246002CF4D10F9B13F0020F25
S21401FBB003D1104603B0BDE8F08FA2EB0B034B4513
S21401FBC0F7D2541C3B4631462020A8472246F4E78C
S21401FBD02DE9F04385B099460C9D0D9C9DF8388023
S21401FBE0DDF840E0119F129E16F0020F21D17FB181
S21401FBF016F0010F0CD0B8F1000F02D116F00C0F61
S21401FC0006D0013F04E04FF0300C05F804C0013483
S21401FC10744501D21F2CF6D916F0010F09D0BC424B
S21401FC2007D21F2C05D84FF0300C05F804C001345C
S21401FC30F2E716F0100F14D016F4806F04D11CB141
S21401FC40744522D0BC4220D00F9B102B36D00F9B80
S21401FC50022B3ED01F2C0ED84FF0300C05F804C0F6
S21401FC6001341F2C07D8B8F1000F3AD04FF02D0CF5
S21401FC7005F804C0013403960297019400954B469B
S21401FC80FFF767FF05B0BDE8F083B4F1010C13D0B0
S21401FC900F9B102B0ED064460F9B102BD7D116F05E
S21401FCA0200FD4D01F2CD2D84FF0580C05F804C022
S21401FCB00134CFE7023CC7E76446C5E716F0200FDC
S21401FCC0EAD11F2CE8D84FF0780C05F804C00134AF
S21401FCD0C0E71F2CCFD84FF0620C05F804C00134E2
S21401FCE0B8E716F0040F05D04FF02B0C05F804C04A
S21401FCF00134C0E716F0080FBDD04FF0200C05F810
S21401FD0004C00134B7E7F0B591B0169C189D1B9E50
S21401FD100CB926F0100616F4806E16D064B34FF0B8
S21401FD20000E12E00CF1300C5FFA8CFC0EF10107AC
S21401FD300EF1400EEE440EF820CCB4FBF5FCAC42BE
S21401FD401BD31F2F19D8BE466446B4FBF5FC05FB32
S21401FD501C4C5FFA8CFCBCF1090FE3D916F0200F9E
S21401FD6008D04127BC445FFA8CFCACF10A0C5FFA60
S21401FD708CFCDBE76127F5E7274606961A9C059477
S21401FD80199C049403959DF85C400294019708AC75
S21401FD900094FFF71DFF11B0F0BD2DE9F04F95B0AF
S21401FDA009900A910B929846DDF878B0DDF87C90C0
S21401FDB0229D239F269E5BEA090201D126F01006AA
S21401FDC016F480641ED05BEA09022FD0002419E0E5
S21401FDD03032D3B204F1010A04F150020DEB0204F1
S21401FDE004F8203C2A463B4658464946FBF728FB82
S21401FDF0AB4579EB07091BD3BAF11F0F18D8544648
S21401FE00834689462A463B4658464946FBF718FB31
S21401FE10D2B2092ADCD916F0200F05D041231344AB
S21401FE20DBB20A3BDBB2D5E76123F8E74FF0000A05
S21401FE300696259B0593249B049303959DF8803095
S21401FE400293CDF804A00CAB009343460B9A0A9993
S21401FE500998FFF7BDFE15B0BDE8F08F00B97047F1
S21401FE6008B500F001F808BD08B501460020FEF708
S21401FE701DFB08BD03280DD8022809D0032803D08E
S21401FE80012803D0FCF782BDECF78ABFEDF738B93D
S21401FE90FCF7A8BFFF20704743081F220BB990400C
S21401FEA0704703F0010141EA4000013A5B08F5E7BB
S21401FEB008B5E0F78DFF20B9E0F798FF0130C0B232
S21401FEC008BD0420FCE710B50446E0F781FF40B109
S21401FED021460120EFF7D2FFFFF7DEFFC0F3CA107D
S21401FEE010BDE0F783FF38B12046EFF7ABFFFFF711
S21401FEF0D3FFC0F30A40F3E72078F1E708B5E0F74F
S21401FF0067FF08B1042008BDE0F770FF0028F9D1AB
S21401FF100220F8E708B5E0F75BFF10B14FF4006088
S21401FF2008BDE0F763FF0028F8D18020F8E737B571
S21401FF3005460C46E0F74CFF88B10DF10700E1F7E6
S21401FF4063F99DF80700E40144EAC040FFF7A4FF07
S21401FF50294602460120EFF783FF03B030BDE0F7E4
S21401FF6045FF60B1C4F30A0444F40060FFF794FF50
S21401FF70010C284603B0BDE83040EFF769BF2C708E
S21401FF80EBE72DE9F74F0C9D0E9E01930446934631
S21401FF90BDF834A0BDF83C90BDF840700091FFF765
S21401FFA087FF04EB0008307A95F808C0019B4BEAFE
S21401FFB0803242EA8C2212B20BB142F01002009B50
S21401FFC09907009B48BF42F0200213F0010318BFB7
S21401FFD042F00802CA45019391B203D110B142F032
S21401FFE0400291B24046EFF733FF2A7A08F1030B3D
S21401FFF02AB158465146EFF72BFF08F1050B2A7A2E
S214020000022A3ED158462988EFF722FF0BF1020B4F
S214020010337A3BB1CA4505D058464946EFF718FF32
S2140200200BF1020B337A022B36D158463188EFF7A2
S2140200300FFF0BF1020B019BABEB0406B6B2B3B398
S2140200403946009A5846FCF7D3FDFCF787FE05377B
S2140200508046FFF753FF3E44B6B28519FFF728FFE6
S214020060A8F10503ADB2D3F1000848EB0308291A3C
S21402007001EB880189B2204603B0BDE8F04FFFF7D6
S21402008056BF032AC4D12A68CBF800206A68CBF888
S21402009004200BF1080BBBE7032BCCD13368CBF85B
S2140200A000307368CBF804300BF1080BC3E7FFF798
S2140200B025FF3E44B6B28519FFF7FAFEADB2291AFD
S2140200C0D8E738B581F0010141EA02120446BDF8CC
S2140200D0101000F8012B1D46EFF7BAFE2946E01C69
S2140200E0BDE83840EFF7B4BE73B500230C468DF872
S2140200F004300646FFF7DCFE8DF80500FFF7D8FE53
S21402010002308DF80600FFF7D3FEC51CEDB2032CB5
S2140201108DF8075007D804F108030DEB030414F812
S214020120040C02B070BD0D2C0DD1FFF7C1FE0446C3
S2140201303046FFF7C8FE0546FFF7E0FE043D2C44B6
S214020140241AA0B2EDE7FFF7B3FE3044EFF77AFECB
S21402015010F4406F0246C0F3812310D1042C2846C7
S214020160DFD0052CDDD0C2F38F31A9B9062CD8D04A
S214020170072CD6D0082C1FD1013080B2D1E7042C30
S21402018005F10200CDD0022B01D1281DE9E7032B91
S21402019008BF05F10A00E4E755065CBF831C98B267
S2140201A0062CBED0022902D1831C98B2E0E70329AE
S2140201B0DED100F10803F8E7130744BF053080B22A
S2140201C0092CAED00A2CD7D00B2C01D10330D4E7A1
S2140201D00C2C01D10530D0E74FF6FF70A1E738B5F9
S2140201E00C460546FFF764FE2044EFF72BFE80130D
S2140201F01DD0FFF75DFE2044EFF724FE8013022891
S21402020009D1287206212046FFF76EFF2044EFF739
S21402021019FE288038BD06212046FFF765FF2358C1
S2140202202B60221853686B6003232B72F2E7287246
S214020230F0E738B50C460546FFF73AFE2044EFF7DE
S21402024001FE10F4406FC0F381231CD0FFF730FE8E
S2140202502044EFF7F7FDC0F38120022809D1287267
S21402026004212046FFF740FF2044EFF7EBFD2880ED
S21402027038BD04212046FFF737FF23582B6022188B
S21402028053686B6003232B72F2E738B50C460546BB
S214020290FFF70EFE2044EFF7D5FD800B2FD0FFF7B9
S2140202A007FE2044EFF7CEFD430628D401232B7623
S2140202B005212046FFF718FF2044EFF7C3FDA8826A
S2140202C0FFF7F6FD2044EFF7BDFD10F4406FC0F3D4
S2140202D0812317D001236B7603212046FFF704FF04
S2140202E02044EFF7AFFDE88221462846FFF777FF66
S2140202F0214605F10A00BDE83840FFF79ABF002301
S2140203002B76DDE76B76EFE770B50546FFF7D0FD97
S2140203102844EFF797FD02071ED5FFF7C9FD0646EC
S2140203202846FFF7D0FD092104462846FFF7DCFEE3
S2140203300721361A2846FFF7D7FE2D5C05F007057B
S2140203406B1F5D425D41FFF7D9FD3444A4B2AD0098
S214020350201A401B80B270BDFFF7AAFD064628464B
S214020360FFF7B1FD092104462846FFF7BDFE361AFF
S214020370FFF7C4FD3444A4B2201AEBE7F8B50D46E5
S21402038009210646FFF7B0FE34183046FFF7BCFFD9
S214020390032826D9E31CA47814F004041FD004EB27
S2140203A04402053282421CD8032101FB0434631C3A
S2140203B01C7804F00401241104F0040401EB840701
S2140203C0214408294FEA470602EB470209D0824237
S2140203D007D80DB1801A2870721C9818F8BD04222E
S2140203E0E6E70020FAE7F0B587B00C460546164663
S2140203F01F46EEF7F9FA22464FF6FF7403460095BB
S214020400002104A8A5420CBF04240624FFF759FEC7
S214020410344366B99DF830300093CDE9017404ABDD
S214020420052200212846F1F783F807B0F0BDFCF755
S214020430B9FB0028EED13820F7E72DE9F7430D4641
S2140204400C2191461E460746FFF74EFE04463846E6
S214020450FFF75AFF8046EEF7C7FA484522D13846DC
S21402046000F00CF9F0B109213846FFF73DFE3A5C80
S2140204701211013A3C44052A14D8DFE802F00316AA
S2140204802129343B2046EFF7DDFCD4F80610074658
S214020490D4F802006B4603C36A46334639462846FA
S2140204A0EDF78EFF03B0BDE8F083002DFAD12046AB
S2140204B0EFF7C8FC314603B0BDE8F043ECF7F2BFF5
S2140204C0002DEFD1304603B0BDE8F043ECF7D0BEC6
S2140204D0A8F10503DBB222463146284603B0BDE842
S2140204E0F043EDF74BBF3146284603B0BDE8F04374
S2140204F0EFF74EBF3146284603B0BDE8F043ECF7AF
S214020500FDBE38B50C46054609212046FFF7ECFD30
S214020510235C1B11052B02D0062B0DD038BD0A21F9
S2140205202046FFF7E1FD2044EFF78CFC0146284603
S214020530BDE83840ECF7BCBE2846BDE83840EFF7C9
S21402054049BF10B50C4686B0014603A8EFF780FCFB
S2140205502368CDF80E306368CDF81230FCF722FB24
S2140205600A2302460093012103AB0020FFF73BFF5C
S21402057006B010BD30B585B0044603A81546EFF7A1
S21402058067FC0221009103AB2A462046FFF72BFFA9
S21402059005B030BD07B500230A4600930321FFF7D6
S2140205A022FF03B05DF804FB37B50D460446FCF7A0
S2140205B0F9FA00950246234604210020FFF713FFAE
S2140205C003B030BD07B500230A4600930521FFF7A6
S2140205D00AFF03B05DF804FB07B500230A46009342
S2140205E00621FFF700FF03B05DF804FB38B50921CA
S2140205F00446FFF779FD05462046FFF785FE0246CC
S21402060090B1605D072809D8E0B1431E062B0BD8CF
S214020610DFE803F00C1C0A1E0A0A1E007E2819D008
S2140206207F2819D07D280ED000200BE0022AFBD1AD
S214020630FFF73EFC2044EFF705FC8013032814BFA7
S2140206400020012038BD042AEED9F1E7042AF6E795
S214020650012AF4E7022AF2E7092AF0E708B5FFF7CB
S21402066053FE042894BF0020012008BD08B5FFF7FA
S2140206704BFE052894BF0020012008BD38B505466C
S214020680FFF742FE0538C4B209212846FFF72CFDC3
S2140206902B5C1B11013B052B11D8DFE803F0050A82
S2140206A0030C0303012038BD0A2C14BF00200120CE
S2140206B0F9E7022CF9E7E04300F00100F3E7002037
S2140206C0F1E708B50246102300210120EAF73AFBBB
S2140206D0002008BD08B50246102300210120EAF7D3
S2140206E0E1FA002008BD4369406CDA1C1438B2FBFC
S2140206F0F0F203EBC203CA1DB2FBF0F2013201EBC9
S214020700C2010333B3FBF0F3023300FB031070475E
S21402071038B5446905462146FFF7E5FF6A6CE31DD6
S214020720143AB3FBF2F3013304EBC304204438BD9E
S21402073073B506460D460024F36B01225B6901A9D8
S21402074028199847019B013309D1736C0434621946
S2140207506A405B421A42EFD0204602B070BD0024C7
S214020760FAE770B505460C46E5F78EF8EB6B2046C1
S214020770DB68BDE87040184770B5002586B00446B1
S2140207800562E369AB4202D8206A06B070BD666CA9
S2140207902068E36B05225B6901A906FB0500984702
S2140207A001A800F012FC00F035FC10B1236A0133F8
S2140207B023620135E5E738B50446456C006804F166
S2140207C0400305FB0101E06B00F031FC05462046C4
S2140207D0FFF7D2FF284638BDF0B5054687B000269B
S2140207E0EC69013CB44203D80C46204607B0F0BD83
S2140207F001B14C1E6F6C2868EB6B05225B6901A980
S21402080007FB0400984701A800F0DFFB00F002FC9B
S2140208100028EAD101362146E2E7F0B50446466CE6
S214020820E36B00685B6987B00D46052201A906FBEB
S2140208300500984701A800F0C8FB00F0EBFB20B1CA
S21402084001A800F099FB07B0F0BD29462046FFF745
S214020850C3FF676CE36B064620685B69052201A945
S21402086007FB0600984701A800F086FB431CEAD067
S214020870B54238BF0130E6E72DE9F043D0F82480D0
S2140208804FF6FF7987B004460E46C84514BF454664
S21402089000250027E369BB4202D807B0BDE8F08313
S2140208A0E26B2368606CD2F814C001A9052200FB33
S2140208B00530E04701A800F088FB022806D0C845AC
S2140208C00CD1721C29462046FFF775FFE3690135F5
S2140208D00137B5FBF3F203FB1255DBE72946204648
S2140208E0FFF79BFFB0F1FF3F14BF024632460132CC
S2140208F0E8E7F0B5036887B006460025CC1A436CD5
S214020900B4FBF3F4F3693768706C5A1E954208D349
S214020910706C336800FB043007B0BDE8F04000F0AE
S21402092084BB0134B4FBF3F203FB1244F36B0522DF
S2140209305B6901A900FB0470984701A800F045FB1B
S21402094000F068FB0028E3D10135DBE710B423F0A2
S214020950030422449B070A44436C18BF04325B42DA
S21402096082EA0104234203D05DF8044BFFF7C1BFBD
S21402097010465DF8044B70472DE9F041D0E90A367F
S2140209809E4286B0044628D1C3694568142202FBFB
S2140209901355284606B0BDE8F0812068676CE26B06
S2140209A0331AD2F81480B3FBF7F3052201A907FB2A
S2140209B00300C04701A800F008FB012804D0636CBE
S2140209C01D44013B3340ED1A31462046FFF791FFA6
S2140209D00646A36AB342E0D1DBE70025F9E7F0B5A5
S2140209E0002587B004462E46E369B34202D828465D
S2140209F007B0F0BD636C276803FB0677E36B05223E
S214020A005B6901A93846984701A800F0DEFA00F0B3
S214020A1001FB58B1384600F008FB01462046FFF7B6
S214020A2087FE636C143B834208BF01350136DBE761
S214020A3008B508301346D1E90012F3F711FA01207F
S214020A4008BD13B50C460021217600936168134653
S214020A502246F1F7CDFD18B1E37D03B1A07EA07565
S214020A60A07D02B010BD73B500F1080516460C460F
S214020A700DF107020968284600F0A3F9032E06D1F5
S214020A806368834203D12168284600F080F901207A
S214020A9002B070BDD01E009B42424241187E824286
S214020AA011D11A688A420ED85A688A420BD35A69FA
S214020AB001325A61D3E9030282423FBF986840F886
S214020AC0221001321A610120704710B5032A029CD7
S214020AD007D1A26A5340626C5242134201D100F01F
S214020AE056F9012010BD08B5C36800209847BDE836
S214020AF00840E4F7D1BE70B5002401281C7014BF6C
S214020B0004200220CC7D4243101D02F002024CB9A2
S214020B101AB1012220F003001A7000F10803486897
S214020B20184470BD1AB1012220F003001A700C7E20
S214020B30002301F12005DAB2944201D80020F0E742
S214020B4035F83320824203F1010606D901EBC303CE
S214020B5000F10802D8691044E3E7801A3346EAE750
S214020B6073B590F8426005461C4630460DF1030305
S214020B70FFF7C1FFEB6B012E5B690DD1324601A96F
S214020B8098479DF8033013B1BDF806300193BDF8BF
S214020B900430236002B070BD0122214602B0BDE8D7
S214020BA070401847F0B5054687B04868EB6B0024DE
S214020BB05B6902940E46012202A90830984727462E
S214020BC095F84230012B40F08480632C02D90298BB
S214020BD007B0F0BD612C08D805AB22463146284640
S214020BE0FFF7BEFF9DF814301BB305AB2246314615
S214020BF028468DF81070FFF7B3FF95F84230012BA8
S214020C00059B55D14FF6FF72934200F0968008225C
S214020C1005A904A800F060F9059B9DF81010C3F31F
S214020C200722914240F08980DBB2029A1A4402926D
S214020C3083E095F84230012B30D103AB2246314691
S214020C402846FFF78DFF04AB621C31462846FFF7A5
S214020C5087FF05ABA21C31462846FFF781FF10220C
S214020C6008230DEB02010DF107008DF8073000F0A6
S214020C7033F9102205A90DF1070000F02DF9039BA8
S214020C80DAB2002A52D19DF80720B2EB132F4DD1CB
S214020C90DDE9043203EB0243029347E0302C2BD902
S214020CA044E09DF80720B2EB134F3FD1049BF3E7D5
S214020CB0013342D0102205A90DEB020000F00CF918
S214020CC0059B9DF81010C3F30742914235D19BB2A3
S214020CD0ABE7312C3FF67BAF87D005AB22463146D9
S214020CE02846FFF73DFFBDF81430002B7FF47DAF9A
S214020CF095F84230012BA0D003AB22463146284657
S214020D00FFF72EFF04AB621C31462846FFF728FF8A
S214020D10102320220DEB03010DF107008DF807309A
S214020D2000F0DAF8039B9AB2002ABAD095F842305D
S214020D30012B14BF012302231C44013440E713B5E0
S214020D4000240194049C0094F1F7F2FF02B010BD57
S214020D5013B501240194049C0094F1F7E9FF02B054
S214020D6010BD30B5446800234FF0FF329C4202D1DA
S214020D700023037230BD016801EBC30541F833203E
S214020D806A600133F2E7C0E90012FFF7EABFF0B586
S214020D90456800239D4211D0046854F83320B2F10E
S214020DA0FF3F4FEAC30704EBC30608D0C2F31302A1
S214020DB0914204D14FF0FF33E3517360F0BD01332B
S214020DC0E8E7F0B5456800239D4202D14FF0FF30B8
S214020DD00FE0046854F83340671C4FEAC30609D094
S214020DE0C4F31307B94205D1240D147003683344C3
S214020DF05868F0BD0133E7E713B504460023014601
S214020E001B220DF107008DF8073000F065F8226806
S214020E109DF80730B3EBD26F0CBF0120002002B062
S214020E2010BD13B500230446014620220DF107002B
S214020E308DF8073000F050F80DF107001A22211D38
S214020E4000F04AF862689DF80730B3EB926F0CBF69
S214020E500120002002B010BD0068431C58425841D1
S214020E607047006810F07E0F0CBFC0F3C160002010
S214020E7070470068C0F3D3107047006800F07F0028
S214020E8001288CBF002001207047036813F07E0FF4
S214020E9014BF042008207047036813F07E0F03D1A6
S214020EA0406820F07C40704713F078001CBF03F0C7
S214020EB07F03D81F7047006800F07F007047032842
S214020EC009D0022803D1C1F10201C8B27047002935
S214020ED00CBF0720002070471F2A0B689EBF4FF0EA
S214020EE0FF3191408B43590801F055315B1A03F0EC
S214020EF033319B0803F033330B44017803EB1313AF
S214020F000A4403F00F334FF001314B43A2EB136256
S214020F100270704737B501F10C044369054669460D
S214020F20012220469847BDF8003001930122AB69A2
S214020F3001A92046984703B030BD37B501F10C042D
S214020F40436901226946054620469847009B4FF6AC
S214020F50FF7299B291420DD11B0C1B0443F4254338
S214020F6043F0A50301930122AB6901A920469847E5
S214020F7003B030BD0020FBE737B504461B22011D37
S214020F8000250DF107008DF80750FFF7A5FF6068F2
S214020F909DF80720B2EBD06F03D120F0784003B063
S214020FA030BD0DF107001B2204F108018DF8075031
S214020FB0FFF792FFA0689DF80730B3EBD06F01D120
S214020FC0C043EAE74FF0FF30E9E703684BF29A22A4
S214020FD0B2EB134F10B5044613D19BB2012B13D1BB
S214020FE0FFF7CAFF01300CD0E0684FF6FF72B2EB93
S214020FF0104F4FEA104309D180B2C01A18BF012021
S21402100010BD2368013303D00420F9E70220F7E776
S2140210100320F5E701288CBF002001207047033823
S21402102001288CBF002001207047143070472DE93C
S214021030F04105469846036908460E461746984705
S214021040044638B943463A4631462846F2F7E4FFA4
S214021050044618B131462846FFF75CFF2046BDE835
S214021060F081022070470020704701207047002060
S21402107070470020704701207047F9F72BB90846E1
S2140210801146F3F735B970B505460C4611461A46B1
S214021090F3F736F806682B462046B446BDE870409D
S2140210A0604710B5F3F72CF8BDE810408368184780
S2140210B00023F3F783B808B500F015FD002008BD3D
S2140210C0F5F700BE4942FFF7FBBF70B504460D4672
S2140210D016464FF4881100F087F932462946204614
S2140210E0BDE8704000F044BB7047431E012B03D995
S2140210F0031F5842584170470120704700F054BB06
S2140211004FF4A472002100F093BF10B500210446EC
S214021110FCF710F82046BDE81040F8F7ABBDF8F72C
S2140211200BB800F07FBC00F08DBCD0F88C0070B518
S214021130C468002324259C4201D1012070BD826828
S21402114005FB0322D6898E4202D8128A8A4201D22F
S2140211500133F0E70020F1E7F8B505460E46F3F74F
S21402116089F8D5F88C307BB15B696BB1F5F7CEFCAC
S214021170D5F88C305B691B1A584240F26B124FF05E
S21402118042015841F3F7BCFAF76800224FF6FF73A4
S2140211904FF0240CD0B2B84208D31C46214628464B
S2140211A0F3F7F8F900F003FB2046F8BDB1680CFB34
S2140211B00011CC899C4202D2002CEFD02346013289
S2140211C0E8E7008B70470A7838B505461046FFF701
S2140211D08CFF60B14C782046FFF787FF38B1224378
S2140211E0530704D42846BDE83840F8F7D9B9012099
S2140211F038BD10B504460878FFF777FF58B14A782D
S2140212001046FFF772FF30B1042A04D02046BDE82C
S2140212101040F8F7FDB9012010BDF7F733BF10B440
S214021220BDF8044001945DF8044B00F00ABDF8F7DF
S2140212309DB838B504460D46F3F7ACF928B92946E9
S2140212402046BDE83840F8F765B838BD70B50446A4
S2140212500D461646F3F79EF930B932462946204621
S214021260BDE87040F6F77CBE70BD70B516460C46FB
S214021270FCF75AF9314605462046F6F76DFA04465B
S2140212802846FCF755F9204670BD052A2DE9F0419F
S21402129006460C4615461F462BD8FFF792FF2146F8
S2140212A080463046F3F776F9044638B9F7F7CEFFAC
S2140212B038B941463046F3F76DF902242046BDE8B8
S2140212C0F08101210846F3F713F8204600F06DFA84
S2140212D0F5F7B8FD3846F7F725FE6FF029032B41E0
S2140212E0DB07284602D4F5F71FFEE7E7F5F754FEBC
S2140212F0E4E70124E2E738B5044648880D4600F0E4
S21402130054FAD4F8A0302BB929462046BDE8384016
S214021310F8F7B4B9022038BD00F048BA00F0D3BBE3
S21402132073B5044600200D4600F03FFAD4F8A060DC
S21402133069462046FFF7F2FF5EB99DF800102A467E
S2140213402046E6F7D7F90146204600F088FB02B0B1
S21402135070BD00231A4629462046B047F7E71FB558
S21402136000230393CDE901336846136800931446BD
S2140213708DF80C10F7F764FE009B236004B010BDD6
S2140213801FB50023CDF80630CDF80A30ADF80E3082
S214021390ADF804101368009369461446F8F7E4F8AB
S2140213A0009B236004B010BDF4F738BE38B504467F
S2140213B00D46FCF7B9F800232563E362BDE8384022
S2140213C0FCF7B6B838B505460C46FCF7ADF82B6BFD
S2140213D01C40EB6A2343EB62FCF7AAF8211E18BFF7
S2140213E001210020490238BD38B504460D46FCF7F7
S2140213F09BF8236B1D40E36A23EA0505E562FCF7CA
S21402140097F8284638BDC06A70477FB504460E4630
S21402141000F039FA431EDBB2FD2B05464FF4881165
S214021420204688BF0096FFF7DFFF2A466946204619
S21402143000F08AF904B070BD10B501210446FFF72A
S214021440D3FF2046BDE81040F5F7E8BF73B50D7828
S21402145006460C4635B304238DF8043023798DF8FE
S214021460053001A93046FFF7C4FE0546B8B9227812
S214021470A37952BB8DF80430E3798DF8053001A9C3
S2140214803046FFF7A0FE054648B923783BB161888F
S2140214903046F8F7F5F90121304600F02BFB2846D6
S2140214A002B070BD294600F025FB2946304600F002
S2140214B04EFB2946304600F04FFB2378002BCAD15C
S2140214C023798DF804306379C9E702228DF8042067
S2140214D0D3E7F8F713BA00F048BB00F067BB08463C
S2140214E01146F3F745BDF8F725BA70B5144686B02F
S2140214F005460E46122200210DF1060000F098FD68
S2140215002368009369462846ADF8046000F029FB7C
S214021510009B236006B070BD0846F3F755BC08462C
S21402152011461A46BDF8003000F041BA0846F5F7F3
S2140215308BB900F087B9F5F717B80847022A01D821
S21402154000F0F7BB01207047022A01D800F002BC67
S21402155001207047022A01D800F00EBC0120704715
S21402156038B504460D4600F0E1FB28B12946204670
S214021570BDE8384000F00FBC022038BD70B5044606
S2140215800D46164600F0D2FB30B1324629462046BA
S214021590BDE87040F8F79ABF022070BDF9F710B8A0
S2140215A00846F9F72FB800207047002070472DE94B
S2140215B0F74F1C469DF830300193036803F007038B
S2140215C0063301259D400646174605F1FF380B46B1
S2140215D0A1B1416804EA080BA5EB0B0A41F00059D9
S2140215E0524509EB0B0114D95246184600F059FC35
S2140215F07A1B5A444946504400F053FC019B2BB1D7
S2140216003C4448EA050804EA0804F46003B0BDE86E
S214021610F08F1846F0E737B5002500951446FFF719
S214021620C6FF204603B030BD2DE9F04F85B0064612
S214021630BDF838A08946174698460525002447F681
S214021640FF7B3F2D9ABFC5F14000C0B22846CDF8B9
S21402165000A043463A46B9F1000F1CD03146F4F7D3
S21402166011F85845B8BF2C4605F10A05EDB2B8BFC9
S2140216708346872DE5D1631F621DDBB2002547F640
S214021680FF7B0392039A93420BD93F2D28D9284613
S21402169005B0BDE8F08F01463046E0E70146304629
S2140216A014E01A06F1D4012B38BF01233F2B98BF52
S2140216B0C3F140001C468CBF1846C0B2CDF800A04D
S2140216C043463A46B9F1000FE8D03146F3F7DAFF5F
S2140216D05845ACBF584625460134E3B28346D1E7A7
S2140216E0C5F14005EDB2D2E70228F7B50D4616461B
S2140216F01F4617D10093002013460A460121FFF722
S21402170093FF33462A4600210097FFF78DFF009786
S21402171033462A4601210446FFF786FF44EA0020A4
S21402172003B0F0BD4FF0FF30FAE7D0F890304BB17F
S2140217305B693BB11B689A1C08BF4FF0FF330B6016
S214021740002070470120704738B50D6804462846C9
S214021750F3F75CFDD4F8903043B15B6933B10135E1
S21402176004BF6FF001020A600A681A60002038BDE2
S2140217707FB5D0F8943005460C46164623B11A6853
S21402178012B1D868F3F7ACFCF4F7BEF83246009014
S21402179069462846FFF7D8FF0CB1009B236000205D
S2140217A004B070BDF8F73EBD70477047704770478B
S2140217B0704738B50D460446F5F7A8F9AC4042F234
S2140217C0107364095C436423B0FBF3F0B4FBF0F0DF
S2140217D038BD022807D0062807D0003818BF0120D7
S2140217E04042C0B27047012070470020704730B5B3
S2140217F01F23B0FBF3F35D1CEDB24FF0FF34C3EBD7
S2140218004313AC40C01AE4430130E4B2C0B21460E1
S214021810086030BD70B505460E46C0B201F00F0135
S214021820FFF7C7FFC6F303110446C5F30720FFF709
S214021830C0FFC6F303210444C5F30740FFF7B9FF10
S214021840204470BD08B5F4F7D1FDBDE80840F4F7B2
S21402185057BE10B50446F4F7C9FD844288BF01F1AD
S214021860FF31204601F00301BDE81040F4F748BE00
S21402187038B50446FFF7E6FF0546FFF7E3FF431BCE
S214021880A342FAD338BD00207047F7B544F20802E7
S214021890B2EB114F05460C468FB24FEA11430ED0FB
S2140218A0B3F5045F14BF02260126D5F890300BB1BB
S2140218B0196831B9D5F88C307BB920680BE0002660
S2140218C0F3E7334668463A46F5F726F89DF80430BD
S2140218D00098002BEED103B0F0BD19680029ECD0B9
S2140218E0334668463A46F5F717F89DF804300098EE
S2140218F0002BE2D1EFE70320F7F744BC10B504460D
S21402190051B10B6843B15B6833B11A68032A03D935
S2140219109C6A640E204610BDFBF706FE0146204672
S214021920F5F7A2FC04460846FBF702FEF2E738B1DA
S2140219304FF47A735843A0F6AC50401AF5F7BABD86
S2140219404CF25030FAE7F6F79DBDF6F79BBDF6F778
S21402195099BDF6F797BD7047436B03F06003402BC3
S2140219600DD0602B03D0203B58425841704749B1F6
S2140219700B68012B06D9486940F00100704740F217
S2140219800110704700207047034670B10268022AB1
S2140219900BD9426A12F47F4FC2F3072006D01B6AA5
S2140219A0D2B25A43B2FBF0F0704700207047F0B54F
S2140219B0144687B01E460F4619B90024204607B0C3
S2140219C0F0BD002AF9D00028F7D001A9F3F7D0FA23
S2140219D00028F2D0BDF80630BDF80850A2199A4287
S2140219E0C4BF9B1B9CB2B54212D90399AD1BADB2C4
S2140219F03144A5420391ADF808500DD22A46384626
S214021A0000F04FFA0499621B781900F04AFAD5E7FB
S214021A100499761B3144049122463846F5E70220A3
S214021A20F4F7CEBCD0F894304BB11A68022A06D925
S214021A3093F8250028B11B6AB3FBF0F07047FBF75A
S214021A4075BB704708B50146D0F89400FFF79CFFB7
S214021A5020B9BDE808400846FBF76ABB08BD10B5CA
S214021A6090F8D0300E2B04462BD00175D0F890009B
S214021A7020B3D4F8A0304BB994F8D9308B420BD3AC
S214021A8020460022BDE81040F7F752BEB4F92420E3
S214021A90B0F912309A42F3DD94F8D91000222046AB
S214021AA0F7F746FE60B9C4F890002046FFF789FBB8
S214021AB001462046BDE81040F2F76CBDFF23637571
S214021AC010BD0220FCE70346D0F8D0000860B3F849
S214021AD0D4308B800020704790F8D0300E2B14BF85
S214021AE0407DFF20704708B5FFF705FFBDE80840B8
S214021AF0F5F7DEB938B505460C46F8F79FFC88B10F
S214021B000CB1002038BD4FF400612846F7F70AF9F9
S214021B1000224FF480712846F7F7F0F8003818BF15
S214021B200120EFE74FF400612846F7F7FBF840B1D3
S214021B30002CEDD095F8CA30002BE2D14FF480721B
S214021B40E7E72202E5E74FF48071F7F7EBB84A02BF
S214021B504FF40071F7F7D2B88A024FF48061F7F7B4
S214021B60CDB804238B71002070473F2B084610B572
S214021B70114619D9B3FA83F3C3F11902D2B2062A6F
S214021B8001D8192B0ED0062A28BF0622931DDBB2D7
S214021B9001249C40A4B2A14228BF2146F3F700F8D4
S214021BA0204610BD0022F1E70024F9E713883F2BF8
S214021BB010B5084616D9B3FA83F3C3F11901C9B2B0
S214021BC0062901D8192B0BD0062928BF06218C1D01
S214021BD0E4B20123A3401380F3F700F8002010BDFF
S214021BE00021F4E70120FAE710B508461446012161
S214021BF0F4F79AFF20460121BDE81040F4F794BF9F
S214021C00F8B504460E461746FBF78EFC3A460546DE
S214021C103146204600F01BF904462846FBF788FCAE
S214021C202046F8BD0220704703207047F4F7C0BB79
S214021C3010B5F8F759F9044608B9F6F783F92046BD
S214021C4010BD2DE9F04F85B0D0F88CC00293BDF8D8
S214021C5038300393BCF1000F44D0DCF80C3001930B
S214021C60002528464FF02409A1F1080A019BAB4241
S214021C7004D11080002005B0BDE8F08FDCF80840E3
S214021C8009FB0544B4F80E80238A00934346009E5F
S214021C909E4201D20135E9E7029EB34210D3039E6B
S214021CA0B3420DD80026B7B2B84204D81688864288
S214021CB009D10120DFE701363AF836709F42F2D1A9
S214021CC001339BB2E3E7D4E9016701EBC00BA3EB58
S214021CD0080E21F8303007FB0E660130CBF80460A0
S214021CE080B2EDE70220C6E7704770B505460E469D
S214021CF01446FFF75DFD31462846FFF72DFAFFF73B
S214021D0057FD04F00903082B04D10C2C1CBF24F049
S214021D100804A4B221462846F7F72EFA00224FF40A
S214021D2000312846F6F7EAFF002070BD8021F6F75C
S214021D30F9BF7FB5531C05AAADF814100292022112
S214021D400022CDE90021DBB21146F6F7F5FF07B017
S214021D505DF804FB7FB5531C05AAADF81410029279
S214021D6004210222CDE90021DBB200220121F6F78E
S214021D70E3FF07B05DF804FB1FB5531C0291002277
S214021D800821CDE900210122DBB21146F6F7D4FF85
S214021D9005B05DF804FB08B5CA064FF00061F6F719
S214021DA0ADFF002008BD07B591F82830009391F8E2
S214021DB02B3091F8292091F82A10F8F71DFB03B072
S214021DC05DF804FB38B50546F7F7D0F90446284611
S214021DD0F7F7AAF9072811D1D5F89030DB6924F471
S214021DE07F4121F0080103B15B7841EA032141F00B
S214021DF020012846BDE83840F7F7BEB924F0200196
S214021E00F7E7002070472DE9F0411F4616460546C3
S214021E108846E2F703FEB0FBF7F47443631C13D064
S214021E2043462A4639463046F8F758FC022D04D176
S214021E30F8F718FC2046BDE8F081032D02D1F8F72A
S214021E4023FCF7E7F8F72CFC4FF0FF34F2E7F7B580
S214021E5005460F4668461146F8F7D8FD064698B17D
S214021E6097B1DDE900311B0A43EA0163A5FB034390
S214021E70090A05FB0135F4F749FE00230246294606
S214021E802046F9F7DDFA3860304603B0F0BD10F8A8
S214021E90012B11F8013B012A28BF9A42F7D0D01A2B
S214021EA070470A44914200F1FF3300D1704710B5E3
S214021EB011F8014B03F8014F9142F9D110BD10B54C
S214021EC06AB10139841810F8012B11F8013F9A42C1
S214021ED003D1A04201D0002AF5D1D01A10BD104677
S214021EE0FCE7034613F8012B002AFBD1181A013827
S214021EF0704710B50C46B1F90E10FAF787FB0028AA
S214021F00ABBF636DA3891B1823F48053ACBF636514
S214021F10A38110BD2DE9F0411F468B89DB050546DE
S214021F200C46164605D5B1F90E1002230022FAF722
S214021F305BFBA389B4F90E1023F48053A3813246C7
S214021F403B462846BDE8F041FAF720B810B50C46E5
S214021F50B1F90E10FAF748FB431CA38915BF60655A
S214021F6023F4805343F48053A38118BFA38110BD8A
S214021F70B1F90E10FAF706BB70B5A1FB02543CB9D4
S214021F802946F9F7DFFD064628B90026304670BD19
S214021F900C220260F9E72A46214600F049F8F5E7E6
S214021FA02DE9F8430746884614460026D4E90195EB
S214021FB0B9F1010905D52468002CF7D13046BDE8F1
S214021FC0F883AB89012B07D9B5F90E30013303D05C
S214021FD029463846C04706436835E9E710B5013951
S214021FE00244904201D1002005E0037811F8014F27
S214021FF0A34201D0181B10BD0130F2E7884210B58B
S21402200001EB020402D98442234607D8431EA142AA
S21402201008D011F8012B03F8012FF8E70244014615
S2140220208A4200D110BD13F8014D02F8014DF7E7C0
S21402203002440346934200D1704703F8011BF9E7B6
S21402204070477047704770B50C46B1F90E100029FC
S21402205096B015461E460DDAA38913F0800F4FF090
S214022060000114BF40234FF48063002031602B60D0
S21402207016B070BD6A46FAF795FA0028ECDB0199AD
S21402208001F47041A1F50053594259414FF480635F
S214022090EBE78B89F7B59D0706460C4607D504F194
S2140220A04703236023610123636103B0F0BD01ABE4
S2140220B06A46FFF7C8FF009F054639463046F9F7DD
S2140220C041FD48B9B4F90C309A05EED423F0030367
S2140220D043F00203A381E2E7A389206043F0800372
S2140220E0A381019BC4E904075BB1B4F90E10304624
S2140220F0FAF76AFA28B1A38923F0030343F001032F
S214022100A381A3891D43A581CFE79368013B002BDA
S21402211010B4936008DA9469A34201DB0A2903D15A
S2140221205DF8044B00F01AB81368581C106019705A
S21402213008465DF8044B7047F8B506460F46144647
S214022140D518AC4201D1002007E014F8011B3A462C
S2140221503046FFF7DAFF431CF3D1F8BDF8B50E465A
S2140221601446054618B1036A0BB9F9F70DFEA369C2
S214022170A360A3891A0701D5236943B921462846D5
S214022180FAF77EF818B14FF0FF373846F8BD2368E5
S2140221902269981A6369F6B28342374605DC2146FD
S2140221A0284600F00AF90028EDD1A368013BA36097
S2140221B023685A1C22601E706269431C9A4204D02D
S2140221C0A389DB07E1D50A2EDFD12146284600F097
S2140221D0F4F80028D9D0D6E72DE9F04716469846F7
S2140221E08A680B69DDF820909342B8BF13463360C5
S2140221F091F8432007460C460AB101333360236840
S214022200990642BF336802333360256815F0060527
S21402221006D104F1190AE36832689B1AAB4226DC3F
S21402222094F843302268003B18BF012392062BD451
S21402223004F1430241463846C84701301ED023689F
S214022240226903F00603042B02BFE5683368ED1A21
S214022250A3680CBF25EAE57500259342C4BF9B1A06
S214022260ED1800261A34B5421AD1002008E00123E0
S214022270524641463846C847013003D14FF0FF3038
S214022280BDE8F0870135C6E7E1185A1C302081F810
S2140222904300224494F8451082F843100233C7E7FD
S2140222A00123224641463846C8470130E6D0013669
S2140222B0D9E7B1F90C202DE9F041170705460C467F
S2140222C056D44B68002B02DC0B6C002B3DDDE66A15
S2140222D0002E3AD0002312F480522F68216A2B6017
S2140222E025D0626DA389580705D56368D21A636B39
S2140222F00BB1236CD21A216AE66A00232846B0473D
S214022300411C24D00023636023692360A389DA0476
S21402231000D56065616B2F60B9B104F14403994240
S21402232002D02846F9F74AFE002363630DE0012334
S2140223302846B047461C0246D4D12B68002BD1D083
S2140223401D2B01D0162B2BD12F6000202FE02A68E0
S214022350B4F90C3042B11D2A01D0162A22D100232C
S214022360636023692360D5E7626022692260CEE754
S2140223700F69002FE9D093070E6808BF4B690F60FC
S21402238018BF0023A6EB07088B60B8F1000FDCDD50
S214022390216AA66A43463A462846B047002808DC21
S2140223A0B4F90C3043F04003A3814FF0FF30BDE890
S2140223B0F0810744A8EB0008E7E738B50B69054645
S2140223C00C4613B90025284638BD18B1036A0BB966
S2140223D0F9F7DAFCB4F90C30002BF3D0626ED007B2
S2140223E004D4990502D4A06DFFF72BFE2846214699
S2140223F0FFF75FFF636EDA070546E4D4A3899B0501
S214022400E1D4A06DFFF71EFEDDE708B50620FAF759
S2140224100FF90120FCF773F81F2938B505460C465C
S21402242004D9162303604FF0FF3038BDC26B12B1D9
S21402243052F821304BB9284600F016F822460146DB
S2140224402846BDE83840FAF7FBB8012B0AD0591CDB
S21402245003D1162303600120E7E7002142F8241087
S214022460204698470020E0E7FCF74FB8000000003F
S2140224700000000000000000000000000000000055
S214022480F8B500BFF8BC08BC9E467047F8B500BF5A
S214022490F8BC08BC9E4670475FF800F0F1210020A9
S2140224A00000000000000000000000000000000025
S2140224B00000000000000000000000000000000015
S2140224C04368616E6E656C20256420697320696EB0
S2140224D076616C69642C2074686520666972737410
S2140224E02076616C6964206368616E6E656C206933
S2140224F073202564210A00007365745F69643A20BC
S214022500696E76616C69642076616C75653D2564DA
S214022510202876616C69643A20317E34290A0000EC
S2140225207365745F69643A204E564D33207772693C
S2140225307465204641494C45443A203078256C580B
S2140225400A00000044657669636520494420736585
S2140225507420746F20256420616E64207361766532
S2140225606420746F204E564D332E20537572766952
S214022570766573204F54412E0A000000526573653B
S2140225807420746F206170706C793A20636C695F96
S21402259072657365740A00006A6F696E20656E6400
S2140225A0206465766963653A207374617475732076
S2140225B03078253032580A006A6F696E20736C656F
S2140225C0657079203078253032580A006A6F696E55
S2140225D02072616E676520657874656E6465722028
S2140225E03078253032580A004A6F696E2050617979
S2140225F06C6F6164207374617475733A256420008D
S2140226005065726D6974206A6F696E2073746174A6
S21402261075733A203078253032580000656E616254
S2140226206C65640064697361626C65640000000036
S21402263028554E50524F564953494F4E454421292C
S21402264000000000284E564D33290000496E666F82
S2140226503A0A00002020202020202020204D43552A
S2140226602049643A203078253031366C6C580A009E
S21402267020204E6574776F726B2073746174653AAE
S214022680203078253032580A000000002020202012
S21402269020204E6F646520747970653A2030782564
S2140226A03032580A0000000020202020202020205F
S2140226B04E6F64652069643A203078253034580AB3
S2140226C00000000020202020202020202050616EC4
S2140226D02069643A203078253034580A0000000019
S2140226E020202020202020204368616E6E656C3AF0
S2140226F02025640A00000000202020202020202020
S2140227002020506F7765723A2025640A0000000088
S2140227102020446576696365204944202020203ABB
S2140227202025642025730A00202020202020202037
S214022730202045554936343A2000000025303258CC
S2140227400000000020202020205458206F7074695A
S2140227506F6E733A204D41432061636B732025737D
S2140227602C2073656375726974792025732C20702A
S21402277072696F726974792025730A00436F756EE9
S21402278074657220747970653D3078253032583A17
S21402279020256C750A00000047657420636F756E0D
S2140227A0746572206661696C65642C20737461744A
S2140227B075733D3078253032580A000053746172C2
S2140227C07420656E65726779207363616E6E696EDA
S2140227D0673A206368616E6E656C2025642C2073F0
S2140227E0616D706C65732025640A00005374617213
S2140227F07420656E65726779207363616E6E696EAA
S21402280067206661696C65642C20737461747573E5
S2140228103D3078253032580A000000005741524EAB
S214022820494E473A2054686973206572617365732E
S214022830204E564D33206E6574776F726B2073741C
S2140228406174652E20557365206F6E6C7920666FF5
S214022850722064656275672F72657365742E0A004E
S2140228605458206F7074696F6E73207365743A20C3
S21402287061636B732025732C2073656375726974AC
S214022880792025732C207072696F726974792025FD
S214022890730A00005265706F727420706572696FF9
S2140228A0642073657420746F202564206D730A009B
S2140228B0646174613A207265706F72745F636F6EE2
S2140228C074726F6C206E6F7420696E697469616CC5
S2140228D0697A65642E0A0000545820706F77657214
S2140228E0207365743A2025640A000000545820704C
S2140228F06F77657220736574206661696C65640A19
S214022900000000005365637572697479206B6579FF
S21402291020696D706F727420737563636573736676
S214022920756C2C206B65792069643A20256C750AD3
S214022930000000005365637572697479204B6579EF
S21402294020696D706F7274206661696C65643A20E6
S214022950256C640A00000000536563757269747919
S214022960206B657920736574207375636365737372
S21402297066756C0A000000005365637572697479A7
S214022980206B657920736574206661696C656420C6
S2140229903078253032580A00536563757269747947
S2140229A0206B6579206C656E677468206D7573742C
S2140229B02062653A2025642062797465730A0000F5
S2140229C05365637572697479206B657920756E73C9
S2140229D06574207375636365737366756C0A0000AD
S2140229E075706461746564005752495445204641C7
S2140229F0494C4544000000004465766963652049F9
S214022A004420666F726365642062792046414C4CAE
S214022A104241434B3D256420E28692204E564D337A
S214022A202025732E0A0000004465766963652049F6
S214022A3044203D202564202846414C4C4241434BCD
S214022A402C206D617463686573204E564D33292EB3
S214022A500A0000004E6574776F726B20636C6561C6
S214022A607265642E205374617274696E67206A6F91
S214022A70696E2E2E2E0A000053746F7261676520EF
S214022A80736C6F7420303A20616464723D3078252E
S214022A9030386C582C206C656E3D256C752062793A
S214022AA07465730A000000004661696C65642074F0
S214022AB06F2067657420736C6F74203020696E66B1
S214022AC06F3A203078256C580A000000626F6F74E7
S214022AD06C6F616465725F696E6974204641494C29
S214022AE045443A203078256C582028726F6C6C6208
S214022AF061636B206775617264206C696D697465C9
S214022B0064290A003D3D3D20444556494345204937
S214022B1044204E4F542050524F564953494F4E452B
S214022B204421203D3D3D0A00202052756E3A207316
S214022B3065745F6964203C312D343E2020746865DC
S214022B406E2072657365742E0A0000000A3D3D3DD4
S214022B5020536C61766520284F544120436C69658A
S214022B606E7429207C206465766963655F69643DBE
S214022B702564203D3D3D0A00496D706F7274696E92
S214022B80672050534120414553206B6579202861C8
S214022B906C77617973206672657368292E0A000065
S214022BA05365637572697479206B657920696D70F7
S214022BB06F7274204F4B2C2069643A20256C750A7C
S214022BC0000000005365637572697479206B65793D
S214022BD020696D706F7274204641494C3A20256C0C
S214022BE0640A0000536C61766520696E697420631E
S214022BF06F6D706C6574652E0A0000004F5441209C
S214022C0070726570617265206D736720746F6F20D5
S214022C1073686F72743A2025640A00004F5441208C
S214022C205052455041524520726563656976656427
S214022C303A207461673D3078253032582C2073690B
S214022C407A653D256C752E20446566657272696EDE
S214022C50672065726173652E0A0000005B504F4C58
S214022C604C5D20526573706F6E736520E28692200B
S214022C70307825303458202869643D25642C206637
S214022C80773D307825303258290A00005B504F4C89
S214022C904C5D20526573706F6E7365206572723A72
S214022CA0203078253032580A0000000050726570D5
S214022CB06172652041434B2073656E7420746F20E9
S214022CC03078253034582E0A0000000050726570A5
S214022CD06172652041434B206572723A2030782536
S214022CE03032580A0000000049445F414E4E4F55AC
S214022CF04E434520736B69707065643A206465764E
S214022D006963655F6964206E6F742070726F76699E
S214022D1073696F6E65642E0A0000000049445F41C5
S214022D204E4E4F554E43452073656E743A20646589
S214022D30766963655F69643D25640A0049445F41BC
S214022D404E4E4F554E4345206572723A20307825D6
S214022D503032580A000000005374616C65204A4FF6
S214022D60494E4544207768696C6520756E6A6F69BE
S214022D706E656420E28692207265736574206E65C5
S214022D8074776F726B2073746174652C2074686537
S214022D906E2072656A6F696E2E0A00004A6F696E4F
S214022DA020696E69746961746564206F6E20636859
S214022DB03D25642E0A000000656D6265724A6F69E1
S214022DC06E4E6574776F726B204641494C45443AA5
S214022DD02030782530325820287469636B20776952
S214022DE06C6C207265747279290A00004F54413A5D
S214022DF020496D616765207665726966696564203B
S214022E004F4B2E0A000000004F54413A20496D6194
S214022E10676520766572696679204641494C454465
S214022E203A203078256C580A000000004F54413A88
S214022E30205265626F6F74696E6720746F20696EC8
S214022E407374616C6C206E6577206669726D77614B
S214022E5072652E2E2E0A000052582066726F6D2062
S214022E603078253034583A2065703D25642C20741D
S214022E707970653D3078253032582C206C656E3D71
S214022E8025640A005458206661696C3A2030782519
S214022E90303258202825752F2575290A0000000093
S214022EA0506172656E7420756E72656163686162E8
S214022EB06C652E20536F66742072656A6F696E2E7B
S214022EC00A0000004E6574776F726B2055502E20F4
S214022ED04E6F646549443D3078253034582C206462
S214022EE065766963655F69643D25640A00000000D3
S214022EF05B5245434F5645525D205374616C6520C4
S214022F00636F6F7264696E61746F7220737461743A
S214022F106520284E6F646549443D30783030303045
S214022F20292E2057696C6C207265736574206E6555
S214022F3074776F726B20696E207469636B2E0A0059
S214022F404E6574776F726B20444F574E2E0A000000
S214022F50537461636B207374617475733A203078AE
S214022F60253032580A0000005B5245434F56455200
S214022F705D20436C656172696E67207374616C656F
S214022F80206E6574776F726B20737461746520614E
S214022F906E64207265626F6F74696E672E2E2E0ADB
S214022FA0000000005B47554152445D20426F6F743B
S214022FB0206865616C74682074696D656F7574202D
S214022FC0E280942073656C662D72657365742028A2
S214022FD070726F626174696F6E20636F756E7429AA
S214022FE02E0A00005B5245434F5645525D20556EF1
S214022FF06A6F696E6564203E20256C756D732E209F
S21402300053656C662D726573657420666F722063F5
S2140230106C65616E20726573746172742E0A0000AC
S2140230204A6F696E2F726573756D65207374616C75
S2140230306C65642028256C756D73292E2052657385
S21402304065742B72657472792E0A000052656A6F77
S214023050696E20286261636B6F66663D256C756DCE
S21402306073292E2E2E0A00004F54413A20457261D3
S21402307073696E6720736C6F7420302E2E2E0A00D2
S214023080536C6F74206572617365204641494C45E6
S214023090443A203078256C582E20536B697070693C
S2140230A06E67204F544120707265706172652E0AF9
S2140230B000000000536C6F742030206572617365E7
S2140230C0642E20526561647920666F72204F5441E7
S2140230D020287461673D3078253032582C20736979
S2140230E07A653D256C75292E0A0000004F54413A38
S2140230F0204E657720696D6167652066726F6D2068
S2140231003078253034582C207461673D307825306D
S21402311032582C2073697A653D256C750A000000CA
S2140231204F54413A20777269746553746F726167BF
S21402313065204641494C20617420256C753A203042
S21402314078256C580A0000004F54412052583A2005
S214023150256C7525252028256C752F256C75206213
S21402316079746573290A00004F54413A20446F77F8
S2140231706E6C6F616420434F4D504C4554452E2073
S2140231807461673D3078253032582C2073697A6531
S2140231903D256C750A0000004F54413A20446F7773
S2140231A06E6C6F6164204641494C45442C20737412
S2140231B0617475733D3078253032580A000000007D
S2140231C04F54413A20426F6F746C6F61642072658F
S2140231D071756573742066726F6D20307825303491
S2140231E0582C2064656C61793D256C756D732E0ACA
S2140231F0000000004F54413A20496D616765206E19
S2140232006F742076657269666965642E20526566FB
S2140232107573696E672E0A004F54413A20526562F2
S2140232206F6F74696E6720696E20256C756D732EDC
S2140232302E2E0A00464820436C69656E7420737908
S2140232406E63206661696C65643A20307825303298
S214023250580A0000464820436C69656E742053790C
S2140232606E6320537563636573730A00456E6572F9
S2140232706779207363616E3A206D65616E3D2564E1
S214023280206D696E3D2564206D61783D256420764B
S21402329061723D25640A00005B47554152445D2039
S2140232A04E6F2073746F7261676520696E666F2059
S2140232B0E2809420726F6C6C6261636B20444953A7
S2140232C041424C45442E0A005B47554152445D201C
S2140232D0676F6C64656E20726567696F6E206578CD
S2140232E0636565647320666C61736820287061721A
S2140232F0743D256C752920E2809420726F6C6C6296
S21402330061636B2044495341424C45442E0A0000F7
S2140233105B47554152445D20676F6C64656E206161
S214023320646472206E6F7420706167652D616C69CB
S214023330676E65642028706167653D256C75292077
S214023340E2809420726F6C6C6261636B2044495316
S21402335041424C45442E0A005B47554152445D208B
S2140233604E6F2076616C696420737461746520699F
S2140233706E204E564D3320E2809420646566617559
S2140233806C74732E0A0000005B47554152445D2060
S214023390696E76616C696420676F6C64656E207313
S2140233A0697A6520256C752E0A0000005B47554138
S2140233B052445D20534C4F54302065726173652031
S2140233C06661696C65642E0A000000005B47554121
S2140233D052445D20676F6C64656E2072656164207E
S2140233E06661696C20403078256C582E0A00000011
S2140233F05B47554152445D20534C4F543020777200
S214023400697465206661696C2040256C752E0A0019
S2140234105B47554152445D20534C4F5430207265F1
S21402342061646261636B206D69736D6174636820A9
S21402343040256C752E0A00005B47554152445D20BC
S214023440726573746F72656420676F6C64656E2054
S214023450766572696679204641494C45442E0A00D3
S2140234605B47554152445D20736574496D616765DB
S214023470546F426F6F746C6F6164206661696C652D
S214023480642E0A005B47554152445D20676F6C64A8
S214023490656E20726573746F72656420746F205354
S2140234A04C4F54302C20696E7374616C6C696E6775
S2140234B02E2E2E0A000000005B47554152445D2026
S2140234C0534C4F543020766572696679206661697E
S2140234D06C656420E2809420736B697020676F6C61
S2140234E064656E20636170747572652E0A00000052
S2140234F05B47554152445D2067657453746F726131
S2140235006765536C6F74496E666F206661696C6599
S214023510642E0A005B47554152445D206261642076
S21402352047424C2073697A6520256C7520286D61A8
S2140235307820256C752920E2809420736B697020B0
S214023540636170747572652E0A0000005B47554110
S21402355052445D20676F6C64656E206572617365A8
S214023560206661696C656420403078256C582E0AA6
S214023570000000005B47554152445D20534C4F54B7
S214023580302072656164206661696C2040256C7526
S2140235902E0A00005B47554152445D20676F6C64FB
S2140235A0656E207772697465206661696C204030AA
S2140235B078256C582E0A00005B47554152445D2020
S2140235C0676F6C64656E20726561646261636B200E
S2140235D06D69736D6174636820403078256C582E6F
S2140235E00A0000005B47554152445D20696E6974CB
S2140235F03A2070656E64696E673D25752061747445
S214023600656D7074733D257520676F6C64656E3DDD
S21402361025752876616C69643D25752C73697A6513
S2140236203D256C75292072623D25750A0000000052
S2140236305B47554152445D204E564D3320736176AA
S21402364065206661696C656420647572696E6720C0
S21402365070726F626174696F6E20636F756E742E1E
S2140236600A0000005B47554152445D2050524F42CB
S2140236704154494F4E20626F6F742025752F257571
S2140236800A0000005B47554152445D20546872654B
S21402369073686F6C64207265616368656420627526
S2140236A074206E6F2076616C696420676F6C646547
S2140236B06E20E280942063616E6E6F7420726F6C6F
S2140236C06C206261636B2E0A000000005B47554166
S2140236D052445D2053746179696E67206F6E206371
S2140236E0757272656E7420696D6167653B20636FE3
S2140236F0756E7465722066726F7A656E20617420CC
S2140237007468726573686F6C642E0A005B47554175
S21402371052445D203D3D3D20524F4C4C4241434B6E
S21402372020746F20676F6C64656E202563203D3DB4
S2140237303D0A00005B47554152445D207265626F48
S2140237406F74416E64496E7374616C6C207265743A
S21402375075726E656420E2809420696E7374616C83
S2140237606C206661696C65642E0A00005B475541F1
S21402377052445D20526F6C6C6261636B207265739B
S214023780746F7265206661696C65642E2057696C79
S2140237906C207265747279206E65787420626F6F21
S2140237A0742E0A005B47554152445D2061726D5F7C
S2140237B070656E64696E67204E564D33207361766F
S2140237C065204641494C454420E280942061626F60
S2140237D0727420696E7374616C6C210A00000000BA
S2140237E05B47554152445D2041726D6564207065A9
S2140237F06E64696E672D636F6D6D69742E204E65FB
S214023800787420626F6F742069732070726F6261C1
S21402381074696F6E2E0A00005B47554152445D2064
S214023820476F6C64656E20636170747572656420A0
S214023830E28692202563202873697A653D256C7599
S214023840292E20436F6E6669726D65642068656115
S2140238506C7468792E0A00005B47554152445D201D
S214023860476F6C64656E206361707475726520467E
S21402387041494C454420E28094206B656570207077
S214023880726576696F757320676F6C64656E2E0A53
S214023890000000005B47554152445D20636F6E6630
S2140238A069726D5F6865616C746879204E564D3337
S2140238B02073617665204641494C45442E0A000035
S2140238C05B47554152445D204865616C74687920B7
S2140238D0636F6E6669726D65642E20436F756E74D3
S2140238E065727320636C65617265642E0A0000005F
S2140238F00000180000001C0001000000000000008C
S214023900010F0000000000002034002069B400000F
S21402391028340020BDB40000342500206143000096
S2140239202C2500207143000024250020814300003E
S2140239301C2500209143000014250020A14300000E
S2140239400C250020B143000000000000000000002B
S2140239508C390200000000006839020001000000F5
S2140239600000000000F0490200000000C0CA8936CC
S214023970801A0600000000001400FF7F20200020AE
S214023980000000000000000000000000DC1F040130
S2140239900000000000000000000000000000000020
S2140239A0F01F04013F003F0000000000903B0200B1
S2140239B00000000004000200017015007F000000F5
S2140239C018000200000000000000000028000700A7
S2140239D000000000080100000000000001000000D6
S2140239E00000000000000000A007000048000100E0
S2140239F0000000005400020000000000000000006A
S214023A00A000040000400000FF4C0000004100003F
S214023A10FF4D0000002001000407000010200100F6
S214023A200000000018200100088400000830010091
S214023A3013AC000130300200705510000300000085
S214023A404030010000000000A0400100AA27000F3D
S214023A50B840010000C08300F440010020100000BE
S214023A603441020080080000F68700004041020050
S214023A7083008800C1E6524D604104000000000049
S214023A8000000000060000000600000014600800A7
S214023A9010000000000000040F400200005000006A
S214023AA000500A00000000030000000000000000B2
S214023AB0506006009009FF00410C00001200000052
S214023AC012001400B42B00000000000078600C0006
S214023AD01F08E00800000000F2032A0000000000B1
S214023AE000000000040A142232414A4F000000007F
S214023AF000000000000000000000000000000000BF
S214023B00E46007008108A18B0000000064048307BC
S214023B108813C83A9C20060000612000B75685200C
S214023B2004610300D5E310002030000088BB0000CB
S214023B3020610100000000001470011000F8070068
S214023B4014700130FE00000018700110FF00000023
S214023B5018700130001300001C7005006000AA8473
S214023B60000000008200000000000000D5000000F7
S214023B70487002003E380000BC250000707003004A
S214023B80030112001A30080080846D00FFFFFFFF59
S214023B90100000006666660000000000E83B0200B7
S214023BA0E03B020000000000C0A39B0080DE800213
S214023BB020A1070001010000705500060000000069
S214023BC000000000000000000000000000000000EE
S214023BD010A1070000000000000000000000000026
S214023BE00000000000000000194703060410000150
S214023BF00103010600102700000A00000000000072
S214023C0000000000696E666F000000007265736552
S214023C1074000000636F756E746572006C65617681
S214023C20650000007365745F74785F6F7074696F07
S214023C306E73000073746172745F656E6572677985
S214023C405F7363616E0000007365745F6B65790075
S214023C50756E7365745F6B65790000007365745FDB
S214023C6074785F706F77657200000000706A6F6923
S214023C706E00000064617461000000007365745F8A
S214023C807265706F72745F706572696F64000000AF
S214023C906A6F696E000000006A6F696E5F736C651A
S214023CA0657079006A6F696E5F657874656E6465C3
S214023CB0720000007365745F6964000053657420C7
S214023CC06465766963652049442028312D342920AD
S214023CD0746F204E564D33006465766963655F697E
S214023CE0642028312D34291F000000004A6F696EB7
S214023CF02061732052616E676520456E7874656E2A
S214023D00646572004368616E6E656C1F4F707469FD
S214023D106F6E616C2050414E2049441F0000000027
S214023D204A6F696E20617320536C65657079204511
S214023D306E64204465766963650000004A6F696EAA
S214023D4020617320456E64204465766963650000D1
S214023D5053656E736F72207265706F727420706531
S214023D6072696F6420696E206D731F00466F7263FE
S214023D70652073656E736F7220746F2073656E6450
S214023D802061207265706F727420746F207468658B
S214023D902073696E6B0000005065726D6974206A4C
S214023DA06F696E696E6720666F722061206769763A
S214023DB0656E2074696D6520706572696F64207720
S214023DC0697468206F7074696F6E616C2073656CBD
S214023DD0656374697665207061796C6F6164000052
S214023DE04475726174696F6E1F4F7074696F6E618D
S214023DF06C204A6F696E207061796C6F61641F0077
S214023E00536574732074686520616E74656E6E61A6
S214023E10206F757470757420706F7765722E2054DB
S214023E206865207365636F6E64206F7074696F6E69
S214023E30616C20706172616D657465722063616E7B
S214023E40206265207573656420746F2073617665E1
S214023E502074686520545820706F776572206173ED
S214023E602064656661756C7400000000545820700A
S214023E706F7765722076616C756520696E20302ECC
S214023E80312064426D2073746570731F31202D20BB
S214023E90545820706F7765722070657273697374F8
S214023EA0656E742028736176656420696E20746F6F
S214023EB06B656E292C2030202D20545820706F7789
S214023EC0657220766F6C6174696C651F0000000075
S214023ED0556E7365742063757272656E74207365B1
S214023EE0637572697479206B657900005365742076
S214023EF07365637572697479206B657900000000DA
S214023F005365637572697479206B657920287369C5
S214023F107A653A454D4245525F454E435259505492
S214023F20494F4E5F4B45595F53495A45291F00007A
S214023F305363616E2074686520656E6572677920CA
S214023F406C6576656C206F6E20746865206769768E
S214023F50656E206368616E6E656C00004368616E14
S214023F606E656C2049441F4E756D626572206F66E1
S214023F702073616D706C65731F00000053657420BA
S214023F805478206F7074696F6E73000053656375A2
S214023F9072697479283078303129204D41432041A6
S214023FA0636B28307830322920486967682050725F
S214023FB0696F2830783034291F000000466F726718
S214023FC06574207468652063757272656E74206EFF
S214023FD06574776F726B20616E64207265766572A7
S214023FE07420746F20454D4245525F4E4F5F4E45DA
S214023FF054574F524B0000005072696E74206F7512
S21402400074207468652070617373656420737461CC
S214024010636B20636F756E7465720000436F756E16
S21402402074657220747970651F00000052657365AE
S2140240307420746865206861726477617265000036
S2140240404D43552049442C204E6574776F726B2081
S21402405073746174652C204E6F64652049442C206D
S21402406050414E2049442C204368616E6E656C2098
S21402407049442C206574632E00000000043C0200B4
S21402408038420200000000000C3C020028420200F7
S21402409000000000143C020018420200000000006B
S2140240A01C3C02000842020000000000243C020001
S2140240B0F841020000000000343C0200E841020021
S2140240C000000000483C0200D84102000000000048
S2140240D0503C0200C8410200000000005C3C0200A6
S2140240E0B8410200000000006C3C0200A841020039
S2140240F000000000743C020098410200000000002C
S2140241007C3C02008841020000000000903C020055
S2140241107841020000000000983C0200684102005C
S21402412000000000A43C020058410200000000000B
S214024130B43C0200484102000000000000000000FB
S214024140000000000000000011200000BC3C02003D
S214024150D83C020000FF0000F1210000EC3C020007
S214024160043D02000011FF0069210000203D02000C
S214024170043D02000011FF00DD2000003C3D02006D
S214024180043D02000011FF00F5260000344602003E
S214024190503D020001FF0000352700006C3D020082
S2140241A034460200FF00000079220000983D02001B
S2140241B0E03D02000016FF006D270000003E0200F0
S2140241C06C3E02000410FF00BD290000D03E020033
S2140241D034460200FF00000079290000EC3E02008F
S2140241E0003F020007FF0000E5250000303F020006
S2140241F05C3F02000000FF00812600007C3F0200B8
S2140242008C3F020000FF000055260000BC3F020063
S21402421034460200FF00000079250000F83F020045
S2140242201C40020000FF00000DD001002C400200DE
S21402423034460200FF000000052300004040020052
S21402424034460200FF000000434C4920696E737436
S214024250616E6365206578616D706C6500000000B4
S214024260050000000000000000C20100000500007A
S21402427000100000000000000000000000000C001B
S2140242801C0001405C200020F54E0000694F000033
S214024290D3D30100E9D30100CDD30100626F6F745E
S2140242A06C6F616465725F696E6974206661696CC1
S2140242B06564210A000000000500000000000000FE
S2140242C040420F0005010000000000000000000050
S2140242D00000000013B779FAC925DDB7ADF3CFE0C9
S2140242E0F1B614B80102000000000000FFFFFFFF55
S2140242F004000000010000000000000000000000B2
S21402430000000000000000000000000000000000A6
S2140243100000000000000000000000000000000096
S2140243200000000007000003FBD40100F3D40100E4
S214024330CFD401009FD401005D580000A1D4010033
S2140243402D5800002C0000000200000040787D017D
S21402435000000000005A620200010000C0CF6A009E
S21402436002000000809FD50002010000002D3101EE
S2140243700202000000000000080911080100000007
S2140243800000000004000000010000000800000019
S2140243900100000010000000010000000001000003
S2140243A001000000000800001D00000000020000DE
S2140243B01D000000000400001D00000000000100B7
S2140243C01D0000000003010303030200000800FCB6
S2140243D04044020001000107EC430200000800F816
S2140243E0FC430200000000000000000083FFBFFF45
S2140243F0E2FFF1FFF9FFFEFF00000000C800FCFE2E
S214024400F800C50A571EFBFF7B0095047C02FFFFDF
S2140244104A00B60246DFFFFF2D00AD01412F000025
S2140244201C000701854700001200A70097460000FF
S2140244300B0067001A3C00000600220068230000FA
S214024440C800FCFEFC00D80A066CFBFF8800370595
S21402445018E2FEFF53000403F5E3FFFF3200B90142
S2140244609D43000029005701F85700001600D100AE
S214024470585700000E007C00D049000007002800B4
S2140244801729000000000F400000000000040F4043
S2140244900100000054686520617267756D656E7470
S2140244A0206973206E6F7420666F726D6174746516
S2140244B06420636F72726563746C79004E6F20635A
S2140244C06F6D6D616E6420666F756E64000000002D
S2140244D04D6178696D756D206E756D626572206FBF
S2140244E06620617267756D656E74732065786365A4
S2140244F06564656400000000496E636F72726563EE
S2140245007420617267756D656E74207479706500CB
S214024510496E636F7272656374206E756D62657242
S214024520206F6620617267756D656E747300000099
S214024530556E6B6E6F776E206572726F720000003A
S2140245403E20000025730000756E6B6E6F776E005E
S21402455075696E743136000075696E743332000008
S214024560696E743800000000696E7431360000000F
S214024570696E743332000000737472696E670000ED
S2140245806865780075696E74386F70740000000094
S21402459075696E7431366F707400000075696E74DA
S2140245A033326F7074000000696E74386F70740076
S2140245B0696E7431366F707400000000696E743371
S2140245C0326F707400000000737472696E676F70E9
S2140245D0740000006865786F707400006164646936
S2140245E074696F6E616C000077696C6463617264F3
S2140245F00000000067726F7570000000656E640050
S21402460075696E74380000002A0000005B00000026
S2140246105D2000002E2E2E200000000068656C70C3
S214024620000000000A25730A2573257300000000A7
S21402463025732008000000002573200000010807EB
S2140246400F000A00C8002000A000010000000000C1
S214024650A00068010A200706020A040700000000FC
S2140246600002070001000000050000000000000034
S2140246700200000300000000DC460200CC460200F6
S214024680C8460200BC460200B8460200AC4602001B
S214024690A8460200A44602009C460200FFFFFFFF57
S2140246A0FFFFFFFF00000000000000000000000007
S2140246B0000000000000000000000000FFFF0000F5
S2140246C0FF00FF00FFFFFFFF0000000000000000E9
S2140246D0000000000000000000000000FC030000D4
S2140246E00101010101100101010000000210040C89
S2140246F0020C040408000000000000000001000094
S21402470000000000000000000000010100000000A0
S21402471001000300040003009A00030003000300E4
S2140247209000030010000300050003009100030040
S21402473092000300216E766D335F64656661756C68
S2140247407448616E646C652D3E63616368652E6FA6
S214024750766572666C6F77002F686F6D652F6C6D6D
S214024760682F53696D706C696369747953747564E4
S214024770696F2F53444B732F6765636B6F5F736468
S2140247806B2F706C6174666F726D2F7365727669CB
S21402479063652F746F6B656E5F6D616E61676572C0
S2140247A02F7372632F736C5F746F6B656E5F6D61D0
S2140247B06E616765722E630066616C736500000049
S2140247C0736C5F746F6B656E5F7365745F64617440
S2140247D061000000736C5F746F6B656E5F67657473
S2140247E05F64617461000000736C5F746F6B656E6A
S2140247F05F696E69740000002F686F6D652F6C6DBF
S214024800682F53696D706C69636974795374756443
S214024810696F2F53444B732F6765636B6F5F7364C7
S2140248206B2F706C6174666F726D2F73657276692A
S21402483063652F746F6B656E5F6D616E616765721F
S2140248402F7372632F736C5F746F6B656E5F6D612F
S2140248506E75666163747572696E672E630000001A
S214024860FFFFFFFFFFFFFFFF34B600002F686F6DEC
S214024870652F6C6D682F53696D706C696369747906
S21402488053747564696F2F53444B732F6765636B5C
S2140248906F5F73646B2F70726F746F636F6C2F66CB
S2140248A06C65782F6170702D6672616D65776F72B8
S2140248B06B2D636F6D6D6F6E2F6170705F667261C8
S2140248C06D65776F726B5F636F6D6D6F6E2E6300D3
S2140248D041535345525420696E2025733A25640D80
S2140248E00A0000002F686F6D652F6C6D682F536984
S2140248F06D706C696369747953747564696F2F534C
S214024900444B732F6765636B6F5F73646B2F7072B4
S2140249106F746F636F6C2F666C65782F6170702D85
S2140249206672616D65776F726B2D636F6D6D6F6EFC
S2140249302F6170705F6672616D65776F726B5F7301
S2140249406C6565702E6300002F686F6D652F6C6D49
S214024950682F53696D706C696369747953747564F2
S214024960696F2F53444B732F6765636B6F5F736476
S2140249706B2F70726F746F636F6C2F666C65782F17
S2140249806F74612D756E69636173742D626F6F74D7
S2140249906C6F616465722F6F74612D756E696361E9
S2140249A073742D626F6F746C6F616465722D636CC5
S2140249B069656E742F6F74612D756E6963617374A9
S2140249C02D626F6F746C6F616465722D636C6965BE
S2140249D06E742E6300000000A00F000003000000AB
S2140249E00D0A5B4153534552543A25733A25645D8A
S2140249F00D0A0000505341004B455900666E692B64
S214024A0000000000666E69006E616E00666E692DBB
S214024A100000000000000000000000000000F03F60
S214024A200000000000002440000000000000594082
S214024A300000000000408F40000000000088C340D5
S214024A4000000000006AF8400000000080842E414A
S214024A5000000000D01263410000000084D7974196
S214024A600000000065CDCD412E2E2F2E2E2F737402
S214024A7061636B2F6D61632F6672657175656E6318
S214024A80792D686F7070696E672E630041535345C7
S214024A90525420696E2025733A25640D0A002E2E84
S214024AA02F2E2E2F737461636B2F6E6574776F7261
S214024AB06B2F706172656E742D737570706F727481
S214024AC02E63002E2E2F2E2E2F737461636B2F6E85
S214024AD06574776F726B2F696E6469726563742D85
S214024AE071756575652E63002E2E2F2E2E2F73740C
S214024AF061636B2F6E6574776F726B2F6368696C78
S214024B00642D7461626C652E63002E2E2F2E2E2F5E
S214024B10737461636B2F6E6574776F726B2F636F3E
S214024B206F7264696E61746F722D737570706F72D6
S214024B30742E63002E2E2F2E2E2F737461636B2F0E
S214024B40636F72652F737461636B2E6300000000DF
S214024B50E8480020711A00000C490020BD1601002A
S214024B6044490020E12101008C480020F50701009D
S214024B709448002085070100C0480020810B0100F0
S214024B8084480020C103010044480020E9D8000000
S214024B904C48002029D200003C48002015DC0000CA
S214024BA05448002035CE000000000000000000003F
S214024BB02E2E2F2E2E2F737461636B2F6672616DED
S214024BC065776F726B2F6576656E742D636F6E7484
S214024BD0726F6C2E6300756E636C61696D6564003E
S214024BE02E2E2F2E2E2F2E2E2F2E2E2F7574696CD4
S214024BF02F73696C69636F6E5F6C6162732F736982
S214024C006C6162735F636F72652F6275666665724A
S214024C105F6D616E616765722F6275666665722D7D
S214024C206D616E6167656D656E742E630074616991
S214024C306C20213D204E554C4C5F4255464645520F
S214024C40002E2E2F2E2E2F2E2E2F2E2E2F757469DF
S214024C506C2F73696C69636F6E5F6C6162732F731E
S214024C60696C6162735F636F72652F6275666665F3
S214024C70725F6D616E616765722F627566666572D8
S214024C802D71756575652E63006E65787420213DFD
S214024C90207461696C00736C695F6C656761637927
S214024CA05F6275666665725F6D616E616765725F8B
S214024CB0636F70795F66726F6D5F67656E65726946
S214024CC0635F717565756500ED1D0000F9CE010024
S214024CD0FDCD00001DDB000081E2000095CD010045
S214024CE0A5230100BD0E010055EE010000000000E4
S214024CF02E2E2F2E2E2F737461636B2F6672616DAC
S214024D0065776F726B2F627974652D7574696C693D
S214024D10746965732E63002E2E2F2E2E2F737461E8
S214024D20636B2F6E6574776F726B2F6E6574776F19
S214024D30726B2E63002E2E2F2E2E2F737461636BD2
S214024D402F6E6574776F726B2F6173736F63696111
S214024D5074696F6E2E630073696C6162732D636F84
S214024D606E6E6563742E2E2F2E2E2F737461636BF8
S214024D702F6D61632F6C6F7765722D6D61632D7277
S214024D8061696C2D3830322E31352E342E63000098
S214024D90000000006400000019000000000000008F
S214024DA0010000000A0000000100000000003200BE
S214024DB03200640064009600C800C8002C0100009F
S214024DC032003200640064009600C800C8002C015D
S214024DD06400C80090012003B00440066009100E6B
S214024DE0000032006400C800900158022003B0049C
S214024DF008070000190032006400C8002C01900168
S214024E005802840300000D00190032006400960068
S214024E10C8002C01C2010000FFFFFFFFFFFFFFFFDB
S214024E20FFFFFFFFFFFFFFFF2E2E2F2E2E2F737486
S214024E3061636B2F6D61632F75707065722D6D6186
S214024E40632E63002E2E2F2E2E2F737461636B2F0C
S214024E506D61632F7363616E2E63002E2E2F2E2ECE
S214024E602F737461636B2F73656375726974792F20
S214024E7073656375726974792D6170692D616464F6
S214024E80726573732D6D617070696E672E63002E86
S214024E902E2F2E2E2F737461636B2F6672616D65D3
S214024EA0776F726B2F636F756E746572732E630005
S214024EB00202030000000000B59401006D94010098
S214024EC0799401004D9501001F1A0200631002003A
S214024ED067100200731002006B1002006F100200CF
S214024EE0000000004801000070220020FFFFFFFFC4
S214024EF0FFFFFFFFFFFFFFFFFFFFFFFF00000208AD
S214024F0000000000FFFFFFFFFFFFFFFFFFFFFFFFA6
S214024F10000000000000000000000000000000008A
S214024F2000000000000000005241494C0000000052
S214024F30A000000071480100500000005149010025
S214024F40B8230020FA04FA000033330A0A0A0304DC
S214024F5004080808080808400021000000000000B5
S214024F600000000000000001000001010001010134
S214024F700000000000000000A806000048704C0D6B
S214024F804470D80C307064123C70AE163870340D13
S214024F9034705A0D30700A0F2C700A0F2870DC100D
S214024FA02470F41020703E0D1C7080111870F211DF
S214024FB014703A0DB110076001D80A7108B87F78EC
S214024FC0020C7E78641000C6A01F00218CB8707890
S214024FD001B007680F305CB30F330111C048069862
S214024FE04A022FB006D80C7109DD087100B853A822
S214024FF009BB1110076801682148076004100112F6
S214025000FF32215007605148076000880698441313
S21402501000C4401F002103DD087214BA281400A041
S21402502000BA03DF107109DF0672029860058CB8B9
S214025030507800A04413281441158110076002D846
S2140250401471108806982E1800C00C700840069836
S2140250507C1A0091069860020060B83020D806716B
S21402506090BC637C784D5412F03240DE04724048A5
S21402507004DB08720DDD0C72044BEF301448069800
S214025080FC0600C4E01008404412076201322140C8
S214025090084C287C811140D91C72B1123032CF4A9A
S2140250A0013AB1DA107208D8067104D80871B04C09
S2140250B0237C4070684C4412FF328722047580B805
S2140250C0D84C81D8327140D90472237C084B06989A
S2140250D0FC0604BA88B9767900C1186008403579AA
S2140250E0E049007906B904A901D86E72227CBC4C4C
S2140250F0307C0298320208D83C7100C14C0008404D
S214025100141110D93071104C00C11400084014114B
S2140251101814076100C5206008405415FF35047155
S21402512010491814A84C44120762013206710298FC
S2140251301201B84C08D80C7107BA24D8047106BA02
S214025140187004D80C7101BA40D80E7102BA0A70EF
S21402515005BA20D8047203BA227C604C4411404C33
S2140251601814076118149111383111429111076908
S21402517010D90472EF3200C10060084014111031D9
S214025180016911422814A111076118140698621ABF
S214025190181400C10060084014110769FF31181482
S2140251A000C13C30084014111814076118143088E6
S2140251B002480698C005009308DB047101F800A0B7
S2140251C05CB00F3000A01088B111076980D90A714F
S2140251D000C1800008400811009100A000C4000130
S2140251E00840441000A000C020300E4004110410F5
S2140251F01050F47200A05415504512710698060716
S2140252000698960618B8707800B841780698400353
S21402521090BA5B7A5C7A5D7A00C218500840241213
S21402522000C1501F002128110698381820880088CF
S21402523000C5441F002154155112FF350762FF3284
S21402524006986A02015951290475115900902129BC
S2140252502075069886040698A2040698FA0200921A
S21402526003D80C728111076102D90472FF0FBA705B
S21402527018B8727800F804D842710088308800C0E6
S214025280FC1F0021041000C1501F00211412012A25
S214025290215A00C3185008403413312A1A7500C028
S2140252A00060084004100730FE200C76381108B85B
S2140252B07F78020C7E780093009000A000C0F41F56
S2140252C00021041000BB1DB400A000C1DC1F002199
S2140252D014111088FF3100C5FFFF0000311207626B
S2140252E00762513A513B0E720698720C115901121E
S2140252F001131E703114008831100698720C115971
S214025300415C41280698740C513801130090012B19
S21402531000902088076001140760FF30215D41126B
S21402532007620762312D0876FF34415C4128015D31
S21402533031100698740CFF303088011300C0E01F4D
S21402534000210410512B0C76076801150768FF35FB
S2140253506070315BFF32212B0C7507600115076008
S214025360FF354E7000C5E41F00215415076507651A
S2140253705112FF35FF30012B08752110076032707D
S21402538021100768FF30012B0A752110076007609D
S214025390207000C2E81F0021241221100760076057
S2140253A0FF30012B08752110076806702110076070
S2140253B0FF300093009200C10060084014142C498C
S2140253C00734FE242A761415F0BC076C513C076895
S2140253D003680154107100C4FF0FFFFF513C0144E3
S2140253E04811311200C5E81F00215415FF35076227
S2140253F007622143544914122155FF355152281190
S21402540000A001D81871008800C00470084004107B
S2140254108020FF30067106984E03009000A002D846
S214025420047200A00088069896061DB428B9112CAE
S214025430408800C3EC1F0021341440445A714413C0
S21402544006982005411500C0006008400410073089
S214025450FD20447500C20870084024100760FF3023
S21402546080DC34710698AE0C01591C4A2410076081
S2140254700260FF300698AE0C0158B2200129541380
S21402548031100698AE0C11280A750425541550459D
S214025490EE72069820050094009000A07FB906617F
S2140254A000C01C60084006984A1304155153113B6D
S2140254B03155581002984413EBBD00C0401F00211E
S2140254C00411113D10D91271FF33076B00C19040D1
S2140254D00846381118B97479581000A00698600268
S2140254E08024E4240D300472044800C11C51084094
S2140254F0141100C3DC1E0021911504351A7218130C
S21402550088BB08D804716C7B04D804716A7B8CBB98
S2140255102F7C5B7B16703C4B181388BB08D8047133
S2140255206F7B04D804716D7B217C0C300160069879
S21402553082060698680B0698320700B8B11107690A
S21402554040D906720298660601BC00C20060084096
S21402555000DC0A7124150165604A0A701C4A24158B
S21402556007657C4A043508D920712024512A241262
S21402557000C180000840320C281107622811076219
S214025580281107622811500C00C1381F002114127E
S21402559000DC1A7120D8067101B80C70F0DA0C72B1
S2140255A00CDB087102B806988A06482404491411CE
S2140255B000C380000840FFB8012011410871014174
S2140255C018130824014200C12000084014110141AA
S2140255D0036D514191152035016D51411813281361
S2140255E0481300C37C000840341003D80C710730FF
S2140255F005DC0671084B227B8CB8507800B800C1D7
S214025600381F0021141203682150F030015228116D
S21402561000A04024066400C0FFFF0100013C1DB04C
S21402562002200158402806751EAC01EC00A0208816
S21402563000C01850084004121DB421130412305240
S214025640F871066C402400C3741F00213410141134
S2140256500698C00C0669009211592129067600BBED
S21402566011590698960C80B80158013A0662313BE9
S2140256700472215A412A00A000C200010840317A71
S21402568000A0308880B9076900C30000C0FF31104F
S214025690312800BC002D0C7511541EAC01EC312DC6
S2140256A0F470066C51134155312C009300A000C0D3
S2140256B028400E400413315107610C31076911531B
S2140256C0381000A006984A0800C0F41F00210411F2
S2140256D006983207217A237A00C300001000069843
S2140256E0720700C0581F00211DB1181000A000C08C
S2140256F0541F00211DB1181000C09C1F0021041069
S214025700002D067500B826A80698060700C09C1F3E
S21402571000210410012C06750698960628B010B9CA
S214025720115911380EB9114028A880B800C144306A
S2140257300840081100C1F01F00211410303B06710A
S2140257400760076000C40830084044111150FF305B
S214025750015118146FB8076826A8217A050C211083
S2140257602048267800C063EF0000314026A8050CCA
S21402577020ECB11140D90872247A20EC217A18481C
S21402578026A828B00AB901510F31115028A8050CD5
S214025790207A20EC0F0C98B84678417806986A0270
S2140257A000C2441F002124100151FF31115008127B
S2140257B000A006984A0800B826A800C05C1F002170
S2140257C01DB1181000A030B840780DB101D9FC7296
S2140257D0427800C074300E4004114CBA407A181059
S2140257E0144804115C7A1810A4BB707B4E7B4F7B66
S2140257F000C20430084000A006984A08217A227A9D
S21402580000BB0698720700C0681F00211DB1181061
S214025810A4BB00C040300E40041103310149287277
S214025820B112076207623048041121510F31187213
S2140258306E7B6F7B104804114CBA7C7A18101448A1
S2140258400411607A1810B11002D81071707B30B84B
S214025850627860780DB001D8FC7100C0F86008402C
S214025860041101D90C7100C01800084002B91810C2
S21402587008B86E780EB84EB110D90C723EA8140C49
S2140258800FB83EA8107044A8140C01B800C1B0307E
S2140258900E40081100C077801F003DB201423DAAAB
S2140258A000C0FFFFFFFC013A3DAA140C00C077E0DF
S2140258B01F0001423DAAFFB845207D7808B87E78D1
S2140258C000C124600840141107610631087100B94E
S2140258D006985A1006984A13B11101D90E71069805
S2140258E0881A02D906720698AE0B0698441351140B
S2140258F006989606F4B845780A0C00C0641F002184
S2140259001DB1181002983410FFB845205D7803B810
S214025910076044A83EA800C1B0300E40081110B877
S21402592007683DB101393DA908B86F7800A046A8BE
S21402593000C0FFFF0000013B076356AB94BA437AF0
S21402594001D91471013C47B300C0FE20FFFF013BA2
S214025950314447AC637AFFB82120407802D90471FB
S214025960607800A0C8BC066C415C512C067506988F
S214025970960606986E0DB110076805D8347140BABF
S21402598006981A1308B86578911004D8187188B862
S2140259906E78577800C06400084021780698821016
S2140259A001400A728CB84278069856130298400B49
S2140259B008B86C7820B859785B7800C0F440084084
S2140259C07878797800C1C81F0021141040A81849B9
S2140259D014130449408814140C4914118112076ADE
S2140259E0006A01DA187188B8577800C0CC1F002107
S2140259F00410016107630763076407640698B20927
S214025A0000944EB010D842724DB161B801581138A8
S214025A1040B102D90A72604804BB4154087020485B
S214025A2002BB02BC4DA8F8B87078190C3EB14141D1
S214025A303EA9F4B973797378717800C4F8400840C7
S214025A4000C200410840227000C20000010044AAC1
S214025A50230C00C200000B0044AA00C410410840F8
S214025A6000C21841084004BB587C050C597C0C2423
S214025A700F0C2FAB050CB11008D81471647A657A36
S214025A801CB879787B7820B879787B78607CF424A7
S214025A9041130698FC06511440440675069896066D
S214025AA0727BFFB84D20050C687840EC00C0601F82
S214025AB000211DB11810911004D8147100C0BC1E2C
S214025AC00021041080D806711CB8737800F818B844
S214025AD000C1D81E002100C2185008402412281106
S214025AE0767800F800C0B8600840041107610761C4
S214025AF080D9047240EC00C4F84008404EB010D87A
S214025B000471182441130C23527C407B11512FA997
S214025B10050C797C0A0C00C0000001020814787C8F
S214025B20050C507C08B86D7800A000C028700840AC
S214025B300411108800C100180040181044480411CF
S214025B40108878480411108800884CBA757A1810A4
S214025B503DB11088F4B842784420727828487378A9
S214025B60F8B873784FB200C4FFFF8080413A4FAA5C
S214025B7001BC01644113076300C06C70084003B99E
S214025B8018100110011001B91810011001100110AF
S214025B90011068480411076101B80160003A0471F7
S214025BA0044904D9047241520760003A0471084954
S214025BB008D9047231520460003B0E72006300641E
S214025BC0314241424FAAB2704FAAF8B85378182011
S214025BD053782848527800913DA9009000911810F9
S214025BE000917848181000914448181000A01159E6
S214025BF010D906710760076008D90471076004D9D6
S214025C000471036002D90471016001D90471006055
S214025C1000A000BA01D806710148112A0069006086
S214025C2001D8F6720138F67200A08020FF30FF48D5
S214025C30812000A000C218500840241211592129C0
S214025C40127300210E7100C2305008402412012146
S214025C50212900A006984A0888B8577800C57C1FF4
S214025C6000215088044D88BC00C0C81E0021811146
S214025C7001D91E71407C00950115044D50881C4DBB
S214025C80FFBB076B315B04110698B80C3129F87517
S214025C900698761954150698881A01D90872069835
S214025CA07C0806700698DE0888BB547B009500F8D0
S214025CB006988C090E700698680B06988C0906984A
S214025CC06011069836089112211900C02460084017
S214025CD00A78097800F810B901BA069810130698DF
S214025CE0341000C57C1F002100F89112033288B9D7
S214025CF000C3BC1E0021341300C4A81008408CB890
S214025D004278707903DE067144786E707179A1105C
S214025D1020D806710298160F80DB507102D84C729A
S214025D2005B830880763076302DB2A7100C3AC003C
S214025D3008403413066380DB0472804800C31020D8
S214025D4008403413315B047240483128312802601F
S214025D500814076800930814A110103002480814AB
S214025D6000B808149110076008148CB86278A11065
S214025D7000DC0676517900BA80DB587100C000005C
S214025D800200003B4E7150884110344803DE047115
S214025D909048041508200411F82058101C20217879
S214025DA00698AE0E00C0A40008400E7810D91C71EA
S214025DB051451A7100C53400084407B8081500C5D5
S214025DC03400084604B8081504702E78069874162F
S214025DD00095911120310269911004D80E7200C10B
S214025DE04C1F0021141101D90A71208806985A10F6
S214025DF0009200C1180008400533054B1872184C73
S214025E0003DE0471904C441400C3FF1F0000413BA4
S214025E10FF233811B849076A0698A20E0449087982
S214025E20097914102140081100A000C5540008404A
S214025E30541551455071108800C13400084407B803
S214025E40081101B83088076B40DB247100C0370C9C
S214025E5000000811364800C5D01E0021541102D990
S214025E600E72104801D9087100C01104000000C16A
S214025E7034000846081100C13400084014153035B5
S214025E800093009100A000BD0698440210B903DCFE
S214025E90047100B901BA0698101302D906710040BF
S214025EA04E7201B107690F3106988210FFD8287228
S214025EB0811008D8187106DD0A710698440203DCC0
S214025EC00C720698C810069856130C7006DD1071F0
S214025ED00698CE10487020B802A806DD1072069802
S214025EE08C090698360801F840B802A800F800C0E7
S214025EF0BC1E00210413076301DB227191100111FD
S214025F00076911388CB910D8087144790298160FAF
S214025F1002DBFA72A11328DBF47203BD069828107E
S214025F2006988C098CBA7F7A0698FC0600C5801FF4
S214025F3000210698440200BA03DC3272044DA11016
S214025F4002D804710C4D00C0140008400410026808
S214025F5000C3701F002134111128FC233411069847
S214025F60960C00C10C5108400698B2065415212D15
S214025F7000C0F8600840041101D9227100C03C1F1D
S214025F8000210410033001DC147200C01400084023
S214025F900411FD21087602BA076A212D06984807E1
S214025FA00298E8099110015503355150011900A0D5
S214025FB000C1481F0021141001D842710148076031
S214025FC0FE200E75811020D8087100C14C1F0021DA
S214025FD0141101D9287100C024600840041221510E
S214025FE007610F3107691152281000C0006008408F
S214025FF004119112215120311152211900A081134E
S21402600080DB067201B800A000C30C5008403410B2
S214026010063030727C4B34122C4B3410076007600B
S21402602040302072811080D8DC713410014A076239
S2140260300360803021508C480A717F235523341028
S214026040013000A000BD0698281088B84778457829
S214026050437800B8447800A006988C090698C810C1
S21402606000C58C1F00215415069848070298E809B7
S21402607000C374000840027B06984A1350BA06987A
S2140260801A1306988210FFD84A71911004D84872E3
S214026090811007601CD8407220D938721112FF3264
S2140260A02151347180218021111400C0E41E002188
S2140260B00413FFBA3151113A215111538CB93810D9
S2140260C07B7940440E7200B900C2C41E0021181229
S2140260D0067008B860780698441300F800B900C243
S2140260E09C1008401812244A0AB9181288BA507A24
S2140260F0517A577A8CB942795F7900A006984402A1
S21402610007DC1072911000200A750698601102983A
S214026110660D0698360801B9911004D8047100B9C4
S21402612010BA0698101300BA00402A7100C0BC1EAE
S21402613000210411076101D9127104D9E27281109B
S214026140076001D8DA718CB8647800C11C51084027
S2140261500698B2060698601100C5901F00215415D5
S214026160212D06987C0800C5941F002100F800BC6B
S214026170811108D9167280D9207201B910BA069810
S214026180101300400E7101BC10700698C8100698D5
S214026190561320B802A800F8069860118111023141
S2140261A0127100B900C20C1008401812244A02B933
S2140261B018120698C81000C5981F00215415069894
S2140261C0001A0298E80904110121147188BA737A38
S2140261D0042004122811042004110121F47200A0E4
S2140261E00698FC0601F8911010D834710698400300
S2140261F0069886040698A20400C51C51084054114D
S2140262000698B80C00C5D41E002154155129E27513
S21402621018B875788CB8447801B802A800F8B1109E
S214026220076810D82E7100C04810084000C300004E
S21402623008403114884C44113411076101D9FA71AF
S21402624044122810076228100762281007622810D6
S214026250E87000C1BC1E0021141080D82C7100C149
S2140262605400084014111141207100C10000024080
S2140262701038167100C03400084407B9181000C060
S2140262803400084601B9181002987A02069860028D
S21402629011380472016A00BB00C1E41E0021141109
S2140262A020390C72911210DA0672417B00A0069811
S2140262B04A1300C2BC1E0021241220DA0472617B3B
S2140262C088BA527A00A088BA727A811204DAFC720C
S2140262D000A088B86B78577800C0640008402F7812
S2140262E000A006986E100763076390B9637900B939
S2140262F002DB36713112076240DA2E7200C2540097
S214026300084024100140227202EC00C909B801D9E3
S214026310507200C2AC0008400E7A10D904722E7A6F
S21402632006987416E031076102EC00CD114502ECC6
S21402633000CC01DB087100BB0298CA1703B84111F2
S2140263400731FA211C760621911210DA087102DD55
S21402635010721E7020B80698720C3038147208B884
S2140263600698820600C0240008402978207800F8A3
S214026370046020D8067102982C1502EC00CA05B8F3
S21402638023DA187104DBDA7120DAD67110DAD272E7
S21402639090B8617800B801DA067202EC00C8911172
S2140263A010D9267100C1CC1E002114111150FF30E5
S2140263B00C720661A110115002300A7180DB0A725B
S2140263C00AB89E708CB97C79076891111140211128
S2140263D0C0311140011990B8411108D9047166788C
S2140263E020D904726578A11002D80672C0DA1E712E
S2140263F090B8273123DD087210DB1072607825DD35
S2140264000A7121DD087208DB0471627803B8411153
S21402641007310872A1152035AA7102DD3272A11168
S21402642020D9A07102D92872CCDA9872411140D9CB
S214026430927206B802DB1071046500C11020084093
S2140264401411112D112D054D5C720298BA132111EB
S2140264504049C0D94E71A0314115403501655141C0
S2140264600361076308DA1E7204DA38721049A1154E
S2140264700235067110DB0E7201340A7108DB2471D4
S21402648090B86778CC3211101A300ADC0872CCDE6B
S2140264900471FD3100C00D0F0C0D0698740C01D866
S2140264A0607207B80298E41300BA411108D90C7159
S2140264B002EC00CA05B830DAEC720734F031026139
S2140264C001DA0471014900C0F300A3E30698740CD4
S2140264D001D8D07100C0981440680698740C4030F9
S2140264E0014440DA0471204C04320162204A111041
S2140264F006300068014218310269114202980214FD
S214026500204A00C0051708500698740C1130014244
S2140265102088FFBB0DDA507100C1DE1B250180BC4E
S21402652004DA107208DA0A7200C120841000E0242D
S214026530A02407634143016401DA06711E49024B37
S21402654000C02C1F002107633810BC2002DA12712B
S21402655001B91159A11380DB087100C100FCFF01CB
S21402656018100298561700C4BC1E0021441080D88A
S2140265707C710092D0DA06710DDA0C7190BD437D03
S214026580EFBD06983E0503620DDA8672A11105D9A3
S2140265905C7100C23810084024120C24281401D959
S2140265A0067202D9327140D91E7102EC00CA21105D
S2140265B018320471FA2220D804720822FE220875C4
S2140265C002EC00C8F87001D90E7102EC00C802D9BC
S2140265D0067204DC187200C0BC1E00210410026899
S2140265E001D8067190B8647818B873780298CA17FA
S2140265F000C50020084000C00417000008D9047235
S2140266000A480815104D00B808D90472FF2008156C
S214026610084D00C00884000008D9087200C0208314
S214026620B8ED0815104D207D00A000B8011A00C074
S21402663074000840027891101030011905BA0698C5
S2140266401A1302D9067101B802A800C0BC1E0021A6
S214026650041380DB0671029866138CBA7C7A01DB1F
S2140266606C7100C2301F002124111114FF3402EC99
S21402667000C8FF24FA7607610698820C0361113877
S2140266800F3003611114011141100698820C01D8D3
S214026690087203B80298E413044A02DB2471241039
S2140266A0112811280412023006710762076200C020
S2140266B0FFFF0000213800C218000840FF20081221
S2140266C0411007600698820C01D87C7120BC1033FA
S2140266D0767100BB00C12C1F00211415C021112C9D
S2140266E05112076A0F320E71408851140698FA1733
S2140266F04143009451120765036A0F320E7141112D
S21402670051140698FA17036C41430765513B00C1C2
S214026710E81E00211411111231100F30127100BA46
S214026720046101D80471114200600FD8F47231106E
S21402673002601E30047201B8003A087204B8029869
S214026740E4130298EA1500C0381F002104110F3125
S21402675003DD1A7200C000600840041007D80E72EB
S21402676000C01040084004B9181000F806986E10D1
S21402677006983C0500F830885088FF34087102EC11
S214026780FF24F87002EC00CD141001BB5150FFD864
S214026790047131440760006B10DBF2710421FF22A2
S2140267A0E4720F4C0095009300A000C1C01E0021A9
S2140267B0141100A030880698381A8111076102D990
S2140267C006720298141988BB557B076120D9067198
S2140267D0029804190088A110076806982E18082146
S2140267E01415FC2590BB5C7B5D7B00C100600840F5
S2140267F014110731FE21307608D82A725113FC2371
S214026800341304DB2071076BFF33315B00C1087061
S21402681008401411076180490C71FF313029547504
S21402682090BB7B7B10707B7B7C7B00DD04717D7B69
S21402683001BB3815EC25541300DF5471042505DF1F
S21402684054715415211120880698B80C00925129CB
S2140268503E7500C100600840141102DB0C7107315E
S214026860315B31292A760C7004DF0872006180D908
S2140268701E7206982E1800C00870084006987C1AE9
S21402688006982E181411FFD9607202985A190090B1
S214026890009300A05415A111076910D9A672082505
S2140268A008D8A071082510D89A7120882111069858
S2140268B0B80CFC255412112AF82554110C2520D8A0
S2140268C00871F0255411102520290476215918152F
S2140268D000920298C61818B97179811010D80A71F8
S2140268E088B8447800B8417888B9747908B9677965
S2140268F000F88110A0D8087188B9497900A007600D
S21402690002D8FA7106982E18108806984A1307625B
S214026910076210DA087108211415F025541100C216
S2140269200020FEFF202912750698881A01D90A72DD
S21402693006988C090698360800941CBB41100C2059
S21402694006984A1241110821141006984A12312854
S214026950441111120761FF31FF32012210521072E8
S2140269600769181404244413042438140C700769A5
S2140269702141181408240814029844134044147140
S21402698000C1C41E002114155113036B0FDB0C72D9
S214026990066D06980607411500A006983608069862
S2140269A04A1308BB51140698C0194415FC25541501
S2140269B00298480788B900C3BC1E00213413076337
S2140269C008DB1A718113A0DB0671497910706979A8
S2140269D0076302DB087208B9677900F800A0811124
S2140269E0076102D9107188B9757906982E181411A4
S2140269F0FF3100A0FFB900A0041008211411F421F1
S214026A00081100A081110761076110310E71069806
S214026A102E1808211411F821141100A001020300F7
S214026A200600070A00000E0000000F001A00000011
S214026A3000001B00386A0200F46A02000000000030
S214026A40506A020001000000000000000000000082
S214026A50746A02004063598F404B4C000B000B00D7
S214026A601A00FF7F3C21002000000000000000000A
S214026A7000000000F81F0101986C0200DC1F0401F0
S214026A800200620609C805780704DC0678070607CE
S214026A90F41F010101000000FC1F010100000000BC
S214026AA03800020000000000000000002C60020017
S214026AB00050010F40B80040786001005063820B1E
S214026AC0E8600100590B00001470011000F807007E
S214026AD014700130F5000000187001000018000064
S214026AE070700300030101000F9C030006E04900DA
S214026AF0FFFFFFFFF01F01013F0037000400020006
S214026B00018014007F000000180002000000000050
S214026B100000000028000400000000000000000042
S214026B20000000000000000040000100A007000076
S214026B3048000100000000005400020000000000AF
S214026B4000000000A000040000400000FF4C00000F
S214026B5000410000FF4D0000002001000407000075
S214026B601020010000000000182001000884000028
S214026B700830010013AC0001303002002449100036
S214026B80010000004030010000000000A0400100AB
S214026B907A27000FB840010000C0A300F4400100AD
S214026BA0201000003441020080080000E687000042
S214026BB0404102006D008800C0E6524D604104006C
S214026BC000000000000000000600000006000000B2
S214026BD0146006001000000020F913040B00720077
S214026BE06070000000800000000000035060060095
S214026BF0FC0069004108000001000000B007070021
S214026C00700A0000000000007C600B009BC34A7400
S214026C10F003000003800000BE0A000001011030ED
S214026C2050707F7F0000000000000000000000009F
S214026C300000000000000000E46001008000D78B26
S214026C40EC600500640483078813C83A9C2006009B
S214026C5000612000B756852004610300383E12000A
S214026C602030000088BB000020610100001E0000EA
S214026C701C70050060000505030050AB8200000092
S214026C8000008001D5000000487002003C3D000074
S214026C90BC190000FFFFFFFF0D000000D7540300E1
S214026CA000000000EC6C0200E46C02000000000031
S214026CB0001A9A00005A620280841E000420000015
S214026CC0244900020000000000000000000000004E
S214026CD00000000000000000D1841E00000000003A
S214026CE000000000ED17000000000000193F01063A
S214026CF00410010000010106001027000009000030
S214026D000000000000002C2066756E6374696F6ECA
S214026D103A2000617373657274696F6E2022257360
S214026D2022206661696C65643A2066696C65202279
S214026D302573222C206C696E6520256425732573C5
S214026D400A00002020202020202020202828282872
S214026D502820202020202020202020202020202024
S214026D602020208810101010101010101010101074
S214026D701010100404040404040404040410101084
S214026D801010101041414141414101010101010130
S214026D9001010101010101010101010101011010BE
S214026DA01010101042424242424202020202020204
S214026DB00202020202020202020202020202101090
S214026DC0101020000000000000000000000000007C
S214026DD000000000000000000000000000000000AC
S214026DE0000000000000000000000000000000009C
S214026DF0000000000000000000000000000000008C
S214026E00000000000000000000000000000000007B
S214026E10000000000000000000000000000000006B
S214026E20000000000000000000000000000000005B
S214026E30000000000000000000000000000000004B
S214026E40000000232D302B2000686C4C006566671E
S214026E5045464700303132333435363738394142C9
S214026E60434445460030313233343536373839619B
S214026E706263646566002E2E2F2E2E2F7374616356
S214026E806B2F73656375726974792F736563757298
S214026E906974792D636F6D6D6F6E2E63000000004E
S20C026EA090B0FD7F0100000026
S210026EA8B46E02000020002084000000EF
S214026EB4AAAAAAAAAAAAAAAAAAAAAAAAAAAAAAAA27
S214026EC4D007000000100000503902000000000045
S214026ED4FFFFFFFF000000000000000000000000AB
S214026EE47C4002005425002000C00040020A020B27
S214026EF40E100000000000006067010000000000A1
S214026F04842800200200000005450000000000005E
S214026F1405060200C0EA2101C0EA21010080000041
S214026F2400F04902684F00207C20002000700F0009
S214026F3400900000382C0020C8000000FE0000006C
S214026F44000000002843020010220020C0EA2101AB
S214026F540600E40C0A0000000000E40C0A0000002C
S214026F643F000000C5EC01003C000000401F00008A
S214026F74D434002034340020143500209435002004
S214026F84100E0000D436002031200200D64B020038
S214026F94FFFFFFFFFFFF03FF050E000000000000D7
S214026FA4044900200000000000080808080C0C0C25
S214026FB418000000E9100200E04E0200FFFFFFFF87
S214026FC4AB150200A7150200FFFFFFFFF5680100DC
S214026FD4FFFFFFFFFFFFFFFFFFFFFFFFFFFFFFFFB6
S214026FE485840100FFFFFFFF57190200FFFFFFFF22
S214026FF4000000004821002000000000004D002090
S214027004684D0020D04D0020000000000000000063
S2140270140000000000000000000000000000000065
S2140270240000000000000000000000000000000055
S2140270340000000000000000000000000000000045
S214027044000000000000000003000000004D0020C5
S214027054E803FFFFFFFF5802010064003C000F0034
S214027064140090010900CEFAEFBEFFFFFFFF0100F5
S214027074FEFFFFFFFFFF0100FFFFFFFF0E00000001
S214027084000004F8FFFFFF031F04010101041010AF
S2140270940803BF19FF010301FF0EFE01FF050000EE
S2140270A430BF4223013BFDD1024B5B6813F0805F85
S2140270B4FAD1704700300E400D1F0000E51E000096
S80400493979
