S0160000637562657361745F54585F495753422E73333758
S214000000002000200D7D0000590E0200590E02004F
S2140000108B250200590E0200590E0200590E0200EE
S214000020590E0200590E0200590E0200590E020027
S214000030590E02005C9C0200590E0200590E020086
S214000040590E02002DC50100A9ED0000590E020050
S2140000505DBD0100C9530200C55302004DC5010035
S214000060BD530200298A0000918B0000590E020041
S21400007089390000590E0200590E0200590E02007E
S214000080590E02002D3A0000B18B0000590E0200F6
S214000090590E0200590E0200590E0200590E0200B7
S2140000A0590E0200590E0200590E0200590E0200A7
S2140000B081C50100C1530200D1DD0000BDC50100AD
S2140000C0590E0200D1A80100590E0200590E020076
S2140000D0590E0200590E0200590E0200590E020077
S2140000E0597A0000497A0000590E0200590E0200A3
S2140000F0590E0200590E0200590E0200590E020057
S214000100590E0200590E0200590E020000000000AF
S214000110013800D0FCE77047000000000000000037
S21400012001F0FF01102A2BDB10F0070F08D010F8A3
S214000130013B013A8B422DD010F0070F42B3F6D1A7
S214000140F0B441EA012141EA014122F007047FF0C0
S21400015000070023F0E80256083C85EA010586EA17
S214000160010685FA47F5A3FA87F586FA47F6A5FA53
S21400017087F68EB9EED1F0BC01F0FF0102F007025F
S21400018032B110F8013B013A83EA010313B1F8D10A
S2140001900020704701387047002D06BF35460338EB
S2140001A0073815F0010F07D1013015F4807F02BF24
S2140001B0013015F4C03F0130F0BC0138704700BF75
S2140001C02DE9F04F2DED028B91B082460C469346FA
S2140001D01D46DDE91C23104619461EF001FE0028C8
S2140001E000F007814FF0FF32B14BDDE91C011EF035
S2140001F01FFE002840F0FD804FF0FF326FF48013A2
S214000200DDE91C011EF0F6FD002840F0F280002219
S2140002100023DDE91C011EF0EDFD002840F0FE8005
S2140002209DED1C7B8DED067B209B13F480630F9366
S21400023001D106231E93DDE906010246C1F30A50EA
S214000240C1F31303904643F07F5949F44019A0F2D6
S214000250FF301EF0F3FA84A3D3E900231EF058FB08
S21400026083A3D3E900231EF09DF906460F4600221D
S214000270904B404649461EF093F97FA3D3E90023EE
S2140002801EF046FB02460B46304639461EF08AF9FB
S2140002901EF0D8FD06461EF0D1FA8046894678A3A1
S2140002A0D3E900231EF034FB0022834B1EF07AF9BC
S2140002B01EF0C8FD074674A3D3E90023404649460E
S2140002C01EF026FB8046894638461EF0B7FA70A315
S2140002D0D3E900231EF01CFB02460B464046494667
S2140002E01EF05EF98046894602460B461EF010FB5D
S2140002F0CDE90A0107F2FF3700210022CDE90812F6
S2140003003B0509930023089342464B464046494620
S2140003101EF048F9CDE90C0142464B4600204FF04E
S21400032080411EF03DF9804689460022634BDDE998
S2140003300A011EF017FC0022614B1EF033F902463C
S2140003400B46DDE90A011EF00DFC00225D4B1EF097
S21400035029F902460B46DDE90A011EF003FC0246B7
S2140003600B46404649461EF01DF902460B46DDE99F
S2140003700C011EF0F7FB0022534B1EF013F9DDE9CB
S21400038008231EF0C5FA8046894649EC188BDDE93D
S21400039006231EF04DFD40B1013E0022484B40466C
S2140003A049461EF0DFFB41EC180B06F16303C62B33
S2140003B03FD80427209B13F4006F44D036A3D3E91C
S2140003C00023DDE90689404649461EF027FD002841
S2140003D03FD033A3D3E90023404649461EF00AFD2A
S2140003E0002836D01E9BB34225DD9E1B731E1E932F
S2140003F023E0209B04931F9B03931E9B02939DED7B
S2140004001C7B8DED007B2B465A462146504600F05D
S214000410CFF811B0BDEC028BBDE8F08F9FED227BCC
S2140004208DED067B1C9B06931D9B03F100430793F3
S214000430FAE60527BEE700231E93209B43F480635D
S214000440209300273E461F9B9F423FD2A3EB070800
S2140004503EE01E9B002BF6D00F9B002BF3D01E9B7E
S214000460013B1E93EFE700BFFB799F501344D33F39
S214000470B3C8608B288AC63F61436F63A787D23FA5
S21400048071A379094F930A401655B5BBB16B02406C
S214000490EF39FAFE422EE63F2D431CEBE2361A3FBA
S2140004A00000000080842E410000000000000000D4
S2140004B0FFFFEF7F0000F83F0000E03F00002C4009
S2140004C000002440000018400000F03F4FF00008F5
S2140004D0209B13F0020902D00FB14FF000083EB186
S2140004E053EC182BDDE906011EF03CFBCDE90601B6
S2140004F000220023DDE91C011EF07CFC00283DD113
S214000500209B23F400630493CDF80C801E9B02937B
S2140005109DED067B8DED007B2B465A4621465046C8
S21400052000F046F8002F3FF474AF209B13F0200F26
S2140005302CD04FF0450C00F101082B460246214610
S2140005406046D04786EAE672A2EBE672052305937C
S214000550013F0497002303930A230293F30F0193AA
S21400056000922B4642462146504623F0F4F8B9F155
S214000570000F3FF44EAF02461F9F10E0DDE9060174
S214000580024601F10043CDE90623B9E74FF0650CBA
S214000590D1E7561C2B4621462020D0473246A2EBF8
S2140005A00B03BB42F5D3104633E700BF0000000044
S2140005B02DE9F04F2DED028B95B007900A919246EB
S2140005C09B46DDE92089229D42464B4640464946E9
S2140005D01EF006FC002840D04FF0FF326FF4801368
S2140005E0404649461EF006FC002845D14FF0FF3233
S2140005F09F4B404649461EF01BFC00284BD198A353
S214000600D3E90023404649461EF012FC00285AD182
S21400061095A3D3E90023404649461EF0EBFB00288D
S21400062051D100220023404649461EF0E3FB002835
S21400063057D100230B93249B13F4806F5CD00024C7
S2140006401F2C5BD8092D59D904F150036B44302276
S21400065003F8202C013D0134F2E7249B0393239BEF
S214000660029303230193834B00935B4652460A99F9
S214000670079822F096FF2CE1249B0393239B02937A
S214000680042301937C4B00935B4652460A990798D5
S21400069022F087FF1DE1249B13F004030FD0774A56
S2140006A07BB104232499039123990291019300922C
S2140006B05B4652460A99079822F073FF09E1704A92
S2140006C0EEE70323EEE7249B0493239B0393029514
S2140006D0CDE900895B4652460A990798FFF770FDF8
S2140006E0F7E042464B46002000211DF059FF8046A9
S2140006F0894601230B939EE70625A0E74046494618
S2140007001EF0A0FB06461EF099F802460B46404631
S21400071049461DF045FF5B4B03EBC50393ED008B8D
S21400072053EC182B1EF0F4F802460B46CDE90823CE
S2140007301EF0B0FB07461EF071F802460B46DDE9D8
S21400074008011DF02DFF02460B46CDE908230022C6
S2140007504D4B1EF06DFB50B3013738461EF05EF869
S21400076002460B4651EC180B1EF04EFB08B1013644
S214000770002755BB30461EF061F802460B46404641
S21400078049461DF00DFF0746884600223E4B1EF0E8
S21400079031FB38B100223C4B384641461EF048FB40
S2140007A0002842D016F0010F3FD001363DE000226F
S2140007B0354BDDE908011EF01DFB0028D9D117B125
S2140007C017F0010FD5D00137D3E71F2C17D8013DFE
S2140007D02E4BA3FB0723DB08194603EB8303A7EB8B
S2140007E04303621C303304F150000DEB000404F8A0
S2140007F0203C092F02D90F461446E6E714461F2C64
S2140008000AD86B1E45B104F150026A44302102F842
S214000810201C1D460134F2E71F2C06D804F15003B5
S2140008206B442E2203F8202C01341F2C33D8184A90
S21400083082FB0632F317C3EBA2031A4603EB8303CD
S214000840A6EB4303611C303304F150000DEB0004AB
S21400085004F8203C1646EAB10C46E6E7AFF3008003
S2140008600000000065CDCD410000000065CDCDC183
S214000870FFFFEF7F94A3020098A3020088A3020064
S21400088090A30200A0A302000000E03FCDCCCCCC99
S214000890676666660C46249B03F00303012B1DD097
S2140008A01F2C09D80B9B002B35D004F150036B444A
S2140008B02D2203F8202C0134249B0393239B0293C0
S2140008C001940CAB00935B4652460A99079822F0B7
S2140008D068FE15B0BDEC028BBDE8F08F239BB3B16C
S2140008E00B9B1BB9249B13F00C0F12D0239B013BD0
S2140008F02393194606E004F150036B44302203F8B4
S214000900202C01348C42CBD21F2CF4D9C8E7239973
S214000910F8E72399F6E7249B13F0040F07D004F1B9
S21400092050036B442B2203F8202C0134C4E7249B8D
S21400093013F0080FC0D004F150036B44202203F8D4
S214000940202C0134B8E700BF7FB54E6802A90446E4
S21400095024F00CFA9DF808300E2B19D1134BB3F97E
S2140009600050134B9E4218D80AF0DEF90346006882
S21400097000909B88ADF804306946204624F0E3F9E1
S21400098070B10C490C4840F21C620FF037FAFEE7D3
S214000990204617F081FA0546E3E70AF0C1F9E5E7D5
S2140009A02946204624F0E4F904B070BDAC5C012072
S2140009B0FFC99A3BEDA6020014A4020038B504460F
S2140009C00D4620F07CFB064A13889BB22DB12343CC
S2140009D01380BDE8384020F078BB23EA0403F7E72D
S2140009E008590120034B002201214FF480709A70B1
S2140009F0E4E700BF085901207FB50023134C03939A
S214000A00CDE90133FF238DF8043020F058FB22880F
S214000A1063880F4E9A4205460DD061887068218023
S214000A2001AA17F027F858B10A490B4840F2976216
S214000A300FF0E4F9FEE7706824F047F80128ECD0E0
S214000A40284620F042FB04B070BD00BFD020002036
S214000A5008590120EDA6020014A4020038B50F4C78
S214000A60A56835B90E490F4840F27C720FF0C6F9FA
S214000A70FEE722F045FF284412F032FE00F00700A1
S214000A80032809D1A4680921204623F055F8205CE4
S214000A90031F5842584138BD0020FCE70859012082
S214000AA0EDA6020014A4020010B5114CA378042B86
S214000AB006D01049104840F244520FF09FF9FEE766
S214000AC023881B0706D40B490B4840F245520FF00B
S214000AD095F9FEE700210820FFF770FF074B6068D6
S214000AE002221A7116F094FFBDE8104021F06ABF8A
S214000AF008590120EDA6020014A40200D020002010
S214000B0010B5084C606816F083FF606823F0DDFFC0
S214000B10012806D0012260681146BDE8104023F087
S214000B20D6BF10BD0859012038B5194DAB7833B182
S214000B30184919484FF4DC620FF060F9FEE720F020
S214000B40BEFA298811F00601044609D001214FF4A7
S214000B508070FFF733FF2046BDE8384020F0B5BA76
S214000B604FF48070FFF72AFF14F028FB012805D009
S214000B7010F0FD0F05D1FFF73FFFECE7FFF7C0FFD2
S214000B80E9E70449044840F2F6620FF037F9FEE759
S214000B9008590120EDA6020014A4020070B5074D06
S214000BA095F90C600446FFF7BFFF14F007FAAA6831
S214000BB031462046BDE8704014F03EB80859012082
S214000BC008B50A4B1B88DB0606D40949094840F2DB
S214000BD069520FF013F9FEE700211020FFF7EEFE32
S214000BE014F068FBBDE8084021F0ECBE085901206F
S214000BF0EDA6020014A402000D4B1B889B0710B53F
S214000C00044613D500210220FFF7D8FE094B5A7977
S214000C10FF2A06D00849094840F29A420FF0EEF83B
S214000C20FEE75C71BDE8104021F0CCBE10BD00BFF1
S214000C3008590120D0200020EDA6020014A40200CE
S214000C407047704710B50E4CA37833B10D490E4867
S214000C5040F2C5120FF0D2F8FEE7A06019B1A17CF1
S214000C60003918BF01212020FFF7A8FE074B0848CF
S214000C709B7923770223A370BDE8104011F09ABB3E
S214000C8008590120EDA6020014A40200D02000207E
S214000C902859012008B512F08FF980F00100C0B283
S214000CA008BD0A4B9A780AB1062A0CD11B8803F4B1
S214000CB08B7343B9064B5A79FF2A04D11879FF384B
S214000CC018BF012070470120704700BF0859012057
S214000CD0D020002008B512F05FF90028FBD108BD2F
S214000CE00C4B42881A8242789A740278DA748288A8
S214000CF09A82C288DA82C2689A61074A017A91713A
S214000D00028A198D914204D001214FF400701A8591
S214000D1054E6704708590120D0200020094B1A8A53
S214000D2042809A7C4270DA7C02709A8A8280DA8AE2
S214000D30C2809A69C260044A1B8D9279027203824D
S214000D40704700BF08590120D02000204B1E012B01
S214000D5070B50C4606D91B491B484FF42A720FF093
S214000D604DF8FEE7194D0A460146686824F027F953
S214000D7030B11449144840F2AA220FF03FF8FEE7BB
S214000D806E6811F08BFA22460146304624F011F9BF
S214000D9030B10C490C4840F2AE220FF02FF8FEE7B7
S214000DA06D6811F087FA22460146284624F00DF9B0
S214000DB030B10449044840F2B2220FF01FF8FEE7B3
S214000DC070BD00BFEDA6020014A402000859012061
S214000DD0054BDB791B0913F00E0003D0052B8CBFE7
S214000DE000200120704700BFD0200020044BDB7994
S214000DF01B0913F00E0F0CBF01200020704700BF28
S214000E00D02000202DE9F04F16469A0591B0814675
S214000E101F4603D501218020FFF7D0FDF3014FF0D8
S214000E20000852D59A4C23889D074ED5994D6B796C
S214000E30FF2B06D09849994840F266420EF0DEFF36
S214000E40FEE7A36833B99449944840F267420EF02F
S214000E50D5FFFEE741460220FFF7B0FDA37885F8F0
S214000E600580042B03D101210820FFF7A7FD8C4A3B
S214000E706068002123F09BFF30B18749874840F225
S214000E8071420EF0BBFFFEE7FFF7A2FFA8B9D4F849
S214000E90048022F035FD0546A06822F03CFD2918A6
S214000EA07F4A89B2404623F093FF30B17A497B48A7
S214000EB040F277420EF0A2FFFEE7A378032B02D1A2
S214000EC0606816F0A5FD21F07DFDB80702D501206B
S214000ED0FFF792FE16F0A84F02D00220FFF78CFE16
S214000EE0B10220D50021402005ACFFF767FD214662
S214000EF0484624F090F8B0B99DF81C30022B0AAA98
S214000F0022D18DF83030BDF81430ADF828301046B8
S214000F1014F05CF838B1484624F07BF818B9012183
S214000F204020FFF74BFD320752D5594D05AA686899
S214000F30032124F000F8804688B95749574840F204
S214000F40B3420EF05BFFFEE7032B05BFD4E90001BA
S214000F508DF830308DF83000C2E90001D7E79DF8F3
S214000F6014306868072B40F022810AAA414623F015
S214000F70E6FF824630B14849484840F2B6420EF095
S214000F803DFFFEE7FFF724FFBDF8161090B9FFF708
S214000F902DFF68B10431686889B20AAA23F0D1FF30
S214000FA040B13D493D4840F2C7420EF027FFFEE7FC
S214000FB00231F0E7BDF816000730012180B211F0CB
S214000FC045FF039000284AD101210C2014F03CFF75
S214000FD0B10705D52E4B1B881A0701D5FFF764FD10
S214000FE0B3010AD500210420FFF7E8FC284B9A78C5
S214000FF0012A02D1586816F00BFD16F0284F03D0D0
S21400100000210420FFF7DAFC7E060CD5204C23884E
S2140010101D0701D5FFF748FD2388580703D5002193
S2140010200420FFF7CBFCF90540F1CF80484623F0BB
S2140010304AFD022802D0032840F0C080144C2388C2
S2140010405A0703D500210420FFF7B8FC23889B0726
S21400105040F1BB80012011B0BDE8F04FCCE511F0A7
S214001060CBFD4FF0000BCDF800B0BDF816300246B1
S21400107004464146686823F08DFFBDF8163083426B
S21400108010D0054905484FF49B620EF0B7FEFEE708
S21400109008590120D0200020EDA6020014A402006A
S2140010A03459012022F02CFC204412F019FB00F0E9
S2140010B00700022823D1AB78042B89D122F020FC2C
S2140010C0434B20441B7882789A4281D159460820A7
S2140010D0FFF774FC22F014FC204412F001FB3D4B99
S2140010E0C0F3001018719DF836302B73FFF7B6FC6E
S2140010F000287FF46DAF686816F08AFC68E722F077
S214001100FFFB204412F0ECFA830649D522F0F8FBE8
S214001110204412F0E5FA00F00700032828D0012149
S2140011200420FFF74BFC23F03FFF2863BDF8163082
S2140011309DF83620E254BDF816309DF8372023443B
S21400114001209A71BDF816100A9A0131214412F056
S214001150D5FABDF8163003981C4484F805A011F0A3
S21400116009FF1D4B187811F02BFA21F02BFC2FE706
S2140011700921204622F0E0FC205C04284FF0010103
S214001180CED1FFF71BFC23F00FFF28632B885806F1
S214001190CCD559464020FFF711FC4FF0010AC5E7B1
S2140011A0AB78012BC2D1686816F032FCBEE723F09C
S2140011B0B8FE6868414623F0DBFE09E707490848A1
S2140011C040F2B5520EF01AFEFEE711B0BDE8F08F01
S2140011D075590120D020002078580120EDA6020085
S2140011E014A4020008B50246FFF7F2FD30B1072A44
S2140011F006D8044B002083F8342008BD7020FCE796
S2140012000220FAE70859012008B50246FFF7E0FD7C
S21400121028B1044B93F834301370002008BD7020BA
S214001220FCE700BF0859012008B5074B014600221D
S214001230586823F0C4FE30B1044905484FF43772AD
S2140012400EF0DCFDFEE708BD08590120EDA6020001
S21400125014A4020008B5074B01460022586823F084
S214001260A8FE30B10449054840F2E2220EF0C6FD61
S214001270FEE708BD08590120EDA6020014A40200EE
S21400128008B5074B0146586823F0A5FE30B105495E
S21400129005484FF43A720EF0B1FDFEE708BD00BFF8
S2140012A008590120EDA6020014A4020008B5064B5A
S2140012B09B7833B10549064840F2F2220EF09EFDB7
S2140012C0FEE7BDE808402FE408590120EDA602001D
S2140012D014A4020008B5044B0146586823F048FDE4
S2140012E0002818BF8B2008BD08590120014B5868FC
S2140012F016F0D2BD08590120014B5888704700BF30
S214001300D02000207FB50123ADF80E3009484FF6F7
S214001310FE7300930DF10E02002304A9406823F02B
S214001320A6FC012894BFBDF810004FF6FF7007B06A
S2140013305DF804FB0859012008B5044B01465868BF
S21400134023F01BFCB0FA80F0400908BD08590120C4
S21400135038B50B4DAB78012B04460DD8FFF7ECFFE4
S21400136060B1084B5C80AB781BB9FFF7DDFB002053
S21400137038BDFFF741FBFAE73E20F9E78A20F7E79A
S21400138008590120D0200020024B9B780BB9FFF7AC
S214001390CBBB704708590120014BD874704700BF7B
S2140013A00859012008B5054B0121586823F0B2FB07
S2140013B00028B8BF033040F3870008BD0859012055
S2140013C008B5044B586823F0D4FB034BB3FBF0F08E
S2140013D080B208BD0859012040420F0030B58DB0DC
S2140013E02C220446002101A824F076FB0123264D7A
S2140013F08DF808304FF002326423CDE903230693BC
S2140014000B238DF82C302B8DADF80A30FFF7E0FC5F
S214001410A0B140F2F23307934FF47A7305930CB9F8
S214001420FFF76EFB686801A916F0F0FDB8B1174922
S214001430174840F269620EF0E1FCFEE7FFF7C0FFD6
S2140014400C234343902BA3F10A0207930592DCBFBB
S21400145091230793059B8B2BE1D88C23DEE7FFF7C0
S214001460C5FC60B101226868114623F0C2FD30B1A8
S2140014700649074840F26C620EF0C0FCFEE70CB965
S214001480FFF752FB0DB030BD08590120EDA6020053
S21400149014A40200F8B5574C1FF011FE2388D90596
S2140014A0064603D5A37843BBFFF73EFB524D6B7948
S2140014B0FF2B13D06B7903F0FF0723BBFF236B7161
S2140014C0A378032B0AD100233046A3701FF0FDFD3E
S2140014D03846FFF763FB1FF0F2FD0646A378042BA1
S2140014E008D12B79FF2B05D02B79022B14D143483A
S2140014F010F060FFFF232B7128E000214FF480706E
S214001500FFF75CFAD2E76B79012B4FF0FF036B71A4
S21400151014BF89278D27D6E72B7913B12B79012B9A
S2140015201FD1FFF79BFA2B790022FF212971DBB22E
S21400153084F820200546002848D0012B0AD12F48E1
S214001540A370642110F041FFFFF756FA30461FF0F3
S214001550BCFD06E03046A2701FF0B7FD3120FFF755
S2140015601DFB23881A0608D500218020FFF726FADF
S214001570606823F070FC13F07EFE23889B0507D579
S2140015804FF400700021FFF719FA0020FFF726FF3E
S21400159011F002FDE08628B311F02EFB012105466E
S2140015A0002014F051FCA678012E15D1002684F8F0
S2140015B02060A670FFF7B8FA284613F077FAA378EB
S2140015C0E6867BB9BDE8F84013F0F8BCA07030465C
S2140015D01FF07BFD2846C2E72EB1284613F066FAB8
S2140015E00023E386F8BDFFF79FFA284613F05EFA5D
S2140015F0E686F7E708590120D02000202859012068
S2140016007FB5794C2388DB0700F1E7800121774D11
S2140016100846FFF7D3F905237549A37005F10800BE
S21400162016F0C8F9606028B972497348F3220EF0C4
S214001630E5FBFEE7714823F089FA69A3D3E90023A6
S214001640CDE900234FF0FF324FF0FF33606823F000
S2140016500CFB4FF48811606816F07CFC014630B134
S2140016606449654840F20B120EF0C8FBFEE7644B77
S2140016701B78012B0ED1634A606816F0F7FB606892
S21400168016F0F2FCE0B15B495B4840F217120EF030
S214001690B5FBFEE75C4E316831B9564956484FF403
S2140016A08D720EF0ABFBFEE7564A606816F0DEFB66
S2140016B033689B6823B1DB6913B15B7803B1EB71C8
S2140016C0FFF720FE514B68801B78C3EB431203EBF9
S2140016D08203DB0001202385FFF780FE656810F09B
S2140016E0E9FD00220146284623F06FFC054630B18E
S2140016F04049414840F22D120EF080FBFEE740F2D2
S21400170003532382424B04261B78E374A674FFF728
S21400171057FE00EB80039B00A382FFF751FEC0003C
S214001720E08231466068A56123F021FA30B1314984
S21400173031484FF49E720EF061FBFEE76068324659
S21400174003A923F0BAFA042806D02A492A484FF4F7
S214001750A0720EF053FBFEE703A9012011F0DCFF98
S2140017600DF046FB606808224FF0FF3123F087FA41
S21400177030B12049204840F249120EF03FFBFEE708
S21400178016F0E0FD30B11B491B4840F24F120EF038
S21400179035FBFEE7FFF71CFB68B11FF0A6FE01460F
S2140017A0606823F0D0FA30B11249134840F2531261
S2140017B00EF024FBFEE76468FFF7A4FD154B014618
S2140017C003F10C02204616F063F930B109490A48C5
S2140017D04FF4AD720EF012FBFEE704B070BD00BF12
S2140017E00A0020FF4203000008590120D0200020F4
S2140017F0E5090000EDA6020014A40200690345EC0A
S2140018005A590120490900001C200020D921002037
S214001810D821002018A7020008B5044B586823F00A
S214001820AAF9034BB3FBF0F080B208BD08590120BB
S21400183040420F002DE9F043864D2B889B0787B06A
S21400184006D48549854840F201720EF0D7FAFEE7C5
S214001850AB78033B012B06D97F49804840F20372E0
S2140018600EF0CCFAFEE7AA6832B97B497B4840F214
S21400187006720EF0C3FAFEE7794E2C88F77914F05C
S214001880200418BF4FF47A744FEA1718FFF7A0FA2F
S214001890002872D0B8F1020F0AD0A8F10303022B79
S2140018A069D96D496D4840F21A720EF0A7FAFEE744
S2140018B0032795F8343008EBC8089844694B03EBC7
S2140018C048031046B3F81C8022F025F84FF4FA536C
S2140018D043437822B3FBF8F37733B3FBF2F31F44AA
S2140018E0C7EB0717AB78FF00BFB204F5347417FADE
S2140018F084F4042BA4B203D107F6E8072744BCB24D
S214001900D5F8088021F0FCFF0746A86822F003F807
S214001910074422F01BF8BFB23F1A21F0F1FF404403
S21400192011F0DEFE64238DF80C304F4BD5F8049092
S214001930CDE90434C0F3401422F014F8BFB20346D5
S21400194041463A46484623F0F0FA2B8871883180A3
S21400195013F0200F03AB75D000936868434B224604
S21400196016F06CF8002872D03B493C4840F2D96229
S2140019700EF044FAFEE706279BE7FFF737FA002843
S21400198044D0384B07F00F0708EBC801394403EB87
S21400199041031046B3F81C9021F0BDFFB8F1000FCC
S2140019A02AD0B8F1010F2AD1400080B24FF00408C7
S2140019B0F3191B7E4BB10233034443449BB24FF4EE
S2140019C0FA525343B3FBF9F39CB2AB78042B97D18E
S2140019D03744FFF7F5FC3B7E053398448146FFF716
S2140019E01BFF0C2308FB00F003FB09F909EBC009F9
S2140019F0A1441FFA89F483E74FF00208D8E7164996
S214001A00164840F23B720EF0F9F9FEE7FFF704FFC6
S214001A100746A86821F07FFFAB780930784304EBCF
S214001A20C000042B84B27FF46BAFFFF7C9FC0746F7
S214001A30FFF7F2FE602358430C2303FB0700204405
S214001A4084B25DE76868224615F0EAFF8AE707B0C9
S214001A50BDE8F08308590120EDA6020014A4020098
S214001A60D020002018A7020020A107001859012046
S214001A70F8B5484C258815F0020506D04649474873
S214001A804FF4B3720EF0BAF9FEE784F820501FF058
S214001A9016FB23885A0706460AD523F085FA236BD9
S214001AA0C01A238D984203D929460420FEF786FFE4
S214001AB030461FF00AFBA778022F37D11FF0FFFA37
S214001AC0238813F00405064607D0354810F072FC4C
S214001AD03046BDE8F8401FF0F8BA1FF0F6FAA068E6
S214001AE013F0A4FA20B1A570BDE8F840FFF756B889
S214001AF01FF0E5FAA668054621F002FF304411F013
S214001B00EFFD10F0200F0CBF0323042301213846FD
S214001B10A370FEF753FFFFF78DFE28461FF0D5FA99
S214001B2001210846BDE8F84014F08EB9042F27D1ED
S214001B301C4B1B79FF2B2CD1237FF3B11FF0BFFA70
S214001B4023885B07054604D5154810F033FC284665
S214001B50BFE71FF0BAFA237F013B23771FF0AFFAE7
S214001B60012104460220FEF729FFFFF763FE204608
S214001B701FF0ABFA01210820D4E7A3704020B3E79A
S214001B80012F06D160680023A37015F041FF3120B5
S214001B90AAE7F8BD08590120EDA6020014A4020029
S214001BA028590120D020002038B5012104461020F5
S214001BB0FEF704FF064B5D68FFF702FC054B00FBD3
S214001BC004F10122284622F086FF002038BD00BF1F
S214001BD008590120C10B000010B50A4C2388DB060B
S214001BE006D40949094840F275320EF007F9FEE7B7
S214001BF010200021FEF7E2FE6068BDE8104022F0EB
S214001C0078BF00BF08590120EDA6020014A4020008
S214001C1038B50D4DE88E30B90C490D4840F2823289
S214001C200EF0ECF8FEE710F0E7FF0446E88E10F042
S214001C30FFFF811F2144012011F06EFD044623F0B2
S214001C40B3F9001B38BD00BF08590120EDA60200FD
S214001C5014A4020010B5074CA36833B90649074818
S214001C6040F291320EF0CAF8FEE723F09DF9E36ADF
S214001C70C01A10BD08590120EDA6020014A40200E7
S214001C8038B50A4DE88E30B909490A4840F29B3209
S214001C900EF0B4F8FEE710F0AFFF0446E88E10F042
S214001CA0C7FF044414F8020C38BD00BF08590120D1
S214001CB0EDA6020014A4020038B50A4DE88E30B92D
S214001CC009490A4840F2AA320EF098F8FEE710F0EA
S214001CD093FF0446E88E10F0ABFF044414F9070C9B
S214001CE038BD00BF08590120EDA6020014A402006A
S214001CF038B50A4DE88E30B909490A4840F2B9327B
S214001D000EF07CF8FEE710F077FF0446E88E10F041
S214001D108FFF044414F9010C38BD00BF0859012098
S214001D20EDA6020014A40200024B1888C0F3C010EF
S214001D30704700BF0859012030B50F4B05460FCB42
S214001D4085B06C4684E80F000DB12B6800930B4BF2
S214001D5021465868002216F0B5F8044630B1084906
S214001D60084840F2D7320EF049F8FEE7FEF744FE88
S214001D70204605B030BD00BFA0A7020008590120CC
S214001D80EDA6020014A4020008B5074B01465868E9
S214001D9023F063F830B10549054840F2E5320EF00D
S214001DA02DF8FEE708BD00BF08590120EDA6020089
S214001DB014A4020008B5064B586823F065F830B145
S214001DC0044905484FF47C720EF018F8FEE708BD8B
S214001DD008590120EDA6020014A40200024B0122BD
S214001DE05868114622F073BE085901207047F8B5AE
S214001DF0054604200C4621F065FD03061DD5104E51
S214001E00B778D7B91DB1012D02D00220F8BD012741
S214001E102046FFF791FA0028F7D070683A46214628
S214001E2022F06EFE30B1074907484FF486620DF087
S214001E30E5FFFEE70623B370E8E77020E6E700BF9D
S214001E4008590120EDA6020014A4020010B50420D3
S214001E5021F038FD030610D5094CA378062B0CD1CB
S214001E60606822F050FE30B10649074840F2494209
S214001E700DF0C4FFFEE7A07010BD7020FCE700BFA9
S214001E8008590120EDA6020014A4020008B5034973
S214001E90034840F261520DF0B1FFFEE7EDA60200E6
S214001EA014A402000348044B834202D0034B03B140
S214001EB0184770470422002004220020000000007B
S214001EC00548064B1B1AD90F01EBA301491002D097
S214001ED0034B03B118477047042200200422002059
S214001EE00000000010B5064C237843B9FFF7DAFF70
S214001EF0044B13B10448AFF300800123237010BDD8
S214001F005C5D01200000000038C8020008B5054BE3
S214001F101BB105490548AFF30080BDE80840FFF750
S214001F20CFBF00BF000000003824002038C80200E1
S214001F30A3F5803A704700BF174B002B08BF134B22
S214001F409D46FFF7F5FF00218B460F461348144ABF
S214001F50121A23F0C1FD0E4B002B00D098470D4BF4
S214001F60002B00D098470020002104000D000D48EB
S214001F70002802D00C48AFF300801DF0D7FA2000EE
S214001F8029001EF057FE1DF01DF900BF00000800D6
S214001F9000000000000000000020002004220020B6
S214001FA0DC5D01200000000000000000BFF34F8F42
S214001FB00549CA6802F4E062044B1343CB60BFF3E2
S214001FC04F8F00BFFDE700BF00ED00E00400FA05FC
S214001FD070B582B004468368C26853F822301E7813
S214001FE020F097FD864222D300230093ADF80430FC
S214001FF0204B1B88ADF80230A168E36851F8232017
S2140020001278ADF804206268D21A012A21DD013365
S21400201051F823301B88ADF80030684620F06DFD7F
S2140020200446032005F038FDC0B902B070BD054671
S214002030032005F031FD0028F7D01EF0C8FE1EF084
S214002040C7FE2B4632460C490C48006820F003F8C1
S214002050EBE740F2FF13ADF80030DEE71EF0B7FE08
S2140020601EF0B6FE22460649044B18681FF0F3FF22
S214002070DBE700BF865C0120605F0200F8380120C5
S214002080985F020010B582B08368C26853F82230A9
S2140020901C780023019343689B1A012B0FDD01AACD
S2140020A001211FF0BEFA01469DF8040020F01DFD38
S2140020B0204620F026FD044620B902B010BD20F0D0
S2140020C018FDF5E7032005F0E7FC0028F5D01EF024
S2140020D07EFE1EF07DFE22460249034B18681FF066
S2140020E0BAFFEAE7A85F0200F838012010B50346F9
S2140020F08168C26851F82200B0F900001A4C2080AE
S2140021005B689B1A012B0FDD013251F8223093F9E0
S2140021100010003918BF012120F098FCA0B9032058
S21400212005F0BAFC10B910BD0021F5E71EF04FFE11
S2140021301EF04EFE0D4B1C6820F08CFC02460C492F
S21400214020461FF088FFEEE7012005F0A5FC0028DA
S214002150E9D01EF03CFE1EF03BFE0649034B186815
S2140021601FF079FFDFE700BF865C0120F83801200A
S214002170C45F0200D85F020010B584B0002300934D
S2140021808268C36852F8232012788DF80C20022A41
S21400219010D18268013352F823301B78ADF8043032
S2140021A001A820F096FC0446032005F075FC58B9FB
S2140021B004B010BD6A4601211FF033FA0146009AAA
S2140021C001A823F0C2FBEBE71EF001FE1EF000FEA6
S2140021D022460349034B18681FF03DFFE8E700BF9F
S2140021E03C600200F83801202DE9F04186B020F06E
S2140021F03DFC0446894B1B7813F0020F2CD0884E0A
S21400220013F0010F2AD0864F13F0040F28D0DFF802
S2140022101082032005F040FC28BB032005F03CFCA0
S21400222058BB032005F038FC002835D1032005F004
S21400223033FC00283ED1032005F02EFC002847D1B1
S214002240032005F029FC00285ED1032005F024FCBD
S214002250002867D1002471E0724ED1E7714FD3E7B2
S214002260DFF8C081D5E71EF0B2FD1EF0B1FD6E4965
S2140022706E4B18681FF0EFFECFE71EF0A8FD1EF0AD
S214002280A7FD6A4B1D6808F077FB02460B466849B7
S21400229028461FF0E0FEC4E71EF099FD1EF098FDEC
S2140022A0624B1D6820F0B2FB0246624928461FF0CA
S2140022B0D2FEBBE71EF08BFD1EF08AFD5B4B1D6851
S2140022C020F0E0FB02465C4928461FF0C4FEB2E759
S2140022D01EF07DFD1EF07CFDE279A3796179207900
S2140022E0E57894F802C094F801E024780594CDF8D7
S2140022F010E0CDF80CC00295019000914F494B4874
S21400230000681FF0A8FE9BE71EF061FD1EF060FD52
S214002310464B1C6820F0AEFB0246494920461FF09B
S2140023209AFE92E71EF053FD1EF052FD45493F4BC4
S21400233018681FF090FE8DE70134E4B2072C12D81F
S214002340032005F0A9FB0028F6D01EF040FD1EF085
S2140023503FFD364B1D6820F089FB025D3A49284652
S2140023601FF079FEE8E7032005F096FB98B90320F6
S21400237005F092FBC8B9032005F08EFB18BB0320BE
S21400238005F08AFB68BB032005F086FB002836D1E3
S21400239006B0BDE8F0811EF01AFD1EF019FD2B49AF
S2140023A0224B18681FF057FEE1E71EF010FD1EF0E6
S2140023B00FFD1E4B1C6820F061FB02462449204698
S2140023C01FF049FED7E71EF002FD1EF001FD174B79
S2140023D01C6820F037FB02461E4920461FF03BFED5
S2140023E0CDE71EF0F4FC1EF0F3FC104B1C6820F04A
S2140023F031FB0246184920461FF02DFEC3E71EF0AB
S214002400E6FC1EF0E5FCCDF800803B46324613495C
S214002410064800681FF01FFEBAE700BFCD21002067
S214002420F05F0200F85F020054600200F8380120F6
S2140024305C6002007860020094600200B0600200F7
S214002440D4600200F0600200046102006CA2020088
S2140024500C6102002861020040610200586102001F
S21400246010B58368C26853F82230187820F0E6FA70
S214002470044678B9032005F00FFB00B910BD1EF026
S214002480A6FC1EF0A5FC22460A490B4B18681FF056
S214002490E2FDF3E7012005F0FFFA0028EED01EF07B
S2140024A096FC1EF095FC22460449034B18681FF064
S2140024B0D2FDE3E790610200F8380120B461020023
S2140024C070B582B08368C26853F822301B78134A0E
S2140024D0137013F0020F0ED0114C13F0010F0CD036
S2140024E00F4D13F0040F0AD00D4E032005F0D4FA5A
S2140024F038B902B070BD0B4CEFE70A4DF1E7094E54
S214002500F3E71EF064FC1EF063FC00962B462246A2
S2140025100549064800681FF09EFDEAE7CD21002029
S214002520F05F0200F85F020004600200F838012045
S21400253070B58268C36852F823100C78013352F8DD
S21400254023301D782946204620F0CBFA80B9032098
S21400255005F0A2FA00B970BD1EF039FC1EF038FC7A
S2140025602B4622460B490C4800681FF074FDF2E724
S2140025700646012005F090FA0028ECD01EF027FC55
S2140025801EF026FC32460549034B18681FF063FD13
S214002590E1E700BF28620200F83801205862020016
S2140025A008B520F03FFA032005F076FA00B908BD1A
S2140025B01EF00DFC1EF00CFC0249034B18681FF0C1
S2140025C04AFDF4E788620200F838012030B583B08F
S2140025D08368C26853F822301C7801A9204620F090
S2140025E025FA88B9032005F057FA08B903B030BDBC
S2140025F01EF0EDFB1EF0ECFB019B22460B490C483F
S21400260000681FF028FDF1E70546012005F044FAB2
S2140026100028EBD01EF0DBFB1EF0DAFB2A4605494D
S214002620034B18681FF017FDE0E700BFA862020022
S214002630F8380120C462020010B58368C26853F8F7
S21400264022301C78631EDBB2032B03D8204603F02F
S2140026503DFE10BD012005F01FFA0028F9D01EF03F
S214002660B6FB1EF0B5FB0423224603490348006868
S2140026701FF0F1FCEDE700BFE8620200F838012029
S21400268008B504F0B7F8032005F006FA00B908BD4F
S2140026901EF09DFB1EF09CFB0249034B18681FF0C2
S2140026A0DAFCF4E720630200F838012008B502F0EF
S2140026B00BFF10B902F010FF08BD032005F0ECF97F
S2140026C00028F9D01EF083FB1EF082FB0249034B64
S2140026D018681FF0C0FCEFE744630200F8380120DA
S2140026E070B582B0032005F0D7F908B902B070BD06
S2140026F01EF06DFB1EF06CFB084B1E6802F078FCAB
S214002700044602F0E1FE054602F078FC00902B46F7
S2140027102246034930461FF09EFCE7E7F8380120C2
S2140027206063020008B502F08DFD032005F0B4F9E1
S21400273000B908BD1EF04BFB1EF04AFB0249034BD6
S21400274018681FF088FCF4E788630200F838012058
S21400275010B50179C368DAB2914204D1032005F0BE
S2140027609BF950B910BD826852F8233018780038AB
S21400277018BF012002F060FFF0E71EF028FB1EF0F5
S21400278027FB054B1C6802F063FF02461E23034925
S21400279020461FF060FCE5E7F8380120A063020041
S2140027A0F0B585B0032005F077F908B905B0F0BD9F
S2140027B01EF00DFB1EF00CFB0B4B1F6802F05AFFC1
S2140027C0044602F061FF054602F064FF06461EF06E
S2140027D024FA02900196642300932B46224603496E
S2140027E038461FF038FCE1E7F8380120BC630200E9
S2140027F010B54268C3689A420DD0826852F82330FA
S2140028001C78201E18BF012002F028FF032005F0C8
S21400281043F9B0B910BD032005F03EF90028F9D001
S2140028201EF0D5FA1EF0D4FA0D4B1C6802F01CFF01
S21400283028B10C4A0C4920461FF00DFCEAE70B4A6B
S214002840F8E71EF0C4FA1EF0C3FA054B186824B168
S214002850074A05491FF0FFFBDCE7044AF9E700BF1B
S214002860F8380120E46102000C640200E86102000E
S214002870F8630200F0B591B008A800F047FE032008
S21400288005F00AF9002834D1032005F005F90028E0
S21400289040D1032005F000F9002849D1032005F0B7
S2140028A0FBF8002855D1032005F0F6F800285FD184
S2140028B00023ADF81E300DF11E0000F01DFE04468C
S2140028C018B1BDF81E30072B60D8089B13B9099ABB
S2140028D0002A78D0002B00F08580099B002B40F062
S2140028E09B80032005F0D8F8002840F08B8011B0BC
S2140028F0F0BD1EF06CFA1EF06BFA9DF83E300093A9
S2140029009DF83D309DF83C204B494C4800681FF030
S214002910A2FBB9E71EF05BFA1EF05AFA0A9B009378
S214002920099B089A4649454800681FF094FBB0E7A3
S2140029301EF04DFA1EF04CFABDF830300093BDF88C
S2140029402C309DF82E203F493C4800681FF083FB42
S214002950A4E71EF03CFA1EF03BFA384B18680D9AB6
S21400296022B9394B39491FF076FB9CE7384BF9E71B
S2140029701EF02DFA1EF02CFABDF83A30BDF83820BD
S21400298034492E4800681FF066FB91E7032005F0E7
S21400299083F8002899D01EF01AFA1EF019FA227849
S2140029A06378A178E07825796679A779E479059443
S2140029B00497039602950190009127491F480068E6
S2140029C01FF049FB81E7032005F066F800288ED04B
S2140029D01EF0FDF91EF0FCF92049184B18681FF090
S2140029E03AFB84E7032005F057F800283FF47FAF52
S2140029F01EF0EDF91EF0ECF91949104B18681FF09F
S214002A002AFB74E71EF0E3F91EF0E2F915490B4BBA
S214002A1018681FF020FB6AE7032005F03DF8002841
S214002A203FF465AF1EF0D3F91EF0D2F90E49034B02
S214002A3018681FF010FB5AE768640200F838012097
S214002A40B4640200E4640200246402001865020014
S214002A50306402003065020054650200B86502006A
S214002A60146602005C660200AC66020008B500F060
S214002A7089FD032005F010F800B908BD1EF0A7F97F
S214002A801EF0A6F90249034B18681FF0E4FAF4E7B3
S214002A9004670200F838012010B584B04268C368A5
S214002AA09A4219D0816851F8230000788DF80C00FE
S214002AB0D21A012A1FDD013351F823301B788DF816
S214002AC00D300224032004F0E7FFB0B9214603A826
S214002AD000F078FD04B010BD012004F0DDFF0028F2
S214002AE0F8D01EF074F91EF073F90D490D4B1868F6
S214002AF01FF0B1FAEEE70124E4E71EF068F91EF0D5
S214002B0067F9084B18689DF80C20022C05D0064B78
S214002B10009406491FF09FFAD8E7054BF8E700BF78
S214002B2020670200F8380120C09F020048670200B4
S214002B301C6702002DE9F04F91B002F0C5FC18BBEF
S214002B401EF06BF800283ED10023ADF83E300DF1A4
S214002B503E0000F0D1FC8146002837D0BDF83E305C
S214002B60A3B30378A52B40D0012004F095FF98B1BD
S214002B701EF02DF91EF02CF999F800207449754BBB
S214002B8018681FF068FA07E0012004F085FF30B9E6
S214002B90032004F081FF60B911B0BDE8F08F1EF08D
S214002BA016F91EF015F96C496A4B18681FF053FAAF
S214002BB0EEE71EF00CF91EF00BF96849654B186835
S214002BC01FF049FAE8E700F019FDBDE7032004F01E
S214002BD063FF0028E0D01EF0FAF81EF0F9F860490E
S214002BE05C4B18681FF037FAD6E74679032004F0E6
S214002BF053FF30B900230D930E93ADF83C300822F6
S214002C0019E01EF0E4F81EF0E3F899F8012099F8B0
S214002C10023099F8031099F804000296019000918A
S214002C2050494C4800681FF016FAE3E702F2051216
S214002C3092B20133DBB2B3420DD2511C19F8011027
S214002C400429F3D810A800EB410131F80C0C013030
S214002C5021F80C0CEAE7032004F01EFF48B9032015
S214002C6004F01AFFE0B9002108252A460B960E4606
S214002C7053E01EF0ACF81EF0ABF8BDF83830BDF8E7
S214002C803A20BDF83C10029101920093BDF8363010
S214002C90BDF8342034492F4800681FF0DCF9DEE721
S214002CA01EF095F81EF094F830492A4B18681FF06D
S214002CB0D2F9D8E70134E4B2444526D20AEB8403BD
S214002CC0053309EB030219F8035053781B021BB2B5
S214002CD01D439678D3781B021BB21E43032004F0D4
S214002CE0DBFE0028E6D01EF072F81EF071F804969F
S214002CF0039502940197089B00935B46079A1C492C
S214002D00144800681FF0A7F9D4E7099A0A9E02F251
S214002D10051C1FFA8CF2711CCEB20B9B9E4214D27D
S214002D20924619F802300793531C19F803B0931C07
S214002D3019F803300893D31C19F80370131D19F8FB
S214002D400380002409920A96B6E702F031FD23E7D5
S214002D5030680200F838012070670200B46702008D
S214002D60186802004868020084680200C86802000A
S214002D70F068020030B595B004460D4668461DF072
S214002D8065FE0DF12C0EEC46BCE80F00AEE80F0019
S214002D90BCE80F00AEE80F00DCF80030CEF80030DC
S214002DA00BA9494B186820F000F910F1880F4BD199
S214002DB068461DF04BFE0DF12C0EEC46BCE80F00ED
S214002DC0AEE80F00BCE80F00AEE80F00DCF80030FD
S214002DD0CEF800304FF410510BA81DF057FE80239C
S214002DE0ADF82E304FF440730A930AA81DF03FFE4C
S214002DF00A9B0E93354B0F93334B1A680C9B0D9220
S214002E0013F0FF0F04D123F0FF0343F001030C93EC
S214002E1001230C932C4B2A4621460BA820F0E8F8F9
S214002E20044610BB032004F037FE90B9264B186802
S214002E301FF0F4FD0546002831D1032004F02CFED7
S214002E40044610BB01242FE01F4B186820F095F8AD
S214002E50AEE71DF0BCFF1DF0BBFF1B4B1A681C49FC
S214002E601C4B18681FF0F7F8E0E7032004F014FE88
S214002E700028DBD01DF0ABFF1DF0AAFF2246164946
S214002E80144B18681FF0E7F8D0E71DF0A0FF1DF000
S214002E909FFF12490F4B18681FF0DDF804E003206F
S214002EA004F0FAFD044610B9204615B030BD1DF0FA
S214002EB08EFF1DF08DFF2A460949064B18681FF045
S214002EC0CAF80024F0E700BF502400200044400465
S214002ED008690200F8380120386902005C690200BF
S214002EE07C69020000B583B00021019101AA1EF0A2
S214002EF098FB019910290ED0032004F0CDFD60B197
S214002F001DF065FF1DF064FF10220549054B18688B
S214002F101FF0A1F801E0FFF72DFF03B05DF804FBFA
S214002F209C690200F8380120044B1B889BB213B141
S214002F30034B01221A700120704700BF8E5C0120EF
S214002F40605D01200F4B1B889BB2CBB110B40246CC
S214002F5003889BB20C48C05CC0B213889BB2013396
S214002F609BB21380074CB4F800C01FFA8CFC634574
S214002F7003D301230B70002313805DF8044B7047C6
S214002F805A2070478E5C012088260020074B1B784D
S214002F9003B1704710B5064C4FF48063E3600549F3
S214002FA00548FFF7CFFF606310BD00BF5D5D0120E1
S214002FB000000140605D01208A5C012008B5144ACB
S214002FC0136801331360134B1B889BB26BB1114B14
S214002FD01B889BB2104A1380104B1B78DBB2104A3A
S214002FE01370104A1368013313600A4B1B889BB298
S214002FF03BB1084B1B889BB20B4A13800B4B01223C
S2140030001A70044B00221A80FFF7C0FF08BD00BFED
S21400301080260020945C0120885C012014A80020F3
S2140030205E5D01207C260020925C0120625D01200E
S2140030304C4B1B78002B00F093802DE9F04782B0B4
S21400304006460D46174611B902B0BDE8F087464B56
S214003050186805F077FC454B4FF48062DA60444A06
S2140030600023136053609360D36042491160194691
S2140030709E4635E00CF1FF3A06EB0E003E4A4FEA5C
S214003080011802EB0113002442F808405C609C60C3
S214003090DC6032F808906AF30E1922F808909A78E5
S2140030A042F010029A70DA7842F03002DA70586015
S2140030B032489860187B40F001001873C0B240F0A8
S2140030C002001873D8684FF0040868F39F00D860B1
S2140030D09A7864F304129A70F4441FFA8CFE013155
S2140030E0AE4509D2A5EB0E0C1FFA8CFCBCF5006FA2
S2140030F0C0D94FF4006CBDE7C1F1010201391201DD
S21400310092101D4B03EB0113D86862F39F00D86042
S2140031109A7867F304129A70134B18689FB1184B8D
S21400312000220092144A124905F0A0FB044600282B
S2140031308AD00C4B00221A70012004F0ADFC20B996
S214003140FFF724FF80E70023EAE71DF040FE1DF0AE
S2140031503FFE22460B490C4B18681EF07CFFEFE73B
S214003160704700BF5D5D012074260020000001400E
S2140031706426002001000C00542500203400014085
S214003180292F0000C4690200F838012008B5002382
S21400319003E0064A5A21D1540133FF2BF9D9002205
S2140031A04FF480710148FFF743FF08BD5424002008
S2140031B010B582B000240094ADF804401FF0A9FCBE
S2140031C0C0B2ADF804004FF6FF73ADF80030ADF8AE
S2140031D0024068461FF091FCB0B9032004F05CFC86
S2140031E020B9FF201FF08DFC02B010BD1DF0EFFDD2
S2140031F01DF0EEFDBDF80030BDF804200B490C486C
S21400320000681EF028FFECE70446012004F044FCAA
S2140032100028E9D01DF0DBFD1DF0DAFD2246054949
S214003220034B18681EF017FFDEE700BF006A0200B7
S214003230F8380120286A020010B582B069460020DE
S21400324004F06CFE60B9032004F026FCC8B9184BE5
S21400325000221A70032004F01FFCF0B902B010BD63
S2140032600446012004F018FC0028F7D01DF0AFFD3E
S2140032701DF0AEFD22460F490F4B18681EF0EBFE00
S214003280ECE71DF0A4FD1DF0A3FD019B009A0B4981
S214003290094800681EF0DFFED9E71DF098FD1DF016
S2140032A097FD0749044B18681EF0D5FED6E700BF09
S2140032B0635D01204C6A0200F8380120706A020043
S2140032C0A06A020030B585B00121264805F06EFDE3
S2140032D00121254805F06AFD01230B220A21022060
S2140032E007F000F801230B221146022006F0FAFF31
S2140032F01E4C4FF46163A364032565641C4BEC46C7
S2140033000FCB8CE80F0000238DF800306146204676
S21400331007F07AF8E2236361FE23A361154BE363AB
S214003320236C43F4833343F0E4032364124B4FF4DB
S2140033300032C3F880211A60012120461DF0C1FF2B
S214003340284604F0A9FB08B905B030BD1DF03FFDC6
S2140033501DF03EFD71220949094B18681EF07BFEE0
S214003360F2E700BF00350A000082040000C00040FB
S214003370AC6D0200FFFF070000E100E0E86A020013
S214003380F838012030B58BB001214C4805F00EFD11
S21400339001214B4805F00AFD002301221946184674
S2140033A006F0A0FF002304220121184606F09AFF2B
S2140033B0002302221146184606F094FF012302223B
S2140033C00321002006F08EFF0DF10C0C3D4C0FCCB7
S2140033D0ACE80F0094E807008CE8070000258DF89D
S2140033E01950394B059301238DF81A308DF80C507F
S2140033F0364C03A920461DF0BAFFA5670F23636766
S214003400334BA364E36C43F01403E364314B4FF493
S2140034108052C3F880211A60052120461DF060FF07
S21400342005F0F0F9044620B12B4B984201D02B4D05
S21400343004E000212A4805F063F9054614B1264B3E
S2140034409C4200D1E5B1274B00221A70012004F0FF
S21400345023FBD8B9FFF79AFD05F046FB2249032067
S21400346005F05AFB01230193002000900322114629
S21400347006F0E2FE032004F00FFB98B90BB030BD57
S214003480184B01221A70FFF781FEE5E71DF09FFC3E
S2140034901DF09EFC2B4622461449154800681EF077
S2140034A0DAFDD7E71DF093FC1DF092FC00221149CF
S2140034B00F4B18681EF0CFFDE0E700BF00350A008E
S2140034C000420400BC6D020080841E000000014023
S2140034D0FFFF010000E100E0038000F0028000F042
S2140034E0742600205D5D0120BD2F00002C6B0200BD
S2140034F0F83801208C6B020010B1024A1288028054
S21400350001487047905C01208826002020B3134AAB
S21400351012680260124A12684260124A126882609A
S214003520114A12888281114A12788273104A1288D0
S2140035300282104A126842610F4A128802830F4ABA
S214003540128842830E4AD2F88C130177D2F8881379
S2140035504177D2F880238277704700BF8426002008
S214003560802600207C260020885C01205E5D0120ED
S2140035709021002078260020905C01208A5C0120A3
S214003580000014420023084A1360084A1360084AE1
S2140035901360084A1380084A1370084A4FF6FF71F2
S2140035A01180074A1360704784260020802600207A
S2140035B07C260020885C01205E5D01209021002092
S2140035C078260020844690B189B1882900D98821C0
S2140035D0002305E01CF80300054AD05401339BB2D3
S2140035E09942F7D8034B1980034B01221A70704793
S2140035F014A80020925C0120625D012008B548F204
S21400360083111A4802F050F8034608B948F28313AB
S21400361017490B80154B5B7903EB831203EB820390
S2140036209BB208339BB2134A1380128892B20B885F
S2140036309BB29A4203D90B889BB20E4A1380002392
S2140036400D4A13800D4A13700D4A13800D4A1370ED
S2140036500D4B1B783BB1074B1988012289B20348F2
S214003660FFF7E6FC08BDFFF791FCFBE78826002085
S214003670905C01208E5C01208C5C0120615D012045
S2140036808A5C0120605D01205D5D012008B5002395
S2140036900A4A13800A4A13800A4A13800A4A137099
S2140036A00A4A13800A4A13700A4B1B7813B1FFF7B5
S2140036B06DFD08BDFFF76AFCFBE700BF8E5C0120CE
S2140036C0905C01208C5C0120615D01208A5C0120F9
S2140036D0605D01205D5D012010B594B00BF0EAFE40
S2140036E0032004F0D9F9002843D104F0BFFB0446B8
S2140036F0002848D103F05CFD0124904B1C600BA809
S2140037001DF0EAF90BA920461FF04FFC10F1880FB8
S21400371049D00BA81FF0D7FC032004F0BDF9002801
S21400372040F0B380854B18681FF078F91FF0D5F984
S2140037300446032004F0B0F9002840F0B080932C33
S21400374000F0B880002C40F0B880032004F0A4F904
S214003750002800F0B8801DF03AFB1DF039FB784BCE
S2140037601C681FF087F90246764920461EF073FC57
S214003770A9E01DF02CFB1DF02BFB7349704B18685D
S2140037801EF069FCB1E7012004F086F90028B1D0EC
S2140037901DF01DFB1DF01CFB22466C49684B18688B
S2140037A01EF059FCA6E7032004F076F9002851D154
S2140037B00BA81FF088FC68461DF08EF90DF12C0C46
S2140037C0EE46BEE80F00ACE80F00BEE80F00ACE81F
S2140037D00F00DEF80030CCF80030584B1A680C9B0F
S2140037E00D9213F0FF0F04D123F0FF0343F0010303
S2140037F00C93574B0F934FF440730A930AA81DF08F
S2140038007CF90A9B0E934FF410510BA81DF084F917
S2140038108023ADF82E3001230C93484B10224D49DF
S2140038200BA81FF0E5FB04460BA81FF04CFCDCB908
S214003830032004F031F900283FF474AF1DF0C7FAF6
S2140038401DF0C6FA3D4B1A6843493D4B18681EF0FA
S21400385002FC67E71DF0BBFA1DF0BAFA3F49384B89
S21400386018681EF0F8FBA3E7012004F015F90028FD
S2140038703FF458AF1DF0ABFA1DF0AAFA22463849BD
S2140038802F4B18681EF0E7FB4CE71DF0A0FA1DF062
S2140038909FFA34492A4B18681EF0DDFB42E71DF0FC
S2140038A096FA1DF095FA22462F49254B18681EF009
S2140038B0D2FB44E7FFF77CFC05E0012004F0ECF8BF
S2140038C0E0B9FFF775FC0023284A1370284A1360F6
S2140038D0284A1360284B4FF6FF721A80FFF7ACFC9D
S2140038E0FFF7F0FCFFF74EFD032004F0D5F880B993
S2140038F0032004F0D1F8B0B914B010BD1DF067FA7B
S2140039001DF066FA22461D490D4B18681EF0A3FBF3
S214003910D7E71DF05CFA1DF05BFA1949084B1868EA
S2140039201EF099FBE4E71DF052FA1DF051FA154916
S214003930034B18681EF08FFBDEE700BF5024002004
S214003940F8380120EC6C0200D46B02000C6C02000C
S21400395000444004002000206C6C0200446C02000E
S214003960906C0200B06C0200D06C0200635D012017
S21400397010A800200CA8002092210020146D020040
S214003980486D0200606D020010B51F4B1C6C14F0F1
S214003990100F0DD01D4A1368013313601A4B102206
S2140039A09A6405E01A4B198015E01A4B1B7803B38E
S2140039B0154B1B6913F0800F22D0134BD969C9B27F
S2140039C0154A136801331360114B1B889BB24FF6E0
S2140039D0FF729342E6D0114B1B889BB2872BE4D82C
S2140039E00E4803889BB25A1C92B202800C4AD154ED
S2140039F0DBE70C490C48FFF7A5FA034B5863D7E7FB
S214003A00014B9C6410BD00BF0000014078260020DA
S214003A10902100205D5D012084260020945C01201A
S214003A2014A80020605D01208A5C012010B582B0D9
S214003A30504B5C6B14F4C06F22D114F0040F0FD0FF
S214003A404C49CB6903F001034B4A13700423CB6344
S214003A504A4B002119801378DBB9464B04225A6082
S214003A6014F0400F05D0434B4022DA63424B1B78DC
S214003A70BBB914F0800F20D03E4B8022DA631CE0E6
S214003A8020225A60DC6300233C4A13803A4A1370B3
S214003A906EE03B4801803B49FFF754FA354BD8624D
S214003AA0DBE738493648FFF74DFA324BD862E0E795
S214003AB0304BDB692F4B04225A602E4BDB6813F425
S214003AC0807F10D02D4B1B889BB2872BF0D8294BBC
S214003AD0DA692A4803889BB2591C89B20180D2B29F
S214003AE02949CA54E6E714F4803F3BD0224B1B78A2
S214003AF0002B30D10193019B632B0ADC1D4BDB6846
S214003B0013F4807F05D1019B01330193F3E7194B32
S214003B10DB69184BDB6813F4807F10D0174B1B88CB
S214003B209BB2872BF3D8134BDA69144803889BB2F1
S214003B30591C89B20180D2B21349CA54E9E70F4B27
S214003B401B889BB23BB10D4B1B889BB20F4A138060
S214003B500F4B01221A70074B4FF48032DA63064B84
S214003B6000221A7024F4803424F0C404014BDC6371
S214003B7002B010BD00C000405F5D0120945C0120D3
S214003B808C5C0120615D012014A80020925C01205D
S214003B90625D0120BFF34F8F0549CA6802F4E062F8
S214003BA0044B1343CB60BFF34F8F00BFFDE700BF4E
S214003BB000ED00E00400FA05034B1878034B1B7871
S214003BC0C01A00F07F0070476A5D0120695D012021
S214003BD010B501460F4C237803EB831203EB8203E8
S214003BE040F205120C48184421F0AFFE237801334A
S214003BF003F07F0323702278D2B2084B1B78DBB227
S214003C009A4200D010BD054A1378013303F07F03B3
S214003C101370F7E76A5D012074AE0020695D01202D
S214003C20072940F2A2802DE9F84304794379827986
S214003C3090F807C0042C00F29080072B00F28D80CD
S214003C40002A00F08A80082A00F287800CF102051C
S214003C50B1EB850FC0F0818004EB841104EB810189
S214003C60424D0D447BB990F802E0404F07F801E062
S214003C706C70C678AE704678EE7000262E713C49A1
S214003C800E553C490A5504EB841E04EB8E0E37494C
S214003C907144CE7841788E425FD1344E16F80E606D
S214003CA081788E4259D1314971448E78C1788E42DE
S214003CB053D13049095D91424FD103EB83084FEA57
S214003CC0880800211BE08F1C00EB870610F8277081
S214003CD096F801E047EA0E2704EB841E04EB8E0EEE
S214003CE00EEB890EDFF88490CE44AEF80570B778F8
S214003CF0F67847EA0626AEF807600131C9B2614594
S214003D0004D208EB0109B9F13F0FDCD9C444BCF179
S214003D10400F01D94FF0400C04EB841004EB8000F8
S214003D20124901440979614507D204EB841004EB7B
S214003D3080000E49014481F804C00D4E305D01211B
S214003D4001FA03F3DBB21843305501FA02F3DBB293
S214003D50013BDAB20340934201D0BDE8F88328461F
S214003D60FFF736FF00223255F7E7704758A90020C4
S214003D7050A9002048A90020C388032B03D9104B64
S214003D801B78032B00D07047836899780D4A127809
S214003D909142F8D1DB780C4A1278534013F07F0F2B
S214003DA0F1D190F90510094A13680B44136090F995
S214003DB01020074B1A70074A138801331380E2E776
S214003DC07B5D01207A5D0120795D0120BC320120F7
S214003DD0755D01209A5C01200A4B1B786BB1094B7C
S214003DE01B78DBB2032B0AD0064B1B78DBB2022B08
S214003DF001D0012070470020704700207047002047
S214003E00704700BF635D0120002301E00133DBB291
S214003E10032B10D81946094A02EBC3021279002A6E
S214003E20F4D0064A12F833208242EFD1034B03EB5C
S214003E30C103588870474FF6FF707047F432012070
S214003E40014B01221A707047865D01200023184638
S214003E5001E00133DBB2032B10D8094A02EBC302A0
S214003E601279002AF5D0064A02EBC30251884FF6B3
S214003E70FF729142EDD00130C0B2EAE7704700BF52
S214003E80F432012000B583B0032003F005FE10B91C
S214003E9003B05DF804FB1CF09AFF1CF099FF084B7A
S214003EA01A78084B1B780193074B1B680093074B47
S214003EB01B680749074800681EF0CDF8E8E700BF12
S214003EC0635D0120CC21002010A800200CA8002053
S214003ED0D86D0200F838012030B583B00023019376
S214003EE004230DEB030202213348006813F014FA92
S214003EF008B9002423E0032003F0CEFD08B903B080
S214003F0030BD1CF064FF1CF063FF2C492C4B186876
S214003F101EF0A1F8F3E70133DBB2032B0BD8294AD6
S214003F2002EBC3021279002AF5D0264911F83310A5
S214003F30A942F0D100E00022AAB10134E4B2032C79
S214003F40DDD804F108036B4413F8045C6B1EDBB287
S214003F50032BF2D82846FFF757FF4FF6FF73984219
S214003F60EBD10023D9E70023032BE6D8154A02EB52
S214003F70C302127912B10133DBB2F5E7114A02F837
S214003F80335002EBC3034FF6FF725A8001221A71B8
S214003F9000225A719A71032003F07EFD0028CCD0CF
S214003FA01CF015FF1CF014FF2A460749044B18683E
S214003FB01EF051F8C1E700BF882000200C6E0200FA
S214003FC0F8380120F4320120446E020010B582B0A9
S214003FD00023019306E0002108326A4402F8041C1C
S214003FE00133DBB2032B0AD81A46134901EBC3018F
S214003FF009790029EFD0104911F83310ECE70423B3
S2140040000DEB030202210D48006813F03BF904464D
S21400401008B902B010BD012003F03EFD0028F8D01C
S2140040201CF0D5FE1CF0D4FE22460549054B186848
S2140040301EF011F8EDE700BFF432012088200020C2
S214004040846E0200F838012070B582B00446431E24
S214004050DBB2032B03D80D464FF0000C34E00120F2
S21400406003F01AFD002800F087801CF0B0FE1CF05C
S214004070AFFE22464649474B18681DF0ECFF7BE032
S2140040801CF0A5FE1CF0A4FE434B03EBC6030095F4
S2140040905B88224641493F4800681DF0DCFF2CE063
S2140040A0032003F0F9FC70B31CF091FE1CF090FEA8
S2140040B02B4622463A49374800681DF0CCFF22E0DE
S2140040C00CF1010C5FFA8CFCBCF1030F21D866469C
S2140040D0314B03EBCC0E9EF80430002BF0D02E4B69
S2140040E013F83C30A342EBD1BEF80230AB42D7D037
S2140040F0032003F0D1FC0028C2D1274B03EBC603F4
S2140041005D80FFF763FF244B03EBC60301225A7161
S21400411032E04FF0000C10E01CF059FE1CF058FE88
S21400412000962B4622461F491A4800681DF093FF4A
S2140041301BE00CF1010C5FFA8CFCBCF1030F17D8E6
S2140041406646154B03EBCC031B79002BF1D1124BC3
S21400415003F83C4003EBCC035D8001221A715A71D0
S214004160032003F099FC0028D6D1FFF72FFF03E0C9
S214004170012003F091FC08B902B070BD1CF027FEC8
S2140041801CF026FE0849034B18681DF064FFF3E791
S214004190AC6E0200F8380120F4320120D46E020022
S2140041A0FC6E0200286F0200586F020000B583B054
S2140041B0A0B1114B1B7813B103B05DF804FB0120CE
S2140041C01CF0E2FC0023019300930C4A0A210C48E1
S2140041D01EF050FA084B01221A70EDE7064B1B78CA
S2140041E0002BE9D0064809F06FFA01201CF0D9FC34
S2140041F0014B00221A70DFE76E5D01202D0B0200D6
S2140042007431012008B50C4B1B781BB90B4B1B787F
S2140042103BB908BD0A4809F057FA074B00221A7046
S214004220F4E7084B187800F07F0003F0F3F9034B2F
S21400423000221A70EDE700BF725D0120735D012059
S2140042409C310120795D012008B5114B1B7803B91C
S21400425008BDFFF7D7FF00210E4B18881EF0EAFBBB
S21400426000200B4B1870FFF7A1FF1EF0F7F90A4B62
S2140042701860032003F010FC0028E9D01CF0A7FD0E
S2140042801CF0A6FD0549064B18681DF0E4FEDFE7A6
S2140042907B5D01209C5C012098310120786F020034
S2140042A0F838012008B51EF0D9F909F071FB034B68
S2140042B0A3FB0030C0F38F1008BD00BFD34D6210C3
S2140042C070B5114C2478013404F00F040F4D2D788E
S2140042D0EDB2A54216D00C4E96F800C05FFA8CFCE4
S2140042E00B4D05F83C0005EBCC056970AA70EB7029
S2140042F09DF810302B719DF814306B71FFF7D2FFCC
S214004300E880347070BD00BF6D5D01206C5D0120DB
S214004310F43001200023032B70D830B585B029E097
S2140043201CF055FD1CF054FD364A02EBC4035B88B6
S21400433012F834203449354800681DF08CFE50E0F1
S214004340012003F0A9FB18B9314B00221A704FE088
S2140043501CF03DFD1CF03CFD2B462A4A12F834208A
S2140043602C492A4800681DF076FEEDE70133DBB2E3
S214004370032B3FD8284A14781C4404F00304214A2F
S21400438002EBC4021279002AF0D01E4A02EBC402E5
S21400439050884FF6FF729042E8D0631C03F0030388
S2140043A01D4A1370174B03EBC40100224A7113F821
S2140043B034301A490B70B0218DF80C108DF80D3082
S2140043C0174B1B78019303AB0093022319461EF08C
S2140043D071FB05460028B3D1032003F05DFB0028DF
S2140043E09ED10B4B01221A701EF038F90D4B186047
S2140043F005B030BD064B00221A70F9E7044B0022C8
S2140044001A707047F4320120AC6F0200F8380120B1
S2140044107E5D0120CC6F0200815D01207F5D012062
S214004420CD210020E832012030B585B00446F023C7
S2140044308DF80830184B1B788DF80930174B1B6821
S2140044408DF80A30C3F307228DF80B20C3F307421A
S2140044508DF80C201B0E8DF80D30114B1B78019338
S21400446002AB00930623002202211EF023FB08B9AC
S21400447005B030BD0546012003F00EFB0028F7D03E
S2140044801CF0A5FC1CF0A4FC2B4622460549064859
S21400449000681DF0E0FDEBE7CA21002010A8002010
S2140044A0CD210020F06F0200F838012000B583B05F
S2140044B0032003F0F1FAA0B90023144A1360144A4B
S2140044C01370144A1370144B1888FFF7ADFF1EF0D4
S2140044D0C5F8124B1860124B04221A7003B05DF830
S2140044E004FB1CF074FC1CF073FC0E4B1B68019361
S2140044F00D4B1B7800930D4B1B78074A12880C490E
S2140045000C4800681DF0A7FDD6E700BFF03201207A
S214004510875D0120835D0120922100203C3301202D
S214004520635D012010A80020CA210020CC210020B5
S2140045301C700200F838012000B585B0C0238DF845
S21400454008300E4B1B788DF809300D4B1B788DF814
S2140045500A300C4B1B788DF80B3004238DF80C308A
S2140045600022019202AB0093052302214FF6FF7052
S2140045701EF0A0FA05B05DF804FB00BF775D0120D1
S2140045807A5D0120795D012000B583B00023154ACD
S2140045901370154A1370154A1370FFF757FC38B19D
S2140045A0134B01221A70FFF7B5FE03B05DF804FB4B
S2140045B0032003F071FA48B90023019300930D4AD3
S2140045C041F288310C481CF00CFBEEE71CF0FFFBB8
S2140045D01CF0FEFB41F288320849094B18681DF0B2
S2140045E03AFDE9E7815D0120805D01207E5D0120C6
S2140045F07D5D012089450000C83201205070020010
S214004600F838012030B583B0284B1B78DBB9284B2F
S2140046101C780134E4B21C70FFF718FC054608B19C
S21400462084423FD3032003F037FA58BB0023214AC5
S214004630137001930093204A41F288311F481CF002
S214004640D0FA03B030BD1EF009F81D4B1B68C01A27
S21400465009F09EF940F2DB539842F2D9032003F0AA
S2140046601BFA18B9114B00221A70D0E71CF0AFFBEA
S2140046701CF0AEFB134B1A781349144B18681DF048
S214004680EAFCEFE71CF0A3FB1CF0A2FB41F2883328
S21400469000932B46064A12780D490C4800681DF018
S2140046A0DAFCC3E7FFF736FECBE700BF7E5D0120EE
S2140046B0805D01207D5D012089450000C832012013
S2140046C0E83201207F5D012080700200F83801206A
S2140046D09C700200F0B585B00D46032940F282803A
S2140046E04678837846EA0326C778041D3B1D8B422E
S2140046F000F288807B1E13F0800F40F09480994B68
S2140047001B78DBB2012B15D0974B1B68002B00F0F3
S2140047109A800023954A1360954A1380954BAA22E7
S2140047201A70904B01221A70032003F0B5F9002886
S21400473040F094804FF6FF739E4204D08C4B1B884B
S214004740B34240F09580884B1A682AB1874B1B68A5
S2140047503B449A42C0F09F803B4622468349096804
S214004760002003F017FC0546002840F0AC803B46CE
S214004770814A7E490968002003F0EEFB38B93A46C4
S21400478021467D4821F07EF9002840F0B280774A25
S21400479013683B44136076490A8801320A804FF654
S2140047A0FF72964200F0B980744BA3FB06231B09E8
S2140047B0322202FB13639BB2002B40F08B80032057
S2140047C003F06AF9002800F085801CF000FB1CF05E
S2140047D0FFFA664B1B68324669496A4800681DF056
S2140047E03AFC77E0012003F057F9002872D01CF05D
S2140047F0EEFA1CF0EDFA2A466349624B18681DF083
S2140048002AFC67E0012003F047F9002862D01CF07C
S214004810DEFA1CF0DDFA2B1F3A465C495948006860
S2140048201DF019FC56E0012003F036F9002851D09F
S2140048301CF0CDFA1CF0CCFA3A465549514B186894
S2140048401DF009FC46E002A9002003F067FB0028E3
S2140048507FF45FAF039A444B1A605AE71CF0B7FA2E
S2140048601CF0B6FA4B49474B18681DF0F4FB61E79D
S214004870022003F011F900283FF465AF1CF0A7FAF8
S2140048801CF0A6FA3A4B1B88324643493D4800685E
S2140048901DF0E1FB57E7012003F0FEF818B9314B95
S2140048A008221A7016E01CF092FA1CF091FA2E4BB1
S2140048B01B6800933B462D4A126838493148006809
S2140048C01DF0C9FBEBE7012003F0E6F820B9254B05
S2140048D008221A7005B0F0BD1CF079FA1CF078FAC0
S2140048E02B46224A12682E49264800681DF0B3FB64
S2140048F0EDE7012003F0D0F818B91A4B08221A7019
S214004900E8E71CF064FA1CF063FA184B1A682549AD
S2140049101C4B18681DF09FFBEFE7234A1360114BF2
S21400492002221A70032003F0B7F878B9032003F0C8
S214004930B3F80028CED01CF04AFA1CF049FA04223C
S2140049401A49104B18681DF086FBC3E71CF03FFAA7
S2140049501CF03EFA144B1A6815490A4B18681DF0ED
S2140049607AFBE3E7635D0120EC3201200CA800200F
S2140049709E5C0120CA2100209CA800201F85EB51C8
S21400498080720200F8380120D0700200EC7002003D
S2140049901C710200387102006471020090710200FE
S2140049A0B8710200DC71020010A800203872020004
S2140049B00472020030B583B0012924D944786946D0
S2140049C0204603F0ABFA00282DD114B9019A364BD5
S2140049D01A60032003F060F8002839D1204603F05F
S2140049E0F7FA054600283ED1032003F055F80028C4
S2140049F04ED1002C3ED100232C4A13602C4A138043
S214004A002C4A137036E00C46012003F045F888B3B4
S214004A101CF0DDF91CF0DCF922462749274B186804
S214004A201DF019FB26E0022003F036F828B9002C0A
S214004A30CFD11D4B00221A60CBE71CF0C8F91CF042
S214004A40C7F922461E491D4B18681DF004FBEEE709
S214004A501CF0BDF91CF0BCF922461A49174B186821
S214004A601DF0F9FABAE7012003F016F820B9114B49
S214004A7008221A7003B030BD1CF0A9F91CF0A8F982
S214004A802B46224610490D4800681DF0E4FAEEE772
S214004A901CF09DF91CF09CF922460C49074B18683F
S214004AA01DF0D9FAA5E700BFEC3201200CA80020C3
S214004AB09E5C0120635D01209C720200F838012094
S214004AC0BC720200F872020018730200387302000B
S214004AD038B5012922D94478644B1B78DBB2022B07
S214004AE02BD1002C3AD0631EDBB2032B00F28F8052
S214004AF02046FFF789F905464FF6FF73984200F007
S214004B0097805B4B1C705B4B1880032002F0C4FF41
S214004B10002840F09E80FFF7C9FC38BD012002F057
S214004B20BBFF0028F9D01CF052F91CF051F952498D
S214004B30524B18681DF08FFAEFE7012002F0ACFF29
S214004B400028EAD01CF043F91CF042F9474B1A78CB
S214004B504B494A4B18681DF07EFADEE7032002F048
S214004B609BFF80B90021084603F0AAFAA8B90020E6
S214004B7003F04CFA68B3012002F08EFFF8B93B4B05
S214004B8002221A70C9E71CF022F91CF021F93D49EF
S214004B903A4B18681DF05FFAE4E7012002F07CFF4C
S214004BA018B9324B02221A70B7E71CF010F91CF045
S214004BB00FF93549314B18681DF04DFAF1E71CF036
S214004BC006F91CF005F931492C4B18681DF043FA1C
S214004BD0D5E702F0C3FB032002F05EFF50B90023C6
S214004BE02B4A934210D82B4A126912F0200F0BD191
S214004BF00133F5E71CF0EBF81CF0EAF826491F4BEA
S214004C0018681DF028FAEAE703F05AF985E701204C
S214004C1002F042FF002880D01CF0D9F81CF0D8F82B
S214004C20042322461D49154800681DF014FA74E74F
S214004C30012002F031FF00283FF46FAF1CF0C7F8E8
S214004C401CF0C6F8224616490C4B18681DF003FAED
S214004C5063E71CF0BCF81CF0BBF82B462246114953
S214004C60064800681DF0F7F955E700BF635D0120B0
S214004C70CC210020922100204C730200F83801203D
S214004C8078730200B0730200D87302001874020032
S214004C909F86010000080140407402007074020004
S214004CA0A0740200D4740200154B1B7803B1704741
S214004CB010B582B0044602F08BFC80B1104B012286
S214004CC01A700023019300930E4A4FF4C8710E48E1
S214004CD01BF087FF38B90D4B01221A7003E0012044
S214004CE002F0DAFE08B902B010BD1CF070F81CF035
S214004CF06FF822460649074B18681DF0ACF9F2E734
S214004D00735D0120194D00009C310120725D012069
S214004D101C750200F838012008B502F071FC024B41
S214004D2001221A7008BD00BF715D012010B59A4BB4
S214004D301B78043B042B00F22381DFE813F0050008
S214004D409200B300EF001501944B1B78002B40D067
S214004D50032002F0A1FEA8B9914B1A78914B19686E
S214004D60914B188809F03CFE0446F8B9032002F07F
S214004D7093FE88B91DF072FC8C4B1860864B05229A
S214004D801A70FDE01CF023F81CF022F88849894BC5
S214004D9018681DF060F9DFE71CF019F81CF018F829
S214004DA08549844B18681DF056F9E3E7012002F0A8
S214004DB073FE18B9784B08221A70E1E01CF007F869
S214004DC01CF006F822467D497A4B18681DF043F918
S214004DD0F0E71DF043FC754B1B68C01A08F0D8FDC1
S214004DE042F21073984240F2CB80754A1378013332
S214004DF0DBB21370032B1AD9012002F04DFE50B916
S214004E00704BFF221A70684B4FF6FF721A80624B87
S214004E1002221A70B4E01BF0DAFF1BF0D9FF684BD1
S214004E201A786949634B18681DF015F9E8E7012000
S214004E3002F032FE40B95C4B1888FFF7F5FA1DF019
S214004E400DFC5A4B18609BE01BF0C1FF1BF0C0FF27
S214004E5003235B4A12785D49564800681DF0FBF84C
S214004E60E9E71DF0FBFB514B1B68C01A08F090FDEC
S214004E700446574B984240F28380012002F00CFE15
S214004E8028B909F01FFE444B08221A7078E01BF080
S214004E909EFF1BF09DFF22464E49464B18681DF0AC
S214004EA0DAF8EEE74C4B1B78002B69D04A4B002211
S214004EB01A70032002F0F0FD88B93B4B1A88384B75
S214004EC019784FF4FA6009F0C7FD044698B91DF04A
S214004ED0C5FB364B1860304B07221A7050E01BF0AB
S214004EE076FF1BF075FF4FF4FA623C49314B1868A9
S214004EF01DF0B1F8E1E7012002F0CEFD18B9264B0F
S214004F0008221A703CE01BF062FF1BF061FF22468D
S214004F103349284B18681DF09EF8F0E71DF09EFBFD
S214004F20224B1B68C01A08F033FD044647F2305384
S214004F30984225D9012002F0AFFD50B9214BFF223F
S214004F401A70194B4FF6FF721A80134B02221A7012
S214004F5016E01BF03CFF1BF03BFF22462149154B99
S214004F6018681DF078F8E9E7012002F095FD40B9D1
S214004F70144BFF221A7000231B4A1380064A137034
S214004F8010BD1BF024FF1BF023FF1849094B1868BF
S214004F901DF061F8ECE700BF635D0120875D01202E
S214004FA0CA21002010A80020922100203C330120B6
S214004FB044750200F83801207475020094750200EA
S214004FC0835D0120CC210020B4750200F475020038
S214004FD0E093040020760200865D01204C760200F5
S214004FE0787602009C7602009E5C0120D476020051
S214004FF0014B1878704700BF7C5D0120054B1B787D
S2140050002BB1054B1868A0F50010C00870470020AB
S214005010704700BF7C5D01201420002070B590B062
S2140050203D4B00221A7003A802F060FF079A9AB15F
S214005030D3680BB94FF4805338490B601469B4F544
S214005040800F18D313B113F0070F30D0012002F0F1
S21400505023FD00BB10B070BD012002F01DFD00282E
S214005060F8D01BF0B4FE1BF0B3FE2D492D4B18688C
S2140050701CF0F1FFEEE7012002F00EFD0028E9D05B
S2140050801BF0A5FE1BF0A4FE22462749254B1868F8
S2140050901CF0E1FFDEE71BF09AFE1BF099FE1F4BAB
S2140050A01A6822491F4B18681CF0D5FFD2E74FF448
S2140050B000130293042302AA10211D48006812F070
S2140050C02BF948B9029BB3F5001F05D3B3F5800F43
S2140050D002D813F0070F02D04FF400130293154BBB
S2140050E0029A1A600C4B01221A70032002F0D4FCBC
S2140050F00028AFD01BF06BFE1BF06AFE094B1D6844
S214005100064B1E68FFF77AFF0090234632460A4990
S21400511028461CF0A0FF9DE77C5D012010200020A3
S214005120F0760200F8380120207702005C77020053
S21400513088200020142000209C77020038B5294BD8
S2140051401C7824B30546002847D0274B186800F182
S2140051500803B3F5800F42D8244B1968B0FBF1F36F
S21400516001FB130313B903F011F890B9082229467E
S2140051701D4B186802F0ECFFE8B91B4A13680833A9
S2140051801360042310211A48006812F07BF82046AA
S21400519038BD012002F080FC08B90024F7E71BF0B8
S2140051A016FE1BF015FE104B1A681249124B1868B3
S2140051B01CF051FFF1E7012002F06EFC08B9002454
S2140051C0E5E71BF004FE1BF003FE074B1A680B49CD
S2140051D0094B18681CF03FFFF1E70024D7E70024CE
S2140051E0D5E700BF7C5D01201420002010200020A1
S2140051F088200020CC770200F8380120E8770200EB
S21400520038B502230CE00C4D28780C4B03EBC0009D
S214005210FFF794FF2B78013303F00F032B70234620
S2140052205C1EE4B23BB1044B1A78D2B2044B1B7836
S214005230DBB29A42E7D138BD6C5D0120F430012024
S2140052406D5D012008B5054A4FF400131360042372
S21400525010210348006812F015F808BD142000203D
S21400526088200020024B1B78DBB2024A137070477E
S2140052706A5D0120695D01201D4B1B785A1C042ABB
S2140052800ED8D3B21A4A13701A4AD25C1A4B1A7046
S2140052901A4B1B78042B0DD8194B01221A70704735
S2140052A00023134A1370144A1370144A13780133F8
S2140052B01370EDE710B50020114B1870FEF776FF5F
S2140052C01DF0CCF90F4B1860032002F0E5FB00B987
S2140052D010BD1BF07CFD1BF07BFD0B4B1C681BF010
S2140052E09CFC0246094920461CF0B5FEF0E700BFCC
S2140052F0785D012048860200795D01207A5D0120F4
S2140053007B5D012098310120F838012004780200E6
S21400531030B5C5B0FFF774FF1DF0A0F904465B4B2F
S2140053201B78013B032B1BD8DFE803F0021C36A4D6
S214005330FFF702F91DF086FB554B18800023554AEF
S2140053401360554A1380554A1370554A1370554AD0
S2140053501380554A1370554B1C604C4B02221A7032
S21400536045B030BD514B1868201A08F011FB1D28B7
S214005370F6D94F4B1878002100F07F001DF05AFB3D
S21400538038B94A4B1C604B4B1C60404B03221A70CA
S214005390E6E7FFF771FFE3E7444B1868201A08F0CA
S2140053A0F7FA0546444B1B784BB9444B1B781BB9A0
S2140053B0132801D9E5283ED90BB1E52D42D83E4B3E
S2140053C01B7843B1384B1B782BB94F2DC8D902F048
S2140053D0D7F8002839D1F92DC2D9FEF713FF0021DE
S2140053E02B4B18881DF026FB334B1B78EBB12D4A50
S2140053F01288D2B18DF8083000238DF809302C4B76
S2140054001B788DF80A302E4B1B788DF80B30402A0F
S2140054102ED8D2B28DF80C2092002A490DF10D003C
S21400542020F093FA02A8FEF7D3FB204B1C60174B24
S21400543004221A7094E71E4B187800F07F00FFF7DE
S21400544033FCBCE7FEF7DEFEB9E7194B187800F030
S2140054507F0078230193082300934023194A0146CE
S21400546002F0E6F80F4B18800F4B01221A70B2E7D5
S2140054704022CFE70D4B1868201A08F089FAB0F5DD
S214005480FA7FFFF46DAFFFF7F7FE69E77B5D01205B
S2140054909C5C0120BC3201209A5C0120755D0120D5
S2140054A0765D0120985C0120745D0120C4320120E5
S2140054B0795D0120C03201207A5D0120735D0120F4
S2140054C0775D0120BC310120024B1878003818BFE8
S2140054D0012070477B5D012008B5254B1B7803B182
S2140054E008BDFEF779FC28BB02F04AF8002830D049
S2140054F00023204A1370204A1370204A1370204A53
S2140055001378013313700120FEF750FE184B01226A
S2140055101A70032002F0C0FA0028E1D01BF057FCF6
S2140055201BF056FC052304221649174800681CF099
S21400553092FDD5E7032002F0AFFA0028D0D01BF08A
S21400554046FC1BF045FC11490F4B18681CF083FD08
S214005550C6E7012002F0A0FA0028C1D01BF037FCF5
S2140055601BF036FC0A49084B18681CF074FDB7E7B8
S2140055707B5D01207A5D0120785D0120795D012048
S214005580775D012098780200F83801202C78020018
S2140055905478020038B504461DF03CFA10B90025D0
S2140055A0284638BDFEF718FC0028F8D101F0E8FFC1
S2140055B00028F4D0FFF790FFFFF786FF0546002887
S2140055C0EED04EF6602008F079F92044044B1860BF
S2140055D0044B01221A70044B00221A70E0E700BF49
S2140055E0943101206F5D0120665D012008B50F4BE8
S2140055F01B7813B1FFF768FF00B108BD1DF00AFA6B
S2140056000028FAD01DF02AF8094B1B7843B9094B3D
S2140056101B68C01A08F0BCF947F22F539842ECD921
S214005620034B00221A70FFF757FFE6E7705D012074
S214005630CB21002098310120034B187010B1034B8A
S21400564001221A70704700BF705D0120CB21002038
S214005650014B1878704700BF705D0120014B187031
S214005660704700BF655D0120014B1878704700BF8A
S214005670655D0120034B1B780BB1012070470020AD
S214005680704700BF685D0120014B1888704700BF57
S214005690965C0120034B1B780BB10120704700205D
S2140056A0704700BF675D0120002879D02DE9F041E2
S2140056B0044648F28213994202D80020BDE8F081E1
S2140056C048F28312002120F007FAA5232370FFF783
S2140056D0D1FF6070FFF7D8FFA0706423E370FFF778
S2140056E0D9FF20710825002626E008EB8300053048
S2140056F004EB000C0EEB8E110EEB810101EB830127
S214005700284A0A44B2F905102154B2F80510090ACD
S2140057108CF80110B2F907108CF80210B2F80720C6
S214005720120A8CF803200133DBB2BB42DDD305F24C
S2140057300515ADB20136F6B2FEF73EFA20B37E2E60
S21400574022D819490B785FFA83FE0A78013202F0F4
S2140057507F020A70134903EB831203EB8203CA1815
S2140057601779402F28BF4027A846CB5C63556B1C93
S2140057705178E154AB1C9178E154EB1CD278E2549A
S2140057802B1DE7540023D0E76671084A13780133CF
S214005790DBB21370A3710023E37148F283108DE728
S2140057A00020704774AE0020695D01206B5D01200B
S2140057B008B5034B00221A70FDF768FF08BD00BF4E
S2140057C0675D012010B5FFF765FF30B1032002F0DA
S2140057D063F988B9FFF7ECFF10BD032002F05CF90F
S2140057E00028F9D01BF0F3FA1BF0F2FA09490A4B2D
S2140057F018681CF030FCEFE71BF0E9FA1BF0E8FA3B
S214005800054B1C68FFF740FF0246044920461CF083
S21400581022FCDFE7C8780200F8380120F47802009E
S214005820834B1B7823B9834B1B78002B00F0FE803C
S21400583070B582B01CF012FF0446FFF745FE002844
S2140058402CD17B4B1B78002B49D17A4B1B781BB392
S214005850794B1B781BB1794B1B78002B65D1764BA7
S2140058601B78002B75D1764B1B88632B00F291803A
S2140058702046FFF78FFE002840F09F80714B1B7874
S214005880002B00F09D80704B1868201A08F080F8F6
S2140058906E4B984200F2B48002B070BD644B1B7829
S2140058A0002BF9D06A4B1B68E31A002BF4DBFEF7DB
S2140058B0CBFC5F4B00221A70012002F0EDF80028A6
S2140058C0EAD01BF084FA1BF083FA624B1C681BF0CC
S2140058D0A4F90246604920461CF0BDFBDCE7544BA9
S2140058E000221A70564A1388013313801BF095F96C
S2140058F00546514B01221A70FDF780FE574B1C607F
S214005900514B1C60032002F0C7F800289DD01BF006
S2140059105EFA1BF05DFA00956423494A12885049E6
S2140059204C4800681CF097FB8FE7032002F0B4F8A1
S21400593010B9FFF73DFF92E71BF049FA1BF048FA53
S21400594064233F4A12884749424800681CF083FB9C
S214005950EFE7424B1868201A08F01AF847F22F5360
S214005960984299D9012002F097F838B9FFF77AFCE7
S214005970314B00221A70FDF789FE74E71BF027FAF8
S2140059801BF026FA1E223849324B18681CF063FBBF
S214005990ECE7284B00221A70032002F07DF800285E
S2140059A03FF47AAF1BF013FA1BF012FA64222F4969
S2140059B0284B18681CF04FFB6EE7234B1C606BE708
S2140059C0032002F069F818B91E4B01221A705AE734
S2140059D01BF0FDF91BF0FCF91E4B1D681DF01AF8B4
S2140059E050B10126FEF7F8F940B1012332462049AE
S2140059F028461CF030FBE7E70026F3E70023F5E730
S214005A000C4B00221A70012002F046F800283FF4E2
S214005A1043AF1BF0DCF91BF0DBF9094B1B88B42203
S214005A2014490C4800681CF016FB35E7704700BFA9
S214005A306F5D0120685D0120675D0120655D0120C6
S214005A40965C0120665D012040A900201FBF020071
S214005A5094310120F83801202879020044A900205A
S214005A606079020094790200B4790200F4790200A9
S214005A701C7A0200547A020038B5394B1B78FBB901
S214005A801BF0CBF8044668BBFDF700FE1CF0E6FDF5
S214005A900446334B01221A700023324A1380324ADE
S214005AA01370324A1370324A1060324A1370032061
S214005AB001F0F2FF40BB2046FFF76CFD78B338BD1F
S214005AC0032001F0E9FF0028F9D01BF080F91BF055
S214005AD07FF96423234A12882749284800681CF067
S214005AE0BAFAECE7012001F0D7FF10B9FFF7BAFBCE
S214005AF0CAE71BF06CF91BF06BF9224620491F4BD6
S214005B0018681CF0A8FAF1E71BF061F91BF060F9C1
S214005B1064221C49194B18681CF09DFACBE7032039
S214005B2001F0BAFF18B9134B01221A70C7E71BF031
S214005B304EF91BF04DF9114B1C681CF06BFF50B171
S214005B400125FEF749F940B101232A460E492046B1
S214005B501CF081FAE7E70025F3E70023F5E700BF2E
S214005B60685D0120965C0120675D01206F5D012065
S214005B7040A90020665D0120A07A0200F8380120C6
S214005B80C87A0200047B02003C7B02000F4B1B78A5
S214005B9003B9704710B500240C4B1C70FFF708FEC5
S214005BA00B4B1C70FEF750FB032001F075FF00B98D
S214005BB010BD1BF00CF91BF00BF9064B1A880649B2
S214005BC0064B18681CF047FAF2E700BF685D012034
S214005BD06F5D0120965C0120887B0200F83801206A
S214005BE00279531EDBB2012B00F27D812DE9F041D4
S214005BF084B00446C188002900F0E98080680378F4
S214005C00A02B1DD0C32B7BD8B12BC0F0F680B13BA8
S214005C10122B00F2F280DFE813F07E00F000F000B6
S214005C20F000F000F000F000F000F000F000F000EF
S214005C30F000F000F000F000F000D700DD00E1001A
S214005C40012913D961884078FEF7FEF9E388092B0D
S214005C501DD80023A44A934200F2B980A34A1269D1
S214005C6012F0200F40F0B3800133F3E7012001F07B
S214005C7013FF002800F0AB801BF0A9F81BF0A8F873
S214005C8062889B499B4B18681CF0E5F99FE003204F
S214005C9001F002FF08B9022510E01BF098F81BF08F
S214005CA097F8A3685A789449924B18681CF0D3F971
S214005CB0F1E7924B92491CF0CEF90135092D10DC24
S214005CC0032001F0E9FE0028F7D01BF080F81BF057
S214005CD07FF8884B1868A3685A5D082DE9DC894B65
S214005CE0E8E7032001F0D8FE0028B2D01BF06FF8DA
S214005CF01BF06EF884497F4B18681CF0ACF9A8E7D7
S214005D00F12B7AD1032001F0C7FE00286AD17F4B21
S214005D1001221A705BE0022959D94578867800235B
S214005D2001E00133DBB2032B11D81946784A02EBA7
S214005D30C3021279002AF4D0754A12F83320AA4218
S214005D40EFD1734B03EBC10301225A719E71E388B6
S214005D50032B27D9A368DF78032001F09DFE18B92E
S214005D606C4B00221A7032E01BF031F81BF030F852
S214005D70604B1868638817F0010F0FD0664A17F05B
S214005D80040F0DD04221C7F34007039702910192FA
S214005D9000962A4661491CF05EF9E1E7604AEEE7A4
S214005DA04121F0E7032001F077FE0028D8D01BF051
S214005DB00EF81BF00DF8009663882A4659494D48A0
S214005DC000681CF048F9CBE72046FDF7D5FF04B085
S214005DD0BDE8F081C9B21AF0F1FEF8E7C9B2FDF7E6
S214005DE01FFFF4E71AF0F3FF1AF0F2FF62884E493D
S214005DF0404B18681CF02FF989E7012AE7D14B4B76
S214005E001B7813F0010F03D0237813F0010FDED0B8
S214005E10032001F041FE08B900250BE01AF0D7FF79
S214005E201AF0D6FF62884249324B18681CF013F904
S214005E30F2E70135E388AB4210DD032001F02CFECB
S214005E400028F6D01AF0C3FF1AF0C2FFA3685A5D06
S214005E503849284B18681CF0FEF8EAE7A1680120CC
S214005E600DF05AFC0546A168043101200DF054FCE3
S214005E70002D34DB002785EAE573A3EBE5732E4A95
S214005E8082FB0341DE17C6EBA1164FF47A7101FBC5
S214005E90163682FB0534EB17C3EBA41383EAE374D0
S214005EA0A4EBE374A2FB00324FEA921801FB180839
S214005EB09509032001F0F0FD002888D01AF087FF2E
S214005EC01AF086FF0B4B18685FB11C4ACDF80880A5
S214005ED00195009623461A491CF0BDF877E701277E
S214005EE0C9E7184AF2E770479F860100000801409C
S214005EF0C07B0200F8380120E47B0200C09F02004D
S214005F00107C0200AC7B02001C7C0200875D012036
S214005F10F43201207E5D0120B07B0200207C02006E
S214005F20B47B02006C7C0200A07C0200CD21002025
S214005F30C07C0200D87C0200D34D6210B87B020001
S214005F40E07C0200BC7B020000B9704710B5044636
S214005F50032001F0A1FD00B910BD1AF038FF1AF0B9
S214005F6037FF22460249034B18681CF074F8F3E723
S214005F70087D0200F838012030B583B0902811D093
S214005F800446912835D0032001F086FD08B31AF0A8
S214005F901EFF1AF01DFF22462049214B18681CF0F0
S214005FA05AF816E0032001F077FDA0B9FF201CF098
S214005FB0A8FD00241B4B1C701B4D284607F084FBD5
S214005FC0019400942346194A40F6B83128461AF040
S214005FD008FE03B030BD1AF0FAFE1AF0F9FE104BB8
S214005FE01C681CF047FD0246114920461CF033F899
S214005FF0DCE7032001F050FD30B90A4B00221A708E
S214006000094807F061FBE4E71AF0E1FE1AF0E0FE4B
S2140060100849034B18681CF01EF8EEE7487D02009E
S214006020F83801207D5D0120C83201208945000036
S2140060301C7D0200387D020038B505460C4603205C
S21400604001F02AFD00B938BD1AF0C1FE1AF0C0FEF4
S2140060502B4622460249034800681BF0FCFFF2E785
S214006060607D0200F838012070B582B004460D4607
S2140060701A460B1A01330146002001F06DFFB0B935
S214006080214B1C68002C3CD06E1C642205FB0222AF
S214006090B2FBF4F41D4AA2FB04311D4B1B68A2FBA5
S2140060A00323DB08B3EBD10F14D301202AE0064606
S2140060B0012001F0F1FC08B9002023E01AF087FE69
S2140060C01AF086FE334622461249134800681BF033
S2140060D0C2FFF1E7032001F0DFFC18B90C4B1C608F
S2140060E001200FE01AF073FE1AF072FE064B1B68D2
S2140060F00093334622460949074800681BF0ABFF69
S214006100ECE7012002B070BD10A80020CDCCCCCCAE
S214006110F0320120A07D0200F8380120CC7D02007C
S21400612010B582B0E8B9032001F0B6FC78B90023B8
S214006130164A137001930093154A4FF4FA711548E6
S2140061401AF04FFD144B06221A7002B010BD1AF05A
S2140061503EFE1AF03DFE1149114B18681BF07BFFFE
S214006160E5E70446012001F097FC18B90A4B08221F
S2140061701A70EAE71AF02BFE1AF02AFE22460949A0
S214006180074B18681BF067FFF0E700BF865D01202D
S214006190413E00001C330120635D0120EC7D0200BF
S2140061A0F83801202C7E020010B550BB032001F009
S2140061B073FC70B9032001F06FFCC0B9194BFF22C5
S2140061C01A70194B4FF6FF721A80184B02221A707B
S2140061D010BD1AF0FCFD1AF0FBFD124B1B78124A9C
S2140061E012881349134800681BF035FFE2E71AF0DF
S2140061F0EEFD1AF0EDFD10490E4B18681BF02BFF54
S214006200DCE70446012001F047FC0028D6D01AF04F
S214006210DEFD1AF0DDFD22460849064B18681BF025
S2140062201AFFCBE7CC21002092210020635D0120DD
S214006230587E0200F83801208C7E0200C07E0200E4
S21400624010B580B10446012001F026FC00B910BD4F
S2140062501AF0BDFD1AF0BCFD22460A490A4B186822
S2140062601BF0F9FEF3E7032001F016FC0028EED041
S2140062701AF0ADFD1AF0ACFD0449034B18681BF08C
S214006280EAFEE4E7F07E0200F8380120107F020004
S214006290F0B583B004460D4616461F46032001F0AF
S2140062A0FBFB08B903B0F0BD1AF091FD1AF090FDA3
S2140062B0019700962B4622460249034800681BF0C9
S2140062C0CAFEEFE7287F0200F838012038B50546F9
S2140062D0FDF79AFD4FF6FF7398420ED00446294B01
S2140062E01D70032001F0D8FB30BB032001F0D4FB67
S2140062F0044668BB0124204638BD012001F0CCFBD3
S21400630028B9032001F0C8FB60B90024F3E71AF0AF
S2140063105EFD1AF05DFD2A461B491C4B18681BF0F3
S2140063209AFEEEE71AF053FD1AF052FD1849174B85
S21400633018681BF090FEE8E71AF049FD1AF048FDD1
S21400634023462A461349114800681BF084FECCE712
S2140063501AF03DFD1AF03CFD0C4B18680E4B1B78EE
S214006360DBB2032B0BD00C4B1B78DBB2022B04D01A
S2140063700A4A0B491BF06FFEBDE70A4AF9E7094ACD
S214006380F7E700BFCC210020687F0200F838012024
S214006390A87F0200DC7F0200635D01205C7F0200B4
S2140063A008800200547F020070B586B00446431E83
S2140063B0DBB2032B4BD86F4B1B7823B16D4B1B788E
S2140063C0DBB2022B56D12046FDF71EFD05464FF6E2
S2140063D0FF73984260D004A9002001F09FFD0028BA
S2140063E06BD1002606F10803059A934275D8082358
S2140063F00DEB03023146002001F0AEFD002840F010
S21400640087809DF808109DF8093041EA03219DF821
S2140064100A3041EA03419DF80B3041EA03619DF8DA
S2140064200CC09DF80D304CEA032C9DF80E304CEA5B
S214006430034C9DF80F304CEA036C059B634569D30B
S214006440B4440CF108064C4B9942CBD146E00120EF
S21400645001F022FB10B9002006B070BD1AF0B7FCA0
S2140064601AF0B6FC042322464449454800681BF04F
S214006470F2FDF0E7012001F00FFB08B90020EBE782
S2140064801AF0A5FC1AF0A4FC3A4B1A783D493C4B8E
S21400649018681BF0E0FDF1E7012001F0FDFA08B9ED
S2140064A00020D9E71AF093FC1AF092FC22463649EF
S2140064B0334B18681BF0CFFDF2E7012001F0ECFA31
S2140064C008B90020C8E71AF082FC1AF081FC2F49B0
S2140064D02B4B18681BF0BFFDF3E70026E6B1002142
S2140064E0084601F0EDFD38BB294B1E60294BAA2259
S2140064F01A70294B1C70294B1D801E4B02221A70E5
S214006500032001F0C9FA38BBFDF7D0FF0120A3E74E
S2140065100026E3E70026E1E7012001F0BDFA08B90E
S214006520002099E71AF053FC1AF052FC1C49144B51
S21400653018681BF090FDF3E7012001F0ADFA08B9EA
S214006540002089E71AF043FC1AF042FC15490C4B70
S21400655018681BF080FDF3E71AF039FC1AF038FCD7
S2140065600095234632461049054800681BF073FD27
S214006570CAE700BF635D0120FC0404FC288002001B
S214006580F83801205080020078800200AC800200BB
S21400659010A80020CA210020CC2100209221002033
S2140065A0D480020018810200508102002DE9F041DB
S2140065B084B0032001F070FA50B9032001F06CFAA1
S2140065C080B9032001F068FAB0B9002425462DE012
S2140065D01AF0FDFB1AF0FCFB7149724B18681BF0B1
S2140065E03AFDEAE71AF0F3FB1AF0F2FB6E496D4B40
S2140065F018681BF030FDE4E71AF0E9FB1AF0E8FB38
S2140066006A49684B18681BF026FDDEE72A271EE05D
S214006610DFF8D88125E0664B3FE0032001F03CFA26
S214006620002844D10135EDB20134E4B2032C50D831
S2140066302646604B03EBC4031B79002BF4D05D4B5E
S21400664013F834205C4B1B789A42DFD02027594B36
S21400665003EBC6035B884FF6FF729342D8D0DFF891
S21400666090814FF6FF718B42D7D0032001F014FAC9
S2140066700028D7D01AF0ABFB1AF0AAFB494B1868D3
S2140066803A464C4B13F8361003EBC6035F8893F874
S21400669006C05B79002BBED0484B0393CDF808C0EC
S2140066A001970091334646491BF0D5FCBAE71AF02D
S2140066B08EFB1AF08DFB3F4B13F83630CDF8048076
S2140066C0009333463A463F49364800681BF0C3FC01
S2140066D0A8E7A5B1032001F0DFF9F8B9032001F01F
S2140066E0DBF928BB032001F0D7F9002830D10320BE
S2140066F001F0D2F9002849D104B0BDE8F0810320AA
S21400670001F0CAF90028E5D01AF061FB1AF060FB28
S2140067102D49244B18681BF09EFCDBE71AF057FB4C
S2140067201AF056FB21491F4B18681BF094FCD5E75E
S2140067301AF04DFB1AF04CFB1A4B18681E4B1A78D1
S214006740FF2A03D021491BF086FCCBE70022F9E79D
S2140067501AF03DFB1AF03CFB124B18681C4B1B78DA
S214006760DBB2032B09D01A4B1B78DBB2022B09D005
S214006770174B1B7843B9174A00E0174A17491BF016
S2140067806AFCB4E7164AF9E7164AF7E71AF01FFB61
S2140067901AF01EFB1449034B18681BF05CFCABE7B1
S2140067A0F4810200F838012094820200D0820200B0
S2140067B0B8810200F4320120CC210020B081020012
S2140067C070830200A4830200D483020010840200B7
S2140067D0635D01205C7F0200D48102004C840200CD
S2140067E0C0810200E8810200688402009C810200E9
S2140067F0C09F020000B583B01F4806F065FF002367
S2140068001E4A13701E4A13701E4A13701E4A1370D7
S214006810032001F041F950B9FDF718FB88B11A4B77
S21400682001221A70FDF776FD03B05DF804FB1AF03E
S214006830CEFA1AF0CDFA1549154B18681BF00BFC6A
S214006840EAE7032001F028F948B9002301930093F2
S214006850104A41F2883108481AF0C3F9E4E71AF002
S214006860B6FA1AF0B5FA41F288320B49084B1868A6
S2140068701BF0F1FBE9E700BFC8320120815D012073
S214006880805D01207E5D01207D5D0120088502007F
S214006890F8380120894500001C85020070B5A2B0BA
S2140068A02D4B1C88A4B2882C00D9882422462B495C
S2140068B068461FF04AF894B19DF8005021462846D5
S2140068C01AF036F938B1062D35D8DFE805F0081687
S2140068D01B20252A2F00012001F0DEF808B922B07F
S2140068E070BD1AF074FA1AF073FA23462A461C4949
S2140068F01C4800681BF0AFFBF1E721466846FDF731
S214006900C1FAECE721466846FDF7E4FEE7E72146D4
S2140069106846FEF74FF8E2E721466846FEF7D8F8E5
S214006920DDE7214668461AF081F9D8E72146684631
S214006930FEF748FFD3E7012001F0AEF80028CED0DE
S2140069401AF045FA1AF044FA23462A46064905483C
S21400695000681BF080FBC2E7925C012014A80020B0
S2140069605C850200F83801208485020010B582B0EC
S21400697000F098FD834B1B78002B5DD0824B1B7874
S214006980002B6AD0814B1B78A3B91BF067FE044628
S2140069901CF040F800286ED07D4B1B680BB97C4B72
S2140069A01C607B4B1868201A06F0F2FF43F697230C
S2140069B098425AD81CF02EF8002800F086807548B9
S2140069C01AF0E8FA1BF04AFE04461CF023F898B1C9
S2140069D0714B1B7843B1714B1868201A06F0D8FF2C
S2140069E047F23053984207D9FF201CF08AF86B4BC9
S2140069F01C60694B01221A70694B1B78002B68D10A
S214006A0000F0C6FD00287CD1664B1B78002B40F0BA
S214006A108D80654B1B78002B00F09080624B1B78B6
S214006A20DBB2032B00F092805F4B1B78DBB2022BAD
S214006A3000F08280012482E0524B01221A70FDF79A
S214006A404BFAFEF7EBFA002301930093574A4FF4F4
S214006A50FA6157481BF00EFE90E71BF0FFFD554B02
S214006A601860494B01221A708CE700F0A7FC474BD0
S214006A7001221A709EE7464B00221A6000F00AFDBB
S214006A80002897D04B4B1868201A06F081FF4A4B17
S214006A9098428FD9012000F0FFFF50B90023474AE3
S214006AA0934210D8464A126912F0200F0BD10133D8
S214006AB0F5E71AF08CF91AF08BF94249424B186840
S214006AC01BF0C9FAEAE7FDF765F832481AF067FAEC
S214006AD078E70023324A13703C4A13703C4A13701E
S214006AE0012000F0D9FF10B9FDF7AEFB88E71AF0D9
S214006AF06EF91AF06DF93749334B18681BF0ABFA8C
S214006B00F2E700F04BFD00283FF47EAF032000F0D4
S214006B10C3FF00283FF478AF1AF059F91AF058F975
S214006B202D49294B18681BF096FA6DE71D4B00227D
S214006B301A70FFF7B3FE6CE7002400E00024FEF7AF
S214006B40C3FC50B124B1FDF77FFB07E00024F6E755
S214006B50FEF7DEFBFEF764FE00E01CB1FEF7E6F88B
S214006B6002B010BDFEF75CFEFEF740FDFEF7ACFC83
S214006B700028F3D1194B1B78002BEFD0FDF742FD10
S214006B80ECE700BF825D0120845D0120855D012069
S214006B9014330120289C0200645D01201CA90020FB
S214006BA0715D0120625D0120635D01202F0B0200F4
S214006BB020A90020183301201FBF02009F86010075
S214006BC000080140A8850200F8380120725D012007
S214006BD0735D0120E88502002C8602007D5D0120A1
S214006BE010B584B00D4BEC460FCBACE807008CF824
S214006BF0003001238DF803308DF8043000238DF823
S214006C0008300E238DF80930054C694620461AF0E8
S214006C1019FC20461AF007FC04B010BDB08C020028
S214006C2000200540044B00221A605A609A60DA6021
S214006C30024A1A60704700BF40330120315247466F
S214006C4010B58EB001A801F051F9059A0AB3D368C1
S214006C500BB94FF4805329490B6014694CB3B4F553
S214006C60E01F26D3B4F5001F23D34FF4C012B2FBA7
S214006C70F3F203FB02F2B2F5C01F2CD14FF4E01280
S214006C80B2FBF3F202FB03F3B3F5E01F23D10120BE
S214006C9014E0012000F000FF08B900200EE01AF012
S214006CA096F81AF095F81649164B18681BF0D3F9A3
S214006CB0F3E7012000F0F0FE10B900200EB010BD82
S214006CC01AF085F81AF084F822460F490D4B18681A
S214006CD01BF0C1F9F1E7012000F0DEFE08B9002044
S214006CE0ECE71AF074F81AF073F8044B1A680749C0
S214006CF0044B18681BF0AFF9F1E700BF182000201E
S214006D0050860200F838012080860200C8860200FD
S214006D1008B51023044A03210448006810F0B2FAAC
S214006D20B0FA80F0400908BD4033012088200020DA
S214006D3008B510230F4A03210F48006810F0ECFA3C
S214006D4020B90C4B1A680D4B9A4207D0032000F06E
S214006D50A3FE20B9FFF766FFFFF7DAFF08BD1AF0BB
S214006D6036F81AF035F80649064B18681BF073F922
S214006D70F0E700BF4033012088200020315247460C
S214006D8010870200F83801202DE9F041ADF5007DAE
S214006D90674BD979674A52F821809E68731EB3F50F
S214006DA0802F33D2002001F013F9002842D1033699
S214006DB026F003060024B4427FD2351BB5F5807F4B
S214006DC028BF4FF4807504EB08072A4640A93846CA
S214006DD001F0A0F900283DD12B4640AA214600200C
S214006DE001F0D8F8002846D12B466A4621460020F6
S214006DF001F0B2F800284FD12A46694640A81EF096
S214006E0041FE002848D104F58074D4E7012000F044
S214006E1043FE20B900200DF5007DBDE8F08119F095
S214006E20D6FF19F0D5FF32464349444B18681BF08D
S214006E3012F9EFE7012000F02FFE08B90020EAE77C
S214006E4019F0C5FF19F0C4FF3D493C4B18681BF00C
S214006E5002F9F3E7012000F01FFE08B90020DAE788
S214006E6019F0B5FF19F0B4FF3A463649334B1868A7
S214006E701BF0F1F8F2E7012000F00EFE08B9002042
S214006E80C9E719F0A4FF19F0A3FF22462E492B4BA1
S214006E9018681BF0E0F8F2E7012000F0FDFD08B9E5
S214006EA00020B8E719F093FF19F092FF2246274911
S214006EB0224B18681BF0CFF8F2E70021084601F0D5
S214006EC0FFF858B9002001F0A1F8B8B9032000F087
S214006ED0E3FD18BB00F0F4FF01209CE7012000F062
S214006EE0DBFD08B9002096E719F071FF19F070FF76
S214006EF01749124B18681BF0AEF8F3E7012000F0B4
S214006F00CBFD08B9002086E719F061FF19F060FF95
S214006F1010490A4B18681BF09EF8F3E719F057FF64
S214006F2019F056FF0C49054B18681BF094F8D1E78A
S214006F3040330120A88C020040870200F838012068
S214006F406487020084870200A8870200C8870200C0
S214006F50F0870200188802003C8802002DE9F047FE
S214006F60ADF5047D0021084601F0AAF800283AD1C4
S214006F7082A9002000F0D2FF002847D1002404F1A7
S214006F800803839A934251D808236A462146002074
S214006F9000F0E2FF002840F090809DF800309DF859
S214006FA0012043EA02239DF8022043EA02439DF8AB
S214006FB0032043EA02629DF804309DF8051043EA78
S214006FC001239DF8061043EA01439DF8071043EAA3
S214006FD001638399994272D3234403F10804694BF1
S214006FE09A42CCD123E0012000F056FD20B90020C3
S214006FF00DF5047DBDE8F08719F0E9FE19F0E8FE0E
S2140070006149624B18681BF026F8F0E7012000F093
S21400701043FD08B90020EBE719F0D9FE19F0D8FEB9
S2140070205B495A4B18681BF016F8F3E70024631EFA
S214007030B3F5802F45D2574B93F807A0BAFA8AFAD1
S2140070404FEA5A1A544B53F82A904FF48021484678
S21400705001F09CF8002847D104F1030828F0030843
S2140070600026464580F08480A8EB0605B5F5807FAF
S21400707028BF4FF480752B4642AA3146002000F008
S2140070806BFF002841D106EB09072A4642A938467D
S21400709001F05EF8002849D12A4602A9384601F0D8
S2140070A039F8002853D12A4602A942A81EF0EAFC65
S2140070B000284CD106F58076D3E70024B7E70024F5
S2140070C0B5E7012000F0E8FC08B9002090E719F0C9
S2140070D07EFE19F07DFE4FF4802322462F492B4872
S2140070E000681AF0B8FFF0E7012000F0D5FC08B9F8
S2140070F000207DE719F06BFE19F06AFE4A46284923
S214007100224B18681AF0A7FFF2E7012000F0C4FC33
S21400711008B900206CE719F05AFE19F059FE3246FD
S21400712020491A4B18681AF096FFF2E7012000F083
S214007130B3FC08B900205BE719F049FE19F048FED9
S2140071403A461949114B18681AF085FFF2E70120F4
S21400715000F0A2FC08B900204AE719F038FE19F042
S21400716037FE3A461149094B18681AF074FFF2E7E1
S214007170084B83F807A09C6001221A73FFF7C8FD2E
S21400718036E700BFFC0404FC70880200F8380120D3
S214007190A888020040330120A88C0200CC88020098
S2140071A0048902002C8902004C89020070890200C2
S2140071B010B584B0FFF714FDFFF7BAFDFFF740FDEA
S2140071C05B4B1870032000F067FC20B9594B9B7985
S2140071D0BBB904B010BD19F0FAFD19F0F9FD554A17
S2140071E0D379117B9068524C2478039402900191D5
S2140071F00093938892795049504800681AF02BFF04
S214007200E4E74C4A938801339380FFF781FD08B387
S214007210032000F041FC60BB464B9B88042BD8D96A
S214007220434B1B781BB1434B1B7B002B42D10120E9
S21400723000F032FC50BB012000F02EFC00282FD1BD
S2140072403C4B9B88052BC4D93A4B05229A80FFF706
S2140072505FFDBEE7012000F01FFC0028D8D019F023
S214007260B6FD19F0B5FD3649344B18681AF0F3FE32
S214007270CEE719F0ACFD19F0ABFD05232D4A928838
S21400728030492E4800681AF0E6FEC5E719F09FFD63
S21400729019F09EFD2C49294B18681AF0DCFECAE747
S2140072A019F095FD19F094FD2849244B18681AF03A
S2140072B0D2FEC5E7032000F0EFFBC8B91D4B002245
S2140072C09A8001229A71FFF723FDFFF75DFDF8B162
S2140072D0012000F0E1FB00283FF47BAF19F077FDBA
S2140072E019F076FD1A49154B18681AF0B4FE70E7C7
S2140072F019F06DFD19F06CFD104B18680D4BDB791D
S21400730023B1422213491AF0A6FED7E74122F9E735
S214007310012000F0C1FB00283FF45BAF19F057FDD9
S21400732019F056FD0C49054B18681AF094FE50E704
S214007330885D0120403301209C890200F838012036
S214007340E88902001C8A02003C8A0200848A020045
S214007350EC8A0200C48A0200248B020008B5134B94
S21400736001229A7100229A80FFF7D2FC70B90120A0
S21400737000F092FB00B908BD19F029FD19F028FDB0
S2140073800B490C4B18681AF066FEF4E7032000F071
S21400739083FB0028EFD019F01AFD19F019FD0649F5
S2140073A0044B18681AF057FEE5E700BF403301208B
S2140073B05C8B0200F8380120988B020008B52E4B33
S2140073C09B792BB92C4A127B12B12B4A92887AB140
S2140073D013B12A4B1B7863B9274B00229A719A8007
S2140073E0FFF796FC002837D1012000F055FB48BB7C
S2140073F008BDFFF7B3FDB0B1032000F04DFB002839
S214007400EAD019F0E4FC19F0E3FC1D4B18681A4B9F
S214007410DB7933B14222184B9B681A491AF01BFEDF
S214007420DAE74122F7E7012000F036FB0028D3D048
S21400743019F0CDFC19F0CCFC1349114B18681AF062
S2140074400AFEC9E719F0C3FC19F0C2FC0F490C4B41
S21400745018681AF000FECBE7032000F01DFB00289A
S214007460C6D019F0B4FC19F0B3FC0949044B1868EF
S2140074701AF0F1FDBCE700BF40330120885D012013
S214007480F8380120D08B0200108C02004C8C0200D1
S214007490788C0200024B9879003818BF012070479C
S2140074A04033012008B5024819F0BDFF08BD00BFF3
S2140074B00020054038B50546164C012211462068C6
S2140074C01DF005FB144920681DF02DFD012200214A
S2140074D020681DF052FD00222946206810F0CAFAE6
S2140074E008B9012038BD0122022120681DF0EFFAFC
S2140074F0094920681DF017FD0122002120681DF0B3
S2140075003CFD00222946206810F0B4FAB0FA80F05C
S2140075104009E7E750350120C48C020010B5044648
S214007520FFF7C8FF28B9054B01221A70044B1C70E0
S21400753010BD024B00221A70FAE700BF8A5D0120D8
S214007540895D012000B583B00B4B18604FF40073C3
S214007550ADF806300DF1060208491DF0E8FCBDF84E
S2140075600630B3F5007F03D1022802D1002000E0E8
S214007570012003B05DF804FB503501205033012094
S214007580024B1868003818BF01207047503501209C
S214007590014B1878704700BF8A5D012008B5094B7B
S2140075A01B786BB103F0FF00074B1B684BB1074B12
S2140075B01878FFF77FFF20B1024B00221A7000E018
S2140075C0012008BD8A5D012050350120895D01201B
S2140075D010B50446094B186868B1012211461DF023
S2140075E076FA01222146054B18681DF089FAB0FA92
S2140075F080F0400910BD0020FCE700BF5035012098
S21400760008B5034B186808B11DF07DFA08BD00BF29
S2140076105035012010B50446044B186820B11DF003
S21400762072FA2046FFF77AFF10BD00BF50350120E2
S2140076302DE9F04F83B004461E465E4B18680028BE
S21400764000F0B48088461546002A00F0B18026B9BE
S2140076503446204603B0BDE8F08F012211461DF0E7
S21400766036FA5549534B18681DF05DFC002838D192
S214007670504F0122002138681DF07FFC0022214671
S214007680386810F0F7F988BB802E00D9802606F1FE
S21400769030039BB2802B2ED9C6F18007BFB206EB13
S2140076A0070A1FFA8AFA4FEA8A04A4B21AF0D6FF2B
S2140076B083460D9B4EF66020984228BF184680B23F
S2140076C006F0FCF881460020A04216D21AF0C6FF4B
S2140076D0A0EB0B00484510D8364B18681DF04BFC45
S2140076E0F2E74046FFF71AFF0024B2E74046FFF7EE
S2140076F015FF0024ADE73027D1E7DFF8B890012268
S2140077000021D9F800001DF0E2F9D9F800001DF0BC
S21400771032FC844228BF0446A0B220F003091FFAB8
S21400772089F98308BAEB900F03D99E4210D29B1BAF
S2140077309FB20024A7420DD904220DEB02011D4B77
S21400774018681DF0F6FB042804D10134A4B2F1E752
S2140077500027EEE70024A64224D907EB040C4FEAE4
S2140077608C0C1FFA8CFCCC451CD204220DEB0201BB
S214007770104B18681DF0DDFB042813D19DF804306B
S2140077809DF8051005EB840243EA012325F8243012
S2140077909DF806309DF8071043EA01235380013414
S2140077A0A4B2D8E74046FFF7B9FE52E7002450E7F8
S2140077B000244EE750350120C08C020008B5024B6D
S2140077C01B6803B1984708BD8435012008B5024BF5
S2140077D05B6803B1984708BD8435012008B5024BA5
S2140077E09B6803B1984708BD8435012008B5024B55
S2140077F0DB6803B1984708BD8435012008B5024B05
S2140078001B6903B1984708BD8435012008B5024BB3
S2140078105B6903B1984708BD8435012030B585B053
S214007820094C2268094B1A60094D0A4B2B600A4B1B
S214007830019304F097FE02902B68039301A9206839
S21400784019F011FF05B030BD38200020C8430120D4
S214007850C44301202C200020D49B020008B5024B14
S214007860186819F014FF08BD3820002038B504F059
S21400787079FE0446064D2B68D3F8B00204F066FE87
S214007880286819F01EFF204604F060FE38BD00BFD1
S2140078903820002038B501F0B7FE01210D4801F070
S2140078A085FA01221146002001F0F2FD0A4C02255D
S2140078B0C4F8805001221146002001F0E9FDC4F80A
S2140078C0845001221146002001F0E2FDC4F88850E1
S2140078D0002038BD30253E0000400E4008B5164B4F
S2140078E001225A6403F050F8024668B9134B4AF670
S2140078F0E851C3F89011D3F8981141F00401C3F889
S21400790098110021C3F89011012A0DD90C4A136A68
S21400791023F4441343F488131362A2F580421368D9
S21400792043F48073136008BD044AD2F8643143F40C
S2140079300053C2F86431E9E700000E4000300E4004
S21400794000400E40012900D9704708B5034B1B685C
S214007950186808B1436A984708BD00BF3C2000205D
S21400796030B599B02C4D11ACAC46BCE80F000FC436
S2140079709CE8070084E8070000240B940C940D9400
S2140079800E940F941094254B0B93254B0C930623C3
S2140079908DF8353007238DF8373008238DF83930C9
S2140079A009238DF83B3001238DF83D308DF83E30AD
S2140079B01E228DF83F208DF8402009AA1C3595E838
S2140079C0030082E803000DF10C0C03940494059464
S2140079D00694079408948CE8030028228DF8142057
S2140079E029228DF815200F4A0692202207928DF83C
S2140079F020308DF821300C4B00930BAB11AA61465A
S214007A000A4804F087FF054621464FF4E13019F096
S214007A1011FA284619B030BDEC9B02000008014060
S214007A20006204005838012078380120CC38012044
S214007A3008B50349034805F0D5FAFFF791FF08BDDE
S214007A4040200020F038012008B502481AF017FD43
S214007A5008BD00BFCC38012008B502481AF00FFD5B
S214007A6008BD00BFCC38012008B5024B1A6A18685A
S214007A70904708BDCC38012008B5024819F03EFAF8
S214007A8008BD00BF109C020008B5024819F07DFA38
S214007A9008BD00BF289C020003460B4A107828B198
S214007AA00A4A12789A4202D2002000E00120084AD0
S214007AB012783AB1074A127842FA03F313F0010F2C
S214007AC000D10020704700BFD0210020CF21002029
S214007AD08B5D0120CE21002008B5084B01221A70CC
S214007AE0074B00221A70074B04221A70064B1F22FF
S214007AF01A7004F037FD054B186008BDD021002031
S214007B008B5D0120CF210020CE210020F8380120F7
S214007B1008B50121034801F049F919F0B9F800F059
S214007B2075F808BD00350A0008B50121014801F0C6
S214007B303DF908BD00350A002DE9F04180460F46A4
S214007B4001F109050026344604E05B21082000F018
S214007B506BFC0134AC4233D2052C1BD801A353F87E
S214007B6024F000BF4B7B00007D7B0000B17B000053
S214007B70857B0000897B00008D7B0000FBB2043310
S214007B80D9B2E3E78021E1E70021DFE7731C314645
S214007B90DEB2DBE7BB1DA3420CD0FB1DA3420BD01D
S214007BA007F10803A34209D0A31F18F80310CDE776
S214007BB0D121CBE75A21C9E75A21C7E75D21C5E79E
S214007BC00020BDE8F08100BF00B583B0002200921F
S214007BD0019202218DF80010054819F015F9019060
S214007BE008216846FFF7A8FF03B05DF804FB00BF56
S214007BF0006A1800014B1022DA60704700A00044AB
S214007C00014B1022DA60704700A0004670B588B0BD
S214007C100DF1040C374C0FCCACE80F0094E80700CD
S214007C208CE807000121344801F0C0F8334E0121EA
S214007C30304601F0BBF801258DF81250304B039307
S214007C40304C01A9204619F092FB2B46042206214F
S214007C50022002F047FB00232A460721022002F0FA
S214007C6041FB2B4604220821022002F03BFB2B4658
S214007C7004221146002002F035FB234BA3670B239A
S214007C8063674FF4487006F0B9FBFFF7B3FF1420A4
S214007C9006F0B4FBFFF7B4FF232006F0AFFBFFF7B8
S214007CA0A9FFB921204619F0ACFBFFF7A9FF002376
S214007CB01A460621022002F015FB00231A46072169
S214007CC0022002F00FFB2B4600220821022002F0C1
S214007CD009FB2B4600220421104602F003FB204637
S214007CE002F0ACFE0021A1676167304601F05EF845
S214007CF008B070BD409C020000350A000052040027
S214007D0000127A00000401400B0B000B08B500F0CF
S214007D1087F8124A0AE01068516850F8230041F8C4
S214007D202300013391688B42F5D30C320C4B9A42F8
S214007D3001D20023F6E70B4A08E01168002041F85C
S214007D402300013351688B42F7D30832064B9A4220
S214007D5001D20023F6E7FAF7EFF800BF40C80200AA
S214007D604CC802004CC802004CC8020000487047CD
S214007D7000F04902114BD3F8943003F00703023B9E
S214007D80032B0DD8DFE803F0050F02080C4B18682C
S214007D900BE00C4B186808E00B4B1868400804E032
S214007DA0094B186801E04FF40040044BD3F800314B
S214007DB0C3F304230133B0FBF3F0704700400E40DA
S214007DC05C200020602000205420002008B5FFF72B
S214007DD0D1FF054BD3F80831C3F308230133B0FBBA
S214007DE0F3F0024B186008BD00400E4058200020FB
S214007DF0014B1868704700BF6020002008B5064B8E
S214007E001860064BD3F8943003F00703022B00D01B
S214007E1008BDFFF7DBFFFBE76020002000400E40B8
S214007E20044B054A9A60D3F8882042F47002C3F8DF
S214007E308820704700ED00E000000000014B186845
S214007E40704700BF5C200020BFF34F8F0549CA680B
S214007E5002F4E062044B1343CB60BFF34F8F00BFC6
S214007E60FDE700BF00ED00E00400FA0508B5114B81
S214007E70D3F82828A2F17E63A3F58433B3F5104F18
S214007E8011D211680C4B994210D10C4B1B781BB1C8
S214007E90022B01D0002008E0D369984728B9074B89
S214007EA001221A7001E04FF4817008BD4FF4817012
S214007EB0FBE700BF0000E10F07B0CD5E8C5D012040
S214007EC008B54FF0005340F202221A804FF20F021C
S214007ED05A80054A01239360136823F4E06343F451
S214007EE080631360FFF7B0FF00500E4008B50A4BE2
S214007EF0D3F82828A2F17E63A3F58433B3F5104F98
S214007F0009D2126BA2F17E63A3F58433B3F5104F4A
S214007F1001D25368984708BD0000E10F08B50D4B25
S214007F20D3F82828A2F17E63A3F58433B3F5104F67
S214007F300AD2126BA2F17E63A3F58433B3F5104F19
S214007F4005D29368984701E04FF4817008BD4FF45E
S214007F508170FBE70000E10F38B50D4CD4F82848D7
S214007F60A4F17E6CACF5843CBCF5104F0AD2256BB0
S214007F70A5F17E64A4F58434B4F5104F05D2EC6800
S214007F80A04701E04FF4817038BD4FF48170FBE7E5
S214007F900000E10F38B50D4CD4F82848A4F17E6CEB
S214007FA0ACF5843CBCF5104F0AD2256BA5F17E6477
S214007FB0A4F58434B4F5104F05D22C69A04701E02F
S214007FC04FF4817038BD4FF48170FBE70000E10F7D
S214007FD008B50D4BD3F82828A2F17E63A3F58433A9
S214007FE0B3F5104F0AD2126BA2F17E63A3F5843369
S214007FF0B3F5104F05D25369984701E04FF48170EE
S21400800008BD4FF48170FBE70000E10F00B583B0B8
S21400801001900F4BD3F82828A2F17E63A3F5843392
S214008020B3F5104F0CD2126BA2F17E63A3F5843326
S214008030B3F5104F09D29369012101A8984701E0D2
S2140080404FF4817003B05DF804FB4FF48170F9E7DC
S2140080500000E10F10B50A4BD3F82848A4F17E6360
S214008060A3F58433B3F5104F04D2236B2BB15B6AB0
S214008070984701E04FF4017010BD4FF40170FBE724
S2140080800000E10F08B50D4BD3F82828A2F17E6357
S214008090A3F58433B3F5104F0AD2126BA2F17E63B8
S2140080A0A3F58433B3F5104F05D2936A984701E0E1
S2140080B04FF4017008BD4FF40170FBE70000E10FBC
S2140080C030B5E1B0124BD3F82838A3F17E63A3F5A0
S2140080D08433B3F5104F15D20C464FF4C072694680
S2140080E0FFF7B8FF054678B921466846FFF7CAFF8E
S2140080F040F201239842F7D040F20323984203D07F
S214008100054601E04FF40175284661B030BD00BF5A
S2140081100000E10F10B50D4BD3F82848A4F17E639C
S214008120A3F58433B3F5104F0AD2246BA4F17E6313
S214008130A3F58433B3F5104F05D2636B984701E07F
S21400814040F2011010BD40F20110FBE70000E10F05
S21400815010B50D4BD3F82848A4F17E63A3F58433FD
S214008160B3F5104F0AD2246BA4F17E63A3F58433D3
S214008170B3F5104F05D2A36B984701E040F201100B
S21400818010BD40F20110FBE70000E10F08B50D4BF3
S214008190D3F82828A2F17E63A3F58433B3F5104FF5
S2140081A00AD2126BA2F17E63A3F58433B3F5104FA7
S2140081B005D2D36B984701E040F2011008BD40F2AB
S2140081C00110FBE70000E10FF0B18446F1B110B4F6
S2140081D009E004F120000FE02033C01A18D1BCB12A
S2140081E00CF1010C01319CF800400B4B1B5D03F0B9
S2140081F00303012BEDD020460B78074AD25C02F031
S2140082000302012AE9D1E7E7012070470120704701
S2140082105DF8044B704700BFDBC602000346064A03
S21400822010680344054A934202D8034A1360704715
S2140082304FF0FF30704700BF64200020000004208D
S2140082400B681A78022A00D1704710B508461A79CA
S214008250597902EB42021201064C144401EBC402A7
S21400826092001268B2FA82F252091A7018F04DFEA5
S21400827010BD00BF1CA0100230B583B005460468D0
S2140082800121174800F092FD002301226179207930
S21400829002F028F82379627903EB43031B011149A6
S2140082A0194402EBC1039B001B68B3FA83F35B0916
S2140082B02370A379022B02D0002003B030BD00F05B
S2140082C013FC2A460849607900F036FC02466179BC
S2140082D0207901230193009301F0AEFFECE700BF85
S2140082E000350A001CA010024182000002681378C4
S2140082F0022B15D01379517903EB43031B01154864
S214008300184401EBC0039B0019680B1E18BF01231D
S2140083109079012805D018B9B1FA81F14909117090
S21400832070475188490089B20B4343F47F4343F0BA
S214008330C0034FF6E0718B4205D04FF6DF718B42DB
S21400834004D05380704701211170FAE700211170A4
S214008350F7E700BF1CA0100208B50121294800F06D
S21400836025FD012304220221052001F0BBFF002089
S21400837001F056FF0121244BC3F810180A460420CA
S21400838001F086F8214800F0CFFE214BD3F8F0200C
S21400839042F00102C3F8F020D3F8FC2042F08072CD
S2140083A0C3F8FC20A3F55D431A4A1A6000F5D520F1
S2140083B000F2FC40C008184BA3FB0030800A0138CE
S2140083C0164B18610222C3F8F0204FF48072C3F8EF
S2140083D004234FF06043124AC3F8B02F114AC3F883
S2140083E0802ED3F8002E42F48072C3F8002EFF22AF
S2140083F083F82020D3F8002E22F48072C3F8002ED3
S214008400002008BD00350A000080144206000E0059
S21400841000ED00E0FF03004017916502000004E055
S21400842055CEACC5090001004FF06043D3F8803E3E
S21400843013F0010F01D1112070470E4AD2F8FC301C
S21400844043F08073C2F8FC304FF06043D3F8002E40
S2140084504FF0010C0CFA00FC42EA0C02C3F8002EA6
S21400846053F82030002BE8D04FF0604303F820107C
S2140084700020704700ED00E010B5044601210948D1
S21400848000F094FC0121084800F090FCA378B3FAB1
S21400849083F35B0904226178207801F023FF002033
S2140084A010BD00BF4041050000350A0083784BB977
S2140084B00378427803EB43031B0101219140064AEF
S2140084C0D15070470378427803EB43031B01012128
S2140084D09140024AD15070470CA000440CA00046C0
S2140084E083784BB90378427803EB43031B010121E1
S2140084F09140064AD15070470378427803EB430315
S2140085001B0101219140024AD15070470CA0004641
S2140085100CA0004402460378417803EB43031B019A
S2140085200648184401EBC0039B001868C0B2937855
S21400853013B9B0FA80F04009704700BF0CA01002D3
S214008540F0B585B00C4694469DF83410664A12780D
S214008550002A00F0BD800546BCF1070F00F2BA8085
S2140085600A9A002A00F0B8800B9A002A00F0B6801B
S2140085700E9AB2F5006F00F3B38001285BD05B4A19
S21400858002EB0C12127B002A00F0AC800022009254
S214008590019202920392564A02EB4C1E002C4FD1D7
S2140085A04FEA4C1600209051CEF80400CEF8080092
S2140085B0CEF80C009EF8020040F010008EF8020084
S2140085C09EF8030040F030008EF8030021B9C1B2D7
S2140085D041F003018EF8031000930E9B013B444AC2
S2140085E04FEA4C1002EB4C11165A63F30E16165255
S2140085F00A9B8B600B9B4B60CB789DF83C2062F30C
S2140086008303CB70012D36D0109B002B56D0374AF3
S2140086104FEA0C1102EB0C1310985050119A5A6046
S21400862000249C605D7372466946604601F056FF02
S214008630204605B0F0BD0C9A002AA0D12D48F8E7D8
S2140086402B4F4FEA4C1607EB4C120020B8515060E7
S2140086509060D060907840F010009070D07840F035
S2140086600300D0700029B7D107EB4C12C1B241F01D
S2140086703001D170B0E70E460A7B42F001020A7361
S214008680D2B242F002020A73CA68042161F39F0262
S214008690F26006F1100796E80F0087E80F00F2690F
S2140086A06FF0030161F39F02F2610C9B7361012C72
S2140086B0AAD10B9AB2610C9A7260A5E7002DA6D1DA
S2140086C00B4B03EB4C139A786FF304129A709EE7E9
S2140086D00948AEE70748ACE70648AAE70548A8E712
S2140086E00448A6E70548A4E78D5D0120FC39012073
S2140086F0FC380120018000F0028000F0078000F0C6
S214008700134B1B78FBB110B50446F0B118F0D7FC3C
S2140087100023072B13D80F4A02EB0312127B0AB171
S2140087200133F6E723600B4A190102EB0313012419
S2140087301C730024545018F0C8FC204602E018F0C1
S214008740C4FC054810BD054870470548FAE700BF59
S2140087508D5D0120FC390120048000F0028000F0CD
S214008760018000F038B518F0AAFC04460023072B59
S21400877006DC0C4A02EB0312127B12B90133F6E751
S214008780002222B1204618F0A0FC074838BD01F0B0
S21400879059FE0025054B1D70204618F096FC28460D
S2140087A0F4E700BFFC390120058000F08D5D012054
S2140087B00F4B1B78BBB110B50446072815D818F028
S2140087C07EFC0C4B03EB04131B7B1BB918F07DFCE3
S2140087D009480BE0074B03EB041300241C7318F046
S2140087E074FC204602E005487047054810BD00BFEF
S2140087F08D5D0120FC390120068000F0028000F02B
S214008800018000F000B583B0144B1B680193002371
S2140088108DF8043018F053FC114B1B7833B9104B0D
S21400882001221A7018F051FC002309E018F04DFCE4
S2140088300C480FE00C4A02EB0312002111730133BF
S214008840072BF7DD04238DF807300DEB030001F04E
S2140088501BFE002003B05DF804FB00BFAC9C0200CA
S2140088608D5D0120038000F0FC39012010B5104C0E
S2140088702478BCB1072817DC0E4C04EB0014247BCC
S214008880A4B10C4C4FEA001E04EB001C44F80E305A
S214008890029BCCF804300024CCF8084001F01EFE01
S2140088A0204610BD0448FCE70448FAE70448F8E709
S2140088B08D5D0120FC390120028000F0018000F06F
S2140088C0078000F008B50A4B1B785BB107280BD869
S2140088D0084B03EB00131B7B43B1002101F0CAFDDC
S2140088E0002008BD0448FCE70448FAE70448F8E717
S2140088F08D5D0120FC390120028000F0018000F02F
S214008900078000F008B50A4B1B785BB107280BD828
S214008910084B03EB00131B7B43B1012101F0AAFDBA
S214008920002008BD0448FCE70448FAE70448F8E7D6
S2140089308D5D0120FC390120028000F0018000F0EE
S214008940078000F008B50A4B1B7853B107280AD8F1
S214008950084B03EB00131B7B3BB101F013FE00201A
S21400896008BD0548FCE70548FAE70548F8E700BFF4
S2140089708D5D0120FC390120028000F0018000F0AE
S214008980078000F0104B1B78ABB1072815D8B1B1A3
S2140089900E4B03EB00131B7B9BB10D4B1B6E012292
S2140089A0824013EA020003D001230B7000207047B8
S2140089B000230B7070470748704707487047064803
S2140089C070470648704700BF8D5D0120FC390120C6
S2140089D000200E40028000F0018000F0078000F0CA
S2140089E00C4B1B7873B110B50C4607280CD869B130
S2140089F0094B03EB00131B7B53B101F0D7FD20702E
S214008A00002010BD054870470548FAE70448F8E717
S214008A100448F6E78D5D0120FC390120028000F055
S214008A20018000F0078000F0F8B5194B1F6EDB6E72
S214008A301F4002D40125002402E0FEE701346D0049
S214008A40072C24D83D42F9D0114B9D662301114ACC
S214008A50D358002BF2D002EB0416B1680131B16096
S214008A6072682046984780F00100C0B2737B012BE5
S214008A70E4D10028E2D0084B03EB44131A7B6FF3D3
S214008A8041021A731A7F6FF341021A77D6E7F8BDD0
S214008A9000200E40FC390120FC38012010B50446A9
S214008AA002E0202007E09047DCB194FAA4F000280A
S214008AB0F7D0B0FA80F00123834024EA0304094B80
S214008AC003EB00135A68002AEED0064B03EB0013A4
S214008AD01B7B002BE7D0034B03EB001399689047F2
S214008AE0E2E710BD7C3A012008B5122000F046FEF1
S214008AF028B1084B4FF48022C3F880211A600A2060
S214008B0000F03CFE28B1034B4FF48062C3F880218E
S214008B101A6008BD00E100E038B505460C4618F0BE
S214008B20CEFA044B03EB05135C6000221A7318F0B0
S214008B30CCFA38BD7C3A0120F8B505460F461646F5
S214008B4018F0BDFA05F0FC0C0F4BD3F828140023E0
S214008B50032B0BD85C1904F00304644421FA04F2D6
S214008B6012F0010F03D00133DBB2F1E7FF24FF2C34
S214008B7006D0064B03EB04135F609E6001221A7357
S214008B8018F0A3FA2046F8BD00A000407C3A012069
S214008B9008B5064BD3F82804D3F81C24104000F080
S214008BA05530C3F82404FFF779FF08BD00A0004045
S214008BB008B5064BD3F82804D3F81C24104000F060
S214008BC0AA30C3F82404FFF769FF08BD00A00040E0
S214008BD008B5034B1968034B18680EF079FA08BD00
S214008BE06820002088200020B0F1FF3F01D010B997
S214008BF07047024870470248704700BF21E000F007
S214008C0024E000F0F8B505460E469400224618F01B
S214008C105FFBFFF7E9FF074628B92246314628469C
S214008C201CF030FF08B93846F8BD014FFBE700BF1F
S214008C3010E000F038B5044601F08CFDFFF7D4FFD5
S214008C40054608B1284638BD01F0A6FE0146204676
S214008C5018F0D2F90028F5D1004DF3E70EE000F049
S214008C6008B518F01DFA014B186008BD6C430120CA
S214008C7008B5024B186818F017FA08BD6C430120B7
S214008C80074BDB6B13F0400F04D1064BD3F8C8300C
S214008C90002BFAD1024B5868C0F30140704700BF62
S214008CA000300E400000C6430C4B984205D90C4BD2
S214008CB0984210D801210A4601E000210A46094BD5
S214008CC01A64094AD2F8003123F0807343EA01633C
S214008CD0C2F80031704702210122F0E70048E8019F
S214008CE00090D0030000C84300400E40014B1868B7
S214008CF0704700BF8C200020114B5B68002300E00B
S214008D000133042B0CD80F4A02EBC30292F804C0BE
S214008D10CAB29445F4D10B4A52F833208242EFD3BC
S214008D20052B0BD0074A02EBC3035979044A536854
S214008D3023F0407343EA0163536070470321F5E76D
S214008D4000000E40D49C020008B5FFF713F8044B51
S214008D50D3F80031C3F3042303FB000008BD00BFB3
S214008D6000400E4010B5084B1C6CA4B241F67132A0
S214008D701A64FEF7FBFF0021FFF7BEFF14B1024B9B
S214008D8000221A6410BD00BF00000E4010B5064B4E
S214008D901C6CA4B241F671321A64FFF7ADFF14B131
S214008DA0014B00221A6410BD00000E4010B4C0F340
S214008DB00323013B092B21D8DFE803F00508202018
S214008DC030232620292D0024164A01E00024164AC6
S214008DD0C0F3043054B1134BD3F8443113F0010FF1
S214008DE004D1104BD3F840311C42FAD102F1424371
S214008DF003F5801300EBC300800001605DF8044BB0
S214008E0070470124094AE3E71024094AE0E74FF4D3
S214008E108034084ADCE70024074AD9E70024074ADA
S214008E20D6E700BF00400E40C0400E40E0400E4077
S214008E30E8400E40F0400E4050410E40B0400E401C
S214008E40C0F30313013B092B6BD8DFE803F0050BD7
S214008E50111B6A6A2127415F334BD3F80001C0F328
S214008E6004207047304BD3F81401C0F30420704739
S214008E702D4BD3F80031C3F3006301330120984033
S214008E8001387047284BD3F80C01C0F30820704710
S214008E90254BD3F80801C0F308207047234B9842AF
S214008EA004D0234B98420AD0002070471E4BD3F8BC
S214008EB0203103F00F0301209840013870471A4B09
S214008EC0D3F82031C3F301130120984001387047CE
S214008ED0184B984207D003F5B01303F58053984219
S214008EE00AD000207047104BD3F82831C3F3011383
S214008EF001209840013870470B4BD3F82831C3F354
S214008F000123043301209840013870470A4B9842E9
S214008F1001D000207047044BD3F8300100F0030066
S214008F2070470020704700BF00400E4080061600C5
S214008F3080162E0090171A00A009140000F00F00EB
S214008F400138072865D8DFE800F0041B2A643E4D88
S214008F5064553B4BD3F8943003F00703023B052BD4
S214008F600CD8DFE803F0055803070B09022070470A
S214008F70042070470B2070470C2070470520704770
S214008F802F4BD3F8803003F00703022B45D0042B79
S214008F9045D0012B01D00120704703207047284B95
S214008FA0D3F8843003F00703013B032B09D8DFE82E
S214008FB003F002380604032070470A207047062094
S214008FC07047012070471E4BD3F8883003F0070324
S214008FD0022B28D0042B28D0012B01D0012070476B
S214008FE003207047164B1B6F13F001031FD003B30B
S214008FF009207047124BD3F85C3103F03003202B66
S21400900019D0302B19D0102B01D001207047072023
S21400901070470020704703207047022070470A20E0
S214009020704702207047022070470A2070470720CA
S214009030704701207047042070470820704700BF23
S21400904000400E4010B50446FFF778FF1B4B9C42CD
S21400905012D01B4B9C4215D01A4B9C4206D00138AE
S214009060032828D8DFE800F014171D1A164BD3F88B
S214009070800000F00700F2E7134BD3F8840000F0FE
S2140090800700ECE7104BD3F8880000F00700E6E78F
S21400909017F0E3FE10BDFEF7D1FEFBE717F0E0FE8B
S2140090A0F8E7FEF767FE084BD3F80031C3F300631A
S2140090B00133D840EEE70020ECE700BF03002000B5
S2140090C00500240002001E0000400E4008B50748B8
S2140090D0FFF734FF072804D0092805D1FEF74AFE1B
S2140090E003E0FFF703FE00E0002008BD06000E00C8
S2140090F008B10020704710B504460A48FFF71EFF67
S214009100072805D0082809D0042804D0204610BD1A
S214009110FFF7ECFDFBE7FEF76BFEF8E7FFF714FE44
S214009120F5E700BFB800320038B500F47813B3F5A1
S214009130B01F00F0938005463BD8B3F5402F00F0F3
S214009140828010D9B3F5801F00F0AA80B3F5A01F67
S21400915027D15748FFF776FF564BD3F8303103F048
S2140091600303D8401CE0B3F5802F61D005D9B3F5D2
S214009170202F14D1FEF7FEFD12E0002B55D0B3F5DC
S214009180003F0AD1FEF7F6FD4A4BD3F80831C3F389
S21400919008230133B0FBF3F002E0002000E00020DB
S2140091A038BDB3F5602F02D1FFF790FFF8E7002037
S2140091B0F6E7B3F5381F5BD00ED9B3F5481F72D06B
S2140091C0B3F5781F21D1FEF7D5FD0446284617F0E3
S2140091D062FFB4FBF0F0E3E7B3F5001F52D006D908
S2140091E0B3F5101F0FD13248FFF72CFFD8E7B3F5C1
S2140091F0D01F4BD0B3F5F01F03D12F48FFF722FF47
S214009200CEE70020CCE70020CAE7B3F5401F0AD11E
S2140092102A48FFF717FF274BD3F82831C3F301235B
S2140092200433D840BCE70020BAE7FEF7A3FDB7E753
S214009230FEF7A0FD1F4BD3F80C31C3F30823013310
S214009240B0FBF3F0ACE7FEF795FD1A4BD3F81431FC
S214009250C3F304230133B0FBF3F0A1E71648FFF78E
S214009260F1FE144BD3F8203103F00F03D84097E7F4
S2140092701148FFF7E7FE0F4BD3F82031C3F3011375
S214009280D8408DE70D48FFF7DDFE89E70B48FFF76E
S214009290D9FE084BD3F82831C3F30113D8407FE733
S2140092A0FFF724FD7CE70020FFF722FF78E700BFEA
S2140092B00500240000400E4002001E0003002000AF
S2140092C010B5FFF74FFD084B07225A67FEF752FD11
S2140092D0FFF7EAFCFEF77AFD0446FFF7D1FC0146ED
S2140092E02046FFF753FD10BD00400E40014B18808E
S2140092F0704700BF96210020014B1880704700BFC2
S2140093009421002004281ED8DFE800F01803120875
S2140093100D000E4B186AC0F3080070470B4B186917
S21400932000F07F007047094B986900F07F00704797
S214009330064BD3F89C00C0F30A007047034B986BAB
S21400934000F07F0070470020704700BF00400E40CE
S21400935038B50C46042813D8DFE800F043032F1373
S2140093602100C1F30804274BD3F86838002BFAD144
S214009370254A136A23F4FF7323F001032343136281
S21400938038BD01F07F041F4BD3F86038002BFAD1AC
S2140093901D4A136923F07F0323431361F0E701F0AE
S2140093A07F04184BD3F86438002BFAD1164A936919
S2140093B023F07F0323439361E2E7134DD5F8903003
S2140093C06B6A23F0300343F010036B62C1F3C310E3
S2140093D017F05BFE2A6B0D4B1340234303432B63AE
S2140093E0CEE74F2928BF4F24064BD3F87438002BFE
S2140093F0FAD1054A936B23F07F03E4B21C439463CF
S214009400BEE700BF0020C84300400E4000F8FF0F34
S214009410134B5B6A13F0300F09D0202914D0302983
S21400942015D009B10F4A04E04FF4400201E04FF4B2
S21400943040020B4BD3F8903032EA0303F9D112F412
S214009440800F07D1012070474FF40002F1E74FF478
S2140094504002EEE7024BD3F8A000C0F3802070472E
S21400946000400E40FF33E107022801D0012070477C
S21400947010B529B1054B4FF48064C3F8A84059666F
S2140094800AB9012010BDFFF7C3FFFBE700400E40FE
S21400949070B5042800F28580DFE800F048425003EB
S2140094A03C00022301250024AC46002967D0022890
S2140094B04AD000213B4B1D663B4B23449B001B6858
S2140094C0002BF9D0002A6CD0374C6444A4002368E3
S2140094D0002BF9D0022864D1002962D0314B5B6A98
S2140094E013F0010F46D001222021FFF7BDFF022016
S2140094F0FFF708FF0646012200210220FFF7C8FFFB
S21400950031460220FFF724FF264B1D662368002BFA
S214009510FCD046E02023102504244FF0050CC4E7B9
S2140095208023402506244FF0070CBEE74FF4007357
S2140095304FF4807508244FF0090CB6E7082304257D
S21400954002244FF0030CB0E7164B5B6A13F0300FA3
S2140095500ED1164BDB6B134B5B6A13F0010FA9D0D1
S214009560104E736A23F0300343F010037362A1E7D2
S21400957000219FE700210220FFF74AFFB7E70949CD
S2140095800B66084BD3F890100123A3401942F8D17C
S2140095903AB1044BD3F89020012303FA0CF31A4295
S2140095A0F7D170BD00400E408004F21000300E402F
S2140095B010B50446A8B1012818D0FFF7D3FBDCB9D4
S2140095C0104B04225A67FEF7D5FBFFF76DFBFEF73C
S2140095D0FDFB0446FFF754FB01462046FFF7D6FB8B
S2140095E010BD01221146FFF753FFE6E701221146A0
S2140095F01046FFF74DFFE0E7012CE4D1014B0322B4
S2140096005A67E0E700400E4038B5FEF7F1FB044627
S214009610002100F0B5FB1648FFF746FB0122114675
S2140096200220FFF735FFFFF79DFB4CB1114BDB6BBC
S21400963013F0400F04D1104BD3F8C830002BFAD1EA
S2140096400E4B02225A67FEF795FBFFF72DFBFEF73F
S214009650BDFB0546FFF714FB01462846FFF796FBC1
S21400966004B138BD0121002000F08AFBF9E700BFF5
S2140096700148E80100300E400000C64300400E409E
S21400968010B5012211460320FFF702FFFFF76AFB21
S214009690084B05225A67FEF76DFBFFF705FBFEF742
S2140096A095FB0446FFF7ECFA01462046FFF76EFBF3
S2140096B010BD00BF00400E4070B504461120FFF7F5
S2140096C03DFC012200210220FFF7E2FE237C022B54
S2140096D02AD00022154E736A23F0010313437362E7
S2140096E02278134BC3F8A024A288637A43EAC223E5
S2140096F0F362356B05F07F65E38845EAC325A37AF8
S2140097001D43207A45EAC01517F0BFFC05433563B4
S214009710627BA37B1B0143EA0233E27B1343227B7B
S21400972043EA0243736370BD0122D3E700400E4054
S2140097300000C84338B505461120FFF7FFFB0D4A69
S214009740916B0D4C0C4029780C436B7844EAC3248B
S214009750AB7844EA0364EB7844EA0324936BA342B1
S21400976000D138BD012200210846FFF791FE014BCB
S2140097709C63F6E700400E4080E4FFF84209064B83
S21400978053F8223000F01F0023FA00F080F00100AA
S21400979000F00100704700BF00E100E0074BDB6B04
S2140097A013F0400F04D1064BD3F8C830002BFAD183
S2140097B0024B5868C0F30140704700BF00300E40AF
S2140097C00000C643114BDB6B13F0400F1DD10F4B4F
S2140097D0DB6B13F0400F04D10D4BD3F8C830002BD1
S2140097E0FAD10A4B1A68C2F301225B68C3F301433D
S2140097F09A4205D9054A136843F010031360704770
S214009800024A136823F010031360704700300E40BE
S2140098100000C643074B1B6813F0100F05D0064B1D
S2140098201B69C3F30443082B00D07047034B044A5C
S2140098301A60FAE700300E4000400E405420002028
S214009840C0EA21011A48C26CC2F30322194B1B88D6
S21400985003F1280103EB51032833013202EB8201A6
S214009860B3FBF1F3013B072B28BF0723C16C21F0A4
S214009870EE6141EA036343F48013C3640E4BB3F90D
S2140098800030002B13DB9BB203F1280103EB5103DE
S2140098902833510801EB4202B3FBF2F3072B28BF33
S2140098A00723026D22F0700242EA03130365704735
S2140098B000300E40A45C0120A05C0120024B188002
S2140098C0024B1980704700BFA45C0120A05C0120F9
S2140098D010B1012804D07047034B044A9A657047BC
S2140098E0014B034A9A65704700300E407740205778
S2140098F0372110B71A4BD3F83032032929D8DFE8BE
S21400990001F002121518DBB24AB91B0333F470419A
S21400991021D11448C16E21F470411943C166012A51
S21400992009D001207047C3F30723EDE7C3F30743CD
S214009930EAE71B0EE8E71B0333F470420DD1094932
S214009940D1F8EC2022F470421343C1F8EC30012029
S214009950704700207047002070470020704700BF07
S2140099600081E00F00300E401B02A2B1012213431B
S214009970B3F5007F4DD022D8B3F5807F42D00CD906
S21400998040F20112934215D1294BD3F824321A0E15
S214009990C3F3074310E00022E9E763B3012B06D1C7
S2140099A0234BD3F82432C3F30722DBB204E00022B1
S2140099B0134601E00022134603600A607047B3F5C1
S2140099C0407F2DD040F20132934206D1184BD3F897
S2140099D028321A0EC3F30743EEE740F20122934201
S2140099E006D1134BD3F82832C3F30722DBB2E3E7E2
S2140099F000221346E0E70E4BD3F81C32C3F30722CF
S214009A00DBB2D9E70A4BD3F81C321A0EC3F307436E
S214009A10D2E7074BD3F82032C3F30722DBB2CBE7FB
S214009A20034BD3F820321A0EC3F30743C4E700BF34
S214009A300081E00F38B5002850D04B4BDB6B13F09D
S214009A40400F07D1494B1A78C2F102021023934007
S214009A50454A1361464AD2F8804104F0010445F6AF
S214009A600E03C2F88031434B1B6803F0010103F07C
S214009A701000014303F04000084303F004010143D3
S214009A8003F480730B431366374BDB6B13F0400F06
S214009A9004D1394BD3F8C830002BFAD1324B1B68AF
S214009AA013F0100F0DD0324BD3F8403113F0807FF7
S214009AB0F9D1324B1A682E4B1A61314B1B78052BA5
S214009AC02BD02F4B1B78023B0A2B32D8DFE803F053
S214009AD02E3F43313131313131464900244BD3F8E2
S214009AE09020244B1A601120FFF728FA244B187098
S214009AF01D4BDB6B13F0400F04D11F4BD3F8C8305F
S214009B00002BFAD1184B5B68C3F30143174A137056
S214009B10174B1A69194B1A6018E01A4B1D68FFF7A5
S214009B203DFE01462846FFF731F9CAE70020FFF759
S214009B303FFD104B1B6813F0010F02D10C4B0222A5
S214009B401A661CB10A4B0022C3F8802138BD0120DA
S214009B50FFF72EFDEDE7FFF757FDEAE7FFF790FD6D
S214009B60E7E7FFF7ADFBE4E700300E408E5D01202F
S214009B7000400E40744301200000C643704301209D
S214009B808F5D012054200020074A136823F4407399
S214009B90417843EA012313604378022B00D07047D4
S214009BA0024B5B6AFBE700BF00300E4000400E40F1
S214009BB038B50446F8B9FFF705FE184A136943F0AE
S214009BC00403136117F054FB17F053FB144B154AAC
S214009BD0C3F8242403F559231B6813F0100F0ED185
S214009BE030BF17F047FB03F0BBFB8CB10120FFF73B
S214009BF021FF84B138BD0020FFF71CFFDBE717F01C
S214009C004FFA05461CF098F9284617F04DFAE8E793
S214009C10FFF700FEEDE7FEF7D9F8EBE700ED00E012
S214009C2000A000400000FFFF38B5044650BBFFF719
S214009C30C9FD1E4BD3F8802145F60E01C3F88011EE
S214009C404FF42071196612F0010F02D00022C3F8FB
S214009C508021174A136943F004031361154B164A13
S214009C60C3F8242417F004FB144B1B6813F0100FE2
S214009C700CD130BF03F074FB8CB10120FFF7DAFE85
S214009C8084B138BD0020FFF7D5FED0E717F008FAFC
S214009C9005461CF051F9284617F006FAEAE7FFF7E2
S214009CA0B9FDEDE7FEF792F8EBE700BF00400E4087
S214009CB000ED00E000A000400000FFFF00300E4076
S214009CC0134B9A6922F03F020378D3B104234178FC
S214009CD0C9B102210B438178B9B108210B43C17881
S214009CE0012900D000210B4301790B431343084A96
S214009CF09361136823F44033417943EA01431360C8
S214009D0070470023E3E70021E4E70021E6E700BF11
S214009D1000300E40174BDB6B13F0400F29D170B5A7
S214009D2004460D46FFF73AFDA04218D0124BD3F872
S214009D300031FEF71FF80646022C11D0C4F10202CD
S214009D40102393400B4A136145B1D36B13F0400FB9
S214009D5004D10A4BD3F8C830002BFAD124B170BD19
S214009D600221FFF713F8E9E700213046FFF70EF867
S214009D70F5E7704700300E4000400E400000C64336
S214009D8038B5114BDB6B13F0400F0BD10C4650B1BE
S214009D900E4B1B7813B10E4B98420FD9214600206C
S214009DA0FFF7B8FF38BD0B4BD3F80051C5F30425B9
S214009DB00135FDF7DFFF05FB00F0E9E7214602204D
S214009DC0FFF7A8FFEEE700BF00300E407843012003
S214009DD0002D310100400E4008B50278034B1A7082
S214009DE001210020FFF7CCFF08BD00BF784301200B
S214009DF010B42C4B5A6B4AF6E8515963294B9B6FAB
S214009E0013F0010FFAD1274B1B6C13F0030303D09A
S214009E1025490124C1F8B44AD9B2814221D0032B86
S214009E2000D01BB9431EDBB2012B21D91D4B9B6F03
S214009E3013F0010FFAD11B490B6C23F00303034305
S214009E400B64184B9B6F13F0010FFAD1003818BF44
S214009E500120154BC3F8B40A012A1FD05DF8044B45
S214009E6070470028FAD1104B0022C3F8B42AF5E751
S214009E700C4B4FF40021D9620A4B9B6F13F0010F75
S214009E80FAD108490B6C23F0030343F001030B647B
S214009E90044B5B6A13F4002FFAD0C7E7014B00228D
S214009EA05A63DBE700300E400000C6432DE9F04F52
S214009EB08DB000910192002309930A930B930693A9
S214009EC007930893039304930593654A1288ADF8A5
S214009ED008208DF80A30A0F5E163B3F5966F00F21E
S214009EE0AE800646B0F5E16F8CBF4FF001094FF02B
S214009EF000096DD94FF4966A4FF4E164B6F5E16F48
S214009F006BD9584BD3F8183208931A0E0592C3F340
S214009F1007430893544DEF6CC7F301778DF808702C
S214009F203B464A4603A906A8FFF71EFDD5F8EC30C7
S214009F30C3F301288DF8098043464A4604A907A8BA
S214009F40FFF712FD321B089B0599C91A02FB01F1A7
S214009F50B1FBFAF10B9119440B91DDF80CB0DDF86A
S214009F6018C0ABEB0C0502FB05F5B5FBFAF5099539
S214009F7065440995DDF810E00798AEEB000404FB95
S214009F8002F2B2FBFAF20A9284180A94059A8A42FE
S214009F9059D38B4259D8A64559D3A04259D8AB4578
S214009FA059D3AC4559D8019B73B12F4BDB6D23F4C5
S214009FB0FE4323F0020343EA0123B6F5E16F16D908
S214009FC002221343284AD365009B93B9012037E049
S214009FD04FF4167A4FF4966490E7224BD3F8183273
S214009FE00893C3F307220592DBB2089392E7002298
S214009FF0E7E7002239464846FFF77CFC00B301221B
S21400A00041464846FFF776FCD0B1A54238BF254604
S21400A0100995E72D28BFE7250995134B5B6E23F4BA
S21400A020FF7323F0010343EA4503B6F5E16F04D955
S21400A030012213430C4A536602E00022F9E700208F
S21400A0400DB0BDE8F08F0020FAE70020F8E700200A
S21400A050F6E70020F4E70020F2E70020F0E700BF74
S21400A060FC9C02000081E00F00300E4008B5214B3A
S21400A0701A6FDB6C13F0010F09D012F0060F06D032
S21400A08013281FD9143813281ED8082323E0194B89
S21400A090DB6C13F0010F09D112F0060F06D1092868
S21400A0A014D90A38092813D8082314E0114BDB6C9E
S21400A0B013F001030FD012F0060F0BD1272817D884
S21400A0C0082308E0042306E0102304E0042302E04B
S21400A0D0102300E00023013B1A0342EA032205494D
S21400A0E0CB6C23F47F431343CB64FFF7ABFB08BD75
S21400A0F01023F0E700300E4008B5074BD3F8803940
S21400A100064A136F23F0070303431367044B1888AC
S21400A110FFF7ACFF08BD00BF0000C64300300E408E
S21400A120A25C012008B5084AD36E43F08073D3665C
S21400A130064BD3F880391BB10420FFF7DDFF08BDBE
S21400A1400020FFF7D9FFFAE700300E400000C643B4
S21400A15038B5304B02229A639B6B03F00F03934291
S21400A16054D10446B0F90C10C3884A2B09D9B3F56C
S21400A170FA7F41D340F6C312934240D84FF00052C4
S21400A18000E00022234BDB6C23F0405323F0010356
S21400A190002937DB01210A4313431E4AD364D2F851
S21400A1A0EC3043F44073C2F8EC30A2881A4B1A80A5
S21400A1B0FFF7B8FFB4F90C102089FFF77FFBA088E3
S21400A1C0FFF754FFA07BFFF783FB01221146608850
S21400A1D0FFF76CFE0546D0B10E4AD36B43F480639E
S21400A1E0D3636078FFF704FEA37A202B0CD00022FE
S21400A1F00A4BC3F894270AE04FF08052C2E74FF0AC
S21400A2004052BFE70021C6E70122F1E700252846B5
S21400A21038BD00BF00300E40A25C01200000C643DF
S21400A220044AD2F8443423F003030343C2F8443408
S21400A230704700BF00A00040F8B50D4614461E4605
S21400A240072A2AD8930000FA03F20F2199401D48E6
S21400A25017F01BF80027072C2AD8A10005F00302E8
S21400A2608A40032303FA01F1174817F00EF8174A3D
S21400A270224492001660164B23449B009DF818203B
S21400A2801A600123A340134AC2F82434124B234415
S21400A2909B009DF81C201A60F8BDA2F10807BB00C1
S21400A2A000FA03F20F2199400C4816F0EEFFD2E7B1
S21400A2B0BF0005F00302BA400321B940084816F073
S21400A2C0E4FFD4E700A4004008A4004080208510E6
S21400A2D0A020851000A000404021851004A4004066
S21400A2E00CA40040F8B504460D461E4617463AB183
S21400A2F0FBB100EB400109010122AA401D4B5A5058
S21400A300072D1ED8A90004EB44031B0107FA01F22F
S21400A3100F2000FA01F11848184416F0B6FF3FB9AE
S21400A320FEB104EB440424010122AA40114B1A5149
S21400A330F8BD00EB400109010122AA400F4B5A501C
S21400A340DEE7A5F108039B0004EB440C4FEA0C1C67
S21400A35007FA03F20F2199400948604416F095FF6A
S21400A360DDE704EB440424010122AA40034B1A5102
S21400A370DEE700BF0CA0004604A000400CA000448E
S21400A38008A0004002B97047F8B504460E461746C6
S21400A39003F00305036823F4407303602A024FF4B6
S21400A3A0407116F080FF2EB9124B9C4217D0124B0C
S21400A3B09C4219D02368114B5A5D07FB02F26AB122
S21400A3C0A6EBC7031344013BB3FBF2F3013B226841
S21400A3D012F0020F01D003B901232361F8BD08482B
S21400A3E0FEF7A2FE0646E5E70648FEF79DFE064691
S21400A3F0E0E700BF00C0004000C40040009D02002F
S21400A400008204000092040038B505460C4600237E
S21400A41003640B4BC3634A7882F0010200F14243A7
S21400A42003F58013DB0001339B001A600B7B8A6800
S21400A4304968FFF7A7FF2178284616F042FF38BD87
S21400A440FFFF070008B5094B4FF40072C3F88020E1
S21400A450BFF34F8FBFF36F8F054B0021D96619628C
S21400A4604FF4AA40FEF7A2FC08BD00BF00E100E0E2
S21400A47000200E4081F00101024B03449B0019604E
S21400A480704700BFA001F11010B5044601214FF43B
S21400A490AA40FEF78BFC23786178A27842EA012274
S21400A4A042EA03620B4B1A6000221A62DA625A63AF
S21400A4B04FF00042DA664FF0FF329A66064A4FF4D3
S21400A4C00071C2F88011E3785B01DBB282F80933D1
S21400A4D0116010BD00200E4000E100E070B50C4693
S21400A4E0C3B201259D40254EB5660B6800EB4001C2
S21400A4F006EB0111C1F88030637BC1F8883094F810
S21400A5000AC0E37A1B0543EA0C4394F80CC043EAFE
S21400A5104C53C1F8843022F00302C1F8982016F09C
S21400A520CEFDF36E2B43F366237A13B1736B2B4386
S21400A5307363637A1BB1114AD36A2B43D3620F4B02
S21400A5401B68227922B1D243120262F47F42134082
S21400A55062790AB143EA0223A2791AB1D24362F0C1
S21400A560FF021340E27902B11343044A1360044B1E
S21400A5709D62D56316F0A9FD70BD00BF00200E4099
S21400A58000200E4410B5C0B20124844016F097FD9A
S21400A590044AD36E23EA0403D366034B1C6216F008
S21400A5A094FD10BD00200E4000200E4410B5C0B231
S21400A5B00124844016F083FD084B1B6A234205D114
S21400A5C0064B9B6A9C4306D0002400E0002416F04D
S21400A5D07CFD204610BD0124F9E700BF00200E4098
S21400A5E0054B5A685B68054B41F671321A649A68E7
S21400A5F022F001029A60704700300E4000000E40C4
S21400A600034B9A6822F001029A6000221A6470478F
S21400A61000000E400C4B0D4AD26912F0010F02D01A
S21400A6200BB1013BF7E74BB1084B18610122DA602A
S21400A630DB6913F0040F04D1002070476FF00200AE
S21400A64070474FF0FF3070478096980000000E402D
S21400A6508C46E9B900207047013B124AD26912F0D5
S21400A660010F04D0002BF7D16FF0020070479BB1AA
S21400A6700C4BDB6913F0020F11D161450AD250F87A
S21400A680042B084B9A6101310822DA60064BE4E796
S21400A6900021F2E7002070476FF0020070476FF06D
S21400A6A00100704700000E40809698002DE9F047A4
S21400A6B080460E46254B196C1FFA81F941F671311A
S21400A6C01964234948684968996841F0010199600E
S21400A6D0970800231D4614E01C498A6822F00102F0
S21400A6E08A60B9F1000F2DD00A460021116429E0D6
S21400A6F051463046FFF7ACFF0346C0B9554406EB5B
S21400A7008A06BD4213D208EB85042046FFF782FF77
S21400A71003460028E0D1C4F30A04C4F50064A30885
S21400A720A7EB050ABAEB940FE2D39A46E0E707498F
S21400A7308A6822F001028A60B9F1000F02D00A4648
S21400A740002111641846BDE8F08700BF00000E40E7
S21400A75000300E4010B42B4B196C89B241F67132A2
S21400A7601A64294A546852689A6842F001029A604C
S21400A77018610122DA60DB6913F0040F0BD1214B5C
S21400A7800222DA60214B1F4AD26912F0010F0ED066
S21400A7906BB1013BF7E71B4A936823F00103936014
S21400A7A011B1134600221A644FF0FF300DE0154A2F
S21400A7B0D26912F0020F0BD1B3B1124A936823F09C
S21400A7C001039360E1B1002010645DF8044B70470C
S21400A7D00C4A936823F00103936011B113460022DC
S21400A7E01A646FF00100F0E7064A936823F001034D
S21400A7F0936011B1134600221A646FF00200E4E77A
S21400A8000020E2E700000E4000300E4080969800E0
S21400A810014B01229A60704700500E4010B4184B4E
S21400A8205C68002318460BE0B2F5803F21D0154A3D
S21400A83052F83320224202D0214200D11043013385
S21400A840082B19D80F4A02EBC30251680E4AD2F8F9
S21400A850E82112F0040FEAD10A4A52F83320B2F582
S21400A860006F06D0E0D8B2F5007F02D0B2F5806F58
S21400A870DDD141F48071DAE75DF8044B704700BF24
S21400A88000500E40049D02000040E00F4A790B780D
S21400A89091F801C043EA8C0391F802C043EA8C1396
S21400A8A091F803C043EA0C1391F804C043EACC23A2
S21400A8B043EA02338A7943EA424304300001014AFC
S21400A8C01350704700200440014B1860704700BFCB
S21400A8D000008442037813B3012342780AB30422AB
S21400A8E013438278FAB110221343C278EAB12022C9
S21400A8F01343027943EA0223427943EA0233827918
S21400A900AAB14FF400421343C27943EA0243027AE3
S21400A9107AB14FF400321343074A1360704700239E
S21400A920DBE70022DCE70022DEE70022E0E7002289
S21400A930E9E70022EFE700BF002004400D4AD2F806
S21400A940E4309B0003F03C03D2F8E010C1F3811121
S21400A9500B438370D2F8E03003F03F034370D2F825
S21400A960E83003F0F003D2F8EC20C2F303121343EE
S21400A9700370704700FF0FE0024BD3F8F000D3F8E7
S21400A980F41070470081E00F024BD3F8FC00000E75
S21400A990704700BF0081E00F044BD3F8E4301B0E75
S21400A9A00A3303F01F030120984070470081E00F30
S21400A9B070B5054616461C460846D1B1402C20D038
S21400A9C01BD804B3202C13D1082306FB03F253082C
S21400A9D003EB4013B3FBF2F3203B0C4A02EAC3033B
S21400A9E02A6822F060022A602A6814432C606B6191
S21400A9F070BD0748FEF798FBE0E7602CF8D104230B
S21400AA00E3E70623E1E71023DFE700BFF8FF7F0058
S21400AA104041050038B5054614460B4631B1013BAA
S21400AA206400B3FBF4F31B026B6138BD0248FEF70B
S21400AA307BFB0346F3E700BF4041050040F6AA63F0
S21400AA40C3600023036041F20502426083604361F5
S21400AA50C364134A8264036643678367C367114B04
S21400AA6098420BD003F58063984207D003F58063C5
S21400AA70984203D003F58063984201D10023036512
S21400AA800023836503F1804303F58233984203D0A5
S21400AA9003F50063984201D10023C365704700BFE9
S21400AAA0F9FF01000000014038B504461AF05CF9D1
S21400AAB0054DA446BCE80F000FC59CE80F0085E8CE
S21400AAC00F00002038BD00BF7C43012047F6FF730F
S21400AAD09A4200F08480062900F2838070B5444BC9
S21400AAE013F801E0BEF1020F7DD8424B03EBCE0116
S21400AAF091F802C0BCF1010F38BF4FF0010C604660
S21400AB0013F83E30012B26D03A4B03EBCE035C689D
S21400AB10002C6AD0B4F90030934204DBB4F902305A
S21400AB20934200DC1346A288FF2A2CD00021282658
S21400AB30C8221D46D21A92FBF6F20A4412B22D4BD8
S21400AB4003EBCE0393F801E0964501DD002A2FDAE9
S21400AB500EF1FF322CE0CB78A3EB0C0300249C42D2
S21400AB600ED2191BA3EB5101224800EBCE00406821
S21400AB7030F91100904201DC0C46F0E74B1EEEE780
S21400AB806344D8B230E0B4F90620B4F90860012175
S21400AB90CFE75C331849A1FB03139B09013212B2BD
S21400ABA0164696450FDD04EBC201898899420AD302
S21400ABB004EBC2018B68B1F9061001FB0533002BCC
S21400ABC0E7DA0023E5E7013E04EBC604A2889A42D2
S21400ABD000D31A46624500D31046C0B204E0FF20F8
S21400ABE0704700207047002070BD0020FCE700BFC3
S21400ABF04C9D02007C430120D34D6210062975D877
S21400AC003E4B5B5C022B73D83D4911F8331001298B
S21400AC1023D0002A6ED010B4394901EBC3014C682A
S21400AC20002C69D0201D364901EBC301897891427A
S21400AC302FD2334901EBC301C97891422ED930494E
S21400AC4001EBC30393F801C00CF1FF3C5FFA8CFCE8
S21400AC50A388FF2B25D0002327E0294901EBC30159
S21400AC60C978914200D20A46254800EBC300807896
S21400AC7001282CBF121A02F1FF32D2B2091A8A42F8
S21400AC8000DD00221E4901EBC3035B6833F91200A6
S21400AC907047B4F902005DF8044B7047B4F9000041
S21400ACA0F9E7012301E00133DBB2634504D2591C06
S21400ACB030F831109142F6D24FF47A7101FB02F26D
S21400ACC000EBC3004368D31AB0F9022002EBD2713E
S21400ACD003EB610393FBF2F3B4F900009842DADB6E
S21400ACE0B4F902009842D6DC18B2D4E7054870479B
S21400ACF004487047044870470248CCE74C9D020061
S21400AD007C4301200080FFFF0CFEFFFF08B50348D0
S21400AD10FFF7CAFE01201AF06FF808BD549D020026
S21400AD200048704798200020004870479020002078
S21400AD3000B587B000230193029303930493059311
S21400AD4002238DF804300D4B029306228DF80C205A
S21400AD5001238DF80D300C218DF80E108DF8122081
S21400AD608DF813300D238DF8143001A94FF0FF3005
S21400AD701AF017F907B05DF804FB00BF006A180068
S21400AD80024B0122C3F80026014870470010C84352
S21400AD9000000F400A4B984206D003F580639842A5
S21400ADA000D07047012200E00022064B03EBC203EE
S21400ADB05A68054B13449B0000221A60F1E700BF57
S21400ADC000000F400C9E02008005F21000F01F02EB
S21400ADD001239340A0F50620A0F5506040090749DE
S21400ADE051F820201A4341F82020054951F8202028
S21400ADF022EA030241F82020704700BFB04301203A
S21400AE009C43012000F01F0CA0F50620A0F5506022
S21400AE1040090F4951F82030012202FA0CF2134380
S21400AE2041F8203000231A4604E00A4951F823105E
S21400AE300A440133042BF8D902B17047042A05D816
S21400AE40034B002143F822100132F7E7704700BF9A
S21400AE509C430120B043012000F01F0CA0F5062003
S21400AE60A0F550604009054951F82030012202FA49
S21400AE700CF2534041F82030704700BFB043012029
S21400AE802DE9F041A2B040242246002112A81AF073
S21400AE9023FE2246002102A81AF01EFE214F23E0C0
S21400AEA0DFF88C8029E022AB03EB840353F8400CD8
S21400AEB0FFF78CFF0134AC42F5D3CDF800803B465B
S21400AEC0102202A91848006819F06AFC05460024FA
S21400AED007E022AB03EB840353F8800CFFF792FFE6
S21400AEE00134AC42F5D33746104B9F4213D807F1D6
S21400AEF010060F4B9E42D3D8B04608F1FF38CDF867
S21400AF0000803B46102212A90748006819F03FFC53
S21400AF1005460024CFE7074B01221A7022B0BDE891
S21400AF20F08100BF006D080088200020FF70080038
S21400AF3000710800905D01202DE9F04184B00646BE
S21400AF400D461C4617460AB1002313600CB10023B9
S21400AF5023601023009300232A46314611480068D8
S21400AF600CF028FA8046C8B90FB110233B602A6857
S21400AF700D4B9A4210D18FB184B1234603AA3146B5
S21400AF80084800680CF03AFB20B923683A689B1A18
S21400AF90236003E0804601E0DFF81080404604B0FE
S21400AFA0BDE8F08188200020105D175EFFDF00F00E
S21400AFB02DE9F0478046894617461E4616F09CFA4D
S21400AFC0524CA4FB0034E40804EBC414041B04F540
S21400AFD0062404F550644E4B1B7813B10025AA4690
S21400AFE04EE0FDF7F5FD00287DD1FFF749FFF5E7B8
S21400AFF0BAF1000F00D1A246A4F50624A4F6FF4439
S21400B000424BA3FB0423DB0803EBC313E31A03F54D
S21400B010062404F5506432E00A9B1C6000204FE0D2
S21400B020099B089A31462046FFF786FF394B98421F
S21400B03009D01233984206D060B1374B984209D0F7
S21400B0406FF091003CE02146344B18680CF01AFB78
S21400B05000284ED1B268F3684B4508BF424531D050
S21400B060A4F50624A4F6FF44284BA3FB0423DB0820
S21400B07003EBC313E31A03F5062404F55064013505
S21400B080802D27D8A4F5062CACF5506C4FEA5C1C36
S21400B090234B53F82C3004F01F02D34013F0010F5B
S21400B0A0BED1204B53F82C30D34013F0010F9FD164
S21400B0B0E7B1BAF1000FAFD00A9BC3F800A000209A
S21400B0C0BDE8F08717B17368012B15D00A9B1C608A
S21400B0D00020F5E79FB1BAF1000F13D00A9BC3F822
S21400B0E000A00020ECE76FF09100E9E76FF08B001E
S21400B0F0E6E76FF08B00E3E76FF08400E0E76FF0C1
S21400B1008B00DDE76FF08B00DAE700BF813FE00FD2
S21400B110905D0120FFDF00F0FEDF00F088200020B9
S21400B120B04301209C4301202DE9F04F87B006462E
S21400B1300D469846DDF840A091462AB1002B52D025
S21400B14040F26C739A4251D8BAF1010F51D80023DD
S21400B150059309F110073946012017F0F9FC04465B
S21400B160002849D03A4600211AF0B6FC05AB0293F7
S21400B1700023019300932346012230462946FFF719
S21400B18017FF8346F0B91E4B2360A660E560C4F83F
S21400B19004A0B9F1000F1BD13B4622460599194879
S21400B1A000680CF06FF8D0B16FF0910B3A460021B2
S21400B1B020461AF091FC204617F0DAFC584607B0F5
S21400B1C0BDE8F08F10F18C0FF0D16FF08D0BEDE72E
S21400B1D04A46414604F110001AF0B7FBDCE7059832
S21400B1E0FFF7F4FDE2E76FF0860BE7E76FF0910BF1
S21400B1F0E4E76FF0850BE1E76FF08C0BDEE700BF4E
S21400B200105D175E882000202DE9F0418CB01446B2
S21400B210129D139F1E4663B1002F44D0002D45D0CB
S21400B220B5F1005F45D3C3F1005303F580239D427B
S21400B23042D80022089209920A920B92079206922E
S21400B24005AB029307AB019306AB009308ABFFF781
S21400B250AFFE8046D8B9079B36B1A34206D8E3B9FD
S21400B26024B16FF0860812E0A34219D31B1BB34229
S21400B27011D23B603B680093069B23442A460599FF
S21400B2800F4800680CF096F808B16FF09108404639
S21400B2900CB0BDE8F0813E60ECE76FF08608F6E79C
S21400B2A06FF08608F3E76FF08608F0E76FF0860821
S21400B2B0EDE76FF08608EAE76FF08608E7E700BF7D
S21400B2C08820002010B58CB00022089209920A92BD
S21400B2D00B920792069205AB029307AB019306AB5F
S21400B2E0009308ABFFF764FE044670B9099B012B78
S21400B2F00ED00599094B18680CF0C4F958B9059892
S21400B300FFF7AAFD0598FFF77DFD20460CB010BD9F
S21400B3106FF08404F9E76FF09104F6E788200020C8
S21400B320074B5B685BB182B0054BD3F800310193E5
S21400B330019B034B5B68002BF6D102B07047704749
S21400B34000D00140144B5B6810F0030F06D018E0E5
S21400B350114BD3F8003140F8043B04390329F7D8E1
S21400B360C1B10D4BD3F8003112E00B4BD3F80031CE
S21400B37003701A0A42701A0C82701B0EC3700439CE
S21400B38004300329F1D8EBE700F8013B1B0A01392A
S21400B3900029F9D1704700BF00D0014010B5002445
S21400B3A003E0124B5B68FBB90134092C14D80F4A32
S21400B3B0136843F48071116023F4807313600C48A3
S21400B3C0FDF7B2FE800A0023084A5268002AE8D138
S21400B3D08342E6D20133F7E7044A136823F00103F9
S21400B3E013606FF0920010BD0020FCE700D0014013
S21400B3F07000020008B50D4B40F271621A60FFF74C
S21400B400CDFF90B9094B5B68032BFBD9074BD3F8EC
S21400B41000211A61D3F800215A61D3F800219A61FD
S21400B420D3F80021DA61FFF7B9FF08BD00D001406C
S21400B43010B50E4B1C6B14F45C7F11D014F4807F97
S21400B44006D1FFF7ABFF10B914F41C7F0AD110BD6C
S21400B45024F480741C63FFF763FF6FF09300F6E735
S21400B4600020F4E76FF09300F1E700BF00D0014042
S21400B4702DE9F04F83B001900F46914616F06BF819
S21400B4800446002856D1344AD2F8C03043F400337C
S21400B490C2F8C030314B1B6813F0010F07D0DDF83F
S21400B4A004A03E464FF0000B4FF00A082BE0FFF7D3
S21400B4B0A1FF04460028F2D03CE02948FDF734FE00
S21400B4C0C00A844204D2254B5B680BB90134F8E706
S21400B4D0224B5B68E3B9D84637466FF0930423E007
S21400B4E0DDF804A03E464FF0000B0CE01B4B5D68F9
S21400B4F0AD00B54228BF354629465046FFF722FF25
S21400B500AA44AB44761BCEB1144B5C68A400D4D0DE
S21400B510FFF78EFF044610F1930F12D010F1940F30
S21400B520E4D1B8F10108DBD114B114F1940F0BD1BA
S21400B530C9F80080204603B0BDE8F08FD8463746ED
S21400B540F2E7D8463746EFE73A46002101981AF068
S21400B550C3FA4FF00008EBE700400E4000D0014071
S21400B560700002002DE9F04F8FB0049005919346CD
S21400B570DDF868A0DDF86C901C464BB11B680093A4
S21400B58000250A950B950C950D955746A246AEE0FC
S21400B59000230093F4E7FFF7F3FB04460023436021
S21400B5A04FF44043036015F07BFD0646059B102BC9
S21400B5B019D010220499204615F021FE04F18403C8
S21400B5C001931899184615F0C4FD304615F06CFD29
S21400B5D0ABEB05031B09DDF80080CDF808B0CDF80D
S21400B5E00CA09A460CE00822E4E70AA904F18000C1
S21400B5F015F0CDFD304615F057FD103508F1010861
S21400B600D04520D215F04CFD0646464B23652369EF
S21400B61013F0010FFBD1791904F1A00015F099FD84
S21400B6200F2DE2D9A5F1100B09EB0B0E0DF1280C2E
S21400B630BCE80F0049F80B00CEF80410CEF808203E
S21400B640CEF80C30D1E7DDF808B0DDF80CA07B1999
S21400B65006AE785959689A68DB680FC60F2D34D93C
S21400B660A5F1100E09EB0E0C0FCE49F80E00CCF823
S21400B6700410CCF80820CCF80C30009EDDF864806E
S21400B6800DE006F138036B4413F8203C18F806204A
S21400B690534009F80530013606F00F0601355D45C2
S21400B6A017D0002EEDD115F0FBFC00901D4B236546
S21400B6B0236913F0010FFBD1414604F1800015F019
S21400B6C066FD009815F0F0FCDBE7009EDDF8648070
S21400B6D0E5E7009615F0E4FC06461899019815F083
S21400B6E056FD304615F0E0FC2046FFF753FB5D455F
S21400B6F00FD2009900293FF44EAF7B5D199A525C39
S21400B700534009F805304E1C06F00F030093013530
S21400B710EDE7544614B1009BCAF8003000200FB085
S21400B720BDE8F08F480503012DE9F0458DB0DDF842
S21400B7305880179F189E002900F0E18005461C4699
S21400B7408A46002A00F0DE80B8F1000F16D0D6B187
S21400B7501A9B002B00F0D980734B9C4220D018D93E
S21400B760724B9C421CD003F580739C4218D0A3F504
S21400B77000739C4214D06FF0850040E0002FE6D0A6
S21400B7806FF086003BE0199B002BE1D06FF086003F
S21400B79035E0674B9C4203D003F540739C4231D1A1
S21400B7A02B88B3F5105F40F0B3806B88B2EBD30FF5
S21400B7B0C0F0B180802B03D0B3F5807F40F0AE8020
S21400B7C03FB3B0450DD208EB0703B34209D9199B26
S21400B7D09F4200F2A6803A46414630461AF062F989
S21400B7E0B0466D88ED08504B9C4233D003F540734D
S21400B7F09C422FD04F4B9C420FD06FF085000DB06F
S21400B800BDE8F085A3F580639C42C9D06FF0850043
S21400B810F5E700201A9B1860F1E7199B9F4257D85E
S21400B82017F00F0457D16FF09203BC420CD23319B5
S21400B830009308EB040301222946504615F08DFEBE
S21400B840034618B91034F0E71A9A1760002B4BD14C
S21400B8500020D4E7199B9F4240D8374B9C421AD011
S21400B860159B102B3DD108AC149B186859689A6834
S21400B870DB680FC40396CDF8088004AB019308ABD1
S21400B880009300233A4629465046FFF76BFE58BB06
S21400B8901A9B1F60DCE7159B0D2B02D06FF086000D
S21400B8A0ADE701238DF82030149A1068516892682D
S21400B8B0CDF82100CDF82510CDF82920149A127B5A
S21400B8C08DF82D2000228DF82E208DF82F30D1E710
S21400B8D06FF0860093E76FF0860090E76FF08600C3
S21400B8E08DE76FF086008AE7199A002130461AF035
S21400B8F0F3F800231A9A13606FF092007FE76FF058
S21400B90086007CE76FF0860079E76FF0860076E7C2
S21400B9106FF0850073E76FF0850070E76FF08500C5
S21400B9206DE76FF086006AE70010C0040012C004DE
S21400B93000414004004440040013C0042D2822D8CF
S21400B940DFE800F0172121212121212121212121B9
S21400B95021212121212121212121212121212121D2
S21400B96021211B212123212121211D212121211FCC
S21400B9702119074870470748704707487047074827
S21400B980704707487047074870470748704700BF2A
S21400B990C09F0200449E0200589E0200809E020045
S21400B9A0989E0200B89E02001C9E020010B5044637
S21400B9B04FF42F7200211AF08FF88023C4F88C30D1
S21400B9C0054BC4F88430012384F8883004F19C00C9
S21400B9D015F049FA10BD00BFC89E020010B5034618
S21400B9E00846D3F8A0202AB1D3F8A4109047002424
S21400B9F0204610BD184616F0BFF804460028F7D0BB
S21400BA00FFF79CFF0146024816F020FAF0E700BF59
S21400BA10206402002DE9F04190F880601EB10026F7
S21400BA203046BDE8F081054615F0F9FD0028F7D14F
S21400BA30012385F8803095F888300BB9B0461BE0B6
S21400BA40002385F88830D5F884101F4816F0FEF9D4
S21400BA50F4E716F0DFF9044617E0284615F0DCFD9B
S21400BA603946284600F0E4FB064601E04FF00108A0
S21400BA70B4F1FF3F12D08EB9D5F8B442B4F1FF3F0F
S21400BA80E7D04FF0FF33C5F8B432B4F1FF3FEDD046
S21400BA9014F0FF07E1D14FF00108E9E726B90023CB
S21400BAA085F880304646BBE7284615F0CAFD95F86F
S21400BAB08830002BF3D0D5F88410034816F0C6F96A
S21400BAC0002385F88830EAE7CC9E0200F8B50646E3
S21400BAD00D4617460B78302B0DD04FF0000C15F89E
S21400BAE00C30002B4AD0364CE35C13F0040F65D0C4
S21400BAF00CF1010CF3E74B78782B04D0582B0CD0C4
S21400BB004FF0000CEBE70222AB5C43B12C49CB5C58
S21400BB1013F0440F50D00132F6E70222F4E77242E7
S21400BB2006F0030302F0030258BF5342032B16D15C
S21400BB30284619F02AFF0238013608D4B310B0EBB5
S21400BB40A60F06D09842ACBF0020012037E003368F
S21400BB50F4E7A87837288CBF002001202FE028467D
S21400BB6019F013FF831E3246002E05DBB3EBA20F3F
S21400BB70D4BF0120002022E0F21CF7E70A220021B1
S21400BB80284613F0C9FC02460C46202E10D027B1DA
S21400BB90084302D0013A61F100040123B340013B9F
S21400BBA01340002C08BF93420CBF0120002006E083
S21400BBB0B1FA81F0400902E0002000E00020F8BD64
S21400BBC0DBC6020003787B2B1CD14FF0000C012251
S21400BBD0835C7D2B0ED00E49C95C11F0440F03D058
S21400BBE00CF1010C0132F3E7202B01D00020704746
S21400BBF00132EDE71044437833B91CF0010F05D14C
S21400BC0001207047002070470020704700207047D2
S21400BC10DBC60200212816D821283AD8DFE800F033
S21400BC20113B191B1D1F2123393939393939393947
S21400BC302527292B2D2F31333939393939393939D7
S21400BC40353718487047FE2827D0FF2827D11648D2
S21400BC50704716487047164870471648704716488B
S21400BC60704716487047164870471648704716487B
S21400BC70704716487047164870471648704716486B
S21400BC80704716487047164870471648704716485B
S21400BC90704716487047164870471648704713484E
S21400BCA0704700BF889F0200849F0200E09E02004B
S21400BCB0E89E0200F09E0200F89E0200009F02002E
S21400BCC0089F02000C9F0200189F0200249F02009B
S21400BCD0309F0200389F0200449F0200509F0200DF
S21400BCE05C9F0200649F0200709F0200D09E0200CC
S21400BCF0D89E02007C9F020070B506460D4619F0DD
S21400BD0044FE0446304616F0A1F803E0034816F059
S21400BD109DF80134AC42F9D370BD00BF909F02007D
S21400BD202DE9F84F044602213248FFF7E5FF1E21B1
S21400BD302068FFF7E1FF6368586816F087F82E481A
S21400BD4016F084F863681A7BFD2A51D803F10C09B3
S21400BD50D3F808A0504619F018FE80464FF0FF347E
S21400BD60002510E02B2016F065F836E016F062F895
S21400BD7001341AF804001F2801D04445F6DB1E489B
S21400BD8016F064F80135AB4619F80560FF2E2FD083
S21400BD903046FFF73FFF0746B8F1000F00DD0134DD
S21400BDA0202EEFD0134E02213046FFF7A5FF1E21AE
S21400BDB03046FFF7A1FF114816F048F810493846FC
S21400BDC019F0B9FD00B90F4F39460F4816F03EF886
S21400BDD0CB449BF80130202BC4D00C4816F036F824
S21400BDE0B8F1000FCBDD1AF804301F2BC7D0C0E720
S21400BDF0BDE8F88FC09F02006CA20200989F020068
S21400BE00709F0200949F0200CC9E02009C9F02003E
S21400BE102DE9F04F93B08146069107921C46039396
S21400BE201C9E19F0B2FD80460023236033600AAAE8
S21400BE3009A9484616F032F8002840F0C4800A984F
S21400BE4019F0A3FD2060D9F89C5000231C460593EA
S21400BE509A460495A7E000242AE0013428E0099BCE
S21400BE60013B534551D00F683468029819F08DFD98
S21400BE7004440134346001E001333360336819F858
S21400BE800320002AF8D00AF1010A019C10E0059B65
S21400BE90013305932A46DDF81CB05946069D284610
S21400BEA015F019F84B4A5946284615F014F801348F
S21400BEB004EB440307EB830B57F82330002B37D0F3
S21400BEC0099B534534DB9BF80830002BC5D1D9F8C5
S21400BED094203368D21A039B1A6012AB03EB8A03D2
S21400BEE053F8203C0293DBF800502946184619F018
S21400BEF03AFD01900028DAD1284619F046FD009058
S21400BF00DBF804100A7BFE2AA9D0D9F894303068F2
S21400BF101B1A009883420EDC069819F036FD009B2B
S21400BF2003447B2BB3D92C4A0799069814F0D3FF09
S21400BF304B4642462CE0FE2AB9D1099B013B5345AD
S21400BF40B5D10F680094CDF808A0019C059DDDF8DA
S21400BF5018A0DDF81CB004EB440357F823205AB1B0
S21400BF605946504614F0B7FF1A4A5946504614F040
S21400BF70B2FF01350134EEE7009CDDF808A0059518
S21400BF80C6F800800023039A1360D1E70133013A14
S21400BF90002A05DD19780029F8D120211970F5E767
S21400BFA0049B1B680493049B7BB1049B9F68002F33
S21400BFB0F6D019F80430202B7FF44DAF33680133E8
S21400BFC033600134F5E700230593059813B0BDE808
S21400BFD0F08F00BF909F0200A09F02002DE9F0475F
S21400BFE086B004460F4616461D46DDF83890DDF846
S21400BFF03C8000238DF817302B6089F8003088F8D5
S21400C00000302B6852F82310164815F02FFD40B963
S21400C0102B6801332B604FF0010AD4F89C400020B7
S21400C02003E04FF0000AF8E7246894B1A0680028FF
S21400C030FAD0CDF80C80CDF80890019500963B46D6
S21400C0400DF11702002115F015FD9DF81730002B95
S21400C050EAD0BAF1000F02D0012388F8003006B00B
S21400C060BDE8F087A89F020070B5ADF5447D044694
S21400C0700021A4917C22A5A819F02EFDA3AB009365
S21400C080A2AB8022A4A92046FFF7C2FE012804D056
S21400C090012840DC0DF5447D70BDA4A819F075FCA0
S21400C0A00546A299431AA39A0A442244A4A8014426
S21400C0B004E011F8010B02F8010B013B002BF8DC41
S21400C0C000231370D4F890600AE0D4F8901020464D
S21400C0D015F0F6FDD4F890300133C4F890300136F0
S21400C0E0A29AA39B1344B342EFDCD4F89430AD1A63
S21400C0F02B44C4F89430D4F890302B44C4F89030D5
S21400C100A4AB9C1804E014F8010B15F093FE013D57
S21400C110002DF8DCBEE78022002102A819F0DCFC26
S21400C1204FF40072002122A819F0D6FC0125002346
S21400C13000E0013303F544726A4412F8802C3AB1E9
S21400C140202AF6D15A1C22A941F825200135F0E70D
S21400C15022AA42F82530A4A819F017FC002115E001
S21400C160013222AB53F82230834209D00B4403F548
S21400C17044736B4413F8803C6345F1D0002300E021
S21400C180012363B102AB03F801C001318D4209DB24
S21400C19001F544736B4413F880CC0022E1E702AB50
S21400C1A000225A54D4F890500AE0D4F89010204652
S21400C1B015F086FDD4F890300133C4F89030013580
S21400C1C0A29BAB42F1DC2346174AA4A9174815F0F8
S21400C1D03DFE02A819F0D9FBA29AA39B1344E118CE
S21400C1E002AB9D18821A0EE015F8013B01F8013BE0
S21400C1F0D4F890300133C4F89030D4F8943001333A
S21400C200C4F89430013A002AEEDC00230B70A29C9E
S21400C21002AB1D19041B04E015F8010B15F00AFE0D
S21400C220013C002CF8DC35E7C89E0200B09F0200F7
S21400C2302DE9F04104460D46D0F89070D0F8946091
S21400C24090F89830012B0AD0012B0ED9022B00F063
S21400C250BC80032B00F0C8800020BDE8F0810A29CE
S21400C260F2D1002084F89800F7E71B2D26D00D2D7C
S21400C27029D0002384F89830082D28D07F2D60D050
S21400C2800D2D7ED00A2D7CD0092D00F08780D4F8A5
S21400C2908C30013BB34240F3DA80B742C0F2838071
S21400C2A0E5550137C4F89070D4F894300133C4F8DB
S21400C2B09430284615F0BEFD0020CEE7022384F811
S21400C2C098300020C9E7012384F89830D6E79F42CB
S21400C2D003DDB7420AD0B74216DB002F00F0B58068
S21400C2E0C4F89070C4F894600020B6E7082015F0F3
S21400C2F0A1FD202015F09EFD082015F09BFD013FB6
S21400C3000023E355013EEBE707F1FF38082015F060
S21400C31091FD04EB0805A6EB0802E119284619F082
S21400C320C1FB0023A35529464B4815F08FFD013E5F
S21400C330354602E015F0C9FC013D4545FADC4746A6
S21400C340CEE7002E01DDB74201DB002085E7E519C8
S21400C350791CF21B2144284619F0A4FB0023A355A0
S21400C36029463E4815F072FD03E0082015F062FDF0
S21400C370013EBE42F9DCD4F89430013BC4F8943058
S21400C380E3E70D2015F056FD0A2015F053FD0023B7
S21400C390C4F89030C4F8943001205EE72046FFF7DA
S21400C3A063FE002059E7781C04EB0708F21B4146A1
S21400C3B0204419F077FB404615F048FD02E015F0E2
S21400C3C084FC013EBE42FADA6AE75B2D04D1032301
S21400C3D084F89830002040E7002384F898302946F7
S21400C3E02046FFF725FF38E7002384F89830413DC4
S21400C3F0032D2ED8DFE805F002080F1E0121204687
S21400C40015F0B8FC002028E74FF0FF31204615F065
S21400C410B1FC002021E7B74201DB00201DE73946CA
S21400C420204615F04DFCD4F890300133C4F8903017
S21400C430002012E7002F01DC00200EE7013FC4F8C1
S21400C440907015F042FC002007E7002005E700206A
S21400C45003E7002001E700BFBC9F0200C49F020064
S21400C46000B585B0054BEC460FCB8CE80F00604658
S21400C470FDF76EFE002005B05DF804FBC89F0200C5
S21400C48010B586B00DF1040C144C0FCCACE80F00C0
S21400C4902368ACF80030124BD3F8B43013F4002FF6
S21400C4A008D0104B1B884FF6FF72934207D140F21C
S21400C4B0431304E00A4BD3F8B830C3F30803ADF8CF
S21400C4C00A300948FBF79AFC01A8FDF7F5F8322078
S21400C4D0FCF712FF002006B010BD00BFD89F020078
S21400C4E00081E00F0001E00F00F0490200B583B0C4
S21400C4F0074B1B68019320238DF8043001A8FDF735
S21400C50019F93220FCF7F2FE002003B05DF804FBB8
S21400C510EC9F02006FF0040307E003F00F010A4AE5
S21400C5200A44A021117601335BB2322B09DC002BC2
S21400C530F3DB03F1604202F56142A02182F80013AA
S21400C540F1E70020704700BFFCEC00E010B50446A1
S21400C55014F0A6FD024B1C6014F0A6FD002010BDD2
S21400C560CC43012010B514F09BFD034B1C6814F05F
S21400C5709BFD204610BD00BFCC43012038B50C46BD
S21400C5801546014640B12B462246064803F05CFCA1
S21400C590002805DD002038BDFFF7E4FF0146F2E77E
S21400C5A03720F8E73D20020008B5044B1868002342
S21400C5B002221946806813F05BF908BD342100207A
S21400C5C0002807DB00F01F02400901239340024ABF
S21400C5D042F82030704700BF00E100E000280CDB86
S21400C5E000F01F024009012393402030034A42F81E
S21400C5F02030BFF34F8FBFF36F8F704700E100E02E
S21400C60010B586B01446137A03EB43031B0103F1FF
S21400C610804303F56223D3F89420E16823690B4432
S21400C6209A4216D06169914215D38B1AABB9012391
S21400C630637694F82D304BB1002384F83530E369E7
S21400C640132120469847636A20469847002006B084
S21400C65010BD0A46E6E79B1AE8E7049405490391ED
S21400C660002102910193012300936368216814F06E
S21400C670A8FCEBE701C6000038B504460568FFF7DE
S21400C68071FF844233D095F93630002B08DB03F077
S21400C6901F015B0901228A406033174941F82320B5
S21400C6A095F93600FFF79AFF95F93730002B08DB2F
S21400C6B003F01F015B0901228A4060330E4941F8EE
S21400C6C0232095F93700FFF789FF287AFCF73AF917
S21400C6D0287AFCF76DF8FCF745F8002323606360C2
S21400C6E0A36023616361AB6A2846984738BD002083
S21400C6F0FFF72CFFC7E700BF00E100E030B589B0C8
S21400C700044600234376007AFCF7DCF8207A00EB38
S21400C71040031B0103F1804303F56223D3F8942002
S21400C720E56823692B449A4219D06369934218D06E
S21400C730012323760DF11F01FCF752F99DF81F30F7
S21400C74043B30DF11E01207AFCF71CF99DF81E304C
S21400C75003BB22460021207AFFF752FF1AE02A4642
S21400C760E3E700232376656194F82D3003B1256353
S21400C770636A2046984723690494094A0392002274
S21400C780029201930123009363682A462168207A67
S21400C79014F017FC207AFCF7B5F809B030BD00BFDE
S21400C7A001C60000F0B587B006460C4615461F4683
S21400C7B040220021204619F08FF995E8030084E80E
S21400C7C0030000232376EB68E3602A692261636135
S21400C7D02A7D84F82C20AA7D84F82D20236301234B
S21400C7E084F8343084F83530E7610C9B23620D9B67
S21400C7F063620E9BA36295F9083084F8363095F98B
S21400C800093084F837303460374B7360374BB36089
S21400C810374B3361374B7361374BF360FBF7F2FFEF
S21400C82010B1364A904259D1002104F10800FBF7B6
S21400C83067FF002854D1324B3362012384F83C3022
S21400C840304AB261304AF2619DF8402084F83B20BD
S21400C8509DF83C2084F83A20002284F8392084F899
S21400C8603830697D204615F07AFD95F90930002BA1
S21400C87008DB03F01F015B0901228A40603323496D
S21400C88041F8232095F90900FFF79AFE23690494DE
S21400C8901F4A0392002202920193012300936368C9
S21400C8A0E2682168207A14F08CFB0446D0B995F92A
S21400C8B00830002B08DB03F01F015B0901228A40C9
S21400C8C06033124941F8232095F90800FFF778FEF7
S21400C8D03046FFF73BFE204607B0F0BD1024FAE7CF
S21400C8E01024F8E71024F6E73B2302005722020044
S21400C8F0F3200200F920020079C60000038000F051
S21400C900C12002005F230200FF20020000E100E0D9
S21400C91001C600002DE9F04186B016461C460C9D67
S21400C920012304930393584B0293584B0193584B9F
S21400C9300093584B0A462946FFF734FF074618B1BE
S21400C940384606B0BDE8F08123682B6463686B64E4
S21400C950637A85F84930237A85F84830E37A85F893
S21400C9604B30A37A85F84A30637B85F84D30237BBD
S21400C97085F84C30E37B85F84F30A37B85F84E3046
S21400C98001214548FCF712FA01214448FCF70EFA4B
S21400C99001230422617A207AFDF7A4FC01230222F7
S21400C9A0E17AA07AFDF79EFC01216068FCF7FEF9AB
S21400C9B04FF0000886F800803146206814F097FC97
S21400C9C02268536F43F0030353672268936F23F480
S21400C9D0F85323F01F03617C43EA0123A17C0B4339
S21400C9E09367236803225A6785F85080737E202B4E
S21400C9F031D027D8002B33D0102B21D1012385F836
S21400CA005030002600230222617B207BFDF76AFC63
S21400CA10E27C2368DA672268536E43F004035366A9
S21400CA202268536F43F010035367DEB92A6CD36C49
S21400CA3043F00403D3640521206814F051FC7FE71B
S21400CA4023277DE7302B04D1032385F850300126B9
S21400CA50D8E7232774E7022385F850300126E4E759
S21400CA600026E2E700230422E17BA07BFDF73AFCE8
S21400CA702268D36F217D43EA0123D3672268536F70
S21400CA8043F020035367D1E7E5230200B9230200F1
S21400CA90C5230200732402004041050000350A0049
S21400CAA0BFF34F8F0549CA6802F4E062044B134394
S21400CAB0CB60BFF34F8F00BFFDE700BF00ED00E087
S21400CAC00400FA05BFF35F8F074B5A6A22F48032E0
S21400CAD05A62D3F8942022F00102C3F89420BFF3E0
S21400CAE04F8FBFF36F8F704700ED00E070B586B0D4
S21400CAF0002305930493FFF7E5FF4FF0005015F071
S21400CB0038FD36490B68400000F03E0040F0985073
S21400CB1040F00110324AC2F898304FF00054C2F884
S21400CB209C40C2F8A00001330B602E4D2E4CA5424F
S21400CB3013D1BFF35F8F2A4B0522C3F894205A6A9D
S21400CB4042F480325A62BFF34F8FBFF36F8FBFF34A
S21400CB504F8FBFF36F8F06B070BD03AB019304AB6E
S21400CB60009305AB2A1B2946204615F0E6FC0398E1
S21400CB70C208072800D82022049B5B1BB3FBF2F3F5
S21400CB80012101FA03F3DBB2013BDBB2059E013D56
S21400CB90AD1BB5FBF2F50D44AB40DBB2A41BB4FBFA
S21400CBA0F2F401FA04F4013CE4B21C4315F0E1FC93
S21400CBB00A4D2A68430003F03E0343EA042343F089
S21400CBC0407343F001130649C1F89820C1F89C60F1
S21400CBD0C1F8A03001322A60ABE700BFD043012085
S21400CBE000ED00E0FC210020E421002070B586B0B6
S21400CBF004460D461646002305930493FFF762FF8E
S21400CC0003AB019304AB009305AB3246294620469E
S21400CC1015F093FC0398C208072800D82022049B2E
S21400CC205B1B1344013BB3FBF2F3012101FA03F350
S21400CC30DBB2013BDBB2059EAD1B013DB5FBF2F559
S21400CC40AB40DBB2A41B1444013CB4FBF2F401FA83
S21400CC5004F4013CE4B21C43FF2C29D015F089FCF7
S21400CC60144D2968430003F03E0343EA042343F0CF
S21400CC70985343F00113104AC2F89810C2F89C600B
S21400CC80C2F8A03001312960BFF35F8F0523C2F8D8
S21400CC909430536A43F480335362BFF34F8FBFF32D
S21400CCA06F8FBFF34F8FBFF36F8F002006B070BD3E
S21400CCB02820FBE7D043012000ED00E0012000E043
S21400CCC00130022804D8431E024AD35C002BF7D05A
S21400CCD0C0B27047FC430120F8B506460F4603294C
S21400CCE003D8DFE801F00A040608002506E004255C
S21400CCF004E0102502E0402500E00125032E05D8BB
S21400CD00DFE806F002070A0D45F002050B4B1C682B
S21400CD1009E045F00805F9E745F02005F6E745F097
S21400CD208005F3E7246844B163681A682A42F9D09C
S21400CD305B68394630469847F4E7F8BD044401205E
S21400CD40134B1B7813B310B5124B1B785BB900203E
S21400CD5015F037FC68B9104B01221A700F4B1A7881
S21400CD600F4B1A7010BD15F02BFC0A4B00221A70E0
S21400CD70EDE700F017FB064B00221A70074C012166
S21400CD802078FFF7A9FF01232370EBE7704700BF69
S21400CD90965D0120945D0120975D01209A5D01203B
S21400CDA0985D012008B50B4B1B78024660B1012147
S21400CDB00B4408490B7032B1074B1B78012B02D984
S21400CDC0064B1B7813B108BDFF21F1E7FFF7B8FF4C
S21400CDD0F9E700BFFC4301209A5D0120975D012022
S21400CDE010B514F05DF90446054B1B782BB9FFF718
S21400CDF0A7FF204614F058F910BD14F055F9FBE7CC
S21400CE00935D012010B514F04BF90446164B1B78C1
S21400CE10D3B1164B1B782BB9144B01221A70144B46
S21400CE2000221A70134B1B7893B9204614F03CF975
S21400CE30012015F0C6FB14F033F904460B4B1B78A3
S21400CE4063B9094B00221A70204614F02DF910BD64
S21400CE5015F0B6FB074B00221A70E6E700F0A2FAC0
S21400CE60024B00221A70ECE7965D0120935D0120CC
S21400CE70975D0120945D012010B584B0A0B1831E9B
S21400CE80DBB2012B13D803A9002000F0AFFC70B969
S21400CE901C4B1B68039A9A4212D80120FFF782FFA8
S21400CEA0194B01221A7002E0174B1B780BB904B01D
S21400CEB010BD0020FFF776FF134B00221A70F6E72E
S21400CEC0124B1C6800F0B4FA0444039B9C4206D341
S21400CED00120FFF767FF0C4B01221A70E7E700F00E
S21400CEE0D1FA60B9002343F00203019300230093B4
S21400CEF0074A0399091B074815F06BFBD7E704237D
S21400CF00F1E700BFD8430120955D0120D4430120FE
S21400CF10E1CD0000DC43012038B514F0C1F804462A
S21400CF20134B1B788BB900F093FB0546E0B9AFF3C3
S21400CF300080104813F097FF00F070FF0E4B0022A1
S21400CF401A6000F0B5FC0D4B186000F085F915F07E
S21400CF503AFB0B4B1860064B01221A70204614F061
S21400CF60A3F80025284638BD204614F09DF8F9E7BA
S21400CF709B5D012004440120D4430120004401208D
S21400CF80D843012038B50138144B1B5C0A46A1B1C2
S21400CF9001210B4411490B5472B1114B1D78012D20
S21400CFA00AD9FFF78BFE0446012808D9032D09D0BD
S21400CFB00B4B1878A0420AD138BDFF21E9E7FFF7EE
S21400CFC021FFF5E70228F3D100F040FAF0E721460A
S21400CFD0FFF782FE024B1C70EEE700BFFC43012009
S21400CFE09A5D012038B50446416014F059F80546AC
S21400CFF02146034813F03AFF284614F055F838BD8A
S21400D00004440120014B1868704700BFD443012038
S21400D01038B514F045F80546094B1B78012B0AD99C
S21400D020FFF7F0FF044600F003FA0444284614F025
S21400D0303BF8204638BD14F037F80024F9E700BF67
S21400D0409A5D0120064B1B6803FB00F000F5742078
S21400D05000F23F20034BA3FB0030800C704700BF5C
S21400D0600044012083DE1B4338B515F092FA0546CE
S21400D070AFF3008013F070FE00283CD1AFF30080C1
S21400D080284615F08AFA98E00020FFF78BFE4B4BF7
S21400D09000221A7033E015F08EFA3DE02146FFF7C5
S21400D0A01BFE41E0464B01221A70464B187800F0F2
S21400D0B0A5F9454B1B781BB1444B1A78414B1A70A7
S21400D0C0AFF30080284615F068FA15F062FA0546B8
S21400D0D03F4B1B7843B13E4B00221A70394B1B78EE
S21400D0E03A4A1078834231D03A4800F0EDFA13F00D
S21400D0F046FE002830D0314B1B78002BC4D1FFF7FA
S21400D100DDFDFFF7B9FEFFF7D9FD0446012803D978
S21400D1102B4B1B78002BBED02A4B1878A04205D08C
S21400D120294B1B78002BB9D0264B1C70012CBCD980
S21400D130234B1B78002BB8D1274B1B78002BB1D183
S21400D14015F03DFA254B01221A70ABE701211D4B65
S21400D1501970FFF7C1FDC7E7194B1B78F3B11A4BDF
S21400D16000221A701D4B1B7873B115F029FA1B4B61
S21400D17000221A7008E0012000F040F9284615F059
S21400D1800CFA15F006FA0546002015F01AFA0028E3
S21400D190F1D000F007F90A4B00221A700020FFF7C2
S21400D1A06BFE084C00212078FFF796FD00232370C5
S21400D1B0AFF30080284615F0F0F938BD955D0120E4
S21400D1C0965D01209A5D0120975D0120985D012003
S21400D1D0915D0120DC430120995D0120945D0120D2
S21400D1E010B513F05DFF054B1C7800221A7013F083
S21400D1F05BFF00F013FD2043C0B210BD925D01201E
S21400D200134B1B78834222D010B582B0044600230D
S21400D2108DF804308DF8053010B902238DF80530EE
S21400D22001A8FCF7B1FC54B11E20FFF70BFF094A1A
S21400D23013681B1A1360064B1C7002B010BD1E202C
S21400D240FFF700FF034A136803441360F3E77047D1
S21400D250D12100200C44012030B583B0394C636ADC
S21400D260636A00258DF8045001A8FCF7B5FD284632
S21400D270FFF7C6FFD4F89030C3F38003324A13702A
S21400D280D4F89020C2F3003230490A70D3B92F4B3D
S21400D2901B78F3B92E4B1B68C3F303230120984079
S21400D2A0C0F1010000EB80006430FFF7CBFE294A96
S21400D2B0136803441360234BD3F89020264B1A6060
S21400D2C003B030BD4FF41670FFF7BCFE234B18605A
S21400D2D0DDE71120FBF728FF1A4BD3F80031C3F324
S21400D2E0042303FB0002002AD4D0164B5B6CC3F366
S21400D2F00B43013303EB8303D90E5801C01A61F1C7
S21400D3000001490241EAD0514002C01841F1000133
S21400D3108D0145EA90658401201A65EB0101C0186D
S21400D32041F10001531EC0184FF0000341F1000107
S21400D33011F0D0FDFFF786FE064A1368034413601B
S21400D340A8E700BF00400E409E5D01209C5D0120C6
S21400D350002004400C44012008440120144401200D
S21400D36008B50D4B1B7803B908BD022000F020FD60
S21400D3700028F9D000F06CFA0028F5D00022012130
S21400D3800220FCF785F815F069F9044B1860044B89
S21400D39001221A70E8E700BF9E5D012010440120BC
S21400D3A09D5D012008B5104B1B7813B90F4B1B78F9
S21400D3B0ABB913F065FF0D4B1B787BB10C4BD3F864
S21400D3C0903013F0080FF9D015F048F9094B1B6898
S21400D3D0C01A094B1860044B00221A7008BD15F0DD
S21400D3E03DF9044B1860E4E79D5D01209E5D012039
S21400D3F000400E40104401201444012008B50228C5
S21400D4000BD003280DD0012800D008BD074A1369A9
S21400D41023F00403136130BFF7E70020FCF7C8FBD6
S21400D420F3E70020FCF700FCEFE700BF00ED00E0AC
S21400D430044B1B680BB103EBD303034A1068184474
S21400D440704700BF144401200C4401200B4AD2F858
S21400D450800145F60E03C2F88031094B1B6803F0C5
S21400D460400103F480730B43136610F0010F03D0E2
S21400D47013460022C3F88021704700BF00400E40CC
S21400D48008440120014B1878704700BF9E5D0120BC
S21400D4900E4B1B68002201E01A469B680BB18342C4
S21400D4A0FAD183420ED14AB18368936083685BB138
S21400D4B05A6941690A445A61002070478268034BE2
S21400D4C01A60F3E7022070470020704720440120CE
S21400D4D00A4B1B6800220A490A7005E0084B012225
S21400D4E01A70704759690A44012A06D8D98811F07B
S21400D4F0020FF3D19B68002BF4D170472044012023
S21400D500A05D012008B500F0D9FB0B4B1B680B4A49
S21400D5101268821A03E0521A002159619B683BB1D7
S21400D52032B159699142F6D3891A59610022F5E75A
S21400D530024B186008BD00BF204401201C44012097
S21400D54070B505460C46C3882BB16C61134B1B683F
S21400D550FBB100210CE0FFF75BFD06468442F4D2E7
S21400D56015F01EF83446F0E7A41A6C6119469B685D
S21400D57023B15A69A242F7D9002AF5D031B18D609D
S21400D580AB6013B15A69121B5A6170BD034A15602D
S21400D590F6E7024B1D600023AB60F6E7204401204F
S21400D5A010B50B4B1B685B695BB10A4A14681C44D8
S21400D5B0022000F08FFB204600F09EFBFFF788FF5E
S21400D5C010BD022000F086FB022000F0E7FBF5E726
S21400D5D0204401201C44012070B504460E46154622
S21400D5E09DF814200271049A026000228260056190
S21400D5F0C360BDF81830C380F5B900F05FFB304457
S21400D600A061F6B900236361E36813B12168204680
S21400D61098477DB113F044FD0646FFF773FF294691
S21400D6202046FFF78DFF094B1B68A3420BD0304600
S21400D63013F03AFD002070BD00F040FB2844A061C6
S21400D640DFE73546E6E7FFF7ABFFF0E720440120CB
S21400D65010B513F034FD0446144B1B78DBB9144A9E
S21400D6601360144A1360144A138000F0E3FA012092
S21400D67000F030FB00F0CAFB0246104B186078B191
S21400D68000230F4840F2E73111F024FC0D4B1860E0
S21400D690064B01221A70204613F017FD002010BD1D
S21400D6A0204613F012FD2320F9E700BFA15D0120FC
S21400D6B0204401201C440120A65C012024440120B3
S21400D6C018FCFFFF1844012070B540B3054613F060
S21400D6D0E7FC0446FFF716FF124B1B68AB420CD064
S21400D6E000262846FFF7D4FE054640B95EB10D4B2E
S21400D6F01B6843B1FFF754FF08E00126F1E7204618
S21400D70013F0D2FC05E0074B1B6823B1204613F04C
S21400D710CBFC284670BD022000F022FBF6E722254F
S21400D720F7E700BF20440120B8B138B50C460546DF
S21400D730A9B100230B7013F0C2FC0A4B1B6801E072
S21400D740012222702BB122781AB9AB42F8D09B681E
S21400D750F8E713F0BAFC002038BD222070472220DC
S21400D760FAE700BF20440120002836D070B50C46EA
S21400D7700546002933D013F0A2FC0646FFF7C2FE8A
S21400D7806B692360174B1B6804E0226859690A44DA
S21400D79022609B68AB4201D0002BF6D1AB420ED183
S21400D7A0256800F08BFA104B1B68C01A85420BD810
S21400D7B000232360304613F088FC002070BD3046FE
S21400D7C013F083FC0320F9E700F078FA064B1B6899
S21400D7D022681B1A13442360ECE72220704722209D
S21400D7E0ECE700BF204401201C440120F8B50446A5
S21400D7F00F4613F064FC0646134B1B68002507E033
S21400D80000F05CFA114B1B681B1A2B4410E09B6857
S21400D810A3B15A691544DA88A24201D0FF2CF6D18A
S21400D82000F04CFA094B1B68C01AA842E8D3002344
S21400D8303B60304613F049FC0020F8BD304613F03C
S21400D84044FC1B20F9E700BF204401201C440120B3
S21400D85010B5074B1C780CB9204610BD14F0FEFE20
S21400D860044B1B689B69C01A0228F5D90024F3E70D
S21400D870A05D01202044012070B513F020FC064670
S21400D88000F01CFA0446094B1D88ADB2012000F0DA
S21400D8908FFA28B9304613F018FC2046294670BD8A
S21400D8A000F00CFA04460135F4E700BFA65C012040
S21400D8B0014B1868704700BF2444012008B5084B88
S21400D8C01968A1FB000140F2E733C0184FF47A72E2
S21400D8D04FF0000341F1000111F0FCFA08BD00BF53
S21400D8E0244401200C4B1B68834213D310B50C460E
S21400D8F00A4B1968A1FB000140F2E733C0184FF449
S21400D9007A724FF0000341F1000111F0E3FA206053
S21400D910002010BD21207047184401202444012017
S21400D92090B3F0B587B00F4614461D46064605A9C7
S21400D9303846FFF7D7FF10BBFFF7BAFF07FB00F12B
S21400D940124BA3FB01239B094FF47A7202FB1311BF
S21400D950511A89B2B183914213D00023F383304623
S21400D960FFF7B2FE0599BDF8343002939DF83030CB
S21400D9700193009523460A463046FFF72DFE07B072
S21400D980F0BD0023B383E8E722207047D34D621032
S21400D99008B503461D4A106800B3421E10421ED149
S21400D9A0D90E5A01D21A61F10001890041EA92713A
S21400D9B09200D21841F10003DB0043EA5273D20012
S21400D9C0B0FA80F0C0F11F0C411CC04322FA0CF2E2
S21400D9D003FA01F10A4323FA00F0104308BDDA0EF9
S21400D9E05901C91A62F10002920042EA9172890056
S21400D9F0C91842F100024FEAC20C02460023C800D2
S21400DA004CEA517111F066FAE8E700BF24440120A1
S21400DA102D4B83422D4B8B4152D370B58446144612
S21400DA202B4B1A68002A4DD0501E10402AD14D01AB
S21400DA3045EADC654FEA4C1EBEEB0C0E65EB0105B5
S21400DA40AD0045EA9E754FEA8E0E1EEB0C0E41EBBE
S21400DA50050C4FEACC0C4CEA5E7C4FEACE0EB2FACE
S21400DA6082F2C2F11F05531CD2432EFA05F10CFABE
S21400DA7003F319432CFA02F211432CFA05F5216040
S21400DA80656070BD480140EADC604FEA4C13B3EBBA
S21400DA900C0360EB0100800040EA93709B0013EBE0
S21400DAA00C0C41EB0001C900002633464FEACC00BF
S21400DAB041EA5C7111F00EFAC4E900013046E0E775
S21400DAC0212070472120DCE7EFA7C64B37894100AD
S21400DAD0244401202DE9F843044610F0010F04D138
S21400DAE014F0020F10D1BDE8F883494A13889BB2A0
S21400DAF001339BB21380FFF705FD464B1B68002BD6
S21400DB00EED0FFF74DFDEBE713F0D9FA0546FFF729
S21400DB10F9FC00273E4643E09B683BB15A692AB9A8
S21400DB2021791A799142F7D91C46F5E7284613F071
S21400DB30CCFA2569002D3AD10025A8462F46002D9F
S21400DB4046D0236903B3FDB9B8EB0707A38B6BB1C7
S21400DB50E28B13449BB2E383B3F57A7F06D3A3F537
S21400DB607A73E383013FA369013BA36113F0A7FA2D
S21400DB70054639462046FFF7E3FCA36922691344AD
S21400DB80A361284613F0A1FAE7880136E36813B1CB
S21400DB9021682046984713F092FA0546FFF7B2FC34
S21400DBA01C4B1C68F4B16369E3B92346B5E7A84685
S21400DBB000F084F8A369C71AFA17AF4272F10002A0
S21400DBC004DB22691344A3610125B8E70025B6E704
S21400DBD013F075FA81462046FFF75AFC484613F0C4
S21400DBE074FAAEE70C4B00221A70012E06D05CB118
S21400DBF0FFF7D6FC284613F068FA74E717F0020F12
S21400DC00F5D001221A70F2E7022000F0A9F8F1E739
S21400DC10A65C0120204401209F5D012010B513F072
S21400DC204EFA034B1C7813F050FA204610BD00BF86
S21400DC309F5D012010B586B01C4B0DF10C0C93E8CF
S21400DC400700ACE803008CF800200C3393E80300D0
S21400DC500190ADF80810090C8DF80A10012114483F
S21400DC60FBF7A4F800248DF80C408DF8104003A8AC
S21400DC70FCF730FE8DF8044001A90120FCF706FEF3
S21400DC800C4A536A23F4FF6323F00703536240F2FF
S21400DC90FF73136294600120FCF716FE064B4FF0EC
S21400DCA08042C3F880211A6006B010BDF09F0200C3
S21400DCB0A00914000020044000E100E0014B986831
S21400DCC0704700BF00200440014B586D704700BFEE
S21400DCD00020044010F0010F0AD1002310F0020FBC
S21400DCE001D043F00403034A516A0B435362704762
S21400DCF00123F3E70020044070B5044613F0D0F982
S21400DD000646FFF7DBFF0546FFF7DEFF124B9B6973
S21400DD1013F0040F04D1431B032B01D885420CD10A
S21400DD20631B022B00D8EC1CB4F1FF3F38BF013C4C
S21400DD30094B5C650220FFF7CDFF304613F0B4F9BF
S21400DD40064B1B783BB1044A136D43F00203136580
S21400DD50024B00221A7070BD00200440D221002021
S21400DD6010F0010F13D1002110F0020F09D041F07E
S21400DD700401084B01221A70074A136D23F00303AF
S21400DD801365054A536A23EA01035362704701216B
S21400DD90EAE700BFD22100200020044010F0020F66
S21400DDA002D0024B0422DA61704700BF0020044014
S21400DDB0064B9B69012804D0022805D1C3F38000D6
S21400DDC0704703F0010070470020704700200440B1
S21400DDD010B513F074F904460B4B9B6913F0010F52
S21400DDE00FD1002013F0040F01D040F0020003F022
S21400DDF00703054A1362FFF76DFE204613F065F928
S21400DE0010BD0120EEE700BF0020044008B5024820
S21400DE10FBF78AF908BD00BFA009140008B5064B39
S21400DE20D3F8883003F00703013B012B00D908BD67
S21400DE30022014F05DFCFAE700400E4000B583B007
S21400DE40044B009300231A46194616F0A0FC03B0B4
S21400DE505DF804FBFFFF0F0038B50546082801D81B
S21400DE60284638BD0024084B1868FFF7E7FFA04295
S21400DE70F6D9082CF4D8054B53F82430AB4201D021
S21400DE800134F0E72546EBE7882000209CA002003E
S21400DE902DE9F04387B06C4B19686C4B186809F095
S21400DEA017F98146002831D0674C23689A691268B2
S21400DEB059681868904723689B699B686846984726
S21400DEC023689B69DB6802209847002407E0936973
S21400DED01B69106801FB040098470134E4B25A4BF2
S21400DEE01A6853680199B3FBF1F39C42EFD3936928
S21400DEF0DB6800209847544C23689B695B6898470A
S21400DF002168524B186809F0E3F881464FF0000884
S21400DF103CE0002B2AD14E4B9B5D4E4A52F8262001
S21400DF2029464A48006809F0ADF9814630BB0134FD
S21400DF30E4B2494B9F5DA74220D9484B53F8265080
S21400DF40254405AB04AA29464048006809F056FB5C
S21400DF50434B9842DFD00028E9D1049B002BD8D150
S21400DF603B4A915D059A9142D3D1E0E72946374B6B
S21400DF70186809F087FBCEE70024DAE7394B9B5D8B
S21400DF80002B31D108F101085FFA88F8B8F1080FC4
S21400DF9045D8B9F1000FF5D14646334B13F8083093
S21400DFA0002BE9D02D4B53F8284005AB04AA214698
S21400DFB02648006809F022FB294B984209D0002821
S21400DFC0E0D1049B012BDDD02146204B186809F0D8
S21400DFD059FB204B53F826301A6821461B4B18680D
S21400DFE009F03CFA8146CDE77E2FCBD81B4B53F881
S21400DFF026403C4405AB04AA21461448006809F0B4
S21400E000FDFA174B9842BDD02146104B186809F010
S21400E01039FB81460028B5D10137FFB2E4E7B9FAEB
S21400E02089F35B09114A1370084B1B681B7C1BB9EC
S21400E030484607B0BDE8F0830D4B0E4A4FF48B718F
S21400E0400D4811F041FB00BF68200020882000200A
S21400E05078A0020004A002006CA002009CA00200AF
S21400E0600BE000F084A0020090A00200A25D012058
S21400E070C0A0020074A10200E4A0020070B50E4623
S21400E08015461C46FFF7E8FE082825D81C4B1B78CB
S21400E090002B33D01B4B1B5C93B97F2E1AD0F1B2EA
S21400E0A0194B53F8200023462A46014417480068B7
S21400E0B009F032F90446C4B1204614F03CFB14E0E3
S21400E0C02A46114B53F82010104B186809F012FA24
S21400E0D00446F0E70021E3E7FF2808D92346F2B21A
S21400E0E081B2284614F019FD0024204670BD084B66
S21400E0F0084A4FF4A671084811F0E6FA0024F4E73F
S21400E100A25D012090A002009CA0020088200020B2
S21400E11044A1020060A10200E4A0020070B50E4611
S21400E12015461C46FFF798FE082825D81C4B1B787A
S21400E130002B32D01B4B1B5C93B97F2E1AD0F1B24A
S21400E140194B53F8200023462A4601441748006816
S21400E15009F098F80446BCB1204614F0ECFA13E037
S21400E1602A68114B53F82010104B186809F076F9FE
S21400E1700446F0E70021E3E7FF2807D922462946B0
S21400E18080B214F0D2FC0024204670BD084B094A29
S21400E1904FF4C371084811F097FA0024F4E700BF63
S21400E1A0A25D012090A002009CA002008820002012
S21400E1B044A102004CA10200E4A0020010B5FFF743
S21400E1C04BFE0A4B1B7813B90024204610BD0022D4
S21400E1D0074B53F82010074B186809F0C9F9044696
S21400E1E00028F2D014F0A7FAEFE700BFA25D0120E6
S21400E1F09CA002008820002010B582B004467F2A2A
S21400E20014D04BF23460814212D041F2F0108142B9
S21400E21028D001F47040B0F5805F3ED0B0F5005FC6
S21400E22046D0B0F5405F43D002B010BD0022E8E70C
S21400E23008237F2241F20201684614F06EFC082291
S21400E2402249684617F01EFC20B16B4603CB2060BF
S21400E2506160E9E708237F2241F2F011684614F076
S21400E2605CFCF2E71A4AD2F8F000D2F8F42000215B
S21400E27004E06054000A013B0131C9B2032907D803
S21400E280002BF6D104E06254120A013B0131C9B2F8
S21400E2900729C9D8002BF6D1C6E7C1F30B0103FB4B
S21400E2A002111A4601F17E61204617F04EFBBBE7CD
S21400E2B0C1F30B0103FB02111A4601F17E6101F561
S21400E2C08041204617F041FBAEE700BFECA10200FC
S21400E2D00081E00F0BB370B50D4614461E464BF298
S21400E2E03463984211D1082E00D9082633467F227F
S21400E2F041F202012046FFF77FFF324609492046D9
S21400E30017F0C0FB58B941F2F0103346EAB281B2BA
S21400E3102046FFF771FF002070BD212070470020C7
S21400E320FAE700BFECA102002DE9F04104460F46D3
S21400E330154610F0010F16D115F0010F19D104F48F
S21400E3407043B3F5805F1AD0B3F5005F02D0B3F523
S21400E350405F27D1C4F30B0404F17E6606F58046C1
S21400E360B046002428E040F2D311224800F034FDE5
S21400E370E2E74FF4EA711F4800F02EFDDFE7C4F332
S21400E3800B0404F17E66B046B6F17E6F04D3AB197B
S21400E390013B194A9342E4D940F2D911154800F0DE
S21400E3A01BFDDEE74FF4F071124800F015FD6FF02C
S21400E3B00F080026D5E70134AC4209D218F804301D
S21400E3C0FF2BF8D04FF4F5710A4800F005FDF2E790
S21400E3D015B90020BDE8F0816A083946304614F0C9
S21400E3E0C6F90028F5D04FF40271024800F0F4FC9C
S21400E3F0EFE700BF84A10200FF07E00F10B5044658
S21400E400F9F7E4FC0C4BA3FB0023B0F57A7F0FD39F
S21400E4109B090A4AB2FBF3F2094B984208D84FF41C
S21400E4207A7304FB03F3B3FBF2F39808032B00D8CC
S21400E43010BDF1F76DFEFBE7D34D621040420F00B2
S21400E440E7CD9A3B08B5FCF7E9F9094B1860FCF7ED
S21400E450DFF90120074B186104F0BCF814F026FB26
S21400E46000B908BD4F220449044801F0C7FCFEE786
S21400E4702844012000300E40F8A102005CA20200F1
S21400E48008B5084804F034F8074B18700021074B0D
S21400E490B3F9000014F0DAFA12F0D4FBF5F71CF921
S21400E4A008BD00BFC88C0200A35D0120AC5C012043
S21400E4B008B5F8F75BFA12F0C6FB024B187803F0C3
S21400E4C0FCFF08BDA35D012008B507490748FEF715
S21400E4D089FD022014F0BEF9012014F0BBF9044BAC
S21400E4E001221A7008BD00BFA02000204C44012065
S21400E4F0A45D012030B583B012F0D9FD14F0AEFA59
S21400E50068B9344B1B78002B32D0324B1B78002B6B
S21400E51035D199223049314801F070FCFEE714F0FD
S21400E520A1FA90B14FF0FF312D4803F095FF044655
S21400E53004280ED8274B1B78002BE6D1012014F0B8
S21400E54089F9244B01221A70DFE703F081FC0146AB
S21400E550EAE7204B1B7823B9002CD6D012F0ABFD8F
S21400E56018E0012014F083F91A4B00221A70F3E722
S21400E570012014F06FF9174B01221A70C5E700202E
S21400E58014F08CFA0146164803F066FF044612F0B3
S21400E59092FDDCB10F4B1878214680F0010014F094
S21400E5A04AF9054698B194B1B4F1FF3F0FD0002365
S21400E5B0019300930B4A21460B4814F065F930B1DD
S21400E5C0AB220549054801F019FCFEE70025284660
S21400E5D003B030BDA45D012070A202005CA2020060
S21400E5E0C88C02003B2802002C440120064B1A6807
S21400E5F00648A0FB0230800900EB40014B019A421E
S21400E60000D00130704700BF54440120ABAAAAAA2C
S21400E61008B50023034A1370034A1370F7F780FD0A
S21400E62008BD00BF60440120A85D012008B5002396
S21400E630034A1370034A1370F7F7B6FD08BD00BF10
S21400E64060440120A85D012008B52D4B1B78013BD6
S21400E6500A2B4ED8DFE803F0064D1B4D4D4D4D4DB1
S21400E660064D3D00274B1B78072B08D8264B1B78FA
S21400E670032B08D83221254803F0A7FE08BD042046
S21400E680FFF7C6FFFAE70920FFF7C2FFF6E740B13B
S21400E690FFF7ACFF1E4B1B6898420DD901331C4A8E
S21400E6A01360174B01221A70174B1B78032B0BD9DC
S21400E6B00920FFF7ADFFE1E70023154A1360114A72
S21400E6C01370114A1370D9E73221104803F07DFE0B
S21400E6D0D4E70D4B1B78032B03D90920FFF798FFCF
S21400E6E0CCE7074B09221A703221084803F06DFE6A
S21400E6F0C4E74FF408720749074801F07FFBFEE7BE
S21400E700A85D0120A75D0120A65D012060440120D0
S21400E71058440120D4A202005CA2020008B5836817
S21400E7201B78C3F30213012B05D0032B0ED1082050
S21400E730FFF76EFF08BD074B1960074B00221A70E3
S21400E7400120064B1870FFF77FFFF3E70620FFF760
S21400E7505FFFEFE758440120A65D0120A85D012079
S21400E76008B581680B78C3F30213052B05D0032B7D
S21400E77007D0012B09D0EBB108BD0620FFF748FFF4
S21400E780FAE70820FFF744FFF6E70231012004F01D
S21400E790C3FF0A4B1B68834203D00620FFF738FFEF
S21400E7A0EAE70023064A1370064A13700120FFF7B3
S21400E7B04BFFE1E70020FFF72BFFDDE75C4401207D
S21400E7C0A65D01206044012008B51A4B1B78053B66
S21400E7D0DBB2022B0BD8184B1B78072B0ED8C8B110
S21400E7E081B1032912D00620FFF720FF1DE040F27A
S21400E7F06A221249124801F001FBFEE70420FFF7E7
S21400E80015FF12E00020FFF711FF0EE00820FFF7CB
S21400E8100DFF0AE00B4B1B78032B07D8054B052290
S21400E8201A703221084803F0D0FD08BD0920FFF712
S21400E830FDFEFAE7A85D0120A75D0120D4A2020034
S21400E8405CA20200A65D01206044012000B585B0F0
S21400E85014238DF80830124B1B788DF80930114BB5
S21400E8601A680DF10A01012004F048FF0323019302
S21400E87002AB0093062300220D210B48008814F0FB
S21400E88019F928B9094B0A221A7005B05DF804FB7D
S21400E890074A1378013313700020FFF7D5FEF4E71C
S21400E8A0A55D01205444012098210020A85D012088
S21400E8B0A75D012000B585B014F0ECF8174B1A6878
S21400E8C0831AB3F1004F1ED9121A12238DF808309E
S21400E8D0134B1B788DF809300DF10A01012004F066
S21400E8E00DFF0323019302AB0093062300220D21A4
S21400E8F00C48008814F0DEF838B90B4B06221A7064
S21400E90005B05DF804FB0022DFE7084A1378013300
S21400E9101370FF210020FFF757FFF1E75444012052
S21400E920A55D012098210020A85D0120A75D01209B
S21400E93030B59DB0234B1C6804EB4404640104F11D
S21400E9405F05214B1B68AB4200D85D1E0DF10E0320
S21400E9501E4A127829462046F7F786FB20B9032080
S21400E960FFF756FE1DB030BD10238DF80830174B4C
S21400E9701B788DF80930134B1A680DF10A01012037
S21400E98004F0BCFE2B1B9BB207330322019202AAA3
S21400E99000929BB200220D210D48008814F08AF8E0
S21400E9A038B90C4B02221A70064B1A680A4B1A60CA
S21400E9B0D8E70A4A1378013313700020FFF744FEA5
S21400E9C0D0E700BF5844012054440120A55D012033
S21400E9D098210020A85D01205C440120A75D01204D
S21400E9E010B5144B1C78ECB94FF6FF7398421CD048
S21400E9F0E9B1114B994201D9012414E00F4B19607B
S21400EA000F4B1A700F4B188000230F4A13600F4AE3
S21400EA1013700F4A1370074B09221A700D4803F043
S21400EA20C9FC00E00224204610BD0124FBE70124B7
S21400EA30F9E700BFA85D012040FF5F0054440120B5
S21400EA40A55D01209821002058440120A75D0120E3
S21400EA50A65D01206044012038B5124B1D78E5B94B
S21400EA6004464FF6FF739A4219D00F4B1A800023C4
S21400EA700E4A13600E4A13700E4A13700E4B19702E
S21400EA8014F008F820440D4B1860064B05221A7047
S21400EA900B4803F08FFC284638BD0225FBE701250E
S21400EAA0F9E700BFA85D0120982100205844012006
S21400EAB0A75D0120A65D0120A55D0120544401202C
S21400EAC06044012008B50B4B1B785A1ED2B2022AAE
S21400EAD005D9053BDBB2022B06D9012008BD07206D
S21400EAE0FFF796FD0020F9E70720FFF79FFD0020BF
S21400EAF0F4E700BFA85D012003790D2B56D110B5B1
S21400EB000446037813F0010F14D04288284B1B8864
S21400EB109A420FD18268117801F00F03013B052B52
S21400EB2008D8DFE803F0240736070312214B1B78CA
S21400EB300B2B00D010BD52781F4B1B789A42F9D190
S21400EB4000212046FFF7EAFDF4E71A4B1B780B2B53
S21400EB50F0D15178184B1B789942EBD1911C0120CB
S21400EB6004F0DAFD01462046FFF7D8FDE2E7114B38
S21400EB701B78023BDBB2012BDCD852780E4B1B789D
S21400EB809A42D7D10B4B03221A702046FFF7E8FDB6
S21400EB90D0E7084B1B78072BCCD1E388032BC9D1D1
S21400EBA0C1F302110120FFF70FFEC3E7704700BF55
S21400EBB098210020A85D0120A55D012008B50B79ED
S21400EBC00D2B08D18B681B7803F00F03022B4DD05A
S21400EBD0042B01D02BB308BD364B1B780A2BFAD179
S21400EBE060B1402815D0344A137801331370314B86
S21400EBF009221A700020FFF727FDECE72E4B0022B3
S21400EC001A702C4B0B221A70FA212C4803F0DDFBED
S21400EC10E1E72B4A137801331370274B00221A7052
S21400EC20E5E7244B1B78022BD5D160B1402815D0E0
S21400EC30214A1378013313701E4B01221A700020EC
S21400EC40FFF702FDC7E71C4B00221A70194B032280
S21400EC501A70FA21194803F0B8FBBCE7184A137873
S21400EC6001331370144B00221A70E5E7114B1B7822
S21400EC70062BB0D150B1402813D00F4A1378013379
S21400EC801370FF210020FFF79FFDA4E7094B072222
S21400EC901A70FA21094803F098FB074B00221A70F5
S21400ECA099E7074A137801331370034B00221A7052
S21400ECB0E7E700BFA85D0120A75D012060440120B2
S21400ECC0A65D012008B5154B00221A70144B1B7860
S21400ECD0013B0A2B09D8DFE803F009080C081408E2
S21400ECE0170806080C00FFF7B1FD08BDFFF720FE69
S21400ECF0FBE70C4A1378013313700020FFF7A4FCDF
S21400ED00F3E7FFF7D7FDF0E7064A137801331370F1
S21400ED10FF210020FFF758FDE7E700BF6044012011
S21400ED20A85D0120A65D012008B5074B1B7833B10E
S21400ED30064B19780902064803F047FB08BD054B49
S21400ED4019888902F7E700BFA95D0120D3210020BA
S21400ED50684401209A21002010B513F09BFE04465B
S21400ED600F4B00221A7013F055FE00B910BD13F0B9
S21400ED7089FE032803D013F085FE042806D1094B2C
S21400ED801C60FFF7D1FF13F0A0FEEFE713F07AFE4A
S21400ED900628F4D013F076FE0728E7D1EFE700BF89
S21400EDA06844012070440120014BDA695A627047BA
S21400EDB000200540BFF34F8F0549CA6802F4E062A1
S21400EDC0044B1343CB60BFF34F8F00BFFDE700BF7C
S21400EDD000ED00E00400FA0508B502460B460349BC
S21400EDE0002013F038F9FFF7E5FF00BF6CA3020020
S21400EDF083B2074A13801BB913464BF6EF621A809C
S21400EE00000C044B188010B94FF6CE221A807047BB
S21400EE10AC210020AA21002010B56221054813F07D
S21400EE208CFE044641F20B01034813F086FE604058
S21400EE3080B210BDAC210020AA21002039B110B547
S21400EE4004460A46024B1B680021984710BD7047CF
S21400EE50C8200020114B0340B3F1607F0FD0B3F100
S21400EE60707F14D101F4E043B3F5005F12D1C1F313
S21400EE70022101238B40012B06D900207047B1F5F3
S21400EE80885FECD1002070476FF0860070476FF007
S21400EE90860070476FF08600704700BF0000C07F96
S21400EEA08A4200F071812DE9F04106460C4615466F
S21400EEB022F0FF03B64A934214D002F580529342E2
S21400EEC010D0A2F5885293420CD025F4FF7222F09F
S21400EED00102B2F1062F05D0AE498B4202D0AE4BEE
S21400EEE09A4221D124F0FF03A94A934214D002F596
S21400EEF08052934210D0A2F5885293420CD024F44C
S21400EF00FF7222F00102B2F1062F05D0A1498B4212
S21400EF1002D0A14B9A4207D114F0FF0304D043F06D
S21400EF2000739E4A93420ED004F0FE47B7F1A06FDE
S21400EF3010D0B7F1407F23D0B7F1106F00F00F81EB
S21400EF400020BDE8F08185EA0400FF288CBF002081
S21400EF500120F6E705F0FE43B3F1A06FE9D185EA9C
S21400EF60040333F47E13E4D114F4004FE1D0C4F369
S21400EF700540C5F30545A8428CBF00200120E0E708
S21400EF8005F0FE43B3F1407FD6D185EA040333F49F
S21400EF907E18D1D131462046FFF75CFF002840F0AE
S21400EFA0F58015F47C101ED0C5F305407C4B2B4035
S21400EFB0B3F1607F70D0B3F1707F00F0B980C4F316
S21400EFC0054314F47C1F00F0C58015F47C1F02D1A5
S21400EFD0434500F0EB8014F4004FADD083428CBF65
S21400EFE000200120ADE76E4B2B40B3F1607F0CD0C4
S21400EFF0B3F1707FDAD106F4E043B3F5005FD5D104
S21400F000C6F3022301209840D0E7EBB243F000732A
S21400F010644A93423CD003F17E43043B0F2BC5D891
S21400F02001A252F823F000BF95F0000095F0000012
S21400F030ADEF0000ADEF000069F000006DF00000DD
S21400F04071F0000075F0000079F000007DF000001F
S21400F050ADEF0000ADEF000081F0000085F000008D
S21400F06089F000008DF000001C209FE720209DE71F
S21400F07030209BE7402099E71C2097E7202095E763
S21400F0801C2093E7202091E730208FE740208DE773
S21400F09010208BE7142089E7EBB243F00073414A57
S21400F0A0934251D003F17E43043B0F2B87D801A235
S21400F0B052F823F04FF100004FF10000BFEF0000C0
S21400F0C0BFEF0000F5F00000FBF0000001F10000CB
S21400F0D007F100000DF1000013F10000BFEF000083
S21400F0E0BFEF000019F100001FF1000025F100003D
S21400F0F02BF100004FF01C0861E74FF020085EE798
S21400F1004FF030085BE74FF0400858E74FF01C0818
S21400F11055E74FF0200852E74FF01C084FE74FF036
S21400F12020084CE74FF0300849E74FF0400846E724
S21400F13006F4E043B3F5005F7FF441AFC6F3022662
S21400F140012303FA06F83AE74FF0100837E74FF0C6
S21400F150140834E7404514BF00200120F1E624F0EF
S21400F1601F6323F470231BBB05F0FE43B3F1106F3F
S21400F17001D00020E5E60C48284040F01060A04290
S21400F18014BF00200120DCE6012070470020D8E6EE
S21400F190000300060009000600040006FF00000247
S21400F1A00000C07F030000020000FFF60120C8E652
S21400F1B00020C6E6F8B5002A64D006460D4614467A
S21400F1C022F0FF03354A934233D002F58052934231
S21400F1D02FD0A2F5885293422BD024F4FF7222F04F
S21400F1E00102B2F1062F24D02D498B4221D0A1F581
S21400F1F0A0618A421DD004F0FE43B3F1407F3BD0AD
S21400F200B3F1A06F3BD0274B9C4214BF00230123D1
S21400F210002B3AD1224671682846FFF741FE074682
S21400F220B0BB2246B1682846FFF73AFE90B3384690
S21400F230F8BD14F0FF02DED018498B4214D001F559
S21400F24080518B4210D0A1F588518B420CD024F40B
S21400F250FF7121F00101B1F1062F05D0104883425D
S21400F26002D0114B9942D5D142F000720D4B9A4212
S21400F270D0D16FF08607DAE7C4F3C033C8E7C4F32B
S21400F280C033C5E76FF08607D1E76FF08607CEE795
S21400F2900027CCE76FF08407C9E700BF000300062D
S21400F2A000090006FF000002000400060C4B1B7855
S21400F2B083B110B582B00C460023019301AB0A4619
S21400F2C00146084812F088F910B9019BA34204D100
S21400F2D002B010BD6FF0880070476FF09300F7E73C
S21400F2E0185701201C5701202DE9F0439FB01F46F8
S21400F2F0DDF8A0800023169301F0FE43B3F1806F83
S21400F30018D04FF000096FF08605169813F0A8FF86
S21400F3100446002D40F0AA80002840F0A680B9F1EF
S21400F320000F40F09C80D8F800304B44C8F80030FE
S21400F33025469EE00C4616460B464FF4807216A9EC
S21400F34013F067FC0546002840F08680DDF85890EC
S21400F35017ADCC46BCE80F000FC59CE8070085E853
S21400F3600700242200210DEB020016F0B5FB09ADC4
S21400F3700DF15C0CBCE80F000FC59CE8070085E8A3
S21400F3800700B9F8003003F4E042B2F5005F11D090
S21400F39042F20402934232D0384B9C4235D04FF0B2
S21400F3A00009B9F1000F3BD0279B994530D96FF083
S21400F3B08905AAE7C3F302224FF0010909FA02F908
S21400F3C0B9F1010FE4D92E4A944212D002F58072A8
S21400F3D094420ED002F5807294420AD0294A944292
S21400F3E007D0A2F53F42944203D002F580729442C1
S21400F3F0CED1B9F1100FD4D96FF0830585E7224B33
S21400F4009C42C9D14FF00C09CBE74FF00D09C8E775
S21400F410494612A8FFF74AFF054600287FF475AF55
S21400F420169B596A9A6A269BA3B103EB0900CDF88E
S21400F4301880279BA3EB0903059304900397029675
S21400F440CDF8049012AB0093234609A813F081FC74
S21400F45005465AE72698EAE74FF0000955E74A4678
S21400F46012A9269816F071FA5DE705460023C8F83B
S21400F470003028461FB0BDE8F08300BF0013C0046C
S21400F4800010C00400FF40040001800408B500F02E
S21400F4906FF8064B5B7823B90C210448FFF7CEFCC7
S21400F4A008BD034813F0ADFBF6E700BF1857012070
S21400F4B01C57012070B5124B1B7813B10024204650
S21400F4C070BD12F087F8044660B90D4C0126A67090
S21400F4D0251D284613F099FB6670284613F08FFB0F
S21400F4E0044610B1FFF7D2FFE9E72B1F02225A703D
S21400F4F000F036F804460028F4D12B1F1E70DEE715
S21400F5001857012038B504460D4600F10042053272
S21400F510042A09D82C21114B01FB02339A68824237
S21400F52015D12B60002038BD012113F00AFE88B1EA
S21400F53000231A46042A08D82C21084B01FB023364
S21400F5409968A14201D00132F4E7042AE9D96FF0A4
S21400F5508B00E8E76FF08700E5E700BF245701203F
S21400F560024B012283F8DC2000207047245701203C
S21400F57038B500250BE02C23084C03FB054404217A
S21400F580204613F0F3FD204613F0B2FC0135042D9F
S21400F590F1D9024B002283F8DC2038BD2457012025
S21400F5A070B504460D46204B93F8DC30002B34D063
S21400F5B00026324600E00132042A0FD82C211A4BCE
S21400F5C001FB023393F8201049B1002EF3D11879CD
S21400F5D00028F0D00229EED11E46ECE7002363B1E6
S21400F5E0114A9A1A9210114901FB02F202F10042E6
S21400F5F0053A22602B60002070BD4EB104213046D3
S21400F60013F0B4FD0028F7D1304613F071FC3346F2
S21400F610002BE5D16FF08C0001E06FF0880000232E
S21400F6202B602360E8E700BF24570120A38B2EBA87
S21400F630F0B583B000230B60294B93F8DC30002B29
S21400F6404AD005460C461746FFF75CFF064668B9E3
S21400F6503FB1012F0DD10521206813F087FD064626
S21400F66007E0206813F0E6FD064602E010F18C0F76
S21400F67002D0304603B0F0BD214601A8FFF790FF48
S21400F68006460028F5D123689D60236801225A604B
S21400F690206813F0AEFD064660B10421206813F022
S21400F6A065FD206813F024FC16F18C0FE1D16FF095
S21400F6B08706DEE720680C3013F034FD3FB1012FDB
S21400F6C0D7D10521206813F051FD0646D1E7206802
S21400F6D013F0B0FD0646CCE76FF08806C9E700BF1A
S21400F6E02457012008B50822034916F0CBF900B9C3
S21400F6F008BD6FF09800FBE780A3020010B58646B1
S21400F7008C460D4C03CC18605960002199605168F6
S21400F710D9601188198251885982D1685961116956
S21400F72099615269DA61C3F820C06246714603F1F6
S21400F730240016F00AF910BD80A302002DE9F04F50
S21400F74091B0804617460F938946002900F04483FF
S21400F75000260F9B1878002800F04183252809D042
S21400F760741C3B4632464946C0470F9B01330F93F5
S21400F7702646EEE701330F9300251FE045F001050E
S21400F78001320F92012318E045F0020501320F9274
S21400F790012312E045F0040501320F9201230CE02C
S21400F7A045F0080501320F92012306E045F01005EA
S21400F7B001320F92012300E000234BB30F9A137817
S21400F7C0203B102BF8D801A151F823F0A1F7000038
S21400F7D0B9F70000B9F70000ADF70000B9F7000070
S21400F7E0B9F70000B9F70000B9F70000B9F7000054
S21400F7F0B9F70000B9F7000095F70000B9F7000068
S21400F80089F70000B9F70000B9F700007DF700009F
S21400F8100B930F9B1A78A2F13003DBB2092B18D991
S21400F8202A2A1BD0DDF82CB00F9B1A782E2A25D05A
S21400F8300F9A1378683B122B5CD8DFE803F0495B1D
S21400F840AA5B3B5B5B5B5B5B5B5B575B5B5B5B5BD8
S21400F850AF000FA813F092FE8346E5E71A9B1A1D29
S21400F8601A921B68002B04DB9B460F9B01330F93F9
S21400F870DAE745F00205C3F1000BF6E745F48065CC
S21400F8805A1C0F925A78A2F13003DBB2092B0CD91E
S21400F8902A2ACDD11A9B1A1D1A921C6824EAE473F0
S21400F8A00B930F9B01330F93C2E70FA813F066FE6E
S21400F8B00B90BDE745F48071531C0F9353786C2B67
S21400F8C001D00D4616E045F4407502320F9211E065
S21400F8D045F08001531C0F935378682B01D00D46DA
S21400F8E008E045F0C00502320F9203E045F480754B
S21400F8F001320F920F9B1878672854D8252867D3B3
S21400F900A0F12503422B63D8DFE813F05B02620008
S21400F91062006200620062006200620062006200D2
S21400F92062006200620062006200620062006200C2
S21400F93062006200620062006200620062006200B2
S21400F9406200620062006200620062008201620180
S21400F9508201620062006200620062006200620071
S21400F9606200620062006200620062006200620082
S21400F97062006C0062006200620062006200620068
S21400F9806200620062006C00A9016C0082016201E4
S21400F990820145F4007501320F92ABE745F480759D
S21400F9A001320F92A6E7782812D8692810D3A0F162
S21400F9B06902D2B20123934049F24102134211D1A7
S21400F9C013F0800F40F0E28113F4806F40F07981ED
S21400F9D0741C3B4632464946C0470F9B01330F9383
S21400F9E02646B6E6782809D062283AD06F283AD05C
S21400F9F058283AD025F010050A2300E0102358288E
S21400FA0035D0692803D0642801D025F00C0515F4FC
S21400FA10806F01D025F0010569282BD0642829D0F5
S21400FA2015F4007F40F0968015F4807F40F0AE809D
S21400FA3015F0400F00F0BF801A9A111D1A91127827
S21400FA400595CDF810B00B9903910293002301930E
S21400FA5000923B4632464946404613F07CFE064638
S21400FA6029E00223CBE70823C9E71023C7E745F0C0
S21400FA702005C6E715F4007F21D115F4807F42D11A
S21400FA8015F0400F58D01A9A111D1A91127882EA72
S21400FA90E271A1EBE2710595CDF810B00B980390DA
S21400FAA00293D20F019200913B46324649464046A9
S21400FAB013F051FE06460F9B01330F9349E61A9A40
S21400FAC0073222F0070202F108011A915168126803
S21400FAD00846002913DB0895CDF81CB00B9C06944D
S21400FAE0049300230593C90F0291009201903B46B0
S21400FAF032464946404613F078FE0646DBE7524259
S21400FB0061EB4100E7E71A9A111D1A91126882EA22
S21400FB10E271A1EBE2710595CDF810B00B98039059
S21400FB200293D20F019200913B4632464946404628
S21400FB3013F011FE0646BEE715F0800F05D01A9AA0
S21400FB40111D1A91B2F90020A1E71A9A111D1A91F7
S21400FB5012689CE71A9A073222F0070202F108019F
S21400FB601A910895CDF81CB00B99069100210493C4
S21400FB7005910291D2E90023CDE900233B463246A7
S21400FB804946404613F031FE064694E71A9A111D80
S21400FB901A910595CDF810B00B99039102930023A6
S21400FBA00193136800933B4632464946404613F09D
S21400FBB0D2FD06467FE715F0800F04D01A9A111D75
S21400FBC01A9112883CE71A9A111D1A91126837E7A3
S21400FBD046281AD01A9B073323F0070303F10802BE
S21400FBE01A920495CDF80CB00B9A0292D3E9002332
S21400FBF0CDE900233B46324649464046F0F7D8FC5E
S21400FC0006460F9B01330F93A3E545F02005E1E779
S21400FC10672801D0472801D145F40065452801D062
S21400FC20472801D145F020051A9B073323F0070328
S21400FC3003F108021A920495CDF80CB00B9A0292C2
S21400FC40D3E90023CDE900233B46324649464046E9
S21400FC50F0F7B6FA06460F9B01330F9379E515F0D9
S21400FC6002051DD001241A98031D1A9306F1010AF5
S21400FC703B46324649460078C047A5B90F9B01333C
S21400FC800F93564665E502F1010A3B464946202099
S21400FC90C047234652465C1C9B45F4D81646E2E70E
S21400FCA001233246F7E7524606E0561C3B464946D5
S21400FCB02020C0472C463246651CA345F5D8924600
S21400FCC0DCE71A9B1A1D1A92D3F800A00B9BFBB90F
S21400FCD04FF0FF32534601E001330A46197811B15E
S21400FCE0511E002AF8D1A3EB0A0315F480620C9289
S21400FCF003D00B9A934228BF134615F0020409D08E
S21400FD000D94CDF838B00B9D32460C9E9B461FE0F6
S21400FD100B9ADFE73246264606E0541C3B46494629
S21400FD202020C0472B4622465D1C9B45F5D834460E
S21400FD302B460D94CDF838B00B9D0C9E9B4607E0E5
S21400FD401D460AF1010A541C3B464946C047224656
S21400FD509AF8000020B1002EF3D06B1E002DEFD1D4
S21400FD600D9C16465B46DDF838B054B90F9B013340
S21400FD700F93EEE4551C3B4649462020C0472346D9
S21400FD802A465C1C9B45F5D81646EFE745F021054C
S21400FD901A9B1A1D1A921B680595082204920B9A44
S21400FDA00392102202920022019200933B463246B2
S21400FDB04946404613F0CFFC06460F9B01330F938F
S21400FDC0C7E4741C3B46324649462520C0470F9B75
S21400FDD001330F932646BCE4DFF81C80B8E4BE422D
S21400FDE008D37A1E3B4649460020C047304611B02D
S21400FDF0BDE8F08F3246F5E76D3502000FB400B56A
S21400FE0085B006AA52F8043B039200924FF0FF32E8
S21400FE1002A90448FFF792FC05B05DF804EB04B0B5
S21400FE20704700BFAD38020000B585B003460091AC
S21400FE304FF0FF3203A90348FFF780FC05B05DF8DA
S21400FE4004FB00BFAD38020000B585B002900391F8
S21400FE50009313464FF0FF3202A90348FFF76EFCEB
S21400FE6005B05DF804FB00BF6F35020010B58AB020
S21400FE7004462422002101A815F02EFE01A92046E2
S21400FE8013F093F8BDF80430B3F5105F10D1BDF849
S21400FE900630802B0CD1049B13F4407F08D0031E41
S21400FEA018BF012358002BB9034B1C600AB010BDC5
S21400FEB0BD20FBE70220F9E704580120014B002093
S21400FEC01860704704580120014B1868704700BF3F
S21400FED004580120014B1868704700BF04580120E1
S21400FEE00B4B0C4A1B8830B51488014600209C42F8
S21400FEF000D230BDDA0803F007058A5C2A41D20733
S21400FF0048BF421C03F1010348BF90B29BB2EEE724
S21400FF10A85C0120A821002038B50A4D2888F1F7F2
S21400FF200BFA08B9002038BD074C2088F1F704FA10
S21400FF300028F7D02888238898422CBF002001206C
S21400FF40F1E700BFA85C0120A821002010B50C4AEC
S21400FF500C4C002313700C4A23804FF6FF7104F1FB
S21400FF600C00638023716371A371A36011805180BC
S21400FF70FDF7AAFB04F12C00BDE81040FDF7A4BB7A
S21400FF809458012008580120AE210020194B002269
S21400FF9010B504461A7081B91748F0F7A1FE05F0AF
S21400FFA013F901F0BFFF40B1144B1B78042B01D0AE
S21400FFB0072B02D1012005F0A4F8002C104B0CBF33
S21400FFC0032200221A719A79D10707D522F001027E
S21400FFD09A712046BDE8104012F0ECBC9B682046A3
S21400FFE098472CB1204612F06BFCBDE81040ADE7F8
S21400FFF010BD00BF94580120545801207A580120A3
S214010000085801203C4B3D4A1B881288B3EB420F2F
S2140100102DE9F04106DC3A493A4840F2FF12FFF773
S214010020EDFEFEE7384C394B61881B88384E236657
S214010030002938D133880833C3F3C707384602F09E
S21401004005FF608002F0D8FD3A46FF21054615F00F
S21401005043FD2846FFF744FF0021A4F8640002F0A0
S214010060F5FE208002F0C8FD2A4B1B88002231884D
S21401007099421DD22088284E02F0BEFD0021D4F8F8
S21401008060E0451E0A4643F23907B4F864308846F4
S21401009003F1FF3CE04501F1010118DB0AB1C4F8A8
S2140100A060E0BDE8F081084602F0A6FD0546D0E70F
S2140100B0D90803F00707695C3941C90744BF83546F
S2140100C0013203F1010348BF92B29BB2CFE7A3EB23
S2140100D008035A1EBEFBF2F302FB13E30B449BB26A
S2140100E006FB0E7CC25C15F801EF00F803E02A70EF
S2140100F02CF0004E0122C8E7A6210020A4210020F2
S214010100F0A3020014A4020008580120AA5C0120F2
S214010110A8210020A85C01206D4EC64110B5084CF0
S214010120A379024613F0040008D1064B198805F09E
S21401013006FC18B9A37943F00403A37110BD00BFF0
S21401014008580120AA5C012010B5264C2379022B01
S21401015006D02549254840F24322FFF74FFEFEE729
S21401016094F8663094F8672083B9B4F86430013B9C
S21401017084F86630531C84F8673094F86730052B92
S21401018008D900213320BDE81040FFE6013B84F882
S2140101906630F2E7208830B91349144840F25522F8
S2140101A0FFF72CFEFEE702F043FDB4F8643083420D
S2140101B006D00D490D4840F25622FFF71FFEFEE716
S2140101C0208802F019FD94F86630C05C05F004F84A
S2140101D0074B00225988188805F074FB08B10021E6
S2140101E0D1E710BD08580120F0A3020014A40200B4
S2140101F0AE210020F0B51D4C2379013B012B87B0C1
S214010200054606D91A491B484FF41B72FFF7F6FD3F
S214010210FEE728B10121084607B0BDE8F040B5E683
S21401022004F14C0004F14C07F0F778FD0FCF01AE56
S2140102300FC63B68336028468DF805508DF80C5084
S21401024004F05FFF01A8F0F74BFD2379022B07D1DD
S21401025084F8665084F86750FFF776FF07B0F0BD64
S214010260A37943F00803A371F8E700BF08580120FB
S214010270F0A3020014A4020030B585B00446084677
S21401028003A91546FDF72EFB38B9CDE90000034654
S21401029003992A46204612F09CF905B030BD174B4B
S2140102A01B8810B533B91649164840F26232FFF77B
S2140102B0A5FDFEE7144C6279511E012906D91049A5
S2140102C0104840F26332FFF799FDFEE7012A10D18C
S2140102D00E4A11880E4AA1EB430104F12C00FFF7E8
S2140102E0CBFF48B10649074840F26732FFF786FD63
S2140102F0FEE70323637110BD0223FBE7A421002060
S214010300F0A3020014A4020008580120A621002030
S2140103109F02010037B5334C94F868309BB1002337
S214010320CDE900333049314A098804F10C00FDF764
S214010330F7FA30B12E492F4840F22932FFF75EFD19
S214010340FEE784F86800208802F056FC6379023BD9
S214010350012B054606D9264926484FF44D72FFF76C
S2140103604DFDFEE7244B198859B1244A2448FFF76E
S21401037083FF68B31E491F484FF44E72FFF73EFDD8
S214010380FEE70223637194F86630B4F86420013303
S214010390DBB29A4284F8663004BF002384F86630E4
S2140103A02379052B04D094F86630E85C04F014FF3A
S2140103B02379042B0ED1A37913F0020F10D00A4B28
S2140103C010481988490803B0BDE8304001F0FDBF68
S2140103D00123D7E7012B03D1A37913F0080FEDE72B
S2140103E003B030BD08580120A621002015030100E6
S2140103F0F0A3020014A40200A42100209F02010021
S2140104003458012094580120F8B5374C0746208807
S2140104100E4602F0F1FB054604F12C00FDF754F9F7
S21401042004F10C00FDF750F9237984F86670052B6A
S21401043024D0E85D04F0D0FE4FF47A73B6FBF3F5F2
S21401044003FB1566B6F5FA7F05D3284A12886B1C9E
S214010450934218BF1D46264B1988A9421ED9491B2F
S2140104600123244A24486371FFF706FF10B323498A
S214010470234840F20D32FFF7C1FCFEE7B4F86430C2
S214010480013BDBB20127E85C84F8693084F86A70C6
S21401049004F0A2FE3846FFF741FECDE7134B1B885A
S2140104A0591AA94202D9491B0223DAE7AB4213D9EA
S2140104B003236371012384F868300C4B114A1988B1
S2140104C01148491BFFF7D8FE68B10C490C4840F2A9
S2140104D01A32FFF793FCFEE70849094840F2093251
S2140104E0FFF78CFCFEE7F8BD08580120A621002086
S2140104F0A42100209F02010034580120F0A302002D
S21401050014A402001503010014580120144B2DE910
S214010510F0411D880835C5F3C7050F46E1B1854290
S2140105201AD8104E0846FFF7DBFC34798046ACB982
S214010530A0B1738823B92146284602F087FC708053
S214010540708802F059FB2A46394615F0FEF9A6F8DE
S21401055064802046BDE8F0810224FAE77024F8E7BB
S214010560A82100200858012038B501F0DBFC10B99D
S2140105707024204638BD0D4D2C79002CF8D1FFF79C
S214010580CBFC0028F4D001F08FFE012808D1FFF73C
S21401059039FD0021052308462B71FFF735FFE8E7F3
S2140105A001F082FE0528F2D0E2E700BF08580120DC
S2140105B0F8B5184B1B78063B012B07460E4602D8AA
S2140105C070252846F8BD144C2579002DF8D1FFF783
S2140105D0A3FC0028F4D04FF6FF739F4218D09E422A
S2140105E016D0FFF70FFD0D4B1F805E80A37943F0F9
S2140105F00103A37104F10C0002232371FDF764F8D3
S21401060004F12C00FDF760F8054804F0ADFCD8E7CE
S2140106100225D6E77A58012008580120AE2100208D
S214010620F501010008B5044B1B791BB1FFF78EFCE1
S214010630002008BD7020FCE7085801208020704784
S214010640014B188802F0D8BA08580120014B93F8DC
S214010650660070470858012007B5094801A9FDF74B
S21401066083F80198FDF794F9064B1B88181A4FF486
S2140106707A73584300F5167003B05DF804FB00BFAB
S21401068014580120A6210020024B1879003818BF03
S214010690012070470858012010B5044C204602F08E
S2140106A0C3F8A01CBDE8104002F0BEB808580120EF
S2140106B0064B1A79033A012A06D85A79022A03D038
S2140106C09879C0F3800070470120704708580120D0
S2140106D010B52D4B2D4C00221A702379013B032BAC
S2140106E04AD8DFE803F01623022F01F0D9FB284B86
S2140106F01B884FF6FF72934223D0E26E1344C01A52
S214010700B0F1004F1DD8332012F0DAF8BDE81040E2
S2140107101CE4A37923F008021907A27109D4022365
S2140107202371002384F8663084F86730BDE81040F2
S2140107300AE5184B00225988188805F0C3F80028E6
S214010740EDD110BDA3799A0712D523F0020300203C
S214010750A371FFF7E3FC104B0B481B884FF47A722A
S21401076053430E4A1188BDE81040591A01F02DBEB8
S21401077043F00203A371E4E709490A4840F2431231
S214010780FFF73CFBFEE700BF945801200858012004
S2140107909E210020AE210020A2210020A6210020BB
S2140107A0F0A3020014A40200034B1B79042B01D111
S2140107B00120B3E4704700BF085801200C4B1A799A
S2140107C0511E012912D818B90A48322101F0FDBD7F
S2140107D0012A0AD102221A719A7922F008029A7124
S2140107E0002283F8662083F86720ADE4704700BFD7
S2140107F008580120945801202DE9F0412A4F9DF810
S2140108001840079D1E463B79013B022B49D8274BD2
S2140108101A88824245D15B888B4242D1DFF8A0809C
S214010820F1F7F6F9B8F80030B34211D1204B1B8826
S2140108304FF47A725343B7F864200544013AAB4249
S21401084027D301F02DFB2946F8662046FFF7DCFD8D
S2140108503B79013B012B08D8B8F800000021B042D3
S21401086014BF34200846FFF791FB124B1B78042B6C
S21401087017D0072B15D0B8F80030B34211D10E4B64
S2140108800E481B884FF47A71BDE8F041594301F0D8
S2140108909CBD013494FBF2F102FB1144ED1AE4B263
S2140108A0CDE7BDE8F08100BF08580120AE21002049
S2140108B0A62100207A5801209E210020945801206C
S2140108C0AA5C012070B5204CA37923F00403A37120
S2140108D02379052B36D1208802F08EF994F86950D9
S2140108E0064655B1013DEDB284F86950405D04F00D
S2140108F073FCBDE87040002010E4144A94F86A3096
S21401090012789A420AD9013384F86A30B4F864300E
S214010910013BDBB284F86930C05CE8E7042323714D
S2140109200B4B0C481B884FF47A7253430A4A1188C2
S214010930591A01F04AFD94F86630F05CBDE8704043
S21401094004F04ABC70BD00BF08580120D721002022
S214010950A221002094580120A621002038B50C4D74
S2140109602B7904460BB9002038BD01F099FAEB6EDD
S214010970C01A084B1B884FF47A7253439842F2D33D
S214010980AC60054801242C7104F0EEFA2046EBE732
S21401099008580120A0210020F501010080207047A1
S2140109A02DE9F04F87B083460D46104600211446C8
S2140109B01E469DF84080BDF84490DDF848A09DF89D
S2140109C04C7000F029FE3A4B1A78531E012B05D9BC
S2140109D0384939486A22FFF711FAFEE7374B19788A
S2140109E0FB070DD5884231D2354A03B2126803EBB4
S2140109F0830302EB83039B7CD90603D4382022E0D1
S214010A00884223D200B200EB8000DFF8B4B0830046
S214010A100593DBF8003003EB80039A7C52071ED562
S214010A20CDE90197CDF800A0434632462146284637
S214010A3000F038FC38B9059ADBF8003013449A7C8C
S214010A4042F008029A7407B0BDE8F08F4FF6FF71C6
S214010A508C422AD0022A13D1E4B9002204E04FF6D0
S214010A60FF72944221D01A89334621462846CDE9A1
S214010A7012A7CDE9108907B0BDE8F04F03F002B91F
S214010A80204601F053F94FF6FF7188420246EBD13A
S214010A903720D8E78B45E0D00021584600F0BCFD52
S214010AA0064B1B788342D8D8F2E72246DCE700BF24
S214010AB07A58012026A4020014A40200D5210020A1
S214010AC0BC20002010B50E4C92B00023237001F01C
S214010AD029FA98B10B4B1B78022B0FD10DF10701A8
S214010AE002A800F0D3FE9DF8071002A813F084FABE
S214010AF0054B19682046890201F067FC12B010BD4B
S214010B008C5801207A580120A820002010B50D4BE2
S214010B101B78022B044613D1002012F0D3FE0206E6
S214010B2001D5E3070CD5FEF777F96423B0FBF3F2A2
S214010B3002FB1301BDE81040034889B201F045BC31
S214010B4010BD00BF7A5801208C58012038B50C46DC
S214010B5005460021204600F05FFDFF2805D10B4920
S214010B600B48DE22FFF74AF9FEE745B1094B00B212
S214010B701B6800EB800003EB8003DB7C2BB920466F
S214010B800021BDE8384000F051BE38BD26A4020061
S214010B9014A40200BC20002038B50D4600210446EE
S214010BA000F03AFDFF2811D0094A03B2126803EBA0
S214010BB0830302EB83039B7CDA0601D5EB0705D59D
S214010BC020460021BDE8384000F030BE38BD00BFE9
S214010BD0BC2000200346FF2B70B5084605D11849F6
S214010BE01848F922FFF70AF9FEE7174D2A6803EBC2
S214010BF0830302EB83029C0092F91210937C002976
S214010C001CDA590700D570B1D17C168991B113F061
S214010C10100001D00FF010FD00F00101304613F076
S214010C20F9F908B1012070BD2B682344DA7C013A3A
S214010C30DA74F7E7304600F0F9FDF3E70020F2E753
S214010C4026A4020014A40200BC20002010B504460D
S214010C5001F068F908B9702010BD204B1B785A1EA8
S214010C60012A06D81CB1237A9A1E012A13D902201A
S214010C70F2E7063B012BEED8002CF8D0237A9A1E19
S214010C80012AF4D8032B20880CBF21460021BDE899
S214010C90104000F0CBBD022B0BBF2088214600215F
S214010CA04FF6FE7000F0B8FCFF280446D3D003B21E
S214010CB003EB83020A4B0B481B6803EB82039A7C07
S214010CC062F07F029A740822DA7401F073FB002145
S214010CD02046FFF77FFF0020BEE700BF7A580120BD
S214010CE0BC2000207C580120014B1888704700BFAB
S214010CF0BC21002010B50E4A127803460846511E44
S214010D00012906D90B490C4840F22112FFF776F863
S214010D10FEE7012A094C03D100F00CFF208010BD2C
S214010D204FF6FF7222801946BDE8104013F031B924
S214010D307A58012026A4020014A40200BC21002037
S214010D4038B5084B1B78022B04460D4608D1002007
S214010D5012F0B8FD020601D5EB0701D5024B1C8047
S214010D6038BD00BF7A580120BC210020044B1878FA
S214010D7028B9044B1B689B880BB1034B1878704746
S214010D80AA5D0120B8200020D421002070B59379F7
S214010D905B068EB00646144622D5908801F02CFFDD
S214010DA0A37903F00F038DF8043000230993E37849
S214010DB08DF82030054612F0CFFF0921ADF8280046
S214010DC0284612F0B9FE28440B9029460DF106007C
S214010DD012F083FF01A9304611F09CFD0EB070BDE4
S214010DE00D8801F04FFA8542F8D1A3798DF80430C9
S214010DF0A0882388ADF8063001F01AFFADF80A0086
S214010E00A08801F0F9FE6388039001A93046ADF889
S214010E10083011F06DFDE1E72DE9F84F0546FFF7C3
S214010E20A5FF0026DFF8A480DFF8A4900746344625
S214010E30F3B29F4201D8FF243EE0D8F8003003EB1E
S214010E40C40221B29079400639D5908801F0D4FECB
S214010E5095F808B0824612F053FD504402F040FC6B
S214010E60C0F3812083450AD099F800300134E4B2FA
S214010E70B4FBF3F203FB1244E4B20136D8E72B7A53
S214010E80022B0ED02B7A032BEED10421504612F002
S214010E9053FE08222946504414F0F4FD0028E3D1FD
S214010EA00AE004215046B5F800B012F045FE504461
S214010EB002F016FC8345E5D12046BDE8F88F33F8ED
S214010EC031202B889A42CFD1F6E700BFB820002008
S214010ED0D42100202DE9F047FFF748FF05460024FE
S214010EE000F0DEFF35B9214B1D70214BFF221A7031
S214010EF0BDE8F0871F4BD3F800E01F4B1A681F4B65
S214010F00A2EB000893F800C0274626464FF0FF31B3
S214010F1023465EF82390A0EB090A524517D9C1442F
S214010F20894518D30133DBB20137B3FBFCF90CFB5F
S214010F3019335FFA87F94D45DBB2EAD80EB10C4B8F
S214010F401C7061B9BDE8F047084801F033BA1C4689
S214010F5001260021E6E71C4649460126E2E78A42C9
S214010F60C6D3BDE8F047014801F02FBA84580120E6
S214010F70DA210020B0200020AC200020D42100205F
S214010F802DE9F04F484B494F1A683C78DFF838A1F5
S214010F90DFF838B102EBC40387B09E7916F0400340
S214010FA0009301BF02238DF8143032F83030ADF8CB
S214010FB00C303F4B1D780130691EC9B2B0FBF5F30A
S214010FC005FB1303DBB201919C4225D1002C58D1BD
S214010FD0013DECB202EBC40200239380354B3C701A
S214010FE01B78063B012B5AD9009B002B57D103A82F
S214010FF0FFF712FFFF2852D10099BDF80C0000F050
S2140110000BFB2D4B1B7883423ED82C492C484FF4C2
S214011010AC72FEF7F3FEFEE783BB019852F833107D
S21401102042F8301002EBC30E02EBC00CDEF80410DF
S214011030CCF80410DAF8001003EB830C00EB8009FF
S21401104001EB4C0851F81CC041F819C001EB490EE0
S214011050D8F804C0CEF804C0B8F80810AEF80810E6
S214011060DBF8001051F8236041F820600133DBB251
S214011070B3FBF5F105FB1133DBB2A5E7581EC0B291
S214011080CCE7013CE4B2A5E70E4B00B21B6800EBCF
S214011090800003EB80039A7C22F008029A7407B062
S2140110A0BDE8F04F16E700BFB8200020AA5D01207A
S2140110B0D42100207A580120D52100204BA402001B
S2140110C014A40200BC200020B4200020B020002080
S2140110D038B50D461446FFF79FFEFF281AD00E4A74
S2140110E003B2126802EBC30152F833202A604A6841
S2140110F06A600A4A03EB8303116801EB430251F865
S214011100133023605368636013892381FFF738FF28
S214011110012038BD0020FCE7B8200020B4200020C4
S21401112038B5074C074DFFF721FE00B938BD2268D8
S21401113029684220FFF72AFE0020FFF721FFF2E789
S214011140B8200020B4200020B0F1004F9DBF024B14
S2140111501860002002207047AC20002010B5074B15
S2140111601878074B1A68002304321C46D9B2884205
S21401117000D810BD22F833400133F7E7D421002010
S214011180B820002010B5114B114C00221A70114ADC
S214011190237812789A4206D90F4A126802EBC302E4
S2140111A019B293882BB90D490D485A22FEF726FE2F
S2140111B0FEE70C4B1B6801EB8101412003EB41016B
S2140111C0FFF7E4FD2078BDE81040D9E684580120F9
S2140111D0DA210020D4210020B82000204BA40200F0
S2140111E014A40200B420002030B52D4B1B78063B1A
S2140111F0012B8DB0044629D8214606A812F017FD0A
S21401120009AA04A906A8FFF763FFC0B3BDF81450E6
S214011210284601F0F1FC0446284601F009FD9DF838
S21401122016209DF8131042F00403520629D5CDE985
S2140112300143002300901A464FF6FF7003F0C6FDE7
S214011240E8B104AA09A9FFF7A1FD18E012F058FBBE
S214011250204402F045FA80130228CDD1062120460B
S21401126012F06AFC204402F03BFA002100F0D4F9A7
S214011270FF2804D00121FFF7ADFC0028BCD00DB03B
S21401128030BDBDF81020CDE90010CDE90243BDF810
S21401129024009DF81230114602F0F4FCD0E700BF9E
S2140112A07A5801202DE9F84FDFF8B8A09DF830B044
S2140112B01E460546FFF75AFD9AF8003083428846D7
S2140112C0174643D0234B244C1A6821780A9802EB20
S2140112D0C109BDF82C10002201F03AFE1D4BA9F8F9
S2140112E004001A6894F8009002EBC903998879B350
S2140112F022F839809F70DE7083F806B0174B1E689F
S21401130000F0CEFD164B46F8290020781B681BF02E
S214011310400F00EB800012D00A9903EB400012F058
S21401132086FC23789AF800200133B3FBF2F102FB26
S21401133011332370FFF7CEFD0020BDE8F88F03EBD5
S21401134040020221117223F81050EAE73920F4E72F
S2140113501820F2E7B8200020AA5D0120B020002066
S214011360B4200020D421002008B5FFF755FDFF3832
S21401137018BF012008BD10B5044686B003AA01A90E
S2140113802046FFF7A5FE08B906B010BD01AA03A9BD
S2140113904220FFF7FBFCF1E7054B1B7833B9054B01
S2140113A01B689888B0FA80F04009704700207047A3
S2140113B0AA5D0120B820002070B5084D084E002413
S2140113C02A78E3B29A4200D870BD306800EBC300B9
S2140113D0043001F029FA0134F2E700BFD4210020DD
S2140113E0B82000201FB50E4B1B6800EB800203EBF4
S2140113F0820304461A89D3F80A00D3F80E109B7CA0
S214011400ADF80C2023F0080301AA03C28DF80E30B4
S21401141001AA0C2321460520FCF780FE04B010BD6E
S214011420BC2000202DE9FF41134F3B6800EB8002F2
S21401143003EB82034FEA820802228DF80C209E7C81
S2140114401B89ADF80430044601A80D46FFF793FF4B
S2140114503B68434406F002069A7C22F001029A7425
S2140114602046FFF7BFFF1EB115B1204600F0A2FBD4
S21401147004B0BDE8F08100BFBC20002038B50A4D9D
S2140114800A4B2A78186802EB82029200002114F0B7
S21401149023FB00242B78E0B2834200D838BDFFF747
S2140114A0A1FF0134F6E700BFD5210020BC200020B3
S2140114B0F8B500F0F5FC194B1F78194B1C684FF472
S2140114C07A735C43174B1A6800254FF0FF31EBB275
S2140114D09F4206D84B1C1CD0BDE8F840124800F0CD
S2140114E074BF937CDE070BD55E0609D41E0607D4AF
S2140114F01668A0EB060C644505D843F040039374C8
S21401150001351432E3E7231A3344994228BF1946BA
S214011510F6E7054B00221A70F8BD00BFD521002062
S214011520C0200020BC2000207C5801202DE9FF416E
S214011530194F1A4E00253B78ECB2A34205D818483D
S21401154004B0BDE8F04100F035BF0C2301AA2146E6
S2140115500520FCF793FD9DF80E20D30719D5D6F884
S2140115600080BDF80C1014235C4308EB040322F042
S214011570080219819A7401AA03CAC3F80A00C3F8BB
S2140115800E1000F08DFC336848F804002344002256
S2140115905A600135CFE700BFD5210020BC200020CE
S2140115A07C580120F8B51A4E1A4D32682978002366
S2140115B012321420DCB2A14210D800F071FC0022D5
S2140115C02D7833681746FF24D6B2AE420ED3A54215
S2140115D00AD900212046FFF725FF05E000FB03F7A7
S2140115E00133D75DFF07E5D42046F8BD93F912C055
S2140115F0997CBCF1000F01DB490605D51968411A33
S214011600B94284BF0F46344601321433DCE700BFCB
S214011610BC200020D52100202DE9F843104B93F87B
S2140116200090104B1C6880460D460A340027FEB217
S214011630B14501D8FF2609E0237ADB070DD545B170
S21401164008222146284614F01DFA30B93046BDE876
S214011650F88334F8023C4345F8D001371434E6E702
S214011660D5210020BC2000202DE9F041344B93F811
S214011670008008F1FF33012B06460C46174603D9B6
S214011680A8F10603012B57D8002E57D0337A9A1E9D
S214011690012A53D8032B0CBF314600213088FFF7AF
S2140116A0BBFFB8F1010F054604D0FF2D09D1B620C6
S2140116B0BDE8F081404612F005F90306F5D5FF2D89
S2140116C00CD014BBDFB11F4B2DB21B6805EB850593
S2140116D003EB85039B7C03F03E030FE0337A022B7A
S2140116E0E5D100253188E8B200F0F6FA48B11CB120
S2140116F000232360636023810FB120233B70002009
S214011700D6E70135202DEDD1D1E72BB203EB8302CD
S2140117100C4B1B6803EB8203327A022A09BFD3F80B
S2140117200A201B892260D3F80E2015BF23800323CD
S214011730022362602372C5E77020B9E70220B7E78B
S2140117407A580120BC2000200A4608B50021FFF780
S2140117508BFF002818BF702008BD2DE9FF470746FC
S2140117604FF6FE700E461546FFF756FFFF28044655
S21401177043D1FFF717FF0446294B1B78A3424DD9E7
S214011780DFF8A49085F00801AA10D9F800A0C1F3EB
S214011790C00123B202F0100242EA810203EB830386
S2140117A005F002054FEA83082A430AEB830342F059
S2140117B001029A741F813268C3F80A207268C3F85E
S2140117C00E2000F06DFBD9F800304AF808004344BB
S2140117D000225A602046FFF705FED9F80030434440
S2140117E09B7C9B0702D5204600F0E4F90D4800F0EB
S2140117F0E1FD002004B0BDE8F0870B4A02238DF816
S2140118000C30126803B203EB830302EB830301A8D7
S2140118101B89ADF80430FFF7AEFDADE7B420E9E76C
S214011820D52100207C580120BC20002008B5FFF7F8
S214011830F3FE074B1B78834207D90121FFF7F2FD20
S214011840044800F0B7FD002008BD7020FCE700BF8B
S214011850D52100207C58012008B5FFF7DDFE094B95
S2140118601B7883420CD9084B00B21B6800EB800042
S21401187003EB8003987C030754BFC009012008BD11
S2140118800020FCE7D5210020BC2000202DE9F843EC
S2140118900024144FDFF858800C7006460D464FF0B2
S2140118A014093B782878E2B2934208D8402816D922
S2140118B00D490E484FF4AF72FEF7A0FAFEE7D8F8CE
S2140118C0003009FB02339A7CD20706D519893044C9
S2140118D001F00CFF2B7802332B700134E1E7BDE8F1
S2140118E0F88300BFD521002070A4020014A40200D2
S2140118F0BC20002073B50446002944D012F000F83D
S214011900204401F0EDFE801302280CD1062120466A
S21401191012F012F9204401F0E3FE4FF6FF739842ED
S21401192009D000210AE011F0EBFF204401F0D8FEB7
S214011930801303281DD04FF6FF706946FFF76CFE33
S2140119401D4B1B78834234D91C4D00B200EB80003E
S21401195084002E6800F0A4FA2B68305123441848FE
S2140119609A7C22F040029A7402B0BDE8704000F002
S21401197021BD0621204612F0DFF8221820585168B2
S2140119806B4603C3D7E711F0BBFF204401F0A8FE66
S214011990C0F38120022801D10421B8E711F0B0FF7D
S2140119A0204401F09DFEC0F381200328C3D1042109
S2140119B0E0E702B070BD00BFD5210020BC200020AA
S2140119C07C58012010B50C460021FFF725FE0A4B76
S2140119D01B7883420DD9094B00B21B6800EB8000CF
S2140119E003EB80035A68A24203D801345C600120ED
S2140119F010BD0020FCE700BFD5210020BC20002040
S214011A00034B1B6800EB800003EB800318897047CB
S214011A10BC2000200E49096870B500EB80020D4C11
S214011A2001EB8201034600224FF6FF7514F82200EF
S214011A30FF2807D0D0B2834208D0FF2B02D00E89F0
S214011A40AE4203D00132202AF0D1FF2070BD00BF84
S214011A50BC200020AE5C01202DE9F84306460F4667
S214011A6015469846FFF7D6FFFF28DFF8909033D14A
S214011A70002419F82430FF2B2BD00134202CF8D168
S214011A80BDE8F88301F0D4F82844414680B201F05D
S214011A90DDF904460028F3D001F0AEF880467088E0
S214011AA001F0AAF88146708801F0C2F8494602465C
S214011AB0404613F04AFF204601F09EF880467088A3
S214011AC001F0B6F82A463946404413F03EFF7480CA
S214011AD0D6E709F82460E0B28400B8F1000F04D11B
S214011AE009EB040670880028CCD100222946384626
S214011AF001F02EFA4C446080C2E700BFAE5C0120C4
S214011B000023054AFF2019460133202B107051800F
S214011B1002F10402F8D17047AE5C012038B5044DDD
S214011B2000242819043400F07FFE802CF9D138BD3A
S214011B30B05C01204FF6FF73984213B5044618D1E6
S214011B4002230DF1060200210420FCF797FABDF8E6
S214011B5006304FF6FC7293420BD80133ADF80630CF
S214011B600DF10602022300210420FCF7D7FABDF886
S214011B700640204602B010BD0B4B1B8807B52BB99B
S214011B800A490B485C22FEF739F9FEE7013BADF83E
S214011B9006300DF10602022300210420FCF7BEFAEE
S214011BA003B05DF804FB00BF9C21002092A4020054
S214011BB014A4020010B50446FFF72CFF144A12685D
S214011BC004EB840102EB81020346927C12F00102CF
S214011BD00BD0FF280F4A13D1002312F82310FF2938
S214011BE00DD00133202BF8D110BDFF28FCD0094BB6
S214011BF0FF2103F8201003EB80035A80F4E7DBB2E1
S214011C0002F8234002EB830200235380ECE700BF77
S214011C10BC200020AE5C01202DE9F0410F460021DA
S214011C2015461E46FFF7F8FCFF2813D00A4B04B2F0
S214011C301B6804EB840403EB84039B7C990709D59A
S214011C40DA0601D5FB0705D5324629460123BDE84C
S214011C50F04101E7BDE8F081BC2000202DE9F74303
S214011C600C46002106461F46FFF7D6FCFF28054610
S214011C702DD0DFF8609002B2D9F8003002EB820274
S214011C8003EB82034FEA82089B7C99071FD5DA068D
S214011C9001D5FB071BD52046FFF74CFF4FF6FF7318
S214011CA09842044613D0014601A801F01FFD002307
S214011CB0022201A92846FFF7CFFED9F80030434497
S214011CC021469A7C3046C2F3001212F07BF903B02B
S214011CD0BDE8F083BC200020F8B5134C14F8203082
S214011CE0FF2B0F4601D10020F8BD04EB800460886D
S214011CF00028F8D000F080FF00250646608800F036
S214011D0097FFEAB2C0F34F008242ECD206EB4203E1
S214011D100135597816F8123003EB01239BB2BB420A
S214011D20ECD10120E0E700BFAE5C012038B5002110
S214011D300446FFF771FCFF280FD100252146E8B2C3
S214011D40FFF7CAFF58B1094B094A13F82530126844
S214011D5003EB830302EB83031C89204638BD013560
S214011D60202DEBD14FF6FF74F7E700BFAE5C0120E4
S214011D70BC20002010B50FF09EF9FCF789F810F092
S214011D80FF0415D10B4800F0B3FB0B4B187000F0A5
S214011D9027FC00F0F1FC0EF071FDFFF7DFF9FFF70D
S214011DA0AFFE012003F0D6F902F0FEFC04F044F881
S214011DB0204610BDD8A402007858012038B50B4D36
S214011DC001F082FCEFF766FB287800F076FB0FF057
S214011DD076F90446EEF75EFF10B9287800F0B8FBF6
S214011DE02046BDE838400FF070B900BF7858012092
S214011DF010B50EF0E1FDE0B1EEF753FF044603F037
S214011E00DDF9C0B944F00404A4B2EEF743FF10B103
S214011E1044F00204A4B202F097FC10B144F00804A6
S214011E20A4B2094B1B7813B144F01004A4B22046A7
S214011E3010BD0124E3E703F0C1F90228E2D0034B09
S214011E401B78062BE1D1DDE7825901200A590120D2
S214011E5008B5EEF71FFF30B9BDE8084003484FF05C
S214011E60FF3100F0F9BA002008BD00BFD8A4020077
S214011E7013B5044608B90DF10604FFF7B9FF830749
S214011E80208007D105484FF0FF3102B0BDE8104071
S214011E9000F0E2BA002002B010BD00BFD8A40200D4
S214011EA007B5FBF7E9FC6A46FBF7B2FD28B1054921
S214011EB00548D122FDF7A2FFFEE7009803B05DF8C2
S214011EC004FB00BFBCA4020014A40200014B187856
S214011ED003F032B9B221002008B50A4B1B782BB1AA
S214011EE009490A48E122FDF789FFFEE703F066F992
S214011EF0074B1870012003F004F9BDE80840EEF71F
S214011F00E9BE00BF0A590120BCA4020014A40200C5
S214011F10B2210020024B587800F00F00704700BF36
S214011F2078580120034B587800F00F00831E584262
S214011F3058417047785801202DE9FF4BDDF8309065
S214011F409DF834B004460D4690461E46FFF7EAFF5C
S214011F50002843D0224FBB78063B012B3ED91EB941
S214011F60022004B0BDE8F08BB9F1000FF8D00F29BC
S214011F70F6D81BF0010F17D1BB781A4F013B012B86
S214011F800BF00F0B1AD8012011F09CFC030615D597
S214011F90CDE9029BCDE900862B46798822464FF68D
S214011FA0FF70FEF7FDFCDCE70EF022FC0528D7D11A
S214011FB00EF042FB0028DFD13820D2E7BA88CDE9FF
S214011FC0029BCDE900864FF6FF718A4208BF224682
S214011FD078882B46214601F055FEC2E77020C0E7FF
S214011FE078580120B221002008B50246FFF79AFF73
S214011FF048B1064B9B78052B05D182F0010003F012
S21401200080F8002008BD7020FCE700BF785801204A
S2140120102DE9F8431E460D469046074611F0A2FCF0
S214012020044611F06DFC814611F090FC214B814471
S2140120309B78A4EB0904A4B2002B39D0063B012BF4
S21401204033D8631F9BB2BFB9AA1E012A30D8B8F194
S214012050000F01D0073CA3B2022D0CBF023B083B88
S2140120609CB236B10EF0C4FB052814BF053C093CF2
S214012070A4B22046BDE8F883022F0BD0032F17D158
S214012080AA1E012A14D8B8F1000F01D0073CA3B24A
S214012090083B08E0AA1E012A0AD8B8F1000F01D0B1
S2140120A0073CA3B2023B9BB2D6E70E3CA4B2D8E7EC
S2140120B0FF24DEE7785801202DE9F04F89B0054668
S2140120C09DF8486006938B461746EEF781FEC0B131
S2140120D04FF400600DF04EFA0446002800F0A08090
S2140120E0FFF720FF002800F09D80504B9B78063BB1
S2140120F0012B00F2978055B90225284609B0BDE8A4
S214012100F08FEEF773FE0028E2D18020E2E7002F81
S214012110F2D0069B002BEFD0AB7C002BECD006F068
S2140121200103F10707934FD416F0080804D00120E5
S21401213011F0C8FB0306DFD52B7E002B55D0B5F872
S21401214014A06B7E002B54D0B5F81690079BA97C83
S214012150287ABAEB090218BF0122FFF759FFB842E5
S21401216062D3CDE9019506F00F060A350023012258
S21401217031462046CDE903A7009511F02AFC092136
S214012180204611F0D9FC06993A46204413F0DDFBAF
S21401219046F04006B8F1000F2FD011F0B1FB05460E
S2140121A0204611F0B8FB0544ADB24FF6FF71CDE9FC
S2140121B0004502965B46FF220846FFF773F8054680
S2140121C020460DF0DFF998E72B7A002B94D016F015
S2140121D0080804D0012011F075FB02068CD50EF01C
S2140121E02BFA0028A8D1382587E7114BB3F806A0AB
S2140121F0A7E70F4BB3F80690A8E711F081FB054659
S214012200204611F088FB0544ADB2CDE901460095A4
S2140122104346424659464FF6FF7002F0D7FDCEE7D9
S21401222018256AE7702568E7742566E7785801205F
S214012230B221002008B5FFF7DBFD10F0070F0CBF39
S2140122400120002008BD08B5FFF7D2FDB0FA80F0E6
S214012250400908BD10B5044600F0CEF90822014633
S214012260204613F00FFCB0FA80F0400910BD014B78
S214012270187A7047B2210020014B1872002070476F
S214012280B2210020014B5888704700BFB2210020C0
S214012290014B9888704700BFB2210020014BD888B7
S2140122A0704700BFB2210020014B9878704700BFED
S2140122B07858012000F0A0B9014B5880EEF7B4BF62
S2140122C0B2210020014BD880EEF7C4BFB221002016
S2140122D0064B0128987004D0062806BF044B1878D0
S2140122E0002000F00100EEF7CBBF00BF78580120B8
S2140122F0FD58012008B5064B0228587006D1FEF796
S214012300E1FB9020BDE8084010F0DABA9120F9E729
S2140123107858012010B51A4B86B05A88ADF81420AB
S214012320DA889B88ADF81630164BADF80C209B78F2
S2140123308DF81230062B044605D1134B1B7813B1CA
S21401234086238DF8123002F0BAFAADF8100002F0CA
S214012350B4FA0C23ADF80E000DEB030200210320A6
S214012360FBF7DCFE4CB12068616801AB03C30823B0
S21401237001AA00211846FBF7D1FE06B010BD00BF2A
S214012380B221002078580120FD58012038B5447844
S21401239045680EF094FE0C2363430549CA58521B48
S2140123A0B2F1004F98BFCD50BDE838400EF08DBE5B
S2140123B0F456012010B50446FFF772FD042323707E
S2140123C060602046BDE81040E0E738B504460D469B
S2140123D0FFF766FD01232844237060602046BDE8B0
S2140123E03840D3E710B50378044663B1042B01D116
S2140123F0002010BDFFF754FD6368C21AB2F1004F0A
S214012400F6D9181AF5E74FF0FF30F2E7F8B50C46A3
S21401241006461546FFF744FD01460DB1FF232B7016
S2140124202046002256F8323033B11F7887B1042F88
S214012430D4B202D175B90020F8BD5B68CF1AB7F1E6
S214012440004FF7D95B1A984202D905B12C7018468D
S2140124500132E7E72C70EEE70022FFF7D7BF70B531
S2140124600446FFF71DFD06460EF029FE6FF00041FB
S21401247005466068FFF7F0FF304420602846BDE857
S21401248070400EF022BE70B50446FFF709FD083411
S2140124900546042654F8080C70B1037853B1042B92
S2140124A004D04368EB1AB3F1004F03D8067054F812
S2140124B0043C98470834EDE770BD38B50446FFF78D
S2140124C0EFFC0C23094D6343EA18EB58C01AB0F130
S2140124D0004F09D8506804EB4404FFF7D4FF05EB1E
S2140124E08400BDE83840BAE738BD00BFF456012085
S2140124F010B5124A124914780978A142034605D844
S21401250010491148EC22FDF779FCFEE7611C1170B9
S2140125100E4A0C2104EB440002EB800001FB04226E
S214012520012153601172083353F8082C08330AB19D
S2140125305470F9E7FFF793FF204610BDAB5D01200D
S21401254068A3020038A5020014A40200F456012074
S21401255070B5174E7378054623B90EF0ACFD00240E
S214012560204670BD0EF0B4FD044630B9114912483C
S2140125704FF49272FDF742FCFEE7FFF791FC0F4B1A
S2140125800C2202FB053500222A723578D1B28D4223
S214012590E6D91968461AB6F1004FDED91E7A002E22
S2140125A0DBD1884202F1010203F10C03EED1D4E73C
S2140125B0AB5D012038A5020014A40200F4560120E8
S2140125C0034B0C2202FB003301221A72704700BF34
S2140125D0F4560120014B5870704700BFAB5D0120D7
S2140125E00348044A008808230021FBF773BE00BF96
S2140125F0F4A10200AD5D012000487047AD5D0120E9
S21401260028B1034B1B68C01A4010013080B27047D6
S214012610A058012030B1044B00F100401B6801387E
S21401262003EB4000704700BFA05801204088C0F36C
S2140126300C000330800840000430704710B5034694
S214012640FFF7F4FF074A03EB400354684FF6FF72A7
S2140126509C42184604D90188914203F10203F7D03F
S21401266010BD00BFA05801202DE9F8431E4F3B893D
S21401267005468BB3B0F90230002B2DDBDFF87480F2
S2140126801A49D8F8000013F056F920B9184840F254
S214012690CD11FCF7A1FBDFF8589000263A89B3B2BA
S2140126A09A4204D840F2CF114846FCF795FBFB68E6
S2140126B0D8F80010B2B203EBC20453F8320068B97E
S2140126C043F83210A3880133A3802846FFF7AEFFF4
S2140126D0E38803EB4003E380BDE8F88313F02BF9AE
S2140126E001360028DAD1EDE7A05801205EA50200E8
S2140126F068A50200CC200020034BD3E90030C01AA5
S214012700C0F34F00704700BFA0580120024A13686B
S21401271003EB400353607047A0580120704710B583
S214012720084CD4E900329A4204D207484FF480712B
S214012730FCF752FBD4E90030C01A20F0010080B249
S21401274010BD00BFA058012068A5020010B5084CB6
S214012750626823699A4204D906484FF48371FCF7EC
S2140127603BFB20696368C01A20F0010080B210BDEF
S214012770A058012068A5020008B50A4B0A491B6843
S2140127800A4A23F001030B44116013615160FFF7FD
S214012790DDFF642805D8BDE808400548F021FCF7B0
S2140127A01BBB08BD64A3020054470120A0580120AA
S2140127B068A5020010B5084C226823699A4204D322
S2140127C006484FF48671FCF707FB20692368C01A98
S2140127D020F0010080B210BDA058012068A50200BB
S2140127E0054B1A68824205D85B68834294BF002075
S2140127F00120704700207047A058012008B520B17D
S214012800FFF7EEFF00F0010008BD0120FAE7014BDB
S21401281018607047CC200020014B024A1A607047AE
S214012820CC2000205EA502002DE9F0411D4B1B7D4A
S214012830012B044624D10088FFF7ECFE0546D8B1EB
S214012840DFF8648004262C460EF039FC0746204645
S214012850FFF70AFF638843EA08036380A05BFFF77C
S214012860D9FE044638460EF030FC1CB1B4F90230ED
S214012870002BE9DA062E01D1BDE8F0810626E2E753
S214012880022BF9D10EF01BFC02462088FFF7C2FE90
S21401289018B10388C3F30E032380BDE8F041104648
S2140128A00EF013BCA05801200080FFFF2DE9F04F69
S2140128B0AF4D95B000240646EC820EF000FC0123D5
S2140128C02B752B8BADF80E30D5F804802C830EF0CB
S2140128D0FCFB2A89E868D200214613F0FDF80DF1C9
S2140128E00E00FFF7A1FF002E36D1D5F80090002488
S2140128F04FF0010AC14536D3002C36D1BAF1000F8C
S214012900F3D02F68A4F50044B9463A46424569D348
S21401291002230DF10E002B75FFF786FF002E40F007
S21401292083802C6822464A4580F096809088FFF77F
S21401293071FE18B10388C3F30E039380D088FFF7A6
S21401294069FE18B10388C3F30E03D3801046FFF760
S21401295075FE0246E7E79847E3B2013456F823309E
S214012960002BF8D1C1E7002C36D0013CE4B214AB01
S21401297003EB840353F8407CB7F902207B88002AD6
S214012980B8DA5A04B6D4BB4643F480432BF8023F68
S21401299006373BF8020FFFF73DFED0B1B0F902C093
S2140129A04188BCF1000F14DB6FEA41416FEA5141E7
S2140129B041800190FFF758FE0F2C9FBF14AB03EB2D
S2140129C08401019B41F8403C9ABF0134E4B24FF0C8
S2140129D0000ABB45DDD18DE74846FFF72FFE4F467F
S2140129E08146C9E71046FFF721FEB2F90230118889
S2140129F0002B824601EA040108DA3846FFF700FE9A
S214012A00014389B207EB4A0702EB4A0911801046D7
S214012A10FFF714FE024679E79847E3B2013456F809
S214012A202330002BF8D17CE70024F6E72046FFF799
S214012A3005FE80467CB1B4F902306188002B0ADAC3
S214012A402088C0F30E00FFF7E5FD844203462CD133
S214012A50C1F30D01618044464C45E7D3DFF814818C
S214012A600EF02DFB00210646404600F074FCFFF7F1
S214012A70D1FD044600286FD030460EF026FB2046D6
S214012A80FFF7D4FD06463846FFF7BAFD76008146C5
S214012A9032462146384613F005F8002249460DF124
S214012AA00E0000F0ECFB3744DAE71BD92046FFF7AF
S214012AB0BDFDC1F30D014200618092B22146184668
S214012AC012F0F0FFC7E74046FFF7B8FD46468145DE
S214012AD003D9B0F90230002B01DA804603E0FFF794
S214012AE0ADFDF4E72646C14507D9B8F80000C0F3A6
S214012AF00E00FFF78FFD8045E5D35EB33088C0F347
S214012B000E00FFF787FD034638B9A246B346564581
S214012B1011D8A6429FD05E46EFE73046FFF786FD06
S214012B207288C2F30D027280420092B23146184694
S214012B3012F0B8FFE9E75046FFF780FDD34681451E
S214012B4003D9B0F90230002B01DA8246DFE7FFF73E
S214012B5075FDF4E7B346DEE7BDF80E30287530465E
S214012B602B836F600EF0B1FA15B0BDE8F08F00BF91
S214012B70A0580120B858012070B51A4C14230846F5
S214012B80A8B02381C4F80CD0FFF790FEE268208934
S214012B90002302EBC0001946824213D103EBC103A6
S214012BA0D4E90012521A9BB222F00102934204D0D9
S214012BB00D4840F20221FCF70FF90023E360238160
S214012BC028B070BD52F8085B002DE7D032F8046CCF
S214012BD032F8025CA5EBC60531442B4489B29BB2A0
S214012BE0DAE700BFA058012068A5020008B5FFF784
S214012BF011FDBDE8084001E610B5044608B90020FD
S214012C0010BDFFF7F3FF20B9084840F2C441FCF7B6
S214012C10E3F82046FFF7FEFC0028F0D00388DB0B24
S214012C2014BFD0F80A000830EAE700BF68A5020022
S214012C3010B508B9002010BDFFF7ECFC0446FFF7FD
S214012C40DDFD20B9074840F2DE41FCF7C5F8002C4F
S214012C50F0D02388DB0B0ABF60882089C0F30C0004
S214012C60E9E700BF68A502002DE9F0410546FFF738
S214012C70D1FC0F460446D8B1FFF7C0FD20B9214864
S214012C8040F2F141FCF7A8F82846FFF7D1FF0546C8
S214012C902046FFF7D3FCBD42064609D004D81948A2
S214012CA040F2F941FCF798F82588ED0B02D0278110
S214012CB0BDE8F08167802046FFF7B8FC074604EBC5
S214012CC040080EF0FCF9104B5A68B2420AD1C3F81C
S214012CD004800EF0FAF92A464046FF21BDE8F0418D
S214012CE012F0FABEA6EB0806B5B20EF0EEF9072D05
S214012CF0F1D90023083D44F81730C8F80430A8F885
S214012D000250D5E768A50200A0580120F8B507468D
S214012D10FFF780FC064638460D46FFF789FFA842B6
S214012D20044611D004D80F4840F22351FCF754F85A
S214012D3056B13388641BDB0BA4B206D0D6F80A3032
S214012D4035812344C6F80A30F8BD3846FFF754FFEC
S214012D502A46011912F0A6FE29463846BDE8F84073
S214012D60FFF782BF68A5020038B5FFF753FC0D4692
S214012D70044650B1FFF742FD20B9044840F23651EF
S214012D80FCF72AF8023534F8150038BD68A50200AC
S214012D9070B5FFF73FFC0C4616460546B0B1FFF787
S214012DA02DFD20B90D4840F24151FCF715F830468B
S214012DB0FFF730FCFFF722FD20B9084840F24251E8
S214012DC0FCF70AF8023425F8146070BDBDE87040BF
S214012DD0024840F24651FBF7FFBF00BF68A502005C
S214012DE070B504460E4600250CB9284670BD20462F
S214012DF0FFF71EFF314605442046FFF7B5FFADB28B
S214012E000446F1E738B50C4DC41CEB69A408640010
S214012E1023B10A4840F25B51FBF7DEFF2A696B6873
S214012E20D31AC3F34F03A34283BFA2EB4402EA6162
S214012E300120002038BD00BFA058012068A502006F
S214012E40014B0022DA617047A05801202DE9F047B6
S214012E50C41CA408DFF8A8A064000434B0F5005F21
S214012E60DAF8106081460F46A4B204D3234840F234
S214012E707251FBF7B1FF0EF022F9DAF81C308046EA
S214012E807BB9DAF80450761BC6F34F06B44224D950
S214012E90002540460EF019F92846BDE8F047FFF731
S214012EA0AFBB87B1DAF804505A1BC2F34F02944203
S214012EB0EED8620005EB4404CAF804408FB9134407
S214012EC0CAF81C300DE0F61AC6F34F0686B90B4851
S214012ED040F28351FBF780FFDAE705EB4404CAF8BA
S214012EE004400023A5F80290AB80EB802B80D0E74E
S214012EF0B442CDD8DAF80450DBE700BF68A502007B
S214012F00A0580120F8B506460D460A2000211746AE
S214012F10FFF79CFF0446FFF77DFB60B1038807813E
S214012F206FEA43436FEA5343C0F80A600380C0F870
S214012F300E502046F8BD0446FBE708B5FFF76AFBCE
S214012F4028B10388DB0B14BFD0F80E00184608BD65
S214012F5070B50E46054611463046FFF777FF044624
S214012F6035B128B1FFF748FE3246294612F09AFDE0
S214012F70204670BD38B505460EF0A1F82946044630
S214012F800022044800F07BF92046BDE838400EF0E8
S214012F909CB800BFB858012038B50EF090F8002153
S214012FA00546044800F0D7F9044628460EF08DF889
S214012FB0204638BDB8580120024B188BB0FA80F075
S214012FC040097047A0580120014B00221A83704720
S214012FD0A058012010B5044648B112F0D6FC411C99
S214012FE00022204689B2BDE81040FFF7B1BF10BDF0
S214012FF008B50146FFF7F4FB28B1BDE80840A1F18A
S2140130000800FFF7FDBA08BD08B5FFF703FB034646
S21401301038B1FFF70BFB03EB4000BDE80840FFF7B4
S214013020EFBA08BD38B50246FFF7F4FA0546C0B157
S2140130300846FFF7EFFAFFF7F9FA6C88C4F30C04B9
S214013040013424F0010404EB40041046FFF7DCFFD2
S2140130508842A4B204D0034840F28D61FBF7BCFE5F
S2140130606C8038BD68A50200F8B5FFF7D3FA0E46A6
S214013070074668B34588C5F30C056C1C4B1C24F049
S214013080010423F00103E41AA4B2FFF7B7FBC0B1B1
S2140130908D421BD20F484FF4D561FBF79DFE082CDD
S2140130A016D9F31C9B08023307EB830000227E80AF
S2140130B047F82320083C42604480BDE8F840FFF70B
S2140130C09FBA04484FF4D561FBF786FEB542E6D1B8
S2140130D00020F8BD68A5020037B505460068FFF771
S2140130E087FFADF80600E8B1FFF794FAD0B1038880
S2140130F0DB0B04D00C4840F2C461FBF76DFE0DF10A
S2140131000600FFF791FBBDF80600FFF783FA0446B9
S214013110FFF774FB20B9044840F2CA61FBF75CFE76
S21401312008342C6003B030BD68A502002DE9F74FC6
S214013130044600881F46FFF76DFA88461546064680
S214013140FFF75CFB20B9404840F2DA61FBF744FE2A
S2140131503388DB0B009306D033892B443381002060
S21401316003B0BDE8F08F2088DFF8E0B0FFF760FD20
S21401317082463046FFF762FA01900DF0A0FFDBF8B9
S2140131800420019B9A4281461DD1FFF7DFFA854252
S21401319004D948460DF099FF1A20E1E705EB0A032A
S2140131A073803FB12088FFF727FD2A4641465044E9
S2140131B012F0CBFB3046FFF741FACBF80400484645
S2140131C00DF083FFCBE70DF080FF2088FFF730FD81
S2140131D02844009980B2FFF739FE06460028DBD066
S2140131E0FFF70AFD81462088FFF706FD8246208804
S2140131F0FFF71EFD51460246484612F0A6FB304632
S214013200AFB1FFF7F9FC07462088FFF711FD2A4604
S2140132104146384412F099FB01212088FFF7A4FDAE
S214013220012102463046FFF7B3FD268097E7FFF7F8
S214013230E3FC80462088FFF7FBFC2A4639464044DB
S21401324012F04AFCE8E700BF68A50200A05801207A
S2140132500021FFF7FBBDFFF7E7BAFFF7CDBCFFF78D
S214013260E7BCFFF773BA70470088B0FA80F04009F0
S2140132707047008810B1C9B2FFF776BD70472DE9D7
S214013280F041B0F8008006460C46D5B2B8F1000F02
S21401329011D029464046FFF767FD224607462946D4
S2140132A04046FFF775FD3A4629462046FFF770FD72
S2140132B03480BDE8F0810F46F5E738B50588002271
S2140132C00446FFF7DCFF05B1258038BDF8B5074693
S2140132D00D46008800211646FFF746FDB04204461B
S2140132E005D129463846BDE8F840FFF7E6BF00217C
S2140132F02046FFF739FDB04205D020460021FFF7F2
S21401330033FD0446F3E72A4620460021FFF740FD39
S214013310324628460021BDE8F840FFF739BD03468E
S21401332008461B888B4202D00021FFF71DBD0020F6
S214013330704738B5044638B10021FFF79AFF0023DD
S21401334001465D1C09B998B238BD2046FFF7E7FF74
S2140133502B460146F5E7F8B5058807467DB1CCB2A0
S21401336021462846FFF700FD8542064609D100237F
S2140133703B80002221463046FFF70AFD35462846A7
S214013380F8BD2146FFF7F0FC214602462846FFF726
S214013390FFFCEEE72DE9F04707888246884614468B
S2140133A05FB33846FFF744FC3D460646E4B2214685
S2140133B02846FFF7D9FC4045814616D12146FFF73E
S2140133C0D3FC214602462846FFF7E2FC474504D1D6
S2140133D0454508BF0025AAF8005000222146404670
S2140133E0FFF7D6FC3046BDE8F0878742FAD0FFF7F4
S2140133F01FFC304486B24D46D9E73E46F2E72DE93A
S214013400F84307460E4690460C46BCB13B88B3B11E
S21401341041463846FFF72DFF8146FFF709FC8442F7
S214013420054606D341463846641BFFF794FFA4B20F
S214013430EBE7051BA9B24846FFF768FC0024301BE2
S21401344080B2BDE8F8832DE9F843B0F8009017463E
S2140134500D4649B3B9F1000F05D1144B144AF921B1
S21401346014480CF031F94E465FFA83F8414630466F
S214013470FFF77AFC0646FFF7DBFBA84228BF284683
S21401348084B23046FFF7B8FB224601463846274449
S2140134902C1BA5B212F006FB35B1B145E6D1064BA1
S2140134A0034A4FF48371DBE7BDE8F883B5A5020054
S2140134B01EA60200C9A5020011A6020070B5068864
S2140134C0054696B970BD20460121FFF74DFC04461E
S2140134D001212046FFF748FC0028F4D1324601219D
S2140134E02046FFF755FC2C80ECE73446F0E770B534
S2140134F00688044656B101213046FFF735FC002206
S214013500054601213046FFF743FC258070BD2DE9B5
S214013510F84F89460021074692469846FFF7A9FECE
S214013520002604460CB9254622E02046FFF764FB38
S21401353005462046FFF77CFB05EB000B5D450AD3ED
S21401354021463846FFF7EBFE0446EBE77B8801365B
S2140135501D44B6B2F2E7BB88B342F1D951462846BC
S214013560C8470028F2D0B8F1000F01D0A8F80060D3
S2140135702846BDE8F88F2DE9F84F89460021804698
S2140135809246FFF776FE00260446374614B93046C3
S214013590BDE8F88F2046FFF72FFB05462046FFF7CC
S2140135A047FB05EB000B5D4505D321464046FFF77B
S2140135B0B6FE0446EAE7B8F80430BB42F5D95146F0
S2140135C02846C84708B10136B6B2B8F80230013706
S2140135D01D44BFB2E7E7F8B583888B4206460F461F
S2140135E001D80020F8BD0021FFF743FE748814FBC4
S2140135F007F40546A4B2002DF3D02846FFF718FBC2
S214013600844204D22846FFF7F7FA2044EAE7241A50
S21401361029463046FFF783FEA4B20546EBE72DE9BF
S214013620F0410F4600210646FFF723FE4FF0000843
S214013630054615B94FF6FF7011E02846FFF7DCFA8C
S21401364004462846FFF7F4FABC420AD823189F42DC
S21401365007D2381B73884044B0FBF3F080B2BDE854
S214013660F081404429461FFA80F83046FFF757FE9E
S2140136700546DEE7F8B5C68804460D4646B181889C
S214013680013E4B1C8380C680BDE8F840FFF7A3BF10
S214013690408810FB01F080B23146FFF7D7FB0746A2
S2140136A070B1324601462046FFF7E9FDA388013D89
S2140136B00133A380E5803846BDE8F840FFF79CBAA1
S2140136C0F8BD00BF7047704708B5FFF7FBFF03481A
S2140136D0FFF7ECF8FFF7F7FF08BD00BF50A60200A2
S2140136E000887047008840BA80B270470170090AA6
S2140136F0417070470B0A03704170704710B5002483
S214013700E3B210B9C3F10303DBB20134042CCA548B
S2140137104FEA1222F4D110BD10B50B784C788A7896
S214013720C97828B910462246044608461946034673
S21401373042EA012043EA042343EA004010BD014463
S214013740884201D10120704710F8013B9342F7D01F
S21401375000207047013A0A44013801398A4200D1F3
S214013760704712F8013900F8013FF7E708B588B14C
S2140137700023C25C4AB10133B3F5803FF9D1064953
S21401378006486722FCF73AFBFEE798B24FF6FF734E
S2140137909842F4D008BD00BF78A6020014A4020027
S2140137A010F8013B11F8012B13B9524250B2704781
S2140137B09342F5D0981A40B270478B42F0B528BFB5
S2140137C00B4604460020C11D99421546264602DBDB
S2140137D098420BD3F0BD377829788F4204F1010463
S2140137E002F10102F4D1083080B2ECE73278297890
S2140137F04A40D243D2B280242242EBD0013080B27A
S21401380083424FEA5404F7D1E4E7F8B5C2F3C7049C
S21401381002F00707224605460E4612F043F947B165
S214013820325D295DFF233B4122EA03020B4013432D
S2140138302B55F8BD38B50A4C2378013B2370FEF7AB
S21401384027FD05460CF0F8FE0146284610F0ECFB75
S21401385028B1201DC821BDE83840FEF7B6BD38BDE9
S214013860C05801201FB50C2301AA00210320FAF736
S21401387005FCBDF80C004FF6FF7398423BD0FEF7EF
S2140138801BFDBDF804001D4CFEF71CFD1C4BBDF8CE
S2140138900E20BDF808001A8001F09EFCBDF9060056
S2140138A001F0E7FC9DF80A00164AC30900F00F0074
S2140138B01370FEF70DFD0CF0D7FEFDF737FE2078EE
S2140138C0042816D0C21F5042504101F01AFC0220B3
S2140138D0FEF710FD2078012808D10FF0F3FF03064C
S2140138E004D500214FF6FF7010F07CFB002004B0D9
S2140138F010BD0120E9E79320F9E700BF7A580120BF
S214013900B6210020FD5801201FB5002101AA0C2375
S2140139104FF0FF340320CDE901440394FAF7FEFB90
S214013920002000F0F8FA0020FEF7D2FC4FF6FE70F9
S214013930FEF7C2FC4FF6FF70FEF7C4FC044B0120F5
S2140139401C8001F0DEFB0020FEF7D4FC04B010BDA5
S214013950B621002008B5FEF7E5FA58B1064B1B78EC
S214013960023B022B06D8054B08221A70FFF762FFAE
S214013970002008BD7020FCE77A580120C0580120BD
S2140139802DE9F04186B01C468846174606460FF0DC
S214013990B7FF2044FFF7A4FE05460FF0B1FF204411
S2140139A0FFF79EFEC5F3C005C0F3401045EA40058B
S2140139B020468DF8045010F0CFF9042805D829497F
S2140139C029488F22FCF71AFAFEE70921204610F053
S2140139D0B3F8235CDB0706D52146304610F0B9FA6A
S2140139E006B0BDE8F0810B21204610F0A5F8204472
S2140139F0FFF776FE0546FEF745FC8542F0D10A2123
S214013A00204610F099F82044FFF76AFE0921ADF828
S214013A100600204610F090F8235C20461B118DF816
S214013A20083010F099F905380C21ADF80A00204647
S214013A3010F082F8044403948DF809808DF8107014
S214013A40FEF72EFA0446EEF705F94FF47A7300F501
S214013A50FA7001A9B0FBF3F0241A304605940EF073
S214013A6047FFBDE79FA6020014A402002DE9F04F10
S214013A7006218BB0044610F05FF82044FFF730FEB5
S214013A8080460FF03DFF2044FFF72AFE05460FF063
S214013A9037FF2044FFF724FE8346204610F006FB3E
S214013AA0002870D00B21204610F046F82044FFF77E
S214013AB017FE0A218146204610F03EF82044FFF703
S214013AC00FFE594F06460921204610F035F83B787F
S214013AD014F800A0013B012B4AD90921204610F019
S214013AE02BF8235CCBF3401BC5F3C005DA0745EA88
S214013AF04B054BD4204610F0E1FA002843D0FEF7E0
S214013B00C1FBB0424FEA1A1A49D1FEF7C1FB404544
S214013B1070D120468DF81450ADF816908DF818A087
S214013B2010F01AF905380C21ADF81A00204610F0ED
S214013B3003F820440790EEF7BFF88DF81900EEF76A
S214013B40D7F88DF82400FEF7ABF90446EEF760F8D7
S214013B504FF47A73012100F5FA70B0FBF3F0241AE2
S214013B601020089402F070F905A80EF0CBFE0AE0CA
S214013B7000214046FDF750FDFF28AED00021FDF79D
S214013B8029F80028A9D00BB0BDE8F08F2B463246A5
S214013B90494620460BB0BDE8F04F10F076B94FF617
S214013BA0FF739E42B1D03B78052B04D1304600F01E
S214013BB003FE0028A9D13B78013B012B17D82046EC
S214013BC010F0CAF80C21074620460FF0B5FF053F56
S214013BD004440023BFB20093039502940197534611
S214013BE0324649464046FCF7DBFE0028CBD0012191
S214013BF0122013E03B78052B8BD0013B012B0BD811
S214013C0001200FF05FFE030683D500214046FDF735
S214013C1003FDFF287FF47DAF012111200BB0BDE825
S214013C20F04F02F011B900BF7A58012038B50A4B9F
S214013C301B78023B022B05460C460CD8FEF728FBE8
S214013C40A84208D10CF0F8FC08B1E30703D5BDE89B
S214013C503840FFF759BE38BD7A580120034B002281
S214013C601A711B7803B1E5E5FFF74EBEC058012077
S214013C7018B1034B1B7803B1DCE5FFF745BE00BF67
S214013C80C05801202DE9F04387B089469DF844705D
S214013C90BDF83C600221804614461D46002207F00E
S214013CA001030846FEF7B4F9B0421ED32A4643463E
S214013CB0012104A8CDF800900FF02BFF0C4B1099B2
S214013CC01B780297063B012B98BF0022CDE90061C5
S214013CD098BF13469DF8381084BF052204AB2046D2
S214013CE001F074F807B0BDE8F0837420FAE700BF6E
S214013CF07A58012010B50446FCF7C6FC28B1B4F981
S214013D000200BDE8104001F0B4BAA088EDF720FB30
S214013D100028F4D010BDF7B51D46184B089C0F4679
S214013D20164600221A701A72FEF7D2FA3846FEF7C5
S214013D30C3FA3046FEF7C6FA114B1D8024B94FF080
S214013D40FF33CDE900336C462046FEF7E3FAFDF774
S214013D5013FFFDF793FB0CF05BFC0A4B1878042865
S214013D6009D0C31F5842584101F0CBF90220FEF793
S214013D70C1FA03B0F0BD0120F6E700BFCC58012020
S214013D80B62100207A58012010B50A4A0023137084
S214013D9082F828301372084A04464FF6FF701370F3
S214013DA0FEF790FA012001F0ACF92046BDE810407C
S214013DB00EF086BDCC580120795801202DE9F84F28
S214013DC006468A4601464FF6FE7099461746DDF8C6
S214013DD028B01E4CFDF720FC8046608DFEF728FFBC
S214013DE084F824A03368E36173682362184B1B7858
S214013DF0063B012B054604F11C0A04D8042384F86B
S214013E002830BDE8F88F60B1484501D90723F6E7A9
S214013E10608DFEF7F1FE2A46594611F033FE002862
S214013E20F4D1B8F1FF0F0ED1FDF7BCFBFF2801D18D
S214013E300623E4E7032384F8283039465046BDE8D4
S214013E40F84FFCF757BF0523D9E700BFCC58012030
S214013E507A58012037B5114B114A1B781278134353
S214013E60054615D101200FF02DFD030612D59DB193
S214013E702846FFF73FFF044638B9009001462A88D6
S214013E804FF6FF730120FFF746FF204603B030BD13
S214013E907024FAE7B524F8E70224F6E779580120FA
S214013EA0825901202DE9F3411746174A1278831FDC
S214013EB005460E46DBB222B17024204602B0BDE8AC
S214013EC0F081012B0BD90528F6D14FF6FE739942E6
S214013ED0F2D04FF6FF78464506D10224EDE7FCF70F
S214013EE0D3FB0028F5D0E7E7002FF6D03846FFF7DA
S214013EF001FF04460028E0D100903A884346314647
S214013F002846FFF708FFD8E7795801200246002126
S214013F100620FFF7C7BF08B5104B00221A70104ADB
S214013F201278022A18D10F4A1278511E012902D995
S214013F30063A012A10D818B983F82C00002008BDCB
S214013F400121FF2883F82C10F8D001EB800109022B
S214013F500248FEF73AFAF1E77020F0E7CC58012064
S214013F60795801207A58012038B505460C4679B1B2
S214013F7010280DD80021FEF769FF074AD08548B101
S214013F80FEF73AFE2A46214611F0DFFC002038BD36
S214013F900220FCE71820FAE7CC58012038B5054680
S214013FA00C4679B132280DD80021FEF74FFF074A9B
S214013FB0508548B1FEF720FE2A46214611F0C5FC81
S214013FC0002038BD0220FCE71820FAE7CC58012073
S214013FD0014B002058857047CC58012008B501F0E8
S214013FE0CBFD18B9024B022283F8302008BD00BF72
S214013FF0CC58012008B5084A1278062A09D1074A82
S21401400082F83100EDF73CF90020FEF783F9002035
S21401401008BD7020FCE700BF7A580120CC5801206B
S2140140201FB5194C0023237294F82830012B21D197
S21401403003238DF80C30FEF73DF9024600685168FF
S214014040628B01AB03C304F1100101A801F006FC69
S214014050EDF7B6F94FF4F04358434FF47A71B0FBDD
S214014060F1F104F10800FEF7B0F9022384F82830D4
S21401407004B010BD054B1B78012BF9D1962004B076
S214014080BDE8104080E600BFCC58012079580120D9
S2140140900020FFF740BF2DE9F341504C94F8305013
S2140140A0FDF740FF30B14E4B187804280ED0C21FE2
S2140140B05042504101F025F894F8303043B949494F
S2140140C0494840F28912FBF799FEFEE70120F1E725
S2140140D0002315F0020584F8303004D002B0BDE8A4
S2140140E0F0410EF053BC237E002B71D03C4EE38C86
S2140140F0317884F824508A1F012A0BD84FF6FE72B5
S2140141009B1A18BF012307294FEAC3134ED184F81F
S214014110243009E04FF6FF704A1E8342D2B23FD0E8
S214014120012A41D9042945D100200FF0CBFB030613
S21401413048BF94F82430608B44BF43F0400384F8B2
S2140141402430FEF7BFF83378063B012B37D9608D54
S214014150FEF76EFD10B194F8293023B9E28C4FF6C4
S214014160FD739A422BD894F82900668B94F8247034
S214014170B4F8268048B1608DFEF75AFDC5B294F8B2
S214014180290010B1608DFEF737FDCDE9005043469A
S21401419016483A46314601F0C3FA02B0BDE8F0814E
S2140141A0802384F82430BBE794F8243043F00203DC
S2140141B084F8243094F8243043F00803A7E794F8F1
S2140141C02420618B094802B0BDE8F04101F070BAC5
S2140141D0AB2002B0BDE8F041D6E500BFCC580120C7
S2140141E07A580120BDA6020014A40200DC58012062
S2140141F02DE9F843DFF8E4801646364A98F8003091
S2140142001278134305460F4603D070242046BDE8B6
S214014210F883841FE4B2FCF737FA58B1022DF4D0C4
S214014220012CF2D926B1AB1E052B01D8052D4CD198
S2140142300224EBE7002EFBD0AB1E052BF8D8052D8C
S214014240F6D0012C0CD94FF6FE739F42F0D0022D0A
S2140142500AD101200FF036FB030605D4B524D5E7B5
S2140142604FF6FD739F42E3D93046FFF743FD044600
S2140142700028CBD100F045FFEDF756FD18BB4FF0F7
S21401428001092846144D88F80090FEF721F8338876
S2140142906B832C76EF8485F83090FCF7F5F928B11E
S2140142A002232B762C82FFF7F6FEAFE7B08801F0EB
S2140142B063FC06460028A9D0922085F83040FFF717
S2140142C063FD3446A2E78E24A0E74FF6FE739F42B5
S2140142D0AED0C9E782590120CC5801207958012077
S2140142E00A464FF6FF71FFF783BF2DE9F04F09210C
S2140142F08BB004460FF020FC04EB000920460FF0BB
S2140143002BFD0521054620460FF016FC2044FFF73D
S214014310E7F980464846FFF7E3F90DF11B0107462A
S21401432020460FF053FD064648B3214607A80FF076
S2140143307EFC354B1B78A3F1060B5FFA8BFBBBF1BA
S214014340010F0FFA87FA1DD8304A92F830209107EC
S2140143502FD59DF81B4000231E44EDF7ADFC9DF8BC
S2140143601B30CDF80490ED1AEDB20246CDE90246B7
S21401437000954FEADA7307A940460EF0DDFA0BB056
S214014380BDE8F08F9DF81B4005930D2CF7D920480A
S2140143900E22314611F076FB0028F0D11B4A059B10
S2140143A092F8302012F0020F03D00E3CE4B20E2336
S2140143B0D2E7D207E3D5174A1278012ADFD1134A8A
S2140143C0518B4145DBD1BAF1000FD8DA9DF82410A4
S2140143D0022902D1BDF81C1029B1033B012B0ED8CE
S2140143E0137E002BCBD107AB03CB0B4C1B88106184
S2140143F0C7F340376160238182F82970BFE7BBF1BC
S214014400010FF0D9BBE700BF7A580120CC58012034
S214014410DFA6020079580120DC58012070B50C4E49
S2140144200C4CF08D002386F834300B4B1B78063B82
S214014430012B98BF0024FEF7DFFB0546F08DFEF743
S214014440F7FB2946C2B22046BDE8704001F086B8A7
S214014450CC580120DFA602007A58012010B5FDF7DE
S21401446061FDF8B1104B1B785A1E012A02D9063B92
S214014470012B17D8FDF706FF4FF6FF73984211D0B0
S2140144800A4C94F834306BB9FAF7C6FC3223B0FB09
S214014490F3F202FB130189B204F13400BDE81040C7
S2140144A0FDF793BF10BD00BF7A580120CC580120FC
S2140144B037B50D4B1B785A1E012A04460D4602D904
S2140144C0063B012B0ED8FDF72DFD58B1074B93F88F
S2140144D02C303BB1002300934FF6FF72294620464D
S2140144E0FFF76CFC03B030BD7A580120CC58012090
S2140144F02DE9F0471E46124B9DF820701B78BDF83B
S2140145002480DDF82890013B012B0446154615D87A
S214014510FDF708FD90B10B4B93F82C3043B1CDF865
S21401452020904346324629462046BDE8F04745E4FA
S2140145300CF082F80028F2D0002FF0D1BDE8F08709
S2140145407A580120CC58012008B590B90B4B1B783E
S214014550063B012B07D80A48FDF72CFF094B012221
S21401456083F8282008BD06484FF4FA71FDF72DFFA1
S214014570F4E7BDE80840962006E400BF7A5801201B
S214014580D4580120CC580120FFF7DEBF73B5124B7B
S2140145901B78012B06460C460CD1B1B90F4DFDF721
S2140145A083FE297E6A8B022906D12B8A0094314626
S2140145B0FFF7B1FB02B070BD032905F110054FF6F8
S2140145C0FE730CBF2C460024F0E7952002B0BDE830
S2140145D07040FFF7D9BB00BF79580120CC580120A5
S2140145E008B5074B014693F8280038B1082203F1B5
S2140145F01C0011F047FAB0FA80F0400908BD00BF70
S214014600CC5801202DE9F34104460FF079F92044F6
S214014610FFF766F88013032804D00027384602B057
S214014620BDE8F081062120460FF086FA22182058B0
S21401463051686B4603C36846FFF7D2FF074600285A
S214014640EBD03C4E96F82830072B4DD0032B20D1CB
S214014650FCF74AFB4FF6FF739842044644D096F89F
S214014660242006F11C01FDF778F8051E18BF012568
S214014670314B96F824201B789107A3F10603DBB291
S2140146803CD5012B88BF4FF0020898BF4FF00608B3
S2140146903CE0042B0CD196F92430002B28DA4FF697
S2140146A0FD75FAF7B9FBA8420446FAD80025DFE7FC
S2140146B0052B21D169464FF6FE70FCF7ADFFFF28AA
S2140146C012D0FDF79DF996F8242006F11C01044648
S2140146D0FDF743F805460028CAD01849184840F2A5
S2140146E0DB22FBF78BFBFEE702254FF6FF74BFE7E5
S2140146F000254FF6FE74BBE70125F6E7120713D433
S214014700022B34BF4FF007084FF004080D482A4625
S214014710214601F05BF81DB9214640460EF0D8F857
S214014720002386F8283079E7012B88BF4FF003086D
S214014730ABE700BFCC5801207A580120BDA6020085
S21401474014A40200E8580120024B1878431E584270
S214014750584170477958012010B5054C04F12E00D8
S214014760FEF762F804F12A00BDE81040FEF75CB8D7
S214014770CC580120012908B508D8054A22F81100AD
S2140147800131C9B2ECF7E2FA002008BD0220FCE7CD
S2140147902E5D012001289ABF024B33F810004FF618
S2140147A0FF7070472E5D0120024B4FF6FF721A8094
S2140147B05A8070472E5D0120054B1A88824204D02C
S2140147C05B881B1A5842584170470120704700BF4A
S2140147D02E5D01200148FDF7EDBD00BF4C590120BB
S2140147E02DE9F04F8FB092469DF86440DDF8609059
S2140147F02B4D4FF6FF721F46904204F04003804651
S2140148000E4608BF04F0FD047BB1A8683A46494647
S21401481011F09BF884F02001A8682C73C1F34011B5
S2140148200FB0BDE8F04FECF70DBA4FF0020B07934F
S2140148308DF828B0FDF726FD8DF834B0ADF82C8044
S214014840D5F808B0ADF82000FDF728FD8046FDF745
S21401485025FDF21992B2CDE9030208AACDE901823B
S2140148600BAA0092079B0122214658460FF0B1F889
S21401487056B1D5F80880092140460FF05DF9324659
S2140148805146404411F061F8D5F8088009214046A8
S2140148900FF052F930443A4649464044B8E700BF63
S2140148A04C59012038B50D46ECF714FD044610B9F5
S2140148B00DB1FDF72FFD204638BDECF717BDECF71F
S2140148C01BBDECF71FBD0128034604D8044A507BE4
S2140148D018B993737047022070477020704700BF65
S2140148E04C5901200B4B1B78063B012B0DD870B1A0
S2140148F0037A023B012B0AD8074B02681A61426809
S2140149005A6102891A83002070477020704702207E
S214014910704700BF7A5801204C59012010B5134C3E
S214014920A47E86B0FCB98DF80730BDF82030ADF80E
S2140149300830BDF82430ADF80A309DF828308DF8DF
S2140149400C300B9B8DF80400049301A8BDF83030A1
S2140149508DF805108DF80620ADF81430ECF7C0F987
S214014960204606B010BD3E20FBE700BF4C59012093
S21401497013B5174B1B78063B012B044624D828B3E6
S214014980FDF786FC4FF6FF73984204D1002323728D
S214014990002002B010BDFDF77BFC4FF6FE73984277
S2140149A00CD10823002118466A46F9F767FB032352
S2140149B023726B4603CB20606160E9E70223237212
S2140149C0FDF766FC2080E3E77020E2E70220E0E7DF
S2140149D07A58012010B58AB0FDF7A4FA10B97020F4
S2140149E00AB010BD254C2378DA1E012A26D8FDF719
S2140149F049FC4FF6FE7398422DD103238DF80C30F7
S214014A00FDF758FC02460068516801AB03C32378E2
S214014A10063B012B29D89DF8243023B307AA10683A
S214014A205168128904AB03C31A80FDF737FC04A949
S214014A30024601A800F012FF0020D1E7063B012B39
S214014A40CDD807A8FFF794FF0D4B9DF824201B7EB9
S214014A501343CCD1C3E702238DF80C30FDF712FCCB
S214014A60ADF80400D3E7074AD9E702238DF81830DA
S214014A70FDF70EFCADF81000D7E700BF7A5801200D
S214014A804C5901205C5901200346084601B10B60D0
S214014A90EDF752B90020EDF74FB9EDF775B9EDF71F
S214014AA089B9014BD86970474C59012070B58CB053
S214014AB004460EF025FF2044FEF712FE00F007061E
S214014AC00EF01EFF2044FEF70BFEC0F381200228E5
S214014AD037D1042120460FF02FF82044FEF700FEC0
S214014AE04FF6FF7398422CD10121032001F0ACF957
S214014AF00EF006FF2044FEF7F3FD030726D5072137
S214014B0020460FF019F8235C03F00703052B04D0A9
S214014B10484B1B78063B012B18D8012E14D1454B68
S214014B2019780639012994BF0021012120460BF08E
S214014B30ADFD58B101210E200CB0BDE8704001F06A
S214014B4083B901210220D1E70021EFE701212046A8
S214014B50FCF7D0FE012E58D1FDF7E4F900284CD021
S214014B60344B1B78063B012B49D80EF0C9FE204476
S214014B70FEF7B6FD00F008050EF0C2FE2044FEF773
S214014B80AFFD2B1E18BF0123C0F3401043EA4003BC
S214014B908DF80030EDF790F88DF81C00EDF7A8F8C9
S214014BA08DF81D0045B1082120460EF0C5FF2118DD
S214014BB03046FEF7B1FD05460895FDF771F9054645
S214014BC0EDF726F84FF47A7300F5FA70B0FBF3F0C0
S214014BD02D1A20460B950FF0BFF80921ADF82400D9
S214014BE020460EF0A9FF20440A9021460DF102004E
S214014BF00FF073F868460DF097FE0CB070BD2046B6
S214014C000CB0BDE87040FEF731BF032E0AD1204636
S214014C100FF014FA0028F0D020460CB0BDE8704022
S214014C2000F060BB002EE8D120460CB0BDE8704015
S214014C30FFF75BBB7A5801202DE9F0438FB014468D
S214014C400F4605460EF05CFE2044FEF749FD00F0D7
S214014C5007080EF055FE2044FEF742FD81460EF091
S214014C604FFE2044FEF73CFDC0F38120022820D1F0
S214014C70042120460EF060FF2044FEF731FD4FF67A
S214014C80FF73C21A564256410EF03AFE2044FEF712
S214014C9027FD03070FD5352D1BD0002120460BF02D
S214014CA0F5FC40B1454946484FF4DD72FBF7A6F8DE
S214014CB0FEE70026E8E709F02000002D4DD1002888
S214014CC05AD00121052001F0BFF829462046FCF7FD
S214014CD011FEB8F1010F66D13A4B3B4E1B78063BED
S214014CE0012B56D8337B03F00F0213F001008DF829
S214014CF0042007D0082120460EF01EFF211840464A
S214014D00FEF70AFD099020460FF026F80921ADF8B6
S214014D10280020460EF010FF96F820308DF820303F
S214014D2020440B908DF83070FDF7BAF80646ECF784
S214014D3091FF4FF47A73214600F5FA70B0FBF3F059
S214014D40361A0DF106000D960EF0C7FF01A928468A
S214014D500DF0E0FD0FB0BDE8F083312D06D08D2DAE
S214014D6010D0402DB5D10121062002E020B101214D
S214014D70052001F069F8ACE701210EB10920F8E73A
S214014D800420F6E7002E4FF001010CBF07200A2091
S214014D90EFE796F8201023463A4628460FB0BDE8BE
S214014DA0F043FEF7EDBDB8F1030FD3D121462846F7
S214014DB00FB0BDE8F04300F061BB00BFB0A7020032
S214014DC014A402007A5801204C5901202DE9FF470E
S214014DD0044602201F46BDF83090DDF834A09DF849
S214014DE038800D4616460EF06DFD030602D518F006
S214014DF0800F11D0114B1B78F3B9114B3A4683F84B
S214014E0020503146CDE900A84B462046FFF7E8FC86
S214014E10002004B0BDE8F087CDE901A8CDF80090E8
S214014E203B463246294620460BF03CFD0028F0D191
S214014E300348FDF7BFFAEBE78C20EAE70A590120A1
S214014E404C59012010B53D4B1B7888B0002B6BD117
S214014E50FBF72EFC28B93A4808B0BDE81040FDF72C
S214014E60A9BA374C94F82130DB0709D5354B1878A9
S214014E70ECF71CFA94F8213023F0010384F8213072
S214014E8094F82130980714D594F82200ECF760FACC
S214014E9094F8213023F00202190784F8212008D55E
S214014EA00020FDF737FA94F8213023F0080384F840
S214014EB0213094F821305A070BD523F0040384F8E7
S214014EC021300123A376636A002008B0BDE81040B4
S214014ED01847A37E43BB0BF06FFD38BB1A4B1B78FC
S214014EE0042B01D0072B03D11848FBF737FDD8B99F
S214014EF003A80BF075FD30B9154916484FF41A7220
S214014F00FAF77CFFFEE79DF8113084F820309DF813
S214014F100C3001930022059B0093BDF80E00BDF8EE
S214014F2012301146FFF75CFC08B010BDA37E002BC3
S214014F30FAD108B0BDE81040ECF726BA0A590120AC
S214014F404C590120DB2100207A580120D547010069
S214014F50B0A7020014A40200024B00221A70FFF749
S214014F6071BF00BF4C59012002461248837E10B51E
S214014F701BB990F82130590703D50120904700202E
S214014F8008E00D49097831B95BB9012484761846E1
S214014F909047204610BD43F00403426280F821305A
S214014FA0EDE743F00403426280F82130FDF702FA90
S214014FB0E5E700BF4C5901200A5901200248837ECB
S214014FC00BB9FDF7F7B970474C59012010B5164AD1
S214014FD0037A1278063A012A04460ED8032B08D122
S214014FE0FFF7FEFAE0B92046FCF7BEF900F0010033
S214014FF010BDBDE81040FCF7B7B9022B05D1BDE8DE
S214015000104000880021FCF727BC032B0AD1FFF7CC
S214015010E7FA28B921464FF6FE70FCF71DFCE5E7D6
S2140150200120E3E70020E3E77A580120F0B585B0D8
S21401503004460EF065FC2044FEF752FB00F007071D
S2140150400EF05EFC2044FEF74BFB274B06461FBBCB
S21401505093F828500135EDB283F828500EF050FC35
S2140150602044857001A821460EF00BFE01A8FFF72B
S214015070ADFF38B10EF044FC46F0100189B2204471
S214015080FEF734FB0EF03CFC2044FEF729FB030739
S21401509012D4002005B0F0BD93F829500135EDB2C9
S2140150A083F829500EF02CFC2044032F8570D9D1AB
S2140150B0204600F009FAD5E7072120460EF03CFD10
S2140150C0451C0BF0C1FA2544024629460120FEF78D
S2140150D015FB20460BF0D8FA0028DAD00B20012168
S2140150E000F0B2FE3520D5E74C5901201FB5014628
S2140150F001A80EF09CFD01A8FFF768FF05B05DF85A
S21401510004FB0A4A117881420ED0094B10701B78B5
S2140151100BB9ECF7CBB8074890F8213043F0010300
S21401512080F82130FDF746B9704700BFDB2100202B
S2140151300A5901204C59012010B5044B00241C705B
S214015140FFF7DFFF024B1C7010BD00BF4C5901205A
S2140151500A59012038B5164C002323760546ECF78C
S2140151604FFAF9F759FE84F82900F9F755FE84F845
S21401517028002846FFF7E0FFA368ABB9EBF728FE47
S21401518060B14FF400600AF0F5F9A06060B9094912
S214015190094840F26912FAF731FEFEE7EBF726FE00
S2140151A00028EED18020EEE701236373002038BD8E
S2140151B04C590120B0A7020014A40200014B187834
S2140151C0704700BFDB210020024800238376FDF7ED
S2140151D0F1B800BF4C59012038B50E4D2B78044666
S2140151E023B92046ECF7B4F8012038BDFBF74CFA9A
S2140151F010B12B78012BF4D0074890F8213080F8B5
S214015200224043F0020380F82130FDF7D3F8002056
S214015210EBE700BF0A5901204C590120F8B5124EA0
S214015220B37E05460F46C3B9FBF72EFA0446B0B95E
S2140152302846ECF781F8A0B12846FFF7CDFF1FB14D
S21401524020B12046FDF766F80020F8BD96F821301B
S21401525043F0080386F82130F6E73E20F5E7702094
S214015260F3E78A20F1E700BF4C5901200121FFF73F
S214015270D5BFECF72FB8024BD8610DF033BB00BF9A
S2140152804C59012038B5064CE56A034608462DB947
S214015290E362ECF789FC00B1E56238BD7020FCE7FB
S2140152A04C590120024B0022DA62ECF795BC00BF94
S2140152B04C590120084A08B5D36A33B9074908484A
S2140152C04FF44772FAF79AFDFEE70021D16298473C
S2140152D0BDE808400DF076BB4C590120B0A702008E
S2140152E014A402002DE9F043092187B004460EF00C
S2140152F023FC265C012E04EB00052CD1062120465A
S2140153000EF01AFC22182058516804AB012E03C374
S2140153103AD07D2E41D120460EF01EFD461FE81CD8
S21401532095F8018095F80290FEF7DAF907460EF037
S214015330E7FA2044FEF7D4F9B6B2C0F3C00056B37C
S21401534005350090CDE901653B464A46414604A82D
S214015350FFF7CEF81CE07D2ED0D0042E40F08B80D7
S2140153600EF0CEFA2044FEF7BBF980130328C5D011
S214015370ECF786FCC1070BD52046FFF743F938B991
S2140153802046FBF731FF03E0697804A8FFF790F8A1
S21401539007B0BDE8F0833546D3E7022E06D1681C78
S2140153A0FEF79EF9E978FFF7F1F8F1E7042EDFD072
S2140153B0072E02D1FFF752F8EAE77E2E26D1062104
S2140153C020460EF0B9FB2044FEF78AF906460EF099
S2140153D097FA2044FEF784F9800B13D00EF090FA6A
S2140153E02044FEF77DF942060CD4052120460EF036
S2140153F0A3FB2044FEF774F96A7801463046FBF7B2
S214015400D3F9C5E70321F1E7032118E07F2EBFD1C9
S214015410062120460EF090FB2044FEF761F9064671
S2140154200EF06EFA2044FEF75BF9800BECD00EF01E
S21401543067FA2044FEF754F94306E5D405212046D1
S2140154400EF07AFB2044FEF74BF90446A81C95F8AB
S2140154500180FEF745F9691D0746012095F804907D
S214015460FEF75AF93B46CDE90090424621463046C2
S214015470FBF7C2F98CE7022E9AD190E738B50D46B4
S2140154800446092128460EF057FB2B5C7E2B16D0CE
S21401549004D8012B09D07D2B0CD038BD7F2BFCD135
S2140154A02046BDE83840FBF70DBA2046BDE8384037
S2140154B0FFF74AB82046BDE83840FFF765B82046F2
S2140154C0BDE83840FBF77AB938B5092104460EF035
S2140154D033FB235C7F2B04EB00050BD1FBF7B6F8FF
S2140154E02871FBF7B9F8691D0246BDE8384001206E
S2140154F0FEF704B938BD70B590B0022300248DF8CC
S2140155002C3001234FF6FF75CDE9034306AB0CAEF5
S214015510CDE9015309AB009303222346304680218F
S2140155208DF82040ADF824500EF053FA092130468C
S2140155300EF002FB00F140030DEB0300072300F819
S214015540103CC023CDE901630E2300932246234677
S21401555021462846FFF73AFC10B070BD2DE9F0470A
S214015560051E9AB014BF0E26002688469146FCF703
S21401557089FE4FF6FE73984206AC66D103238DF87A
S2140155802030FCF797FE024600685168234603C3A5
S2140155904FF0000A8DF82CA0FCF780FE4E44331D18
S2140155A0CDE903030CAF09AB0093524653460421E1
S2140155B0CDE901A438460EF00CFA3A4B1A783A4B6C
S2140155C0012A197852D0062A5AD1384B1B78002B5B
S2140155D043D140F6FF7348F6FF7251450CBF1C4697
S2140155E01446092138460EF0A7FA07EB000A504682
S2140155F02146FEF77BF800238AF802300AF1040000
S2140156008AF803305DB105F10C0355F8042B40F818
S214015610042B9D42F9D12B8803800AF11200B8F1C0
S214015620000F03D04A46414610F08FF94423CDE9D6
S21401563001733736002300961A4619464FF6FF7057
S214015640FFF7C4FB1AB0BDE8F08702238DF82030BF
S214015650FCF718FEADF818009AE74CF6FF7344F60F
S214015660FF72002914BF1C461446BAE744F6FF73BE
S2140156704CF6FF72002918BF134643F40054B0E7F6
S21401568048F6FF7340F6FF70002908BF0346042A58
S21401569002D143F48053F0E7072AEED143F4805455
S2140156A09FE700BF7A580120F8580120FD580120D5
S2140156B02DE9F04192B04FF003080F461546064615
S2140156C08DF82480FCF7F6FD04460068616807AB98
S2140156D003C34FF6FF740223CDE9034307AB4246EB
S2140156E0CDE901730AA80023009606210EF071F990
S2140156F009210AA80EF020FA0AAB0AA903440122DE
S2140157000A545D70462302931F23009300230191E0
S2140157101A4619462046FFF759FB12B0BDE8F0813C
S2140157202DE9F04FA1B08A4690461F469DF8A84045
S21401573081460AF081FF4FF0030B851D8DF820B0DE
S214015740FCF7B8FD03460068596806AE631D03C63C
S21401575004934FF6FF730393EDB206AB5A46CDE9B9
S21401576001A32946002309A8CDF800900EF031F9CF
S214015770092109A80EF0E0F909AB09AA1E187D2334
S21401578013540223737086F80280394606EB0B0029
S214015790FDF7ACFF24B12B992246701D10F0D5F809
S2140157A00AF04AFF80B1273409ABCDE9004345F042
S2140157B04005002302951A4619464FF6FF70FFF77B
S2140157C005FB21B0BDE8F08F2234EDE72DE9F0416D
S2140157D094B04FF00308164604460F468DF8208015
S2140157E0FCF768FD0546006869688DF82C8006ABF5
S2140157F003C36168206809AB03C3FCF74FFD044689
S214015800FCF74CFD0423CDE9030306ABCDE90143C8
S21401581009AB424600930CA8002306210EF0D9F8E6
S21401582009210CA80EF088F90CAA0CAB1C1802234F
S21401583013543946601CFDF759FF4623E670029360
S2140158400CAB01931F23009300231A4619464FF60B
S214015850FF70FFF7BBFA14B0BDE8F081F0B58FB06A
S2140158600C4616460746FCF719FD07AD0123032231
S214015870CDE90303009400232846CDE901670621FC
S2140158800EF0A7F8092128460EF056F900F1380364
S2140158900DEB0300042300F81C3C0EF031F804461F
S2140158A028460EF038F846230444CDE90153A4B245
S2140158B0002300941A4619464FF6FF70FFF786FA42
S2140158C00FB0F0BDF0B593B002260C46154607465C
S2140158D08DF82460FCF7D6FC8DF83060ADF81C001E
S2140158E0ADF82870FCF7DAFC07ABCDE901430AAB4B
S2140158F0CDE903060093032200230DA8A2210EF092
S21401590068F809210DA80EF017F90DAB0DA903448F
S2140159107E220A545D70FCF7C1FCE223A04214BF4C
S2140159201320112002930DABCDE9000300231A4684
S21401593019464FF6FF70FFF749FA13B0F0BD2DE98F
S214015940F04194B0002A4FF002050CBF2024242415
S2140159500E4607468DF82450FCF794FC8DF830501F
S2140159604FF6FF75ADF81C00ADF82850FCF796FC15
S21401597007ABCDE901534FF009080AABCDE903089F
S21401598000930322002321460DA80EF022F841467B
S2140159900DA80EF0D1F80DAB03440DA97F220A54D1
S2140159A05F703146981CFDF7A1FE0DAB01931A23DB
S2140159B0009344F04004002302941A4619462846F0
S2140159C0FFF704FA14B0BDE8F08100BF38B50A4C01
S2140159D02078FFF796FB6088FFF7FEFB0025A0887E
S2140159E0FCF770FCA571FFF7EFFB044B1D70BDE8DB
S2140159F03840FFF7E3BA00BF7C5901200A5901205D
S214015A0010B5FEF75CFF044C6080FCF747FCA080F5
S214015A10FFF7D4FB207010BD7C5901200148FCF72C
S214015A20C9BC00BF8459012010B5104B9A795C8817
S214015A30012A05D00E490F48C122FAF7DFF9FEE721
S214015A4003229A71FFF7DCFFE0B2FFF7C5FB0220E5
S214015A50FFF757FB08480821FFF714FC28B1044953
S214015A600448CC22FAF7CAF9FEE710BD7C5901209A
S214015A70CCA7020014A402001D5A01002DE9F04132
S214015A80394FBB790024022B3C7205D1FFF79EFFEC
S214015A90BDE8F041FEF7FFBA032B63D1EBF782FCBA
S214015AA00546388A28B931493148D722FAF7A6F986
S214015AB0FEE7FDF7A1F8437803449D70437802782A
S214015AC00133DBB29A4243700BD92A480821FFF70B
S214015AD0D9FB002846D025492548E322FAF78EF956
S214015AE0FEE7388AFDF788F810F8011B23460546BD
S214015AF0A0462646DAB291421BD894FBF1F4002266
S214015B0064B21346D5B2A94225D8012989BF01F14D
S214015B10FF31002593FBF1F39DB200233B82FFF793
S214015B2055FF2B46424631462046BDE8F0410CF073
S214015B3033BF15F9012F002B04BF16469046964237
S214015B40A8BF164642451444B8BF424676B24FFA3D
S214015B5082F80133CEE710F9015F2D1B05FB0533F3
S214015B600132CFE7BDE8F0817C590120CCA70200C5
S214015B7014A402001D5A010070B50546FAF784FD0B
S214015B8070B90A4EB4796CB92846EBF7D5FB58B113
S214015B9001230748B3717580FFF7E6F9204670BD0B
S214015BA07024FBE73D24F9E78A24F7E77C590120B6
S214015BB0E95B0100014B188000207047BE210020E0
S214015BC008B5084B18884FF6FF73984209D1EBF7D2
S214015BD0F7FB47F6C03358434FF47A73B0FBF3F044
S214015BE080B208BDBE21002038B5124CA379658865
S214015BF0012B05D0104911484922FAF7FFF8FEE7B4
S214015C000223A371FFF7FCFE0020FFF77AFA4FF696
S214015C10FF70FCF757FBE8B2FFF7DEFAFFF76BFC05
S214015C20FFF7CEFF014604F10800BDE83840FCF757
S214015C30CCBB00BF7C590120CCA7020014A40200F3
S214015C400148FCF7F1BD00BF8C590120F8B50746A5
S214015C500D46FAF719FD10BB1DB3164EB47914BBE9
S214015C603846EBF769FB00B3338A33B11249134860
S214015C7040F20312FAF7C2F8FEE72146A81CFDF728
S214015C80E5F8308298B17780FCF7B6FF0123B3714F
S214015C90447005700A48FFF767F92046F8BD70247E
S214015CA0FBE70224F9E73D24F7E78A24F5E7182401
S214015CB0F3E700BF7C590120CCA7020014A4020020
S214015CC0295A01002DE9F04F054685B00C469A4643
S214015CD09046D2B128B92C492C482C22FAF78EF8D6
S214015CE0FEE701B902ACDFF8A8900027CB4639F8E9
S214015CF0020B002842D0FCF79BFF0A2811D022494C
S214015D0022483E22FAF77AF8FEE729B91E491F48CB
S214015D103122FAF773F8FEE70028E4D10DF1060503
S214015D20E1E739F8020CFCF767FF0646B8F1000F09
S214015D3014D0FDF7D5FC2B8883421FD1D6F802304C
S214015D402360D6F806306360BAF1000F02D0002354
S214015D502BF81730012005B0BDE8F08F811C082212
S214015D6020460FF08FFE48B93046FDF7B9FC288073
S214015D70BAF1000FEED02BF81780EBE701370A2FA8
S214015D80B5D10020E7E700BFE3A7020014A4020094
S214015D90325D01202DE9F3411E4BADF806001B785C
S214015DA0063B012B0D4630D801231A4600210DF182
S214015DB00600FFF787FF0022012329461046FFF75A
S214015DC081FF154B0026984633F8024B34B1013655
S214015DD00A2EF9D1B42002B0BDE8F08121460A208E
S214015DE0BDF80670FDF732F828F8160078B1FCF712
S214015DF003FF39460646FDF779FC2B68C6F80230E4
S214015E006B68C6F806302046E5E77020E3E7182001
S214015E10E1E700BF7A580120325D012002481422D2
S214015E2000210FF059BE00BF325D012008B5FFF713
S214015E30F5FF002008BD00BF0248902200210FF0A8
S214015E404BBE00BF90590120232808B505D9064945
S214015E5006482122F9F7D2FFFEE7054A52F820301C
S214015E600B4442F8203008BD17A8020014A4020013
S214015E709059012023289FBF034B53F820300B6015
S214015E80002088BF70207047905901202DE9F04FFF
S214015E9014469B46C36B87B005465B6960680E4631
S214015EA0012202A99847EB6B01225B6903A93046E0
S214015EB0984702A80EF0F8FC074648B10023A375E0
S214015EC063754FF0FF33A360002007B0BDE8F08F85
S214015ED003A80EF0F6FC0123A375237E04EBC3038F
S214015EE0DE611F846368B3420ED1206003A80EF002
S214015EF00AFD4FF0FF332075A360237D043B022B80
S214015F0025D80023A375DFE723681A1A53425341A5
S214015F10A37503A80EF0F7FC237D834218BFA7756F
S214015F2003A80EF0D2FC074602A80EF0CEFC87426C
S214015F301CBF0023A37503A80EF0CFFC074602A8DA
S214015F400EF0CBFC87421CBF0023A375D5E703A840
S214015F500EF0BBFC80B1EB6B02225B6904A93046F4
S214015F60984704A80EF0C0FC0346207D032839D8C4
S214015F70DFE800F03838040903A8F3E7237E04EBD2
S214015F80C303CC221A8401F08BFC109B1870277E69
S214015F9003A80EF08EFC04EBC70787F82200237EC9
S214015FA004EBC30303A8B3F8209093F822700EF015
S214015FB08CFC804603A80EF090FC8246B8F1000FD8
S214015FC015D0EB6B02225B6904A93046984704A8FA
S214015FD00EF04FFC6075637D6BB90023A3754FF01F
S214015FE0000838E0227E04EBC2021384CBE703A844
S214015FF00EF02AFCEEE794F81680B8F1000FEED00A
S214016000B9F1000F09D1DFB10123E375637E002BDF
S2140160104FD1012F42D1677614E06B6C06EB0A0272
S214016020594286EA020008421CBF0021A175591E8A
S2140160300A409B1A9945D0D8A37D002BE3D1CEE721
S214016040E37D43B94FF000084B4652463146284699
S2140160500EF0A4F9A060A27D12B123694B4423611E
S2140160601949237E097899422AD901332376BBF14F
S214016070000F27D032B3E37D23B3B8F1000F21D14F
S214016080032F1FD0A1684B1C1CD0109B00932246E7
S21401609001232846FFF7FAFEA07513E095F8343081
S2140160A063B9EB6A0133CFD1032FCDD10123A37698
S2140160B0C8E7012FCFD0032FC4D1F7E79846C3E72F
S2140160C00023A375A07D00E7D09C02002DE9F04FC8
S2140160D08BB00E46044698464FF0FF31002310461B
S2140160E017468DF8133001F0C5FBB6F5801F3BD37C
S2140160F0B21C53D1E56A6B1C57D1616A20460EF07B
S21401610093F80546B31C18BF0123DFF814910193D9
S214016110636A626C0293236802FB053AE36B05A986
S2140161205B6905225046984705A80EF076FC0EF0EE
S21401613099FC50460EF0A1FC4FF0000B824601463A
S2140161404B1C05D0636C81EA0A025B42134232D0D3
S214016150294620460EF068F8029BAB424DD0BBF1B3
S214016160000F4DD10546D3E7314605AA04F10800D4
S2140161700EF04FFB0146481C10D0384601F07AFB62
S2140161800DF113030122394620460EF082F928B19B
S2140161909DF8133088F80030002003E0237C002BA4
S2140161A0A8D11D480BB0BDE8F08F2368ED1A636CCB
S2140161B0B5FBF3F5A6E7484601F05CFB0DF11303CA
S2140161C0019A494620460EF064F9034690B1B21C86
S2140161D003D0D9F80020B2420CD103930F4B9DF89F
S2140161E0132088F8002049461A6838460FF0ADFBA0
S2140161F0039B9B46D9F80810A2E7BBF1000FD0D04D
S214016200B6F5801FC8D298F800307A68314604F196
S214016210080001F073FABFE70BE000F0CC9C020027
S214016220E84201202DE9F3410E461B4D816A0446E2
S21401623017469846E36A8B422AD04B1C18E028463C
S21401624001F018FB0DF107030122294620460EF046
S21401625020F930B19DF80720434629462046B84725
S214016260B0B1A9684A1C05D0012E0AD0E36A99424A
S214016270E5D10DE0696820460EF063F8012E01466F
S214016280D8D16B6881EA0302636C5B421A42D1D0B3
S21401629002B0BDE8F08100BFBC4201202DE9F0410B
S2140162A0036B07689046826B9A4288BF8363426C91
S2140162B0436A02FB0377C36B90B05B690E46052207
S2140162C001A904463846984701A80EF0A6FB012806
S2140162D00146307057D0656CE26B2368606AD2F86D
S2140162E014C005FB0030052206A9E04706A80EF0FB
S2140162F094FB01284FF0000523D0D4E90A3201218E
S2140163009342CDE90B458DF834800E958DF83C10FF
S2140163102AD1194620460EF014F8236B626CE0620F
S21401632014339B1A23630C9B53B99DF83C303BB145
S214016330626A616C2368E06B01FB02310EF025FB9B
S2140163400C9DE36B05225B6901A93846984701A8B5
S2140163500EF063FB3070236BA26B28469A4288BF0F
S214016360A36310B0BDE8F081237C33B91C490BAAA6
S21401637004F1080001F012FAD5E71A4A0BAB2046E1
S214016380FFF750FFCFE7237C23BB1749224604F1D2
S214016390080001F003FA616A20460DF066FF616AA3
S2140163A0421C20460DF02FFF054620B9236B626C78
S2140163B01344143B2363A16A20460DF0C2FF2368F1
S2140163C0A062C01A636CB0FBF3F0606220460DF069
S2140163D0FBFFB6E7054A00232046FFF723FFDAE76F
S2140163E09D6D0100196D01001B450200B7440200B6
S2140163F073B50D46D11E4A421C461B7E4A419A423F
S21401640026D129682368994222D3636899421FD806
S214016410114E0DF107033246FFF758FEC0B97268F8
S2140164206B689A4214D19DF80730DA1E53425341E5
S214016430227E93420CD1636901336361D4E903235D
S214016440934205D2A268296842F8231001332361DA
S214016450012002B070BD00BF144301202DE9F04FAA
S2140164608BB0DFF858B19A469DF850300293DBF8AE
S2140164701030534580460D461646C0F09980DBF82D
S21401648004300193D146B9F1000F00F08D80D8F8A1
S2140164903C3001985B69012207A9984707A80EF0CE
S2140164A010FADBF80030984240F0858007A80EF01D
S2140164B014FA0428074614D107A80EF015FA019B12
S2140164C0029A04463B44002A3FD1864212D9361A24
S2140164D01446019940460DF034FFA9EB04090190DA
S2140164E0D1E7D8F83C3001985B69022208A99847A1
S2140164F008A8E2E7841B544528BF5446032C03EB47
S2140165000607AAEB040A4FEA94021CD9D8F83C30D5
S21401651029465B693846984724F0030304F00306CE
S2140165201F441D44002ED4D0D8F83C3001225B69AC
S21401653008A9384698473246284608A935440FF038
S21401654004FA0026C5E72646ECE700F003020392AC
S21401655003442A18074604920593049BDD1B059BFA
S214016560D81B039B9F420FD1002FB2D0D8F83C30E6
S214016570012208A95B6998473A4608A928460FF000
S21401658081FA78B93D44A4E7D8F83C30012208A93D
S2140165905B699847042208A928460FF073FA08B9E0
S2140165A0043FDAE7DFF8189048460BB0BDE8F08FF5
S2140165B0DFF81090F8E7DFF81090F5E74043012088
S2140165C012E000F011E000F022E000F02DE9F041C9
S2140165D00F4688B016469846044660B390F8345085
S2140165E0FDB101210DF0E5FD0E9BCDF80480CDE94E
S2140165F002379DF83C308DF81C30237C0496002130
S214016600CDE905118BB90D4901AA04F1080001F085
S214016610C5F8DDE90553E06B002E08BF1D460DF0F9
S2140166208AFF284608B0BDE8F081054A01AB20463E
S214016630FFF7F8FDEDE70546F3E700BFE544020086
S214016640F16301007FB590F84260019204460DF1B6
S2140166500B030A46304612490DF075FF012EE36B17
S214016660054619D15B69324603A998479DF80B1078
S214016670039B019A59B19BB243EA02430393E36B2E
S2140166809B69012203A92846984704B070BD1B0CDC
S2140166901B0492B21343F1E79B69012201A9F3E7B8
S2140166A0404301202DE9F04F99B00F4609920A693F
S2140166B0416C0E931439D31DB3FBF1F3013302EB96
S2140166C0C302036B93420446C0F00D820023DFF839
S2140166D020940D93E36A07931946484601F0CAF8D9
S2140166E0D7E9033604930E9B022B4ED1CC2E40F0F5
S2140166F08A81099B002B42D0394620460DF07AFF4D
S214016700656C079A14906B1E1340ED1AE36B78685C
S2140167105B69012216A9984716A80EF0D6F800283C
S2140167200CBF04230823782E06933DD901230025A8
S21401673005934FF0080A3B6805990E98C9F8003092
S214016740C9F810600EF0E3F84FEA9A031093DDF8EB
S2140167501CB089F8140000230B930F9308930C9335
S214016760616C4A1E0BEA02028B1A002E38D0554481
S214016770AB4240D8236B5B1A13442363ABE0049B04
S2140167801B68149308230693D0E7656C079A6B1E63
S2140167901340782EA5EB030516D8FB7D7BB9099B24
S2140167A0002BB3D104230693331DAB4210D9A6B1F7
S2140167B0082DBBD8042500230593AA46BBE7099BF1
S2140167C0002BA3D10823EEE7099B002B9ED1D9E726
S2140167D0002505954FF0040AADE704250596F9E76F
S2140167E05345C7D30BEB0A030393B046089B002B14
S2140167F018BF032313E0A3EB0A039E42B0460BEB3C
S2140168000A0228BF98469E420392EFD9D9F8102073
S2140168100123964289F8173071D1C9F804B008935C
S21401682099F81730002B6CD099F818200899D31CCA
S21401683009EBC3030132C3F804B0A3F808809972C8
S21401684089F81820B8F1000F14D00E9B022B5BD1EB
S2140168500B9B7BB90F9B4344032B0BD9E36B03982C
S2140168609B69012214A998470546002840F03D81FE
S21401687001230B93089B0193059B009399F8142021
S2140168803968434616A800F0ABFFE36B109A9B6984
S21401689016A958469847051E0D9B18BF5B460D93D3
S2140168A052464346594620460DF078FD236BC9F8FB
S2140168B0080008F10302A3EB0A0322F003029B1A65
S2140168C02363002D40F011810F9BDDF80CB043448B
S2140168D0A6EB08060F93594620460DF032FD00251B
S2140168E08346002E7FF43CAF814A39689368E362A1
S2140168F052680E9B04F1080000F000FFDEE0022360
S2140169008DE7C9F804B09DE7099B002B30D1049BA5
S214016910B8F1030F43440A9327D9E36BDDE903017A
S2140169209B694FEA980298470546002865D118F0FA
S21401693003025FD0049B28F003052B440493039BBA
S2140169401D444FF0FF330499159315A80EF0FDFF73
S214016950E36B28469B69012215A998470A9B049375
S2140169600546002D86D0039B99E7039D4246E8E73E
S214016970039B0A9307F120031193FB7D78689BB173
S2140169803D7E0C9A0023D9B28D4211D9119931F866
S2140169903310914203F1010C26D907EBC303069984
S2140169A0D8690A44104403E00C9B069A1344184421
S2140169B0E36B01225B6915A99847159B13930C9B02
S2140169C00A9804330C93E36B01229B6913A9984739
S2140169D0039B0A9A43449B1A042B054607D978B9A8
S2140169E0134604330A93C8E7521A6346CBE70A9B59
S2140169F00393B6E70A9B04933CE70A9B0493B2E72A
S214016A000A9B0393AFE73B4E04F108030393236805
S214016A10079A606CA2EB030ABAFBF0FA00FB0A3095
S214016A200EF02BF8E16A804620460DF08AFCA26A39
S214016A3082424AD0626CD9F808302568E062511E5D
S214016A400B40216B891A0B4423630D9B5D1BB5FB21
S214016A50F2F5AA4536D1079BB3EB080A12D0E36BD1
S214016A604FEA9A029B6941469847E36A079A53445C
S214016A70E362236B9B1A43448346236303980DF01A
S214016A8098FEDA462368616CE06B01FB05310DF078
S214016A9069FF20460DF098FB20460DF095FC20631B
S214016AA0BAF1000F11D03A69616CD31D1439B3FBEA
S214016AB0F1F3013302EBC3029042A8D2304619B07B
S214016AC0BDE8F08F4FF0000ADCE73A69616CD31D30
S214016AD01439B3FBF1F3013302EBC302236B934288
S214016AE0BFF4F8ADEAE7044EE8E72E468CE700BFB0
S214016AF0E842012023E000F006E000F02DE9F3472C
S214016B001E4643699DF82890B342044688461746B8
S214016B103DD300258DF8075020460DF021FBD4F813
S214016B2030A082450AD2236AB5EB430F06D2002273
S214016B300DF107012046FFF7B1FB30B39DF8073092
S214016B40012B05D100220DF107012046FFF7A6FB18
S214016B50B9F1030F06D0314620460DF0ECFA256B4D
S214016B60854218D30D4D4FF0FF31284600F082FEC6
S214016B704B46002229462046C5E90376C5F8008023
S214016B8002B0BDE8F047FFF78DBD0135C4E7044804
S214016B9002B0BDE8F0870348FAE700BF14430120BE
S214016BA00FE000F006E000F02DE9F04790F84260B3
S214016BB086B0012E05460391A1EB020715D1B7F564
S214016BC0807F28BF03264FF06408DFF848A1002421
S214016BD04FF6FF7995F84230012B14BF3223642318
S214016BE09C420AD35FFA88F415E0B7F5803F34BFBC
S214016BF0012602264FF03208E7E705AB224651464A
S214016C0028460DF0D5FC95F84230012B059B34D172
S214016C104B452DD1E4B295F84230012B0CBF6422CE
S214016C203222121BB24217D3012E39D10022012B78
S214016C3005978DF8132027D1082205A90DF1130019
S214016C400DF072FE9DF81330059A42EA03222146A2
S214016C502846FFF7F7FC40B102232E490093096846
S214016C60CC2303AA2846FFF749FF06B0BDE8F08704
S214016C70DBB203B902340134ACE7591CCAD09BB26B
S214016C80002BF8D10134F6E7102205A90DF1130007
S214016C900DF04AFE9DF81330059A42EA0342D6E704
S214016CA0039A0592012B23D10823202205A90DF171
S214016CB013008DF813300DF037FE9DF813201202E5
S214016CC021462846FFF7BEFC95F84230611C012B91
S214016CD0C9B21AD10028BFD1BDF814202846FFF743
S214016CE0B1FC0028B8D10234BDF81620E1B2AFE7F6
S214016CF01023202205A90DF113008DF813300DF095
S214016D0013FE9DF813201204DAE70028A4D1059A91
S214016D109EE700BF40430120032A2DE9F3410646C2
S214016D200D4617461C4606D1237A012B23D0012097
S214016D3002B0BDE8F081DFF8608009680DF1070355
S214016D404246FFF7C3F960600028EDD19DF80720A1
S214016D50237A032AE8D0D8F804106A689142E3D16E
S214016D60012B2969D4F80CC007D172690CEB010319
S214016D70934202D92074207CDAE708316144E1604D
S214016D803B46012229463046FFF78CFC606000280E
S214016D90CAD00020CCE700BF144301202DE9F341FF
S214016DA0089C032A2668174606D1237A012B24D08D
S214016DB0012002B0BDE8F081DFF890800DF10703F5
S214016DC042463046FFF782F960600028EDD125681B
S214016DD0D8F80400A96AD5F844C0227A4840CCF114
S214016DE000031840E1D1012A09D1E268D8F8103031
S214016DF013447269934202D92074207CD9E728682B
S214016E00EB6A1B1A081AB3FBFCF3B0FBFCF08342D7
S214016E100BD1706CF36A421E1340326B121A134484
S214016E20336328460DF08DFAE862D8F81020E3683F
S214016E300649206808321344E36001223B46FFF707
S214016E4031FC60600028B0D00020B2E71443012076
S214016E502DE9F04F4FF0FF334FF6FF72002500F19A
S214016E600806C0E9092387B00446C36205620563C4
S214016E7030460F460DF09DFC20460DF0A5F928BBC7
S214016E80204639460DF020FA20460DF09DF928BB24
S214016E908A4D20460DF0CBFAECE0E26B2368606C7D
S214016EA0D2F814C001A9052200FB0530E04701A86D
S214016EB00DF0B3FD012828D1294620460DF0D5F95D
S214016EC0421C294620460DF09EF90135E3699D4294
S214016ED0E3D320460DF078F90028D1D000254FF6EF
S214016EE0FF73C4E908534FF0FF39CA46A846E36961
S214016EF0984514D3A5EB0905012D37D8636A4FF6DB
S214016F00FF72934247D16E4DC3E70DF0B0FD0028E6
S214016F10DBD0294620460DF0A8F90246D1E72368C2
S214016F20E26B606C576901A9052200FB0830B8477F
S214016F3001A80DF072FD834601A80DF045FD074638
S214016F4058460DF08FFD70B15745236A38BFC4F817
S214016F502480B94503F1010328BFB946BD42236227
S214016F6038BF3D46BA4608F10108C0E74FF6FF7341
S214016F7063620025E3699D42C0D2676C2068E36BBB
S214016F8005225B6901A907FB0500984701A80DF0DA
S214016F901BFD0135EEE7E26B676C2068556901A9B8
S214016FA0052207FB0300A84701A80DF00DFD626A44
S214016FB02368606C434D00FB02300DF05EFD4FF020
S214016FC0FF33A062E3622A460DF103036FF001016D
S214016FD02046FFF77BF8002850D1AD68E5622946C8
S214016FE020460DF0CDF8206320B9E16A20460DF069
S214016FF0A8F9E062294620460DF0A3F90546A36AE2
S2140170009D423DD16569626CE91C143A2046B1FB8C
S214017010F2F105EBC1050335B5FBF2F50DF007FA04
S2140170200235A84280463DD2616A20460DF0FCF842
S2140170300027064604F1400A474512D3626C2368CE
S21401704002FB0639E36B05225B6901A948469847AE
S21401705001A80DF0B9FC534602464946E06B0DF017
S2140170600EFD314620460DF0DFF80137AF420646E9
S214017070E2D3154D284607B0BDE8F08FA56AADE707
S214017080294620460DF07CF8236B03442946074623
S214017090236320460DF055F90546002FAFD1C4E90C
S2140170A00B07ACE730460DF084FB0023074A194670
S2140170B02046FFF7B7F80025EBE600BF03E000F037
S2140170C016E000F01443012013E000F081440200B2
S2140170D0634A00232DE9F041176813600E46044603
S2140170E018B9604D2846BDE8F08190F834500DB3CC
S2140170F009680268914240F0AA807168426891422C
S21401710040F0A580B1688268914240F0A080F168A5
S214017110C268914240F09B8031694269914240F0D9
S2140171209680B169C26B914240F09180726982612A
S2140171301D46D7E750222946D0F838800EF0CCFC01
S2140171403368236073686360336963617369A3613D
S214017150D6E9021204F10800C4F838800DF03BFBB2
S214017160B369E36304F140009B68984794F84320B1
S21401717020B1E561002AB4D03B4DB3E7656C002D24
S214017180F7D06668B6FBF5F3E361002AA9D0B542ED
S214017190F2D82268B2FBF5F105FB1122002A58D17C
S2140171A005FB1363002B54D120460CF0D9FFA369CD
S2140171B0043303449E424ED3636940F63472CC3B9B
S2140171C093424AD8B5F5007FD6D3032120460CF06A
S2140171D0F0FFE36BD4E900011B689847E36B0546B3
S2140171E0DB68022098471DB1002384F834301EE086
S2140171F039462046FFF72CFE1C4B9842054604D123
S21401720039462046FFF724FE0546636C143B002DE5
S214017210EAD1226A204602FB03F60CF0A1FFA3691D
S214017220043303449E4206D284F83450104DE06B7A
S2140172300DF081F956E70F4A012384F834301368BC
S214017240D4E900010133136009F018FFEFE70A4D96
S21401725048E70A4D46E7064D44E7094D42E700BFB9
S214017260245A012009E000F004E000F013E000F0E9
S21401727002E000F0205A012008E000F001E000F0F2
S21401728005E000F02DE9FF410F4690461E460546F3
S21401729098B390F8343093B3B1F5801F31D21A4CBD
S2140172A002210CF086FF22460DF10F0339462846CF
S2140172B0FEF70CFF024678B101230093424633469F
S2140172C039462846FFF71AFC0446E86B0DF033F9F9
S2140172D0204604B0BDE8F0819DF80F30012BEBD1BC
S2140172E02169B142E8D10093414633462846FFF76B
S2140172F0B5F804460028DFD1E7E7044CE8E7044C7C
S214017300E6E7044CE4E700BF4043012009E000F053
S21401731007E000F00AE000F02DE9FF410C461646B2
S2140173201F46054688B390F8343083B3B1F5801F05
S2140173302FD2DFF87C8001210CF03BFF21460DF1B6
S2140173400F0342462846FEF7C1FE044670B99DF873
S2140173500F30012B11D1D8F81030BB4213D1009059
S214017360024631462846FFF779F80446E86B0DF0E9
S214017370E2F8204604B0BDE8F081074C074A022B2C
S21401738008BF1446F2E7064CF0E7064CF1E7064C58
S214017390EFE7064CEDE700BF0BE000F00CE000F075
S2140173A011E000F009E000F007E000F00AE000F06C
S2140173B0404301202DE9F04385B00C46DDF83080CE
S2140173C017461E460546A0B390F834309BB3B1F578
S2140173D0801F32D2DFF8809001210CF0EAFE2146B0
S2140173E00DF10F034A462846FEF770FE044688B99B
S2140173F09DF80F30012B14D1D9F8102006EB0803A5
S2140174009A4214D300904346324639462846FFF73F
S21401741025F80446E86B0DF08EF8204605B0BDE869
S214017420F083074C074A022B08BF1446F2E7064CC6
S214017430F0E7064CF1E7064CEFE7064CEDE700BF38
S2140174400BE000F00CE000F011E000F009E000F0C5
S21401745007E000F00AE000F04043012070B586B076
S2140174600E4603920546A0B390F834309BB3B1F5AF
S214017470801F32D202210CF09CFE194A0DF117032F
S21401748031462846FEF722FE044618B99DF8173005
S214017490032B0ED10223009303AACC2331462846A0
S2140174A0FFF72CFB0446E86B0DF045F8204606B0C6
S2140174B070BD022B0BD10A4928460DF09BF80399A3
S2140174C081420246EFD02846FFF76EFBEAE7054CFD
S2140174D0E9E7054CEAE7054CE8E7054CE6E700BFB7
S2140174E0404301200DE000F009E000F007E000F065
S2140174F00AE000F073B50C461646054630B390F820
S21401750034302BB3B1F5801F24D201210CF051FE8B
S2140175102146114A0DF107032846FEF7D7FD04461A
S21401752080B99DF80730032B0CD0022B0CD10A49E9
S21401753028460DF05FF83060E86B0CF0FCFF204643
S21401754002B070BD054CF7E7054CF5E7054CF6E7CC
S214017550054CF4E7054CF2E7404301200BE000F050
S2140175600DE000F009E000F007E000F00AE000F0AE
S214017570F7B50C461646054668B390F8343063B343
S214017580B1F5801F2BD202210CF013FE154A0DF126
S214017590070321462846FEF799FDC0B99DF8073036
S2140175A0032B14D0022B14D10E4928460DF022F8D5
S2140175B0471C024639462846FFF7F6FA044606B146
S2140175C03760E86B0CF0B7FF204603B0F0BD064C01
S2140175D0F7E7064CF5E7064CF6E7064CF4E7064CEB
S2140175E0F2E700BF404301200BE000F00DE000F0A1
S2140175F009E000F007E000F00AE000F02DE9F341B1
S2140176001F4600230C4616463B60054650B390F8CD
S21401761034304BB3B1F5801F28D2DFF864800121E6
S2140176200CF0C7FD21460DF1070342462846FEF73A
S2140176304DFD0446A0B99DF80730032B10D0022B50
S2140176400AD10123336004233B60E86B0CF073FF1F
S214017650204602B0BDE8F081D8F810303060F3E77C
S214017660034CF2E7034CF3E7034CF1E7034CEFE777
S2140176700BE000F009E000F007E000F00AE000F09F
S2140176804043012030B50C4685B0054628B390F836
S214017690343023B3B1F5801F23D202210CF089FDCB
S2140176A00DF10F03104A21462846FEF70FFD03464B
S2140176B088B99DF80F20032A0DD003220092214697
S2140176C002462846FFF71AFA0446E86B0CF033FF29
S2140176D0204605B030BD054CF7E7054CF8E7054CEC
S2140176E0F6E7054CF4E700BF404301200BE000F04D
S2140176F009E000F007E000F00AE000F02DE9F043B1
S21401770046688EB3056898464FF0000CA946AE460B
S21401771055F83C40C4F3130701340CF1010C01D0B9
S214017720B94218D066450EF1080EF1D12F46002455
S21401773003E0A64207F1080713D055F834300133A9
S21401774004F10104F5D1C1F3130141EA0851C7E977
S2140177500012BDE8F08341EA0851CEE90012BDE807
S214017760F083B8F1030F03D101230372BDE8F08360
S214017770002303E09E4209F10809F5D055F833408D
S214017780C4F30754032C03F10103F3D1C1F313032C
S21401779043EA0853C9E90032BDE8F0832DE9F04316
S2140177A0476883B0CFB106468846914600243368C1
S2140177B053F83450C5F30752C5F31301013503EBF3
S2140177C0C403304604F1010405D05B68CDF800908F
S2140177D0C04710B17768BC42E9D303B0BDE8F08377
S2140177E073B5044622489DF81850012A00EAC111D3
S2140177F023F07C4007D9961E012E28D9073303F0C3
S2140178007F03194308E09DF81C30DB060A4303F0AA
S214017810C053134343F060410023C4E900108DF8C0
S2140178200730B5B1202221460DF107000DF07CF896
S2140178301A220DF10700211D0DF076F863689DF8F8
S214017840072043EA82636360082002B070BD1143DB
S214017850E2E71B220DF1070021460DF065F82368CB
S2140178609DF8072043EAC26323600420EDE700BFCA
S21401787080FFFF0738B5094B04461A680D460021FC
S2140178800EF02AF900234FF0FF322383C4E90025C6
S2140178902361A260E382A37638BD00BFCC9C0200C0
S2140178A00138C0B205289ABF014B185C0120704709
S2140178B038A802002DE9F0410E46596888B00746FF
S2140178C01546490A0024012922464FEA510104F1CE
S2140178D00104F8D8DC7899781B882403C90201F4DE
S2140178E0006104F480540C43C3F30A035203234497
S2140178F092B29C18284B03934FF0000825F078436A
S21401790002A90DF107001B2202938DF807800DF0E6
S2140179100BF89DF80720029B8DF80780ED4343EA9C
S214017920C26302A90DF1070025F078451B220493D6
S21401793002950CF0F9FF9DF80720029B6FEA0444BC
S21401794043EAC26305936FEA14444FF0FF3306938C
S2140179500794BB6907A9012206F110009847BB6985
S21401796005A90446012206F108009847BB6940456F
S21401797018BF044604A90122301D9847BB6940453B
S21401798018BF0446012203A930469847404508BF60
S214017990204608B0BDE8F08101009AB2034B186892
S2140179A0034B002808BF1846704700BF285A01201D
S2140179B040A80200F8B50D4610B900242046F8BDCF
S2140179C00E4F3E68002EF8D100F07CF804460028E1
S2140179D0F3D0386000F0C2F820460DF0BEF838B19A
S2140179E030463E6000F0BAF820460DF0B1F8E4E704
S2140179F0002DE3D02046A847E0E700BF2C5A01201F
S214017A00024B1868003818BF012070472C5A012015
S214017A10024B00215B680846184700BF0021002082
S214017A2010B50DF059FE044618B9034B01215B68E9
S214017A309847204610BD00BF0021002010B506F073
S214017A40B5F8044618B9034B01215B6898472046F0
S214017A5010BD00BF0021002010B50DF03EF9044610
S214017A6018B9034B01215B689847204610BD00BF3B
S214017A700021002010B50DF004F9044620B9034B8F
S214017A8001215B6808469847204610BD002100206A
S214017A9010B50DF003F920B9024BBDE810401B6884
S214017AA0184710BD00210020431E033306D8044B9F
S214017AB0984228BF1846642838BF6420704700BF24
S214017AC040420F00F8B5054609F0EAFA0F4B1E686A
S214017AD0074626B9384609F0E7FA344611E0B46895
S214017AE08CB194F810C01CF0010F0CD195E80F0072
S214017AF04CF0010C84E80F0084F810C0384609F0F9
S214017B00D3FA2046F8BD3668E3E700BFF820002028
S214017B1038B505460C4641B10B6833B11B680133D5
S214017B2003D0CB680BB18B684BB90DF076FBBDE883
S214017B3038404FF492724121002000F015BA0846F1
S214017B4001F05AFB0023044A85F8DC30C5E92343DB
S214017B50C2E9003338BD00BF5822002010B50446E4
S214017B6018B9054B054A136010BD04F051FFD4F84F
S214017B709830002BF6D1F4E7394B0200F4200020B0
S214017B80014B1868704700BF5822002010B50C46FC
S214017B9004F07CFF054B00215B68032098471CB16D
S214017BA006F0E2F80128FBD110BD00BF002100203D
S214017BB008B502460868FFF777FF08604868FFF7D0
S214017BC073FF48608868FFF76FFF8860C868FFF733
S214017BD06BFF0B69C860581C03D00B48834228BF53
S214017BE003460B614B69581C03D00748834228BFE4
S214017BF0034688694B61FFF757FFBDE80840886177
S214017C00104605F01DBE00BF40420F002DE9F84F9B
S214017C10D0F8903006460F4613B1038B8B4244D002
S214017C20D6F88CB0BBF1000F42D0DBF80830002B41
S214017C303ED0DBF80C1000293AD0D6F8A0A0BAF155
S214017C40000F38D04FF000094D46C84601E0DBF87A
S214017C50083005EBC50203EB82040135E389BB421C
S214017C6014D8238ABB42304610D3B4F91220B6F991
S214017C7024309342A04653DD96F8D010F2F726FF43
S214017C80337D834281464BD9DBF80C108D42DED31F
S214017C90B8F1000F3ED00023424619463046D04781
S214017CA03783C6F8908086F8D9900020BDE8F88F13
S214017CB00320BDE8F88FD1465446524647F6FF7575
S214017CC004EBC40803EB8808B8F80E30BB421BD897
S214017CD0B8F81030BB4217D3B8F91220AA4207D120
S214017CE04FF0FF093783C6F8908086F8D990DCE715
S214017CF096F8D0103046F2F7E9FE337D834281468E
S214017D004246EFD9DBF80C100134A14204D9DBF866
S214017D100830D5E70120C9E7002AFBD09046E1E705
S214017D20A046B8E72DE9F04782B0044689461646D4
S214017D3005F0DAFF3B4D08B100236B602B68D4F8E1
S214017D408CA0D4F890700BB153454BD04FF000087F
S214017D50C5F8089006F008F8012836D12B68DAF83D
S214017D6000103A6813B11868884246D020460DF0D4
S214017D708FFCC5E900A7D4F8A0508DF80760002D48
S214017D8042D000220DF1070311462046A84720469F
S214017D9005F07EF90546B8F1000F00D08EB1B5FAB0
S214017DA085F040F2DE324009332100F0DDF831463D
S214017DB0204605F003FC1C4B05461B683946204649
S214017DC09847284602B0BDE8F087012004F05EFE21
S214017DD0164B00215B680320984705F0C5FF012874
S214017DE0FBD1BBE76B68002BB0D0BB42AED1AB6812
S214017DF0994514D04FF00108AAE7696811B10968DE
S214017E009142B6D05968B1E7217D94F8D9309942AC
S214017E1028BF19463246204605F00EF9B7E7002579
S214017E20CFE700BF58220020F420002000210020C8
S214017E30F8B505460E4609F033F931460746284699
S214017E40FFF7E4FE044620B1384609F02DF9204636
S214017E50F8BD05F031FF224631462846FFF762FF9E
S214017E600446384609F020F92046F8BD084B10B400
S214017E70002A14BF14461C46064B1C6019B15DF857
S214017E80044B0CF091BE08465DF8044B704700BFEA
S214017E90394B0200F420002013B5044669460CF065
S214017EA065FF20460DF053FBFF28024606D09DF8DD
S214017EB000102046F2F7A2FE02B010BD0048FBE714
S214017EC00080FFFF2DE9FF4105460F4690460AB99F
S214017ED0D0F82C80414628460CF0AEFF18F0010F72
S214017EE002D0284602F0FCFE0DF008FA184B0446B4
S214017EF00FCB6E4686E80F0037B104AB03EB840365
S214017F0057F8242043F8102C18F4803F10D122464D
S214017F10314628460DF044F938B937B104AB03EBC6
S214017F20840353F8103C47F8243004B0BDE8F081D0
S214017F3004AB03EB8403224653F8103C013331466D
S214017F40284602D00DF03BF9E6E70CF0E6FDE3E744
S214017F5074A8020008B50B46024919400CF04EFF02
S214017F60002008BD0700110008B550B90548064BAA
S214017F7001601A60054B1A68054B1A601868E9F724
S214017F8085FF08BDFC200020345A01202C5A012010
S214017F90305A01202DE9F0411B4A8AB001AC054652
S214017FA00B4602F1200C274610685168264603C688
S214017FB0083262453446F7D1002B08BF3B461068AD
S214017FC03060002703F10C061C46384690B95FFA6C
S214017FD087F82188424628460DF0FFFB50B9E18814
S214017FE0424628460DF00AFC20B94246314628464C
S214017FF00DF016FC0137032F06F1080604F1020402
S214018000E4D10AB0BDE8F0818CA80200F0B589B0D1
S21401801005460E460DF01BFC044600BB06F10C0798
S2140180200FCF01AC0FC497E8070084E8070001A949
S2140180302846FFF7BDFD311D28460CF02FFF0446EC
S21401804048B90849284605F0BDFB044618B9284634
S21401805005F002FF044631682846FFF79BFF2046DD
S21401806009B0F0BD84A8020001490CF0A1BF00BF11
S21401807049DE010070B5164E0328337804460D46D6
S2140180801ED023FA04F202F00102AA421DD053B117
S2140180900122A24023EA0203A5402B43DBB2337040
S2140180A04BB1012070BD2DB10A4B01201B689847CA
S2140180B03378EDE73570074B00201B689847F0E7EB
S2140180C09A07DED003F0FC03E9E7002070BD00BF8D
S2140180D0B55D0120745A012038B504460D46FFF7F8
S2140180E08FFC60B105F00EFE48B9012D07D80120BE
S2140180F00DF04EFB0D4B1B6823B15B6898470C4B8C
S2140181001C7038BD0AF0AAFA0A4B1A68801A186061
S214018110F5F73EFC084B1B684FF47A7202FB003001
S2140181200CF044FF012005F0F5FDE8E72C5B01208B
S214018130DD2100206C5A0120705A0120F8B5124F3B
S21401814005460C4608F0ACFF3B78064633B1012DD8
S21401815004D01CB90D48F5F7B7FA3C7021462846FD
S214018160FFF788FF0A4B1B7804463BB93B782BB9CF
S2140181700DF0B0FA10B1074B1B689847304608F06F
S21401818093FF2046F8BD00BFB65D0120485A012086
S214018190B55D012000210020054A0B46117831B15A
S2140181A000211170034A1878526801211047704760
S2140181B0B65D012000210020124B0239012910B5BD
S2140181C018701ED8FFF71CFCD8B105F09BFDC0B196
S2140181D005F096FBA8B90C4B1C6834B12368984788
S2140181E0BDE8104000200DF0D3BA0CF0DDFE074BC1
S2140181F018600AF033FA064B1860204605F08AFD2F
S214018200EEE710BDDD2100202C5B0120705A012015
S2140182106C5A012038B5044680B108F041FF0121AF
S21401822004460846F4F7AEFE012108460A4A0AF05B
S214018230C1F92046BDE8384008F036BF08F030FFE7
S214018240214605460120F4F79DFE0120024A2146FB
S2140182500AF0B0F92846EDE7B0A80200F0B5324DB5
S21401826085B008F01DFF2B78044623B12F48F5F79B
S2140182702BFA00284AD1F5F71BFB02AA03A90DF039
S21401828013FA0346002832D00DF022FA029B9842D8
S2140182901ED10020264B03991B68264E994230704A
S2140182A021D9C91A00270123CDE900771F482B7071
S2140182B0214A33460AF0ACF900282FD11F4A137819
S2140182C0D90717D4204608F0EFFE002005B0F0BD10
S2140182D00DF0FCF9029B98421ED0154B154A1B68FF
S2140182E00393002010700121FFF7C4FEEAE7204641
S2140182F02B70E8E731780029E4D103F0FE03137010
S214018300002BDFD10E4B1B689847DBE7204608F0B1
S214018310CBFE032005B0F0BD0220BBE703232046B9
S2140183202F703370F3E700BFB65D0120485A012075
S214018330685A0120DC21002099810100B55D0120E9
S214018340745A012038B5134D08F0AAFE2B7804465E
S214018350C3B9114A11491370114B124A1A601248D7
S214018360124A5A60F4F73EFE11491248F4F73AFEF3
S214018370114B124A1A60124B1B68124B02221A60EA
S21401838001232B70AFF30080204608F08DFE0020FD
S21401839038BD00BFB75D0120B65D0120B8A8020058
S2140183A0002100205D820100385A01203D81010034
S2140183B0C0A80200405A0120745A0120158201000B
S2140183C000300E40685A01200D4BD3F8E020D2034E
S2140183D014D50C494FF48032C3F8E820C1F8EC20DC
S2140183E09A6BD1B2C2F3072299679A6704229A67F9
S2140183F000229A679A679A679A679A67704700BFDA
S2140184000010084000100846F8B50C4C0D461746FB
S214018410064608F045FE0123A36204232760666032
S214018420A560C4F8E830064B4FF48072C3F880218B
S21401843008F03AFE0DB10223A362F8BD0010084011
S21401844000E100E0054B1860054B01229A6540F6F5
S214018450FF72196358635A65704700BF7C5A012042
S214018460001008402DE9F04F042A83B0054639D99B
S2140184700B7883614B7883618B788361CB788361DA
S2140184800068D5F808B06E6800F0070001230630D2
S21401849003FA00F808F1FF3909EA0B07A2F1040A0A
S2140184A0A8EB0702924501F1040446F000560DD8E8
S2140184B0F019214652460DF048FA0AEB0B0248EA3B
S2140184C009031A40AA6003B0BDE8F08F2146F019EF
S2140184D001920DF03AFA019AA118AAEB0802304669
S2140184E03A44E8E7013A032AEDD8DFE802F00B0840
S2140184F0050211F8013B836111F8013BAB6111F8EC
S214018500013BAB610B78AB6103B0BDE8F08F00BFF8
S2140185102DE9F7433024444304F180440746884656
S214018520154604F501244FF00109266AC6F30C0628
S21401853086B1E368CDF80090AE4228BFAEB29BB2DA
S2140185403246414620460CF06DFDAD1BEDD103B021
S214018550BDE8F083002DFAD0034AFF000223BB409A
S214018560C2F8E430F3E700BF0010084038B50C4607
S214018570104B1546014668B10122C3F8B8200E48D3
S2140185802246FFF76FFF1DB10A4B0422C3F8B8203D
S214018590002038BD64B1D3F89C20A24284BF0122DA
S2140185A0C3F8B820C3F898400222C3F8B820EAE717
S2140185B00122FAE7001008409010084010B508F0B4
S2140185C06FFD184B184901229A65C3F888201A6670
S2140185D0164A5A660722C3F884200A8014490022E4
S2140185E00A804FF4A021C3F8E81003F1C0630446E3
S2140185F0C3F8EC100F4B1A600F4BD3F888305B02B0
S2140186000AD50E4B18680E4B4FF48002C3F888202B
S214018610416BA43002F05EF82046BDE8104008F039
S21401862043BD00BF00100840485D0120B023002074
S214018630465D0120785A0120004008402C5A01204E
S214018640004008440D4B07221A800D4B00221A8069
S2140186500C4B0121C3F8B810C3F890204FF4005218
S214018660C3F89400C3F8B420074BF0221A6403F150
S2140186700073A0221A64FFF7A1BF00BF485D012066
S214018680465D012000100840000008442DE9F04135
S214018690044688B1394E3A4F08F002FD3388394A0C
S2140186A003F07801032C054603F07F0C114453D1E7
S2140186B03C6824B908F0F8FC0320BDE8F08124F0FA
S2140186C00104386820F00100A0424AD100223A6035
S2140186D022886FEA42426FEA52428C42228036D1A9
S2140186E0294CDFF8B8C02788ACF180083A46083A2A
S2140186F092B201F10800604528BF4046082A04D915
S214018700B0F900E0BEF1000F36DB22803B440C8856
S21401871088781E499B1ADBB2C4F30C04CC6300F0C4
S21401872007003380CB66C1F88420FFF74DFE04288E
S2140187300DD1174BD3F88830164B1868164B4FF4EB
S2140187408002C3F88820416BA43001F0C3FF28469D
S21401875008F0AAFC0020B0E7601E012898BF0C466E
S214018760AFE7094862440088A21A48BF8032083839
S2140187709042ADDC28469DE70146B8E7465D0120FC
S214018780785A0120B0230020485D012000100840DF
S214018790004008402C5A01200040084430240020A4
S2140187A00E490F4B0A881B880E481344073B03F0FB
S2140187B0780303440832987892B20A8000F00700E2
S2140187C009490428C1F8842004D101F540514A68BA
S2140187D01203FCD4054A1360704700BF485D0120B0
S2140187E0465D0120B023002000100840785A012081
S2140187F010B5054C206828B1C30701D4FFF746FF22
S2140188000023236010BD00BF785A0120084B4FF4A7
S2140188108032C3F8EC2003F17C43C3F8E420D3F89C
S2140188208030C3F30C03782B01D8FFF7CDBD70471A
S214018830001008442DE9F84304460E4608F030FCC3
S214018840504B514D1A882D888146504802F07801C8
S214018850032C02F07F03014417D14D4C24688CB9D8
S2140188602A44073A02F0780284180344E31A48BF00
S2140188708033AB4210DB484608F016FC0024204645
S214018880BDE8F88324F00104EFE7012C02D0022CA6
S214018890EBD1083D0C46E8E7002E41D08C423D491D
S2140188A042D1D1F83C800A6B02F00702063201275A
S2140188B09740D1F88020C2F30C029A4247DDB4F902
S2140188C000302588002BD6DBA378C5F30C0503F012
S2140188D007037A1EA5EB08053A43052B337005EA14
S2140188E002052CD82DB2E84340F236420421C00FCF
S2140188F0FFF73AFB7580E378274A337412687B1ECC
S21401890003EA0803D118B160A9B213FA85F5BD428E
S21401891089BFFF1A0023B780F2609CBFB180F36065
S214018920484608F0C1FBAAE7A4F10802824238BF14
S21401893004F17802B2F80080C8F30C08B3E7174BCD
S214018940DB6C003B18BF0123A5EBC305CAE78B6BA5
S2140189507A1EA3EB08033A431A40114B15B25B6823
S2140189606AB9C3F30363D91E4B424B41DB00337034
S2140189700B4B7280D3F89030C3F30723BCE7082370
S214018980F5E700BF465D0120485D0120B0230020C9
S214018990785A0120001008407C5A01200000084047
S2140189A00040084000284CD00378112B49D9294BA8
S2140189B042781A7082785A70C2789A700279DA70A0
S2140189C042791A718279003A18BF01225A71C27926
S2140189D0003A18BF01229A71027A003A18BF0122A2
S2140189E0DA71427A1A721C4A002111700278172A2B
S2140189F018D9827C521A18BF01225A72C27C9A7206
S214018A00027DDA72B0F815209A81B0F81720DA8163
S214018A10427C1A740278182A8CBF427E00225A744D
S214018A2000207047827A003A18BF01225A72C27A31
S214018A309A72027BDA72B0F80D209A81B0F80F2094
S214018A40E5E7064AD2F83C311B0C1B04C2F83C3160
S214018A50012070474A5D0120B85D012000400840B2
S214018A600346032823D8DFE800F00213171B114A38
S214018A70137A012B02D15079A8B97047022B02D183
S214018A80907980B97047032B11D1D07958B97047C6
S214018A90084A507938B97047064A907918B970472C
S214018AA0044AD07920B1044A01201370704700208F
S214018AB0704700BF4A5D0120B85D012008B5034933
S214018AC00878FFF7CDFF087808BD00BFB85D012024
S214018AD0431C08D0044AD2F83C311B0C1B0480B25C
S214018AE00343C2F83C317047004008402DE9F0418D
S214018AF0FFF764FD3B4B3C4E1C683C4BDFF80C819A
S214018B001A6E3B4A1B6B15683A4F0121084640F224
S214018B102322FFF729FA384BD3F810212260D3F825
S214018B20F82062607269A260B26AE260B26C226189
S214018B30F26C6261B26FA261D8F88020E261D8F867
S214018B40182022627A686262D3F81821A262D3F8EA
S214018B501C21E262D3F820212263D3F82421626328
S214018B60D3F85021A263D8F8B820E263033525F084
S214018B7003059B6B2B60B3696B60D8F88430AB60E0
S214018B8001F0C8FFE860FB6F1C4C2B61D4F8BC3EBB
S214018B906B613B6AAB61002001F02EFA0023C8F836
S214018BA08430174B4FF40072C3F88820D4F8BC3ECB
S214018BB023F40063C4F8BC3E2023C8F81032114BDE
S214018BC001221A6403F580434022DA600E4BB26933
S214018BD01B7C1B0203F4706322F470621343B361BF
S214018BE0BDE8F081C8A802000070084000100840E7
S214018BF07C5A012000000840004008400010002177
S214018C0000400844000008464A5D01200060084014
S214018C1013B5044601F084FF104B1B6B400013F4A0
S214018C20801F0F4B14BF201A00190024CDE9000441
S214018C30186801F07BFF21468DF80600684601F0B2
S214018C40D1FF40B1074AD2F83C311B0C1B04C2F8D5
S214018C503C314FF0FF3002B010BD00BF003008407D
S214018C602C5A0120004008400C4B4FF4001210B55E
S214018C709A6103F17E430122094CC3F8F820636828
S214018C8013F0706FFBD1FFF799FC064B08221A60B0
S214018C906368C3F30363022BFAD110BD0060084674
S214018CA000400840004008460B4BFF2210B51A60F2
S214018CB008F0F6F90E210446032001F00DFC074BDF
S214018CC040F201225A62204608F0EEF9044A53683F
S214018CD013F0706FFBD110BD00400844000008403F
S214018CE0004008400A4A0B4B916A0B4043F0804310
S214018CF043F418439362084B4FF480025A61A3F57C
S214018D0040534FF40022C3F81021C3F8F8207047EF
S214018D1000700840FF01108000700846694A936C95
S214018D2023F47F5323F03F0343F4605343F03E03A1
S214018D3073B59364D36C644C644D654E1B0D1B0573
S214018D4043F4165343F03C03D364936F03F07F431D
S214018D5043F4DB0343F490639367936A23F0BF0302
S214018D6043F0A70393625B4B4FF480025A615A4B60
S214018D700022C3F8802003F180634FF4E0729A6109
S214018D8003F100734FF480729A61544A536823F0DA
S214018D90070343F005035360514A4FF40023C2F81A
S214018DA01031D4F8183123F0404343F08043C4F81F
S214018DB018314FF44043C2F81C31C5F81C31D4F8C1
S214018DC02011484B0B4043F4886343F00503C4F875
S214018DD02031D4F8243123F0370343F02003C4F8BC
S214018DE02431D4F8243123F4472323F4E06343F4F5
S214018DF0042343F4A063C4F824314FF4F873C2F893
S214018E0050310823C5F818314FF48033C5F81031B6
S214018E1014200CF068FAD4F8183123F47F5343F089
S214018E204003C4F818314FF40033C5F8103114204C
S214018E300CF059FAD4F81831334043F0807343F4F8
S214018E408043C4F8183114200CF04DFA4FF48023F7
S214018E50C5F8103114200CF046FA0923AB63224DF5
S214018E6014200CF040FA687CC8B101AA69460CF0DF
S214018E70F9F9D4F81831019A23F47F5343EA82139F
S214018E80C4F81831D4F81831334043EA8233009AD3
S214018E9043EA0263C4F8183114200CF024FA0E4A8F
S214018EA0A978D2F8B830C3F3160343EA016343F452
S214018EB000031420C2F8B83002B0BDE870400CF0D0
S214018EC012BA00BF00700840004008400040084643
S214018ED0FF3FC0E000700846006008400000084000
S214018EE00040084432F33FFF4A5D012010B50446B6
S214018EF0FFF7DAFEFFF7FAFD022C15D1114BD978F0
S214018F00104A2046537812780CF0D1FC431C0DD041
S214018F10FFF77EFE013009D0FFF7A6FE022C0BD12B
S214018F20FFF7E0FE002003E0032C02D04FF0FF30F5
S214018F3010BD044B1979E3E7032CF7D1FFF7EEFEDA
S214018F40F0E700BF4A5D01202DE9F84F0E2A0546DD
S214018F50BDF828701646184658D82E4BDFF8C4A020
S214018F60D3F83C41DFF8C08024F4FE4424F07F04AB
S214018F707F2994BF0C4344F07F047F2D28BF7F25B3
S214018F8044EA0524C3F83C410CF0ADF9224B4FF0FE
S214018F90010909FA06F9D3F800B000263546344629
S214018FA038460CF0A0F99AF80930ABB91B49D8F845
S214018FB03C202023CB63C8F83830012302F020027E
S214018FC0C8F84030D8F830309B06FBD52023CAB10C
S214018FD0134AC8F83830D3639AF80B30B34206D830
S214018FE04FF0FF31584601F0CFFA013504440136FF
S214018FF04E45D5D1002D08BF012594FBF5F000B2F2
S214019000BDE8F88FCB63C8F83830E5E747F6FF7060
S214019010F6E700BF004008402C5A012000700844C3
S214019020007008464A5D012000700840344B73B555
S2140190301C68344B1D68FFF737FE05F07BF8324B92
S2140190402268C3F810216268C3F8F8202F4AA16885
S2140190505161E1689162216991646169D164A16994
S21401906091672B49E069C1F88000206A8861294828
S214019070666A4660A06AC3F81801E06AC3F81C0174
S214019080206BC3F82001606BC3F82401A06BC3F802
S2140190905001033525F00305E06BC1F8B8002868D8
S2140190A098636B689361AB68C1F88430EB68009392
S2140190B0194B00241868019401F038FDAB698DF84E
S2140190C0060021466846ADF8043001F08BFD2B6999
S2140190D09B0702D0012000F08FFF104B6A69C3F88E
S2140190E0BC2EFFF76BFA0E4B01221A6403F5804380
S2140190F04022DA60074B4FF0FF329A6602B070BD2D
S214019100C8A802007C5A01200040084000700840B0
S21401911000600840000008402C5A01200010002181
S2140191200000084408B501F0F5FC30B1044BD3F853
S214019130C000431C00D080B208BD4FF0FF30FBE7F3
S2140191400081E00F2DE9F04104460E461746984689
S2140191500CF0B3F8012C05460FD0A31E012B06D840
S2140191602046FFF7C3FE013023D1FFF75FFF0CF067
S214019170A4F84FF0FF30BDE8F081FFF7D3FF0446B7
S214019180FFF71CFA0CF099F80F4B401B98423BBFB7
S2140191904FF6FE714FF47A730021B0FBF3F038BF3F
S2140191A00140631CE5D02046FFF792FC44EA0140EB
S2140191B0E1E7BDF818304246394630460BF0CFFF9E
S2140191C00446FFF733FFDDE718FCE70307B5FFF7B3
S2140191D075FCFF280AD0074AD38900939389927AAF
S2140191E00221FFF7AFFF03B05DF804FB4FF0FF303D
S2140191F0F9E700BF4A5D0120054BD3F8B400431CD4
S21401920014BFC0F380700120A6223121FEF7ACBE48
S2140192100081E00F034B1A689B8802608380002060
S214019220704700BFC02100200F4B0628D3F88831B5
S21401923004D183F40013C3F340507047022805D1CC
S21401924013F4400F0CBF01200020704750B9074AA5
S214019250D2F8D40010F0010005D083F48003C3F3E4
S214019260805070470020704700400E400081E00F9C
S2140192700C4A5288B2F5E16F94BFC8225A2210B543
S21401928094BF7824502490428CBF172210220A7073
S214019290054A0346107818B19C422CBF00200120D5
S2140192A010BD00BFC0210020E121002013B5234BD3
S2140192B01B780E2B04463ED00DF10701FFF7D8FFB1
S2140192C01E2C8CBF1E4C1F4C9DF807304FF0010220
S2140192D08CBF01210021C4F8082170B1194A4DF64E
S2140192E00174C2F804411B0202F1007243F44043C8
S2140192F0C2F80431144AA2F8D430134A134C92F837
S214019300D83023F00103034323F0020343EA410369
S214019310DBB282F8D83024786CB923F0040343EA30
S214019320800323F00803B2F8D440A2F8D64043EAFB
S214019330C10382F8D83002B010BD00BFC0210020A2
S2140193400040084600400844001F0021BB5D012084
S214019350084B094AD3F88831DB4303F4FE1343F480
S2140193600053B3FA83F30E33A3EB4313013B13709D
S214019370704700BF00400E40E021002002280CD0BC
S214019380062802D020B100207047054B1878704798
S214019390034B18780430C0B270470720704700BFEF
S2140193A0E02100202DE9F7433A4E3B4F96F8009016
S2140193B015463A4AD2F8C820B9F1020F0446884643
S2140193C007EA02071AD147EA006788F80000002377
S2140193D072882B60B2F5E16F94BFC8225A2227F437
S2140193E07F57944227F008079ABF380A00F47F5047
S2140193F043F6C870384303B0BDE8F083284A1278B4
S214019400904228BF144604EB83030B70F4B1013C71
S214019410E4B24FF030632B606A4601A920460BF098
S21401942021FFDDE9002347EA03671E4B98F8001089
S2140194301B7847EA823747F47F5747F008073BB95E
S2140194400029194B18BF4FF07F43C1E7164BE2E7DF
S214019450164B1748B9F1060F08BF03462AB900296B
S214019460114B18BF4FF07F43B2E7B2FA82F2C2F156
S2140194701F02D2B29B5CDBB239B15A1ED2B2FD2AB0
S21401948005D81B0643F00403A2E7074BA0E74FF0FD
S2140194907F439DE7C02100203F00C0E0001F002160
S2140194A0E0210020BC5D01200400000BB883E00F22
S2140194B0B083E00F2DE9F3410446C820FFF7F6FE1E
S2140194C02B4B2C4E18780E2801D0FF2C05D1FF24EB
S2140194D03470204602B0BDE8F08102282DD1072C59
S2140194E0204628BF072001284FF0000301AA0DF1EE
S2140194F0030138BF0120FFF755FF05461E4B1F4FDE
S214019500DDF80480C3F85881C7F8C8509DF80340B9
S21401951034702046FFF7CAFE194A4FEA082303F4BF
S214019520E063127843EA1863A7F8D030002AD0D156
S214019530C7F8CC50A7F8D230CBE7A0B9052C32BF7C
S214019540002701270420201A3B4601AA0DF103013A
S214019550C0B2FFF727FF4FF48003054637B1094A2B
S214019560C2F80831CAE700273846ECE7064AF7E7AB
S214019570C0210020E221002000400840001F0021F9
S214019580BB5D0120004008460040084408B501F0D4
S214019590E1FA094B094A002818BF1A46136823F452
S2140195A07F115B0803F4FE130B431360044B4FF06B
S2140195B00072DA6108BD00BF00410840184108404A
S2140195C00040084008B501F0C5FA064B4FF40012FA
S2140195D028B1C3F800214FF000621A6208BDC3F833
S2140195E01821F8E700400844014B1868704700BF8F
S2140195F0805A0120436C012B38BF01232DE9F04727
S2140196009A46464B464F9B69464E474D03F4E073D8
S214019610A3F5C07280464548514251410268524501
S214019620434A0FD114788C420CD198F8D0C03C78BC
S214019630A44507D198F815C03478A44502D1A88866
S214019640BDE8F087B3F5C07FC0F800A011704AD11D
S214019650D8F8944024B12368082B58D994F8384098
S2140196600F2120460BF0E0FDBAFA8AF3002852D00B
S214019670B0FA80F29B1A002BC6BFD840C3F10F097F
S2140196804FF00F09504501D909F1FF39234B20044A
S214019690C3F8BC0003F1806340F6FF72C3F8B8203C
S2140196A003F100734FEA0921C3F8B8100BF0EDFD82
S2140196B0A88000F08DFE09F01F094FF4FA7304FA32
S2140196C009F45C4341F66A03B0FBF3F00A23B4FBEA
S2140196D0F0F45C43174B1C6098F8D0303B7098F858
S2140196E015303370ABE798F8D030062B06D1124B05
S2140196F01B78002B0CBF9624C824B1E7022B08D098
S2140197000D4B1B78002B0CBFB424F024A8E70024D3
S214019710A6E73224A4E74FF00F09B7E70060084038
S214019720DF210020DE210020C021002008210020AA
S214019730BE5D0120805A0120BC5D0120FF290DD0AD
S2140197400F4B1048C3F850010B04090501F0F871DE
S21401975003F4E0230B430C49C1F85031FF2A0DD026
S214019760074B40F2F711C3F85011130103F4F873D5
S21401977002F007021343044AC2F850310020704732
S214019780004008440000F70100400846F8B5134BB6
S214019790134E1F68134D384601F0C8F93378C4B22A
S2140197A0A34201D12B78A3B1092C14D80E4B012C5E
S2140197B0195D05D10D4B1B78022B01D141F04001FB
S2140197C001F00F0238460909FFF7B8FF002334708D
S2140197D02B700020F8BD0024FA21F1E72C5A012055
S2140197E0BA5D0120B95D0120CCA80200C02100208D
S2140197F038B5044600F094FD142200212E480CF0E2
S2140198006BF92E4B25781A782D49521B18BF012269
S2140198100A7022681A60C820A2889A80FFF746FD5F
S214019820284BD3F8C820284BFF211970274B28490D
S214019830062D03EA0203274A1AD14FF4EE40C2F876
S21401984024014FF48A42C1F82421012243F08043C7
S214019850C1F820211B4AC2F8C8301E4B0322C3F8A8
S2140198605821FFF793FF1C4B01221A70002038BDC8
S214019870022D4FF007000ED1C2F80C010620C1F8E8
S2140198800C011649C2F808114FF4404143F0030396
S214019890C2F80411DEE7C2F80C010520C1F80C017C
S2140198A0C020C2F8080143F08043812243F004033C
S2140198B0C1F80821CEE700BFC81F0021C021002043
S2140198C0B95D0120001F0021E22100202800C0A070
S2140198D00040084600400844BD5D0120C10040002C
S2140198E0014B1870704700BFBC5D01202DE9F047A1
S2140198F02D4C2E4B236000F06BFD4FF4FA73074698
S2140199004FF47A76B0FBF6F629482A4A7343190EC5
S2140199101B02181841F10001002305F0DBFAA0F53F
S21401992080730546A36220B966222B21FEF71CFB35
S21401993001254FF47A726A434FF0000A53465008E5
S214019940310205F0C7FA1C4B19601C4BB7F57A7F3C
S2140199504FEA05688946044618604FEA152505D280
S21401996076222B215046FEF7FFFA01264FF47A7332
S214019970A8FB030103FB05117308C01841F10001A0
S2140199800023324605F0A6FA0D4B023419600D4B42
S21401999049F10009A408186044EA8974024B013CA5
S2140199A01C63BDE8F08700BF0050084002110100AB
S2140199B020A1070040420F00905A01208C5A012036
S2140199C0885A0120845A0120044B4FF00052C3F8F4
S2140199D080211A60024B01225A60704700E100E0C4
S2140199E000500840074B4FF00052C3F88021C3F8DF
S2140199F08020BFF34F8FBFF36F8F034B04225A6053
S214019A00704700BF00E100E00050084010B5044672
S214019A10A242A2EB0000A3EB010104D2034B1B6B95
S214019A2001331844013901F0030110BD005008400C
S214019A3038B502010A4B01259D500A4A4FF480733E
S214019A4083405366044607F02BFB074A1378A5406C
S214019A5023EA05031370BDE8384007F025BB00BFB5
S214019A600051084400500840BF5D01202DE9F04731
S214019A701546044688461E4607F012FB022D00F0E6
S214019A80B880074607F01BFB6C4B6D4AD3F818905D
S214019A9092F815A0DA6D5FFA8AFA520744BFD3F836
S214019AA018900AF1010A07F010FB664B664A1B681C
S214019AB011684FEA8A7CA3FB093213F1004301FBCC
S214019AC009CCD8F800304CEB020C012D04BF013351
S214019AD06344ACEB030C08BFC8F80030BCF1804F00
S214019AE00AF0030AC0F09880584AD2F800C0584AD3
S214019AF0D2F800E0514A23F04041106B4FF0004885
S214019B000022ECFB01820EFB012282424FEA937394
S214019B1081BF01330130121A03F00303A3EB0A03DA
S214019B20914588BF4549DFF848C184BF096B03F1F9
S214019B30FF3303F003030CF80430A2EB0900A3B1D2
S214019B40F10742BF434B41F61F71D966B30742BFC7
S214019B50404B4149D966710742BF384B002119670E
S214019B60330742BF354B00211965344B04F1100110
S214019B7003EB041E0901CEF80C2111225A50374975
S214019B809A694FF0010EA2EB090A0EFA04F8D3F80F
S214019B905C900A785FFA88F848EA020282450A7001
S214019BA026D34FF48072A24019EA020F20D11CF886
S214019BB0040000283FD10DB3F0071A6608D5254BDF
S214019BC0274941F61F7240F20110DA66C866DA6666
S214019BD0B10706D51F4B22491F4A2248DA66C866D6
S214019BE0DA66720742BF204B01229A60330719D406
S214019BF0384607F059FA0120BDE8F0871B482401D2
S214019C0040F804E05A6607F04BFA14490B7823EA49
S214019C1008030B7007F048FA384607F045FA0020AB
S214019C20BDE8F087212000F0B9FA044B4FF48032EA
S214019C305A603846DDE71A663846DAE700500840CB
S214019C40F85A0120845A0120885A01208C5A012092
S214019C50905A01200050084400001F1FBF5D0120DC
S214019C600050084600000101004008400051084429
S214019C70C05D0120024B1878003818BF01207047DC
S214019C80BF5D01201030034B0001185800F00100A1
S214019C90704700BF005008401030044B01F46001CB
S214019CA0000141F003011950704700BF0050084001
S214019CB038B507F004FA084B084A9D69547DDA6DF9
S214019CC0520748BF9D69E4B248BF013407F0FDF969
S214019CD0284604F0030138BD00500840F85A012018
S214019CE038B50B4B03EB001210300001D2F80C41D3
S214019CF01D58FFF7DDFFAB0706D5844200D90139B1
S214019D00204601F0030138BD844238BF0131F7E730
S214019D100050084070B5184CE66B26BB202000F0BA
S214019D203DFA164B10251D6002F010FC144B8022E4
S214019D30C3F8802101F002FD38B132460020082127
S214019D4002F08AFD0F4B65669D660F4A536803F065
S214019D507063B3F1807FF9D9074B0C4ADA6641F29A
S214019D6001421A6770BD01F0E9FC0028F4D0054AEB
S214019D70074B63669366EFE70050084000400846CD
S214019D8000E100E00050084600400840011B0118B1
S214019D901000000208B5212000F000FA024B4FF433
S214019DA080325A6008BD00BF0050084008B5222026
S214019DB000F0F4F9024B4FF480225A6008BD00BF50
S214019DC000500840064B1B68434303EB8171054B6B
S214019DD01B68A3FB003013F1004341EB0000704702
S214019DE0885A0120845A01200D4A10B5146820F0C3
S214019DF0404301464FF000420020E4FB0320094A9D
S214019E00126802FB0300084B1B6B98424FEA9171E4
S214019E1004D901330131C01A01F0030110BD00BF9E
S214019E208C5A0120905A012000500840F8B5064689
S214019E3003F068FF044608B1FFF7D4FD084D094F4B
S214019E4000232B6130466B61AB617B75FFF7CCFF5E
S214019E50C9B27975A8610CB1FFF7B6FD0020F8BD4F
S214019E6000500840F85A01202DE9F041224F0646DD
S214019E70386820F4700040F4A00038609DF81C405B
S214019E801D1E9DF818304FEA042444EA036444EA90
S214019E90021408BF002144EA05440C43FC64D7F8C9
S214019EA02C80B8F5803F40F2B5224FF018012CBF48
S214019EB000200120FEF758F8C7F83880CDB10F4BC7
S214019EC0B468D3F88030412C38BF41245B0606D5F0
S214019ED000F014FB18B10A4BB3FBF0F31C44204608
S214019EE0FFF782FF01308045034B3ABF0022DA6359
S214019EF0D863BDE8F08100BF0050084000700840FC
S214019F0000093D00F8B5184DAB691B04044626D57B
S214019F1000F0B0FBAB6913F0787FA0FB04464FEA74
S214019F209367C3F34450C3F3044505D140F25E4240
S214019F302B21FEF719F80120AD01B5FBF0F010EB6F
S214019F40871005D140F263422B21FEF70DF8012060
S214019F50024600232046314604F0BCFFF8BD00F05F
S214019F60CDFAA0FB0401F9E70070084030B50C4CAF
S214019F7002460120A0F12003C0F1200524FA05F5D0
S214019F8004FA03F32B4304FA00F595428B4100D300
S214019F9030BD0F2801D00130ECE7FF20F8E700BF05
S214019FA040420F0010B50C46FFF7ACFFC30943EA69
S214019FB04163C01A61EBD111FFF7D8FFFF2814D017
S214019FC00C4B0F22C3F8802003F1007340F0100001
S214019FD0C3F8800003F17A439B69DBB2802B06D07D
S214019FE02046BDE8104000F031BB012010BD022024
S214019FF0FCE700BF007008443B4B082270B5012106
S21401A0000546C3F8C8203948394CEEF7CFFE394B20
S21401A0101D702378013B012B0CD8237CE07B0122A9
S21401A0209A400C21302313FB001303F1884303F5F8
S21401A03020431A60304B00225A677DB92F4A4FF6EB
S21401A040FF71D16702F10072F821D1675D672C4B71
S21401A0504FF08042C3F89420002070BD636853B36C
S21401A06000F0B6F9626800EB5203B3FBF2F3013B72
S21401A0701B0243F0F80326782049224A022E1CD000
S21401A080032E1D484FF6FF7521D0012E27D143F030
S21401A0900203CD67D36707234367237CE07B012256
S21401A0A09A400C21302313FB001303F18C4303F574
S21401A0B020431A6011E0F823DDE743F001034FF671
S21401A0C0FF70C867D3670C4B05225A67E5E743F074
S21401A0D00503CD67D367012343670B4BB8E7CD670D
S21401A0E0D3670023F8E700BF00400E4600350A009C
S21401A0F0945A0120C55D0120000008400000084474
S21401A100004008440000084600400846F8B50646E8
S21401A11004460FCE1C4F3D460FC533682B601B4BC4
S21401A1201B480822C3F8C8200121EEF73FFE194A52
S21401A13000235367A37BE17A1B0443EA0123217AB8
S21401A1400B4393673B78032B1BD8DFE803F014021D
S21401A150080E617B207B00230422F0F7C3F8217CE4
S21401A160E07B00230422F0F7BDF8A17A607A012390
S21401A1700422F0F7B7F8084B1878BDE8F840FFF767
S21401A1803BBF0120F8BD00BF945A012000400E4697
S21401A19000350A0000000840C55D0120044BD3F8D5
S21401A1A09430002BBCBF034BC3F88000704700BF40
S21401A1B0004008400000084008B5064B06491A68EA
S21401A1C04FF0045092000BF0C0FBBDE8084000F0D1
S21401A1D0BDBF00BF10A9020014A9020070B50C682B
S21401A1E0651C15D0C4F302669E42C4F3074530D100
S21401A1F0A4B294422DD804EB8506B24229D2141B90
S21401A200A50824F003040E59340F04D0012C09D0FC
S21401A2100022012303E06B1C51F823200023026077
S21401A220037170BD0D4C34F8133042EA03431A68CB
S21401A2306B1C51F8234001EB830122404B685E40C2
S21401A24036F07044EAD11B0F032B04BF8B681A4308
S21401A250E4E7013501EB8501C1E700BFDEA8020096
S21401A26007B501A8F0F76AFB134B144AC3F844215B
S21401A27048F2E672C3F838214FF40862C3F8342175
S21401A2800F4AC3F8A0200F4A4AF63F41916002F5F3
S21401A29080424FF0C07191620022C3F8FC200A4A46
S21401A2A0C3F89C20094B7F225A6203F100732322D4
S21401A2B05A6203B05DF804FB00400840C0E6535103
S21401A2C07A27000F00300840806D63030030084491
S21401A2D00F4B002210B5C3F88820C3F88C20C3F8B2
S21401A2E090200C4A0121D1605A6812F0706FFBD1A0
S21401A2F04FF00452DA67012402F5FD52C3F880409C
S21401A3001A66054B1B689847044BDC6010BD00BFFE
S21401A31000400840004008460C2100200040084448
S21401A320034BFD22C3F8C8200122C3F8CC20704796
S21401A33000400E4638B5FFF7F3FF1B4B1B481C4C7D
S21401A3401C490222C3F8C8201B4B1A6842B102EA14
S21401A3500005A54204BF5D68156008338B42F4D141
S21401A360164B0222C3F8C820154B164AD3F83C11E7
S21401A3701160154AC3F8942000F08AFCFFF770FFBD
S21401A380124B0322C3F8D820A3F500530122C3F8C9
S21401A39094204FF46072DA604FF04072C3F8F820F0
S21401A3A0C3F8102138BD00BF00400E460000FFFF75
S21401A3B000000840B081E00F0080E00F00400E442E
S21401A3C000400840102100200048F00000600846C8
S21401A3D008B5EDF7CFFC044BD3F81031C3F30823CF
S21401A3E00133B0FBF3F008BD00400E4070B50446E3
S21401A3F018B1284D2268531C00D170BDC2F300630A
S21401A400110C35F8130011F0FE0F93B243EA004326
S21401A410606818D00434CAB2022A216808D9D4E97F
S21401A4200160033AC3E9001698600C340C33F3E775
S21401A43004D16268C3E900120834DBE7012AD9D1E6
S21401A44004341960D6E7120F072AF5D8DFE802F0C0
S21401A4500704090D1013181DC04303F1806318602B
S21401A460EAE71A6842401A60E6E703F1C063F6E7D6
S21401A4700AF039FFE0E70122824003F1C063F2E708
S21401A4800122824003F18063EDE71A6830EA020296
S21401A490FBD1D1E7DEA80200024B0122C3F89420CB
S21401A4A0704700BF00400846024B0122C3F89420C3
S21401A4B0704700BF00400844024B4022C3F8942076
S21401A4C0704700BF00400844024B4022C3F8942066
S21401A4D0704700BF00400846064B5B68C3F3036342
S21401A4E0984206D1044A936B23F0F00343EA011124
S21401A4F09163704700400840001F00211F4B1B68F6
S21401A500D3F8943070B52BB11A680A2A02D91C6C9C
S21401A510204670BD1A4DAA6D6B6DC2F34544C2F359
S21401A520CD010134C3F3441601FB0444C3F3822175
S21401A53003F01F0306FB01335C4302F00702114BD5
S21401A5409B5C5C43640004D0FFF742FF7043B0FBA2
S21401A550F4F4D5F8E430190505D513F0FF021CBF55
S21401A560E401B4FBF2F41A01D2D5C3F30A43002B7B
S21401A570CED0A402B4FBF3F4CAE700BF2C5A0120E4
S21401A58000600840D6A802002DE9F0470E460AF002
S21401A59094FEDFF8B090DFF8B0A08046002506F004
S21401A5A07FFDD9F80430C3F30363012B07460BD1B3
S21401A5B0711C1AD00AF081FEA0EB0805384606F099
S21401A5C073FDAE42EBD80DE0052BF1D00B2BEFD08F
S21401A5D0023B012B0CD9013602D00AF06EFE38463A
S21401A5E006F062FD1648BDE8F08706F05DFDD6E789
S21401A5F0DAF808301A04C3F389140FD4013602D0EE
S21401A6000AF05BFE384606F04FFD24B2A4F1C800FE
S21401A6106FF4FF739842B8BF1846E4E7731C03D083
S21401A6200AF04BFEA0EB08056FEA84546FEA9454D7
S21401A630384606F039FD14F5007FC2D0E6E700BFC4
S21401A64000FEFFFF004008400070084010F1800F38
S21401A65004D04D28DABF323040B27F20044BFF22AF
S21401A6609A6103F10073C0B298610020704700BF81
S21401A670007008440B4B0C499A6D70B502F0070246
S21401A6809E6D8C5C9D6DFFF7A3FEC6F3CD0606FBA3
S21401A6900444C5F3454505FB04448001B0FBF4F0D2
S21401A6A070BD00BF00600840D6A80200084910B57A
S21401A6B0D1F8703140B11C464A68D1F870319C42DD
S21401A6C0F9D1C2F30362027003F00F0010BD00BFA0
S21401A6D000400840094BD3F8883001F0800103F4AC
S21401A6E080030B4309D1064B4FF400129A61837F16
S21401A6F01BB1044B0122C3F8F82070470040084004
S21401A7000060084400600846144B197829BB144AB7
S21401A71090695860D2F880009860D26DDA60114A6C
S21401A72050681861506B5861D2F8A0009861D2F851
S21401A730A400D861906A1862D06A5862126B9A6255
S21401A740094AD2F8B820DA6201221A70074B084A81
S21401A750D3F8BC0E1060C3F8BC1E7047AC5A01207B
S21401A760006008400000084000400840001000213A
S21401A770A85A0120184B1A78002A2CD0174A596873
S21401A78091619968C2F88010D968D165A2F5C04276
S21401A79019695160596951639969C2F8A010D9695C
S21401A7A0C2F8A410196A9162596AD162996A116352
S21401A7B002F58042D96AC2F8B810094A012111642B
S21401A7C002F100721021D16700221A70054B1A6837
S21401A7D0054BC3F8BC2E7047AC5A012000600840F8
S21401A7E000000844A85A01200010002120B9144B8B
S21401A7F04FF47002C3F8B820124A936903F4E0716B
S21401A800C02913D003F0C003802B15D10E4B0F4A7D
S21401A810DA6503F17E433022DA650D4B05225A6074
S21401A8200C4A012313640C4A9360704723F4E073C7
S21401A83043F080039361E9E70023C2F88030E5E73F
S21401A8400040084400600840006008460F00FFFF13
S21401A850000008400000084600400840012801D0DA
S21401A860042823D1154BD3F8A02022F48042C3F844
S21401A870A020D3F8A42022F48042C3F8A420012209
S21401A8805A6324229A624FF48072DA624FF49C7201
S21401A8901A6303F180631022DA67084B05225A60B7
S21401A8A0074A01231364074A93607047064B3F2209
S21401A8B0DA6503F10073054ADA65EEE70000084041
S21401A8C00000084600400840006008441200FFFFF0
S21401A8D010B506F0E5FB084B1B6804463BB19847EC
S21401A8E028B1002200204FF4806100F061FD20466F
S21401A8F0BDE8104006F0D8BBDC5A01202DE9F04136
S21401A9001F4CDFF89080069F0646A2FB03502C19C9
S21401A91060F1000E9C46A0454FF0000373EB0E0E4F
S21401A92007D24FF4B4720E211846FDF71DFB022024
S21401A9301BE00029FBD0C6F3130601EB5C04B4FB55
S21401A940FCF4A4FB0646E40C44EA46340D4E34609F
S21401A9500D4C22600D4A914209D10D4AA5FB0253C6
S21401A96002FB00339B093B600020BDE8F081C40474
S21401A9700A46E80444EA553104F0ACFA3860F3E7D5
S21401A98000C9E876E05A0120E45A012000F04902A5
S21401A9900A3BB2DF0046C32338B5164D2B780C466A
S21401A9A023B9154B1B6D03F03F032B70134BD3F8E4
S21401A9B094305B051CD5124BB0FBF3F040F24D53BF
S21401A9C04343A3F546430C3B584300F5C91000F535
S21401A9D0556028B940F21B322B21FDF7C5FA01203C
S21401A9E02B78084A5343B3FBF0F30020236038BDAD
S21401A9F00220FCE7C95D0120003008400040084005
S21401AA0000366E018096980070B5374C374B256B33
S21401AA10374C1B682468ED024CBF1B191B1BB3F196
S21401AA20804F04D8002B3AD1324E1C460AE0B3FAC6
S21401AA3083F4314EC4F10204E340304DAB4201D9F8
S21401AA4001345B0803EB5605B5FBF6F52C4EB34215
S21401AA5034BF002601262403013D44EA86242C4304
S21401AA600C60D8B1B3FBF0F1642400FB11336343EF
S21401AA70984288BF01F1FF3148080138013907289B
S21401AA80204D214C4FEA510311D90021297006218E
S21401AA90C4F894101B0243EA0013136070BDB3FAA6
S21401AAA083F4D4F10204134EC6D50024C5E7102959
S21401AAB0EBD068B1012129700621C4F8941013491E
S21401AAC009780029E6D012490224C1F89440E1E74A
S21401AAD0012914BF0121002129704FF00601C4F895
S21401AAE09410ECD1D6E700BF00300840E45A0120AC
S21401AAF0E05A0120E0673500C0CF6A003FBE40251E
S21401AB00401B5F13C65D012000400844C75D01205D
S21401AB1000400846014B1868704700BFE45A012000
S21401AB20014B1868704700BFE05A0120084B5B6B69
S21401AB3003F00700C3F3C20213F0380F18BF5043E7
S21401AB40C3F3821213F4E07F18BF5043704700BF6F
S21401AB5000300840034BD3F8380180F01000C0F3F2
S21401AB600010704700400840174B4FF4002210B504
S21401AB70C3F89420154C164BB0F1804F88BF1C4685
S21401AB80144BDA6CD2071DD51B6F134A04F5F42457
S21401AB9004F59074B4FBF2F4033CE4B203F007034B
S21401ABA0A34202D02046EFF7A7FA0C4B1B784BB115
S21401ABB00B4B4FF47022C3F8942003F10073240466
S21401ABC0C3F8944010BD00BF00400846E06735005A
S21401ABD0C0CF6A0000300E4040420F00C85D012021
S21401ABE0004008447FB50446EDF702F91C4B0646C3
S21401ABF02C3358680093A37922683146FFF77EFE0E
S21401AC00054648BBA379012B14BF164916491022E5
S21401AC10C1F83821206815495843FFF7BDFE03AA3D
S21401AC2002A93046FFF7F0FE0F4A43F6FF53C2F87B
S21401AC30A4300C4B0299C3F8A4104FF4EE611163D3
S21401AC40039A1A632068FFF78FFF094BA2881A62DE
S21401AC5003F5405300229A63284604B070BD00BF36
S21401AC600030084000400846004008445030084084
S21401AC700000084008B5044B01221A70034B1868FF
S21401AC80FFF772FF002008BDC85D0120E45A0120CD
S21401AC90024B4FF48062C3F8942070470040084688
S21401ACA00D4BD3F80421D3F8B030D2B2FF2A03D02B
S21401ACB043F30743591C01D190221923074903EB9B
S21401ACC0D37302EB6302022381F84630232381F813
S21401ACD0472081F8453070470081E00F001F0021B2
S21401ACE0044A5368C3F30363022B04BF80239360B3
S21401ACF0002070470040084040B10368012B05D989
S21401AD000069034B002808BF184670470048704783
S21401AD10E4A8020038B5054614480C46FFF764F867
S21401AD202DB1C30103EB5503B3FBF5F32360104AC2
S21401AD305368D80217D40F4B1B68D2F8A810C3F378
S21401AD40810311F4806203F10103C9B218BFDA006E
S21401AD50FF2906D00649D1F8AC10490501D502EB0A
S21401AD60C302626038BD0022FBE700BF40420F000D
S21401AD700000084000200840084B1A68C117A2FBD3
S21401AD80000310F1807002FB013343F10003400E13
S21401AD9040EAC310803820EAE0707047EC5A012080
S21401ADA0174B072270B5C3F88420FFF711FB154B2C
S21401ADB0154A164EC408010B0546E005C01841F1B8
S21401ADC00001002304F086F8114B18604EF660204F
S21401ADD0FFF7D2FF4042C6F89C000E48FFF704F882
S21401ADE0024658B1E301500818184FEA15714FF0A2
S21401ADF0000341F1000104F06DF8706770BD00BFFB
S21401AE0000400840B2E60E0065CD1D00001F00217F
S21401AE10EC5A012040420F002DE9F843054608464A
S21401AE209846FFF769FF16460746002D00F0A980F1
S21401AE3018F0050F5DD02C69002C00F0A480FEF7F9
S21401AE40D3FB4FF47A735C43201A7B68A0F6AC50B0
S21401AE50C01AFFF791FFAC8B3062002C00F0968091
S21401AE60FEF7C2FB4FF47A735C43201A7B68A0F6A8
S21401AE70AC50C01AFFF780FF70614A4BEC68D3F8FC
S21401AE800090002C00F08580FEF7AEFB4FF47A733D
S21401AE905C43241A7B68A4F6AC54E41A3B68E41AB3
S21401AEA0414B1A68E117A2FB044314F1807402FBBC
S21401AEB0013343F10003640E44EAC314803C3B4B68
S21401AEC0B4613B4CD3F88430F36123684BB14846F8
S21401AED00AF080FC28B12368D9F848003246394682
S21401AEE09847AC69FEF780FB014620460AF05AFAFD
S21401AEF0F06218F0020F29D06B684FF47A7058434D
S21401AF005BB13B6803F51C5310331844AB7F002B31
S21401AF1046F2A81308BF00231844FFF72DFF6B69FC
S21401AF20B062002B38D078684FF47A7202FB0300C7
S21401AF30AB7FA0F50350002BA0F1100046F2A8133A
S21401AF4008BF0023C01AFFF717FF706218F0040F3E
S21401AF5017D0A86818B34FF47A735843A0F5035076
S21401AF601038FFF709FFF0602B684FF47A705843EA
S21401AF7023B13B6803F51C5310331844FFF7FCFE5E
S21401AF803061BDE8F8834CF2503062E74CF2503045
S21401AF9070E74CF2503483E747F23050D3E747F27C
S21401AFA03050DEE72C5A0120EC5A0120001F002108
S21401AFB0E85A012010B508461C460AF085F9094BE7
S21401AFC00246D3F8F800FFF797FE0368A018002B97
S21401AFD0054AA8BF4FF4FA721A44044B92FBF3F2E7
S21401AFE0104410BD001F00210CFEFFFF18FCFFFFE0
S21401AFF0094B10B50246D3F8F800FFF77DFE04466C
S21401B00010460AF061F963684FF47A7203F5FA7331
S21401B01093FBF2F3184410BD001F00212DE9F04FF9
S21401B020384C0A4685B00D46002181460AF054FD8B
S21401B030D4F8C83043F06C029A4204D00025284662
S21401B04005B0BDE8F08F304BDB68D907F6D4FCF7C6
S21401B05097FD0028F2D0D4F81061C6F30826002E1A
S21401B060ECD12A4C2A4BD3F81880D4F884300193BB
S21401B070284B4FF060529A6103F100734FF0006263
S21401B0809A612423C4F88430234B04221A604FF4B7
S21401B090804A4FF48053C4F868A0B3466362AB4558
S21401B0A012D31E4B04221A60184A019BC2F8843040
S21401B0B0184B4FF06051996108EA010318498B61FA
S21401B0C04FF480439366BAE7226E5204FCD5226899
S21401B0D0D305F9D5C4F868A00136D4F888200392C0
S21401B0E0012EDCD9A5EB0B07042FA8BF04273A468F
S21401B0F009EB0B0003A95F440AF027FC1FFA87FB44
S21401B100CDE700BF00400E40004008400000084068
S21401B11000600840006008440040084600400844BB
S21401B12000600846074BD3F8D8304FF604014FF6B7
S21401B13005029BB28B4208BF1346034A0120936562
S21401B140704700BF0081E00F0050084070B5194CF1
S21401B1500FCC86B001AD0FC5C822236816482B60F8
S21401B16000210AF0B9FC7C22002114480AF0B4FC44
S21401B170134B144AC3F8F020FFF792FD124B1B78CD
S21401B1802BB101AD0FCD0B4E0FC62B6823600F4BB5
S21401B1900F4AC3F8DC2F0F4AC3F8E02F0E4AC3F854
S21401B1A0E42F02F1957202F27112C3F8E82F06B08D
S21401B1B070BD00BFC81F0021381F0021BC1E002122
S21401B1C0001F00213F003700BD5D01200010002157
S21401B1D00200620209C805780708DC060A4B1978DE
S21401B1E001F0FF0229B10021197008499202C1F845
S21401B1F0A020597801F0FF0229B10021597093026D
S21401B200024AC2F8A4307047CA5D01200000084611
S21401B210074BD3F8E40E074BD3F88C301A0103D44E
S21401B220054B1B6E1B0401D500F58070704700BFEF
S21401B23000100021004008400000084008B505F055
S21401B2402FFF0F4B1A78B2B90E4A126812F4843FD8
S21401B25011D10D4A1021C2F894101B786BB9094B15
S21401B2601B68DB0509D4084B2022C3F89420BDE8EF
S21401B270084005F019BF054AECE7044BF4E700BFA8
S21401B280CE5D0120302400200040084400400846DE
S21401B29010B505F005FF0E2104460320FFF71CF943
S21401B2A0044B40F2012220465A62BDE8104005F0E8
S21401B2B0FBBE00BF00000840044B00221A70044B7E
S21401B2C0197811B11A70FFF7B9BF7047CD5D01202B
S21401B2D0CE5D012008B505F0E3FE244B4FF0805209
S21401B2E0C3F88020BFF34F8FBFF36F8F4FF4807288
S21401B2F0C3F88020BFF34F8FBFF36F8F0222C3F8CE
S21401B3008020BFF34F8FBFF36F8F1022C3F88020CA
S21401B310BFF34F8FBFF36F8F2022C3F88020BFF398
S21401B3204F8FBFF36F8F4FF00052C3F88020BFF3EB
S21401B3304F8FBFF36F8F8022C3F88020BFF34F8FEC
S21401B340BFF36F8F4022C3F88020BFF34F8FBFF348
S21401B3506F8F4FF00042C3F88020BFF34F8FBFF3CB
S21401B3606F8FBDE8084005F09FBE00BF00E100E01A
S21401B37008B505F095FE0D4B4FF080521A604FF45C
S21401B38080721A6002221A60002283F801231022BA
S21401B3901A6020221A604FF000521A6080221A604A
S21401B3A040221A60BDE8084005F07EBE00E100E0DC
S21401B3B070B5084C01232370074B1E68074BD3E971
S21401B3C0005332401940284001F046FA002323700A
S21401B3D070BD00BFCC5D0120F45A0120302400204E
S21401B3E02DE9F047DDF820A003EA0108099B06468F
S21401B3F00D4602EA000703EA0A09BAF1000F40F017
S21401B4004981031F0B4300F00F81052871F10003EA
S21401B41080F0E38050EA010300F05C81431E0B4399
S21401B42000F01D81FFF756FFAB4AD2E9004323EA3D
S21401B430050324EA06043C4343EA0807A74BA84D44
S21401B4401E68DFF8EC8226EA0A0646EA09061E604E
S21401B450C2E90047FFF7F2FE14F02A4F14BF48F284
S21401B46002034FF40043B0079E48C26E48BF43F440
S21401B470005383EA020122EA0302EA669A4A8166D7
S21401B4800B40D366C4F380421203210348BF42F443
S21401B4908072E30648BF42F40052A50648BF42F454
S21401B4A0007260069148924DD0F80C3248BF42F4C3
S21401B4B08062210648BF42F4006282EA030123EA61
S21401B4C00203C5F80C328B4BC0F808120A40C7F3CA
S21401B4D04025AD04C3F80C22E20448BF45F480358C
S21401B4E0A30348BF45F48015A00748BF45F40015DF
S21401B4F014F4001F06D0D8F800000AF0D6F908B9EF
S21401B50045F40025E1027C497C4848BF45F40035F6
S21401B510FA0648BF45F480050A6A730748BF45F036
S21401B520040585EA020323F001031A4002621D4066
S21401B530CB61734B73481D62734B744A16F0010F4F
S21401B54018BF1A46836E7D0748BF42F40012704D3D
S21401B55082EA030123EA0203AB666E4B41660A40A8
S21401B56000F500509A66C16B04F0010305F500551D
S21401B57081EA030221EA0301E96382631A40664B0A
S21401B580DA63D8F80020200248BF644B92F8E9201D
S21401B59058BF634B610748BF43F4806322B114F47C
S21401B5A0C06F18BF43F480735E485F4CD0F8EC1050
S21401B5B0320748BF43F0004383EA010222F4A02287
S21401B5C01140C4F8EC101340C0F8E820574ABDE813
S21401B5D0F047C2F8EC30FFF7CBBEA0F580630B4313
S21401B5E006D020F48063A3F500730B437FF41AAFF3
S21401B5F005F056FD3849D1E9003223EA060322EA6E
S21401B600050242EA08023B43C1E90032484A126891
S21401B61092F8E9200AB313F4C06F1ED0434B4FF4DF
S21401B6208072C3F8EC2014E005F03AFD2A4AD2E90C
S21401B630003123F004033B4341EA080157EA0807B7
S21401B640C2E9003114BF394A374A4FF48063C2F861
S21401B650EC30BDE8F04705F027BD334BDFE705F0DA
S21401B6601FFD1D4AD2E9003123F001033B4341EAA5
S21401B6700801C2E900312F4A57EA08074FF00103D3
S21401B68015BF93632C4902F1C062CB6314BFD36329
S21401B6909363DEE750EA01037FF4C4AEBAF1010F0B
S21401B6A07FF4C0AE05F0FCFC0C4A136823F00103DE
S21401B6B043EA09031360134A4FF48063B9F1000F9C
S21401B6C004D0536602F1C0629366C2E710498B66E6
S21401B6D05366BEE7BDE8F08730240020F45A012007
S21401B6E000000844000008400000084600600840CA
S21401B6F000600844006008460040084000400844D6
S21401B7000040084600500840041C50000418500031
S21401B7100050084400500846007008460D0A0A0901
S21401B720090A0A09001008400010084400100846DB
S21401B7302C5A01200070084000700844024B5868DB
S21401B740C0F3C000704700BF30240020024B1868C9
S21401B75000F00100704700BF30240020024B5868FB
S21401B760C0F3C030704700BF30240020034B1B6875
S21401B77013F4C06F14BF012000207047302400204E
S21401B78010B50446FEF7D6FDFFF7A4FD04F14C0004
S21401B790FCF758FFFEF79CFDFEF7A8F8FEF714F934
S21401B7A0FFF7FEFA1049114AD1F8F810072304F101
S21401B7B0A400FFF731FB4FF440010020FEF76CFABE
S21401B7C04FF400110120FEF767FAFFF7ABFC20B932
S21401B7D040F2E7221421FCF7C7FBFFF74BFABDE85E
S21401B7E010400120FEF708BC001F00216C1F00213D
S21401B7F0084B8022C3F8882003F17E430822C3F851
S21401B8008820054AD2F8BC3E23F02003C2F8BC3E8D
S21401B810704700BF004008460010002108B505F03B
S21401B8203FFCFFF7E5FF034B01229A60BDE80840A5
S21401B83005F03ABC00400840F0B583B00646144611
S21401B84002F060FA002800F09B80514BDD6815F08D
S21401B850060540F0958005F023FC23790095022B20
S21401B86007463ED1237B022B35D00320FEF70AFA8A
S21401B87018B9484B5B685B047FD5A37B257B46499B
S21401B880A2680192003B18BF0123012D0B705DD009
S21401B890424A434C002313702278002A61D13C4E61
S21401B8A00420FEF7C5F8F36E23F0F85323F4F813DB
S21401B8B043F0506343F48033F3662A46022301A91A
S21401B8C00420FEF7D3F8002852D0364B012130224F
S21401B8D02170C3F89420384605F0E6FB002003B03B
S21401B8E0F0BD0320FEF7CEF9002846D12279D6F81E
S21401B8F0AC30012A226838D0D51A254B2A4A009541
S21401B900DA6600221A67627B284B002A0CBF0122E6
S21401B91000221A70264B264AD3F8BC3E0CBF43F0D1
S21401B920200323F02003C2F8BC3E0320FEF780F874
S21401B930174B204ADA662279012369460320FEF76F
S21401B94095F8F8B11C4B01221A708BE72379022B6C
S21401B9509ED0009BD6F8AC100B44134400250193EF
S21401B96096E72370FFF76AFC99E79A42C5D3C3E7C7
S21401B9700320FEF75DF80C4BF366384605F094FBA2
S21401B9800320ACE7384605F08FFB0120A7E700BF90
S21401B9900050084000400840D05D0120CD5D0120E8
S21401B9A0CE5D01200040084600000101CF5D012068
S21401B9B000100021010C0100D15D0120F8B5194CE1
S21401B9C005462078B0FA80F040F206423E21400952
S21401B9D0FCF7CAFA55B96078B0FA80F0BDE8F840CD
S21401B9E040F206423E214009FCF7BEBA0E4F0F4D0B
S21401B9F0D7F8A0304FF44066C3F381232370C5F80F
S21401BA00A0606078B0FA80F040F206423E2140091C
S21401BA10FCF7AAFAD7F8A430C3F381236370C5F8FC
S21401BA20A460F8BDCA5D012000000840000008447B
S21401BA30F8B50B4C0B4DD4F888300B4F0423C5F8E2
S21401BA408830D4F888305B0300D4F8BD0426C7F8E4
S21401BA508860022009F047FCC5F88860F1E700BF5E
S21401BA600040084000400846004008441C4B70B5A2
S21401BA70D3F888601B4D03F18063A822C3F88820A1
S21401BA8010221A60184A194B93666B66FFF7A6FBDD
S21401BA90174B1B7813B90320FDF7CAFF00242C6748
S21401BAA0FFF7C6FF134A144BD2F8E41E0B40C2F848
S21401BAB0E43E124B0422C3F88820114BB206C3F8A9
S21401BAC0C44008D503F580739B6CB3F5817F22BF14
S21401BAD0034B80229A60BDE8704001F02FBF00BF83
S21401BAE00040084000500840005008441000000282
S21401BAF0D15D012000100021DF0000FF0040084456
S21401BB00001E002110B549B918B3144A53681B0E1C
S21401BB1013F00E0F1DD113689A061AD4FFF7B8FB5F
S21401BB200E4C0020FEF7C2FD032801D0092806D1DD
S21401BB30D4F88C30DB03F4D4636F0C2BF1D9FFF708
S21401BB4077FF074B0122DA6003F17E430422C3F834
S21401BB508820044B4FF4C0625A6210BD0040084072
S21401BB60004008460060084408B503210920FEF796
S21401BB70B3FC024B20229A6008BD00BF004008407B
S21401BB8038B5054605F08CFA0446FCF717FD35B1C5
S21401BB90FFF792FB2046BDE8384005F085BA084B12
S21401BBA01B78002BF6D0074B1D78002DF2D1FFF73E
S21401BBB083FB2A464FF480400021FFF7F9FBE9E7B3
S21401BBC0CD5D0120CC5D01202DE9F84F564B064690
S21401BBD0D3F888300D461446002A40F0A28013F0B0
S21401BBE0A00F14BF4FF001094FF00009DFF8548190
S21401BBF04E4F01F0A3FEA023C8F888300320FDF7BE
S21401BC0017FF0420FDF714FF4FF0000AFFF754FB5F
S21401BC10474BFB66C7F870A0FFF70AFF454BD3F802
S21401BC20BC2E42F02002C3F8BC2EFF22C8F800202A
S21401BC303D4A4FF480719160D3F8E42E3E494FF0AF
S21401BC40040B1140C3F8E41EC8F888B0C3F8C4AEAC
S21401BC50FB6813F0060F04D0FEF7A8F85846FDF768
S21401BC60E7FEB9F1000F08D0344B4FF40062C3F879
S21401BC708820334B4FF400425A6666B1304B5B6CFA
S21401BC80180701D4FFF704FBFFF76EFF0420FDF74A
S21401BC90CFFEFFF7A3FA244BDA68D1073FD55A68DF
S21401BCA012F0706FFBD1274B274AC3F88820274A2A
S21401BCB0936B23F0F003936315B12046FFF760FF03
S21401BCC0234BD3F8B4305A1C01D05B0002D51D4B70
S21401BCD00122DA601CB31A4BDA6E9A66124A136AAC
S21401BCE023F00103D3611B4BD3F80C22C3F80822BF
S21401BCF0A3F54053DA6F9A67A3F50053D3F8EC2007
S21401BD00C3F8E82003F5C043DA6B9A63A3F5005342
S21401BD10114A5A660B4B4FF60842C3F88820BDE815
S21401BD20F88F4FF0000961E70040084000500840D6
S21401BD300000010100100021DF0000FF004008465E
S21401BD40000008400040084410003000001F002199
S21401BD500081E00F006008405000F0029A4B196E17
S21401BD60DA6E2DE9F04F01EA0209C3F8689003F58F
S21401BD70805385B0D3F8E060D3F8EC201640C3F8C2
S21401BD80E86003F5A043D3F80012D3F80C2201EAC9
S21401BD90020AC3F808A2A3F5005359691A6A01EA10
S21401BDA002088A4A08EA0202DA61894BD3F80022BD
S21401BDB0910006D4D3F800319A00C3F3407740F1DE
S21401BDC0E18005F06DF9834BDA68DF6D12F0060F3E
S21401BDD09A6E07EA020727F4800222F4006214BF73
S21401BDE04FF0010B4FF0000B5A667B0704D57A4AD9
S21401BDF0537D0133DBB2537505F056F9B9F1000FE7
S21401BE0000F0DF8019F4004427D005F049F9014617
S21401BE10FFF7FEF96F4D0446AA69AB699A42FCD05A
S21401BE20AA699342FCD0FFF7F3F9A04240F0AC8038
S21401BE30084605F039F9694B1C60694BD3F8885000
S21401BE4015F4E05240F0A28024F07F4424F0DF0491
S21401BE500CB9FFF70BFE4FF0807419F0020F4FF08C
S21401BE60000516D05E4B5F49D3F8883003F4604274
S21401BE70C1F88820002A00F09E801D0400F19E80F3
S21401BE8013F4005F0CBF4FF000534FF000631C43E8
S21401BE900025C9F340394FEA4909534B3340002B7B
S21401BEA04AD016F4206F0AD040F60F020621002071
S21401BEB0FCF75AF80020FFF763FE26F48026F0050B
S21401BEC006D5484BFF221A6044F4C064FFF7E0F938
S21401BED016F0090F0AD040F6240208210020FCF7CC
S21401BEE043F8FFF741FE414B01229A6216F0106FAC
S21401BEF00CD040F62D0209210020FCF735F8FFF79B
S21401BF0033FE002211461046FCF730FB16F4202FB4
S21401BF100AD040F6350207210020FCF725F800205C
S21401BF20FFF72EFE26F48026F10301D5FCF76EFC02
S21401BF30002EB8BF49F0080972070DD52B4B5B6A76
S21401BF4013F4005F14BF2A4A2A4A4FF400531ABF5B
S21401BF50536244F400045362730548BF44F004047A
S21401BF6016F4802600F0AA80FCF71AFC0138062891
S21401BF7042D8DFE810F021012401210127012A011E
S21401BF802D012D01BB4639E7044645E70192FFF72F
S21401BF906DFD144B019AC3F8882015F4805307D120
S21401BFA015F4806F0CBF4FF080544FF0806454E757
S21401BFB04FF0804451E74FF0007368E74FF00043BD
S21401BFC065E74C464D4668E7000008400000F7FF6D
S21401BFD000E100E000500840F85A0120F05A012024
S21401BFE00040084000400844090B0B890010084037
S21401BFF0001008440010084640F66602032100209F
S21401C000FBF7B2FF7C4A136ED2F8800003F00703F9
S21401C0100633012101FA03F3C0F30C001B1A9BB28D
S21401C020072B13D9754BD3F8883058020ED47448B1
S21401C030136B126DC06C58B103F0070306339940B9
S21401C040C2F30C03C91A89B2072901D844F4007453
S21401C0506C4B1B78002B31D0674BD3F8E03013F4D0
S21401C060A02F2BD1684B694A1B7893B9FB0410D4D7
S21401C070137873B1E308664943EA457383F0010315
S21401C080D1F8E41E03F001035B0021FA03F39807DD
S21401C09014D10420FDF7CCFC5E4B5F49D966FFF74F
S21401C0A00BF95A4A13782BB95C4B5D4A1B6823403F
S21401C0B0134201D144F4804427F48057BAF1000FAB
S21401C0C01DD01AF4805F18BF44F480241AF4807FD0
S21401C0D018BF44F400241AF4005F18BF44F010049B
S21401C0E01AF4007F18BF44F020041AF4806F18BFBA
S21401C0F044F040041AF4006F18BF44F08004B8F10D
S21401C100000F3BD018F4802F18BF45F4007518F4C3
S21401C110803F18BF44F4805418F4801F18BF44F4BD
S21401C120003418F4001F18BF44F0020418F4003F4E
S21401C13018BF44F4801418F4800F18BF45F010059A
S21401C14018F4002F1AD0324BD3F8BC3E13F0C00FB0
S21401C15014D02A4B5A68C2F30362032A01D0072A75
S21401C16007D1D3F88C20D10603D4D3F89020120738
S21401C17031D54FF40022DA6128F40028002F00F0B0
S21401C1800D81380540F18180264ADFF888A0D378F2
S21401C190002B4DD0013B4FF40061DBB2CAF86410AE
S21401C1A0D37033B9204B1B78C3B1204B40F6014204
S21401C1B0DA660023002266E044F4803422E744F481
S21401C1C000641FE744F480641CE744F4807419E7B4
S21401C1D044F0080416E744F40014CFE7DAF87030A8
S21401C1E013F4A05F15BF4FF4807340F60143CAF8FD
S21401C1F05030CAF87030DCE70010084000400840B4
S21401C20000000840CE5D0120CD5D0120CF5D0120FC
S21401C21000100021005008400000010130240020D9
S21401C220088D0100C05D0120D15D01200050084647
S21401C2300320FDF7FDFBDAF80C30A848A84913F0F7
S21401C240060F02BFA74B41F61F72DA664FF4006372
S21401C250CAF86430DAF80C3013F0060308BFCAF8DF
S21401C2607030C38A13F4006260D023F40063C38283
S21401C2700B7803F0FF0A002B5CD1FDF797FDFFF763
S21401C280F5FB534620221C431543B9010BD52E203E
S21401C290FDF784FF934A4FF00073936602F17C42E8
S21401C2A045F008055366FA0608D52B20FDF776FFFC
S21401C2B08C4A1023936602F17C42536617F4E00F12
S21401C2C005D1FB045ED5BBF1000F00F0AC80B802CF
S21401C2D010D52920FDF762FFFFF730FA40B18249F9
S21401C2E0824A834B53668B6682494968490424D443
S21401C2F045F0040517F4800BDFF8F0A129D00420DF
S21401C300FDF796FB2720FDF749FFFFF7AFFB4FF43C
S21401C3108003CAF86430784BD3F8E42E50067CD4F8
S21401C320764B02221A6045F0020528E00B784FF49E
S21401C3300053A8E74FF400433CE76A4920208B6688
S21401C3405366FDF72BFF2D2045F00C05FDF726FF64
S21401C350D0E7FA024CD50420FDF76AFB2820FDF74A
S21401C3601DFFDAF87030002B3FD1FFF77FFB5D4AE7
S21401C3705F4B936602F17C4245F0010553665B4BC9
S21401C38000221A657B0509D55D4A9378002B00F0DB
S21401C3909880013B9370002349EA03094A462046E8
S21401C3A02946FFF705F80EB1FCF722FA18F4002F1C
S21401C3B000F08C804F4B4FF40022DA6118F0206FAA
S21401C3C000F0888018F0007F01D0FDF7DFF818F044
S21401C3D0006F01D0FDF7F6F8002200204FF400614F
S21401C3E005B0BDE8F04FFEF7E3BFCAF870B0BEE790
S21401C3F0FB04C4D50420FDF71BFB424BCAF86C3086
S21401C400FDF7D4FCDAF85C3013F4A00FB7D12A207C
S21401C410FDF7C4FEFFF72AFB7DE7D3F8BC3E99067D
S21401C42081D4394B7DE7364A13794BB1013BDBB2F8
S21401C430137113B92C4B354ADA6600231C43A1E766
S21401C4400420FDF7F5FA0320FDF7F2FA274B2D4AF3
S21401C450DA6604F025FE82460DF10F00FEF726F996
S21401C4602B4B1B7883460BB1FEF712FFBBF1030F74
S21401C4700ED1DFF880B00020FEF718F9032807D1A7
S21401C480DBF88C30DA03F6D4DBF874300C2BF2D9F7
S21401C4909DF80F30032B06D11E4B012250461A7011
S21401C4A004F002FEC9E71C4BD3F8E03013F4A02FCA
S21401C4B0F2D1FEF701FF504604F0F6FD4FF480433B
S21401C4C0BCE70220FDF7B4FA012365E7B8F1000FD7
S21401C4D07FF474AF05B0BDE8F08F00BFF85A0120B5
S21401C4E0D15D012000500844005008460050084025
S21401C4F010000002004008400010002100400844DF
S21401C500C05D012000000101004008460000010D49
S21401C510D05D0120CD5D012000100840014B024A8C
S21401C5201A60704720210020C1E20100014B1B6800
S21401C530184700BF20210020034A0123136202F19D
S21401C5407C42D361704700BF004008440B4B10B5D6
S21401C5505C691A6A1440A2B2DA61E20704D5586827
S21401C560C0F30360FFF7E8FF630706D5BDE8104098
S21401C570042200200021FEF71BBF10BD004008402A
S21401C5800C4A08B5136BD16B0B409363DB070FD5D1
S21401C590094B187840F6AC22122100F00100FBF797
S21401C5A0E3FCBDE80840002201200021FEF700BFA1
S21401C5B008BD00BF0070084030240020044BDA6F2D
S21401C5C0D207FCD41A6FD96F0A409A67704700BF2A
S21401C5D00030084070B50D46144604F061FD064B68
S21401C5E0D3F8BC6E74402C407440C3F8BC4E04F0C3
S21401C5F05BFD05EA060070BD00100021034BD3F871
S21401C600BC3E99430CBF012000207047001000215A
S21401C6102DE9F04117460A43012A9DF818409DF876
S21401C6201C60DDF820801D4629D8B44227D2082E8A
S21401C63025D8032B23D8B8F1000F20D00A460021B5
S21401C64001F0E4F8EB00FF219940DFF838C0C94358
S21401C65008F1FF38FF00E2B2964202D80020BDE89A
S21401C660F0813D190CEB850518F8010FD5F8EC2083
S21401C67098400A401043C5F8EC000134EBE701206E
S21401C680EDE700BF001E00210A4A5368C3F30363A7
S21401C690032B01D0072B0AD1D2F88C30DB0606D447
S21401C6A0D2F8900080F00800C0F3C0007047002068
S21401C6B0704700BF0040084009490A4AD1F8EC001B
S21401C6C010B504230124C2F8EC308C624FF40051FB
S21401C6D05162410744BF02F10072C2F8EC3010BD4E
S21401C6E000100840001008442DE9F7438E780F2EFD
S21401C6F080460C4603D9012003B0BDE8F08326B975
S21401C70001232E4A00201370F6E70D7891F8019068
S21401C710002D3BD1B9F1000FEDD194F90310E0885B
S21401C720FDF740FC0128E6D055EA0903A088244F0E
S21401C73032D1FDF759FB23498A6D4FF6040583B2C2
S21401C74092B24FF60500AA4208BF02463A80082573
S21401C750802201278F658A672A461A4903B1013B61
S21401C760013ECB62F6B200230193009601232946CF
S21401C77008F1A400FDF778FB1FB1134B4FF48012AC
S21401C780DA64124BA2681A600223BAE7082DB2D8FF
S21401C790B9F1080FAFD8C0E7FDF726FB3A884FF688
S21401C7A004039A421EBF07498A653B80A9454A464B
S21401C7B083B238BF2A460027CFE700BFD25D0120EB
S21401C7C0C62100200050084000500846145B012096
S21401C7D00C4BD0F8C42010B5C3F8C020027C044628
S21401C7E0120202F400624FF40061FFF7F3FE237CAD
S21401C7F013F0080F14BF044A044A4FF40073C2F83A
S21401C800883010BD001E0021004008460040084444
S21401C810431C07D0044B6FF0FF029A6103F10073CB
S21401C82010409861704700BF0070084400F018037C
S21401C830182B0AD003070AD410F0100040F2011397
S21401C84018BF1846034BD86470470020FAE701204A
S21401C850F8E700BF001F0021344B2DE9F7431E689F
S21401C86001F4007900F00103174653EA0902054670
S21401C8700C462ED04FF0000803B3002300220120FF
S21401C8800021CDE90088FEF7ABFD41463046FDF7B5
S21401C8907BFE414670830120FBF778F9716B06F148
S21401C8A0A400FDF717FF22490868FFF7B1FF4FF014
S21401C8B0FF330B60337C43F004033374B9F1000F8C
S21401C8C007D00121304608F0A5FA24F40074054388
S21401C8D00C43D6E93E232A40234052EA030103D003
S21401C8E01449304609688847FB070FD51249134A91
S21401C8F00868136800211160114A0121117003B103
S21401C9009847104B00215B680220984717F00E0FDE
S21401C91008D040F2F3123B21002003B0BDE8F043FB
S21401C920FBF722BB03B0BDE8F08300BF2C5A012001
S21401C9302421002028210020245B0120285B0120DF
S21401C940D55D01200021002070B50446D0B10E4E01
S21401C950007BD6E9372300280CBF10461846FEF7A1
S21401C96047FB0623A371237B2060054643B9D6F80F
S21401C970D8000130FEF73CFB2D1AA560002070BDE3
S21401C9800025FAE70120FAE7001E0021F7B5044664
S21401C990D4E93EC71046DDE908268CEA020587EA97
S21401C9A006010540194085EA0C057940C4E93E5167
S21401C9B023F4004106EA010320F00100002543F4B8
S21401C9C00073024043F00203CDE90055FEF708FD6F
S21401C9D0237C9A0717D5D4F8FC309B0513D54FF462
S21401C9E08811204608F016FA237C65F34103237468
S21401C9F0D4E93E2302400B4052EA030103D0034927
S21401CA00204609688847002003B0F0BD2821002091
S21401CA1038B10368044A002B08BF1346034A136063
S21401CA207047014BFAE700BFCD53020028210020D2
S21401CA30024B986B00F00F00704700BF001F0021EB
S21401CA400F2938B505460C460ED801F08DF9012898
S21401CA500CD1074A936B23F00F03234393632846B5
S21401CA6008F004FF002038BD0120FCE70220FAE7A9
S21401CA70001F0021014BD86B704700BF001F00212B
S21401CA80014B0020D9637047001F002103282DE9C0
S21401CA90F7434CD8274B13F80080274B1E5C274BD7
S21401CAA013F8009004F0FCFA0746FEF74FFE054621
S21401CAB040B10023CDE900330022002301200021EC
S21401CAC0FEF78EFCFEF74AFE48B10023CDE900339F
S21401CAD00022002300204FF40041FEF781FC26B31C
S21401CAE0174B5C6C04F00804164B31465C644046F8
S21401CAF0FFF708F84A4631464046FFF765F8124BFD
S21401CB005C6465B1114B1868416BA430FDF7E2FD1A
S21401CB100F490868FFF77CFE4FF0FF330B6038467D
S21401CB2003B0BDE8F04304F0BFBA3446DCE703B017
S21401CB30BDE8F083F4A80200F0A80200ECA8020009
S21401CB400000084000000844000008462C5A012056
S21401CB5024210020104AD2F8883013F0A00F16D1F5
S21401CB60D2F88C0010F0040013D10C4BD3F8E43E3D
S21401CB7023F07F4323F0FF035BB15368C3F30362E3
S21401CB80092A07D0B2F10C0018BF01207047002017
S21401CB9070470120704700BF004008400010002188
S21401CBA070B50D46064620B9194B1B68A3B1032084
S21401CBB011E001F0D9F8012828D1164B93F900406D
S21401CBC0C4F11C04641BC4F11C03002BB8BF5B42F8
S21401CBD0232B0CDD012070BD81EAE173A3EBE17329
S21401CBE0DBB2232BF6D80B4B19700020F3E7B57494
S21401CBF004F056FA084A5369E40223F4FF2304F4C6
S21401CC00FF241C43546104F04FFAEEE70220E2E7EA
S21401CC102C5A0120D35D01200070084008B5FFF7AB
S21401CC20D7FD04F03DFA074AD2F8BC3E23F02003B4
S21401CC30C2F8BC3E04F038FA034B02221A60002008
S21401CC4008BD00BF001000210040084690F8C23021
S21401CC5053B9074BDA69920208D49B6F13F4706FCD
S21401CC6014BF012000207047002070470120704744
S21401CC7000600840F8B5436B02EA010523EA0103A8
S21401CC802B434363344A01F00B030C4623EA0501A8
S21401CC90516402F100722B4061070646536411D5B8
S21401CCA00121FFF7D3FF68B1FEF7C2FE15F0040FAE
S21401CCB014BF2A4A2A4A4FF40073D361294B04222F
S21401CCC0C3F88820E20606D515F0100F264B14BFD0
S21401CCD000221B22DA6423061DD52F0616D51F4B0C
S21401CCE04FF400129A6103F17E430122C3F8F82043
S21401CCF004F0D6F90E2107460320FDF7EDFB1A4B8B
S21401CD0040F201225A62384604F0CEF9294606F16D
S21401CD10A400FDF7DFFCE00503D5E90516D5FDF710
S21401CD20C3FBA20503D5AB0513D5FDF7CDFB14F068
S21401CD30600F09D0D6F89410304608F048FB0B4B2C
S21401CD4098640B4B80229A600020F8BDFDF7A4FB87
S21401CD50E7E7FDF7B1FBEAE7000008440060084694
S21401CD60006008440040084400000840001F0021FD
S21401CD7000400840014B1868704700BF205B012047
S21401CD8037B5012300240022CDE9003400231046E4
S21401CD901946FEF725FB0220FCF74AFE054D064B19
S21401CDA021461C6002206B6898472B6803B0BDE8DB
S21401CDB03040184700210020285B01202DE9FF4163
S21401CDC0022903900C461546984605D1FFF7D8FF71
S21401CDD0002004B0BDE8F081194E04F061F9336813
S21401CDE007463BB1AB4205D004F05EF90023336041
S21401CDF00120EEE7134B3560C3F8008001230022C3
S21401CE00CDE90033002310461946FEF7E9FA0E4B2A
S21401CE10002502201D70FCF70BFE22462B4603A9B7
S21401CE200220FCF723FE094B039A1A60084B1B6885
S21401CE3004469847384604F037F9002CC8D1D5E7A0
S21401CE40285B0120245B0120D55D0120205B0120A9
S21401CE5000210020044BDB6D5B055ABF034B18789D
S21401CE60012000F00100704700500840D55D012008
S21401CE7010B50C4608F021FBA288D30080B1B3F5AB
S21401CE80803F0DD80749430901FB02332268000998
S21401CE90B3FBF0F3D21A05232260A371002010BD64
S21401CEA00220FCE720A1070070B50E4604F0F8F852
S21401CEB0054600F07DFF044620B1284604F0F4F84C
S21401CEC0204670BDFEF7B4FD114B3278D3F8E43E30
S21401CED0022A23F0F00316D0101F424242415200AC
S21401CEE043EA02137278022A0FD0111F4A424A41BE
S21401CEF0520043EA8213064AC2F8E43E054B042276
S21401CF00C3F88820D9E70122EAE70122F1E700BF4A
S21401CF10001000210040084470B50E4604F0C0F829
S21401CF20054600F05DFF044620B1284604F0BCF833
S21401CF30204670BDFEF77CFD104B3278D3F8E43EF8
S21401CF40022A23F00F0315D0101F4242424152001D
S21401CF5013437278022A0FD0111F4A424A415200E7
S21401CF6043EA8203054AC2F8E43E054B0422C3F8AD
S21401CF708820DAE70122EBE70122F1E70010002121
S21401CF8000400844F8B50E7890F8D0700446304654
S21401CF900D46FCF749F9002844D094F8D030B34246
S21401CFA008D1AA88636C9A4204D16A88B4F8D23050
S21401CFB09A4235D084F8D060AB88A4F8D4306B8818
S21401CFC0A4F8D230AB886364FF236375304608F05B
S21401CFD03BF904F1D00520752846FCF709FC10BB87
S21401CFE02846FCF717F9F0B9D4F8903053B194F805
S21401CFF0D010B94206D0B3F912202046EDF766FDEF
S21401D00084F8D9002046FCF7F5FA0949A4F8D400BB
S21401D010084AD1F8F810012304F1A400FDF7FCFE3C
S21401D0200020F8BD01200E2384F8D030F9E700BFB8
S21401D030001F00216C1F002170B5054690F8D00036
S21401D0400E280C461DD0FF291DD01AB10F4B4FF0EC
S21401D050FF321A6008F0F8F8064695F8D000FCF79B
S21401D0608DF9844228BF0446E4B2B44238BF344640
S21401D070E0B26875FCF71EFAA0F1FF03584258416A
S21401D08070BD0220FCE70120FAE700BF082100205E
S21401D090C36B012B01D10020704770B5364BD0F819
S21401D0A09060D3F8F830C0F8943086B03146058BDE
S21401D0B0044608F05EF9B3898DF80600D6E9012129
S21401D0C0EB1A9BB201FB032268460021ADF804303F
S21401D0D00092FDF787FD38B9284B228BDA63FCF7FF
S21401D0E055FB20B106B070BD022006B070BD227C93
S21401D0F060F34102227408F001F9D4F890305969BE
S21401D100431EDBB209680291FD2B02460BD9CD1CEA
S21401D11009D91B4B01311B680CD0D81C07D802A9B2
S21401D1202046029301E002A9204608F048F80020B4
S21401D13006B070BDD91C04D802A92046029308F097
S21401D1403EF8D4F8FC309B0504D4237C43F002035C
S21401D1502374ECE74FF48031204607F05BFED4E9F8
S21401D1603E2302400B4052EA0301E0D00549204627
S21401D17009688847DBE700BF001F00210030084030
S21401D180102100202821002038B505460C4641B163
S21401D19008F020FB28B14FF400312846FFF72EFA9D
S21401D1A004342046FCF720FE024B4042C3F8D40E5E
S21401D1B0002038BD0010002170B54C30814214BFEC
S21401D1C00C460024164603F06BFF0D494A684FF4DF
S21401D1D09C53C2F30362D340DA07054603D5D1F860
S21401D1E088309B030AD4204601223146FBF7BEF95C
S21401D1F00446284603F058FF204670BD0324F8E78E
S21401D2000040084010B503F04BFF0146FFF73CFA1B
S21401D21078B1094BD3F8884014F4003409D103F1EE
S21401D220C0632022C3F89020084603F03DFF204645
S21401D23010BD0224F8E700BF0040084010B58B7807
S21401D240012B02460C4600F28280C87801287ED85F
S21401D2500B78012B7BD84978052978D819B1012894
S21401D26075D105293DD0012B73D02068C2F8E8009E
S21401D2706378002B36D13849C1F88430374B4FF0EC
S21401D28060519961364B1B7813B1364B06211967ED
S21401D290354B4FF08051C3F89410516B02F1A40046
S21401D2A0FDF718FA314A4FF48073C2F8EC3002F1F8
S21401D2B07C42C2F8E830A378002B40D12C4B40F6D4
S21401D2C0FF725A62E378002B3CD1294B40F6FF727D
S21401D2D05A65284B60225A64234B4022C3F88820A3
S21401D2E0002010BD013BDBB2032BE4D8224A52F8E2
S21401D2F023301A4A4FF06051916102F1007243F4F3
S21401D30000139361144A0423C2F88430136F23F088
S21401D310060343F004031367184B4FF08052C3F81B
S21401D3209420FEF723FA0028C5D0114A4FF48073E3
S21401D330C2F8E83002F1C062C2F8EC30BBE7FFF792
S21401D340BBF9BFE7074B60225A640C4BC5E70120C7
S21401D350C7E71846C5E700BF00000840006008445C
S21401D360D45D012000000844004008440010084431
S21401D3700010084000000846F8A8020000400846D1
S21401D3802DE9F74F06461546084619B9012003B0A0
S21401D390BDE8F08F002AF9D0032904D80021FBF755
S21401D3A049FA0028F2D082780488037990F805B00B
S21401D3B0C788B0F90000002802F00701C0F2D1804A
S21401D3C0A1F1070CDCF1000040EB0C0005292873E5
S21401D3D08CBFC2F300100020C2F3801C6873900952
S21401D3E085F810C000F00200C2F3C00C40EA0C0041
S21401D3F0C2F340126874AA74AF820BB996F8CA30A9
S21401D400013BDBB2EB74736BD80600F196800639EC
S21401D410012900F29280544BDB6C544B5A6B1B6B08
S21401D42003F0070306334FF0010909FA03F909F17E
S21401D430FF39083C42F0005804EA0904002318F8B2
S21401D44004A0AB60013404EA0904631D03EA09037E
S21401D4505A1C02EA090218F8037018F80220BAF1F9
S21401D460800F47EA0227727C18BFAAF1320A3BB244
S21401D47014BF4FFA8AFA6FF07F0AC7F30B079AB305
S21401D4800020D6F89C300BB151469847631C03EA3E
S21401D4900903E87385F80EA018F80310013303EAB0
S21401D4A0090318F80320013303EA090341EA0221BC
S21401D4B018F80320013303EA090341EA024118F888
S21401D4C003006A7C002341EA00613046FDF772FDE5
S21401D4D02860737C042B03D1022FDCBF0130286047
S21401D4E00423AB71002052E7D90422D5D6F8942044
S21401D4F09AB11368022B10D992F82400FB0008B1E8
S21401D500B3FBF0F39B45BBD8002BB9D0CBEB0B207C
S21401D510B0FBF3F0C043C0B2B3E7304607F0CDFF2F
S21401D5200190304607F0B9FF019BB3FBF0F0C0B2A3
S21401D530E4E718F804004000EDE70023EB730C4B1A
S21401D540DA68C2F30723120448BF63F0FF035AB236
S21401D55012F1800F1CBF323B5AB20023AA732B6014
S21401D560BFE7022013E700BF000008400010084094
S21401D57000700840024B186DC0F30C00704700BFE6
S21401D5800010084070B50A4B0A4DD3F8EC604FF412
S21401D5908064C5F8EC400020FEF7F2FA4FF4005321
S21401D5A06B65730544BF044BC3F8EC4070BD00BF08
S21401D5B0001008400010084400100846F8B504465C
S21401D5C00E4641B9037C5A0641BF4FF6FF7261F31E
S21401D5D08613828303743C4BD4F894701B680BB19A
S21401D5E020469847394BA18BD3F8842012F4E05F8C
S21401D5F004BF2022C3F810224FF6FF73994204D0CD
S21401D600334B1B680BB120469847324DD4F8941023
S21401D6102A68914207D0204607F0D9FE2E4B98641F
S21401D6202E4B80209860974245D02D4B1B684BB1FE
S21401D6301FB13A68002A40D0BF683946204698474D
S21401D640D4F89410084607F0DAFE30B32549FDF702
S21401D65061FB07272046FBF7CDFF16B3224B94F953
S21401D660122093F900302149D4F89400C3F11C0329
S21401D6709B1A4A69DB0222F4FF2203F4FF231343B9
S21401D6801B4A4B611B4B286006211167204601226D
S21401D6901A7008F0EBF80020F8BD204603F0F5FA02
S21401D6A0D4E70D4B0F4AD3F8F81004F1A4003B461B
S21401D6B0FDF7B2FBD2E70127CCE7174639462046ED
S21401D6C09847D4F89410BDE7305B0120006008400D
S21401D6D01C5B0120105B0120001F00210040084058
S21401D6E0185B01206C1F0021D35D012000700840EB
S21401D6F000000844D45D012002484822002108F0B9
S21401D700EBB900BFE81E0021002373B583746423C0
S21401D710C0E92C33C0E92E334FF0FF35C0F8AC30EA
S21401D720A0F8C0300E264FF6FF73C0E9075580F803
S21401D730D06045648582837504461120EBF7FEFBB5
S21401D740042834D11B4B5B6813F4403F2FD120468D
S21401D750FEF716F82046FFF7CFFF94F91210204681
S21401D760FFF71EFA144A6023536402F5805240F60E
S21401D770FF7151625165114A5364114B4022C3F83F
S21401D7808820626B29462046FFF774FA002240F291
S21401D790022310461946CDE90066FDF721FEFBF788
S21401D7A0D7FD204602B0BDE87040E9F7CBBE0220A7
S21401D7B002B070BD00300E40000008400000084670
S21401D7C00040084410B50C46FFF796FFBCB1A3789D
S21401D7D0082B16D8E278082A13D843EA021313F066
S21401D7E0FF03094A14BF61681946C2F8E810217898
S21401D7F082F82C11617882F82D1182F82F310020E1
S21401D80010BD0120FCE700BF001E0021012A10B553
S21401D81012D8032B10D803EB8202084C0123934045
S21401D82094F82E01DBB221B1034384F82E31002097
S21401D83010BD20EA0303F8E70120F9E7001E0021E6
S21401D84070B50C68B0F8D4208D680346013404BF67
S21401D850D3F8AC400C604C68013404BFD3F8B84030
S21401D8604C606E1C00F1A40038D1D3F8B440CE68E9
S21401D8708C60751C38D1D3F8B0500E69CD60013676
S21401D88004BFD3F8A4600E614E69013604BFD3F815
S21401D890A8604E618E69013604BFD3F8BC608E6104
S21401D8A08E693EB34132B24238BF32460E688A6153
S21401D8B0C3F8B4404C68C3E92E420A69C3F8A420F1
S21401D8C04A690D49C3F8A820C3E92B650B4AD1F86C
S21401D8D0F8100723FDF7A0FA002070BD02F14104FD
S21401D8E0AC4238BF2C46C2E702F16405B54238BFE8
S21401D8F03546C2E76422D9E7001F00216C1F0021CC
S21401D90070B503F0CDFB0C4E054600F02DFA01284C
S21401D91004D0284603F0C8FB022070BD736813F0DC
S21401D920706FC3F30364F0D1F36BDB06EDD52846C5
S21401D93003F0BAFB2046F0E70040084038B503F094
S21401D940AFFB0B4A13884FF6FF718B4203D103F0EE
S21401D950ABFB032038BD074C074DE56504F10074A9
S21401D9601B04E365118003F09FFB0020F2E700BF74
S21401D970C8210020006008440000FFFF2DE9F341A4
S21401D98005460F461446FFF7E5F880B1DFF8188222
S21401D990D8F80C30DE0740F1EA8003F081FB06463A
S21401D9A00320FCF76FF938B1304603F07DFB022601
S21401D9B0304602B0BDE8F081D8F80C3013F0060FFF
S21401D9C0F2D1304603F070FB6A4B4FF400612846F3
S21401D9D0D3F8E48ED3F8C46EFEF710FE40B1664B62
S21401D9E04FF400720121C3F888200846FAF7CEF8F2
S21401D9F039462846FAF71CFA5E4BC3F8C46EC3F8DC
S21401DA00E48E06460028D3D12B7CD80601D4002C00
S21401DA1066D0C4F34000FDF7D1FF14F4807F14BF35
S21401DA20564A554A4FF002031BBFC2F88830544A83
S21401DA30C2F8883000211CBFD16093624D4BD3F8E9
S21401DA40BC7EFDF7F5FF4F4A14F0040F07EA020308
S21401DA504FF480616BD04C489342C16106D14B4A6A
S21401DA6092F8D03043F0020382F8D030424B0422C1
S21401DA7014F0400FC3F8882014BF454A454A402396
S21401DA802046C2F88030FEF7D1FE284607F096FD04
S21401DA9040B114F0010F14BF384A374A4FF480736F
S21401DAA0C2F88830A1064CD56B8C4FF6FF729342B4
S21401DAB00FD0394A3949D26D100CC2F301120880D1
S21401DAC001323749B3FBF2F32F4A3648C8651B04C7
S21401DAD0D3652B7C003C18BF012464F304132B741C
S21401DAE0284607F077FEF0B1284607F067FDD0B16B
S21401DAF04FF400312846FEF781FD431C9BB20322FA
S21401DB001F4801A907F0C2FA9DF8042002F0070396
S21401DB10052B9DF805301DD1120715D443F48073EB
S21401DB201A4AC2F8CC30002007F07AFB40E71C48BE
S21401DB309342C1619AD1154A92F8D03023F002037C
S21401DB4092E7FFF7FBFEC4E713F0040F09D19DF837
S21401DB500630E3E703F03002202A05D113F0010F67
S21401DB60F4E74FF48073DBE79DF80630D8E7032629
S21401DB701EE700BF00100021004008440040084690
S21401DB80001008408000004000600846001E00218A
S21401DB90007008460070084400600840C821002054
S21401DBA0006008440000FFFF005008402DE9F341E3
S21401DBB00646884615461F4603F072FA04460320B9
S21401DBC0FCF760F838B1204603F06EFA03242046CD
S21401DBD002B0BDE8F0810420FCF754F80028F2D129
S21401DBE0204603F061FA2A4641463046FFF7C6FE54
S21401DBF004460028EBD1DFF8BC80002F38D088F827
S21401DC00000039463046FEF76FFD002845D198F8EA
S21401DC100030012B29D0224B2022C3F88820214B2B
S21401DC209B6CB3F5817F2BD2012007F05CFB03F0E0
S21401DC3037FA1D4B1B68019306464BB10420FBF7D0
S21401DC40F7FE0023012201A90420FBF70FFF00B312
S21401DC50FCF760F82B0617D5144B00221A67FCF761
S21401DC6099F8304603F020FAB1E7FDF7D7FDAEE7A5
S21401DC7098F80030012BF8D0002BCCD10124A6E770
S21401DC800B4B80229A60CFE7FCF784F8FDF7B0FDD6
S21401DC90E7E7FDF7EBFE0124E3E7044697E700BF5D
S21401DCA000400846001F0021145B01200050084078
S21401DCB000400840D25D012008B5094BD3F8B430C6
S21401DCC05A1C0BD05B0009D40320FEF7DFFE054B80
S21401DCD04FF08062C3F894200122DA6008BD00BFCD
S21401DCE00081E00F00400846054BD3F8880003F199
S21401DCF080634FF40022C3F88820C0F3C040704709
S21401DD0000400840024BD86800F00100704700BF91
S21401DD1000500840084BDA68D10707D508B9FBF769
S21401DD2061BEDB68DA0706D4FBF74EBEDB68DB07AD
S21401DD3001D40028F8D1704700500840084A4FF037
S21401DD40807330B1936602F1C062D3660123D36556
S21401DD50704704490120C865CB669366704700BFCB
S21401DD6000000840000008440F4B5B68C3F30363E0
S21401DD70013B0B2B0FD8DFE803F006060C06060660
S21401DD8006080A0808080220704704207047052084
S21401DD90704703207047054BDB6813F0060F0CBF76
S21401DDA001200420704700BF004008400050084092
S21401DDB00A4A5368C3F303630B2B08D06FF49050E1
S21401DDC0184100F0010080F0010040007047D2F8D1
S21401DDD0880010F48030ECD1704700BF0040084046
S21401DDE00C4A5368C3F30363062B07D8042BD8B237
S21401DDF00CD8C31E5842584140007047072B07D124
S21401DE00D2F8440110F00050EBD170470220704761
S21401DE1000207047004008400A4A5368C3F3036372
S21401DE20032B01D0072B0AD1D2F88C30DB0606D49F
S21401DE30D2F8900080F00800C0F3C00070470020C0
S21401DE40704700BF00400840024B0022196807F0E7
S21401DE50A0BC00BFCCC3020010B5FF224FF6FF7175
S21401DE60044607F0BAFC68B9FF224FF6FF71204658
S21401DE7007F0C4FC30B920460349BDE81040FF2234
S21401DE8007F0CEBC10BD00BF08A9020010B55B07A5
S21401DE9043EA02439DF80820520543EAC16302F0B3
S21401DEA0BC621A43084942F4C8720446FEF792FB64
S21401DEB0064B1B680BB120469847002211462046A8
S21401DEC0FFF77AF9002010BD9007E12D345B0120A1
S21401DED008B507F07FFC20B1024B586D003818BF1B
S21401DEE0012008BD0000084038B50546FFF7F0FFE1
S21401DEF0044628B103494FF480322846FEF76AFBF0
S21401DF00204638BD1001010008B5114BD3F8BC3EC0
S21401DF101A061AD50F4A134217D0FFF7E5FFA0B12C
S21401DF200D4B0E495A6B91F8D03002F44062B2F5AF
S21401DF30806F0CBF43F0010303F0FE0381F8D0307D
S21401DF400120BDE80840FFF7F9BE0020F9E700BF51
S21401DF50001000210000024000000840001E0021C1
S21401DF602DE9F04104460F461546FFF7FDFE012850
S21401DF7006465FD1F80717D52F4B5B6815F00108E9
S21401DF8003F007033CD0022B37D92046FEF772FD7B
S21401DF9040F080012046FEF773FD4FF400324FF447
S21401DFA000312046FEF716FBB9071AD515F0020810
S21401DFB032D0224B1A6E02B35A6EF2B1DB699A0561
S21401DFC01BD54FF0804211462046FEF703FB7B0728
S21401DFD007D515F0040210D14FF000412046FEF798
S21401DFE0F9FA174B174A1A60FEF798FA164B174AB2
S21401DFF01A602046FFF788FF00263046BDE8F0810C
S21401E000022BFAD82046FEF735FD20F08001204687
S21401E010FEF736FD4246C2E742464FF080412046B3
S21401E020FEF7D8FA0A49204607F06AF9024B42463B
S21401E0305863D1E70226E0E7000008400060084088
S21401E040305B012009DF0100345B0120E9DE0100BD
S21401E0503400084008B5FFF7DFFEA8B10B4B5A693C
S21401E060110311D5D3F8882092030DD4D3F890303C
S21401E07013F0100F4FF0100304D1054AC2F8903088
S21401E080002008BD034AF9E70220FAE700400840ED
S21401E090004008460040084438B5044608B3134A11
S21401E0A053691B031FD5D2F88C50114BC5F381154C
S21401E0B0032DB3F8C8300ED1083B9BB208220D4899
S21401E0C0214606F0E3FF094B2572D3F890301B0A70
S21401E0D06372002038BD022D05D1023B9BB22A4651
S21401E0E0EDE70120F6E70220F4E700BF0040084014
S21401E0F0001E002130100840064AD2F8C03043F016
S21401E1004073C2F8C030044B4FF08062C3F814214C
S21401E110704700BF0040084000400846044A0423F8
S21401E120C2F8BC3002F10072C2F8C430704700BFBA
S21401E13000400844074B084AC3F8C0200122C3F830
S21401E140C4204FF08062C3F814210422C3F8C4200F
S21401E150704700BF00400844CA07800002381628EE
S21401E1609ABF024B185C0020704700BFB4C3020080
S21401E1702DE9F047344F354D4FF00108C7F8C480FC
S21401E180D5F8C04024F47E0424F0300444F4680436
S21401E19044F03004C5F8C0402D4C06460846D4F875
S21401E1A034A09946FFF7DAFF2AF47C1A4AEA0040BF
S21401E1B06063D5F8C01021F4FF3121F4807141EA83
S21401E1C0C92141EA0222C5F8C020A36D23F07F03CE
S21401E1D03343A3651F4B4A22C3F8C02080254FF462
S21401E1E00002C3F8C480C3F8C050C3F8C0201A4A5E
S21401E1F01021D1650822C7F8C020184AC3F8C020EC
S21401E2004FF47A7007F06FF84FF4807265606260C1
S21401E21023681905FCD423685B04F7D40D4B082248
S21401E220C3F8C0200E4B1022DA65084A402363600B
S21401E230D2F8C03023F4000323F0040343F40003B0
S21401E240C2F8C030BDE8F0870040084400400840EE
S21401E25000300840004008460030084604008000B0
S21401E2600030084410F0080F0A4B0AD141F20E7232
S21401E2701A604FF0FF321A61074A9A6101229A60CA
S21401E280704741F204721A6000221A6148F208428D
S21401E290F3E700BF002008402083B8ED064B1022AC
S21401E2A05A63064A92F8D020D2074CBF4FF48062D8
S21401E2B04FF440625A63704700000846001E002172
S21401E2C070B5704D2B6EE96E1940CB0101F07F449D
S21401E2D04AD56D4BD3F8BC3E1E0642D56B4A134257
S21401E2E03FD06B48066E426E6D6D03F08043002D85
S21401E2F000F085809BB90AB1964224D1614B5B6BD5
S21401E30013F4406F00F089805E4B44F20D02DA652B
S21401E310604A4FF0007393661A44D36621E003689F
S21401E320D8066FD4002A6DD096426BD05A4A92F81E
S21401E330D13023F0010382F8D130564B4FF44362BB
S21401E3405A63FFF7ABFF4F4B48F20522DA6503F13C
S21401E35080634FF090529A6603F100734FF080523B
S21401E360DA66484B02225A62CA0001F0007513D5DC
S21401E370454B444AD3F8BC6ED36BD2F8901003EBEE
S21401E380810303F100534349588C4FF08053CB6609
S21401E390C30747D5002E63DA002D2DD03A4B3D4EEC
S21401E3A0D3F8BC1E374BD3F88C504FF00072F26690
S21401E3B0EA0762D4354A114261D0A8B2FFF752FF8C
S21401E3C0354A92F8D130072003F0FD0382F8D130A8
S21401E3D07063E8060AD511F0804F304914BF032058
S21401E3E0012043F00203486382F8D130254B40F206
S21401E3F00C425A620122DA65264B9C6670BD002BE0
S21401E4003FF47CAF244A92F8D13043F0010382F8FE
S21401E410D130204B4FF443625A63204B4FF4406295
S21401E4205A6371E7194B1E421AD0FFF71BFF1A4AAF
S21401E43007234B6392F8D130C60603F0FD0382F83A
S21401E440D13006D51549032043F00203486382F80C
S21401E450D1300C4B40F214425A620122DA659BE736
S21401E46014235362002D99D109210320FCF734F8B7
S21401E470044B40F201225A62BEE70029BCDB0C22A3
S21401E4805A62F1E700000840001000210000024037
S21401E4900060084000000844001E002100000846F5
S21401E4A02DE9F74FDFF8ECB08146DBF800A00F4608
S21401E4B0FBF7FEFB4FF0FF35CDE9000100202C46AF
S21401E4C0064606F110031B015BF8033003F0030850
S21401E4D0B8F1010F15D13046FBF702FC02460B4698
S21401E4E0DDE90001FBF792FADBF85C3006F1080281
S21401E4F0D340DB0737D5002F3ED000253E602C46A3
S21401E50040460136052EDCD150B3224F396B01311E
S21401E510A4FB014164190AF4403341F10001B3F54B
S21401E520003F4FF000022FD1FB6A0AF4405A013334
S21401E53042F10006BAF5805F21D1BD6A15F58075F6
S21401E54042F100026E4303FB0266A5FB033232442E
S21401E550594304FB0212A3FB04341444C9E90034F2
S21401E56003B0BDE8F08FA84271EB0403C8D207B12F
S21401E5703E6005460C46C3E73D463C46C0E73202D0
S21401E58042EA13621B02E3E7BB6A13F5807342F1AA
S21401E5900002DDE70050084081F0004102E000BFC4
S21401E5A083F0004330B54FEA41044FEA430594EA4D
S21401E5B0050F08BF90EA020F1FBF54EA000C55EA88
S21401E5C0020C7FEA645C7FEA655C00F0E2804FEA59
S21401E5D05454D4EB5555B8BF6D420CDD2C4480EA3B
S21401E5E0020281EA030382EA000083EA010180EA6B
S21401E5F0020281EA0303362D88BF30BD11F0004FB9
S21401E6004FEA01314FF4801C4CEA113102D04042EE
S21401E61061EB410113F0004F4FEA03334CEA133329
S21401E62002D0524263EB430394EA050F00F0A78041
S21401E630A4F10104D5F1200E0DDB02FA0EFC22FA3C
S21401E64005F2801841F1000103FA0EF2801843FA30
S21401E65005F359410EE0A5F120050EF1200E012A21
S21401E66003FA0EFC28BF4CF0020C43FA05F3C0185F
S21401E67051EBE37101F0004507D54FF0000EDCF1D8
S21401E680000C7EEB00006EEB0101B1F5801F1BD381
S21401E690B1F5001F0CD349085FEA30004FEA3C0C85
S21401E6A004F101044FEA445212F5800F80F09A807B
S21401E6B0BCF1004F08BF5FEA500C50F1000041EB7F
S21401E6C0045141EA050130BD5FEA4C0C404141EB83
S21401E6D00101013C28BFB1F5801FE9D291F0000F7E
S21401E6E004BF01460020B1FA81F308BF2033A3F12D
S21401E6F00B03B3F120020CDA0C3208DD02F1140C24
S21401E700C2F10C0201FA0CF021FA02F10CE002F15E
S21401E7101402D8BFC2F1200C01FA02F120FA0CFC57
S21401E720DCBF41EA0C019040E41AA2BF01EB0451A0
S21401E730294330BD6FEA04041F3C1CDA0C340EDC9E
S21401E74004F11404C4F1200220FA04F001FA02F3E1
S21401E75040EA030021FA04F345EA030130BDC4F19F
S21401E7600C04C4F1200220FA02F001FA04F340EA94
S21401E7700300294630BD21FA04F0294630BD94F045
S21401E780000F83F4801306BF81F480110134013D2C
S21401E7904EE77FEA645C18BF7FEA655C29D094EA9D
S21401E7A0050F08BF90EA020F05D054EA000C04BF1B
S21401E7B01946104630BD91EA030F1EBF0021002006
S21401E7C030BD5FEA545C05D14000494128BF41F0A5
S21401E7D0004130BD14F580043CBF01F5801130BD09
S21401E7E001F0004545F0FE4141F470014FF0000094
S21401E7F030BD7FEA645C1ABF194610467FEA655C45
S21401E8001CBF0B46024650EA013406BF52EA0335E6
S21401E81091EA030F41F4002130BD00BF90F0000FD4
S21401E82004BF0021704730B54FF4806404F1320410
S21401E8304FF000054FF0000150E700BF90F0000FC9
S21401E84004BF0021704730B54FF4806404F13204F0
S21401E85010F0004548BF40424FF000013EE700BFC0
S21401E86042004FEAE2014FEA31014FEA02701FBF50
S21401E87012F07F4393F07F4F81F06051704732F082
S21401E8807F4208BF704793F07F4F04BF41F40021D9
S21401E890704730B54FF4607401F0004521F0004137
S21401E8A01CE700BF50EA010208BF704730B54FF0C1
S21401E8B000050AE050EA010208BF704730B511F0C2
S21401E8C0004502D5404261EB41014FF4806404F1FA
S21401E8D032045FEA915C3FF4D8AE4FF003025FEA80
S21401E8E0DC0C18BF03325FEADC0C18BF033202EB04
S21401E8F0DC02C2F1200300FA03FC20FA02F001FA5E
S21401E90003FE40EA0E0021FA02F11444BDE600BF00
S21401E91070B54FF0FF0C4CF4E06C1CEA11541DBFAF
S21401E9201CEA135594EA0C0F95EA0C0F00F0DEF87A
S21401E9302C4481EA030621EA4C5123EA4C5350EA5F
S21401E940013518BF52EA033541F4801143F48013B0
S21401E95038D0A0FB02CE4FF00005E1FB02E506F041
S21401E9600042E0FB03E54FF00006E1FB03569CF096
S21401E970000F18BF4EF0010EA4F1FF04B6F5007F9C
S21401E98064F5407404D25FEA4E0E6D4146EB06060E
S21401E99042EAC62141EA55514FEAC52040EA5E5097
S21401E9A04FEACE2EB4F1FD0C88BFBCF5E06F1ED841
S21401E9B0BEF1004F08BF5FEA500E50F1000041EB78
S21401E9C0045170BD06F0004646EA010140EA020025
S21401E9D081EA0301B4EB5C04C2BFD4EB0C0541EA47
S21401E9E0045170BD41F480114FF0000E013C00F35C
S21401E9F0AB8014F1360FDEBF002001F0004170BD80
S21401EA00C4F10004203C35DA0C341BDC04F1140498
S21401EA10C4F1200500FA05F320FA04F001FA05F224
S21401EA2040EA020001F0004221F0004110EBD370F1
S21401EA3021FA04F642EB06015EEA430E08BF20EA1D
S21401EA40D37070BDC4F10C04C4F1200500FA04F3C0
S21401EA5020FA05F001FA04F240EA020001F0004152
S21401EA6010EBD37041F100015EEA430E08BF20EAC5
S21401EA70D37070BDC4F1200500FA05F24EEA020E0D
S21401EA8020FA04F301FA05F243EA020321FA04F03C
S21401EA9001F0004121FA04F220EA020000EBD370F3
S21401EAA05EEA430E08BF20EAD37070BD94F0000FF3
S21401EAB00FD101F00046400041EB010111F4801F27
S21401EAC008BF013CF7D041EA060195F0000F18BFD8
S21401EAD0704703F00046520043EB030313F4801F14
S21401EAE008BF013DF7D043EA0603704794EA0C0FCE
S21401EAF00CEA135518BF95EA0C0F0CD050EA4106E4
S21401EB0018BF52EA4306D1D181EA030101F0004160
S21401EB104FF0000070BD50EA410606BF1046194688
S21401EB2052EA430619D094EA0C0F02D150EA013694
S21401EB3013D195EA0C0F05D152EA03361CBF1046D5
S21401EB4019460AD181EA030101F0004141F0FE4174
S21401EB5041F470014FF0000070BD41F0FE4141F4F8
S21401EB60780170BD70B54FF0FF0C4CF4E06C1CEAF8
S21401EB7011541DBF1CEA135594EA0C0F95EA0C0FAD
S21401EB8000F0A7F8A4EB050481EA030E52EA033568
S21401EB904FEA013100F088804FEA03334FF0805589
S21401EBA045EA131343EA12634FEA022245EA1115B6
S21401EBB045EA10654FEA00260EF000419D4208BF67
S21401EBC0964244F1FD0404F5407402D25B084FEA14
S21401EBD03202B61A65EB03055B084FEA32024FF4C0
S21401EBE080104FF4002CB6EB020E75EB030E22BF1D
S21401EBF0B61A754640EA0C005B084FEA3202B6EBDD
S21401EC00020E75EB030E22BFB61A754640EA5C008B
S21401EC105B084FEA3202B6EB020E75EB030E22BF1B
S21401EC20B61A754640EA9C005B084FEA3202B6EB1C
S21401EC30020E75EB030E22BFB61A754640EADC00DB
S21401EC4055EA060E18D04FEA051545EA16754FEA3D
S21401EC5006164FEAC30343EA52734FEAC2025FEA5B
S21401EC601C1CC0D111F4801F0BD141EA00014FF0EA
S21401EC7000004FF0004CB6E711F4801F04BF0143BB
S21401EC800020B4F1FD0C88BFBCF5E06F3FF6AFAED7
S21401EC90B5EB030C04BFB6EB020C5FEA500C50F167
S21401ECA0000041EB045170BD0EF0004E4EEA1131EA
S21401ECB014EB5C04C2BFD4EB0C0541EA045170BDF1
S21401ECC041F480114FF0000E013C90E645EA060E35
S21401ECD08DE60CEA135594EA0C0F08BF95EA0C0F63
S21401ECE03FF43BAF94EA0C0F0AD150EA01347FF4AB
S21401ECF034AF95EA0C0F7FF425AF104619462CE782
S21401ED0095EA0C0F06D152EA03353FF4FDAE1046E4
S21401ED10194622E750EA410618BF52EA43067FF435
S21401ED20C5AE50EA41047FF40DAF52EA43057FF4C5
S21401ED30EBAE12E74FF0FF3C06E000BF4FF0010CD0
S21401ED4002E000BF4FF0010C4DF804CD4FEA410C34
S21401ED507FEA6C5C4FEA430C18BF7FEA6C5C1BD001
S21401ED6001B050EA410C0CBF52EA430C91EA030F82
S21401ED7002BF90EA020F0020704710F1000F91EADF
S21401ED80030F58BF994208BF90422CBFD8176FEAAD
S21401ED90E37040F0010070474FEA410C7FEA6C5C7B
S21401EDA002D150EA013C07D14FEA430C7FEA6C5C82
S21401EDB0D6D152EA033CD3D05DF8040B704700BFAE
S21401EDC08446104662468C461946634600E000BFFC
S21401EDD001B5FFF7B7FF002848BF10F1000F01BDCE
S21401EDE04DF808EDFFF7F4FF0CBF012000205DF899
S21401EDF008FB00BF4DF808EDFFF7EAFF34BF01201E
S21401EE0000205DF808FB00BF4DF808EDFFF7E0FFB6
S21401EE1094BF012000205DF808FB00BF4DF808ED07
S21401EE20FFF7CEFF94BF012000205DF808FB00BF6E
S21401EE304DF808EDFFF7C4FF34BF012000205DF850
S21401EE4008FB00BF4FEA410212F5001215D211D598
S21401EE506FF47873B3EB625212D94FEAC12343F0D1
S21401EE60004343EA505311F0004F23FA02F018BF53
S21401EE70404270474FF00000704750EA013005D11C
S21401EE8011F0004008BF6FF0004070474FF00000DF
S21401EE90704700BF4A0011D212F5001211D20DD5EB
S21401EEA06FF47873B3EB62520ED44FEAC12343F08A
S21401EEB0004343EA505323FA02F070474FF0000034
S21401EEC0704750EA013002D14FF0FF3070474FF0E3
S21401EED00000704753B94AB9002908BF00281CBF73
S21401EEE04FF0FF314FF0FF3000F06AB9ADF1080C7A
S21401EEF06DE904CE00F006F8DDF804E0DDE9022352
S21401EF0004B070472DE9F047089D0C46002B4ED102
S21401EF1094468C458646B2FA82F262D94AB1C2F16B
S21401EF202003914020FA03F30CFA02FC194300FA7D
S21401EF3002FE4FEA1C471FFA8CF6B1FBF7F44FEAC4
S21401EF401E4307FB141143EA014304FB06F19942F1
S21401EF500AD91CEB030304F1FF3080F013819942B8
S21401EF6040F21081023C6344591A1FFA8EF3B1FB3A
S21401EF70F7F007FB101143EA014300FB06F69E4239
S21401EF800AD91CEB030300F1FF3180F0FD809E429D
S21401EF9040F2FA80634402389B1B40EA0440002199
S21401EFA01DB1D3400022C5E90032BDE8F0878B428F
S21401EFB005D90DB1C5E9000100210846F5E7B3FA08
S21401EFC083F1002946D1A34202D39042C0F0F180DA
S21401EFD0861A64EB03030120002DE6D0C5E9006321
S21401EFE0E3E7002A40F09180A1EB0C044FEA1C48AD
S21401EFF01FFA8CF70121B4FBF8F64FEA1E4308FB13
S21401F000164443EA044307FB06F0984208D91CEB72
S21401F010030306F1FF3402D2984200F2CE80264660
S21401F0201C1A1FFA8EF3B4FBF8F008FB104443EAEF
S21401F030044300FB07F79F4208D91CEB030300F1CA
S21401F040FF3402D29F4200F2B1802046DB1B40EA29
S21401F0500640A5E7C1F120068B4022FA06F71F43BA
S21401F06020FA06FC04FA01F343EA0C03F44000FA22
S21401F07001F8380C4FEA1349B4FBF0FE1FFA87FC7F
S21401F08000FB1E4449EA04440EFB0CF9A14502FAB2
S21401F09001F20AD93C190EF1FF3A80F08580A145AC
S21401F0A040F28280AEF1020E3C44A4EB09041FFA42
S21401F0B083F9B4FBF0F300FB134449EA044403FB71
S21401F0C00CFCA44507D93C1903F1FF3068D2A445CE
S21401F0D066D9023B3C4443EA0E40A0FB0293A4EBF4
S21401F0E00C049C42CE469C4652D34FD055B1B8EB49
S21401F0F00E0364EB0C0404FA06F6CB40CC401E4328
S21401F100C5E900640021BDE8F087C2F1200320FABA
S21401F11003F10CFA02FC24FA03F394400C434FEA81
S21401F1201C4800FA02FE1FFA8CF7B3FBF8F008FB46
S21401F1301031230C43EA014300FB07F1994208D939
S21401F1401CEB030300F1FF362CD299422AD9023870
S21401F15063445B1AA4B2B3FBF8F108FB113344EA2B
S21401F160034401FB07F3A34208D91CEB040401F195
S21401F170FF3613D2A34211D902396444E41A41EA94
S21401F180004138E70446EFE6084605E7C845ADD234
S21401F190B9EB020E63EB070C0138A7E73146EDE742
S21401F1A0034698E73046D4E7D6467EE763440238FE
S21401F1B04CE70646234608460EE7023E63442FE721
S21401F1C0704700BF08B5064B044613B10021AFF3E4
S21401F1D00080044B1B6803B19847204602F04BFFA2
S21401F1E000000000785C0120242B2DE9F0478646BC
S21401F1F0904601D8012B06D100F024FC16230360AB
S21401F2000020BDE8F08736480D462A4615F8014B22
S21401F210065D16F00806F8D12D2C24D12C7801268F
S21401F220951C2BBB302C30D00A2306F1004C0CF178
S21401F230FF3C0022BCFBF3F9104603FB19CAA4F1FC
S21401F2403007092F28D83C46A34234DD571C07D087
S21401F25081452DD301D1A2452ADB00FB03400122C3
S21401F26015F8014BEBE72B2C04BF2C78951CD8E73F
S21401F270102BDAD1302CD8D12A7802F0DF02582AA6
S21401F280D3D16C7810230235CFE72B7803F0DF0358
S21401F290582BF6D00823C8E7A4F14107192F01D847
S21401F2A0373CD1E7A4F16107192F04D8573CCBE7C7
S21401F2B04FF0FF32D4E7531C08D12223CEF800309A
S21401F2C06046B8F1000F9CD0691E06E006B14042C8
S21401F2D0B8F1000F95D0002AF6D1C8F8001090E7D3
S21401F2E0DBC6020013460A46014602480068FFF7DD
S21401F2F07BBF00BF342100202DE9F043364E864601
S21401F3000D46284615F8014B375D17F00807F8D16A
S21401F3102D2C26D12C780127851C3BBB302C32D0D6
S21401F3200A234FF0FF380026B8FBF3F803FB08F971
S21401F3306FEA09093046A4F1300CBCF1090F29D84F
S21401F3406446A34237DDB6F1FF3F07D080452FD391
S21401F35001D1A1452CDB00FB0340012615F8014B2A
S21401F360E9E72B2C04BF2C78851CD6E7102BD8D1C7
S21401F370302CD6D1287800F0DF005828D1D16C780F
S21401F38010230235CDE72B7803F0DF03582BF6D098
S21401F3900823C6E7A4F1410CBCF1190F01D8373C8C
S21401F3A0CFE7A4F1610CBCF1190F04D8573CC8E7AC
S21401F3B04FF0FF36D2E7731C06D12223CEF8003079
S21401F3C0304632B9BDE8F08307B14042002AF9D091
S21401F3D006B1691E1160F5E7DBC6020013460A4650
S21401F3E0014602480068FFF787BF00BF34210020AE
S21401F3F02DE9F04F85B09046464A029089461E4652
S21401F4000D462B4615F8014B175D17F00807F8D186
S21401F4102D2C41D12C7801279D1C002E41D1302C5A
S21401F4204CD00A2607F1004A07F1FF3B0AF1FF3AE2
S21401F430F3173246584651460393FFF74BFD0192A8
S21401F44000228E46844611461046A4F13003092B4D
S21401F45005D9A4F14103192B37D8A4F137039E42ED
S21401F4603DDD541C15D084457EEB010234D38E4518
S21401F47008BF844502D1019A9A422DDB039A714353
S21401F48000FB0211A6FB00020A44181842EBE371C6
S21401F490012215F8014BD8E72B2C04BF2C789D1CB4
S21401F4A0BBE7102EBED1302CBCD12B7803F0DF0386
S21401F4B0582BB7D16C7810260235B3E72B7803F0BA
S21401F4C0DF03582BF6D00826ACE7A4F16103192B0D
S21401F4D005D8A4F15703C2E74FF0FF32D9E7531C12
S21401F4E00AD1029A2223136058465146B8F1000FFA
S21401F4F00AD105B0BDE8F08F17B1404261EB41017A
S21401F500B8F1000FF5D00AB105F1FF39C8F800903F
S21401F510EFE700BFDBC6020013460A460146024873
S21401F5200068FFF765BF00BF3421002070B50D4DA0
S21401F5300D4C641BA4100026A64209D10B4D0C4CA1
S21401F54006F0EEFC641BA4100026A64205D170BD91
S21401F55055F8043B98470136EEE755F8043B9847C3
S21401F5600136F2E7FC210020FC210020FC210020CE
S21401F57000220020024B0146186800F02DB800BF9B
S21401F58034210020024B0146186800F061BA00BF22
S21401F5903421002070B50F4E0C463168054611B96E
S21401F5A000F02EFA30602146284600F029FA431C66
S21401F5B003D14FF0FF34204670BDC41C24F0030471
S21401F5C0A042F8D0211A284600F01AFA0130F2D1EA
S21401F5D0EFE700BF385B01202DE9F041CD1C25F097
S21401F5E0030508350C2D38BF0C25002D064601DB1A
S21401F5F0A94204D90C2333600020BDE8F081314FC5
S21401F60000F0EAF93B681C4644BB29463046FFF742
S21401F610C1FF431C044650D13C682146002941D114
S21401F620002C44D02368304604EB030800F0E8F9C8
S21401F63080453CD121686D1A29463046FFF7AAFF5E
S21401F640013034D023682B4423603B68002B36D02E
S21401F6505A68A24229D100225A600EE02268521B43
S21401F6601DD40B2A16D96119A342256018BF59600B
S21401F670636808BF396062514B60304600F0B2F9EA
S21401F68004F10B00231D20F00700C21AB5D01B1A87
S21401F690A350B2E7A3426268DED13A60EDE72346A3
S21401F6A06468B1E70C464968B8E71346CEE70C2311
S21401F6B03360304600F096F99EE70560DDE75B6053
S21401F6C0FFDE00BF3C5B01201FB514461A46094BFE
S21401F6D01B680546D86854B9074B1C46CDE901346A
S21401F6E000912B46054900F0B1F806F0E2FB044B09
S21401F6F0F4E700BF3421002025A40200ABC60200B7
S21401F7009EC60200002310B50446C0E90033C0E9D6
S21401F7100433836081814366C2818361194608226E
S21401F7205C3006F0D9F90D4B63620D4BA3620D4BAD
S21401F730E3620D4B23630D4B24629C4206D003F11A
S21401F7406802944202D0D0339C4205D104F158009D
S21401F750BDE8104006F0C8B910BD00BF9B590200B5
S21401F760BD590200F5590200195A0200405B0120FA
S21401F770024A0349034806F067B900BF8421002006
S21401F780635E02003821002041680C4B994210B597
S21401F790044601D006F065FBA168094B994202D0E8
S21401F7A0204606F05EFBE168064B994204D02046EF
S21401F7B0BDE8104006F055BB10BD00BF405B012000
S21401F7C0A85B0120105C012010B50B4B0B4C0C4ABA
S21401F7D01A60204600220421FFF794FF04F1680016
S21401F7E001220921FFF78EFF04F1D0000222BDE8B5
S21401F7F010401221FFF786BF785C0120405B012094
S21401F80071F70100014806F070B900BFD75D01200D
S21401F810014806F06BB900BFD75D012010B504465C
S21401F820FFF7F0FF236A1BB1BDE81040FFF7F0BFFA
S21401F830044B2362044B1B68002BF5D1FFF7C4FF72
S21401F840F2E700BF89F70100785C01200EB403B52A
S21401F850014603AB054853F8042B0068019300F0FA
S21401F86041F902B05DF804EB03B070473421002083
S21401F8702DE9F7431D46574B1F6804460E46904632
S21401F88027B13B6A13B93846FFF7C8FFB8F1020F34
S21401F89006D0B8F1010F00F29A80002DC0F29780D1
S21401F8A0636ED90705D4A3899A0502D4A06D06F024
S21401F8B01CF92146384606F0D4FA616B41B104F1D1
S21401F8C04403994202D0384600F0C2F8002363632D
S21401F8D00023A3616360A3891B0603D5216938460B
S21401F8E000F0B6F8A38923F44A6323F00303B8F1C2
S21401F8F0020FA38161D001AB6A462146384606F065
S21401F900F6F8A3891843A0812DBB009D2846FFF772
S21401F91031FE0646002852D1DDF80090A94540D1B7
S21401F9204FF0FF35B4F90C3043F00202A2810022F9
S21401F930A26004F147022260226101226261626EC6
S21401F940D60704D4980502D4A06D06F0CFF8284651
S21401F95003B0BDE8F083002ED8D03B6A13B9384611
S21401F960FFF75CFFB8F1010F08BFA389266004BF4B
S21401F97043F00103A381B4F90C3013F00802C4E983
S21401F98004651ED0D90741BF00226D42A260A56161
S21401F99058BFA560626ED20701D49B0513D500251A
S21401F9A0D5E74846FFF7E6FD06460028B8D0A38906
S21401F9B043F08003A3814D46CFE70025B2E7A94671
S21401F9C0F5E7A260E6E7A06D06F090F8E7E74FF0EE
S21401F9D0FF35BCE734210020014806F086B800BF99
S21401F9E0D65D0120014806F081B800BFD65D012032
S21401F9F0024B0A460146186806F012B83421002068
S21401FA0038B5064D0023044608462B60E8F706FC89
S21401FA10431C02D12B6803B1236038BD7C5C0120F6
S21401FA2038B5074D04460846114600222A601A4694
S21401FA3002F03FFB431C02D12B6803B1236038BDA3
S21401FA407C5C0120014B1868704700BF3421002000
S21401FA5038B50546002941D051F8043C0C1F002B4F
S21401FA60B8BFE418FFF7B8FF1D4A136833B96360DF
S21401FA7014602846BDE83840FFF7B4BFA34208D952
S21401FA80206821188B4201BF19685B68091821603C
S21401FA90EDE71A465B680BB1A342FAD91168501814
S21401FAA0A0420BD120680144501883421160E0D176
S21401FAB018685B68536008441060DAE702D90C23C3
S21401FAC02B60D6E7206821188B4204BF19685B6853
S21401FAD0636004BF091821605460CAE738BD00BFDF
S21401FAE03C5B01202DE9F04F0D469DB0144698462B
S21401FAF0064618B1036A0BB9FFF790FE6B6ED9077D
S21401FB0005D4AB899A0502D4A86D05F0EEFFAB8942
S21401FB101B0701D52B699BB92946304600F0FAF838
S21401FB2070B16B6EDC0704D54FF0FF301DB0BDE839
S21401FB30F08FAB899805F7D4A86D05F0D7FFF3E7EA
S21401FB400023099320238DF82930CDF80C8030232B
S21401FB50DFF8AC818DF82A304FF0010923469A462A
S21401FB6013F8012B0AB1252AF9D1BAEB040B0BD0F5
S21401FB705B4622462946304606F032F8013000F050
S21401FB80A780099A5A4409929AF80030002B00F08F
S21401FB909F8000234FF0FF32CDE905230AF1010AC9
S21401FBA0049307938DF853301A935446052214F89C
S21401FBB0011B5348E0F7B4FA049AD8B9D10644BFFA
S21401FBC020238DF85330130744BF2B238DF8533071
S21401FBD09AF800302A2B15D0079A544600204FF089
S21401FBE00A0C214611F8013B303B092B4BD9B0B129
S21401FBF0079214E0A0EB080309FA03F313430493F6
S21401FC00A246D2E7039B191D1B680391002BBBBFBD
S21401FC105B4242F0020207930793B8BF049223782F
S21401FC202E2B0AD163782A2B32D1039B1A1D1B680F
S21401FC30039243EAE37302340593DFF8D4A02178F4
S21401FC4003225046E0F76CFA38B1049BA0EB0A0099
S21401FC504022824013430134049314F8011B2948BF
S21401FC608DF828100622E0F75BFA00283FD0264BD5
S21401FC701BBB039B073323F0070308330393099B3E
S21401FC803B4409936AE70CFB02320C460120A8E7C5
S21401FC9000230134059319464FF00A0C204610F84C
S21401FCA0012B303A092A03D9002BC6D00591C4E7A7
S21401FCB00CFB012104460123F0E703AB00932A461F
S21401FCC0124B04A93046AFF300800746781CD6D104
S21401FCD06B6ED90705D4AB899A0502D4A86D05F0D9
S21401FCE005FFAB895B063FF51FAF09981EE703AB1F
S21401FCF000932A46054B04A9304600F061F8E4E774
S21401FD00DBC70200E5C7020000000000E15B02005D
S21401FD10E1C7020038B5294B054618680C4618B1EC
S21401FD20036A0BB9FFF77AFDB4F90C30190722D430
S21401FD30DA0607D409222A6043F04003A3814FF074
S21401FD40FF3033E0580712D5616B41B104F144032B
S21401FD50994202D02846FFF77BFE00236363A389FE
S21401FD6023F02403A3810023636023692360A3890E
S21401FD7043F00803A38123694BB9A38903F42073D5
S21401FD80B3F5007F03D02146284605F0D6FEB4F928
S21401FD900C3013F001020AD00022A26062695242BE
S21401FDA0A261226942B913F08000C5D138BD990716
S21401FDB058BF6269A260F4E70020F7E7342100200B
S21401FDC02DE9FF470F7E0C9E782F914680460C4604
S21401FDD09A4601F1430207D8622F0AD8002F00F095
S21401FDE0DD80582F00F0C38004F1420684F842708B
S21401FDF03AE0A7F16303152BF6D801A151F823F0D9
S21401FE0059FE01006DFE0100E9FD0100E9FD01005A
S21401FE10E9FD0100E9FD01006DFE0100E9FD0100BB
S21401FE20E9FD0100E9FD0100E9FD010083FF010094
S21401FE30FBFE01003BFF0100E9FD0100E9FD0100B9
S21401FE40A5FF0100E9FD0100FBFE0100E9FD01003F
S21401FE50E9FD010043FF010033681A1D1B6832608B
S21401FE6004F1420684F842300123A8E03168236891
S21401FE70081D30601E0601D50D6803E05D06FBD542
S21401FE80B1F900506168002D78DA2D20002984F838
S21401FE904300A1602DDA5E486D420A231646B5FB83
S21401FEA0F3F103FB1157C75D06F8017D2F46BB42F0
S21401FEB00D46F4D9082B0BD12368DF0708D5236933
S21401FEC061689942DEBF302306F8013C06F1FF3631
S21401FED0921B2261CDF800A04B4603AA214640465C
S21401FEE005F0CEFE01306FD14FF0FF3004B0BDE813
S21401FEF0F08723F004032360CDE721683368080602
S21401FF0053F8045B02D4490648BFADB26F2F404890
S21401FF10336014BF0A230823002184F8431066685F
S21401FF20A660002EBADB216821F004012160002DB5
S21401FF30B4D1002EB2D11646BCE7236843F02003A5
S21401FF4023603448782784F84570236831681F0693
S21401FF5051F8045B02D45F0648BFADB23160D907E1
S21401FF6044BF43F0200323601DB11023D4E7284883
S21401FF70E9E7236823F020032360F6E724480A23F1
S21401FF80CDE7336825686169181D30602E061B6849
S21401FF9001D5196002E06806FBD5198000232361AC
S21401FFA0164697E733681A1D32601E68626800219C
S21401FFB03046E0F7B5F808B1801B606063682361DE
S21401FFC0002384F8433085E7236932464946404694
S21401FFD0D047013088D023689B0714D4E068039B80
S21401FFE09842B8BF184681E7012332464946404643
S21401FFF0D04701303FF478AF0135E36803995B1AC7
S214020000AB42F1DCEAE7002504F11906F5E700BF8A
S214020010ECC70200FDC7020038B5064D00230446B1
S21402002008462B6002F025F8431C02D12B6803B168
S214020030236038BD7C5C012038B5074D002304469A
S214020040084611462B6002F017F8431C02D12B68B3
S21402005003B1236038BD00BF7C5C012038B5064D75
S2140200600023044608462B6002F00DF8431C02D11A
S2140200702B6803B1236038BD7C5C012038B5074D80
S21402008004460846114600222A601A4602F000F884
S214020090431C02D12B6803B1236038BD7C5C01206F
S2140200A038B5074D04460846114600222A601A460D
S2140200B001F0F0FF431C02D12B6803B1236038BD68
S2140200C07C5C0120024B0146186805F0F9BE00BFB1
S2140200D03421002038B5074D002304460846114651
S2140200E02B6001F0D2FF431C02D12B6803B12360C0
S2140200F038BD00BF7C5C0120F7B510220C460021FB
S214020100054605F0E9FC03F0FBFB2044F3F7E8FAAA
S214020110800B02D1002003B0F0BD03F0F1FB2044B7
S214020120F3F7DEFA0307F5D52B4B1B78063B012BBC
S21402013035D803F0E5FB2044F3F7D2FA8013032800
S2140201404FF00601204614D103F0F6FC21180822CF
S214020150681CF3F7FFFA0821204603F0EDFC0422A0
S214020160211805F10900F3F7F5FA05236B73012050
S214020170D1E703F0E1FC2044F3F7B2FA0646F2F7C1
S21402018081F8B04203D1F2F795F80146DFE76946F7
S214020190304600F03DFB0028BCD06946D7E7062172
S2140201A0204603F0C9FC271803F0AAFB2044F3F705
S2140201B097FA8013022805F1010614BF08220222CC
S2140201C03946304605F0C1FB0821204603F0B4FC50
S2140201D02358C5F80930C8E77A5801202DE9F043BC
S2140201E085B00746FE180C98C91A9B1ADCB217444B
S2140201F0431C8DB2A0460DF101020D3053F8041BCC
S21402020042F8041B8342F9D11B78137049238DF8F8
S214020210003068466BBAADF80E3000F01BFB9DF856
S21402022001305C408DF80140022422464FF000095E
S2140202301BE0C2F11003A8EB09019BB289B28B4204
S21402024028BF0B4600201FFA80FC11186345C9B26E
S21402025019D81A44D2B21F44102A4B441FFA83F903
S21402026003D1684600F0F6FA0022C845E1D812B17A
S214020270684600F0EFFA012C4FF000020DD0012480
S214020280A8463746D2E717F800C01DF801E08CEA08
S2140202900E0C0DF801C00130D5E70D9B009A1A60CE
S2140202A005B0BDE8F0832DE9F0478EB004460AA8F3
S2140202B0894603F037FF09210746204603F03CFC37
S2140202C00646204603F048FD0546002F66D10AA8DA
S2140202D000F0BFFA0F2239460DF1190005F0FCFBBB
S2140202E001238DF8183003F00BFB2044F3F7F8F9DE
S2140202F0801302283FD00621204603F01DFC082268
S21402030021180DF11900F3F725FA4A460DF12101DD
S2140203100020F3F7F3F9042326448DF8253002ACC7
S2140203200DF11808D5B39DF8273001338DF8273024
S21402033098E80F00102DA94628BF4FF010091FFAA3
S21402034089FA84E80F00A5EB0A05204600F082FA37
S2140203505FFA89F9ADB2721E2046002312F801CF69
S21402036010F8011B0133DBB281EA0C0199451170CA
S214020370F4D85644D6E70621204603F0DDFB204497
S214020380F3F7AEF98046F1F77DFF4045B3D06946F4
S214020390404600F03DFA0028ADD1702738460EB030
S2140203A0BDE8F0872DE9FF4706460D4614461F4670
S2140203B003F10D094FF0010A15B904B0BDE8F08744
S2140203C0102DA84607F1010228BF4FF010080DF1C4
S2140203D0010352F8041B43F8041B4A45F9D199F865
S2140203E000201A70684663BA01348DF800A0ADF892
S2140203F00E30A4B200F02EFA6A4606EB080130462A
S21402040010F8016B12F8013B884283EA060300F8F3
S214020410013CF5D1A5EB080806465FFA88F5CBE75E
S2140204208020704700F014BA2DE9F0478CB00446DD
S214020430EFF74AFD002860D000F0DAF9052840D12F
S21402044008A803F06FFE0D210546204603F074FB54
S214020450064695BB08A80DF1100800F0FAF92146E9
S2140204604046FFF749FE002847D00121204603F008
S21402047063FB09218146204603F05EFB0DF10C0A60
S214020480C7B23B465FFA89F231462046CDE9008A7A
S214020490FFF7A4FE43462A4604215046FFF782FF92
S2140204A0F11B43460122C9B2E019FFF77BFF0D217B
S2140204B0204603F041FB039B235028460CB0BDE8C0
S2140204C0F08700F095F9042819D10821204603F098
S2140204D033FB21180120F3F71FF9072105462046B2
S2140204E003F02AFB2A4621180020F3F707F92946CB
S2140204F020460CB0BDE8F047D5E63525DDE7702589
S214020500DBE72DE9F0478CB00446EFF7DDFCF8B1E7
S21402051000F06EF905284FD10721204603F00CFBA8
S214020520235C03F00703052B46D108A803F0FAFD67
S2140205300D210546204603F0FFFA8046C5BB08A8F3
S21402054004AF00F086F921463846FFF7D5FD08B914
S21402055035252DE00121204603F0EEFA09218246D8
S214020560204603F0E9FAC6B2A8EB06010DF10C0923
S2140205703B460122C9B2A019FFF714FF33465FFAC1
S2140205808AF241462046CDE90079FFF727FE2A4641
S2140205903B4604214846FFF705FF0D21204603F09F
S2140205A0CBFA04222118484605F06CFA0028CFD16F
S2140205B028460CB0BDE8F08700F01AF904281CD1D2
S2140205C00721204603F0B8FA0721204603F0B4FAC2
S2140205D021180020F3F7A0F807210546204603F06D
S2140205E0ABFA411C21442A460120F3F787F8294634
S2140205F020460CB0BDE8F04755E67025D8E710B5A2
S214020600044600F0F5F8042808BF0020207010BD4C
S21402061038B5084C002504232246294606202560C4
S214020620EDF77CFDA580F5F7F9FBBDE83840FFF74E
S214020630F9BE00BF805C012008B5002003F042F935
S214020640003818BF012008BD38B5064C2568C5F32A
S2140206500D0313B90620EDF7B1FD236801332360BD
S214020660284638BD805C012010B5054C042322467E
S21402067000210620EDF702FD23689B03236010BDD0
S214020680805C0120FFF7BBBFFFF7CEBE2DE9F04727
S21402069004460E46FFF735FF0546002840F08B80DD
S2140206A0002E00F08880012003F00CF9064603F0C5
S2140206B027F92044F3F714F8020705D448494948B5
S2140206C0EB22EFF79BFBFEE703F01AF92044F3F761
S2140206D007F880130228F1D10621204603F02CFAEF
S2140206E02044F2F7FDFF08210746204603F024FACD
S2140206F021180120F3F710F88046F1F7C9FD87426A
S21402070004D0394B1B78053B022B36D8374E2C4685
S214020710B088F2F78DFA8442B08836D3F2F788FAB8
S2140207200630002180B2F2F791FB814600283DD0C8
S214020730B38873B1F2F760FA0446B088F2F75CFA4F
S2140207408246B088F2F774FA51460246204605F011
S214020750FCF84846F2F750FA0446B088F2F768FA10
S214020760044439462046F2F7C1FF4246A11C012046
S214020770F2F7C4FFA6F804901DE03306C6D541463C
S2140207803846F1F71FF9B0B910E0F2F735FA00EB88
S21402079004094846F2F7A4FF09F102018246012045
S2140207A0F2F7BAFF574517D1804507D801210D2029
S2140207B0F5F74AFB35252846BDE8F087B088F2F7FC
S2140207C01BFA044439462046F2F790FF4246A11C23
S2140207D00120F2F793FFEEE70634A4B298E700BFD3
S2140207E00EC8020014A402007A580120805C012080
S2140207F0014B1878704700BFE3210020031F012B2E
S2140208009DBF024B1870002070207047E321002025
S21402081007B50023ADF8060001220DF10600F5F734
S21402082051FA03B05DF804FB38B5074D002428469C
S2140208300134F1F7F9FF0A2C05F10205F7D1BDE8FC
S21402084038400248F1F7F0BF325D0120845C012097
S2140208507047704710B586B00446EFF735FB05AB18
S21402086002931023CDE9004302492246EEF73CFDEF
S21402087006B010BD004440048020704710B5074BF8
S2140208801878074B1A68002304321C46D9B28842ED
S21402089000D810BD22F833400133F7E7D6210020F6
S2140208A0C42000202DE9F74F354CBDF830B09DF836
S2140208B038A015461F46627823789A4281468846B3
S2140208C006D1304B1B6803EBC2039B88002B52D128
S2140208D005EB0B00002180B2F2F7B8FAADF80090F3
S2140208E00646ADF804008DF806A08DF803800028B1
S2140208F043D0F2F781F92A46394605F026F8304603
S214020900F2F77AF90D99204E5A46284405F01DF85A
S2140209101AF0040F1B482CD02578637802683178C9
S214020920AB4213D16B46026803CB637842F83500BC
S21402093002EBC507327879600133B3FBF2F102FBB2
S21402094011336370002003B0BDE8F08F0FFA83FC0A
S21402095002EBC3075BB1013B52F8331042F83C107E
S21402096002EBC30EDBB2DEF804107960D6E74B1E4C
S214020970F2E76578D6E73920E5E71820E3E700BF17
S214020980D85D0120C4200020D621002070B5084D75
S214020990084E00242A78E3B29A4200D870BD306826
S2140209A000EBC3000430F1F73FFF0134F2E700BF6B
S2140209B0D6210020C4200020074B19785A788A4294
S2140209C001BF064B1B6803EBC203988806BFB0FA4A
S2140209D080F0400900207047D85D0120C420002026
S2140209E0F8B50446FFF7E8FF064638BB144D154F28
S2140209F029783A6802EBC10398792070D87860713A
S214020A0032F8312098886280F2F712F92A783B6829
S214020A10E08003EBC2039888F2F7EEF82B783A6888
S214020A20A06002EBC30201339680074A1278B3FB3A
S214020A30F2F102FB11332B700120F8BD0020FCE717
S214020A40D85D0120C4200020D621002030B58BB00E
S214020A50044624252A46002101A805F03DF82A4628
S214020A600021204605F038F820460BB030BD03685A
S214020A7013F4805F02D043F480630360036813F4C8
S214020A80005F02D043F400630360704708B5C36991
S214020A9023B100231A4602F021FB08BD0180FCE7C1
S214020AA008B502F032F808BD08B5E1F77FFA08B5D6
S214020AB08368C26853F822301878E5F775FC08BDDB
S214020AC008B5E5F773FD08BD08B500F0AAF808BD3D
S214020AD008B5E5F75BF808BD30B58BB004462425AB
S214020AE02A46002101A804F0F7FF2A4600212046E4
S214020AF004F0F2FF20460BB030BD036813F4805FAB
S214020B0002D043F480630360036813F4005F02D0EC
S214020B1043F400630360704708B5C36923B100233A
S214020B201A4602F0DBFA08BD0180FCE77047704700
S214020B30062827D8DFE800F004061F0B10151A0057
S214020B400120704702298CBF00200120704702292D
S214020B5014BF002001207047022914BF0020012084
S214020B60704702298CBF00200120704702298CBFE3
S214020B70002001207047081F80B280288CBF00200A
S214020B80012070470020704738B5054600F088FA05
S214020B90044601212846ECF7F5F9204600F084FACF
S214020BA038BD38B5054600F07BFA044600212846D3
S214020BB0ECF7E8F9204600F077FA38BD072900D8A6
S214020BC0704700B583B0437801938379009390F918
S214020BD00530C27801798078E3F772FB03B05DF8DE
S214020BE004FB70B584B00646084615461C4603A9A3
S214020BF0ECF778FE034610B1184604B070BDBDF897
S214020C00243001939DF82030009323462A46039908
S214020C10304601F0FDFC0346EEE708B5E2F7CCFFEE
S214020C2008BD08B50020E4F727FF08BD08B5FFF7A2
S214020C30F8FF08BD08B501F068FD01F072FDECF79B
S214020C4013FAFAE77047704708B501F0C5FE08BD0B
S214020C5070477047704708B5EDF7B0FF08BD70479C
S214020C6008B5EDF749FF08BD7047704770477047F3
S214020C70704770477047704770477047704708B5AF
S214020C8001F004FF08BD002070470020704770473F
S214020C9008B500F0ABF808BD08B5E6F71FFEEBF79F
S214020CA039FCE6F741FFEBF7DBFBEBF71FFCEBF754
S214020CB0E7FBE6F7EFFD01F072F9E6F729FFE7F743
S214020CC0D5F8E7F785FFECF727F908BD08B5E7F78B
S214020CD043FBE7F709FFE6F7CFFEE6F7D5FE00F09F
S214020CE09FF808BD08B5EAF711F800F000FCEAF72D
S214020CF01FF8EDF7A7FBEDF7C3FBEDF7E5FB08BD25
S214020D0008B5E6F7E9FE08BD704708B5E6F7AEFD9A
S214020D1008BD08B501F08BFDEDF7CAFB08BD7047AC
S214020D2008B5E6F785FE08BD08B500F05BF8ECF7F7
S214020D308FFC01F06AFEEBF737FC00F0DCFBEBF70A
S214020D40D5FEEEF7B7FBFFF7EBFFE6F767FD08BD4C
S214020D50012070470120704738B5E6F77FFD04464C
S214020D60EDF7C8FB054600B1254601F0E2FE044653
S214020D7000B12C46FFF7ECFF00B1204638BD38B56F
S214020D80ECF72EFA044601F0D6FE042811D002280B
S214020D9011D00025E6F768FE04280FD002280FD0EF
S214020DA0FFF7D8FF04280FD002280BD06DB100241D
S214020DB00BE00125EEE700250124EBE70125EFE72E
S214020DC00124EDE70124F1E70024204638BD7047F0
S214020DD0704708B50123042205210020E9F782FAAC
S214020DE0002008BD08B5FFF7F4FF08BD08B50023CC
S214020DF0042205211846E9F775FA002008BD20F0FE
S214020E007F4040EA81707047012907D0022320F014
S214020E107F4040EAC36040EA827070470323F6E7E9
S214020E2008B5082000F09AF8E6F7CEFE082000F093
S214020E30A0F808BD00B583B00023009301930123F8
S214020E408DF80030FFF7DBFF019008216846E6F7D1
S214020E5073FE03B05DF804FBFEE74FF400407047F4
S214020E604FF47A70704700230360704703680B6084
S214020E7001607047D0B18446C2B1B9B10020137880
S214020E8083B100B501F1FF3E864506D90CF8013B59
S214020E90013201301378002BF4D100238CF8003095
S214020EA05DF804FB00238CF8003070477047034659
S214020EB048B1002001E001330130884204D21A789A
S214020EC0002AF8D170470020704708B54FF0FF316E
S214020ED0FFF7EDFF08BD80B170B50C461546064615
S214020EE022B119B1FFF7F1FF844200D870BD2A463D
S214020EF0211A3044FFF7BEFFF8E7704708B543688B
S214020F000BB1984708BD2220FCE7704703681878A3
S214020F10704708B503681A78022A00D008BD002276
S214020F205A80E7F7A9F9F9E710B582B00468237882
S214020F30022B04D0A379022B03D00223237002B023
S214020F4010BD00216079E7F7E7FD6179207900237B
S214020F50019300930A46E9F76FF9EEE74FF0604116
S214020F60D1F8003E012282401343C1F8003E002021
S214020F7070474FF06041D1F8003E0122824023EADA
S214020F800203C1F8003E0020704708B543680068B7
S214020F90984708BD08B583680068984708BD08B535
S214020FA0C3680068984708BD0378417801228A40E2
S214020FB003EB43031B0103F1804303F520439A61CD
S214020FC0704700B589B084460E9807900D98069033
S214020FD09DF8300005900B9804909DF82800039029
S214020FE000200290019300920B4662460121E7F729
S214020FF0A7FA09B05DF804FB8908002301E0043073
S21402100001338B4205D20268B2F1FF3FF7D00020CF
S214021010704701207047704708B50346084613F02C
S214021020030F02D111F0030F0AD09200194604F002
S2140210308CFC002008BD53F8041B40F8041B013A40
S214021040002AF8D1F5E710B582B0044601A8E9F700
S21402105075FC9DF8063023800123E370A370E9F740
S2140210609BFC6060002002B010BD08B5E9F7C8FA24
S21402107008BD08B5E9F7B4FA002008BD08B50A4667
S21402108041180139EBF7B2FD08BD03300F2828BF1F
S2140210900F200007704708B5E7F7D2FE013008BDFB
S2140210A0EFF3108072B6704700B962B670476023DD
S2140210B083F311887047002383F311887047EFF398
S2140210C01180602383F31188704780F3118870477C
S2140210D0EFF3108313F0010F05D1EFF311835F2BAB
S2140210E003D800207047012070470120704784B063
S2140210F00B6803934B6802938B680193CB6800934B
S214021100039B0360029B0360019B0360009B0360DA
S2140211100023039302930193009304B0704730B404
S2140211200D684C688A68CB680560046002600360DC
S21402113030BC704730B405680468026803680D6006
S2140211404C608A60CB6030BC704708B5FFF7E7FF9B
S21402115008BD00B585B084460B4611F0030F0DD0CE
S214021160EE46086849689A68DB68AEE80F0069468A
S2140211706046FFF7EAFF05B05DF804FB00910099B0
S214021180FFF7E3FFF7E708B5FFF7D4FF08BD10B592
S21402119084B00C4611F0030F0BD06946FFF7F3FF3D
S2140211A0EC46BCE80F0020606160A260E36004B019
S2140211B010BD00910099FFF7E6FFF8E738B50D4637
S2140211C0102A0AD000F1424303F580135B01002285
S2140211D01A602430FFF78BFF38BD00F1424303F557
S2140211E080135B0101221A6000F588742046FFF71F
S2140211F07EFF05F110012046FFF779FFECE730B5D8
S21402120089B086460C46154611F0030F2BD0082AE5
S21402121016D0EC4608684968A268E368ACE80F0096
S21402122020696169A269E369ACE80F002A4669464B
S2140212307046FFF7C3FF082D0AD008226B460DE062
S214021240EC4608684968A268E368ACE80F00EDE778
S2140212500422F3E7002243F8042B0A46511E002A12
S214021260F8D109B030BD00910099FFF7A7FFF8E763
S21402127070477047704708B50020E8F7DBFB08BDEB
S21402128008B50120E8F7D6FB08BD70B505460E4640
S2140212901446FFF705FF2B685C4034405C402C6028
S2140212A0FFF702FF70BD70B505460E461446FFF7FF
S2140212B0F7FE2B685C4034405C402C60FFF7F4FE7F
S2140212C070BD00F1424000F5801040010160704799
S2140212D008B5E9F7EBF908BD41F080018165704772
S2140212E0CB435B0003F00A03C360C160704738B5A6
S2140212F005460C46E9F7A2FBA37C1BB12B6843F01C
S21402130080432B60E37C002B2CD1637B228A134321
S214021310E28913436B60237BA26861682846E9F77B
S21402132047FB637D1BB12B6843F480332B60A37DA0
S2140213301BB12B6843F400432B60E37D1B0703F0CD
S214021340E043227E120502F4E00213432B666B6F23
S21402135023F030036B676B6F627E13436B672378F1
S214021360EB6038BD217D2846FFF7B6FFCDE738B5DE
S21402137005460C46E9F762FB2A68238A43F0010316
S214021380A17B002934D04FF480610B4313432B60BA
S2140213902B68227D002A2DD04FF0005213432B607B
S2140213A0A37C4BBB237B43F480536B60A2686168CB
S2140213B02846E9F72FFB637B0BB11023EB60637DB6
S2140213C01BB12B6843F480332B60A37D1BB12B68C3
S2140213D043F400432B60E37D1B0703F0E043227EC9
S2140213E0120502F4E00213432B662378EB6038BD45
S2140213F00021CAE70022D1E7E17C2846FFF76CFF0E
S214021400D0E7036913F0400FFBD04163036913F082
S214021410200FFBD0C069C0B27047036913F0400FBB
S214021420FBD041637047036813F0010F09D083684D
S21402143013F0020F05D1836813F0010FFBD10123CD
S214021440436070470B78002B3BD001234A78002A72
S21402145039D0022213438A78002A36D04FF08042CF
S2140214601343CA789AB3042213430A798AB308222A
S21402147013434A797AB3202213438A796AB3402205
S2140214801343CA795AB3102213430A7A43EA023341
S2140214904A7A43EA02230A7B1AB34FF00042134306
S2140214A08A7A43EA0243CA7A43EA026100238268DE
S2140214B012F0010F17D047F22F52934213DC01337A
S2140214C0F5E70023C2E70022C4E70022C8E70022AD
S2140214D0CAE70022CCE70022CEE70022D0E70022AD
S2140214E0D2E70022DBE7016070470020704708B5AC
S2140214F0F6F728FF08BD70474140012201E0184474
S2140215000132032A08D8D30021FA03F34B4013F022
S214021510030FF4D09B00F2E77047CAB110B58CB047
S21402152014460022089209920A920B920792069299
S21402153005AB029307AB019306AB009308ABE9F742
S21402154037FD18B9099B6360079B23600CB010BD7A
S2140215506FF086007047002070472DE9F8438046FA
S214021560894615461F46E9F70BFC044600234360EE
S2140215700360FFF795FD0646B9F1100F25D010223D
S21402158041462046FFF73BFE04F1800839464046B6
S214021590FFF7DFFD3046FFF787FD012D17D0062344
S2140215A0A360236913F0020FFBD1FFF779FD05460E
S2140215B008994046FFF7EBFD2846FFF775FD2046E3
S2140215C0E9F7E8FB0020BDE8F8830822D8E7052300
S2140215D0A360E6E7002070472DE9F0410F46164665
S2140215E01C460023236005256FF0960000E0013DAF
S2140215F085B178B1D4F800802246A6EB080107EB45
S2140216000800E9F735FF236843442360B342EED36C
S2140216100020ECE7BDE8F08170470020704700200C
S214021620704710B48468C3680B4454F82310084605
S21402163010F8023B497803EB012313605DF8044B74
S2140216407047012380F88830037803B9704710B5D5
S214021650044600F04CFB21462046EAF7BFF9204636
S21402166000F038FB10BD38B504460D46EAF79EF981
S2140216706B68C4F8B032A968204600F06EFA4FF0E4
S214021680FF33C4F8B4322046FFF7C7FF38BD10B5A3
S2140216900446D0F8B432B3F1FF3F09D0D4F8B432DE
S2140216A0B3F1FF3F09D194F8B83243B9012005E0FF
S2140216B000F0B0FBC4F8B402F0E7002010BD002032
S2140216C0FCE708B5EAF7A6F908BD1038072801D8DE
S2140216D00120704700207047A0F11003072B00D8A6
S2140216E0D8B2704708B50B782D2B04D000220138EB
S2140216F0EAF7ECF908BD012211440138EAF7E6F9E7
S214021700F8E708B5072826D8DFE800F0060B10151C
S214021710191D0421012008BD00220820EAF7D6F987
S214021720F9E700221020EAF7D1F9F4E70022202098
S214021730EAF7CCF9EFE70820FFF7D4FFEBE7102033
S214021740FFF7D0FFE7E72020FFF7CCFFE3E70846E6
S214021750EAF738FADFE70020DDE72DE9F04383B049
S2140217600C4617461D460A9EDDF82C8021282BD8EB
S214021770DFE800F0112D445A71889EA22A2A2A2AEE
S2140217802A2A2A2A2A2A2A2A2A2A2A2A2A2A2A2AB2
S2140217902A2A2A2A2AD3002211462046FDF71EFEAE
S2140217A0D8F80030C0B245F82300D8F800303268C6
S2140217B005EB830347F82230D8F800300133C8F827
S2140217C0003033680133336003B0BDE8F083002293
S2140217D011462046FDF702FED8F8003080B245F8E2
S2140217E02300D8F80030326805EB830347F822302E
S2140217F0D8F800300133C8F80030E2E7002211467C
S2140218002046FDF7EBFDD8F8003045F82300D8F85F
S2140218100030326805EB830347F82230D8F80030F0
S2140218200133C8F80030CCE7002211462046FDF707
S21402183059FD40B2D8F8003045F82300D8F80030F9
S214021840326805EB830347F82230D8F800300133BC
S214021850C8F80030B5E7002211462046FDF742FDE3
S21402186000B2D8F8003045F82300D8F800303268C5
S21402187005EB830347F82230D8F800300133C8F866
S21402188000309EE7002211462046FDF72BFDD8F8D1
S214021890003045F82300D8F80020336805EB8205AF
S2140218A047F82350D8F800300133C8F8003088E7EC
S2140218B0336847F8231084E74FF000098DF8069046
S2140218C0C846012512E0013510E08DF8053008F112
S2140218D001081022002101A8FDF704FD09F1020308
S2140218E0E05409F101091FFA89F90135635D7D2B80
S2140218F009D0202BE7D018F0010FE6D18DF804307E
S21402190008F10108F1E784F800904FEA192984F8F3
S2140219100190336847F8234053E7336847F82310AB
S2140219204FE72DE9F04F87B09B46002305930493BB
S2140219308B4500F38D8007468A4616461C461D4692
S214021940984602E04FF001080134385DFF280CD0BB
S2140219502028F7D0212805D0FFF7B7FE0028F3D0BD
S2140219600546F1E74FF00108EEE781465C44B8F120
S214021970000F08D0013C54456CDC002402943B4620
S2140219802746984645E045B1013C544564DC0024B0
S21402199002943B46474698463BE0A2455ED1002469
S2140219A002943B462F46984633E043445B78FF2B2F
S2140219B00FD02B2049E0039B43445B78FF2B4FD18B
S2140219C0012706E0029B01330293A94601E04FF08D
S2140219D0060997B956F824104846FFF792FE0028E3
S2140219E042D004AB019305AB0093119B109A56F8B4
S2140219F024104846FFF7B1FE0AE004AB019305AB9C
S214021A000093119B109A56F824102120FFF7A5FE8A
S214021A100134544518DA5C45D9DB029B039318F867
S214021A200350202DC1D0212DC5D02846FFF74DFEEC
S214021A300028C7D0039B43445B78FF2B12D128466D
S214021A40FFF74AFE8146C4E7002007B0BDE8F08FE4
S214021A502120FAE72B20F8E72B20F6E72B20F4E7E5
S214021A602B20F2E72B20F0E72620EEE708B5E6F774
S214021A70ABFB08BD2DE9F04784B081468A46904606
S214021A801D460C9F0D9E04460EE018680F9B03939E
S214021A900E9B0293019600972B4642460121FFF7C2
S214021AA0E9FF044618E00C342068A8B133682A68B7
S214021AB0934211DA57F82310FFF7D8FF0028F2D125
S214021AC033680133336063681A7BFE2ADDD0012354
S214021AD00E9A137088F8003098F800305BB90F9BA6
S214021AE01B7843B9BAF1000F09D001230F9A13707D
S214021AF088F800304C46204604B0BDE8F087002443
S214021B00F9E738B50546002402E0EAF709F9013498
S214021B1004EB440305EB830055F8233023B1037A24
S214021B20002BF2D00134F3E738BD10B539B10846C0
S214021B3012B1EAF7F5F810BDFFF7E3FFFBE7D0F8BE
S214021B409C4000E02468002CF5D0A0680028F9D05C
S214021B50FFF7D7FFF6E77047704759B10A790AB11F
S214021B600020704710B501240C719C30FFF77EF9F7
S214021B70204610BD00207047F0B5A3B005460846C3
S214021B801AAA19A900F08AF9044610B1204623B011
S214021B90F0BD00238DF80B300DF10B0301930DF110
S214021BA00A03009303AB1AAA19A92846EAF716FAFB
S214021BB09DF80B3013BB40B3466806F10C0711AB19
S214021BC0019309AB0093039B1AAA19993846FFF7AB
S214021BD0A8FE04460028D9D10495199B059309ABA3
S214021BE00693039B0793089704A8FFF7B4FF33688E
S214021BF004A8984704A8FFF7AFFFC7E79DF80A2096
S214021C0001462846FFF791FFC0E72D24BEE70023D2
S214021C100B601360D0F8AC32B3B3944690F8AC3095
S214021C20A3B300B54FF0010E002313E00133B3F562
S214021C30007F0DD20A6801320A60DCF80020013209
S214021C40CCF80020C21892F8AC200A2AEED1013352
S214021C500EF1010ED0F8AC227245E8D805E0DCF8A9
S214021C6000200132CCF800200133B3F5007F08D201
S214021C70C21892F8AC200A2A0AD0002AEFD1012014
S214021C8000E001205DF804FB00207047002070474A
S214021C900120F7E770B505460024264600E0013429
S214021CA005F1AC0003F071FEA04207D92B1993F898
S214021CB0AC301BB10A2BF2D10136F0E7304670BDCC
S214021CC008B5405C00F0B6F808BD08B5082000F07C
S214021CD0B1F808BD10B50446D0F88C20002103F0F8
S214021CE0FBFE0023C4F89030C4F8943010BD70B5E3
S214021CF082B004460EE02046FFF7CCFFC4F8AC02E2
S214021D0001AA69462046FFF782FF009B2344002271
S214021D1083F8AC2080212046FFF7C9F8451C04F161
S214021D20AC064FF400713046FFF7C1F8C0F50070FC
S214021D308542E0D8204603F028FE451C304603F0D4
S214021D4024FE421C3146701903F0ACFE204603F016
S214021D501CFE02462146304603F0F7FD204603F0FD
S214021D6014FE20440A2380F8AC300023C4F8AC32B8
S214021D7002B070BD30B583B004460D46FFF78AFF49
S214021D80B5F1FF3F13D0012D0FD1D4F8AC32834208
S214021D900BD20133C4F8AC320123D4F8AC2202B918
S214021DA001230BBBD4F8AC3203BB03B030BDD4F86E
S214021DB0AC3223B1013BC4F8AC320123EDE7002379
S214021DC0EBE7082000F036F8202000F033F8082071
S214021DD000F030F80135204603F0D7FDA842F0D8CF
S214021DE02046FFF777FFDDE70025F4E701AA6946FC
S214021DF02046FFF70CFF0028D7D0009D06E06319A7
S214021E0093F8AC102046EAF713FA0135019BAB4271
S214021E10F5D8CAE700B583B00DF10701002000F03F
S214021E2014F920B99DF8070003B05DF804FB4FF0E3
S214021E30FF30F9E710B50446C1B2002000F0F2F810
S214021E4008B9204610BD4FF0FF30FBE70FB400B5CF
S214021E5083B004A951F8040B0191EDF7E5FF0020C9
S214021E6003B05DF804EB04B0704708B50B4601F109
S214021E70010C00EB0C0110F80CC0BCF1220F07D0CD
S214021E80BCF17B0F04D0BCF15C0F01D0002004E053
S214021E90D21A184403F006FE012008BD2DE9F843C5
S214021EA005468846914603F070FD0646002400E08B
S214021EB001342A192B5D202BFAD0C9F80020012301
S214021EC0C8F8003030E07B2B14D0D8F8003003F18D
S214021ED08043013B621C2A4449F823202227012C16
S214021EE006D92B1913F8013C202B01D0002B49D11F
S214021EF0013404E07D27F2E70134A64246D92819C8
S214021F002B5DBB4209D05C2BF6D1324621462846D1
S214021F10FFF7ABFFC0B3013EEEE74378202B00D0BD
S214021F20BBBB222F21D00134A64229D92A192B5D08
S214021F307B2BC8D0222BC6D05C2B19D0202BF2D1FB
S214021F4000231370631CB342EDD2EA18EB5C202B1D
S214021F50E9D0D8F80030072B1FDC49F82320D8F840
S214021F6000300133C8F80030DDE700230370DAE7FB
S214021F70324621462846FFF778FF60B1013ED2E797
S214021F80002004E0212002E0212000E02120BDE81C
S214021F90F8832120FBE72120F9E71E20F7E710B59A
S214021FA082B000240094ADF8044002238DF8053078
S214021FB06846E7F785FE204602B010BD70B50C46AF
S214021FC01546034630B15E684EB12A462146186869
S214021FD0B04770BDEAF7C6FA03460028F3D12320BD
S214021FE0F7E72DE9F04182B00E4617461C46054635
S214021FF070B18CB195B1D5F80880B8F1000F0FD04A
S21402200023463A4631462868C04702B0BDE8F0810A
S214022010EAF7A8FA0546ECE701ACEBE72320F4E77B
S2140220202320F2E700B583B08DF8071001220DF1E8
S2140220300701FFF7C3FF03B05DF804FB08B50B46C4
S21402204001461846FFF7EEFF08BD08B50023012239
S214022050FFF7C7FF08BD0EB400B582B003AA52F858
S214022060041B0192EAF78AFA02B05DF804EB03B0A9
S214022070704700207047FEE74FF400534B60002085
S214022080704701207047012070474FF0FF307047BD
S2140220900020704700B583B00020019001ABFFF727
S2140220A0A0FF019810B103B05DF804FB4FF0FF30BB
S2140220B0F9E710B514460020FFF780FF204610BD52
S2140220C00346A0B190F838201AB190F83C000228D6
S2140220D005D093F83C00042805D001207047012261
S2140220E083F83C207047012283F83C207047012089
S2140220F0704780F82C10704790F82C00704790F8C4
S21402210039007047037E73B330B4037A03EB43039C
S2140221101B0103F1804303F56223D3F89440C168A0
S21402212005694B199C4213D0013C8C4201D26C1EAD
S2140221300C442346026B9A4212D01A78112A09D00E
S214022140132A07D0013B8B42F4D26B1E0B44F1E7F5
S2140221500C46E9E7112A14BF0022012280F8342037
S214022160046330BC704770472DE9F0411646002ADA
S2140221705ED004460D46037E002B6AD0037A03EB3C
S21402218043031B0103F1804303F56223D3F8943023
S214022190C16802690A44934212D067699F4211D00D
S2140221A09F4211D2DF1BB74228BF3746FEF787FF92
S2140221B0804694F82D30002B3FD03E46002210E099
S2140221C00B46EAE7617EEBE7D71BECE7206B814222
S2140221D012D0013E6369216B8B4214D001336361D6
S2140221E00132BA4212D261690B78112BEED0132B50
S2140221F0ECD005F8013BEDE7112B14BF00230123B9
S21402220084F83430E5E701312163E7E7216BE268C1
S2140222102369134499420ED06169E2682369134424
S214022220994214D02046EAF769FA4046FEF74DFF77
S2140222303046BDE8F0812263EEE73A4661692846F9
S21402224003F083FB63693B4463613E46E4E76261F5
S214022250E8E70026ECE72DE9F04106460F469046F1
S2140222601C46FEF72CFF0546424639463046FFF727
S2140222707BFF20602846FEF728FF236813B1002064
S214022280BDE8F0811B20FBE738B50546FEF708FFE0
S214022290044601212846EAF775FE2046FEF704FFAB
S2140222A038BD2DE9F04704460F46154690F82C90A7
S2140222B0FEF705FF94F838302BB9FEF706FF002626
S2140222C04FF001080EE0FEF700FF94F83B00FFF720
S2140222D0DBFFFEF7F4FE002384F83830EDE794F8CF
S2140222E034307BB9AE4221D294F82D30002BF6D092
S2140222F0FEF7E5FE82462046FFF704FF5046FEF74D
S214022300E4FEECE7B9F1000F02D03B780A2B08D0C6
S214022310E369397820469847804658B9013701362E
S214022320E0E7E3690D2120469847F1E7236A012199
S214022330204698474046BDE8F08708B5FFF7B1FF4C
S214022340002008BD38B50546FEF7AAFE0446002161
S2140223502846EAF717FE2046FEF7A6FE38BD10B559
S214022360044690F8393049B103B110BD90F83A00EE
S214022370FFF78AFF012384F83930F6E7002BF4D002
S21402238090F83A00FFF7DEFF002384F83930ECE7D6
S21402239090F838307BB910B50446036A0021984796
S2140223A0012384F8383094F83B00FFF7CBFF022372
S2140223B084F83C3010BD7047026CD36C43F00403C3
S2140223C0D364704729B1026CD36C43F00103D36423
S2140223D07047026CD36C23F00103D364036C0122B2
S2140223E09A64704710B50446236C1B6913F0400FBD
S2140223F0FAD000231A4694F8491094F84800E7F7F2
S21402240071FF00231A4694F84B1094F84A00E7F737
S21402241069FF94F8503013F0010F18D194F8503039
S21402242013F0020F1CD1226CD36C23F00103D36489
S214022430226CD36C23F00403D3640021206CFEF7D5
S2140224404FFF0021606CE6F7B1FC002010BD0023B0
S2140224501A4694F84D1094F84C00E7F743FFDDE770
S21402246000231A4694F84F1094F84E00E7F73AFF06
S214022470D9E708B5006CFEF7D0FF002008BD10B5FE
S2140224800468206C036C13F0010F0ED1042384F849
S2140224903C30237EA3B1637E13B194F82D30B3B9DA
S2140224A0C36C23F00403C36410BD01238364236C4E
S2140224B01B6913F0200FF7D02046FFF769FFF3E7FA
S2140224C0C36C23F00403C36401232376ECE70023E2
S2140224D084F835301321FEF7A0FF226CD36C43F04C
S2140224E00403D364236CDB69DBB2112B04D0132BF9
S2140224F012D0132BD8D102E0012384F83430237A89
S21402250003EB43031B0103F1804303F56223D3F875
S2140225109430013B2363C7E7002284F83420E8E7BF
S214022520013840EA500040EA900040EA101040EAC3
S214022530102040EA10400130704770B504460D4640
S2140225401E461046FFF7ECFFB0F5807F38BF4FF40B
S214022550807042422240831803E0400042422240FA
S2140225608318AB42F9D33260049A1360059B186055
S21402257070BD28B1B0FA80F0C0F11E00C0B270473C
S2140225802020F9E708B5EAF78BFA08B5FFF7FAFF55
S21402259008BDEFF3108072B6704700B962B6704796
S2140225A010B5FEF77DFD0446EAF7CAFB2046FEF7A5
S2140225B07BFD10BD704708B5FEF75DFE08BD70478F
S2140225C070470120704708B54FF41670EAF73AFDD7
S2140225D008BDD8B12DE9F04184B0884617461D469D
S2140225E0044600268683C683EBF76EF8BDF82C30C9
S2140225F002939DF82830019300953B4632464146A9
S2140226002046EAF7E9FF04B0BDE8F08122207047D1
S214022610F0B587B00D4600218DF81710D0B11746D9
S2140226201E4604468183C1830DF11701EBF77CF841
S2140226309DF8173083B9BDF8343002939DF83030D8
S214022640019300963B46002229462046EAF7C4FF3D
S21402265007B0F0BD2220FBE70320F9E738B5FEF706
S2140226602EFD0546EBF72AFB04462846FEF72DFD0F
S214022670204638BDF0B587B01E4600238DF81730C9
S21402268090B30C46154607460DF11701EBF74CF8CA
S2140226909DF8173053BB04A92046EBF723F9F0B98F
S2140226A0EBF706F94FF47A720023A4FB0001FCF75D
S2140226B011FCC2F57A7292B2BA83B2F57A7F10D062
S2140226C00023FB830499BDF8343002939DF8303022
S2140226D0019300962B460A463846EAF77DFF07B076
S2140226E0F0BD0023BB83EBE72220F8E70220F6E7E3
S2140226F038B50546FEF7D4FC044601212846EAF71B
S21402270041FC2046FEF7D0FC38BD08B5FEF7C4FAF9
S214022710FEF7DCFAFEF708FBFEF7E4FAFEF7F0FA3D
S21402272008BD08B5FEF7F0FAFEF7EFFAFEF7F1FA83
S214022730FEF7F5FA08BD704700B583B0034620F0F1
S214022740030013F0020F0CD04FF6FF7343EA014367
S214022750019304220DEB0201FEF7BAFD03B05DF809
S21402276004FB6FEA01416FEA11410191F1E711F0B2
S214022770010F55D12DE9F04106460C46174610F0DA
S214022780010F4FD1002A50D08446531C8E4603E0D8
S2140227900CF1020C0EF1020E013B0BD0BCF80050FD
S2140227A04FF6FF718D42F3D0BEF80020002AEFD01C
S2140227B04B2038E0E7F714FF012F02D016F0020F85
S2140227C007D021883046FFF7B7FF70B902360234C9
S2140227D0013F012F0DD827B121883046FFF7ACFF05
S2140227E0D0B9E7F70DFF00201DE0E7F709FF4B2001
S2140227F019E027F001084FEA48052A4621463046E6
S214022800FEF766FD20B92E442C44A7EB0807E2E744
S214022810E7F7F6FE4B2006E0E7F7F2FE4B2002E073
S214022820012070470120BDE8F0810020FBE708B5D3
S21402283000F038F908BD01207047704708B5022835
S21402284002D0022903D008BDEFF740FBFBE7EFF703
S21402285043FBF8E738B50546FEF722FC044601219D
S2140228602846EAF78FFB2046FEF71EFC38BD38B531
S2140228700546FEF715FC044600212846EAF782FBC9
S2140228802046FEF711FC38BD70B584B006460846F1
S21402289015461C4603A9EBF725F8034610B1184661
S2140228A004B070BDBDF8243001939DF8203000932B
S2140228B023462A4603993046FFF78BFE0346EEE789
S2140228C010B50446FEF7C0F92046E3F755FB10BDE7
S2140228D038B504460D46FEF7BBF929462046E3F70F
S2140228E0ABFB38BD08B5FEF7B4F9FEF7C8F908BD6C
S2140228F038B504460D46FEF7AEF929462046E3F7FC
S21402290023FB38BD10B50446FEF7AAF92046E3F7C6
S21402291067F910BD38B504460D46FEF7A0F92946FC
S2140229202046FEF7A8F938BD10B50446FEF79CF916
S2140229302046FEF79FF910BD2DE9F04F85B00446FC
S2140229400D4616461F469DF83880DDF83C909DF8E9
S21402295040A0DDF844B0CDF80CB0CDF808A0CDF814
S2140229600490CDF80080FEF780F9CDF80CB0CDF8D3
S21402297008A0CDF80490CDF800803B4632462946A2
S2140229802046FEF77BF905B0BDE8F08F08B5FEF7E6
S2140229906DF9FEF771F908BDF8B504460D46164600
S2140229A01F46FEF764F93B46324629462046E3F7C1
S2140229B06FFCF8BD10B50446FEF75BF92046E3F758
S2140229C03FFC10BD08B5FEF745F908BD08B5FEF791
S2140229D04FF9FEF752F908BD08B500F01BF800B92A
S2140229E008BD00F04FF8032803D000F04BF8042887
S2140229F002D1ECF799F9F3E700F044F80628F8D08C
S214022A0000F040F80728EBD1F3E7704708B5EFF778
S214022A1081FA08BD08B5EFF785FA08BD08B5EDF7E7
S214022A2025FA08BD08B5EDF749FA08BD08B5F3F76B
S214022A3021FA08BD08B5F2F7F1FB08BD08B5F2F7B2
S214022A4015FC08BD08B5F1F73AFF08BD08B5F1F761
S214022A5029FF08BD08B5F1F730FF08BD08B5EFF746
S214022A60E9FB08BD08B5EFF7EEFB08BD08B5EFF7C2
S214022A7021FC08BD08B5EFF705FC08BD08B5EFF761
S214022A800DFC08BD08B5EFF70FFC08BD08B5F2F758
S214022A9001F808BD08B5EFF703FA08BD08B5EFF769
S214022AA0E7F908BD08B5EFF789F908BD08B5EFF7ED
S214022AB061F908BD10B582B09DF814400194049CDB
S214022AC00094EFF739FA02B010BD08B5F1F782FFAD
S214022AD008BD08B5EEF7BAF808BD08B5F0F7C2FEAD
S214022AE008BD08B5F3F7B2F808BD08B5F1F756FA0F
S214022AF008BD08B5F1F76CFA08BD08B5F1F7AAF9F2
S214022B0008BD08B5F1F707FA08BD08B5F0F7FCFEF0
S214022B1008BD08B5F1F7D5FE08BD08B584460846D7
S214022B2011466246EBF7D6FB08BD08B5EBF7FCFB91
S214022B3008BD012070470420704703460088B3F999
S214022B400020002A02DB42001A8070474840FAE75B
S214022B5070B504460E46FEF7A3FA054631462046F1
S214022B60FCF746FF04462846FEF79EFA204670BD4E
S214022B7038B50546FEF794FA04462846FCF702FDE9
S214022B802046FEF791FA38BD10B5044608B1ECF7B8
S214022B9055F92046FFF7ECFF10BD00F4E040B0F513
S214022BA0805F06D0B0F5005F01D00020704701209C
S214022BB0704701207047036823F47F4323F0030322
S214022BC00BB9002070476FF0860070470B8813B170
S214022BD00288934208D10B6A4BB94B8853B142889C
S214022BE0934209D1002070476FF0860070476FF05D
S214022BF086007047002070476FF0860070470020FE
S214022C0070470023036043607047002303604360FD
S214022C1070472DE9F041884614461F460022ECF71D
S214022C2007FD0646F8B9D8F80050298801F4E043B3
S214022C30B3F5804F0CD0EB6834EA03030BD197B19F
S214022C403A4605F10C00ECF7B5FA064658B104E030
S214022C5024F00104EFE76FF084060023C8F8003082
S214022C60284600F0FDFA3046BDE8F08170B504460D
S214022C7045688668284600F01FFB00B170BD2846EE
S214022C8000F01CFB0028F9D115F0FF0F11D1CEB9C8
S214022C9004F10C00FFF78FFF0028EFD162884FF691
S214022CA0F8739A4211D8238B012BE7D96FF086006E
S214022CB0E4E70021A06800F044FA0028E8D16FF0AB
S214022CC08600DBE76FF08600D8E76FF08500D5E771
S214022CD0F0B583B00C461546194600230B60204615
S214022CE0FFF7C4FF064610B1304603B0F0BD2946D2
S214022CF001A8ECF755FC06460028F5D12F683D469C
S214022D00A446BCE80F000FC59CE8070085E807004C
S214022D103B790BB9019BBB603B8B23F001033B83E2
S214022D200121384600F022FADEE738B50446154699
S214022D30037923B1826A416A00F0A5FB40B9A36811
S214022D402B600221204600F011FA08B100232B6006
S214022D5038BD10B588B044685FEA142C11D1109CB7
S214022D6006940F9C05940E9C04940D9C03940C9C54
S214022D7002940B9C01940A9C0094E8F7D5FC08B0D8
S214022D8010BD6FF08600FAE741F2052398420BD990
S214022D90B0F5105F25D1802926D0C02926D0B1F5FE
S214022DA0807F25D100207047B0F5905F09D241F2AE
S214022DB00103984210D0B0F5885F0DD06FF0850001
S214022DC07047A0F5905080B22923C34013F0010F3C
S214022DD002D16FF08500704711F0070F0BD100206B
S214022DE070476FF0850070470020704700207047DC
S214022DF06FF0860070476FF08600704738B5436AFA
S214022E004BB904460D460120FFF7A2FE606228B1C8
S214022E10A562002038BD6FF08A00FBE76FF08C00D9
S214022E20F8E7F8B505460E4614461146FFF7E6FFE4
S214022E30074608B13846F8BD22463146686A02F0AF
S214022E4084FDF7E72DE9F84304460A9E00882AB374
S214022E5088461F469146FFF7A0FE10B3336813B9A3
S214022E604FEAC9033360356829462088FFF78CFF8E
S214022E70044680B90735EA08B9EBD50F14D1089B8A
S214022E809A4214D84146384602F05FFD336807334B
S214022E90DB08099A13602046BDE8F8836FF08504C4
S214022EA0F9E76FF08504F6E76FF08604F3E76FF054
S214022EB08904F0E710B584B044685FEA142C09D19F
S214022EC0089C0294079C0194069C0094FFF7BAFFA4
S214022ED004B010BD6FF08600FAE710B50446406AEB
S214022EE010B1A16AFFF750FE00206062A06210BD1A
S214022EF038B50446FFF7F1FF94F82030043BDBB206
S214022F00012B09D80546E3694BB92C22002120463D
S214022F1002F0E2FD284638BD6FF09605F5E76FF041
S214022F209605F2E740B110B50446042100F01EF9FA
S214022F302046FFF7DDFF10BD704738B590F8203009
S214022F40052B17D104460379FF2B07D06BB9002552
S214022F502046FFF7CDFF00B9284638BDFFF7C8FF69
S214022F600028FAD16FF08400F7E7806800F022FAB2
S214022F700546EDE76FF08800EFE708B900207047D6
S214022F8000B583B0012201A9ECF752FB10B103B0E1
S214022F905DF804FB019800F05DF918B10198FFF79F
S214022FA0CCFFF4E76FF09900F1E730B583B0054641
S214022FB00C46084600F087F800231A4601A9284660
S214022FC0FFF727FE08B103B030BDA446DDF804E0E3
S214022FD0BEE80F00ACE80F009EE807008CE807008A
S214022FE0238B03F001032383019800F039F9EAE703
S214022FF02DE9F04188B01D460023079306932B6007
S214023000002A5AD004460E469046B2F1005F57D2C6
S21402301006AB07AA01460020FFF75AFE074600281D
S21402302033D10798436A5BB3079A53880593536A6A
S21402303005A9029102F128010191926A0092424684
S21402304031462046FFF736FF0746F0B9079A5388FF
S21402305053BBBDF814305380059A4FF6F8739A4264
S21402306028D8079E21463046FFF7B0FD074660B9CE
S2140230702A4606993046FFF758FE074648B104E04E
S21402308063681B0A09D06FF0860706990798FFF750
S21402309049FF384608B0BDE8F0814146FFF7AEFE6C
S2140230A007460028C0D0F0E7059A9342D4D06FF0C6
S2140230B08607EAE76FF08507E7E76FF08607E8E737
S2140230C06FF08507E5E710B50446C069FFF750FDC7
S2140230D024220021204602F0FFFC10BD2DE9F0411B
S2140230E0044688461E4673B90027E06920B1FFF7FA
S2140230F03FFD0023E3612362E7612662A4F80080B5
S2140231000020BDE8F081154619460120FFF720FD94
S214023110074620B13246294602F017FCE5E76FF073
S2140231208C00EEE7036813F4805F02D043F48063FA
S2140231300360036813F4005F02D043F40063036085
S2140231407047421E6FF040439A4207D341B1B0F136
S214023150804F07D3002807DA002070470120704707
S21402316008467047002070470120704790F82030CC
S214023170052B30D8DFE803F0030C151E332E4B1E4A
S214023180DBB2012B27D9042925D06FF087007047C0
S214023190022920D005291ED004291CD06FF08800F1
S2140231A07047032917D0052915D0042913D06FF0CC
S2140231B088007047022908D005290CD004290AD0B5
S2140231C0032908D06FF088007047C3691BB16FF0FF
S2140231D08800704751B980F82010002070470529F2
S2140231E0F9D00029F7D06FF0880070476FF088009A
S2140231F0704730B583B005460023019300936A46B4
S21402320001A900F075F9044638B10099019800F05A
S2140232106BF94CB1204603B030BD009A019928469E
S214023220FFF7FFFD0446F0E702212846FFF79EFF60
S2140232300446EFE710B504460321FFF797FF28B9C7
S214023240E369B3F1FF3F02D00133E36110BD6FF0D3
S2140232509600FBE7C3690BB1002070470120704758
S21402326010B338B5044690F82050032D03D0052D30
S21402327001D0042D1AD1E369DBB1013BE36120469C
S214023280FFF7E8FF38B1052D06D0042D08D002213D
S2140232902046FFF76BFF38BD2046FFF74EFEFAE7E3
S2140232A02046FFF725FEF6E7002070476FF08800FD
S2140232B0F1E76FF09600EEE70020704710F0FF008F
S2140232C006D0FF2801D0002070476FF086007047B6
S2140232D0002070470021704710B582B00C46FFF7F9
S2140232E0F9FF6A46FEF719F908B9009B236002B097
S2140232F010BDF0B587B00E461446FFF7EBFF074643
S2140233000D460023039304AAFEF707F908B107B097
S214023310F0BD03AB019300962346002238462946A9
S214023320E7F772FF039BA342F1D06FF09800EEE737
S21402333000B583B0FFF7CEFF6A46FEF7EEF810F14F
S2140233408C0F03D0012003B05DF804FB0020FAE7DF
S2140233502DE9F04184B0054688461746FFF7BAFFC6
S21402336006460C462846FFF7E3FF01281CD000233A
S214023370009343463A4630462146E7F7D5FEB0B9B3
S21402338002AA30462146FEF7C8F8054620B9029B37
S214023390BB4205D06FF0980530462146E7F792FF0C
S2140233A0284604B0BDE8F0816FF08A05F8E76FF0B2
S2140233B09805F5E770B582B0FFF78CFF05460C4618
S2140233C06A46FEF7AAF810F18C0F10D0284621465E
S2140233D0E7F778FF064660B96A4628462146FEF7B2
S2140233E09CF810F18C0F07D1304602B070BD002653
S2140233F0FAE76FF09806F7E76FF09806F4E72DE91C
S214023400F843089E23292FD904460D4690461F46A8
S214023410ECF768F98146C0B9A36843BB216A3960F4
S214023420243D8D4226D3B1F5005F26D281B9C8F875
S2140234300030E3687360238A3380638A738063692B
S214023440F360A3693361E36973614846BDE8F883B4
S2140234500120FFF77DFBC8F8000088B13A6804F146
S214023460240102F072FAE4E76FF09809EDE76FF0D4
S2140234709809EAE76FF09809E7E76FF09809E4E73A
S2140234806FF08C09E1E72DE9F04109B305461446D1
S214023490884602B3B2F5005F20D202F12406314616
S2140234A00120FFF755FB0746D8B103462A462146B8
S2140234B04046ECF723F932463946A868FFF748FF3C
S2140234C0044631463846FFF75FFB2046BDE8F081EA
S2140234D06FF08604F9E76FF08604F6E76FF08D0466
S2140234E0F3E76FF08C04F0E708B5FFF74DFB08BD75
S2140234F02DE9F04385B0044688461746002003901F
S214023500A66803A93046FFF7E7FE054618B1284627
S21402351005B0BDE8F08303990120FFF719FB814649
S21402352008B3039A01463046FFF7E3FE054620B18C
S21402353003994846FFF728FBE9E700943B464246D4
S21402354003994846FFF75BFF05460028F0D1D8F8F6
S21402355000302BB13B68002BEAD16FF09105E7E70C
S2140235606FF09105E4E76FF08C05D0E7704720B165
S21402357008B50A684968904708BD704701460020AA
S21402358008E000EB8000531C0B60137803EB40034B
S214023590A3F130000A681378303BDBB2092BF0D96E
S2140235A070472DE9F04F83B005460E4693461F46F8
S2140235B0DDF830A00D9CDDF838900F9B13F0030F5A
S2140235C019D1A0460192C84509D202F1010B3B4629
S2140235D031462020A84708F101085A46F3E7DDF8ED
S2140235E004B008E0013C02F101083B4631461AF8F5
S2140235F00400A8474246002CF4D10F9B13F0020F9A
S21402360003D1104603B0BDE8F08FA2EB0B034B4587
S214023610F7D2541C3B4631462020A8472246F4E700
S2140236202DE9F04385B099460C9D0D9C9DF8388097
S214023630DDF840E0119F129E16F0020F21D17FB1F5
S21402364016F0010F0CD0B8F1000F02D116F00C0FD5
S21402365006D0013F04E04FF0300C05F804C00134F8
S214023660744501D21F2CF6D916F0010F09D0BC42C0
S21402367007D21F2C05D84FF0300C05F804C00134D1
S214023680F2E716F0100F14D016F4806F04D11CB1B6
S214023690744522D0BC4220D00F9B102B36D00F9BF5
S2140236A0022B3ED01F2C0ED84FF0300C05F804C06B
S2140236B001341F2C07D8B8F1000F3AD04FF02D0C6A
S2140236C005F804C0013403960297019400954B4610
S2140236D0FFF767FF05B0BDE8F083B4F1010C13D025
S2140236E00F9B102B0ED064460F9B102BD7D116F0D3
S2140236F0200FD4D01F2CD2D84FF0580C05F804C097
S2140237000134CFE7023CC7E76446C5E716F0200F50
S214023710EAD11F2CE8D84FF0780C05F804C0013423
S214023720C0E71F2CCFD84FF0620C05F804C0013456
S214023730B8E716F0040F05D04FF02B0C05F804C0BE
S2140237400134C0E716F0080FBDD04FF0200C05F884
S21402375004C00134B7E7F0B591B0169C189D1B9EC5
S2140237600CB926F0100616F4806E16D064B34FF02D
S214023770000E12E00CF1300C5FFA8CFC0EF1010721
S2140237800EF1400EEE440EF820CCB4FBF5FCAC4233
S2140237901BD31F2F19D8BE466446B4FBF5FC05FBA7
S2140237A01C4C5FFA8CFCBCF1090FE3D916F0200F13
S2140237B008D04127BC445FFA8CFCACF10A0C5FFAD5
S2140237C08CFCDBE76127F5E7274606961A9C0594EC
S2140237D0199C049403959DF85C400294019708ACEA
S2140237E00094FFF71DFF11B0F0BD2DE9F04F95B024
S2140237F009900A910B929846DDF878B0DDF87C9035
S214023800229D239F269E5BEA090201D126F010061E
S21402381016F480641ED05BEA09022FD0002419E059
S2140238203032D3B204F1010A04F150020DEB020465
S21402383004F8203C2A463B4658464946FBF74AFBD4
S214023840AB4579EB07091BD3BAF11F0F18D85446BC
S214023850834689462A463B4658464946FBF73AFB84
S214023860D2B2092ADCD916F0200F05D04123134420
S214023870DBB20A3BDBB2D5E76123F8E74FF0000A7A
S2140238800696259B0593249B049303959DF880300A
S2140238900293CDF804A00CAB009343460B9A0A9908
S2140238A00998FFF7BDFE15B0BDE8F08F00B9704766
S2140238B008B500F001F808BD08B501460020FEF77D
S2140238C0B1FB08BD03280DD8022809D0032803D06F
S2140238D0012803D0FCF7A4BDECF7B0BEEDF75EB846
S2140238E0FCF7CABFFF20704743081F220BB990405F
S2140238F0704703F0010141EA4000013A5B08F5E730
S21402390008B5DDF765FA20B9DDF770FA0130C0B206
S21402391008BD0420FCE710B50446DDF759FA40B1AD
S21402392021460120EFF7F8FEFFF7DEFFC0F3CA10CC
S21402393010BDDDF75BFA38B12046EFF7D1FEFFF790
S214023940D3FFC0F30A40F3E72078F1E708B5DDF7C6
S2140239503FFA08B1042008BDDDF748FA0028F9D17D
S2140239600220F8E708B5DDF733FA10B14FF400602D
S21402397008BDDDF73BFA0028F8D18020F8E737B516
S21402398005460C46DDF724FA88B10DF10700DDF78F
S2140239903BFC9DF80700E40144EAC040FFF7A4FFA1
S2140239A0294602460120EFF7A9FE03B030BDDDF737
S2140239B01DFA60B1C4F30A0444F40060FFF794FFF2
S2140239C0010C284603B0BDE83040EFF78FBE2C70DE
S2140239D0EBE72DE9F74F0C9D0E9E019304469346A6
S2140239E0BDF834A0BDF83C90BDF840700091FFF7DA
S2140239F087FF04EB0008307A95F808C0019B4BEA73
S214023A00803242EA8C2212B20BB142F01002009BC4
S214023A109907009B48BF42F0200213F0010318BF2B
S214023A2042F00802CA45019391B203D110B142F0A6
S214023A30400291B24046EFF759FE2A7A08F1030B8C
S214023A402AB158465146EFF751FE08F1050B2A7A7D
S214023A50022A3ED158462988EFF748FE0BF1020BA0
S214023A60337A3BB1CA4505D058464946EFF73EFE83
S214023A700BF1020B337A022B36D158463188EFF718
S214023A8035FE0BF1020B019BABEB0406B6B2B3B3E9
S214023A903946009A5846FCF7F5FDFCF7A9FE0537AD
S214023AA08046FFF753FF3E44B6B28519FFF728FF5C
S214023AB0A8F10503ADB2D3F1000848EB0308291AB2
S214023AC001EB880189B2204603B0BDE8F04FFFF74C
S214023AD056BF032AC4D12A68CBF800206A68CBF8FE
S214023AE004200BF1080BBBE7032BCCD13368CBF8D1
S214023AF000307368CBF804300BF1080BC3E7FFF70E
S214023B0025FF3E44B6B28519FFF7FAFEADB2291A72
S214023B10D8E738B581F0010141EA02120446BDF841
S214023B20101000F8012B1D46EFF7E0FD2946E01CB9
S214023B30BDE83840EFF7DABD73B500230C468DF8C2
S214023B4004300646FFF7DCFE8DF80500FFF7D8FEC8
S214023B5002308DF80600FFF7D3FEC51CEDB2032C2B
S214023B608DF8075007D804F108030DEB030414F888
S214023B70040C02B070BD0D2C0DD1FFF7C1FE044639
S214023B803046FFF7C8FE0546FFF7E0FE043D2C442C
S214023B90241AA0B2EDE7FFF7B3FE3044EFF7A0FD1C
S214023BA010F4406F0246C0F3812310D1042C28463D
S214023BB0DFD0052CDDD0C2F38F31A9B9062CD8D0C0
S214023BC0072CD6D0082C1FD1013080B2D1E7042CA6
S214023BD005F10200CDD0022B01D1281DE9E7032B07
S214023BE008BF05F10A00E4E755065CBF831C98B2DD
S214023BF0062CBED0022902D1831C98B2E0E7032924
S214023C00DED100F10803F8E7130744BF053080B29F
S214023C10092CAED00A2CD7D00B2C01D10330D4E716
S214023C200C2C01D10530D0E74FF6FF70A1E738B56E
S214023C300C460546FFF764FE2044EFF751FD80135D
S214023C401DD0FFF75DFE2044EFF74AFD80130228E1
S214023C5009D1287206212046FFF76EFF2044EFF7AF
S214023C603FFD288038BD06212046FFF765FF235812
S214023C702B60221853686B6003232B72F2E72872BC
S214023C80F0E738B50C460546FFF73AFE2044EFF754
S214023C9027FD10F4406FC0F381231CD0FFF730FEDF
S214023CA02044EFF71DFDC0F38120022809D12872B7
S214023CB004212046FFF740FF2044EFF711FD28803D
S214023CC038BD04212046FFF737FF23582B60221801
S214023CD053686B6003232B72F2E738B50C46054631
S214023CE0FFF70EFE2044EFF7FBFC800B2FD0FFF70A
S214023CF007FE2044EFF7F4FC430628D401232B7674
S214023D0005212046FFF718FF2044EFF7E9FCA882BA
S214023D10FFF7F6FD2044EFF7E3FC10F4406FC0F324
S214023D20812317D001236B7603212046FFF704FF79
S214023D302044EFF7D5FCE88221462846FFF777FFB6
S214023D40214605F10A00BDE83840FFF79ABF002376
S214023D502B76DDE76B76EFE770B50546FFF7D0FD0D
S214023D602844EFF7BDFC02071ED5FFF7C9FD06463D
S214023D702846FFF7D0FD092104462846FFF7DCFE59
S214023D800721361A2846FFF7D7FE2D5C05F00705F1
S214023D906B1F5D425D41FFF7D9FD3444A4B2AD000E
S214023DA0201A401B80B270BDFFF7AAFD06462846C1
S214023DB0FFF7B1FD092104462846FFF7BDFE361A75
S214023DC0FFF7C4FD3444A4B2201AEBE7F8B50D465B
S214023DD009210646FFF7B0FE34183046FFF7BCFF4F
S214023DE0032826D9E31CA47814F004041FD004EB9D
S214023DF04402053282421CD8032101FB0434631CB0
S214023E001C7804F00401241104F0040401EB840776
S214023E10214408294FEA470602EB470209D08242AC
S214023E2007D80DB1801A2870721C9818F8BD0422A3
S214023E30E6E70020FAE7F0B587B00C4605461646D8
S214023E401F46EEF71FFA22464FF6FF74034600950A
S214023E50002104A8A5420CBF04240624FFF759FE3D
S214023E60344366B99DF830300093CDE9017404AB53
S214023E70052200212846F0F7A9FF07B0F0BDFCF79F
S214023E80DBFB0028EED13820F7E72DE9F7430D4695
S214023E900C2191461E460746FFF74EFE044638465C
S214023EA0FFF75AFF8046EEF7EDF9484522D138462D
S214023EB000F00CF9F0B109213846FFF73DFE3A5CF6
S214023EC01211013A3C44052A14D8DFE802F0031620
S214023ED02129343B2046EFF703FCD4F806100746A8
S214023EE0D4F802006B4603C36A4633463946284670
S214023EF0EDF7B4FE03B0BDE8F083002DFAD12046FC
S214023F00EFF7EEFB314603B0BDE8F043ECF718BF1F
S214023F10002DEFD1304603B0BDE8F043ECF7F6BD16
S214023F20A8F10503DBB222463146284603B0BDE8B7
S214023F30F043EDF771BE3146284603B0BDE8F043C4
S214023F40EFF774BE3146284603B0BDE8F043ECF7FF
S214023F5023BE38B50C46054609212046FFF7ECFD80
S214023F60235C1B11052B02D0062B0DD038BD0A216F
S214023F702046FFF7E1FD2044EFF7B2FB0146284654
S214023F80BDE83840ECF7E2BD2846BDE83840EFF71A
S214023F906FBE10B50C4686B0014603A8EFF7A6FB27
S214023FA02368CDF80E306368CDF81230FCF744FB78
S214023FB00A2302460093012103AB0020FFF73BFFD2
S214023FC006B010BD30B585B0044603A81546EFF717
S214023FD08DFB0221009103AB2A462046FFF72BFFFA
S214023FE005B030BD07B500230A4600930321FFF74C
S214023FF022FF03B05DF804FB37B50D460446FCF716
S2140240001BFB00950246234604210020FFF713FF00
S21402401003B030BD07B500230A4600930521FFF71B
S2140240200AFF03B05DF804FB07B500230A460093B7
S2140240300621FFF700FF03B05DF804FB38B509213F
S2140240400446FFF779FD05462046FFF785FE024641
S21402405090B1605D072809D8E0B1431E062B0BD845
S214024060DFE803F00C1C0A1E0A0A1E007E2819D07E
S2140240707F2819D07D280ED000200BE0022AFBD123
S214024080FFF73EFC2044EFF72BFB8013032814BFF8
S2140240900020012038BD042AEED9F1E7042AF6E70B
S2140240A0012AF4E7022AF2E7092AF0E708B5FFF741
S2140240B053FE042894BF0020012008BD08B5FFF770
S2140240C04BFE052894BF0020012008BD38B50546E2
S2140240D0FFF742FE0538C4B209212846FFF72CFD39
S2140240E02B5C1B11013B052B11D8DFE803F0050AF8
S2140240F0030C0303012038BD0A2C14BF0020012044
S214024100F9E7022CF9E7E04300F00100F3E70020AC
S214024110F1E708B50246102300210120E9F7FEFF69
S214024120002008BD08B50246102300210120E9F749
S214024130A5FF002008BD4369406CDA1C1438B2FBA8
S214024140F0F203EBC203CA1DB2FBF0F2013201EB3E
S214024150C2010333B3FBF0F3023300FB03107047D4
S21402416038B5446905462146FFF7E5FF6A6CE31D4C
S214024170143AB3FBF2F3013304EBC304204438BD14
S21402418073B506460D460024F36B01225B6901A94E
S21402419028199847019B013309D1736C04346219BC
S2140241A06A405B421A42EFD0204602B070BD00243D
S2140241B0FAE770B505460C46E4F752FDEB6B20466F
S2140241C0DB68BDE87040184770B5002586B0044627
S2140241D00562E369AB4202D8206A06B070BD666C1F
S2140241E02068E36B05225B6901A906FB0500984778
S2140241F001A800F012FC00F035FC10B1236A01336E
S21402420023620135E5E738B50446456C006804F1DB
S214024210400305FB0101E06B00F031FC0546204639
S214024220FFF7D2FF284638BDF0B5054687B0002610
S214024230EC69013CB44203D80C46204607B0F0BDF8
S21402424001B14C1E6F6C2868EB6B05225B6901A9F5
S21402425007FB0400984701A800F0DFFB00F002FC11
S2140242600028EAD101362146E2E7F0B50446466C5C
S214024270E36B00685B6987B00D46052201A906FB61
S2140242800500984701A800F0C8FB00F0EBFB20B140
S21402429001A800F099FB07B0F0BD29462046FFF7BB
S2140242A0C3FF676CE36B064620685B69052201A9BB
S2140242B007FB0600984701A800F086FB431CEAD0DD
S2140242C0B54238BF0130E6E72DE9F043D0F8248046
S2140242D04FF6FF7987B004460E46C84514BF4546DA
S2140242E000250027E369BB4202D807B0BDE8F08389
S2140242F0E26B2368606CD2F814C001A9052200FBA9
S2140243000530E04701A800F088FB022806D0C84521
S2140243100CD1721C29462046FFF775FFE36901356A
S2140243200137B5FBF3F203FB1255DBE729462046BD
S214024330FFF79BFFB0F1FF3F14BF02463246013241
S214024340E8E7F0B5036887B006460025CC1A436C4A
S214024350B4FBF3F4F3693768706C5A1E954208D3BF
S214024360706C336800FB043007B0BDE8F04000F024
S21402437084BB0134B4FBF3F203FB1244F36B052255
S2140243805B6901A900FB0470984701A800F045FB91
S21402439000F068FB0028E3D10135DBE710B423F018
S2140243A0030422449B070A44436C18BF04325B4250
S2140243B082EA0104234203D05DF8044BFFF7C1BF33
S2140243C010465DF8044B70472DE9F041D0E90A36F5
S2140243D09E4286B0044628D1C3694568142202FB71
S2140243E01355284606B0BDE8F0812068676CE26B7C
S2140243F0331AD2F81480B3FBF7F3052201A907FBA0
S2140244000300C04701A800F008FB012804D0636C33
S2140244101D44013B3340ED1A31462046FFF791FF1B
S2140244200646A36AB342E0D1DBE70025F9E7F0B51A
S214024430002587B004462E46E369B34202D82846D2
S21402444007B0F0BD636C276803FB0677E36B0522B3
S2140244505B6901A93846984701A800F0DEFA00F029
S21402446001FB58B1384600F008FB01462046FFF72C
S21402447087FE636C143B834208BF01350136DBE7D7
S21402448008B508301346D1E90012F3F737F90120D0
S21402449008BD13B50C4600212176009361681346C9
S2140244A02246F1F7F3FC18B1E37D03B1A07EA075B6
S2140244B0A07D02B010BD73B500F1080516460C4685
S2140244C00DF107020968284600F0A3F9032E06D16B
S2140244D06368834203D12168284600F080F90120F0
S2140244E002B070BDD01E009B42424241187E8242FC
S2140244F011D11A688A420ED85A688A420BD35A6970
S21402450001325A61D3E9030282423FBF986840F8FB
S214024510221001321A610120704710B5032A029C4C
S21402452007D1A26A5340626C5242134201D100F094
S21402453056F9012010BD08B5C36800209847BDE8AB
S2140245400840E4F795BB70B5002401281C7014BF20
S21402455004200220CC7D4243101D02F002024CB918
S2140245601AB1012220F003001A7000F1080348680D
S214024570184470BD1AB1012220F003001A700C7E96
S214024580002301F12005DAB2944201D80020F0E7B8
S21402459035F83320824203F1010606D901EBC30344
S2140245A000F10802D8691044E3E7801A3346EAE7C6
S2140245B073B590F8426005461C4630460DF103037B
S2140245C0FFF7C1FFEB6B012E5B690DD1324601A9E5
S2140245D098479DF8033013B1BDF806300193BDF835
S2140245E00430236002B070BD0122214602B0BDE84D
S2140245F070401847F0B5054687B04868EB6B002454
S2140246005B6902940E46012202A9083098472746A3
S21402461095F84230012B40F08480632C02D9029830
S21402462007B0F0BD612C08D805AB224631462846B5
S214024630FFF7BEFF9DF814301BB305AB224631468A
S21402464028468DF81070FFF7B3FF95F84230012B1D
S214024650059B55D14FF6FF72934200F096800822D2
S21402466005A904A800F060F9059B9DF81010C3F395
S2140246700722914240F08980DBB2029A1A440292E3
S21402468083E095F84230012B30D103AB2246314607
S2140246902846FFF78DFF04AB621C31462846FFF71B
S2140246A087FF05ABA21C31462846FFF781FF102282
S2140246B008230DEB02010DF107008DF8073000F01C
S2140246C033F9102205A90DF1070000F02DF9039B1E
S2140246D0DAB2002A52D19DF80720B2EB132F4DD141
S2140246E0DDE9043203EB0243029347E0302C2BD978
S2140246F044E09DF80720B2EB134F3FD1049BF3E74B
S214024700013342D0102205A90DEB020000F00CF98D
S214024710059B9DF81010C3F30742914235D19BB218
S214024720ABE7312C3FF67BAF87D005AB224631464E
S2140247302846FFF73DFFBDF81430002B7FF47DAF0F
S21402474095F84230012BA0D003AB224631462846CC
S214024750FFF72EFF04AB621C31462846FFF728FF00
S214024760102320220DEB03010DF107008DF8073010
S21402477000F0DAF8039B9AB2002ABAD095F84230D3
S214024780012B14BF012302231C44013440E713B556
S21402479000240194049C0094F1F718FF02B010BDA7
S2140247A013B501240194049C0094F1F70FFF02B0A4
S2140247B010BD30B5446800234FF0FF329C4202D150
S2140247C00023037230BD016801EBC30541F83320B4
S2140247D06A600133F2E7C0E90012FFF7EABFF0B5FC
S2140247E0456800239D4211D0046854F83320B2F184
S2140247F0FF3F4FEAC30704EBC30608D0C2F3130217
S214024800914204D14FF0FF33E3517360F0BD0133A0
S214024810E8E7F0B5456800239D4202D14FF0FF302D
S2140248200FE0046854F83340671C4FEAC30609D009
S214024830C4F31307B94205D1240D14700368334438
S2140248405868F0BD0133E7E713B504460023014676
S2140248501B220DF107008DF8073000F065F822687C
S2140248609DF80730B3EBD26F0CBF0120002002B0D8
S21402487010BD13B500230446014620220DF10700A1
S2140248808DF8073000F050F80DF107001A22211DAE
S21402489000F04AF862689DF80730B3EB926F0CBFDF
S2140248A00120002002B010BD0068431C5842584147
S2140248B07047006810F07E0F0CBFC0F3C160002086
S2140248C070470068C0F3D3107047006800F07F009E
S2140248D001288CBF002001207047036813F07E0F6A
S2140248E014BF042008207047036813F07E0F03D11C
S2140248F0406820F07C40704713F078001CBF03F03D
S2140249007F03D81F7047006800F07F0070470328B7
S21402491009D0022803D1C1F10201C8B270470029AA
S2140249200CBF0720002070471F2A0B689EBF4FF05F
S214024930FF3191408B43590801F055315B1A03F061
S21402494033319B0803F033330B44017803EB131324
S2140249500A4403F00F334FF001314B43A2EB1362CC
S2140249600270704737B501F10C0443690546694683
S214024970012220469847BDF8003001930122AB6918
S21402498001A92046984703B030BD37B501F10C04A3
S214024990436901226946054620469847009B4FF622
S2140249A0FF7299B291420DD11B0C1B0443F42543AE
S2140249B043F0A50301930122AB6901A9204698475B
S2140249C003B030BD0020FBE737B504461B22011DAD
S2140249D000250DF107008DF80750FFF7A5FF606868
S2140249E09DF80720B2EBD06F03D120F0784003B0D9
S2140249F030BD0DF107001B2204F108018DF80750A7
S214024A00FFF792FFA0689DF80730B3EBD06F01D195
S214024A10C043EAE74FF0FF30E9E703684BF29A2219
S214024A20B2EB134F10B5044613D19BB2012B13D130
S214024A30FFF7CAFF01300CD0E0684FF6FF72B2EB08
S214024A40104F4FEA104309D180B2C01A18BF012096
S214024A5010BD2368013303D00420F9E70220F7E7EC
S214024A600320F5E701288CBF002001207047033899
S214024A7001288CBF002001207047143070472DE9B2
S214024A80F04105469846036908460E46174698477B
S214024A90044638B943463A4631462846F2F70AFFF4
S214024AA0044618B131462846FFF75CFF2046BDE8AB
S214024AB0F0810220704700207047012070470020D6
S214024AC070470020704701207047F9F74DB9084635
S214024AD01146F3F75BB870B505460C4611461A4602
S214024AE0F2F75CFF06682B462046B446BDE87040E7
S214024AF0604710B5F2F752FFBDE8104083681847CA
S214024B000023F2F7A9BF08B500F028FD002008BD73
S214024B10F5F73ABD4942FFF7FBBF70B504460D46AE
S214024B2016464FF4881100F087F932462946204689
S214024B30BDE8704000F057BB7047431E012B03D9F7
S214024B40031F5842584170470120704700F067BB68
S214024B504FF4A472002100F0BFBF10B50021044636
S214024B60FCF795F82046BDE81040F8F7CDBDF7F7FC
S214024B7067BF00F092BC00F0A0BCD0F88C0070B505
S214024B80C468002324259C4201D1012070BD82689E
S214024B9005FB0322D6898E4202D8128A8A4201D2A5
S214024BA00133F0E70020F1E7F8B505460E46F2F7C6
S214024BB0AFFFD5F88C307BB15B696BB1F5F708FCBB
S214024BC0D5F88C305B691B1A584240F26B124FF0D4
S214024BD042015841F3F7C8F9F76800224FF6FF730F
S214024BE04FF0240CD0B2B84208D31C4621462846C1
S214024BF0F3F71EF900F016FB2046F8BDB1680CFB71
S214024C000011CC899C4202D2002CEFD023460132FE
S214024C10E8E7008B70470A7838B505461046FFF776
S214024C208CFF60B14C782046FFF787FF38B12243ED
S214024C30530704D42846BDE83840F8F735B90120B2
S214024C4038BD10B504460878FFF777FF58B14A78A2
S214024C501046FFF772FF30B1042A04D02046BDE8A2
S214024C601040F8F759B9012010BDF7F78FBE10B4FF
S214024C70BDF8044001945DF8044B00F036BDF7F72A
S214024C80F9BF38B504460D46F3F7D2F828B92946D7
S214024C902046BDE83840F7F7C1BF38BD70B50446B8
S214024CA00D461646F3F7C4F830B932462946204672
S214024CB0BDE87040F6F7C0BD70BD70B516460C462E
S214024CC0FCF7EEF9314605462046F6F7A7F9044604
S214024CD02846FCF7E9F9204670BD052A2DE9F04181
S214024CE006460C4615461F462BD8FFF792FF21466E
S214024CF080463046F3F79CF8044638B9F7F72AFFA1
S214024D0038B941463046F3F793F802242046BDE808
S214024D10F08101210846F2F739FF204600F080FABA
S214024D20F5F7F2FC3846F7F781FD6FF029032B41C1
S214024D30DB07284602D4F5F759FDE7E7F5F78EFDBF
S214024D40E4E70124E2E738B5044648880D4600F059
S214024D5067FAD4F8A0302BB929462046BDE8384079
S214024D60F8F710B9022038BD00F05BBA00F0E6BBD7
S214024D7073B5044600200D4600F052FAD4F8A0603F
S214024D8069462046FFF7F2FF5EB99DF800102A46F4
S214024D902046E5F79BFE0146204600F09BFB02B04C
S214024DA070BD00231A4629462046B047F7E71FB5CE
S214024DB000230393CDE90133684613680093144633
S214024DC08DF80C10F7F7C0FD009B236004B010BDF1
S214024DD01FB50023CDF80630CDF80A30ADF80E30F8
S214024DE0ADF804101368009369461446F8F740F8C5
S214024DF0009B236004B010BDF4F772BD38B50446BC
S214024E000D46FCF74DF900232563E362BDE8384002
S214024E10FCF74AB938B505460C46FCF741F92B6B48
S214024E201C40EB6A2343EB62FCF73EF9211E18BFD7
S214024E3001210020490238BD38B504460D46FCF76C
S214024E402FF9236B1D40E36A23EA0505E562FCF7AA
S214024E502BF9284638BDC06A70477FB504460E4611
S214024E6000F04CFA431EDBB2FD2B05464FF48811C8
S214024E70204688BF0096FFF7DFFF2A46694620468F
S214024E8000F09DF904B070BD10B501210446FFF78D
S214024E90D3FF2046BDE81040F5F722BF73B50D7864
S214024EA006460C4635B304238DF8043023798DF874
S214024EB0053001A93046FFF7C4FE0546B8B9227888
S214024EC0A37952BB8DF80430E3798DF8053001A939
S214024ED03046FFF7A0FE054648B923783BB1618805
S214024EE03046F8F751F90121304600F03EFB2846DD
S214024EF002B070BD294600F038FB2946304600F065
S214024F0061FB2946304600F062FB2378002BCAD1AB
S214024F1023798DF804306379C9E702228DF80420DC
S214024F20D3E7F8F76FB9F8F789B900F070BB00F06D
S214024F308FBB00F051BB08461146F3F77BBCF8F76F
S214024F401FBA70B5144686B005460E4612220021D8
S214024F500DF1060000F0C0FD23680093694628465E
S214024F60ADF8046000F04FFB009B236006B070BDF6
S214024F700846F3F78BBBF8F7FDBA38B50446154674
S214024F8009B100F083FB25B12046BDE83840F8F7AA
S214024F90F9BA38BD084611461A46BDF8003000F088
S214024FA041BA0846F5F7B2B800F087B9F4F73EBF43
S214024FB00847022A01D800F010BC01207047022AD6
S214024FC001D800F01BBC01207047022A01D800F06D
S214024FD027BC0120704738B504460D4600F0FAFBA0
S214024FE028B129462046BDE8384000F028BC0220F9
S214024FF038BD70B504460D46164600F0EBFB30B1E0
S214025000324629462046BDE87040F8F7A9BF02207E
S21402501070BDF9F71FB80846F9F73EB8002070478A
S214025020002070472DE9F74F1C469DF8303001935B
S214025030036803F00703063301259D40064617461C
S21402504005F1FF380B46A1B1416804EA080BA5EB4F
S2140250500B0A41F00059524509EB0B0114D952468E
S214025060184600F072FC7A1B5A444946504400F037
S2140250706CFC019B2BB13C4448EA050804EA080490
S214025080F46003B0BDE8F08F1846F0E737B50025A8
S21402509000951446FFF7C6FF204603B030BD2DE943
S2140250A0F04F85B00646BDF838A0894617469846A2
S2140250B00525002447F6FF7B3F2D9ABFC5F1400029
S2140250C0C0B22846CDF800A043463A46B9F1000FD2
S2140250D01CD03146F3F738FF5845B8BF2C4605F1C9
S2140250E00A05EDB2B8BF8346872DE5D1631F621D60
S2140250F0DBB2002547F6FF7B0392039A93420BD955
S2140251003F2D28D9284605B0BDE8F08F0146304627
S214025110E0E70146304614E01A06F1D4012B38BF08
S21402512001233F2B98BFC3F140001C468CBF184694
S214025130C0B2CDF800A043463A46B9F1000FE8D017
S2140251403146F3F701FF5845ACBF584625460134B1
S214025150E3B28346D1E7C5F14005EDB2D2E70228B5
S214025160F7B50D4616461F4617D100930020134684
S2140251700A460121FFF793FF33462A46002100978D
S214025180FFF78DFF009733462A4601210446FFF7B4
S21402519086FF44EA002003B0F0BD4FF0FF30FAE786
S2140251A0D0F890304BB15B693BB11B689A1C08BFC4
S2140251B04FF0FF330B60002070470120704738B570
S2140251C00D6804462846F3F783FCD4F8903043B1C2
S2140251D05B6933B1013504BF6FF001020A600A68E9
S2140251E01A60002038BD7FB5D0F8943005460C46CC
S2140251F0164623B11A6812B1D868F3F7D3FBF3F751
S214025200E5FF3246009069462846FFF7D8FF0CB104
S214025210009B2360002004B070BDF8F74DBD7047B8
S214025220704770477047704738B50D460446F5F725
S214025230CFF8AC4042F2107364095C436423B0FBBF
S214025240F3F0B4FBF0F038BD022807D0062807D0EA
S214025250003818BF01204042C0B270470120704794
S2140252600020704730B51F23B0FBF3F35D1CEDB290
S2140252704FF0FF34C3EB4313AC40C01AE443013093
S214025280E4B2C0B21460086030BD70B505460E4682
S214025290C0B201F00F01FFF7C7FFC6F303110446C1
S2140252A0C5F30720FFF7C0FFC6F303210444C5F386
S2140252B00740FFF7B9FF204470BD08B5F4F7F8FCC5
S2140252C0BDE80840F4F77EBD10B50446F4F7F0FCDE
S2140252D0844288BF01F1FF31204601F00301BDE898
S2140252E01040F4F76FBD38B50446FFF7E6FF0546F3
S2140252F0FFF7E3FF431BA342FAD338BD00207047F3
S214025300F7B544F20802B2EB114F05460C468FB2CF
S2140253104FEA11430ED0B3F5045F14BF02260126EE
S214025320D5F890300BB1196831B9D5F88C307BB905
S21402533020680BE00026F3E7334668463A46F4F761
S2140253404DFF9DF804300098002BEED103B0F0BD5F
S21402535019680029ECD0334668463A46F4F73EFF11
S2140253609DF804300098002BE2D1EFE70320F7F710
S2140253708DBB10B5044651B10B6843B15B6833B1BF
S2140253801A68032A03D99C6A640E204610BDFBF7EE
S21402539087FE01462046F5F7C9FB04460846FBF79A
S2140253A083FEF2E738B14FF47A735843A0F6AC5056
S2140253B0401AF5F7E1BC4CF25030FAE7F6F7CEBCED
S2140253C0F6F7CCBCF6F7CABCF6F7C8BC7047436B18
S2140253D003F06003402B0DD0602B03D0203B5842D5
S2140253E05841704749B10B68012B06D9486940F00D
S2140253F00100704740F201107047002070470346D4
S21402540070B10268022A0BD9426A12F47F4FC2F3C5
S214025410072006D01B6AD2B25A43B2FBF0F070479E
S21402542000207047F0B5144687B01E460F4619B9DD
S2140254300024204607B0F0BD002AF9D00028F7D095
S21402544001A9F3F7F7F90028F2D0BDF80630BDF847
S2140254500850A2199A42C4BF9B1B9CB2B54212D9ED
S2140254600399AD1BADB23144A5420391ADF8085085
S2140254700DD22A46384600F068FA0499621B78195B
S21402548000F063FAD5E70499761B3144049122466C
S2140254903846F5E70220F4F7F5BBD0F894304BB166
S2140254A01A68022A06D993F8250028B11B6AB3FBAC
S2140254B0F0F07047FBF7E7BB704708B50146D0F837
S2140254C09400FFF79CFF20B9BDE808400846FBF7AA
S2140254D0DCBB08BD10B590F8D0300E2B04462BD09E
S2140254E00175D0F8900020B3D4F8A0304BB994F8E8
S2140254F0D9308B420BD320460022BDE81040F7F786
S2140255009BBDB4F92420B0F912309A42F3DD94F828
S214025510D91000222046F7F78FFD60B9C4F8900034
S2140255202046FFF776FB01462046BDE81040F2F71C
S2140255307FBCFF23637510BD0220FCE70346D0F84C
S214025540D0000860B3F8D4308B800020704790F803
S214025550D0300E2B14BF407DFF20704708B5FFF7F2
S21402556005FFBDE80840F5F705B938B505460C460F
S214025570F8F7AEFC88B10CB1002038BD4FF40061DC
S2140255802846F7F73BF800224FF480712846F7F7D3
S21402559021F8003818BF0120EFE74FF400612846D3
S2140255A0F7F72CF840B1002CEDD095F8CA30002B56
S2140255B0E2D14FF48072E7E72202E5E74FF480710A
S2140255C0F7F71CB84A024FF40071F7F703B88A02DD
S2140255D04FF48061F6F7FEBF70B586B00D46012027
S2140255E001A91646F3F726F9044648B1BDF8064067
S2140255F0B44228BF3446224629460120F2F788FFE5
S214025600204606B070BD04238B71002070473F2BE6
S214025610084610B5114619D9B3FA83F3C3F1190235
S214025620D2B2062A01D8192B0ED0062A28BF062285
S214025630931DDBB201249C40A4B2A14228BF21469E
S214025640F2F7E2FE204610BD0022F1E70024F9E759
S21402565013883F2B10B5084616D9B3FA83F3C3F165
S2140256601901C9B2062901D8192B0BD0062928BF61
S21402567006218C1DE4B20123A3401380F2F7E2FE5A
S214025680002010BD0021F4E70120FAE7F7F714B86E
S21402569010B5084614460121F4F7A8FE204601215B
S2140256A0BDE81040F4F7A2BEF8B504460E4617460B
S2140256B0FBF7F6FC3A4605463146204600F01BF953
S2140256C004462846FBF7F0FC2046F8BD0220704749
S2140256D003207047F4F7CEBA10B5F8F74FF9044630
S2140256E008B9F6F79BF8204610BD2DE9F04F85B0B5
S2140256F0D0F88CC00293BDF838300393BCF1000F8B
S21402570044D0DCF80C300193002528464FF02409DB
S214025710A1F1080A019BAB4204D11080002005B01B
S214025720BDE8F08FDCF8084009FB0544B4F80E80AB
S214025730238A00934346009E9E4201D20135E9E742
S214025740029EB34210D3039EB3420DD80026B7B2D0
S214025750B84204D81688864209D10120DFE701360E
S2140257603AF836709F42F2D101339BB2E3E7D4E9AE
S214025770016701EBC00BA3EB080E21F8303007FBE4
S2140257800E660130CBF8046080B2EDE70220C6E771
S214025790704770B505460E461446FFF744FD31467F
S2140257A02846FFF701FAFFF73EFD04F00903082B2F
S2140257B004D10C2C1CBF24F00804A4B221462846AF
S2140257C0F7F75EF900224FF400312846F6F702FF9B
S2140257D0002070BD8021F6F711BF7FB5531C05AAC5
S2140257E0ADF81410029202210022CDE90021DBB2AC
S2140257F01146F6F70DFF07B05DF804FB7FB5531CA4
S21402580005AAADF81410029204210222CDE9002165
S214025810DBB200220121F6F7FBFE07B05DF804FBBF
S2140258201FB5531C029100220821CDE90021012256
S214025830DBB21146F6F7ECFE05B05DF804FB08B5E0
S214025840CA064FF00061F6F7C5FE002008BD07B590
S21402585091F82830009391F82B3091F8292091F88E
S2140258602A10F8F713FB03B05DF804FB38B50546BB
S214025870F7F700F904462846F7F7DAF8072811D1B1
S214025880D5F89030DB6924F47F4121F0080103B19A
S2140258905B7841EA032141F020012846BDE8384002
S2140258A0F7F7EEB824F02001F7E7002070472DE95D
S2140258B0F0411F46164605468846E2F799FAB0FBBF
S2140258C0F7F47443631C13D043462A4639463046DF
S2140258D0F8F74EFC022D04D1F8F70EFC2046BDE880
S2140258E0F081032D02D1F8F719FCF7E7F8F722FC4E
S2140258F04FF0FF34F2E7F7B505460F466846114605
S214025900F8F7CEFD064698B197B1DDE900311B0ADD
S21402591043EA0163A5FB0343090A05FB0135F4F7D5
S21402592057FD0023024629462046F9F7D3FA386087
S214025930304603B0F0BD10F8012B11F8013B012AE6
S21402594028BF9A42F7D0D01A70470A44914200F113
S214025950FF3300D1704710B511F8014B03F8014F21
S2140259609142F9D110BD10B56AB10139841810F808
S214025970012B11F8013F9A4203D1A04201D0002A1E
S214025980F5D1D01A10BD1046FCE7034613F8012BDA
S214025990002AFBD1181A0138704710B50C46B1F927
S2140259A00E10FAF77DFB0028ABBF636DA3891B18A8
S2140259B023F48053ACBF6365A38110BD2DE9F0418B
S2140259C01F468B89DB0505460C46164605D5B1F9FA
S2140259D00E1002230022FAF751FBA389B4F90E1027
S2140259E023F48053A38132463B462846BDE8F04165
S2140259F0FAF716B810B50C46B1F90E10FAF73EFBD8
S214025A00431CA38915BF606523F4805343F4805377
S214025A10A38118BFA38110BDB1F90E10FAF7FCBA24
S214025A2070B5A1FB02543CB92946F9F7D5FD0646E6
S214025A3028B90026304670BD0C220260F9E72A46D5
S214025A40214600F049F8F5E72DE9F843074688466F
S214025A5014460026D4E90195B9F1010905D5246852
S214025A60002CF7D13046BDE8F883AB89012B07D965
S214025A70B5F90E30013303D029463846C0470643EF
S214025A806835E9E710B501390244904201D1002099
S214025A9005E0037811F8014FA34201D0181B10BD90
S214025AA00130F2E7884210B501EB020402D98442C3
S214025AB0234607D8431EA14208D011F8012B03F84B
S214025AC0012FF8E7024401468A4200D110BD13F8BE
S214025AD0014D02F8014DF7E702440346934200D116
S214025AE0704703F8011BF9E770477047704770B5B7
S214025AF00C46B1F90E10002996B015461E460DDA70
S214025B00A38913F0800F4FF0000114BF40234FF417
S214025B108063002031602B6016B070BD6A46FAF7CB
S214025B208BFA0028ECDB019901F47041A1F50053D1
S214025B30594259414FF48063EBE78B89F7B59D07CD
S214025B4006460C4607D504F147032360236101236A
S214025B50636103B0F0BD01AB6A46FFF7C8FF009F62
S214025B60054639463046F9F737FD48B9B4F90C30E0
S214025B709A05EED423F0030343F00203A381E2E77F
S214025B80A389206043F08003A381019BC4E9040734
S214025B905BB1B4F90E103046FAF760FA28B1A38961
S214025BA023F0030343F00103A381A3891D43A581C8
S214025BB0CFE79368013B002B10B4936008DA946930
S214025BC0A34201DB0A2903D15DF8044B00F01AB8A0
S214025BD01368581C1060197008465DF8044B70472D
S214025BE0F8B506460F461446D518AC4201D1002039
S214025BF007E014F8011B3A463046FFF7DAFF431C6B
S214025C00F3D1F8BDF8B50E461446054618B1036A38
S214025C100BB9F9F703FEA369A360A3891A0701D596
S214025C20236943B921462846FAF774F818B14FF0AB
S214025C30FF373846F8BD23682269981A6369F6B2B8
S214025C408342374605DC2146284600F00AF900283A
S214025C50EDD1A368013BA36023685A1C22601E7024
S214025C606269431C9A4204D0A389DB07E1D50A2E57
S214025C70DFD12146284600F0F4F80028D9D0D6E72E
S214025C802DE9F047164698468A680B69DDF820909B
S214025C909342B8BF1346336091F8432007460C463A
S214025CA00AB1013333602368990642BF3368023370
S214025CB03360256815F0060506D104F1190AE36873
S214025CC032689B1AAB4226DC94F843302268003BCB
S214025CD018BF012392062BD404F1430241463846EC
S214025CE0C84701301ED02368226903F00603042B3E
S214025CF002BFE5683368ED1AA3680CBF25EAE575AE
S214025D0000259342C4BF9B1AED1800261A34B542EA
S214025D101AD1002008E00123524641463846C847B9
S214025D20013003D14FF0FF30BDE8F0870135C6E7FA
S214025D30E1185A1C302081F84300224494F845109A
S214025D4082F843100233C7E701232246414638460B
S214025D50C8470130E6D00136D9E7B1F90C202DE963
S214025D60F041170705460C4656D44B68002B02DC5A
S214025D700B6C002B3DDDE66A002E3AD0002312F4AF
S214025D8080522F68216A2B6025D0626DA38958073E
S214025D9005D56368D21A636B0BB1236CD21A216ADB
S214025DA0E66A00232846B047411C24D000236360DD
S214025DB023692360A389DA0400D56065616B2F60CE
S214025DC0B9B104F14403994202D02846F9F740FEDD
S214025DD0002363630DE001232846B047461C0246B3
S214025DE0D4D12B68002BD1D01D2B01D0162B2BD152
S214025DF02F6000202FE02A68B4F90C3042B11D2A29
S214025E0001D0162A22D10023636023692360D5E7D6
S214025E10626022692260CEE70F69002FE9D09307FD
S214025E200E6808BF4B690F6018BF0023A6EB070871
S214025E308B60B8F1000FDCDD216AA66A43463A465B
S214025E402846B047002808DCB4F90C3043F040037B
S214025E50A3814FF0FF30BDE8F0810744A8EB0008AD
S214025E60E7E738B50B6905460C4613B90025284600
S214025E7038BD18B1036A0BB9F9F7D0FCB4F90C3087
S214025E80002BF3D0626ED00704D4990502D4A06D1D
S214025E90FFF72BFE28462146FFF75FFF636EDA0701
S214025EA00546E4D4A3899B05E1D4A06DFFF71EFE48
S214025EB0DDE708B50620FAF705F90120FCF7DBF85E
S214025EC01F2938B505460C4604D9162303604FF041
S214025ED0FF3038BDC26B12B152F821304BB928469A
S214025EE000F016F8224601462846BDE83840FAF782
S214025EF0F1B8012B0AD0591C03D1162303600120E6
S214025F00E7E7002142F82410204698470020E0E701
S214025F10FCF7B7B800000000000000000000000018
S214025F20F8B500BFF8BC08BC9E467047F8B500BF7F
S214025F30F8BC08BC9E4670475FF800F0E5210020DA
S214025F40000000000000000000000000000000004A
S214025F50000000000000000000000000000000003A
S214025F604368616E6E656C20256420697320696ED5
S214025F7076616C69642C2074686520666972737435
S214025F802076616C6964206368616E6E656C206958
S214025F9073202564210A0000666F726D2030782512
S214025FA03032580A000000005065726D6974206A2B
S214025FB06F696E207374617475733A203078253079
S214025FC032580000545820706F77657220736574DB
S214025FD03A2025640A000000545820706F776572D4
S214025FE020736574206661696C65640A00000000AF
S214025FF0656E61626C65640064697361626C656497
S214026000000000005458206F7074696F6E7320731E
S21402601065743A204D41432061636B732025732CCF
S2140260202073656375726974792025732C207072EB
S214026030696F726974792025730A00004368696C77
S214026040642072656D6F76616C2030782530325828
S2140260500A000000496E666F3A0A000020202020DF
S21402606020202020204D43552049643A20307825B0
S2140260703031366C6C580A0020204E6574776F7289
S2140260806B2073746174653A203078253032580A72
S214026090000000002020202020204E6F646520741F
S2140260A07970653A203078253032580A00000000B0
S2140260B02020202020202020202065756936343AB2
S2140260C0203E257825782578257825782578257820
S2140260D025780A0020202020202020204E6F64658C
S2140260E02069643A203078253034580A00000000CF
S2140260F02020204E6F6465206C6F6E672069643ABC
S2140261002030780025303258000000002020202061
S214026110202020202050616E2069643A20307825A5
S2140261203034580A000000002020202020202020A2
S2140261304368616E6E656C3A2025640A00000000B2
S21402614020202020202020202020506F7765723AC1
S2140261502025640A00000000202020202054582019
S2140261606F7074696F6E733A204D41432061636BA2
S214026170732025732C2073656375726974792025E4
S214026180732C207072696F726974792025730A0005
S214026190526164696F206368616E6E656C20736518
S2140261A0742C207374617475733D307825303258C0
S2140261B00A00000053657474696E67207261646930
S2140261C06F206368616E6E656C206661696C6564DB
S2140261D02C207374617475733D3078253032580AFA
S2140261E0000000004F4E00004F46460052616469B0
S2140261F06F206973207475726E65642025730A00B9
S214026200526164696F20746F67676C6520697320DA
S2140262106661696C65642C207374617475733D30B5
S21402622078253032580A0000537461727420656E05
S21402623065726779207363616E6E696E673A206372
S21402624068616E6E656C2025642C2073616D706CBF
S21402625065732025640A0000537461727420656EAB
S21402626065726779207363616E6E696E6720666118
S214026270696C65642C207374617475733D3078257F
S2140262803032580A000000005365637572697479EB
S214026290206B657920756E7365742073756363650C
S2140262A0737366756C0A0000436F756E74657220B0
S2140262B0747970653D3078253032583A20256C6402
S2140262C00A00000047657420636F756E746572205D
S2140262D06661696C65642C207374617475733D30F5
S2140262E078253032580A00006F74615F74617267F5
S2140262F065743A20696E76616C69642064657669B5
S21402630063655F69643D2564202876616C69642054
S21402631072616E67653A20317E2564290A000000A4
S2140263205B504F4C4C5D204D616E75616C20706FFA
S2140263306C6C206379636C65207374617274656437
S2140263402E0A00005B4D4541535D20616C7265610B
S21402635064792072756E6E696E672E0A0000000000
S2140263605B4D4541535D2072656164793D2564202D
S2140263706163746976653D2564207265636F726435
S214026380733D256C750A00005B4D4541535D206CDC
S2140263906F6720636C65617265642E0A00000000F8
S2140263A05B4D4541535D206175746F203D20256429
S2140263B020286761703D257573290A005B4957538B
S2140263C0425D206D697373696F6E3D25752020737B
S2140263D077656570733D25752F257520206261747B
S2140263E063685F72656164793D2575202071756505
S2140263F07565643D25750A004F4E202873756D6DD0
S214026400617279206F6E6C79290000005B495753E0
S214026410425D206175746F2D647261696E203D2045
S21402642025730A0028ECA095EC8381290000000061
S214026430E2988520ED81B4EB9FADEC9DB420EB8411
S21402644088EBACB420EBB9A0EBA68420E2809420C3
S214026450EC868DEB8F84EBA5BC20EB82AEECB69C73
S21402646020EAB283000000005B5350495D20706949
S2140264706E733A2043533D257520434C4B3D25759C
S214026480204D4F53493D257520202028EC9CA0ED39
S2140264909CB420ECA095EC8381EAB0923A20435358
S2140264A03D3120434C4B3D30204D4F53493D302922
S2140264B00A0000005B5350495D2072785F6279746F
S2140264C065733D256C75202063735F65646765732D
S2140264D03D256C7520206672616D65733D256C7571
S2140264E00A0000005B5350495D206C6173745F6361
S2140264F06D643D307825303258206C6173745F6C61
S214026500656E3D2575202066697273745F72783DEC
S2140265103078253034580A005B5350495D206F7638
S214026520657272756E3D256C75202025730A000013
S2140265305B5350495D207374616765643D25752021
S21402654062797465732C2074785F6964783D25756A
S2140265500A0000005B5350495D204D49534F20EC22
S21402656084A0EB91902038423A20253032582025DC
S21402657030325820253032582025303258202530E7
S21402658032582025303258202530325820253032D5
S21402659058202028ECB2AB20EBB094EC9DB4ED8AE8
S2140265A0B8EAB08020413520EC97ACEC95BC20ECE4
S2140265B0A095EC8381290A005B5350495D20E28650
S2140265C09220EC9584EBACB420ED999CEB8F99204D
S2140265D0EC9786EC9D8C2E20EBA788EC8AA4ED84A3
S2140265E0B0EAB08020ED81B4EB9FAD2F435320EB91
S2140265F0A5BC20EC958820EB84A3EAB1B0EB829888
S21402660020EBB0B0EC84A020EBAFB8EC97B0EAB2C7
S214026610B02E0A005B5350495D20E2869220435317
S21402662020EB8A9420EC98A4EB8A94EB8DB020EDB4
S21402663081B4EB9FADEC9DB420EC9786EC9D8C2E3E
S2140266402053434C4B20EBB0B0EC84A02F4C4F436E
S21402665020ED9995EC9DB82E0A0000005B53504938
S2140266605D20E2869220EBB094EC9DB4ED8AB8EB06
S2140266708A9420EC98A4EB8A94EB8DB020435320A6
S214026680EC97A3ECA780EAB08020EC9786EC9D8C72
S2140266902E20435320EBB0B0EC84A02FEAB7B9EC1F
S2140266A084B120ED9995EC9DB82E0A005B535049B3
S2140266B05D20E2869220EBB0B0EC84A02FED9484AD
S2140266C0EBA088EC9DB4EBB08D20ECA095EC83811A
S2140266D02E206C6173745F636D6420EAB08020EBD9
S2140266E0B3B4EB82B820EBAA85EBA0B9EAB3BC2020
S2140266F0EAB099EC9D80ECA78020ED9995EC9DB8C8
S2140267002E0A00005B5350495D2073746174732037
S214026710636C65617265642E0A000000202E2E00EE
S21402672075736167653A207370695F696E6A65633F
S21402673074203C636D645F6865783E205B617267B7
S2140267405F6865785D0A00005B5350495D20696E9C
S2140267506A656374206672616D653A202530325828
S214026760257320286C656E3D2575290A00000000F9
S2140267705B49515D20737765657020696E20707283
S2140267806F677265737320E280942064756D702063
S214026790626C6F636B65642028776F756C64207318
S2140267A074616C6C2074686520726164696F292E4E
S2140267B00A0000005B49515D20EC8AA4EC9C95EC33
S2140267C09DB420EB819DEB829C20EB92A4EC9790EB
S2140267D020EB8BA4EC8B9C20EC8B9CEB8F84ED95B2
S2140267E098EAB1B0EB82982C202769715F617574C4
S2140267F06F20312720EBA19C20EC9E90EB8F9920F6
S214026800ED9A8CEC8898EBA5BC20EC93B0EC84B89F
S214026810EC9A942E0A0000005B49515D206E6F745C
S21402682068696E67207374616765640A0000000019
S2140268305B49515D20626164206D61676963203047
S21402684078253032580A00005B495753425D206D66
S214026850697373696F6E3D2575207377656570730E
S2140268603D25752F25752062617463685F726561C8
S21402687064793D2575206E5F7265636F7264733D41
S21402688025750A005B495753425D2072785F69643A
S214026890EBB38420EBA088ECBD94EB939C3A205497
S2140268A0582830293D257520206E313D257520203B
S2140268B06E323D257520206E333D257520206E34C0
S2140268C03D25750A0000000074785F69642C7278B2
S2140268D05F69642C6368616E6E656C2C7365712CDF
S2140268E073616D706C655F6964782C492C510A007F
S2140268F025752C25752C25752C25752C25752C258E
S214026900642C25640A000000536563757269747905
S214026910206B657920696D706F727420737563637E
S21402692065737366756C2C206B65792069643A20F2
S214026930256C750A000000005365637572697479E8
S214026940204B657920696D706F7274206661696C80
S21402695065643A20256C640A00000000536563757E
S21402696072697479206B6579207365742073756318
S2140269706365737366756C0A000000005365637581
S21402698072697479206B6579207365742066616913
S2140269906C6564203078253032580A00536563757A
S2140269A072697479206B6579206C656E67746820ED
S2140269B06D7573742062653A202564206279746569
S2140269C0730A00005350493A20444D4120737461C3
S2140269D07274206661696C656420283078256C586C
S2140269E02920E28094207573696E672049525120EF
S2140269F054582066616C6C6261636B0A000000008A
S214026A004E6574776F726B20464F524D4544206F29
S214026A106E2063683D25642C2050414E3D3078251B
S214026A203034580A00000000656D626572466F7267
S214026A306D4E6574776F726B204641494C45443AF9
S214026A40203078253032580A0000000067657453FB
S214026A50746F72616765536C6F74496E666F204619
S214026A6041494C45443A203078256C580A000000CB
S214026A7053746F7261676520736C6F7420303A20AE
S214026A80616464723D30782530386C582C206C6511
S214026A906E3D256C752062797465730A00000000ED
S214026AA04F54412072656164792E2057616974697A
S214026AB06E6720666F722041505F4F424320493214
S214026AC04320636F6D6D616E647320286572617317
S214026AD065E2869273747265616DE2869273746182
S214026AE07274292E0A00000049324320536C6176E4
S214026AF06520696E697469616C697A65642061747F
S214026B002030782530325820285344413D504331B6
S214026B10302F4C4F4331362C2053434C3D5043319B
S214026B20312F4C4F433134290A0000005350493A62
S214026B3020444D4120756E617661696C61626C65B8
S214026B402028696E69743D3078256C5820616C6C1B
S214026B506F633D3078256C582920E2809420666168
S214026B606C6C696E67206261636B20746F20495299
S214026B7051205458202862797465206C6F737320F4
S214026B80706F737369626C65290A0000535049205E
S214026B90536C61766520696E697469616C697A65A1
S214026BA0642028555341525430204C4F4325753AA1
S214026BB0204D4F53493D504130204D49534F3D5093
S214026BC0413120434C4B3D5041322043533D5041CE
S214026BD033290A000A3D3D3D204D617374657220DB
S214026BE02853696E6B202F204F54412053657276CE
S214026BF065722920E28094204175746F6D61746518
S214026C0064204F5441203D3D3D0A0000626F6F7480
S214026C106C6F616465725F696E6974204641494CA7
S214026C2045443A203078256C582028726F6C6C6286
S214026C3061636B206775617264206C696D69746547
S214026C4064290A004E6F2050534120414553206B61
S214026C50657920666F756E642C206372656174694F
S214026C606E67206F6E652E0A00000000536563751E
S214026C7072697479206B657920696D706F72742001
S214026C804F4B2C2069643A20256C750A00000000E0
S214026C905365637572697479206B657920696D70C6
S214026CA06F7274204641494C3A20256C640A0000F3
S214026CB050534120414553206B65792065786973AE
S214026CC074732C2072657573696E672E0A00000055
S214026CD0656D6265724E6574776F726B496E697424
S214026CE03A203078253032580A0000005265737513
S214026CF06D696E67207361766564206E6574776F62
S214026D00726B2E204E6F646549443D3078253034D0
S214026D10580A0000656D6265724E6574776F726B15
S214026D20496E6974206572723A203078253032587E
S214026D302E20466F726D696E67206E6577206E65CF
S214026D4074776F726B2E0A004D61737465722069D8
S214026D506E697420636F6D706C6574652E0A000030
S214026D604F5441207669612041505F4F424320498B
S214026D7032433A20657261736528307830332920B1
S214026D80E286922073747265616D283078303229FB
S214026D9020E2869220535441525428307830342CC4
S214026DA0746172676574292E0A00000001010000F2
S214026DB000000000606701000000000005000000FF
S214026DC00000000040420F00050100000000000025
S214026DD000000000000000004F424320444154419E
S214026DE03A2073746174653D25642C206F66667361
S214026DF065743D256C752F256C752C207461726741
S214026E0065745F6465763D25640A00004E564D3310
S214026E1020736C6176655F7461626C653A206E6F92
S214026E207420666F756E64202866697273742062B9
S214026E306F6F74206F7220636C6561726564292EB1
S214026E400A0000004E564D333A20526573746F7234
S214026E50656420736C617665206465766963655F38
S214026E6069643D256420286E6F64655F69642070DE
S214026E70656E64696E672072656A6F696E292E0A8E
S214026E80000000004E564D3320736C6176655F74C9
S214026E9061626C652073617665204641494C4544C3
S214026EA03A203078256C580A00000000726567693F
S214026EB0737465725F736C6176653A20696E76618B
S214026EC06C6964206465766963655F69643D256400
S214026ED00A000000536C6176652069643D25643AB9
S214026EE0206E6F64655F69642030782530345820E0
S214026EF0E28692203078253034580A00536C617648
S214026F00652069643D256420286E6F64653D30788F
S214026F1025303458292072652D616E6E6F756E634A
S214026F2065642E0A00000000536C61766520726567
S214026F3067697374657265643A2069643D25642CDA
S214026F40206E6F64653D3078253034582028736C87
S214026F506F74202564290A00726567697374657206
S214026F605F736C6176653A207461626C6520667543
S214026F706C6C210A000000005B4D4541535D2063A6
S214026F80616D706169676E2061626F727465642EEE
S214026F902072657475726E656420746F20686F6DFA
S214026FA065206368616E6E656C2E0A005B504F4CFE
S214026FB04C5D20E286922069643D256420286E6F2F
S214026FC064653D307825303458290A005B504F4CB2
S214026FD04C5D2053656E64206661696C20746F2078
S214026FE069643D25643A203078253032580A00001C
S214026FF04F54412050524550415245206D736720F0
S214027000746F20307825303458204641494C454428
S2140270103A203078253032580A0000004F5441207A
S214027020E28692206E6F64653D3078253034582CA7
S2140270302069643D25642C207461673D30782530D4
S21402704032582C2073697A653D256C750A0000005B
S2140270505B504F4C4C5D204E6F20706F6C6C6162C3
S2140270606C6520736C61766573207965742E205288
S2140270706574727920696E2025756D732E0A00007C
S2140270805B504F4C4C5D2054696D656F757420667D
S2140270906F722069643D25642E0A00005B504F4CD7
S2140270A04C5D204379636C6520646F6E65202825ED
S2140270B0752F257520736C61766573292E204E65B3
S2140270C0787420696E2025756D732E0A0000000004
S2140270D0465720706B7420746F6F2073686F7274DB
S2140270E020286C656E3D2564290A000046572070EC
S2140270F06B74207472756E63617465643A206461A1
S21402710074615F6C656E3D257520627574206F6EC6
S2140271106C792025642072780A0000004657207099
S2140271206B7420696E76616C696420646174615F59
S2140271306C656E3D25750A0046572073747265614C
S2140271406D2053544152542028736C6F74206D7511
S2140271507374206265207072652D65726173656452
S214027160292E0A00465720706B7423206A756D70AC
S2140271703A20676F742025752C20657870656374D5
S2140271806564202575202864726F703F290A000006
S2140271904657206F766572666C6F7720256C752B66
S2140271A02575203E20736C6F7420256C752E204149
S2140271B0424F52542E0A0000465720777269746571
S2140271C053746F72616765204641494C2061742092
S2140271D0256C753A203078256C580A00465720727E
S2140271E06561646261636B204D49534D4154434867
S2140271F020617420256C752E2041424F52542E0A6F
S2140272000000000046572073747265616D20434F7C
S2140272104D504C4554452E2073697A653D256C7554
S2140272202062797465732E20284F54415F46575F5B
S2140272305245414459290A002020E28692204150B4
S2140272405F4F42433A2073656E6420535441525452
S214027250283078303429205B7461726765745D204B
S21402726028303D54582073656C662C20317E256488
S2140272703D5258206465766963655F6964290A0031
S21402728046572072783A20706B742325752C202579
S2140272906C752062797465730A0000004F424320C1
S2140272A045524153453A20746F6F2073686F72746B
S2140272B020286C656E3D2564290A0000455241531C
S2140272C0453A2067657453746F72616765536C6FD5
S2140272D074496E666F28257529206661696C656437
S2140272E02E20426F756E647320636865636B206F31
S2140272F066662E0A000000004F4243204552415364
S214027300453A2065726173696E6720736C6F7420EC
S21402731025752E2E2E0A0000536C6F7420257520BC
S2140273206572617365204641494C45443A2030787F
S214027330256C580A00000000536C6F7420257520D7
S2140273406572617365642E0A000000004F42432096
S21402735053544152543A20746F6F2073686F72749C
S21402736020286E656564205B63635D5B746172678B
S21402737065745D290A0000004F424320535441526F
S214027380543A204657206E6F7420726561647920E5
S2140273902873746174653D2564292E2053747265C2
S2140273A0616D2046572066697273742E0A000000CB
S2140273B04F42432053544152543A20545820534586
S2140273C04C462D55504441544520696E7374616C89
S2140273D06C2E2E2E0A00000053656C662D757064A6
S2140273E061746520766572696679496D61676520A4
S2140273F04641494C454420E280942061626F727493
S21402740020286B6565702063757272656E742066DF
S21402741077292E0A0000000053656C662D7570648D
S21402742061746520736574496D616765546F426F58
S2140274306F746C6F6164204641494C45442E0A00C5
S21402744053656C662D757064617465207665726925
S214027450666965642E205265626F6F74696E672076
S214027460746F20696E7374616C6C2E2E2E0A000087
S2140274704F42432053544152543A20696E76616C0F
S2140274806964207461726765743D25752028303DF5
S21402749073656C662C317E25643D5258290A0000BD
S2140274A04F42432053544152543A206465766963EE
S2140274B0655F69643D2575206E6F74207265676925
S2140274C07374657265642F6F6E6C696E652079657C
S2140274D0742E0A004F42432053544152543A204FCE
S2140274E0544120E28692206465766963655F69642A
S2140274F03D257520286E6F64653D307825303458FA
S214027500292E204175746F2D6469737472696275D1
S21402751074696E672E2E2E0A000000005B4D4541F0
S214027520535D2054582073747265616D20737461C4
S2140275307274206661696C6564202863683D2575EF
S214027540290A0000536C6176652072656164792EA3
S21402755020496E6974696174696E67204F544120D0
S214027560646973747269627574696F6E2E2E2E0A60
S214027570000000004F54412064697374726962759A
S21402758074696F6E20696E697469617465642E0A27
S214027590000000004F544120696E69746961746589
S2140275A0204641494C45443A203078253032580A24
S2140275B000000000536C617665207072657061721F
S2140275C0653A20525820756E726561636861626C16
S2140275D065202825752072657472696573292E20C8
S2140275E041626F727420746F2046575F5245414461
S2140275F0592E0A00536C617665207072657061724E
S214027600652054494D454F5554202825752F25751C
S214027610292E205265747279696E672E2E2E0A0004
S2140276204F5441206469737472696275746520747C
S214027630696D656F75742028256C756D73292E200B
S21402764041626F7274696E672E0A00004F54413AA7
S2140276502052657175657374696E6720626F6F7408
S2140276606C6F6164202864656C61793D25646D7376
S214027670292E2E2E0A000000426F6F746C6F616412
S2140276802072657175657374204641494C45443ACB
S214027690203078253032580A000000004F5441202E
S2140276A0626F6F746C6F61642D77616974207469A0
S2140276B06D656F75742028256C756D73292E2042B2
S2140276C061636B20746F2046575F52454144592EC2
S2140276D00A0000003D3D3D204F5441204552524F86
S2140276E05220E286922049444C45203D3D3D0A0008
S2140276F05B525353495D206E6F2073746F726167DD
S2140277006520696E666F20E28094206C6F676769F9
S2140277106E672044495341424C45442E0A000000FD
S2140277205B525353495D20666C61736820746F6FB9
S21402773020736D616C6C2028706172743D256C75C7
S2140277402920E28094206C6F6767696E672044493F
S2140277505341424C45442E0A000000005B525353EC
S214027760495D207061676528256C7529206E6F74E7
S214027770206D756C7469706C65206F662072656327
S2140277806F726420E28094206C6F6767696E672070
S21402779044495341424C45442E0A00005B5253531F
S2140277A0495D206C6F672072656164792E20706176
S2140277B067653D256C7520706172743D256C752079
S2140277C0636F756E743D256C750A00005B525353E9
S2140277D0495D206572617365206661696C20403080
S2140277E078256C580A0000005B525353495D207797
S2140277F072697465206661696C20403078256C5821
S2140278000A0000005B4D4541535D20737765657045
S21402781020636F6D706C6574652E20495120726509
S214027820636F7264733D25750A0000005B4D454127
S214027830535D204F5441206275737920E280942074
S21402784063616D706169676E2064656665727265F4
S214027850642E0A005B4D4541535D20495120636109
S2140278607074757265206E6F74207265616479201B
S214027870285241494C2068616E646C652920E2807A
S214027880942063616D706169676E2061626F7274C5
S21402789065642E0A000000005B4D4541535D20637F
S2140278A0616D706169676E207374617274202874EA
S2140278B03D302E2E25752C206368616E6E656C73C6
S2140278C03D2575290A0000005B495753425D20306A
S2140278D07830362069676E6F72656420286E6F2076
S2140278E062617463682070656E64696E67292E0A29
S2140278F0000000005B495753425D20307830362046
S21402790041434B20E28094206261746368202575AF
S2140279102061636365707465642C206E65787420DC
S21402792073776565702E0A005B495753425D207374
S2140279307765657020646561646C696E652065783C
S21402794063656564656420E280942061626F727488
S21402795065642E207265636F7264733D25750A0036
S2140279605B495753425D2073776565702025752FF6
S214027970257520646F6E652E2062617463683D25EE
S21402798075207265636F726473202873746167650D
S21402799064290A005B495753425D206175746F2D56
S2140279A0647261696E2073776565702025752F2570
S2140279B0750A00005B495753425D20626174636832
S2140279C0206E6F74207069636B6564207570206921
S2140279D06E2025757320E280942064726F70706941
S2140279E06E672C20636F6E74696E75696E672E0AF9
S2140279F0000000005B495753425D206D697373694E
S214027A006F6E20636F6D706C65746520E2809420E3
S214027A102575207377656570732E0A005B49575388
S214027A20425D20737765657020646566657272656F
S214027A30642028737461636B3D25752C206F746116
S214027A403D25752920E28094207265747279696EEC
S214027A50672E0A005B495753425D206D697373694E
S214027A606F6E206761766520757020E280942063D1
S214027A706F756C64206E6F7420737461727420610B
S214027A8020737765657020696E20257573202861DE
S214027A9074207377656570202575292E0A0000000C
S214027AA05B495753425D20616C726561647920724E
S214027AB0756E6E696E67202825752F25752073777B
S214027AC065657073290A00005B495753425D20645E
S214027AD0697363617264696E6720257520737461C9
S214027AE06C65207265636F7264732066726F6D20B8
S214027AF070726576696F7573206D697373696F6EE0
S214027B000A0000005B495753425D206D6973736932
S214027B106F6E20737461727420E280942025752043
S214027B207377656570732C20626174636820616682
S214027B3074657220656163680A0000005B495753EA
S214027B40425D2077616974696E6720666F72207283
S214027B506164696F2028737461636B3D25752C2000
S214027B606F74613D25752920E280942077696C6CDC
S214027B70207374617274206175746F6D61746963C9
S214027B80616C6C792E0A00005B495753425D206D8A
S214027B90697373696F6E2061626F727465642061C7
S214027BA0742073776565702025750A002C20000006
S214027BB0590000004E0000002D0000002B000000BF
S214027BC049445F414E4E4F554E43453A20746F6FBF
S214027BD02073686F72742066726F6D20307825305D
S214027BE034580A00202052582069643D25642045F6
S214027BF05549363420286D6170206F726465722C88
S214027C00204C5342206669727374293A207B000026
S214027C103078253032582573000000007D0A0000B7
S214027C205B504F4C4C5D2052582069643D256420C1
S214027C30286E6F64653D30782530345829206F6E83
S214027C406C696E652E2066773D3078253032582076
S214027C507C20676F6C64656E3D257328256329203A
S214027C6070726F623D25640A000000005B504F4C44
S214027C704C5D2052582069643D256420286E6F644E
S214027C80653D30782530345829206F6E6C696E65F4
S214027C902E2066773D3078253032580A00000000E4
S214027CA0536C61766520307825303458204F544125
S214027CB020707265706172652041434B2E0A000087
S214027CC0525820646174612066726F6D2030782588
S214027CD03034583A000000002025303258000000A8
S214027CE02054656D703A202573256C642E2530333A
S214027CF06C64432048756D3A20256C752E2530330A
S214027D006C7525250A0000005458206661696C3A95
S214027D10203078253032580A000000004E6574770D
S214027D206F726B2055502E204E6F646549443D306D
S214027D3078253034580A00004E6574776F726B20CF
S214027D40444F574E2E0A0000537461636B207374BF
S214027D50617475733A203078253032580A00000074
S214027D604E6F6465206A6F696E65643A206E6F6452
S214027D706549443D3078253034582C207479706536
S214027D803D30782530325820287761697420666F36
S214027D90722049445F414E4E4F554E4345290A00D4
S214027DA04F54413A207265616453746F726167651D
S214027DB0206661696C20617420256C752C206572C2
S214027DC0723D3078256C580A000000004F5441205E
S214027DD054583A20256C7525252028256C752F25A4
S214027DE06C75206279746573290A00004F54413A13
S214027DF020446973747269627574696F6E20535594
S214027E0043434553532E2053656E64696E67206262
S214027E106F6F746C6F61642072657120696E2035B5
S214027E2030306D732E2E2E0A000000004F54413A59
S214027E3020446973747269627574696F6E20464174
S214027E40494C45442C207374617475733D30782513
S214027E503032580A000000003D3D3D204F5441207C
S214027E60444F4E4520666F72206E6F6465203078F0
S214027E702530345820286465766963655F69643DF9
S214027E80256429203D3D3D0A00000000525820721C
S214027E9065626F6F747320262072656A6F696E73EF
S214027EA0206175746F6D61746963616C6C792E20E4
S214027EB054582073746179732075702E0A0000007E
S214027EC04F54413A20426F6F746C6F616420726542
S214027ED07175657374204641494C45442C20737471
S214027EE0617475733D3078253032580A0000000000
S214027EF0464820436C69656E742073796E6320660B
S214027F0061696C65643A203078253032580A000080
S214027F10464820436C69656E742053796E6320531D
S214027F207563636573730A00456E657267792073BD
S214027F3063616E3A206D65616E3D2564206D696EE3
S214027F403D2564206D61783D2564207661723D256D
S214027F50640A000052656164790000004E6F742066
S214027F606C6F6164656400006F74615F7461726750
S214027F7065743A206465766963655F69643D256465
S214027F80206E6F742072656769737465726564200B
S214027F906F72206E6F64655F696420756E6B6E6FBC
S214027FA0776E2E0A000000002020436865636B206F
S214027FB027736C6176655F6C697374272E20536C29
S214027FC0617665206D6179206E65656420746F2028
S214027FD072656A6F696E2E0A000000004F544120D7
S214027FE07461726765743A206465766963655F6971
S214027FF0643D256420E28692206E6F64653D30788B
S214028000253034580A00000047424C3A2025732097
S2140280107C2050726573732042544E3020746F2059
S21402802073746172742E0A006F74615F7374617286
S214028030743A20696E76616C696420646576696359
S214028040655F69643D25642028317E2564290A001F
S2140280506F74615F73746172743A2062757379200B
S2140280602873746174653D2564292E205472792024
S2140280706C617465722E0A006F74615F737461724C
S214028080743A206465766963655F69643D25642099
S2140280906E6F7420726567697374657265642F6F9C
S2140280A06E6C696E65207965742E0A006F74615F66
S2140280B073746172743A2067657453746F72616781
S2140280C065536C6F74496E666F206661696C656491
S2140280D02E0A00006F74615F73746172743A206EC8
S2140280E06F2076616C69642047424C20696E20538B
S2140280F04C4F543020E28094206C6F616420697487
S2140281002076696120436F6D6D616E6465722066CC
S214028110697273742E0A00006F74615F7374617201
S214028120743A20534C4F543020766572696679490A
S2140281306D616765204641494C454420286261646A
S2140281402F7061727469616C2047424C292E0A00B6
S2140281506F74615F73746172743A20534C4F54307B
S2140281602047424C3D256C75204220E286922064D0
S21402817065766963655F69643D256420286E6F6471
S214028180653D307825303458292E20446973747240
S21402819069627574696E672E2E2E0A0030783F3F2C
S2140281A03F3F202872656A6F696E696E6729000014
S2140281B05B4F4E4C5D0000005B4F46465D00000084
S2140281C0526561647920285370616365206D6F641F
S2140281D0652900005265616479202847726F756EC2
S2140281E064206D6F64652900496E2070726F677235
S2140281F065737300E29594E29590E29590E295900D
S214028200E29590E29590E29590E29590E29590E262
S2140282109590E29590E29590E29590E29590E2959F
S21402822090E29590E29590E29590E29590E2959094
S214028230E29590E29590E29590E29590E29590E232
S2140282409590E29590E29590E29590E29590E2956F
S21402825090E29590E29590E29590E29590E2959064
S214028260E29590E29590E29590E29590E29590E202
S2140282709590E29590E29590E29590E29590E2953F
S21402828090E29590E29590E29590E29590E295972D
S2140282900A000000E29591202020202020202020A5
S2140282A0205265676973746572656420536C6176E3
S2140282B065204C6973742020202020202020202056
S2140282C0202020202020202020E295910A00000075
S2140282D0E295A0E29590E29590E29590E29590E282
S2140282E09590E29590E29590E29590E29590E295CF
S2140282F090E29590E29590E29590E29590E29590C4
S214028300E29590E29590E29590E29590E29590E261
S2140283109590E29590E29590E29590E29590E2959E
S21402832090E29590E29590E29590E29590E2959093
S214028330E29590E29590E29590E29590E29590E231
S2140283409590E29590E29590E29590E29590E2956E
S21402835090E29590E29590E29590E29590E2959063
S214028360E29590E29590E29590E295A30A000000CD
S214028370E29591202563205B25645D2069643D2596
S2140283802D3264206E6F64653D3078253034582077
S21402839066773D307825303258202573202020E23B
S2140283A095910A00E29591202563205B25645D2065
S2140283B069643D252D3264206E6F64653D252D313E
S2140283C038732020202020202020202020E2959193
S2140283D00A000000E295912020284E6F20736C61FF
S2140283E07665732072656769737465726564207951
S2140283F065742920202020202020202020202020D4
S214028400202020202020202020E295910A00000033
S214028410E29591204F544120746172676574203A48
S214028420206465766963655F69643D252D32642044
S2140284302020202020202020202020202020202035
S21402844020202020202020E295910A00E29591200B
S21402845047424C20737461746520203A20252D33E0
S214028460367320E295910A00E2959AE29590E2959B
S21402847090E29590E29590E29590E29590E2959042
S214028480E29590E29590E29590E29590E29590E2E0
S2140284909590E29590E29590E29590E29590E2951D
S2140284A090E29590E29590E29590E29590E2959012
S2140284B0E29590E29590E29590E29590E29590E2B0
S2140284C09590E29590E29590E29590E29590E295ED
S2140284D090E29590E29590E29590E29590E29590E2
S2140284E0E29590E29590E29590E29590E29590E280
S2140284F09590E29590E29590E29590E29590E295BD
S21402850090E2959D0A0000005B504F4C4C5D205255
S21402851065737461727465642E0A00005B504F4C7A
S2140285204C5D204E6F20706F6C6C61626C652073C0
S2140285306C6176657320286E6F64655F696420756A
S2140285406E6B6E6F776E292E205265747279206973
S2140285506E2025756D732E0A000000004F42433AC6
S2140285602072656A656374656420434D44203078E2
S214028570253032582028626164206C656E3D257570
S214028580290A00004F42433A20556E6B6E6F776E93
S21402859020434D442030782530325820286C656EB2
S2140285A03D2564290A0000005B47554152445D2080
S2140285B0426F6F74206865616C74682074696D65BB
S2140285C06F757420E280942073656C662D726573F5
S2140285D06574202870726F626174696F6E20636FB3
S2140285E0756E74292E0A00005B4D4541535D20735B
S2140285F0747265616D206775617264206669726562
S2140286006420287469636B207374617276656429CA
S21402861020E280942061626F7274696E67206361E3
S2140286206D706169676E2E0A000000005B49515D3D
S21402863020726164696F205258207265636F766596
S2140286407265642E0A00000000050A0F140000007E
S2140286505B47554152445D204E6F2073746F7261C2
S214028660676520696E666F20E2809420726F6C6C7C
S2140286706261636B2044495341424C45442E0A00D2
S2140286805B47554152445D20676F6C64656E20728D
S2140286906567696F6E206578636565647320666CCE
S2140286A06173682028706172743D256C752920E21A
S2140286B0809420726F6C6C6261636B2044495341F4
S2140286C0424C45442E0A00005B47554152445D2009
S2140286D0676F6C64656E2061646472206E6F7420CE
S2140286E0706167652D616C69676E656420287061CC
S2140286F067653D256C752920E2809420726F6C6C4C
S2140287006261636B2044495341424C45442E0A0041
S2140287105B47554152445D204E6F2076616C69641A
S21402872020737461746520696E204E564D3320E2C4
S21402873080942064656661756C74732E0A0000006E
S2140287405B47554152445D20696E76616C696420D0
S214028750676F6C64656E2073697A6520256C752E6A
S2140287600A0000005B47554152445D20534C4F546B
S21402877030206572617365206661696C65642E0AD5
S214028780000000005B47554152445D20676F6C64F1
S214028790656E2072656164206661696C204030787F
S2140287A0256C582E0A0000005B47554152445D2056
S2140287B0534C4F5430207772697465206661696C39
S2140287C02040256C752E0A005B47554152445D20B9
S2140287D0534C4F543020726561646261636B206D46
S2140287E069736D617463682040256C752E0A0000FB
S2140287F05B47554152445D20726573746F726564BF
S21402880020676F6C64656E207665726966792046AD
S21402881041494C45442E0A005B47554152445D206F
S214028820736574496D616765546F426F6F746C6FE0
S2140288306164206661696C65642E0A005B47554177
S21402884052445D20676F6C64656E20726573746F48
S21402885072656420746F20534C4F54302C20696E1E
S2140288607374616C6C696E672E2E2E0A000000000F
S2140288705B47554152445D20534C4F543020766539
S21402888072696679206661696C656420E28094206C
S214028890736B697020676F6C64656E2063617074B9
S2140288A07572652E0A0000005B47554152445D20F2
S2140288B067657453746F72616765536C6F74496E43
S2140288C0666F206661696C65642E0A005B475541D7
S2140288D052445D206261642047424C2073697A6587
S2140288E020256C7520286D617820256C752920E27C
S2140288F0809420736B697020636170747572652E44
S2140289000A0000005B47554152445D20676F6C6465
S214028910656E206572617365206661696C656420A8
S214028920403078256C582E0A000000005B475541FF
S21402893052445D20534C4F54302072656164206669
S21402894061696C2040256C752E0A00005B47554114
S21402895052445D20676F6C64656E20777269746539
S214028960206661696C20403078256C582E0A00001B
S2140289705B47554152445D20676F6C64656E20729A
S2140289806561646261636B206D69736D61746368AF
S21402899020403078256C582E0A0000005B4755416F
S2140289A052445D20696E69743A2070656E64696E21
S2140289B0673D257520617474656D7074733D257509
S2140289C020676F6C64656E3D25752876616C6964F8
S2140289D03D25752C73697A653D256C752920726272
S2140289E03D25750A000000005B47554152445D2054
S2140289F04E564D332073617665206661696C6564F8
S214028A0020647572696E672070726F626174696F36
S214028A106E20636F756E742E0A0000005B47554128
S214028A2052445D2050524F424154494F4E20626F8D
S214028A306F742025752F25750A0000005B47554187
S214028A4052445D205468726573686F6C6420726568
S214028A50616368656420627574206E6F2076616C4F
S214028A60696420676F6C64656E20E280942063619F
S214028A706E6E6F7420726F6C6C206261636B2E0A6E
S214028A80000000005B47554152445D2053746179F3
S214028A90696E67206F6E2063757272656E742069E8
S214028AA06D6167653B20636F756E746572206672D2
S214028AB06F7A656E206174207468726573686F6C75
S214028AC0642E0A005B47554152445D203D3D3D20E1
S214028AD0524F4C4C4241434B20746F20676F6C647C
S214028AE0656E202563203D3D3D0A00005B475541EB
S214028AF052445D207265626F6F74416E64496E7394
S214028B0074616C6C2072657475726E656420E280A6
S214028B109420696E7374616C6C206661696C65641E
S214028B202E0A00005B47554152445D20526F6C6C22
S214028B306261636B20726573746F72652066616929
S214028B406C65642E2057696C6C207265747279208D
S214028B506E65787420626F6F742E0A005B4755410B
S214028B6052445D2061726D5F70656E64696E672047
S214028B704E564D332073617665204641494C454436
S214028B8020E280942061626F727420696E73746151
S214028B906C6C210A000000005B47554152445D2080
S214028BA041726D65642070656E64696E672D636FD1
S214028BB06D6D69742E204E65787420626F6F742016
S214028BC069732070726F626174696F6E2E0A00009C
S214028BD05B47554152445D20476F6C64656E206367
S214028BE06170747572656420E2869220256320287F
S214028BF073697A653D256C75292E20436F6E66690A
S214028C00726D6564206865616C7468792E0A00006E
S214028C105B47554152445D20476F6C64656E206326
S214028C20617074757265204641494C454420E28065
S214028C3094206B6565702070726576696F75732017
S214028C40676F6C64656E2E0A000000005B47554134
S214028C5052445D20636F6E6669726D5F6865616C13
S214028C60746879204E564D332073617665204641EE
S214028C70494C45442E0A00005B47554152445D204C
S214028C804865616C74687920636F6E6669726D659B
S214028C90642E20436F756E7465727320636C656113
S214028CA07265642E0A0000000000180000001C0016
S214028CB00100000000000000010F0000000000009C
S214028CC0000201010000000060440120C5EC000023
S214028CD06844012059ED00007C350120BD77000074
S214028CE074350120CD7700006C350120DD77000059
S214028CF064350120ED7700005C350120FD77000029
S214028D00543501200D78000000000000000000002D
S214028D104C8D020000000000288D020001000000B9
S214028D200000000000F0490200000000C0CA8936B8
S214028D30801A0600000000001400FF7F2420002096
S214028D40000000000000000000000000DC1F04011C
S214028D50000000000000000000000000000000000C
S214028D60F01F04013F003F0000000000508F020089
S214028D700000000004000200017015007F000000E1
S214028D801800020000000000000000002800070093
S214028D9000000000080100000000000001000000C2
S214028DA00000000000000000A007000048000100CC
S214028DB00000000054000200000000000000000056
S214028DC0A000040000400000FF4C0000004100002C
S214028DD0FF4D0000002001000407000010200100E3
S214028DE0000000001820010008840000083001007E
S214028DF013AC000130300200705510000300000072
S214028E004030010000000000A0400100AA27000F29
S214028E10B840010000C08300F440010020100000AA
S214028E203441020080080000F6870000404102003C
S214028E3083008800C1E6524D604104000000000035
S214028E400000000006000000060000001460080093
S214028E5010000000000000040F4002000050000056
S214028E6000500A000000000300000000000000009E
S214028E70506006009009FF00410C0000120000003E
S214028E8012001400B42B00000000000078600C00F2
S214028E901F08E00800000000F2032A00000000009D
S214028EA000000000040A142232414A4F000000006B
S214028EB000000000000000000000000000000000AB
S214028EC0E46007008108A18B0000000064048307A9
S214028ED08813C83A9C20060000612000B7568520F9
S214028EE004610300D5E310002030000088BB0000B8
S214028EF020610100000000001470011000F8070055
S214028F0014700130FE00000018700110FF0000000F
S214028F1018700130001300001C7005006000AA845F
S214028F20000000008200000000000000D5000000E3
S214028F30487002003E380000BC2500007070030036
S214028F40030112001A30080080846D00FFFFFFFF45
S214028F50100000006666660000000000A88F02008F
S214028F60A08F020000000000C0A39B0080DE8002EB
S214028F7020A1070001010000705500060000000055
S214028F8000000000000000000000000000000000DA
S214028F9010A1070000000000000000000000000012
S214028FA0000000000000000019470306041000013C
S214028FB00103010600102700000A0000000000005E
S214028FC000000000696E666F00000000726573653F
S214028FD074000000636F756E746572007365745F6B
S214028FE06368616E6E656C006C6561766500000094
S214028FF07365745F74785F6F7074696F6E73000068
S21402900073746172745F656E657267795F736361AC
S2140290106E0000007365745F6B657900756E73652C
S214029020745F6B6579000000666F726D0000000069
S2140290307365745F74785F706F7765720000000006
S214029040706A6F696E00000072656D6F76655F63A9
S21402905068696C64000000006D65617300000000C2
S2140290606D6561735F737461740000006D65617392
S2140290705F636C65617200006D6561735F61757434
S2140290806F0000006F74615F746172676574000040
S2140290906F74615F7374617274000000736C617642
S2140290A0655F6C6973740000706F6C6C5F737461DB
S2140290B07475730069715F737461727400000000E6
S2140290C069715F6175746F007370695F7374617440
S2140290D0000000007370695F636C656172000000D7
S2140290E07370695F696E6A656374000069715F61B7
S2140290F0626F72740000000069715F737461747548
S2140291007300000069715F64756D70005B495120E1
S21402911067726F756E6420746573745D2044756D36
S2140291207020616C6C2071756575656420495120EC
S2140291307265636F72647320617320435356206FA7
S214029140766572205541525420287265706C6163B0
S2140291506573204F424320307830362900000000E5
S2140291605B49512067726F756E6420746573745D17
S214029170205072696E742071756575656420495158
S214029180207265636F726420636F756E74000000F0
S2140291905B495753422067726F756E64207465731D
S2140291A0745D2041626F72742072756E6E696E67AE
S2140291B0206D697373696F6E000000005B67726FE3
S2140291C0756E6420746573745D20496E6A65637497
S2140291D020616E204F424320636F6D6D616E642086
S2140291E0776974686F757420706879736963616CE7
S2140291F02053504900000000436F6D6D616E64207D
S214029200627974651F4F7074696F6E616C2061724B
S21402921067756D656E7420627974651F00000000C4
S2140292205B67726F756E6420746573745D20436C41
S2140292306561722053504920646961676E6F73746A
S214029240696320636F756E74657273005B67726F15
S214029250756E6420746573745D2053504920736C78
S21402926061766520646961676E6F73746963730003
S2140292705B495753422067726F756E64207465733C
S214029280745D204175746F2D647261696E2062612F
S21402929074636865732028302F313B206E6F20611F
S2140292A07267203D2073686F772073746174652936
S2140292B000000000313D6175746F2D647261696E45
S2140292C0204F4E2C20303D4F46461F005B49512012
S2140292D067726F756E6420746573745D204F706577
S2140292E06E204951206D6561737572656D656E7489
S2140292F02077696E646F7720666F72206475725F7E
S21402930073207365636F6E647320287265706C6178
S214029310636573204F4243203078303529000000C1
S2140293204475726174696F6E20696E207365636F2F
S2140293306E6473202864656661756C742035291F17
S21402934000000000466F7263652072657374617276
S2140293507420706F6C6C696E67206379636C65004D
S2140293605072696E7420726567697374657265649B
S21402937020736C617665206C697374005B54455388
S214029380542D4F4E4C595D205374617274204F54C5
S2140293904120746F206465766963655F696420772F
S2140293A06974686F75742049324300006465766993
S2140293B063655F69641F000053656C656374204FC4
S2140293C054412074617267657420646576696365CA
S2140293D05F69642028312D3429000000456E6162E1
S2140293E06C652F64697361626C6520706572696F63
S2140293F0646963206175746F2073776565702028D1
S21402940061726720302F313B206E6F2061726720B9
S2140294103D2073686F7720737461746529000000BD
S214029420313D656E61626C6520706572696F646954
S214029430632073776565702C20303D6469736162C2
S2140294406C651F00436C6561722074686520525318
S2140294505349206C6F6720287265736574206375A4
S21402946072736F72290000005072696E7420525334
S2140294705349206C6F67207374617475732F72651D
S214029480636F726420636F756E740000537461724A
S21402949074206F6E652052535349206D6561737553
S2140294A072656D656E742063616D706169676E20AA
S2140294B0286672657175656E63792D686F7070695E
S2140294C06E672073776565702900000052656D6FC0
S2140294D076652061207370656369666963207365CB
S2140294E06E736F72206368696C642066726F6D209B
S2140294F0746865206C697374000000004D6F6465C3
S2140295001F53686F72742041646472657373206FB0
S2140295106620746865206368696C6420746F2072C4
S214029520656D6F76652E204E6F74207573656420A8
S2140295306966206C6F6E672061646472657373205F
S214029540697320676976656E1F4C6F6E672041648B
S2140295506472657373206F66207468652063686939
S2140295606C6420746F2072656D6F76651F00000054
S2140295705065726D6974206A6F696E20666F72201C
S2140295806120676976656E2074696D652070657204
S214029590696F642077697468206F7074696F6E6192
S2140295A06C2073656C656374697665207061796C8E
S2140295B06F6164004475726174696F6E1F4F7074D8
S2140295C0696F6E616C204A6F696E207061796C6F8C
S2140295D061641F00536574732074686520616E743D
S2140295E0656E6E61206F757470757420706F776526
S2140295F0722E20546865207365636F6E64206F70E8
S21402960074696F6E616C20706172616D65746572EB
S2140296102063616E206265207573656420746F2016
S214029620736176652074686520545820706F77657C
S214029630722061732064656661756C7400000000B8
S214029640545820706F7765722076616C7565206954
S2140296506E20302E312064426D2073746570731F45
S21402966031202D20545820706F77657220706572F5
S21402967073697374656E74202873617665642069F5
S2140296806E20746F6B656E292C2030202D20545866
S21402969020706F77657220766F6C6174696C651FD7
S2140296A000000000466F726D732061206E6574774D
S2140296B06F726B004368616E6E656C1F4F707469E3
S2140296C06F6E616C2050414E2049441F000000001E
S2140296D0556E7365742063757272656E7420736559
S2140296E0637572697479206B65790000536574201E
S2140296F07365637572697479206B65790000000082
S2140297005365637572697479206B6579202873696D
S2140297107A653A454D4245525F454E43525950543A
S214029720494F4E5F4B45595F53495A45291F000022
S2140297305363616E2074686520656E657267792072
S2140297406C6576656C206F6E207468652067697636
S214029750656E206368616E6E656C00004368616EBC
S2140297606E656C2049441F4E756D626572206F6689
S2140297702073616D706C65731F0000005365742062
S2140297805478206F7074696F6E730000536563754A
S21402979072697479283078303129204D414320414E
S2140297A0636B283078303229204869676820507207
S2140297B0696F2830783034291F000000466F7267C0
S2140297C06574207468652063757272656E74206EA7
S2140297D06574776F726B20616E642072657665724F
S2140297E07420746F20454D4245525F4E4F5F4E4582
S2140297F054574F524B00000053657420436F6E6EF1
S214029800656374206368616E6E656C004368616EA2
S2140298106E656C2049441F005072696E74206F7525
S2140298207420746865207061737365642073746154
S214029830636B20636F756E7465720000436F756E9E
S21402984074657220747970651F0000005265736536
S21402985074207468652068617264776172650000BE
S2140298604D43552049442C204E6574776F726B2009
S21402987073746174652C204E6F64652049442C20F5
S21402988050414E2049442C204368616E6E656C2020
S21402989049442C206574632E00000000C48F020029
S2140298A0C49B020000000000CC8F0200B49B0200A2
S2140298B000000000D48F0200A49B020000000000FB
S2140298C0DC8F0200949B020000000000E88F02007A
S2140298D0849B020000000000F08F0200749B0200CE
S2140298E00000000000900200649B020000000000DE
S2140298F014900200549B0200000000001C9002001C
S214029900449B02000000000028900200349B0200E4
S2140299100000000030900200249B020000000000BD
S21402992040900200149B02000000000048900200D3
S214029930049B02000000000058900200F49A020005
S2140299400000000060900200E49A0200000000009E
S2140299506C900200D49A0200000000007890020088
S214029960C49A02000000000084900200B49A02002A
S2140299700000000090900200A49A0200000000007E
S2140299809C900200949A020000000000A890020038
S214029990849A020000000000B4900200749A02004A
S2140299A000000000C0900200649A0200000000005E
S2140299B0C8900200549A020000000000D4900200F0
S2140299C0449A020000000000E0900200349A02006E
S2140299D000000000EC900200249A02000000000042
S2140299E0F8900200149A020000000000049102009F
S2140299F0049A0200000000000000000000000000C0
S214029A0000000000352B00000C910200C09F0200EF
S214029A10FF000000A127000060910200C09F020024
S214029A20FF000000D10A020090910200C09F0200CF
S214029A30FF000000992A0000BC910200F891020083
S214029A400010FF006D2A000020920200C09F020054
S214029A50FF000000752800004C920200C09F020022
S214029A60FF000000F127000070920200B49202008C
S214029A7010FF0000C90A0200CC92020020930200E6
S214029A8011FF00008126000044930200C09F0200DE
S214029A90FF000000C10A020060930200C09F02009D
S214029AA0FF000000AF0A02007C930200AC930200A3
S214029AB000FF000039260000B8930200AC930200B3
S214029AC000FF000051270000DC93020020940200F1
S214029AD010FF00002527000044940200C09F0200E9
S214029AE0FF000000E126000068940200C09F02000A
S214029AF0FF000000AD2600008C940200C09F02000A
S214029B00FF00000079210000CC940200FC940200C1
S214029B10000117FF8520000070950200B495020030
S214029B200016FF00ED200000D495020040960200C9
S214029B300410FF00D11F0000A4960200B496020093
S214029B400011FF00A1250000D0960200C09F02006F
S214029B50FF000000E52E0000EC96020000970200CF
S214029B6007FF000031250000309702005C970200D4
S214029B700000FF00C12400007C9702008C970200C0
S214029B8000FF0000A10A0200BC970200C09F02006C
S214029B90FF00000061240000F89702000C98020003
S214029BA000FF0000CD250000189802003C98020035
S214029BB000FF0000A90A02004C980200C09F0200A3
S214029BC0FF000000E921000060980200C09F02002A
S214029BD0FF000000434C4920696E7374616E636532
S214029BE0206578616D706C6500000000050000005D
S214029BF00000000000C20100000500000010000086
S214029C00000000000000000000000E001C080140DA
S214029C104820002079820000ED820000130F020027
S214029C20290F02000D0F0200502000207984000048
S214029C30AD840000E1840000A90F02001585000033
S214029C40050000000000000040420F000501000071
S214029C5000000000000000000000000013B779FAC0
S214029C60C925DDB7ADF3CFE0F1B614B801020000A6
S214029C7000000000FFFFFFFF0400000001000000DC
S214029C8000000000000000000000000000000000CD
S214029C9000000000000000000000000000000000BD
S214029CA000000000000000000000000007000003A3
S214029CB0731002006B100200471002001710020019
S214029CC0358C000019100200058C00002C000000E4
S214029CD00200000040787D0100000000005A620287
S214029CE000010000C0CF6A0002000000809FD5007D
S214029CF002010000002D31010202000000000000F7
S214029D00080911080100000000000000040000001D
S214029D100100000008000000010000001000000022
S214029D200100000000010000010000000008000021
S214029D301D000000000200001D00000000040000DC
S214029D401D000000000001001D00000000030103CA
S214029D5003030200000800FCC89D02000100010780
S214029D60749D0200000800F8849D020000000000B6
S214029D700000000083FFBFFFE2FFF1FFF9FFFEFFD6
S214029D8000000000C800FCFEF800C50A571EFBFFD4
S214029D907B0095047C02FFFF4A00B60246DFFFFF07
S214029DA02D00AD01412F00001C0007018547000071
S214029DB01200A700974600000B0067001A3C00003E
S214029DC00600220068230000C800FCFEFC00D80A39
S214029DD0066CFBFF8800370518E2FEFF53000403FB
S214029DE0F5E3FFFF3200B9019D4300002900570149
S214029DF0F85700001600D100585700000E007C00ED
S214029E00D0490000070028001729000000000F4074
S214029E100000000000040F400100000054686520A6
S214029E20617267756D656E74206973206E6F74203B
S214029E30666F726D617474656420636F72726563B7
S214029E40746C79004E6F20636F6D6D616E64206670
S214029E506F756E64000000004D6178696D756D2047
S214029E606E756D626572206F6620617267756D65CC
S214029E706E7473206578636565646564000000002F
S214029E80496E636F727265637420617267756D6581
S214029E906E74207479706500496E636F72726563C2
S214029EA074206E756D626572206F662061726775CA
S214029EB06D656E7473000000556E6B6E6F776E2064
S214029EC06572726F720000003E200000257300006B
S214029ED0756E6B6E6F776E0075696E743136000044
S214029EE075696E7433320000696E743800000000C3
S214029EF0696E743136000000696E743332000000F9
S214029F00737472696E6700006865780075696E74AE
S214029F10386F70740000000075696E7431366F70A9
S214029F207400000075696E7433326F70740000003E
S214029F30696E74386F707400696E7431366F70743F
S214029F4000000000696E7433326F70740000000007
S214029F50737472696E676F70740000006865786F5C
S214029F60707400006164646974696F6E616C0000ED
S214029F7077696C64636172640000000067726F75D3
S214029F8070000000656E640075696E74380000002B
S214029F90200000002A0000005B0000005D20000098
S214029FA02E2E2E200000000068656C700000000057
S214029FB00A25730A257325730000000025732008FE
S214029FC00000000025732000000108070F000A00A9
S214029FD0C8002000A000010000000000A0006801E8
S214029FE00A200706020A0407000000000002070013
S214029FF0010000000500000000000000020000034F
S21402A0000000000068A0020058A0020054A002004F
S21402A01048A0020044A0020038A0020034A00200B9
S21402A02030A0020028A00200FFFFFFFFFFFFFFFF95
S21402A0300000000000000000000000000000000019
S21402A0400000000000000000FFFF0000FF00FF000D
S21402A050FFFFFFFF000000000000000000000000FD
S21402A0600000000000000000FC03000001010101E6
S21402A07001100101010000000210040C020C04048D
S21402A08008000000000000000001000000000000C0
S21402A09000000000000001010000000001000300B3
S21402A0A0040003009A00030003000300900003006C
S21402A0B01000030005000300910003009200030055
S21402A0C0216E766D335F64656661756C7448616E89
S21402A0D0646C652D3E63616368652E6F7665726695
S21402A0E06C6F77002F686F6D652F6C6D682F5369E4
S21402A0F06D706C696369747953747564696F2F53F4
S21402A100444B732F6765636B6F5F73646B2F706C62
S21402A1106174666F726D2F736572766963652F74EC
S21402A1206F6B656E5F6D616E616765722F737263CA
S21402A1302F736C5F746F6B656E5F6D616E616765C2
S21402A140722E630066616C7365000000736C5F7448
S21402A1506F6B656E5F7365745F64617461000000A7
S21402A160736C5F746F6B656E5F6765745F64617452
S21402A17061000000736C5F746F6B656E5F696E6979
S21402A180740000002F686F6D652F6C6D682F536921
S21402A1906D706C696369747953747564696F2F5353
S21402A1A0444B732F6765636B6F5F73646B2F706CC2
S21402A1B06174666F726D2F736572766963652F744C
S21402A1C06F6B656E5F6D616E616765722F7372632A
S21402A1D02F736C5F746F6B656E5F6D616E75666113
S21402A1E063747572696E672E63000000FFFFFFFFDF
S21402A1F0FFFFFFFF34B600002F686F6D652F6C6D92
S21402A200682F53696D706C696369747953747564E9
S21402A210696F2F53444B732F6765636B6F5F73646D
S21402A2206B2F70726F746F636F6C2F666C65782F0E
S21402A2306170702D6672616D65776F726B2D636FDC
S21402A2406D6D6F6E2F6170705F6672616D65776F90
S21402A250726B5F636F6D6D6F6E2E63004153534575
S21402A260525420696E2025733A25640D0A000000B8
S21402A2702F686F6D652F6C6D682F53696D706C69F2
S21402A2806369747953747564696F2F53444B732FE3
S21402A2906765636B6F5F73646B2F70726F746F6347
S21402A2A06F6C2F666C65782F6170702D6672616DAB
S21402A2B065776F726B2D636F6D6D6F6E2F61707049
S21402A2C05F6672616D65776F726B5F736C656570E2
S21402A2D02E6300002F686F6D652F6C6D682F5369B3
S21402A2E06D706C696369747953747564696F2F5302
S21402A2F0444B732F6765636B6F5F73646B2F70726B
S21402A3006F746F636F6C2F666C65782F6F74612D38
S21402A310756E69636173742D626F6F746C6F6164BE
S21402A32065722F6F74612D756E69636173742D6229
S21402A3306F6F746C6F616465722D73657276657289
S21402A3402F6F74612D756E69636173742D626F6F02
S21402A350746C6F616465722D7365727665722E63B6
S21402A36000000000A00F0000030000000D0A5B4181
S21402A37053534552543A25733A25645D0D0A00003C
S21402A380505341004B455900666E692B0000000091
S21402A390666E69006E616E00666E692D00000000D2
S21402A3A0000000000000F03F000000000000244013
S21402A3B000000000000059400000000000408F40EE
S21402A3C0000000000088C34000000000006AF84059
S21402A3D00000000080842E4100000000D01263417D
S21402A3E00000000084D797410000000065CDCD41F3
S21402A3F02E2E2F2E2E2F737461636B2F6D61632F9B
S21402A4006672657175656E63792D686F7070696EB8
S21402A410672E630041535345525420696E202573BC
S21402A4203A25640D0A002E2E2F2E2E2F737461638A
S21402A4306B2F6E6574776F726B2F706172656E74B8
S21402A4402D737570706F72742E63002E2E2F2E2E43
S21402A4502F737461636B2F6E6574776F726B2F69DF
S21402A4606E6469726563742D71756575652E630019
S21402A4702E2E2F2E2E2F737461636B2F6E657477BC
S21402A4806F726B2F6368696C642D7461626C652EE3
S21402A49063002E2E2F2E2E2F737461636B2F6E6524
S21402A4A074776F726B2F636F6F7264696E61746F0D
S21402A4B0722D737570706F72742E63002E2E2F2E8F
S21402A4C02E2F737461636B2F636F72652F737461C3
S21402A4D0636B2E630000000028590120711A0000E9
S21402A4E04C590120594F0100845901207D5A010020
S21402A4F0CC58012091400100D4580120214001008F
S21402A500005901201D440100C45801205D3C010091
S21402A51084580120851101008C580120C50A0100CB
S21402A5207C580120B114010094580120D106010084
S21402A53000000000000000002E2E2F2E2E2F737417
S21402A54061636B2F6672616D65776F726B2F6576CE
S21402A550656E742D636F6E74726F6C2E6300756E0B
S21402A560636C61696D6564002E2E2F2E2E2F2E2EA3
S21402A5702F2E2E2F7574696C2F73696C69636F6E3C
S21402A5805F6C6162732F73696C6162735F636F7273
S21402A590652F6275666665725F6D616E616765726C
S21402A5A02F6275666665722D6D616E6167656D6593
S21402A5B06E742E63007461696C20213D204E554CEA
S21402A5C04C5F425546464552002E2E2F2E2E2F2EDB
S21402A5D02E2F2E2E2F7574696C2F73696C69636F1C
S21402A5E06E5F6C6162732F73696C6162735F636F17
S21402A5F072652F6275666665725F6D616E6167650C
S21402A600722F6275666665722D71756575652E6345
S21402A610006E65787420213D207461696C00736C4D
S21402A620695F6C65676163795F6275666665725FAE
S21402A6306D616E616765725F636F70795F66726F78
S21402A6406D5F67656E657269635F717565756500D6
S21402A650ED1D00008D09020099060100B9130100E4
S21402A6601D1B010029080200415C01005947010038
S21402A670CD290200000000002E2E2F2E2E2F7374DE
S21402A68061636B2F6672616D65776F726B2F62798D
S21402A69074652D7574696C69746965732E63002E12
S21402A6A02E2F2E2E2F737461636B2F6E6574776F49
S21402A6B0726B2F6E6574776F726B2E63002E2E2F61
S21402A6C02E2E2F737461636B2F6E6574776F726BA9
S21402A6D02F6173736F63696174696F6E2E630073A3
S21402A6E0696C6162732D636F6E6E6563742E2E2FB6
S21402A6F02E2E2F737461636B2F6D61632F6C6F77D1
S21402A70065722D6D61632D7261696C2D3830322E43
S21402A71031352E342E630000000000006400000075
S21402A7201900000000000000010000000A000000FE
S21402A730010000000000320032006400640096004F
S21402A740C800C8002C010000320032006400640019
S21402A7509600C800C8002C016400C80090012003BF
S21402A760B00440066009100E000032006400C80003
S21402A770900158022003B0040807000019003200B6
S21402A7806400C8002C0190015802840300000D00EA
S21402A7901900320064009600C8002C01C2010000B5
S21402A7A0FFFFFFFFFFFFFFFFFFFFFFFFFFFFFFFFB2
S21402A7B02E2E2F2E2E2F737461636B2F6D61632FD7
S21402A7C075707065722D6D61632E63002E2E2F2EAE
S21402A7D02E2F737461636B2F6D61632F7363616ECB
S21402A7E02E63002E2E2F2E2E2F737461636B2F7303
S21402A7F0656375726974792F7365637572697479A6
S21402A8002D6170692D616464726573732D6D61705C
S21402A81070696E672E63002E2E2F2E2E2F73746194
S21402A820636B2F6672616D65776F726B2F636F75E0
S21402A8306E746572732E630002020300000000004D
S21402A840BDCD010075CD010081CD010055CE0100C0
S21402A85095540200B34A0200B74A0200C34A0200F5
S21402A860BB4A0200BF4A0200000000004801000086
S21402A87068220020FFFFFFFFFFFFFFFFFFFFFFFF33
S21402A880FFFFFFFF0000020800000000FFFFFFFFBF
S21402A890FFFFFFFFFFFFFFFF0000000000000000B9
S21402A8A000000000000000000000000000000000A1
S21402A8B05241494C00000000A0000000D98001006F
S21402A8C050000000B9810100B0230020FA04FA000B
S21402A8D00033330A0A0A0304040808080808084072
S21402A8E0002100000000000000000000000000013F
S21402A8F000000101000101010000003800000018FC
S21402A9000000002000000000000000000000000020
S21402A910A806000048704C0D4470D80C30706412C3
S21402A9203C70AE163870340D34705A0D30700A0F03
S21402A9302C700A0F2870DC102470F41020703E0D64
S21402A9401C7080111870F21114703A0DB110076065
S21402A95001D80A7108B87F78020C7E78641000C6A7
S21402A960A01F00218CB8707801B007680F305CB366
S21402A9700F330111C04806984A022FB006D80C7150
S21402A98009DD087100B853A809BB111007680168F1
S21402A9902148076004100112FF3221500760514817
S21402A9A0076000880698441300C4401F002103DD98
S21402A9B0087214BA281400A000BA03DF107109DF67
S21402A9C00672029860058CB8507800A044132814CA
S21402A9D041158110076002D81471108806982E1847
S21402A9E000C00C70084006987C1A00910698600217
S21402A9F00060B83020D8067190BC637C784D541243
S21402AA00F03240DE0472404804DB08720DDD0C7240
S21402AA10044BEF3014480698FC0600C4E0100840C9
S21402AA204412076201322140084C287C811140D929
S21402AA301C72B1123032CF4A013AB1DA107208D81B
S21402AA40067104D80871B04C237C4070684C4412DE
S21402AA50FF328722047580B8D84C81D8327140D92B
S21402AA600472237C084B0698FC0604BA88B97679E9
S21402AA7000C1186008403579E049007906B904A992
S21402AA8001D86E72227CBC4C307C0298320208D806
S21402AA903C7100C14C000840141110D93071104CA2
S21402AAA000C11400084014111814076100C5206084
S21402AAB008405415FF35047110491814A84C441266
S21402AAC007620132067102981201B84C08D80C715E
S21402AAD007BA24D8047106BA187004D80C7101BAE1
S21402AAE040D80E7102BA0A7005BA20D8047203BAA8
S21402AAF0227C604C4411404C1814076118149111C2
S21402AB00383111429111076910D90472EF3200C12F
S21402AB100060084014111031016911422814A11175
S21402AB20076118140698621A181400C100600840DB
S21402AB3014110769FF31181400C13C300840141183
S21402AB40181407611814308802480698C005009346
S21402AB5008DB047101F800A05CB00F3000A010887A
S21402AB60B111076980D90A7100C180000840081136
S21402AB70009100A000C400010840441000A000C0DC
S21402AB8020300E40041104101050F47200A0541528
S21402AB9050451271069806070698960618B87078F9
S21402ABA000B841780698400390BA5B7A5C7A5D7A80
S21402ABB000C218500840241200C1501F002128115C
S21402ABC0069838182088008800C5441F00215415AE
S21402ABD05112FF350762FF3206986A02015951295F
S21402ABE00475115900902129207506988604069846
S21402ABF0A2040698FA02009203D80C728111076129
S21402AC0002D90472FF0FBA7018B8727800F804D826
S21402AC1042710088308800C0FC1F0021041000C169
S21402AC20501F00211412012A215A00C3185008404E
S21402AC303413312A1A7500C0006008400410073029
S21402AC40FE200C76381108B87F78020C7E780093C6
S21402AC50009000A000C0F41F0021041000BB1DB429
S21402AC6000A000C1DC1F002114111088FF3100C5AE
S21402AC70FFFF0000311207620762513A513B0E7223
S21402AC800698720C1159011201131E7031140088B5
S21402AC9031100698720C1159415C41280698740CC2
S21402ACA0513801130090012B009020880760011490
S21402ACB00760FF30215D411207620762312D087678
S21402ACC0FF34415C4128015D31100698740CFF3058
S21402ACD03088011300C0E01F00210410512B0C76AF
S21402ACE0076801150768FF356070315BFF32212B5C
S21402ACF00C75076001150760FF354E7000C5E41F2E
S21402AD0000215415076507655112FF35FF30012BE8
S21402AD10087521100760327021100768FF30012B7A
S21402AD200A75211007600760207000C2E81F002124
S21402AD302412211007600760FF30012B08752110CE
S21402AD400768067021100760FF300093009200C16A
S21402AD500060084014142C490734FE242A76141581
S21402AD60F0BC076C513C076803680154107100C4BC
S21402AD70FF0FFFFF513C01444811311200C5E81F86
S21402AD8000215415FF350762076221435449141205
S21402AD902155FF355152281100A001D8187100889C
S21402ADA000C00470084004108020FF300671069828
S21402ADB04E03009000A002D8047200A000880698F5
S21402ADC096061DB428B9112C408800C3EC1F00213A
S21402ADD0341440445A71441306982005411500C0A5
S21402ADE00060084004100730FD20447500C2087059
S21402ADF0084024100760FF3080DC34710698AE0CE1
S21402AE0001591C4A241007600260FF300698AE0CF7
S21402AE100158B2200129541331100698AE0C11289D
S21402AE200A75042554155045EE72069820050094BE
S21402AE30009000A07FB9066100C01C60084006981A
S21402AE404A1304155153113B3155581002984413B6
S21402AE50EBBD00C0401F00210411113D10D9127134
S21402AE60FF33076B00C190400846381118B9747951
S21402AE70581000A0069860028024E4240D30047264
S21402AE80044800C11C510840141100C3DC1E0021F6
S21402AE90911504351A72181388BB08D804716C7B96
S21402AEA004D804716A7B8CBB2F7C5B7B16703C4B90
S21402AEB0181388BB08D804716F7B04D804716D7BA5
S21402AEC0217C0C300160069882060698680B06986C
S21402AED0320700B8B111076940D9067202986606B1
S21402AEE001BC00C20060084000DC0A71241501653E
S21402AEF0604A0A701C4A241507657C4A043508D93C
S21402AF0020712024512A241200C180000840320CED
S21402AF102811076228110762281107622811500CAF
S21402AF2000C1381F0021141200DC1A7120D80671E5
S21402AF3001B80C70F0DA0C720CDB087102B80698D5
S21402AF408A0648240449141100C380000840FFB84A
S21402AF50012011410871014118130824014200C161
S21402AF602000084014110141036D5141911520350E
S21402AF70016D514118132813481300C37C00084082
S21402AF80341003D80C71073005DC0671084B227B9F
S21402AF908CB8507800B800C1381F0021141203681C
S21402AFA02150F0300152281100A04024066400C04F
S21402AFB0FFFF0100013C1DB0022001584028067523
S21402AFC01EAC01EC00A0208800C0185008400412F5
S21402AFD01DB4211304123052F871066C402400C3CB
S21402AFE0741F0021341014110698C00C06690092D2
S21402AFF011592129067600BB11590698960C80B87D
S21402B0000158013A0662313B0472215A412A00A0D5
S21402B01000C200010840317A00A0308880B9076972
S21402B02000C30000C0FF3110312800BC002D0C7593
S21402B03011541EAC01EC312DF470066C51134155BF
S21402B040312C009300A000C028400E40041331515A
S21402B05007610C3107691153381000A006984A0898
S21402B06000C0F41F0021041106983207217A237AC1
S21402B07000C3000010000698720700C0581F002187
S21402B0801DB1181000A000C0541F00211DB11810D9
S21402B09000C09C1F00210410002D067500B826A8CB
S21402B0A00698060700C09C1F00210410012C067596
S21402B0B00698960628B010B9115911380EB91140E3
S21402B0C028A880B800C144300840081100C1F01F0B
S21402B0D000211410303B06710760076000C4083078
S21402B0E0084044111150FF30015118146FB8076818
S21402B0F026A8217A050C21102048267800C063EF86
S21402B1000000314026A8050C20ECB11140D9087287
S21402B110247A20EC217A184826A828B00AB90151C8
S21402B1200F31115028A8050C207A20EC0F0C98B885
S21402B1304678417806986A0200C2441F002124100D
S21402B1400151FF311150081200A006984A0800B8B3
S21402B15026A800C05C1F00211DB1181000A030B840
S21402B16040780DB101D9FC72427800C074300E40AE
S21402B17004114CBA407A1810144804115C7A18105C
S21402B180A4BB707B4E7B4F7B00C20430084000A0FD
S21402B19006984A08217A227A00BB0698720700C0EF
S21402B1A0681F00211DB11810A4BB00C040300E401D
S21402B1B00411033101492872B1120762076230484E
S21402B1C0041121510F3118726E7B6F7B10480411E7
S21402B1D04CBA7C7A181014480411607A1810B11010
S21402B1E002D81071707B30B8627860780DB001D8E2
S21402B1F0FC7100C0F8600840041101D90C7100C04F
S21402B2001800084002B9181008B86E780EB84EB189
S21402B21010D90C723EA8140C0FB83EA8107044A8A1
S21402B220140C01B800C1B0300E40081100C077807F
S21402B2301F003DB201423DAA00C0FFFFFFFC013ADB
S21402B2403DAA140C00C077E01F0001423DAAFFB8D9
S21402B25045207D7808B87E7800C124600840141125
S21402B26007610631087100B906985A1006984A1303
S21402B270B11101D90E710698881A02D9067206987B
S21402B280AE0B06984413511406989606F4B8457801
S21402B2900A0C00C0641F00211DB118100298341059
S21402B2A0FFB845205D7803B8076044A83EA800C1F1
S21402B2B0B0300E40081110B807683DB101393DA9FB
S21402B2C008B86F7800A046A800C0FFFF0000013B48
S21402B2D0076356AB94BA437A01D91471013C47B35B
S21402B2E000C0FE20FFFF013B314447AC637AFFB843
S21402B2F02120407802D90471607800A0C8BC066C90
S21402B300415C512C06750698960606986E0DB1108D
S21402B310076805D8347140BA06981A1308B86578D3
S21402B320911004D8187188B86E78577800C06400F7
S21402B330084021780698821001400A728CB842783A
S21402B340069856130298400B08B86C7820B85978BD
S21402B3505B7800C0F44008407878797800C1C81F4E
S21402B3600021141040A818491413044940881414E4
S21402B3700C4914118112076A006A01DA187188B83A
S21402B380577800C0CC1F00210410016107630763D1
S21402B390076407640698B20900944EB010D8427249
S21402B3A04DB161B80158113840B102D90A726048ED
S21402B3B004BB41540870204802BB02BC4DA8F8B832
S21402B3C07078190C3EB141413EA9F4B9737973788D
S21402B3D0717800C4F840084000C20041084022705C
S21402B3E000C20000010044AA230C00C200000B00A9
S21402B3F044AA00C41041084000C21841084004BBD9
S21402B400587C050C597C0C240F0C2FAB050CB11084
S21402B41008D81471647A657A1CB879787B7820B873
S21402B42079787B78607CF42441130698FC065114E4
S21402B4304044067506989606727BFFB84D20050CAA
S21402B440687840EC00C0601F00211DB118109110F2
S21402B45004D8147100C0BC1E0021041080D80671E6
S21402B4601CB8737800F818B800C1D81E002100C2B4
S21402B4701850084024122811767800F800C0B860E8
S21402B480084004110761076180D9047240EC00C4C9
S21402B490F84008404EB010D80471182441130C230B
S21402B4A0527C407B11512FA9050C797C0A0C00C0F6
S21402B4B0000001020814787C050C507C08B86D78F0
S21402B4C000A000C0287008400411108800C10018AF
S21402B4D00040181044480411108878480411108857
S21402B4E000884CBA757A18103DB11088F4B84278C4
S21402B4F04420727828487378F8B873784FB200C43C
S21402B500FFFF8080413A4FAA01BC016441130763E2
S21402B51000C06C70084003B918100110011001B980
S21402B520181001100110011001106848041107617B
S21402B53001B80160003A0471044904D90472415208
S21402B5400760003A0471084908D90472315204604F
S21402B550003B0E7200630064314241424FAAB27051
S21402B5604FAAF8B853781820537828485278009192
S21402B5703DA900900091181000917848181000918B
S21402B5804448181000A0115910D9067107600760C8
S21402B59008D90471076004D90471036002D90471E2
S21402B5A0016001D90471006000A000BA01D80671DA
S21402B5B00148112A0069006001D8F6720138F67255
S21402B5C000A08020FF30FF48812000A000C2185053
S21402B5D00840241211592129127300210E7100C24B
S21402B5E03050084024120121212900A006984A085A
S21402B5F088B8577800C57C1F00215088044D88BC47
S21402B60000C0C81E0021811101D91E71407C009520
S21402B6100115044D50881C4DFFBB076B315B0411AE
S21402B6200698B80C3129F8750698761954150698B6
S21402B630881A01D9087206987C0806700698DE08F1
S21402B64088BB547B009500F806988C090E70069805
S21402B650680B06988C0906986011069836089112AF
S21402B660211900C0246008400A78097800F810B949
S21402B67001BA069810130698341000C57C1F0021E4
S21402B68000F89112033288B900C3BC1E002134139D
S21402B69000C4A81008408CB84278707903DE0671A0
S21402B6A044786E707179A11020D806710298160F30
S21402B6B080DB507102D84C7205B830880763076386
S21402B6C002DB2A7100C3AC0008403413066380DB39
S21402B6D00472804800C3102008403413315B0472A1
S21402B6E0404831283128026008140768009308147D
S21402B6F0A11010300248081400B808149110076010
S21402B70008148CB86278A11000DC0676517900BA6B
S21402B71080DB587100C000000200003B4E7150886A
S21402B7204110344803DE04719048041508200411C1
S21402B730F82058101C2021780698AE0E00C0A400EF
S21402B74008400E7810D91C7151451A7100C5340094
S21402B750084407B8081500C53400084604B808159A
S21402B76004702E780698741600959111203102699D
S21402B770911004D80E7200C14C1F0021141101D979
S21402B7800A71208806985A10009200C118000840D4
S21402B7900533054B1872184C03DE0471904C4414A2
S21402B7A000C3FF1F0000413BFF233811B849076A58
S21402B7B00698A20E04490879097914102140081146
S21402B7C000A000C554000840541551455071108819
S21402B7D000C13400084407B8081101B83088076B66
S21402B7E040DB247100C0370C00000811364800C543
S21402B7F0D01E0021541102D90E72104801D90871C8
S21402B80000C01104000000C134000846081100C13F
S21402B81034000840141530350093009100A000BD96
S21402B8200698440210B903DC047100B901BA0698FE
S21402B830101302D9067100404E7201B107690F312A
S21402B84006988210FFD82872811008D8187106DD73
S21402B8500A710698440203DC0C720698C810069811
S21402B86056130C7006DD10710698CE10487020B87C
S21402B87002A806DD107206988C090698360801F8AA
S21402B88040B802A800F800C0BC1E002104130763DB
S21402B89001DB227191100111076911388CB910D899
S21402B8A0087144790298160F02DBFA72A11328DB9C
S21402B8B0F47203BD0698281006988C098CBA7F7A13
S21402B8C00698FC0600C5801F00210698440200BAAE
S21402B8D003DC3272044DA11002D804710C4D00C074
S21402B8E0140008400410026800C3701F00213411BF
S21402B8F01128FC2334110698960C00C10C510840FE
S21402B9000698B2065415212D00C0F86008400411AE
S21402B91001D9227100C03C1F00210410033001DC53
S21402B920147200C0140008400411FD21087602BA01
S21402B930076A212D069848070298E80991100155D2
S21402B94003355150011900A000C1481F00211410F0
S21402B95001D8427101480760FE200E75811020D87A
S21402B960087100C14C1F0021141101D9287100C0B2
S21402B970246008400412215107610F3107691152F1
S21402B980281000C000600840041191122151203195
S21402B9901152211900A0811380DB067201B800A0A3
S21402B9A000C30C5008403410063030727C4B341200
S21402B9B02C4B34100760076040302072811080D80C
S21402B9C0DC713410014A07620360803021508C48D3
S21402B9D00A717F2355233410013000A000BD06985B
S21402B9E0281088B847784578437800B8447800A08D
S21402B9F006988C090698C81000C58C1F002154159D
S21402BA00069848070298E80900C374000840027BBB
S21402BA1006984A1350BA06981A1306988210FFD848
S21402BA204A71911004D84872811007601CD840727F
S21402BA3020D938721112FF322151347180218021AF
S21402BA40111400C0E41E00210413FFBA3151113A4A
S21402BA50215111538CB938107B7940440E7200B9CB
S21402BA6000C2C41E00211812067008B86078069834
S21402BA70441300F800B900C29C1008401812244A69
S21402BA800AB9181288BA507A517A577A8CB942791A
S21402BA905F7900A00698440207DC1072911000201D
S21402BAA00A75069860110298660D0698360801B95E
S21402BAB0911004D8047100B910BA0698101300BA8F
S21402BAC000402A7100C0BC1E00210411076101D982
S21402BAD0127104D9E2728110076001D8DA718CB84B
S21402BAE0647800C11C5108400698B2060698601198
S21402BAF000C5901F00215415212D06987C0800C50C
S21402BB00941F002100F800BC811108D9167280D952
S21402BB10207201B910BA0698101300400E7101BCCB
S21402BB2010700698C8100698561320B802A800F897
S21402BB300698601181110231127100B900C20C1010
S21402BB4008401812244A02B918120698C81000C5EE
S21402BB50981F002154150698001A0298E809041145
S21402BB600121147188BA737A042004122811042061
S21402BB7004110121F47200A00698FC0601F8911047
S21402BB8010D8347106984003069886040698A204D4
S21402BB9000C51C51084054110698B80C00C5D41EA6
S21402BBA0002154155129E27518B875788CB8447876
S21402BBB001B802A800F8B110076810D82E7100C0AC
S21402BBC04810084000C3000008403114884C441155
S21402BBD03411076101D9FA7144122810076228103D
S21402BBE00762281007622810E87000C1BC1E0021F8
S21402BBF0141080D82C7100C1540008401411114151
S21402BC00207100C1000002401038167100C03400D6
S21402BC10084407B9181000C03400084601B91810C5
S21402BC2002987A020698600211380472016A00BB12
S21402BC3000C1E41E0021141120390C72911210DA90
S21402BC400672417B00A006984A1300C2BC1E002161
S21402BC50241220DA0472617B88BA527A00A088BA6B
S21402BC60727A811204DAFC7200A088B86B78577870
S21402BC7000C0640008402F7800A006986E10076384
S21402BC80076390B9637900B902DB36713112076235
S21402BC9040DA2E7200C2540008402410014022727C
S21402BCA002EC00C909B801D9507200C2AC000840C3
S21402BCB00E7A10D904722E7A06987416E03107614D
S21402BCC002EC00CD114502EC00CC01DB087100BB92
S21402BCD00298CA1703B841110731FA211C760621C9
S21402BCE0911210DA087102DD10721E7020B80698E2
S21402BCF0720C3038147208B80698820600C0240007
S21402BD0008402978207800F8046020D80671029846
S21402BD102C1502EC00CA05B823DA187104DBDA71B6
S21402BD2020DAD67110DAD27290B8617800B801DAE9
S21402BD30067202EC00C8911110D9267100C1CC1E01
S21402BD40002114111150FF300C720661A11011501F
S21402BD5002300A7180DB0A720AB89E708CB97C794E
S21402BD600768911111402111C0311140011990B894
S21402BD70411108D90471667820D904726578A11039
S21402BD8002D80672C0DA1E7190B8273123DD087217
S21402BD9010DB1072607825DD0A7121DD087208DB7F
S21402BDA00471627803B8411107310872A115203573
S21402BDB0AA7102DD3272A11120D9A07102D92872AD
S21402BDC0CCDA9872411140D9927206B802DB107131
S21402BDD0046500C1102008401411112D112D054DC7
S21402BDE05C720298BA1321114049C0D94E71A03133
S21402BDF041154035016551410361076308DA1E7239
S21402BE0004DA38721049A1150235067110DB0E727B
S21402BE1001340A7108DB247190B86778CC321110AD
S21402BE201A300ADC0872CCDE0471FD3100C00D0F38
S21402BE300C0D0698740C01D8607207B80298E413C9
S21402BE4000BA411108D90C7102EC00CA05B830DA02
S21402BE50EC720734F031026101DA0471014900C064
S21402BE60F300A3E30698740C01D8D07100C09814AE
S21402BE7040680698740C4030014440DA0471204C45
S21402BE8004320162204A111006300068014218315D
S21402BE900269114202980214204A00C0051708508F
S21402BEA00698740C113001422088FFBB0DDA5071DF
S21402BEB000C1DE1B250180BC04DA107208DA0A72A1
S21402BEC000C120841000E024A024076341430164DB
S21402BED001DA06711E49024B00C02C1F00210763BF
S21402BEE03810BC2002DA127101B91159A11380DB95
S21402BEF0087100C100FCFF0118100298561700C412
S21402BF00BC1E0021441080D87C710092D0DA0671E3
S21402BF100DDA0C7190BD437DEFBD06983E050362B7
S21402BF200DDA8672A11105D95C7100C2381008407C
S21402BF3024120C24281401D9067202D9327140D96F
S21402BF401E7102EC00CA211018320471FA2220D89F
S21402BF5004720822FE22087502EC00C8F87001D9A5
S21402BF600E7102EC00C802D9067204DC187200C018
S21402BF70BC1E00210410026801D8067190B86478CD
S21402BF8018B873780298CA1700C50020084000C087
S21402BF900417000008D904720A480815104D00B8A4
S21402BFA008D90472FF200815084D00C00884000056
S21402BFB008D9087200C02083B8ED0815104D207D00
S21402BFC000A000B8011A00C0740008400278911060
S21402BFD01030011905BA06981A1302D9067101B86B
S21402BFE002A800C0BC1E0021041380DB0671029862
S21402BFF066138CBA7C7A01DB6C7100C2301F00219A
S21402C00024111114FF3402EC00C8FF24FA760761EB
S21402C0100698820C036111380F3003611114011166
S21402C02041100698820C01D8087203B80298E413ED
S21402C030044A02DB2471241011281128041202304B
S21402C04006710762076200C0FFFF0000213800C2C7
S21402C05018000840FF200812411007600698820C5C
S21402C06001D87C7120BC1033767100BB00C12C1F36
S21402C07000211415C021112C5112076A0F320E71BD
S21402C080408851140698FA174143009451120765E6
S21402C090036A0F320E71411151140698FA17036C97
S21402C0A041430765513B00C1E81E002114111112DD
S21402C0B031100F30127100BA046101D804711142B6
S21402C0C000600FD8F472311002601E30047201B89C
S21402C0D0003A087204B80298E4130298EA1500C0FF
S21402C0E0381F002104110F3103DD1A7200C00060F0
S21402C0F00840041007D80E7200C01040084004B969
S21402C100181000F806986E1006983C0500F830885D
S21402C1105088FF34087102ECFF24F87002EC00CD60
S21402C120141001BB5150FFD8047131440760006BF4
S21402C13010DBF2710421FF22E4720F4C009500938B
S21402C14000A000C1C01E0021141100A0308806986D
S21402C150381A8111076102D906720298141988BB2F
S21402C160557B076120D90671029804190088A11030
S21402C170076806982E1808211415FC2590BB5C7BD0
S21402C1805D7B00C10060084014110731FE21307645
S21402C19008D82A725113FC23341304DB2071076B70
S21402C1A0FF33315B00C108700840141107618049F3
S21402C1B00C71FF313029547590BB7B7B10707B7BF2
S21402C1C07C7B00DD04717D7B01BB3815EC255413A6
S21402C1D000DF5471042505DF54715415211120889F
S21402C1E00698B80C009251293E7500C100600840BE
S21402C1F0141102DB0C710731315B31292A760C707F
S21402C20004DF0872006180D91E7206982E1800C0DC
S21402C2100870084006987C1A06982E181411FFD942
S21402C220607202985A190090009300A05415A1114A
S21402C230076910D9A672082508D8A071082510D853
S21402C2409A71208821110698B80CFC255412112ADE
S21402C250F82554110C2520D80871F0255411102504
S21402C260202904762159181500920298C61818B982
S21402C2707179811010D80A7188B8447800B841786C
S21402C28088B9747908B9677900F88110A0D808715E
S21402C29088B9497900A0076002D8FA7106982E1864
S21402C2A0108806984A130762076210DA0871082196
S21402C2B01415F025541100C20020FEFF2029127525
S21402C2C00698881A01D90A7206988C0906983608C2
S21402C2D000941CBB41100C2006984A1241110821FA
S21402C2E0141006984A123128441111120761FF31C0
S21402C2F0FF320122105210720769181404244413E4
S21402C300042438140C7007692141181408240814F0
S21402C310029844134044147100C1C41E002114152F
S21402C3205113036B0FDB0C72066D06980607411558
S21402C33000A00698360806984A1308BB51140698B9
S21402C340C0194415FC2554150298480788B900C33D
S21402C350BC1E00213413076308DB1A718113A0DBAD
S21402C3600671497910706979076302DB087208B9A9
S21402C370677900F800A08111076102D9107188B9A7
S21402C380757906982E181411FF3100A0FFB900A087
S21402C390041008211411F421081100A0811107616C
S21402C3A0076110310E7106982E1808211411F82113
S21402C3B0141100A0010203000600070A00000E0086
S21402C3C000000F001A00000000001B00D0C302008D
S21402C3D08CC4020000000000E8C302000100000056
S21402C3E000000000000000000CC402004063598FE9
S21402C3F0404B4C000B000B001A00FF7F2C21002044
S21402C400000000000000000000000000F81F01010C
S21402C41030C60200DC1F04010200620609C8057865
S21402C4200704DC0678070607F41F01010100000076
S21402C430FC1F01010000000038000200000000009E
S21402C440000000002C6002000050010F40B80040BF
S21402C450786001005063820BE8600100590B00000F
S21402C4601470011000F8070014700130F500000087
S21402C470187001000018000070700300030101002C
S21402C4800F9C030006E04900FFFFFFFFF01F0101BB
S21402C4903F00370004000200018014007F00000005
S21402C4A0180002000000000000000000280004003F
S21402C4B00000000000000000000000000000000075
S21402C4C040000100A0070000480001000000000034
S21402C4D0540002000000000000000000A00004005B
S21402C4E000400000FF4C000000410000FF4D00002D
S21402C4F000200100040700001020010000000000D8
S21402C50018200100088400000830010013AC000166
S21402C51030300200244910000100000040300100C3
S21402C52000000000A04001007A27000FB84001007A
S21402C53000C0A300F44001002010000034410200B5
S21402C54080080000E6870000404102006D00880077
S21402C550C0E6524D604104000000000000000000EA
S21402C560060000000600000014600600100000002E
S21402C57020F913040B0072006070000000800000B7
S21402C5800000000350600600FC006900410800003D
S21402C59001000000B0070700700A0000000000005B
S21402C5A07C600B009BC34A74F0030000038000000B
S21402C5B0BE0A00000101103050707F7F00000000AC
S21402C5C00000000000000000000000000000000064
S21402C5D0E46001008000D78BEC60050064048307EA
S21402C5E08813C83A9C20060000612000B7568520B2
S21402C5F004610300383E12002030000088BB0000B1
S21402C60020610100001E00001C7005006000050588
S21402C610030050AB8200000000008001D50000003D
S21402C620487002003C3D0000BC190000FFFFFFFFFF
S21402C6300D000000D75403000000000084C602006C
S21402C6407CC6020000000000001A9A00005A62022D
S21402C65080841E000420000024490002000000001E
S21402C66000000000000000000000000000000000C3
S21402C670D1841E000000000000000000ED1700003C
S21402C68000000000193F0106041001000001010627
S21402C69000102700000900000000000000002C2007
S21402C6A066756E6374696F6E3A20006173736572A5
S21402C6B074696F6E2022257322206661696C656438
S21402C6C03A2066696C6520222573222C206C696EDE
S21402C6D065202564257325730A000020202020206B
S21402C6E0202020202828282828202020202020201B
S21402C6F0202020202020202020202088101010100B
S21402C700101010101010101010101004040404045E
S21402C710040404040410101010101010414141418A
S21402C7204141010101010101010101010101010172
S21402C7300101010101011010101010104242424284
S21402C7404242020202020202020202020202020242
S21402C7500202020202021010101020000000000066
S21402C76000000000000000000000000000000000C2
S21402C77000000000000000000000000000000000B2
S21402C78000000000000000000000000000000000A2
S21402C7900000000000000000000000000000000092
S21402C7A00000000000000000000000000000000082
S21402C7B00000000000000000000000000000000072
S21402C7C00000000000000000000000000000000062
S21402C7D00000000000000000000000232D302B2087
S21402C7E000686C4C00656667454647003031323358
S21402C7F034353637383941424344454600303132C3
S21402C80033343536373839616263646566002E2EF6
S21402C8102F2E2E2F737461636B2F73656375726987
S21402C82074792F73656375726974792D636F6D6D94
S20C02C8306F6E2E63000000008B
S20C02C838F856FD7F0100000026
S21002C8404CC8020000200020810000000E
S21402C84CAAAAAAAAAAAAAAAAAAAAAAAAAAAAAAAA35
S21402C85C001000000000200000100000108D0200E6
S21402C86C00000000FFFFFFFF0000000000000000B9
S21402C87C000000009C9802009C350120CC38012058
S21402C88C02000000457900000000000005060200C8
S21402C89C05040100C0EA2101C0EA21010080000063
S21402C8AC00F04902E05D01206C20002000700F00B1
S21402C8BC009000007C3C0120C8000000FE00000036
S21402C8CC00000000B09C020008220020C0EA2101F1
S21402C8DC0600E40C0A0000000000E40C0A0000004B
S21402C8EC3F0000003D2802003C000000401F0000F4
S21402C8FC144501207444012054450120D4450120DE
S21402C90C100E000014470120D95A02005EA5020040
S21402C91CFFFFFFFFFFFF03FF050E000000000000F5
S21402C92C445901200000000000080808080C0C0CF2
S21402C93C18000000394B020068A80200FFFFFFFF38
S21402C94C215002001D500200FFFFFFFFB9A101009B
S21402C95CFFFFFFFFFFFFFFFFFFFFFFFFFFFFFFFFD4
S21402C96C5DBD0100FFFFFFFFCD530200FFFFFFFF7F
S21402C97C000000003821002000000000405B01206F
S21402C98CA85B0120105C01200000000000000000E3
S21402C99C0000000000000000000000000000000084
S21402C9AC0000000000000000000000000000000074
S21402C9BC0000000000000000000000000000000064
S21402C9CC000000000000000003000000405B012095
S21402C9DCFFFFFFFFFFFFFFFFFFFF5802010064008F
S21402C9EC3C000F00140090010900CEFAEFBEFFFFC8
S21402C9FCFFFF0100FEFFFFFFFFFF0100FFFFFFFF2F
S21402CA0C0E000000000004F8FFFFAA01FF031F043B
S21402CA1C0101010410100803BF19FF010301FF0EE8
S21402CA2CFE01FF0530BF4223013BFDD1024B5B6882
S21402CA3C13F0805FFAD1704700300E400D1F0000D5
S20802CA4CE51E0000DC
S804007D0D71
