:1000000000200020695900005FE701005FE7010060
:1000100091FE01005FE701005FE701005FE701007B
:100020005FE701005FE701005FE701005FE70100B4
:100030005FE70100A06202005FE701005FE70100E7
:100040005FE70100CDA0010085C900005FE7010066
:10005000FD980100A12C02009D2C0200EDA00100E2
:10006000952C02002D660000956700005FE70100F7
:10007000B5560000A55600005FE701005FE70100EC
:100080005FE70100B52C0000B56700005FE70100E5
:100090005FE701005FE701005FE701005FE7010044
:1000A0005FE701005FE701005FE701005FE7010034
:1000B00021A10100992C0200ADB900005DA1010051
:1000C0005FE70100858401005FE701005FE7010051
:1000D0005FE701005FE701005FE701005FE7010004
:1000E0005FE701005FE701005FE701005FE70100F4
:1000F0005FE701005FE701005FE701005FE70100E4
:100100005FE701005FE701005FE70100000000001A
:10011000013800D0FCE7704700000000000000003C
:1001200001F0FF01102A2BDB10F0070F08D010F8A8
:10013000013B013A8B422DD010F0070F42B3F6D1AC
:10014000F0B441EA012141EA014122F007047FF0C5
:1001500000070023F0E80256083C85EA010586EA1C
:10016000010685FA47F5A3FA87F586FA47F6A5FA58
:1001700087F68EB9EED1F0BC01F0FF0102F0070264
:1001800032B110F8013B013A83EA010313B1F8D10F
:100190000020704701387047002D06BF35460338F0
:1001A000073815F0010F07D1013015F4807F02BF29
:1001B000013015F4C03F0130F0BC0138704700BF7A
:1001C0002DE9F04F2DED028B91B082460C469346FF
:1001D0001D46DDE91C23104619461CF0F3FA0028E1
:1001E00000F007814FF0FF32B14BDDE91C011CF03C
:1001F00011FB002840F0FD804FF0FF326FF48013B8
:10020000DDE91C011CF0E8FA002840F0F280002231
:100210000023DDE91C011CF0DFFA002840F0FE801D
:100220009DED1C7B8DED067B209B13F480630F936B
:1002300001D106231E93DDE906010246C1F30A50EF
:10024000C1F31303904643F07F5949F44019A0F2DB
:10025000FF301BF0E5FF84A3D3E900231CF04AF82C
:1002600083A3D3E900231BF08FFE06460F4600222E
:10027000904B404649461BF085FE7FA3D3E90023FF
:100280001CF038F802460B46304639461BF07CFE1F
:100290001CF0CAFA06461BF0C3FF8046894678A3C5
:1002A000D3E900231CF026F80022834B1BF06CFEE0
:1002B0001CF0BAFA074674A3D3E900234046494626
:1002C0001CF018F88046894638461BF0A9FF70A339
:1002D000D3E900231CF00EF802460B46404649467F
:1002E0001BF050FE8046894602460B461CF002F881
:1002F000CDE90A0107F2FF3700210022CDE90812FB
:100300003B0509930023089342464B464046494625
:100310001BF03AFECDE90C0142464B4600204FF05F
:1003200080411BF02FFE804689460022634BDDE9A9
:100330000A011CF009F90022614B1BF025FE024660
:100340000B46DDE90A011CF0FFF800225D4B1BF0B3
:100350001BFE02460B46DDE90A011CF0F5F80246D9
:100360000B46404649461BF00FFE02460B46DDE9B0
:100370000C011CF0E9F80022534B1BF005FEDDE9EF
:1003800008231BF0B7FF8046894649EC188BDDE94E
:1003900006231CF03FFA40B1013E0022484B404684
:1003A00049461CF0D1F841EC180B06F16303C62B4B
:1003B0003FD80427209B13F4006F44D036A3D3E921
:1003C0000023DDE90689404649461CF019FA002859
:1003D0003FD033A3D3E90023404649461CF0FCF943
:1003E000002836D01E9BB34225DD9E1B731E1E9334
:1003F00023E0209B04931F9B03931E9B02939DED80
:100400001C7B8DED007B2B465A462146504600F062
:10041000CFF811B0BDEC028BBDE8F08F9FED227BD1
:100420008DED067B1C9B06931D9B03F100430793F8
:10043000FAE60527BEE700231E93209B43F4806362
:10044000209300273E461F9B9F423FD2A3EB070805
:100450003EE01E9B002BF6D00F9B002BF3D01E9B83
:10046000013B1E93EFE700BFFB799F501344D33F3E
:10047000B3C8608B288AC63F61436F63A787D23FAA
:1004800071A379094F930A401655B5BBB16B024071
:10049000EF39FAFE422EE63F2D431CEBE2361A3FBF
:1004A0000000000080842E410000000000000000D9
:1004B000FFFFEF7F0000F83F0000E03F00002C400E
:1004C00000002440000018400000F03F4FF00008FA
:1004D000209B13F0020902D00FB14FF000083EB18B
:1004E00053EC182BDDE906011CF02EF8CDE90601CE
:1004F00000220023DDE91C011CF06EF900283DD12B
:10050000209B23F400630493CDF80C801E9B029380
:100510009DED067B8DED007B2B465A4621465046CD
:1005200000F046F8002F3FF474AF209B13F0200F2B
:100530002CD04FF0450C00F101082B460246214615
:100540006046D04786EAE672A2EBE6720523059381
:10055000013F0497002303930A230293F30F0193AF
:1005600000922B4642462146504620F073FDB9F1D9
:10057000000F3FF44EAF02461F9F10E0DDE9060179
:10058000024601F10043CDE90623B9E74FF0650CBF
:10059000D1E7561C2B4621462020D0473246A2EBFD
:1005A0000B03BB42F5D3104633E700BF0000000049
:1005B0002DE9F04F2DED028B95B007900A919246F0
:1005C0009B46DDE92089229D42464B4640464946EE
:1005D0001CF0F8F8002840D04FF0FF326FF4801381
:1005E000404649461CF0F8F8002845D14FF0FF324C
:1005F0009F4B404649461CF00DF900284BD198A36B
:10060000D3E90023404649461CF004F900285AD19A
:1006100095A3D3E90023404649461CF0DDF80028A5
:1006200051D100220023404649461CF0D5F800284D
:1006300057D100230B93249B13F4806F5CD00024CC
:100640001F2C5BD8092D59D904F150036B4430227B
:1006500003F8202C013D0134F2E7249B0393239BF4
:10066000029303230193834B00935B4652460A99FE
:10067000079820F015FC2CE1249B0393239B029305
:10068000042301937C4B00935B4652460A990798DA
:1006900020F006FC1DE1249B13F004030FD0774AE1
:1006A0007BB1042324990391239902910193009231
:1006B0005B4652460A99079820F0F2FB09E1704A1E
:1006C000EEE70323EEE7249B0493239B0393029519
:1006D000CDE900895B4652460A990798FFF770FDFD
:1006E000F7E042464B46002000211BF04BFC8046C1
:1006F000894601230B939EE70625A0E7404649461D
:100700001CF092F806461BF08BFD02460B46404655
:1007100049461BF037FC5B4B03EBC50393ED008BA5
:1007200053EC182B1BF0E6FD02460B46CDE90823DF
:100730001CF0A2F807461BF063FD02460B46DDE9FC
:1007400008011BF01FFC02460B46CDE908230022DE
:100750004D4B1CF05FF850B3013738461BF050FD8D
:1007600002460B4651EC180B1CF040F808B101365C
:10077000002755BB30461BF053FD02460B46404652
:1007800049461BF0FFFB0746884600223E4B1CF003
:1007900023F838B100223C4B384641461CF03AF869
:1007A000002842D016F0010F3FD001363DE0002274
:1007B000354BDDE908011CF00FF80028D9D117B13D
:1007C00017F0010FD5D00137D3E71F2C17D8013D03
:1007D0002E4BA3FB0723DB08194603EB8303A7EB90
:1007E0004303621C303304F150000DEB000404F8A5
:1007F000203C092F02D90F461446E6E714461F2C69
:100800000AD86B1E45B104F150026A44302102F847
:10081000201C1D460134F2E71F2C06D804F15003BA
:100820006B442E2203F8202C01341F2C33D8184A95
:1008300082FB0632F317C3EBA2031A4603EB8303D2
:10084000A6EB4303611C303304F150000DEB0004B0
:1008500004F8203C1646EAB10C46E6E7AFF3008008
:100860000000000065CDCD410000000065CDCDC188
:10087000FFFFEF7FD8690200DC690200CC6902004B
:10088000D4690200E86902000000E03FCDCCCCCC86
:10089000676666660C46249B03F00303012B1DD09C
:1008A0001F2C09D80B9B002B35D004F150036B444F
:1008B0002D2203F8202C0134249B0393239B0293C5
:1008C00001940CAB00935B4652460A99079820F0BE
:1008D000E7FA15B0BDEC028BBDE8F08F239BB3B1F6
:1008E0000B9B1BB9249B13F00C0F12D0239B013BD5
:1008F0002393194606E004F150036B44302203F8B9
:10090000202C01348C42CBD21F2CF4D9C8E7239978
:10091000F8E72399F6E7249B13F0040F07D004F1BE
:1009200050036B442B2203F8202C0134C4E7249B92
:1009300013F0080FC0D004F150036B44202203F8D9
:10094000202C0134B8E700BF7FB54E6802A90446E9
:1009500021F08BFE9DF808300E2B19D1134BB3F903
:100960000050134B9E4218D807F0E0FF0346006882
:1009700000909B88ADF804306946204621F062FE65
:1009800070B10C490C4840F21C620DF025F8FEE7EE
:10099000204615F06FF80546E3E707F0C3FFE5E7EB
:1009A0002946204621F063FE04B070BD4C4F002064
:1009B000FFC99A3B356D02005C6A020038B50446F7
:1009C0000D461DF0FFFF064A13889BB22DB123434D
:1009D0001380BDE838401DF0FBBF23EA0403F7E7AE
:1009E000BC490020034B002201214FF480709A7013
:1009F000E4E700BFBC4900207FB50023134C0393FC
:100A0000CDE90133FF238DF804301DF0DBFF228890
:100A100063880F4E9A4205460DD061887068218028
:100A200001AA14F015FE58B10A490B4840F297622A
:100A30000CF0D2FFFEE7706821F0C6FC0128ECD074
:100A400028461DF0C5FF04B070BD00BFC8200020BF
:100A5000BC490020356D02005C6A020038B50F4CBD
:100A6000A56835B90E490F4840F27C720CF0B4FF0E
:100A7000FEE720F0C4FB284410F020FC00F0070043
:100A8000032809D1A4680921204620F0D4FC205C69
:100A9000031F5842584138BD0020FCE7BC490020E4
:100AA000356D02005C6A020010B5114CA378042B6E
:100AB00006D01049104840F244520CF08DFFFEE77A
:100AC00023881B0706D40B490B4840F245520CF013
:100AD00083FFFEE700210820FFF770FF074B6068E7
:100AE00002221A7114F082FDBDE810401FF0EDBB28
:100AF000BC490020356D02005C6A0200C82000205D
:100B000010B5084C606814F071FD606821F05CFC61
:100B1000012806D0012260681146BDE8104021F08E
:100B200055BC10BDBC49002038B5194DAB7833B168
:100B3000184919484FF4DC620CF04EFFFEE71DF037
:100B400041FF298811F00601044609D001214FF424
:100B50008070FFF733FF2046BDE838401DF038BFF6
:100B60004FF48070FFF72AFF12F016F9012805D024
:100B700010F0FD0F05D1FFF73FFFECE7FFF7C0FFD7
:100B8000E9E70449044840F2F6620CF025FFFEE76D
:100B9000BC490020356D02005C6A020070B5074D4B
:100BA00095F90C600446FFF7BFFF11F0F5FFAA6846
:100BB00031462046BDE8704011F02CBEBC490020F3
:100BC00008B50A4B1B88DB0606D40949094840F2E0
:100BD00069520CF001FFFEE700211020FFF7EEFE46
:100BE00012F056F9BDE808401FF06FBBBC49002069
:100BF000356D02005C6A02000D4B1B889B0710B527
:100C0000044613D500210220FFF7D8FE094B5A797C
:100C1000FF2A06D00849094840F29A420CF0DCFE4F
:100C2000FEE75C71BDE810401FF04FBB10BD00BF78
:100C3000BC490020C8200020356D02005C6A02001B
:100C40007047704710B50E4CA37833B10D490E486C
:100C500040F2C5120CF0C0FEFEE7A06019B1A17C05
:100C6000003918BF01212020FFF7A8FE074B0848D4
:100C70009B7923770223A370BDE810400FF088B959
:100C8000BC490020356D02005C6A0200C8200020CB
:100C9000DC49002008B50FF07DFF80F00100C0B2F4
:100CA00008BD0A4B9A780AB1062A0CD11B8803F4B6
:100CB0008B7343B9064B5A79FF2A04D11879FF3850
:100CC00018BF012070470120704700BFBC490020B9
:100CD000C820002008B50FF04DFF0028FBD108BD4B
:100CE0000C4B42881A8242789A740278DA748288AD
:100CF0009A82C288DA82C2689A61074A017A91713F
:100D0000028A198D914204D001214FF400701A8596
:100D100054E67047BC490020C8200020094B1A8ABD
:100D200042809A7C4270DA7C02709A8A8280DA8AE7
:100D3000C2809A69C260044A1B8D92790272038252
:100D4000704700BFBC490020C82000204B1E012B6B
:100D500070B50C4606D91B491B484FF42A720CF09B
:100D60003BFEFEE7194D0A460146686821F093FDF7
:100D700030B11449144840F2AA220CF02DFEFEE7CF
:100D80006E680FF079F822460146304621F07DFD6D
:100D900030B10C490C4840F2AE220CF01DFEFEE7CB
:100DA0006D680FF075F822460146284621F079FD5E
:100DB00030B10449044840F2B2220CF00DFEFEE7C7
:100DC00070BD00BF356D02005C6A0200BC490020A6
:100DD000054BDB791B0913F00E0003D0052B8CBFEC
:100DE00000200120704700BFC8200020044BDB79A1
:100DF0001B0913F00E0F0CBF01200020704700BF2D
:100E0000C82000202DE9F04F16469A0591B0814682
:100E10001F4603D501218020FFF7D0FDF3014FF0DD
:100E2000000852D59A4C23889D074ED5994D6B7971
:100E3000FF2B06D09849994840F266420CF0CCFD51
:100E4000FEE7A36833B99449944840F267420CF036
:100E5000C3FDFEE741460220FFF7B0FDA37885F809
:100E60000580042B03D101210820FFF7A7FD8C4A40
:100E70006068002121F01AFC30B18749874840F2B0
:100E800071420CF0A9FDFEE7FFF7A2FFA8B9D4F864
:100E9000048020F0B4F90546A06820F0BBF92918B9
:100EA0007F4A89B2404621F012FC30B17A497B4832
:100EB00040F277420CF090FDFEE7A378032B02D1BD
:100EC000606814F093FB1FF000FAB80702D5012008
:100ED000FFF792FE16F0A84F02D00220FFF78CFE1B
:100EE000B10220D50021402005ACFFF767FD214667
:100EF000484621F0FCFCB0B99DF81C30022B0AAA30
:100F000022D18DF83030BDF81430ADF828301046BD
:100F100011F04AFE38B1484621F0E7FC18B901212A
:100F20004020FFF74BFD320752D5594D05AA68689E
:100F3000032121F07BFC804688B95749574840F28D
:100F4000B3420CF049FDFEE7032B05BFD4E90001D5
:100F50008DF830308DF83000C2E90001D7E79DF8F8
:100F600014306868072B40F022810AAA414621F01C
:100F700061FC824630B14849484840F2B6420CF024
:100F80002BFDFEE7FFF724FFBDF8161090B9FFF721
:100F90002DFF68B10431686889B20AAA21F04CFCBF
:100FA00040B13D493D4840F2C7420CF015FDFEE717
:100FB0000231F0E7BDF816000730012180B20FF0D2
:100FC00033FD039000284AD101210C2012F02AFDA4
:100FD000B10705D52E4B1B881A0701D5FFF764FD15
:100FE000B3010AD500210420FFF7E8FC284B9A78CA
:100FF000012A02D1586814F0F9FA16F0284F03D0EC
:1010000000210420FFF7DAFC7E060CD5204C238853
:101010001D0701D5FFF748FD2388580703D5002198
:101020000420FFF7CBFCF90540F1CF80484621F0C2
:10103000C9F9022802D0032840F0C080144C23884C
:101040005A0703D500210420FFF7B8FC23889B072B
:1010500040F1BB80012011B0BDE8F04FCCE50FF0AE
:10106000B9FB4FF0000BCDF800B0BDF816300246CA
:1010700004464146686821F0F9FBBDF8163083420A
:1010800010D0054905484FF49B620CF0A5FCFEE723
:10109000BC490020C8200020356D02005C6A0200B7
:1010A000E849002020F0ABF8204410F007F900F0E8
:1010B0000700022823D1AB78042B89D120F09FF8B8
:1010C000434B20441B7882789A4281D159460820AC
:1010D000FFF774FC20F093F8204410F0EFF83D4B3C
:1010E000C0F3001018719DF836302B73FFF7B6FC73
:1010F00000287FF46DAF686814F078FA68E720F094
:101100007EF8204410F0DAF8830649D520F077F80D
:10111000204410F0D3F800F00700032828D0012164
:101120000420FFF74BFC21F0ABFB2863BDF8163021
:101130009DF83620E254BDF816309DF83720234440
:1011400001209A71BDF816100A9A0131214410F05D
:10115000C3F8BDF8163003981C4484F805A00FF0BE
:10116000F7FC1D4B18780FF019F81FF0AEF82FE7B9
:101170000921204620F05FF9205C04284FF001018E
:10118000CED1FFF71BFC21F07BFB28632B88580690
:10119000CCD559464020FFF711FC4FF0010AC5E7B6
:1011A000AB78012BC2D1686814F020FABEE721F0B9
:1011B00037FB6868414621F056FB09E707490848B4
:1011C00040F2B5520CF008FCFEE711B0BDE8F08F1C
:1011D000294A0020C82000202C490020356D02003B
:1011E0005C6A020008B50246FFF7F2FD30B1072A3B
:1011F00006D8044B002083F8342008BD7020FCE79B
:101200000220FAE7BC49002008B50246FFF7E0FDDE
:1012100028B1044B93F834301370002008BD7020BF
:10122000FCE700BFBC49002008B5074B014600227F
:10123000586821F030FB30B1044905484FF437724B
:101240000CF0CAFBFEE708BDBC490020356D02006A
:101250005C6A020008B5074B01460022586821F07D
:1012600014FB30B10449054840F2E2220CF0B4FB13
:10127000FEE708BDBC490020356D02005C6A020033
:1012800008B5074B0146586821F011FB30B10549FC
:1012900005484FF43A720CF09FFBFEE708BD00BF13
:1012A000BC490020356D02005C6A020008B5064B9F
:1012B0009B7833B10549064840F2F2220CF08CFBD2
:1012C000FEE7BDE808402FE4BC490020356D020070
:1012D0005C6A020008B5044B0146586821F0C7F962
:1012E000002818BF8B2008BDBC490020014B58685E
:1012F00014F0C0BBBC490020014B5888704700BFA8
:10130000C82000207FB50123ADF80E3009484FF604
:10131000FE7300930DF10E02002304A9406821F032
:1013200025F9012894BFBDF810004FF6FF7007B0F3
:101330005DF804FBBC49002008B5044B0146586821
:1013400021F09AF8B0FA80F0400908BDBC490020AD
:1013500038B50B4DAB78012B04460DD8FFF7ECFFE9
:1013600060B1084B5C80AB781BB9FFF7DDFB002058
:1013700038BDFFF741FBFAE73E20F9E78A20F7E79F
:10138000BC490020C8200020024B9B780BB9FFF716
:10139000CBBB7047BC490020014BD874704700BFDD
:1013A000BC49002008B5054B0121586821F031F8EF
:1013B0000028B8BF033040F3870008BDBC490020B7
:1013C00008B5044B586821F053F8034BB3FBF0F019
:1013D00080B208BDBC49002040420F0030B58DB03E
:1013E0002C220446002101A821F0C9FF0123264D2B
:1013F0008DF808304FF002326423CDE903230693C1
:101400000B238DF82C302B8DADF80A30FFF7E0FC64
:10141000A0B140F2F23307934FF47A7305930CB9FD
:10142000FFF76EFB686801A914F0F8FBB8B1174923
:10143000174840F269620CF0CFFAFEE7FFF7C0FFF1
:101440000C234343902BA3F10A0207930592DCBFC0
:1014500091230793059B8B2BE1D88C23DEE7FFF7C5
:10146000C5FC60B101226868114621F02EFA30B146
:101470000649074840F26C620CF0AEFAFEE70CB980
:10148000FFF752FB0DB030BDBC490020356D0200A6
:101490005C6A0200F8B5574C1DF094FA2388D90510
:1014A000064603D5A37843BBFFF73EFB524D6B794D
:1014B000FF2B13D06B7903F0FF0723BBFF236B7166
:1014C000A378032B0AD100233046A3701DF080FAC5
:1014D0003846FFF763FB1DF075FA0646A378042B28
:1014E00008D12B79FF2B05D02B79022B14D143483F
:1014F0000EF04EFDFF232B7128E000214FF4807089
:10150000FFF75CFAD2E76B79012B4FF0FF036B71A9
:1015100014BF89278D27D6E72B7913B12B79012B9F
:101520001FD1FFF79BFA2B790022FF212971DBB233
:1015300084F820200546002848D0012B0AD12F48E6
:10154000A37064210EF02FFDFFF756FA30461DF010
:101550003FFA06E03046A2701DF03AFA3120FFF75C
:101560001DFB23881A0608D500218020FFF726FAE4
:10157000606821F0EFF811F06CFC23889B0507D51B
:101580004FF400700021FFF719FA0020FFF726FF43
:101590000FF0F0FAE08628B30FF01CF901210546A0
:1015A000002012F03FFAA678012E15D1002684F80B
:1015B0002060A670FFF7B8FA284611F065F8A37806
:1015C000E6867BB9BDE8F84011F0E6BAA070304677
:1015D0001DF0FEF92846C2E72EB1284611F054F856
:1015E0000023E386F8BDFFF79FFA284611F04CF878
:1015F000E686F7E7BC490020C8200020DC4900202F
:101600007FB5794C2388DB0700F1E7800121774D16
:101610000846FFF7D3F905237549A37005F10800C3
:1016200013F0B6FF606028B972497348F3220CF0DA
:10163000D3F9FEE7714820F008FF69A3D3E900233E
:10164000CDE900234FF0FF324FF0FF33606820F008
:101650008BFF4FF48811606814F06AFA014630B1CC
:101660006449654840F20B120CF0B6F9FEE7644B92
:101670001B78012B0ED1634A606814F0E5F96068AD
:1016800014F0FAFAE0B15B495B4840F217120CF033
:10169000A3F9FEE75C4E316831B9564956484FF41C
:1016A0008D720CF099F9FEE7564A606814F0CCF997
:1016B00033689B6823B1DB6913B15B7803B1EB71CD
:1016C000FFF720FE514B68801B78C3EB431203EBFE
:1016D0008203DB0001202385FFF780FE65680EF0A2
:1016E000D7FB00220146284621F0DBF8054630B141
:1016F0004049414840F22D120CF06EF9FEE740F2ED
:1017000003532382424B04261B78E374A674FFF72D
:1017100057FE00EB80039B00A382FFF751FEC00041
:10172000E08231466068A56120F0A0FE30B1314909
:1017300031484FF49E720CF04FF9FEE76068324674
:1017400003A920F039FF042806D02A492A484FF47B
:10175000A0720CF041F9FEE703A901200FF0CAFDC9
:101760000BF034F9606808224FF0FF3120F006FFDB
:1017700030B12049204840F249120CF02DF9FEE723
:1017800014F0E8FB30B11B491B4840F24F120CF03B
:1017900023F9FEE7FFF71CFB68B11DF029FB0146AA
:1017A000606820F04FFF30B11249134840F25312E5
:1017B0000CF012F9FEE76468FFF7A4FD154B014633
:1017C00003F10C02204613F051FF30B109490A48D9
:1017D0004FF4AD720CF000F9FEE704B070BD00BF2D
:1017E0000A0020FF42030000BC490020C82000205E
:1017F000E5090000356D02005C6A0200690345ECF2
:101800000E4A00204909000014200020CE210020AB
:10181000CD210020606D020008B5044B586820F00F
:1018200029FE034BB3FBF0F080B208BDBC49002099
:1018300040420F002DE9F043864D2B889B0787B06F
:1018400006D48549854840F201720CF0C5F8FEE7E0
:10185000AB78033B012B06D97F49804840F20372E5
:101860000CF0BAF8FEE7AA6832B97B497B4840F22F
:1018700006720CF0B1F8FEE7794E2C88F77914F077
:10188000200418BF4FF47A744FEA1718FFF7A0FA34
:10189000002872D0B8F1020F0AD0A8F10303022B7E
:1018A00069D96D496D4840F21A720CF095F8FEE75F
:1018B000032795F8343008EBC8089844694B03EBCC
:1018C00048031046B3F81C801FF0A4FC4FF4FA53F1
:1018D00043437822B3FBF8F37733B3FBF2F31F44AF
:1018E000C7EB0717AB78FF00BFB204F5347417FAE3
:1018F00084F4042BA4B203D107F6E8072744BCB252
:10190000D5F808801FF07BFC0746A8681FF082FC12
:1019100007441FF09AFCBFB23F1A1FF070FC40440E
:101920000FF0CCFC64238DF80C304F4BD5F80490AD
:10193000CDE90434C0F340141FF093FCBFB203465A
:1019400041463A46484620F06DFF2B887188318029
:1019500013F0200F03AB75D000936868434B224609
:1019600013F05AFE002872D03B493C4840F2D9623D
:101970000CF032F8FEE706279BE7FFF737FA00285E
:1019800044D0384B07F00F0708EBC801394403EB8C
:1019900041031046B3F81C901FF03CFCB8F1000F57
:1019A0002AD0B8F1010F2AD1400080B24FF00408CC
:1019B000F3191B7E4BB10233034443449BB24FF4F3
:1019C000FA525343B3FBF9F39CB2AB78042B97D193
:1019D0003744FFF7F5FC3B7E053398448146FFF71B
:1019E0001BFF0C2308FB00F003FB09F909EBC009FE
:1019F000A1441FFA89F483E74FF00208D8E716499B
:101A0000164840F23B720BF0E7FFFEE7FFF704FFDA
:101A10000746A8681FF0FEFBAB780930784304EB5B
:101A2000C000042B84B27FF46BAFFFF7C9FC0746FC
:101A3000FFF7F2FE602358430C2303FB070020440A
:101A400084B25DE76868224613F0D8FD8AE707B0E4
:101A5000BDE8F083BC490020356D02005C6A0200DD
:101A6000C8200020606D020020A10700CC490020A2
:101A7000F8B5484C258815F0020506D04649474878
:101A80004FF4B3720BF0A8FFFEE784F820501CF06F
:101A900099FF23885A0706460AD520F0F1FE236BEA
:101AA000C01A238D984203D929460420FEF786FFE9
:101AB00030461CF08DFFA778022F37D11CF082FF33
:101AC000238813F00405064607D035480EF060FA67
:101AD0003046BDE8F8401CF07BBF1CF079FFA068E1
:101AE00011F092F820B1A570BDE8F840FFF756B8A4
:101AF0001CF068FFA66805461FF081FB30440FF01C
:101B0000DDFB10F0200F0CBF032304230121384616
:101B1000A370FEF753FFFFF78DFE28461CF058FF19
:101B200001210846BDE8F84011F07CBF042F27D101
:101B30001C4B1B79FF2B2CD1237FF3B11CF042FFF0
:101B400023885B07054604D515480EF021FA284680
:101B5000BFE71CF03DFF237F013B23771CF032FFE2
:101B6000012104460220FEF729FFFFF763FE20460D
:101B70001CF02EFF01210820D4E7A3704020B3E71A
:101B8000012F06D160680023A37013F02FFD3120D0
:101B9000AAE7F8BDBC490020356D02005C6A02006E
:101BA000DC490020C820002038B50121044610205F
:101BB000FEF704FF064B5D68FFF702FC054B00FBD8
:101BC00004F10122284620F005FC002038BD00BFAA
:101BD000BC490020C10B000010B50A4C2388DB066D
:101BE00006D40949094840F275320BF0F5FEFEE7CC
:101BF00010200021FEF7E2FE6068BDE8104020F0F2
:101C0000F7BB00BFBC490020356D02005C6A0200D2
:101C100038B50D4DE88E30B90C490D4840F282328E
:101C20000BF0DAFEFEE70EF0D5FD0446E88E0EF06E
:101C3000EDFD811F214401200FF05CFB044620F0E4
:101C40001FFE001B38BD00BFBC490020356D0200DF
:101C50005C6A020010B5074CA36833B9064907480F
:101C600040F291320BF0B8FEFEE720F009FEE36A85
:101C7000C01A10BDBC490020356D02005C6A02002C
:101C800038B50A4DE88E30B909490A4840F29B320E
:101C90000BF0A2FEFEE70EF09DFD0446E88E0EF06E
:101CA000B5FD044414F8020C38BD00BFBC49002047
:101CB000356D02005C6A020038B50A4DE88E30B915
:101CC00009490A4840F2AA320BF086FEFEE70EF000
:101CD00081FD0446E88E0EF099FD044414F9070CCA
:101CE00038BD00BFBC490020356D02005C6A0200AF
:101CF00038B50A4DE88E30B909490A4840F2B93280
:101D00000BF06AFEFEE70EF065FD0446E88E0EF06D
:101D10007DFD044414F9010C38BD00BFBC4900200E
:101D2000356D02005C6A0200024B1888C0F3C010D7
:101D3000704700BFBC49002030B50F4B05460FCBA4
:101D400085B06C4684E80F000DB12B6800930B4BF7
:101D500021465868002213F0A3FE044630B108491A
:101D6000084840F2D7320BF037FEFEE7FEF744FE9C
:101D7000204605B030BD00BFE86D0200BC49002020
:101D8000356D02005C6A020008B5074B01465868D1
:101D900020F0E2FC30B10549054840F2E5320BF095
:101DA0001BFEFEE708BD00BFBC490020356D0200E8
:101DB0005C6A020008B5064B586820F0E4FC30B1BC
:101DC000044905484FF47C720BF006FEFEE708BD9F
:101DD000BC490020356D02005C6A0200024B012202
:101DE0005868114620F0F2BABC4900207047F8B597
:101DF000054604200C461FF0E4F903061DD5104EDD
:101E0000B778D7B91DB1012D02D00220F8BD012746
:101E10002046FFF791FA0028F7D070683A4621462D
:101E200020F0EDFA30B1074907484FF486620BF015
:101E3000D3FDFEE70623B370E8E77020E6E700BFB6
:101E4000BC490020356D02005C6A020010B5042018
:101E50001FF0B7F9030610D5094CA378062B0CD157
:101E6000606820F0CFFA30B10649074840F2494295
:101E70000BF0B2FDFEE7A07010BD7020FCE700BFC4
:101E8000BC490020356D02005C6A020008B50349B8
:101E9000034840F261520BF09FFDFEE7356D0200F2
:101EA0005C6A02000348044B834202D0034B03B137
:101EB00018477047FC210020FC2100200000000092
:101EC0000548064B1B1AD90F01EBA301491002D09C
:101ED000034B03B118477047FC210020FC21002070
:101EE0000000000010B5064C237843B9FFF7DAFF75
:101EF000044B13B10448AFF300800123237010BDDD
:101F0000FC4F002000000000708E020008B5054B59
:101F10001BB105490548AFF30080BDE80840FFF755
:101F2000CFBF00BF0000000030240020708E0200F0
:101F3000A3F5803A704700BF174B002B08BF134B27
:101F40009D46FFF7F5FF00218B460F461348144AC4
:101F5000121A21F014FA0E4B002B00D098470D4BAB
:101F6000002B00D098470020002104000D000D48F0
:101F7000002802D00C48AFF300801AF0C9FF2000FF
:101F800029001CF0DAFA1AF00FFE00BF000008006A
:101F9000000000000000000000200020FC210020C4
:101FA0005C5000200000000000000000BFF34F8FD5
:101FB0000549CA6802F4E062044B1343CB60BFF3E7
:101FC0004F8F00BFFDE700BF00ED00E00400FA0501
:101FD00070B582B004468368C26853F822301E7818
:101FE0001EF016FA864222D300230093ADF8043087
:101FF000204B1B88ADF80230A168E36851F823201C
:102000001278ADF804206268D21A012A21DD01336A
:1020100051F823301B88ADF8003068461EF0ECF90B
:102020000446032003F066FBC0B902B070BD05464C
:10203000032003F05FFB0028F7D01CF04BFB1CF0E3
:102040004AFB2B4632460C490C4800681DF086FCC2
:10205000EBE740F2FF13ADF80030DEE71CF03AFB8F
:102060001CF039FB22460649044B18681DF076FC2B
:10207000DBE700BF3A4F002000380200AC29002007
:102080003838020010B582B08368C26853F8223035
:102090001C780023019343689B1A012B0FDD01AAD2
:1020A00001211CF041FF01469DF804001EF09CF93F
:1020B00020461EF0A5F9044620B902B010BD1EF05E
:1020C00097F9F5E7032003F015FB0028F5D01CF085
:1020D00001FB1CF000FB22460249034B18681DF06F
:1020E0003DFCEAE748380200AC29002010B5034661
:1020F0008168C26851F82200B0F900001A4C2080B3
:102100005B689B1A012B0FDD013251F8223093F9E5
:102110000010003918BF01211EF017F9A0B90320E3
:1021200003F0E8FA10B910BD0021F5E71CF0D2FA6F
:102130001CF0D1FA0D4B1C681EF00BF902460C493D
:1021400020461DF00BFCEEE7012003F0D3FA002837
:10215000E9D01CF0BFFA1CF0BEFA0649034B186820
:102160001DF0FCFBDFE700BF3A4F0020AC29002048
:10217000643802007838020010B584B00023009360
:102180008268C36852F8232012788DF80C20022A46
:1021900010D18268013352F823301B78ADF8043037
:1021A00001A81EF015F90446032003F0A3FA58B95C
:1021B00004B010BD6A4601211CF0B6FE0146009A2B
:1021C00001A821F015F8EBE71CF084FA1CF083FA63
:1021D00022460349034B18681DF0C0FBE8E700BF27
:1021E000DC380200AC2900202DE9F04186B01EF059
:1021F000BCF80446894B1B7813F0020F2CD0884E94
:1022000013F0010F2AD0864F13F0040F28D0DFF807
:102210001082032003F06EFA28BB032003F06AFA51
:1022200058BB032003F066FA002835D1032003F0E1
:1022300061FA00283ED1032003F05CFA002847D160
:10224000032003F057FA00285ED1032003F052FA6E
:10225000002867D1002471E0724ED1E7714FD3E7B7
:10226000DFF8C081D5E71CF035FA1CF034FA6E496E
:102270006E4B18681DF072FBCFE71CF02BFA1CF0B8
:102280002AFA6A4B1D6806F079F902460B4668493E
:1022900028461DF063FBC4E71CF01CFA1CF01BFA77
:1022A000624B1D681EF035F80246624928461DF053
:1022B00055FBBBE71CF00EFA1CF00DFA5B4B1D68DA
:1022C0001EF05FF802465C4928461DF047FBB2E766
:1022D0001CF000FA1CF0FFF9E279A379617920790A
:1022E000E57894F802C094F801E024780594CDF8DC
:1022F00010E0CDF80CC00295019000914F494B4879
:1023000000681DF02BFB9BE71CF0E4F91CF0E3F9DF
:10231000464B1C681EF02DF80246494920461DF028
:102320001DFB92E71CF0D6F91CF0D5F945493F4B4F
:1023300018681DF013FB8DE70134E4B2072C12D8A6
:10234000032003F0D7F90028F6D01CF0C3F91CF0E5
:10235000C2F9364B1D681EF008F8025D3A4928465E
:102360001DF0FCFAE8E7032003F0C4F998B9032054
:1023700003F0C0F9C8B9032003F0BCF918BB03206F
:1023800003F0B8F968BB032003F0B4F9002836D194
:1023900006B0BDE8F0811CF09DF91CF09CF92B49BA
:1023A000224B18681DF0DAFAE1E71CF093F91CF0F3
:1023B00092F91E4B1C681DF0E0FF0246244920469E
:1023C0001DF0CCFAD7E71CF085F91CF084F9174B07
:1023D0001C681DF0B6FF02461E4920461DF0BEFADD
:1023E000CDE71CF077F91CF076F9104B1C681DF056
:1023F000B0FF0246184920461DF0B0FAC3E71CF0B2
:1024000069F91CF068F9CDF800803B463246134963
:10241000064800681DF0A2FABAE700BFC2210020FA
:102420009038020098380200F4380200AC290020ED
:10243000FC38020018390200343902005039020019
:102440007439020090390200A4390200B068020019
:10245000AC390200C8390200E0390200F839020044
:1024600010B58368C26853F8223018781DF065FFF4
:10247000044678B9032003F03DF900B910BD1CF003
:1024800029F91CF028F922460A490B4B18681DF05F
:1024900065FAF3E7012003F02DF90028EED01CF0D7
:1024A00019F91CF018F922460449034B18681DF06D
:1024B00055FAE3E7303A0200AC290020543A020012
:1024C00070B582B08368C26853F822301B78134A13
:1024D000137013F0020F0ED0114C13F0010F0CD03B
:1024E0000F4D13F0040F0AD00D4E032003F002F934
:1024F00038B902B070BD0B4CEFE70A4DF1E7094E59
:10250000F3E71CF0E7F81CF0E6F800962B462246AD
:102510000549064800681DF021FAEAE7C2210020BB
:102520009038020098380200A4380200AC2900203C
:1025300070B58268C36852F823100C78013352F8E2
:1025400023301D78294620461DF04AFF80B903201C
:1025500003F0D0F800B970BD1CF0BCF81CF0BBF85B
:102560002B4622460B490C4800681DF0F7F9F2E7AC
:102570000646012003F0BEF80028ECD01CF0AAF8B3
:102580001CF0A9F832460549034B18681DF0E6F91E
:10259000E1E700BF843A0200AC290020B43A02000F
:1025A00008B51DF0C2FE032003F0A4F800B908BD71
:1025B0001CF090F81CF08FF80249034B18681DF0CE
:1025C000CDF9F4E7E43A0200AC29002030B583B03D
:1025D0008368C26853F822301C7801A920461DF098
:1025E000A8FE88B9032003F085F808B903B030BD10
:1025F0001CF070F81CF06FF8019B22460B490C4848
:1026000000681DF0ABF9F1E70546012003F072F810
:102610000028EBD01CF05EF81CF05DF82A46054956
:10262000034B18681DF09AF9E0E700BF043B020075
:10263000AC290020203B020010B58368C26853F823
:1026400022301C78631EDBB2032B03D8204601F036
:10265000EDFF10BD012003F04DF80028F9D01CF06B
:1026600039F81CF038F8042322460349034800686F
:102670001DF074F9EDE700BF443B0200AC290020D7
:1026800030B595B004460D4668461BF0D1FE0DF1FD
:102690002C0EEC46BCE80F00AEE80F00BCE80F00C3
:1026A000AEE80F00DCF80030CEF800300BA9494B43
:1026B00018681EF0F9F810F1880F4BD168461BF02E
:1026C000B7FE0DF12C0EEC46BCE80F00AEE80F0093
:1026D000BCE80F00AEE80F00DCF80030CEF80030A8
:1026E0004FF410510BA81BF0C3FE8023ADF82E3021
:1026F0004FF440730A930AA81BF0ABFE0A9B0E939B
:10270000354B0F93334B1A680C9B0D9213F0FF0F50
:1027100004D123F0FF0343F001030C9301230C9336
:102720002C4B2A4621460BA81EF0E1F8044610BBAC
:10273000032002F0DFFF90B9264B18681DF0F1FD71
:102740000546002831D1032002F0D4FF044610BB17
:1027500001242FE01F4B18681EF08EF8AEE71BF027
:10276000B9FF1BF0B8FF1B4B1A681C491C4B1868BB
:102770001DF0F4F8E0E7032002F0BCFF0028DBD0F6
:102780001BF0A8FF1BF0A7FF22461649144B186840
:102790001DF0E4F8D0E71BF09DFF1BF09CFF1249F1
:1027A0000F4B18681DF0DAF804E0032002F0A2FFD6
:1027B000044610B9204615B030BD1BF08BFF1BF04E
:1027C0008AFF2A460949064B18681DF0C7F80024FD
:1027D000F0E700BF48240020004440047C3B020096
:1027E000AC290020AC3B0200D03B0200F03B0200D1
:1027F00000B583B00021019101AA1CF095FB01995D
:1028000010290ED0032002F075FF60B11BF062FFAB
:102810001BF061FF10220549054B18681DF09EF85A
:1028200001E0FFF72DFF03B05DF804FB103C020050
:10283000AC29002010B582B000240094ADF804400B
:102840001DF0E6FDC0B2ADF804004FF6FF73ADF821
:102850000030ADF8024068461DF0CEFDB0B903204F
:1028600002F048FF20B9FF201DF0CAFD02B010BDE4
:102870001BF030FF1BF02FFFBDF80030BDF8042027
:102880000B490C4800681DF069F8ECE7044601208C
:1028900002F030FF0028E9D01BF01CFF1BF01BFFEB
:1028A00022460549034B18681DF058F8DEE700BFC3
:1028B000383C0200AC290020603C020010B582B018
:1028C0006946002003F058F960B9032002F012FFB6
:1028D000C8B9184B00221A70032002F00BFFF0B9A0
:1028E00002B010BD0446012002F004FF0028F7D01A
:1028F0001BF0F0FE1BF0EFFE22460F490F4B18684D
:102900001DF02CF8ECE71BF0E5FE1BF0E4FE019B4C
:10291000009A0B49094800681DF020F8D9E71BF020
:10292000D9FE1BF0D8FE0749044B18681DF016F8B5
:10293000D6E700BFFE4F0020843C0200AC290020F7
:10294000A83C0200D83C020030B585B001212648E1
:1029500004F02EF80121254804F02AF801230B2267
:102960000A21022005F0C0FA01230B2211460220A1
:1029700005F0BAFA1E4C4FF46163A3640325656445
:102980001C4BEC460FCB8CE80F0000238DF8003079
:102990006146204605F03AFBE2236361FE23A36112
:1029A000154BE363236C43F4833343F02403236424
:1029B000124B4FF40032C3F880211A6001212046E7
:1029C0001CF002F9284602F095FE08B905B030BDAA
:1029D0001BF080FE1BF07FFE71220949094B18682D
:1029E0001CF0BCFFF2E700BF00350A0000820400C3
:1029F00000C000403C3F0200FFFF070000E100E094
:102A0000203D0200AC29002010B594B00AF040FB34
:102A1000032002F06FFE002843D103F055F804466E
:102A2000002848D102F07EFB01248F4B1C600BA8CC
:102A30001BF03CFD0BA920461DF036FF10F1880F5E
:102A400049D00BA81DF0BEFF032002F053FE002862
:102A500040F0B380844B18681DF063FC1DF0BCFC93
:102A60000446032002F046FE002840F0B080932C7C
:102A700000F0B880002C40F0B880032002F03AFE4D
:102A8000002800F0B8801BF025FE1BF024FE774BD9
:102A90001C681DF06EFC0246754920461CF05EFF66
:102AA000A9E01BF017FE1BF016FE72496F4B186869
:102AB0001CF054FFB1E7012002F01CFE0028B1D049
:102AC0001BF008FE1BF007FE22466B49674B186897
:102AD0001CF044FFA6E7032002F00CFE002851D1B1
:102AE0000BA81DF06FFF68461BF0E0FC0DF12C0CED
:102AF000EE46BEE80F00ACE80F00BEE80F00ACE801
:102B00000F00DEF80030CCF80030574B1A680C9BF1
:102B10000D9213F0FF0F04D123F0FF0343F00103E4
:102B20000C93564B0F934FF440730A930AA81BF073
:102B3000CEFC0A9B0E934FF410510BA81BF0D6FC51
:102B40008023ADF82E3001230C93474B10224C49C3
:102B50000BA81DF0CCFE04460BA81DF033FFDCB91A
:102B6000032002F0C7FD00283FF474AF1BF0B2FD54
:102B70001BF0B1FD3C4B1A6842493C4B18681CF0F5
:102B8000EDFE67E71BF0A6FD1BF0A5FD3E49374BA8
:102B900018681CF0E3FEA3E7012002F0ABFD00285B
:102BA0003FF458AF1BF096FD1BF095FD22463749C8
:102BB0002E4B18681CF0D2FE4CE71BF08BFD1BF06F
:102BC0008AFD3349294B18681CF0C8FE42E71BF008
:102BD00081FD1BF080FD22462E49244B18681CF015
:102BE000BDFE44E7FFF726FE05E0012002F082FD6E
:102BF000D0B9FFF71FFE0023274A1370274A13603E
:102C0000274A1360274B4FF6FF721A80FFF756FED4
:102C1000FFF79AFE032002F06DFD80B9032002F059
:102C200069FDB0B914B010BD1BF054FD1BF053FD8D
:102C300022461D490D4B18681CF090FED9E71BF089
:102C400049FD1BF048FD1949084B18681CF086FE29
:102C5000E4E71BF03FFD1BF03EFD1549034B1868F0
:102C60001CF07CFEDEE700BF48240020AC290020D9
:102C70007C3E0200643D02009C3D02000044400492
:102C800000200020FC3D0200D43D0200203E020056
:102C9000403E0200603E0200FE4F00205024002013
:102CA0004C24002088210020A43E0200D83E0200CF
:102CB000F03E0200394B596B11F4C06F0DD110B4C6
:102CC00083B011F0040F14D0344BDA69344A002079
:102CD00010800422DA635A600BE020225A60D96324
:102CE0002F4B00221A8070472C4BDB692B4B0422A0
:102CF0005A602A4BDB6813F4807F10D0284B1B8866
:102D00009BB2872BF0D8254BDA69254C23889BB2E0
:102D1000581C80B22080D2B22248C254E6E711F497
:102D2000803F30D000230193019B632B0ADC1B4BB7
:102D3000DB6813F4807F05D1019B01330193F3E736
:102D4000164BDB69154BDB6813F4807F10D0144BF6
:102D50001B889BB2872BF3D8104BDA69104C238861
:102D60009BB2581C80B22080D2B20E48C254E9E710
:102D70000A4B4FF48032DA63094B1B889BB213B1C4
:102D8000094B01221A7021F4803121F00401034B18
:102D9000D96303B05DF8044B704700BF00C000402A
:102DA0003C4F002054240020FD4F0020BFF34F8FE4
:102DB0000549CA6802F4E062044B1343CB60BFF3D9
:102DC0004F8F00BFFDE700BF00ED00E00400FA05F3
:102DD000002301E00133DBB2032B10D81946094A66
:102DE00002EBC3021279002AF4D0064A12F833200B
:102DF0008242EFD1034B03EBC103588870474FF673
:102E0000FF707047AC250020014B01221A707047FB
:102E1000095000200023184601E00133DBB2032BE8
:102E200010D8094A02EBC3021279002AF5D0064AEB
:102E300002EBC30251884FF6FF729142EDD0013090
:102E4000C0B2EAE7704700BFAC25002000B583B0F0
:102E5000032002F04FFC10B903B05DF804FB1BF037
:102E600039FC1BF038FC084B1A78084B1B7801938F
:102E7000074B1B680093074B1B680749074800680E
:102E80001CF06CFDE8E700BFFE4F0020C1210020D0
:102E9000502400204C2400204C3F0200AC2900208C
:102EA00010B582B00023019306E0002108326A4485
:102EB00002F8041C0133DBB2032B0AD81A4613496B
:102EC00001EBC30109790029EFD0104911F8331043
:102ED000ECE704230DEB030202210D48006811F01A
:102EE000BFFF044608B902B010BD012002F002FC89
:102EF0000028F8D01BF0EEFB1BF0EDFB2246054945
:102F0000054B18681CF02AFDEDE700BFAC2500203A
:102F100080200020803F0200AC29002070B582B0E4
:102F20000446431EDBB2032B03D80D464FF0000CC2
:102F300034E0012002F0DEFB002800F087801BF067
:102F4000C9FB1BF0C8FB22464649474B18681CF0DA
:102F500005FD7BE01BF0BEFB1BF0BDFB434B03EB11
:102F6000C60300955B88224641493F4800681CF033
:102F7000F5FC2CE0032002F0BDFB70B31BF0AAFBB4
:102F80001BF0A9FB2B4622463A49374800681CF043
:102F9000E5FC22E00CF1010C5FFA8CFCBCF1030FA4
:102FA00021D86646314B03EBCC0E9EF80430002B43
:102FB000F0D02E4B13F83C30A342EBD1BEF80230D8
:102FC000AB42D7D0032002F095FB0028C2D1274B9B
:102FD00003EBC6035D80FFF763FF244B03EBC603DF
:102FE00001225A7132E04FF0000C10E01BF072FB2E
:102FF0001BF071FB00962B4622461F491A480068B9
:103000001CF0ACFC1BE00CF1010C5FFA8CFCBCF179
:10301000030F17D86646154B03EBCC031B79002B27
:10302000F1D1124B03F83C4003EBCC035D8001224D
:103030001A715A71032002F05DFB0028D6D1FFF708
:103040002FFF03E0012002F055FB08B902B070BD6C
:103050001BF040FB1BF03FFB0849034B18681CF0BA
:103060007DFCF3E7A83F0200AC290020AC2500203E
:10307000D03F0200F83F020024400200544002000A
:1030800030B585B00446F0238DF80830184B1B7816
:103090008DF80930174B1B688DF80A30C3F30722EF
:1030A0008DF80B20C3F307428DF80C201B0E8DF812
:1030B0000D30114B1B78019302AB009306230022C5
:1030C00002211DF076F908B905B030BD0546012092
:1030D00002F010FB0028F7D01BF0FCFA1BF0FBFA03
:1030E0002B4622460549064800681CF037FCEBE7F2
:1030F000C021002050240020C22100207440020082
:10310000AC2900200023032B70D830B585B029E00E
:103110001BF0E0FA1BF0DFFA364A02EBC4035B88CF
:1031200012F834203449354800681CF017FC50E090
:10313000012002F0DFFA18B9314B00221A704FE07B
:103140001BF0C8FA1BF0C7FA2B462A4A12F83420A3
:103150002C492A4800681CF001FCEDE70133DBB282
:10316000032B3FD8284A14781C4404F00304214A56
:1031700002EBC4021279002AF0D01E4A02EBC4020C
:1031800050884FF6FF729042E8D0631C03F00303AF
:103190001D4A1370174B03EBC40100224A7113F848
:1031A00034301A490B70B0218DF80C108DF80D30A9
:1031B000174B1B78019303AB0093022319461DF0B4
:1031C000F8F805460028B3D1032002F093FA00284E
:1031D0009ED10B4B01221A701CF0C3FE0D4B1860E0
:1031E00005B030BD064B00221A70F9E7044B0022EF
:1031F0001A707047AC250020A0400200AC290020C6
:1032000001500020C0400200045000200250002065
:10321000C2210020A025002000B583B0032002F0C9
:1032200069FAA0B90023144A1360144A1370144AAF
:103230001370144B1888FFF723FF1CF092FE124BFB
:103240001860124B04221A7003B05DF804FB1BF0E7
:1032500041FA1BF040FA0E4B1B6801930D4B1B7893
:1032600000930D4B1B78074A12880C490C480068E4
:103270001CF074FBD6E700BFA82500200A500020F0
:103280000650002088210020F4250020FE4F002059
:1032900050240020C0210020C1210020E440020071
:1032A000AC29002000B583B00023154A1370154ADD
:1032B0001370154A1370FFF7ADFD38B1134B01229F
:1032C0001A70FFF71FFF03B05DF804FB032002F044
:1032D00011FA48B90023019300930D4A41F2883155
:1032E0000C481BF00EF9EEE71BF0F4F91BF0F3F9B4
:1032F00041F288320849094B18681CF02FFBE9E7B6
:1033000004500020035000200150002000500020F5
:10331000A53200008025002018410200AC290020C1
:1033200030B583B0284B1B78DBB9284B1C780134AF
:10333000E4B21C70FFF76EFD054608B184423FD32E
:10334000032002F0D7F958BB0023214A13700193E0
:103350000093204A41F288311F481BF0D2F803B095
:1033600030BD1CF0FEFD1D4B1B68C01A08F0FEF8B6
:1033700040F2DB539842F2D9032002F0BBF918B9AE
:10338000114B00221A70D0E71BF0A4F91BF0A3F92F
:10339000134B1A781349144B18681CF0DFFAEFE747
:1033A0001BF098F91BF097F941F2883300932B46F4
:1033B000064A12780D490C4800681CF0CFFAC3E7A2
:1033C000FFF7A0FECBE700BF015000200350002014
:1033D00000500020A532000080250020A0250020FC
:1033E0000250002048410200AC2900206441020044
:1033F00030B583B00023019304230DEB03020221B7
:103400003348006811F076FD08B9002423E003205A
:1034100002F070F908B903B030BD1BF05BF91BF086
:103420005AF92C492C4B18681CF098FAF3E7013331
:10343000DBB2032B0BD8294A02EBC3021279002A14
:10344000F5D0264911F83310A942F0D100E000224E
:10345000AAB10134E4B2032CDDD804F108036B44B3
:1034600013F8045C6B1EDBB2032BF2D82846FFF77F
:10347000AFFC4FF6FF739842EBD10023D9E700234E
:10348000032BE6D8154A02EBC302127912B10133BD
:10349000DBB2F5E7114A02F8335002EBC3034FF6F3
:1034A000FF725A8001221A7100225A719A71032008
:1034B00002F020F90028CCD01BF00CF91BF00BF91E
:1034C0002A460749044B18681CF048FAC1E700BFB8
:1034D0008020002098410200AC290020AC2500206B
:1034E000D0410200F0B585B00D46032940F282803C
:1034F0004678837846EA0326C778041D3B1D8B4235
:1035000000F288807B1E13F0800F40F09480994B6E
:103510001B78DBB2012B15D0974B1B68002B00F0FA
:103520009A800023954A1360954A1380954BAA22EE
:103530001A70904B01221A70032002F0DBF8002869
:1035400040F094804FF6FF739E4204D08C4B1B8852
:10355000B34240F09580884B1A682AB1874B1B68AC
:103560003B449A42C0F09F803B462246834909680B
:10357000002002F03DFB0546002840F0AC803B46B1
:10358000814A7E490968002002F014FB38B93A46A6
:1035900021467D481FF0C9FE002840F0B280774ADE
:1035A00013683B44136076490A8801320A804FF65B
:1035B000FF72964200F0B980744BA3FB06231B09EF
:1035C000322202FB13639BB2002B40F08B8003205E
:1035D00002F090F8002800F085801BF07BF81BF0CB
:1035E0007AF8664B1B68324669496A4800681CF0E5
:1035F000B5F977E0012002F07DF8002872D01BF0C9
:1036000069F81BF068F82A466349624B18681CF099
:10361000A5F967E0012002F06DF8002862D01BF0E8
:1036200059F81BF058F82B1F3A465C495948006876
:103630001CF094F956E0012002F05CF8002851D00B
:103640001BF048F81BF047F83A465549514B1868AB
:103650001CF084F946E002A9002002F08DFA00284F
:103660007FF45FAF039A444B1A605AE71BF032F8BD
:103670001BF031F84B49474B18681CF06FF961E7B4
:10368000022002F037F800283FF465AF1BF022F863
:103690001BF021F83A4B1B88324643493D480068ED
:1036A0001CF05CF957E7012002F024F818B9314BFF
:1036B00008221A7016E01BF00DF81BF00CF82E4BC8
:1036C0001B6800933B462D4A126838493148006810
:1036D0001CF044F9EBE7012002F00CF820B9254B6F
:1036E00008221A7005B0F0BD1AF0F4FF1AF0F3FFCB
:1036F0002B46224A12682E49264800681CF02EF9F3
:10370000EDE7012001F0F6FF18B91A4B08221A70F4
:10371000E8E71AF0DFFF1AF0DEFF184B1A682549B8
:103720001C4B18681CF01AF9EFE7234A1360114B81
:1037300002221A70032001F0DDFF78B9032001F0A6
:10374000D9FF0028CED01AF0C5FF1AF0C4FF04221A
:103750001A49104B18681CF001F9C3E71AF0BAFFB8
:103760001AF0B9FF144B1A6815490A4B18681CF077
:10377000F5F8E3E7FE4F0020A42500204C240020AC
:103780003E4F0020C0210020DC2400201F85EB518B
:10379000C0430200AC290020104202002C4202006B
:1037A0005C42020078420200A4420200D0420200C1
:1037B000F84202001C43020050240020784302001B
:1037C0004443020030B583B0012924D944786946C6
:1037D000204602F0D1F900282DD114B9019A364BB8
:1037E0001A60032001F086FF002839D1204602F03C
:1037F0001DFA054600283ED1032001F07BFF00287A
:103800004ED1002C3ED100232C4A13602C4A138049
:103810002C4A137036E00C46012001F06BFF88B390
:103820001AF058FF1AF057FF22462749274B18680D
:103830001CF094F826E0022001F05CFF28B9002C6F
:10384000CFD11D4B00221A60CBE71AF043FF1AF0CC
:1038500042FF22461E491D4B18681CF07FF8EEE718
:103860001AF038FF1AF037FF22461A49174B18682A
:103870001CF074F8BAE7012001F03CFF20B9114BAD
:1038800008221A7003B030BD1AF024FF1AF023FF8B
:103890002B46224610490D4800681CF05FF8EEE701
:1038A0001AF018FF1AF017FF22460C49074B186848
:1038B0001CF054F8A5E700BFA42500204C240020EC
:1038C0003E4F0020FE4F0020DC430200AC290020C8
:1038D000FC430200384402005844020078440200CD
:1038E00038B5012922D94478614B1B78DBB2022B11
:1038F0002BD1002C3AD0631EDBB2032B00F289805F
:103900002046FFF765FA05464FF6FF73984200F030
:103910009180584B1C70584B1880032001F0EAFE30
:10392000002840F09880FFF777FC38BD012001F0B7
:10393000E1FE0028F9D01AF0CDFE1AF0CCFE4F4976
:103940004F4B18681CF00AF8EFE7012001F0D2FE97
:103950000028EAD01AF0BEFE1AF0BDFE444B1A78D9
:103960004849474B18681BF0F9FFDEE7032001F0D8
:10397000C1FE80B90021084602F0D0F9A8B90020A4
:1039800002F072F968B3012001F0B4FEF8B9384BC7
:1039900002221A70C9E71AF09DFE1AF09CFE3A49FD
:1039A000374B18681BF0DAFFE4E7012001F0A2FEB4
:1039B00018B92F4B02221A70B7E71AF08BFE1AF0D3
:1039C0008AFE32492E4B18681BF0C8FFF1E71AF047
:1039D00081FE1AF080FE2E49294B18681BF0BEFFAD
:1039E000D5E701F075FC032001F084FE38B9294BBE
:1039F0001B6913F0200FFAD002F090F895E71AF047
:103A000069FE1AF068FE24491D4B18681BF0A6FFDA
:103A1000EDE7012001F06EFE002886D01AF05AFE74
:103A20001AF059FE042322461C49154800681BF071
:103A300095FF7AE7012001F05DFE00283FF475AFA5
:103A40001AF048FE1AF047FE224615490C4B18683A
:103A50001BF084FF69E71AF03DFE1AF03CFE2B468E
:103A600022461049064800681BF078FF5BE700BF5C
:103A7000FE4F0020C1210020882100208C4402003C
:103A8000AC290020B8440200F044020018450200AE
:103A9000584502000000014080450200B045020088
:103AA000E04502001446020030B5A3B01D4B1C884F
:103AB000A4B2882C00D9882422461B4968461FF0EE
:103AC00097FB64B19DF80050042D19D8DFE805F08C
:103AD0000703090E130021466846FFF7B7F923B024
:103AE00030BD21466846FFF7FDFCF8E721466846F1
:103AF000FFF768FEF3E721466846FFF7F1FEEEE7C1
:103B0000012001F0F7FD0028E9D01AF0E3FD1AF0DA
:103B1000E2FD23462A460549054800681BF01EFFC2
:103B2000DDE700BF3C4F0020542400205C4602002B
:103B3000AC29002010B59A4B1B78043B042B00F2F3
:103B40002381DFE813F005009200B300EF001501B8
:103B5000944B1B78002B40D0032001F0CBFDA8B97B
:103B6000914B1A78914B1968914B188808F026FDF3
:103B70000446F8B9032001F0BDFD88B91CF0F1F945
:103B80008C4B1860864B05221A70FDE01AF0A2FDDE
:103B90001AF0A1FD8849894B18681BF0DFFEDFE7AA
:103BA0001AF098FD1AF097FD8549844B18681BF0B0
:103BB000D5FEE3E7012001F09DFD18B9784B0822FE
:103BC0001A70E1E01AF086FD1AF085FD22467D4963
:103BD0007A4B18681BF0C2FEF0E71CF0C2F9754B77
:103BE0001B68C01A07F0C2FC42F21073984240F200
:103BF000CB80754A13780133DBB21370032B1AD9CB
:103C0000012001F077FD50B9704BFF221A70684B0C
:103C10004FF6FF721A80624B02221A70B4E01AF05B
:103C200059FD1AF058FD684B1A786949634B1868BA
:103C30001BF094FEE8E7012001F05CFD40B95C4B0D
:103C40001888FFF71DFA1CF08CF95A4B18609BE09E
:103C50001AF040FD1AF03FFD03235B4A12785D49DC
:103C6000564800681BF07AFEE9E71CF07AF9514BE0
:103C70001B68C01A07F07AFC0446574B984240F282
:103C80008380012001F036FD28B908F009FD444B7E
:103C900008221A7078E01AF01DFD1AF01CFD224669
:103CA0004E49464B18681BF059FEEEE74C4B1B780B
:103CB000002B69D04A4B00221A70032001F01AFD34
:103CC00088B93B4B1A88384B19784FF4FA6008F0E2
:103CD000B1FC044698B91CF044F9364B1860304BDF
:103CE00007221A7050E01AF0F5FC1AF0F4FC4FF4B9
:103CF000FA623C49314B18681BF030FEE1E70120C5
:103D000001F0F8FC18B9264B08221A703CE01AF0B2
:103D1000E1FC1AF0E0FC22463349284B18681BF0FE
:103D20001DFEF0E71CF01DF9224B1B68C01A07F0BE
:103D30001DFC044647F23053984225D9012001F07A
:103D4000D9FC50B9214BFF221A70194B4FF6FF7264
:103D50001A80134B02221A7016E01AF0BBFC1AF0FC
:103D6000BAFC22462149154B18681BF0F7FDE9E71C
:103D7000012001F0BFFC40B9144BFF221A70002350
:103D80001B4A1380064A137010BD1AF0A3FC1AF0E8
:103D9000A2FC1849094B18681BF0E0FDECE700BFD6
:103DA000FE4F00200A500020C02100205024002097
:103DB00088210020F425002080460200AC29002044
:103DC000B0460200D046020006500020C12100206B
:103DD000F046020030470200E09304005C47020016
:103DE0000950002088470200B4470200D84702006B
:103DF0003E4F0020104802000279531EDBB2012B17
:103E000000F24D812DE9F04184B00446C3884BB3E4
:103E100080680178A02917D0B1296FD0F12900F06E
:103E2000C680012A1ED19E4B1B7813F0010F03D0D0
:103E3000237813F0010F15D0032001F05BFC00285C
:103E400040F0C8800025D1E0012B0ED96188407870
:103E5000FFF764F8E388092B17D8924B1B6913F01E
:103E6000200FFAD004B0BDE8F081012001F042FC3F
:103E70000028F7D01AF02EFC1AF02DFC62888A492F
:103E80008A4B18681BF06AFDECE7032001F032FC56
:103E900008B9022510E01AF01DFC1AF01CFCA368FA
:103EA0005A788349814B18681BF058FDF1E7814B24
:103EB00081491BF053FD0135092D10DC032001F071
:103EC00019FC0028F7D01AF005FC1AF004FC774B17
:103ED0001868A3685A5D082DE9DC784BE8E70320F1
:103EE00001F008FC0028B8D01AF0F4FB1AF0F3FB3C
:103EF00073496E4B18681BF031FDAEE7022BB1D948
:103F000045788678002301E00133DBB2032B11D81A
:103F100019466C4A02EBC3021279002AF4D0694AAE
:103F200012F83320AA42EFD1664B03EBC103012202
:103F30005A719E71E388032B27D9A368DF78032089
:103F400001F0D8FB18B9604B00221A708AE71AF00A
:103F5000C1FB1AF0C0FB554B1868638817F0010FBE
:103F60000FD05A4A17F0040F0DD04221C7F3400773
:103F700003970291019200962A4655491BF0EEFCE8
:103F8000E1E7544AEEE74121F0E7032001F0B2FBFC
:103F90000028D8D01AF09EFB1AF09DFB009663888B
:103FA0002A464D49414800681BF0D8FCCBE7032066
:103FB00001F0A0FB18B9494B01221A7052E71AF020
:103FC00089FB1AF088FB62884549384B18681BF05A
:103FD000C5FCF0E71AF07EFB1AF07DFB62884149D0
:103FE000324B18681BF0BAFC2CE70135E388AB4272
:103FF00010DD032001F07EFB0028F6D01AF06AFBEA
:104000001AF069FBA3685A5D3749284B18681BF002
:10401000A5FCEAE7A16801200DF06CF90546A1684E
:10402000043101200DF066F9002D34DB002685EA0D
:10403000E572A2EBE5722D4B83FB0241D417C4EB72
:10404000A1144FF47A7101FB142483FB0572ED1760
:10405000C5EBA215002DB8BF6D42A3FB00234FEAAC
:10406000931801FB18089F09032001F043FB002867
:104070003FF4F8AE1AF02EFB1AF02DFB0B4B18682C
:104080005EB11B4ACDF80880019700942B46194970
:104090001BF064FCE6E60126C9E7174AF2E7704721
:1040A000C22100200000014040480200AC2900204D
:1040B0006448020004660200904802002C48020096
:1040C0009C480200AC25002001500020304802002E
:1040D000A048020034480200EC4802000A500020C8
:1040E000204902004049020058490200D34D6210A5
:1040F00038480200604902003C48020000B970479D
:1041000010B50446032001F0F5FA00B910BD1AF00D
:10411000E1FA1AF0E0FA22460249034B18681BF054
:104120001DFCF3E788490200AC29002030B583B0BC
:10413000902811D00446912835D0032001F0DAFAF6
:1041400008B31AF0C7FA1AF0C6FA22462049214BE2
:1041500018681BF003FC16E0032001F0CBFAA0B9AD
:10416000FF201CF04DF900241B4B1C701B4D2846F2
:1041700007F0ACF8019400942346194A40F6B83190
:1041800028461AF0BEF903B030BD1AF0A3FA1AF0AF
:10419000A2FA104B1C681CF0ECF8024611492046AC
:1041A0001BF0DCFBDCE7032001F0A4FA30B90A4B7A
:1041B00000221A70094807F089F8E4E71AF08AFA31
:1041C0001AF089FA0849034B18681BF0C7FBEEE7A1
:1041D000C8490200AC2900200050002080250020A2
:1041E000A53200009C490200B849020038B50546D6
:1041F0000C46032001F07EFA00B938BD1AF06AFAC5
:104200001AF069FA2B4622460249034800681BF05F
:10421000A5FBF2E7E0490200AC29002010B582B00E
:1042200001F0FAF8574B1B78002B50D0564B1B78F7
:10423000002B5BD0554B1B78A3B91BF092FE0446B4
:104240001CF06BF800285FD0514B1B680BB9504B2A
:104250001C604F4B1868201A07F088F943F6972323
:1042600098424BD81CF059F8002871D049481AF0F0
:1042700014FB1BF076FE04461CF04FF898B1464B39
:104280001B7843B1454B1868201A07F06FF947F2C5
:104290003053984207D9FF201CF0B2F83F4B1C6006
:1042A0003D4B01221A703E4B1B78002B54D13D4BE5
:1042B0001B78002B58D03B4B1B78DBB2032B5CD018
:1042C000384B1B78DBB2022B4CD001234DE02D4B39
:1042D00001221A70FFF78CF8002301930093324AF1
:1042E0004FF4FA6131481BF048FE9FE71BF039FE9E
:1042F0002F4B1860244B01221A709BE701F018F82D
:10430000224B01221A70ADE7214B00221A6001F006
:104310007BF80028A6D0264B1868201A07F026F94B
:10432000244B98429ED9012001F0E4F930B9224B88
:104330001B6913F0200FFAD0FEF738FD1AF0CAF906
:104340001AF0C9F91D491E4B18681BF007FBEEE770
:1043500010481AF0A7FA8CE7114B00221A70FFF7E9
:10436000A3FBA4E7002300E00023164A127802B161
:104370002BB1FFF7DFFB02B010BD0023F5E7FEF71E
:10438000CFFFF6E70550002007500020085000201E
:10439000CC2500206C620200FF4F00205C2500202D
:1043A000FD4F0020FE4F002001E5010060250020A8
:1043B000D02500201FBF020000000140204A02005B
:1043C000AC2900200050002070B582B004460D4694
:1043D0001A460B1A01330146002001F0EBFBB0B97D
:1043E000214B1C68002C3CD06E1C642205FB022271
:1043F000B2FBF4F41D4AA2FB04311D4B1B68A2FB67
:104400000323DB08B3EBD10F14D301202AE00646C7
:10441000012001F06FF908B9002023E01AF05AF9E1
:104420001AF059F9334622461249134800681BF026
:1044300095FAF1E7032001F05DF918B90C4B1C6007
:1044400001200FE01AF046F91AF045F9064B1B68F7
:104450000093334622460949074800681BF07EFA5C
:10446000ECE7012002B070BD50240020CDCCCCCCB4
:10447000A8250020604A0200AC2900208C4A0200D6
:1044800010B582B0E8B9032001F034F978B90023FF
:10449000164A137001930093154A4FF4FA711548A8
:1044A0001AF02FF8144B06221A7002B010BD1AF041
:1044B00011F91AF010F91149114B18681BF04EFA56
:1044C000E5E70446012001F015F918B90A4B082266
:1044D0001A70EAE71AF0FEF81AF0FDF822460949C8
:1044E000074B18681BF03AFAF0E700BF09500020AC
:1044F000092E0000D4250020FE4F0020AC4A020007
:10450000AC290020EC4A020010B550BB032001F09A
:10451000F1F870B9032001F0EDF8C0B9194BFF2292
:104520001A70194B4FF6FF721A80184B02221A703C
:1045300010BD1AF0CFF81AF0CEF8124B1B78124AC1
:1045400012881349134800681BF008FAE2E71AF0D2
:10455000C1F81AF0C0F810490E4B18681BF0FEF9AC
:10456000DCE70446012001F0C5F80028D6D01AF097
:10457000B1F81AF0B0F822460849064B18681BF04B
:10458000EDF9CBE7C121002088210020FE4F00205B
:10459000184B0200AC2900204C4B0200804B02005B
:1045A00010B580B10446012001F0A4F800B910BD97
:1045B0001AF090F81AF08FF822460A490A4B186848
:1045C0001BF0CCF9F3E7032001F094F80028EED0BB
:1045D0001AF080F81AF07FF80449034B18681BF0B2
:1045E000BDF9E4E7B04B0200AC290020D04B02003B
:1045F000F0B583B004460D4616461F46032001F071
:1046000079F808B903B0F0BD1AF064F81AF063F84D
:10461000019700962B4622460249034800681BF08A
:104620009DF9EFE7E84B0200AC29002038B50546BC
:10463000FEF7CEFB4FF6FF7398420ED00446294B8F
:104640001D70032001F056F830BB032001F052F832
:10465000044668BB0124204638BD012001F04AF819
:1046600028B9032001F046F860B90024F3E71AF0F6
:1046700031F81AF030F82A461B491C4B18681BF019
:104680006DF9EEE71AF026F81AF025F81849174BDD
:1046900018681BF063F9E8E71AF01CF81AF01BF829
:1046A00023462A461349114800681BF057F9CCE706
:1046B0001AF010F81AF00FF80C4B18680E4B1B7814
:1046C000DBB2032B0BD00C4B1B78DBB2022B04D0DC
:1046D0000A4A0B491BF042F9BDE70A4AF9E7094AC1
:1046E000F7E700BFC1210020284C0200AC290020C0
:1046F000684C02009C4C0200FE4F00201C4C020043
:10470000C84C0200144C020070B586B00446431E2B
:10471000DBB2032B4BD86F4B1B7823B16D4B1B784F
:10472000DBB2022B56D12046FEF752FB05464FF670
:10473000FF73984260D004A9002001F01DFA002800
:104740006BD1002606F10803059A934275D8082319
:104750000DEB03023146002001F02CFA002840F056
:1047600087809DF808109DF8093041EA03219DF8E3
:104770000A3041EA03419DF80B3041EA03619DF89C
:104780000CC09DF80D304CEA032C9DF80E304CEA1D
:10479000034C9DF80F304CEA036C059B634569D3CD
:1047A000B4440CF108064C4B9942CBD146E00120B1
:1047B00000F0A0FF10B9002006B070BD19F08AFF0C
:1047C00019F089FF042322464449454800681BF03C
:1047D000C5F8F0E7012000F08DFF08B90020EBE7F5
:1047E00019F078FF19F077FF3A4B1A783D493C4BA6
:1047F00018681BF0B3F8F1E7012000F07BFF08B95F
:104800000020D9E719F066FF19F065FF2246364906
:10481000334B18681BF0A2F8F2E7012000F06AFFA2
:1048200008B90020C8E719F055FF19F054FF2F49C7
:104830002B4B18681BF092F8F3E70026E6B1002135
:10484000084601F06BFA38BB294B1E60294BAA229F
:104850001A70294B1C70294B1D801E4B02221A70A6
:10486000032000F047FF38BBFEF7D6FC0120A3E78A
:104870000026E3E70026E1E7012000F03BFF08B94E
:10488000002099E719F026FF19F025FF1C49144B69
:1048900018681BF063F8F3E7012000F02BFF08B95C
:1048A000002089E719F016FF19F015FF15490C4B88
:1048B00018681BF053F8F3E719F00CFF19F00BFF21
:1048C0000095234632461049054800681BF046F81B
:1048D000CAE700BFFE4F0020FC0404FCE84C0200C5
:1048E000AC290020104D0200384D02006C4D020032
:1048F00050240020C0210020C12100208821002058
:10490000944D0200D84D0200104E02002DE9F041F6
:1049100084B0032000F0EEFE50B9032000F0EAFE60
:1049200080B9032000F0E6FEB0B9002425462DE052
:1049300019F0D0FE19F0CFFE7149724B18681BF0C8
:104940000DF8EAE719F0C6FE19F0C5FE6E496D4B89
:1049500018681BF003F8E4E719F0BCFE19F0BBFE81
:104960006A49684B18681AF0F9FFDEE72A271EE04B
:10497000DFF8D88125E0664B3FE0032000F0BAFE67
:10498000002844D10135EDB20134E4B2032C50D8F3
:104990002646604B03EBC4031B79002BF4D05D4B20
:1049A00013F834205C4B1B789A42DFD02027594BF8
:1049B00003EBC6035B884FF6FF729342D8D0DFF853
:1049C00090814FF6FF718B42D7D0032000F092FE0A
:1049D0000028D7D019F07EFE19F07DFE494B1868EB
:1049E0003A464C4B13F8361003EBC6035F8893F836
:1049F00006C05B79002BBED0484B0393CDF808C0AE
:104A000001970091334646491AF0A8FFBAE719F01A
:104A100061FE19F060FE3F4B13F83630CDF804808C
:104A2000009333463A463F49364800681AF096FFED
:104A3000A8E7A5B1032000F05DFEF8B9032000F05F
:104A400059FE28BB032000F055FE002830D103207A
:104A500000F050FE002849D104B0BDE8F0810320E9
:104A600000F048FE0028E5D019F034FE19F033FEBE
:104A70002D49244B18681AF071FFDBE719F02AFE64
:104A800019F029FE21491F4B18681AF067FFD5E776
:104A900019F020FE19F01FFE1A4B18681E4B1A78E9
:104AA000FF2A03D021491AF059FFCBE70022F9E78A
:104AB00019F010FE19F00FFE124B18681C4B1B78F2
:104AC000DBB2032B09D01A4B1B78DBB2022B09D0C7
:104AD000174B1B7843B9174A00E0174A17491AF0D9
:104AE0003DFFB4E7164AF9E7164AF7E719F0F2FD79
:104AF00019F0F1FD1449034B18681AF02FFFABE7CA
:104B0000B44E0200AC290020544F0200904F020026
:104B1000784E0200AC250020C1210020704E02001A
:104B2000305002006450020094500200D050020045
:104B3000FE4F00201C4C0200944E02000C5102005B
:104B4000804E0200A84E0200285102005C4E020076
:104B50000466020010B584B00D4BEC460FCBACE8F8
:104B600007008CF8003001238DF803308DF80430F5
:104B700000238DF808300E238DF80930054C694666
:104B800020461AF0E2F820461AF0D0F804B010BD22
:104B90002858020000200540044B00221A605A6089
:104BA0009A60DA60024A1A60704700BFF825002058
:104BB0003152474610B58EB001A800F0C5FF059AE6
:104BC0000AB3D3680BB94FF4805329490B601469B9
:104BD0004CB3B4F5E01F26D3B4F5001F23D34FF434
:104BE000C012B2FBF3F203FB02F2B2F5C01F2CD1EC
:104BF0004FF4E012B2FBF3F202FB03F3B3F5E01F54
:104C000023D1012014E0012000F074FD08B9002038
:104C10000EE019F05FFD19F05EFD1649164B18689D
:104C20001AF09CFEF3E7012000F064FD10B90020AB
:104C30000EB010BD19F04EFD19F04DFD22460F4982
:104C40000D4B18681AF08AFEF1E7012000F052FDC2
:104C500008B90020ECE719F03DFD19F03CFD044BCC
:104C60001A680749044B18681AF078FEF1E700BF8C
:104C700010200020C8510200AC290020F851020089
:104C80004052020008B51023044A0321044800687A
:104C900010F0E6F8B0FA80F0400908BDF8250020D1
:104CA0008020002008B510230F4A03210F48006818
:104CB00010F020F920B90C4B1A680D4B9A4207D01E
:104CC000032000F017FD20B9FFF766FFFFF7DAFFBA
:104CD00008BD19F0FFFC19F0FEFC0649064B1868E8
:104CE0001AF03CFEF0E700BFF825002080200020ED
:104CF0003152474688520200AC2900202DE9F0418C
:104D0000ADF5007D674BD979674A52F821809E68DE
:104D1000731EB3F5802F33D2002000F087FF0028E8
:104D200042D1033626F003060024B4427FD2351B5D
:104D3000B5F5807F28BF4FF4807504EB08072A463D
:104D400040A9384601F014F800283DD12B4640AA6E
:104D50002146002000F04CFF002846D12B466A4631
:104D60002146002000F026FF00284FD12A46694640
:104D700040A81EF0DAFA002848D104F58074D4E780
:104D8000012000F0B7FC20B900200DF5007DBDE842
:104D9000F08119F09FFC19F09EFC32464349444BC8
:104DA00018681AF0DBFDEFE7012000F0A3FC08B95A
:104DB0000020EAE719F08EFC19F08DFC3D493C4BD0
:104DC00018681AF0CBFDF3E7012000F093FC08B956
:104DD0000020DAE719F07EFC19F07DFC3A463649EE
:104DE000334B18681AF0BAFDF2E7012000F082FC9C
:104DF00008B90020C9E719F06DFC19F06CFC2246D7
:104E00002E492B4B18681AF0A9FDF2E7012000F09B
:104E100071FC08B90020B8E719F05CFC19F05BFCE4
:104E200022462749224B18681AF098FDF2E7002124
:104E3000084600F073FF58B9002000F015FFB8B91C
:104E4000032000F057FC18BB00F068FE01209CE72F
:104E5000012000F04FFC08B9002096E719F03AFC59
:104E600019F039FC1749124B18681AF077FDF3E76F
:104E7000012000F03FFC08B9002086E719F02AFC69
:104E800019F029FC10490A4B18681AF067FDF3E77E
:104E900019F020FC19F01FFC0C49054B18681AF09A
:104EA0005DFDD1E7F825002020580200B85202002D
:104EB000AC290020DC520200FC5202002053020008
:104EC000405302006853020090530200B4530200A2
:104ED0002DE9F047ADF5047D0021084600F01EFFE6
:104EE00000283AD182A9002000F046FE002847D1D0
:104EF000002404F10803839A934251D808236A4698
:104F00002146002000F056FE002840F090809DF8D9
:104F100000309DF8012043EA02239DF8022043EA75
:104F200002439DF8032043EA02629DF804309DF895
:104F3000051043EA01239DF8061043EA01439DF85A
:104F4000071043EA01638399994272D3234403F122
:104F50000804694B9A42CCD123E0012000F0CAFB3F
:104F600020B900200DF5047DBDE8F08719F0B2FBF3
:104F700019F0B1FB6149624B18681AF0EFFCF0E7D9
:104F8000012000F0B7FB08B90020EBE719F0A2FB05
:104F900019F0A1FB5B495A4B18681AF0DFFCF3E7E4
:104FA0000024631EB3F5802F45D2574B93F807A01A
:104FB000BAFA8AFA4FEA5A1A544B53F82A904FF425
:104FC0008021484600F010FF002847D104F1030873
:104FD00028F003080026464580F08480A8EB0605EB
:104FE000B5F5807F28BF4FF480752B4642AA314625
:104FF000002000F0DFFD002841D106EB09072A461A
:1050000042A9384600F0D2FE002849D12A4602A91A
:10501000384600F0ADFE002853D12A4602A942A826
:105020001EF083F900284CD106F58076D3E70024E2
:10503000B7E70024B5E7012000F05CFB08B90020C9
:1050400090E719F047FB19F046FB4FF48023224606
:105050002F492B4800681AF081FCF0E7012000F08E
:1050600049FB08B900207DE719F034FB19F033FB48
:105070004A462849224B18681AF070FCF2E70120D2
:1050800000F038FB08B900206CE719F023FB19F099
:1050900022FB324620491A4B18681AF05FFCF2E7EF
:1050A000012000F027FB08B900205BE719F012FB94
:1050B00019F011FB3A461949114B18681AF04EFCC9
:1050C000F2E7012000F016FB08B900204AE719F0CA
:1050D00001FB19F000FB3A461149094B18681AF018
:1050E0003DFCF2E7084B83F807A09C6001221A738D
:1050F000FFF7C8FD36E700BFFC0404FCE8530200DC
:10510000AC29002020540200F8250020205802007D
:10511000445402007C540200A4540200C45402000F
:10512000E854020010B584B0FFF714FDFFF7BAFD94
:10513000FFF740FD5B4B1870032000F0DBFA20B94D
:10514000594B9B79BBB904B010BD19F0C3FA19F0E3
:10515000C2FA554AD379117B9068524C2478039453
:1051600002900191009393889279504950480068C9
:105170001AF0F4FBE4E74C4A938801339380FFF77D
:1051800081FD08B3032000F0B5FA60BB464B9B8855
:10519000042BD8D9434B1B781BB1434B1B7B002BF3
:1051A00042D1012000F0A6FA50BB012000F0A2FA83
:1051B00000282FD13C4B9B88052BC4D93A4B0522A4
:1051C0009A80FFF75FFDBEE7012000F093FA002808
:1051D000D8D019F07FFA19F07EFA3649344B1868A6
:1051E0001AF0BCFBCEE719F075FA19F074FA052332
:1051F0002D4A928830492E4800681AF0AFFBC5E767
:1052000019F068FA19F067FA2C49294B18681AF056
:10521000A5FBCAE719F05EFA19F05DFA2849244B9C
:1052200018681AF09BFBC5E7032000F063FAC8B9C1
:105230001D4B00229A8001229A71FFF723FDFFF790
:105240005DFDF8B1012000F055FA00283FF47BAF76
:1052500019F040FA19F03FFA1A49154B18681AF07C
:105260007DFB70E719F036FA19F035FA104B186823
:105270000D4BDB7923B1422213491AF06FFBD7E7BC
:105280004122F9E7012000F035FA00283FF45BAF36
:1052900019F020FA19F01FFA0C49054B18681AF09A
:1052A0005DFB50E70B500020F8250020145502004C
:1052B000AC2900206055020094550200B45502004C
:1052C000FC550200645602003C5602009C56020047
:1052D00008B5134B01229A7100229A80FFF7D2FC85
:1052E00070B9012000F006FA00B908BD19F0F2F912
:1052F00019F0F1F90B490C4B18681AF02FFBF4E781
:10530000032000F0F7F90028EFD019F0E3F919F0C5
:10531000E2F90649044B18681AF020FBE5E700BFE4
:10532000F8250020D4560200AC29002010570200B6
:1053300008B52E4B9B792BB92C4A127B12B12B4A04
:1053400092887AB113B12A4B1B7863B9274B00229C
:105350009A719A80FFF796FC002837D1012000F05F
:10536000C9F948BB08BDFFF7B3FDB0B1032000F099
:10537000C1F90028EAD019F0ADF919F0ACF91D4BCC
:1053800018681A4BDB7933B14222184B9B681A49D3
:105390001AF0E4FADAE74122F7E7012000F0AAF96F
:1053A0000028D3D019F096F919F095F91349114B4B
:1053B00018681AF0D3FAC9E719F08CF919F08BF9CB
:1053C0000F490C4B18681AF0C9FACBE7032000F01C
:1053D00091F90028C6D019F07DF919F07CF9094936
:1053E000044B18681AF0BAFABCE700BFF825002091
:1053F0000B500020AC2900204857020088570200BB
:10540000C4570200F0570200024B9879003818BFC9
:1054100001207047F825002008B5024819F086FCE5
:1054200008BD00BF0020054008B5024B1B6803B152
:10543000984708BD3826002008B5024B5B6803B1C9
:10544000984708BD3826002008B5024B9B6803B179
:10545000984708BD3826002008B5024BDB6803B129
:10546000984708BD3826002008B5024B1B6903B1D8
:10547000984708BD3826002008B5024B5B6903B188
:10548000984708BD3826002030B585B0094C226801
:10549000094B1A60094D0A4B2B600A4B019304F02B
:1054A00063FE02902B68039301A9206819F05EFD4A
:1054B00005B030BD302000207C340020783400203E
:1054C000242000201862020008B5024B186819F069
:1054D00061FD08BD3020002038B504F045FE0446CB
:1054E000064D2B68D3F8B00204F032FE286819F09C
:1054F0006BFD204604F02CFE38BD00BF302000209C
:1055000038B501F083FE01210D4801F051FA012266
:105510001146002001F0BEFD0A4C0225C4F880505F
:1055200001221146002001F0B5FDC4F8845001228B
:105530001146002001F0AEFDC4F88850002038BDAF
:1055400030253E0000400E4008B5164B01225A643B
:1055500003F01CF8024668B9134B4AF6E851C3F849
:105560009011D3F8981141F00401C3F8981100216B
:10557000C3F89011012A0DD90C4A136A23F444137D
:1055800043F488131362A2F58042136843F48073D6
:10559000136008BD044AD2F8643143F40053C2F8E2
:1055A0006431E9E700000E4000300E4000400E403C
:1055B000012900D9704708B5034B1B68186808B16A
:1055C000436A984708BD00BF3420002030B599B029
:1055D000284D11ACAC46BCE80F000FC49CE8070096
:1055E00084E8070000240B940C940D940E940F94FF
:1055F0001094214B0B93214B0C9301228DF83720F3
:1056000002238DF8393003238DF83B301E238DF8AB
:105610003F308DF8403009AB1C3595E8030083E836
:1056200003000DF10C0C0394049405940694079464
:1056300008948CE803000C238DF814300D238DF8AA
:1056400015300F4B0693202307938DF820208DF8FB
:1056500021200C4B00930BAB11AA61460A4804F0C1
:105660005BFF054621464FF4E13019F066F8284605
:1056700019B030BD30620200000001400042040059
:105680000C2900202C2900208029002008B503497E
:10569000034805F0A9FAFFF799FF08BD382000205C
:1056A000A429002008B502481AF06CFB08BD00BF11
:1056B0008029002008B502481AF064FB08BD00BF2D
:1056C0008029002008B5024B1A6A1868904708BD67
:1056D0008029002008B5024819F093F808BD00BFE2
:1056E0005462020008B5024819F0D2F808BD00BFA4
:1056F0006C62020003460B4A107828B10A4A1278FD
:105700009A4202D2002000E00120084A12783AB101
:10571000074A127842FA03F313F0010F00D1002078
:10572000704700BFC5210020C42100200C5000207C
:10573000C321002008B5084B01221A70074B002234
:105740001A70074B04221A70064B1F221A7004F0BD
:105750000BFD054B186008BDC52100200C50002032
:10576000C4210020C3210020AC29002008B501215C
:10577000034801F01DF918F00EFF00F075F808BDA0
:1057800000350A0008B50121014801F011F908BDF2
:1057900000350A002DE9F04180460F4601F1090568
:1057A0000026344604E05B21082000F06BFC013445
:1057B000AC4233D2052C1BD801A353F824F000BF10
:1057C000A7570000D95700000D580000E15700000E
:1057D000E5570000E9570000FBB20433D9B2E3E714
:1057E0008021E1E70021DFE7731C3146DEB2DBE711
:1057F000BB1DA3420CD0FB1DA3420BD007F1080335
:10580000A34209D0A31F18F80310CDE7D121CBE79D
:105810005A21C9E75A21C7E75D21C5E70020BDE845
:10582000F08100BF00B583B00022009201920221F6
:105830008DF80010054818F06AFF019008216846AD
:10584000FFF7A8FF03B05DF804FB00BF006A180073
:10585000014B1022DA60704700A00044014B102277
:10586000DA60704700A0004670B588B00DF1040CF6
:10587000374C0FCCACE80F0094E807008CE8070029
:105880000121344801F094F8334E0121304601F0F3
:105890008FF801258DF81250304B0393304C01A93D
:1058A000204619F0E7F92B4604220621022002F0D7
:1058B0001BFB00232A460721022002F015FB2B4682
:1058C00004220821022002F00FFB2B46042211467D
:1058D000002002F009FB234BA3670B2363674FF4FF
:1058E000487006F079FBFFF7B3FF142006F074FB55
:1058F000FFF7B4FF232006F06FFBFFF7A9FFB921E4
:10590000204619F001FAFFF7A9FF00231A460621E5
:10591000022002F0E9FA00231A460721022002F0D1
:10592000E3FA2B4600220821022002F0DDFA2B4682
:1059300000220421104602F0D7FA204602F080FE31
:105940000021A1676167304601F032F808B070BDF0
:105950008462020000350A000052040000127A003E
:10596000000401400B0B000B08B500F087F8124A49
:105970000AE01068516850F8230041F82300013311
:1059800091688B42F5D30C320C4B9A4201D2002322
:10599000F6E70B4A08E01168002041F823000133C4
:1059A00051688B42F7D30832064B9A4201D200234A
:1059B000F6E7FCF7C1FA00BF788E0200848E020081
:1059C000848E0200848E02000048704700F0490275
:1059D000114BD3F8943003F00703023B032B0DD88F
:1059E000DFE803F0050F02080C4B18680BE00C4BC6
:1059F000186808E00B4B1868400804E0094B186869
:105A000001E04FF40040044BD3F80031C3F304230A
:105A10000133B0FBF3F0704700400E4054200020EB
:105A2000582000204C20002008B5FFF7D1FF054B7F
:105A3000D3F80831C3F308230133B0FBF3F0024B72
:105A4000186008BD00400E4050200020014B18682F
:105A5000704700BF5820002008B5064B1860064B61
:105A6000D3F8943003F00703022B00D008BDFFF7F2
:105A7000DBFFFBE75820002000400E40044B054AA6
:105A80009A60D3F8882042F47002C3F888207047E7
:105A900000ED00E000000000014B1868704700BFF7
:105AA00054200020BFF34F8F0549CA6802F4E0621A
:105AB000044B1343CB60BFF34F8F00BFFDE700BF24
:105AC00000ED00E00400FA0508B5114BD3F82828D2
:105AD000A2F17E63A3F58433B3F5104F11D21168A0
:105AE0000C4B994210D10C4B1B781BB1022B01D0EF
:105AF000002008E0D369984728B9074B01221A70A3
:105B000001E04FF4817008BD4FF48170FBE700BFE6
:105B10000000E10F07B0CD5E0D50002008B54FF03A
:105B2000005340F202221A804FF20F025A80054AB7
:105B300001239360136823F4E06343F480631360EC
:105B4000FFF7B0FF00500E4008B50A4BD3F82828E5
:105B5000A2F17E63A3F58433B3F5104F09D2126B23
:105B6000A2F17E63A3F58433B3F5104F01D25368DD
:105B7000984708BD0000E10F08B50D4BD3F8282861
:105B8000A2F17E63A3F58433B3F5104F0AD2126BF2
:105B9000A2F17E63A3F58433B3F5104F05D2936869
:105BA000984701E04FF4817008BD4FF48170FBE726
:105BB0000000E10F38B50D4CD4F82848A4F17E6CF4
:105BC000ACF5843CBCF5104F0AD2256BA5F17E6480
:105BD000A4F58434B4F5104F05D2EC68A04701E079
:105BE0004FF4817038BD4FF48170FBE70000E10F86
:105BF00038B50D4CD4F82848A4F17E6CACF5843C43
:105C0000BCF5104F0AD2256BA5F17E64A4F584344F
:105C1000B4F5104F05D22C69A04701E04FF4817014
:105C200038BD4FF48170FBE70000E10F08B50D4B64
:105C3000D3F82828A2F17E63A3F58433B3F5104F7F
:105C40000AD2126BA2F17E63A3F58433B3F5104F31
:105C500005D25369984701E04FF4817008BD4FF4B5
:105C60008170FBE70000E10F00B583B001900F4B9E
:105C7000D3F82828A2F17E63A3F58433B3F5104F3F
:105C80000CD2126BA2F17E63A3F58433B3F5104FEF
:105C900009D29369012101A8984701E04FF481706E
:105CA00003B05DF804FB4FF48170F9E70000E10FE9
:105CB00010B50A4BD3F82848A4F17E63A3F58433CA
:105CC000B3F5104F04D2236B2BB15B6A984701E008
:105CD0004FF4017010BD4FF40170FBE70000E10FBD
:105CE00008B50D4BD3F82828A2F17E63A3F58433C1
:105CF000B3F5104F0AD2126BA2F17E63A3F5843381
:105D0000B3F5104F05D2936A984701E04FF4017044
:105D100008BD4FF40170FBE70000E10F30B5E1B0C2
:105D2000124BD3F82838A3F17E63A3F58433B3F57F
:105D3000104F15D20C464FF4C0726946FFF7B8FFFA
:105D4000054678B921466846FFF7CAFF40F20123AD
:105D50009842F7D040F20323984203D0054601E071
:105D60004FF40175284661B030BD00BF0000E10F5F
:105D700010B50D4BD3F82848A4F17E63A3F5843306
:105D8000B3F5104F0AD2246BA4F17E63A3F58433DC
:105D9000B3F5104F05D2636B984701E040F2011054
:105DA00010BD40F20110FBE70000E10F10B50D4BF4
:105DB000D3F82848A4F17E63A3F58433B3F5104FDC
:105DC0000AD2246BA4F17E63A3F58433B3F5104F9C
:105DD00005D2A36B984701E040F2011010BD40F2DC
:105DE0000110FBE70000E10F08B50D4BD3F82828A0
:105DF000A2F17E63A3F58433B3F5104F0AD2126B80
:105E0000A2F17E63A3F58433B3F5104F05D2D36BB3
:105E1000984701E040F2011008BD40F20110FBE795
:105E20000000E10FF0B18446F1B110B409E004F1D3
:105E300020000FE02033C01A18D1BCB10CF1010CC6
:105E400001319CF800400B4B1B5D03F00303012B59
:105E5000EDD020460B78074AD25C02F00302012AFB
:105E6000E9D1E7E701207047012070475DF8044B56
:105E7000704700BF138D02000346064A10680344B2
:105E8000054A934202D8034A136070474FF0FF302F
:105E9000704700BF5C200020000004200B681A78C7
:105EA000022A00D1704710B508461A79597902EBD9
:105EB00042021201064C144401EBC4029200126823
:105EC000B2FA82F252091A7018F0A2FC10BD00BF9B
:105ED0001CA0100230B583B00546046801211748A4
:105EE00000F066FD002301226179207901F0FCFFBA
:105EF0002379627903EB43031B011149194402EB37
:105F0000C1039B001B68B3FA83F35B092370A37979
:105F1000022B02D0002003B030BD00F0E7FB2A4680
:105F20000849607900F00AFC024661792079012372
:105F30000193009301F082FFECE700BF00350A00F7
:105F40001CA010029D5E000002681378022B15D081
:105F50001379517903EB43031B011548184401EBF6
:105F6000C0039B0019680B1E18BF012390790128FC
:105F700005D018B9B1FA81F14909117070475188FB
:105F8000490089B20B4343F47F4343F0C0034FF60B
:105F9000E0718B4205D04FF6DF718B4204D0538005
:105FA000704701211170FAE700211170F7E700BF77
:105FB0001CA0100208B50121294800F0F9FC0123BA
:105FC00004220221052001F08FFF002001F02AFFAA
:105FD0000121244BC3F810180A46042001F05AF896
:105FE000214800F0A3FE214BD3F8F02042F001023B
:105FF000C3F8F020D3F8FC2042F08072C3F8FC20F4
:10600000A3F55D431A4A1A6000F5D52000F2FC4062
:10601000C008184BA3FB0030800A0138164B1861EA
:106020000222C3F8F0204FF48072C3F804234FF02B
:106030006043124AC3F8B02F114AC3F8802ED3F838
:10604000002E42F48072C3F8002EFF2283F8202035
:10605000D3F8002E22F48072C3F8002E002008BD71
:1060600000350A000080144206000E0000ED00E03A
:10607000FF03004017916502000004E055CEACC557
:10608000090001004FF06043D3F8803E13F0010F88
:1060900001D1112070470E4AD2F8FC3043F08073D2
:1060A000C2F8FC304FF06043D3F8002E4FF0010CE3
:1060B0000CFA00FC42EA0C02C3F8002E53F8203020
:1060C000002BE8D04FF0604303F820100020704709
:1060D00000ED00E010B504460121094800F068FC1D
:1060E0000121084800F064FCA378B3FA83F35B094C
:1060F00004226178207801F0F7FE002010BD00BF77
:106100004041050000350A0083784BB90378427896
:1061100003EB43031B0101219140064AD150704714
:106120000378427803EB43031B0101219140024AAB
:10613000D15070470CA000440CA0004683784BB9A6
:106140000378427803EB43031B0101219140064A87
:10615000D15070470378427803EB43031B010121C0
:106160009140024AD15070470CA000460CA0004458
:1061700002460378417803EB43031B0106481844A9
:1061800001EBC0039B001868C0B2937813B9B0FA52
:1061900080F04009704700BF0CA01002F0B585B038
:1061A0000C4694469DF83410664A1278002A00F096
:1061B000BD800546BCF1070F00F2BA800A9A002A9A
:1061C00000F0B8800B9A002A00F0B6800E9AB2F563
:1061D000006F00F3B38001285BD05B4A02EB0C1226
:1061E000127B002A00F0AC80002200920192029201
:1061F0000392564A02EB4C1E002C4FD14FEA4C162C
:1062000000209051CEF80400CEF80800CEF80C0023
:106210009EF8020040F010008EF802009EF8030085
:1062200040F030008EF8030021B9C1B241F0030103
:106230008EF8031000930E9B013B444A4FEA4C102A
:1062400002EB4C11165A63F30E1616520A9B8B6022
:106250000B9B4B60CB789DF83C2062F38303CB70A3
:10626000012D36D0109B002B56D0374A4FEA0C1127
:1062700002EB0C1310985050119A5A6000249C6045
:106280005D7372466946604601F02AFF204605B0FC
:10629000F0BD0C9A002AA0D12D48F8E72B4F4FEA09
:1062A0004C1607EB4C120020B85150609060D06043
:1062B000907840F010009070D07840F00300D070DB
:1062C0000029B7D107EB4C12C1B241F03001D170B7
:1062D000B0E70E460A7B42F001020A73D2B242F0E6
:1062E00002020A73CA68042161F39F02F26006F198
:1062F000100796E80F0087E80F00F2696FF00301BE
:1063000061F39F02F2610C9B7361012CAAD10B9A7D
:10631000B2610C9A7260A5E7002DA6D10B4B03EB7E
:106320004C139A786FF304129A709EE70948AEE70F
:106330000748ACE70648AAE70548A8E70448A6E7E7
:106340000548A4E70E500020B02A0020B029002004
:10635000018000F0028000F0078000F0134B1B78F2
:10636000FBB110B50446F0B118F02CFB0023072B4D
:1063700013D80F4A02EB0312127B0AB10133F6E77E
:1063800023600B4A190102EB031301241C73002440
:10639000545018F01DFB204602E018F019FB054888
:1063A00010BD054870470548FAE700BF0E500020B1
:1063B000B02A0020048000F0028000F0018000F08C
:1063C00038B518F0FFFA04460023072B06DC0C4A08
:1063D00002EB0312127B12B90133F6E7002222B15D
:1063E000204618F0F5FA074838BD01F02DFE0025CB
:1063F000054B1D70204618F0EBFA2846F4E700BF65
:10640000B02A0020058000F00E5000200F4B1B78B2
:10641000BBB110B50446072815D818F0D3FA0C4BB9
:1064200003EB04131B7B1BB918F0D2FA09480BE0ED
:10643000074B03EB041300241C7318F0C9FA204621
:1064400002E005487047054810BD00BF0E5000200F
:10645000B02A0020068000F0028000F0018000F0E9
:1064600000B583B0144B1B68019300238DF80430F2
:1064700018F0A8FA114B1B7833B9104B01221A708F
:1064800018F0A6FA002309E018F0A2FA0C480FE071
:106490000C4A02EB0312002111730133072BF7DDC5
:1064A00004238DF807300DEB030001F0EFFD002011
:1064B00003B05DF804FB00BFF06202000E50002044
:1064C000038000F0B02A002008B50A4B1B785BB1AE
:1064D00007280BD8084B03EB00131B7B43B10021AB
:1064E00001F0CAFD002008BD0448FCE70448FAE7B3
:1064F0000448F8E70E500020B02A0020028000F087
:10650000018000F0078000F008B50A4B1B785BB1F2
:1065100007280BD8084B03EB00131B7B43B1012169
:1065200001F0AAFD002008BD0448FCE70448FAE792
:106530000448F8E70E500020B02A0020028000F046
:10654000018000F0078000F008B50A4B1B7853B1BA
:1065500007280AD8084B03EB00131B7B3BB101F063
:1065600013FE002008BD0548FCE70548FAE705488A
:10657000F8E700BF0E500020B02A0020028000F093
:10658000018000F0078000F0104B1B78ABB10728AA
:1065900015D8B1B10E4B03EB00131B7B9BB10D4B18
:1065A0001B6E0122824013EA020003D001230B700C
:1065B0000020704700230B7070470748704707485A
:1065C0007047064870470648704700BF0E500020CD
:1065D000B02A002000200E40028000F0018000F070
:1065E000078000F00C4B1B7873B110B50C460728E0
:1065F0000CD869B1094B03EB00131B7B53B101F0BD
:10660000D7FD2070002010BD054870470548FAE707
:106610000448F8E70448F6E70E500020B02A0020AE
:10662000028000F0018000F0078000F0F8B5194BFF
:106630001F6EDB6E1F4002D40125002402E0FEE73E
:1066400001346D00072C24D83D42F9D0114B9D66D2
:106650002301114AD358002BF2D002EB0416B16883
:106660000131B16072682046984780F00100C0B2E5
:10667000737B012BE4D10028E2D0084B03EB4413D9
:106680001A7B6FF341021A731A7F6FF341021A7774
:10669000D6E7F8BD00200E40B02A0020B029002027
:1066A00010B5044602E0202007E09047DCB194FAE0
:1066B000A4F00028F7D0B0FA80F00123834024EA48
:1066C0000304094B03EB00135A68002AEED0064B73
:1066D00003EB00131B7B002BE7D0034B03EB0013F2
:1066E00099689047E2E710BD302B002008B51220D2
:1066F00000F046FE28B1084B4FF48022C3F88021F9
:106700001A600A2000F03CFE28B1034B4FF480626F
:10671000C3F880211A6008BD00E100E038B50546E5
:106720000C4618F04FF9044B03EB05135C60002294
:106730001A7318F04DF938BD302B0020F8B5054616
:106740000F46164618F03EF905F0FC0C0F4BD3F837
:1067500028140023032B0BD85C1904F003046444B1
:1067600021FA04F212F0010F03D00133DBB2F1E79A
:10677000FF24FF2C06D0064B03EB04135F609E60E2
:1067800001221A7318F024F92046F8BD00A0004039
:10679000302B002008B5064BD3F82804D3F81C246E
:1067A000104000F05530C3F82404FFF779FF08BD0E
:1067B00000A0004008B5064BD3F82804D3F81C24E9
:1067C000104000F0AA30C3F82404FFF769FF08BDA9
:1067D00000A0004008B5034B1968034B18680EF081
:1067E00065FA08BD6020002080200020B0F1FF3F46
:1067F00001D010B97047024870470248704700BF87
:1068000021E000F024E000F0F8B505460E469400C3
:10681000224618F0E0F9FFF7E9FF074628B92246BB
:10682000314628461CF081FD08B93846F8BD014FB5
:10683000FBE700BF10E000F038B5044601F08CFD26
:10684000FFF7D4FF054608B1284638BD01F0A6FE83
:106850000146204618F053F80028F5D1004DF3E723
:106860000EE000F008B518F09EF8014B186008BD66
:106870002034002008B5024B186818F098F808BDBD
:1068800020340020074BDB6B13F0400F04D1064B84
:10689000D3F8C830002BFAD1024B5868C0F301403E
:1068A000704700BF00300E400000C6430C4B9842BA
:1068B00005D90C4B984210D801210A4601E000216D
:1068C0000A46094B1A64094AD2F8003123F0807352
:1068D00043EA0163C2F80031704702210122F0E768
:1068E0000048E8010090D0030000C84300400E407B
:1068F000014B1868704700BF84200020114B5B6873
:10690000002300E00133042B0CD80F4A02EBC30232
:1069100092F804C0CAB29445F4D10B4A52F833201D
:106920008242EFD3052B0BD0074A02EBC303597900
:10693000044A536823F0407343EA0163536070478D
:106940000321F5E700000E401863020008B5FFF7C9
:106950003FF8044BD3F80031C3F3042303FB0000DA
:1069600008BD00BF00400E4010B5084B1C6CA4B21F
:1069700041F671321A64FFF727F80021FFF7BEFFD6
:1069800014B1024B00221A6410BD00BF00000E407B
:1069900010B5064B1C6CA4B241F671321A64FFF7B5
:1069A000ADFF14B1014B00221A6410BD00000E406F
:1069B00010B4C0F30323013B092B21D8DFE803F017
:1069C0000508202030232620292D0024164A01E026
:1069D0000024164AC0F3043054B1134BD3F84431A9
:1069E00013F0010F04D1104BD3F840311C42FAD1FF
:1069F00002F1424303F5801300EBC3008000016005
:106A00005DF8044B70470124094AE3E71024094A62
:106A1000E0E74FF48034084ADCE70024074AD9E76E
:106A20000024074AD6E700BF00400E40C0400E4099
:106A3000E0400E40E8400E40F0400E4050410E4015
:106A4000B0400E40C0F30313013B092B6BD8DFE8C5
:106A500003F0050B111B6A6A2127415F334BD3F802
:106A60000001C0F304207047304BD3F81401C0F389
:106A7000042070472D4BD3F80031C3F3006301337A
:106A80000120984001387047284BD3F80C01C0F31F
:106A900008207047254BD3F80801C0F30820704741
:106AA000234B984204D0234B98420AD000207047D1
:106AB0001E4BD3F8203103F00F030120984001381A
:106AC00070471A4BD3F82031C3F3011301209840CB
:106AD00001387047184B984207D003F5B01303F5FF
:106AE000805398420AD000207047104BD3F82831C9
:106AF000C3F3011301209840013870470B4BD3F8C2
:106B00002831C3F301230433012098400138704732
:106B10000A4B984201D000207047044BD3F8300153
:106B200000F0030070470020704700BF00400E4097
:106B30008006160080162E0090171A00A009140077
:106B400000F00F000138072865D8DFE800F0041BCB
:106B50002A643E4D64553B4BD3F8943003F0070351
:106B6000023B052B0CD8DFE803F0055803070B099F
:106B700002207047042070470B2070470C2070479C
:106B8000052070472F4BD3F8803003F00703022B0A
:106B900045D0042B45D0012B01D0012070470320A4
:106BA0007047284BD3F8843003F00703013B032BD5
:106BB00009D8DFE803F002380604032070470A20F2
:106BC000704706207047012070471E4BD3F888306D
:106BD00003F00703022B28D0042B28D0012B01D06F
:106BE0000120704703207047164B1B6F13F0010301
:106BF0001FD003B309207047124BD3F85C3103F068
:106C00003003202B19D0302B19D0102B01D00120AC
:106C1000704707207047002070470320704702200C
:106C200070470A20704702207047022070470A20F0
:106C300070470720704701207047042070470820E4
:106C4000704700BF00400E4010B50446FFF778FFC4
:106C50001B4B9C4212D01B4B9C4215D01A4B9C42A2
:106C600006D00138032828D8DFE800F014171D1AD1
:106C7000164BD3F8800000F00700F2E7134BD3F86F
:106C8000840000F00700ECE7104BD3F8880000F018
:106C90000700E6E717F064FD10BDFEF7FDFEFBE719
:106CA00017F061FDF8E7FEF793FE084BD3F80031CB
:106CB000C3F300630133D840EEE70020ECE700BFE8
:106CC000030020000500240002001E0000400E40CA
:106CD00008B50748FFF734FF072804D0092805D175
:106CE000FEF776FE03E0FFF703FE00E0002008BD9C
:106CF00006000E0008B10020704710B504460A488F
:106D0000FFF71EFF072805D0082809D0042804D063
:106D1000204610BDFFF7ECFDFBE7FEF797FEF8E716
:106D2000FFF714FEF5E700BFB800320038B500F4F5
:106D30007813B3F5B01F00F0938005463BD8B3F548
:106D4000402F00F0828010D9B3F5801F00F0AA8098
:106D5000B3F5A01F27D15748FFF776FF564BD3F85E
:106D6000303103F00303D8401CE0B3F5802F61D02D
:106D700005D9B3F5202F14D1FEF72AFE12E0002B1F
:106D800055D0B3F5003F0AD1FEF722FE4A4BD3F8A7
:106D90000831C3F308230133B0FBF3F002E0002015
:106DA00000E0002038BDB3F5602F02D1FFF790FF5F
:106DB000F8E70020F6E7B3F5381F5BD00ED9B3F53E
:106DC000481F72D0B3F5781F21D1FEF701FE0446AB
:106DD000284617F0E3FDB4FBF0F0E3E7B3F5001F3E
:106DE00052D006D9B3F5101F0FD13248FFF72CFF50
:106DF000D8E7B3F5D01F4BD0B3F5F01F03D12F4820
:106E0000FFF722FFCEE70020CCE70020CAE7B3F56A
:106E1000401F0AD12A48FFF717FF274BD3F8283124
:106E2000C3F301230433D840BCE70020BAE7FEF7E0
:106E3000CFFDB7E7FEF7CCFD1F4BD3F80C31C3F302
:106E400008230133B0FBF3F0ACE7FEF7C1FD1A4BAA
:106E5000D3F81431C3F304230133B0FBF3F0A1E7FB
:106E60001648FFF7F1FE144BD3F8203103F00F035F
:106E7000D84097E71148FFF7E7FE0F4BD3F82031D2
:106E8000C3F30113D8408DE70D48FFF7DDFE89E716
:106E90000B48FFF7D9FE084BD3F82831C3F3011391
:106EA000D8407FE7FFF724FD7CE70020FFF722FFB3
:106EB00078E700BF0500240000400E4002001E00DD
:106EC0000300200010B5FFF74FFD084B07225A675B
:106ED000FEF77EFDFFF7EAFCFEF7A6FD0446FFF78E
:106EE000D1FC01462046FFF753FD10BD00400E4087
:106EF000014B1880704700BF8C210020014B188087
:106F0000704700BF8A21002004281ED8DFE800F067
:106F1000180312080D000E4B186AC0F308007047E2
:106F20000B4B186900F07F007047094B986900F01F
:106F30007F007047064BD3F89C00C0F30A007047EF
:106F4000034B986B00F07F0070470020704700BF34
:106F500000400E4038B50C46042813D8DFE800F096
:106F600043032F132100C1F30804274BD3F86838DB
:106F7000002BFAD1254A136A23F4FF7323F001038F
:106F80002343136238BD01F07F041F4BD3F86038F0
:106F9000002BFAD11D4A136923F07F0323431361A9
:106FA000F0E701F07F04184BD3F86438002BFAD1D6
:106FB000164A936923F07F0323439361E2E7134D5D
:106FC000D5F890306B6A23F0300343F010036B6206
:106FD000C1F3C31017F0DCFC2A6B0D4B13402343A5
:106FE00003432B63CEE74F2928BF4F24064BD3F82A
:106FF0007438002BFAD1054A936B23F07F03E4B277
:107000001C439463BEE700BF0020C84300400E400D
:1070100000F8FF0F134B5B6A13F0300F09D02029E3
:1070200014D0302915D009B10F4A04E04FF44002C2
:1070300001E04FF440020B4BD3F8903032EA0303E7
:10704000F9D112F4800F07D1012070474FF40002EC
:10705000F1E74FF44002EEE7024BD3F8A000C0F393
:107060008020704700400E40FF33E107022801D026
:107070000120704710B529B1054B4FF48064C3F867
:10708000A84059660AB9012010BDFFF7C3FFFBE70E
:1070900000400E4070B5042800F28580DFE800F063
:1070A000484250033C00022301250024AC4600293D
:1070B00067D002284AD000213B4B1D663B4B23443E
:1070C0009B001B68002BF9D0002A6CD0374C64441D
:1070D000A4002368002BF9D0022864D1002962D0D3
:1070E000314B5B6A13F0010F46D001222021FFF7DC
:1070F000BDFF0220FFF708FF064601220021022003
:10710000FFF7C8FF31460220FFF724FF264B1D661C
:107110002368002BFCD046E02023102504244FF0E8
:10712000050CC4E78023402506244FF0070CBEE77A
:107130004FF400734FF4807508244FF0090CB6E744
:107140000823042502244FF0030CB0E7164B5B6ABA
:1071500013F0300F0ED1164BDB6B134B5B6A13F041
:10716000010FA9D0104E736A23F0300343F01003CF
:107170007362A1E700219FE700210220FFF74AFF89
:10718000B7E709490B66084BD3F890100123A340D9
:107190001942F8D13AB1044BD3F89020012303FAF5
:1071A0000CF31A42F7D170BD00400E408004F2107B
:1071B00000300E4010B50446A8B1012818D0FFF7E2
:1071C000D3FBDCB9104B04225A67FEF701FCFFF732
:1071D0006DFBFEF729FC0446FFF754FB01462046F1
:1071E000FFF7D6FB10BD01221146FFF753FFE6E77C
:1071F000012211461046FFF74DFFE0E7012CE4D1D4
:10720000014B03225A67E0E700400E4038B5FEF715
:107210001DFC0446002100F0B5FB1648FFF746FBB5
:10722000012211460220FFF735FFFFF79DFB4CB10D
:10723000114BDB6B13F0400F04D1104BD3F8C83067
:10724000002BFAD10E4B02225A67FEF7C1FBFFF763
:107250002DFBFEF7E9FB0546FFF714FB0146284628
:10726000FFF796FB04B138BD0121002000F08AFB36
:10727000F9E700BF0148E80100300E400000C643B6
:1072800000400E4010B5012211460320FFF702FF17
:10729000FFF76AFB084B05225A67FEF799FBFFF7D9
:1072A00005FBFEF7C1FB0446FFF7ECFA014620465A
:1072B000FFF76EFB10BD00BF00400E4070B50446E6
:1072C0001120FFF73DFC012200210220FFF7E2FE22
:1072D000237C022B2AD00022154E736A23F001036F
:1072E000134373622278134BC3F8A024A288637AF5
:1072F00043EAC223F362356B05F07F65E38845EA14
:10730000C325A37A1D43207A45EAC01517F040FB38
:1073100005433563627BA37B1B0143EA0233E27BB7
:107320001343227B43EA0243736370BD0122D3E718
:1073300000400E400000C84338B505461120FFF755
:10734000FFFB0D4A916B0D4C0C4029780C436B7878
:1073500044EAC324AB7844EA0364EB7844EA0324A8
:10736000936BA34200D138BD012200210846FFF7EC
:1073700091FE014B9C63F6E700400E4080E4FFF86D
:107380004209064B53F8223000F01F0023FA00F0A8
:1073900080F0010000F00100704700BF00E100E054
:1073A000074BDB6B13F0400F04D1064BD3F8C8300A
:1073B000002BFAD1024B5868C0F30140704700BF60
:1073C00000300E400000C643114BDB6B13F0400F42
:1073D0001DD10F4BDB6B13F0400F04D10D4BD3F8D5
:1073E000C830002BFAD10A4B1A68C2F301225B683D
:1073F000C3F301439A4205D9054A136843F01003C9
:1074000013607047024A136823F01003136070473B
:1074100000300E400000C643074B1B6813F0100FEE
:1074200005D0064B1B69C3F30443082B00D07047FB
:10743000034B044A1A60FAE700300E4000400E4049
:107440004C200020C0EA21011A48C26CC2F303227A
:10745000194B1B8803F1280103EB51032833013238
:1074600002EB8201B3FBF1F3013B072B28BF07239B
:10747000C16C21F0EE6141EA036343F48013C364FD
:107480000E4BB3F90030002B13DB9BB203F1280144
:1074900003EB51032833510801EB4202B3FBF2F333
:1074A000072B28BF0723026D22F0700242EA031364
:1074B0000365704700300E40444F0020404F0020CD
:1074C000024B1880024B1980704700BF444F0020C8
:1074D000404F002010B1012804D07047034B044AEC
:1074E0009A657047014B034A9A65704700300E4019
:1074F00077402057372110B71A4BD3F83032032981
:1075000029D8DFE801F002121518DBB24AB91B03D3
:1075100033F4704121D11448C16E21F470411943F4
:10752000C166012A09D001207047C3F30723EDE7A4
:10753000C3F30743EAE71B0EE8E71B0333F470428B
:107540000DD10949D1F8EC2022F470421343C1F85F
:10755000EC30012070470020704700207047002069
:10756000704700BF0081E00F00300E401B02A2B147
:1075700001221343B3F5007F4DD022D8B3F5807FAD
:1075800042D00CD940F20112934215D1294BD3F8C5
:1075900024321A0EC3F3074310E00022E9E763B375
:1075A000012B06D1234BD3F82432C3F30722DBB2DD
:1075B00004E00022134601E00022134603600A6043
:1075C0007047B3F5407F2DD040F20132934206D18F
:1075D000184BD3F828321A0EC3F30743EEE740F2F4
:1075E0000122934206D1134BD3F82832C3F307226A
:1075F000DBB2E3E700221346E0E70E4BD3F81C3280
:10760000C3F30722DBB2D9E70A4BD3F81C321A0EB8
:10761000C3F30743D2E7074BD3F82032C3F3072263
:10762000DBB2CBE7034BD3F820321A0EC3F3074388
:10763000C4E700BF0081E00F38B5002850D04B4BA5
:10764000DB6B13F0400F07D1494B1A78C2F10202ED
:1076500010239340454A1361464AD2F8804104F012
:10766000010445F60E03C2F88031434B1B6803F05A
:10767000010103F01000014303F04000084303F050
:107680000401014303F480730B431366374BDB6B38
:1076900013F0400F04D1394BD3F8C830002BFAD186
:1076A000324B1B6813F0100F0DD0324BD3F8403122
:1076B00013F0807FF9D1324B1A682E4B1A61314B8F
:1076C0001B78052B2BD02F4B1B78023B0A2B32D873
:1076D000DFE803F02E3F433131313131314649008B
:1076E000244BD3F89020244B1A601120FFF728FA7E
:1076F000244B18701D4BDB6B13F0400F04D11F4B54
:10770000D3F8C830002BFAD1184B5B68C3F30143A0
:10771000174A1370174B1A69194B1A6018E01A4B65
:107720001D68FFF73DFE01462846FFF731F9CAE71D
:107730000020FFF73FFD104B1B6813F0010F02D133
:107740000C4B02221A661CB10A4B0022C3F880219E
:1077500038BD0120FFF72EFDEDE7FFF757FDEAE703
:10776000FFF790FDE7E7FFF7ADFBE4E700300E40E1
:107770000F50002000400E40283400200000C64377
:1077800024340020105000204C200020074A1368A9
:1077900023F44073417843EA012313604378022BBA
:1077A00000D07047024B5B6AFBE700BF00300E4021
:1077B00000400E4038B50446F8B9FFF705FE184AF8
:1077C000136943F00403136117F0D5F917F0D4F9E6
:1077D000144B154AC3F8242403F559231B6813F0EE
:1077E000100F0ED130BF17F0C8F903F0BBFB8CB1FE
:1077F0000120FFF721FF84B138BD0020FFF71CFFF7
:10780000DBE717F0D0F805461BF0E6FF284617F037
:10781000CEF8E8E7FFF700FEEDE7FEF705F9EBE746
:1078200000ED00E000A000400000FFFF38B5044676
:1078300050BBFFF7C9FD1E4BD3F8802145F60E0162
:10784000C3F880114FF42071196612F0010F02D0B5
:107850000022C3F88021174A136943F0040313611F
:10786000154B164AC3F8242417F085F9144B1B68EE
:1078700013F0100F0CD130BF03F074FB8CB101205A
:10788000FFF7DAFE84B138BD0020FFF7D5FED0E760
:1078900017F089F805461BF09FFF284617F087F878
:1078A000EAE7FFF7B9FDEDE7FEF7BEF8EBE700BF4B
:1078B00000400E4000ED00E000A000400000FFFF8F
:1078C00000300E40134B9A6922F03F020378D3B187
:1078D00004234178C9B102210B438178B9B1082151
:1078E0000B43C178012900D000210B4301790B43E0
:1078F0001343084A9361136823F44033417943EA00
:107900000143136070470023E3E70021E4E700210F
:10791000E6E700BF00300E40174BDB6B13F0400F63
:1079200029D170B504460D46FFF73AFDA04218D0A4
:10793000124BD3F80031FEF74BF80646022C11D05B
:10794000C4F10202102393400B4A136145B1D36B7B
:1079500013F0400F04D10A4BD3F8C830002BFAD1F2
:1079600024B170BD0221FFF713F8E9E7002130468A
:10797000FFF70EF8F5E7704700300E4000400E406C
:107980000000C64338B5114BDB6B13F0400F0BD131
:107990000C4650B10E4B1B7813B10E4B98420FD9C9
:1079A00021460020FFF7B8FF38BD0B4BD3F800513C
:1079B000C5F304250135FEF70BF805FB00F0E9E7F8
:1079C00021460220FFF7A8FFEEE700BF00300E407F
:1079D0002C340020002D310100400E4008B5027803
:1079E000034B1A7001210020FFF7CCFF08BD00BF38
:1079F0002C34002010B42C4B5A6B4AF6E8515963D2
:107A0000294B9B6F13F0010FFAD1274B1B6C13F01E
:107A1000030303D025490124C1F8B44AD9B28142F5
:107A200021D0032B00D01BB9431EDBB2012B21D97F
:107A30001D4B9B6F13F0010FFAD11B490B6C23F008
:107A4000030303430B64184B9B6F13F0010FFAD130
:107A5000003818BF0120154BC3F8B40A012A1FD003
:107A60005DF8044B70470028FAD1104B0022C3F890
:107A7000B42AF5E70C4B4FF40021D9620A4B9B6FF7
:107A800013F0010FFAD108490B6C23F0030343F004
:107A900001030B64044B5B6A13F4002FFAD0C7E7B1
:107AA000014B00225A63DBE700300E400000C64362
:107AB0002DE9F04F8DB000910192002309930A93B4
:107AC0000B93069307930893039304930593654AD6
:107AD0001288ADF808208DF80A30A0F5E163B3F5FF
:107AE000966F00F2AE800646B0F5E16F8CBF4FF0A6
:107AF00001094FF000096DD94FF4966A4FF4E16423
:107B0000B6F5E16F6BD9584BD3F8183208931A0EBB
:107B10000592C3F307430893544DEF6CC7F3017705
:107B20008DF808703B464A4603A906A8FFF71EFDDC
:107B3000D5F8EC30C3F301288DF8098043464A4656
:107B400004A907A8FFF712FD321B089B0599C91A63
:107B500002FB01F1B1FBFAF10B9119440B91DDF835
:107B60000CB0DDF818C0ABEB0C0502FB05F5B5FB5E
:107B7000FAF5099565440995DDF810E00798AEEB34
:107B8000000404FB02F2B2FBFAF20A9284180A948F
:107B9000059A8A4259D38B4259D8A64559D3A04257
:107BA00059D8AB4559D3AC4559D8019B73B12F4B2C
:107BB000DB6D23F4FE4323F0020343EA0123B6F511
:107BC000E16F16D902221343284AD365009B93B96B
:107BD000012037E04FF4167A4FF4966490E7224B79
:107BE000D3F818320893C3F307220592DBB2089347
:107BF00092E70022E7E7002239464846FFF77CFC7F
:107C000000B3012241464846FFF776FCD0B1A542B9
:107C100038BF25460995E72D28BFE7250995134B61
:107C20005B6E23F4FF7323F0010343EA4503B6F5CB
:107C3000E16F04D9012213430C4A536602E000228B
:107C4000F9E700200DB0BDE8F08F0020FAE7002032
:107C5000F8E70020F6E70020F4E70020F2E7002034
:107C6000F0E700BF406302000081E00F00300E40EB
:107C700008B5214B1A6FDB6C13F0010F09D012F01D
:107C8000060F06D013281FD9143813281ED808232E
:107C900023E0194BDB6C13F0010F09D112F0060F32
:107CA00006D1092814D90A38092813D8082314E062
:107CB000114BDB6C13F001030FD012F0060F0BD148
:107CC000272817D8082308E0042306E0102304E03F
:107CD000042302E0102300E00023013B1A0342EAE0
:107CE00003220549CB6C23F47F431343CB64FFF796
:107CF000ABFB08BD1023F0E700300E4008B5074B82
:107D0000D3F88039064A136F23F007030343136740
:107D1000044B1888FFF7ACFF08BD00BF0000C64346
:107D200000300E40424F002008B5084AD36E43F0A1
:107D30008073D366064BD3F880391BB10420FFF75C
:107D4000DDFF08BD0020FFF7D9FFFAE700300E4045
:107D50000000C64338B5304B02229A639B6B03F098
:107D60000F03934254D10446B0F90C10C3884A2B38
:107D700009D9B3F5FA7F41D340F6C312934240D8F4
:107D80004FF0005200E00022234BDB6C23F0405305
:107D900023F00103002937DB01210A4313431E4A64
:107DA000D364D2F8EC3043F44073C2F8EC30A288CC
:107DB0001A4B1A80FFF7B8FFB4F90C102089FFF7AF
:107DC0007FFBA088FFF754FFA07BFFF783FB012216
:107DD00011466088FFF76CFE0546D0B10E4AD36BA2
:107DE00043F48063D3636078FFF704FEA37A202B0B
:107DF0000CD000220A4BC3F894270AE04FF08052BF
:107E0000C2E74FF04052BFE70021C6E70122F1E789
:107E10000025284638BD00BF00300E40424F0020EC
:107E20000000C643044AD2F8443423F0030303435A
:107E3000C2F84434704700BF00A00040F8B50D46BA
:107E400014461E46072A2AD8930000FA03F20F218F
:107E500099401D4816F09CFE0027072C2AD8A10047
:107E600005F003028A40032303FA01F1174816F0D4
:107E70008FFE174A224492001660164B23449B0043
:107E80009DF818201A600123A340134AC2F8243435
:107E9000124B23449B009DF81C201A60F8BDA2F1F0
:107EA0000807BB0000FA03F20F2199400C4816F0B6
:107EB0006FFED2E7BF0005F00302BA400321B940CC
:107EC000084816F065FED4E700A4004008A400406E
:107ED00080208510A020851000A000404021851042
:107EE00004A400400CA40040F8B504460D461E460C
:107EF00017463AB1FBB100EB400109010122AA404B
:107F00001D4B5A50072D1ED8A90004EB44031B013A
:107F100007FA01F20F2000FA01F11848184416F090
:107F200037FE3FB9FEB104EB440424010122AA400C
:107F3000114B1A51F8BD00EB400109010122AA4082
:107F40000F4B5A50DEE7A5F108039B0004EB440CED
:107F50004FEA0C1C07FA03F20F21994009486044CC
:107F600016F016FEDDE704EB440424010122AA40CA
:107F7000034B1A51DEE700BF0CA0004604A00040EE
:107F80000CA0004408A0004002B97047F8B50446B0
:107F90000E46174603F00305036823F4407303609D
:107FA0002A024FF4407116F001FE2EB9124B9C428A
:107FB00017D0124B9C4219D02368114B5A5D07FB16
:107FC00002F26AB1A6EBC7031344013BB3FBF2F321
:107FD000013B226812F0020F01D003B90123236193
:107FE000F8BD0848FEF7A2FE0646E5E70648FEF79C
:107FF0009DFE0646E0E700BF00C0004000C4004010
:1080000044630200008204000092040038B5054673
:108010000C46002303640B4BC3634A7882F00102D1
:1080200000F1424303F58013DB0001339B001A602B
:108030000B7B8A684968FFF7A7FF2178284616F06E
:10804000C3FD38BDFFFF070008B5094B4FF40072B0
:10805000C3F88020BFF34F8FBFF36F8F054B002114
:10806000D96619624FF4AA40FEF7A2FC08BD00BF12
:1080700000E100E000200E4081F00101024B0344CA
:108080009B001960704700BFA001F11010B50446B5
:1080900001214FF4AA40FEF78BFC23786178A27887
:1080A00042EA012242EA03620B4B1A6000221A6282
:1080B000DA625A634FF00042DA664FF0FF329A6696
:1080C000064A4FF40071C2F88011E3785B01DBB21D
:1080D00082F80933116010BD00200E4000E100E07D
:1080E00070B50C46C3B201259D40254EB5660B68A0
:1080F00000EB400106EB0111C1F88030637BC1F851
:10810000883094F80AC0E37A1B0543EA0C4394F8DC
:108110000CC043EA4C53C1F8843022F00302C1F88A
:10812000982016F04FFCF36E2B43F366237A13B1BD
:10813000736B2B437363637A1BB1114AD36A2B436E
:10814000D3620F4B1B68227922B1D243120262F430
:108150007F42134062790AB143EA0223A2791AB13D
:10816000D24362F0FF021340E27902B11343044AA2
:108170001360044B9D62D56316F02AFC70BD00BFEE
:1081800000200E4000200E4410B5C0B201248440EF
:1081900016F018FC044AD36E23EA0403D366034B9B
:1081A0001C6216F015FC10BD00200E4000200E448D
:1081B00010B5C0B20124844016F004FC084B1B6AC1
:1081C000234205D1064B9B6A9C4306D0002400E065
:1081D000002416F0FDFB204610BD0124F9E700BF86
:1081E00000200E40054B5A685B68054B41F6713222
:1081F0001A649A6822F001029A60704700300E40BB
:1082000000000E40034B9A6822F001029A6000229F
:108210001A64704700000E400C4B0D4AD26912F0F0
:10822000010F02D00BB1013BF7E74BB1084B1861CE
:108230000122DA60DB6913F0040F04D100207047DB
:108240006FF0020070474FF0FF3070478096980043
:1082500000000E408C46E9B900207047013B124AED
:10826000D26912F0010F04D0002BF7D16FF0020099
:1082700070479BB10C4BDB6913F0020F11D16145C4
:108280000AD250F8042B084B9A6101310822DA60B7
:10829000064BE4E70021F2E7002070476FF0020090
:1082A00070476FF00100704700000E408096980004
:1082B0002DE9F04780460E46254B196C1FFA81F9CF
:1082C00041F671311964234948684968996841F059
:1082D00001019960970800231D4614E01C498A6833
:1082E00022F001028A60B9F1000F2DD00A46002168
:1082F000116429E051463046FFF7ACFF0346C0B990
:10830000554406EB8A06BD4213D208EB850420468D
:10831000FFF782FF03460028E0D1C4F30A04C4F546
:108320000064A308A7EB050ABAEB940FE2D39A46C0
:10833000E0E707498A6822F001028A60B9F1000F7C
:1083400002D00A46002111641846BDE8F08700BF3C
:1083500000000E4000300E4010B42B4B196C89B257
:1083600041F671321A64294A546852689A6842F098
:1083700001029A6018610122DA60DB6913F0040FD0
:108380000BD1214B0222DA60214B1F4AD26912F035
:10839000010F0ED06BB1013BF7E71B4A936823F046
:1083A0000103936011B1134600221A644FF0FF30AD
:1083B0000DE0154AD26912F0020F0BD1B3B1124A87
:1083C000936823F001039360E1B1002010645DF82D
:1083D000044B70470C4A936823F00103936011B17A
:1083E000134600221A646FF00100F0E7064A936812
:1083F00023F00103936011B1134600221A646FF059
:108400000200E4E70020E2E700000E4000300E40EA
:1084100080969800014B01229A60704700500E40F0
:1084200010B4184B5C68002318460BE0B2F5803F8F
:1084300021D0154A52F83320224202D0214200D1E5
:1084400010430133082B19D80F4A02EBC3025168BD
:108450000E4AD2F8E82112F0040FEAD10A4A52F883
:108460003320B2F5006F06D0E0D8B2F5007F02D01D
:10847000B2F5806FDDD141F48071DAE75DF8044B2D
:10848000704700BF00500E40486302000040E00FFC
:108490004A790B7891F801C043EA8C0391F802C045
:1084A00043EA8C1391F803C043EA0C1391F804C01B
:1084B00043EACC2343EA02338A7943EA4243043055
:1084C0000001014A1350704700200440014B18601E
:1084D000704700BF00008442037813B30123427841
:1084E0000AB3042213438278FAB110221343C278EC
:1084F000EAB120221343027943EA0223427943EA94
:1085000002338279AAB14FF400421343C27943EA9D
:108510000243027A7AB14FF400321343074A1360E0
:1085200070470023DBE70022DCE70022DEE70022C1
:10853000E0E70022E9E70022EFE700BF0020044067
:108540000D4AD2F8E4309B0003F03C03D2F8E0106F
:10855000C1F381110B438370D2F8E03003F03F0385
:108560004370D2F8E83003F0F003D2F8EC20C2F305
:10857000031213430370704700FF0FE0024BD3F860
:10858000F000D3F8F41070470081E00F024BD3F8ED
:10859000FC00000E704700BF0081E00F044BD3F8D1
:1085A000E4301B0E0A3303F01F030120984070478C
:1085B0000081E00F70B5054616461C460846D1B14D
:1085C000402C20D01BD804B3202C13D1082306FB49
:1085D00003F2530803EB4013B3FBF2F3203B0C4AC6
:1085E00002EAC3032A6822F060022A602A68144360
:1085F0002C606B6170BD0748FEF798FBE0E7602CCC
:10860000F8D10423E3E70623E1E71023DFE700BF07
:10861000F8FF7F004041050038B5054614460B467B
:1086200031B1013B6400B3FBF4F31B026B6138BD55
:108630000248FEF77BFB0346F3E700BF404105001D
:1086400040F6AA63C3600023036041F20502426062
:1086500083604361C364134A82640366436783672C
:10866000C367114B98420BD003F58063984207D043
:1086700003F58063984203D003F58063984201D1EB
:10868000002303650023836503F1804303F58233F0
:10869000984203D003F50063984201D10023C365DB
:1086A000704700BFF9FF01000000014038B50446E3
:1086B00019F0D9FF054DA446BCE80F000FC59CE892
:1086C0000F0085E80F00002038BD00BF30340020C7
:1086D00047F6FF739A4200F08480062900F28380F7
:1086E00070B5444B13F801E0BEF1020F7DD8424B48
:1086F00003EBCE0191F802C0BCF1010F38BF4FF07F
:10870000010C604613F83E30012B26D03A4B03EBA8
:10871000CE035C68002C6AD0B4F90030934204DBCD
:10872000B4F90230934200DC1346A288FF2A2CD011
:1087300000212826C8221D46D21A92FBF6F20A44CE
:1087400012B22D4B03EBCE0393F801E0964501DD09
:10875000002A2FDA0EF1FF322CE0CB78A3EB0C03CA
:1087600000249C420ED2191BA3EB5101224800EBBE
:10877000CE00406830F91100904201DC0C46F0E771
:108780004B1EEEE76344D8B230E0B4F90620B4F9EA
:1087900008600121CFE75C331849A1FB03139B0953
:1087A000013212B2164696450FDD04EBC2018988EC
:1087B00099420AD304EBC2018B68B1F9061001FBA0
:1087C0000533002BE7DA0023E5E7013E04EBC6049E
:1087D000A2889A4200D31A46624500D31046C0B21E
:1087E00004E0FF20704700207047002070BD00208B
:1087F000FCE700BF9063020030340020D34D6210CC
:10880000062975D83E4B5B5C022B73D83D4911F8A5
:108810003310012923D0002A6ED010B4394901EB5E
:10882000C3014C68002C69D0201D364901EBC301FF
:10883000897891422FD2334901EBC301C978914223
:108840002ED9304901EBC30393F801C00CF1FF3C72
:108850005FFA8CFCA388FF2B25D0002327E0294951
:1088600001EBC301C978914200D20A46254800EBCA
:10887000C300807801282CBF121A02F1FF32D2B255
:10888000091A8A4200DD00221E4901EBC3035B681E
:1088900033F912007047B4F902005DF8044B7047D9
:1088A000B4F90000F9E7012301E00133DBB26345CD
:1088B00004D2591C30F831109142F6D24FF47A713B
:1088C00001FB02F200EBC3004368D31AB0F90220A7
:1088D00002EBD27103EB610393FBF2F3B4F90000F6
:1088E0009842DADBB4F902009842D6DC18B2D4E739
:1088F0000548704704487047044870470248CCE771
:1089000090630200303400200080FFFF0CFEFFFF68
:1089100008B50348FFF7CAFE012019F0ECFE08BDB8
:10892000986302000048704790200020004870477C
:108930008820002000B587B00023019302930393A1
:108940000493059302238DF804300D4B0293062205
:108950008DF80C2001238DF80D300C218DF80E10B0
:108960008DF812208DF813300D238DF8143001A9E5
:108970004FF0FF3019F081FF07B05DF804FB00BF36
:10898000006A1800024B0122C3F800260148704714
:108990000010C84300000F400A4B984206D003F570
:1089A0008063984200D07047012200E00022064B0D
:1089B00003EBC2035A68054B13449B0000221A6064
:1089C000F1E700BF00000F40506402008005F21084
:1089D00000F01F0201239340A0F50620A0F550608F
:1089E0004009074951F820201A4341F82020054941
:1089F00051F8202022EA030241F82020704700BFEE
:108A0000643400205034002000F01F0CA0F5062034
:108A1000A0F5506040090F4951F82030012202FAB8
:108A20000CF2134341F8203000231A4604E00A49AF
:108A300051F823100A440133042BF8D902B17047CE
:108A4000042A05D8034B002143F822100132F7E72E
:108A5000704700BF503400206434002000F01F0C29
:108A6000A0F50620A0F550604009054951F82030D6
:108A7000012202FA0CF2534041F82030704700BF47
:108A8000643400202DE9F041A2B0402422460021A8
:108A900012A81AF074FC2246002102A81AF06FFCFA
:108AA000214F23E0DFF88C8029E022AB03EB840325
:108AB00053F8400CFFF78CFF0134AC42F5D3CDF8EE
:108AC00000803B46102202A91848006819F0E7FA16
:108AD0000546002407E022AB03EB840353F8800C27
:108AE000FFF792FF0134AC42F5D33746104B9F425B
:108AF00013D807F110060F4B9E42D3D8B04608F1A9
:108B0000FF38CDF800803B46102212A907480068C4
:108B100019F0BCFA05460024CFE7074B01221A7072
:108B200022B0BDE8F08100BF006D08008020002069
:108B3000FF70080000710800115000202DE9F0417D
:108B400084B006460D461C4617460AB10023136042
:108B50000CB1002323601023009300232A463146E2
:108B6000114800680CF014FA8046C8B90FB1102300
:108B70003B602A680D4B9A4210D18FB184B12346D5
:108B800003AA3146084800680CF026FB20B9236888
:108B90003A689B1A236003E0804601E0DFF810800A
:108BA000404604B0BDE8F08180200020105D175ED3
:108BB000FFDF00F02DE9F0478046894617461E4644
:108BC00016F01DF9524CA4FB0034E40804EBC41465
:108BD000041B04F5062404F550644E4B1B7813B1B6
:108BE0000025AA464EE0FDF7F5FD00287DD1FFF7F0
:108BF00049FFF5E7BAF1000F00D1A246A4F506241B
:108C0000A4F6FF44424BA3FB0423DB0803EBC3138E
:108C1000E31A03F5062404F5506432E00A9B1C6055
:108C200000204FE0099B089A31462046FFF786FF57
:108C3000394B984209D01233984206D060B1374B75
:108C4000984209D06FF091003CE02146344B1868FF
:108C50000CF006FB00284ED1B268F3684B4508BF04
:108C6000424531D0A4F50624A4F6FF44284BA3FBCB
:108C70000423DB0803EBC313E31A03F5062404F50E
:108C800050640135802D27D8A4F5062CACF5506C26
:108C90004FEA5C1C234B53F82C3004F01F02D340E6
:108CA00013F0010FBED1204B53F82C30D34013F0FA
:108CB000010F9FD1E7B1BAF1000FAFD00A9BC3F803
:108CC00000A00020BDE8F08717B17368012B15D014
:108CD0000A9B1C600020F5E79FB1BAF1000F13D08A
:108CE0000A9BC3F800A00020ECE76FF09100E9E7D1
:108CF0006FF08B00E6E76FF08B00E3E76FF0840026
:108D0000E0E76FF08B00DDE76FF08B00DAE700BF84
:108D1000813FE00F11500020FFDF00F0FEDF00F088
:108D20008020002064340020503400202DE9F04FD2
:108D300087B006460D469846DDF840A091462AB118
:108D4000002B52D040F26C739A4251D8BAF1010F05
:108D500051D80023059309F110073946012017F077
:108D600076FB0446002849D03A4600211AF007FB5A
:108D700005AB029300230193009323460122304662
:108D80002946FFF717FF8346F0B91E4B2360A66004
:108D9000E560C4F804A0B9F1000F1BD13B462246A0
:108DA0000599194800680CF05BF8D0B16FF0910B91
:108DB0003A46002120461AF0E2FA204617F057FB07
:108DC000584607B0BDE8F08F10F18C0FF0D16FF06E
:108DD0008D0BEDE74A46414604F110001AF008FAFF
:108DE000DCE70598FFF7F4FDE2E76FF0860BE7E7B5
:108DF0006FF0910BE4E76FF0850BE1E76FF08C0B00
:108E0000DEE700BF105D175E802000202DE9F041F5
:108E10008CB01446129D139F1E4663B1002F44D0A0
:108E2000002D45D0B5F1005F45D3C3F1005303F5E4
:108E300080239D4242D80022089209920A920B9206
:108E40000792069205AB029307AB019306AB009322
:108E500008ABFFF7AFFE8046D8B9079B36B1A342F7
:108E600006D8E3B924B16FF0860812E0A34219D303
:108E70001B1BB34211D23B603B680093069B23440B
:108E80002A4605990F4800680CF082F808B16FF087
:108E9000910840460CB0BDE8F0813E60ECE76FF011
:108EA0008608F6E76FF08608F3E76FF08608F0E7CC
:108EB0006FF08608EDE76FF08608EAE76FF0860846
:108EC000E7E700BF8020002010B58CB00022089298
:108ED00009920A920B920792069205AB029307AB96
:108EE000019306AB009308ABFFF764FE044670B92C
:108EF000099B012B0ED00599094B18680CF0B0F9AD
:108F000058B90598FFF7AAFD0598FFF77DFD2046A3
:108F10000CB010BD6FF08404F9E76FF09104F6E730
:108F200080200020074B5B685BB182B0054BD3F813
:108F300000310193019B034B5B68002BF6D102B01B
:108F40007047704700D00140144B5B6810F0030F6E
:108F500006D018E0114BD3F8003140F8043B043937
:108F60000329F7D8C1B10D4BD3F8003112E00B4BF8
:108F7000D3F8003103701A0A42701A0C82701B0E6B
:108F8000C370043904300329F1D8EBE700F8013B42
:108F90001B0A01390029F9D1704700BF00D00140F8
:108FA00010B5002403E0124B5B68FBB90134092CB7
:108FB00014D80F4A136843F48071116023F480734E
:108FC00013600C48FDF7B2FE800A0023084A52687D
:108FD000002AE8D18342E6D20133F7E7044A136856
:108FE00023F0010313606FF0920010BD0020FCE736
:108FF00000D001407000020008B50D4B40F27162D4
:109000001A60FFF7CDFF90B9094B5B68032BFBD9C2
:10901000074BD3F800211A61D3F800215A61D3F825
:1090200000219A61D3F80021DA61FFF7B9FF08BD8A
:1090300000D0014010B50E4B1C6B14F45C7F11D0B6
:1090400014F4807F06D1FFF7ABFF10B914F41C7F36
:109050000AD110BD24F480741C63FFF763FF6FF026
:109060009300F6E70020F4E76FF09300F1E700BF0C
:1090700000D001402DE9F04F83B001900F4691469A
:1090800015F0ECFE0446002856D1344AD2F8C03020
:1090900043F40033C2F8C030314B1B6813F0010FAA
:1090A00007D0DDF804A03E464FF0000B4FF00A0851
:1090B0002BE0FFF7A1FF04460028F2D03CE029484E
:1090C000FDF734FEC00A844204D2254B5B680BB91D
:1090D0000134F8E7224B5B68E3B9D84637466FF0B6
:1090E000930423E0DDF804A03E464FF0000B0CE0B3
:1090F0001B4B5D68AD00B54228BF3546294650463A
:10910000FFF722FFAA44AB44761BCEB1144B5C6838
:10911000A400D4D0FFF78EFF044610F1930F12D0B5
:1091200010F1940FE4D1B8F10108DBD114B114F1BE
:10913000940F0BD1C9F80080204603B0BDE8F08F32
:10914000D8463746F2E7D8463746EFE73A46002199
:1091500001981AF014F94FF00008EBE700400E40B8
:1091600000D00140700002002DE9F04F8FB0049054
:1091700005919346DDF868A0DDF86C901C464BB174
:109180001B68009300250A950B950C950D95574685
:10919000A246AEE000230093F4E7FFF7F3FB04469A
:1091A000002343604FF44043036015F0FCFB064688
:1091B000059B102B19D010220499204615F0A2FC13
:1091C00004F1840301931899184615F045FC3046C4
:1091D00015F0EDFBABEB05031B09DDF80080CDF8C6
:1091E00008B0CDF80CA09A460CE00822E4E70AA9E2
:1091F00004F1800015F04EFC304615F0D8FB103518
:1092000008F10108D04520D215F0CDFB0646464BAB
:109210002365236913F0010FFBD1791904F1A00034
:1092200015F01AFC0F2DE2D9A5F1100B09EB0B0E6E
:109230000DF1280CBCE80F0049F80B00CEF8041023
:10924000CEF80820CEF80C30D1E7DDF808B0DDF814
:109250000CA07B1906AE785959689A68DB680FC66E
:109260000F2D34D9A5F1100E09EB0E0C0FCE49F8D5
:109270000E00CCF80410CCF80820CCF80C30009E7E
:10928000DDF864800DE006F138036B4413F8203CF0
:1092900018F80620534009F80530013606F00F068D
:1092A00001355D4517D0002EEDD115F07CFB009007
:1092B0001D4B2365236913F0010FFBD1414604F1D7
:1092C000800015F0E7FB009815F071FBDBE7009ECE
:1092D000DDF86480E5E7009615F065FB0646189911
:1092E000019815F0D7FB304615F061FB2046FFF7DB
:1092F00053FB5D450FD2009900293FF44EAF7B5DD3
:10930000199A525C534009F805304E1C06F00F03C1
:1093100000930135EDE7544614B1009BCAF80030C4
:1093200000200FB0BDE8F08F480503012DE9F0459E
:109330008DB0DDF85880179F189E002900F0E1805D
:1093400005461C468A46002A00F0DE80B8F1000F70
:1093500016D0D6B11A9B002B00F0D980734B9C42DB
:1093600020D018D9724B9C421CD003F580739C42CC
:1093700018D0A3F500739C4214D06FF0850040E034
:10938000002FE6D06FF086003BE0199B002BE1D068
:109390006FF0860035E0674B9C4203D003F54073C5
:1093A0009C4231D12B88B3F5105F40F0B3806B88BD
:1093B000B2EBD30FC0F0B180802B03D0B3F5807F28
:1093C00040F0AE803FB3B0450DD208EB0703B34287
:1093D00009D9199B9F4200F2A6803A464146304681
:1093E00019F0B3FFB0466D88ED08504B9C4233D066
:1093F00003F540739C422FD04F4B9C420FD06FF02F
:1094000085000DB0BDE8F085A3F580639C42C9D00E
:109410006FF08500F5E700201A9B1860F1E7199BB3
:109420009F4257D817F00F0457D16FF09203BC42F8
:109430000CD23319009308EB04030122294650464D
:1094400015F00EFD034618B91034F0E71A9A1760AC
:10945000002B4BD10020D4E7199B9F4240D8374BBB
:109460009C421AD0159B102B3DD108AC149B186858
:1094700059689A68DB680FC40396CDF8088004AB7E
:10948000019308AB009300233A4629465046FFF764
:109490006BFE58BB1A9B1F60DCE7159B0D2B02D09F
:1094A0006FF08600ADE701238DF82030149A106824
:1094B00051689268CDF82100CDF82510CDF829200B
:1094C000149A127B8DF82D2000228DF82E208DF815
:1094D0002F30D1E76FF0860093E76FF0860090E7BA
:1094E0006FF086008DE76FF086008AE7199A0021F9
:1094F000304619F044FF00231A9A13606FF092006F
:109500007FE76FF086007CE76FF0860079E76FF009
:10951000860076E76FF0850073E76FF0850070E7EF
:109520006FF085006DE76FF086006AE70010C004F9
:109530000012C00400414004004440040013C00471
:109540002D2822D8DFE800F0172121212121212117
:1095500021212121212121212121212121212121FB
:109560002121212121211B212123212121211D21F3
:109570002121211F211907487047074870470748D4
:1095800070470748704707487047074870470748C3
:10959000704700BF04660200886402009C640200F9
:1095A000C4640200DC640200FC6402006064020027
:1095B00010B504464FF42F72002119F0E0FE80230D
:1095C000C4F88C30054BC4F88430012384F888300B
:1095D00004F19C0015F0CAF810BD00BF0C65020034
:1095E00010B503460846D3F8A0202AB1D3F8A4103A
:1095F00090470024204610BD184615F040FF044651
:109600000028F7D0FFF79CFF0146024816F0A1F8AA
:10961000F0E700BF2C3A02002DE9F04190F880609D
:109620001EB100263046BDE8F081054615F07AFCF3
:109630000028F7D1012385F8803095F888300BB9E0
:10964000B0461BE0002385F88830D5F884101F4809
:1096500016F07FF8F4E716F060F8044617E02846A5
:1096600015F05DFC3946284600F0E4FB064601E0B3
:109670004FF00108B4F1FF3F12D08EB9D5F8B442D3
:10968000B4F1FF3FE7D04FF0FF33C5F8B432B4F187
:10969000FF3FEDD014F0FF07E1D14FF00108E9E7FB
:1096A00026B9002385F880304646BBE7284615F0EA
:1096B0004BFC95F88830002BF3D0D5F88410034884
:1096C00016F047F8002385F88830EAE710650200B5
:1096D000F8B506460D4617460B78302B0DD04FF0E7
:1096E000000C15F80C30002B4AD0364CE35C13F01C
:1096F000040F65D00CF1010CF3E74B78782B04D004
:10970000582B0CD04FF0000CEBE70222AB5C43B1BE
:109710002C49CB5C13F0440F50D00132F6E7022203
:10972000F4E7724206F0030302F0030258BF53420B
:10973000032B16D1284619F07BFD0238013608D4D8
:10974000B310B0EBA60F06D09842ACBF00200120AA
:1097500037E00336F4E7A87837288CBF00200120D3
:109760002FE0284619F064FD831E3246002E05DBEB
:10977000B3EBA20FD4BF0120002022E0F21CF7E7D8
:109780000A220021284613F0B9FB02460C46202E7F
:1097900010D027B1084302D0013A61F1000401233F
:1097A000B340013B1340002C08BF93420CBF012083
:1097B000002006E0B1FA81F0400902E0002000E05C
:1097C0000020F8BD138D020003787B2B1CD14FF0D5
:1097D000000C0122835C7D2B0ED00E49C95C11F078
:1097E000440F03D00CF1010C0132F3E7202B01D020
:1097F000002070470132EDE71044437833B91CF084
:10980000010F05D1012070470020704700207047EC
:1098100000207047138D0200212816D821283AD83D
:10982000DFE800F0113B191B1D1F2123393939399D
:10983000393939392527292B2D2F31333939393900
:1098400039393939353718487047FE2827D0FF286D
:1098500027D1164870471648704716487047164873
:1098600070471648704716487047164870471648A4
:109870007047164870471648704716487047164894
:109880007047164870471648704716487047164884
:109890007047164870471648704716487047164874
:1098A00070471348704700BFCC650200C8650200CE
:1098B000246502002C650200346502003C6502004C
:1098C000446502004C650200506502005C650200C0
:1098D00068650200746502007C650200886502000C
:1098E00094650200A0650200A8650200B46502004C
:1098F000146502001C650200C065020070B50646D2
:109900000D4619F095FC0446304615F022FF03E0A1
:10991000034815F01EFF0134AC42F9D370BD00BFFF
:10992000D46502002DE9F84F044602213248FFF7C2
:10993000E5FF1E212068FFF7E1FF6368586815F016
:1099400008FF2E4815F005FF63681A7BFD2A51D8E1
:1099500003F10C09D3F808A0504619F069FC8046C1
:109960004FF0FF34002510E02B2015F0E6FE36E026
:1099700015F0E3FE01341AF804001F2801D0444515
:10998000F6DB1E4815F0E5FE0135AB4619F805601B
:10999000FF2E2FD03046FFF73FFF0746B8F1000FEC
:1099A00000DD0134202EEFD0134E02213046FFF7A8
:1099B000A5FF1E213046FFF7A1FF114815F0C9FE93
:1099C0001049384619F00AFC00B90F4F39460F48C4
:1099D00015F0BFFECB449BF80130202BC4D00C48BF
:1099E00015F0B7FEB8F1000FCBDD1AF804301F2BCD
:1099F000C7D0C0E7BDE8F88F04660200B068020077
:109A0000DC650200B4650200D86502001065020042
:109A1000E06502002DE9F04F93B081460691079270
:109A20001C4603931C9E19F003FC80460023236010
:109A300033600AAA09A9484615F0B3FE002840F091
:109A4000C4800A9819F0F4FB2060D9F89C500023D8
:109A50001C4605939A460495A7E000242AE00134A9
:109A600028E0099B013B534551D00F6834680298A8
:109A700019F0DEFB04440134346001E0013333604B
:109A8000336819F80320002AF8D00AF1010A019C72
:109A900010E0059B013305932A46DDF81CB05946BA
:109AA000069D284614F09AFE4B4A5946284614F063
:109AB00095FE013404EB440307EB830B57F8233086
:109AC000002B37D0099B534534DB9BF80830002B23
:109AD000C5D1D9F894203368D21A039B1A6012AB0F
:109AE00003EB8A0353F8203C0293DBF8005029462D
:109AF000184619F08BFB01900028DAD1284619F09E
:109B000097FB0090DBF804100A7BFE2AA9D0D9F855
:109B1000943030681B1A009883420EDC069819F0C6
:109B200087FB009B03447B2BB3D92C4A07990698EB
:109B300014F054FE4B4642462CE0FE2AB9D1099B54
:109B4000013B5345B5D10F680094CDF808A0019CA6
:109B5000059DDDF818A0DDF81CB004EB440357F8B0
:109B600023205AB15946504614F038FE1A4A594635
:109B7000504614F033FE01350134EEE7009CDDF869
:109B800008A00595C6F800800023039A1360D1E76A
:109B90000133013A002A05DD19780029F8D1202186
:109BA0001970F5E7049B1B680493049B7BB1049B2D
:109BB0009F68002FF6D019F80430202B7FF44DAFAA
:109BC0003368013333600134F5E7002305930598CA
:109BD00013B0BDE8F08F00BFD4650200E465020059
:109BE0002DE9F04786B004460F4616461D46DDF8BF
:109BF0003890DDF83C8000238DF817302B6089F811
:109C0000003088F800302B6852F82310164815F001
:109C1000B0FB40B92B6801332B604FF0010AD4F838
:109C20009C40002003E04FF0000AF8E7246894B15C
:109C3000A0680028FAD0CDF80C80CDF808900195E6
:109C400000963B460DF11702002115F096FB9DF89A
:109C50001730002BEAD0BAF1000F02D0012388F8A8
:109C6000003006B0BDE8F087EC65020070B5ADF5D8
:109C7000447D04460021A4917C22A5A819F07FFB15
:109C8000A3AB0093A2AB8022A4A92046FFF7C2FE9B
:109C9000012804D0012840DC0DF5447D70BDA4A846
:109CA00019F0C6FA0546A299431AA39A0A44224417
:109CB000A4A8014404E011F8010B02F8010B013BD8
:109CC000002BF8DC00231370D4F890600AE0D4F87D
:109CD0009010204615F077FCD4F890300133C4F88A
:109CE00090300136A29AA39B1344B342EFDCD4F820
:109CF0009430AD1A2B44C4F89430D4F890302B44EF
:109D0000C4F89030A4AB9C1804E014F8010B15F0D3
:109D100014FD013D002DF8DCBEE78022002102A8E1
:109D200019F02DFB4FF40072002122A819F027FB37
:109D30000125002300E0013303F544726A4412F860
:109D4000802C3AB1202AF6D15A1C22A941F82520AC
:109D50000135F0E722AA42F82530A4A819F068FAE4
:109D6000002115E0013222AB53F82230834209D0A2
:109D70000B4403F544736B4413F8803C6345F1D006
:109D8000002300E0012363B102AB03F801C00131FD
:109D90008D4209DB01F544736B4413F880CC00223B
:109DA000E1E702AB00225A54D4F890500AE0D4F80C
:109DB0009010204615F007FCD4F890300133C4F819
:109DC00090300135A29BAB42F1DC2346174AA4A98F
:109DD000174815F0BEFC02A819F02AFAA29AA39B14
:109DE0001344E11802AB9D18821A0EE015F8013BEE
:109DF00001F8013BD4F890300133C4F89030D4F826
:109E000094300133C4F89430013A002AEEDC002388
:109E10000B70A29C02AB1D19041B04E015F8010B8A
:109E200015F08BFC013C002CF8DC35E70C650200DA
:109E3000F46502002DE9F04104460D46D0F890701B
:109E4000D0F8946090F89830012B0AD0012B0ED9ED
:109E5000022B00F0BC80032B00F0C8800020BDE87E
:109E6000F0810A29F2D1002084F89800F7E71B2D31
:109E700026D00D2D29D0002384F89830082D28D025
:109E80007F2D60D00D2D7ED00A2D7CD0092D00F0C5
:109E90008780D4F88C30013BB34240F3DA80B7427C
:109EA000C0F28380E5550137C4F89070D4F894303F
:109EB0000133C4F89430284615F03FFC0020CEE76B
:109EC000022384F898300020C9E7012384F89830F1
:109ED000D6E79F4203DDB7420AD0B74216DB002F18
:109EE00000F0B580C4F89070C4F894600020B6E724
:109EF000082015F022FC202015F01FFC082015F08A
:109F00001CFC013F0023E355013EEBE707F1FF385E
:109F1000082015F012FC04EB0805A6EB0802E11975
:109F2000284619F012FA0023A35529464B4815F08C
:109F300010FC013E354602E015F04AFB013D454567
:109F4000FADC4746CEE7002E01DDB74201DB0020F8
:109F500085E7E519791CF21B2144284619F0F5F92B
:109F60000023A35529463E4815F0F3FB03E00820E3
:109F700015F0E3FB013EBE42F9DCD4F89430013B1E
:109F8000C4F89430E3E70D2015F0D7FB0A2015F054
:109F9000D4FB0023C4F89030C4F8943001205EE76D
:109FA0002046FFF763FE002059E7781C04EB070802
:109FB000F21B4146204419F0C8F9404615F0C9FB90
:109FC00002E015F005FB013EBE42FADA6AE75B2DBE
:109FD00004D1032384F89830002040E7002384F85C
:109FE000983029462046FFF725FF38E7002384F8FC
:109FF0009830413D032D2ED8DFE805F002080F1EF2
:10A000000121204615F039FB002028E74FF0FF31F1
:10A01000204615F032FB002021E7B74201DB00208B
:10A020001DE73946204615F0CEFAD4F890300133BA
:10A03000C4F89030002012E7002F01DC00200EE76A
:10A04000013FC4F8907015F0C3FA002007E7002024
:10A0500005E7002003E7002001E700BF00660200DB
:10A060000866020000B585B0054BEC460FCB8CE8C6
:10A070000F006046FDF76EFE002005B05DF804FBA2
:10A080000C66020010B586B00DF1040C144C0FCC18
:10A09000ACE80F002368ACF80030124BD3F8B430B2
:10A0A00013F4002F08D0104B1B884FF6FF72934219
:10A0B00007D140F2431304E00A4BD3F8B830C3F39E
:10A0C0000803ADF80A300948FBF7C6FC01A8FDF704
:10A0D000F5F83220FCF712FF002006B010BD00BFDB
:10A0E0001C6602000081E00F0001E00F00F0490251
:10A0F00000B583B0074B1B68019320238DF8043013
:10A1000001A8FDF719F93220FCF7F2FE002003B098
:10A110005DF804FB306602006FF0040307E003F013
:10A120000F010A4A0A44A021117601335BB2322B97
:10A1300009DC002BF3DB03F1604202F56142A02150
:10A1400082F80013F1E70020704700BFFCEC00E04C
:10A1500010B5044614F027FC024B1C6014F027FCD9
:10A16000002010BD8034002010B514F01CFC034BFF
:10A170001C6814F01CFC204610BD00BF8034002079
:10A1800038B50C461546014640B12B4622460648D6
:10A1900003F048FC002805DD002038BDFFF7E4FF90
:10A1A0000146F2E73720F8E743F9010008B5044B10
:10A1B0001868002302221946806813F04BF808BD86
:10A1C0002C210020002807DB00F01F02400901239A
:10A1D0009340024A42F82030704700BF00E100E09F
:10A1E00000280CDB00F01F024009012393402030BF
:10A1F000034A42F82030BFF34F8FBFF36F8F704791
:10A2000000E100E010B586B01446137A03EB430377
:10A210001B0103F1804303F56223D3F89420E16826
:10A2200023690B449A4216D06169914215D38B1A67
:10A23000ABB90123637694F82D304BB1002384F839
:10A240003530E369132120469847636A20469847D2
:10A25000002006B010BD0A46E6E79B1AE8E7049422
:10A260000549039100210291019301230093636842
:10A27000216814F029FBEBE705A2000038B504467D
:10A280000568FFF771FF844233D095F93630002B13
:10A2900008DB03F01F015B0901228A406033174984
:10A2A00041F8232095F93600FFF79AFF95F93730EA
:10A2B000002B08DB03F01F015B0901228A40603399
:10A2C0000E4941F8232095F93700FFF789FF287AD6
:10A2D000FCF73AF9287AFCF799F8FCF771F80023B3
:10A2E00023606360A36023616361AB6A284698477B
:10A2F00038BD0020FFF72CFFC7E700BF00E100E0FA
:10A3000030B589B0044600234376007AFCF7DCF8C8
:10A31000207A00EB40031B0103F1804303F5622325
:10A32000D3F89420E56823692B449A4219D06369D5
:10A33000934218D0012323760DF11F01FCF752F947
:10A340009DF81F3043B30DF11E01207AFCF71CF974
:10A350009DF81E3003BB22460021207AFFF752FFF2
:10A360001AE02A46E3E700232376656194F82D304E
:10A3700003B12563636A2046984723690494094A18
:10A3800003920022029201930123009363682A46FC
:10A390002168207A14F098FA207AFCF7B5F809B011
:10A3A00030BD00BF05A20000F0B587B006460C46E0
:10A3B00015461F4640220021204618F0E0FF95E890
:10A3C000030084E8030000232376EB68E3602A6936
:10A3D000226163612A7D84F82C20AA7D84F82D20D7
:10A3E0002363012384F8343084F83530E7610C9B13
:10A3F00023620D9B63620E9BA36295F9083084F87B
:10A40000363095F9093084F837303460374B736053
:10A41000374BB360374B3361374B7361374BF36066
:10A42000FCF71EF810B1364A904259D1002104F1D0
:10A430000800FBF793FF002854D1324B336201230D
:10A4400084F83C30304AB261304AF2619DF84020D5
:10A4500084F83B209DF83C2084F83A20002284F8C0
:10A46000392084F83830697D204615F0FBFB95F9DA
:10A470000930002B08DB03F01F015B0901228A4031
:10A480006033234941F8232095F90900FFF79AFE2C
:10A49000236904941F4A039200220292019301232C
:10A4A00000936368E2682168207A14F00DFA04468C
:10A4B000D0B995F90830002B08DB03F01F015B09C8
:10A4C00001228A406033124941F8232095F908009F
:10A4D000FFF778FE3046FFF73BFE204607B0F0BDA1
:10A4E0001024FAE71024F8E71024F6E741FC0100F5
:10A4F0005DFB0100F9F90100FFF901007DA20000F8
:10A50000038000F0C7F9010065FC010005FA0100B5
:10A5100000E100E005A200002DE9F04186B01646FA
:10A520001C460C9D012304930393584B0293584BF4
:10A530000193584B0093584B0A462946FFF734FFC6
:10A54000074618B1384606B0BDE8F08123682B6491
:10A5500063686B64637A85F84930237A85F84830FC
:10A56000E37A85F84B30A37A85F84A30637B85F827
:10A570004D30237B85F84C30E37B85F84F30A37B4F
:10A5800085F84E3001214548FCF712FA0121444874
:10A59000FCF70EFA01230422617A207AFDF7A4FC6D
:10A5A00001230222E17AA07AFDF79EFC0121606876
:10A5B000FCF7FEF94FF0000886F80080314620686D
:10A5C00014F018FB2268536F43F0030353672268AB
:10A5D000936F23F4F85323F01F03617C43EA0123B4
:10A5E000A17C0B439367236803225A6785F8508048
:10A5F000737E202B31D027D8002B33D0102B21D1C4
:10A60000012385F85030002600230222617B207B45
:10A61000FDF76AFCE27C2368DA672268536E43F038
:10A62000040353662268536F43F010035367DEB987
:10A630002A6CD36C43F00403D3640521206814F022
:10A64000D2FA7FE723277DE7302B04D1032385F857
:10A6500050300126D8E7232774E7022385F85030CD
:10A660000126E4E70026E2E700230422E17BA07B49
:10A67000FDF73AFC2268D36F217D43EA0123D367BB
:10A680002268536F43F020035367D1E7EBFC0100CE
:10A69000BFFC0100CBFC010079FD01004041050039
:10A6A00000350A00BFF34F8F0549CA6802F4E06223
:10A6B000044B1343CB60BFF34F8F00BFFDE700BFD8
:10A6C00000ED00E00400FA05BFF35F8F074B5A6A04
:10A6D00022F480325A62D3F8942022F00102C3F8A7
:10A6E0009420BFF34F8FBFF36F8F704700ED00E0F2
:10A6F00070B586B0002305930493FFF7E5FF4FF094
:10A70000005015F0B9FB36490B68400000F03E00E0
:10A7100040F0985040F00110324AC2F898304FF0A3
:10A720000054C2F89C40C2F8A00001330B602E4DCB
:10A730002E4CA54213D1BFF35F8F2A4B0522C3F8DD
:10A7400094205A6A42F480325A62BFF34F8FBFF3AB
:10A750006F8FBFF34F8FBFF36F8F06B070BD03AB2A
:10A76000019304AB009305AB2A1B2946204615F044
:10A7700067FB0398C208072800D82022049B5B1BB4
:10A78000B3FBF2F3012101FA03F3DBB2013BDBB2CD
:10A79000059E013DAD1BB5FBF2F50D44AB40DBB2B0
:10A7A000A41BB4FBF2F401FA04F4013CE4B21C4330
:10A7B00015F062FB0A4D2A68430003F03E0343EAAA
:10A7C000042343F0407343F001130649C1F8982075
:10A7D000C1F89C60C1F8A03001322A60ABE700BF2D
:10A7E0008434002000ED00E0F4210020DC21002072
:10A7F00070B586B004460D461646002305930493B3
:10A80000FFF762FF03AB019304AB009305AB324645
:10A810002946204615F014FB0398C208072800D8E3
:10A820002022049B5B1B1344013BB3FBF2F3012189
:10A8300001FA03F3DBB2013BDBB2059EAD1B013D28
:10A84000B5FBF2F5AB40DBB2A41B1444013CB4FBF6
:10A85000F2F401FA04F4013CE4B21C43FF2C29D0C9
:10A8600015F00AFB144D2968430003F03E0343EA48
:10A87000042343F0985343F00113104AC2F8981090
:10A88000C2F89C60C2F8A03001312960BFF35F8F2D
:10A890000523C2F89430536A43F480335362BFF304
:10A8A0004F8FBFF36F8FBFF34F8FBFF36F8F0020BA
:10A8B00006B070BD2820FBE78434002000ED00E0E6
:10A8C000012000E00130022804D8431E024AD35C74
:10A8D000002BF7D0C0B27047B0340020F8B5064660
:10A8E0000F46032903D8DFE801F00A040608002513
:10A8F00006E0042504E0102502E0402500E00125E3
:10A90000032E05D8DFE806F002070A0D45F0020520
:10A910000B4B1C6809E045F00805F9E745F02005F8
:10A92000F6E745F08005F3E7246844B163681A68E8
:10A930002A42F9D05B68394630469847F4E7F8BDBB
:10A94000B8340020134B1B7813B310B5124B1B788F
:10A950005BB9002015F0B8FA68B9104B01221A70E3
:10A960000F4B1A780F4B1A7010BD15F0ACFA0A4B4A
:10A9700000221A70EDE700F017FB064B00221A7058
:10A98000074C01212078FFF7A9FF01232370EBE793
:10A99000704700BF175000201550002018500020AD
:10A9A0001B5000201950002008B50B4B1B780246A5
:10A9B00060B101210B4408490B7032B1074B1B7881
:10A9C000012B02D9064B1B7813B108BDFF21F1E71B
:10A9D000FFF7B8FFF9E700BFB03400201B5000209C
:10A9E0001850002010B513F0DEFF0446054B1B780D
:10A9F0002BB9FFF7A7FF204613F0D9FF10BD13F0C6
:10AA0000D6FFFBE71450002010B513F0CCFF04462E
:10AA1000164B1B78D3B1164B1B782BB9144B012264
:10AA20001A70144B00221A70134B1B7893B92046EE
:10AA300013F0BDFF012015F047FA13F0B4FF0446F0
:10AA40000B4B1B7863B9094B00221A70204613F098
:10AA5000AEFF10BD15F037FA074B00221A70E6E77B
:10AA600000F0A2FA024B00221A70ECE71750002007
:10AA700014500020185000201550002010B584B04C
:10AA8000A0B1831EDBB2012B13D803A9002000F074
:10AA9000AFFC70B91C4B1B68039A9A4212D8012074
:10AAA000FFF782FF194B01221A7002E0174B1B7847
:10AAB0000BB904B010BD0020FFF776FF134B002246
:10AAC0001A70F6E7124B1C6800F0B4FA0444039BBA
:10AAD0009C4206D30120FFF767FF0C4B01221A703E
:10AAE000E7E700F0D1FA60B9002343F002030193D5
:10AAF00000230093074A0399091B074815F0ECF956
:10AB0000D7E70423F1E700BF8C3400201650002063
:10AB100088340020E5A900009034002038B513F0F7
:10AB200042FF0446134B1B788BB900F093FB05469C
:10AB3000E0B9AFF30080104813F018FE00F05CFF9E
:10AB40000E4B00221A6000F0B5FC0D4B186000F0AF
:10AB500085F915F0BBF90B4B1860064B01221A70F2
:10AB6000204613F024FF0025284638BD204613F068
:10AB70001EFFF9E71C500020B83400208834002064
:10AB8000B43400208C34002038B50138144B1B5CE1
:10AB90000A46A1B101210B4411490B5472B1114B6A
:10ABA0001D78012D0AD9FFF78BFE0446012808D92C
:10ABB000032D09D00B4B1878A0420AD138BDFF21D4
:10ABC000E9E7FFF721FFF5E70228F3D100F040FAAB
:10ABD000F0E72146FFF782FE024B1C70EEE700BF54
:10ABE000B03400201B50002038B50446416013F0FB
:10ABF000DAFE05462146034813F0BBFD284613F054
:10AC0000D6FE38BDB8340020014B1868704700BF2D
:10AC10008834002038B513F0C6FE0546094B1B7872
:10AC2000012B0AD9FFF7F0FF044600F003FA0444B1
:10AC3000284613F0BCFE204638BD13F0B8FE0024B1
:10AC4000F9E700BF1B500020064B1B6803FB00F018
:10AC500000F5742000F23F20034BA3FB0030800C72
:10AC6000704700BFB434002083DE1B4338B515F0B5
:10AC700013F90546AFF3008013F0F1FC00283CD136
:10AC8000AFF30080284615F00BF998E00020FFF79D
:10AC90008BFE4B4B00221A7033E015F00FF93DE0AC
:10ACA0002146FFF71BFE41E0464B01221A70464B3E
:10ACB000187800F0A5F9454B1B781BB1444B1A7866
:10ACC000414B1A70AFF30080284615F0E9F815F0F3
:10ACD000E3F805463F4B1B7843B13E4B00221A7008
:10ACE000394B1B783A4A1078834231D03A4800F009
:10ACF000EDFA13F0C7FC002830D0314B1B78002B45
:10AD0000C4D1FFF7DDFDFFF7B9FEFFF7D9FD04461B
:10AD1000012803D92B4B1B78002BBED02A4B187867
:10AD2000A04205D0294B1B78002BB9D0264B1C70B4
:10AD3000012CBCD9234B1B78002BB8D1274B1B7897
:10AD4000002BB1D115F0BEF8254B01221A70ABE7EC
:10AD500001211D4B1970FFF7C1FDC7E7194B1B7887
:10AD6000F3B11A4B00221A701D4B1B7873B115F00A
:10AD7000AAF81B4B00221A7008E0012000F040F9ED
:10AD8000284615F08DF815F087F80546002015F0D7
:10AD90009BF80028F1D000F007F90A4B00221A7046
:10ADA0000020FFF76BFE084C00212078FFF796FD8E
:10ADB00000232370AFF30080284615F071F838BDEA
:10ADC00016500020175000201B5000201850002063
:10ADD0001950002012500020903400201A500020FA
:10ADE0001550002010B513F0DEFD054B1C78002235
:10ADF0001A7013F0DCFD00F0FFFC2043C0B210BD60
:10AE000013500020134B1B78834222D010B582B020
:10AE1000044600238DF804308DF8053010B9022364
:10AE20008DF8053001A8FCF7B1FC54B11E20FFF7E6
:10AE30000BFF094A13681B1A1360064B1C7002B003
:10AE400010BD1E20FFF700FF034A13680344136080
:10AE5000F3E77047C6210020C034002030B583B02E
:10AE6000394C636A636A00258DF8045001A8FCF729
:10AE7000B5FD2846FFF7C6FFD4F89030C3F3800332
:10AE8000324A1370D4F89020C2F3003230490A706D
:10AE9000D3B92F4B1B78F3B92E4B1B68C3F3032395
:10AEA00001209840C0F1010000EB80006430FFF702
:10AEB000CBFE294A136803441360234BD3F8902038
:10AEC000264B1A6003B030BD4FF41670FFF7BCFE7E
:10AED000234B1860DDE71120FBF728FF1A4BD3F84E
:10AEE0000031C3F3042303FB0002002AD4D0164B25
:10AEF0005B6CC3F30B43013303EB8303D90E58019F
:10AF0000C01A61F10001490241EAD0514002C01863
:10AF100041F100018D0145EA90658401201A65EB3D
:10AF20000101C01841F10001531EC0184FF0000389
:10AF300041F1000111F0C0FCFFF786FE064A1368DC
:10AF400003441360A8E700BF00400E401F500020DC
:10AF50001D50002000200440C0340020BC340020DC
:10AF6000C834002008B50D4B1B7803B908BD02207A
:10AF700000F00CFD0028F9D000F06CFA0028F5D0A4
:10AF8000002201210220FCF785F814F0EAFF044BAF
:10AF90001860044B01221A70E8E700BF1F50002020
:10AFA000C43400201E50002008B5104B1B7813B984
:10AFB0000F4B1B78ABB913F0E6FD0D4B1B787BB143
:10AFC0000C4BD3F8903013F0080FF9D014F0C9FFF0
:10AFD000094B1B68C01A094B1860044B00221A70F9
:10AFE00008BD14F0BEFF044B1860E4E71E500020BB
:10AFF0001F50002000400E40C4340020C834002000
:10B0000008B502280BD003280DD0012800D008BDB8
:10B01000074A136923F00403136130BFF7E70020E8
:10B02000FCF7C8FBF3E70020FCF700FCEFE700BFEC
:10B0300000ED00E0044B1B680BB103EBD303034AA4
:10B0400010681844704700BFC8340020C034002086
:10B050000B4AD2F8800145F60E03C2F88031094B45
:10B060001B6803F0400103F480730B43136610F078
:10B07000010F03D013460022C3F88021704700BFA0
:10B0800000400E40BC340020014B1878704700BFD0
:10B090001F5000200E4B1B68002201E01A469B68DF
:10B0A0000BB18342FAD183420ED14AB183689360D7
:10B0B00083685BB15A6941690A445A61002070474C
:10B0C0008268034B1A60F3E7022070470020704744
:10B0D000D43400200A4B1B6800220A490A7005E09C
:10B0E000084B01221A70704759690A44012A06D890
:10B0F000D98811F0020FF3D19B68002BF4D170476F
:10B10000D43400202150002008B500F0C5FB0B4BC3
:10B110001B680B4A1268821A03E0521A0021596117
:10B120009B683BB132B159699142F6D3891A596192
:10B130000022F5E7024B186008BD00BFD4340020A0
:10B14000D034002070B505460C46C3882BB16C6125
:10B15000134B1B68FBB100210CE0FFF75BFD0646BB
:10B160008442F4D214F09FFE3446F0E7A41A6C61D6
:10B1700019469B6823B15A69A242F7D9002AF5D033
:10B1800031B18D60AB6013B15A69121B5A6170BD49
:10B19000034A1560F6E7024B1D600023AB60F6E73B
:10B1A000D434002010B50B4B1B685B695BB10A4AB5
:10B1B00014681C44022000F07BFB204600F08AFB50
:10B1C000FFF788FF10BD022000F072FB022000F0A4
:10B1D000D3FBF5E7D4340020D034002070B504460A
:10B1E0000E4615469DF814200271049A0260002252
:10B1F00082600561C360BDF81830C380F5B900F006
:10B200004BFB3044A061F6B900236361E36813B1DE
:10B210002168204698477DB113F0C5FB0646FFF72D
:10B2200073FF29462046FFF78DFF094B1B68A34299
:10B230000BD0304613F0BBFB002070BD00F02CFBA0
:10B240002844A061DFE73546E6E7FFF7ABFFF0E70C
:10B25000D434002010B513F0B5FB0446144B1B7812
:10B26000DBB9144A1360144A1360144A138000F0C7
:10B27000CFFA012000F01CFB00F0B6FB0246104B99
:10B28000186078B100230F4840F2E73111F014FB49
:10B290000D4B1860064B01221A70204613F098FBE4
:10B2A000002010BD204613F093FB2320F9E700BFD8
:10B2B00022500020D4340020D0340020464F0020FB
:10B2C000D834002018FCFFFFCC34002070B540B308
:10B2D000054613F068FB0446FFF716FF124B1B6888
:10B2E000AB420CD000262846FFF7D4FE054640B9F5
:10B2F0005EB10D4B1B6843B1FFF754FF08E0012618
:10B30000F1E7204613F053FB05E0074B1B6823B120
:10B31000204613F04CFB284670BD022000F00EFBC7
:10B32000F6E72225F7E700BFD4340020B8B138B5DE
:10B330000C460546A9B100230B7013F043FB0A4BE2
:10B340001B6801E0012222702BB122781AB9AB42AE
:10B35000F8D09B68F8E713F03BFB002038BD2220B3
:10B3600070472220FAE700BFD4340020002836D0EE
:10B3700070B50C460546002933D013F023FB064672
:10B38000FFF7C2FE6B692360174B1B6804E022685D
:10B3900059690A4422609B68AB4201D0002BF6D168
:10B3A000AB420ED1256800F077FA104B1B68C01A2B
:10B3B00085420BD800232360304613F009FB0020A0
:10B3C00070BD304613F004FB0320F9E700F064FA87
:10B3D000064B1B6822681B1A13442360ECE72220EB
:10B3E00070472220ECE700BFD4340020D034002086
:10B3F000F8B504460F4613F0E5FA0646134B1B68F2
:10B40000002507E000F048FA114B1B681B1A2B447B
:10B4100010E09B68A3B15A691544DA88A24201D0B2
:10B42000FF2CF6D100F038FA094B1B68C01AA8426D
:10B43000E8D300233B60304613F0CAFA0020F8BD81
:10B44000304613F0C5FA1B20F9E700BFD4340020C2
:10B45000D034002010B5074B1C780CB9204610BD25
:10B4600014F07FFD044B1B689B69C01A0228F5D9B4
:10B470000024F3E721500020D434002070B513F0ED
:10B48000A1FA064600F008FA0446094B1D88ADB241
:10B49000012000F07BFA28B9304613F099FA2046D3
:10B4A000294670BD00F0F8F904460135F4E700BF05
:10B4B000464F0020014B1868704700BFD834002069
:10B4C0000C4B1B68834213D310B50C460A4B19680A
:10B4D000A1FB000140F2E733C0184FF47A724FF03D
:10B4E000000341F1000111F0E7F92060002010BDD8
:10B4F00021207047CC340020D834002090B3F0B520
:10B5000087B00F4614461D46064605A93846FFF784
:10B51000D7FF10BBFFF7CEFF07FB00F1124BA3FBD9
:10B5200001239B094FF47A7202FB1311511A89B25D
:10B53000B183914213D00023F3833046FFF7C6FE58
:10B540000599BDF8343002939DF830300193009591
:10B5500023460A463046FFF741FE07B0F0BD002300
:10B56000B383E8E722207047D34D621008B5034645
:10B570001D4A106800B3421E10421ED1D90E5A0156
:10B58000D21A61F10001890041EA92719200D21849
:10B5900041F10003DB0043EA5273D200B0FA80F0BD
:10B5A000C0F11F0C411CC04322FA0CF203FA01F156
:10B5B0000A4323FA00F0104308BDDA0E5901C91AF4
:10B5C00062F10002920042EA91728900C91842F1C8
:10B5D00000024FEAC20C02460023C8004CEA517137
:10B5E00011F06AF9E8E700BFD83400202D4B834200
:10B5F0002D4B8B4152D370B5844614462B4B1A68A1
:10B60000002A4DD0501E10402AD14D0145EADC657C
:10B610004FEA4C1EBEEB0C0E65EB0105AD0045EA92
:10B620009E754FEA8E0E1EEB0C0E41EB050C4FEA99
:10B63000CC0C4CEA5E7C4FEACE0EB2FA82F2C2F13A
:10B640001F05531CD2432EFA05F10CFA03F31943DC
:10B650002CFA02F211432CFA05F52160656070BDE9
:10B66000480140EADC604FEA4C13B3EB0C0360EB9B
:10B670000100800040EA93709B0013EB0C0C41EB3F
:10B680000001C900002633464FEACC0041EA5C7154
:10B6900011F012F9C4E900013046E0E721207047BB
:10B6A0002120DCE7EFA7C64B37894100D8340020C2
:10B6B0002DE9F843044610F0010F04D114F0020FF5
:10B6C00010D1BDE8F883494A13889BB201339BB27D
:10B6D0001380FFF719FD464B1B68002BEED0FFF7D8
:10B6E00061FDEBE713F06EF90546FFF70DFD00274E
:10B6F0003E4643E09B683BB15A692AB921791A79E1
:10B700009142F7D91C46F5E7284613F061F92569FF
:10B71000002D3AD10025A8462F46002D46D023699A
:10B7200003B3FDB9B8EB0707A38B6BB1E28B1344EE
:10B730009BB2E383B3F57A7F06D3A3F57A73E383F1
:10B74000013FA369013BA36113F03CF9054639466B
:10B750002046FFF7F7FCA36922691344A36128463A
:10B7600013F036F9E7880136E36813B12168204603
:10B77000984713F027F90546FFF7C6FC1C4B1C68D9
:10B78000F4B16369E3B92346B5E7A84600F084F84D
:10B79000A369C71AFA17AF4272F1000204DB2269EB
:10B7A0001344A3610125B8E70025B6E713F00AF9B1
:10B7B00081462046FFF76EFC484613F009F9AEE7D4
:10B7C0000C4B00221A70012E06D05CB1FFF7EAFC88
:10B7D000284613F0FDF874E717F0020FF5D00122A8
:10B7E0001A70F2E7022000F0A9F8F1E7464F0020B6
:10B7F000D43400202050002010B513F0E3F8034BA0
:10B800001C7813F0E5F8204610BD00BF2050002042
:10B8100010B586B01C4B0DF10C0C93E80700ACE89A
:10B8200003008CF800200C3393E803000190ADF87E
:10B830000810090C8DF80A1001211448FBF7B8F81C
:10B8400000248DF80C408DF8104003A8FCF744FE4E
:10B850008DF8044001A90120FCF71AFE0C4A536A36
:10B8600023F4FF6323F00703536240F2FF73136274
:10B8700094600120FCF72AFE064B4FF08042C3F88B
:10B8800080211A6006B010BD34660200A0091400C1
:10B890000020044000E100E0014B9868704700BFC1
:10B8A00000200440014B586D704700BF0020044049
:10B8B00010F0010F0AD1002310F0020F01D043F065
:10B8C0000403034A516A0B43536270470123F3E7B1
:10B8D0000020044070B5044613F065F80646FFF7F3
:10B8E000DBFF0546FFF7DEFF124B9B6913F0040FE9
:10B8F00004D1431B032B01D885420CD1631B022BBF
:10B9000000D8EC1CB4F1FF3F38BF013C094B5C652B
:10B910000220FFF7CDFF304613F049F8064B1B78A5
:10B920003BB1044A136D43F002031365024B00223E
:10B930001A7070BD00200440C721002010F0010FD4
:10B9400013D1002110F0020F09D041F00401084B7F
:10B9500001221A70074A136D23F003031365054A89
:10B96000536A23EA0103536270470121EAE700BFEB
:10B97000C72100200020044010F0020F02D0024B2B
:10B980000422DA61704700BF00200440064B9B6927
:10B99000012804D0022805D1C3F38000704703F0CA
:10B9A00001007047002070470020044010B513F0DC
:10B9B00009F804460B4B9B6913F0010F0FD10020CF
:10B9C00013F0040F01D040F0020003F00703054A12
:10B9D0001362FFF76DFE204612F0FAFF10BD012042
:10B9E000EEE700BF0020044008B50248FBF79EF9CF
:10B9F00008BD00BFA009140008B5064BD3F8883075
:10BA000003F00703013B012B00D908BD022014F00D
:10BA1000F2FAFAE700400E4000B583B0044B009301
:10BA200000231A46194616F031FB03B05DF804FBFB
:10BA3000FFFF0F0038B50546082801D8284638BD55
:10BA40000024084B1868FFF7E7FFA042F6D9082C3E
:10BA5000F4D8054B53F82430AB4201D00134F0E761
:10BA60002546EBE780200020E06602002DE9F04348
:10BA700087B06C4B19686C4B186809F017F9814650
:10BA8000002831D0674C23689A6912685968186891
:10BA9000904723689B699B686846984723689B6921
:10BAA000DB6802209847002407E093691B6910684F
:10BAB00001FB040098470134E4B25A4B1A685368FA
:10BAC0000199B3FBF1F39C42EFD39369DB6800204B
:10BAD0009847544C23689B695B6898472168524B90
:10BAE000186809F0E3F881464FF000083CE0002BAD
:10BAF0002AD14E4B9B5D4E4A52F8262029464A4891
:10BB0000006809F0ADF9814630BB0134E4B2494B1D
:10BB10009F5DA74220D9484B53F82650254405ABDA
:10BB200004AA29464048006809F056FB434B984256
:10BB3000DFD00028E9D1049B002BD8D13B4A915D8E
:10BB4000059A9142D3D1E0E72946374B186809F0AE
:10BB500087FBCEE70024DAE7394B9B5D002B31D120
:10BB600008F101085FFA88F8B8F1080F45D8B9F173
:10BB7000000FF5D14646334B13F80830002BE9D0BF
:10BB80002D4B53F8284005AB04AA214626480068EF
:10BB900009F022FB294B984209D00028E0D1049BF0
:10BBA000012BDDD02146204B186809F059FB204BB2
:10BBB00053F826301A6821461B4B186809F03CFAE6
:10BBC0008146CDE77E2FCBD81B4B53F826403C4413
:10BBD00005AB04AA21461448006809F0FDFA174B8A
:10BBE0009842BDD02146104B186809F039FB8146B8
:10BBF0000028B5D10137FFB2E4E7B9FA89F35B0950
:10BC0000114A1370084B1B681B7C1BB9484607B0D0
:10BC1000BDE8F0830D4B0E4A4FF48B710D4811F0C7
:10BC200045FA00BF6020002080200020BC66020092
:10BC300048660200B0660200E06602000BE000F019
:10BC4000C8660200D4660200235000200467020088
:10BC5000B86702002867020070B50E4615461C46FC
:10BC6000FFF7E8FE082825D81C4B1B78002B33D0A3
:10BC70001B4B1B5C93B97F2E1AD0F1B2194B53F8B2
:10BC8000200023462A4601441748006809F032F98B
:10BC90000446C4B1204614F0D1F914E02A46114BF1
:10BCA00053F82010104B186809F012FA0446F0E718
:10BCB0000021E3E7FF2808D92346F2B281B22846E3
:10BCC00014F0AAFB0024204670BD084B084A4FF42C
:10BCD000A671084811F0EAF90024F4E72350002087
:10BCE000D4660200E066020080200020886702001F
:10BCF000A46702002867020070B50E4615461C4670
:10BD0000FFF798FE082825D81C4B1B78002B32D053
:10BD10001B4B1B5C93B97F2E1AD0F1B2194B53F811
:10BD2000200023462A4601441748006809F098F885
:10BD30000446BCB1204614F081F913E02A68114B87
:10BD400053F82010104B186809F076F90446F0E714
:10BD50000021E3E7FF2807D92246294680B214F0E4
:10BD600063FB0024204670BD084B094A4FF4C371A1
:10BD7000084811F09BF90024F4E700BF235000208D
:10BD8000D4660200E066020080200020886702007E
:10BD9000906702002867020010B5FFF74BFE0A4BC0
:10BDA0001B7813B90024204610BD0022074B53F81E
:10BDB0002010074B186809F0C9F904460028F2D092
:10BDC00014F03CF9EFE700BF23500020E0660200CA
:10BDD0008020002010B582B004467F2A14D04BF298
:10BDE0003460814212D041F2F010814228D001F437
:10BDF0007040B0F5805F3ED0B0F5005F46D0B0F542
:10BE0000405F43D002B010BD0022E8E708237F2244
:10BE100041F20201684614F0FFFA082222496846FE
:10BE200017F083FA20B16B4603CB20606160E9E72D
:10BE300008237F2241F2F011684614F0EDFAF2E790
:10BE40001A4AD2F8F000D2F8F420002104E060543D
:10BE5000000A013B0131C9B2032907D8002BF6D1F2
:10BE600004E06254120A013B0131C9B20729C9D862
:10BE7000002BF6D1C6E7C1F30B0103FB02111A46F2
:10BE800001F17E61204617F0B3F9BBE7C1F30B0166
:10BE900003FB02111A4601F17E6101F58041204643
:10BEA00017F0A6F9AEE700BF306802000081E00F8E
:10BEB0000BB370B50D4614461E464BF234639842E0
:10BEC00011D1082E00D9082633467F2241F2020103
:10BED0002046FFF77FFF32460949204617F025FA32
:10BEE00058B941F2F0103346EAB281B22046FFF76A
:10BEF00071FF002070BD212070470020FAE700BFCD
:10BF0000306802002DE9F04104460F46154610F056
:10BF1000010F16D115F0010F19D104F47043B3F5D8
:10BF2000805F1AD0B3F5005F02D0B3F5405F27D130
:10BF3000C4F30B0404F17E6606F58046B046002487
:10BF400028E040F2D311224800F034FDE2E74FF43C
:10BF5000EA711F4800F02EFDDFE7C4F30B0404F183
:10BF60007E66B046B6F17E6F04D3AB19013B194A29
:10BF70009342E4D940F2D911154800F01BFDDEE7E9
:10BF80004FF4F071124800F015FD6FF00F08002615
:10BF9000D5E70134AC4209D218F80430FF2BF8D0B1
:10BFA0004FF4F5710A4800F005FDF2E715B90020DD
:10BFB000BDE8F0816A083946304614F05BF8002885
:10BFC000F5D04FF40271024800F0F4FCEFE700BF37
:10BFD000C8670200FF07E00F10B50446F9F724FD1B
:10BFE0000C4BA3FB0023B0F57A7F0FD39B090A4AC1
:10BFF000B2FBF3F2094B984208D84FF47A7304FB72
:10C0000003F3B3FBF2F39808032B00D810BDF4F749
:10C010007FF8FBE7D34D621040420F00E7CD9A3B1B
:10C0200008B5FCF7FDF9094B1860FCF7F3F901209E
:10C03000074B186104F0BCF814F0B7F900B908BD5B
:10C040004F220449044801F0C7FCFEE7DC3400201D
:10C0500000300E403C680200A068020008B50848A5
:10C0600004F034F8074B18700021074BB3F90000B7
:10C0700014F06BF912F069FAF6F7C6FC08BD00BFC0
:10C0800038580200245000204C4F002008B5F8F723
:10C09000C5F812F05BFA024B187803F0FCFF08BDFC
:10C0A0002450002008B507490748FEF79DFD0220EF
:10C0B00014F053F8012014F050F8044B01221A70C8
:10C0C00008BD00BF9820002000350020255000202A
:10C0D00030B583B012F06EFC14F03FF968B9344B00
:10C0E0001B78002B32D0324B1B78002B35D1992294
:10C0F0003049314801F070FCFEE714F032F990B19C
:10C100004FF0FF312D4803F095FF044604280ED868
:10C11000274B1B78002BE6D1012014F01EF8244B8E
:10C1200001221A70DFE703F081FC0146EAE7204BA9
:10C130001B7823B9002CD6D012F040FC18E0012067
:10C1400014F018F81A4B00221A70F3E7012014F0CB
:10C1500004F8174B01221A70C5E7002014F01DF9EE
:10C160000146164803F066FF044612F027FCDCB1D6
:10C170000F4B1878214680F0010013F0DFFF0546D1
:10C1800098B194B1B4F1FF3F0FD000230193009315
:10C190000B4A21460B4813F0FAFF30B1AB22054998
:10C1A000054801F019FCFEE70025284603B030BD24
:10C1B00025500020B4680200A06802003858020030
:10C1C00041010200E0340020064B1A680648A0FB3B
:10C1D0000230800900EB40014B019A4200D001304F
:10C1E000704700BF08350020ABAAAAAA08B50023F3
:10C1F000034A1370034A1370F8F742F908BD00BFF1
:10C20000143500202950002008B50023034A13707C
:10C21000034A1370F8F778F908BD00BF1435002001
:10C220002950002008B52D4B1B78013B0A2B4ED816
:10C23000DFE803F0064D1B4D4D4D4D4D064D3D00C5
:10C24000274B1B78072B08D8264B1B78032B08D8C5
:10C250003221254803F0A7FE08BD0420FFF7C6FFE2
:10C26000FAE70920FFF7C2FFF6E740B1FFF7ACFF9E
:10C270001E4B1B6898420DD901331C4A1360174BA3
:10C2800001221A70174B1B78032B0BD90920FFF7DB
:10C29000ADFFE1E70023154A1360114A1370114AFC
:10C2A0001370D9E73221104803F07DFED4E70D4B1F
:10C2B0001B78032B03D90920FFF798FFCCE7074B26
:10C2C00009221A703221084803F06DFEC4E74FF4CA
:10C2D00008720749074801F07FFBFEE7295000205C
:10C2E0002850002027500020143500200C35002055
:10C2F00018690200A068020008B583681B78C3F3C0
:10C300000213012B05D0032B0ED10820FFF76EFF7F
:10C3100008BD074B1960074B00221A700120064B1D
:10C320001870FFF77FFFF3E70620FFF75FFFEFE7E7
:10C330000C350020275000202950002008B58168C6
:10C340000B78C3F30213052B05D0032B07D0012B69
:10C3500009D0EBB108BD0620FFF748FFFAE7082037
:10C36000FFF744FFF6E70231012004F0C3FF0A4B58
:10C370001B68834203D00620FFF738FFEAE700235B
:10C38000064A1370064A13700120FFF74BFFE1E7DE
:10C390000020FFF72BFFDDE710350020275000209D
:10C3A0001435002008B51A4B1B78053BDBB2022B75
:10C3B0000BD8184B1B78072B0ED8C8B181B10329B5
:10C3C00012D00620FFF720FF1DE040F26A2212493A
:10C3D000124801F001FBFEE70420FFF715FF12E011
:10C3E0000020FFF711FF0EE00820FFF70DFF0AE025
:10C3F0000B4B1B78032B07D8054B05221A703221F3
:10C40000084803F0D0FD08BD0920FFF7FDFEFAE75C
:10C41000295000202850002018690200A06802005E
:10C42000275000201435002000B585B014238DF866
:10C430000830124B1B788DF80930114B1A680DF13A
:10C440000A01012004F048FF0323019302AB00938B
:10C45000062300220D210B48008813F0AAFF28B9FB
:10C46000094B0A221A7005B05DF804FB074A1378DD
:10C47000013313700020FFF7D5FEF4E726500020AB
:10C48000083500208E21002029500020285000204F
:10C4900000B585B013F07DFF174B1A68831AB3F10E
:10C4A000004F1ED9121A12238DF80830134B1B7837
:10C4B0008DF809300DF10A01012004F00DFF03236E
:10C4C000019302AB0093062300220D210C48008843
:10C4D00013F06FFF38B90B4B06221A7005B05DF8E8
:10C4E00004FB0022DFE7084A137801331370FF21B1
:10C4F0000020FFF757FFF1E7083500202650002005
:10C500008E210020295000202850002030B59DB0F9
:10C51000234B1C6804EB4404640104F15F05214BC8
:10C520001B68AB4200D85D1E0DF10E031E4A127847
:10C5300029462046F7F748FF20B90320FFF756FEAB
:10C540001DB030BD10238DF80830174B1B788DF8C7
:10C550000930134B1A680DF10A01012004F0BCFEEA
:10C560002B1B9BB207330322019202AA00929BB2BB
:10C5700000220D210D48008813F01BFF38B90C4B29
:10C5800002221A70064B1A680A4B1A60D8E70A4A48
:10C590001378013313700020FFF744FED0E700BF8B
:10C5A0000C35002008350020265000208E21002068
:10C5B00029500020103500202850002010B5144BC1
:10C5C0001C78ECB94FF6FF7398421CD0E9B1114BBF
:10C5D000994201D9012414E00F4B19600F4B1A70D6
:10C5E0000F4B188000230F4A13600F4A13700F4A35
:10C5F0001370074B09221A700D4803F0C9FC00E0C4
:10C600000224204610BD0124FBE70124F9E700BF06
:10C610002950002040FF5F000835002026500020F0
:10C620008E2100200C3500202850002027500020AB
:10C630001435002038B5124B1D78E5B904464FF685
:10C64000FF739A4219D00F4B1A8000230E4A1360D1
:10C650000E4A13700E4A13700E4B197013F099FEA8
:10C6600020440D4B1860064B05221A700B4803F04E
:10C670008FFC284638BD0225FBE70125F9E700BFFE
:10C68000295000208E2100200C3500202850002049
:10C6900027500020265000200835002014350020A7
:10C6A00008B50B4B1B785A1ED2B2022A05D9053B9E
:10C6B000DBB2022B06D9012008BD0720FFF796FD4B
:10C6C0000020F9E70720FFF79FFD0020F4E700BFF7
:10C6D0002950002003790D2B56D110B5044603785C
:10C6E00013F0010F14D04288284B1B889A420FD1B7
:10C6F0008268117801F00F03013B052B08D8DFE8B1
:10C7000003F0240736070312214B1B780B2B00D0B4
:10C7100010BD52781F4B1B789A42F9D10021204658
:10C72000FFF7EAFDF4E71A4B1B780B2BF0D1517899
:10C73000184B1B789942EBD1911C012004F0DAFDD3
:10C7400001462046FFF7D8FDE2E7114B1B78023B7C
:10C75000DBB2012BDCD852780E4B1B789A42D7D132
:10C760000B4B03221A702046FFF7E8FDD0E7084B79
:10C770001B78072BCCD1E388032BC9D1C1F302115D
:10C780000120FFF70FFEC3E7704700BF8E21002096
:10C79000295000202650002008B50B790D2B08D118
:10C7A0008B681B7803F00F03022B4DD0042B01D0B4
:10C7B0002BB308BD364B1B780A2BFAD160B1402849
:10C7C00015D0344A137801331370314B09221A7093
:10C7D0000020FFF727FDECE72E4B00221A702C4BB0
:10C7E0000B221A70FA212C4803F0DDFBE1E72B4AFB
:10C7F000137801331370274B00221A70E5E7244B9E
:10C800001B78022BD5D160B1402815D0214A13786E
:10C81000013313701E4B01221A700020FFF702FD36
:10C82000C7E71C4B00221A70194B03221A70FA2119
:10C83000194803F0B8FBBCE7184A137801331370AA
:10C84000144B00221A70E5E7114B1B78062BB0D170
:10C8500050B1402813D00F4A137801331370FF21D1
:10C860000020FFF79FFDA4E7094B07221A70FA2169
:10C87000094803F098FB074B00221A7099E7074A12
:10C88000137801331370034B00221A70E7E700BFDF
:10C890002950002028500020143500202750002067
:10C8A00008B5154B00221A70144B1B78013B0A2B5C
:10C8B00009D8DFE803F009080C081408170806086F
:10C8C0000C00FFF7B1FD08BDFFF720FEFBE70C4AA7
:10C8D0001378013313700020FFF7A4FCF3E7FFF790
:10C8E000D7FDF0E7064A137801331370FF210020CB
:10C8F000FFF758FDE7E700BF14350020295000205E
:10C900002750002008B5074B1B7833B1064B197828
:10C910000902064803F047FB08BD054B1988890248
:10C92000F7E700BF2A500020C82100201C35002056
:10C930009021002010B513F02CFD04460F4B00226F
:10C940001A7013F0EAFC00B910BD13F01AFD0328A9
:10C9500003D013F016FD042806D1094B1C60FFF725
:10C96000D1FF13F031FDEFE713F00BFD0628F4D0F3
:10C9700013F007FD0728E7D1EFE700BF1C350020C3
:10C9800024350020014BDA695A62704700200540C7
:10C99000BFF34F8F0549CA6802F4E062044B1343AA
:10C9A000CB60BFF34F8F00BFFDE700BF00ED00E09D
:10C9B0000400FA0508B502460B460349002012F0B0
:10C9C000CDFFFFF7E5FF00BFB069020083B2074A61
:10C9D00013801BB913464BF6EF621A80000C044B10
:10C9E000188010B94FF6CE221A807047A22100207D
:10C9F000A021002010B56221054813F01DFD04465A
:10CA000041F20B01034813F017FD604080B210BDE6
:10CA1000A2210020A021002039B110B504460A4609
:10CA2000024B1B680021984710BD7047C0200020B2
:10CA3000114B0340B3F1607F0FD0B3F1707F14D17D
:10CA400001F4E043B3F5005F12D1C1F302210123E9
:10CA50008B40012B06D900207047B1F5885FECD1DF
:10CA6000002070476FF0860070476FF086007047B7
:10CA70006FF08600704700BF0000C07F8A4200F060
:10CA800071812DE9F04106460C46154622F0FF0360
:10CA9000B64A934214D002F58052934210D0A2F5C8
:10CAA000885293420CD025F4FF7222F00102B2F1B9
:10CAB000062F05D0AE498B4202D0AE4B9A4221D10F
:10CAC00024F0FF03A94A934214D002F58052934206
:10CAD00010D0A2F5885293420CD024F4FF7222F0B9
:10CAE0000102B2F1062F05D0A1498B4202D0A14B21
:10CAF0009A4207D114F0FF0304D043F000739E4A1A
:10CB000093420ED004F0FE47B7F1A06F10D0B7F1FA
:10CB1000407F23D0B7F1106F00F00F810020BDE8F7
:10CB2000F08185EA0400FF288CBF00200120F6E791
:10CB300005F0FE43B3F1A06FE9D185EA040333F4B5
:10CB40007E13E4D114F4004FE1D0C4F30540C5F3E3
:10CB50000545A8428CBF00200120E0E705F0FE4318
:10CB6000B3F1407FD6D185EA040333F47E18D1D1E6
:10CB700031462046FFF75CFF002840F0F58015F4B1
:10CB80007C101ED0C5F305407C4B2B40B3F1607F79
:10CB900070D0B3F1707F00F0B980C4F3054314F492
:10CBA0007C1F00F0C58015F47C1F02D1434500F0C6
:10CBB000EB8014F4004FADD083428CBF00200120E5
:10CBC000ADE76E4B2B40B3F1607F0CD0B3F1707FBB
:10CBD000DAD106F4E043B3F5005FD5D1C6F3022302
:10CBE00001209840D0E7EBB243F00073644A9342CF
:10CBF0003CD003F17E43043B0F2BC5D801A252F871
:10CC000023F000BF71CC000071CC000089CB000084
:10CC100089CB000045CC000049CC00004DCC000081
:10CC200051CC000055CC000059CC000089CB00004D
:10CC300089CB00005DCC000061CC000065CC000019
:10CC400069CC00001C209FE720209DE730209BE757
:10CC5000402099E71C2097E7202095E71C2093E7C8
:10CC6000202091E730208FE740208DE710208BE7D0
:10CC7000142089E7EBB243F00073414A934251D04C
:10CC800003F17E43043B0F2B87D801A252F823F017
:10CC90002BCD00002BCD00009BCB00009BCB0000D8
:10CCA000D1CC0000D7CC0000DDCC0000E3CC0000EC
:10CCB000E9CC0000EFCC00009BCB00009BCB000038
:10CCC000F5CC0000FBCC000001CD000007CD00003A
:10CCD0004FF01C0861E74FF020085EE74FF0300886
:10CCE0005BE74FF0400858E74FF01C0855E74FF05E
:10CCF000200852E74FF01C084FE74FF020084CE7A0
:10CD00004FF0300849E74FF0400846E706F4E043AB
:10CD1000B3F5005F7FF441AFC6F30226012303FAA7
:10CD200006F83AE74FF0100837E74FF0140834E7F9
:10CD3000404514BF00200120F1E624F01F6323F4D6
:10CD400070231BBB05F0FE43B3F1106F01D0002030
:10CD5000E5E60C48284040F01060A04214BF0020D7
:10CD60000120DCE6012070470020D8E60003000621
:10CD70000009000600040006FF0000020000C07F5A
:10CD8000030000020000FFF60120C8E60020C6E60E
:10CD9000F8B5002A64D006460D46144622F0FF037B
:10CDA000354A934233D002F5805293422FD0A2F5F8
:10CDB000885293422BD024F4FF7222F00102B2F188
:10CDC000062F24D02D498B4221D0A1F5A0618A42A3
:10CDD0001DD004F0FE43B3F1407F3BD0B3F1A06F10
:10CDE0003BD0274B9C4214BF00230123002B3AD198
:10CDF000224671682846FFF741FE0746B0BB22462F
:10CE0000B1682846FFF73AFE90B33846F8BD14F0F3
:10CE1000FF02DED018498B4214D001F580518B42BD
:10CE200010D0A1F588518B420CD024F4FF7121F071
:10CE30000101B1F1062F05D01048834202D0114BF9
:10CE40009942D5D142F000720D4B9A42D0D16FF089
:10CE50008607DAE7C4F3C033C8E7C4F3C033C5E7D5
:10CE60006FF08607D1E76FF08607CEE70027CCE7A3
:10CE70006FF08407C9E700BF000300060009000641
:10CE8000FF000002000400060C4B1B7883B110B5B4
:10CE900082B00C460023019301AB0A4601460848C4
:10CEA00012F01DF810B9019BA34204D102B010BDCD
:10CEB0006FF0880070476FF09300F7E7CC470020D1
:10CEC000D04700202DE9F0439FB01F46DDF8A08039
:10CED0000023169301F0FE43B3F1806F18D04FF09A
:10CEE00000096FF08605169813F039FE0446002DF0
:10CEF00040F0AA80002840F0A680B9F1000F40F071
:10CF00009C80D8F800304B44C8F8003025469EE09D
:10CF10000C4616460B464FF4807216A913F0F8FA29
:10CF20000546002840F08680DDF8589017ADCC46C5
:10CF3000BCE80F000FC59CE8070085E80700242225
:10CF400000210DEB020016F01AFA09AD0DF15C0C90
:10CF5000BCE80F000FC59CE8070085E80700B9F89A
:10CF6000003003F4E042B2F5005F11D042F2040257
:10CF7000934232D0384B9C4235D04FF00009B9F182
:10CF8000000F3BD0279B994530D96FF08905AAE760
:10CF9000C3F302224FF0010909FA02F9B9F1010FB6
:10CFA000E4D92E4A944212D002F5807294420ED0F7
:10CFB00002F5807294420AD0294A944207D0A2F521
:10CFC0003F42944203D002F580729442CED1B9F12F
:10CFD000100FD4D96FF0830585E7224B9C42C9D14D
:10CFE0004FF00C09CBE74FF00D09C8E7494612A8EE
:10CFF000FFF74AFF054600287FF475AF169B596A74
:10D000009A6A269BA3B103EB0900CDF81880279BF1
:10D01000A3EB09030593049003970296CDF80490BF
:10D0200012AB0093234609A813F012FB05465AE7FA
:10D030002698EAE74FF0000955E74A4612A92698D4
:10D0400016F0D6F85DE705460023C8F800302846FC
:10D050001FB0BDE8F08300BF0013C0040010C0047F
:10D0600000FF40040001800408B500F06FF8064B93
:10D070005B7823B90C210448FFF7CEFC08BD0348B8
:10D0800013F03EFAF6E700BFCC470020D04700205F
:10D0900070B5124B1B7813B10024204670BD11F0FF
:10D0A0001CFF044660B90D4C0126A670251D2846BC
:10D0B00013F02AFA6670284613F020FA044610B1DD
:10D0C000FFF7D2FFE9E72B1F02225A7000F036F873
:10D0D00004460028F4D12B1F1E70DEE7CC47002049
:10D0E00038B504460D4600F100420532042A09D83D
:10D0F0002C21114B01FB02339A68824215D12B601F
:10D10000002038BD012113F09BFC88B100231A4692
:10D11000042A08D82C21084B01FB02339968A1424C
:10D1200001D00132F4E7042AE9D96FF08B00E8E777
:10D130006FF08700E5E700BFD8470020024B0122CF
:10D1400083F8DC2000207047D847002038B5002540
:10D150000BE02C23084C03FB05440421204613F06C
:10D1600084FC204613F043FB0135042DF1D9024B1A
:10D17000002283F8DC2038BDD847002070B5044673
:10D180000D46204B93F8DC30002B34D0002632467D
:10D1900000E00132042A0FD82C211A4B01FB023384
:10D1A00093F8201049B1002EF3D118790028F0D05F
:10D1B0000229EED11E46ECE7002363B1114A9A1A08
:10D1C0009210114901FB02F202F10042053A22607D
:10D1D0002B60002070BD4EB10421304613F045FC99
:10D1E0000028F7D1304613F002FB3346002BE5D17F
:10D1F0006FF08C0001E06FF0880000232B6023604B
:10D20000E8E700BFD8470020A38B2EBAF0B583B063
:10D2100000230B60294B93F8DC30002B4AD00546E5
:10D220000C461746FFF75CFF064668B93FB1012F71
:10D230000DD10521206813F018FC064607E0206890
:10D2400013F077FC064602E010F18C0F02D0304656
:10D2500003B0F0BD214601A8FFF790FF0646002865
:10D26000F5D123689D60236801225A60206813F07D
:10D270003FFC064660B10421206813F0F6FB2068ED
:10D2800013F0B5FA16F18C0FE1D16FF08706DEE7E7
:10D2900020680C3013F0C5FB3FB1012FD7D1052119
:10D2A000206813F0E2FB0646D1E7206813F041FC4A
:10D2B0000646CCE76FF08806C9E700BFD8470020D4
:10D2C00008B50822034916F030F800B908BD6FF020
:10D2D0009800FBE7C469020010B586468C460D4CE9
:10D2E00003CC18605960002199605168D960118899
:10D2F000198251885982D1685961116999615269BD
:10D30000DA61C3F820C06246714603F1240015F0CB
:10D310006FFF10BDC46902002DE9F04F91B0804647
:10D3200017460F938946002900F0448300260F9B7F
:10D330001878002800F04183252809D0741C3B464A
:10D3400032464946C0470F9B01330F932646EEE70E
:10D3500001330F9300251FE045F0010501320F92C4
:10D36000012318E045F0020501320F92012312E07B
:10D3700045F0040501320F9201230CE045F0080549
:10D3800001320F92012306E045F0100501320F92A1
:10D39000012300E000234BB30F9A1378203B102B9E
:10D3A000F8D801A151F823F07DD3000095D30000F7
:10D3B00095D3000089D3000095D3000095D30000D9
:10D3C00095D3000095D3000095D3000095D30000BD
:10D3D00095D3000071D3000095D3000065D3000001
:10D3E00095D3000095D3000059D300000B930F9BF9
:10D3F0001A78A2F13003DBB2092B18D92A2A1BD0E4
:10D40000DDF82CB00F9B1A782E2A25D00F9A1378AE
:10D41000683B122B5CD8DFE803F0495BAA5B3B5BFF
:10D420005B5B5B5B5B5B575B5B5B5B5BAF000FA856
:10D4300013F023FD8346E5E71A9B1A1D1A921B6819
:10D44000002B04DB9B460F9B01330F93DAE745F07B
:10D450000205C3F1000BF6E745F480655A1C0F92F4
:10D460005A78A2F13003DBB2092B0CD92A2ACDD18C
:10D470001A9B1A1D1A921C6824EAE4730B930F9BE3
:10D4800001330F93C2E70FA813F0F7FC0B90BDE731
:10D4900045F48071531C0F9353786C2B01D00D46CB
:10D4A00016E045F4407502320F9211E045F080011C
:10D4B000531C0F935378682B01D00D4608E045F0BC
:10D4C000C00502320F9203E045F4807501320F92DD
:10D4D0000F9B1878672854D8252867D3A0F1250317
:10D4E000422B63D8DFE813F05B0262006200620047
:10D4F000620062006200620062006200620062001C
:10D50000620062006200620062006200620062000B
:10D5100062006200620062006200620062006200FB
:10D5200062006200620062008201620182016200A8
:10D5300062006200620062006200620062006200DB
:10D5400062006200620062006200620062006C00C1
:10D5500062006200620062006200620062006200BB
:10D5600062006C00A9016C0082016201820145F435
:10D57000007501320F92ABE745F4807501320F92CE
:10D58000A6E7782812D8692810D3A0F16902D2B290
:10D590000123934049F24102134211D113F0800F4D
:10D5A00040F0E28113F4806F40F07981741C3B46B7
:10D5B00032464946C0470F9B01330F932646B6E6D5
:10D5C000782809D062283AD06F283AD058283AD023
:10D5D00025F010050A2300E01023582835D06928CB
:10D5E00003D0642801D025F00C0515F4806F01D01C
:10D5F00025F0010569282BD0642829D015F4007F77
:10D6000040F0968015F4807F40F0AE8015F0400F1A
:10D6100000F0BF801A9A111D1A9112780595CDF865
:10D6200010B00B99039102930023019300923B46A3
:10D6300032464946404613F00DFD064629E00223D6
:10D64000CBE70823C9E71023C7E745F02005C6E765
:10D6500015F4007F21D115F4807F42D115F0400FE1
:10D6600058D01A9A111D1A91127882EAE271A1EB30
:10D67000E2710595CDF810B00B9803900293D20F8C
:10D68000019200913B4632464946404613F0E2FC87
:10D6900006460F9B01330F9349E61A9A073222F090
:10D6A000070202F108011A91516812680846002920
:10D6B00013DB0895CDF81CB00B9C06940493002353
:10D6C0000593C90F0291009201903B4632464946AC
:10D6D000404613F009FD0646DBE7524261EB41008C
:10D6E000E7E71A9A111D1A91126882EAE271A1EB1A
:10D6F000E2710595CDF810B00B9803900293D20F0C
:10D70000019200913B4632464946404613F0A2FC46
:10D710000646BEE715F0800F05D01A9A111D1A9122
:10D72000B2F90020A1E71A9A111D1A9112689CE71C
:10D730001A9A073222F0070202F108011A9108959D
:10D74000CDF81CB00B99069100210493059102912C
:10D75000D2E90023CDE900233B4632464946404604
:10D7600013F0C2FC064694E71A9A111D1A9105950A
:10D77000CDF810B00B990391029300230193136825
:10D7800000933B4632464946404613F063FC06464A
:10D790007FE715F0800F04D01A9A111D1A91128894
:10D7A0003CE71A9A111D1A91126837E746281AD0D9
:10D7B0001A9B073323F0070303F108021A9204951A
:10D7C000CDF80CB00B9A0292D3E90023CDE90023E7
:10D7D0003B46324649464046F2F7EAFE06460F9B74
:10D7E00001330F93A3E545F02005E1E7672801D059
:10D7F000472801D145F40065452801D0472801D1CB
:10D8000045F020051A9B073323F0070303F10802B4
:10D810001A920495CDF80CB00B9A0292D3E900232A
:10D82000CDE900233B46324649464046F2F7C8FC64
:10D8300006460F9B01330F9379E515F002051DD0C5
:10D8400001241A98031D1A9306F1010A3B46324639
:10D8500049460078C047A5B90F9B01330F93564640
:10D8600065E502F1010A3B4649462020C0472346B0
:10D8700052465C1C9B45F4D81646E2E7012332462B
:10D88000F7E7524606E0561C3B4649462020C04773
:10D890002C463246651CA345F5D89246DCE71A9B18
:10D8A0001A1D1A92D3F800A00B9BFBB94FF0FF3260
:10D8B000534601E001330A46197811B1511E002A7E
:10D8C000F8D1A3EB0A0315F480620C9203D00B9AF3
:10D8D000934228BF134615F0020409D00D94CDF8E9
:10D8E00038B00B9D32460C9E9B461FE00B9ADFE73B
:10D8F0003246264606E0541C3B4649462020C04797
:10D900002B4622465D1C9B45F5D834462B460D948C
:10D91000CDF838B00B9D0C9E9B4607E01D460AF1E2
:10D92000010A541C3B464946C04722469AF800006B
:10D9300020B1002EF3D06B1E002DEFD10D9C1646AA
:10D940005B46DDF838B054B90F9B01330F93EEE41A
:10D95000551C3B4649462020C04723462A465C1CAE
:10D960009B45F5D81646EFE745F021051A9B1A1D91
:10D970001A921B680595082204920B9A03921022B2
:10D9800002920022019200933B46324649464046AD
:10D9900013F060FB06460F9B01330F93C7E4741C22
:10D9A0003B46324649462520C0470F9B01330F9323
:10D9B0002646BCE4DFF81C80B8E4BE4208D37A1ED9
:10D9C0003B4649460020C047304611B0BDE8F08FC5
:10D9D0003246F5E76B0E02000FB400B585B006AA1B
:10D9E00052F8043B039200924FF0FF3202A9044820
:10D9F000FFF792FC05B05DF804EB04B0704700BF80
:10DA0000AB11020000B585B0034600914FF0FF3224
:10DA100003A90348FFF780FC05B05DF804FB00BFD5
:10DA2000AB11020000B585B002900391009313463C
:10DA30004FF0FF3202A90348FFF76EFC05B05DF816
:10DA400004FB00BF6D0E020010B58AB0044624220C
:10DA5000002101A815F093FC01A9204612F024FF33
:10DA6000BDF80430B3F5105F10D1BDF80630802B3F
:10DA70000CD1049B13F4407F08D0031E18BF012370
:10DA800058002BB9034B1C600AB010BDBD20FBE74A
:10DA90000220F9E7B8480020014B002018607047C9
:10DAA000B8480020014B1868704700BFB8480020F4
:10DAB000014B1868704700BFB84800200B4B0C4A58
:10DAC0001B8830B51488014600209C4200D230BD2E
:10DAD000DA0803F007058A5C2A41D20748BF421CD6
:10DAE00003F1010348BF90B29BB2EEE7484F00201C
:10DAF0009E21002038B50A4D2888F3F71DFC08B98F
:10DB0000002038BD074C2088F3F716FC0028F7D01A
:10DB10002888238898422CBF00200120F1E700BF0D
:10DB2000484F00209E21002010B50C4A0C4C0023C9
:10DB300013700C4A23804FF6FF7104F10C006380D0
:10DB400023716371A371A36011805180FDF7BEFB47
:10DB500004F12C00BDE81040FDF7B8BB4849002097
:10DB6000BC480020A4210020194B002210B5044617
:10DB70001A7081B91748F3F7B3F805F013F901F0FB
:10DB8000BFFF40B1144B1B78042B01D0072B02D1EF
:10DB9000012005F0A4F8002C104B0CBF032200223A
:10DBA0001A719A79D10707D522F001029A7120469D
:10DBB000BDE8104012F081BB9B68204698472CB10D
:10DBC000204612F000FBBDE81040ADE710BD00BFDD
:10DBD00048490020084900202E490020BC48002068
:10DBE0003C4B3D4A1B881288B3EB420F2DE9F041B4
:10DBF00006DC3A493A4840F2FF12FFF7EDFEFEE735
:10DC0000384C394B61881B88384E2366002938D13F
:10DC100033880833C3F3C707384602F005FF608036
:10DC200002F0D8FD3A46FF21054615F0A8FB28462C
:10DC3000FFF744FF0021A4F8640002F0F5FE208005
:10DC400002F0C8FD2A4B1B880022318899421DD260
:10DC50002088284E02F0BEFD0021D4F860E0451E69
:10DC60000A4643F23907B4F86430884603F1FF3CB2
:10DC7000E04501F1010118DB0AB1C4F860E0BDE83C
:10DC8000F081084602F0A6FD0546D0E7D90803F06A
:10DC90000707695C3941C90744BF8354013203F166
:10DCA000010348BF92B29BB2CFE7A3EB08035A1E11
:10DCB000BEFBF2F302FB13E30B449BB206FB0E7CAC
:10DCC000C25C15F801EF00F803E02A702CF0004E5A
:10DCD0000122C8E79C2100209A210020386A020016
:10DCE0005C6A0200BC4800204A4F00209E210020B0
:10DCF000484F00206D4EC64110B5084CA37902462E
:10DD000013F0040008D1064B198805F006FC18B979
:10DD1000A37943F00403A37110BD00BFBC480020E9
:10DD20004A4F002010B5264C2379022B06D02549F6
:10DD3000254840F24322FFF74FFEFEE794F8663095
:10DD400094F8672083B9B4F86430013B84F86630F6
:10DD5000531C84F8673094F86730052B08D90021EC
:10DD60003320BDE81040FFE6013B84F86630F2E75F
:10DD7000208830B91349144840F25522FFF72CFE91
:10DD8000FEE702F043FDB4F86430834206D00D494B
:10DD90000D4840F25622FFF71FFEFEE7208802F0F2
:10DDA00019FD94F86630C05C05F004F8074B0022BA
:10DDB0005988188805F074FB08B10021D1E710BD1F
:10DDC000BC480020386A02005C6A0200A4210020DE
:10DDD000F0B51D4C2379013B012B87B0054606D9D0
:10DDE0001A491B484FF41B72FFF7F6FDFEE728B1F6
:10DDF0000121084607B0BDE8F040B5E604F14C004B
:10DE000004F14C07F2F78AFF0FCF01AE0FC63B6853
:10DE1000336028468DF805508DF80C5004F05FFFF4
:10DE200001A8F2F75DFF2379022B07D184F8665031
:10DE300084F86750FFF776FF07B0F0BDA37943F091
:10DE40000803A371F8E700BFBC480020386A02004D
:10DE50005C6A020030B585B00446084603A9154641
:10DE6000FDF72EFB38B9CDE90000034603992A4699
:10DE7000204612F031F805B030BD174B1B8810B5A5
:10DE800033B91649164840F26232FFF7A5FDFEE7A6
:10DE9000144C6279511E012906D91049104840F2EC
:10DEA0006332FFF799FDFEE7012A10D10E4A11886F
:10DEB0000E4AA1EB430104F12C00FFF7CBFF48B160
:10DEC0000649074840F26732FFF786FDFEE7032365
:10DED000637110BD0223FBE79A210020386A02001B
:10DEE0005C6A0200BC4800209C2100207BDE000010
:10DEF00037B5334C94F868309BB10023CDE900333B
:10DF00003049314A098804F10C00FDF7F7FA30B1C5
:10DF10002E492F4840F22932FFF75EFDFEE784F8D4
:10DF20006800208802F056FC6379023B012B05460D
:10DF300006D9264926484FF44D72FFF74DFDFEE7FE
:10DF4000244B198859B1244A2448FFF783FF68B34A
:10DF50001E491F484FF44E72FFF73EFDFEE70223B5
:10DF6000637194F86630B4F864200133DBB29A42EE
:10DF700084F8663004BF002384F866302379052BCB
:10DF800004D094F86630E85C04F014FF2379042B85
:10DF90000ED1A37913F0020F10D00A4B1048198844
:10DFA000490803B0BDE8304001F0FDBF0123D7E7C9
:10DFB000012B03D1A37913F0080FEDE703B030BDB7
:10DFC000BC4800209C210020F1DE0000386A0200DD
:10DFD0005C6A02009A2100207BDE0000E8480020F5
:10DFE00048490020F8B5374C074620880E4602F015
:10DFF000F1FB054604F12C00FDF768F904F10C0073
:10E00000FDF764F9237984F86670052B24D0E85D68
:10E0100004F0D0FE4FF47A73B6FBF3F503FB1566FC
:10E02000B6F5FA7F05D3284A12886B1C934218BFB5
:10E030001D46264B1988A9421ED9491B0123244A93
:10E0400024486371FFF706FF10B32349234840F2C9
:10E050000D32FFF7C1FCFEE7B4F86430013BDBB2E0
:10E060000127E85C84F8693084F86A7004F0A2FE45
:10E070003846FFF741FECDE7134B1B88591AA942DA
:10E0800002D9491B0223DAE7AB4213D90323637198
:10E09000012384F868300C4B114A19881148491B38
:10E0A000FFF7D8FE68B10C490C4840F21A32FFF76E
:10E0B00093FCFEE70849094840F20932FFF78CFC5F
:10E0C000FEE7F8BDBC4800209C2100209A210020DA
:10E0D0007BDE0000E8480020386A02005C6A02002B
:10E0E000F1DE0000C8480020144B2DE9F0411D88E6
:10E0F0000835C5F3C7050F46E1B185421AD8104E61
:10E100000846FFF7DBFC34798046ACB9A0B17388D0
:10E1100023B92146284602F087FC7080708802F0FF
:10E1200059FB2A46394615F063F8A6F86480204664
:10E13000BDE8F0810224FAE77024F8E79E21002070
:10E14000BC48002038B501F0DBFC10B97024204633
:10E1500038BD0D4D2C79002CF8D1FFF7CBFC0028F1
:10E16000F4D001F08FFE012808D1FFF739FD00211E
:10E17000052308462B71FFF735FFE8E701F082FE23
:10E180000528F2D0E2E700BFBC480020F8B5184BE4
:10E190001B78063B012B07460E4602D87025284601
:10E1A000F8BD144C2579002DF8D1FFF7A3FC002809
:10E1B000F4D04FF6FF739F4218D09E4216D0FFF75F
:10E1C0000FFD0D4B1F805E80A37943F00103A37107
:10E1D00004F10C0002232371FDF778F804F12C0000
:10E1E000FDF774F8054804F0ADFCD8E70225D6E742
:10E1F0002E490020BC480020A4210020D1DD0000D1
:10E2000008B5044B1B791BB1FFF78EFC002008BD3D
:10E210007020FCE7BC48002080207047014B188824
:10E2200002F0D8BABC480020014B93F86600704752
:10E23000BC48002007B5094801A9FDF797F80198E7
:10E24000FDF794F9064B1B88181A4FF47A7358435C
:10E2500000F5167003B05DF804FB00BFC84800204D
:10E260009C210020024B1879003818BF012070470C
:10E27000BC48002010B5044C204602F0C3F8A01C96
:10E28000BDE8104002F0BEB8BC480020064B1A7929
:10E29000033A012A06D85A79022A03D09879C0F3A2
:10E2A0008000704701207047BC48002010B52D4BFE
:10E2B0002D4C00221A702379013B032B4AD8DFE84A
:10E2C00003F01623022F01F0D9FB284B1B884FF6D1
:10E2D000FF72934223D0E26E1344C01AB0F1004F94
:10E2E0001DD8332011F06FFFBDE810401CE4A37966
:10E2F00023F008021907A27109D402232371002315
:10E3000084F8663084F86730BDE810400AE5184BA1
:10E3100000225988188805F0C3F80028EDD110BDF7
:10E32000A3799A0712D523F002030020A371FFF707
:10E33000E3FC104B0B481B884FF47A7253430E4A90
:10E340001188BDE81040591A01F02DBE43F00203B8
:10E35000A371E4E709490A4840F24312FFF73CFB86
:10E36000FEE700BF48490020BC480020942100205F
:10E37000A4210020982100209C210020386A02005E
:10E380005C6A0200034B1B79042B01D10120B3E42A
:10E39000704700BFBC4800200C4B1A79511E012960
:10E3A00012D818B90A48322101F0FDBD012A0AD15C
:10E3B00002221A719A7922F008029A71002283F8D7
:10E3C000662083F86720ADE4704700BFBC4800209A
:10E3D000484900202DE9F0412A4F9DF81840079D3B
:10E3E0001E463B79013B022B49D8274B1A888242B3
:10E3F00045D15B888B4242D1DFF8A080F3F708FC5F
:10E40000B8F80030B34211D1204B1B884FF47A7218
:10E410005343B7F864200544013AAB4227D301F0D7
:10E420002DFB2946F8662046FFF7DCFD3B79013BD2
:10E43000012B08D8B8F800000021B04214BF3420E6
:10E440000846FFF791FB124B1B78042B17D0072BC4
:10E4500015D0B8F80030B34211D10E4B0E481B88CE
:10E460004FF47A71BDE8F041594301F09CBD01348D
:10E4700094FBF2F102FB1144ED1AE4B2CDE7BDE8E2
:10E48000F08100BFBC480020A42100209C21002076
:10E490002E49002094210020484900204A4F0020A6
:10E4A00070B5204CA37923F00403A3712379052BC5
:10E4B00036D1208802F08EF994F86950064655B19D
:10E4C000013DEDB284F86950405D04F073FCBDE895
:10E4D0007040002010E4144A94F86A3012789A428E
:10E4E0000AD9013384F86A30B4F86430013BDBB2F6
:10E4F00084F86930C05CE8E7042323710B4B0C48B7
:10E500001B884FF47A7253430A4A1188591A01F052
:10E510004AFD94F86630F05CBDE8704004F04ABCF7
:10E5200070BD00BFBC480020CC21002098210020F5
:10E53000484900209C21002038B50C4D2B79044619
:10E540000BB9002038BD01F099FAEB6EC01A084BE8
:10E550001B884FF47A7253439842F2D3AC6005485B
:10E5600001242C7104F0EEFA2046EBE7BC480020B1
:10E5700096210020D1DD0000802070472DE9F04F6A
:10E5800087B083460D461046002114461E469DF86E
:10E590004080BDF84490DDF848A09DF84C7000F034
:10E5A00029FE3A4B1A78531E012B05D938493948B0
:10E5B0006A22FFF711FAFEE7374B1978FB070DD5F2
:10E5C000884231D2354A03B2126803EB830302EB6F
:10E5D00083039B7CD90603D4382022E0884223D2CF
:10E5E00000B200EB8000DFF8B4B083000593DBF8E5
:10E5F000003003EB80039A7C52071ED5CDE90197CA
:10E60000CDF800A0434632462146284600F038FCAB
:10E6100038B9059ADBF8003013449A7C42F00802BE
:10E620009A7407B0BDE8F08F4FF6FF718C422AD084
:10E63000022A13D1E4B9002204E04FF6FF7294429B
:10E6400021D01A89334621462846CDE912A7CDE9C3
:10E65000108907B0BDE8F04F03F002B9204601F081
:10E6600053F94FF6FF7188420246EBD13720D8E7C5
:10E670008B45E0D00021584600F0BCFD064B1B78CE
:10E680008342D8D8F2E72246DCE700BF2E490020BB
:10E690006E6A02005C6A0200CA210020B4200020D9
:10E6A00010B50E4C92B00023237001F029FA98B1F6
:10E6B0000B4B1B78022B0FD10DF1070102A800F0C4
:10E6C000D3FE9DF8071002A813F015F9054B196841
:10E6D0002046890201F067FC12B010BD40490020BD
:10E6E0002E490020A020002010B50D4B1B78022BD6
:10E6F000044613D1002012F064FD020601D5E307A1
:10E700000CD5FEF777F96423B0FBF3F202FB13019B
:10E71000BDE81040034889B201F045BC10BD00BF00
:10E720002E4900204049002038B50C4605460021FE
:10E73000204600F05FFDFF2805D10B490B48DE2283
:10E74000FFF74AF9FEE745B1094B00B21B6800EB41
:10E75000800003EB8003DB7C2BB920460021BDE861
:10E76000384000F051BE38BD6E6A02005C6A02009B
:10E77000B420002038B50D460021044600F03AFDD3
:10E78000FF2811D0094A03B2126803EB830302EB9E
:10E7900083039B7CDA0601D5EB0705D520460021D3
:10E7A000BDE8384000F030BE38BD00BFB4200020C6
:10E7B0000346FF2B70B5084605D118491848F922C1
:10E7C000FFF70AF9FEE7174D2A6803EB830302EB14
:10E7D00083029C0092F91210937C00291CDA5907DD
:10E7E00000D570B1D17C168991B113F0100001D021
:10E7F0000FF014FC00F00101304613F08AF808B164
:10E80000012070BD2B682344DA7C013ADA74F7E703
:10E81000304600F0F9FDF3E70020F2E76E6A0200EF
:10E820005C6A0200B420002010B5044601F068F9CB
:10E8300008B9702010BD204B1B785A1E012A06D83B
:10E840001CB1237A9A1E012A13D90220F2E7063B53
:10E85000012BEED8002CF8D0237A9A1E012AF4D886
:10E86000032B20880CBF21460021BDE8104000F09A
:10E87000CBBD022B0BBF2088214600214FF6FE7036
:10E8800000F0B8FCFF280446D3D003B203EB8302A8
:10E890000A4B0B481B6803EB82039A7C62F07F02F1
:10E8A0009A740822DA7401F073FB00212046FFF706
:10E8B0007FFF0020BEE700BF2E490020B4200020CB
:10E8C00030490020014B1888704700BFB22100205A
:10E8D00010B50E4A127803460846511E012906D982
:10E8E0000B490C4840F22112FFF776F8FEE7012AA7
:10E8F000094C03D100F00CFF208010BD4FF6FF72D1
:10E9000022801946BDE8104012F0C2BF2E490020F7
:10E910006E6A02005C6A0200B221002038B5084B22
:10E920001B78022B04460D4608D1002012F049FC4A
:10E93000020601D5EB0701D5024B1C8038BD00BF94
:10E940002E490020B2210020044B187828B9044B2E
:10E950001B689B880BB1034B187870472B50002025
:10E96000B0200020C921002070B593795B068EB0DD
:10E970000646144622D5908801F02CFFA37903F0B7
:10E980000F038DF8043000230993E3788DF82030CD
:10E99000054612F060FE0921ADF82800284612F065
:10E9A0004AFD28440B9029460DF1060012F014FE92
:10E9B00001A9304611F031FC0EB070BD0D8801F098
:10E9C0004FFA8542F8D1A3798DF80430A0882388C6
:10E9D000ADF8063001F01AFFADF80A00A08801F08A
:10E9E000F9FE6388039001A93046ADF8083011F0B4
:10E9F00002FCE1E72DE9F84F0546FFF7A5FF0026E9
:10EA0000DFF8A480DFF8A49007463446F3B29F42B3
:10EA100001D8FF243EE0D8F8003003EBC40221B255
:10EA20009079400639D5908801F0D4FE95F808B069
:10EA3000824612F0E4FB504402F040FCC0F3812017
:10EA400083450AD099F800300134E4B2B4FBF3F204
:10EA500003FB1244E4B20136D8E72B7A022B0ED026
:10EA60002B7A032BEED10421504612F0E4FC08224D
:10EA70002946504414F059FC0028E3D10AE004214F
:10EA80005046B5F800B012F0D6FC504402F016FC27
:10EA90008345E5D12046BDE8F88F33F831202B8837
:10EAA0009A42CFD1F6E700BFB0200020C921002054
:10EAB0002DE9F047FFF748FF0546002400F0DEFF90
:10EAC00035B9214B1D70214BFF221A70BDE8F0872C
:10EAD0001F4BD3F800E01F4B1A681F4BA2EB000836
:10EAE00093F800C0274626464FF0FF3123465EF8D4
:10EAF0002390A0EB090A524517D9C144894518D380
:10EB00000133DBB20137B3FBFCF90CFB19335FFABD
:10EB100087F94D45DBB2EAD80EB10C4B1C7061B9D8
:10EB2000BDE8F047084801F033BA1C460126002131
:10EB3000E6E71C4649460126E2E78A42C6D3BDE81D
:10EB4000F047014801F02FBA38490020CF210020BA
:10EB5000A8200020A4200020C92100202DE9F04F8A
:10EB6000484B494F1A683C78DFF838A1DFF838B1D4
:10EB700002EBC40387B09E7916F04003009301BFF7
:10EB800002238DF8143032F83030ADF80C303F4BA2
:10EB90001D780130691EC9B2B0FBF5F305FB130304
:10EBA000DBB201919C4225D1002C58D1013DECB241
:10EBB00002EBC40200239380354B3C701B78063B6C
:10EBC000012B5AD9009B002B57D103A8FFF712FF46
:10EBD000FF2852D10099BDF80C0000F00BFB2D4B23
:10EBE0001B7883423ED82C492C484FF4AC72FEF778
:10EBF000F3FEFEE783BB019852F8331042F8301061
:10EC000002EBC30E02EBC00CDEF80410CCF80410CB
:10EC1000DAF8001003EB830C00EB800901EB4C08E1
:10EC200051F81CC041F819C001EB490ED8F804C0D6
:10EC3000CEF804C0B8F80810AEF80810DBF80010E1
:10EC400051F8236041F820600133DBB2B3FBF5F1EA
:10EC500005FB1133DBB2A5E7581EC0B2CCE7013C7F
:10EC6000E4B2A5E70E4B00B21B6800EB800003EB9B
:10EC700080039A7C22F008029A7407B0BDE8F04F36
:10EC800016E700BFB02000202B500020C921002033
:10EC90002E490020CA210020936A02005C6A02000B
:10ECA000B4200020AC200020A820002038B50D465C
:10ECB0001446FFF79FFEFF281AD00E4A03B21268CF
:10ECC00002EBC30152F833202A604A686A600A4A9C
:10ECD00003EB8303116801EB430251F81330236007
:10ECE0005368636013892381FFF738FF012038BD23
:10ECF0000020FCE7B0200020AC20002038B5074CF5
:10ED0000074DFFF721FE00B938BD2268296842206F
:10ED1000FFF72AFE0020FFF721FFF2E7B0200020D6
:10ED2000AC200020B0F1004F9DBF024B18600020C6
:10ED300002207047A420002010B5074B1878074B1D
:10ED40001A68002304321C46D9B2884200D810BD8C
:10ED500022F833400133F7E7C9210020B02000201A
:10ED600010B5114B114C00221A70114A23781278F9
:10ED70009A4206D90F4A126802EBC30219B293886D
:10ED80002BB90D490D485A22FEF726FEFEE70C4B23
:10ED90001B6801EB8101412003EB4101FFF7E4FD1A
:10EDA0002078BDE81040D9E638490020CF21002066
:10EDB000C9210020B0200020936A02005C6A020092
:10EDC000AC20002030B52D4B1B78063B012B8DB0BD
:10EDD000044629D8214606A812F0A8FB09AA04A9CE
:10EDE00006A8FFF763FFC0B3BDF81450284601F032
:10EDF000F1FC0446284601F009FD9DF816209DF817
:10EE0000131042F00403520629D5CDE90143002333
:10EE100000901A464FF6FF7003F0C6FDE8B104AA51
:10EE200009A9FFF7A1FD18E012F0E9F9204402F06A
:10EE300045FA80130228CDD10621204612F0FBFAB4
:10EE4000204402F03BFA002100F0D4F9FF2804D05E
:10EE50000121FFF7ADFC0028BCD00DB030BDBDF8DE
:10EE60001020CDE90010CDE90243BDF824009DF843
:10EE70001230114602F0F4FCD0E700BF2E4900200A
:10EE80002DE9F84FDFF8B8A09DF830B01E460546D2
:10EE9000FFF75AFD9AF8003083428846174643D060
:10EEA000234B244C1A6821780A9802EBC109BDF85B
:10EEB0002C10002201F03AFE1D4BA9F804001A683C
:10EEC00094F8009002EBC903998879B322F839804D
:10EED0009F70DE7083F806B0174B1E6800F0CEFD01
:10EEE000164B46F8290020781B681BF0400F00EBFA
:10EEF000800012D00A9903EB400012F017FB237830
:10EF00009AF800200133B3FBF2F102FB11332370B6
:10EF1000FFF7CEFD0020BDE8F88F03EB4002022191
:10EF2000117223F81050EAE73920F4E71820F2E7CD
:10EF3000B02000202B500020A8200020AC20002072
:10EF4000C921002008B5FFF755FDFF3818BF012083
:10EF500008BD10B5044686B003AA01A92046FFF7F4
:10EF6000A5FE08B906B010BD01AA03A94220FFF70B
:10EF7000FBFCF1E7054B1B7833B9054B1B68988800
:10EF8000B0FA80F040097047002070472B500020F5
:10EF9000B020002070B5084D084E00242A78E3B256
:10EFA0009A4200D870BD306800EBC300043001F015
:10EFB00029FA0134F2E700BFC9210020B020002067
:10EFC0001FB50E4B1B6800EB800203EB8203044667
:10EFD0001A89D3F80A00D3F80E109B7CADF80C20E8
:10EFE00023F0080301AA03C28DF80E3001AA0C23F6
:10EFF00021460520FCF780FE04B010BDB42000209F
:10F000002DE9FF41134F3B6800EB800203EB8203C5
:10F010004FEA820802228DF80C209E7C1B89ADF8F5
:10F020000430044601A80D46FFF793FF3B684344B4
:10F0300006F002069A7C22F001029A742046FFF73D
:10F04000BFFF1EB115B1204600F0A2FB04B0BDE821
:10F05000F08100BFB420002038B50A4D0A4B2A7851
:10F06000186802EB82029200002114F088F9002453
:10F070002B78E0B2834200D838BDFFF7A1FF0134FE
:10F08000F6E700BFCA210020B4200020F8B500F048
:10F09000F5FC194B1F78194B1C684FF47A735C43CD
:10F0A000174B1A6800254FF0FF31EBB29F4206D88C
:10F0B0004B1C1CD0BDE8F840124800F074BF937C94
:10F0C000DE070BD55E0609D41E0607D41668A0EB32
:10F0D000060C644505D843F040039374013514329F
:10F0E000E3E7231A3344994228BF1946F6E7054B54
:10F0F00000221A70F8BD00BFCA210020B8200020ED
:10F10000B4200020304900202DE9FF41194F1A4E4C
:10F1100000253B78ECB2A34205D8184804B0BDE8FE
:10F12000F04100F035BF0C2301AA21460520FCF771
:10F1300093FD9DF80E20D30719D5D6F80080BDF8B1
:10F140000C1014235C4308EB040322F0080219811D
:10F150009A7401AA03CAC3F80A00C3F80E1000F09B
:10F160008DFC336848F80400234400225A600135BE
:10F17000CFE700BFCA210020B42000203049002082
:10F18000F8B51A4E1A4D326829780023123214202D
:10F19000DCB2A14210D800F071FC00222D78336857
:10F1A0001746FF24D6B2AE420ED3A5420AD900219B
:10F1B0002046FFF725FF05E000FB03F70133D75D8D
:10F1C000FF07E5D42046F8BD93F912C0997CBCF145
:10F1D000000F01DB490605D51968411AB94284BF01
:10F1E0000F46344601321433DCE700BFB420002060
:10F1F000CA2100202DE9F843104B93F80090104BE2
:10F200001C6880460D460A340027FEB2B14501D87D
:10F21000FF2609E0237ADB070DD545B108222146F8
:10F22000284614F082F830B93046BDE8F88334F847
:10F23000023C4345F8D001371434E6E7CA210020E8
:10F24000B42000202DE9F041344B93F8008008F100
:10F25000FF33012B06460C46174603D9A8F10603D7
:10F26000012B57D8002E57D0337A9A1E012A53D833
:10F27000032B0CBF314600213088FFF7BBFFB8F1EC
:10F28000010F054604D0FF2D09D1B620BDE8F0815D
:10F29000404611F096FF0306F5D5FF2D0CD014BBA8
:10F2A000DFB11F4B2DB21B6805EB850503EB850312
:10F2B0009B7C03F03E030FE0337A022BE5D100255F
:10F2C0003188E8B200F0F6FA48B11CB1002323609F
:10F2D000636023810FB120233B700020D6E7013506
:10F2E000202DEDD1D1E72BB203EB83020C4B1B6831
:10F2F00003EB8203327A022A09BFD3F80A201B8962
:10F300002260D3F80E2015BF2380032302236260FE
:10F310002372C5E77020B9E70220B7E72E49002025
:10F32000B42000200A4608B50021FFF78BFF002813
:10F3300018BF702008BD2DE9FF4707464FF6FE7045
:10F340000E461546FFF756FFFF28044643D1FFF748
:10F3500017FF0446294B1B78A3424DD9DFF8A49030
:10F3600085F00801AA10D9F800A0C1F3C00123B2AA
:10F3700002F0100242EA810203EB830305F002056A
:10F380004FEA83082A430AEB830342F001029A748E
:10F390001F813268C3F80A207268C3F80E2000F09B
:10F3A0006DFBD9F800304AF80800434400225A6047
:10F3B0002046FFF705FED9F8003043449B7C9B07AD
:10F3C00002D5204600F0E4F90D4800F0E1FD0020F0
:10F3D00004B0BDE8F0870B4A02238DF80C301268A8
:10F3E00003B203EB830302EB830301A81B89ADF88F
:10F3F0000430FFF7AEFDADE7B420E9E7CA210020F5
:10F4000030490020B420002008B5FFF7F3FE074B79
:10F410001B78834207D90121FFF7F2FD044800F071
:10F42000B7FD002008BD7020FCE700BFCA21002006
:10F430003049002008B5FFF7DDFE094B1B788342F9
:10F440000CD9084B00B21B6800EB800003EB800373
:10F45000987C030754BFC009012008BD0020FCE7C9
:10F46000CA210020B42000202DE9F8430024144FC5
:10F47000DFF858800C7006460D464FF014093B78B3
:10F480002878E2B2934208D8402816D90D490E4890
:10F490004FF4AF72FEF7A0FAFEE7D8F8003009FB90
:10F4A00002339A7CD20706D51989304401F00CFF4B
:10F4B0002B7802332B700134E1E7BDE8F88300BFFD
:10F4C000CA210020B86A02005C6A0200B420002051
:10F4D00073B50446002944D011F091FE204401F098
:10F4E000EDFE801302280CD10621204611F0A3FF67
:10F4F000204401F0E3FE4FF6FF73984209D000214B
:10F500000AE011F07CFE204401F0D8FE80130328AD
:10F510001DD04FF6FF706946FFF76CFE1D4B1B7840
:10F52000834234D91C4D00B200EB800084002E6869
:10F5300000F0A4FA2B683051234418489A7C22F03A
:10F5400040029A7402B0BDE8704000F021BD06216F
:10F55000204611F070FF2218205851686B4603C3F3
:10F56000D7E711F04CFE204401F0A8FEC0F3812043
:10F57000022801D10421B8E711F041FE204401F036
:10F580009DFEC0F381200328C3D10421E0E702B02F
:10F5900070BD00BFCA210020B420002030490020E7
:10F5A00010B50C460021FFF725FE0A4B1B7883425D
:10F5B0000DD9094B00B21B6800EB800003EB800300
:10F5C0005A68A24203D801345C60012010BD0020BB
:10F5D000FCE700BFCA210020B4200020034B1B68B9
:10F5E00000EB800003EB800318897047B4200020F3
:10F5F0000E49096870B500EB80020D4C01EB8201E9
:10F60000034600224FF6FF7514F82200FF2807D0AA
:10F61000D0B2834208D0FF2B02D00E89AE4203D075
:10F620000132202AF0D1FF2070BD00BFB42000209D
:10F630004E4F00202DE9F84306460F4615469846E2
:10F64000FFF7D6FFFF28DFF8909033D1002419F898
:10F650002430FF2B2BD00134202CF8D1BDE8F883C7
:10F6600001F0D4F82844414680B201F0DDF90446A7
:10F670000028F3D001F0AEF88046708801F0AAF8B7
:10F680008146708801F0C2F849460246404613F0B0
:10F69000AFFD204601F09EF88046708801F0B6F874
:10F6A0002A463946404413F0A3FD7480D6E709F892
:10F6B0002460E0B28400B8F1000F04D109EB040625
:10F6C00070880028CCD100222946384601F02EFA55
:10F6D0004C446080C2E700BF4E4F00200023054A23
:10F6E000FF2019460133202B1070518002F10402D3
:10F6F000F8D170474E4F002038B5044D002428192A
:10F70000043400F07FFE802CF9D138BD504F00202A
:10F710004FF6FF73984213B5044618D102230DF13A
:10F72000060200210420FCF797FABDF806304FF6D8
:10F73000FC7293420BD80133ADF806300DF106028E
:10F74000022300210420FCF7D7FABDF8064020462A
:10F7500002B010BD0B4B1B8807B52BB90A490B48EB
:10F760005C22FEF739F9FEE7013BADF806300DF1FA
:10F770000602022300210420FCF7BEFA03B05DF864
:10F7800004FB00BF92210020DA6A02005C6A0200DA
:10F7900010B50446FFF72CFF144A126804EB8401ED
:10F7A00002EB81020346927C12F001020BD0FF288B
:10F7B0000F4A13D1002312F82310FF290DD0013373
:10F7C000202BF8D110BDFF28FCD0094BFF2103F8F6
:10F7D000201003EB80035A80F4E7DBB202F82340E9
:10F7E00002EB830200235380ECE700BFB42000202B
:10F7F0004E4F00202DE9F0410F46002115461E46D0
:10F80000FFF7F8FCFF2813D00A4B04B21B6804EB87
:10F81000840403EB84039B7C990709D5DA0601D5A0
:10F82000FB0705D5324629460123BDE8F04101E733
:10F83000BDE8F081B42000202DE9F7430C460021FB
:10F8400006461F46FFF7D6FCFF2805462DD0DFF8F9
:10F85000609002B2D9F8003002EB820203EB82031F
:10F860004FEA82089B7C99071FD5DA0601D5FB0772
:10F870001BD52046FFF74CFF4FF6FF739842044616
:10F8800013D0014601A801F01FFD0023022201A9A7
:10F890002846FFF7CFFED9F80030434421469A7C32
:10F8A0003046C2F3001212F00CF803B0BDE8F0834A
:10F8B000B4200020F8B5134C14F82030FF2B0F466D
:10F8C00001D10020F8BD04EB800460880028F8D046
:10F8D00000F080FF00250646608800F097FFEAB23E
:10F8E000C0F34F008242ECD206EB42030135597857
:10F8F00016F8123003EB01239BB2BB42ECD101207E
:10F90000E0E700BF4E4F002038B500210446FFF766
:10F9100071FCFF280FD100252146E8B2FFF7CAFF8E
:10F9200058B1094B094A13F82530126803EB8303D9
:10F9300002EB83031C89204638BD0135202DEBD115
:10F940004FF6FF74F7E700BF4E4F0020B4200020B1
:10F9500010B50FF033F8FCF789F810F0FF0415D15B
:10F960000B4800F0B3FB0B4B187000F027FC00F0C5
:10F97000F1FC0EF075FCFFF7DFF9FFF7AFFE012099
:10F9800003F0D6F902F0FEFC04F044F8204610BD66
:10F99000206B02002C49002038B50B4D01F082FC91
:10F9A000F1F778FD287800F076FB0FF00BF80446AD
:10F9B000F1F770F910B9287800F0B8FB2046BDE8DF
:10F9C00038400FF005B800BF2C49002010B50EF0EC
:10F9D000E5FCE0B1F1F765F9044603F0DDF9C0B9E3
:10F9E00044F00404A4B2F1F755F910B144F0020454
:10F9F000A4B202F097FC10B144F00804A4B2094B81
:10FA00001B7813B144F01004A4B2204610BD0124A9
:10FA1000E3E703F0C1F90228E2D0034B1B78062B81
:10FA2000E1D1DDE7364A0020BE49002008B5F1F7F4
:10FA300031F930B9BDE8084003484FF0FF3100F01C
:10FA4000F9BA002008BD00BF206B020013B50446C0
:10FA500008B90DF10604FFF7B9FF8307208007D12D
:10FA600005484FF0FF3102B0BDE8104000F0E2BAA7
:10FA7000002002B010BD00BF206B020007B5FBF7ED
:10FA8000FDFC6A46FBF7B2FD28B105490548D122C5
:10FA9000FDF7A2FFFEE7009803B05DF804FB00BF8E
:10FAA000046B02005C6A0200014B187803F032B963
:10FAB000A821002008B50A4B1B782BB109490A4838
:10FAC000E122FDF789FFFEE703F066F9074B1870A6
:10FAD000012003F004F9BDE80840F1F7FBB800BFCE
:10FAE000BE490020046B02005C6A0200A8210020CD
:10FAF000024B587800F00F00704700BF2C490020DF
:10FB0000034B587800F00F00831E5842584170474D
:10FB10002C4900202DE9FF4BDDF830909DF834B0E2
:10FB200004460D4690461E46FFF7EAFF002843D0E4
:10FB3000224FBB78063B012B3ED91EB9022004B0F0
:10FB4000BDE8F08BB9F1000FF8D00F29F6D81BF003
:10FB5000010F17D1BB781A4F013B012B0BF00F0B94
:10FB60001AD8012011F02DFB030615D5CDE9029B13
:10FB7000CDE900862B46798822464FF6FF70FEF7C6
:10FB8000FDFCDCE70EF026FB0528D7D10EF046FA87
:10FB90000028DFD13820D2E7BA88CDE9029BCDE931
:10FBA00000864FF6FF718A4208BF224678882B46AE
:10FBB000214601F055FEC2E77020C0E72C49002025
:10FBC000A821002008B50246FFF79AFF48B1064B6E
:10FBD0009B78052B05D182F0010003F080F800200E
:10FBE00008BD7020FCE700BF2C4900202DE9F84338
:10FBF0001E460D469046074611F033FB044611F0B1
:10FC0000FEFA814611F021FB214B81449B78A4EB45
:10FC10000904A4B2002B39D0063B012B33D8631F53
:10FC20009BB2BFB9AA1E012A30D8B8F1000F01D08B
:10FC3000073CA3B2022D0CBF023B083B9CB236B17D
:10FC40000EF0C8FA052814BF053C093CA4B22046B2
:10FC5000BDE8F883022F0BD0032F17D1AA1E012A6B
:10FC600014D8B8F1000F01D0073CA3B2083B08E05C
:10FC7000AA1E012A0AD8B8F1000F01D0073CA3B28E
:10FC8000023B9BB2D6E70E3CA4B2D8E7FF24DEE7E6
:10FC90002C4900202DE9F04F89B005469DF84860B9
:10FCA00006938B461746F1F793F8C0B14FF4006006
:10FCB0000DF052F90446002800F0A080FFF720FF65
:10FCC000002800F09D80504B9B78063B012B00F2F2
:10FCD000978055B90225284609B0BDE8F08FF1F7A5
:10FCE00085F80028E2D18020E2E7002FF2D0069BC1
:10FCF000002BEFD0AB7C002BECD006F00103F1071A
:10FD000007934FD416F0080804D0012011F059FAD7
:10FD10000306DFD52B7E002B55D0B5F814A06B7EE3
:10FD2000002B54D0B5F81690079BA97C287ABAEB23
:10FD3000090218BF0122FFF759FFB84262D3CDE98B
:10FD4000019506F00F060A350023012231462046B0
:10FD5000CDE903A7009511F0BBFA0921204611F067
:10FD60006AFB06993A46204413F042FA46F04006F0
:10FD7000B8F1000F2FD011F042FA0546204611F0DD
:10FD800049FA0544ADB24FF6FF71CDE90045029640
:10FD90005B46FF220846FFF773F8054620460DF044
:10FDA000E3F898E72B7A002B94D016F0080804D0DB
:10FDB000012011F006FA02068CD50EF02FF900286A
:10FDC000A8D1382587E7114BB3F806A0A7E70F4B5A
:10FDD000B3F80690A8E711F012FA0546204611F094
:10FDE00019FA0544ADB2CDE90146009543464246B5
:10FDF00059464FF6FF7002F0D7FDCEE718256AE7A7
:10FE0000702568E7742566E72C490020A8210020AA
:10FE100008B5FFF7DBFD10F0070F0CBF0120002035
:10FE200008BD08B5FFF7D2FDB0FA80F0400908BD63
:10FE300010B5044600F0CEF908220146204613F022
:10FE400074FAB0FA80F0400910BD014B187A70477F
:10FE5000A8210020014B187200207047A821002023
:10FE6000014B5888704700BFA8210020014B98889B
:10FE7000704700BFA8210020014BD888704700BF01
:10FE8000A8210020014B9878704700BF2C49002022
:10FE900000F0A0B9014B5880F1F7C6B9A8210020A5
:10FEA000014BD880F1F7D6B9A8210020064B0128D4
:10FEB000987004D0062806BF044B1878002000F084
:10FEC0000100F1F7DDB900BF2C490020B149002045
:10FED00008B5064B0228587006D1FEF7E1FB9020CA
:10FEE000BDE8084010F06FB99120F9E72C490020D7
:10FEF00010B51A4B86B05A88ADF81420DA889B8862
:10FF0000ADF81630164BADF80C209B788DF81230FA
:10FF1000062B044605D1134B1B7813B186238DF8AD
:10FF2000123002F0BAFAADF8100002F0B4FA0C2365
:10FF3000ADF80E000DEB030200210320FBF7DCFE01
:10FF40004CB12068616801AB03C3082301AA0021FA
:10FF50001846FBF7D1FE06B010BD00BFA821002057
:10FF60002C490020B149002038B5447845680EF08E
:10FF700029FD0C2363430549CA58521BB2F1004FB7
:10FF800098BFCD50BDE838400EF022BDA8470020F4
:10FF900010B50446FFF772FD04232370606020460D
:10FFA000BDE81040E0E738B504460D46FFF766FDB2
:10FFB00001232844237060602046BDE83840D3E721
:10FFC00010B50378044663B1042B01D1002010BDA5
:10FFD000FFF754FD6368C21AB2F1004FF6D9181A40
:10FFE000F5E74FF0FF30F2E7F8B50C460646154648
:10FFF000FFF744FD01460DB1FF232B702046002280
:020000021000EC
:1000000056F8323033B11F7887B1042FD4B202D101
:1000100075B90020F8BD5B68CF1AB7F1004FF7D96A
:100020005B1A984202D905B12C7018460132E7E7F5
:100030002C70EEE70022FFF7D7BF70B50446FFF73C
:100040001DFD06460EF0BEFC6FF0004105466068DF
:10005000FFF7F0FF304420602846BDE870400EF006
:10006000B7BC70B50446FFF709FD08340546042601
:1000700054F8080C70B1037853B1042B04D04368D2
:10008000EB1AB3F1004F03D8067054F8043C9847BC
:100090000834EDE770BD38B50446FFF7EFFC0C23DC
:1000A000094D6343EA18EB58C01AB0F1004F09D864
:1000B000506804EB4404FFF7D4FF05EB8400BDE86F
:1000C0003840BAE738BD00BFA847002010B5124A33
:1000D000124914780978A142034605D810491148FD
:1000E000EC22FDF779FCFEE7611C11700E4A0C2131
:1000F00004EB440002EB800001FB04220121536069
:100100001172083353F8082C08330AB15470F9E718
:10011000FFF793FF204610BD2C500020AC69020071
:10012000806B02005C6A0200A847002070B5174E81
:100130007378054623B90EF041FC0024204670BDBB
:100140000EF049FC044630B9114912484FF492723E
:10015000FDF742FCFEE7FFF791FC0F4B0C2202FB80
:10016000053500222A723578D1B28D42E6D9196858
:10017000461AB6F1004FDED91E7A002EDBD1884236
:1001800002F1010203F10C03EED1D4E72C50002060
:10019000806B02005C6A0200A8470020034B0C221F
:1001A00002FB003301221A72704700BFA8470020EB
:1001B000014B5870704700BF2C5000200348044A80
:1001C000008808230021FBF773BE00BF38680200D7
:1001D0002E500020004870472E50002028B1034BBD
:1001E0001B68C01A4010013080B27047544900208B
:1001F00030B1044B00F100401B68013803EB4000B4
:10020000704700BF544900204088C0F30C00033001
:10021000800840000430704710B50346FFF7F4FF34
:10022000074A03EB400354684FF6FF729C4218469E
:1002300004D90188914203F10203F7D010BD00BF39
:10024000544900202DE9F8431E4F3B8905468BB3E6
:10025000B0F90230002B2DDBDFF874801A49D8F892
:10026000000012F0BBFF20B9184840F2CD11FCF796
:10027000A1FBDFF8589000263A89B3B29A4204D81D
:1002800040F2CF114846FCF795FBFB68D8F8001008
:10029000B2B203EBC20453F8320068B943F832102B
:1002A000A3880133A3802846FFF7AEFFE38803EB62
:1002B0004003E380BDE8F88312F090FF0136002888
:1002C000DAD1EDE754490020A66B0200B06B0200C2
:1002D000C4200020034BD3E90030C01AC0F34F0004
:1002E000704700BF54490020024A136803EB4003E3
:1002F0005360704754490020704710B5084CD4E94A
:1003000000329A4204D207484FF48071FCF752FB46
:10031000D4E90030C01A20F0010080B210BD00BF47
:1003200054490020B06B020010B5084C6268236984
:100330009A4204D906484FF48371FCF73BFB2069CD
:100340006368C01A20F0010080B210BD544900203B
:10035000B06B020008B50A4B0A491B680A4A23F031
:1003600001030B44116013615160FFF7DDFF642846
:1003700005D8BDE808400548F021FCF71BBB08BDC7
:10038000A86902000838002054490020B06B020020
:1003900010B5084C226823699A4204D306484FF4EA
:1003A0008671FCF707FB20692368C01A20F0010062
:1003B00080B210BD54490020B06B0200054B1A6892
:1003C000824205D85B68834294BF002001207047B9
:1003D000002070475449002008B520B1FFF7EEFF18
:1003E00000F0010008BD0120FAE7014B18607047DA
:1003F000C4200020014B024A1A607047C42000202C
:10040000A66B02002DE9F0411D4B1B7D012B04461C
:1004100024D10088FFF7ECFE0546D8B1DFF86480F0
:1004200004262C460EF0CEFA07462046FFF70AFFB8
:10043000638843EA08036380A05BFFF7D9FE0446A4
:1004400038460EF0C5FA1CB1B4F90230002BE9DAD7
:10045000062E01D1BDE8F0810626E2E7022BF9D194
:100460000EF0B0FA02462088FFF7C2FE18B10388EA
:10047000C3F30E032380BDE8F04110460EF0A8BA86
:10048000544900200080FFFF2DE9F04FAF4D95B09B
:1004900000240646EC820EF095FA01232B752B8B77
:1004A000ADF80E30D5F804802C830EF091FA2A892D
:1004B000E868D200214612F062FF0DF10E00FFF74E
:1004C000A1FF002E36D1D5F8009000244FF0010A8C
:1004D000C14536D3002C36D1BAF1000FF3D02F68C6
:1004E000A4F50044B9463A46424569D302230DF1CA
:1004F0000E002B75FFF786FF002E40F083802C68DE
:1005000022464A4580F096809088FFF771FE18B128
:100510000388C3F30E039380D088FFF769FE18B1F8
:100520000388C3F30E03D3801046FFF775FE02461F
:10053000E7E79847E3B2013456F82330002BF8D1AF
:10054000C1E7002C36D0013CE4B214AB03EB8403CA
:1005500053F8407CB7F902207B88002AB8DA5A04A5
:10056000B6D4BB4643F480432BF8023F06373BF832
:10057000020FFFF73DFED0B1B0F902C04188BCF1D7
:10058000000F14DB6FEA41416FEA51414180019055
:10059000FFF758FE0F2C9FBF14AB03EB8401019BA8
:1005A00041F8403C9ABF0134E4B24FF0000ABB4529
:1005B000DDD18DE74846FFF72FFE4F468146C9E75C
:1005C0001046FFF721FEB2F902301188002B824657
:1005D00001EA040108DA3846FFF700FE014389B258
:1005E00007EB4A0702EB4A0911801046FFF714FE99
:1005F000024679E79847E3B2013456F82330002BDE
:10060000F8D17CE70024F6E72046FFF705FE804698
:100610007CB1B4F902306188002B0ADA2088C0F37B
:100620000E00FFF7E5FD844203462CD1C1F30D0116
:10063000618044464C45E7D3DFF814810EF0C2F9DF
:1006400000210646404600F074FCFFF7D1FD044649
:1006500000286FD030460EF0BBF92046FFF7D4FDDE
:1006600006463846FFF7BAFD7600814632462146F7
:10067000384612F06AFE002249460DF10E0000F0E5
:10068000ECFB3744DAE71BD92046FFF7BDFDC1F389
:100690000D014200618092B22146184612F055FECB
:1006A000C7E74046FFF7B8FD4646814503D9B0F994
:1006B0000230002B01DA804603E0FFF7ADFDF4E7DE
:1006C0002646C14507D9B8F80000C0F30E00FFF771
:1006D0008FFD8045E5D35EB33088C0F30E00FFF791
:1006E00087FD034638B9A246B346564511D8A642FF
:1006F0009FD05E46EFE73046FFF786FD7288C2F373
:100700000D027280420092B23146184612F01DFE70
:10071000E9E75046FFF780FDD346814503D9B0F99C
:100720000230002B01DA8246DFE7FFF775FDF4E7C0
:10073000B346DEE7BDF80E30287530462B836F6078
:100740000EF046F915B0BDE8F08F00BF5449002007
:100750006C49002070B51A4C14230846A8B02381B8
:10076000C4F80CD0FFF790FEE2682089002302EB6A
:10077000C0001946824213D103EBC103D4E9001231
:10078000521A9BB222F00102934204D00D4840F26B
:100790000221FCF70FF90023E360238128B070BD2C
:1007A00052F8085B002DE7D032F8046C32F8025C96
:1007B000A5EBC60531442B4489B29BB2DAE700BFF2
:1007C00054490020B06B020008B5FFF711FDBDE8E9
:1007D000084001E610B5044608B9002010BDFFF737
:1007E000F3FF20B9084840F2C441FCF7E3F8204683
:1007F000FFF7FEFC0028F0D00388DB0B14BFD0F815
:100800000A000830EAE700BFB06B020010B508B973
:10081000002010BDFFF7ECFC0446FFF7DDFD20B91A
:10082000074840F2DE41FCF7C5F8002CF0D02388E1
:10083000DB0B0ABF60882089C0F30C00E9E700BF2A
:10084000B06B02002DE9F0410546FFF7D1FC0F46E1
:100850000446D8B1FFF7C0FD20B9214840F2F1416C
:10086000FCF7A8F82846FFF7D1FF05462046FFF71A
:10087000D3FCBD42064609D004D8194840F2F941DC
:10088000FCF798F82588ED0B02D02781BDE8F081B0
:1008900067802046FFF7B8FC074604EB40080EF0DF
:1008A00091F8104B5A68B2420AD1C3F804800EF096
:1008B0008FF82A464046FF21BDE8F04112F05FBDA7
:1008C000A6EB0806B5B20EF083F8072DF1D9002388
:1008D000083D44F81730C8F80430A8F80250D5E7AE
:1008E000B06B020054490020F8B50746FFF780FCC2
:1008F000064638460D46FFF789FFA842044611D048
:1009000004D80F4840F22351FCF754F856B133880D
:10091000641BDB0BA4B206D0D6F80A303581234421
:10092000C6F80A30F8BD3846FFF754FF2A460119C9
:1009300012F00BFD29463846BDE8F840FFF782BFAC
:10094000B06B020038B5FFF753FC0D46044650B1BA
:10095000FFF742FD20B9044840F23651FCF72AF86F
:10096000023534F8150038BDB06B020070B5FFF7E2
:100970003FFC0C4616460546B0B1FFF72DFD20B9E9
:100980000D4840F24151FCF715F83046FFF730FCB6
:10099000FFF722FD20B9084840F24251FCF70AF85F
:1009A000023425F8146070BDBDE87040024840F282
:1009B0004651FBF7FFBF00BFB06B020070B50446A5
:1009C0000E4600250CB9284670BD2046FFF71EFFD5
:1009D000314605442046FFF7B5FFADB20446F1E7C6
:1009E00038B50C4DC41CEB69A408640023B10A4857
:1009F00040F25B51FBF7DEFF2A696B68D31AC3F341
:100A00004F03A34283BFA2EB4402EA61012000200E
:100A100038BD00BF54490020B06B0200014B0022DA
:100A2000DA617047544900202DE9F047C41CA4083E
:100A3000DFF8A8A064000434B0F5005FDAF81060B5
:100A400081460F46A4B204D3234840F27251FBF70B
:100A5000B1FF0DF0B7FFDAF81C3080467BB9DAF849
:100A60000450761BC6F34F06B44224D900254046F5
:100A70000DF0AEFF2846BDE8F047FFF7AFBB87B1EA
:100A8000DAF804505A1BC2F34F029442EED86200C7
:100A900005EB4404CAF804408FB91344CAF81C306B
:100AA0000DE0F61AC6F34F0686B90B4840F28351A3
:100AB000FBF780FFDAE705EB4404CAF804400023A3
:100AC000A5F80290AB80EB802B80D0E7B442CDD864
:100AD000DAF80450DBE700BFB06B02005449002095
:100AE000F8B506460D460A2000211746FFF79CFF81
:100AF0000446FFF77DFB60B1038807816FEA43433B
:100B00006FEA5343C0F80A600380C0F80E502046D5
:100B1000F8BD0446FBE708B5FFF76AFB28B1038878
:100B2000DB0B14BFD0F80E00184608BD70B50E469A
:100B3000054611463046FFF777FF044635B128B128
:100B4000FFF748FE3246294612F0FFFB204670BDF3
:100B500038B505460DF036FF294604460022044804
:100B600000F07BF92046BDE838400DF031BF00BFF2
:100B70006C49002038B50DF025FF002105460448DA
:100B800000F0D7F9044628460DF022FF204638BD74
:100B90006C490020024B188BB0FA80F04009704776
:100BA00054490020014B00221A8370475449002009
:100BB00010B5044648B112F03BFB411C0022204610
:100BC00089B2BDE81040FFF7B1BF10BD08B50146BE
:100BD000FFF7F4FB28B1BDE80840A1F10800FFF7DA
:100BE000FDBA08BD08B5FFF703FB034638B1FFF7B0
:100BF0000BFB03EB4000BDE80840FFF7EFBA08BD70
:100C000038B50246FFF7F4FA0546C0B10846FFF7CB
:100C1000EFFAFFF7F9FA6C88C4F30C04013424F0FE
:100C2000010404EB40041046FFF7DCFF8842A4B245
:100C300004D0034840F28D61FBF7BCFE6C8038BDE8
:100C4000B06B0200F8B5FFF7D3FA0E46074668B35B
:100C50004588C5F30C056C1C4B1C24F0010423F0E3
:100C60000103E41AA4B2FFF7B7FBC0B18D421BD257
:100C70000F484FF4D561FBF79DFE082C16D9F31CE5
:100C80009B08023307EB830000227E8047F8232075
:100C9000083C42604480BDE8F840FFF79FBA044832
:100CA0004FF4D561FBF786FEB542E6D10020F8BDD2
:100CB000B06B020037B505460068FFF787FFADF857
:100CC0000600E8B1FFF794FAD0B10388DB0B04D03B
:100CD0000C4840F2C461FBF76DFE0DF10600FFF712
:100CE00091FBBDF80600FFF783FA0446FFF774FB9B
:100CF00020B9044840F2CA61FBF75CFE08342C605E
:100D000003B030BDB06B02002DE9F74F04460088F8
:100D10001F46FFF76DFA884615460646FFF75CFB4F
:100D200020B9404840F2DA61FBF744FE3388DB0B20
:100D3000009306D033892B443381002003B0BDE8F3
:100D4000F08F2088DFF8E0B0FFF760FD8246304684
:100D5000FFF762FA01900DF035FEDBF80420019BED
:100D60009A4281461DD1FFF7DFFA854204D94846F1
:100D70000DF02EFE1A20E1E705EB0A0373803FB168
:100D80002088FFF727FD2A464146504412F030FAEA
:100D90003046FFF741FACBF8040048460DF018FE44
:100DA000CBE70DF015FE2088FFF730FD28440099B1
:100DB00080B2FFF739FE06460028DBD0FFF70AFDB8
:100DC00081462088FFF706FD82462088FFF71EFD3A
:100DD00051460246484612F00BFA3046AFB1FFF7D3
:100DE000F9FC07462088FFF711FD2A4641463844A2
:100DF00012F0FEF901212088FFF7A4FD012102462F
:100E00003046FFF7B3FD268097E7FFF7E3FC804607
:100E10002088FFF7FBFC2A463946404412F0AFFA1F
:100E2000E8E700BFB06B0200544900200021FFF743
:100E3000FBBDFFF7E7BAFFF7CDBCFFF7E7BCFFF755
:100E400073BA70470088B0FA80F040097047008894
:100E500010B1C9B2FFF776BD70472DE9F041B0F887
:100E6000008006460C46D5B2B8F1000F11D02946D5
:100E70004046FFF767FD2246074629464046FFF7F2
:100E800075FD3A4629462046FFF770FD3480BDE8DF
:100E9000F0810F46F5E738B5058800220446FFF7D4
:100EA000DCFF05B1258038BDF8B507460D46008842
:100EB00000211646FFF746FDB042044605D12946FB
:100EC0003846BDE8F840FFF7E6BF00212046FFF7AF
:100ED00039FDB04205D020460021FFF733FD04461E
:100EE000F3E72A4620460021FFF740FD3246284618
:100EF0000021BDE8F840FFF739BD034608461B88CE
:100F00008B4202D00021FFF71DBD0020704738B58D
:100F1000044638B10021FFF79AFF002301465D1C0B
:100F200009B998B238BD2046FFF7E7FF2B460146C6
:100F3000F5E7F8B5058807467DB1CCB221462846CD
:100F4000FFF700FD8542064609D100233B800022C1
:100F500021463046FFF70AFD35462846F8BD2146B2
:100F6000FFF7F0FC214602462846FFF7FFFCEEE7BC
:100F70002DE9F04707888246884614465FB3384615
:100F8000FFF744FC3D460646E4B221462846FFF7FB
:100F9000D9FC4045814616D12146FFF7D3FC2146B6
:100FA00002462846FFF7E2FC474504D1454508BF05
:100FB0000025AAF80050002221464046FFF7D6FC43
:100FC0003046BDE8F0878742FAD0FFF71FFC304477
:100FD00086B24D46D9E73E46F2E72DE9F84307468B
:100FE0000E4690460C46BCB13B88B3B141463846EC
:100FF000FFF72DFF8146FFF709FC8442054606D323
:1010000041463846641BFFF794FFA4B2EBE7051B8B
:10101000A9B24846FFF768FC0024301B80B2BDE847
:10102000F8832DE9F843B0F8009017460D4649B310
:10103000B9F1000F05D1144B144AF92114480CF0F2
:1010400035F84E465FFA83F841463046FFF77AFCA2
:101050000646FFF7DBFBA84228BF284684B230468D
:10106000FFF7B8FB22460146384627442C1BA5B2A1
:1010700012F06BF935B1B145E6D1064B034A4FF496
:101080008371DBE7BDE8F883FD6B0200666C02004C
:10109000116C0200596C020070B50688054696B9BD
:1010A00070BD20460121FFF74DFC0446012120467A
:1010B000FFF748FC0028F4D1324601212046FFF713
:1010C00055FC2C80ECE73446F0E770B50688044602
:1010D00056B101213046FFF735FC002205460121BB
:1010E0003046FFF743FC258070BD2DE9F84F894657
:1010F0000021074692469846FFF7A9FE00260446BF
:101100000CB9254622E02046FFF764FB0546204641
:10111000FFF77CFB05EB000B5D450AD32146384603
:10112000FFF7EBFE0446EBE77B8801361D44B6B2C1
:10113000F2E7BB88B342F1D951462846C847002898
:10114000F2D0B8F1000F01D0A8F800602846BDE841
:10115000F88F2DE9F84F8946002180469246FFF727
:1011600076FE00260446374614B93046BDE8F88FAF
:101170002046FFF72FFB05462046FFF747FB05EB10
:10118000000B5D4505D321464046FFF7B6FE0446F9
:10119000EAE7B8F80430BB42F5D951462846C847BB
:1011A00008B10136B6B2B8F8023001371D44BFB2FB
:1011B000E7E7F8B583888B4206460F4601D8002042
:1011C000F8BD0021FFF743FE748814FB07F40546C1
:1011D000A4B2002DF3D02846FFF718FB844204D2B6
:1011E0002846FFF7F7FA2044EAE7241A2946304652
:1011F000FFF783FEA4B20546EBE72DE9F0410F4669
:1012000000210646FFF723FE4FF00008054615B9FA
:101210004FF6FF7011E02846FFF7DCFA0446284637
:10122000FFF7F4FABC420AD823189F4207D2381BB2
:1012300073884044B0FBF3F080B2BDE8F0814044D5
:1012400029461FFA80F83046FFF757FE0546DEE7CD
:10125000F8B5C68804460D4646B18188013E4B1C50
:101260008380C680BDE8F840FFF7A3BF408810FB2D
:1012700001F080B23146FFF7D7FB074670B1324626
:1012800001462046FFF7E9FDA388013D0133A38015
:10129000E5803846BDE8F840FFF79CBAF8BD00BFCE
:1012A0007047704708B5FFF7FBFF0348FFF7ECF8FE
:1012B000FFF7F7FF08BD00BF986C02000088704779
:1012C000008840BA80B270470170090A41707047C7
:1012D0000B0A03704170704710B50024E3B210B9D7
:1012E000C3F10303DBB20134042CCA544FEA1222C7
:1012F000F4D110BD10B50B784C788A78C97828B92C
:1013000010462246044608461946034642EA012092
:1013100043EA042343EA004010BD0144884201D15E
:101320000120704710F8013B9342F7D0002070472E
:10133000013A0A44013801398A4200D1704712F853
:10134000013900F8013FF7E708B588B10023C25C16
:101350004AB10133B3F5803FF9D106490648672207
:10136000FCF73AFBFEE798B24FF6FF739842F4D0D1
:1013700008BD00BFC06C02005C6A020010F8013BAF
:1013800011F8012B13B9524250B270479342F5D075
:10139000981A40B270478B42F0B528BF0B460446FE
:1013A0000020C11D99421546264602DB98420BD308
:1013B000F0BD377829788F4204F1010402F101026F
:1013C000F4D1083080B2ECE7327829784A40D24331
:1013D000D2B280242242EBD0013080B283424FEA65
:1013E0005404F7D1E4E7F8B5C2F3C70402F00707E5
:1013F000224605460E4611F0A8FF47B1325D295D31
:10140000FF233B4122EA03020B4013432B55F8BD57
:1014100038B50A4C2378013B2370FEF727FD0546BB
:101420000CF0FCFD0146284610F07DFA28B1201D85
:10143000C821BDE83840FEF7B6BD38BD744900206C
:101440001FB50C2301AA00210320FAF705FCBDF803
:101450000C004FF6FF7398423BD0FEF71BFDBDF822
:1014600004001D4CFEF71CFD1C4BBDF80E20BDF802
:1014700008001A8001F09EFCBDF9060001F0E7FCAF
:101480009DF80A00164AC30900F00F001370FEF71A
:101490000DFD0CF0DBFDFDF737FE2078042816D09B
:1014A000C21F5042504101F01AFC0220FEF710FD0D
:1014B0002078012808D10FF084FE030604D500210E
:1014C0004FF6FF7010F00DFA002004B010BD01209F
:1014D000E9E79320F9E700BF2E490020AC21002066
:1014E000B14900201FB5002101AA0C234FF0FF34A1
:1014F0000320CDE901440394FAF7FEFB002000F03D
:10150000F8FA0020FEF7D2FC4FF6FE70FEF7C2FCA0
:101510004FF6FF70FEF7C4FC044B01201C8001F065
:10152000DEFB0020FEF7D4FC04B010BDAC2100208F
:1015300008B5FEF7E5FA58B1064B1B78023B022BC3
:1015400006D8054B08221A70FFF762FF002008BD7D
:101550007020FCE72E490020744900202DE9F0415D
:1015600086B01C468846174606460FF048FE2044C3
:10157000FFF7A4FE05460FF042FE2044FFF79EFE53
:10158000C5F3C005C0F3401045EA400520468DF87C
:10159000045010F060F8042805D8294929488F2202
:1015A000FCF71AFAFEE7092120460FF044FF235CFE
:1015B000DB0706D52146304610F04AF906B0BDE8F3
:1015C000F0810B2120460FF036FF2044FFF776FE16
:1015D0000546FEF745FC8542F0D10A2120460FF072
:1015E0002AFF2044FFF76AFE0921ADF806002046D5
:1015F0000FF021FF235C20461B118DF8083010F0FE
:101600002AF805380C21ADF80A0020460FF013FF28
:10161000044403948DF809808DF81070FEF72EFABB
:101620000446F0F717FB4FF47A7300F5FA7001A93E
:10163000B0FBF3F0241A304605940EF0DCFDBDE754
:10164000E76C02005C6A02002DE9F04F06218BB0C6
:1016500004460FF0F0FE2044FFF730FE80460FF006
:10166000CEFD2044FFF72AFE05460FF0C8FD2044BA
:10167000FFF724FE8346204610F097F9002870D02B
:101680000B2120460FF0D7FE2044FFF717FE0A215A
:10169000814620460FF0CFFE2044FFF70FFE594F42
:1016A0000646092120460FF0C6FE3B7814F800A03C
:1016B000013B012B4AD9092120460FF0BCFE235CD7
:1016C000CBF3401BC5F3C005DA0745EA4B054BD405
:1016D000204610F072F9002843D0FEF7C1FBB0425B
:1016E0004FEA1A1A49D1FEF7C1FB404570D1204696
:1016F0008DF81450ADF816908DF818A00FF0ABFFD0
:1017000005380C21ADF81A0020460FF094FE204455
:101710000790F0F7D1FA8DF81900F0F7E9FA8DF893
:101720002400FEF7ABF90446F0F772FA4FF47A732F
:10173000012100F5FA70B0FBF3F0241A1020089490
:1017400002F070F905A80EF060FD0AE000214046A5
:10175000FDF750FDFF28AED00021FDF729F8002845
:10176000A9D00BB0BDE8F08F2B4632464946204643
:101770000BB0BDE8F04F10F007B84FF6FF739E4274
:10178000B1D03B78052B04D1304600F003FE002891
:10179000A9D13B78013B012B17D820460FF05BFF06
:1017A0000C21074620460FF046FE053F0444002367
:1017B000BFB20093039502940197534632464946BF
:1017C0004046FCF7DBFE0028CBD00121122013E0BD
:1017D0003B78052B8BD0013B012B0BD801200FF060
:1017E000F0FC030683D500214046FDF703FDFF28EA
:1017F0007FF47DAF012111200BB0BDE8F04F02F066
:1018000011B900BF2E49002038B50A4B1B78023BA6
:10181000022B05460C460CD8FEF728FBA84208D13F
:101820000CF0FCFB08B1E30703D5BDE83840FFF737
:1018300059BE38BD2E490020034B00221A711B7877
:1018400003B1E5E5FFF74EBE7449002018B1034B24
:101850001B7803B1DCE5FFF745BE00BF74490020EB
:101860002DE9F04387B089469DF84470BDF83C608F
:101870000221804614461D46002207F00103084657
:10188000FEF7B4F9B0421ED32A464346012104A80C
:10189000CDF800900FF0BCFD0C4B10991B7802970F
:1018A000063B012B98BF0022CDE9006198BF13468B
:1018B0009DF8381084BF052204AB204601F074F86F
:1018C00007B0BDE8F0837420FAE700BF2E4900207E
:1018D00010B50446FCF7C6FC28B1B4F90200BDE817
:1018E000104001F0B4BAA088EFF732FD0028F4D020
:1018F00010BDF7B51D46184B089C0F461646002232
:101900001A701A72FEF7D2FA3846FEF7C3FA30465A
:10191000FEF7C6FA114B1D8024B94FF0FF33CDE915
:1019200000336C462046FEF7E3FAFDF713FFFDF7A0
:1019300093FB0CF05FFB0A4B1878042809D0C31FF7
:101940005842584101F0CBF90220FEF7C1FA03B02A
:10195000F0BD0120F6E700BF80490020AC21002047
:101960002E49002010B50A4A0023137082F828304F
:101970001372084A04464FF6FF701370FEF790FA90
:10198000012001F0ACF92046BDE810400EF01BBC70
:10199000804900202D4900202DE9F84F06468A464F
:1019A00001464FF6FE7099461746DDF828B01E4CEA
:1019B000FDF720FC8046608DFEF728FF84F824A008
:1019C0003368E36173682362184B1B78063B012B75
:1019D000054604F11C0A04D8042384F82830BDE825
:1019E000F88F60B1484501D90723F6E7608DFEF70F
:1019F000F1FE2A46594611F098FC0028F4D1B8F1BE
:101A0000FF0F0ED1FDF7BCFBFF2801D10623E4E751
:101A1000032384F8283039465046BDE8F84FFCF7D8
:101A200057BF0523D9E700BF804900202E49002079
:101A300037B5114B114A1B7812781343054615D15F
:101A400001200FF0BEFB030612D59DB12846FFF71B
:101A50003FFF044638B9009001462A884FF6FF73CD
:101A60000120FFF746FF204603B030BD7024FAE79F
:101A7000B524F8E70224F6E72D490020364A002075
:101A80002DE9F3411746174A1278831F05460E4683
:101A9000DBB222B17024204602B0BDE8F081012BF8
:101AA0000BD90528F6D14FF6FE739942F2D04FF6C6
:101AB000FF78464506D10224EDE7FCF7D3FB00286A
:101AC000F5D0E7E7002FF6D03846FFF701FF0446D0
:101AD0000028E0D100903A88434631462846FFF777
:101AE00008FFD8E72D490020024600210620FFF715
:101AF000C7BF08B5104B00221A70104A1278022A8C
:101B000018D10F4A1278511E012902D9063A012A2A
:101B100010D818B983F82C00002008BD0121FF2837
:101B200083F82C10F8D001EB800109020248FEF77F
:101B30003AFAF1E77020F0E7804900202D490020B3
:101B40002E49002038B505460C4679B110280DD82D
:101B50000021FEF769FF074AD08548B1FEF73AFE3B
:101B60002A46214611F044FB002038BD0220FCE744
:101B70001820FAE78049002038B505460C4679B1AF
:101B800032280DD80021FEF74FFF074A508548B193
:101B9000FEF720FE2A46214611F02AFB002038BD20
:101BA0000220FCE71820FAE780490020014B0020C2
:101BB000588570478049002008B501F0CBFD18B961
:101BC000024B022283F8302008BD00BF804900206C
:101BD00008B5084A1278062A09D1074A82F8310066
:101BE000EFF74EFB0020FEF783F9002008BD7020C0
:101BF000FCE700BF2E490020804900201FB5194C8A
:101C00000023237294F82830012B21D103238DF86F
:101C10000C30FEF73DF9024600685168628B01AB5B
:101C200003C304F1100101A801F006FCEFF7C8FBA3
:101C30004FF4F04358434FF47A71B0FBF1F104F1E3
:101C40000800FEF7B0F9022384F8283004B010BD74
:101C5000054B1B78012BF9D1962004B0BDE810404C
:101C600080E600BF804900202D4900200020FFF7BA
:101C700040BF2DE9F341504C94F83050FDF740FF40
:101C800030B14E4B187804280ED0C21F504250413C
:101C900001F025F894F8303043B94949494840F2F9
:101CA0008912FBF799FEFEE70120F1E7002315F00A
:101CB000020584F8303004D002B0BDE8F0410EF0E7
:101CC000E8BA237E002B71D03C4EE38C317884F847
:101CD00024508A1F012A0BD84FF6FE729B1A18BF98
:101CE000012307294FEAC3134ED184F8243009E0B9
:101CF0004FF6FF704A1E8342D2B23FD0012A41D92B
:101D0000042945D100200FF05CFA030648BF94F87F
:101D10002430608B44BF43F0400384F82430FEF746
:101D2000BFF83378063B012B37D9608DFEF76EFD87
:101D300010B194F8293023B9E28C4FF6FD739A4222
:101D40002BD894F82900668B94F82470B4F8268078
:101D500048B1608DFEF75AFDC5B294F8290010B164
:101D6000608DFEF737FDCDE90050434616483A46F0
:101D7000314601F0C3FA02B0BDE8F081802384F857
:101D80002430BBE794F8243043F0020384F8243075
:101D900094F8243043F00803A7E794F82420618BDB
:101DA000094802B0BDE8F04101F070BAAB2002B0C2
:101DB000BDE8F041D6E500BF804900202E49002053
:101DC000056D02005C6A0200904900202DE9F8438D
:101DD000DFF8E4801646364A98F80030127813434C
:101DE00005460F4603D070242046BDE8F883841FC3
:101DF000E4B2FCF737FA58B1022DF4D0012CF2D935
:101E000026B1AB1E052B01D8052D4CD10224EBE7E2
:101E1000002EFBD0AB1E052BF8D8052DF6D0012CDB
:101E20000CD94FF6FE739F42F0D0022D0AD101204B
:101E30000FF0C7F9030605D4B524D5E74FF6FD73B7
:101E40009F42E3D93046FFF743FD04460028CBD13B
:101E500000F045FFEFF768FF18BB4FF00109284677
:101E6000144D88F80090FEF721F833886B832C76A8
:101E7000EF8485F83090FCF7F5F928B102232B7632
:101E80002C82FFF7F6FEAFE7B08801F063FC064650
:101E90000028A9D0922085F83040FFF763FD344632
:101EA000A2E78E24A0E74FF6FE739F42AED0C9E7AB
:101EB000364A0020804900202D4900200A464FF66E
:101EC000FF71FFF783BF2DE9F04F09218BB0044666
:101ED0000FF0B1FA04EB000920460FF0BCFB05211E
:101EE000054620460FF0A7FA2044FFF7E7F98046A1
:101EF0004846FFF7E3F90DF11B01074620460FF0B6
:101F0000E4FB064648B3214607A80FF00FFB354B0C
:101F10001B78A3F1060B5FFA8BFBBBF1010F0FFAE5
:101F200087FA1DD8304A92F8302091072FD59DF8B6
:101F30001B4000231E44EFF7BFFE9DF81B30CDF879
:101F40000490ED1AEDB20246CDE9024600954FEA43
:101F5000DA7307A940460EF072F90BB0BDE8F08FB6
:101F60009DF81B4005930D2CF7D920480E223146D1
:101F700011F0DBF90028F0D11B4A059B92F83020C4
:101F800012F0020F03D00E3CE4B20E23D2E7D207C8
:101F9000E3D5174A1278012ADFD1134A518B414504
:101FA000DBD1BAF1000FD8DA9DF82410022902D152
:101FB000BDF81C1029B1033B012B0ED8137E002B5A
:101FC000CBD107AB03CB0B4C1B881061C7F3403759
:101FD0006160238182F82970BFE7BBF1010FF0D95E
:101FE000BBE700BF2E49002080490020276D02007A
:101FF0002D4900209049002070B50C4E0C4CF08DFE
:10200000002386F834300B4B1B78063B012B98BF1E
:102010000024FEF7DFFB0546F08DFEF7F7FB2946AF
:10202000C2B22046BDE8704001F086B88049002069
:10203000276D02002E49002010B5FDF761FDF8B1B3
:10204000104B1B785A1E012A02D9063B012B17D8C8
:10205000FDF706FF4FF6FF73984211D00A4C94F833
:1020600034306BB9FAF7C6FC3223B0FBF3F202FB53
:10207000130189B204F13400BDE81040FDF793BFAD
:1020800010BD00BF2E4900208049002037B50D4B00
:102090001B785A1E012A04460D4602D9063B012B25
:1020A0000ED8FDF72DFD58B1074B93F82C303BB1FE
:1020B000002300934FF6FF7229462046FFF76CFC81
:1020C00003B030BD2E490020804900202DE9F047A3
:1020D0001E46124B9DF820701B78BDF82480DDF859
:1020E0002890013B012B0446154615D8FDF708FD45
:1020F00090B10B4B93F82C3043B1CDF82090434670
:10210000324629462046BDE8F04745E40BF086FFFD
:102110000028F2D0002FF0D1BDE8F0872E49002032
:102120008049002008B590B90B4B1B78063B012B6A
:1021300007D80A48FDF72CFF094B012283F8282015
:1021400008BD06484FF4FA71FDF72DFFF4E7BDE82E
:102150000840962006E400BF2E4900208849002050
:1021600080490020FFF7DEBF73B5124B1B78012BAF
:1021700006460C460CD1B1B90F4DFDF783FE297E02
:102180006A8B022906D12B8A00943146FFF7B1FBF6
:1021900002B070BD032905F110054FF6FE730CBFA8
:1021A0002C460024F0E7952002B0BDE87040FFF710
:1021B000D9BB00BF2D4900208049002008B5074B3E
:1021C000014693F8280038B1082203F11C0011F0F1
:1021D000ACF8B0FA80F0400908BD00BF804900208B
:1021E0002DE9F34104460FF00AF82044FFF766F8A2
:1021F0008013032804D00027384602B0BDE8F081E0
:10220000062120460FF017F92218205851686B4616
:1022100003C36846FFF7D2FF07460028EBD03C4EC9
:1022200096F82830072B4DD0032B20D1FCF74AFB22
:102230004FF6FF739842044644D096F8242006F1E6
:102240001C01FDF778F8051E18BF0125314B96F8E3
:1022500024201B789107A3F10603DBB23CD5012BA8
:1022600088BF4FF0020898BF4FF006083CE0042BEF
:102270000CD196F92430002B28DA4FF6FD75FAF7C9
:10228000B9FBA8420446FAD80025DFE7052B21D187
:1022900069464FF6FE70FCF7ADFFFF2812D0FDF740
:1022A0009DF996F8242006F11C010446FDF743F839
:1022B00005460028CAD01849184840F2DB22FBF72F
:1022C0008BFBFEE702254FF6FF74BFE700254FF6B4
:1022D000FE74BBE70125F6E7120713D4022B34BFC7
:1022E0004FF007084FF004080D482A46214601F038
:1022F0005BF81DB9214640460DF06DFF002386F8BE
:10230000283079E7012B88BF4FF00308ABE700BF07
:10231000804900202E490020056D02005C6A020001
:102320009C490020024B1878431E58425841704780
:102330002D49002010B5054C04F12E00FEF762F87F
:1023400004F12A00BDE81040FEF75CB88049002087
:10235000012908B508D8054A22F811000131C9B28F
:10236000EEF7F4FC002008BD0220FCE7CE4F002071
:1023700001289ABF024B33F810004FF6FF707047E8
:10238000CE4F0020024B4FF6FF721A805A807047E2
:10239000CE4F0020054B1A88824204D05B881B1A5E
:1023A0005842584170470120704700BFCE4F00206F
:1023B0000148FDF7EDBD00BF004A00202DE9F04FB8
:1023C0008FB092469DF86440DDF860902B4D4FF63B
:1023D000FF721F46904204F0400380460E4608BF3D
:1023E00004F0FD047BB1A8683A46494610F000FFAE
:1023F00084F02001A8682C73C1F340110FB0BDE830
:10240000F04FEEF71FBC4FF0020B07938DF828B08A
:10241000FDF726FD8DF834B0ADF82C80D5F808B066
:10242000ADF82000FDF728FD8046FDF725FDF219E7
:1024300092B2CDE9030208AACDE901820BAA00926B
:10244000079B0122214658460EF042FF56B1D5F8AF
:102450000880092140460EF0EEFF324651464044C6
:1024600010F0C6FED5F80880092140460EF0E3FFC3
:1024700030443A4649464044B8E700BF004A00208D
:1024800038B50D46EEF726FF044610B90DB1FDF73D
:102490002FFD204638BDEEF729BFEEF72DBFEEF732
:1024A00031BF0128034604D8044A507B18B99373FE
:1024B0007047022070477020704700BF004A00201C
:1024C0000B4B1B78063B012B0DD870B1037A023BF6
:1024D000012B0AD8074B02681A6142685A610289C7
:1024E0001A8300207047702070470220704700BF99
:1024F0002E490020004A002010B5134CA47E86B05F
:10250000FCB98DF80730BDF82030ADF80830BDF8C3
:102510002430ADF80A309DF828308DF80C300B9B34
:102520008DF80400049301A8BDF830308DF8051033
:102530008DF80620ADF81430EEF7D2FB204606B039
:1025400010BD3E20FBE700BF004A002013B5174B2B
:102550001B78063B012B044624D828B3FDF786FCE4
:102560004FF6FF73984204D100232372002002B07B
:1025700010BDFDF77BFC4FF6FE7398420CD108238B
:10258000002118466A46F9F767FB032323726B465E
:1025900003CB20606160E9E702232372FDF766FC4C
:1025A0002080E3E77020E2E70220E0E72E490020E8
:1025B00010B58AB0FDF7A4FA10B970200AB010BDAA
:1025C000254C2378DA1E012A26D8FDF749FC4FF660
:1025D000FE7398422DD103238DF80C30FDF758FC83
:1025E00002460068516801AB03C32378063B012B08
:1025F00029D89DF8243023B307AA1068516812899E
:1026000004AB03C31A80FDF737FC04A9024601A8F6
:1026100000F012FF0020D1E7063B012BCDD807A820
:10262000FFF794FF0D4B9DF824201B7E1343CCD164
:10263000C3E702238DF80C30FDF712FCADF804005F
:10264000D3E7074AD9E702238DF81830FDF70EFCCF
:10265000ADF81000D7E700BF2E490020004A002047
:10266000104A00200346084601B10B60EFF764BB37
:102670000020EFF761BBEFF787BBEFF79BBB014B88
:10268000D8697047004A002070B58CB004460EF03F
:10269000B6FD2044FEF712FE00F007060EF0AFFD77
:1026A0002044FEF70BFEC0F38120022837D104211D
:1026B00020460EF0C0FE2044FEF700FE4FF6FF73EA
:1026C00098422CD10121032001F0ACF90EF097FDC6
:1026D0002044FEF7F3FD030726D5072120460EF020
:1026E000AAFE235C03F00703052B04D0484B1B789C
:1026F000063B012B18D8012E14D1454B1978063909
:10270000012994BF0021012120460BF0B1FC58B1F2
:1027100001210E200CB0BDE8704001F083B9012109
:102720000220D1E70021EFE701212046FCF7D0FE8F
:10273000012E58D1FDF7E4F900284CD0344B1B781A
:10274000063B012B49D80EF05AFD2044FEF7B6FD9A
:1027500000F008050EF053FD2044FEF7AFFD2B1EE0
:1027600018BF0123C0F3401043EA40038DF8003046
:10277000EFF7A2FA8DF81C00EFF7BAFA8DF81D00FA
:1027800045B1082120460EF056FE21183046FEF7CE
:10279000B1FD05460895FDF771F90546EFF738FAE2
:1027A0004FF47A7300F5FA70B0FBF3F02D1A20465F
:1027B0000B950EF050FF0921ADF8240020460EF0D5
:1027C0003AFE20440A9021460DF102000EF004FF6B
:1027D00068460DF02CFD0CB070BD20460CB0BDE875
:1027E0007040FEF731BF032E0AD120460FF0A5F846
:1027F0000028F0D020460CB0BDE8704000F060BB6F
:10280000002EE8D120460CB0BDE87040FFF75BBB5E
:102810002E4900202DE9F0438FB014460F4605469F
:102820000EF0EDFC2044FEF749FD00F007080EF025
:10283000E6FC2044FEF742FD81460EF0E0FC204419
:10284000FEF73CFDC0F38120022820D10421204660
:102850000EF0F1FD2044FEF731FD4FF6FF73C21A72
:10286000564256410EF0CBFC2044FEF727FD0307ED
:102870000FD5352D1BD0002120460BF0F9FB40B1C0
:10288000454946484FF4DD72FBF7A6F8FEE70026FF
:10289000E8E709F02000002D4DD100285AD0012191
:1028A000052001F0BFF829462046FCF711FEB8F1DB
:1028B000010F66D13A4B3B4E1B78063B012B56D895
:1028C000337B03F00F0213F001008DF8042007D0D2
:1028D000082120460EF0AFFD21184046FEF70AFD04
:1028E000099020460EF0B7FE0921ADF828002046D9
:1028F0000EF0A1FD96F820308DF8203020440B908A
:102900008DF83070FDF7BAF80646EFF7A3F94FF4EB
:102910007A73214600F5FA70B0FBF3F0361A0DF128
:1029200006000D960EF058FE01A928460DF075FC24
:102930000FB0BDE8F083312D06D08D2D10D0402D85
:10294000B5D10121062002E020B10121052001F0CE
:1029500069F8ACE701210EB10920F8E70420F6E799
:10296000002E4FF001010CBF07200A20EFE796F878
:10297000201023463A4628460FB0BDE8F043FEF744
:10298000EDBDB8F1030FD3D1214628460FB0BDE805
:10299000F04300F061BB00BFF86D02005C6A02000A
:1029A0002E490020004A00202DE9FF47044602205E
:1029B0001F46BDF83090DDF834A09DF838800D46F4
:1029C00016460EF0FEFB030602D518F0800F11D05C
:1029D000114B1B78F3B9114B3A4683F8205031461E
:1029E000CDE900A84B462046FFF7E8FC002004B0E4
:1029F000BDE8F087CDE901A8CDF800903B4632460E
:102A0000294620460BF040FC0028F0D10348FDF792
:102A1000BFFAEBE78C20EAE7BE490020004A00201D
:102A200010B53D4B1B7888B0002B6BD1FBF72EFC0B
:102A300028B93A4808B0BDE81040FDF7A9BA374CAC
:102A400094F82130DB0709D5354B1878EEF72EFCCA
:102A500094F8213023F0010384F8213094F82130D8
:102A6000980714D594F82200EEF772FC94F8213000
:102A700023F00202190784F8212008D50020FDF771
:102A800037FA94F8213023F0080384F8213094F8C1
:102A900021305A070BD523F0040384F82130012399
:102AA000A376636A002008B0BDE810401847A37EF3
:102AB00043BB0BF073FC38BB1A4B1B78042B01D0C3
:102AC000072B03D11848FBF737FDD8B903A80BF043
:102AD00079FC30B9154916484FF41A72FAF77CFFA1
:102AE000FEE79DF8113084F820309DF80C300193FA
:102AF0000022059B0093BDF80E00BDF81230114670
:102B0000FFF75CFC08B010BDA37E002BFAD108B023
:102B1000BDE81040EEF738BCBE490020004A002056
:102B2000D02100202E490020B1230100F86D0200C1
:102B30005C6A0200024B00221A70FFF771BF00BFEF
:102B4000004A002002461248837E10B51BB990F857
:102B50002130590703D501209047002008E00D4996
:102B6000097831B95BB9012484761846904720462C
:102B700010BD43F00403426280F82130EDE743F0DA
:102B80000403426280F82130FDF702FAE5E700BF56
:102B9000004A0020BE4900200248837E0BB9FDF7A1
:102BA000F7B97047004A002010B5164A037A127828
:102BB000063A012A04460ED8032B08D1FFF7FEFA85
:102BC000E0B92046FCF7BEF900F0010010BDBDE8F9
:102BD0001040FCF7B7B9022B05D1BDE810400088C2
:102BE0000021FCF727BC032B0AD1FFF7E7FA28B92D
:102BF00021464FF6FE70FCF71DFCE5E70120E3E7F8
:102C00000020E3E72E490020F0B585B004460EF021
:102C1000F6FA2044FEF752FB00F007070EF0EFFA39
:102C20002044FEF74BFB274B06461FBB93F828506A
:102C30000135EDB283F828500EF0E1FA204485709A
:102C400001A821460EF09CFC01A8FFF7ADFF38B1AA
:102C50000EF0D5FA46F0100189B22044FEF734FB9D
:102C60000EF0CDFA2044FEF729FB030712D4002012
:102C700005B0F0BD93F829500135EDB283F8295025
:102C80000EF0BDFA2044032F8570D9D1204600F004
:102C900009FAD5E7072120460EF0CDFB451C0BF0C5
:102CA000C5F92544024629460120FEF715FB2046BA
:102CB0000BF0DCF90028DAD00B20012100F0B2FE85
:102CC0003520D5E7004A00201FB5014601A80EF0C7
:102CD0002DFC01A8FFF768FF05B05DF804FB0A4A68
:102CE000117881420ED0094B10701B780BB9EEF7AA
:102CF000DDBA074890F8213043F0010380F8213015
:102D0000FDF746B9704700BFD0210020BE49002022
:102D1000004A002010B5044B00241C70FFF7DFFFB1
:102D2000024B1C7010BD00BF004A0020BE490020AD
:102D300038B5164C002323760546EEF761FCF9F70B
:102D400059FE84F82900F9F755FE84F82800284632
:102D5000FFF7E0FFA368ABB9EEF73AF860B14FF4C4
:102D600000600AF0F9F8A06060B90949094840F22A
:102D70006912FAF731FEFEE7EEF738F80028EED1D7
:102D80008020EEE701236373002038BD004A002055
:102D9000F86D02005C6A0200014B1878704700BFB2
:102DA000D0210020024800238376FDF7F1B800BF50
:102DB000004A002038B50E4D2B78044623B9204632
:102DC000EEF7C6FA012038BDFBF74CFA10B12B78AC
:102DD000012BF4D0074890F8213080F8224043F0CE
:102DE000020380F82130FDF7D3F80020EBE700BFA5
:102DF000BE490020004A0020F8B5124EB37E0546B9
:102E00000F46C3B9FBF72EFA0446B0B92846EEF7D1
:102E100093FAA0B12846FFF7CDFF1FB120B120469D
:102E2000FDF766F80020F8BD96F8213043F008035E
:102E300086F82130F6E73E20F5E77020F3E78A2098
:102E4000F1E700BF004A00200121FFF7D5BFEEF7F0
:102E500041BA024BD8610DF0C8B900BF004A00204A
:102E600038B5064CE56A034608462DB9E362EEF72D
:102E70009BFE00B1E56238BD7020FCE7004A0020EF
:102E8000024B0022DA62EEF7A7BE00BF004A002024
:102E9000084A08B5D36A33B9074908484FF447725E
:102EA000FAF79AFDFEE70021D1629847BDE8084095
:102EB0000DF00BBA004A0020F86D02005C6A0200B7
:102EC0002DE9F043092187B004460EF0B4FA265CE0
:102ED000012E04EB00052CD1062120460EF0ABFAA2
:102EE00022182058516804AB012E03C33AD07D2E1E
:102EF00041D120460EF0AFFB461FE81C95F801803B
:102F000095F80290FEF7DAF907460EF078F92044BA
:102F1000FEF7D4F9B6B2C0F3C00056B30535009041
:102F2000CDE901653B464A46414604A8FFF7CEF885
:102F30001CE07D2ED0D0042E40F08B800EF05FF987
:102F40002044FEF7BBF980130328C5D0EEF798FEA6
:102F5000C1070BD52046FFF743F938B92046FBF7E8
:102F600031FF03E0697804A8FFF790F807B0BDE8E7
:102F7000F0833546D3E7022E06D1681CFEF79EF992
:102F8000E978FFF7F1F8F1E7042EDFD0072E02D140
:102F9000FFF752F8EAE77E2E26D1062120460EF0F2
:102FA0004AFA2044FEF78AF906460EF028F9204432
:102FB000FEF784F9800B13D00EF021F92044FEF7C0
:102FC0007DF942060CD4052120460EF034FA204447
:102FD000FEF774F96A7801463046FBF7D3F9C5E786
:102FE0000321F1E7032118E07F2EBFD106212046FF
:102FF0000EF021FA2044FEF761F906460EF0FFF8C4
:103000002044FEF75BF9800BECD00EF0F8F820447A
:10301000FEF754F94306E5D4052120460EF00BFADD
:103020002044FEF74BF90446A81C95F80180FEF7F2
:1030300045F9691D0746012095F80490FEF75AF9F5
:103040003B46CDE90090424621463046FBF7C2F9A7
:103050008CE7022E9AD190E738B50D460446092137
:1030600028460EF0E8F92B5C7E2B16D004D8012BF5
:1030700009D07D2B0CD038BD7F2BFCD12046BDE87C
:103080003840FBF70DBA2046BDE83840FFF74AB894
:103090002046BDE83840FFF765B82046BDE8384017
:1030A000FBF77AB938B5092104460EF0C4F9235C60
:1030B0007F2B04EB00050BD1FBF7B6F82871FBF76B
:1030C000B9F8691D0246BDE838400120FEF704B991
:1030D00038BD70B590B0022300248DF82C30012348
:1030E0004FF6FF75CDE9034306AB0CAECDE90153B6
:1030F00009AB009303222346304680218DF82040FF
:10310000ADF824500EF0E4F8092130460EF093F9A2
:1031100000F140030DEB0300072300F8103CC0232F
:10312000CDE901630E23009322462346214628461B
:10313000FFF73AFC10B070BD2DE9F047051E9AB0BC
:1031400014BF0E26002688469146FCF789FE4FF6EE
:10315000FE73984206AC66D103238DF82030FCF74D
:1031600097FE024600685168234603C34FF0000AE9
:103170008DF82CA0FCF780FE4E44331DCDE90303EF
:103180000CAF09AB0093524653460421CDE901A48C
:1031900038460EF09DF83A4B1A783A4B012A1978C6
:1031A00052D0062A5AD1384B1B78002B43D140F617
:1031B000FF7348F6FF7251450CBF1C4614460921A7
:1031C00038460EF038F907EB000A50462146FEF764
:1031D0007BF800238AF802300AF104008AF80330F1
:1031E0005DB105F10C0355F8042B40F8042B9D420A
:1031F000F9D12B8803800AF11200B8F1000F03D037
:103200004A4641460FF0F4FF4423CDE901733736B7
:10321000002300961A4619464FF6FF70FFF7C4FBCD
:103220001AB0BDE8F08702238DF82030FCF718FEB5
:10323000ADF818009AE74CF6FF7344F6FF720029C8
:1032400014BF1C461446BAE744F6FF734CF6FF72EF
:10325000002918BF134643F40054B0E748F6FF7343
:1032600040F6FF70002908BF0346042A02D143F448
:103270008053F0E7072AEED143F480549FE700BF64
:103280002E490020AC490020B14900202DE9F04131
:1032900092B04FF003080F46154606468DF824807D
:1032A000FCF7F6FD04460068616807AB03C34FF600
:1032B000FF740223CDE9034307AB4246CDE9017316
:1032C0000AA80023009606210EF002F809210AA898
:1032D0000EF0B1F80AAB0AA9034401220A545D704A
:1032E000462302931F230093002301911A46194697
:1032F0002046FFF759FB12B0BDE8F0812DE9F04FF1
:10330000A1B08A4690461F469DF8A84081460AF023
:1033100085FE4FF0030B851D8DF820B0FCF7B8FD3E
:1033200003460068596806AE631D03C604934FF652
:10333000FF730393EDB206AB5A46CDE901A32946CC
:10334000002309A8CDF800900DF0C2FF092109A8BB
:103350000EF071F809AB09AA1E187D23135402233D
:10336000737086F80280394606EB0B00FDF7ACFF60
:1033700024B12B992246701D0FF03AFF0AF04EFE41
:1033800080B1273409ABCDE9004345F04005002367
:1033900002951A4619464FF6FF70FFF705FB21B05C
:1033A000BDE8F08F2234EDE72DE9F04194B04FF005
:1033B0000308164604460F468DF82080FCF768FD8A
:1033C0000546006869688DF82C8006AB03C3616808
:1033D000206809AB03C3FCF74FFD0446FCF74CFD26
:1033E0000423CDE9030306ABCDE9014309AB424613
:1033F00000930CA8002306210DF06AFF09210CA8F8
:103400000EF019F80CAA0CAB1C1802231354394601
:10341000601CFDF759FF4623E67002930CAB019345
:103420001F23009300231A4619464FF6FF70FFF73B
:10343000BBFA14B0BDE8F081F0B58FB00C4616466B
:103440000746FCF719FD07AD01230322CDE903036D
:10345000009400232846CDE9016706210DF038FFCE
:10346000092128460DF0E7FF00F138030DEB0300BA
:10347000042300F81C3C0DF0C2FE044628460DF063
:10348000C9FE46230444CDE90153A4B200230094AD
:103490001A4619464FF6FF70FFF786FA0FB0F0BDD7
:1034A000F0B593B002260C46154607468DF8246009
:1034B000FCF7D6FC8DF83060ADF81C00ADF8287034
:1034C000FCF7DAFC07ABCDE901430AABCDE9030613
:1034D0000093032200230DA8A2210DF0F9FE09217B
:1034E0000DA80DF0A8FF0DAB0DA903447E220A54D0
:1034F0005D70FCF7C1FCE223A04214BF1320112031
:1035000002930DABCDE9000300231A4619464FF68E
:10351000FF70FFF749FA13B0F0BD2DE9F04194B008
:10352000002A4FF002050CBF202424240E46074633
:103530008DF82450FCF794FC8DF830504FF6FF7551
:10354000ADF81C00ADF82850FCF796FC07ABCDE9B0
:1035500001534FF009080AABCDE903080093032299
:10356000002321460DA80DF0B3FE41460DA80DF035
:1035700062FF0DAB03440DA97F220A545F703146F0
:10358000981CFDF7A1FE0DAB01931A23009344F0A4
:103590004004002302941A4619462846FFF704FA0D
:1035A00014B0BDE8F08100BF38B50A4C2078FFF7B1
:1035B00096FB6088FFF7FEFB0025A088FCF770FCF7
:1035C000A571FFF7EFFB044B1D70BDE83840FFF716
:1035D000E3BA00BF304A0020BE49002010B5FEF714
:1035E0005CFF044C6080FCF747FCA080FFF7D4FB35
:1035F000207010BD304A00200148FCF7C9BC00BF54
:10360000384A002010B5104B9A795C88012A05D001
:103610000E490F48C122FAF7DFF9FEE703229A713B
:10362000FFF7DCFFE0B2FFF7C5FB0220FFF757FB17
:1036300008480821FFF714FC28B104490448CC22AB
:10364000FAF7CAF9FEE710BD304A0020146E0200F6
:103650005C6A0200F93501002DE9F041394FBB7970
:103660000024022B3C7205D1FFF79EFFBDE8F0411C
:10367000FEF7FFBA032B63D1EDF794FE0546388AB7
:1036800028B931493148D722FAF7A6F9FEE7FDF704
:10369000A1F8437803449D70437802780133DBB28C
:1036A0009A4243700BD92A480821FFF7D9FB00281A
:1036B00046D025492548E322FAF78EF9FEE7388AF5
:1036C000FDF788F810F8011B23460546A04626465C
:1036D000DAB291421BD894FBF1F4002264B2134693
:1036E000D5B2A94225D8012989BF01F1FF310025B2
:1036F00093FBF1F39DB200233B82FFF755FF2B466E
:10370000424631462046BDE8F0410CF0C8BD15F9EF
:10371000012F002B04BF164690469642A8BF1646BE
:1037200042451444B8BF424676B24FFA82F801339C
:10373000CEE710F9015F2D1B05FB05330132CFE702
:10374000BDE8F081304A0020146E02005C6A02007D
:10375000F935010070B50546FAF784FD70B90A4ED7
:10376000B4796CB92846EDF7E7FD58B10123074855
:10377000B3717580FFF7E6F9204670BD7024FBE752
:103780003D24F9E78A24F7E7304A0020C5370100D5
:10379000014B188000207047B421002008B5084B69
:1037A00018884FF6FF73984209D1EDF709FE47F6E6
:1037B000C03358434FF47A73B0FBF3F080B208BDC6
:1037C000B421002038B5124CA3796588012B05D0AF
:1037D000104911484922FAF7FFF8FEE70223A371C6
:1037E000FFF7FCFE0020FFF77AFA4FF6FF70FCF7B8
:1037F00057FBE8B2FFF7DEFAFFF76BFCFFF7CEFFEF
:10380000014604F10800BDE83840FCF7CCBB00BF1E
:10381000304A0020146E02005C6A02000148FCF786
:10382000F1BD00BF404A0020F8B507460D46FAF743
:1038300019FD10BB1DB3164EB47914BB3846EDF715
:103840007BFD00B3338A33B11249134840F20312AF
:10385000FAF7C2F8FEE72146A81CFDF7E5F830822A
:1038600098B17780FCF7B6FF0123B37144700570FF
:103870000A48FFF767F92046F8BD7024FBE70224E9
:10388000F9E73D24F7E78A24F5E71824F3E700BFBA
:10389000304A0020146E02005C6A02000536010006
:1038A0002DE9F04F054685B00C469A469046D2B1B8
:1038B00028B92C492C482C22FAF78EF8FEE701B9DA
:1038C00002ACDFF8A8900027CB4639F8020B00289D
:1038D00042D0FCF79BFF0A2811D0224922483E2201
:1038E000FAF77AF8FEE729B91E491F483122FAF79C
:1038F00073F8FEE70028E4D10DF10605E1E739F899
:10390000020CFCF767FF0646B8F1000F14D0FDF774
:10391000D5FC2B8883421FD1D6F802302360D6F81D
:1039200006306360BAF1000F02D000232BF8173085
:10393000012005B0BDE8F08F811C082220460FF061
:10394000F4FC48B93046FDF7B9FC2880BAF1000F05
:10395000EED02BF81780EBE701370A2FB5D1002006
:10396000E7E700BF2B6E02005C6A0200D24F002026
:103970002DE9F3411E4BADF806001B78063B012BE9
:103980000D4630D801231A4600210DF10600FFF73D
:1039900087FF0022012329461046FFF781FF154BC0
:1039A0000026984633F8024B34B101360A2EF9D17D
:1039B000B42002B0BDE8F08121460A20BDF80670AF
:1039C000FDF732F828F8160078B1FCF703FF394606
:1039D0000646FDF779FC2B68C6F802306B68C6F81E
:1039E00006302046E5E77020E3E71820E1E700BF56
:1039F0002E490020D24F00200248142200210FF04F
:103A0000BEBC00BFD24F002008B5FFF7F5FF002075
:103A100008BD00BF0248902200210FF0B0BC00BFDB
:103A2000444A0020232808B505D906490648212222
:103A3000F9F7D2FFFEE7054A52F820300B4442F86E
:103A4000203008BD5F6E02005C6A0200444A00201C
:103A500023289FBF034B53F820300B60002088BF02
:103A600070207047444A00202DE9F04F14469B46D1
:103A7000C36B87B005465B6960680E46012202A9E8
:103A80009847EB6B01225B6903A93046984702A86F
:103A90000EF089FB074648B10023A37563754FF00C
:103AA000FF33A360002007B0BDE8F08F03A80EF03D
:103AB00087FB0123A375237E04EBC303DE611F8410
:103AC0006368B3420ED1206003A80EF09BFB4FF059
:103AD000FF332075A360237D043B022B25D80023F0
:103AE000A375DFE723681A1A53425341A37503A84D
:103AF0000EF088FB237D834218BFA77503A80EF044
:103B000063FB074602A80EF05FFB87421CBF002341
:103B1000A37503A80EF060FB074602A80EF05CFB3D
:103B200087421CBF0023A375D5E703A80EF04CFB0A
:103B300080B1EB6B02225B6904A93046984704A868
:103B40000EF051FB0346207D032839D8DFE800F052
:103B50003838040903A8F3E7237E04EBC303CC221F
:103B60001A8401F08BFC109B1870277E03A80EF0BE
:103B70001FFB04EBC70787F82200237E04EBC30377
:103B800003A8B3F8209093F822700EF01DFB804636
:103B900003A80EF021FB8246B8F1000F15D0EB6BA5
:103BA00002225B6904A93046984704A80EF0E0FAA7
:103BB0006075637D6BB90023A3754FF0000838E092
:103BC000227E04EBC2021384CBE703A80EF0BBFAFB
:103BD000EEE794F81680B8F1000FEED0B9F1000FBF
:103BE00009D1DFB10123E375637E002B4FD1012F93
:103BF00042D1677614E06B6C06EB0A02594286EA02
:103C0000020008421CBF0021A175591E0A409B1AE0
:103C10009945D0D8A37D002BE3D1CEE7E37D43B90E
:103C20004FF000084B465246314628460EF035F814
:103C3000A060A27D12B123694B4423611949237E00
:103C4000097899422AD901332376BBF1000F27D096
:103C500032B3E37D23B3B8F1000F21D1032F1FD07E
:103C6000A1684B1C1CD0109B0093224601232846C0
:103C7000FFF7FAFEA07513E095F8343063B9EB6AEC
:103C80000133CFD1032FCDD10123A376C8E7012F74
:103C9000CFD0032FC4D1F7E79846C3E70023A3751D
:103CA000A07D00E7146302002DE9F04F8BB00E46B3
:103CB000044698464FF0FF310023104617468DF812
:103CC000133001F0C5FBB6F5801F3BD3B21C53D1B6
:103CD000E56A6B1C57D1616A20460DF024FF05464A
:103CE000B31C18BF0123DFF814910193636A626C5F
:103CF0000293236802FB053AE36B05A95B69052281
:103D00005046984705A80EF007FB0EF02AFB5046D8
:103D10000EF032FB4FF0000B824601464B1C05D0E3
:103D2000636C81EA0A025B42134232D02946204684
:103D30000DF0F9FE029BAB424DD0BBF1000F4DD10F
:103D40000546D3E7314605AA04F108000EF0E0F974
:103D50000146481C10D0384601F07AFB0DF11303E0
:103D60000122394620460EF013F828B19DF8133091
:103D700088F80030002003E0237C002BA8D11D48E8
:103D80000BB0BDE8F08F2368ED1A636CB5FBF3F55B
:103D9000A6E7484601F05CFB0DF11303019A494682
:103DA00020460DF0F5FF034690B1B21C03D0D9F8C0
:103DB0000020B2420CD103930F4B9DF8132088F8DA
:103DC000002049461A6838460FF012FA039B9B46BA
:103DD000D9F80810A2E7BBF1000FD0D0B6F5801FCC
:103DE000C8D298F800307A68314604F1080001F032
:103DF00073FABFE70BE000F0106302009C33002071
:103E00002DE9F3410E461B4D816A0446174698463C
:103E1000E36A8B422AD04B1C18E0284601F018FBBD
:103E20000DF107030122294620460DF0B1FF30B104
:103E30009DF80720434629462046B847B0B1A968F7
:103E40004A1C05D0012E0AD0E36A9942E5D10DE063
:103E5000696820460DF0F4FE012E0146D8D16B684A
:103E600081EA0302636C5B421A42D1D002B0BDE822
:103E7000F08100BF703300202DE9F041036B07682B
:103E80009046826B9A4288BF8363426C436A02FB0E
:103E90000377C36B90B05B690E46052201A9044607
:103EA0003846984701A80EF037FA012801463070CD
:103EB00057D0656CE26B2368606AD2F814C005FBCA
:103EC0000030052206A9E04706A80EF025FA0128D1
:103ED0004FF0000523D0D4E90A3201219342CDE905
:103EE0000B458DF834800E958DF83C102AD119467B
:103EF00020460DF0A5FE236B626CE06214339B1A22
:103F000023630C9B53B99DF83C303BB1626A616CF2
:103F10002368E06B01FB02310EF0B6F90C9DE36BF8
:103F200005225B6901A93846984701A80EF0F4F90B
:103F30003070236BA26B28469A4288BFA36310B0EF
:103F4000BDE8F081237C33B91C490BAA04F10800B9
:103F500001F012FAD5E71A4A0BAB2046FFF750FFE3
:103F6000CFE7237C23BB1749224604F1080001F068
:103F700003FA616A20460DF0F7FD616A421C204693
:103F80000DF0C0FD054620B9236B626C1344143B51
:103F90002363A16A20460DF053FE2368A062C01A75
:103FA000636CB0FBF3F0606220460DF08CFEB6E768
:103FB000054A00232046FFF723FFDAE7794901008D
:103FC000F5480100191E0200B51D020073B50D462B
:103FD000D11E4A421C461B7E4A419A4226D129687C
:103FE0002368994222D3636899421FD8114E0DF17C
:103FF00007033246FFF758FEC0B972686B689A42F1
:1040000014D19DF80730DA1E53425341227E934269
:104010000CD1636901336361D4E90323934205D270
:10402000A268296842F8231001332361012002B0FD
:1040300070BD00BFC83300202DE9F04F8BB0DFF812
:1040400058B19A469DF850300293DBF81030534532
:1040500080460D461646C0F09980DBF80430019387
:10406000D146B9F1000F00F08D80D8F83C300198AE
:104070005B69012207A9984707A80EF0A1F8DBF8B1
:104080000030984240F0858007A80EF0A5F804287B
:10409000074614D107A80EF0A6F8019B029A044621
:1040A0003B44002A3FD1864212D9361A1446019960
:1040B00040460DF0C5FDA9EB04090190D1E7D8F801
:1040C0003C3001985B69022208A9984708A8E2E7FA
:1040D000841B544528BF5446032C03EB0607AAEB68
:1040E000040A4FEA94021CD9D8F83C3029465B698F
:1040F0003846984724F0030304F003061F441D4488
:10410000002ED4D0D8F83C3001225B6908A938468B
:1041100098473246284608A935440FF069F800262A
:10412000C5E72646ECE700F00302039203442A1891
:10413000074604920593049BDD1B059BD81B039B3C
:104140009F420FD1002FB2D0D8F83C30012208A9ED
:104150005B6998473A4608A928460FF0E6F878B90F
:104160003D44A4E7D8F83C30012208A95B69984790
:10417000042208A928460FF0D8F808B9043FDAE766
:10418000DFF8189048460BB0BDE8F08FDFF81090CC
:10419000F8E7DFF81090F5E7F433002012E000F0C4
:1041A00011E000F022E000F02DE9F0410F4688B068
:1041B00016469846044660B390F83450FDB101218C
:1041C0000DF076FC0E9BCDF80480CDE902379DF80A
:1041D0003C308DF81C30237C04960021CDE905117C
:1041E0008BB90D4901AA04F1080001F0C5F8DDE919
:1041F0000553E06B002E08BF1D460DF01BFE284640
:1042000008B0BDE8F081054A01AB2046FFF7F8FD94
:10421000EDE70546F3E700BFE31D0200CD3F0100D7
:104220007FB590F84260019204460DF10B030A46F7
:10423000304612490DF006FE012EE36B054619D1FA
:104240005B69324603A998479DF80B10039B019ABE
:1042500059B19BB243EA02430393E36B9B6901228A
:1042600003A92846984704B070BD1B0C1B0492B2EA
:104270001343F1E79B69012201A9F3E7F43300201E
:104280002DE9F04F99B00F4609920A69416C0E93DF
:104290001439D31DB3FBF1F3013302EBC302036BFB
:1042A00093420446C0F00D820023DFF820940D9362
:1042B000E36A07931946484601F0CAF8D7E903367E
:1042C00004930E9B022B4ED1CC2E40F08A81099B89
:1042D000002B42D0394620460DF00BFE656C079A44
:1042E00014906B1E1340ED1AE36B78685B69012232
:1042F00016A9984716A80DF067FF00280CBF0423E5
:104300000823782E06933DD90123002505934FF00D
:10431000080A3B6805990E98C9F80030C9F8106082
:104320000DF074FF4FEA9A031093DDF81CB089F882
:10433000140000230B930F9308930C93616C4A1E97
:104340000BEA02028B1A002E38D05544AB4240D8FB
:10435000236B5B1A13442363ABE0049B1B68149329
:1043600008230693D0E7656C079A6B1E1340782EDE
:10437000A5EB030516D8FB7D7BB9099B002BB3D1B8
:1043800004230693331DAB4210D9A6B1082DBBD828
:10439000042500230593AA46BBE7099B002BA3D164
:1043A0000823EEE7099B002B9ED1D9E70025059550
:1043B0004FF0040AADE704250596F9E75345C7D346
:1043C0000BEB0A030393B046089B002B18BF032393
:1043D00013E0A3EB0A039E42B0460BEB0A0228BF90
:1043E00098469E420392EFD9D9F8102001239642B5
:1043F00089F8173071D1C9F804B0089399F81730CB
:10440000002B6CD099F818200899D31C09EBC30332
:104410000132C3F804B0A3F80880997289F8182013
:10442000B8F1000F14D00E9B022B5BD10B9B7BB914
:104430000F9B4344032B0BD9E36B03989B69012229
:1044400014A998470546002840F03D8101230B93AD
:10445000089B0193059B009399F814203968434603
:1044600016A800F0ABFFE36B109A9B6916A958469B
:104470009847051E0D9B18BF5B460D935246434659
:10448000594620460DF009FC236BC9F8080008F1D5
:104490000302A3EB0A0322F003029B1A2363002DFD
:1044A00040F011810F9BDDF80CB04344A6EB0806E9
:1044B0000F93594620460DF0C3FB00258346002E7E
:1044C0007FF43CAF814A39689368E36252680E9B7F
:1044D00004F1080000F000FFDEE002238DE7C9F8D8
:1044E00004B09DE7099B002B30D1049BB8F1030F6A
:1044F00043440A9327D9E36BDDE903019B694FEA43
:10450000980298470546002865D118F003025FD04D
:10451000049B28F003052B440493039B1D444FF098
:10452000FF330499159315A80EF062FEE36B28463D
:104530009B69012215A998470A9B04930546002D03
:1045400086D0039B99E7039D4246E8E7039B0A93C5
:1045500007F120031193FB7D78689BB13D7E0C9A97
:104560000023D9B28D4211D9119931F833109142FB
:1045700003F1010C26D907EBC3030699D8690A4455
:10458000104403E00C9B069A13441844E36B012289
:104590005B6915A99847159B13930C9B0A980433E4
:1045A0000C93E36B01229B6913A99847039B0A9A1A
:1045B00043449B1A042B054607D978B913460433A4
:1045C0000A93C8E7521A6346CBE70A9B0393B6E700
:1045D0000A9B04933CE70A9B0493B2E70A9B03936C
:1045E000AFE73B4E04F1080303932368079A606C1E
:1045F000A2EB030ABAFBF0FA00FB0A300DF0BCFE96
:10460000E16A804620460DF01BFBA26A82424AD036
:10461000626CD9F808302568E062511E0B40216BAE
:10462000891A0B4423630D9B5D1BB5FBF2F5AA456C
:1046300036D1079BB3EB080A12D0E36B4FEA9A021C
:104640009B6941469847E36A079A5344E362236BA8
:104650009B1A43448346236303980DF029FDDA46F1
:104660002368616CE06B01FB05310DF0FAFD20461B
:104670000DF029FA20460DF026FB2063BAF1000F59
:1046800011D03A69616CD31D1439B3FBF1F30133D6
:1046900002EBC3029042A8D2304619B0BDE8F08FB9
:1046A0004FF0000ADCE73A69616CD31D1439B3FBA3
:1046B000F1F3013302EBC302236B9342BFF4F8AD75
:1046C000EAE7044EE8E72E468CE700BF9C33002063
:1046D00023E000F006E000F02DE9F3471E464369B1
:1046E0009DF82890B3420446884617463DD30025DE
:1046F0008DF8075020460DF0B2F9D4F830A082456D
:104700000AD2236AB5EB430F06D200220DF107014E
:104710002046FFF7B1FB30B39DF80730012B05D1E0
:1047200000220DF107012046FFF7A6FBB9F1030FA8
:1047300006D0314620460DF07DF9256B854218D311
:104740000D4D4FF0FF31284600F082FE4B4600220F
:1047500029462046C5E90376C5F8008002B0BDE8C9
:10476000F047FFF78DBD0135C4E7044802B0BDE84E
:10477000F0870348FAE700BFC83300200FE000F0DD
:1047800006E000F02DE9F04790F8426086B0012E77
:1047900005460391A1EB020715D1B7F5807F28BF2D
:1047A00003264FF06408DFF848A100244FF6FF7994
:1047B00095F84230012B14BF322364239C420AD364
:1047C0005FFA88F415E0B7F5803F34BF0126022672
:1047D0004FF03208E7E705AB2246514628460DF078
:1047E00066FB95F84230012B059B34D14B452DD10A
:1047F000E4B295F84230012B0CBF64223222121B26
:10480000B24217D3012E39D10022012B05978DF822
:10481000132027D1082205A90DF113000DF003FD87
:104820009DF81330059A42EA032221462846FFF7F5
:10483000F7FC40B102232E4900930968CC2303AA58
:104840002846FFF749FF06B0BDE8F087DBB203B9A1
:1048500002340134ACE7591CCAD09BB2002BF8D10A
:104860000134F6E7102205A90DF113000DF0DBFC71
:104870009DF81330059A42EA0342D6E7039A05925F
:10488000012B23D10823202205A90DF113008DF857
:1048900013300DF0C8FC9DF8132012022146284663
:1048A000FFF7BEFC95F84230611C012BC9B21AD14A
:1048B0000028BFD1BDF814202846FFF7B1FC00281E
:1048C000B8D10234BDF81620E1B2AFE710232022A0
:1048D00005A90DF113008DF813300DF0A4FC9DF81F
:1048E00013201204DAE70028A4D1059A9EE700BF3E
:1048F000F4330020032A2DE9F34106460D461746FE
:104900001C4606D1237A012B23D0012002B0BDE83A
:10491000F081DFF8608009680DF107034246FFF778
:10492000C3F960600028EDD19DF80720237A032A9F
:10493000E8D0D8F804106A689142E3D1012B2969C4
:10494000D4F80CC007D172690CEB0103934202D971
:104950002074207CDAE708316144E1603B460122A3
:1049600029463046FFF78CFC60600028CAD0002042
:10497000CCE700BFC83300202DE9F341089C032A8F
:104980002668174606D1237A012B24D0012002B0D5
:10499000BDE8F081DFF890800DF107034246304614
:1049A000FFF782F960600028EDD12568D8F804008F
:1049B000A96AD5F844C0227A4840CCF100031840D7
:1049C000E1D1012A09D1E268D8F8103013447269A4
:1049D000934202D92074207CD9E72868EB6A1B1A1D
:1049E000081AB3FBFCF3B0FBFCF083420BD1706CF4
:1049F000F36A421E1340326B121A13443363284683
:104A00000DF01EF9E862D8F81020E3680649206826
:104A100008321344E36001223B46FFF731FC60603B
:104A20000028B0D00020B2E7C83300202DE9F04FB5
:104A30004FF0FF334FF6FF72002500F10806C0E982
:104A4000092387B00446C3620562056330460F46FA
:104A50000DF02EFB20460DF036F828BB20463946D7
:104A60000DF0B1F820460DF02EF828BB8A4D2046F7
:104A70000DF05CF9ECE0E26B2368606CD2F814C0D6
:104A800001A9052200FB0530E04701A80DF044FC18
:104A9000012828D1294620460DF066F8421C2946F7
:104AA00020460DF02FF80135E3699D42E3D32046FF
:104AB0000DF009F80028D1D000254FF6FF73C4E9A6
:104AC00008534FF0FF39CA46A846E369984514D306
:104AD000A5EB0905012D37D8636A4FF6FF729342A3
:104AE00047D16E4DC3E70DF041FC0028DBD02946CD
:104AF00020460DF039F80246D1E72368E26B606C7E
:104B0000576901A9052200FB0830B84701A80DF03C
:104B100003FC834601A80DF0D6FB074658460DF06E
:104B200020FC70B15745236A38BFC4F82480B945CA
:104B300003F1010328BFB946BD42236238BF3D4699
:104B4000BA4608F10108C0E74FF6FF73636200251B
:104B5000E3699D42C0D2676C2068E36B05225B6904
:104B600001A907FB0500984701A80DF0ACFB013532
:104B7000EEE7E26B676C2068556901A9052207FB27
:104B80000300A84701A80DF09EFB626A2368606CD1
:104B9000434D00FB02300DF0EFFB4FF0FF33A062FE
:104BA000E3622A460DF103036FF001012046FFF78F
:104BB0007BF8002850D1AD68E562294620460CF00C
:104BC0005EFF206320B9E16A20460DF039F8E0620B
:104BD000294620460DF034F80546A36A9D423DD192
:104BE0006569626CE91C143A2046B1FBF2F105EBF1
:104BF000C1050335B5FBF2F50DF098F80235A84272
:104C000080463DD2616A20460CF08DFF00270646A3
:104C100004F1400A474512D3626C236802FB06394F
:104C2000E36B05225B6901A94846984701A80DF08E
:104C30004AFB534602464946E06B0DF09FFB314666
:104C400020460CF070FF0137AF420646E2D3154D07
:104C5000284607B0BDE8F08FA56AADE72946204693
:104C60000CF00DFF236B03442946074623632046BF
:104C70000CF0E6FF0546002FAFD1C4E90B07ACE707
:104C800030460DF015FA0023074A19462046FFF773
:104C9000B7F80025EBE600BF03E000F016E000F0F7
:104CA000C833002013E000F07F1D0200634A002398
:104CB0002DE9F041176813600E46044618B9604D9F
:104CC0002846BDE8F08190F834500DB309680268B9
:104CD000914240F0AA8071684268914240F0A580FC
:104CE000B1688268914240F0A080F168C268914248
:104CF00040F09B8031694269914240F09680B169F1
:104D0000C26B914240F09180726982611D46D7E783
:104D100050222946D0F838800EF031FB33682360EA
:104D200073686360336963617369A361D6E90212D2
:104D300004F10800C4F838800DF0CCF9B369E363DE
:104D400004F140009B68984794F8432020B1E56146
:104D5000002AB4D03B4DB3E7656C002DF7D06668F0
:104D6000B6FBF5F3E361002AA9D0B542F2D8226878
:104D7000B2FBF5F105FB1122002A58D105FB1363A4
:104D8000002B54D120460CF06AFEA369043303447F
:104D90009E424ED3636940F63472CC3B93424AD86C
:104DA000B5F5007FD6D3032120460CF081FEE36BDE
:104DB000D4E900011B689847E36B0546DB680220D5
:104DC00098471DB1002384F834301EE03946204650
:104DD000FFF72CFE1C4B9842054604D1394620466D
:104DE000FFF724FE0546636C143B002DEAD1226ACE
:104DF000204602FB03F60CF032FEA36904330344A1
:104E00009E4206D284F83450104DE06B0DF012F83B
:104E100056E70F4A012384F834301368D4E90001BF
:104E20000133136009F0ADFDEFE70A4D48E70A4D85
:104E300046E7064D44E7094D42E700BFD84A002047
:104E400009E000F004E000F013E000F002E000F000
:104E5000D44A002008E000F001E000F005E000F096
:104E60002DE9FF410F4690461E46054698B390F83F
:104E7000343093B3B1F5801F31D21A4C02210CF0BB
:104E800017FE22460DF10F0339462846FEF70CFFA8
:104E9000024678B1012300934246334639462846FC
:104EA000FFF71AFC0446E86B0CF0C4FF204604B080
:104EB000BDE8F0819DF80F30012BEBD12169B142A3
:104EC000E8D10093414633462846FFF7B5F804463B
:104ED0000028DFD1E7E7044CE8E7044CE6E7044CA0
:104EE000E4E700BFF433002009E000F007E000F041
:104EF0000AE000F02DE9FF410C4616461F46054624
:104F000088B390F8343083B3B1F5801F2FD2DFF827
:104F10007C8001210CF0CCFD21460DF10F034246AF
:104F20002846FEF7C1FE044670B99DF80F30012BEC
:104F300011D1D8F81030BB4213D10090024631464F
:104F40002846FFF779F80446E86B0CF073FF20461B
:104F500004B0BDE8F081074C074A022B08BF144695
:104F6000F2E7064CF0E7064CF1E7064CEFE7064C9B
:104F7000EDE700BF0BE000F00CE000F011E000F006
:104F800009E000F007E000F00AE000F0F433002050
:104F90002DE9F04385B00C46DDF8308017461E46FB
:104FA0000546A0B390F834309BB3B1F5801F32D2E0
:104FB000DFF8809001210CF07BFD21460DF10F03FD
:104FC0004A462846FEF770FE044688B99DF80F3021
:104FD000012B14D1D9F8102006EB08039A4214D300
:104FE00000904346324639462846FFF725F80446E6
:104FF000E86B0CF01FFF204605B0BDE8F083074CBE
:10500000074A022B08BF1446F2E7064CF0E7064CAD
:10501000F1E7064CEFE7064CEDE700BF0BE000F0D0
:105020000CE000F011E000F009E000F007E000F013
:105030000AE000F0F433002070B586B00E4603920B
:105040000546A0B390F834309BB3B1F5801F32D23F
:1050500002210CF02DFD194A0DF1170331462846A7
:10506000FEF722FE044618B99DF81730032B0ED127
:105070000223009303AACC2331462846FFF72CFBDA
:105080000446E86B0CF0D6FE204606B070BD022B3D
:105090000BD10A4928460CF02CFF039981420246A5
:1050A000EFD02846FFF76EFBEAE7054CE9E7054C31
:1050B000EAE7054CE8E7054CE6E700BFF4330020DB
:1050C0000DE000F009E000F007E000F00AE000F079
:1050D00073B50C461646054630B390F834302BB302
:1050E000B1F5801F24D201210CF0E2FC2146114AC7
:1050F0000DF107032846FEF7D7FD044680B99DF859
:105100000730032B0CD0022B0CD10A4928460CF097
:10511000F0FE3060E86B0CF08DFE204602B070BDF2
:10512000054CF7E7054CF5E7054CF6E7054CF4E7C9
:10513000054CF2E7F43300200BE000F00DE000F046
:1051400009E000F007E000F00AE000F0F7B50C46D7
:105150001646054668B390F8343063B3B1F5801F46
:105160002BD202210CF0A4FC154A0DF107032146B5
:105170002846FEF799FDC0B99DF80730032B14D0DF
:10518000022B14D10E4928460CF0B3FE471C0246F0
:1051900039462846FFF7F6FA044606B13760E86B51
:1051A0000CF048FE204603B0F0BD064CF7E7064C75
:1051B000F5E7064CF6E7064CF4E7064CF2E700BFCD
:1051C000F43300200BE000F00DE000F009E000F007
:1051D00007E000F00AE000F02DE9F3411F4600234C
:1051E0000C4616463B60054650B390F834304BB33E
:1051F000B1F5801F28D2DFF8648001210CF058FC43
:1052000021460DF1070342462846FEF74DFD0446B0
:10521000A0B99DF80730032B10D0022B0AD101232F
:10522000336004233B60E86B0CF004FE204602B0C0
:10523000BDE8F081D8F810303060F3E7034CF2E7B6
:10524000034CF3E7034CF1E7034CEFE70BE000F00E
:1052500009E000F007E000F00AE000F0F43300207D
:1052600030B50C4685B0054628B390F8343023B3EA
:10527000B1F5801F23D202210CF01AFC0DF10F03AF
:10528000104A21462846FEF70FFD034688B99DF8CF
:105290000F20032A0DD00322009221460246284601
:1052A000FFF71AFA0446E86B0CF0C4FD204605B07F
:1052B00030BD054CF7E7054CF8E7054CF6E7054C23
:1052C000F4E700BFF43300200BE000F009E000F049
:1052D00007E000F00AE000F02DE9F04346688EB3E5
:1052E000056898464FF0000CA946AE4655F83C407C
:1052F000C4F3130701340CF1010C01D0B94218D0EA
:1053000066450EF1080EF1D12F46002403E0A642B7
:1053100007F1080713D055F83430013304F10104C4
:10532000F5D1C1F3130141EA0851C7E90012BDE804
:10533000F08341EA0851CEE90012BDE8F083B8F1EC
:10534000030F03D101230372BDE8F083002303E0C0
:105350009E4209F10809F5D055F83340C4F30754CB
:10536000032C03F10103F3D1C1F3130343EA085300
:10537000C9E90032BDE8F0832DE9F043476883B006
:10538000CFB10646884691460024336853F834501E
:10539000C5F30752C5F31301013503EBC4033046CF
:1053A00004F1010405D05B68CDF80090C04710B14E
:1053B0007768BC42E9D303B0BDE8F08373B5044617
:1053C00022489DF81850012A00EAC11123F07C40C0
:1053D00007D9961E012E28D9073303F07F031943FE
:1053E00008E09DF81C30DB060A4303F0C05313436A
:1053F00043F060410023C4E900108DF80730B5B1D7
:10540000202221460DF107000CF00DFF1A220DF1AC
:105410000700211D0CF007FF63689DF8072043EA91
:1054200082636360082002B070BD1143E2E71B2273
:105430000DF1070021460CF0F6FE23689DF80720C9
:1054400043EAC26323600420EDE700BF80FFFF074B
:1054500038B5094B04461A680D4600210DF08FFF40
:1054600000234FF0FF322383C4E900252361A260AB
:10547000E382A37638BD00BF106302000138C0B2DA
:1054800005289ABF014B185C01207047806E02000E
:105490002DE9F0410E46596888B007461546490A7D
:1054A0000024012922464FEA510104F10104F8D8F1
:1054B000DC7899781B882403C90201F4006104F4A4
:1054C00080540C43C3F30A035203234492B29C1842
:1054D000284B03934FF0000825F0784302A90DF103
:1054E00007001B2202938DF807800CF09CFE9DF8AC
:1054F0000720029B8DF80780ED4343EAC26302A9AF
:105500000DF1070025F078451B22049302950CF05D
:105510008AFE9DF80720029B6FEA044443EAC263B7
:1055200005936FEA14444FF0FF3306930794BB6969
:1055300007A9012206F110009847BB6905A9044696
:10554000012206F108009847BB69404518BF044690
:1055500004A90122301D9847BB69404518BF044685
:10556000012203A930469847404508BF204608B0AD
:10557000BDE8F08101009AB2034B1868034B002884
:1055800008BF1846704700BFDC4A0020886E020042
:10559000F8B50D4610B900242046F8BD0E4F3E6800
:1055A000002EF8D100F07CF804460028F3D03860D3
:1055B00000F0C2F820460CF04FFF38B130463E6094
:1055C00000F0BAF820460CF042FFE4E7002DE3D0EB
:1055D0002046A847E0E700BFE04A0020024B1868D9
:1055E000003818BF01207047E04A0020024B00211C
:1055F0005B680846184700BFF820002010B50DF082
:10560000BEFC044618B9034B01215B68984720464D
:1056100010BD00BFF820002010B505F0B9FF04460A
:1056200018B9034B01215B689847204610BD00BFA5
:10563000F820002010B50CF0CFFF044618B9034B3A
:1056400001215B689847204610BD00BFF82000206C
:1056500010B50CF095FF044620B9034B01215B689F
:1056600008469847204610BDF820002010B50CF0E1
:1056700094FF20B9024BBDE810401B68184710BDCD
:10568000F8200020431E033306D8044B984228BF5D
:105690001846642838BF6420704700BF40420F009E
:1056A000F8B5054609F07FF90F4B1E68074626B985
:1056B000384609F07CF9344611E0B4688CB194F8AE
:1056C00010C01CF0010F0CD195E80F004CF0010C3C
:1056D00084E80F0084F810C0384609F068F92046C5
:1056E000F8BD3668E3E700BFF020002038B5054676
:1056F0000C4641B10B6833B11B68013303D0CB6852
:105700000BB18B684BB90DF0F4F9BDE838404FF49C
:1057100092724121002000F02FBA084601F046FBAA
:105720000023044A85F8DC30C5E92343C2E900338D
:1057300038BD00BF5022002010B5044618B9054BF3
:10574000054A136010BD04F01BFFD4F89830002BFD
:10575000F6D1F4E737240200EC200020014B186852
:10576000704700BF5022002010B50C4604F046FFE1
:10577000054B00215B68032098471CB105F0E6FF4C
:105780000128FBD110BD00BFF820002008B502465B
:105790000868FFF777FF08604868FFF773FF486005
:1057A0008868FFF76FFF8860C868FFF76BFF0B69B9
:1057B000C860581C03D00B48834228BF03460B61C6
:1057C0004B69581C03D00748834228BF03468869A9
:1057D0004B61FFF757FFBDE808408861104605F0B0
:1057E00021BD00BF40420F002DE9F84FD0F89030A6
:1057F00006460F4613B1038B8B4244D0D6F88CB0CB
:10580000BBF1000F42D0DBF80830002B3ED0DBF8B4
:105810000C1000293AD0D6F8A0A0BAF1000F38D069
:105820004FF000094D46C84601E0DBF8083005EBB3
:10583000C50203EB82040135E389BB4214D8238AF5
:10584000BB42304610D3B4F91220B6F9243093424B
:10585000A04653DD96F8D010F2F73AFF337D83422D
:1058600081464BD9DBF80C108D42DED3B8F1000F26
:105870003ED00023424619463046D0473783C6F80B
:10588000908086F8D9900020BDE8F88F0320BDE80D
:10589000F88FD1465446524647F6FF7504EBC408CC
:1058A00003EB8808B8F80E30BB421BD8B8F81030AC
:1058B000BB4217D3B8F91220AA4207D14FF0FF0913
:1058C0003783C6F8908086F8D990DCE796F8D01038
:1058D0003046F2F7FDFE337D834281464246EFD9E2
:1058E000DBF80C100134A14204D9DBF80830D5E70D
:1058F0000120C9E7002AFBD09046E1E7A046B8E7BF
:105900002DE9F04782B004468946164605F0DEFED2
:105910003B4D08B100236B602B68D4F88CA0D4F801
:1059200090700BB153454BD04FF00008C5F808906C
:1059300005F00CFF012836D12B68DAF800103A6820
:1059400013B11868884246D020460DF0F4FAC5E934
:1059500000A7D4F8A0508DF80760002D42D0002297
:105960000DF1070311462046A847204605F048F9E7
:105970000546B8F1000F00D08EB1B5FA85F040F2BF
:10598000DE324009332100F0F7F83146204605F0B9
:1059900007FB1C4B05461B6839462046984728469E
:1059A00002B0BDE8F087012004F028FE164B00216C
:1059B0005B680320984705F0C9FE0128FBD1BBE7CF
:1059C0006B68002BB0D0BB42AED1AB68994514D008
:1059D0004FF00108AAE7696811B109689142B6D091
:1059E0005968B1E7217D94F8D930994228BF19460A
:1059F0003246204605F0D8F8B7E70025CFE700BFCC
:105A000050220020EC200020F8200020F8B50546A8
:105A10000E4608F0C8FF314607462846FFF7E4FE69
:105A2000044620B1384608F0C2FF2046F8BD05F014
:105A300035FE224631462846FFF762FF04463846C7
:105A400008F0B5FF2046F8BD084B10B4002A14BF7B
:105A500014461C46064B1C6019B15DF8044B0CF053
:105A600022BD08465DF8044B704700BF3724020092
:105A7000EC20002013B5044669460CF0F6FD2046E4
:105A80000DF0D1F9FF28024606D09DF800102046FF
:105A9000F2F7B6FE02B010BD0048FBE70080FFFF42
:105AA0002DE9FF4105460F4690460AB9D0F82C80F3
:105AB000414628460CF03FFE18F0010F02D0284660
:105AC00002F0E8FE0DF086F8184B04460FCB6E4648
:105AD00086E80F0037B104AB03EB840357F82420AA
:105AE00043F8102C18F4803F10D122463146284646
:105AF0000CF0C2FF38B937B104AB03EB840353F8A1
:105B0000103C47F8243004B0BDE8F08104AB03EB4F
:105B10008403224653F8103C01333146284602D014
:105B20000CF0B9FFE6E70CF077FCE3E7BC6E02008F
:105B300008B50B46024919400CF0DFFD002008BDF6
:105B40000700110007B54FF400730A49ADF806309D
:105B50000DF106020CF068FEBDF80630B3F5007FCB
:105B600005D1022808BF002003B05DF804FB012026
:105B7000FAE700BFE44A002008B550B90548064BD3
:105B800001601A60054B1A68054B1A601868ECF73B
:105B90007DF908BDF4200020E84C0020E04A0020F8
:105BA000E44C00202DE9F0411B4A8AB001AC0546C7
:105BB0000B4602F1200C274610685168264603C6A2
:105BC000083262453446F7D1002B08BF3B461068C7
:105BD0003060002703F10C061C46384690B95FFA86
:105BE00087F82188424628460DF04AFA50B9E188E4
:105BF000424628460DF055FA20B94246314628461D
:105C00000DF061FA0137032F06F1080604F10204D2
:105C1000E4D10AB0BDE8F081D46E0200F0B589B0DD
:105C200005460E460DF066FA044600BB06F10C0769
:105C30000FCF01AC0FC497E8070084E8070001A963
:105C40002846FFF7A3FD311D28460CF0A6FD0446AB
:105C500048B90849284605F0A7FA044618B9284665
:105C600005F0ECFD044631682846FFF79BFF20460F
:105C700009B0F0BDCC6E020001490CF005BE00BFBA
:105C80002DB8010070B5164E0328337804460D4632
:105C90001ED023FA04F202F00102AA421DD053B131
:105CA0000122A24023EA0203A5402B43DBB233705A
:105CB0004BB1012070BD2DB10A4B01201B689847E4
:105CC0003378EDE73570074B00201B689847F0E705
:105CD0009A07DED003F0FC03E9E7002070BD00BFA7
:105CE00036500020284D002038B504460D46FFF7F9
:105CF00075FC60B105F0F8FC48B9012D07D801200A
:105D00000DF099F90D4B1B6823B15B6898470C4B5C
:105D10001C7038BD0AF025F90A4B1A68801A186001
:105D2000F5F724FC084B1B684FF47A7202FB003035
:105D30000CF0A8FD012005F0DFFCE8E7E04D0020B5
:105D4000D2210020204D0020244D0020F8B5124F14
:105D500005460C4608F027FE3B78064633B1012D78
:105D600004D01CB90D48F5F7B1FA3C70214628461D
:105D7000FFF788FF0A4B1B7804463BB93B782BB9E9
:105D80000DF0FBF810B1074B1B689847304608F040
:105D90000EFE2046F8BD00BF37500020FC4C00200E
:105DA00036500020F8200020054A0B46117831B10A
:105DB00000211170034A187852680121104770477A
:105DC00037500020F8200020124B0239012910B56D
:105DD00018701ED8FFF702FCD8B105F085FCC0B1E1
:105DE00005F080FAA8B90C4B1C6834B123689847B9
:105DF000BDE8104000200DF01EB90CF041FD074B2E
:105E000018600AF0AEF8064B1860204605F074FCE6
:105E1000EEE710BDD2210020E04D0020244D0020EF
:105E2000204D002038B5044680B108F0BCFD0121AA
:105E300004460846F4F7A8FE012108460A4A0AF07B
:105E40003CF82046BDE8384008F0B1BD08F0ABFD95
:105E5000214605460120F4F797FE0120024A21461B
:105E60000AF02BF82846EDE7F86E0200F0B5324D47
:105E700085B008F098FD2B78044623B12F48F5F73C
:105E800025FA00284AD1F5F715FB02AA03A90DF05F
:105E90005EF80346002832D00DF06DF8029B984260
:105EA0001ED10020264B03991B68264E9942307064
:105EB00021D9C91A00270123CDE900771F482B708B
:105EC000214A33460AF027F800282FD11F4A1378B9
:105ED000D90717D4204608F06AFD002005B0F0BDB0
:105EE0000DF047F8029B98421ED0154B154A1B68CF
:105EF0000393002010700121FFF7C4FEEAE720465B
:105F00002B70E8E731780029E4D103F0FE03137029
:105F1000002BDFD10E4B1B689847DBE7204608F0CB
:105F200046FD032005B0F0BD0220BBE70323204659
:105F30002F703370F3E700BF37500020FC4C002077
:105F40001C4D0020D1210020A95D01003650002009
:105F5000284D002038B5134D08F025FD2B78044658
:105F6000C3B9114A11491370114B124A1A601248F1
:105F7000124A5A60F4F738FE11491248F4F734FE19
:105F8000114B124A1A60124B1B68124B02221A6004
:105F900001232B70AFF30080204608F008FD00209D
:105FA00038BD00BF3850002037500020006F02007D
:105FB000F82000206D5E0100EC4C00204D5D0100DA
:105FC000086F0200F44C0020284D0020255E0100DF
:105FD00000300E401C4D00200D4BD3F8E020D203C2
:105FE00014D50C494FF48032C3F8E820C1F8EC20F6
:105FF0009A6BD1B2C2F3072299679A6704229A6713
:1060000000229A679A679A679A679A67704700BFF3
:106010000010084000100846F8B50C4C0D46174615
:10602000064608F0C0FC0123A362042327606660D3
:10603000A560C4F8E830064B4FF48072C3F88021A5
:1060400008F0B5FC0DB10223A362F8BD00100840B2
:1060500000E100E0054B1860054B01229A6540F60F
:10606000FF72196358635A65704700BF304D0020B6
:10607000001008402DE9F04F042A83B0054639D9B5
:106080000B7883614B7883618B788361CB788361F4
:106090000068D5F808B06E6800F0070001230630EC
:1060A00003FA00F808F1FF3909EA0B07A2F1040A24
:1060B000A8EB0702924501F1040446F000560DD802
:1060C000F019214652460DF093F80AEB0B0248EA0C
:1060D00009031A40AA6003B0BDE8F08F2146F01909
:1060E00001920DF085F8019AA118AAEB080230463A
:1060F0003A44E8E7013A032AEDD8DFE802F00B085A
:10610000050211F8013B836111F8013BAB6111F805
:10611000013BAB610B78AB6103B0BDE8F08F00BF12
:1061200038B50C46104B1546014668B10122C3F83C
:10613000B8200E482246FFF79DFF1DB10A4B0422EE
:10614000C3F8B820002038BD64B1D3F89C20A24227
:1061500084BF0122C3F8B820C3F898400222C3F8D4
:10616000B820EAE70122FAE7001008409010084042
:1061700010B508F018FC184B184901229A65C3F8AD
:1061800088201A66164A5A660722C3F884200A80B5
:10619000144900220A804FF4A021C3F8E81003F14B
:1061A000C0630446C3F8EC100F4B1A600F4BD3F8D2
:1061B00088305B020AD50E4B18680E4B4FF48002F4
:1061C000C3F88820416BA43002F05EF82046BDE899
:1061D000104008F0ECBB00BF00100840E84F002062
:1061E000A8230020E64F00202C4D0020004008404E
:1061F000E04A0020004008440D4B07221A800D4B56
:1062000000221A800C4B0121C3F8B810C3F890206B
:106210004FF40052C3F89400C3F8B420074BF022A7
:106220001A6403F10073A0221A64FFF7A1BF00BF34
:10623000E84F0020E64F002000100840000008440E
:106240002DE9F041044688B1394E3A4F08F0ABFBD6
:106250003388394A03F07801032C054603F07F0C9C
:10626000114453D13C6824B908F0A1FB0320BDE8D8
:10627000F08124F00104386820F00100A0424AD1E6
:1062800000223A6022886FEA42426FEA52428C4210
:10629000228036D1294CDFF8B8C02788ACF18008BD
:1062A0003A46083A92B201F10800604528BF4046DC
:1062B000082A04D9B0F900E0BEF1000F36DB2280D5
:1062C0003B440C8888781E499B1ADBB2C4F30C044B
:1062D000CC6300F007003380CB66C1F88420FFF761
:1062E0007BFE04280DD1174BD3F88830164B186865
:1062F000164B4FF48002C3F88820416BA43001F0A4
:10630000C3FF284608F053FB0020B0E7601E0128B9
:1063100098BF0C46AFE7094862440088A21A48BFFC
:10632000803208389042ADDC28469DE70146B8E748
:10633000E64F00202C4D0020A8230020E84F00202D
:106340000010084000400840E04A00200040084497
:10635000282400200E490F4B0A881B880E4813443E
:10636000073B03F0780303440832987892B20A801E
:1063700000F0070009490428C1F8842004D101F580
:1063800040514A681203FCD4054A1360704700BFAD
:10639000E84F0020E64F0020A8230020001008400E
:1063A0002C4D002010B5054C206828B1C30701D43E
:1063B000FFF746FF0023236010BD00BF2C4D0020D7
:1063C000084B4FF48032C3F8EC2003F17C43C3F850
:1063D000E420D3F88030C3F30C03782B01D8FFF707
:1063E000FBBD7047001008442DE9F84304460E46F3
:1063F00008F0D9FA504B514D1A882D8881465048E3
:1064000002F07801032C02F07F03014417D14D4CB8
:1064100024688CB92A44073A02F0780284180344AD
:10642000E31A48BF8033AB4210DB484608F0BFFA9E
:1064300000242046BDE8F88324F00104EFE7012C96
:1064400002D0022CEBD1083D0C46E8E7002E41D0EB
:106450008C423D4942D1D1F83C800A6B02F00702E0
:10646000063201279740D1F88020C2F30C029A42ED
:1064700047DDB4F900302588002BD6DBA378C5F3BF
:106480000C0503F007037A1EA5EB08053A43052B1C
:10649000337005EA02052CD82DB2E84340F23642AB
:1064A0000421C00FFFF768FB7580E378274A337437
:1064B00012687B1E03EA0803D118B160A9B213FA6F
:1064C00085F5BD4289BFFF1A0023B780F2609CBFEB
:1064D000B180F360484608F06AFAAAE7A4F108021E
:1064E000824238BF04F17802B2F80080C8F30C0889
:1064F000B3E7174BDB6C003B18BF0123A5EBC305CB
:10650000CAE78B6B7A1EA3EB08033A431A40114B80
:1065100015B25B686AB9C3F30363D91E4B424B41A2
:10652000DB0033700B4B7280D3F89030C3F307233A
:10653000BCE70823F5E700BFE64F0020E84F002046
:10654000A82300202C4D002000100840304D0020D2
:10655000000008400040084000284CD00378112B70
:1065600049D9294B42781A7082785A70C2789A7049
:106570000279DA7042791A718279003A18BF0122E1
:106580005A71C279003A18BF01229A71027A003A10
:1065900018BF0122DA71427A1A721C4A0021117066
:1065A0000278172A18D9827C521A18BF01225A720F
:1065B000C27C9A72027DDA72B0F815209A81B0F826
:1065C0001720DA81427C1A740278182A8CBF427E26
:1065D00000225A7400207047827A003A18BF0122C4
:1065E0005A72C27A9A72027BDA72B0F80D209A81DE
:1065F000B0F80F20E5E7064AD2F83C311B0C1B042B
:10660000C2F83C3101207047EA4F00203950002089
:10661000004008400346032823D8DFE800F00213B7
:10662000171B114A137A012B02D15079A8B9704770
:10663000022B02D1907980B97047032B11D1D07908
:1066400058B97047084A507938B97047064A907966
:1066500018B97047044AD07920B1044A0120137058
:1066600070470020704700BFEA4F002039500020DB
:1066700008B503490878FFF7CDFF087808BD00BFCB
:1066800039500020431C08D0044AD2F83C311B0C7E
:106690001B0480B20343C2F83C31704700400840FD
:1066A0002DE9F041FFF764FD3B4B3C4E1C683C4B31
:1066B000DFF80C811A6E3B4A1B6B15683A4F0121BB
:1066C000084640F22322FFF757FA384BD3F810213F
:1066D0002260D3F8F82062607269A260B26AE26058
:1066E000B26C2261F26C6261B26FA261D8F8802054
:1066F000E261D8F8182022627A686262D3F8182121
:10670000A262D3F81C21E262D3F820212263D3F8DD
:1067100024216263D3F85021A263D8F8B820E26341
:10672000033525F003059B6B2B60B3696B60D8F8CC
:106730008430AB6001F0C8FFE860FB6F1C4C2B613C
:10674000D4F8BC3E6B613B6AAB61002001F02EFACD
:106750000023C8F88430174B4FF40072C3F8882028
:10676000D4F8BC3E23F40063C4F8BC3E2023C8F830
:106770001032114B01221A6403F580434022DA6083
:106780000E4BB2691B7C1B0203F4706322F470622F
:106790001343B361BDE8F081106F02000070084040
:1067A00000100840304D0020000008400040084024
:1067B000001000210040084400000846EA4F002075
:1067C0000060084013B5044601F084FF104B1B6BBA
:1067D000400013F4801F0F4B14BF201A001900242F
:1067E000CDE90004186801F07BFF21468DF8060012
:1067F000684601F0D1FF40B1074AD2F83C311B0C8A
:106800001B04C2F83C314FF0FF3002B010BD00BF96
:1068100000300840E04A0020004008400C4B4FF494
:10682000001210B59A6103F17E430122094CC3F8AE
:10683000F820636813F0706FFBD1FFF799FC064BEB
:1068400008221A606368C3F30363022BFAD110BDF8
:106850000060084600400840004008460B4BFF22FD
:1068600010B51A6008F09FF80E210446032001F0CD
:106870000DFC074B40F201225A62204608F097F8BF
:10688000044A536813F0706FFBD110BD00400844F8
:1068900000000840004008400A4A0B4B916A0B4038
:1068A00043F0804343F418439362084B4FF4800253
:1068B0005A61A3F540534FF40022C3F81021C3F8E6
:1068C000F820704700700840FF01108000700846F3
:1068D000694A936C23F47F5323F03F0343F46053DE
:1068E00043F03E0373B59364D36C644C644D654EC2
:1068F0001B0D1B0543F4165343F03C03D364936F05
:1069000003F07F4343F4DB0343F490639367936A9C
:1069100023F0BF0343F0A70393625B4B4FF4800265
:106920005A615A4B0022C3F8802003F180634FF470
:10693000E0729A6103F100734FF480729A61544AD5
:10694000536823F0070343F005035360514A4FF4A3
:106950000023C2F81031D4F8183123F0404343F03B
:106960008043C4F818314FF44043C2F81C31C5F8D5
:106970001C31D4F82011484B0B4043F4886343F09A
:106980000503C4F82031D4F8243123F0370343F051
:106990002003C4F82431D4F8243123F4472323F40A
:1069A000E06343F4042343F4A063C4F824314FF4B8
:1069B000F873C2F850310823C5F818314FF480330A
:1069C000C5F8103114200CF0FAF8D4F8183123F47B
:1069D0007F5343F04003C4F818314FF40033C5F837
:1069E000103114200CF0EBF8D4F81831334043F098
:1069F000807343F48043C4F8183114200CF0DFF89E
:106A00004FF48023C5F8103114200CF0D8F8092376
:106A1000AB63224D14200CF0D2F8687CC8B101AAF7
:106A200069460CF08BF8D4F81831019A23F47F539F
:106A300043EA8213C4F81831D4F81831334043EADA
:106A40008233009A43EA0263C4F8183114200CF030
:106A5000B6F80E4AA978D2F8B830C3F3160343EA61
:106A6000016343F400031420C2F8B83002B0BDE85B
:106A700070400CF0A4B800BF00700840004008400F
:106A800000400846FF3FC0E0007008460060084034
:106A9000000008400040084432F33FFFEA4F002066
:106AA00010B50446FFF7DAFEFFF7FAFD022C15D108
:106AB000114BD978104A2046537812780CF04AFBD3
:106AC000431C0DD0FFF77EFE013009D0FFF7A6FE74
:106AD000022C0BD1FFF7E0FE002003E0032C02D0D4
:106AE0004FF0FF3010BD044B1979E3E7032CF7D1C9
:106AF000FFF7EEFEF0E700BFEA4F00202DE9F84F68
:106B00000E2A0546BDF828701646184658D82E4B52
:106B1000DFF8C4A0D3F83C41DFF8C08024F4FE4481
:106B200024F07F047F2994BF0C4344F07F047F2D21
:106B300028BF7F2544EA0524C3F83C410CF03FF808
:106B4000224B4FF0010909FA06F9D3F800B00026EC
:106B50003546344638460CF032F89AF80930ABB96D
:106B60001B49D8F83C202023CB63C8F838300123D8
:106B700002F02002C8F84030D8F830309B06FBD530
:106B80002023CAB1134AC8F83830D3639AF80B30BF
:106B9000B34206D84FF0FF31584601F0CFFA013525
:106BA000044401364E45D5D1002D08BF012594FB84
:106BB000F5F000B2BDE8F88FCB63C8F83830E5E7F0
:106BC00047F6FF70F6E700BF00400840E04A0020AB
:106BD0000070084400700846EA4F0020007008402A
:106BE000344B73B51C68344B1D68FFF737FE04F057
:106BF00093FF324B2268C3F810216268C3F8F82073
:106C00002F4AA1685161E1689162216991646169CB
:106C1000D164A16991672B49E069C1F88000206ABD
:106C200088612948666A4660A06AC3F81801E06A6C
:106C3000C3F81C01206BC3F82001606BC3F824016A
:106C4000A06BC3F85001033525F00305E06BC1F8D4
:106C5000B800286898636B689361AB68C1F88430AA
:106C6000EB680093194B00241868019401F038FD7B
:106C7000AB698DF8060021466846ADF8043001F096
:106C80008BFD2B699B0702D0012000F08FFF104B7A
:106C90006A69C3F8BC2EFFF76BFA0E4B01221A6427
:106CA00003F580434022DA60074B4FF0FF329A66CB
:106CB00002B070BD106F0200304D0020004008404F
:106CC000007008400060084000000840E04A0020D2
:106CD000001000210000084408B501F0F5FC30B1B7
:106CE000044BD3F8C000431C00D080B208BD4FF065
:106CF000FF30FBE70081E00F2DE9F04104460E462E
:106D0000174698460BF045FF012C05460FD0A31EF1
:106D1000012B06D82046FFF7C3FE013023D1FFF731
:106D20005FFF0BF036FF4FF0FF30BDE8F081FFF75B
:106D3000D3FF0446FFF71CFA0BF02BFF0F4B401B51
:106D400098423BBF4FF6FE714FF47A730021B0FBBF
:106D5000F3F038BF0140631CE5D02046FFF792FCFA
:106D600044EA0140E1E7BDF8183042463946304672
:106D70000BF061FE0446FFF733FFDDE718FCE70385
:106D800007B5FFF775FCFF280AD0074AD38900939F
:106D90009389927A0221FFF7AFFF03B05DF804FBFD
:106DA0004FF0FF30F9E700BFEA4F0020054BD3F862
:106DB000B400431C14BFC0F380700120A62231210F
:106DC000FEF7DABE0081E00F034B1A689B88026071
:106DD00083800020704700BFB62100200F4B06289B
:106DE000D3F8883104D183F40013C3F340507047C3
:106DF000022805D113F4400F0CBF0120002070477A
:106E000050B9074AD2F8D40010F0010005D083F43D
:106E10008003C3F3805070470020704700400E404D
:106E20000081E00F0C4A5288B2F5E16F94BFC8228E
:106E30005A2210B594BF7824502490428CBF172258
:106E400010220A70054A0346107818B19C422CBFE4
:106E50000020012010BD00BFB6210020D621002057
:106E600013B5234B1B780E2B04463ED00DF10701C2
:106E7000FFF7D8FF1E2C8CBF1E4C1F4C9DF807300F
:106E80004FF001028CBF01210021C4F8082170B12C
:106E9000194A4DF60174C2F804411B0202F1007256
:106EA00043F44043C2F80431144AA2F8D430134AE0
:106EB000134C92F8D83023F00103034323F002036C
:106EC00043EA4103DBB282F8D83024786CB923F06E
:106ED000040343EA800323F00803B2F8D440A2F885
:106EE000D64043EAC10382F8D83002B010BD00BFDB
:106EF000B62100200040084600400844001F002141
:106F00003C500020084B094AD3F88831DB4303F496
:106F1000FE1343F40053B3FA83F30E33A3EB43138E
:106F2000013B1370704700BF00400E40D521002088
:106F300002280CD0062802D020B100207047054B53
:106F400018787047034B18780430C0B27047072098
:106F5000704700BFD52100202DE9F7433A4E3B4F43
:106F600096F8009015463A4AD2F8C820B9F1020FB7
:106F70000446884607EA02071AD147EA006788F8FC
:106F80000000002372882B60B2F5E16F94BFC82225
:106F90005A2227F47F57944227F008079ABF380AED
:106FA00000F47F5043F6C870384303B0BDE8F08367
:106FB000284A1278904228BF144604EB83030B70D2
:106FC000F4B1013CE4B24FF030632B606A4601A992
:106FD00020460BF0B3FDDDE9002347EA03671E4BB3
:106FE00098F800101B7847EA823747F47F5747F03C
:106FF00008073BB90029194B18BF4FF07F43C1E781
:10700000164BE2E7164B1748B9F1060F08BF0346C7
:107010002AB90029114B18BF4FF07F43B2E7B2FAEB
:1070200082F2C2F11F02D2B29B5CDBB239B15A1EAE
:10703000D2B2FD2A05D81B0643F00403A2E7074B92
:10704000A0E74FF07F439DE7B62100203F00C0E05E
:10705000001F0021D52100203D5000200400000B1E
:10706000B883E00FB083E00F2DE9F3410446C82058
:10707000FFF7F6FE2B4B2C4E18780E2801D0FF2C74
:1070800005D1FF243470204602B0BDE8F08102280B
:107090002DD1072C204628BF072001284FF00003E0
:1070A00001AA0DF1030138BF0120FFF755FF054686
:1070B0001E4B1F4FDDF80480C3F85881C7F8C85035
:1070C0009DF8034034702046FFF7CAFE194A4FEA84
:1070D000082303F4E063127843EA1863A7F8D0307A
:1070E000002AD0D1C7F8CC50A7F8D230CBE7A0B94E
:1070F000052C32BF002701270420201A3B4601AA95
:107100000DF10301C0B2FFF727FF4FF480030546DE
:1071100037B1094AC2F80831CAE700273846ECE718
:10712000064AF7E7B6210020D7210020004008409A
:10713000001F00213C500020004008460040084449
:1071400008B501F0E1FA094B094A002818BF1A46B0
:10715000136823F47F115B0803F4FE130B431360E1
:10716000044B4FF00072DA6108BD00BF00410840D7
:10717000184108400040084008B501F0C5FA064B28
:107180004FF4001228B1C3F800214FF000621A62D8
:1071900008BDC3F81821F8E700400844014B1868FF
:1071A000704700BF344D0020436C012B38BF0123D2
:1071B0002DE9F0479A46464B464F9B69464E474D50
:1071C00003F4E073A3F5C072804645485142514133
:1071D00002685245434A0FD114788C420CD198F87A
:1071E000D0C03C78A44507D198F815C03478A445A0
:1071F00002D1A888BDE8F087B3F5C07FC0F800A031
:1072000011704AD1D8F8944024B12368082B58D97A
:1072100094F838400F2120460BF072FCBAFA8AF33A
:10722000002852D0B0FA80F29B1A002BC6BFD8407B
:10723000C3F10F094FF00F09504501D909F1FF398A
:10724000234B2004C3F8BC0003F1806340F6FF72B7
:10725000C3F8B82003F100734FEA0921C3F8B8104E
:107260000BF07FFCA88000F08DFE09F01F094FF4A1
:10727000FA7304FA09F45C4341F66A03B0FBF3F0D5
:107280000A23B4FBF0F45C43174B1C6098F8D03031
:107290003B7098F815303370ABE798F8D030062B78
:1072A00006D1124B1B78002B0CBF9624C824B1E7E3
:1072B000022B08D00D4B1B78002B0CBFB424F024FC
:1072C000A8E70024A6E73224A4E74FF00F09B7E7A8
:1072D00000600840D4210020D3210020B6210020E6
:1072E000002100203F500020344D00203D50002060
:1072F000FF290DD00F4B1048C3F850010B040905AE
:1073000001F0F87103F4E0230B430C49C1F850314C
:10731000FF2A0DD0074B40F2F711C3F850111301AB
:1073200003F4F87302F007021343044AC2F8503121
:1073300000207047004008440000F7010040084664
:10734000F8B5134B134E1F68134D384601F0C8F9BA
:107350003378C4B2A34201D12B78A3B1092C14D83D
:107360000E4B012C195D05D10D4B1B78022B01D161
:1073700041F0400101F00F0238460909FFF7B8FF5C
:10738000002334702B700020F8BD0024FA21F1E7AF
:10739000E04A00203B5000203A500020146F0200C9
:1073A000B621002038B5044600F094FD14220021D7
:1073B0002E480BF0E4FF2E4B25781A782D49521BEE
:1073C00018BF01220A7022681A60C820A2889A8019
:1073D000FFF746FD284BD3F8C820284BFF21197032
:1073E000274B2849062D03EA0203274A1AD14FF4F6
:1073F000EE40C2F824014FF48A42C1F82421012250
:1074000043F08043C1F820211B4AC2F8C8301E4B0C
:107410000322C3F85821FFF793FF1C4B01221A7077
:10742000002038BD022D4FF007000ED1C2F80C012C
:107430000620C1F80C011649C2F808114FF440416A
:1074400043F00303C2F80411DEE7C2F80C01052083
:10745000C1F80C01C020C2F8080143F0804381222A
:1074600043F00403C1F80821CEE700BFC81F002184
:10747000B62100203A500020001F0021D721002013
:107480002800C0A000400846004008443E500020AC
:10749000C1004000014B1870704700BF3D500020F4
:1074A0002DE9F0472D4C2E4B236000F06BFD4FF47F
:1074B000FA7307464FF47A76B0FBF6F629482A4A63
:1074C0007343190E1B02181841F10001002305F047
:1074D000F3F9A0F580730546A36220B966222B213B
:1074E000FEF74AFB01254FF47A726A434FF0000A17
:1074F00053465008310205F0DFF91C4B19601C4B54
:10750000B7F57A7F4FEA05688946044618604FEA66
:10751000152505D276222B215046FEF72DFB01269C
:107520004FF47A73A8FB030103FB05117308C0181D
:1075300041F100010023324605F0BEF90D4B023443
:1075400019600D4B49F10009A408186044EA8974D8
:10755000024B013C1C63BDE8F08700BF00500840AF
:107560000211010020A1070040420F00444D0020FD
:10757000404D00203C4D0020384D0020044B4FF082
:107580000052C3F880211A60024B01225A607047F2
:1075900000E100E000500840074B4FF00052C3F8F4
:1075A0008021C3F88020BFF34F8FBFF36F8F034B51
:1075B00004225A60704700BF00E100E0005008401C
:1075C00010B50446A242A2EB0000A3EB010104D2D5
:1075D000034B1B6B01331844013901F0030110BD4B
:1075E0000050084038B502010A4B01259D500A4A57
:1075F0004FF4807383405366044607F0D4F9074A7A
:107600001378A54023EA05031370BDE8384007F05E
:10761000CEB900BF0051084400500840405000203F
:107620002DE9F0471546044688461E4607F0BBF98B
:10763000022D00F0B880074607F0C4F96C4B6D4A84
:10764000D3F8189092F815A0DA6D5FFA8AFA52070B
:1076500044BFD3F818900AF1010A07F0B9F9664B54
:10766000664A1B6811684FEA8A7CA3FB093213F152
:10767000004301FB09CCD8F800304CEB020C012D83
:1076800004BF01336344ACEB030C08BFC8F80030FF
:10769000BCF1804F0AF0030AC0F09880584AD2F833
:1076A00000C0584AD2F800E0514A23F04041106B24
:1076B0004FF000480022ECFB01820EFB01228242C7
:1076C0004FEA937381BF01330130121A03F00303B1
:1076D000A3EB0A03914588BF4549DFF848C184BF41
:1076E000096B03F1FF3303F003030CF80430A2EB42
:1076F0000900A3B1F10742BF434B41F61F71D966A0
:10770000B30742BF404B4149D966710742BF384B6E
:1077100000211967330742BF354B00211965344BEF
:1077200004F1100103EB041E0901CEF80C21112213
:107730005A5037499A694FF0010EA2EB090A0EFA26
:1077400004F8D3F85C900A785FFA88F848EA0202F5
:1077500082450A7026D34FF48072A24019EA020FC4
:1077600020D11CF8040000283FD10DB3F0071A66A1
:1077700008D5254B274941F61F7240F20110DA6601
:10778000C866DA66B10706D51F4B22491F4A224850
:10779000DA66C866DA66720742BF204B01229A6039
:1077A000330719D4384607F002F90120BDE8F08705
:1077B0001B48240140F804E05A6607F0F4F8144925
:1077C0000B7823EA08030B7007F0F1F8384607F04E
:1077D000EEF80020BDE8F087212000F0B9FA044B54
:1077E0004FF480325A603846DDE71A663846DAE7E9
:1077F00000500840AC4D0020384D00203C4D00208A
:10780000404D0020444D00200050084400001F1F40
:107810004050002000500846000001010040084090
:107820000051084441500020024B1878003818BF1E
:1078300001207047405000201030034B00011858C1
:1078400000F00100704700BF005008401030044BAA
:1078500001F46001000141F003011950704700BFBD
:107860000050084038B507F0ADF8084B084A9D694C
:10787000547DDA6D520748BF9D69E4B248BF0134B8
:1078800007F0A6F8284604F0030138BD0050084070
:10789000AC4D002038B50B4B03EB0012103000014B
:1078A000D2F80C411D58FFF7DDFFAB0706D5844227
:1078B00000D90139204601F0030138BD844238BFA8
:1078C0000131F7E70050084070B5184CE66B26BB55
:1078D000202000F03DFA164B10251D6002F006FC3A
:1078E000144B8022C3F8802101F002FD38B13246EA
:1078F0000020082102F068FD0F4B65669D660F4A67
:10790000536803F07063B3F1807FF9D9074B0C4AD9
:10791000DA6641F201421A6770BD01F0E9FC002805
:10792000F4D0054A074B63669366EFE700500840C2
:107930000040084600E100E00050084600400840D2
:10794000011B01181000000208B5212000F000FA08
:10795000024B4FF480325A6008BD00BF005008400F
:1079600008B5222000F0F4F9024B4FF480225A604F
:1079700008BD00BF00500840064B1B68434303EBA3
:107980008171054B1B68A3FB003013F1004341EBF1
:10799000000070473C4D0020384D00200D4A10B5C6
:1079A000146820F0404301464FF000420020E4FB01
:1079B0000320094A126802FB0300084B1B6B984224
:1079C0004FEA917104D901330131C01A01F003016A
:1079D00010BD00BF404D0020444D00200050084025
:1079E000F8B5064603F080FE044608B1FFF7D4FD63
:1079F000084D094F00232B6130466B61AB617B75ED
:107A0000FFF7CCFFC9B27975A8610CB1FFF7B6FDDD
:107A10000020F8BD00500840AC4D00202DE9F04199
:107A2000224F0646386820F4700040F4A000386009
:107A30009DF81C401D1E9DF818304FEA042444EAAE
:107A4000036444EA021408BF002144EA05440C43DD
:107A5000FC64D7F82C80B8F5803F40F2B5224FF097
:107A600018012CBF00200120FEF786F8C7F83880E7
:107A7000CDB10F4BB468D3F88030412C38BF4124CE
:107A80005B0606D500F014FB18B10A4BB3FBF0F30C
:107A90001C442046FFF782FF01308045034B3ABF6C
:107AA0000022DA63D863BDE8F08100BF00500840CF
:107AB0000070084000093D00F8B5184DAB691B0483
:107AC000044626D500F0B0FBAB6913F0787FA0FB2D
:107AD00004464FEA9367C3F34450C3F3044505D10A
:107AE00040F25E422B21FEF747F80120AD01B5FBC5
:107AF000F0F010EB871005D140F263422B21FEF726
:107B00003BF80120024600232046314604F0D4FE13
:107B1000F8BD00F0CDFAA0FB0401F9E700700840C1
:107B200030B50C4C02460120A0F12003C0F1200525
:107B300024FA05F504FA03F32B4304FA00F5954201
:107B40008B4100D330BD0F2801D00130ECE7FF207E
:107B5000F8E700BF40420F0010B50C46FFF7ACFF3E
:107B6000C30943EA4163C01A61EBD111FFF7D8FFA3
:107B7000FF2814D00C4B0F22C3F8802003F10073B0
:107B800040F01000C3F8800003F17A439B69DBB238
:107B9000802B06D02046BDE8104000F031BB01200C
:107BA00010BD0220FCE700BF007008443B4B0822D8
:107BB00070B501210546C3F8C8203948394CEEF7A5
:107BC000F7FE394B1D702378013B012B0CD8237C29
:107BD000E07B01229A400C21302313FB001303F1B8
:107BE000884303F520431A60304B00225A677DB961
:107BF0002F4A4FF6FF71D16702F10072F821D16769
:107C00005D672C4B4FF08042C3F89420002070BD7C
:107C1000636853B300F0B6F9626800EB5203B3FB3C
:107C2000F2F3013B1B0243F0F80326782049224A75
:107C3000022E1CD0032E1D484FF6FF7521D0012EB9
:107C400027D143F00203CD67D36707234367237C23
:107C5000E07B01229A400C21302313FB001303F137
:107C60008C4303F520431A6011E0F823DDE743F06D
:107C700001034FF6FF70C867D3670C4B05225A67A4
:107C8000E5E743F00503CD67D367012343670B4B5B
:107C9000B8E7CD67D3670023F8E700BF00400E4682
:107CA00000350A00484D00204650002000000840E2
:107CB0000000084400400844000008460040084610
:107CC000F8B5064604460FCE1C4F3D460FC5336837
:107CD0002B601B4B1B480822C3F8C8200121EEF77C
:107CE00067FE194A00235367A37BE17A1B0443EA2A
:107CF0000123217A0B4393673B78032B1BD8DFE8E2
:107D000003F01402080E617B207B00230422F0F7AD
:107D1000EBF8217CE07B00230422F0F7E5F8A17A60
:107D2000607A01230422F0F7DFF8084B1878BDE8E9
:107D3000F840FFF73BBF0120F8BD00BF484D0020D1
:107D400000400E4600350A00000008404650002062
:107D5000044BD3F89430002BBCBF034BC3F8800016
:107D6000704700BF004008400000084008B5064BBF
:107D700006491A684FF0045092000BF039FABDE83A
:107D8000084000F0BDBF00BF486F02004C6F02000A
:107D900070B50C68651C15D0C4F302669E42C4F32E
:107DA000074530D1A4B294422DD804EB8506B242E7
:107DB00029D2141BA50824F003040E59340F04D053
:107DC000012C09D00022012303E06B1C51F8232071
:107DD00000230260037170BD0D4C34F8133042EA89
:107DE00003431A686B1C51F8234001EB83012240C6
:107DF0004B685E4036F07044EAD11B0F032B04BF82
:107E00008B681A43E4E7013501EB8501C1E700BF48
:107E1000266F020007B501A8F0F792FB134B144A36
:107E2000C3F8442148F2E672C3F838214FF40862DF
:107E3000C3F834210F4AC3F8A0200F4A4AF63F4145
:107E4000916002F580424FF0C07191620022C3F848
:107E5000FC200A4AC3F89C20094B7F225A6203F196
:107E6000007323225A6203B05DF804FB004008400F
:107E7000C0E653517A27000F00300840806D63033D
:107E8000003008440F4B002210B5C3F88820C3F817
:107E90008C20C3F890200C4A0121D1605A6812F05E
:107EA000706FFBD14FF00452DA67012402F5FD52E6
:107EB000C3F880401A66054B1B689847044BDC608A
:107EC00010BD00BF004008400040084604210020CB
:107ED00000400844034BFD22C3F8C8200122C3F828
:107EE000CC20704700400E4638B5FFF7F3FF1B4B20
:107EF0001B481C4C1C490222C3F8C8201B4B1A68A3
:107F000042B102EA0005A54204BF5D68156008336E
:107F10008B42F4D1164B0222C3F8C820154B164AE7
:107F2000D3F83C111160154AC3F8942000F08AFC84
:107F3000FFF770FF124B0322C3F8D820A3F50053BC
:107F40000122C3F894204FF46072DA604FF040725F
:107F5000C3F8F820C3F8102138BD00BF00400E461A
:107F60000000FFFF00000840B081E00F0080E00F3C
:107F700000400E4400400840082100200048F00066
:107F80000060084608B5EDF723FD044BD3F8103127
:107F9000C3F308230133B0FBF3F008BD00400E40EB
:107FA00070B5044618B1284D2268531C00D170BD2D
:107FB000C2F30063110C35F8130011F0FE0F93B2F9
:107FC00043EA0043606818D00434CAB2022A216828
:107FD00008D9D4E90160033AC3E9001698600C346B
:107FE0000C33F3E704D16268C3E900120834DBE71D
:107FF000012AD9D104341960D6E7120F072AF5D81F
:10800000DFE802F00704090D1013181DC04303F147
:1080100080631860EAE71A6842401A60E6E703F1F5
:10802000C063F6E70AF0CBFDE0E70122824003F1EE
:10803000C063F2E70122824003F18063EDE71A6832
:1080400030EA0202FBD1D1E7266F0200024B012287
:10805000C3F89420704700BF00400846024B01223D
:10806000C3F89420704700BF00400844024B4022F0
:10807000C3F89420704700BF00400844024B4022E0
:10808000C3F89420704700BF00400846064B5B6869
:10809000C3F30363984206D1044A936B23F0F003C1
:1080A00043EA01119163704700400840001F00211E
:1080B0001F4B1B68D3F8943070B52BB11A680A2A8D
:1080C00002D91C6C204670BD1A4DAA6D6B6DC2F3AF
:1080D0004544C2F3CD010134C3F3441601FB04440B
:1080E000C3F3822103F01F0306FB01335C4302F05C
:1080F0000702114B9B5C5C43640004D0FFF742FF16
:108100007043B0FBF4F4D5F8E430190505D513F04D
:10811000FF021CBFE401B4FBF2F41A01D2D5C3F391
:108120000A43002BCED0A402B4FBF3F4CAE700BF8D
:10813000E04A0020006008401E6F02002DE9F04771
:108140000E460AF026FDDFF8B090DFF8B0A08046BA
:10815000002506F028FCD9F80430C3F30363012B93
:1081600007460BD1711C1AD00AF013FDA0EB0805CD
:10817000384606F01CFCAE42EBD80DE0052BF1D0E2
:108180000B2BEFD0023B012B0CD9013602D00AF0A9
:1081900000FD384606F00BFC1648BDE8F08706F0F7
:1081A00006FCD6E7DAF808301A04C3F389140FD4B2
:1081B000013602D00AF0EDFC384606F0F8FB24B296
:1081C000A4F1C8006FF4FF739842B8BF1846E4E703
:1081D000731C03D00AF0DDFCA0EB08056FEA8454A1
:1081E0006FEA9454384606F0E2FB14F5007FC2D0E3
:1081F000E6E700BF00FEFFFF0040084000700840B7
:1082000010F1800F04D04D28DABF323040B27F2009
:10821000044BFF229A6103F10073C0B29861002001
:10822000704700BF007008440B4B0C499A6D70B545
:1082300002F007029E6D8C5C9D6DFFF7A3FEC6F3F6
:10824000CD0606FB0444C5F3454505FB0444800107
:10825000B0FBF4F070BD00BF006008401E6F02006C
:10826000084910B5D1F8703140B11C464A68D1F8C0
:1082700070319C42F9D1C2F30362027003F00F0027
:1082800010BD00BF00400840094BD3F8883001F012
:10829000800103F480030B4309D1064B4FF4001215
:1082A0009A61837F1BB1044B0122C3F8F820704709
:1082B000004008400060084400600846144B1978EC
:1082C00029BB144A90695860D2F880009860D26D3A
:1082D000DA60114A50681861506B5861D2F8A000FA
:1082E0009861D2F8A400D861906A1862D06A586286
:1082F000126B9A62094AD2F8B820DA6201221A7027
:10830000074B084AD3F8BC0E1060C3F8BC1E704778
:10831000604D002000600840000008400040084018
:10832000001000215C4D0020184B1A78002A2CD038
:10833000174A596891619968C2F88010D968D16567
:10834000A2F5C04219695160596951639969C2F82F
:10835000A010D969C2F8A410196A9162596AD16251
:10836000996A116302F58042D96AC2F8B810094AC5
:108370000121116402F100721021D16700221A70EC
:10838000054B1A68054BC3F8BC2E7047604D0020A2
:1083900000600840000008445C4D002000100021EF
:1083A00020B9144B4FF47002C3F8B820124A9369F5
:1083B00003F4E071C02913D003F0C003802B15D162
:1083C0000E4B0F4ADA6503F17E433022DA650D4B1E
:1083D00005225A600C4A012313640C4A93607047CB
:1083E00023F4E07343F080039361E9E70023C2F8CC
:1083F0008030E5E70040084400600840006008461F
:108400000F00FFFF00000840000008460040084041
:10841000012801D0042823D1154BD3F8A02022F441
:108420008042C3F8A020D3F8A42022F48042C3F8ED
:10843000A42001225A6324229A624FF48072DA62E5
:108440004FF49C721A6303F180631022DA67084BC1
:1084500005225A60074A01231364074A9360704754
:10846000064B3F22DA6503F10073054ADA65EEE751
:108470000000084000000846004008400060084432
:108480001200FFFF10B506F08EFA084B1B68044679
:108490003BB1984728B1002200204FF4806100F0E2
:1084A00061FD2046BDE8104006F081BA904D0020E5
:1084B0002DE9F0411F4CDFF89080069F0646A2FB95
:1084C00003502C1960F1000E9C46A0454FF00003AC
:1084D00073EB0E0E07D24FF4B4720E211846FDF75F
:1084E0004BFB02201BE00029FBD0C6F3130601EB77
:1084F0005C04B4FBFCF4A4FB0646E40C44EA4634FA
:108500000D4E34600D4C22600D4A914209D10D4A46
:10851000A5FB025302FB00339B093B600020BDE832
:10852000F081C4040A46E80444EA553104F0C4F971
:108530003860F3E700C9E876944D0020984D00209C
:1085400000F049020A3BB2DF0046C32338B5164D9E
:108550002B780C4623B9154B1B6D03F03F032B7092
:10856000134BD3F894305B051CD5124BB0FBF3F0E2
:1085700040F24D534343A3F546430C3B584300F5AB
:10858000C91000F5556028B940F21B322B21FDF7C8
:10859000F3FA01202B78084A5343B3FBF0F3002091
:1085A000236038BD0220FCE74A500020003008401C
:1085B0000040084000366E018096980070B5374C38
:1085C000374B256B374C1B682468ED024CBF1B19D9
:1085D0001B1BB3F1804F04D8002B3AD1324E1C46FE
:1085E0000AE0B3FA83F4314EC4F10204E340304DA3
:1085F000AB4201D901345B0803EB5605B5FBF6F538
:108600002C4EB34234BF002601262403013D44EA28
:1086100086242C430C60D8B1B3FBF0F1642400FB3A
:1086200011336343984288BF01F1FF314808013894
:1086300001390728204D214C4FEA510311D900215F
:1086400029700621C4F894101B0243EA001313603A
:1086500070BDB3FA83F4D4F10204134EC6D50024DE
:10866000C5E71029EBD068B1012129700621C4F8B3
:108670009410134909780029E6D012490224C1F860
:108680009440E1E7012914BF0121002129704FF036
:108690000601C4F89410ECD1D6E700BF00300840C2
:1086A000984D0020944D0020E0673500C0CF6A004F
:1086B0003FBE4025401B5F13475000200040084448
:1086C0004850002000400846014B1868704700BF22
:1086D000984D0020014B1868704700BF944D002052
:1086E000084B5B6B03F00700C3F3C20213F0380FB3
:1086F00018BF5043C3F3821213F4E07F18BF5043F6
:10870000704700BF00300840034BD3F8380180F0B9
:108710001000C0F30010704700400840174B4FF4A2
:10872000002210B5C3F89420154C164BB0F1804FC1
:1087300088BF1C46144BDA6CD2071DD51B6F134A39
:1087400004F5F42404F59074B4FBF2F4033CE4B2B1
:1087500003F00703A34202D02046EFF7CFFA0C4BF9
:108760001B784BB10B4B4FF47022C3F8942003F1EC
:1087700000732404C3F8944010BD00BF00400846B5
:10878000E0673500C0CF6A0000300E4040420F0065
:1087900049500020004008447FB50446EDF756F9E3
:1087A0001C4B06462C3358680093A3792268314647
:1087B000FFF77EFE054648BBA379012B14BF16497F
:1087C00016491022C1F83821206815495843FFF78F
:1087D000BDFE03AA02A93046FFF7F0FE0F4A43F69A
:1087E000FF53C2F8A4300C4B0299C3F8A4104FF405
:1087F000EE611163039A1A632068FFF78FFF094B3C
:10880000A2881A6203F5405300229A63284604B0F6
:1088100070BD00BF003008400040084600400844DA
:10882000503008400000084008B5044B01221A707F
:10883000034B1868FFF772FF002008BD4950002065
:10884000984D0020024B4FF48062C3F8942070478B
:10885000004008460D4BD3F80421D3F8B030D2B213
:10886000FF2A03D043F30743591C01D19022192357
:10887000074903EBD37302EB6302022381F846300E
:10888000232381F8472081F8453070470081E00FAD
:10889000001F0021044A5368C3F30363022B04BF83
:1088A00080239360002070470040084040B1036877
:1088B000012B05D90069034B002808BF18467047F3
:1088C000004870472C6F020038B5054614480C4626
:1088D000FFF764F82DB1C30103EB5503B3FBF5F3C8
:1088E0002360104A5368D80217D40F4B1B68D2F884
:1088F000A810C3F3810311F4806203F10103C9B22C
:1089000018BFDA00FF2906D00649D1F8AC10490596
:1089100001D502EBC302626038BD0022FBE700BF55
:1089200040420F000000084000200840084B1A6831
:10893000C117A2FB000310F1807002FB013343F169
:108940000003400E40EAC310803820EAE070704710
:10895000A04D0020174B072270B5C3F88420FFF705
:1089600011FB154B154A164EC408010B0546E005D0
:10897000C01841F10001002303F09EFF114B186065
:108980004EF66020FFF7D2FF4042C6F89C000E482A
:10899000FFF704F8024658B1E301500818184FEAEF
:1089A00015714FF0000341F1000103F085FF70677E
:1089B00070BD00BF00400840B2E60E0065CD1D004E
:1089C000001F0021A04D002040420F002DE9F84378
:1089D000054608469846FFF769FF16460746002DEC
:1089E00000F0A98018F0050F5DD02C69002C00F074
:1089F000A480FEF7D3FB4FF47A735C43201A7B68A4
:108A0000A0F6AC50C01AFFF791FFAC8B3062002C7F
:108A100000F09680FEF7C2FB4FF47A735C43201A95
:108A20007B68A0F6AC50C01AFFF780FF70614A4B1C
:108A3000EC68D3F80090002C00F08580FEF7AEFBC8
:108A40004FF47A735C43241A7B68A4F6AC54E41A9E
:108A50003B68E41A414B1A68E117A2FB044314F186
:108A6000807402FB013343F10003640E44EAC31433
:108A7000803C3B4BB4613B4CD3F88430F3612368BA
:108A80004BB148460AF0F9FA28B12368D9F84800F2
:108A9000324639469847AC69FEF780FB01462046CE
:108AA0000AF0ECF8F06218F0020F29D06B684FF46E
:108AB0007A7058435BB13B6803F51C53103318447C
:108AC000AB7F002B46F2A81308BF00231844FFF722
:108AD0002DFF6B69B062002B38D078684FF47A7242
:108AE00002FB0300AB7FA0F50350002BA0F11000A8
:108AF00046F2A81308BF0023C01AFFF717FF7062E1
:108B000018F0040F17D0A86818B34FF47A735843BD
:108B1000A0F503501038FFF709FFF0602B684FF401
:108B20007A70584323B13B6803F51C531033184443
:108B3000FFF7FCFE3061BDE8F8834CF2503062E78D
:108B40004CF2503070E74CF2503483E747F230502B
:108B5000D3E747F23050DEE7E04A0020A04D002086
:108B6000001F00219C4D002010B508461C460AF04D
:108B700017F8094B0246D3F8F800FFF797FE036891
:108B8000A018002B054AA8BF4FF4FA721A44044BF0
:108B900092FBF3F2104410BD001F00210CFEFFFFFA
:108BA00018FCFFFF094B10B50246D3F8F800FFF799
:108BB0007DFE0446104609F0F3FF63684FF47A72B5
:108BC00003F5FA7393FBF2F3184410BD001F002164
:108BD0002DE9F04F384C0A4685B00D4600218146FC
:108BE0000AF0CDFBD4F8C83043F06C029A4204D0AE
:108BF0000025284605B0BDE8F08F304BDB68D9076B
:108C0000F6D4FCF7ABFD0028F2D0D4F81061C6F31F
:108C10000826002EECD12A4C2A4BD3F81880D4F821
:108C200084300193284B4FF060529A6103F1007336
:108C30004FF000629A612423C4F88430234B04224D
:108C40001A604FF4804A4FF48053C4F868A0B346CA
:108C50006362AB4512D31E4B04221A60184A019B73
:108C6000C2F88430184B4FF06051996108EA010353
:108C700018498B614FF480439366BAE7226E520421
:108C8000FCD52268D305F9D5C4F868A00136D4F81C
:108C900088200392012EDCD9A5EB0B07042FA8BF77
:108CA00004273A4609EB0B0003A95F440AF0A0FA37
:108CB0001FFA87FBCDE700BF00400E400040084090
:108CC000000008400060084000600844004008467A
:108CD0000040084400600846074BD3F8D8304FF6F0
:108CE00004014FF605029BB28B4208BF1346034AAC
:108CF00001209365704700BF0081E00F00500840DD
:108D000070B5194C0FCC86B001AD0FC5C8222368D1
:108D100016482B6000210AF032FB7C220021144807
:108D20000AF02DFB134B144AC3F8F020FFF792FD15
:108D3000124B1B782BB101AD0FCD0B4E0FC62B681C
:108D400023600F4B0F4AC3F8DC2F0F4AC3F8E02F04
:108D50000E4AC3F8E42F02F1957202F27112C3F8C1
:108D6000E82F06B070BD00BFC81F0021381F0021CA
:108D7000BC1E0021001F00213F0037003E50002094
:108D8000001000210200620209C805780708DC060D
:108D90000A4B197801F0FF0229B100211970084926
:108DA0009202C1F8A020597801F0FF0229B10021F8
:108DB00059709302024AC2F8A43070474B50002009
:108DC00000000846074BD3F8E40E074BD3F88C306D
:108DD0001A0103D4054B1B6E1B0401D500F58070EE
:108DE000704700BF0010002100400840000008400C
:108DF00008B505F0D8FD0F4B1A78B2B90E4A1268C3
:108E000012F4843F11D10D4A1021C2F894101B783E
:108E10006BB9094B1B68DB0509D4084B2022C3F84A
:108E20009420BDE8084005F0C2BD054AECE7044BBC
:108E3000F4E700BF4F5000202824002000400844E1
:108E40000040084610B505F0AEFD0E210446032093
:108E5000FFF71CF9044B40F2012220465A62BDE89C
:108E6000104005F0A4BD00BF00000840044B0022E4
:108E70001A70044B197811B11A70FFF7B9BF704717
:108E80004E5000204F50002008B505F08CFD244BBB
:108E90004FF08052C3F88020BFF34F8FBFF36F8F26
:108EA0004FF48072C3F88020BFF34F8FBFF36F8FF2
:108EB0000222C3F88020BFF34F8FBFF36F8F1022C1
:108EC000C3F88020BFF34F8FBFF36F8F2022C3F80A
:108ED0008020BFF34F8FBFF36F8F4FF00052C3F866
:108EE0008020BFF34F8FBFF36F8F8022C3F88020A5
:108EF000BFF34F8FBFF36F8F4022C3F88020BFF3C3
:108F00004F8FBFF36F8F4FF00042C3F88020BFF345
:108F10004F8FBFF36F8FBDE8084005F048BD00BF1D
:108F200000E100E008B505F03EFD0D4B4FF080522A
:108F30001A604FF480721A6002221A60002283F8CD
:108F4000012310221A6020221A604FF000521A608A
:108F500080221A6040221A60BDE8084005F027BD53
:108F600000E100E070B5084C01232370074B1E6838
:108F7000074BD3E9005332401940284001F024FA4E
:108F80000023237070BD00BF4D500020A84D00206D
:108F9000282400202DE9F047DDF820A003EA01088D
:108FA000099B06460D4602EA000703EA0A09BAF1E0
:108FB000000F40F04981031F0B4300F00F8105288B
:108FC00071F1000380F0E38050EA010300F05C815E
:108FD000431E0B4300F01D81FFF756FFAB4AD2E959
:108FE000004323EA050324EA06043C4343EA080756
:108FF000A74BA84D1E68DFF8EC8226EA0A0646EA6F
:1090000009061E60C2E90047FFF7F2FE14F02A4F7E
:1090100014BF48F202034FF40043B0079E48C26EEB
:1090200048BF43F4005383EA020122EA0302EA66DE
:109030009A4A81660B40D366C4F38042120321032F
:1090400048BF42F48072E30648BF42F40052A506CE
:1090500048BF42F4007260069148924DD0F80C323D
:1090600048BF42F48062210648BF42F4006282EAAF
:10907000030123EA0203C5F80C328B4BC0F8081237
:109080000A40C7F34025AD04C3F80C22E20448BFF0
:1090900045F48035A30348BF45F48015A00748BFB9
:1090A00045F4001514F4001F06D0D8F800000AF0AB
:1090B0004FF808B945F40025E1027C497C4848BFD7
:1090C00045F40035FA0648BF45F480050A6A73077F
:1090D00048BF45F0040585EA020323F001031A4066
:1090E00002621D40CB61734B73481D62734B744A1F
:1090F00016F0010F18BF1A46836E7D0748BF42F471
:109100000012704D82EA030123EA0203AB666E4B44
:1091100041660A4000F500509A66C16B04F00103F5
:1091200005F5005581EA030221EA0301E963826340
:109130001A40664BDA63D8F80020200248BF644B1F
:1091400092F8E92058BF634B610748BF43F480633E
:1091500022B114F4C06F18BF43F480735E485F4CB3
:10916000D0F8EC10320748BF43F0004383EA010215
:1091700022F4A0221140C4F8EC101340C0F8E820FB
:10918000574ABDE8F047C2F8EC30FFF7CBBEA0F578
:1091900080630B4306D020F48063A3F500730B4378
:1091A0007FF41AAF05F0FFFB3849D1E9003223EA1A
:1091B000060322EA050242EA08023B43C1E9003203
:1091C000484A126892F8E9200AB313F4C06F1ED01F
:1091D000434B4FF48072C3F8EC2014E005F0E3FB3E
:1091E0002A4AD2E9003123F004033B4341EA080153
:1091F00057EA0807C2E9003114BF394A374A4FF429
:109200008063C2F8EC30BDE8F04705F0D0BB334BCB
:10921000DFE705F0C8FB1D4AD2E9003123F0010366
:109220003B4341EA0801C2E900312F4A57EA0807E7
:109230004FF0010315BF93632C4902F1C062CB6369
:1092400014BFD3639363DEE750EA01037FF4C4AE37
:10925000BAF1010F7FF4C0AE05F0A5FB0C4A13680C
:1092600023F0010343EA09031360134A4FF48063B8
:10927000B9F1000F04D0536602F1C0629366C2E7F1
:1092800010498B665366BEE7BDE8F08728240020AE
:10929000A84D0020000008440000084000000846D7
:1092A0000060084000600844006008460040084034
:1092B000004008440040084600500840041C50008C
:1092C000041850000050084400500846007008463A
:1092D0000D0A0A09090A0A0900100840001008448A
:1092E00000100846E04A0020007008400070084462
:1092F000024B5868C0F3C000704700BF282400200C
:10930000024B186800F00100704700BF28240020BD
:10931000024B5868C0F3C030704700BF28240020BB
:1093200010B50446FEF7E0FDFFF7AEFD04F14C007A
:10933000FCF762FFFEF7A6FDFEF7B2F8FEF71EF996
:10934000FFF708FB1049114AD1F8F810072304F180
:10935000A400FFF73BFB4FF440010020FEF776FA34
:109360004FF400110120FEF771FAFFF7B5FC20B9A8
:1093700040F2E7221421FCF7FFFBFFF755FABDE8A6
:1093800010400120FEF712BC001F00216C1F0021BD
:10939000084B8022C3F8882003F17E430822C3F8DB
:1093A0008820054AD2F8BC3E23F02003C2F8BC3E18
:1093B000704700BF004008460010002108B505F0C6
:1093C000F2FAFFF7E5FF034B01229A60BDE808407F
:1093D00005F0EDBA00400840F0B583B006461446EB
:1093E00002F082F9002800F09B80514BDD6815F0F7
:1093F000060540F0958005F0D6FA23790095022BFA
:1094000007463ED1237B022B35D00320FEF714FA0A
:1094100018B9484B5B685B047FD5A37B257B464925
:10942000A2680192003B18BF0123012D0B705DD093
:10943000424A434C002313702278002A61D13C4EEB
:109440000420FEF7CFF8F36E23F0F85323F4F8135B
:1094500043F0506343F48033F3662A46022301A9A4
:109460000420FEF7DDF8002852D0364B01213022CF
:109470002170C3F89420384605F099FA002003B013
:10948000F0BD0320FEF7D8F9002846D12279D6F89E
:10949000AC30012A226838D0D51A254B2A4A0095CB
:1094A000DA6600221A67627B284B002A0CBF012271
:1094B00000221A70264B264AD3F8BC3E0CBF43F05C
:1094C000200323F02003C2F8BC3E0320FEF78AF8F5
:1094D000174B204ADA662279012369460320FEF7FA
:1094E0009FF8F8B11C4B01221A708BE72379022BED
:1094F0009ED0009BD6F8AC100B441344002501937A
:1095000096E72370FFF774FC99E79A42C5D3C3E747
:109510000320FEF767F80C4BF366384605F047FA70
:109520000320ACE7384605F042FA0120A7E700BF68
:109530000050084000400840515000204E5000208C
:109540004F5000200040084600000101505000200C
:1095500000100021010C010052500020F8B5194CF8
:1095600005462078B0FA80F040F206423E214009DC
:10957000FCF702FB55B96078B0FA80F0BDE8F8401E
:1095800040F206423E214009FCF7F6BA0E4F0F4D5D
:10959000D7F8A0304FF44066C3F381232370C5F899
:1095A000A0606078B0FA80F040F206423E214009A7
:1095B000FCF7E2FAD7F8A430C3F381236370C5F84F
:1095C000A460F8BD4B500020000008400000084493
:1095D000F8B50B4C0B4DD4F888300B4F0423C5F86D
:1095E0008830D4F888305B0300D4F8BD0426C7F86F
:1095F0008860022009F0E3FAC5F88860F1E700BF4F
:109600000040084000400846004008441C4B70B52C
:10961000D3F888601B4D03F18063A822C3F888202B
:1096200010221A60184A194B93666B66FFF7B0FB5D
:10963000174B1B7813B90320FDF7D4FF00242C67C8
:10964000FFF7C6FF134A144BD2F8E41E0B40C2F8D2
:10965000E43E124B0422C3F88820114BB206C3F833
:10966000C44008D503F580739B6CB3F5817F22BF9E
:10967000034B80229A60BDE8704001F051BE00BFEC
:10968000004008400050084000500844100000020C
:109690005250002000100021DF0000FF004008446D
:1096A000001E002110B549B918B3144A53681B0EA7
:1096B00013F00E0F1DD113689A061AD4FFF7C2FBE0
:1096C0000E4C0020FEF7CCFD032801D0092806D15E
:1096D000D4F88C30DB03F4D4636F0C2BF1D9FFF793
:1096E00077FF074B0122DA6003F17E430422C3F8BF
:1096F0008820044B4FF4C0625A6210BD00400840FD
:10970000004008460060084408B503210920FEF720
:10971000BDFC024B20229A6008BD00BF00400840FB
:1097200038B5054605F03FF90446FCF721FD35B193
:10973000FFF79CFB2046BDE8384005F038B9084BE0
:109740001B78002BF6D0074B1D78002DF2D1FFF7C8
:109750008DFB2A464FF480400021FFF703FCE9E728
:109760004E5000204D5000202DE9F84F564B064634
:10977000D3F888300D461446002A40F0A28013F03A
:10978000A00F14BF4FF001094FF00009DFF854811A
:109790004E4F01F0C5FDA023C8F888300320FDF727
:1097A00021FF0420FDF71EFF4FF0000AFFF75EFBCC
:1097B000474BFB66C7F870A0FFF70AFF454BD3F88D
:1097C000BC2E42F02002C3F8BC2EFF22C8F80020B5
:1097D0003D4A4FF480719160D3F8E42E3E494FF03A
:1097E000040B1140C3F8E41EC8F888B0C3F8C4AE37
:1097F000FB6813F0060F04D0FEF7B2F85846FDF7E9
:10980000F1FEB9F1000F08D0344B4FF40062C3F8F9
:109810008820334B4FF400425A6666B1304B5B6C84
:10982000180701D4FFF70EFBFFF76EFF0420FDF7CA
:10983000D9FEFFF7ADFA244BDA68D1073FD55A6855
:1098400012F0706FFBD1274B274AC3F88820274AB4
:10985000936B23F0F003936315B12046FFF760FF8D
:10986000234BD3F8B4305A1C01D05B0002D51D4BFA
:109870000122DA601CB31A4BDA6E9A66124A136A36
:1098800023F00103D3611B4BD3F80C22C3F8082249
:10989000A3F54053DA6F9A67A3F50053D3F8EC2091
:1098A000C3F8E82003F5C043DA6B9A63A3F50053CD
:1098B000114A5A660B4B4FF60842C3F88820BDE8A0
:1098C000F88F4FF0000961E7004008400050084061
:1098D0000000010100100021DF0000FF00400846E9
:1098E000000008400040084410003000001F002124
:1098F0000081E00F006008405000F0029A4B196EA2
:10990000DA6E2DE9F04F01EA0209C3F8689003F519
:10991000805385B0D3F8E060D3F8EC201640C3F84C
:10992000E86003F5A043D3F80012D3F80C2201EA53
:10993000020AC3F808A2A3F5005359691A6A01EA9A
:1099400002088A4A08EA0202DA61894BD3F8002247
:10995000910006D4D3F800319A00C3F3407740F168
:10996000E18005F020F8834BDA68DF6D12F0060F16
:109970009A6E07EA020727F4800222F4006214BFFD
:109980004FF0010B4FF0000B5A667B0704D57A4A63
:10999000537D0133DBB2537505F009F8B9F1000FBF
:1099A00000F0DF8019F4004427D004F0FCFF0146EA
:1099B000FFF708FA6F4D0446AA69AB699A42FCD0DA
:1099C000AA699342FCD0FFF7FDF9A04240F0AC80B9
:1099D000084604F0ECFF694B1C60694BD3F88850D3
:1099E00015F4E05240F0A28024F07F4424F0DF041C
:1099F0000CB9FFF70BFE4FF0807419F0020F4FF017
:109A0000000516D05E4B5F49D3F8883003F46042FE
:109A1000C1F88820002A00F09E801D0400F19E807D
:109A200013F4005F0CBF4FF000534FF000631C4372
:109A30000025C9F340394FEA4909534B3340002B05
:109A40004AD016F4206F0AD040F60F0206210020FB
:109A5000FCF792F80020FFF763FE26F48026F0055D
:109A600006D5484BFF221A6044F4C064FFF7EAF9B8
:109A700016F0090F0AD040F6240208210020FCF756
:109A80007BF8FFF741FE414B01229A6216F0106FFE
:109A90000CD040F62D0209210020FCF76DF8FFF7ED
:109AA00033FE002211461046FCF73AFB16F4202F35
:109AB0000AD040F6350207210020FCF75DF80020AF
:109AC000FFF72EFE26F48026F10301D5FCF778FC83
:109AD000002EB8BF49F0080972070DD52B4B5B6A01
:109AE00013F4005F14BF2A4A2A4A4FF400531ABFE6
:109AF000536244F400045362730548BF44F0040405
:109B000016F4802600F0AA80FCF724FC0138062811
:109B100042D8DFE810F021012401210127012A01A8
:109B20002D012D01BB4639E7044645E70192FFF7B9
:109B30006DFD144B019AC3F8882015F4805307D1AA
:109B400015F4806F0CBF4FF080544FF0806454E7E1
:109B50004FF0804451E74FF0007368E74FF0004347
:109B600065E74C464D4668E7000008400000F7FFF7
:109B700000E100E000500840AC4D0020A44D002062
:109B80000040084000400844090B0B8900100840C1
:109B9000001008440010084640F666020321002029
:109BA000FBF7EAFF7C4A136ED2F8800003F007034C
:109BB0000633012101FA03F3C0F30C001B1A9BB218
:109BC000072B13D9754BD3F8883058020ED474483C
:109BD000136B126DC06C58B103F007030633994044
:109BE000C2F30C03C91A89B2072901D844F40074DE
:109BF0006C4B1B78002B31D0674BD3F8E03013F45B
:109C0000A02F2BD1684B694A1B7893B9FB0410D461
:109C1000137873B1E308664943EA457383F001039F
:109C2000D1F8E41E03F001035B0021FA03F3980767
:109C300014D10420FDF7D6FC5E4B5F49D966FFF7CF
:109C400015F95A4A13782BB95C4B5D4A1B682340BF
:109C5000134201D144F4804427F48057BAF1000F35
:109C60001DD01AF4805F18BF44F480241AF4807F5A
:109C700018BF44F400241AF4005F18BF44F0100425
:109C80001AF4007F18BF44F020041AF4806F18BF44
:109C900044F040041AF4006F18BF44F08004B8F197
:109CA000000F3BD018F4802F18BF45F4007518F44E
:109CB000803F18BF44F4805418F4801F18BF44F448
:109CC000003418F4001F18BF44F0020418F4003FD9
:109CD00018BF44F4801418F4800F18BF45F0100525
:109CE00018F4002F1AD0324BD3F8BC3E13F0C00F3B
:109CF00014D02A4B5A68C2F30362032A01D0072A00
:109D000007D1D3F88C20D10603D4D3F890201207C2
:109D100031D54FF40022DA6128F40028002F00F03A
:109D20000D81380540F18180264ADFF888A0D3787C
:109D3000002B4DD0013B4FF40061DBB2CAF8641038
:109D4000D37033B9204B1B78C3B1204B40F601428E
:109D5000DA660023002266E044F4803422E744F40B
:109D600000641FE744F480641CE744F4807419E73E
:109D700044F0080416E744F40014CFE7DAF8703032
:109D800013F4A05F15BF4FF4807340F60143CAF887
:109D90005030CAF87030DCE700100840004008403E
:109DA000000008404F5000204E500020505000202E
:109DB000001000210050084000000101282400206C
:109DC000088D0100415000205250002000500846EC
:109DD0000320FDF707FCDAF80C30A848A84913F077
:109DE000060F02BFA74B41F61F72DA664FF40063FD
:109DF000CAF86430DAF80C3013F0060308BFCAF86A
:109E00007030C38A13F4006260D023F40063C3820D
:109E10000B7803F0FF0A002B5CD1FDF7A1FDFFF7E3
:109E2000F5FB534620221C431543B9010BD52E20C8
:109E3000FDF78EFF934A4FF00073936602F17C4268
:109E400045F008055366FA0608D52B20FDF780FF7C
:109E50008C4A1023936602F17C42536617F4E00F9C
:109E600005D1FB045ED5BBF1000F00F0AC80B80259
:109E700010D52920FDF76CFFFFF73AFA40B182496F
:109E8000824A834B53668B6682494968490424D4CD
:109E900045F0040517F4800BDFF8F0A129D0042069
:109EA000FDF7A0FB2720FDF753FFFFF7AFFB4FF4B3
:109EB0008003CAF86430784BD3F8E42E50067CD483
:109EC000764B02221A6045F0020528E00B784FF429
:109ED0000053A8E74FF400433CE76A4920208B6613
:109EE0005366FDF735FF2D2045F00C05FDF730FFDB
:109EF000D0E7FA024CD50420FDF774FB2820FDF7CB
:109F000027FFDAF87030002B3FD1FFF77FFB5D4A67
:109F10005F4B936602F17C4245F0010553665B4B53
:109F200000221A657B0509D55D4A9378002B00F065
:109F30009880013B9370002349EA03094A46204672
:109F40002946FFF70FF80EB1FCF72CFA18F4002F92
:109F500000F08C804F4B4FF40022DA6118F0206F34
:109F600000F0888018F0007F01D0FDF7E9F818F0C4
:109F7000006F01D0FDF700F9002200204FF40061CE
:109F800005B0BDE8F04FFEF7EDBFCAF870B0BEE710
:109F9000FB04C4D50420FDF725FB424BCAF86C3006
:109FA000FDF7DEFCDAF85C3013F4A00FB7D12A20FD
:109FB000FDF7CEFEFFF72AFB7DE7D3F8BC3E9906FE
:109FC00081D4394B7DE7364A13794BB1013BDBB283
:109FD000137113B92C4B354ADA6600231C43A1E7F1
:109FE0000420FDF7FFFA0320FDF7FCFA274B2D4A6A
:109FF000DA6604F0D8FC82460DF10F00FEF730F966
:10A000002B4B1B7883460BB1FEF71CFFBBF1030FF4
:10A010000ED1DFF880B00020FEF722F9032807D127
:10A02000DBF88C30DA03F6D4DBF874300C2BF2D981
:10A030009DF80F30032B06D11E4B012250461A709B
:10A0400004F0B5FCC9E71C4BD3F8E03013F4A02FA3
:10A05000F2D1FEF70BFF504604F0A9FC4FF4804309
:10A06000BCE70220FDF7BEFA012365E7B8F1000F57
:10A070007FF474AF05B0BDE8F08F00BFAC4D002099
:10A08000525000200050084400500846005008403C
:10A090001000000200400840001000210040084469
:10A0A0004150002000000101004008460000010D61
:10A0B000515000204E50002000100840014B024A31
:10A0C0001A60704718210020A5BC0100014B1B68D5
:10A0D000184700BF18210020034A0123136202F130
:10A0E0007C42D361704700BF004008440B4B10B561
:10A0F0005C691A6A1440A2B2DA61E20704D55868B2
:10A10000C0F30360FFF7E8FF630706D5BDE8104022
:10A11000042200200021FEF725BF10BD00400840AA
:10A120000C4A08B5136BD16B0B409363DB070FD55B
:10A13000094B187840F6AC22122100F00100FBF721
:10A140001BFDBDE80840002201200021FEF70ABFE8
:10A1500008BD00BF0070084028240020044BDA6FBF
:10A16000D207FCD41A6FD96F0A409A67704700BFB4
:10A170000030084070B50D46144604F014FC064B40
:10A18000D3F8BC6E74402C407440C3F8BC4E04F04D
:10A190000EFC05EA060070BD00100021034BD3F849
:10A1A000BC3E99430CBF01200020704700100021E5
:10A1B0002DE9F04117460A43012A9DF818409DF801
:10A1C0001C60DDF820801D4629D8B44227D2082E15
:10A1D00025D8032B23D8B8F1000F20D00A46002140
:10A1E00001F006F8EB00FF219940DFF838C0C943C1
:10A1F00008F1FF38FF00E2B2964202D80020BDE825
:10A20000F0813D190CEB850518F8010FD5F8EC200D
:10A2100098400A401043C5F8EC000134EBE70120F8
:10A22000EDE700BF001E00210A4A5368C3F3036331
:10A23000032B01D0072B0AD1D2F88C30DB0606D4D1
:10A24000D2F8900080F00800C0F3C00070470020F2
:10A25000704700BF004008402DE9F7438E780F2E6D
:10A2600080460C4603D9012003B0BDE8F08326B92F
:10A2700001232E4A00201370F6E70D7891F8019023
:10A28000002D3BD1B9F1000FEDD194F90310E08816
:10A29000FDF762FC0128E6D055EA0903A088244FA7
:10A2A00032D1FDF77BFB23498A6D4FF6040583B25B
:10A2B00092B24FF60500AA4208BF02463A8008252E
:10A2C000802201278F658A672A461A4903B1013B1C
:10A2D000013ECB62F6B2002301930096012329468A
:10A2E00008F1A400FDF79AFB1FB1134B4FF4801245
:10A2F000DA64124BA2681A600223BAE7082DB2D8BA
:10A30000B9F1080FAFD8C0E7FDF748FB3A884FF620
:10A3100004039A421EBF07498A653B80A9454A4605
:10A3200083B238BF2A460027CFE700BF5350002032
:10A33000BC2100200050084000500846C84D0020B5
:10A340000C4BD0F8C42010B5C3F8C020027C0446E2
:10A35000120202F400624FF40061FFF70BFF237C4E
:10A3600013F0080F14BF044A044A4FF40073C2F8F4
:10A37000883010BD001E00210040084600400844FF
:10A38000431C07D0044B6FF0FF029A6103F1007386
:10A3900010409861704700BF0070084400F0180337
:10A3A000182B0AD003070AD410F0100040F2011352
:10A3B00018BF1846034BD86470470020FAE7012005
:10A3C000F8E700BF001F0021344B2DE9F7431E685A
:10A3D00001F4007900F00103174653EA090205462B
:10A3E0000C462ED04FF0000803B3002300220120BA
:10A3F0000021CDE90088FEF7CDFD41463046FDF74E
:10A400009DFE414670830120FBF7AEF9716B06F1AA
:10A41000A400FDF739FF22490868FFF7B1FF4FF0AC
:10A42000FF330B60337C43F004033374B9F1000F46
:10A4300007D00121304608F06CF924F4007405437C
:10A440000C43D6E93E232A40234052EA030103D0BD
:10A450001449304609688847FB070FD51249134A4B
:10A460000868136800211160114A0121117003B1BD
:10A470009847104B00215B680220984717F00E0F99
:10A4800008D040F2F3123B21002003B0BDE8F043B6
:10A49000FBF772BB03B0BDE8F08300BFE04A0020C9
:10A4A0001C21002020210020D84D0020DC4D002060
:10A4B00056500020F820002070B50446D0B10E4E52
:10A4C000007BD6E9372300280CBF10461846FEF75C
:10A4D00069FB0623A371237B2060054643B9D6F8A8
:10A4E000D8000130FEF75EFB2D1AA560002070BD7C
:10A4F0000025FAE70120FAE7001E0021F7B504461F
:10A50000D4E93EC71046DDE908268CEA020587EA51
:10A5100006010540194085EA0C057940C4E93E5121
:10A5200023F4004106EA010320F00100002543F472
:10A530000073024043F00203CDE90055FEF72AFD07
:10A54000237C9A0717D5D4F8FC309B0513D54FF41C
:10A550008811204608F0DDF8237C65F3410323745D
:10A56000D4E93E2302400B4052EA030103D00349E1
:10A57000204609688847002003B0F0BD2021002054
:10A5800038B10368044A002B08BF1346034A13601E
:10A590007047014BFAE700BFA52C020020210020E4
:10A5A000024B986B00F00F00704700BF001F0021A6
:10A5B0000F2938B505460C460ED801F0C7F801281A
:10A5C0000CD1074A936B23F00F0323439363284670
:10A5D00008F09FFD002038BD0120FCE70220FAE7CB
:10A5E000001F0021014BD86B704700BF001F0021E6
:10A5F000014B0020D9637047001F002103282DE97B
:10A60000F7434CD8274B13F80080274B1E5C274B91
:10A6100013F8009004F0C7F90746FEF771FE0546EF
:10A6200040B10023CDE900330022002301200021A6
:10A63000FEF7B0FCFEF76CFE48B10023CDE9003315
:10A640000022002300204FF40041FEF7A3FC26B3B4
:10A65000174B5C6C04F00804164B31465C644046B2
:10A66000FFF720F84A4631464046FFF77DF8124B87
:10A670005C6465B1114B1868416BA430FDF704FEB2
:10A680000F490868FFF77CFE4FF0FF330B60384638
:10A6900003B0BDE8F04304F08AB93446DCE703B008
:10A6A000BDE8F0833C6F0200386F0200346F020097
:10A6B000000008400000084400000846E04A00206E
:10A6C0001C210020104AD2F8883013F0A00F16D1B8
:10A6D000D2F88C0010F0040013D10C4BD3F8E43EF8
:10A6E00023F07F4323F0FF035BB15368C3F303629E
:10A6F000092A07D0B2F10C0018BF012070470020D2
:10A7000070470120704700BF004008400010002142
:10A7100070B50D46064620B9194B1B68A3B103203E
:10A7200011E001F013F8012828D1164B93F90040ED
:10A73000C4F11C04641BC4F11C03002BB8BF5B42B2
:10A74000232B0CDD012070BD81EAE173A3EBE173E3
:10A75000DBB2232BF6D80B4B19700020F3E7B5744E
:10A7600004F021F9084A5369E40223F4FF2304F4B6
:10A77000FF241C43546104F01AF9EEE70220E2E7DB
:10A78000E04A0020545000200070084008B5FFF750
:10A79000D7FD04F008F9074AD2F8BC3E23F02003A5
:10A7A000C2F8BC3E04F003F9034B02221A600020F9
:10A7B00008BD00BF001000210040084690F8C230DC
:10A7C00053B9074BDA69920208D49B6F13F4706F88
:10A7D00014BF0120002070470020704701207047FF
:10A7E00000600840F8B5436B02EA010523EA010363
:10A7F0002B434363344A01F00B030C4623EA050163
:10A80000516402F100722B4061070646536411D572
:10A810000121FFF7D3FF68B1FEF7DAFE15F0040F50
:10A8200014BF2A4A2A4A4FF40073D361294B0422E9
:10A83000C3F88820E20606D515F0100F264B14BF8A
:10A8400000221B22DA6423061DD52F0616D51F4BC6
:10A850004FF400129A6103F17E430122C3F8F820FD
:10A8600004F0A1F80E2107460320FDF70FFC1A4B58
:10A8700040F201225A62384604F099F8294606F15E
:10A88000A400FDF701FDE00503D5E90516D5FDF7A8
:10A89000E5FBA20503D5AB0513D5FDF7EFFB14F0DF
:10A8A000600F09D0D6F89410304608F0FCF90B4B35
:10A8B00098640B4B80229A600020F8BDFDF7C6FB20
:10A8C000E7E7FDF7D3FBEAE700000844006008462D
:10A8D000006008440040084400000840001F0021B8
:10A8E00000400840014B1868704700BFD44D00205D
:10A8F00037B5012300240022CDE90034002310469F
:10A900001946FEF747FB0220FCF76CFE054D064B8F
:10A9100021461C6002206B6898472B6803B0BDE895
:10A9200030401847F8200020DC4D00202DE9FF4181
:10A93000022903900C461546984605D1FFF7D8FF2B
:10A94000002004B0BDE8F081194E04F02CF8336803
:10A9500007463BB1AB4205D004F029F80023336031
:10A960000120EEE7134B3560C3F80080012300227D
:10A97000CDE90033002310461946FEF70BFB0E4BC2
:10A98000002502201D70FCF72DFE22462B4603A950
:10A990000220FCF745FE094B039A1A60084B1B681E
:10A9A00004469847384604F002F8002CC8D1D5E791
:10A9B000DC4D0020D84D002056500020D44D002002
:10A9C000F8200020044BDB6D5B055ABF034B187861
:10A9D000012000F001007047005008405650002050
:10A9E00010B50C4608F0D5F9A288D30080B1B3F5B4
:10A9F000803F0DD80749430901FB02332268000953
:10AA0000B3FBF0F3D21A05232260A371002010BD1E
:10AA10000220FCE720A1070070B50E4603F0C3FF3B
:10AA2000054600F0B7FE044620B1284603F0BFFFFC
:10AA3000204670BDFEF7CCFD114B3278D3F8E43ED2
:10AA4000022A23F0F00316D0101F42424241520066
:10AA500043EA02137278022A0FD0111F4A424A4178
:10AA6000520043EA8213064AC2F8E43E054B042230
:10AA7000C3F88820D9E70122EAE70122F1E700BF05
:10AA8000001000210040084470B50E4603F08BFF13
:10AA9000054600F097FE044620B1284603F087FFE4
:10AAA000204670BDFEF794FD104B3278D3F8E43E9B
:10AAB000022A23F00F0315D0101F424242415200D8
:10AAC00013437278022A0FD0111F4A424A415200A2
:10AAD00043EA8203054AC2F8E43E054B0422C3F868
:10AAE0008820DAE70122EBE70122F1E700100021DC
:10AAF00000400844F8B50E7890F8D070044630460F
:10AB00000D46FCF76BF9002844D094F8D030B342DE
:10AB100008D1AA88636C9A4204D16A88B4F8D2300A
:10AB20009A4235D084F8D060AB88A4F8D4306B88D2
:10AB3000A4F8D230AB886364FF236375304607F016
:10AB4000EFFF04F1D00520752846FCF72BFC10BB65
:10AB50002846FCF739F9F0B9D4F8903053B194F89D
:10AB6000D010B94206D0B3F912202046EDF7B0FD5F
:10AB700084F8D9002046FCF717FB0949A4F8D40053
:10AB8000084AD1F8F810012304F1A400FDF71EFFD4
:10AB90000020F8BD01200E2384F8D030F9E700BF73
:10ABA000001F00216C1F002170B5054690F8D000F1
:10ABB0000E280C461DD0FF291DD01AB10F4B4FF0A7
:10ABC000FF321A6007F0ACFF064695F8D000FCF79C
:10ABD000AFF9844228BF0446E4B2B44238BF3446D9
:10ABE000E0B26875FCF740FAA0F1FF035842584103
:10ABF00070BD0220FCE70120FAE700BF0021002021
:10AC0000C36B012B01D10020704770B5364BD0F8D3
:10AC10009060D3F8F830C0F8943086B03146058B98
:10AC2000044608F012F8B3898DF80600D6E9012130
:10AC3000EB1A9BB201FB032268460021ADF80430F9
:10AC40000092FDF7A9FD38B9284B228BDA63FCF797
:10AC500077FB20B106B070BD022006B070BD227C2B
:10AC600060F34102227407F0B5FFD4F890305969BF
:10AC7000431EDBB209680291FD2B02460BD9CD1CA5
:10AC800009D91B4B01311B680CD0D81C07D802A96D
:10AC90002046029301E002A9204607F0FCFE0020B6
:10ACA00006B070BDD91C04D802A92046029307F053
:10ACB000F2FED4F8FC309B0504D4237C43F002035D
:10ACC0002374ECE74FF48031204607F022FDD4E9ED
:10ACD0003E2302400B4052EA0301E0D005492046E2
:10ACE00009688847DBE700BF001F002100300840EB
:10ACF000082100202021002038B505460C4641B12E
:10AD000008F0BBF928B14FF400312846FFF746FAA6
:10AD100004342046FCF742FE024B4042C3F8D40EF6
:10AD2000002038BD0010002170B54C30814214BFA6
:10AD30000C460024164603F036FE0D494A684FF4CF
:10AD40009C53C2F30362D340DA07054603D5D1F81A
:10AD500088309B030AD4204601223146FBF7E0F9F4
:10AD60000446284603F023FE204670BD0324F8E77E
:10AD70000040084010B503F016FE0146FFF754FAF4
:10AD800078B1094BD3F8884014F4003409D103F1A9
:10AD9000C0632022C3F89020084603F008FE204636
:10ADA00010BD0224F8E700BF004008402DE9F74F2E
:10ADB00006461546084619B9012003B0BDE8F08FD4
:10ADC000002AF9D0032904D80021FBF70DFB002845
:10ADD000F2D082780488037990F805B0C788B0F97A
:10ADE0000000002802F00701C0F2D180A1F1070C99
:10ADF000DCF1000040EB0C00052928738CBFC2F386
:10AE000000100020C2F3801C6873900985F810C000
:10AE100000F00200C2F3C00C40EA0C00C2F3401282
:10AE20006874AA74AF820BB996F8CA30013BDBB2E2
:10AE3000EB74736BD80600F196800639012900F295
:10AE40009280544BDB6C544B5A6B1B6B03F0070323
:10AE500006334FF0010909FA03F909F1FF39083CFB
:10AE600042F0005804EA0904002318F804A0AB607B
:10AE7000013404EA0904631D03EA09035A1C02EAC7
:10AE8000090218F8037018F80220BAF1800F47EA97
:10AE90000227727C18BFAAF1320A3BB214BF4FFAE4
:10AEA0008AFA6FF07F0AC7F30B079AB30020D6F82F
:10AEB0009C300BB151469847631C03EA0903E873C1
:10AEC00085F80EA018F80310013303EA090318F8F7
:10AED0000320013303EA090341EA022118F80320A1
:10AEE000013303EA090341EA024118F803006A7CCE
:10AEF000002341EA00613046FDF736FE2860737C8E
:10AF0000042B03D1022FDCBF013028600423AB7176
:10AF1000002052E7D90422D5D6F894209AB11368BC
:10AF2000022B10D992F82400FB0008B1B3FBF0F318
:10AF30009B45BBD8002BB9D0CBEB0B20B0FBF3F07B
:10AF4000C043C0B2B3E7304607F023FF019030465C
:10AF500007F00FFF019BB3FBF0F0C0B2E4E718F875
:10AF600004004000EDE70023EB730C4BDA68C2F3FA
:10AF70000723120448BF63F0FF035AB212F1800F97
:10AF80001CBF323B5AB20023AA732B60BFE70220DA
:10AF900013E700BF000008400010084000700840A0
:10AFA000F8B504460E4641B9037C5A0641BF4FF638
:10AFB000FF7261F38613828303743C4BD4F8947060
:10AFC0001B680BB120469847394BA18BD3F88420DE
:10AFD00012F4E05F04BF2022C3F810224FF6FF7383
:10AFE000994204D0334B1B680BB120469847324D31
:10AFF000D4F894102A68914207D0204607F053FEF7
:10B000002E4B98642E4B80209860974245D02D4B54
:10B010001B684BB11FB13A68002A40D0BF6839465F
:10B0200020469847D4F89410084607F054FE30B3F1
:10B030002549FDF749FC07272046FCF7B5F816B36C
:10B04000224B94F9122093F900302149D4F894004E
:10B05000C3F11C039B1A4A69DB0222F4FF2203F4AA
:10B06000FF2313431B4A4B611B4B286006211167CA
:10B07000204601221A7008F04CF80020F8BD204646
:10B0800003F086FAD4E70D4B0F4AD3F8F81004F119
:10B09000A4003B46FDF79AFCD2E70127CCE7174610
:10B0A000394620469847D4F89410BDE7E44D002077
:10B0B00000600840D04D0020C44D0020001F00213A
:10B0C00000400840CC4D00206C1F0021545000204F
:10B0D00000700840000008445550002002484822F3
:10B0E000002108F04CB900BFE81E0021002373B511
:10B0F00083746423C0E92C33C0E92E334FF0FF354D
:10B10000C0F8AC30A0F8C0300E264FF6FF73C0E98F
:10B11000075580F8D0604564858283750446112008
:10B12000EBF70EFD042834D11B4B5B6813F4403F52
:10B130002FD12046FEF7F4F82046FFF7CFFF94F911
:10B1400012102046FFF7E4FA144A6023536402F514
:10B15000805240F6FF7151625165114A5364114BA0
:10B160004022C3F88820626B29462046FFF73AFB4D
:10B17000002240F2022310461946CDE90066FDF791
:10B1800009FFFBF7BFFE204602B0BDE87040FAF7AA
:10B19000D9BC022002B070BD00300E400000084053
:10B1A000000008460040084410B50C46FFF796FF23
:10B1B000BCB1A378082B16D8E278082A13D843EA42
:10B1C000021313F0FF03094A14BF61681946C2F85D
:10B1D000E810217882F82C11617882F82D1182F81C
:10B1E0002F31002010BD0120FCE700BF001E002110
:10B1F000012A10B512D8032B10D803EB8202084C99
:10B200000123934094F82E01DBB221B1034384F86B
:10B210002E31002010BD20EA0303F8E70120F9E7F2
:10B22000001E002170B50C68B0F8D4208D6803466C
:10B23000013404BFD3F8AC400C604C68013404BF47
:10B24000D3F8B8404C606E1C00F1A40038D1D3F89C
:10B25000B440CE688C60751C38D1D3F8B0500E69FC
:10B26000CD60013604BFD3F8A4600E614E6901368B
:10B2700004BFD3F8A8604E618E69013604BFD3F8CD
:10B28000BC608E618E693EB34132B24238BF3246F5
:10B290000E688A61C3F8B4404C68C3E92E420A695B
:10B2A000C3F8A4204A690D49C3F8A820C3E92B6557
:10B2B0000B4AD1F8F8100723FDF788FB002070BD7A
:10B2C00002F14104AC4238BF2C46C2E702F16405EA
:10B2D000B54238BF3546C2E76422D9E7001F0021D6
:10B2E0006C1F002170B503F05EFB0C4E054600F0AC
:10B2F0002DFA012804D0284603F059FB022070BD26
:10B30000736813F0706FC3F30364F0D1F36BDB0663
:10B31000EDD5284603F04BFB2046F0E700400840FF
:10B3200038B503F040FB0B4A13884FF6FF718B4290
:10B3300003D103F03CFB032038BD074C074DE56506
:10B3400004F100741B04E365118003F030FB00205E
:10B35000F2E700BFBE210020006008440000FFFFAC
:10B360002DE9F34105460F461446FFF7ABF980B1CE
:10B37000DFF81882D8F80C30DE0740F1EA8003F0DD
:10B3800012FB06460320FCF757FA38B1304603F0AB
:10B390000EFB0226304602B0BDE8F081D8F80C3032
:10B3A00013F0060FF2D1304603F001FB6A4B4FF465
:10B3B00000612846D3F8E48ED3F8C46EFEF7EEFEA3
:10B3C00040B1664B4FF400720121C3F88820084653
:10B3D000FAF7CAF939462846FAF718FB5E4BC3F864
:10B3E000C46EC3F8E48E06460028D3D12B7CD80661
:10B3F00001D4002C66D0C4F34000FEF7AFF814F47B
:10B40000807F14BF564A554A4FF002031BBFC2F853
:10B410008830544AC2F8883000211CBFD160936242
:10B420004D4BD3F8BC7EFEF7D3F84F4A14F0040F0F
:10B4300007EA02034FF480616BD04C489342C1612C
:10B4400006D14B4A92F8D03043F0020382F8D03054
:10B45000424B042214F0400FC3F8882014BF454A21
:10B46000454A40232046C2F88030FEF797FF284621
:10B4700007F010FD40B114F0010F14BF384A374AED
:10B480004FF48073C2F88830A1064CD56B8C4FF610
:10B49000FF7293420FD0394A3949D26D100CC2F372
:10B4A0000112088001323749B3FBF2F32F4A3648C4
:10B4B000C8651B04D3652B7C003C18BF012464F3D2
:10B4C00004132B74284607F0D8FDF0B1284607F086
:10B4D000E1FCD0B14FF400312846FEF75FFE431C7B
:10B4E0009BB203221F4801A907F03CFA9DF80420F3
:10B4F00002F00703052B9DF805301DD1120715D466
:10B5000043F480731A4AC2F8CC30002007F0F4FAF2
:10B5100040E71C489342C1619AD1154A92F8D03055
:10B5200023F0020392E7FFF7FBFEC4E713F0040FDA
:10B5300009D19DF80630E3E703F03002202A05D157
:10B5400013F0010FF4E74FF48073DBE79DF806304A
:10B55000D8E703261EE700BF001000210040084482
:10B560000040084600100840800000400060084687
:10B57000001E00210070084600700844006008406A
:10B58000BE210020006008440000FFFF005008407A
:10B590002DE9F3410646884615461F4603F003FA97
:10B5A00004460320FCF748F938B1204603F0FFF9C0
:10B5B0000324204602B0BDE8F0810420FCF73CF9EA
:10B5C0000028F2D1204603F0F2F92A4641463046DF
:10B5D000FFF7C6FE04460028EBD1DFF8BC80002F41
:10B5E00038D088F8000039463046FEF735FE00288E
:10B5F00045D198F80030012B29D0224B2022C3F8E6
:10B600008820214B9B6CB3F5817F2BD2012007F062
:10B61000D6FA03F0C8F91D4B1B68019306464BB1DF
:10B620000420FBF7DFFF0023012201A90420FBF720
:10B63000F7FF00B3FCF748F92B0617D5144B00228F
:10B640001A67FCF781F9304603F0B1F9B1E7FDF76D
:10B65000B5FEAEE798F80030012BF8D0002BCCD126
:10B660000124A6E70B4B80229A60CFE7FCF76CF928
:10B67000FDF78EFEE7E7FDF7C9FF0124E3E7044687
:10B6800097E700BF00400846001F0021C84D00207A
:10B6900000500840004008405350002008B5094BB6
:10B6A000D3F8B4305A1C0BD05B0009D40320FEF74A
:10B6B000A5FF054B4FF08062C3F894200122DA60A9
:10B6C00008BD00BF0081E00F00400846054BD3F8DD
:10B6D000880003F180634FF40022C3F88820C0F390
:10B6E000C040704700400840024BD86800F001009D
:10B6F000704700BF00500840084BDA68D10707D5F3
:10B7000008B9FBF749BFDB68DA0706D4FBF736BF99
:10B71000DB68DB0701D40028F8D1704700500840EF
:10B72000084A4FF0807330B1936602F1C062D3666D
:10B730000123D365704704490120C865CB66936631
:10B74000704700BF00000840000008440F4B5B68D2
:10B75000C3F30363013B0B2B0FD8DFE803F00606AE
:10B760000C06060606080A0808080220704704208E
:10B7700070470520704703207047054BDB6813F0C6
:10B78000060F0CBF01200420704700BF0040084096
:10B79000005008400A4A5368C3F303630B2B08D0D8
:10B7A0006FF49050184100F0010080F0010040005B
:10B7B0007047D2F8880010F48030ECD1704700BF99
:10B7C000004008400C4A5368C3F30363062B07D8B4
:10B7D000042BD8B20CD8C31E5842584140007047C1
:10B7E000072B07D1D2F8440110F00050EBD170477D
:10B7F0000220704700207047004008400A4A536802
:10B80000C3F30363032B01D0072B0AD1D2F88C308A
:10B81000DB0606D4D2F8900080F00800C0F3C00028
:10B8200070470020704700BF00400840024B0022D4
:10B83000196807F001BC00BF048A020010B5FF229E
:10B840004FF6FF71044607F01BFC68B9FF224FF664
:10B85000FF71204607F025FC30B920460349BDE8BA
:10B860001040FF2207F02FBC10BD00BF406F020048
:10B8700010B55B0743EA02439DF80820520543EAEE
:10B88000C16302F0BC621A43084942F4C87204461C
:10B89000FEF770FC064B1B680BB120469847002250
:10B8A00011462046FFF740FA002010BD9007E12D19
:10B8B000E84D002008B507F0E0FB20B1024B586DC1
:10B8C000003818BF012008BD0000084038B5054603
:10B8D000FFF7F0FF044628B103494FF480322846B1
:10B8E000FEF748FC204638BD1001010008B5114B99
:10B8F000D3F8BC3E1A061AD50F4A134217D0FFF7E9
:10B90000E5FFA0B10D4B0E495A6B91F8D03002F40F
:10B910004062B2F5806F0CBF43F0010303F0FE03F9
:10B9200081F8D0300120BDE80840FFF7F9BE0020C3
:10B93000F9E700BF001000210000024000000840AD
:10B94000001E00212DE9F04104460F461546FFF781
:10B95000FDFE012806465FD1F80717D52F4B5B681F
:10B9600015F0010803F007033CD0022B37D920461D
:10B97000FEF738FE40F080012046FEF739FE4FF416
:10B9800000324FF400312046FEF7F4FBB9071AD518
:10B9900015F0020832D0224B1A6E02B35A6EF2B181
:10B9A000DB699A051BD54FF0804211462046FEF711
:10B9B000E1FB7B0707D515F0040210D14FF00041E1
:10B9C0002046FEF7D7FB174B174A1A60FEF776FBA7
:10B9D000164B174A1A602046FFF788FF00263046AC
:10B9E000BDE8F081022BFAD82046FEF7FBFD20F0DF
:10B9F00080012046FEF7FCFD4246C2E742464FF07A
:10BA000080412046FEF7B6FB0A49204607F0E4F8DD
:10BA1000024B42465863D1E70226E0E700000840A7
:10BA200000600840E44D0020EDB80100E84D002022
:10BA3000CDB801003400084008B5FFF7DFFEA8B11B
:10BA40000B4B5A69110311D5D3F8882092030DD4FA
:10BA5000D3F8903013F0100F4FF0100304D1054AC3
:10BA6000C2F89030002008BD034AF9E70220FAE747
:10BA700000400840004008460040084438B50446ED
:10BA800008B3134A53691B031FD5D2F88C50114BCE
:10BA9000C5F38115032DB3F8C8300ED1083B9BB216
:10BAA00008220D48214606F05DFF094B2572D3F8A8
:10BAB00090301B0A6372002038BD022D05D1023B75
:10BAC0009BB22A46EDE70120F6E70220F4E700BF2B
:10BAD00000400840001E002130100840064AD2F8FD
:10BAE000C03043F04073C2F8C030044B4FF0806266
:10BAF000C3F81421704700BF0040084000400846CA
:10BB0000044A0423C2F8BC3002F10072C2F8C43007
:10BB1000704700BF00400844074B084AC3F8C020E4
:10BB20000122C3F8C4204FF08062C3F8142104221C
:10BB3000C3F8C420704700BF00400844CA07800013
:10BB4000023816289ABF024B185C0020704700BFCD
:10BB5000EC8902002DE9F047344F354D4FF00108D4
:10BB6000C7F8C480D5F8C04024F47E0424F0300423
:10BB700044F4680444F03004C5F8C0402D4C064637
:10BB80000846D4F834A09946FFF7DAFF2AF47C1A65
:10BB90004AEA00406063D5F8C01021F4FF3121F477
:10BBA000807141EAC92141EA0222C5F8C020A36D93
:10BBB00023F07F033343A3651F4B4A22C3F8C02001
:10BBC00080254FF40002C3F8C480C3F8C050C3F806
:10BBD000C0201A4A1021D1650822C7F8C020184A8F
:10BBE000C3F8C0204FF47A7006F0E9FF4FF480727A
:10BBF0006560626023681905FCD423685B04F7D490
:10BC00000D4B0822C3F8C0200E4B1022DA65084AFB
:10BC100040236360D2F8C03023F4000323F0040310
:10BC200043F40003C2F8C030BDE8F0870040084488
:10BC300000400840003008400040084600300846F8
:10BC4000040080000030084410F0080F0A4B0AD1AD
:10BC500041F20E721A604FF0FF321A61074A9A6180
:10BC600001229A60704741F204721A6000221A6140
:10BC700048F20842F3E700BF002008402083B8EDF7
:10BC8000064B10225A63064A92F8D020D2074CBFC6
:10BC90004FF480624FF440625A63704700000846D8
:10BCA000001E002170B5704D2B6EE96E1940CB015E
:10BCB00001F07F444AD56D4BD3F8BC3E1E0642D5F9
:10BCC0006B4A13423FD06B48066E426E6D6D03F0B7
:10BCD0008043002D00F085809BB90AB1964224D1A3
:10BCE000614B5B6B13F4406F00F089805E4B44F254
:10BCF0000D02DA65604A4FF0007393661A44D3660A
:10BD000021E00368D8066FD4002A6DD096426BD02C
:10BD10005A4A92F8D13023F0010382F8D130564BC1
:10BD20004FF443625A63FFF7ABFF4F4B48F20522D3
:10BD3000DA6503F180634FF090529A6603F1007365
:10BD40004FF08052DA66484B02225A62CA0001F074
:10BD5000007513D5454B444AD3F8BC6ED36BD2F86B
:10BD6000901003EB810303F100534349588C4FF0CB
:10BD70008053CB66C30747D5002E63DA002D2DD044
:10BD80003A4B3D4ED3F8BC1E374BD3F88C504FF096
:10BD90000072F266EA0762D4354A114261D0A8B255
:10BDA000FFF752FF354A92F8D130072003F0FD0328
:10BDB00082F8D1307063E8060AD511F0804F30491F
:10BDC00014BF0320012043F00203486382F8D130FE
:10BDD000254B40F20C425A620122DA65264B9C66E2
:10BDE00070BD002B3FF47CAF244A92F8D13043F071
:10BDF000010382F8D130204B4FF443625A63204B49
:10BE00004FF440625A6371E7194B1E421AD0FFF794
:10BE10001BFF1A4A07234B6392F8D130C60603F082
:10BE2000FD0382F8D13006D51549032043F0020303
:10BE3000486382F8D1300C4B40F214425A6201221E
:10BE4000DA659BE714235362002D99D10921032061
:10BE5000FCF71CF9044B40F201225A62BEE70029AC
:10BE6000BCDB0C225A62F1E7000008400010002100
:10BE7000000002400060084000000844001E00214D
:10BE8000000008462DE9F74FDFF8ECB08146DBF8FB
:10BE900000A00F46FBF7E6FC4FF0FF35CDE90001AF
:10BEA00000202C46064606F110031B015BF8033008
:10BEB00003F00308B8F1010F15D13046FBF7EAFC97
:10BEC00002460B46DDE90001FBF77AFBDBF85C304C
:10BED00006F10802D340DB0737D5002F3ED00025FE
:10BEE0003E602C4640460136052EDCD150B3224F31
:10BEF000396B0131A4FB014164190AF4403341F16B
:10BF00000001B3F5003F4FF000022FD1FB6A0AF4A5
:10BF1000405A013342F10006BAF5805F21D1BD6A73
:10BF200015F5807542F100026E4303FB0266A5FB26
:10BF300003323244594304FB0212A3FB0434144479
:10BF4000C9E9003403B0BDE8F08FA84271EB0403E7
:10BF5000C8D207B13E6005460C46C3E73D463C46A5
:10BF6000C0E7320242EA13621B02E3E7BB6A13F541
:10BF7000807342F10002DDE70050084081F000418B
:10BF800002E000BF83F0004330B54FEA41044FEABE
:10BF9000430594EA050F08BF90EA020F1FBF54EA59
:10BFA000000C55EA020C7FEA645C7FEA655C00F0F5
:10BFB000E2804FEA5454D4EB5555B8BF6D420CDDC6
:10BFC0002C4480EA020281EA030382EA000083EA49
:10BFD000010180EA020281EA0303362D88BF30BDE9
:10BFE00011F0004F4FEA01314FF4801C4CEA11313F
:10BFF00002D0404261EB410113F0004F4FEA03339E
:10C000004CEA133302D0524263EB430394EA050F28
:10C0100000F0A780A4F10104D5F1200E0DDB02FA97
:10C020000EFC22FA05F2801841F1000103FA0EF22B
:10C03000801843FA05F359410EE0A5F120050EF1F1
:10C04000200E012A03FA0EFC28BF4CF0020C43FA22
:10C0500005F3C01851EBE37101F0004507D54FF02F
:10C06000000EDCF1000C7EEB00006EEB0101B1F57F
:10C07000801F1BD3B1F5001F0CD349085FEA3000C5
:10C080004FEA3C0C04F101044FEA445212F5800FD0
:10C0900080F09A80BCF1004F08BF5FEA500C50F16D
:10C0A000000041EB045141EA050130BD5FEA4C0C50
:10C0B000404141EB0101013C28BFB1F5801FE9D2AD
:10C0C00091F0000F04BF01460020B1FA81F308BFD0
:10C0D0002033A3F10B03B3F120020CDA0C3208DD9C
:10C0E00002F1140CC2F10C0201FA0CF021FA02F177
:10C0F0000CE002F11402D8BFC2F1200C01FA02F1E7
:10C1000020FA0CFCDCBF41EA0C019040E41AA2BF0B
:10C1100001EB0451294330BD6FEA04041F3C1CDAD3
:10C120000C340EDC04F11404C4F1200220FA04F0F3
:10C1300001FA02F340EA030021FA04F345EA03019D
:10C1400030BDC4F10C04C4F1200220FA02F001FA5F
:10C1500004F340EA0300294630BD21FA04F02946E1
:10C1600030BD94F0000F83F4801306BF81F480117A
:10C170000134013D4EE77FEA645C18BF7FEA655CED
:10C1800029D094EA050F08BF90EA020F05D054EABF
:10C19000000C04BF1946104630BD91EA030F1EBFC4
:10C1A0000021002030BD5FEA545C05D140004941C8
:10C1B00028BF41F0004130BD14F580043CBF01F5BB
:10C1C000801130BD01F0004545F0FE4141F47001A1
:10C1D0004FF0000030BD7FEA645C1ABF194610467C
:10C1E0007FEA655C1CBF0B46024650EA013406BF7D
:10C1F00052EA033591EA030F41F4002130BD00BF3C
:10C2000090F0000F04BF0021704730B54FF48064F8
:10C2100004F132044FF000054FF0000150E700BF79
:10C2200090F0000F04BF0021704730B54FF48064D8
:10C2300004F1320410F0004548BF40424FF00001C5
:10C240003EE700BF42004FEAE2014FEA31014FEA08
:10C2500002701FBF12F07F4393F07F4F81F0605157
:10C26000704732F07F4208BF704793F07F4F04BFA2
:10C2700041F40021704730B54FF4607401F000457F
:10C2800021F000411CE700BF50EA010208BF7047DF
:10C2900030B54FF000050AE050EA010208BF7047D0
:10C2A00030B511F0004502D5404261EB41014FF439
:10C2B000806404F132045FEA915C3FF4D8AE4FF041
:10C2C00003025FEADC0C18BF03325FEADC0C18BF24
:10C2D000033202EBDC02C2F1200300FA03FC20FA75
:10C2E00002F001FA03FE40EA0E0021FA02F11444C2
:10C2F000BDE600BF70B54FF0FF0C4CF4E06C1CEADB
:10C3000011541DBF1CEA135594EA0C0F95EA0C0F4B
:10C3100000F0DEF82C4481EA030621EA4C5123EABE
:10C320004C5350EA013518BF52EA033541F48011ED
:10C3300043F4801338D0A0FB02CE4FF00005E1FBA0
:10C3400002E506F00042E0FB03E54FF00006E1FBEA
:10C3500003569CF0000F18BF4EF0010EA4F1FF042D
:10C36000B6F5007F64F5407404D25FEA4E0E6D416D
:10C3700046EB060642EAC62141EA55514FEAC5207E
:10C3800040EA5E504FEACE2EB4F1FD0C88BFBCF5FA
:10C39000E06F1ED8BEF1004F08BF5FEA500E50F1AB
:10C3A000000041EB045170BD06F0004646EA010171
:10C3B00040EA020081EA0301B4EB5C04C2BFD4EBA3
:10C3C0000C0541EA045170BD41F480114FF0000E9C
:10C3D000013C00F3AB8014F1360FDEBF002001F00A
:10C3E000004170BDC4F10004203C35DA0C341BDC84
:10C3F00004F11404C4F1200500FA05F320FA04F056
:10C4000001FA05F240EA020001F0004221F0004189
:10C4100010EBD37021FA04F642EB06015EEA430EFC
:10C4200008BF20EAD37070BDC4F10C04C4F120052C
:10C4300000FA04F320FA05F001FA04F240EA0200DF
:10C4400001F0004110EBD37041F100015EEA430EB0
:10C4500008BF20EAD37070BDC4F1200500FA05F2D0
:10C460004EEA020E20FA04F301FA05F243EA02034F
:10C4700021FA04F001F0004121FA04F220EA02005E
:10C4800000EBD3705EEA430E08BF20EAD37070BDA4
:10C4900094F0000F0FD101F00046400041EB010184
:10C4A00011F4801F08BF013CF7D041EA060195F066
:10C4B000000F18BF704703F00046520043EB030320
:10C4C00013F4801F08BF013DF7D043EA060370470D
:10C4D00094EA0C0F0CEA135518BF95EA0C0F0CD018
:10C4E00050EA410618BF52EA4306D1D181EA03015E
:10C4F00001F000414FF0000070BD50EA410606BF58
:10C500001046194652EA430619D094EA0C0F02D19C
:10C5100050EA013613D195EA0C0F05D152EA0336E1
:10C520001CBF104619460AD181EA030101F00041FF
:10C5300041F0FE4141F470014FF0000070BD41F048
:10C54000FE4141F4780170BD70B54FF0FF0C4CF422
:10C55000E06C1CEA11541DBF1CEA135594EA0C0F41
:10C5600095EA0C0F00F0A7F8A4EB050481EA030E8E
:10C5700052EA03354FEA013100F088804FEA033375
:10C580004FF0805545EA131343EA12634FEA022243
:10C5900045EA111545EA10654FEA00260EF0004104
:10C5A0009D4208BF964244F1FD0404F5407402D256
:10C5B0005B084FEA3202B61A65EB03055B084FEAE7
:10C5C00032024FF480104FF4002CB6EB020E75EBE4
:10C5D000030E22BFB61A754640EA0C005B084FEA0C
:10C5E0003202B6EB020E75EB030E22BFB61A754689
:10C5F00040EA5C005B084FEA3202B6EB020E75EBD4
:10C60000030E22BFB61A754640EA9C005B084FEA4B
:10C610003202B6EB020E75EB030E22BFB61A754658
:10C6200040EADC0055EA060E18D04FEA051545EA47
:10C6300016754FEA06164FEAC30343EA52734FEAF0
:10C64000C2025FEA1C1CC0D111F4801F0BD141EA69
:10C6500000014FF000004FF0004CB6E711F4801FCE
:10C6600004BF01430020B4F1FD0C88BFBCF5E06FAE
:10C670003FF6AFAEB5EB030C04BFB6EB020C5FEABE
:10C68000500C50F1000041EB045170BD0EF0004E13
:10C690004EEA113114EB5C04C2BFD4EB0C0541EA45
:10C6A000045170BD41F480114FF0000E013C90E642
:10C6B00045EA060E8DE60CEA135594EA0C0F08BF06
:10C6C00095EA0C0F3FF43BAF94EA0C0F0AD150EA05
:10C6D00001347FF434AF95EA0C0F7FF425AF104698
:10C6E00019462CE795EA0C0F06D152EA03353FF4C0
:10C6F000FDAE1046194622E750EA410618BF52EA3D
:10C7000043067FF4C5AE50EA41047FF40DAF52EA10
:10C7100043057FF4EBAE12E74FF0FF3C06E000BFAD
:10C720004FF0010C02E000BF4FF0010C4DF804CDBA
:10C730004FEA410C7FEA6C5C4FEA430C18BF7FEA7A
:10C740006C5C1BD001B050EA410C0CBF52EA430CA8
:10C7500091EA030F02BF90EA020F0020704710F128
:10C76000000F91EA030F58BF994208BF90422CBFB7
:10C77000D8176FEAE37040F0010070474FEA410CB0
:10C780007FEA6C5C02D150EA013C07D14FEA430CCE
:10C790007FEA6C5CD6D152EA033CD3D05DF8040B3F
:10C7A000704700BF8446104662468C461946634671
:10C7B00000E000BF01B5FFF7B7FF002848BF10F148
:10C7C000000F01BD4DF808EDFFF7F4FF0CBF01208D
:10C7D00000205DF808FB00BF4DF808EDFFF7EAFF09
:10C7E00034BF012000205DF808FB00BF4DF808EDC4
:10C7F000FFF7E0FF94BF012000205DF808FB00BFB9
:10C800004DF808EDFFF7CEFF94BF012000205DF842
:10C8100008FB00BF4DF808EDFFF7C4FF34BF01204F
:10C8200000205DF808FB00BF4FEA410212F500123C
:10C8300015D211D56FF47873B3EB625212D94FEA67
:10C84000C12343F0004343EA505311F0004F23FA51
:10C8500002F018BF404270474FF00000704750EAA6
:10C86000013005D111F0004008BF6FF00040704763
:10C870004FF00000704700BF4A0011D212F50012BD
:10C8800011D20DD56FF47873B3EB62520ED44FEA28
:10C89000C12343F0004343EA505323FA02F07047A8
:10C8A0004FF00000704750EA013002D14FF0FF30E6
:10C8B00070474FF00000704753B94AB9002908BFCC
:10C8C00000281CBF4FF0FF314FF0FF3000F06AB975
:10C8D000ADF1080C6DE904CE00F006F8DDF804E0D7
:10C8E000DDE9022304B070472DE9F047089D0C46AE
:10C8F000002B4ED194468C458646B2FA82F262D91C
:10C900004AB1C2F12003914020FA03F30CFA02FC71
:10C91000194300FA02FE4FEA1C471FFA8CF6B1FBDE
:10C92000F7F44FEA1E4307FB141143EA014304FBEB
:10C9300006F199420AD91CEB030304F1FF3080F0A1
:10C940001381994240F21081023C6344591A1FFA44
:10C950008EF3B1FBF7F007FB101143EA014300FB34
:10C9600006F69E420AD91CEB030300F1FF3180F06A
:10C97000FD809E4240F2FA80634402389B1B40EAED
:10C98000044000211DB1D3400022C5E90032BDE8BA
:10C99000F0878B4205D90DB1C5E900010021084699
:10C9A000F5E7B3FA83F1002946D1A34202D39042BE
:10C9B000C0F0F180861A64EB03030120002DE6D05D
:10C9C000C5E90063E3E7002A40F09180A1EB0C0485
:10C9D0004FEA1C481FFA8CF70121B4FBF8F64FEA26
:10C9E0001E4308FB164443EA044307FB06F0984243
:10C9F00008D91CEB030306F1FF3402D2984200F27F
:10CA0000CE8026461C1A1FFA8EF3B4FBF8F008FB02
:10CA1000104443EA044300FB07F79F4208D91CEB8C
:10CA2000030300F1FF3402D29F4200F2B18020469E
:10CA3000DB1B40EA0640A5E7C1F120068B4022FA45
:10CA400006F71F4320FA06FC04FA01F343EA0C033D
:10CA5000F44000FA01F8380C4FEA1349B4FBF0FE39
:10CA60001FFA87FC00FB1E4449EA04440EFB0CF944
:10CA7000A14502FA01F20AD93C190EF1FF3A80F001
:10CA80008580A14540F28280AEF1020E3C44A4EBC9
:10CA900009041FFA83F9B4FBF0F300FB134449EADD
:10CAA000044403FB0CFCA44507D93C1903F1FF30F7
:10CAB00068D2A44566D9023B3C4443EA0E40A0FB41
:10CAC0000293A4EB0C049C42CE469C4652D34FD01A
:10CAD00055B1B8EB0E0364EB0C0404FA06F6CB4038
:10CAE000CC401E43C5E900640021BDE8F087C2F1D7
:10CAF000200320FA03F10CFA02FC24FA03F3944019
:10CB00000C434FEA1C4800FA02FE1FFA8CF7B3FBF5
:10CB1000F8F008FB1031230C43EA014300FB07F156
:10CB2000994208D91CEB030300F1FF362CD299423D
:10CB30002AD9023863445B1AA4B2B3FBF8F108FBAC
:10CB4000113344EA034401FB07F3A34208D91CEB69
:10CB5000040401F1FF3613D2A34211D9023964440F
:10CB6000E41A41EA004138E70446EFE6084605E7E3
:10CB7000C845ADD2B9EB020E63EB070C0138A7E74D
:10CB80003146EDE7034698E73046D4E7D6467EE7E0
:10CB9000634402384CE70646234608460EE7023E49
:10CBA00063442FE7704700BF08B5064B044613B136
:10CBB0000021AFF30080044B1B6803B19847204667
:10CBC00002F0DCFE000000002C4F0020242B2DE999
:10CBD000F0478646904601D8012B06D100F024FC90
:10CBE000162303600020BDE8F08736480D462A462C
:10CBF00015F8014B065D16F00806F8D12D2C24D14E
:10CC00002C780126951C2BBB302C30D00A2306F142
:10CC1000004C0CF1FF3C0022BCFBF3F9104603FB77
:10CC200019CAA4F13007092F28D83C46A34234DDA5
:10CC3000571C07D081452DD301D1A2452ADB00FB2B
:10CC40000340012215F8014BEBE72B2C04BF2C7895
:10CC5000951CD8E7102BDAD1302CD8D12A7802F0E5
:10CC6000DF02582AD3D16C7810230235CFE72B7816
:10CC700003F0DF03582BF6D00823C8E7A4F14107DF
:10CC8000192F01D8373CD1E7A4F16107192F04D837
:10CC9000573CCBE74FF0FF32D4E7531C08D1222397
:10CCA000CEF800306046B8F1000F9CD0691E06E057
:10CCB00006B14042B8F1000F95D0002AF6D1C8F86D
:10CCC000001090E7138D020013460A460146024801
:10CCD0000068FFF77BBF00BF2C2100202DE9F04347
:10CCE000364E86460D46284615F8014B375D17F03F
:10CCF0000807F8D12D2C26D12C780127851C3BBBA9
:10CD0000302C32D00A234FF0FF380026B8FBF3F85E
:10CD100003FB08F96FEA09093046A4F1300CBCF1B5
:10CD2000090F29D86446A34237DDB6F1FF3F07D08B
:10CD300080452FD301D1A1452CDB00FB0340012608
:10CD400015F8014BE9E72B2C04BF2C78851CD6E79E
:10CD5000102BD8D1302CD6D1287800F0DF005828FD
:10CD6000D1D16C7810230235CDE72B7803F0DF03A7
:10CD7000582BF6D00823C6E7A4F1410CBCF1190FDB
:10CD800001D8373CCFE7A4F1610CBCF1190F04D8EE
:10CD9000573CC8E74FF0FF36D2E7731C06D1222379
:10CDA000CEF80030304632B9BDE8F08307B14042DA
:10CDB000002AF9D006B1691E1160F5E7138D020053
:10CDC00013460A46014602480068FFF787BF00BFC6
:10CDD0002C2100202DE9F04F85B09046464A029064
:10CDE00089461E460D462B4615F8014B175D17F078
:10CDF0000807F8D12D2C41D12C7801279D1C002E3D
:10CE000041D1302C4CD00A2607F1004A07F1FF3BF4
:10CE10000AF1FF3AF3173246584651460393FFF79B
:10CE20004BFD019200228E46844611461046A4F125
:10CE30003003092B05D9A4F14103192B37D8A4F1EC
:10CE400037039E423DDD541C15D084457EEB010224
:10CE500034D38E4508BF844502D1019A9A422DDB16
:10CE6000039A714300FB0211A6FB00020A44181842
:10CE700042EBE371012215F8014BD8E72B2C04BFDC
:10CE80002C789D1CBBE7102EBED1302CBCD12B784A
:10CE900003F0DF03582BB7D16C7810260235B3E7C7
:10CEA0002B7803F0DF03582BF6D00826ACE7A4F16B
:10CEB0006103192B05D8A4F15703C2E74FF0FF32E5
:10CEC000D9E7531C0AD1029A2223136058465146CF
:10CED000B8F1000F0AD105B0BDE8F08F17B140429C
:10CEE00061EB4101B8F1000FF5D00AB105F1FF394E
:10CEF000C8F80090EFE700BF138D020013460A4602
:10CF0000014602480068FFF765BF00BF2C210020E2
:10CF100070B50D4D0D4C641BA4100026A64209D11E
:10CF20000B4D0C4C06F04CFC641BA4100026A642D2
:10CF300005D170BD55F8043B98470136EEE755F82A
:10CF4000043B98470136F2E7F4210020F421002049
:10CF5000F4210020F8210020024B0146186800F05F
:10CF60002DB800BF2C210020024B0146186800F0AC
:10CF700061BA00BF2C21002070B50F4E0C463168FD
:10CF8000054611B900F02EFA30602146284600F01F
:10CF900029FA431C03D14FF0FF34204670BDC41C56
:10CFA00024F00304A042F8D0211A284600F01AFA0F
:10CFB0000130F2D1EFE700BFEC4D00202DE9F04148
:10CFC000CD1C25F0030508350C2D38BF0C25002D90
:10CFD000064601DBA94204D90C2333600020BDE8DA
:10CFE000F081314F00F0EAF93B681C4644BB29460A
:10CFF0003046FFF7C1FF431C044650D13C68214630
:10D00000002941D1002C44D02368304604EB0308AA
:10D0100000F0E8F980453CD121686D1A2946304678
:10D02000FFF7AAFF013034D023682B4423603B680C
:10D03000002B36D05A68A24229D100225A600EE055
:10D040002268521B1DD40B2A16D96119A3422560F0
:10D0500018BF5960636808BF396062514B60304641
:10D0600000F0B2F904F10B00231D20F00700C21AF2
:10D07000B5D01B1AA350B2E7A3426268DED13A6072
:10D08000EDE723466468B1E70C464968B8E7134604
:10D09000CEE70C233360304600F096F99EE705603A
:10D0A000DDE75B60FFDE00BFF04D00201FB51446DA
:10D0B0001A46094B1B680546D86854B9074B1C46ED
:10D0C000CDE9013400912B46054900F0B1F806F096
:10D0D00043FB044BF4E700BF2C2100206D6A0200E3
:10D0E000E38C0200D68C0200002310B50446C0E990
:10D0F0000033C0E90433836081814366C281836168
:10D10000194608225C3006F03AF90D4B63620D4B6C
:10D11000A3620D4BE3620D4B23630D4B24629C42D3
:10D1200006D003F16802944202D0D0339C4205D16C
:10D1300004F15800BDE8104006F029B910BD00BF49
:10D1400041320200633202009B320200BF32020011
:10D15000F44D0020024A0349034806F0C8B800BF56
:10D160007C210020093702003021002041680C4B4F
:10D17000994210B5044601D006F0C6FAA168094BE1
:10D18000994202D0204606F0BFFAE168064B994268
:10D1900004D02046BDE8104006F0B6BA10BD00BF6E
:10D1A000F44D00205C4E0020C44E002010B50B4B07
:10D1B0000B4C0C4A1A60204600220421FFF794FF12
:10D1C00004F1680001220921FFF78EFF04F1D0006D
:10D1D0000222BDE810401221FFF786BF2C4F00202D
:10D1E000F44D002055D10100014806F0D1B800BF30
:10D1F00058500020014806F0CCB800BF585000201D
:10D2000010B50446FFF7F0FF236A1BB1BDE81040DC
:10D21000FFF7F0BF044B2362044B1B68002BF5D1D2
:10D22000FFF7C4FFF2E700BF6DD101002C4F0020D3
:10D230000EB403B5014603AB054853F8042B006850
:10D24000019300F041F902B05DF804EB03B07047C0
:10D250002C2100202DE9F7431D46574B1F6804463B
:10D260000E46904627B13B6A13B93846FFF7C8FF10
:10D27000B8F1020F06D0B8F1010F00F29A80002D2C
:10D28000C0F29780636ED90705D4A3899A0502D4AA
:10D29000A06D06F07DF82146384606F035FA616B40
:10D2A00041B104F14403994202D0384600F0C2F87B
:10D2B000002363630023A3616360A3891B0603D576
:10D2C0002169384600F0B6F8A38923F44A6323F0B5
:10D2D0000303B8F1020FA38161D001AB6A46214676
:10D2E000384606F057F8A3891843A0812DBB009D4E
:10D2F0002846FFF731FE0646002852D1DDF800909F
:10D30000A94540D14FF0FF35B4F90C3043F002028B
:10D31000A2810022A26004F1470222602261012260
:10D320006261626ED60704D4980502D4A06D06F03F
:10D3300030F8284603B0BDE8F083002ED8D03B6A11
:10D3400013B93846FFF75CFFB8F1010F08BFA38996
:10D35000266004BF43F00103A381B4F90C3013F03D
:10D360000802C4E904651ED0D90741BF00226D42FE
:10D37000A260A56158BFA560626ED20701D49B056B
:10D3800013D50025D5E74846FFF7E6FD06460028F9
:10D39000B8D0A38943F08003A3814D46CFE7002591
:10D3A000B2E7A946F5E7A260E6E7A06D05F0F1FF58
:10D3B000E7E74FF0FF35BCE72C210020014805F0DE
:10D3C000E7BF00BF57500020014805F0E2BF00BF93
:10D3D00057500020024B0A460146186805F073BFFB
:10D3E0002C21002038B5064D0023044608462B604A
:10D3F000E8F742FD431C02D12B6803B1236038BD1E
:10D40000304F002038B5074D04460846114600222B
:10D410002A601A4602F0D0FA431C02D12B6803B1ED
:10D42000236038BD304F0020014B1868704700BFA3
:10D430002C21002038B50546002941D051F8043C84
:10D440000C1F002BB8BFE418FFF7B8FF1D4A136884
:10D4500033B9636014602846BDE83840FFF7B4BFB5
:10D46000A34208D9206821188B4201BF19685B6864
:10D4700009182160EDE71A465B680BB1A342FAD99F
:10D4800011685018A0420BD1206801445018834203
:10D490001160E0D118685B68536008441060DAE7F7
:10D4A00002D90C232B60D6E7206821188B4204BFD9
:10D4B00019685B68636004BF091821605460CAE79B
:10D4C00038BD00BFF04D00202DE9F04F0D469DB056
:10D4D00014469846064618B1036A0BB9FFF790FE4A
:10D4E0006B6ED90705D4AB899A0502D4A86D05F0F7
:10D4F0004FFFAB891B0701D52B699BB929463046E5
:10D5000000F0FAF870B16B6EDC0704D54FF0FF3015
:10D510001DB0BDE8F08FAB899805F7D4A86D05F074
:10D5200038FFF3E70023099320238DF82930CDF845
:10D530000C803023DFF8AC818DF82A304FF00109E0
:10D5400023469A4613F8012B0AB1252AF9D1BAEBE2
:10D55000040B0BD05B4622462946304605F093FF6C
:10D56000013000F0A780099A5A4409929AF80030D5
:10D57000002B00F09F8000234FF0FF32CDE9052300
:10D580000AF1010A049307938DF853301A93544615
:10D59000052214F8011B5348E2F7C2FD049AD8B9DA
:10D5A000D10644BF20238DF85330130744BF2B23EB
:10D5B0008DF853309AF800302A2B15D0079A54462C
:10D5C00000204FF00A0C214611F8013B303B092B9B
:10D5D0004BD9B0B1079214E0A0EB080309FA03F3AA
:10D5E00013430493A246D2E7039B191D1B680391C2
:10D5F000002BBBBF5B4242F0020207930793B8BF08
:10D60000049223782E2B0AD163782A2B32D1039BE4
:10D610001A1D1B68039243EAE37302340593DFF893
:10D62000D4A0217803225046E2F77AFD38B1049B5A
:10D63000A0EB0A004022824013430134049314F803
:10D64000011B29488DF828100622E2F769FD002801
:10D650003FD0264B1BBB039B073323F00703083344
:10D660000393099B3B4409936AE70CFB02320C4687
:10D670000120A8E700230134059319464FF00A0C56
:10D68000204610F8012B303A092A03D9002BC6D0C6
:10D690000591C4E70CFB012104460123F0E703AB2D
:10D6A00000932A46124B04A93046AFF30080074688
:10D6B000781CD6D16B6ED90705D4AB899A0502D4F4
:10D6C000A86D05F066FEAB895B063FF51FAF0998B4
:10D6D0001EE703AB00932A46054B04A9304600F031
:10D6E00061F8E4E7138E02001D8E020000000000C6
:10D6F00087340200198E020038B5294B0546186898
:10D700000C4618B1036A0BB9FFF77AFDB4F90C3077
:10D71000190722D4DA0607D409222A6043F040030D
:10D72000A3814FF0FF3033E0580712D5616B41B150
:10D7300004F14403994202D02846FFF77BFE002300
:10D740006363A38923F02403A38100236360236917
:10D750002360A38943F00803A38123694BB9A389FC
:10D7600003F42073B3F5007F03D02146284605F06B
:10D7700037FEB4F90C3013F001020AD00022A26087
:10D7800062695242A261226942B913F08000C5D198
:10D7900038BD990758BF6269A260F4E70020F7E737
:10D7A0002C2100202DE9FF470F7E0C9E782F9146FB
:10D7B00080460C469A4601F1430207D8622F0AD8E8
:10D7C000002F00F0DD80582F00F0C38004F14206E6
:10D7D00084F842703AE0A7F16303152BF6D801A153
:10D7E00051F823F03DD8010051D80100CDD70100F8
:10D7F000CDD70100CDD70100CDD7010051D8010010
:10D80000CDD70100CDD70100CDD70100CDD7010084
:10D8100067D90100DFD801001FD90100CDD7010071
:10D82000CDD7010089D90100CDD70100DFD8010093
:10D83000CDD70100CDD7010027D9010033681A1DCB
:10D840001B68326004F1420684F842300123A8E0EC
:10D8500031682368081D30601E0601D50D6803E09D
:10D860005D06FBD5B1F900506168002D78DA2D20F6
:10D87000002984F84300A1602DDA5E486D420A2336
:10D880001646B5FBF3F103FB1157C75D06F8017DA2
:10D890002F46BB420D46F4D9082B0BD12368DF0776
:10D8A00008D5236961689942DEBF302306F8013C40
:10D8B00006F1FF36921B2261CDF800A04B4603AA69
:10D8C0002146404605F02FFE01306FD14FF0FF306A
:10D8D00004B0BDE8F08723F004032360CDE721689E
:10D8E0003368080653F8045B02D4490648BFADB25A
:10D8F0006F2F4048336014BF0A230823002184F8A7
:10D9000043106668A660002EBADB216821F004018E
:10D910002160002DB4D1002EB2D11646BCE7236899
:10D9200043F0200323603448782784F84570236847
:10D9300031681F0651F8045B02D45F0648BFADB2E0
:10D940003160D90744BF43F0200323601DB1102389
:10D95000D4E72848E9E7236823F020032360F6E7AB
:10D9600024480A23CDE7336825686169181D3060B3
:10D970002E061B6801D5196002E06806FBD51980E8
:10D9800000232361164697E733681A1D32601E682C
:10D99000626800213046E2F7C3FB08B1801B60607B
:10D9A00063682361002384F8433085E723693246A6
:10D9B00049464046D047013088D023689B0714D49D
:10D9C000E068039B9842B8BF184681E701233246BE
:10D9D00049464046D04701303FF478AF0135E3680F
:10D9E00003995B1AAB42F1DCEAE7002504F1190662
:10D9F000F5E700BF248E0200358E020038B5064DD3
:10DA00000023044608462B6001F0B6FF431C02D1F8
:10DA10002B6803B1236038BD304F002038B5074D67
:10DA200000230446084611462B6001F0A8FF431C62
:10DA300002D12B6803B1236038BD00BF304F0020F6
:10DA400038B5064D0023044608462B6001F09EFFC2
:10DA5000431C02D12B6803B1236038BD304F002036
:10DA600038B5074D04460846114600222A601A467A
:10DA700001F091FF431C02D12B6803B1236038BD34
:10DA8000304F002038B5074D0446084611460022A5
:10DA90002A601A4601F081FF431C02D12B6803B1B2
:10DAA000236038BD304F0020024B0146186805F056
:10DAB0005ABE00BF2C21002038B5074D0023044674
:10DAC000084611462B6001F063FF431C02D12B680E
:10DAD00003B1236038BD00BF304F0020F7B51022DE
:10DAE0000C460021054605F04AFC03F088FB204463
:10DAF000F3F7E4FB800B02D1002003B0F0BD03F08C
:10DB00007EFB2044F3F7DAFB0307F5D52B4B1B789C
:10DB1000063B012B35D803F072FB2044F3F7CEFB14
:10DB2000801303284FF00601204614D103F083FC34
:10DB300021180822681CF3F7FBFB0821204603F09C
:10DB40007AFC0422211805F10900F3F7F1FB052303
:10DB50006B730120D1E703F06EFC2044F3F7AEFBBA
:10DB60000646F2F77DF9B04203D1F2F791F901468A
:10DB7000DFE76946304600F03DFB0028BCD069462F
:10DB8000D7E70621204603F056FC271803F037FBA1
:10DB90002044F3F793FB8013022805F1010614BF1C
:10DBA000082202223946304605F022FB0821204691
:10DBB00003F041FC2358C5F80930C8E72E4900207E
:10DBC0002DE9F04385B00746FE180C98C91A9B1A38
:10DBD000DCB21744431C8DB2A0460DF101020D309A
:10DBE00053F8041B42F8041B8342F9D11B781370CD
:10DBF00049238DF8003068466BBAADF80E3000F05E
:10DC00001BFB9DF801305C408DF801400224224648
:10DC10004FF000091BE0C2F11003A8EB09019BB211
:10DC200089B28B4228BF0B4600201FFA80FC1118D6
:10DC30006345C9B219D81A44D2B21F44102A4B44C2
:10DC40001FFA83F903D1684600F0F6FA0022C845AE
:10DC5000E1D812B1684600F0EFFA012C4FF0000253
:10DC60000DD00124A8463746D2E717F800C01DF8AA
:10DC700001E08CEA0E0C0DF801C00130D5E70D9BD8
:10DC8000009A1A6005B0BDE8F0832DE9F0478EB028
:10DC900004460AA8894603F0C4FE09210746204627
:10DCA00003F0C9FB0646204603F0D5FC0546002FCD
:10DCB00066D10AA800F0BFFA0F2239460DF119000B
:10DCC00005F05DFB01238DF8183003F098FA20442D
:10DCD000F3F7F4FA801302283FD00621204603F020
:10DCE000AAFB082221180DF11900F3F721FB4A467F
:10DCF0000DF121010020F3F7EFFA042326448DF8FB
:10DD0000253002AC0DF11808D5B39DF8273001334A
:10DD10008DF8273098E80F00102DA94628BF4FF046
:10DD200010091FFA89FA84E80F00A5EB0A052046BE
:10DD300000F082FA5FFA89F9ADB2721E2046002324
:10DD400012F801CF10F8011B0133DBB281EA0C019C
:10DD500099451170F4D85644D6E70621204603F0C1
:10DD60006AFB2044F3F7AAFA8046F2F779F84045B7
:10DD7000B3D06946404600F03DFA0028ADD1702787
:10DD800038460EB0BDE8F0872DE9FF4706460D4640
:10DD900014461F4603F10D094FF0010A15B904B0EE
:10DDA000BDE8F087102DA84607F1010228BF4FF00B
:10DDB00010080DF1010352F8041B43F8041B4A45F7
:10DDC000F9D199F800201A70684663BA01348DF8C9
:10DDD00000A0ADF80E30A4B200F02EFA6A4606EBB1
:10DDE0000801304610F8016B12F8013B884283EAC3
:10DDF000060300F8013CF5D1A5EB080806465FFADA
:10DE000088F5CBE78020704700F014BA2DE9F04781
:10DE10008CB00446EFF746FE002860D000F0DAF937
:10DE2000052840D108A803F0FCFD0D210546204639
:10DE300003F001FB064695BB08A80DF1100800F0A1
:10DE4000FAF921464046FFF749FE002847D0012154
:10DE5000204603F0F0FA09218146204603F0EBFA50
:10DE60000DF10C0AC7B23B465FFA89F231462046F3
:10DE7000CDE9008AFFF7A4FE43462A460421504616
:10DE8000FFF782FFF11B43460122C9B2E019FFF7F9
:10DE90007BFF0D21204603F0CEFA039B235028463A
:10DEA0000CB0BDE8F08700F095F9042819D10821DD
:10DEB000204603F0C0FA21180120F3F71BFA0721CE
:10DEC0000546204603F0B7FA2A4621180020F3F74A
:10DED00003FA294620460CB0BDE8F047D5E63525C3
:10DEE000DDE77025DBE72DE9F0478CB00446EFF75E
:10DEF000D9FDF8B100F06EF905284FD10721204671
:10DF000003F099FA235C03F00703052B46D108A818
:10DF100003F087FD0D210546204603F08CFA80466C
:10DF2000C5BB08A804AF00F086F921463846FFF7C4
:10DF3000D5FD08B935252DE00121204603F07BFAF7
:10DF400009218246204603F076FAC6B2A8EB060104
:10DF50000DF10C093B460122C9B2A019FFF714FFCD
:10DF600033465FFA8AF241462046CDE90079FFF751
:10DF700027FE2A463B4604214846FFF705FF0D21B0
:10DF8000204603F058FA04222118484605F0CDF93E
:10DF90000028CFD128460CB0BDE8F08700F01AF970
:10DFA00004281CD10721204603F045FA072120460A
:10DFB00003F041FA21180020F3F79CF907210546E8
:10DFC000204603F038FA411C21442A460120F3F789
:10DFD00083F9294620460CB0BDE8F04755E6702588
:10DFE000D8E710B5044600F0F5F8042808BF002073
:10DFF000207010BD38B5084C002504232246294660
:10E0000006202560EDF778FEA580F5F7F5FCBDE864
:10E010003840FFF7F9BE00BF344F002008B500209C
:10E0200003F0CFF8003818BF012008BD38B5064C02
:10E030002568C5F30D0313B90620EDF7ADFE23687F
:10E0400001332360284638BD344F002010B5054CFD
:10E050000423224600210620EDF7FEFD23689B03E2
:10E06000236010BD344F0020FFF7BBBFFFF7CEBECB
:10E070002DE9F04704460E46FFF735FF0546002818
:10E0800040F08B80002E00F08880012003F099F88A
:10E09000064603F0B4F82044F3F710F9020705D45C
:10E0A00048494948EB22EFF797FCFEE703F0A7F851
:10E0B0002044F3F703F980130228F1D1062120460A
:10E0C00003F0B9F92044F3F7F9F808210746204690
:10E0D00003F0B1F921180120F3F70CF98046F1F7AC
:10E0E000C5FE874204D0394B1B78053B022B36D83E
:10E0F000374E2C46B088F2F789FB8442B08836D37D
:10E10000F2F784FB0630002180B2F2F78DFC8146E5
:10E1100000283DD0B38873B1F2F75CFB0446B088A9
:10E12000F2F758FB8246B088F2F770FB5146024680
:10E13000204605F05DF84846F2F74CFB0446B088EF
:10E14000F2F764FB044439462046F3F7BDF8424633
:10E15000A11C0120F3F7C0F8A6F804901DE03306D7
:10E16000C6D541463846F1F71BFAB0B910E0F2F7D0
:10E1700031FB00EB04094846F3F7A0F809F102016E
:10E1800082460120F3F7B6F8574517D1804507D8E6
:10E1900001210D20F5F746FC35252846BDE8F0871E
:10E1A000B088F2F717FB044439462046F3F78CF8A1
:10E1B0004246A11C0120F3F78FF8EEE70634A4B223
:10E1C00098E700BF468E02005C6A02002E490020DC
:10E1D000344F0020014B1878704700BFD821002031
:10E1E000031F012B9DBF024B187000207020704749
:10E1F000D821002007B50023ADF8060001220DF15B
:10E200000600F5F74DFB03B05DF804FB38B5074D8C
:10E21000002428460134F2F7F5F80A2C05F102052E
:10E22000F7D1BDE838400248F2F7ECB8D24F0020F1
:10E23000384F00207047704710B586B00446EFF79E
:10E2400031FC05AB02931023CDE90043024922467D
:10E25000EEF738FE06B010BD004440048020704741
:10E2600010B5074B1878074B1A68002304321C4678
:10E27000D9B2884200D810BD22F833400133F7E705
:10E28000CB210020BC2000202DE9F74F354CBDF8F4
:10E2900030B09DF838A015461F46627823789A4220
:10E2A0008146884606D1304B1B6803EBC2039B882E
:10E2B000002B52D105EB0B00002180B2F2F7B4FB2A
:10E2C000ADF800900646ADF804008DF806A08DF874
:10E2D0000380002843D0F2F77DFA2A46394604F03D
:10E2E00087FF3046F2F776FA0D99204E5A462844B9
:10E2F00004F07EFF1AF0040F1B482CD025786378B9
:10E3000002683178AB4213D16B46026803CB637865
:10E3100042F8350002EBC507327879600133B3FB70
:10E32000F2F102FB11336370002003B0BDE8F08FFF
:10E330000FFA83FC02EBC3075BB1013B52F83310C9
:10E3400042F83C1002EBC30EDBB2DEF80410796039
:10E35000D6E74B1EF2E76578D6E73920E5E71820C7
:10E36000E3E700BF59500020BC200020CB21002053
:10E3700070B5084D084E00242A78E3B29A4200D8BE
:10E3800070BD306800EBC3000430F2F73BF8013495
:10E39000F2E700BFCB210020BC200020074B1978FA
:10E3A0005A788A4201BF064B1B6803EBC203988868
:10E3B00006BFB0FA80F04009002070475950002095
:10E3C000BC200020F8B50446FFF7E8FF064638BB3E
:10E3D000144D154F29783A6802EBC10398792070E3
:10E3E000D878607132F8312098886280F2F70EFA9E
:10E3F0002A783B68E08003EBC2039888F2F7EAF9D9
:10E400002B783A68A06002EBC30201339680074A7A
:10E410001278B3FBF2F102FB11332B700120F8BD2F
:10E420000020FCE759500020BC200020CB21002018
:10E4300030B58BB0044624252A46002101A804F0FB
:10E440009EFF2A460021204604F099FF20460BB08B
:10E4500030BD036813F4805F02D043F4806303602F
:10E46000036813F4005F02D043F400630360704755
:10E4700008B5C36923B100231A4602F0AEFA08BDFD
:10E480000180FCE708B501F0BFFF08BD08B5E3F760
:10E490008DFD08B58368C26853F822301878E6F716
:10E4A00033F908BD08B5E6F731FA08BD30B58BB0D1
:10E4B000044624252A46002101A804F060FF2A46CC
:10E4C0000021204604F05BFF20460BB030BD0368FE
:10E4D00013F4805F02D043F480630360036813F495
:10E4E000005F02D043F400630360704708B5C3695E
:10E4F00023B100231A4602F070FA08BD0180FCE740
:10E50000704770B584B00646084615461C4603A9F8
:10E51000ECF7D6FF034610B1184604B070BDBDF845
:10E52000243001939DF82030009323462A46039916
:10E53000304601F0F0FC0346EEE708B501F068FD57
:10E5400001F072FDECF792FBFAE77047704708B5EF
:10E5500001F0C5FE08BD70477047704708B5EEF77B
:10E560001BF908BD704708B5EEF7B4F808BD704751
:10E5700070477047704770477047704770477047E3
:10E580007047704708B501F000FF08BD00207047D4
:10E5900000207047704708B500F0ABF808BD08B51B
:10E5A000E6F7D2FFEBF7B8FDE7F7ECF8EBF75AFD2B
:10E5B000EBF79EFDEBF766FDE6F7A2FF01F072F9BF
:10E5C000E7F7D4F8E7F780FAE8F704F9ECF7A6FAEA
:10E5D00008BD08B5E7F7EEFCE8F788F8E7F77AF842
:10E5E000E7F780F800F09FF808BD08B5EAF790F962
:10E5F00000F000FCEAF79EF9EDF712FDEDF72EFDB5
:10E60000EDF750FD08BD08B5E7F794F808BD704771
:10E6100008B5E6F761FF08BD08B501F08BFDEDF721
:10E6200035FD08BD704708B5E7F730F808BD08B5F7
:10E6300000F05BF8ECF70EFE01F06AFEEBF7B6FDBA
:10E6400000F0DCFBECF754F8EEF722FDFFF7EBFFF0
:10E65000E6F71AFF08BD012070470120704738B562
:10E66000E6F732FF0446EDF733FD054600B12546D7
:10E6700001F0DEFE044600B12C46FFF7ECFF00B1CE
:10E68000204638BD38B5ECF7ADFB044601F0D2FEAC
:10E69000042811D0022811D00025E7F713F8042828
:10E6A0000FD002280FD0FFF7D8FF04280FD0022880
:10E6B0000BD06DB100240BE00125EEE7002501240D
:10E6C000EBE70125EFE70124EDE70124F1E7002462
:10E6D000204638BD7047704708B501230422052144
:10E6E0000020E9F701FC002008BD08B5FFF7F4FFA2
:10E6F00008BD08B50023042205211846E9F7F4FBFC
:10E70000002008BD20F07F4040EA81707047012959
:10E7100007D0022320F07F4040EAC36040EA8270C5
:10E7200070470323F6E708B5082000F09AF8E7F7EA
:10E7300079F8082000F0A0F808BD00B583B00023E8
:10E740000093019301238DF80030FFF7DBFF019068
:10E7500008216846E7F71EF803B05DF804FBFEE702
:10E760004FF4004070474FF47A7070470023036005
:10E77000704703680B6001607047D0B18446C2B136
:10E78000B9B10020137883B100B501F1FF3E864591
:10E7900006D90CF8013B013201301378002BF4D17B
:10E7A00000238CF800305DF804FB00238CF8003067
:10E7B00070477047034648B1002001E00133013043
:10E7C000884204D21A78002AF8D170470020704796
:10E7D00008B54FF0FF31FFF7EDFF08BD80B170B510
:10E7E0000C461546064622B119B1FFF7F1FF8442E7
:10E7F00000D870BD2A46211A3044FFF7BEFFF8E763
:10E80000704708B543680BB1984708BD2220FCE764
:10E81000704703681878704708B503681A78022AA9
:10E8200000D008BD00225A80E7F754FBF9E710B585
:10E8300082B004682378022B04D0A379022B03D082
:10E840000223237002B010BD00216079E7F766FF54
:10E85000617920790023019300930A46E9F7EEFAE3
:10E86000EEE74FF06041D1F8003E012282401343B1
:10E87000C1F8003E002070474FF06041D1F8003EE3
:10E880000122824023EA0203C1F8003E00207047C3
:10E8900008B543680068984708BD08B583680068F4
:10E8A000984708BD08B5C3680068984708BD037855
:10E8B000417801228A4003EB43031B0103F18043AB
:10E8C00003F520439A61704700B589B084460E98DD
:10E8D00007900D9806909DF8300005900B980490D5
:10E8E0009DF82800039000200290019300920B46AF
:10E8F00062460121E7F752FC09B05DF804FB890884
:10E90000002301E0043001338B4205D20268B2F1EA
:10E91000FF3FF7D00020704701207047704708B5CF
:10E920000346084613F0030F02D111F0030F0AD07B
:10E930009200194604F05CFC002008BD53F8041B4B
:10E9400040F8041B013A002AF8D1F5E710B582B06F
:10E95000044601A8E9F7F4FD9DF806302380012361
:10E96000E370A370E9F71AFE6060002002B010BDEA
:10E9700008B5E9F747FC08BD08B5E9F733FC002006
:10E9800008BD08B50A4641180139EBF731FF08BD4B
:10E9900003300F2828BF0F200007704708B5E8F79D
:10E9A00051F8013008BDEFF3108072B6704700B91E
:10E9B00062B67047602383F311887047002383F3A6
:10E9C00011887047EFF31180602383F3118870473B
:10E9D00080F311887047EFF3108313F0010F05D116
:10E9E000EFF311835F2B03D800207047012070479D
:10E9F0000120704784B00B6803934B6802938B68C7
:10EA00000193CB680093039B0360029B0360019B0F
:10EA10000360009B03600023039302930193009320
:10EA200004B0704730B40D684C688A68CB680560E4
:10EA300004600260036030BC704730B4056804684D
:10EA4000026803680D604C608A60CB6030BC704720
:10EA500008B5FFF7E7FF08BD00B585B084460B4653
:10EA600011F0030F0DD0EE46086849689A68DB681C
:10EA7000AEE80F0069466046FFF7EAFF05B05DF8B3
:10EA800004FB00910099FFF7E3FFF7E708B5FFF7F4
:10EA9000D4FF08BD10B584B00C4611F0030F0BD0A5
:10EAA0006946FFF7F3FFEC46BCE80F0020606160A9
:10EAB000A260E36004B010BD00910099FFF7E6FF8B
:10EAC000F8E738B50D46102A0AD000F1424303F5A5
:10EAD00080135B0100221A602430FFF78BFF38BDE2
:10EAE00000F1424303F580135B0101221A6000F537
:10EAF00088742046FFF77EFF05F110012046FFF7DE
:10EB000079FFECE730B589B086460C46154611F022
:10EB1000030F2BD0082A16D0EC4608684968A26873
:10EB2000E368ACE80F0020696169A269E369ACE8B9
:10EB30000F002A4669467046FFF7C3FF082D0AD02A
:10EB400008226B460DE0EC4608684968A268E36855
:10EB5000ACE80F00EDE70422F3E7002243F8042BB2
:10EB60000A46511E002AF8D109B030BD0091009923
:10EB7000FFF7A7FFF8E770477047704708B5002018
:10EB8000E8F75AFD08BD08B50120E8F755FD08BDB6
:10EB900070B505460E461446FFF705FF2B685C402E
:10EBA00034405C402C60FFF702FF70BD70B5054635
:10EBB0000E461446FFF7F7FE2B685C4034405C407D
:10EBC0002C60FFF7F4FE70BD00F1424000F58010AC
:10EBD00040010160704708B5E9F76AFB08BD41F0E4
:10EBE000800181657047CB435B0003F00A03C3607B
:10EBF000C160704738B505460C46E9F721FDA37C96
:10EC00001BB12B6843F080432B60E37C002B2CD19D
:10EC1000637B228A1343E28913436B60237BA268E0
:10EC200061682846E9F7C6FC637D1BB12B6843F495
:10EC300080332B60A37D1BB12B6843F400432B6012
:10EC4000E37D1B0703F0E043227E120502F4E0029D
:10EC500013432B666B6F23F030036B676B6F627E21
:10EC600013436B672378EB6038BD217D2846FFF79F
:10EC7000B6FFCDE738B505460C46E9F7E1FC2A6852
:10EC8000238A43F00103A17B002934D04FF4806133
:10EC90000B4313432B602B68227D002A2DD04FF0AD
:10ECA000005213432B60A37C4BBB237B43F4805364
:10ECB0006B60A26861682846E9F7AEFC637B0BB124
:10ECC0001023EB60637D1BB12B6843F480332B6012
:10ECD000A37D1BB12B6843F400432B60E37D1B072E
:10ECE00003F0E043227E120502F4E00213432B6698
:10ECF0002378EB6038BD0021CAE70022D1E7E17C30
:10ED00002846FFF76CFFD0E7036913F0400FFBD0F4
:10ED10004163036913F0200FFBD0C069C0B2704794
:10ED2000036913F0400FFBD041637047036813F091
:10ED3000010F09D0836813F0020F05D1836813F027
:10ED4000010FFBD10123436070470B78002B3BD0B0
:10ED500001234A78002A39D0022213438A78002AF4
:10ED600036D04FF080421343CA789AB3042213433B
:10ED70000A798AB3082213434A797AB320221343CB
:10ED80008A796AB340221343CA795AB310221343D3
:10ED90000A7A43EA02334A7A43EA02230A7B1AB325
:10EDA0004FF0004213438A7A43EA0243CA7A43EAA5
:10EDB00002610023826812F0010F17D047F22F5230
:10EDC000934213DC0133F5E70023C2E70022C4E7D6
:10EDD0000022C8E70022CAE70022CCE70022CEE7E3
:10EDE0000022D0E70022D2E70022DBE70160704773
:10EDF0000020704708B5F7F7ADF808BD70474140EF
:10EE0000012201E018440132032A08D8D30021FA74
:10EE100003F34B4013F0030FF4D09B00F2E770476D
:10EE2000CAB110B58CB014460022089209920A9219
:10EE30000B920792069205AB029307AB019306ABC8
:10EE4000009308ABE9F7B6FE18B9099B6360079B0E
:10EE500023600CB010BD6FF0860070470020704733
:10EE60002DE9F8438046894615461F46E9F78AFD95
:10EE70000446002343600360FFF795FD0646B9F1A1
:10EE8000100F25D0102241462046FFF73BFE04F12B
:10EE9000800839464046FFF7DFFD3046FFF787FD23
:10EEA000012D17D00623A360236913F0020FFBD1B5
:10EEB000FFF779FD054608994046FFF7EBFD284628
:10EEC000FFF775FD2046E9F767FD0020BDE8F883F0
:10EED0000822D8E70523A360E6E7002070472DE964
:10EEE000F0410F4616461C460023236005256FF0AF
:10EEF000960000E0013D85B178B1D4F8008022464B
:10EF0000A6EB080107EB0800EAF7B4F823684344CE
:10EF10002360B342EED30020ECE7BDE8F0817047F8
:10EF2000002070470020704710B48468C3680B4409
:10EF300054F82310084610F8023B497803EB0123EC
:10EF400013605DF8044B7047012380F88830037824
:10EF500003B9704710B5044600F04CFB214620462B
:10EF6000EAF73EFB204600F038FB10BD38B50446FA
:10EF70000D46EAF71DFB6B68C4F8B032A96820465D
:10EF800000F06EFA4FF0FF33C4F8B4322046FFF7BA
:10EF9000C7FF38BD10B50446D0F8B432B3F1FF3F17
:10EFA00009D0D4F8B432B3F1FF3F09D194F8B832A4
:10EFB00043B9012005E000F0B0FBC4F8B402F0E76B
:10EFC000002010BD0020FCE708B5EAF725FB08BDCE
:10EFD0001038072801D80120704700207047A0F1A1
:10EFE0001003072B00D8D8B2704708B50B782D2B2B
:10EFF00004D000220138EAF76BFB08BD012211445E
:10F000000138EAF765FBF8E708B5072826D8DFE8F6
:10F0100000F0060B1015191D0421012008BD002267
:10F020000820EAF755FBF9E700221020EAF750FB29
:10F03000F4E700222020EAF74BFBEFE70820FFF778
:10F04000D4FFEBE71020FFF7D0FFE7E72020FFF722
:10F05000CCFFE3E70846EAF7B7FBDFE70020DDE790
:10F060002DE9F04383B00C4617461D460A9EDDF895
:10F070002C8021282BD8DFE800F0112D445A71880C
:10F080009EA22A2A2A2A2A2A2A2A2A2A2A2A2A2AF4
:10F090002A2A2A2A2A2A2A2A2A2A2AD30022114656
:10F0A0002046FDF78DFED8F80030C0B245F82300A9
:10F0B000D8F80030326805EB830347F82230D8F8DF
:10F0C00000300133C8F8003033680133336003B0D7
:10F0D000BDE8F083002211462046FDF771FED8F806
:10F0E000003080B245F82300D8F80030326805EBD4
:10F0F000830347F82230D8F800300133C8F80030D5
:10F10000E2E7002211462046FDF75AFED8F800300B
:10F1100045F82300D8F80030326805EB830347F840
:10F120002230D8F800300133C8F80030CCE7002294
:10F1300011462046FDF7C8FD40B2D8F8003045F82A
:10F140002300D8F80030326805EB830347F82230FB
:10F15000D8F800300133C8F80030B5E70022114676
:10F160002046FDF7B1FD00B2D8F8003045F8230085
:10F17000D8F80030326805EB830347F82230D8F81E
:10F1800000300133C8F800309EE7002211462046C7
:10F19000FDF79AFDD8F8003045F82300D8F8002094
:10F1A000336805EB820547F82350D8F80030013367
:10F1B000C8F8003088E7336847F8231084E74FF039
:10F1C00000098DF80690C846012512E0013510E0CF
:10F1D0008DF8053008F101081022002101A8FDF783
:10F1E00073FD09F10203E05409F101091FFA89F9DD
:10F1F0000135635D7D2B09D0202BE7D018F0010F7E
:10F20000E6D18DF8043008F10108F1E784F80090A8
:10F210004FEA192984F80190336847F8234053E7EF
:10F22000336847F823104FE72DE9F04F87B09B462E
:10F230000023059304938B4500F38D8007468A468F
:10F2400016461C461D46984602E04FF00108013460
:10F25000385DFF280CD02028F7D0212805D0FFF7F3
:10F26000B7FE0028F3D00546F1E74FF00108EEE7BE
:10F2700081465C44B8F1000F08D0013C54456CDC79
:10F28000002402943B462746984645E045B1013CA0
:10F29000544564DC002402943B46474698463BE0D4
:10F2A000A2455ED1002402943B462F46984633E0A7
:10F2B00043445B78FF2B0FD02B2049E0039B434452
:10F2C0005B78FF2B4FD1012706E0029B01330293AD
:10F2D000A94601E04FF0060997B956F824104846B0
:10F2E000FFF792FE002842D004AB019305AB0093D8
:10F2F000119B109A56F824104846FFF7B1FE0AE019
:10F3000004AB019305AB0093119B109A56F824109F
:10F310002120FFF7A5FE0134544518DA5C45D9DBFE
:10F32000029B039318F80350202DC1D0212DC5D086
:10F330002846FFF74DFE0028C7D0039B43445B7867
:10F34000FF2B12D12846FFF74AFE8146C4E7002072
:10F3500007B0BDE8F08F2120FAE72B20F8E72B203B
:10F36000F6E72B20F4E72B20F2E72B20F0E726200E
:10F37000EEE708B5E6F756FD08BD2DE9F04784B085
:10F3800081468A4690461D460C9F0D9E04460EE01F
:10F3900018680F9B03930E9B0293019600972B46D0
:10F3A00042460121FFF7E9FF044618E00C342068CB
:10F3B000A8B133682A68934211DA57F82310FFF78F
:10F3C000D8FF0028F2D133680133336063681A7BB9
:10F3D000FE2ADDD001230E9A137088F8003098F8C9
:10F3E00000305BB90F9B1B7843B9BAF1000F09D00D
:10F3F00001230F9A137088F800304C46204604B061
:10F40000BDE8F0870024F9E738B50546002402E09E
:10F41000EAF788FA013404EB440305EB830055F85E
:10F42000233023B1037A002BF2D00134F3E738BD47
:10F4300010B539B1084612B1EAF774FA10BDFFF7FA
:10F44000E3FFFBE7D0F89C4000E02468002CF5D0F7
:10F45000A0680028F9D0FFF7D7FFF6E7704770479C
:10F4600059B10A790AB10020704710B501240C7116
:10F470009C30FFF77EF9204610BD00207047F0B5A4
:10F48000A3B0054608461AAA19A900F08AF904464D
:10F4900010B1204623B0F0BD00238DF80B300DF1E4
:10F4A0000B0301930DF10A03009303AB1AAA19A9E8
:10F4B0002846EAF795FB9DF80B3013BB40B346682E
:10F4C00006F10C0711AB019309AB0093039B1AAA39
:10F4D00019993846FFF7A8FE04460028D9D10495AB
:10F4E000199B059309AB0693039B0793089704A800
:10F4F000FFF7B4FF336804A8984704A8FFF7AFFFED
:10F50000C7E79DF80A2001462846FFF791FFC0E7AC
:10F510002D24BEE700230B601360D0F8AC32B3B3E8
:10F52000944690F8AC30A3B300B54FF0010E002321
:10F5300013E00133B3F5007F0DD20A6801320A608F
:10F54000DCF800200132CCF80020C21892F8AC2080
:10F550000A2AEED101330EF1010ED0F8AC22724529
:10F56000E8D805E0DCF800200132CCF800200133B7
:10F57000B3F5007F08D2C21892F8AC200A2A0AD04C
:10F58000002AEFD1012000E001205DF804FB0020FB
:10F590007047002070470120F7E770B5054600244A
:10F5A000264600E0013405F1AC0003F041FEA04224
:10F5B00007D92B1993F8AC301BB10A2BF2D10136C5
:10F5C000F0E7304670BD08B5405C00F0B6F808BD05
:10F5D00008B5082000F0B1F808BD10B50446D0F811
:10F5E0008C20002103F0CBFE0023C4F89030C4F837
:10F5F000943010BD70B582B004460EE02046FFF78F
:10F60000CCFFC4F8AC0201AA69462046FFF782FF8E
:10F61000009B2344002283F8AC2080212046FFF782
:10F62000C9F8451C04F1AC064FF400713046FFF7F1
:10F63000C1F8C0F500708542E0D8204603F0F8FD1F
:10F64000451C304603F0F4FD421C3146701903F0AE
:10F650007CFE204603F0ECFD02462146304603F0D6
:10F66000C7FD204603F0E4FD20440A2380F8AC30B7
:10F670000023C4F8AC3202B070BD30B583B004468C
:10F680000D46FFF78AFFB5F1FF3F13D0012D0FD1D3
:10F69000D4F8AC3283420BD20133C4F8AC3201232C
:10F6A000D4F8AC2202B901230BBBD4F8AC3203BBB3
:10F6B00003B030BDD4F8AC3223B1013BC4F8AC3256
:10F6C0000123EDE70023EBE7082000F036F82020C7
:10F6D00000F033F8082000F030F80135204603F040
:10F6E000A7FDA842F0D82046FFF777FFDDE7002509
:10F6F000F4E701AA69462046FFF70CFF0028D7D09F
:10F70000009D06E0631993F8AC102046EAF792FBDF
:10F710000135019BAB42F5D8CAE700B583B00DF1C6
:10F720000701002000F014F920B99DF8070003B08C
:10F730005DF804FB4FF0FF30F9E710B50446C1B2A5
:10F74000002000F0F2F808B9204610BD4FF0FF305D
:10F75000FBE70FB400B583B004A951F8040B019185
:10F76000EEF750F9002003B05DF804EB04B07047E9
:10F7700008B50B4601F1010C00EB0C0110F80CC0B0
:10F78000BCF1220F07D0BCF17B0F04D0BCF15C0FA1
:10F7900001D0002004E0D21A184403F0D6FD012065
:10F7A00008BD2DE9F84305468846914603F040FD23
:10F7B0000646002400E001342A192B5D202BFAD0E4
:10F7C000C9F800200123C8F8003030E07B2B14D0AA
:10F7D000D8F8003003F18043013B621C2A4449F809
:10F7E00023202227012C06D92B1913F8013C202BAA
:10F7F00001D0002B49D1013404E07D27F2E7013428
:10F80000A64246D928192B5DBB4209D05C2BF6D104
:10F81000324621462846FFF7ABFFC0B3013EEEE774
:10F820004378202B00D0BBBB222F21D00134A6422D
:10F8300029D92A192B5D7B2BC8D0222BC6D05C2B53
:10F8400019D0202BF2D100231370631CB342EDD2E8
:10F85000EA18EB5C202BE9D0D8F80030072B1FDC2E
:10F8600049F82320D8F800300133C8F80030DDE72C
:10F8700000230370DAE7324621462846FFF778FF77
:10F8800060B1013ED2E7002004E0212002E0212007
:10F8900000E02120BDE8F8832120FBE72120F9E7E3
:10F8A0001E20F7E710B582B000240094ADF80440A4
:10F8B00002238DF805306846E8F704F8204602B0C8
:10F8C00010BD70B50C461546034630B15E684EB1AA
:10F8D0002A4621461868B04770BDEAF745FC034642
:10F8E0000028F3D12320F7E72DE9F04182B00E463E
:10F8F00017461C46054670B18CB195B1D5F8088005
:10F90000B8F1000F0FD023463A4631462868C04769
:10F9100002B0BDE8F081EAF727FC0546ECE701AC50
:10F92000EBE72320F4E72320F2E700B583B08DF85E
:10F93000071001220DF10701FFF7C3FF03B05DF8C7
:10F9400004FB08B50B4601461846FFF7EEFF08BD5D
:10F9500008B500230122FFF7C7FF08BD0EB400B5AC
:10F9600082B003AA52F8041B0192EAF709FC02B024
:10F970005DF804EB03B0704700207047FEE74FF4DA
:10F9800000534B60002070470120704701207047F2
:10F990004FF0FF3070470020704700B583B0002063
:10F9A000019001ABFFF7A0FF019810B103B05DF823
:10F9B00004FB4FF0FF30F9E710B514460020FFF7C5
:10F9C00080FF204610BD0346A0B190F838201AB140
:10F9D00090F83C00022805D093F83C00042805D09C
:10F9E00001207047012283F83C207047012283F8F0
:10F9F0003C2070470120704780F82C10704790F829
:10FA00002C00704790F839007047037E73B330B410
:10FA1000037A03EB43031B0103F1804303F56223E5
:10FA2000D3F89440C16805694B199C4213D0013C3E
:10FA30008C4201D26C1E0C442346026B9A4212D0B7
:10FA40001A78112A09D0132A07D0013B8B42F4D22D
:10FA50006B1E0B44F1E70C46E9E7112A14BF0022A4
:10FA6000012280F83420046330BC704770472DE9D0
:10FA7000F0411646002A5ED004460D46037E002B58
:10FA80006AD0037A03EB43031B0103F1804303F5C0
:10FA90006223D3F89430C16802690A44934212D0B9
:10FAA00067699F4211D09F4211D2DF1BB74228BF26
:10FAB0003746FEF787FF804694F82D30002B3FD065
:10FAC0003E46002210E00B46EAE7617EEBE7D71BDB
:10FAD000ECE7206B814212D0013E6369216B8B42BF
:10FAE00014D0013363610132BA4212D261690B78DA
:10FAF000112BEED0132BECD005F8013BEDE7112BC9
:10FB000014BF0023012384F83430E5E70131216379
:10FB1000E7E7216BE2682369134499420ED06169DB
:10FB2000E26823691344994214D02046EAF7E8FBBF
:10FB30004046FEF74DFF3046BDE8F0812263EEE718
:10FB40003A466169284603F053FB63693B446361AD
:10FB50003E46E4E76261E8E70026ECE72DE9F04184
:10FB600006460F4690461C46FEF72CFF05464246C9
:10FB700039463046FFF77BFF20602846FEF728FF16
:10FB8000236813B10020BDE8F0811B20FBE738B5E6
:10FB90000546FEF708FF044601212846EAF7F4FF70
:10FBA0002046FEF704FF38BD2DE9F04704460F4616
:10FBB000154690F82C90FEF705FF94F838302BB9D5
:10FBC000FEF706FF00264FF001080EE0FEF700FFEB
:10FBD00094F83B00FFF7DBFFFEF7F4FE002384F808
:10FBE0003830EDE794F834307BB9AE4221D294F846
:10FBF0002D30002BF6D0FEF7E5FE82462046FFF7BB
:10FC000004FF5046FEF7E4FEECE7B9F1000F02D026
:10FC10003B780A2B08D0E36939782046984780461C
:10FC200058B901370136E0E7E3690D2120469847CE
:10FC3000F1E7236A0121204698474046BDE8F08756
:10FC400008B5FFF7B1FF002008BD38B50546FEF73F
:10FC5000AAFE044600212846EAF796FF2046FEF752
:10FC6000A6FE38BD10B5044690F8393049B103B14D
:10FC700010BD90F83A00FFF78AFF012384F839306D
:10FC8000F6E7002BF4D090F83A00FFF7DEFF0023F0
:10FC900084F83930ECE790F838307BB910B5044679
:10FCA000036A00219847012384F8383094F83B0018
:10FCB000FFF7CBFF022384F83C3010BD7047026C85
:10FCC000D36C43F00403D364704729B1026CD36C46
:10FCD00043F00103D3647047026CD36C23F001033B
:10FCE000D364036C01229A64704710B50446236CF8
:10FCF0001B6913F0400FFAD000231A4694F84910FC
:10FD000094F84800E8F7F0F800231A4694F84B10EE
:10FD100094F84A00E8F7E8F894F8503013F0010F2F
:10FD200018D194F8503013F0020F1CD1226CD36C10
:10FD300023F00103D364226CD36C23F00403D36457
:10FD40000021206CFEF74FFF0021606CE6F730FECB
:10FD5000002010BD00231A4694F84D1094F84C0072
:10FD6000E8F7C2F8DDE700231A4694F84F1094F83C
:10FD70004E00E8F7B9F8D9E708B5006CFEF7D0FFF8
:10FD8000002008BD10B50468206C036C13F0010F4F
:10FD90000ED1042384F83C30237EA3B1637E13B1DB
:10FDA00094F82D30B3B9C36C23F00403C36410BDC1
:10FDB00001238364236C1B6913F0200FF7D02046C6
:10FDC000FFF769FFF3E7C36C23F00403C364012367
:10FDD0002376ECE7002384F835301321FEF7A0FFEB
:10FDE000226CD36C43F00403D364236CDB69DBB275
:10FDF000112B04D0132B12D0132BD8D102E00123E6
:10FE000084F83430237A03EB43031B0103F180436E
:10FE100003F56223D3F89430013B2363C7E7002244
:10FE200084F83420E8E7013840EA500040EA9000C6
:10FE300040EA101040EA102040EA104001307047BC
:10FE400070B504460D461E461046FFF7ECFFB0F5B0
:10FE5000807F38BF4FF4807042422240831803E015
:10FE60004000424222408318AB42F9D33260049AE8
:10FE70001360059B186070BD28B1B0FA80F0C0F126
:10FE80001E00C0B270472020F9E708B5EAF70AFC67
:10FE900008B5FFF7FAFF08BDEFF3108072B67047A0
:10FEA00000B962B6704710B5FEF77DFD0446EAF76B
:10FEB00049FD2046FEF77BFD10BD704708B5FEF7F3
:10FEC0005DFE08BD704770470120704708B54FF4CC
:10FED0001670EAF7B9FE08BDD8B12DE9F04184B03B
:10FEE000884617461D46044600268683C683EBF7E0
:10FEF000EDF9BDF82C3002939DF828300193009560
:10FF00003B46324641462046EBF768F904B0BDE86F
:10FF1000F08122207047F0B587B00D4600218DF8A2
:10FF20001710D0B117461E4604468183C1830DF1D8
:10FF30001701EBF7FBF99DF8173083B9BDF83430A2
:10FF400002939DF83030019300963B4600222946EB
:10FF50002046EBF743F907B0F0BD2220FBE7032072
:10FF6000F9E738B5FEF72EFD0546EBF795FC04469C
:10FF70002846FEF72DFD204638BDF0B587B01E4659
:10FF800000238DF8173090B30C46154607460DF147
:10FF90001701EBF7CBF99DF8173053BB04A92046A6
:10FFA000EBF78EFAF0B9EBF785FA4FF47A7200238B
:10FFB000A4FB0001FCF780FCC2F57A7292B2BA830E
:10FFC000B2F57A7F10D00023FB830499BDF834305A
:10FFD00002939DF83030019300962B460A4638462E
:10FFE000EBF7FCF807B0F0BD0023BB83EBE7222062
:10FFF000F8E70220F6E738B50546FEF7D4FC0446DC
:020000022000DC
:1000000001212846EAF7C0FD2046FEF7D0FC38BDA6
:1000100008B5FEF7C4FAFEF7DCFAFEF708FBFEF7B8
:10002000E4FAFEF7F0FA08BD08B5FEF7F0FAFEF7BD
:10003000EFFAFEF7F1FAFEF7F5FA08BD704700B5E2
:1000400083B0034620F0030013F0020F0CD04FF6EC
:10005000FF7343EA0143019304220DEB0201FEF713
:10006000BAFD03B05DF804FB6FEA01416FEA11418C
:100070000191F1E711F0010F55D12DE9F04106464C
:100080000C46174610F0010F4FD1002A50D084467D
:10009000531C8E4603E00CF1020C0EF1020E013BE4
:1000A0000BD0BCF800504FF6FF718D42F3D0BEF874
:1000B0000020002AEFD04B2038E0E8F793F8012F1A
:1000C00002D016F0020F07D021883046FFF7B7FFA5
:1000D00070B902360234013F012F0DD827B12188B3
:1000E0003046FFF7ACFFD0B9E8F78CF800201DE0F0
:1000F000E8F788F84B2019E027F001084FEA480597
:100100002A4621463046FEF766FD20B92E442C448F
:10011000A7EB0807E2E7E8F775F84B2006E0E8F7F9
:1001200071F84B2002E0012070470120BDE8F0810A
:100130000020FBE708B500F034F908BD0120704746
:10014000704708B5022802D0022903D008BDEFF796
:10015000ABFCFBE7EFF7AEFCF8E738B50546FEF77A
:1001600022FC044601212846EAF70EFD2046FEF750
:100170001EFC38BD38B50546FEF715FC04460021C7
:100180002846EAF701FD2046FEF711FC38BD70B5A0
:1001900084B00646084615461C4603A9EBF790F9BD
:1001A000034610B1184604B070BDBDF82430019369
:1001B0009DF82030009323462A4603993046FFF7E6
:1001C0008BFE0346EEE710B50446FEF7C0F9204665
:1001D000E3F7ACFF10BD38B504460D46FEF7BBF99A
:1001E00029462046E4F702F838BD08B5FEF7B4F911
:1001F000FEF7C8F908BD38B504460D46FEF7AEF95E
:1002000029462046E3F77AFF38BD10B50446FEF7CD
:10021000AAF92046E3F7F0FD10BD38B504460D46B7
:10022000FEF7A0F929462046FEF7A8F938BD10B51B
:100230000446FEF79CF92046FEF79FF910BD2DE914
:10024000F04F85B004460D4616461F469DF838808F
:10025000DDF83C909DF840A0DDF844B0CDF80CB03E
:10026000CDF808A0CDF80490CDF80080FEF780F915
:10027000CDF80CB0CDF808A0CDF80490CDF80080F2
:100280003B46324629462046FEF77BF905B0BDE8DD
:10029000F08F08B5FEF76DF9FEF771F908BDF8B5F6
:1002A00004460D4616461F46FEF764F93B463246A5
:1002B00029462046E4F79CF9F8BD10B50446FEF740
:1002C0005BF92046E4F76CF910BD08B5FEF745F977
:1002D00008BD08B5FEF74FF9FEF752F908BD08B59D
:1002E00000F01BF800B908BD00F04BF8032803D05C
:1002F00000F047F8042802D1ECF704FBF3E700F024
:1003000040F80628F8D000F03CF80728EBD1F3E7D6
:10031000704708B5EFF7ECFB08BD08B5EFF7F0FB49
:1003200008BD08B5EDF790FB08BD08B5EDF7B4FBC7
:1003300008BD08B5F3F78CFB08BD08B5F2F784FDDE
:1003400008BD08B5F2F7A9F808BD08B5F2F798F8A6
:1003500008BD08B5F2F79FF808BD08B5EFF758FDDE
:1003600008BD08B5EFF75DFD08BD08B5EFF790FDD6
:1003700008BD08B5EFF774FD08BD08B5EFF77CFDC3
:1003800008BD08B5EFF77EFD08BD08B5F2F770F9B6
:1003900008BD08B5EFF772FB08BD08B5EFF756FBCF
:1003A00008BD08B5EFF7F8FA08BD08B5EFF7D0FAC1
:1003B00008BD10B582B09DF814400194049C0094CF
:1003C000EFF7A8FB02B010BD08B5F2F7F1F808BDD1
:1003D00008B5EEF729FA08BD08B5F1F731F808BD00
:1003E00008B5F3F721FA08BD08B5F1F7C5FB08BD5C
:1003F00008B5F1F7DBFB08BD08B5F1F719FB08BD3F
:1004000008B5F1F776FB08BD08B5F1F76BF808BD44
:1004100008B5F2F744F808BD08B584460846114609
:100420006246EBF745FD08BD08B5EBF76BFD08BD6F
:10043000012070470420704703460088B3F900206C
:10044000002A02DB42001A8070474840FAE770B584
:1004500004460E46FEF7A7FA054631462046FCF74D
:10046000B9FF04462846FEF7A2FA204670BD38B50B
:100470000546FEF798FA04462846FCF775FD204627
:10048000FEF795FA38BD10B5044608B1ECF7C4FA8A
:100490002046FFF7ECFF10BD00F4E040B0F5805FB0
:1004A00006D0B0F5005F01D00020704701207047F2
:1004B00001207047036823F47F4323F003030BB943
:1004C000002070476FF0860070470B8813B10288D8
:1004D000934208D10B6A4BB94B8853B1428893427F
:1004E00009D1002070476FF0860070476FF08600DA
:1004F0007047002070476FF08600704700207047FB
:10050000002303604360704700230360436070472B
:100510002DE9F041884614461F460022ECF776FE8E
:100520000646F8B9D8F80050298801F4E043B3F53D
:10053000804F0CD0EB6834EA03030BD197B13A46F5
:1005400005F10C00ECF724FC064658B104E024F059
:100550000104EFE76FF084060023C8F80030284656
:1005600000F0FDFA3046BDE8F08170B504464568FC
:100570008668284600F01FFB00B170BD284600F0D9
:100580001CFB0028F9D115F0FF0F11D1CEB904F1F1
:100590000C00FFF78FFF0028EFD162884FF6F87349
:1005A0009A4211D8238B012BE7D96FF08600E4E73C
:1005B0000021A06800F044FA0028E8D16FF086001E
:1005C000DBE76FF08600D8E76FF08500D5E7F0B580
:1005D00083B00C461546194600230B602046FFF7F2
:1005E000C4FF064610B1304603B0F0BD294601A84D
:1005F000ECF7C4FD06460028F5D12F683D46A44619
:10060000BCE80F000FC59CE8070085E807003B79B0
:100610000BB9019BBB603B8B23F001033B830121A2
:10062000384600F022FADEE738B50446154603796D
:1006300023B1826A416A00F0A5FB40B9A3682B6030
:100640000221204600F011FA08B100232B6038BDCA
:1006500010B588B044685FEA142C11D1109C069440
:100660000F9C05940E9C04940D9C03940C9C029486
:100670000B9C01940A9C0094E8F758FE08B010BD4A
:100680006FF08600FAE741F2052398420BD9B0F5E6
:10069000105F25D1802926D0C02926D0B1F5807FD2
:1006A00025D100207047B0F5905F09D241F20103D7
:1006B000984210D0B0F5885F0DD06FF0850070477C
:1006C000A0F5905080B22923C34013F0010F02D14E
:1006D0006FF08500704711F0070F0BD100207047B5
:1006E0006FF08500704700207047002070476FF062
:1006F000860070476FF08600704738B5436A4BB983
:1007000004460D460120FFF7A2FE606228B1A562F3
:10071000002038BD6FF08A00FBE76FF08C00F8E72F
:10072000F8B505460E4614461146FFF7E6FF0746A4
:1007300008B13846F8BD22463146686A02F058FDD5
:10074000F7E72DE9F84304460A9E00882AB3884655
:100750001F469146FFF7A0FE10B3336813B94FEA66
:10076000C9033360356829462088FFF78CFF0446AB
:1007700080B90735EA08B9EBD50F14D1089B9A4226
:1007800014D84146384602F033FD33680733DB089E
:10079000099A13602046BDE8F8836FF08504F9E7F5
:1007A0006FF08504F6E76FF08604F3E76FF08904D5
:1007B000F0E710B584B044685FEA142C09D1089CB6
:1007C0000294079C0194069C0094FFF7BAFF04B0C2
:1007D00010BD6FF08600FAE710B50446406A10B10C
:1007E000A16AFFF750FE00206062A06210BD38B51C
:1007F0000446FFF7F1FF94F82030043BDBB2012BF5
:1008000009D80546E3694BB92C220021204602F0A5
:10081000B6FD284638BD6FF09605F5E76FF09605F2
:10082000F2E740B110B50446042100F01EF920465D
:10083000FFF7DDFF10BD704738B590F82030052B6D
:1008400017D104460379FF2B07D06BB9002520464A
:10085000FFF7CDFF00B9284638BDFFF7C8FF0028D5
:10086000FAD16FF08400F7E7806800F022FA0546BD
:10087000EDE76FF08800EFE708B90020704700B59A
:1008800083B0012201A9ECF7C1FC10B103B05DF8FF
:1008900004FB019800F05DF918B10198FFF7CCFF57
:1008A000F4E76FF09900F1E730B583B005460C46E8
:1008B000084600F087F800231A4601A92846FFF7EA
:1008C00027FE08B103B030BDA446DDF804E0BEE861
:1008D0000F00ACE80F009EE807008CE80700238BB0
:1008E00003F001032383019800F039F9EAE72DE9C9
:1008F000F04188B01D460023079306932B60002A21
:100900005AD004460E469046B2F1005F57D206AB6D
:1009100007AA01460020FFF75AFE0746002833D1F8
:100920000798436A5BB3079A53880593536A05A9EE
:10093000029102F128010191926A009242463146E9
:100940002046FFF736FF0746F0B9079A538853BB96
:10095000BDF814305380059A4FF6F8739A4228D8A0
:10096000079E21463046FFF7B0FD074660B92A468C
:1009700006993046FFF758FE074648B104E0636821
:100980001B0A09D06FF0860706990798FFF749FF01
:10099000384608B0BDE8F0814146FFF7AEFE074695
:1009A0000028C0D0F0E7059A9342D4D06FF08607B4
:1009B000EAE76FF08507E7E76FF08607E8E76FF093
:1009C0008507E5E710B50446C069FFF750FD24220E
:1009D0000021204602F0D3FC10BD2DE9F041044671
:1009E00088461E4673B90027E06920B1FFF73FFD36
:1009F0000023E3612362E7612662A4F800800020FF
:100A0000BDE8F081154619460120FFF720FD074695
:100A100020B13246294602F0EBFBE5E76FF08C008F
:100A2000EEE7036813F4805F02D043F48063036051
:100A3000036813F4005F02D043F40063036070475F
:100A4000421E6FF040439A4207D341B1B0F1804F4C
:100A500007D3002807DA00207047012070470846B6
:100A60007047002070470120704790F82030052B18
:100A700030D8DFE803F0030C151E332E4B1EDBB21B
:100A8000012B27D9042925D06FF087007047022950
:100A900020D005291ED004291CD06FF08800704793
:100AA000032917D0052915D0042913D06FF0880029
:100AB0007047022908D005290CD004290AD003293F
:100AC00008D06FF088007047C3691BB16FF08800D1
:100AD000704751B980F82010002070470529F9D0DF
:100AE0000029F7D06FF0880070476FF088007047DA
:100AF00030B583B005460023019300936A4601A9EF
:100B000000F075F9044638B10099019800F06BF9CE
:100B10004CB1204603B030BD009A01992846FFF73A
:100B2000FFFD0446F0E702212846FFF79EFF04463A
:100B3000EFE710B504460321FFF797FF28B9E369F3
:100B4000B3F1FF3F02D00133E36110BD6FF09600B7
:100B5000FBE7C3690BB1002070470120704710B359
:100B600038B5044690F82050032D03D0052D01D050
:100B7000042D1AD1E369DBB1013BE3612046FFF7A5
:100B8000E8FF38B1052D06D0042D08D002212046FB
:100B9000FFF76BFF38BD2046FFF74EFEFAE7204611
:100BA000FFF725FEF6E7002070476FF08800F1E7B9
:100BB0006FF09600EEE70020704710F0FF0006D0BF
:100BC000FF2801D0002070476FF08600704700209A
:100BD00070470021704710B582B00C46FFF7F9FF4F
:100BE0006A46FEF71DF908B9009B236002B010BDEC
:100BF000F0B587B00E461446FFF7EBFF07460D46EB
:100C00000023039304AAFEF70BF908B107B0F0BD67
:100C100003AB019300962346002238462946E8F7A5
:100C2000F5F8039BA342F1D06FF09800EEE700B512
:100C300083B0FFF7CEFF6A46FEF7F2F810F18C0F93
:100C400003D0012003B05DF804FB0020FAE72DE992
:100C5000F04184B0054688461746FFF7BAFF0646BE
:100C60000C462846FFF7E3FF01281CD00023009321
:100C700043463A4630462146E8F758F8B0B902AA4A
:100C800030462146FEF7CCF8054620B9029BBB4210
:100C900005D06FF0980530462146E8F715F928464B
:100CA00004B0BDE8F0816FF08A05F8E76FF09805B1
:100CB000F5E770B582B0FFF78CFF05460C466A4633
:100CC000FEF7AEF810F18C0F10D028462146E8F759
:100CD000FBF8064660B96A4628462146FEF7A0F8AA
:100CE00010F18C0F07D1304602B070BD0026FAE734
:100CF0006FF09806F7E76FF09806F4E72DE9F843F0
:100D0000089E23292FD904460D4690461F46ECF72E
:100D1000D7FA8146C0B9A36843BB216A3960243D34
:100D20008D4226D3B1F5005F26D281B9C8F80030D4
:100D3000E3687360238A3380638A73806369F36036
:100D4000A3693361E36973614846BDE8F883012014
:100D5000FFF77DFBC8F8000088B13A6804F1240170
:100D600002F046FAE4E76FF09809EDE76FF09809B2
:100D7000EAE76FF09809E7E76FF09809E4E76FF0AA
:100D80008C09E1E72DE9F04109B305461446884690
:100D900002B3B2F5005F20D202F1240631460120F1
:100DA000FFF755FB0746D8B103462A462146404681
:100DB000ECF792FA32463946A868FFF748FF044636
:100DC00031463846FFF75FFB2046BDE8F0816FF003
:100DD0008604F9E76FF08604F6E76FF08D04F3E719
:100DE0006FF08C04F0E708B5FFF74DFB08BD2DE967
:100DF000F04385B004468846174600200390A66855
:100E000003A93046FFF7E7FE054618B1284605B0AE
:100E1000BDE8F08303990120FFF719FB814608B371
:100E2000039A01463046FFF7E3FE054620B10399D9
:100E30004846FFF728FBE9E700943B464246039902
:100E40004846FFF75BFF05460028F0D1D8F8003090
:100E50002BB13B68002BEAD16FF09105E7E76FF00B
:100E60009105E4E76FF08C05D0E7704720B108B535
:100E70000A684968904708BD70470146002008E0AD
:100E800000EB8000531C0B60137803EB4003A3F1CD
:100E900030000A681378303BDBB2092BF0D9704779
:100EA0002DE9F04F83B005460E4693461F46DDF808
:100EB00030A00D9CDDF838900F9B13F0030F19D173
:100EC000A0460192C84509D202F1010B3B463146CA
:100ED0002020A84708F101085A46F3E7DDF804B0DE
:100EE00008E0013C02F101083B4631461AF80400D3
:100EF000A8474246002CF4D10F9B13F0020F03D1F8
:100F0000104603B0BDE8F08FA2EB0B034B45F7D2C0
:100F1000541C3B4631462020A8472246F4E72DE9E1
:100F2000F04385B099460C9D0D9C9DF83880DDF806
:100F300040E0119F129E16F0020F21D17FB116F0F2
:100F4000010F0CD0B8F1000F02D116F00C0F06D033
:100F5000013F04E04FF0300C05F804C00134744543
:100F600001D21F2CF6D916F0010F09D0BC4207D2CE
:100F70001F2C05D84FF0300C05F804C00134F2E7FF
:100F800016F0100F14D016F4806F04D11CB1744504
:100F900022D0BC4220D00F9B102B36D00F9B022BAF
:100FA0003ED01F2C0ED84FF0300C05F804C0013491
:100FB0001F2C07D8B8F1000F3AD04FF02D0C05F8D0
:100FC00004C0013403960297019400954B46FFF745
:100FD00067FF05B0BDE8F083B4F1010C13D00F9B9F
:100FE000102B0ED064460F9B102BD7D116F0200F7C
:100FF000D4D01F2CD2D84FF0580C05F804C00134BF
:10100000CFE7023CC7E76446C5E716F0200FEAD1F8
:101010001F2CE8D84FF0780C05F804C00134C0E765
:101020001F2CCFD84FF0620C05F804C00134B8E78C
:1010300016F0040F05D04FF02B0C05F804C0013456
:10104000C0E716F0080FBDD04FF0200C05F804C023
:101050000134B7E7F0B591B0169C189D1B9E0CB9F2
:1010600026F0100616F4806E16D064B34FF0000E12
:1010700012E00CF1300C5FFA8CFC0EF101070EF15E
:10108000400EEE440EF820CCB4FBF5FCAC421BD372
:101090001F2F19D8BE466446B4FBF5FC05FB1C4C5B
:1010A0005FFA8CFCBCF1090FE3D916F0200F08D0D1
:1010B0004127BC445FFA8CFCACF10A0C5FFA8CFC53
:1010C000DBE76127F5E7274606961A9C0594199CED
:1010D000049403959DF85C400294019708AC009439
:1010E000FFF71DFF11B0F0BD2DE9F04F95B009904D
:1010F0000A910B929846DDF878B0DDF87C90229D3D
:10110000239F269E5BEA090201D126F0100616F401
:1011100080641ED05BEA09022FD0002419E030322F
:10112000D3B204F1010A04F150020DEB020404F8F9
:10113000203C2A463B4658464946FBF7BDFBAB459B
:1011400079EB07091BD3BAF11F0F18D85446834611
:1011500089462A463B4658464946FBF7ADFBD2B284
:10116000092ADCD916F0200F05D041231344DBB245
:101170000A3BDBB2D5E76123F8E74FF0000A069699
:10118000259B0593249B049303959DF8803002933F
:10119000CDF804A00CAB009343460B9A0A9909982A
:1011A000FFF7BDFE15B0BDE8F08F00B9704708B578
:1011B00000F001F808BD08B501460020FEF7B5FBB8
:1011C00008BD03280DD8022809D0032803D0012820
:1011D00003D0FCF717BEEDF71FB8EDF7CDB9FDF75B
:1011E0003DB8FF20704743081F220BB9904070475D
:1011F00003F0010141EA4000013A5B08F5E708B558
:10120000DFF7E6FD20B9DFF7F1FD0130C0B208BD20
:101210000420FCE710B50446DFF7DAFD40B12146B3
:101220000120F0F767F8FFF7DEFFC0F3CA1010BD2A
:10123000DFF7DCFD38B12046F0F740F8FFF7D3FFC9
:10124000C0F30A40F3E72078F1E708B5DFF7C0FD07
:1012500008B1042008BDDFF7C9FD0028F9D102203C
:10126000F8E708B5DFF7B4FD10B14FF4006008BD32
:10127000DFF7BCFD0028F8D18020F8E737B5054638
:101280000C46DFF7A5FD88B10DF10700DFF7BCFFC5
:101290009DF80700E40144EAC040FFF7A4FF294697
:1012A00002460120F0F718F803B030BDDFF79EFDCD
:1012B00060B1C4F30A0444F40060FFF794FF010C2A
:1012C000284603B0BDE83040EFF7FEBF2C70EBE7D7
:1012D0002DE9F74F0C9D0E9E019304469346BDF8F1
:1012E00034A0BDF83C90BDF840700091FFF787FF37
:1012F00004EB0008307A95F808C0019B4BEA803275
:1013000042EA8C2212B20BB142F01002009B990704
:10131000009B48BF42F0200213F0010318BF42F0C7
:101320000802CA45019391B203D110B142F04002C4
:1013300091B24046EFF7C8FF2A7A08F1030B2AB1B1
:1013400058465146EFF7C0FF08F1050B2A7A022AEA
:101350003ED158462988EFF7B7FF0BF1020B337ADD
:101360003BB1CA4505D058464946EFF7ADFF0BF1F2
:10137000020B337A022B36D158463188EFF7A4FF9F
:101380000BF1020B019BABEB0406B6B2B3B33946CB
:10139000009A5846FCF768FEFCF71CFF05378046AC
:1013A000FFF753FF3E44B6B28519FFF728FFA8F1B7
:1013B0000503ADB2D3F1000848EB0308291A01EB8D
:1013C000880189B2204603B0BDE8F04FFFF756BF51
:1013D000032AC4D12A68CBF800206A68CBF804201D
:1013E0000BF1080BBBE7032BCCD13368CBF80030F3
:1013F0007368CBF804300BF1080BC3E7FFF725FF48
:101400003E44B6B28519FFF7FAFEADB2291AD8E705
:1014100038B581F0010141EA02120446BDF810100E
:1014200000F8012B1D46EFF74FFF2946E01CBDE8F1
:101430003840EFF749BF73B500230C468DF80430F0
:101440000646FFF7DCFE8DF80500FFF7D8FE0230F8
:101450008DF80600FFF7D3FEC51CEDB2032C8DF806
:10146000075007D804F108030DEB030414F8040C2B
:1014700002B070BD0D2C0DD1FFF7C1FE0446304601
:10148000FFF7C8FE0546FFF7E0FE043D2C44241A92
:10149000A0B2EDE7FFF7B3FE3044EFF70FFF10F413
:1014A000406F0246C0F3812310D1042C2846DFD0C0
:1014B000052CDDD0C2F38F31A9B9062CD8D0072C6A
:1014C000D6D0082C1FD1013080B2D1E7042C05F111
:1014D0000200CDD0022B01D1281DE9E7032B08BF64
:1014E00005F10A00E4E755065CBF831C98B2062CA0
:1014F000BED0022902D1831C98B2E0E70329DED1D5
:1015000000F10803F8E7130744BF053080B2092C47
:10151000AED00A2CD7D00B2C01D10330D4E70C2C41
:1015200001D10530D0E74FF6FF70A1E738B50C4682
:101530000546FFF764FE2044EFF7C0FE80131DD080
:10154000FFF75DFE2044EFF7B9FE8013022809D1B2
:10155000287206212046FFF76EFF2044EFF7AEFE0B
:10156000288038BD06212046FFF765FF23582B60F1
:10157000221853686B6003232B72F2E72872F0E79E
:1015800038B50C460546FFF73AFE2044EFF796FEC5
:1015900010F4406FC0F381231CD0FFF730FE2044CD
:1015A000EFF78CFEC0F38120022809D128720421B4
:1015B0002046FFF740FF2044EFF780FE288038BD2B
:1015C00004212046FFF737FF23582B602218536869
:1015D0006B6003232B72F2E738B50C460546FFF724
:1015E0000EFE2044EFF76AFE800B2FD0FFF707FEB8
:1015F0002044EFF763FE430628D401232B76052110
:101600002046FFF718FF2044EFF758FEA882FFF7A7
:10161000F6FD2044EFF752FE10F4406FC0F3812333
:1016200017D001236B7603212046FFF704FF2044E7
:10163000EFF744FEE88221462846FFF777FF214670
:1016400005F10A00BDE83840FFF79ABF00232B766A
:10165000DDE76B76EFE770B50546FFF7D0FD284470
:10166000EFF72CFE02071ED5FFF7C9FD06462846F8
:10167000FFF7D0FD092104462846FFF7DCFE0721CD
:10168000361A2846FFF7D7FE2D5C05F007056B1FBD
:101690005D425D41FFF7D9FD3444A4B2AD00201A8C
:1016A000401B80B270BDFFF7AAFD06462846FFF733
:1016B000B1FD092104462846FFF7BDFE361AFFF7A3
:1016C000C4FD3444A4B2201AEBE7F8B50D46092155
:1016D0000646FFF7B0FE34183046FFF7BCFF03287C
:1016E00026D9E31CA47814F004041FD004EB4402B0
:1016F000053282421CD8032101FB0434631C1C7890
:1017000004F00401241104F0040401EB84072144D3
:1017100008294FEA470602EB470209D0824207D860
:101720000DB1801A2870721C9818F8BD0422E6E7E3
:101730000020FAE7F0B587B00C46054616461F466E
:10174000EEF78EFB22464FF6FF740346009500210C
:1017500004A8A5420CBF04240624FFF759FE344315
:1017600066B99DF830300093CDE9017404AB0522D1
:1017700000212846F1F718F907B0F0BDFCF74EFC40
:101780000028EED13820F7E72DE9F7430D460C216C
:1017900091461E460746FFF74EFE04463846FFF7C1
:1017A0005AFF8046EEF75CFB484522D1384600F0F0
:1017B0000CF9F0B109213846FFF73DFE3A5C1211F1
:1017C000013A3C44052A14D8DFE802F00316212927
:1017D000343B2046EFF772FDD4F806100746D4F8E4
:1017E00002006B4603C36A46334639462846EEF785
:1017F00023F803B0BDE8F083002DFAD12046EFF7BF
:101800005DFD314603B0BDE8F043EDF787B8002D2C
:10181000EFD1304603B0BDE8F043ECF765BFA8F167
:101820000503DBB222463146284603B0BDE8F0434B
:10183000EDF7E0BF3146284603B0BDE8F043EFF7CF
:10184000E3BF3146284603B0BDE8F043ECF792BF52
:1018500038B50C46054609212046FFF7ECFD235C10
:101860001B11052B02D0062B0DD038BD0A212046B6
:10187000FFF7E1FD2044EFF721FD01462846BDE8D2
:101880003840ECF751BF2846BDE83840EFF7DEBFDF
:1018900010B50C4686B0014603A8EFF715FD236886
:1018A000CDF80E306368CDF81230FCF7B7FB0A2391
:1018B00002460093012103AB0020FFF73BFF06B077
:1018C00010BD30B585B0044603A81546EFF7FCFC03
:1018D0000221009103AB2A462046FFF72BFF05B0FB
:1018E00030BD07B500230A4600930321FFF722FF0E
:1018F00003B05DF804FB37B50D460446FCF78EFBDC
:1019000000950246234604210020FFF713FF03B091
:1019100030BD07B500230A4600930521FFF70AFFF3
:1019200003B05DF804FB07B500230A4600930621C7
:10193000FFF700FF03B05DF804FB38B5092104464A
:10194000FFF779FD05462046FFF785FE024690B178
:10195000605D072809D8E0B1431E062B0BD8DFE8ED
:1019600003F00C1C0A1E0A0A1E007E2819D07F28CC
:1019700019D07D280ED000200BE0022AFBD1FFF702
:101980003EFC2044EFF79AFC8013032814BF00208C
:10199000012038BD042AEED9F1E7042AF6E7012A2E
:1019A000F4E7022AF2E7092AF0E708B5FFF753FE49
:1019B000042894BF0020012008BD08B5FFF74BFEA6
:1019C000052894BF0020012008BD38B50546FFF763
:1019D00042FE0538C4B209212846FFF72CFD2B5CD6
:1019E0001B11013B052B11D8DFE803F0050A030C9E
:1019F0000303012038BD0A2C14BF00200120F9E7A1
:101A0000022CF9E7E04300F00100F3E70020F1E7E2
:101A100008B50246102300210120EAF76DF90020E5
:101A200008BD08B50246102300210120EAF714F989
:101A3000002008BD4369406CDA1C1438B2FBF0F298
:101A400003EBC203CA1DB2FBF0F2013201EBC2018B
:101A50000333B3FBF0F3023300FB0310704738B5D8
:101A6000446905462146FFF7E5FF6A6CE31D143A19
:101A7000B3FBF2F3013304EBC304204438BD73B568
:101A800006460D460024F36B01225B6901A9281963
:101A90009847019B013309D1736C043462196A4081
:101AA0005B421A42EFD0204602B070BD0024FAE734
:101AB00070B505460C46E4F7D5FEEB6B2046DB68B7
:101AC000BDE87040184770B5002586B00446056231
:101AD000E369AB4202D8206A06B070BD666C20682C
:101AE000E36B05225B6901A906FB0500984701A885
:101AF00000F012FC00F035FC10B1236A01332362C0
:101B00000135E5E738B50446456C006804F140034B
:101B100005FB0101E06B00F031FC05462046FFF7B4
:101B2000D2FF284638BDF0B5054687B00026EC69DF
:101B3000013CB44203D80C46204607B0F0BD01B1C9
:101B40004C1E6F6C2868EB6B05225B6901A907FBD3
:101B50000400984701A800F0DFFB00F002FC002819
:101B6000EAD101362146E2E7F0B50446466CE36B64
:101B700000685B6987B00D46052201A906FB0500D8
:101B8000984701A800F0C8FB00F0EBFB20B101A8CA
:101B900000F099FB07B0F0BD29462046FFF7C3FFD0
:101BA000676CE36B064620685B69052201A907FBA9
:101BB0000600984701A800F086FB431CEAD0B54216
:101BC00038BF0130E6E72DE9F043D0F824804FF626
:101BD000FF7987B004460E46C84514BF4546002528
:101BE0000027E369BB4202D807B0BDE8F083E26B8F
:101BF0002368606CD2F814C001A9052200FB0530EF
:101C0000E04701A800F088FB022806D0C8450CD1A7
:101C1000721C29462046FFF775FFE369013501373D
:101C2000B5FBF3F203FB1255DBE729462046FFF72D
:101C30009BFFB0F1FF3F14BF024632460132E8E796
:101C4000F0B5036887B006460025CC1A436CB4FB98
:101C5000F3F4F3693768706C5A1E954208D3706CC0
:101C6000336800FB043007B0BDE8F04000F084BBEF
:101C70000134B4FBF3F203FB1244F36B05225B69FE
:101C800001A900FB0470984701A800F045FB00F093
:101C900068FB0028E3D10135DBE710B423F003042F
:101CA00022449B070A44436C18BF04325B4282EA19
:101CB0000104234203D05DF8044BFFF7C1BF104677
:101CC0005DF8044B70472DE9F041D0E90A369E4299
:101CD00086B0044628D1C3694568142202FB135517
:101CE000284606B0BDE8F0812068676CE26B331AC5
:101CF000D2F81480B3FBF7F3052201A907FB030018
:101D0000C04701A800F008FB012804D0636C1D4403
:101D1000013B3340ED1A31462046FFF791FF06465E
:101D2000A36AB342E0D1DBE70025F9E7F0B500256F
:101D300087B004462E46E369B34202D8284607B06E
:101D4000F0BD636C276803FB0677E36B05225B69D4
:101D500001A93846984701A800F0DEFA00F001FB1F
:101D600058B1384600F008FB01462046FFF787FED1
:101D7000636C143B834208BF01350136DBE708B5CD
:101D800008301346D1E90012F3F7A6FA012008BD86
:101D900013B50C4600212176009361681346224654
:101DA000F1F762FE18B1E37D03B1A07EA075A07DBE
:101DB00002B010BD73B500F1080516460C460DF1D2
:101DC00007020968284600F0A3F9032E06D16368CC
:101DD000834203D12168284600F080F9012002B037
:101DE00070BDD01E009B42424241187E824211D1FA
:101DF0001A688A420ED85A688A420BD35A6901324D
:101E00005A61D3E9030282423FBF986840F822102A
:101E100001321A610120704710B5032A029C07D1D4
:101E2000A26A5340626C5242134201D100F056F94B
:101E3000012010BD08B5C36800209847BDE80840E0
:101E4000E4F718BD70B5002401281C7014BF0420ED
:101E50000220CC7D4243101D02F002024CB91AB19F
:101E6000012220F003001A7000F1080348681844AA
:101E700070BD1AB1012220F003001A700C7E0023FD
:101E800001F12005DAB2944201D80020F0E735F8DC
:101E90003320824203F1010606D901EBC30300F1AE
:101EA0000802D8691044E3E7801A3346EAE773B5BD
:101EB00090F8426005461C4630460DF10303FFF7DB
:101EC000C1FFEB6B012E5B690DD1324601A998472A
:101ED0009DF8033013B1BDF806300193BDF804300E
:101EE000236002B070BD0122214602B0BDE87040FF
:101EF0001847F0B5054687B04868EB6B00245B696E
:101F000002940E46012202A908309847274695F808
:101F10004230012B40F08480632C02D9029807B034
:101F2000F0BD612C08D805AB224631462846FFF7A4
:101F3000BEFF9DF814301BB305AB22463146284640
:101F40008DF81070FFF7B3FF95F84230012B059B19
:101F500055D14FF6FF72934200F09680082205A9F2
:101F600004A800F060F9059B9DF81010C3F3072248
:101F7000914240F08980DBB2029A1A44029283E0D7
:101F800095F84230012B30D103AB2246314628462A
:101F9000FFF78DFF04AB621C31462846FFF787FF31
:101FA00005ABA21C31462846FFF781FF102208230B
:101FB0000DEB02010DF107008DF8073000F033F949
:101FC000102205A90DF1070000F02DF9039BDAB2EC
:101FD000002A52D19DF80720B2EB132F4DD1DDE935
:101FE000043203EB0243029347E0302C2BD944E048
:101FF0009DF80720B2EB134F3FD1049BF3E7013369
:1020000042D0102205A90DEB020000F00CF9059B4F
:102010009DF81010C3F30742914235D19BB2ABE754
:10202000312C3FF67BAF87D005AB224631462846A0
:10203000FFF73DFFBDF81430002B7FF47DAF95F81E
:102040004230012BA0D003AB224631462846FFF791
:102050002EFF04AB621C31462846FFF728FF1023F1
:1020600020220DEB03010DF107008DF8073000F081
:10207000DAF8039B9AB2002ABAD095F84230012BC5
:1020800014BF012302231C44013440E713B500248C
:102090000194049C0094F2F787F802B010BD13B5C8
:1020A00001240194049C0094F2F77EF802B010BD64
:1020B00030B5446800234FF0FF329C4202D1002328
:1020C000037230BD016801EBC30541F833206A603B
:1020D0000133F2E7C0E90012FFF7EABFF0B5456847
:1020E00000239D4211D0046854F83320B2F1FF3F21
:1020F0004FEAC30704EBC30608D0C2F313029142B0
:1021000004D14FF0FF33E3517360F0BD0133E8E7D2
:10211000F0B5456800239D4202D14FF0FF300FE03B
:10212000046854F83340671C4FEAC30609D0C4F36F
:102130001307B94205D1240D14700368334458685D
:10214000F0BD0133E7E713B50446002301461B2227
:102150000DF107008DF8073000F065F822689DF852
:102160000730B3EBD26F0CBF0120002002B010BDCE
:1021700013B500230446014620220DF107008DF817
:10218000073000F050F80DF107001A22211D00F071
:102190004AF862689DF80730B3EB926F0CBF0120DC
:1021A000002002B010BD0068431C584258417047DF
:1021B000006810F07E0F0CBFC0F3C16000207047B4
:1021C0000068C0F3D3107047006800F07F0001285A
:1021D0008CBF002001207047036813F07E0F14BFEE
:1021E000042008207047036813F07E0F03D1406875
:1021F00020F07C40704713F078001CBF03F07F0391
:10220000D81F7047006800F07F007047032809D08E
:10221000022803D1C1F10201C8B2704700290CBFE6
:102220000720002070471F2A0B689EBF4FF0FF3128
:1022300091408B43590801F055315B1A03F033315B
:102240009B0803F033330B44017803EB13130A4468
:1022500003F00F334FF001314B43A2EB13620270D6
:10226000704737B501F10C04436905466946012200
:1022700020469847BDF8003001930122AB6901A9BF
:102280002046984703B030BD37B501F10C044369CF
:1022900001226946054620469847009B4FF6FF728B
:1022A00099B291420DD11B0C1B0443F4254343F01A
:1022B000A50301930122AB6901A92046984703B009
:1022C00030BD0020FBE737B504461B22011D002569
:1022D0000DF107008DF80750FFF7A5FF60689DF826
:1022E0000720B2EBD06F03D120F0784003B030BDAF
:1022F0000DF107001B2204F108018DF80750FFF7CC
:1023000092FFA0689DF80730B3EBD06F01D1C043B6
:10231000EAE74FF0FF30E9E703684BF29A22B2EBAD
:10232000134F10B5044613D19BB2012B13D1FFF705
:10233000CAFF01300CD0E0684FF6FF72B2EB104FCD
:102340004FEA104309D180B2C01A18BF012010BD56
:102350002368013303D00420F9E70220F7E70320C4
:10236000F5E701288CBF00200120704703380128C1
:102370008CBF002001207047143070472DE9F041D8
:1023800005469846036908460E4617469847044690
:1023900038B943463A4631462846F3F779F80446B9
:1023A00018B131462846FFF75CFF2046BDE8F081B2
:1023B00002207047002070470120704700207047BE
:1023C0000020704701207047F9F7C0B90846114650
:1023D000F3F7CAB970B505460C4611461A46F3F72D
:1023E000CBF806682B462046B446BDE870406047EF
:1023F00010B5F3F7C1F8BDE8104083681847002313
:10240000F3F718B908B500F015FD002008BDF5F781
:1024100095BE4942FFF7FBBF70B504460D46164610
:102420004FF4881100F087F9324629462046BDE86E
:10243000704000F044BB7047431E012B03D9031FBB
:102440005842584170470120704700F054BB4FF488
:10245000A472002100F093BF10B500210446FCF7E0
:1024600099F82046BDE81040F8F740BEF8F7A0B84C
:1024700000F07FBC00F08DBCD0F88C0070B5C46853
:10248000002324259C4201D1012070BD826805FBF8
:102490000322D6898E4202D8128A8A4201D201339F
:1024A000F0E70020F1E7F8B505460E46F3F71EF910
:1024B000D5F88C307BB15B696BB1F5F763FDD5F86E
:1024C0008C305B691B1A584240F26B124FF042018C
:1024D0005841F3F751FBF76800224FF6FF734FF0B6
:1024E000240CD0B2B84208D31C4621462846F3F744
:1024F0008DFA00F003FB2046F8BDB1680CFB00111B
:10250000CC899C4202D2002CEFD023460132E8E76E
:10251000008B70470A7838B505461046FFF78CFFE8
:1025200060B14C782046FFF787FF38B1224353074C
:1025300004D42846BDE83840F8F76EBA012038BD0B
:1025400010B504460878FFF777FF58B14A7810466F
:10255000FFF772FF30B1042A04D02046BDE81040D6
:10256000F8F792BA012010BDF7F7C8BF10B4BDF854
:10257000044001945DF8044B00F00ABDF8F732B94D
:1025800038B504460D46F3F741FA28B929462046E6
:10259000BDE83840F8F7FAB838BD70B504460D46C6
:1025A0001646F3F733FA30B9324629462046BDE8DD
:1025B0007040F6F711BF70BD70B516460C46FCF7BB
:1025C000F2F9314605462046F6F702FB0446284656
:1025D000FCF7EDF9204670BD052A2DE9F0410646CD
:1025E0000C4615461F462BD8FFF792FF2146804622
:1025F0003046F3F70BFA044638B9F8F763F838B900
:1026000041463046F3F702FA02242046BDE8F08145
:1026100001210846F3F7A8F8204600F06DFAF5F717
:102620004DFE3846F7F7BAFE6FF029032B41DB0762
:10263000284602D4F5F7B4FEE7E7F5F7E9FEE4E74C
:102640000124E2E738B5044648880D4600F054FA04
:10265000D4F8A0302BB929462046BDE83840F8F719
:1026600049BA022038BD00F048BA00F0D3BB73B5B8
:10267000044600200D4600F03FFAD4F8A0606946F9
:102680002046FFF7F2FF5EB99DF800102A4620466B
:10269000E6F71EF80146204600F088FB02B070BD48
:1026A00000231A4629462046B047F7E71FB5002306
:1026B0000393CDE9013368461368009314468DF8FF
:1026C0000C10F7F7F9FE009B236004B010BD1FB596
:1026D0000023CDF80630CDF80A30ADF80E30ADF855
:1026E00004101368009369461446F8F779F9009BC3
:1026F000236004B010BDF4F7CDBE38B504460D46D6
:10270000FCF751F900232563E362BDE83840FCF78C
:102710004EB938B505460C46FCF745F92B6B1C4005
:10272000EB6A2343EB62FCF742F9211E18BF01213B
:102730000020490238BD38B504460D46FCF733F990
:10274000236B1D40E36A23EA0505E562FCF72FF9D8
:10275000284638BDC06A70477FB504460E4600F073
:1027600039FA431EDBB2FD2B05464FF48811204693
:1027700088BF0096FFF7DFFF2A466946204600F033
:102780008AF904B070BD10B501210446FFF7D3FFEC
:102790002046BDE81040F6F77DB873B50D780646C3
:1027A0000C4635B304238DF8043023798DF80530B9
:1027B00001A93046FFF7C4FE0546B8B92278A379CF
:1027C00052BB8DF80430E3798DF8053001A930460D
:1027D000FFF7A0FE054648B923783BB16188304633
:1027E000F8F78AFA0121304600F02BFB284602B0A8
:1027F00070BD294600F025FB2946304600F04EFB0F
:102800002946304600F04FFB2378002BCAD12379AC
:102810008DF804306379C9E702228DF80420D3E7EC
:10282000F8F7A8BA00F048BB00F067BB08461146AD
:10283000F3F7DABDF8F7BABA70B5144686B00546B4
:102840000E46122200210DF1060000F098FD2368CB
:10285000009369462846ADF8046000F029FB009B10
:10286000236006B070BD0846F3F7EABC084611467F
:102870001A46BDF8003000F041BA0846F5F720BA14
:1028800000F087B9F5F7ACB80847022A01D800F084
:10289000F7BB01207047022A01D800F002BC0120DA
:1028A0007047022A01D800F00EBC0120704738B5ED
:1028B00004460D4600F0E1FB28B129462046BDE85C
:1028C000384000F00FBC022038BD70B504460D46FC
:1028D000164600F0D2FB30B1324629462046BDE80C
:1028E0007040F9F72FB8022070BDF9F7A5B8084677
:1028F000F9F7C4B800207047002070472DE9F74F62
:102900001C469DF830300193036803F0070306333B
:1029100001259D400646174605F1FF380B46A1B13B
:10292000416804EA080BA5EB0B0A41F00059524537
:1029300009EB0B0114D95246184600F059FC7A1BDA
:102940005A444946504400F053FC019B2BB13C448F
:1029500048EA050804EA0804F46003B0BDE8F08F13
:102960001846F0E737B5002500951446FFF7C6FF77
:10297000204603B030BD2DE9F04F85B00646BDF8C6
:1029800038A08946174698460525002447F6FF7B60
:102990003F2D9ABFC5F14000C0B22846CDF800A037
:1029A00043463A46B9F1000F1CD03146F4F7A6F879
:1029B0005845B8BF2C4605F10A05EDB2B8BF8346AD
:1029C000872DE5D1631F621DDBB2002547F6FF7B33
:1029D0000392039A93420BD93F2D28D9284605B07C
:1029E000BDE8F08F01463046E0E70146304614E08E
:1029F0001A06F1D4012B38BF01233F2B98BFC3F136
:102A000040001C468CBF1846C0B2CDF800A043461B
:102A10003A46B9F1000FE8D03146F4F76FF858455F
:102A2000ACBF584625460134E3B28346D1E7C5F131
:102A30004005EDB2D2E70228F7B50D4616461F460F
:102A400017D10093002013460A460121FFF793FF98
:102A500033462A4600210097FFF78DFF0097334643
:102A60002A4601210446FFF786FF44EA002003B00E
:102A7000F0BD4FF0FF30FAE7D0F890304BB15B6912
:102A80003BB11B689A1C08BF4FF0FF330B6000205E
:102A900070470120704738B50D6804462846F3F7A3
:102AA000F1FDD4F8903043B15B6933B1013504BF17
:102AB0006FF001020A600A681A60002038BD7FB515
:102AC000D0F8943005460C46164623B11A6812B168
:102AD000D868F3F741FDF4F753F9324600906946A0
:102AE0002846FFF7D8FF0CB1009B2360002004B0FC
:102AF00070BDF8F7D3BD7047704770477047704797
:102B000038B50D460446F5F73DFAAC4042F2107375
:102B100064095C436423B0FBF3F0B4FBF0F038BD10
:102B2000022807D0062807D0003818BF01204042ED
:102B3000C0B27047012070470020704730B51F2396
:102B4000B0FBF3F35D1CEDB24FF0FF34C3EB431366
:102B5000AC40C01AE4430130E4B2C0B21460086073
:102B600030BD70B505460E46C0B201F00F01FFF74B
:102B7000C7FFC6F303110446C5F30720FFF7C0FFE4
:102B8000C6F303210444C5F30740FFF7B9FF20440F
:102B900070BD08B5F4F766FEBDE80840F4F7ECBE7A
:102BA00010B50446F4F75EFE844288BF01F1FF31A0
:102BB000204601F00301BDE81040F4F7DDBE38B552
:102BC0000446FFF7E6FF0546FFF7E3FF431BA3427A
:102BD000FAD338BD00207047F7B544F20802B2EBD3
:102BE000114F05460C468FB24FEA11430ED0B3F594
:102BF000045F14BF02260126D5F890300BB1196886
:102C000031B9D5F88C307BB920680BE00026F3E7AA
:102C1000334668463A46F5F7BBF89DF8043000980D
:102C2000002BEED103B0F0BD19680029ECD033467B
:102C300068463A46F5F7ACF89DF804300098002B4A
:102C4000E2D1EFE70320F7F7D9BC10B5044651B144
:102C50000B6843B15B6833B11A68032A03D99C6AD5
:102C6000640E204610BDFBF79EFE01462046F5F798
:102C700037FD04460846FBF79AFEF2E738B14FF4F9
:102C80007A735843A0F6AC50401AF5F74FBE4CF299
:102C90005030FAE7F6F732BEF6F730BEF6F72EBE42
:102CA000F6F72CBE7047436B03F06003402B0DD04A
:102CB000602B03D0203B58425841704749B10B6804
:102CC000012B06D9486940F00100704740F201101D
:102CD000704700207047034670B10268022A0BD982
:102CE000426A12F47F4FC2F3072006D01B6AD2B2A9
:102CF0005A43B2FBF0F0704700207047F0B514461D
:102D000087B01E460F4619B90024204607B0F0BD13
:102D1000002AF9D00028F7D001A9F3F765FB0028B5
:102D2000F2D0BDF80630BDF80850A2199A42C4BFCF
:102D30009B1B9CB2B54212D90399AD1BADB2314475
:102D4000A5420391ADF808500DD22A46384600F04E
:102D50004FFA0499621B781900F04AFAD5E70499F2
:102D6000761B3144049122463846F5E70220F4F7F9
:102D700063BDD0F894304BB11A68022A06D993F893
:102D8000250028B11B6AB3FBF0F07047FBF7FEBBD0
:102D9000704708B50146D0F89400FFF79CFF20B9B2
:102DA000BDE808400846FBF7F3BB08BD10B590F836
:102DB000D0300E2B04462BD00175D0F8900020B3F4
:102DC000D4F8A0304BB994F8D9308B420BD32046BD
:102DD0000022BDE81040F7F7E7BEB4F92420B0F9AF
:102DE00012309A42F3DD94F8D91000222046F7F70A
:102DF000DBFE60B9C4F890002046FFF789FB01466E
:102E00002046BDE81040F2F701BEFF23637510BDF8
:102E10000220FCE70346D0F8D0000860B3F8D430B5
:102E20008B800020704790F8D0300E2B14BF407D6F
:102E3000FF20704708B5FFF705FFBDE80840F5F72C
:102E400073BA38B505460C46F8F734FD88B10CB1B5
:102E5000002038BD4FF400612846F7F79FF90022A3
:102E60004FF480712846F7F785F9003818BF012024
:102E7000EFE74FF400612846F7F790F940B1002CD6
:102E8000EDD095F8CA30002BE2D14FF48072E7E71D
:102E90002202E5E74FF48071F7F780B94A024FF458
:102EA0000071F7F767B98A024FF48061F7F762B9EA
:102EB00004238B71002070473F2B084610B5114644
:102EC00019D9B3FA83F3C3F11902D2B2062A01D891
:102ED000192B0ED0062A28BF0622931DDBB201242F
:102EE0009C40A4B2A14228BF2146F3F795F82046A2
:102EF00010BD0022F1E70024F9E713883F2B10B53D
:102F0000084616D9B3FA83F3C3F11901C9B20629E9
:102F100001D8192B0BD0062928BF06218C1DE4B23D
:102F20000123A3401380F3F795F8002010BD002182
:102F3000F4E70120FAE710B5084614460121F5F739
:102F40002FF820460121BDE81040F5F729B8F8B563
:102F500004460E461746FBF726FD3A46054631461F
:102F6000204600F01BF904462846FBF720FD2046CA
:102F7000F8BD0220704703207047F4F755BC10B528
:102F8000F8F7EEF9044608B9F6F718FA204610BD2E
:102F90002DE9F04F85B0D0F88CC00293BDF83830E1
:102FA0000393BCF1000F44D0DCF80C3001930025F2
:102FB00028464FF02409A1F1080A019BAB4204D135
:102FC0001080002005B0BDE8F08FDCF8084009FB58
:102FD0000544B4F80E80238A00934346009E9E4227
:102FE00001D20135E9E7029EB34210D3039EB342FA
:102FF0000DD80026B7B2B84204D81688864209D147
:103000000120DFE701363AF836709F42F2D10133F2
:103010009BB2E3E7D4E9016701EBC00BA3EB080E19
:1030200021F8303007FB0E660130CBF8046080B227
:10303000EDE70220C6E7704770B505460E46144618
:10304000FFF75DFD31462846FFF72DFAFFF757FDE4
:1030500004F00903082B04D10C2C1CBF24F0080435
:10306000A4B221462846F7F7C3FA00224FF40031F4
:103070002846F7F77FF8002070BD8021F7F78EB85B
:103080007FB5531C05AAADF814100292022100224C
:10309000CDE90021DBB21146F7F78AF807B05DF8F9
:1030A00004FB7FB5531C05AAADF81410029204214D
:1030B0000222CDE90021DBB200220121F7F778F8E6
:1030C00007B05DF804FB1FB5531C029100220821D4
:1030D000CDE900210122DBB21146F7F769F805B00E
:1030E0005DF804FB08B5CA064FF00061F7F742F837
:1030F000002008BD07B591F82830009391F82B30D7
:1031000091F8292091F82A10F8F7B2FB03B05DF886
:1031100004FB38B50546F7F765FA04462846F7F785
:103120003FFA072811D1D5F89030DB6924F47F41AC
:1031300021F0080103B15B7841EA032141F020014D
:103140002846BDE83840F7F753BA24F02001F7E7E6
:10315000002070472DE9F0411F4616460546884677
:10316000E2F774FCB0FBF7F47443631C13D04346DE
:103170002A4639463046F8F7EDFC022D04D1F8F71F
:10318000ADFC2046BDE8F081032D02D1F8F7B8FC74
:10319000F7E7F8F7C1FC4FF0FF34F2E7F7B5054663
:1031A0000F4668461146F8F76DFE064698B197B18E
:1031B000DDE900311B0A43EA0163A5FB0343090A69
:1031C00005FB0135F4F7DEFE0023024629462046C2
:1031D000F9F772FB3860304603B0F0BD10F8012BF0
:1031E00011F8013B012A28BF9A42F7D0D01A704744
:1031F0000A44914200F1FF3300D1704710B511F835
:10320000014B03F8014F9142F9D110BD10B56AB1DD
:103210000139841810F8012B11F8013F9A4203D1AB
:10322000A04201D0002AF5D1D01A10BD1046FCE70B
:10323000034613F8012B002AFBD1181A01387047F6
:1032400010B50C46B1F90E10FAF71CFC0028ABBF04
:10325000636DA3891B1823F48053ACBF6365A381FE
:1032600010BD2DE9F0411F468B89DB0505460C4654
:10327000164605D5B1F90E1002230022FAF7F0FB2D
:10328000A389B4F90E1023F48053A38132463B4640
:103290002846BDE8F041FAF7B5B810B50C46B1F9CB
:1032A0000E10FAF7DDFB431CA38915BF606523F4FC
:1032B000805343F48053A38118BFA38110BDB1F99B
:1032C0000E10FAF79BBB70B5A1FB02543CB929461E
:1032D000F9F774FE064628B90026304670BD0C2268
:1032E0000260F9E72A46214600F049F8F5E72DE9A2
:1032F000F8430746884614460026D4E90195B9F1FB
:10330000010905D52468002CF7D13046BDE8F883C3
:10331000AB89012B07D9B5F90E30013303D029460B
:103320003846C04706436835E9E710B5013902441D
:10333000904201D1002005E0037811F8014FA3422B
:1033400001D0181B10BD0130F2E7884210B501EB27
:10335000020402D98442234607D8431EA14208D062
:1033600011F8012B03F8012FF8E7024401468A42C5
:1033700000D110BD13F8014D02F8014DF7E70244EA
:103380000346934200D1704703F8011BF9E77047E9
:103390007047704770B50C46B1F90E10002996B011
:1033A00015461E460DDAA38913F0800F4FF0000179
:1033B00014BF40234FF48063002031602B6016B0AF
:1033C00070BD6A46FAF72AFB0028ECDB019901F48C
:1033D0007041A1F50053594259414FF48063EBE726
:1033E0008B89F7B59D0706460C4607D504F14703C0
:1033F000236023610123636103B0F0BD01AB6A4622
:10340000FFF7C8FF009F054639463046F9F7D6FD5D
:1034100048B9B4F90C309A05EED423F0030343F015
:103420000203A381E2E7A389206043F08003A38124
:10343000019BC4E904075BB1B4F90E103046FAF7FA
:10344000FFFA28B1A38923F0030343F00103A3810A
:10345000A3891D43A581CFE79368013B002B10B4DE
:10346000936008DA9469A34201DB0A2903D15DF86D
:10347000044B00F01AB81368581C10601970084605
:103480005DF8044B7047F8B506460F461446D5184C
:10349000AC4201D1002007E014F8011B3A46304647
:1034A000FFF7DAFF431CF3D1F8BDF8B50E4614461A
:1034B000054618B1036A0BB9F9F7A2FEA369A36028
:1034C000A3891A0701D5236943B921462846FAF78B
:1034D00013F918B14FF0FF373846F8BD2368226959
:1034E000981A6369F6B28342374605DC21462846BE
:1034F00000F00AF90028EDD1A368013BA36023681E
:103500005A1C22601E706269431C9A4204D0A3892F
:10351000DB07E1D50A2EDFD12146284600F0F4F87A
:103520000028D9D0D6E72DE9F047164698468A6894
:103530000B69DDF820909342B8BF1346336091F8D1
:10354000432007460C460AB10133336023689906CD
:1035500042BF336802333360256815F0060506D193
:1035600004F1190AE36832689B1AAB4226DC94F82E
:1035700043302268003B18BF012392062BD404F18C
:10358000430241463846C84701301ED023682269AD
:1035900003F00603042B02BFE5683368ED1AA36845
:1035A0000CBF25EAE57500259342C4BF9B1AED18B0
:1035B00000261A34B5421AD1002008E001235246F1
:1035C00041463846C847013003D14FF0FF30BDE8CF
:1035D000F0870135C6E7E1185A1C302081F8430016
:1035E000224494F8451082F843100233C7E70123C0
:1035F000224641463846C8470130E6D00136D9E771
:10360000B1F90C202DE9F041170705460C4656D4B8
:103610004B68002B02DC0B6C002B3DDDE66A002EB4
:103620003AD0002312F480522F68216A2B6025D0F3
:10363000626DA389580705D56368D21A636B0BB115
:10364000236CD21A216AE66A00232846B047411C3F
:1036500024D00023636023692360A389DA0400D5A2
:103660006065616B2F60B9B104F14403994202D0E7
:103670002846F9F7DFFE002363630DE001232846A7
:10368000B047461C0246D4D12B68002BD1D01D2B4D
:1036900001D0162B2BD12F6000202FE02A68B4F91F
:1036A0000C3042B11D2A01D0162A22D100236360BA
:1036B00023692360D5E7626022692260CEE70F6943
:1036C000002FE9D093070E6808BF4B690F6018BF41
:1036D0000023A6EB07088B60B8F1000FDCDD216A40
:1036E000A66A43463A462846B047002808DCB4F9A3
:1036F0000C3043F04003A3814FF0FF30BDE8F08170
:103700000744A8EB0008E7E738B50B6905460C4607
:1037100013B90025284638BD18B1036A0BB9F9F76B
:103720006FFDB4F90C30002BF3D0626ED00704D4D7
:10373000990502D4A06DFFF72BFE28462146FFF71E
:103740005FFF636EDA070546E4D4A3899B05E1D4E5
:10375000A06DFFF71EFEDDE708B50620FAF7A4F915
:103760000120FCF70BF91F2938B505460C4604D992
:10377000162303604FF0FF3038BDC26B12B152F810
:1037800021304BB9284600F016F82246014628465B
:10379000BDE83840FAF790B9012B0AD0591C03D183
:1037A000162303600120E7E7002142F82410204699
:1037B00098470020E0E7FCF7E7B8000000000000B1
:1037C000F8B500BFF8BC08BC9E467047F8B500BF0E
:1037D000F8BC08BC9E4670475FF800F0DD21002071
:1037E00000000000000000000000000000000000D9
:1037F00000000000000000000000000000000000C9
:103800004368616E6E656C20256420697320696E63
:1038100076616C69642C20746865206669727374C3
:103820002076616C6964206368616E6E656C2069E6
:1038300073202564210A0000666F726D20307825A0
:103840003032580A000000005065726D6974206AB9
:103850006F696E207374617475733A203078253007
:1038600032580000545820706F7765722073657469
:103870003A2025640A000000545820706F77657262
:1038800020736574206661696C65640A000000003D
:10389000656E61626C65640064697361626C656425
:1038A000000000005458206F7074696F6E732073AD
:1038B00065743A204D41432061636B732025732C5E
:1038C0002073656375726974792025732C2070727A
:1038D000696F726974792025730A00004368696C06
:1038E000642072656D6F76616C20307825303258B7
:1038F0000A000000496E666F3A0A0000202020206E
:1039000020202020204D43552049643A203078253E
:103910003031366C6C580A0020204E6574776F7217
:103920006B2073746174653A203078253032580A00
:10393000000000002020202020204E6F64652074AD
:103940007970653A203078253032580A000000003E
:103950002020202020202020202065756936343A40
:10396000203E2578257825782578257825782578AE
:1039700025780A0020202020202020204E6F64651A
:103980002069643A203078253034580A000000005D
:103990002020204E6F6465206C6F6E672069643A4A
:1039A00020307800253032580000000020202020F0
:1039B000202020202050616E2069643A2030782534
:1039C0003034580A00000000202020202020202031
:1039D0004368616E6E656C3A2025640A0000000041
:1039E00020202020202020202020506F7765723A50
:1039F0002025640A000000002020202020545820A8
:103A00006F7074696F6E733A204D41432061636B30
:103A1000732025732C207365637572697479202572
:103A2000732C207072696F726974792025730A0093
:103A3000526164696F206368616E6E656C207365A6
:103A4000742C207374617475733D3078253032584E
:103A50000A00000053657474696E672072616469BE
:103A60006F206368616E6E656C206661696C656469
:103A70002C207374617475733D3078253032580A88
:103A800000000000537461727420656E657267797E
:103A9000207363616E6E696E673A206368616E6E53
:103AA000656C2025642C2073616D706C6573202516
:103AB000640A0000537461727420656E65726779E0
:103AC000207363616E6E696E67206661696C656400
:103AD0002C207374617475733D3078253032580A28
:103AE000000000005365637572697479206B657915
:103AF00020756E7365742073756363657373667583
:103B00006C0A0000436F756E74657220747970657D
:103B10003D3078253032583A20256C640A00000088
:103B200047657420636F756E746572206661696C99
:103B300065642C207374617475733D307825303260
:103B4000580A00006F74615F7461726765743A208F
:103B5000696E76616C6964206465766963655F6926
:103B6000643D2564202876616C69642072616E670B
:103B7000653A20317E2564290A000000536563758B
:103B800072697479206B657920696D706F72742029
:103B90007375636365737366756C2C206B65792030
:103BA00069643A20256C750A00000000536563754E
:103BB00072697479204B657920696D706F72742019
:103BC0006661696C65643A20256C640A0000000037
:103BD0005365637572697479206B657920736574B8
:103BE000207375636365737366756C0A000000006B
:103BF0005365637572697479206B65792073657498
:103C0000206661696C6564203078253032580A007E
:103C10005365637572697479206B6579206C656E84
:103C2000677468206D7573742062653A202564207E
:103C300062797465730A00004E6574776F726B2049
:103C4000464F524D4544206F6E2063683D25642CDD
:103C50002050414E3D3078253034580A0000000095
:103C6000656D626572466F726D4E6574776F726BCB
:103C7000204641494C45443A203078253032580A94
:103C80000000000067657453746F72616765536C60
:103C90006F74496E666F204641494C45443A203066
:103CA00078256C580A00000053746F7261676520B4
:103CB000736C6F7420303A20616464723D307825F3
:103CC00030386C582C206C656E3D256C75206279FF
:103CD0007465730A000000004F54412072656164EE
:103CE000792E2057616974696E6720666F72204172
:103CF000505F4F42432049324320636F6D6D616EC8
:103D0000647320286572617365E2869273747265CC
:103D1000616DE286927374617274292E0A0000004C
:103D200049324320536C61766520696E697469611C
:103D30006C697A65642061742030782530325820AF
:103D4000285344413D504331302F4C4F4331362CA2
:103D50002053434C3D504331312F4C4F4331342994
:103D60000A0000000A3D3D3D204D617374657220DC
:103D70002853696E6B202F204F5441205365727673
:103D800065722920E28094204175746F6D617465BD
:103D900064204F5441203D3D3D0A0000626F6F7426
:103DA0006C6F616465725F696E6974204641494C4D
:103DB00045443A203078256C582028726F6C6C622C
:103DC00061636B206775617264206C696D697465ED
:103DD00064290A004E6F2050534120414553206B07
:103DE000657920666F756E642C20637265617469F5
:103DF0006E67206F6E652E0A0000000053656375C4
:103E000072697479206B657920696D706F727420A6
:103E10004F4B2C2069643A20256C750A0000000085
:103E20005365637572697479206B657920696D706B
:103E30006F7274204641494C3A20256C640A000098
:103E400050534120414553206B6579206578697353
:103E500074732C2072657573696E672E0A000000FA
:103E6000656D6265724E6574776F726B496E6974C9
:103E70003A203078253032580A00000052657375B8
:103E80006D696E67207361766564206E6574776F07
:103E9000726B2E204E6F646549443D307825303476
:103EA000580A0000656D6265724E6574776F726BBB
:103EB000496E6974206572723A2030782530325824
:103EC0002E20466F726D696E67206E6577206E6575
:103ED00074776F726B2E0A004D617374657220697E
:103EE0006E697420636F6D706C6574652E0A0000D6
:103EF0004F5441207669612041505F4F4243204931
:103F000032433A2065726173652830783033292056
:103F1000E286922073747265616D283078303229A0
:103F200020E2869220535441525428307830342C69
:103F3000746172676574292E0A0000000101000097
:103F40000000000060670100000000004F424320B5
:103F5000444154413A2073746174653D25642C20BA
:103F60006F66667365743D256C752F256C752C2006
:103F70007461726765745F6465763D25640A00004C
:103F80004E564D3320736C6176655F7461626C656B
:103F90002073617665204641494C45443A2030788B
:103FA000256C580A000000007265676973746572B9
:103FB0005F736C6176653A20696E76616C69642026
:103FC0006465766963655F69643D25640A00000085
:103FD000536C6176652069643D25643A206E6F6498
:103FE000655F69642030782530345820E28692205D
:103FF0003078253034580A00536C61766520696446
:104000003D256420286E6F64653D30782530345836
:10401000292072652D616E6E6F756E6365642E0A60
:1040200000000000536C61766520726567697374E7
:10403000657265643A2069643D25642C206E6F6466
:10404000653D3078253034582028736C6F742025F6
:1040500064290A0072656769737465725F736C61C5
:1040600076653A207461626C652066756C6C210A15
:10407000000000004F54412050524550415245200D
:104080006D736720746F2030782530345820464196
:10409000494C45443A203078253032580A00000017
:1040A0005B504F4C4C5D20E286922069643D256454
:1040B00020286E6F64653D307825303458290A0019
:1040C0005B504F4C4C5D2053656E64206661696C9B
:1040D00020746F2069643D25643A203078253032A1
:1040E000580A00004F544120E28692206E6F6465AA
:1040F0003D3078253034582C2069643D25642C20CF
:104100007461673D3078253032582C2073697A65A8
:104110003D256C750A0000005B504F4C4C5D204EF5
:104120006F20706F6C6C61626C6520736C6176657A
:1041300073207965742E20526574727920696E201F
:1041400025756D732E0A00005B504F4C4C5D20545A
:10415000696D656F757420666F722069643D2564B2
:104160002E0A00005B504F4C4C5D204379636C6518
:1041700020646F6E65202825752F257520736C616E
:10418000766573292E204E65787420696E2025751A
:104190006D732E0A000000004E564D3320736C6183
:1041A00076655F7461626C653A206E6F7420666F2D
:1041B000756E642028666972737420626F6F742054
:1041C0006F7220636C6561726564292E0A000000BD
:1041D0004E564D333A20526573746F726564207386
:1041E0006C617665206465766963655F69643D2509
:1041F0006420286E6F64655F69642070656E646911
:104200006E672072656A6F696E292E0A00000000D1
:10421000465720706B7420746F6F2073686F7274D0
:1042200020286C656E3D2564290A000046572070E1
:104230006B74207472756E63617465643A20646196
:1042400074615F6C656E3D257520627574206F6EBC
:104250006C792025642072780A000000465720708F
:104260006B7420696E76616C696420646174615F4F
:104270006C656E3D25750A00465720737472656142
:104280006D2053544152542028736C6F74206D7507
:104290007374206265207072652D65726173656448
:1042A000292E0A00465720706B7423206A756D70A2
:1042B0003A20676F742025752C20657870656374CB
:1042C0006564202575202864726F703F290A0000FC
:1042D0004657206F766572666C6F7720256C752B5C
:1042E0002575203E20736C6F7420256C752E20413F
:1042F000424F52542E0A0000465720777269746567
:1043000053746F72616765204641494C2061742087
:10431000256C753A203078256C580A004657207273
:104320006561646261636B204D49534D415443485C
:1043300020617420256C752E2041424F52542E0A64
:104340000000000046572073747265616D20434F72
:104350004D504C4554452E2073697A653D256C754A
:104360002062797465732E20284F54415F46575F51
:104370005245414459290A002020E28692204150AA
:104380005F4F42433A2073656E6420535441525448
:10439000283078303429205B7461726765745D2041
:1043A00028303D54582073656C662C20317E25647E
:1043B0003D5258206465766963655F6964290A0027
:1043C00046572072783A20706B742325752C20256F
:1043D0006C752062797465730A0000004F424320B7
:1043E00045524153453A20746F6F2073686F727461
:1043F00020286C656E3D2564290A00004552415312
:10440000453A2067657453746F72616765536C6FCA
:1044100074496E666F28257529206661696C65642C
:104420002E20426F756E647320636865636B206F26
:1044300066662E0A000000004F4243204552415359
:10444000453A2065726173696E6720736C6F7420E2
:1044500025752E2E2E0A0000536C6F7420257520B2
:104460006572617365204641494C45443A20307875
:10447000256C580A00000000536C6F7420257520CD
:104480006572617365642E0A000000004F4243208C
:1044900053544152543A20746F6F2073686F727492
:1044A00020286E656564205B63635D5B7461726781
:1044B00065745D290A0000004F4243205354415265
:1044C000543A204657206E6F7420726561647920DB
:1044D0002873746174653D2564292E2053747265B8
:1044E000616D2046572066697273742E0A000000C1
:1044F0004F42432053544152543A2054582053457C
:104500004C462D55504441544520696E7374616C7E
:104510006C2E2E2E0A00000053656C662D7570649B
:1045200061746520766572696679496D6167652099
:104530004641494C454420E280942061626F727488
:1045400020286B6565702063757272656E742066D5
:1045500077292E0A0000000053656C662D75706483
:1045600061746520736574496D616765546F426F4E
:104570006F746C6F6164204641494C45442E0A00BB
:1045800053656C662D75706461746520766572691B
:10459000666965642E205265626F6F74696E67206C
:1045A000746F20696E7374616C6C2E2E2E0A00007D
:1045B0004F42432053544152543A20696E76616C05
:1045C0006964207461726765743D25752028303DEB
:1045D00073656C662C317E25643D5258290A0000B3
:1045E0004F42432053544152543A206465766963E4
:1045F000655F69643D2575206E6F7420726567691B
:104600007374657265642F6F6E6C696E6520796571
:10461000742E0A004F42432053544152543A204FC3
:10462000544120E28692206465766963655F69641F
:104630003D257520286E6F64653D307825303458EF
:10464000292E204175746F2D6469737472696275C7
:1046500074696E672E2E2E0A000000004F42433A06
:1046600020556E6B6E6F776E20434D442030782559
:1046700030325820286C656E3D2564290A00000000
:10468000536C6176652072656164792E20496E698C
:1046900074696174696E67204F5441206469737452
:1046A0007269627574696F6E2E2E2E0A000000000A
:1046B0004F544120646973747269627574696F6ED6
:1046C00020696E697469617465642E0A00000000D7
:1046D0004F544120696E697469617465204641498F
:1046E0004C45443A203078253032580A000000000A
:1046F000536C61766520707265706172653A205204
:104700005820756E726561636861626C652028254A
:10471000752072657472696573292E2041626F720B
:104720007420746F2046575F52454144592E0A0049
:10473000536C6176652070726570617265205449B2
:104740004D454F5554202825752F2575292E20526B
:1047500065747279696E672E2E2E0A004F544120BF
:10476000646973747269627574652074696D656FCC
:1047700075742028256C756D73292E2041626F7227
:1047800074696E672E0A00004F54413A20526571D9
:1047900075657374696E6720626F6F746C6F6164A6
:1047A000202864656C61793D25646D73292E2E2E59
:1047B0000A000000426F6F746C6F61642072657153
:1047C00075657374204641494C45443A203078253C
:1047D0003032580A000000004F544120626F6F745D
:1047E0006C6F61642D776169742074696D656F7594
:1047F000742028256C756D73292E204261636B200F
:10480000746F2046575F52454144592E0A000000FC
:104810003D3D3D204F5441204552524F5220E286AB
:10482000922049444C45203D3D3D0A002C2000008B
:10483000590000004E0000002D0000002B00000079
:1048400049445F414E4E4F554E43453A20746F6F79
:104850002073686F72742066726F6D203078253017
:1048600034580A00202052582069643D25642045B0
:104870005549363420286D6170206F726465722C42
:10488000204C5342206669727374293A207B0000E1
:104890003078253032582573000000007D0A000072
:1048A0005B504F4C4C5D2052582069643D2564207C
:1048B000286E6F64653D30782530345829206F6E3E
:1048C0006C696E652E2066773D3078253032582031
:1048D0007C20676F6C64656E3D25732825632920F5
:1048E00070726F623D25640A000000005B504F4CFF
:1048F0004C5D2052582069643D256420286E6F6409
:10490000653D30782530345829206F6E6C696E65AE
:104910002E2066773D3078253032580A000000009E
:10492000536C61766520307825303458204F5441DF
:1049300020707265706172652041434B2E0A000041
:10494000525820646174612066726F6D2030782542
:104950003034583A00000000202530325800000062
:104960002054656D703A202573256C642E253033F4
:104970006C64432048756D3A20256C752E253033C4
:104980006C7525250A0000005458206661696C3A50
:10499000203078253032580A000000004E657477C8
:1049A0006F726B2055502E204E6F646549443D3028
:1049B00078253034580A00004E6574776F726B208A
:1049C000444F574E2E0A0000537461636B2073747A
:1049D000617475733A203078253032580A0000002F
:1049E0004E6F6465206A6F696E65643A206E6F640D
:1049F0006549443D3078253034582C2074797065F1
:104A00003D30782530325820287761697420666FF0
:104A1000722049445F414E4E4F554E4345290A008E
:104A20005B47554152445D20426F6F742068656159
:104A30006C74682074696D656F757420E2809420D1
:104A400073656C662D7265736574202870726F6271
:104A50006174696F6E20636F756E74292E0A000091
:104A60004F54413A207265616453746F7261676597
:104A7000206661696C20617420256C752C2065723C
:104A8000723D3078256C580A000000004F544120D8
:104A900054583A20256C7525252028256C752F251E
:104AA0006C75206279746573290A00004F54413A8D
:104AB00020446973747269627574696F6E2053550E
:104AC00043434553532E2053656E64696E672062DD
:104AD0006F6F746C6F61642072657120696E203530
:104AE00030306D732E2E2E0A000000004F54413AD4
:104AF00020446973747269627574696F6E204641EF
:104B0000494C45442C207374617475733D3078258D
:104B10003032580A000000003D3D3D204F544120F6
:104B2000444F4E4520666F72206E6F64652030786A
:104B30002530345820286465766963655F69643D73
:104B4000256429203D3D3D0A000000005258207296
:104B500065626F6F747320262072656A6F696E7369
:104B6000206175746F6D61746963616C6C792E205E
:104B700054582073746179732075702E0A000000F8
:104B80004F54413A20426F6F746C6F6164207265BC
:104B90007175657374204641494C45442C207374EB
:104BA000617475733D3078253032580A000000007A
:104BB000464820436C69656E742073796E63206685
:104BC00061696C65643A203078253032580A0000FB
:104BD000464820436C69656E742053796E63205398
:104BE0007563636573730A00456E65726779207338
:104BF00063616E3A206D65616E3D2564206D696E5E
:104C00003D2564206D61783D2564207661723D25E7
:104C1000640A000052656164790000004E6F7420E0
:104C20006C6F6164656400006F74615F74617267CA
:104C300065743A206465766963655F69643D2564DF
:104C4000206E6F7420726567697374657265642085
:104C50006F72206E6F64655F696420756E6B6E6F36
:104C6000776E2E0A000000002020436865636B20E9
:104C700027736C6176655F6C697374272E20536CA3
:104C8000617665206D6179206E65656420746F20A2
:104C900072656A6F696E2E0A000000004F54412051
:104CA0007461726765743A206465766963655F69EB
:104CB000643D256420E28692206E6F64653D307805
:104CC000253034580A00000047424C3A2025732012
:104CD0007C2050726573732042544E3020746F20D4
:104CE00073746172742E0A006F74615F7374617201
:104CF000743A20696E76616C6964206465766963D4
:104D0000655F69643D25642028317E2564290A0099
:104D10006F74615F73746172743A20627573792085
:104D20002873746174653D2564292E20547279209E
:104D30006C617465722E0A006F74615F73746172C6
:104D4000743A206465766963655F69643D25642013
:104D50006E6F7420726567697374657265642F6F16
:104D60006E6C696E65207965742E0A006F74615FE0
:104D700073746172743A2067657453746F726167FB
:104D800065536C6F74496E666F206661696C65640B
:104D90002E0A00006F74615F73746172743A206E42
:104DA0006F2076616C69642047424C20696E205305
:104DB0004C4F543020E28094206C6F616420697401
:104DC0002076696120436F6D6D616E646572206647
:104DD000697273742E0A00006F74615F737461727C
:104DE000743A20534C4F5430207665726966794985
:104DF0006D616765204641494C45442028626164E5
:104E00002F7061727469616C2047424C292E0A0030
:104E10006F74615F73746172743A20534C4F5430F5
:104E20002047424C3D256C75204220E2869220644A
:104E300065766963655F69643D256420286E6F64EB
:104E4000653D307825303458292E204469737472BA
:104E500069627574696E672E2E2E0A0030783F3FA6
:104E60003F3F202872656A6F696E696E672900008E
:104E70005B4F4E4C5D0000005B4F46465D000000FE
:104E8000526561647920285370616365206D6F6499
:104E9000652900005265616479202847726F756E3C
:104EA00064206D6F64652900496E2070726F6772AF
:104EB00065737300E29594E29590E29590E2959087
:104EC000E29590E29590E29590E29590E29590E2DD
:104ED0009590E29590E29590E29590E29590E2951A
:104EE00090E29590E29590E29590E29590E295900F
:104EF000E29590E29590E29590E29590E29590E2AD
:104F00009590E29590E29590E29590E29590E295E9
:104F100090E29590E29590E29590E29590E29590DE
:104F2000E29590E29590E29590E29590E29590E27C
:104F30009590E29590E29590E29590E29590E295B9
:104F400090E29590E29590E29590E29590E29597A7
:104F50000A000000E295912020202020202020201F
:104F6000205265676973746572656420536C61765D
:104F700065204C69737420202020202020202020D0
:104F8000202020202020202020E295910A000000EF
:104F9000E295A0E29590E29590E29590E29590E2FC
:104FA0009590E29590E29590E29590E29590E29549
:104FB00090E29590E29590E29590E29590E295903E
:104FC000E29590E29590E29590E29590E29590E2DC
:104FD0009590E29590E29590E29590E29590E29519
:104FE00090E29590E29590E29590E29590E295900E
:104FF000E29590E29590E29590E29590E29590E2AC
:105000009590E29590E29590E29590E29590E295E8
:1050100090E29590E29590E29590E29590E29590DD
:10502000E29590E29590E29590E295A30A00000047
:10503000E29591202563205B25645D2069643D2510
:105040002D3264206E6F64653D30782530345820F1
:1050500066773D307825303258202573202020E2B5
:1050600095910A00E29591202563205B25645D20DF
:1050700069643D252D3264206E6F64653D252D31B8
:1050800038732020202020202020202020E295910D
:105090000A000000E295912020284E6F20736C6179
:1050A00076657320726567697374657265642079CB
:1050B000657429202020202020202020202020204E
:1050C000202020202020202020E295910A000000AE
:1050D000E29591204F544120746172676574203AC3
:1050E000206465766963655F69643D252D326420BF
:1050F00020202020202020202020202020202020B0
:1051000020202020202020E295910A00E295912085
:1051100047424C20737461746520203A20252D335A
:10512000367320E295910A00E2959AE29590E29515
:1051300090E29590E29590E29590E29590E29590BC
:10514000E29590E29590E29590E29590E29590E25A
:105150009590E29590E29590E29590E29590E29597
:1051600090E29590E29590E29590E29590E295908C
:10517000E29590E29590E29590E29590E29590E22A
:105180009590E29590E29590E29590E29590E29567
:1051900090E29590E29590E29590E29590E295905C
:1051A000E29590E29590E29590E29590E29590E2FA
:1051B0009590E29590E29590E29590E29590E29537
:1051C00090E2959D0A0000005B47554152445D20E6
:1051D0004E6F2073746F7261676520696E666F2011
:1051E000E2809420726F6C6C6261636B204449535F
:1051F00041424C45442E0A005B47554152445D20D4
:10520000676F6C64656E20726567696F6E20657884
:10521000636565647320666C6173682028706172D1
:10522000743D256C752920E2809420726F6C6C624D
:1052300061636B2044495341424C45442E0A0000AF
:105240005B47554152445D20676F6C64656E206119
:10525000646472206E6F7420706167652D616C6983
:10526000676E65642028706167653D256C7529202F
:10527000E2809420726F6C6C6261636B20444953CE
:1052800041424C45442E0A005B47554152445D2043
:105290004E6F2076616C6964207374617465206957
:1052A0006E204E564D3320E2809420646566617511
:1052B0006C74732E0A0000005B47554152445D2018
:1052C000696E76616C696420676F6C64656E2073CB
:1052D000697A6520256C752E0A0000005B475541F0
:1052E00052445D20534C4F543020657261736520E9
:1052F0006661696C65642E0A000000005B475541D9
:1053000052445D20676F6C64656E20726561642035
:105310006661696C20403078256C582E0A000000C8
:105320005B47554152445D20534C4F5430207772B7
:10533000697465206661696C2040256C752E0A00D1
:105340005B47554152445D20534C4F5430207265A9
:1053500061646261636B206D69736D617463682061
:1053600040256C752E0A00005B47554152445D2074
:10537000726573746F72656420676F6C64656E200C
:10538000766572696679204641494C45442E0A008B
:105390005B47554152445D20736574496D61676593
:1053A000546F426F6F746C6F6164206661696C65E5
:1053B000642E0A005B47554152445D20676F6C6460
:1053C000656E20726573746F72656420746F20530C
:1053D0004C4F54302C20696E7374616C6C696E672D
:1053E0002E2E2E0A000000005B47554152445D20DE
:1053F000534C4F5430207665726966792066616936
:105400006C656420E2809420736B697020676F6C18
:1054100064656E20636170747572652E0A00000009
:105420005B47554152445D2067657453746F7261E8
:105430006765536C6F74496E666F206661696C6551
:10544000642E0A005B47554152445D20626164202E
:1054500047424C2073697A6520256C7520286D6160
:105460007820256C752920E2809420736B69702068
:10547000636170747572652E0A0000005B475541C8
:1054800052445D20676F6C64656E20657261736560
:10549000206661696C656420403078256C582E0A5E
:1054A000000000005B47554152445D20534C4F546F
:1054B000302072656164206661696C2040256C75DE
:1054C0002E0A00005B47554152445D20676F6C64B3
:1054D000656E207772697465206661696C20403062
:1054E00078256C582E0A00005B47554152445D20D8
:1054F000676F6C64656E20726561646261636B20C6
:105500006D69736D6174636820403078256C582E26
:105510000A0000005B47554152445D20696E697482
:105520003A2070656E64696E673D257520617474FC
:10553000656D7074733D257520676F6C64656E3D95
:1055400025752876616C69643D25752C73697A65CB
:105550003D256C75292072623D25750A000000000A
:105560005B47554152445D204E564D332073617662
:1055700065206661696C656420647572696E672078
:1055800070726F626174696F6E20636F756E742ED6
:105590000A0000005B47554152445D2050524F4283
:1055A0004154494F4E20626F6F742025752F257529
:1055B0000A0000005B47554152445D205468726503
:1055C00073686F6C642072656163686564206275DE
:1055D00074206E6F2076616C696420676F6C6465FF
:1055E0006E20E280942063616E6E6F7420726F6C27
:1055F0006C206261636B2E0A000000005B4755411E
:1056000052445D2053746179696E67206F6E206328
:10561000757272656E7420696D6167653B20636F9A
:10562000756E7465722066726F7A656E2061742083
:105630007468726573686F6C642E0A005B4755412D
:1056400052445D203D3D3D20524F4C4C4241434B26
:1056500020746F20676F6C64656E202563203D3D6C
:105660003D0A00005B47554152445D207265626F00
:105670006F74416E64496E7374616C6C20726574F2
:1056800075726E656420E2809420696E7374616C3B
:105690006C206661696C65642E0A00005B475541A9
:1056A00052445D20526F6C6C6261636B2072657353
:1056B000746F7265206661696C65642E2057696C31
:1056C0006C207265747279206E65787420626F6FD9
:1056D000742E0A005B47554152445D2061726D5F34
:1056E00070656E64696E67204E564D332073617627
:1056F00065204641494C454420E280942061626F18
:10570000727420696E7374616C6C210A0000000071
:105710005B47554152445D2041726D656420706560
:105720006E64696E672D636F6D6D69742E204E65B2
:10573000787420626F6F742069732070726F626179
:1057400074696F6E2E0A00005B47554152445D201C
:10575000476F6C64656E2063617074757265642058
:10576000E28692202563202873697A653D256C7551
:10577000292E20436F6E6669726D656420686561CD
:105780006C7468792E0A00005B47554152445D20D5
:10579000476F6C64656E2063617074757265204636
:1057A00041494C454420E28094206B65657020702F
:1057B000726576696F757320676F6C64656E2E0A0B
:1057C000000000005B47554152445D20636F6E66E8
:1057D00069726D5F6865616C746879204E564D33EF
:1057E0002073617665204641494C45442E0A0000ED
:1057F0005B47554152445D204865616C746879206F
:10580000636F6E6669726D65642E20436F756E748A
:1058100065727320636C65617265642E0A00000016
:105820000000180000001C00010000000000000043
:10583000010F00000000000014350020A1C8000086
:105840001C35002035C900003026002029540000F6
:10585000282600203954000020260020495400004A
:10586000182600205954000010260020695400001A
:10587000082600207954000000000000000000000D
:10588000BC5802000000000098580200010000000F
:105890000000000000F0490200000000C0CA893684
:1058A000801A0600000000001400FF7F1C2000206A
:1058B000000000000000000000000000DC1F0401E8
:1058C00000000000000000000000000000000000D8
:1058D000F01F04013F003F0000000000C05A02001A
:1058E0000000000004000200017015007F000000AD
:1058F000180002000000000000000000280007005F
:10590000000000000801000000000000010000008D
:105910000000000000000000A00700004800010097
:105920000000000054000200000000000000000021
:10593000A000040000400000FF4C000000410000F7
:10594000FF4D0000002001000407000010200100AE
:105950000000000018200100088400000830010049
:1059600013AC00013030020070551000030000003D
:105970004030010000000000A0400100AA27000FF5
:10598000B840010000C08300F44001002010000076
:105990003441020080080000F68700004041020008
:1059A00083008800C1E6524D604104000000000001
:1059B000000000000600000006000000146008005F
:1059C00010000000000000040F4002000050000022
:1059D00000500A000000000300000000000000006A
:1059E000506006009009FF00410C0000120000000A
:1059F00012001400B42B00000000000078600C00BE
:105A00001F08E00800000000F2032A000000000068
:105A100000000000040A142232414A4F0000000036
:105A20000000000000000000000000000000000076
:105A3000E46007008108A18B000000006404830774
:105A40008813C83A9C20060000612000B7568520C4
:105A500004610300D5E310002030000088BB000083
:105A600020610100000000001470011000F8070020
:105A700014700130FE00000018700110FF000000DB
:105A800018700130001300001C7005006000AA842B
:105A9000000000008200000000000000D5000000AF
:105AA000487002003E380000BC2500007070030002
:105AB000030112001A30080080846D00FFFFFFFF11
:105AC000100000006666660000000000185B02001F
:105AD000105B020000000000C0A39B0080DE80027B
:105AE00020A1070001010000705500060000000021
:105AF00000000000000000000000000000000000A6
:105B000010A10700000000000000000000000000DD
:105B10000000000000000000194703060410000107
:105B20000103010600102700000A00000000000029
:105B300000000000696E666F00000000726573650A
:105B400074000000636F756E746572007365745F36
:105B50006368616E6E656C006C656176650000005F
:105B60007365745F74785F6F7074696F6E73000033
:105B700073746172745F656E657267795F73636178
:105B80006E0000007365745F6B657900756E7365F8
:105B9000745F6B6579000000666F726D0000000035
:105BA0007365745F74785F706F77657200000000D2
:105BB000706A6F696E00000072656D6F76655F6375
:105BC00068696C64000000006F74615F74617267E3
:105BD00065740000736C6176655F6C6973740000B6
:105BE0006F74615F73746172740000005B5445539D
:105BF000545D205374617274204F544120746F209F
:105C00006465766963655F6964202847424C206D4E
:105C1000757374206265207072652D6C6F616465A8
:105C20006420696E20534C4F5430290064657669B6
:105C300063655F69642028312D34291F000000004E
:105C40005072696E742072656769737465726564F9
:105C500020736C617665206C6973740053656C65A4
:105C60006374204F544120746172676574206279B7
:105C7000206465766963655F6964000052656D6FD5
:105C8000766520612073706563696669632073655A
:105C90006E736F72206368696C642066726F6D202A
:105CA000746865206C697374000000004D6F646552
:105CB0001F53686F72742041646472657373206F40
:105CC0006620746865206368696C6420746F207254
:105CD000656D6F76652E204E6F7420757365642038
:105CE0006966206C6F6E67206164647265737320EF
:105CF000697320676976656E1F4C6F6E672041641B
:105D00006472657373206F662074686520636869C8
:105D10006C6420746F2072656D6F76651F000000E3
:105D20005065726D6974206A6F696E20666F7220AB
:105D30006120676976656E2074696D652070657293
:105D4000696F642077697468206F7074696F6E6121
:105D50006C2073656C656374697665207061796C1D
:105D60006F6164004475726174696F6E1F4F707467
:105D7000696F6E616C204A6F696E207061796C6F1B
:105D800061641F00536574732074686520616E74CC
:105D9000656E6E61206F757470757420706F7765B5
:105DA000722E20546865207365636F6E64206F7077
:105DB00074696F6E616C20706172616D657465727B
:105DC0002063616E206265207573656420746F20A6
:105DD000736176652074686520545820706F77650C
:105DE000722061732064656661756C740000000048
:105DF000545820706F7765722076616C75652069E4
:105E00006E20302E312064426D2073746570731FD4
:105E100031202D20545820706F7765722070657284
:105E200073697374656E7420287361766564206984
:105E30006E20746F6B656E292C2030202D205458F5
:105E400020706F77657220766F6C6174696C651F66
:105E500000000000466F726D732061206E657477DC
:105E60006F726B004368616E6E656C1F4F70746972
:105E70006F6E616C2050414E2049441F00000000AD
:105E8000556E7365742063757272656E74207365E8
:105E9000637572697479206B6579000053657420AD
:105EA0007365637572697479206B65790000000011
:105EB0005365637572697479206B657920287369FD
:105EC0007A653A454D4245525F454E4352595054CA
:105ED000494F4E5F4B45595F53495A45291F0000B2
:105EE0005363616E2074686520656E657267792002
:105EF0006C6576656C206F6E2074686520676976C6
:105F0000656E206368616E6E656C00004368616E4B
:105F10006E656C2049441F4E756D626572206F6618
:105F20002073616D706C65731F00000053657420F1
:105F30005478206F7074696F6E73000053656375D9
:105F400072697479283078303129204D41432041DD
:105F5000636B283078303229204869676820507296
:105F6000696F2830783034291F000000466F72674F
:105F70006574207468652063757272656E74206E36
:105F80006574776F726B20616E64207265766572DE
:105F90007420746F20454D4245525F4E4F5F4E4511
:105FA00054574F524B00000053657420436F6E6E80
:105FB000656374206368616E6E656C004368616E32
:105FC0006E656C2049441F005072696E74206F75B5
:105FD00074207468652070617373656420737461E4
:105FE000636B20636F756E7465720000436F756E2E
:105FF00074657220747970651F00000052657365C6
:10600000742074686520686172647761726500004D
:106010004D43552049442C204E6574776F726B2098
:1060200073746174652C204E6F64652049442C2084
:1060300050414E2049442C204368616E6E656C20AF
:1060400049442C206574632E00000000345B02007C
:1060500008620200000000003C5B0200F8610200E0
:1060600000000000445B0200E86102000000000044
:106070004C5B0200D861020000000000585B020087
:10608000C861020000000000605B0200B86102000D
:1060900000000000705B0200A86102000000000028
:1060A000845B020098610200000000008C5B02002B
:1060B0008861020000000000985B02007861020025
:1060C00000000000A05B0200686102000000000008
:1060D000B05B02005861020000000000B85B0200E3
:1060E0004861020000000000C85B02003861020045
:1060F00000000000D45B02002861020000000000E4
:10610000E05B0200186102000000000000000000D7
:10611000000000000000000093E40100EC5B0200BE
:106120002C5C020000FF0000A5E40100405C0200BE
:1061300004660200FF000000392600005C5C0200DB
:106140002C5C020000FF0000792100007C5C020052
:10615000AC5C0200000117FF85200000205D0200FA
:10616000645D02000016FF00ED200000845D020067
:10617000F05D02000410FF00D11F0000545E020019
:10618000645E02000011FF00A1250000805E020095
:1061900004660200FF000000F12700009C5E020080
:1061A000B05E020007FF000031250000E05E020043
:1061B0000C5F02000000FF00C12400002C5F020001
:1061C0003C5F020000FF000085E401006C5F0200FC
:1061D00004660200FF00000061240000A85F0200C6
:1061E000BC5F020000FF0000CD250000C85F020078
:1061F000EC5F020000FF00008DE40100FC5F020084
:1062000004660200FF000000E921000010600200A7
:1062100004660200FF000000434C4920696E73745D
:10622000616E6365206578616D706C6500000000CB
:10623000050000000000000000C201000005000091
:1062400000100000000000000000000000000C0032
:106250001C00014040200020D55E0000495F000086
:1062600019E801002FE8010013E801004820002090
:10627000D5600000096100003D610000AFE8010049
:1062800071610000050000000000000040420F00A6
:1062900005010000000000000000000000000000F8
:1062A00013B779FAC925DDB7ADF3CFE0F1B614B86D
:1062B0000102000000000000FFFFFFFF04000000DB
:1062C00001000000000000000000000000000000CD
:1062D00000000000000000000000000000000000BE
:1062E00000000000000000000000000000000000AE
:1062F0000700000379E9010071E901004DE901009F
:106300001DE90100396800001FE90100096800006B
:106310002C0000000200000040787D010000000019
:10632000005A620200010000C0CF6A0002000000B3
:10633000809FD50002010000002D31010202000003
:106340000000000008091108010000000000000022
:10635000040000000100000008000000010000002F
:10636000100000000100000000010000010000001A
:10637000000800001D000000000200001D000000D9
:10638000000400001D000000000001001D000000CE
:106390000003010303030200000800FC0C64020078
:1063A00001000107B8630200000800F8C86302009A
:1063B000000000000000000083FFBFFFE2FFF1FFCC
:1063C000F9FFFEFF00000000C800FCFEF800C50A4F
:1063D000571EFBFF7B0095047C02FFFF4A00B602BC
:1063E00046DFFFFF2D00AD01412F00001C0007011B
:1063F000854700001200A700974600000B006700C9
:106400001A3C00000600220068230000C800FCFEC1
:10641000FC00D80A066CFBFF8800370518E2FEFF77
:1064200053000403F5E3FFFF3200B9019D43000070
:1064300029005701F85700001600D10058570000F6
:106440000E007C00D049000007002800172900003A
:1064500000000F400000000000040F400100000099
:1064600054686520617267756D656E74206973206C
:106470006E6F7420666F726D617474656420636FF3
:1064800072726563746C79004E6F20636F6D6D611D
:106490006E6420666F756E64000000004D6178695F
:1064A0006D756D206E756D626572206F662061720C
:1064B00067756D656E747320657863656564656482
:1064C00000000000496E636F727265637420617230
:1064D00067756D656E74207479706500496E636FC1
:1064E0007272656374206E756D626572206F6620CE
:1064F000617267756D656E7473000000556E6B6E2A
:106500006F776E206572726F720000003E2000008F
:1065100025730000756E6B6E6F776E0075696E7413
:106520003136000075696E7433320000696E74385C
:1065300000000000696E743136000000696E74332B
:1065400032000000737472696E670000686578003D
:1065500075696E74386F70740000000075696E7430
:1065600031366F707400000075696E7433326F706D
:1065700074000000696E74386F707400696E743155
:10658000366F707400000000696E7433326F70747F
:1065900000000000737472696E676F707400000011
:1065A0006865786F707400006164646974696F6E07
:1065B000616C000077696C646361726400000000C4
:1065C00067726F7570000000656E640075696E74A7
:1065D00038000000200000002A0000005B000000DE
:1065E0005D2000002E2E2E200000000068656C70DB
:1065F000000000000A25730A2573257300000000BF
:106600002573200800000000257320000001080702
:106610000F000A00C8002000A000010000000000D8
:10662000A00068010A200706020A04070000000013
:10663000000207000100000005000000000000004B
:106640000200000300000000AC6602009C6602002D
:10665000986602008C660200886602007C66020072
:1066600078660200746602006C660200FFFFFFFF9E
:10667000FFFFFFFF0000000000000000000000001E
:10668000000000000000000000000000FFFF00000C
:10669000FF00FF00FFFFFFFF000000000000000000
:1066A000000000000000000000000000FC030000EB
:1066B0000101010101100101010000000210040CA0
:1066C000020C0404080000000000000000010000AB
:1066D00000000000000000000000010100000000B8
:1066E00001000300040003009A00030003000300FC
:1066F0009000030010000300050003009100030058
:1067000092000300216E766D335F64656661756C7F
:106710007448616E646C652D3E63616368652E6FBD
:10672000766572666C6F77002F686F6D652F6C6D84
:10673000682F53696D706C696369747953747564FB
:10674000696F2F53444B732F6765636B6F5F73647F
:106750006B2F706C6174666F726D2F7365727669E2
:1067600063652F746F6B656E5F6D616E61676572D7
:106770002F7372632F736C5F746F6B656E5F6D61E7
:106780006E616765722E630066616C736500000060
:10679000736C5F746F6B656E5F7365745F64617457
:1067A00061000000736C5F746F6B656E5F6765748A
:1067B0005F64617461000000736C5F746F6B656E81
:1067C0005F696E69740000002F686F6D652F6C6DD6
:1067D000682F53696D706C6963697479537475645B
:1067E000696F2F53444B732F6765636B6F5F7364DF
:1067F0006B2F706C6174666F726D2F736572766942
:1068000063652F746F6B656E5F6D616E6167657236
:106810002F7372632F736C5F746F6B656E5F6D6146
:106820006E75666163747572696E672E6300000031
:10683000FFFFFFFFFFFFFFFF34B600002F686F6D03
:10684000652F6C6D682F53696D706C69636974791D
:1068500053747564696F2F53444B732F6765636B73
:106860006F5F73646B2F70726F746F636F6C2F66E2
:106870006C65782F6170702D6672616D65776F72CF
:106880006B2D636F6D6D6F6E2F6170705F667261DF
:106890006D65776F726B5F636F6D6D6F6E2E6300EA
:1068A00041535345525420696E2025733A25640D97
:1068B0000A0000002F686F6D652F6C6D682F53699B
:1068C0006D706C696369747953747564696F2F5363
:1068D000444B732F6765636B6F5F73646B2F7072CC
:1068E0006F746F636F6C2F666C65782F6170702D9D
:1068F0006672616D65776F726B2D636F6D6D6F6E14
:106900002F6170705F6672616D65776F726B5F7318
:106910006C6565702E6300002F686F6D652F6C6D60
:10692000682F53696D706C69636974795374756409
:10693000696F2F53444B732F6765636B6F5F73648D
:106940006B2F70726F746F636F6C2F666C65782F2E
:106950006F74612D756E69636173742D626F6F74EE
:106960006C6F616465722F6F74612D756E69636100
:1069700073742D626F6F746C6F616465722D7365D3
:10698000727665722F6F74612D756E6963617374B1
:106990002D626F6F746C6F616465722D73657276B2
:1069A00065722E6300000000A00F000003000000CD
:1069B0000D0A5B4153534552543A25733A25645DA1
:1069C0000D0A0000505341004B455900666E692B7B
:1069D00000000000666E69006E616E00666E692DD3
:1069E0000000000000000000000000000000F03F78
:1069F000000000000000244000000000000059409A
:106A00000000000000408F40000000000088C340EC
:106A100000000000006AF8400000000080842E4161
:106A200000000000D01263410000000084D79741AD
:106A30000000000065CDCD412E2E2F2E2E2F737419
:106A400061636B2F6D61632F6672657175656E632F
:106A5000792D686F7070696E672E630041535345DE
:106A6000525420696E2025733A25640D0A002E2E9B
:106A70002F2E2E2F737461636B2F6E6574776F7278
:106A80006B2F706172656E742D737570706F727498
:106A90002E63002E2E2F2E2E2F737461636B2F6E9C
:106AA0006574776F726B2F696E6469726563742D9C
:106AB00071756575652E63002E2E2F2E2E2F737423
:106AC00061636B2F6E6574776F726B2F6368696C8F
:106AD000642D7461626C652E63002E2E2F2E2E2F76
:106AE000737461636B2F6E6574776F726B2F636F56
:106AF0006F7264696E61746F722D737570706F72EE
:106B0000742E63002E2E2F2E2E2F737461636B2F25
:106B1000636F72652F737461636B2E6300000000F6
:106B2000DC490020711A0000004A0020352B0100CA
:106B3000384A002059360100804900206D1C0100B0
:106B400088490020FD1B0100B4490020F91F010005
:106B500078490020391801003849002061ED000013
:106B600040490020A1E60000304900208DF00000DF
:106B700048490020ADE200000000000000000000D5
:106B80002E2E2F2E2E2F737461636B2F6672616D04
:106B900065776F726B2F6576656E742D636F6E749B
:106BA000726F6C2E6300756E636C61696D65640055
:106BB0002E2E2F2E2E2F2E2E2F2E2E2F7574696CEB
:106BC0002F73696C69636F6E5F6C6162732F736999
:106BD0006C6162735F636F72652F62756666657262
:106BE0005F6D616E616765722F6275666665722D95
:106BF0006D616E6167656D656E742E6300746169A9
:106C00006C20213D204E554C4C5F42554646455226
:106C1000002E2E2F2E2E2F2E2E2F2E2E2F757469F6
:106C20006C2F73696C69636F6E5F6C6162732F7335
:106C3000696C6162735F636F72652F62756666650A
:106C4000725F6D616E616765722F627566666572EF
:106C50002D71756575652E63006E65787420213D14
:106C6000207461696C00736C695F6C65676163793E
:106C70005F6275666665725F6D616E616765725FA2
:106C8000636F70795F66726F6D5F67656E6572695D
:106C9000635F717565756500ED1D000071E30100AE
:106CA00075E2000095EF0000F9F600000DE201002A
:106CB0001D38010035230100D3020200000000004E
:106CC0002E2E2F2E2E2F737461636B2F6672616DC3
:106CD00065776F726B2F627974652D7574696C6955
:106CE000746965732E63002E2E2F2E2E2F73746100
:106CF000636B2F6E6574776F726B2F6E6574776F31
:106D0000726B2E63002E2E2F2E2E2F737461636BE9
:106D10002F6E6574776F726B2F6173736F63696128
:106D200074696F6E2E630073696C6162732D636F9B
:106D30006E6E6563742E2E2F2E2E2F737461636B0F
:106D40002F6D61632F6C6F7765722D6D61632D728E
:106D500061696C2D3830322E31352E342E630000AF
:106D600000000000640000001900000000000000A6
:106D7000010000000A0000000100000000003200D5
:106D80003200640064009600C800C8002C010000B6
:106D900032003200640064009600C800C8002C0174
:106DA0006400C80090012003B00440066009100E82
:106DB000000032006400C800900158022003B004B3
:106DC00008070000190032006400C8002C0190017F
:106DD0005802840300000D00190032006400960080
:106DE000C8002C01C2010000FFFFFFFFFFFFFFFFF3
:106DF000FFFFFFFFFFFFFFFF2E2E2F2E2E2F73749E
:106E000061636B2F6D61632F75707065722D6D619D
:106E1000632E63002E2E2F2E2E2F737461636B2F23
:106E20006D61632F7363616E2E63002E2E2F2E2EE5
:106E30002F737461636B2F73656375726974792F37
:106E400073656375726974792D6170692D6164640D
:106E5000726573732D6D617070696E672E63002E9D
:106E60002E2F2E2E2F737461636B2F6672616D65EA
:106E7000776F726B2F636F756E746572732E63001C
:106E800002020300000000002DA90100E5A8010096
:106E9000F1A80100C5A901006D2D0200B123020077
:106EA000B5230200C1230200B9230200BD23020062
:106EB000000000004801000060220020FFFFFFFFEB
:106EC000FFFFFFFFFFFFFFFFFFFFFFFF00000208C4
:106ED00000000000FFFFFFFFFFFFFFFFFFFFFFFFBE
:106EE00000000000000000000000000000000000A2
:106EF00000000000000000005241494C000000006A
:106F0000A0000000E95C010050000000C95D010024
:106F1000A8230020FA04FA000033330A0A0A030403
:106F200004080808080808400021000000000000CC
:106F3000000000000000000100000101000101014B
:106F40000000000000000000A806000048704C0D82
:106F50004470D80C307064123C70AE163870340D2A
:106F600034705A0D30700A0F2C700A0F2870DC1024
:106F70002470F41020703E0D1C7080111870F211F6
:106F800014703A0DB110076001D80A7108B87F7803
:106F9000020C7E78641000C6A01F00218CB87078A7
:106FA00001B007680F305CB30F330111C048069879
:106FB0004A022FB006D80C7109DD087100B853A839
:106FC00009BB11100768016821480760041001120D
:106FD000FF3221500760514807600088069844132B
:106FE00000C4401F002103DD087214BA281400A059
:106FF00000BA03DF107109DF0672029860058CB8D1
:10700000507800A04413281441158110076002D85D
:107010001471108806982E1800C00C70084006984D
:107020007C1A0091069860020060B83020D8067182
:1070300090BC637C784D5412F03240DE04724048BC
:1070400004DB08720DDD0C72044BEF301448069817
:10705000FC0600C4E01008404412076201322140DF
:10706000084C287C811140D91C72B1123032CF4AB1
:10707000013AB1DA107208D8067104D80871B04C20
:10708000237C4070684C4412FF328722047580B81C
:10709000D84C81D8327140D90472237C084B0698B1
:1070A000FC0604BA88B9767900C1186008403579C1
:1070B000E049007906B904A901D86E72227CBC4C63
:1070C000307C0298320208D83C7100C14C00084064
:1070D000141110D93071104C00C114000840141163
:1070E0001814076100C5206008405415FF3504716D
:1070F00010491814A84C4412076201320671029814
:107100001201B84C08D80C7107BA24D8047106BA19
:10711000187004D80C7101BA40D80E7102BA0A7006
:1071200005BA20D8047203BA227C604C4411404C4A
:10713000181407611814911138311142911107691F
:1071400010D90472EF3200C10060084014111031F0
:10715000016911422814A111076118140698621AD6
:10716000181400C10060084014110769FF31181499
:1071700000C13C30084014111814076118143088FD
:1071800002480698C005009308DB047101F800A0CE
:107190005CB00F3000A01088B111076980D90A7166
:1071A00000C1800008400811009100A000C4000147
:1071B0000840441000A000C020300E40041104100C
:1071C0001050F47200A0541550451271069806072D
:1071D0000698960618B8707800B84178069840036B
:1071E00090BA5B7A5C7A5D7A00C21850084024122B
:1071F00000C1501F002128110698381820880088E7
:1072000000C5441F002154155112FF350762FF329B
:1072100006986A02015951290475115900902129D3
:107220002075069886040698A2040698FA02009231
:1072300003D80C728111076102D90472FF0FBA7072
:1072400018B8727800F804D842710088308800C0FD
:10725000FC1F0021041000C1501F00211412012A3C
:10726000215A00C3185008403413312A1A7500C03F
:107270000060084004100730FE200C76381108B872
:107280007F78020C7E780093009000A000C0F41F6D
:107290000021041000BB1DB400A000C1DC1F0021B0
:1072A00014111088FF3100C5FFFF00003112076282
:1072B0000762513A513B0E720698720C1159011235
:1072C00001131E703114008831100698720C115988
:1072D000415C41280698740C513801130090012B31
:1072E00000902088076001140760FF30215D411283
:1072F00007620762312D0876FF34415C4128015D49
:1073000031100698740CFF303088011300C0E01F64
:1073100000210410512B0C76076801150768FF3512
:107320006070315BFF32212B0C750760011507601F
:10733000FF354E7000C5E41F002154150765076531
:107340005112FF35FF30012B087521100760327094
:1073500021100768FF30012B0A75211007600760B4
:10736000207000C2E81F002124122110076007606E
:10737000FF30012B08752110076806702110076087
:10738000FF300093009200C10060084014142C49A3
:107390000734FE242A761415F0BC076C513C0768AC
:1073A00003680154107100C4FF0FFFFF513C0144FA
:1073B0004811311200C5E81F00215415FF3507623E
:1073C00007622143544914122155FF3551522811A7
:1073D00000A001D81871008800C004700840041093
:1073E0008020FF30067106984E03009000A002D85E
:1073F000047200A00088069896061DB428B9112CC6
:10740000408800C3EC1F0021341440445A714413D7
:1074100006982005411500C00060084004100730A0
:10742000FD20447500C20870084024100760FF303A
:1074300080DC34710698AE0C01591C4A2410076098
:107440000260FF300698AE0C0158B2200129541397
:1074500031100698AE0C11280A75042554155045B4
:10746000EE72069820050094009000A07FB9066196
:1074700000C01C60084006984A1304155153113B84
:107480003155581002984413EBBD00C0401F002135
:107490000411113D10D91271FF33076B00C19040E8
:1074A0000846381118B97479581000A0069860027F
:1074B0008024E4240D300472044800C11C510840AB
:1074C000141100C3DC1E0021911504351A72181323
:1074D00088BB08D804716C7B04D804716A7B8CBBB0
:1074E0002F7C5B7B16703C4B181388BB08D804714B
:1074F0006F7B04D804716D7B217C0C300160069891
:1075000082060698680B0698320700B8B111076921
:1075100040D906720298660601BC00C200600840AD
:1075200000DC0A7124150165604A0A701C4A2415A2
:1075300007657C4A043508D920712024512A241279
:1075400000C180000840320C281107622811076230
:10755000281107622811500C00C1381F0021141295
:1075600000DC1A7120D8067101B80C70F0DA0C72C8
:107570000CDB087102B806988A06482404491411E5
:1075800000C380000840FFB801201141087101418B
:1075900018130824014200C12000084014110141C1
:1075A000036D514191152035016D51411813281378
:1075B000481300C37C000840341003D80C71073016
:1075C00005DC0671084B227B8CB8507800B800C1EE
:1075D000381F0021141203682150F0300152281185
:1075E00000A04024066400C0FFFF0100013C1DB064
:1075F00002200158402806751EAC01EC00A020882E
:1076000000C01850084004121DB421130412305257
:10761000F871066C402400C3741F0021341014114B
:107620000698C00C0669009211592129067600BB04
:1076300011590698960C80B80158013A0662313B00
:107640000472215A412A00A000C200010840317A88
:1076500000A0308880B9076900C30000C0FF311066
:10766000312800BC002D0C7511541EAC01EC312DDD
:10767000F470066C51134155312C009300A000C0EA
:1076800028400E400413315107610C310769115332
:10769000381000A006984A0800C0F41F0021041109
:1076A00006983207217A237A00C30000100006985A
:1076B000720700C0581F00211DB1181000A000C0A3
:1076C000541F00211DB1181000C09C1F0021041080
:1076D000002D067500B826A80698060700C09C1F56
:1076E00000210410012C06750698960628B010B9E2
:1076F000115911380EB9114028A880B800C1443082
:107700000840081100C1F01F00211410303B067121
:107710000760076000C40830084044111150FF3072
:10772000015118146FB8076826A8217A050C21109A
:107730002048267800C063EF0000314026A8050CE1
:1077400020ECB11140D90872247A20EC217A184833
:1077500026A828B00AB901510F31115028A8050CEC
:10776000207A20EC0F0C98B84678417806986A0287
:1077700000C2441F002124100151FF311150081292
:1077800000A006984A0800B826A800C05C1F002187
:107790001DB1181000A030B840780DB101D9FC72AD
:1077A000427800C074300E4004114CBA407A181070
:1077B000144804115C7A1810A4BB707B4E7B4F7B7D
:1077C00000C20430084000A006984A08217A227AB4
:1077D00000BB0698720700C0681F00211DB1181079
:1077E000A4BB00C040300E4004110331014928728F
:1077F000B112076207623048041121510F3118722B
:107800006E7B6F7B104804114CBA7C7A18101448B8
:107810000411607A1810B11002D81071707B30B862
:10782000627860780DB001D8FC7100C0F860084043
:10783000041101D90C7100C01800084002B91810D9
:1078400008B86E780EB84EB110D90C723EA8140C60
:107850000FB83EA8107044A8140C01B800C1B03095
:107860000E40081100C077801F003DB201423DAAC2
:1078700000C0FFFFFFFC013A3DAA140C00C077E0F6
:107880001F0001423DAAFFB845207D7808B87E78E8
:1078900000C124600840141107610631087100B965
:1078A00006985A1006984A13B11101D90E7106981C
:1078B000881A02D906720698AE0B06984413511422
:1078C00006989606F4B845780A0C00C0641F00219B
:1078D0001DB1181002983410FFB845205D7803B828
:1078E000076044A83EA800C1B0300E40081110B88F
:1078F00007683DB101393DA908B86F7800A046A8D6
:1079000000C0FFFF0000013B076356AB94BA437A07
:1079100001D91471013C47B300C0FE20FFFF013BB9
:10792000314447AC637AFFB82120407802D9047112
:10793000607800A0C8BC066C415C512C06750698A6
:10794000960606986E0DB110076805D8347140BAD6
:1079500006981A1308B86578911004D8187188B879
:107960006E78577800C0640008402178069882102D
:1079700001400A728CB84278069856130298400B60
:1079800008B86C7820B859785B7800C0F44008409B
:107990007878797800C1C81F0021141040A81849D0
:1079A00014130449408814140C4914118112076AF5
:1079B000006A01DA187188B8577800C0CC1F00211E
:1079C0000410016107630763076407640698B2093E
:1079D00000944EB010D842724DB161B801581138C0
:1079E00040B102D90A72604804BB41540870204873
:1079F00002BB02BC4DA8F8B87078190C3EB14141E9
:107A00003EA9F4B973797378717800C4F8400840DE
:107A100000C200410840227000C20000010044AAD8
:107A2000230C00C200000B0044AA00C4104108400F
:107A300000C21841084004BB587C050C597C0C243A
:107A40000F0C2FAB050CB11008D81471647A657A4D
:107A50001CB879787B7820B879787B78607CF424BE
:107A600041130698FC065114404406750698960684
:107A7000727BFFB84D20050C687840EC00C0601F99
:107A800000211DB11810911004D8147100C0BC1E43
:107A90000021041080D806711CB8737800F818B85B
:107AA00000C1D81E002100C218500840241228111D
:107AB000767800F800C0B8600840041107610761DB
:107AC00080D9047240EC00C4F84008404EB010D891
:107AD0000471182441130C23527C407B11512FA9AF
:107AE000050C797C0A0C00C0000001020814787CA7
:107AF000050C507C08B86D7800A000C028700840C4
:107B00000411108800C100180040181044480411E6
:107B1000108878480411108800884CBA757A1810BB
:107B20003DB11088F4B842784420727828487378C0
:107B3000F8B873784FB200C4FFFF8080413A4FAA73
:107B400001BC01644113076300C06C70084003B9B5
:107B500018100110011001B91810011001100110C6
:107B6000011068480411076101B80160003A04710E
:107B7000044904D9047241520760003A047108496B
:107B800008D9047231520460003B0E720063006435
:107B9000314241424FAAB2704FAAF8B85378182028
:107BA00053782848527800913DA900900091181010
:107BB00000917848181000914448181000A01159FD
:107BC00010D906710760076008D90471076004D9ED
:107BD0000471036002D90471016001D9047100606D
:107BE00000A000BA01D806710148112A006900609E
:107BF00001D8F6720138F67200A08020FF30FF48ED
:107C0000812000A000C218500840241211592129D7
:107C1000127300210E7100C230500840241201215D
:107C2000212900A006984A0888B8577800C57C1F0B
:107C300000215088044D88BC00C0C81E002181115D
:107C400001D91E71407C00950115044D50881C4DD2
:107C5000FFBB076B315B04110698B80C3129F8752E
:107C60000698761954150698881A01D9087206984C
:107C70007C0806700698DE0888BB547B009500F8E7
:107C800006988C090E700698680B06988C09069861
:107C90006011069836089112211900C0246008402E
:107CA0000A78097800F810B901BA069810130698F6
:107CB000341000C57C1F002100F89112033288B9EE
:107CC00000C3BC1E0021341300C4A81008408CB8A7
:107CD0004278707903DE067144786E707179A11074
:107CE00020D806710298160F80DB507102D84C72B2
:107CF00005B830880763076302DB2A7100C3AC0054
:107D000008403413066380DB0472804800C31020EF
:107D100008403413315B0472404831283128026036
:107D20000814076800930814A110103002480814C2
:107D300000B808149110076008148CB86278A1107C
:107D400000DC0676517900BA80DB587100C0000073
:107D50000200003B4E7150884110344803DE04712C
:107D60009048041508200411F82058101C20217890
:107D70000698AE0E00C0A40008400E7810D91C7101
:107D800051451A7100C53400084407B8081500C5EC
:107D90003400084604B8081504702E780698741646
:107DA0000095911120310269911004D80E7200C122
:107DB0004C1F0021141101D90A71208806985A100D
:107DC000009200C1180008400533054B1872184C8A
:107DD00003DE0471904C441400C3FF1F0000413BBC
:107DE000FF233811B849076A0698A20E044908799A
:107DF000097914102140081100A000C55400084062
:107E0000541551455071108800C13400084407B81A
:107E1000081101B83088076B40DB247100C0370CB3
:107E200000000811364800C5D01E0021541102D9A7
:107E30000E72104801D9087100C01104000000C181
:107E400034000846081100C13400084014153035CC
:107E50000093009100A000BD0698440210B903DC15
:107E6000047100B901BA0698101302D906710040D6
:107E70004E7201B107690F3106988210FFD828723F
:107E8000811008D8187106DD0A710698440203DCD7
:107E90000C720698C810069856130C7006DD107107
:107EA0000698CE10487020B802A806DD1072069819
:107EB0008C090698360801F840B802A800F800C0FE
:107EC000BC1E00210413076301DB22719110011114
:107ED000076911388CB910D8087144790298160FC7
:107EE00002DBFA72A11328DBF47203BD0698281096
:107EF00006988C098CBA7F7A0698FC0600C5801F0C
:107F000000210698440200BA03DC3272044DA1102D
:107F100002D804710C4D00C014000840041002681F
:107F200000C3701F002134111128FC23341106985E
:107F3000960C00C10C5108400698B2065415212D2C
:107F400000C0F8600840041101D9227100C03C1F34
:107F500000210410033001DC147200C0140008403A
:107F60000411FD21087602BA076A212D06984807F8
:107F70000298E8099110015503355150011900A0EC
:107F800000C1481F0021141001D842710148076048
:107F9000FE200E75811020D8087100C14C1F0021F1
:107FA000141101D9287100C0246008400412215125
:107FB00007610F3107691152281000C000600840A6
:107FC00004119112215120311152211900A0811365
:107FD00080DB067201B800A000C30C5008403410CA
:107FE000063030727C4B34122C4B34100760076023
:107FF00040302072811080D8DC713410014A076251
:108000000360803021508C480A717F23552334103F
:10801000013000A000BD0698281088B84778457840
:10802000437800B8447800A006988C090698C810D8
:1080300000C58C1F00215415069848070298E809CE
:1080400000C374000840027B06984A1350BA069891
:108050001A1306988210FFD84A71911004D84872FA
:10806000811007601CD8407220D938721112FF327B
:108070002151347180218021111400C0E41E00219F
:108080000413FFBA3151113A215111538CB93810F0
:108090007B7940440E7200B900C2C41E0021181240
:1080A000067008B860780698441300F800B900C25A
:1080B0009C1008401812244A0AB9181288BA507A3B
:1080C000517A577A8CB942795F7900A006984402B8
:1080D00007DC1072911000200A7506986011029852
:1080E000660D0698360801B9911004D8047100B9DC
:1080F00010BA0698101300BA00402A7100C0BC1EC6
:1081000000210411076101D9127104D9E2728110B2
:10811000076001D8DA718CB8647800C11C5108403E
:108120000698B2060698601100C5901F00215415EC
:10813000212D06987C0800C5941F002100F800BC82
:10814000811108D9167280D9207201B910BA069827
:10815000101300400E7101BC10700698C8100698EC
:10816000561320B802A800F8069860118111023158
:10817000127100B900C20C1008401812244A02B94A
:1081800018120698C81000C5981F002154150698AB
:10819000001A0298E80904110121147188BA737A4F
:1081A000042004122811042004110121F47200A0FB
:1081B0000698FC0601F8911010D834710698400317
:1081C000069886040698A20400C51C510840541164
:1081D0000698B80C00C5D41E002154155129E2752B
:1081E00018B875788CB8447801B802A800F8B110B6
:1081F000076810D82E7100C04810084000C3000066
:1082000008403114884C44113411076101D9FA71C6
:1082100044122810076228100762281007622810ED
:10822000E87000C1BC1E0021141080D82C7100C160
:108230005400084014111141207100C10000024097
:108240001038167100C03400084407B9181000C077
:108250003400084601B9181002987A0206986002A4
:1082600011380472016A00BB00C1E41E0021141120
:1082700020390C72911210DA0672417B00A0069828
:108280004A1300C2BC1E0021241220DA0472617B52
:1082900088BA527A00A088BA727A811204DAFC7223
:1082A00000A088B86B78577800C0640008402F7829
:1082B00000A006986E100763076390B9637900B950
:1082C00002DB36713112076240DA2E7200C25400AE
:1082D000084024100140227202EC00C909B801D9FB
:1082E000507200C2AC0008400E7A10D904722E7A87
:1082F00006987416E031076102EC00CD114502ECDE
:1083000000CC01DB087100BB0298CA1703B8411109
:108310000731FA211C760621911210DA087102DD6C
:1083200010721E7020B80698720C3038147208B89B
:108330000698820600C0240008402978207800F8BA
:10834000046020D8067102982C1502EC00CA05B80A
:1083500023DA187104DBDA7120DAD67110DAD272FE
:1083600090B8617800B801DA067202EC00C8911189
:1083700010D9267100C1CC1E002114111150FF30FC
:108380000C720661A110115002300A7180DB0A7272
:108390000AB89E708CB97C7907689111114021113F
:1083A000C0311140011990B8411108D904716678A3
:1083B00020D904726578A11002D80672C0DA1E7145
:1083C00090B8273123DD087210DB1072607825DD4C
:1083D0000A7121DD087208DB0471627803B841116B
:1083E00007310872A1152035AA7102DD3272A11180
:1083F00020D9A07102D92872CCDA9872411140D9E3
:10840000927206B802DB1071046500C110200840AA
:108410001411112D112D054D5C720298BA13211102
:108420004049C0D94E71A0314115403501655141D7
:108430000361076308DA1E7204DA38721049A11565
:108440000235067110DB0E7201340A7108DB2471EB
:1084500090B86778CC3211101A300ADC0872CCDE82
:108460000471FD3100C00D0F0C0D0698740C01D87D
:10847000607207B80298E41300BA411108D90C7170
:1084800002EC00CA05B830DAEC720734F031026150
:1084900001DA0471014900C0F300A3E30698740CEB
:1084A00001D8D07100C0981440680698740C403010
:1084B000014440DA0471204C04320162204A111058
:1084C0000630006801421831026911420298021414
:1084D000204A00C0051708500698740C113001425C
:1084E0002088FFBB0DDA507100C1DE1B250180BC66
:1084F00004DA107208DA0A7200C120841000E02445
:10850000A02407634143016401DA06711E49024B4E
:1085100000C02C1F002107633810BC2002DA127142
:1085200001B91159A11380DB087100C100FCFF01E2
:1085300018100298561700C4BC1E0021441080D8A1
:108540007C710092D0DA06710DDA0C7190BD437D1A
:10855000EFBD06983E0503620DDA8672A11105D9BA
:108560005C7100C23810084024120C24281401D970
:10857000067202D9327140D91E7102EC00CA211074
:1085800018320471FA2220D804720822FE220875DB
:1085900002EC00C8F87001D90E7102EC00C802D9D3
:1085A000067204DC187200C0BC1E002104100268B0
:1085B00001D8067190B8647818B873780298CA1711
:1085C00000C50020084000C00417000008D904724C
:1085D0000A480815104D00B808D90472FF20081584
:1085E000084D00C00884000008D9087200C020832C
:1085F000B8ED0815104D207D00A000B8011A00C08C
:1086000074000840027891101030011905BA0698DC
:108610001A1302D9067101B802A800C0BC1E0021BD
:10862000041380DB0671029866138CBA7C7A01DB36
:108630006C7100C2301F002124111114FF3402ECB0
:1086400000C8FF24FA7607610698820C036111388E
:108650000F3003611114011141100698820C01D8EA
:10866000087203B80298E413044A02DB2471241050
:10867000112811280412023006710762076200C037
:10868000FFFF0000213800C218000840FF20081238
:10869000411007600698820C01D87C7120BC103311
:1086A000767100BB00C12C1F00211415C021112CB4
:1086B0005112076A0F320E71408851140698FA174A
:1086C0004143009451120765036A0F320E71411144
:1086D00051140698FA17036C41430765513B00C1DA
:1086E000E81E00211411111231100F30127100BA5E
:1086F000046101D80471114200600FD8F472311086
:1087000002601E30047201B8003A087204B8029880
:10871000E4130298EA1500C0381F002104110F313C
:1087200003DD1A7200C000600840041007D80E7202
:1087300000C01040084004B9181000F806986E10E8
:1087400006983C0500F830885088FF34087102EC28
:10875000FF24F87002EC00CD141001BB5150FFD87B
:10876000047131440760006B10DBF2710421FF22B9
:10877000E4720F4C0095009300A000C1C01E0021C0
:10878000141100A030880698381A8111076102D9A7
:1087900006720298141988BB557B076120D90671AF
:1087A000029804190088A110076806982E1808215D
:1087B0001415FC2590BB5C7B5D7B00C1006008400C
:1087C00014110731FE21307608D82A725113FC2388
:1087D000341304DB2071076BFF33315B00C1087079
:1087E00008401411076180490C71FF31302954751C
:1087F00090BB7B7B10707B7B7C7B00DD04717D7B81
:1088000001BB3815EC25541300DF5471042505DF36
:1088100054715415211120880698B80C00925129E2
:108820003E7500C100600840141102DB0C71073175
:10883000315B31292A760C7004DF0872006180D91F
:108840001E7206982E1800C00870084006987C1A00
:1088500006982E181411FFD9607202985A190090C8
:10886000009300A05415A111076910D9A67208251C
:1088700008D8A071082510D89A712088211106986F
:10888000B80CFC255412112AF82554110C2520D8B7
:108890000871F02554111025202904762159181546
:1088A00000920298C61818B97179811010D80A710F
:1088B00088B8447800B8417888B9747908B967797C
:1088C00000F88110A0D8087188B9497900A0076024
:1088D00002D8FA7106982E18108806984A13076273
:1088E000076210DA087108211415F025541100C22E
:1088F0000020FEFF202912750698881A01D90A72F5
:1089000006988C090698360800941CBB41100C2070
:1089100006984A1241110821141006984A1231286B
:10892000441111120761FF31FF32012210521072FF
:108930000769181404244413042438140C700769BC
:108940002141181408240814029844134044147157
:1089500000C1C41E002114155113036B0FDB0C72F0
:10896000066D06980607411500A006983608069879
:108970004A1308BB51140698C0194415FC25541518
:108980000298480788B900C3BC1E0021341307634E
:1089900008DB1A718113A0DB0671497910706979BF
:1089A000076302DB087208B9677900F800A081113B
:1089B000076102D9107188B9757906982E181411BB
:1089C000FF3100A0FFB900A0041008211411F42108
:1089D000081100A081110761076110310E7106981E
:1089E0002E1808211411F821141100A0010203000F
:1089F0000600070A00000E0000000F001A00000029
:108A000000001B00088A0200C48A02000000000067
:108A1000208A0200010000000000000000000000A9
:108A2000448A02004063598F404B4C000B000B00FE
:108A30001A00FF7F24210020000000000000000039
:108A400000000000F81F0101688C0200DC1F040117
:108A50000200620609C805780704DC0678070607E5
:108A6000F41F010101000000FC1F010100000000D3
:108A70003800020000000000000000002C6002002E
:108A80000050010F40B80040786001005063820B35
:108A9000E8600100590B00001470011000F8070095
:108AA00014700130F500000018700100001800007B
:108AB00070700300030101000F9C030006E04900F1
:108AC000FFFFFFFFF01F01013F003700040002001D
:108AD000018014007F000000180002000000000068
:108AE000000000002800040000000000000000005A
:108AF000000000000000000040000100A00700008E
:108B000048000100000000005400020000000000C6
:108B100000000000A000040000400000FF4C000026
:108B200000410000FF4D000000200100040700008C
:108B3000102001000000000018200100088400003F
:108B40000830010013AC000130300200244910004D
:108B5000010000004030010000000000A0400100C2
:108B60007A27000FB840010000C0A300F4400100C4
:108B7000201000003441020080080000E687000059
:108B8000404102006D008800C0E6524D6041040083
:108B900000000000000000000600000006000000C9
:108BA000146006001000000020F913040B0072008E
:108BB00060700000008000000000000350600600AC
:108BC000FC0069004108000001000000B007070038
:108BD000700A0000000000007C600B009BC34A7418
:108BE000F003000003800000BE0A00000101103005
:108BF00050707F7F000000000000000000000000B7
:108C00000000000000000000E46001008000D78B3D
:108C1000EC600500640483078813C83A9C200600B2
:108C200000612000B756852004610300383E120021
:108C30002030000088BB000020610100001E000001
:108C40001C70050060000505030050AB82000000A9
:108C500000008001D5000000487002003C3D00008B
:108C6000BC190000FFFFFFFF0D000000D7540300F8
:108C700000000000BC8C0200B48C02000000000068
:108C8000001A9A00005A620280841E00042000002C
:108C90002449000200000000000000000000000065
:108CA0000000000000000000D1841E000000000051
:108CB00000000000ED17000000000000193F010651
:108CC0000410010000010106001027000009000047
:108CD0000000000000002C2066756E6374696F6EE2
:108CE0003A2000617373657274696F6E2022257378
:108CF00022206661696C65643A2066696C65202291
:108D00002573222C206C696E6520256425732573DC
:108D10000A00002020202020202020202828282889
:108D2000282020202020202020202020202020203B
:108D3000202020881010101010101010101010108B
:108D4000101010040404040404040404041010109B
:108D50001010101041414141414101010101010147
:108D600001010101010101010101010101011010D5
:108D7000101010104242424242420202020202021B
:108D800002020202020202020202020202021010A7
:108D90001010200000000000000000000000000093
:108DA00000000000000000000000000000000000C3
:108DB00000000000000000000000000000000000B3
:108DC00000000000000000000000000000000000A3
:108DD0000000000000000000000000000000000093
:108DE0000000000000000000000000000000000083
:108DF0000000000000000000000000000000000073
:108E00000000000000000000000000000000000062
:108E1000000000232D302B2000686C4C0065666735
:108E200045464700303132333435363738394142E0
:108E300043444546003031323334353637383961B2
:108E40006263646566002E2E2F2E2E2F737461636D
:108E50006B2F73656375726974792F7365637572AF
:108E60006974792D636F6D6D6F6E2E630000000065
:088E7000C090FD7F010000002D
:0C8E7800848E0200002000207F0000001B
:108E8400AAAAAAAAAAAAAAAAAAAAAAAAAAAAAAAA3E
:108E9400001000008058020000000000FFFFFFFFE8
:108EA4000000000000000000000000004C60020010
:108EB400502600208029002002000000B155000047
:108EC400000000000506020005040100C0EA2101BB
:108ED400C0EA21010080000000F049026050002037
:108EE4006420002000700F0000900000302D00204E
:108EF400C8000000FE00000000000000F462020050
:108F040000220020C0EA21010600E40C0A0000004F
:108F14000000E40C0A0000003F00000043010200CE
:108F24003C000000401F0000C83500202835002008
:108F34000836002088360020100E0000C8370020B4
:108F44007F330200A66B0200FFFFFFFFFFFF03FF5A
:108F5400050E000000000000F84900200000000099
:108F640000080808080C0C0C180000003724020044
:108F7400B06E0200FFFFFFFFF9280200F52802008F
:108F8400FFFFFFFF6D7D0100FFFFFFFFFFFFFFFFFE
:108F9400FFFFFFFFFFFFFFFFFD980100FFFFFFFF43
:108FA400A52C0200FFFFFFFF00000000302100207D
:108FB40000000000F44D00205C4E0020C44E002050
:108FC400000000000000000000000000000000009D
:108FD400000000000000000000000000000000008D
:108FE400000000000000000000000000000000007D
:108FF400000000000000000000000000000000006D
:1090040003000000F44D0020FFFFFFFFFFFFFFFF00
:109014005802010064003C000F0014009001090094
:10902400CEFAEFBEFFFFFFFF0100FEFFFFFFFFFFD1
:109034000100FFFFFFFF0E000000000004F8FFFF27
:10904400AAFF031F040101010410100803BF19FF44
:10905400010301FF0EFE01FF0500000030BF4223A3
:10906400013BFDD1024B5B6813F0805FFAD170477E
:0C90740000300E400D1F0000E51E000043
:040000030000596937
:00000001FF
